t_s,VS_V,GATE_V,VPROT_V,Q1_channel_A,Q2_gate_V,ENABLE_V
0.000000000000000000e+00,-5.957857172996778933e-56,-1.253048197102869731e-45,5.490726845474130529e-49,-2.492696191056085250e-53,1.022614391402085145e-56,0.000000000000000000e+00
2.000000000000000042e-08,-8.523329632766992774e-55,-1.253047372030390436e-45,5.490727208183063692e-49,-2.492742339576101277e-53,2.801533583292931963e-50,0.000000000000000000e+00
4.000000000000000084e-08,-1.768938173248599933e-54,-1.253046406118957326e-45,5.490727636803308535e-49,-2.487918009212092205e-53,4.468317313549368588e-50,0.000000000000000000e+00
8.000000000000000167e-08,-3.719267724531562438e-54,-1.253044289354205161e-45,5.490728580546965665e-49,-2.487160419332165390e-53,6.310894776532735791e-50,0.000000000000000000e+00
1.600000000000000033e-07,-7.557773672364449109e-54,-1.253039721267789057e-45,5.490730624524340286e-49,-2.486789901002521537e-53,7.303601384421811749e-50,0.000000000000000000e+00
3.200000000000000067e-07,-1.393017230069215503e-53,-1.253030348687003626e-45,5.490734823092709794e-49,-2.486851991137456397e-53,7.397890806812659072e-50,0.000000000000000000e+00
6.400000000000000134e-07,-2.225843661940622094e-53,-1.253011591606633020e-45,5.490743225920113693e-49,-2.486983576795506771e-53,7.524475366107500385e-50,0.000000000000000000e+00
1.280000000000000027e-06,-2.971431585910536184e-53,-1.252974119573655067e-45,5.490760012109907033e-49,-2.487036106823221016e-53,8.172632627869939914e-50,0.000000000000000000e+00
2.560000000000000054e-06,-3.288815693166315824e-53,-1.252899178169268483e-45,5.490793583546158435e-49,-2.487060189892346339e-53,9.503378185760146610e-50,0.000000000000000000e+00
4.560000000000000387e-06,-3.244675704553228344e-53,-1.252782087612543867e-45,5.490846036518229209e-49,-2.487081828483282827e-53,1.145483613687923642e-49,0.000000000000000000e+00
6.559999999999999873e-06,-3.202310599369396820e-53,-1.252665011690894066e-45,5.490898482620812779e-49,-2.487104624166122542e-53,1.327132222955515559e-49,0.000000000000000000e+00
8.279999999999998651e-06,-3.214575931614260209e-53,-1.252564338553597040e-45,5.490943580551695029e-49,-2.487126356102288197e-53,1.473282981343834356e-49,0.000000000000000000e+00
9.999999999999999124e-06,-3.244387314417607789e-53,-1.252463676245664943e-45,5.490988673395087572e-49,-2.487148817298056727e-53,1.610691068201681709e-49,0.000000000000000000e+00
1.002688067252243622e-05,1.918010945211132083e-05,1.898560415036404627e-05,9.404578191024235101e-10,1.529860107118125289e-09,1.913770202760874437e-05,0.000000000000000000e+00
1.008064201756731212e-05,1.007856169939666107e-04,9.976377961807647663e-05,4.941799224244697864e-09,4.190371660139159725e-09,1.004777197966401456e-04,0.000000000000000000e+00
1.018816470765706390e-05,4.478738443948316163e-04,4.433332432942775386e-04,2.196043400049625425e-08,8.794346975936383551e-09,4.457100383417067491e-04,0.000000000000000000e+00
1.033450655687075619e-05,1.256163408443802462e-03,1.243424453075852795e-03,6.159273829019084429e-08,1.372378130420610996e-08,1.247438479839541817e-03,0.000000000000000000e+00
1.055438961033594292e-05,3.014695019057960900e-03,2.984100380922703483e-03,1.478166825720449092e-07,1.896418140820183180e-08,2.984533696860202940e-03,0.000000000000000000e+00
1.085310662221463391e-05,6.100405018817894008e-03,6.038423220656469019e-03,2.991119544628979773e-07,2.330597556566768591e-08,6.013880726976730644e-03,0.000000000000000000e+00
1.125127179632818877e-05,1.093050334581676351e-02,1.081926048462576208e-02,5.359301869682272105e-07,2.623301138370958546e-08,1.071290224479460110e-02,0.000000000000000000e+00
1.184702486414577333e-05,1.885229986654201467e-02,1.865992766025058661e-02,9.243178390057131350e-07,2.784721041054153551e-08,1.830907564713368796e-02,0.000000000000000000e+00
1.280256040891023473e-05,3.211123697225133633e-02,3.178213952974656697e-02,1.574329920612746827e-06,2.823869347634132970e-08,3.071259069757388202e-02,0.000000000000000000e+00
1.440829119431357732e-05,5.464252745698649355e-02,5.407843283197920348e-02,2.678789534749456047e-06,2.775998975590616979e-08,5.090060273227160759e-02,0.000000000000000000e+00
1.640829119431357850e-05,8.269516859484611626e-02,8.183400498962677128e-02,4.053689417528927904e-06,2.733237695244986054e-08,7.452277074115876143e-02,0.000000000000000000e+00
1.840829119431357968e-05,1.107080682053140780e-01,1.095455758805904817e-01,5.426421510606145816e-06,2.707480757559860285e-08,9.652721812693813852e-02,0.000000000000000000e+00
2.040829119431358086e-05,1.387076352561074921e-01,1.372395985752727920e-01,6.798295019259095968e-06,2.687941145877725813e-08,1.170440341092984088e-01,0.000000000000000000e+00
2.240829119431358204e-05,1.667059886448930273e-01,1.649283650664288281e-01,8.169917868297563025e-06,2.669738621841055703e-08,1.361853492482787698e-01,0.000000000000000000e+00
2.440829119431358322e-05,1.947051344268337925e-01,1.926141388965691703e-01,9.541401380116085187e-06,2.652048094499426245e-08,1.540474162887700560e-01,0.000000000000000000e+00
2.640829119431358440e-05,2.227046986299836828e-01,2.202968098592077983e-01,1.091273939533447595e-05,2.634965168279990166e-08,1.707180111070915607e-01,0.000000000000000000e+00
2.840829119431358558e-05,2.507043613002374882e-01,2.479763039528095070e-01,1.228392761798599543e-05,2.618562279900829570e-08,1.862790304854181067e-01,0.000000000000000000e+00
3.040829119431358676e-05,2.787040387632091498e-01,2.756527645887499878e-01,1.365497257547658209e-05,2.602824265883832422e-08,2.008069857189471730e-01,0.000000000000000000e+00
3.240829119431358794e-05,3.067037285019323933e-01,3.033264000014421202e-01,1.502588405123992913e-05,2.587709246057792734e-08,2.143731989255799886e-01,0.000000000000000000e+00
3.440829119431358912e-05,3.347034361184784146e-01,3.309974119717390417e-01,1.639667154853656719e-05,2.573176100147123169e-08,2.270440813267337599e-01,0.000000000000000000e+00
3.640829119431359030e-05,3.627031628615561831e-01,3.586659844876897707e-01,1.776734372482683113e-05,2.559188672004303333e-08,2.388814565272788515e-01,0.000000000000000000e+00
3.840829119431359148e-05,3.907029077273361795e-01,3.863322867864308341e-01,1.913790853933661166e-05,2.545714585314162726e-08,2.499428779501532694e-01,0.000000000000000000e+00
4.040829119431359266e-05,4.187026693537798105e-01,4.139964761462355258e-01,2.050837338869671895e-05,2.532724227392868510e-08,2.602819253426143509e-01,0.000000000000000000e+00
4.240829119431359384e-05,4.467024465143742962e-01,4.416586992565951220e-01,2.187874517239237130e-05,2.520190306529862534e-08,2.699484795781970092e-01,0.000000000000000000e+00
4.440829119431359502e-05,4.747022381212309683e-01,4.693190930866203425e-01,2.324903033347298776e-05,2.508087618841026156e-08,2.789889780568549082e-01,0.000000000000000000e+00
4.640829119431359620e-05,5.027020431773790987e-01,4.969777857153505063e-01,2.461923489736930591e-05,2.496392867337021704e-08,2.874466524866055028e-01,0.000000000000000000e+00
4.840829119431359738e-05,5.307018607554411238e-01,5.246348972427339330e-01,2.598936451456529238e-05,2.485084493394906779e-08,2.953617503610564965e-01,0.000000000000000000e+00
5.040829119431359856e-05,5.587016899907815137e-01,5.522905408358830259e-01,2.735942450963719665e-05,2.474142526357608896e-08,3.027717412888151771e-01,0.000000000000000000e+00
5.240829119431359974e-05,5.867015300777244091e-01,5.799448240041618075e-01,2.872941994100045992e-05,2.463548459674669289e-08,3.097115092799538894e-01,0.000000000000000000e+00
5.440829119431360092e-05,6.147013802657416148e-01,6.075978502701703254e-01,3.009935567916844439e-05,2.453285147425987578e-08,3.162135320795022020e-01,0.000000000000000000e+00
5.640829119431360210e-05,6.427012398555140837e-01,6.352497215124504049e-01,3.146923651642354535e-05,2.443336735540035942e-08,3.223080486434272696e-01,0.000000000000000000e+00
5.840829119431360328e-05,6.707011081949650899e-01,6.629005414319205647e-01,3.283906732904348576e-05,2.433688627533070470e-08,3.280232159123517288e-01,0.000000000000000000e+00
6.040829119431360446e-05,6.987009846753549080e-01,6.905504208846113823e-01,3.420885332681693094e-05,2.424327506106438435e-08,3.333852561769131695e-01,0.000000000000000000e+00
6.240829119431360564e-05,7.267008687271916401e-01,7.181994863055068956e-01,3.557860044713814069e-05,2.415241436189152768e-08,3.384185966051761474e-01,0.000000000000000000e+00
6.440829119431360004e-05,7.547007598157892128e-01,7.458478932498346925e-01,3.694831598846286616e-05,2.406420095829586714e-08,3.431460030011960205e-01,0.000000000000000000e+00
6.640829119431359445e-05,7.827006574358883473e-01,7.734958484082697927e-01,3.831800964012235387e-05,2.397855212304955685e-08,3.475887107275646426e-01,0.000000000000000000e+00
6.840829119431358885e-05,8.107005611048422322e-01,8.011436456692797581e-01,3.968769516918201984e-05,2.389541335287570512e-08,3.517665572091376314e-01,0.000000000000000000e+00
7.040829119431358325e-05,8.387004703530090977e-01,8.287917254834391567e-01,4.105739319723497447e-05,2.381477164255241252e-08,3.556981229168951764e-01,0.000000000000000000e+00
7.240829119431357766e-05,8.667003847095561264e-01,8.564407729057974539e-01,4.242713578634091034e-05,2.373667790447897552e-08,3.594008918965375665e-01,0.000000000000000000e+00
7.440829119431357206e-05,8.947003036805261100e-01,8.840918798366240727e-01,4.379697402781287214e-05,2.366128459135863338e-08,3.628914497984299103e-01,0.000000000000000000e+00
7.640829119431356647e-05,9.227002267138226799e-01,9.117468137351995017e-01,4.516699061123089659e-05,2.358890831971605095e-08,3.661857487146438772e-01,0.000000000000000000e+00
7.840829119431356087e-05,9.507001531427369256e-01,9.394084625801626398e-01,4.653732063730948060e-05,2.352013385269191570e-08,3.692994865888006295e-01,0.000000000000000000e+00
8.040829119431355527e-05,9.787000820939537604e-01,9.670815705496942360e-01,4.790818602905710428e-05,2.345598567113360566e-08,3.722486785227487882e-01,0.000000000000000000e+00
8.240829119431354968e-05,1.006700012337944150e+00,9.947739504898310825e-01,4.927995224449406580e-05,2.339820922257762614e-08,3.750505434975038299e-01,0.000000000000000000e+00
8.440829119431354408e-05,1.034699942046869436e+00,1.022498471279110310e+00,5.065322123481505868e-05,2.334972698872506136e-08,3.777248994093119761e-01,0.000000000000000000e+00
8.640829119431353848e-05,1.062699868407622761e+00,1.050276287142184906e+00,5.202898249419497307e-05,2.331536705368897344e-08,3.802963567212246376e-01,0.000000000000000000e+00
8.840829119431353289e-05,1.090699787016107036e+00,1.078142015245783902e+00,5.340885523970873819e-05,2.330299939644342455e-08,3.827977208624569472e-01,0.000000000000000000e+00
9.040829119431352729e-05,1.118699690959503057e+00,1.106151869659686593e+00,5.479546887407662885e-05,2.332524444773054206e-08,3.852751185222606511e-01,0.000000000000000000e+00
9.240829119431352170e-05,1.146699569497895643e+00,1.134396051091309587e+00,5.619304251070018279e-05,2.340189525842917284e-08,3.877953408903966892e-01,0.000000000000000000e+00
9.440829119431351610e-05,1.174699436982587608e+00,1.162918545337124465e+00,5.760363362925472071e-05,2.348965128656788082e-08,3.902694620877679155e-01,0.000000000000000000e+00
9.640829119431351050e-05,1.202699330734688488e+00,1.191647728641085813e+00,5.902389214067933889e-05,2.351353131299638299e-08,3.925166807498154942e-01,0.000000000000000000e+00
9.840829119431350491e-05,1.230699255145655924e+00,1.220499220954109010e+00,6.044987119225284956e-05,2.349304151910702743e-08,3.945755920963360808e-01,0.000000000000000000e+00
1.004082911943134993e-04,1.258699202729585576e+00,1.249402996722045023e+00,6.187829533106408081e-05,2.344228235140466410e-08,3.964745417685316964e-01,0.000000000000000000e+00
1.024082911943134937e-04,1.286699166378781678e+00,1.278306761339127240e+00,6.330671847061476905e-05,2.337105804370298578e-08,3.982347201755838118e-01,0.000000000000000000e+00
1.044082911943134881e-04,1.314699141070947652e+00,1.307174147123721042e+00,6.473343951193318718e-05,2.328692878458826776e-08,3.998745465672904897e-01,0.000000000000000000e+00
1.064082911943134825e-04,1.342699123180705501e+00,1.335981844454793510e+00,6.615736815037934649e-05,2.319571846057244535e-08,4.014102681881307477e-01,0.000000000000000000e+00
1.084082911943134769e-04,1.370699109970703988e+00,1.364716739724975980e+00,6.757789100186162691e-05,2.310179638559395343e-08,4.028560650104850982e-01,0.000000000000000000e+00
1.104082911943134713e-04,1.398699099389537182e+00,1.393373336034619436e+00,6.899475095516503309e-05,2.300829602883136538e-08,4.042240868209681093e-01,0.000000000000000000e+00
1.124082911943134657e-04,1.426699089966890543e+00,1.421951538766646816e+00,7.040794359189331991e-05,2.291732440276583738e-08,4.055245555799780188e-01,0.000000000000000000e+00
1.144082911943134601e-04,1.454699080713651060e+00,1.450454836805392667e+00,7.181763211270674862e-05,2.283017239493312367e-08,4.067659552680702451e-01,0.000000000000000000e+00
1.164082911943134545e-04,1.482699071016990500e+00,1.478888879063269046e+00,7.322408075409074036e-05,2.274751570788269284e-08,4.079552792878617939e-01,0.000000000000000000e+00
1.184082911943134489e-04,1.510699060541251582e+00,1.507260417015542142e+00,7.462760532518138016e-05,2.266959288343972645e-08,4.090982935675741006e-01,0.000000000000000000e+00
1.204082911943134433e-04,1.538699049143097408e+00,1.535576562223509134e+00,7.602853847821641417e-05,2.259635141152460669e-08,4.101997824464287401e-01,0.000000000000000000e+00
1.224082911943134378e-04,1.566699036804471534e+00,1.563844297409151762e+00,7.742720683890585520e-05,2.252756006390632670e-08,4.112637592815960863e-01,0.000000000000000000e+00
1.244082911943134322e-04,1.594699023582932584e+00,1.592070179721007950e+00,7.882391712659196994e-05,2.246288998558609862e-08,4.122936363446594310e-01,0.000000000000000000e+00
1.264082911943134266e-04,1.622699009474506626e+00,1.620260457102470797e+00,8.021896181077591763e-05,2.243744775393130553e-08,4.132929057255956273e-01,0.000000000000000000e+00
1.284082911943134210e-04,1.650698994801039987e+00,1.648420125414277404e+00,8.161257443545183270e-05,2.237918555331175341e-08,4.142628557545523504e-01,0.000000000000000000e+00
1.304082911943134154e-04,1.678698979603240549e+00,1.676553824144155547e+00,8.300497197175623427e-05,2.232401152130192301e-08,4.152066275871793000e-01,0.000000000000000000e+00
1.324082911943134098e-04,1.706698963963164006e+00,1.704665608044889424e+00,8.439634407220677104e-05,2.227154444200962757e-08,4.161261480893889697e-01,0.000000000000000000e+00
1.344082911943134042e-04,1.734698947978398742e+00,1.732758971460490960e+00,8.578685418682695132e-05,2.222148062086537479e-08,4.170232528014683471e-01,0.000000000000000000e+00
1.364082911943133986e-04,1.762698931741277120e+00,1.760836894730857694e+00,8.717664172645784139e-05,2.217354713382468923e-08,4.178996010266864403e-01,0.000000000000000000e+00
1.384082911943133930e-04,1.790698915331073726e+00,1.788901903185245557e+00,8.856582481976256970e-05,2.212750555702358568e-08,4.187567097362081547e-01,0.000000000000000000e+00
1.404082911943133874e-04,1.818698898813696951e+00,1.816956126611065869e+00,8.995450309408922849e-05,2.208314895876806183e-08,4.195959703530602880e-01,0.000000000000000000e+00
1.424082911943133818e-04,1.846698882243225981e+00,1.845001354914607816e+00,9.134276027874975370e-05,2.204029880131797015e-08,4.204186630857000839e-01,0.000000000000000000e+00
1.444082911943133762e-04,1.874698865663382952e+00,1.873039088267212104e+00,9.273066655053282831e-05,2.199880156858458058e-08,4.212259685915638041e-01,0.000000000000000000e+00
1.464082911943133706e-04,1.902698849108968249e+00,1.901070581290710715e+00,9.411828060046195622e-05,2.195852554995325612e-08,4.220189777253220420e-01,0.000000000000000000e+00
1.484082911943133650e-04,1.930698832607165460e+00,1.929096881429614996e+00,9.550565142865690858e-05,2.191935784615073324e-08,4.227986998243190575e-01,0.000000000000000000e+00
1.504082911943133594e-04,1.958698816178809921e+00,1.957118861936750331e+00,9.689281988724512528e-05,2.188120168736262805e-08,4.235660698599865714e-01,0.000000000000000000e+00
1.524082911943133538e-04,1.986698799839384133e+00,1.985137250015434507e+00,9.827981999672104926e-05,2.184397405319282726e-08,4.243219546928957975e-01,0.000000000000000000e+00
1.544082911943133482e-04,2.014698783599976561e+00,2.013152650691702572e+00,9.966668006257850716e-05,2.180760358752587003e-08,4.250671586060006391e-01,0.000000000000000000e+00
1.564082911943133426e-04,2.042698767468083876e+00,2.041165566973163426e+00,1.010534236182496600e-04,2.177202886380347202e-08,4.258024282453733989e-01,0.000000000000000000e+00
1.584082911943133370e-04,2.070698751448330821e+00,2.069176416811105756e+00,1.024400702185150321e-04,2.173719677520113969e-08,4.265284570664225061e-01,0.000000000000000000e+00
1.604082911943133314e-04,2.098698735543011118e+00,2.097185547331224420e+00,1.038266361051527823e-04,2.170306130644394926e-08,4.272458893599588858e-01,0.000000000000000000e+00
1.624082911943133258e-04,2.126698719752518230e+00,2.125193246744467412e+00,1.052131347640746119e-04,2.166958238541960569e-08,4.279553239165689860e-01,0.000000000000000000e+00
1.644082911943133202e-04,2.154698704075862725e+00,2.153199754296910129e+00,1.065995773907374357e-04,2.163672495336665946e-08,4.286573173758005950e-01,0.000000000000000000e+00
1.664082911943133146e-04,2.182698688510968044e+00,2.181205268567666611e+00,1.079859732782832070e-04,2.160445822588230591e-08,4.293523872968023625e-01,0.000000000000000000e+00
1.684082911943133090e-04,2.210698673054833030e+00,2.209209954379813823e+00,1.093723301408021701e-04,2.157275496780797219e-08,4.300410149815341310e-01,0.000000000000000000e+00
1.704082911943133034e-04,2.238698657703903638e+00,2.237213948549873432e+00,1.107586543822696432e-04,2.154159097281227453e-08,4.307236480760958663e-01,0.000000000000000000e+00
1.724082911943132978e-04,2.266698642454169299e+00,2.265217364666107347e+00,1.121449513200549605e-04,2.151094460889346749e-08,4.314007029715589692e-01,0.000000000000000000e+00
1.744082911943132923e-04,2.294698627301364091e+00,2.293220297056792756e+00,1.135312253705414101e-04,2.148079640551525671e-08,4.320725670231697624e-01,0.000000000000000000e+00
1.764082911943132867e-04,2.322698612240970295e+00,2.321222824083293723e+00,1.149174802031632282e-04,2.145112876564270188e-08,4.327396006037074194e-01,0.000000000000000000e+00
1.784082911943132811e-04,2.350698597268497281e+00,2.349225010871746289e+00,1.163037188681838936e-04,2.142192563267530936e-08,4.334021390057807288e-01,0.000000000000000000e+00
1.804082911943132755e-04,2.378698582379344284e+00,2.377226911577386304e+00,1.176899439026128001e-04,2.139317232044413153e-08,4.340604942047512349e-01,0.000000000000000000e+00
1.824082911943132699e-04,2.406698567569040215e+00,2.405228571261454285e+00,1.190761574180011160e-04,2.136485531198384358e-08,4.347149564943917355e-01,0.000000000000000000e+00
1.844082911943132643e-04,2.434698552833130858e+00,2.433230027445909549e+00,1.204623611731657425e-04,2.133696205136592638e-08,4.353657960045460573e-01,0.000000000000000000e+00
1.864082911943132587e-04,2.462698538167334750e+00,2.461231311401468780e+00,1.218485566344406918e-04,2.130948089512640919e-08,4.360132641105107787e-01,0.000000000000000000e+00
1.884082911943132531e-04,2.490698523567489442e+00,2.489232449214157761e+00,1.232347450255670703e-04,2.128240091797684030e-08,4.366575947419211179e-01,0.000000000000000000e+00
1.904082911943132475e-04,2.518698509029618560e+00,2.517233462668639898e+00,1.246209273690137306e-04,2.125571187117092364e-08,4.372990055989633973e-01,0.000000000000000000e+00
1.924082911943132419e-04,2.546698494549895386e+00,2.545234369979589850e+00,1.260071045201892445e-04,2.122940407495166326e-08,4.379376992825905202e-01,0.000000000000000000e+00
1.944082911943132363e-04,2.574698480124697486e+00,2.573235186397420549e+00,1.273932771957771333e-04,2.120346837691799990e-08,4.385738643452095076e-01,0.000000000000000000e+00
1.964082911943132307e-04,2.602698465750550749e+00,2.601235924709814018e+00,1.287794459971971356e-04,2.117789607569697807e-08,4.392076762674259616e-01,0.000000000000000000e+00
1.984082911943132251e-04,2.630698451424172912e+00,2.629236595657201470e+00,1.301656114300413203e-04,2.115267885155480698e-08,4.398392983664067835e-01,0.000000000000000000e+00
2.004082911943132195e-04,2.658698437142476667e+00,2.657237208276931106e+00,1.315517739201745430e-04,2.112780880109133008e-08,4.404688826406468749e-01,0.000000000000000000e+00
2.024082911943132139e-04,2.686698422902535466e+00,2.685237770188407147e+00,1.329379338270736562e-04,2.110327831927882869e-08,4.410965705556355587e-01,0.000000000000000000e+00
2.044082911943132083e-04,2.714698408701582633e+00,2.713238287829443873e+00,1.343240914548847725e-04,2.107908012027870370e-08,4.417224937747057378e-01,0.000000000000000000e+00
2.064082911943132027e-04,2.742698394537052220e+00,2.741238766652296821e+00,1.357102470615945578e-04,2.105520719580811217e-08,4.423467748390261800e-01,0.000000000000000000e+00
2.084082911943131971e-04,2.770698380406479089e+00,2.769239211286131042e+00,1.370964008666308951e-04,2.103165277350660389e-08,4.429695278000551628e-01,0.000000000000000000e+00
2.104082911943131915e-04,2.798698366307603269e+00,2.797239625672029550e+00,1.384825530571799613e-04,2.100841033775280309e-08,4.435908588081716175e-01,0.000000000000000000e+00
2.124082911943131859e-04,2.826698352238260714e+00,2.825240013174914022e+00,1.398687037934226798e-04,2.098547360884772672e-08,4.442108666602102574e-01,0.000000000000000000e+00
2.144082911943131803e-04,2.854698338196465013e+00,2.853240376676700940e+00,1.412548532128936199e-04,2.096283646668695155e-08,4.448296433090894730e-01,0.000000000000000000e+00
2.164082911943131747e-04,2.882698324180331451e+00,2.881240718653616639e+00,1.426410014340989251e-04,2.094049302708844706e-08,4.454472743379063182e-01,0.000000000000000000e+00
2.184082911943131691e-04,2.910698310188088556e+00,2.909241041240606229e+00,1.440271485595302054e-04,2.091843755852584863e-08,4.460638394012057528e-01,0.000000000000000000e+00
2.204082911943131635e-04,2.938698296218138495e+00,2.937241346285014210e+00,1.454132946781772572e-04,2.089666451682292703e-08,4.466794126356603556e-01,0.000000000000000000e+00
2.224082911943131579e-04,2.966698282268921627e+00,2.965241635391159036e+00,1.467994398676137973e-04,2.087516853127580063e-08,4.472940630420934038e-01,0.000000000000000000e+00
2.244082911943131523e-04,2.994698268339015979e+00,2.993241909957740088e+00,1.481855841957487475e-04,2.085394436301957199e-08,4.479078548412185334e-01,0.000000000000000000e+00
2.264082911943131467e-04,3.022698254427022224e+00,3.021242171208879945e+00,1.495717277222790925e-04,2.083298692584500955e-08,4.485208478045139557e-01,0.000000000000000000e+00
2.284082911943131412e-04,3.050698240531764416e+00,3.049242420220402483e+00,1.509578704999209103e-04,2.081229127232075982e-08,4.491330975624845401e-01,0.000000000000000000e+00
2.304082911943131356e-04,3.078698226652078151e+00,3.077242657941453352e+00,1.523440125754212040e-04,2.079185260767113519e-08,4.497446558911319947e-01,0.000000000000000000e+00
2.324082911943131300e-04,3.106698212786827451e+00,3.105242885212842197e+00,1.537301539904169147e-04,2.077166622732606882e-08,4.503555709788464867e-01,0.000000000000000000e+00
2.344082911943131244e-04,3.134698198935074398e+00,3.133243102782598211e+00,1.551162947821642650e-04,2.075172761406562927e-08,4.509658876748998679e-01,0.000000000000000000e+00
2.364082911943131188e-04,3.162698185095839776e+00,3.161243311318687521e+00,1.565024349841337957e-04,2.073203227842546070e-08,4.515756477203827224e-01,0.000000000000000000e+00
2.384082911943131132e-04,3.190698171268213645e+00,3.189243511420050137e+00,1.578885746265279639e-04,2.071257594604691832e-08,4.521848899634706154e-01,0.000000000000000000e+00
2.404082911943131076e-04,3.218698157451405084e+00,3.217243703625879636e+00,1.592747137367165049e-04,2.069335435644914511e-08,4.527936505597169869e-01,0.000000000000000000e+00
2.424082911943131020e-04,3.246698143644632495e+00,3.245243888423333445e+00,1.606608523395974711e-04,2.067436342262363169e-08,4.534019631583350307e-01,0.000000000000000000e+00
2.444082911943131235e-04,3.274698129847231076e+00,3.273244066254273221e+00,1.620469904579139274e-04,2.065559914082859549e-08,4.540098590757994934e-01,0.000000000000000000e+00
2.464082911943131179e-04,3.302698116058506272e+00,3.301244237520760461e+00,1.634331281125112056e-04,2.063705760446676862e-08,4.546173674571611922e-01,0.000000000000000000e+00
2.484082911943131123e-04,3.330698102277834138e+00,3.329244402589973451e+00,1.648192653225684357e-04,2.061873497632982222e-08,4.552245154264693561e-01,0.000000000000000000e+00
2.504082911943131067e-04,3.358698088504677326e+00,3.357244561798344851e+00,1.662054021057926447e-04,2.060062757186509330e-08,4.558313282266777122e-01,0.000000000000000000e+00
2.524082911943131011e-04,3.386698074738458519e+00,3.385244715454963860e+00,1.675915384785783249e-04,2.058273171345881281e-08,4.564378293497326489e-01,0.000000000000000000e+00
2.544082911943130955e-04,3.414698060978717642e+00,3.413244863844768329e+00,1.689776744561583000e-04,2.056504389696955926e-08,4.570440406579407977e-01,0.000000000000000000e+00
2.564082911943130899e-04,3.442698047224958202e+00,3.441245007231017894e+00,1.703638100527195178e-04,2.054756063213369899e-08,4.576499824966306917e-01,0.000000000000000000e+00
2.584082911943130843e-04,3.470698033476760092e+00,3.469245145857676071e+00,1.717499452815154015e-04,2.053027854664879470e-08,4.582556737992864448e-01,0.000000000000000000e+00
2.604082911943130787e-04,3.498698019733752496e+00,3.497245279951348262e+00,1.731360801549573281e-04,2.051319433066245423e-08,4.588611321852500424e-01,0.000000000000000000e+00
2.624082911943130731e-04,3.526698005995548613e+00,3.525245409722940870e+00,1.745222146846926920e-04,2.049630477146680008e-08,4.594663740506499394e-01,0.000000000000000000e+00
2.644082911943130675e-04,3.554697992261772299e+00,3.553245535369181418e+00,1.759083488816767598e-04,2.047960669798731814e-08,4.600714146531061921e-01,0.000000000000000000e+00
2.664082911943130619e-04,3.582697978532124239e+00,3.581245657074006772e+00,1.772944827562383460e-04,2.046309703629400900e-08,4.606762681906442225e-01,0.000000000000000000e+00
2.684082911943130563e-04,3.610697964806305560e+00,3.609245775009639168e+00,1.786806163181307709e-04,2.044677275409023665e-08,4.612809478749597680e-01,0.000000000000000000e+00
2.704082911943130507e-04,3.638697951084007176e+00,3.637245889337609395e+00,1.800667495765800798e-04,2.043063094397945534e-08,4.618854659997380097e-01,0.000000000000000000e+00
2.724082911943130451e-04,3.666697937365002602e+00,3.665246000209744448e+00,1.814528825403322878e-04,2.041466868468733153e-08,4.624898340042906675e-01,0.000000000000000000e+00
2.744082911943130395e-04,3.694697923649033822e+00,3.693246107768870523e+00,1.828390152176864476e-04,2.039888318677851586e-08,4.630940625326300797e-01,0.000000000000000000e+00
2.764082911943130339e-04,3.722697909935916538e+00,3.721246212149624366e+00,1.842251476165334637e-04,2.038327169551212847e-08,4.636981614886406255e-01,0.000000000000000000e+00
2.784082911943130284e-04,3.750697896225378081e+00,3.749246313478948878e+00,1.856112797443793493e-04,2.036783149084175903e-08,4.643021400872062721e-01,0.000000000000000000e+00
2.804082911943130228e-04,3.778697882517256357e+00,3.777246411876859611e+00,1.869974116083820883e-04,2.035255994292661796e-08,4.649060069021024866e-01,0.000000000000000000e+00
2.824082911943130172e-04,3.806697868811353302e+00,3.805246507456828464e+00,1.883835432153699047e-04,2.033745447743706691e-08,4.655097699102941355e-01,0.000000000000000000e+00
2.844082911943130116e-04,3.834697855107539244e+00,3.833246600326349451e+00,1.897696745718682862e-04,2.032251256167683096e-08,4.661134365333712282e-01,0.000000000000000000e+00
2.864082911943130060e-04,3.862697841405621890e+00,3.861246690587233577e+00,1.911558056841142954e-04,2.030773174621636201e-08,4.667170136758977961e-01,0.000000000000000000e+00
2.884082911943130004e-04,3.890697827705499989e+00,3.889246778336156840e+00,1.925419365580825911e-04,2.029310957468721810e-08,4.673205077614048797e-01,0.000000000000000000e+00
2.904082911943129948e-04,3.918697814006992797e+00,3.917246863664833434e+00,1.939280671994938576e-04,2.027864372255994141e-08,4.679239247655382350e-01,0.000000000000000000e+00
2.924082911943129892e-04,3.946697800309985293e+00,3.945246946660489140e+00,1.953141976138377629e-04,2.026433183061060461e-08,4.685272702472706996e-01,0.000000000000000000e+00
2.944082911943129836e-04,3.974697786614339812e+00,3.973247027406058951e+00,1.967003278063822285e-04,2.025017162982090113e-08,4.691305493776662949e-01,0.000000000000000000e+00
2.964082911943129780e-04,4.002697772919991515e+00,4.001247105980561436e+00,1.980864577821918879e-04,2.023616092056146343e-08,4.697337669668986138e-01,0.000000000000000000e+00
2.984082911943129724e-04,4.030697759226833377e+00,4.029247182459227972e+00,1.994725875461341043e-04,2.022229751014181787e-08,4.703369274891415763e-01,0.000000000000000000e+00
3.004082911943129668e-04,4.058697745534741941e+00,4.057247256913757205e+00,2.008587171028911674e-04,2.020857924750485424e-08,4.709400351058983247e-01,0.000000000000000000e+00
3.024082911943129612e-04,4.086697731843627501e+00,4.085247329412570849e+00,2.022448464569730870e-04,2.019500405098240137e-08,4.715430936877313961e-01,0.000000000000000000e+00
3.044082911943129556e-04,4.114697718153446537e+00,4.113247400021029065e+00,2.036309756127280561e-04,2.018156988053965151e-08,4.721461068344736667e-01,0.000000000000000000e+00
3.064082911943129500e-04,4.142697704464080033e+00,4.141247468801485532e+00,2.050171045743449168e-04,2.016827470308069081e-08,4.727490778938614469e-01,0.000000000000000000e+00
3.084082911943129444e-04,4.170697690775508448e+00,4.169247535813624062e+00,2.064032333458698575e-04,2.015511659653190790e-08,4.733520099792292157e-01,0.000000000000000000e+00
3.104082911943129388e-04,4.198697677087656288e+00,4.197247601114472815e+00,2.077893619312069816e-04,2.014209357636964626e-08,4.739549059856060786e-01,0.000000000000000000e+00
3.124082911943129332e-04,4.226697663400446281e+00,4.225247664758584598e+00,2.091754903341272529e-04,2.012920378297033963e-08,4.745577686049249344e-01,0.000000000000000000e+00
3.144082911943129276e-04,4.254697649713813590e+00,4.253247726798200290e+00,2.105616185582764367e-04,2.011644532895484616e-08,4.751606003401427358e-01,0.000000000000000000e+00
3.164082911943129220e-04,4.282697636027688937e+00,4.281247787283349204e+00,2.119477466071800330e-04,2.010381642408853864e-08,4.757634035183433419e-01,0.000000000000000000e+00
3.184082911943129164e-04,4.310697622342091861e+00,4.309247846262064030e+00,2.133338744842542276e-04,2.009131527119789595e-08,4.763661803030467823e-01,0.000000000000000000e+00
3.204082911943129108e-04,4.338697608656953086e+00,4.337247903780310665e+00,2.147200021928021506e-04,2.007894013555944213e-08,4.769689327053874273e-01,0.000000000000000000e+00
3.224082911943129052e-04,4.366697594972225538e+00,4.365247959882202267e+00,2.161061297360245567e-04,2.006668927551080728e-08,4.775716625948285277e-01,0.000000000000000000e+00
3.244082911943128996e-04,4.394697581287800858e+00,4.393248014610008134e+00,2.174922571170203396e-04,2.005456103265634837e-08,4.781743717089095291e-01,0.000000000000000000e+00
3.264082911943128940e-04,4.422697567603750102e+00,4.421248068004493881e+00,2.188783843388034459e-04,2.004255372084484677e-08,4.787770616626723097e-01,0.000000000000000000e+00
3.284082911943128884e-04,4.450697553919966687e+00,4.449248120104637216e+00,2.202645114042887800e-04,2.003066575800849236e-08,4.793797339568168780e-01,0.000000000000000000e+00
3.304082911943128829e-04,4.478697540236440844e+00,4.477248170947989436e+00,2.216506383163101214e-04,2.001889550656832384e-08,4.799823899859281262e-01,0.000000000000000000e+00
3.324082911943128773e-04,4.506697526553205435e+00,4.505248220570693185e+00,2.230367650776211809e-04,2.000724144690657624e-08,4.805850310458072983e-01,0.000000000000000000e+00
3.344082911943128717e-04,4.534697512870153879e+00,4.533248269007369657e+00,2.244228916908901257e-04,1.999570203164990900e-08,4.811876583401688556e-01,0.000000000000000000e+00
3.364082911943128661e-04,4.562697499187255090e+00,4.561248316291401927e+00,2.258090181587136744e-04,1.998427574811945107e-08,4.817902729872618472e-01,0.000000000000000000e+00
3.384082911943128605e-04,4.590697485504547259e+00,4.589248362454987351e+00,2.271951444836196442e-04,1.997296111833080090e-08,4.823928760258233694e-01,0.000000000000000000e+00
3.404082911943128549e-04,4.618697471822017953e+00,4.617248407529078946e+00,2.285812706680640785e-04,1.996175671287181430e-08,4.829954684204893489e-01,0.000000000000000000e+00
3.424082911943128493e-04,4.646697458139593451e+00,4.645248451543433355e+00,2.299673967144340921e-04,1.995066108845255926e-08,4.835980510669628529e-01,0.000000000000000000e+00
3.444082911943128437e-04,4.674697444457246220e+00,4.673248494526763608e+00,2.313535226250550006e-04,1.993967284341646717e-08,4.842006247969163901e-01,0.000000000000000000e+00
3.464082911943128381e-04,4.702697430775016230e+00,4.701248536506818176e+00,2.327396484021947653e-04,1.992879061774033289e-08,4.848031903824945310e-01,0.000000000000000000e+00
3.484082911943128325e-04,4.730697417092843970e+00,4.729248577510248630e+00,2.341257740480574606e-04,1.991801306527873905e-08,4.854057485402729633e-01,0.000000000000000000e+00
3.504082911943128269e-04,4.758697403410770299e+00,4.757248617562862769e+00,2.355118995647956888e-04,1.990733886070295000e-08,4.860082999353738664e-01,0.000000000000000000e+00
3.524082911943128213e-04,4.786697389728729490e+00,4.785248656689459423e+00,2.368980249545026917e-04,1.989676667174533620e-08,4.866108451848414340e-01,0.000000000000000000e+00
3.544082911943128157e-04,4.814697376046726873e+00,4.813248694914042503e+00,2.382841502192228412e-04,1.988629525634388884e-08,4.872133848611679419e-01,0.000000000000000000e+00
3.564082911943128101e-04,4.842697362364717151e+00,4.841248732259737508e+00,2.396702753609479791e-04,1.987592332386434180e-08,4.878159194953011202e-01,0.000000000000000000e+00
3.584082911943128045e-04,4.870697348682694106e+00,4.869248768748915879e+00,2.410564003816234352e-04,1.986564968081694360e-08,4.884184495796373149e-01,0.000000000000000000e+00
3.604082911943127989e-04,4.898697335000751885e+00,4.897248804403297129e+00,2.424425252831530686e-04,1.985547308513968545e-08,4.890209755707863870e-01,0.000000000000000000e+00
3.624082911943127933e-04,4.926697321318756373e+00,4.925248839243639765e+00,2.438286500673844410e-04,1.984539238497617930e-08,4.896234978917388680e-01,0.000000000000000000e+00
3.644082911943127877e-04,4.954697307636740433e+00,4.953248873290175602e+00,2.452147747361299048e-04,1.983540634520331025e-08,4.902260169346326357e-01,0.000000000000000000e+00
3.664082911943127821e-04,4.982697293954752915e+00,4.981248906562488976e+00,2.466008992911612090e-04,1.982551384172026587e-08,4.908285330627641940e-01,0.000000000000000000e+00
3.684082911943127765e-04,5.010697280272711218e+00,5.009248939079390617e+00,2.479870237342031024e-04,1.981571373654844592e-08,4.914310466124587329e-01,0.000000000000000000e+00
3.704082911943127709e-04,5.038697266590619783e+00,5.037248970859160124e+00,2.493731480669456936e-04,1.980600494722040139e-08,4.920335578951857691e-01,0.000000000000000000e+00
3.724082911943127653e-04,5.066697252908544336e+00,5.065249001919559291e+00,2.507592722910446134e-04,1.979638633575753204e-08,4.926360671992946472e-01,0.000000000000000000e+00
3.744082911943127597e-04,5.094697239226404051e+00,5.093249032277631372e+00,2.521453964081120705e-04,1.978685688908132789e-08,4.932385747914160845e-01,0.000000000000000000e+00
3.764082911943127541e-04,5.122697225544181165e+00,5.121249061949946224e+00,2.535315204197282897e-04,1.977741546921318871e-08,4.938410809182172123e-01,0.000000000000000000e+00
3.784082911943127485e-04,5.150697211861952063e+00,5.149249090952641161e+00,2.549176443274440594e-04,1.976806107695239234e-08,4.944435858078253254e-01,0.000000000000000000e+00
3.804082911943127429e-04,5.178697198179641248e+00,5.177249119301205127e+00,2.563037681327699985e-04,1.975879268534264099e-08,4.950460896709047987e-01,0.000000000000000000e+00
3.824082911943127373e-04,5.206697184497280695e+00,5.205249147010746924e+00,2.576898918371901088e-04,1.974960928130542470e-08,4.956485927021421212e-01,0.000000000000000000e+00
3.844082911943127318e-04,5.234697170814892608e+00,5.233249174095909950e+00,2.590760154421575465e-04,1.974050989339559692e-08,4.962510950812752952e-01,0.000000000000000000e+00
3.864082911943127262e-04,5.262697157132418369e+00,5.261249200570807361e+00,2.604621389490914779e-04,1.973149352241243548e-08,4.968535969740517366e-01,0.000000000000000000e+00
3.884082911943127206e-04,5.290697143449841988e+00,5.289249226449169505e+00,2.618482623593843981e-04,1.972255922466636946e-08,4.974560985333789098e-01,0.000000000000000000e+00
3.904082911943127150e-04,5.318697129767217646e+00,5.317249251744385674e+00,2.632343856744045162e-04,1.971370605646782792e-08,4.980585999002333786e-01,0.000000000000000000e+00
3.924082911943127094e-04,5.346697116084550672e+00,5.345249276469394850e+00,2.646205088954902253e-04,1.970493306024945213e-08,4.986611012044073199e-01,0.000000000000000000e+00
3.944082911943127038e-04,5.374697102401763793e+00,5.373249300636676828e+00,2.660066320239498324e-04,1.969623936171061018e-08,4.992636025652816834e-01,0.000000000000000000e+00
3.964082911943126982e-04,5.402697088718897866e+00,5.401249324258457385e+00,2.673927550610720200e-04,1.968762405879509458e-08,4.998661040927374621e-01,0.000000000000000000e+00
3.984082911943126926e-04,5.430697075035973320e+00,5.429249347346588372e+00,2.687788780081197754e-04,1.967908626332448563e-08,5.004686058877259036e-01,0.000000000000000000e+00
4.004082911943126870e-04,5.458697061353010582e+00,5.457249369912583248e+00,2.701650008663320705e-04,1.967062504548700019e-08,5.010711080429173236e-01,0.000000000000000000e+00
4.024082911943126814e-04,5.486697047669908400e+00,5.485249391967501609e+00,2.715511236369187124e-04,1.966223964200430885e-08,5.016736106431745057e-01,0.000000000000000000e+00
4.044082911943126758e-04,5.514697033986747599e+00,5.513249413522263609e+00,2.729372463210756844e-04,1.965392916469799189e-08,5.022761137664115694e-01,0.000000000000000000e+00
4.064082911943126702e-04,5.542697020303473998e+00,5.541249434587356859e+00,2.743233689199706723e-04,1.964569279477856867e-08,5.028786174837875933e-01,0.000000000000000000e+00
4.084082911943126646e-04,5.570697006620165759e+00,5.569249455173100216e+00,2.757094914347563998e-04,1.963752967182319509e-08,5.034811218604535732e-01,0.000000000000000000e+00
4.104082911943126590e-04,5.598696992936757155e+00,5.597249475289383547e+00,2.770956138665577810e-04,1.962943903255354172e-08,5.040836269557198435e-01,0.000000000000000000e+00
4.124082911943126534e-04,5.626696979253293485e+00,5.625249494945934181e+00,2.784817362164851472e-04,1.962142008593570353e-08,5.046861328237266520e-01,0.000000000000000000e+00
4.144082911943126478e-04,5.654696965569697475e+00,5.653249514152088651e+00,2.798678584856229717e-04,1.961347202705798765e-08,5.052886395135880448e-01,0.000000000000000000e+00
4.164082911943126422e-04,5.682696951886046399e+00,5.681249532917083123e+00,2.812539806750445604e-04,1.960559410651985246e-08,5.058911470700375723e-01,0.000000000000000000e+00
4.184082911943126366e-04,5.710696938202312722e+00,5.709249551249804711e+00,2.826401027857994752e-04,1.959778556104296854e-08,5.064936555334886847e-01,0.000000000000000000e+00
4.204082911943126310e-04,5.738696924518425391e+00,5.737249569158850981e+00,2.840262248189171120e-04,1.959004564122679426e-08,5.070961649404068794e-01,0.000000000000000000e+00
4.224082911943126254e-04,5.766696910834554934e+00,5.765249586652830160e+00,2.854123467754209032e-04,1.958237361154857581e-08,5.076986753238998951e-01,0.000000000000000000e+00
4.244082911943126198e-04,5.794696897150580561e+00,5.793249603739837994e+00,2.867984686563032192e-04,1.957476876424113499e-08,5.083011867134139550e-01,0.000000000000000000e+00
4.264082911943126142e-04,5.822696883466480955e+00,5.821249620427851212e+00,2.881845904625443956e-04,1.956723034990393018e-08,5.089036991354181083e-01,0.000000000000000000e+00
4.284082911943126086e-04,5.850696869782314735e+00,5.849249636724717760e+00,2.895707121951127333e-04,1.955975771628093440e-08,5.095062126135818659e-01,0.000000000000000000e+00
4.304082911943126030e-04,5.878696856098029500e+00,5.877249652637972055e+00,2.909568338549549577e-04,1.955235012784939386e-08,5.101087271688200531e-01,0.000000000000000000e+00
4.324082911943125974e-04,5.906696842413724724e+00,5.905249668175105882e+00,2.923429554430100963e-04,1.954500691847549376e-08,5.107112428197324583e-01,0.000000000000000000e+00
4.344082911943125918e-04,5.934696828729285834e+00,5.933249683343205128e+00,2.937290769601914810e-04,1.953772743590320715e-08,5.113137595824435166e-01,0.000000000000000000e+00
4.364082911943125863e-04,5.962696815044767007e+00,5.961249698149338805e+00,2.951151984074061011e-04,1.953051098624314363e-08,5.119162774711440989e-01,0.000000000000000000e+00
4.384082911943125807e-04,5.990696801360172685e+00,5.989249712600355657e+00,2.965013197855444118e-04,1.952335693111706405e-08,5.125187964980408850e-01,0.000000000000000000e+00
4.404082911943125751e-04,6.018696787675528626e+00,6.017249726702948109e+00,2.978874410954835870e-04,1.951626460439115363e-08,5.131213166735717479e-01,0.000000000000000000e+00
4.424082911943125695e-04,6.046696773990777096e+00,6.045249740463556343e+00,2.992735623380833989e-04,1.950923340932053662e-08,5.137238380064346188e-01,0.000000000000000000e+00
4.444082911943125639e-04,6.074696760305919874e+00,6.073249753888523728e+00,3.006596835141932115e-04,1.950226272140476169e-08,5.143263605038814745e-01,0.000000000000000000e+00
4.464082911943125583e-04,6.102696746621027124e+00,6.101249766984101264e+00,3.020458046246526852e-04,1.949535188838780186e-08,5.149288841718080434e-01,0.000000000000000000e+00
4.484082911943125527e-04,6.130696732936057991e+00,6.129249779756279715e+00,3.034319256702833201e-04,1.948850032740256921e-08,5.155314090147191664e-01,0.000000000000000000e+00
4.504082911943125471e-04,6.158696719250967178e+00,6.157249792210897965e+00,3.048180466518942019e-04,1.948170745558197581e-08,5.161339350359117617e-01,0.000000000000000000e+00
4.524082911943125415e-04,6.186696705565794652e+00,6.185249804353733616e+00,3.062041675702864476e-04,1.947497263454778249e-08,5.167364622376879879e-01,0.000000000000000000e+00
4.544082911943125359e-04,6.214696691880559953e+00,6.213249816190412389e+00,3.075902884262484891e-04,1.946829532306626476e-08,5.173389906213152756e-01,0.000000000000000000e+00
4.564082911943125303e-04,6.242696678195213345e+00,6.241249827726352173e+00,3.089764092205536336e-04,1.946167492439254687e-08,5.179415201870600782e-01,0.000000000000000000e+00
4.584082911943125247e-04,6.270696664509830320e+00,6.269249838966967303e+00,3.103625299539702551e-04,1.945511091117069213e-08,5.185440509344756421e-01,0.000000000000000000e+00
4.604082911943125191e-04,6.298696650824329168e+00,6.297249849917388786e+00,3.117486506272481336e-04,1.944860267277803700e-08,5.191465828621728562e-01,0.000000000000000000e+00
4.624082911943125135e-04,6.326696637138764068e+00,6.325249860582757400e+00,3.131347712411324414e-04,1.944214969573643259e-08,5.197491159681870698e-01,0.000000000000000000e+00
4.644082911943125079e-04,6.354696623453132354e+00,6.353249870968042501e+00,3.145208917963552317e-04,1.943575141105657877e-08,5.203516502498493068e-01,0.000000000000000000e+00
4.664082911943125023e-04,6.382696609767463336e+00,6.381249881078130848e+00,3.159070122936402094e-04,1.942940730526032667e-08,5.209541857039194923e-01,0.000000000000000000e+00
4.684082911943124967e-04,6.410696596081712606e+00,6.409249890917716463e+00,3.172931327336966055e-04,1.942311685099173957e-08,5.215567223265384911e-01,0.000000000000000000e+00
4.704082911943124911e-04,6.438696582395796675e+00,6.437249900491348598e+00,3.186792531172225377e-04,1.941687949313930517e-08,5.221592601133222544e-01,0.000000000000000000e+00
4.724082911943124855e-04,6.466696568709886073e+00,6.465249909803731043e+00,3.200653734449189968e-04,1.941069475985823800e-08,5.227617990596948871e-01,0.000000000000000000e+00
4.744082911943124799e-04,6.494696555023843132e+00,6.493249918859147485e+00,3.214514937174618205e-04,1.940456215154817698e-08,5.233643391603477468e-01,0.000000000000000000e+00
4.764082911943124743e-04,6.522696541337767329e+00,6.521249927662025492e+00,3.228376139355298275e-04,1.939848111309760981e-08,5.239668804098567279e-01,0.000000000000000000e+00
4.784082911943124687e-04,6.550696527651596490e+00,6.549249936216529733e+00,3.242237340997843813e-04,1.939245118653953881e-08,5.245694228022834693e-01,0.000000000000000000e+00
4.804082911943124631e-04,6.578696513965407888e+00,6.577249944526873726e+00,3.256098542108853272e-04,1.938647190002917853e-08,5.251719663315448372e-01,0.000000000000000000e+00
4.824082911943124575e-04,6.606696500279091389e+00,6.605249952596987661e+00,3.269959742694740251e-04,1.938054275396616788e-08,5.257745109910851866e-01,0.000000000000000000e+00
4.844082911943124519e-04,6.634696486592679854e+00,6.633249960430854131e+00,3.283820942761905880e-04,1.937466326262793359e-08,5.263770567742627193e-01,0.000000000000000000e+00
4.864082911943124463e-04,6.662696472906281642e+00,6.661249968032449509e+00,3.297682142316705751e-04,1.936883296804747800e-08,5.269796036742846468e-01,0.000000000000000000e+00
4.884082911943124408e-04,6.690696459219727110e+00,6.689249975405387794e+00,3.311543341365278076e-04,1.936305141225780346e-08,5.275821516838936631e-01,0.000000000000000000e+00
4.904082911943124894e-04,6.718696445533162809e+00,6.717249982553514798e+00,3.325404539913835874e-04,1.935731815116970012e-08,5.281847007959843410e-01,0.000000000000000000e+00
4.924082911943125380e-04,6.746696431846472386e+00,6.745249989480333497e+00,3.339265737968382915e-04,1.935163271293838250e-08,5.287872510030240392e-01,0.000000000000000000e+00
4.944082911943125866e-04,6.774696418159750877e+00,6.773249996189480981e+00,3.353126935534951158e-04,1.934599468123021637e-08,5.293898022975733753e-01,0.000000000000000000e+00
4.964082911943126352e-04,6.802696404472960978e+00,6.801250002684383844e+00,3.366988132619428906e-04,1.934040357032262847e-08,5.299923546719451650e-01,0.000000000000000000e+00
4.984082911943126838e-04,6.830696390786125782e+00,6.829250008968460683e+00,3.380849329227665428e-04,1.933485900551534797e-08,5.305949081184220262e-01,0.000000000000000000e+00
5.004082911943127324e-04,6.858696377099153807e+00,6.857250015044942693e+00,3.394710525365382059e-04,1.932936054271916504e-08,5.311974626290769663e-01,0.000000000000000000e+00
5.024082911943127810e-04,6.886696363412191602e+00,6.885250020917222713e+00,3.408571721038336998e-04,1.932390772396708201e-08,5.318000181961641815e-01,0.000000000000000000e+00
5.044082911943128297e-04,6.914696349725134361e+00,6.913250026588383612e+00,3.422432916252101959e-04,1.931850018843661587e-08,5.324025748116296697e-01,0.000000000000000000e+00
5.064082911943128783e-04,6.942696336038044258e+00,6.941250032061605957e+00,3.436294111012262753e-04,1.931313746428298117e-08,5.330051324675455504e-01,0.000000000000000000e+00
5.084082911943129269e-04,6.970696322350832475e+00,6.969250037339852710e+00,3.450155305324260446e-04,1.930781919068369490e-08,5.336076911557920965e-01,0.000000000000000000e+00
5.104082911943129755e-04,6.998696308663561183e+00,6.997250042426173877e+00,3.464016499193546951e-04,1.930254497906069844e-08,5.342102508683890250e-01,0.000000000000000000e+00
5.124082911943130241e-04,7.026696294976226831e+00,7.025250047323493341e+00,3.477877692625472262e-04,1.929731439920256975e-08,5.348128115972707874e-01,0.000000000000000000e+00
5.144082911943130727e-04,7.054696281288896920e+00,7.053250052034751860e+00,3.491738885625365776e-04,1.929212706253125020e-08,5.354153733344402255e-01,0.000000000000000000e+00
5.164082911943131213e-04,7.082696267601399143e+00,7.081250056562586437e+00,3.505600078198368779e-04,1.928698258046868119e-08,5.360179360716585961e-01,0.000000000000000000e+00
5.184082911943131700e-04,7.110696253913867615e+00,7.109250060909881874e+00,3.519461270349716342e-04,1.928188063382574313e-08,5.366204998010095650e-01,0.000000000000000000e+00
5.204082911943132186e-04,7.138696240226332534e+00,7.137250065079371986e+00,3.533322462084531319e-04,1.927682077851322617e-08,5.372230645144853156e-01,0.000000000000000000e+00
5.224082911943132672e-04,7.166696226538742387e+00,7.165250069073652917e+00,3.547183653407837904e-04,1.927180262595307170e-08,5.378256302040105297e-01,0.000000000000000000e+00
5.244082911943133158e-04,7.194696212851029671e+00,7.193250072895245317e+00,3.561044844324591442e-04,1.926682588471173574e-08,5.384281968615303171e-01,0.000000000000000000e+00
5.264082911943133644e-04,7.222696199163281428e+00,7.221250076546779972e+00,3.574906034839769506e-04,1.926189013845558407e-08,5.390307644791754171e-01,0.000000000000000000e+00
5.284082911943134130e-04,7.250696185475480782e+00,7.249250080030732235e+00,3.588767224958241790e-04,1.925699504023992148e-08,5.396333330490037383e-01,0.000000000000000000e+00
5.304082911943134616e-04,7.278696171787615299e+00,7.277250083349530385e+00,3.602628414684822152e-04,1.925214025699784059e-08,5.402359025631158218e-01,0.000000000000000000e+00
5.324082911943135103e-04,7.306696158099688532e+00,7.305250086505576057e+00,3.616489604024282164e-04,1.924732542790685841e-08,5.408384730136805985e-01,0.000000000000000000e+00
5.344082911943135589e-04,7.334696144411702257e+00,7.333250089501218483e+00,3.630350792981336481e-04,1.924255019214449192e-08,5.414410443929025263e-01,0.000000000000000000e+00
5.364082911943136075e-04,7.362696130723663579e+00,7.361250092338769591e+00,3.644211981560650966e-04,1.923781423052162154e-08,5.420436166930544530e-01,0.000000000000000000e+00
5.384082911943136561e-04,7.390696117035591151e+00,7.389250095020507558e+00,3.658073169766845947e-04,1.923311719609355208e-08,5.426461899064518590e-01,0.000000000000000000e+00
5.404082911943137047e-04,7.418696103347412141e+00,7.417250097548574672e+00,3.671934357604446342e-04,1.922845875579337616e-08,5.432487640253906847e-01,0.000000000000000000e+00
5.424082911943137533e-04,7.446696089659205597e+00,7.445250099925226017e+00,3.685795545078000379e-04,1.922383857655418637e-08,5.438513390423667104e-01,0.000000000000000000e+00
5.444082911943138019e-04,7.474696075970874709e+00,7.473250102152496410e+00,3.699656732191924013e-04,1.921925633918686316e-08,5.444539149497620301e-01,0.000000000000000000e+00
5.464082911943138506e-04,7.502696062282590006e+00,7.501250104232648930e+00,3.713517918950713431e-04,1.921471173838007473e-08,5.450564917402873633e-01,0.000000000000000000e+00
5.484082911943138992e-04,7.530696048594247571e+00,7.529250106167638457e+00,3.727379105358685925e-04,1.921020441331133810e-08,5.456590694064349378e-01,0.000000000000000000e+00
5.504082911943139478e-04,7.558696034905806549e+00,7.557250107959437635e+00,3.741240291420139816e-04,1.920573410030268491e-08,5.462616479408204384e-01,0.000000000000000000e+00
5.524082911943139964e-04,7.586696021217316677e+00,7.585250109610075064e+00,3.755101477139372338e-04,1.920130046628720777e-08,5.468642273362318562e-01,0.000000000000000000e+00
5.544082911943140450e-04,7.614696007528806376e+00,7.613250111121520725e+00,3.768962662520628144e-04,1.919690320595357491e-08,5.474668075854776106e-01,0.000000000000000000e+00
5.564082911943140936e-04,7.642695993840120217e+00,7.641250112495524327e+00,3.782823847568014732e-04,1.919254198623487895e-08,5.480693886812613158e-01,0.000000000000000000e+00
5.584082911943141422e-04,7.670695980151518434e+00,7.669250113734218388e+00,3.796685032285799523e-04,1.918821658508651495e-08,5.486719706167688670e-01,0.000000000000000000e+00
5.604082911943141909e-04,7.698695966462850038e+00,7.697250114839290447e+00,3.810546216678007618e-04,1.918392661393042431e-08,5.492745533848255590e-01,0.000000000000000000e+00
5.624082911943142395e-04,7.726695952774141674e+00,7.725250115812571927e+00,3.824407400748708026e-04,1.917967185072200209e-08,5.498771369785160346e-01,0.000000000000000000e+00
5.644082911943142881e-04,7.754695939085301859e+00,7.753250116655737934e+00,3.838268584501868387e-04,1.917545201790549214e-08,5.504797213908725340e-01,0.000000000000000000e+00
5.664082911943143367e-04,7.782695925396417636e+00,7.781250117370616337e+00,3.852129767941504042e-04,1.917126674078062365e-08,5.510823066151733229e-01,0.000000000000000000e+00
5.684082911943143853e-04,7.810695911707508543e+00,7.809250117958939086e+00,3.865990951071557693e-04,1.916711578342500388e-08,5.516848926446922263e-01,0.000000000000000000e+00
5.704082911943144339e-04,7.838695898018569252e+00,7.837250118422380396e+00,3.879852133895922710e-04,1.916299895154960353e-08,5.522874794727519188e-01,0.000000000000000000e+00
5.724082911943144825e-04,7.866695884329581112e+00,7.865250118762566522e+00,3.893713316418442589e-04,1.915891584269857617e-08,5.528900670927168193e-01,0.000000000000000000e+00
5.744082911943145311e-04,7.894695870640566326e+00,7.893250118981138819e+00,3.907574498642939686e-04,1.915486624870510468e-08,5.534926554980668101e-01,0.000000000000000000e+00
5.764082911943145798e-04,7.922695856951386340e+00,7.921250119079553009e+00,3.921435680573125224e-04,1.915084985038006948e-08,5.540952446821973965e-01,0.000000000000000000e+00
5.784082911943146284e-04,7.950695843262248985e+00,7.949250119059579234e+00,3.935296862212843785e-04,1.914686643955665346e-08,5.546978346389046521e-01,0.000000000000000000e+00
5.804082911943146770e-04,7.978695829573071663e+00,7.977250118922671440e+00,3.949158043565755092e-04,1.914291569704573703e-08,5.553004253617617181e-01,0.000000000000000000e+00
5.824082911943147256e-04,8.006695815883796641e+00,8.005250118670282689e+00,3.963019224635498813e-04,1.913899745631386651e-08,5.559030168444412112e-01,0.000000000000000000e+00
5.844082911943147742e-04,8.034695802194502079e+00,8.033250118303966403e+00,3.976880405425741176e-04,1.913511134266077107e-08,5.565056090808040423e-01,0.000000000000000000e+00
5.864082911943148228e-04,8.062695788505173766e+00,8.061250117825174755e+00,3.990741585940075229e-04,1.913125720343078484e-08,5.571082020647022404e-01,0.000000000000000000e+00
5.884082911943148714e-04,8.090695774815786834e+00,8.089250117235312842e+00,4.004602766182046312e-04,1.912743467780142481e-08,5.577107957900224733e-01,0.000000000000000000e+00
5.904082911943149201e-04,8.118695761126366151e+00,8.117250116535817739e+00,4.018463946155197597e-04,1.912364364087260071e-08,5.583133902507819712e-01,0.000000000000000000e+00
5.924082911943149687e-04,8.146695747436876189e+00,8.145250115728035922e+00,4.032325125863005038e-04,1.911988375957740516e-08,5.589159854409926353e-01,0.000000000000000000e+00
5.944082911943150173e-04,8.174695733747375570e+00,8.173250114813384926e+00,4.046186305308953801e-04,1.911615481187123322e-08,5.595185813548297915e-01,0.000000000000000000e+00
5.964082911943150659e-04,8.202695720057791462e+00,8.201250113793134844e+00,4.060047484496438525e-04,1.911245654795390436e-08,5.601211779863923823e-01,0.000000000000000000e+00
5.984082911943151145e-04,8.230695706368143405e+00,8.229250112668621497e+00,4.073908663428863061e-04,1.910878875965860146e-08,5.607237753299436633e-01,0.000000000000000000e+00
6.004082911943151631e-04,8.258695692678523770e+00,8.257250111441230445e+00,4.087769842109635057e-04,1.910515116942956837e-08,5.613263733798765642e-01,0.000000000000000000e+00
6.024082911943152117e-04,8.286695678988781566e+00,8.285250110112084343e+00,4.101631020542011456e-04,1.910154356909998796e-08,5.619289721304001617e-01,0.000000000000000000e+00
6.044082911943152604e-04,8.314695665299030480e+00,8.313250108682547435e+00,4.115492198729351118e-04,1.909796569499189189e-08,5.625315715760486057e-01,0.000000000000000000e+00
6.064082911943153090e-04,8.342695651609279395e+00,8.341250107153861393e+00,4.129353376674927247e-04,1.909441739444961428e-08,5.631341717113169665e-01,0.000000000000000000e+00
6.084082911943153576e-04,8.370695637919476795e+00,8.369250105527182626e+00,4.143214554381955046e-04,1.909089837603961115e-08,5.637367725306896560e-01,0.000000000000000000e+00
6.104082911943154062e-04,8.398695624229564061e+00,8.397250103803646226e+00,4.157075731853614479e-04,1.908740841771727759e-08,5.643393740287168114e-01,0.000000000000000000e+00
6.124082911943154548e-04,8.426695610539661985e+00,8.425250101984545381e+00,4.170936909093148938e-04,1.908394731131579647e-08,5.649419762001786083e-01,0.000000000000000000e+00
6.144082911943155034e-04,8.454695596849752803e+00,8.453250100071011630e+00,4.184798086103700440e-04,1.908051483479056287e-08,5.655445790397655159e-01,0.000000000000000000e+00
6.164082911943155520e-04,8.482695583159685526e+00,8.481250098064032628e+00,4.198659262888317762e-04,1.907711082160812310e-08,5.661471825421147130e-01,0.000000000000000000e+00
6.184082911943156007e-04,8.510695569469660882e+00,8.509250095964924654e+00,4.212520439450196047e-04,1.907373498033493320e-08,5.667497867022515123e-01,0.000000000000000000e+00
6.204082911943156493e-04,8.538695555779554525e+00,8.537250093774659376e+00,4.226381615792342331e-04,1.907038717219311508e-08,5.673523915149365493e-01,0.000000000000000000e+00
6.224082911943156979e-04,8.566695542089430404e+00,8.565250091494382545e+00,4.240242791917830326e-04,1.906706710574912478e-08,5.679549969751747085e-01,0.000000000000000000e+00
6.244082911943157465e-04,8.594695528399203255e+00,8.593250089125074709e+00,4.254103967829631289e-04,1.906377461446950861e-08,5.685576030778740630e-01,0.000000000000000000e+00
6.264082911943157951e-04,8.622695514709006304e+00,8.621250086667913592e+00,4.267965143530794538e-04,1.906050947630966164e-08,5.691602098182224623e-01,0.000000000000000000e+00
6.284082911943158437e-04,8.650695501018777378e+00,8.649250084123865534e+00,4.281826319024251756e-04,1.905727155249170579e-08,5.697628171912541006e-01,0.000000000000000000e+00
6.304082911943158923e-04,8.678695487328472069e+00,8.677250081493907530e+00,4.295687494312918904e-04,1.905406056545988491e-08,5.703654251920848850e-01,0.000000000000000000e+00
6.324082911943159410e-04,8.706695473638173866e+00,8.705250078779119605e+00,4.309548669399747723e-04,1.905087633480295750e-08,5.709680338159994761e-01,0.000000000000000000e+00
6.344082911943159896e-04,8.734695459947845464e+00,8.733250075980441451e+00,4.323409844287599423e-04,1.904771870786525767e-08,5.715706430582194741e-01,0.000000000000000000e+00
6.364082911943160382e-04,8.762695446257385612e+00,8.761250073098741709e+00,4.337271018979282087e-04,1.904458744872439269e-08,5.721732529139433865e-01,0.000000000000000000e+00
6.384082911943160868e-04,8.790695432566984380e+00,8.789250070135167903e+00,4.351132193477726855e-04,1.904148232145796982e-08,5.727758633787356501e-01,0.000000000000000000e+00
6.404082911943161354e-04,8.818695418876529857e+00,8.817250067090542487e+00,4.364993367785685975e-04,1.903840320116589879e-08,5.733784744478800377e-01,0.000000000000000000e+00
6.424082911943161840e-04,8.846695405186002503e+00,8.845250063965773180e+00,4.378854541905938258e-04,1.903534987968136249e-08,5.739810861168130884e-01,0.000000000000000000e+00
6.444082911943162326e-04,8.874695391495402319e+00,8.873250060761765923e+00,4.392715715841244623e-04,1.903232221822648285e-08,5.745836983810459486e-01,0.000000000000000000e+00
6.464082911943162812e-04,8.902695377804764831e+00,8.901250057479455080e+00,4.406576889594364908e-04,1.902931995312329150e-08,5.751863112361661479e-01,0.000000000000000000e+00
6.484082911943163299e-04,8.930695364114217938e+00,8.929250054119847846e+00,4.420438063168075212e-04,1.902634293171612256e-08,5.757889246778908898e-01,0.000000000000000000e+00
6.504082911943163785e-04,8.958695350423511172e+00,8.957250050683567721e+00,4.434299236564947263e-04,1.902339100134931016e-08,5.763915387016202985e-01,0.000000000000000000e+00
6.524082911943164271e-04,8.986695336732852368e+00,8.985250047171678744e+00,4.448160409787754450e-04,1.902046391222267374e-08,5.769941533032527659e-01,0.000000000000000000e+00
6.544082911943164757e-04,9.014695323042063890e+00,9.013250043584841720e+00,4.462021582839053864e-04,1.901756153943612304e-08,5.775967684783411826e-01,0.000000000000000000e+00
6.564082911943165243e-04,9.042695309351234556e+00,9.041250039923975024e+00,4.475882755721516436e-04,1.901468367482284094e-08,5.781993842227644009e-01,0.000000000000000000e+00
6.584082911943165729e-04,9.070695295660417656e+00,9.069250036189950848e+00,4.489743928437772442e-04,1.901183019348273717e-08,5.788020005323923911e-01,0.000000000000000000e+00
6.604082911943166215e-04,9.098695281969540360e+00,9.097250032383508156e+00,4.503605100990373008e-04,1.900900090112678242e-08,5.794046174030258456e-01,0.000000000000000000e+00
6.624082911943166702e-04,9.126695268278652406e+00,9.125250028505487165e+00,4.517466273381902874e-04,1.900619561734373519e-08,5.800072348306137826e-01,0.000000000000000000e+00
6.644082911943167188e-04,9.154695254587739583e+00,9.153250024556657038e+00,4.531327445614895819e-04,1.900341414784456617e-08,5.806098528111069967e-01,0.000000000000000000e+00
6.664082911943167674e-04,9.182695240896849853e+00,9.181250020537836676e+00,4.545188617691895924e-04,1.900065636772918509e-08,5.812124713405326659e-01,0.000000000000000000e+00
6.684082911943168160e-04,9.210695227205835778e+00,9.209250016449642473e+00,4.559049789615330717e-04,1.899792211046413826e-08,5.818150904147838531e-01,0.000000000000000000e+00
6.704082911943168646e-04,9.238695213514722226e+00,9.237250012292843593e+00,4.572910961387691695e-04,1.899521115400482074e-08,5.824177100299685605e-01,0.000000000000000000e+00
6.724082911943169132e-04,9.266695199823725915e+00,9.265250008068397491e+00,4.586772133011546250e-04,1.899252344284008132e-08,5.830203301824194995e-01,0.000000000000000000e+00
6.744082911943169618e-04,9.294695186132614140e+00,9.293250003776799772e+00,4.600633304489220535e-04,1.898985869941416382e-08,5.836229508680510492e-01,0.000000000000000000e+00
6.764082911943170105e-04,9.322695172441507694e+00,9.321249999418887100e+00,4.614494475823196834e-04,1.898721686821591703e-08,5.842255720831870391e-01,0.000000000000000000e+00
6.784082911943170591e-04,9.350695158750365721e+00,9.349249994995322055e+00,4.628355647015851716e-04,1.898459767168958479e-08,5.848281938240127431e-01,0.000000000000000000e+00
6.804082911943171077e-04,9.378695145059049665e+00,9.377249990506667743e+00,4.642216818069501579e-04,1.898200105432401585e-08,5.854308160866699140e-01,0.000000000000000000e+00
6.824082911943171563e-04,9.406695131367859730e+00,9.405249985953910041e+00,4.656077988986657436e-04,1.897942680795239312e-08,5.860334388677710393e-01,0.000000000000000000e+00
6.844082911943172049e-04,9.434695117676600518e+00,9.433249981337530343e+00,4.669939159769569549e-04,1.897687483543020193e-08,5.866360621634552075e-01,0.000000000000000000e+00
6.864082911943172535e-04,9.462695103985319989e+00,9.461249976658246297e+00,4.683800330420587925e-04,1.897434492859062516e-08,5.872386859701661521e-01,0.000000000000000000e+00
6.884082911943173021e-04,9.490695090293980840e+00,9.489249971916681403e+00,4.697661500942002942e-04,1.897183692090020912e-08,5.878413102842738880e-01,0.000000000000000000e+00
6.904082911943173508e-04,9.518695076602684324e+00,9.517249967113579956e+00,4.711522671336154850e-04,1.896935072909222697e-08,5.884439351023420528e-01,0.000000000000000000e+00
6.924082911943173994e-04,9.546695062911195961e+00,9.545249962249345188e+00,4.725383841605201212e-04,1.896688622826658843e-08,5.890465604206207573e-01,0.000000000000000000e+00
6.944082911943174480e-04,9.574695049219775100e+00,9.573249957324872383e+00,4.739245011751525103e-04,1.896444312698974954e-08,5.896491862359090064e-01,0.000000000000000000e+00
6.964082911943174966e-04,9.602695035528407530e+00,9.601249952340769056e+00,4.753106181777358354e-04,1.896202141138392250e-08,5.902518125447331343e-01,0.000000000000000000e+00
6.984082911943175452e-04,9.630695021836945813e+00,9.629249947297498835e+00,4.766967351684847144e-04,1.895962090103786579e-08,5.908544393435493092e-01,0.000000000000000000e+00
7.004082911943175938e-04,9.658695008145357974e+00,9.657249942195640813e+00,4.780828521476182102e-04,1.895724144329591354e-08,5.914570666289540313e-01,0.000000000000000000e+00
7.024082911943176424e-04,9.686694994453748819e+00,9.685249937035894874e+00,4.794689691153601564e-04,1.895488291325797547e-08,5.920596943977223248e-01,0.000000000000000000e+00
7.044082911943176911e-04,9.714694980762185850e+00,9.713249931818916494e+00,4.808550860719309713e-04,1.895254514439059790e-08,5.926623226465999039e-01,0.000000000000000000e+00
7.064082911943177397e-04,9.742694967070606893e+00,9.741249926545222593e+00,4.822412030175430501e-04,1.895022805342705396e-08,5.932649513722578760e-01,0.000000000000000000e+00
7.084082911943177883e-04,9.770694953379027936e+00,9.769249921215406474e+00,4.836273199524108481e-04,1.894793141832273875e-08,5.938675805714614953e-01,0.000000000000000000e+00
7.104082911943178369e-04,9.798694939687324634e+00,9.797249915829906897e+00,4.850134368767406346e-04,1.894565518356650102e-08,5.944702102408827571e-01,0.000000000000000000e+00
7.124082911943178855e-04,9.826694925995557384e+00,9.825249910389342034e+00,4.863995537907457264e-04,1.894339912711373586e-08,5.950728403774041553e-01,0.000000000000000000e+00
7.144082911943179341e-04,9.854694912303791909e+00,9.853249904894328282e+00,4.877856706946388440e-04,1.894116322120886764e-08,5.956754709779419343e-01,0.000000000000000000e+00
7.164082911943179827e-04,9.882694898612003342e+00,9.881249899345380783e+00,4.891717875886256606e-04,1.893894727156286706e-08,5.962781020393510545e-01,0.000000000000000000e+00
7.184082911943180313e-04,9.910694884920280501e+00,9.909249893743126592e+00,4.905579044729172162e-04,1.893675119490900727e-08,5.968807335586294727e-01,0.000000000000000000e+00
7.204082911943180800e-04,9.938694871228417327e+00,9.937249888087890781e+00,4.919440213477075828e-04,1.893457479695825896e-08,5.974833655325122450e-01,0.000000000000000000e+00
7.224082911943181286e-04,9.966694857536602115e+00,9.965249882380378565e+00,4.933301382132087220e-04,1.893241791117716843e-08,5.980859979581598651e-01,0.000000000000000000e+00
7.244082911943181772e-04,9.994694843844701637e+00,9.993249876620973637e+00,4.947162550696157903e-04,1.893028059307688693e-08,5.986886308324352868e-01,0.000000000000000000e+00
7.264082911943182258e-04,1.002269483015280116e+01,1.002124987081027285e+01,4.961023719171329428e-04,1.892816250959050706e-08,5.992912641524554829e-01,0.000000000000000000e+00
7.284082911943182744e-04,1.005069481646085272e+01,1.004924986494872030e+01,4.974884887559564203e-04,1.892606368847360443e-08,5.998938979152246276e-01,0.000000000000000000e+00
7.304082911943183230e-04,1.007869480276895580e+01,1.007724985903691284e+01,4.988746055862881010e-04,1.892398390768157412e-08,6.004965321179263071e-01,0.000000000000000000e+00
7.324082911943183716e-04,1.010669478907697361e+01,1.010524985307520396e+01,5.002607224083169615e-04,1.892192308394768929e-08,6.010991667575318331e-01,0.000000000000000000e+00
7.344082911943184203e-04,1.013469477538495234e+01,1.013324984706412302e+01,5.016468392222396761e-04,1.891988110624964747e-08,6.017018018312292327e-01,0.000000000000000000e+00
7.364082911943184689e-04,1.016269476169286712e+01,1.016124984100412121e+01,5.030329560282480400e-04,1.891785783580957059e-08,6.023044373361621240e-01,0.000000000000000000e+00
7.384082911943185175e-04,1.019069474800085295e+01,1.018924983489579894e+01,5.044190728265400287e-04,1.891585318936073179e-08,6.029070732696517609e-01,0.000000000000000000e+00
7.404082911943185661e-04,1.021869473430876418e+01,1.021724982873947951e+01,5.058051896172988723e-04,1.891386697261410177e-08,6.035097096287689311e-01,0.000000000000000000e+00
7.424082911943186147e-04,1.024669472061656528e+01,1.024524982253557681e+01,5.071913064007112703e-04,1.891189913005852929e-08,6.041123464107238661e-01,0.000000000000000000e+00
7.444082911943186633e-04,1.027469470692435394e+01,1.027324981628464684e+01,5.085774231769693435e-04,1.890994946740498506e-08,6.047149836128911105e-01,0.000000000000000000e+00
7.464082911943187119e-04,1.030269469323218168e+01,1.030124980998718165e+01,5.099635399462618514e-04,1.890801801240904467e-08,6.053176212326079053e-01,0.000000000000000000e+00
7.484082911943187606e-04,1.033069467953994369e+01,1.032924980364352230e+01,5.113496567087688800e-04,1.890610454302610322e-08,6.059202592670862586e-01,0.000000000000000000e+00
7.504082911943188092e-04,1.035869466584774656e+01,1.035724979725420347e+01,5.127357734646787553e-04,1.890420897598943384e-08,6.065228977137797628e-01,0.000000000000000000e+00
7.524082911943188578e-04,1.038669465215550858e+01,1.038524979081958044e+01,5.141218902141701536e-04,1.890233120027673408e-08,6.071255365699741446e-01,0.000000000000000000e+00
7.544082911943189064e-04,1.041469463846314980e+01,1.041324978433999426e+01,5.155080069574201253e-04,1.890047107711012586e-08,6.077281758329799999e-01,0.000000000000000000e+00
7.564082911943189550e-04,1.044269462477084609e+01,1.044124977781604180e+01,5.168941236946172132e-04,1.889862849546730672e-08,6.083308155003965823e-01,0.000000000000000000e+00
7.584082911943190036e-04,1.047069461107849797e+01,1.046924977124803213e+01,5.182802404259344558e-04,1.889680339983712543e-08,6.089334555695540274e-01,0.000000000000000000e+00
7.604082911943190522e-04,1.049869459738611965e+01,1.049724976463638626e+01,5.196663571515498792e-04,1.889499565144170390e-08,6.095360960379361259e-01,0.000000000000000000e+00
7.624082911943191009e-04,1.052669458369374667e+01,1.052524975798155005e+01,5.210524738716415093e-04,1.889320511150316406e-08,6.101387369030595309e-01,0.000000000000000000e+00
7.644082911943191495e-04,1.055469457000138611e+01,1.055324975128392495e+01,5.224385905863844449e-04,1.889143172451035468e-08,6.107413781624329019e-01,0.000000000000000000e+00
7.664082911943191981e-04,1.058269455630890299e+01,1.058124974454377032e+01,5.238247072959457615e-04,1.888967540719654892e-08,6.113440198134609815e-01,0.000000000000000000e+00
7.684082911943192467e-04,1.061069454261642164e+01,1.060924973776159419e+01,5.252108240005039187e-04,1.888793593751714184e-08,6.119466618538202951e-01,0.000000000000000000e+00
7.704082911943192953e-04,1.063869452892386214e+01,1.063724973093770387e+01,5.265969407002263174e-04,1.888621331547213344e-08,6.125493042810150612e-01,0.000000000000000000e+00
7.724082911943193439e-04,1.066669451523140744e+01,1.066524972407266070e+01,5.279830573952923930e-04,1.888450743003922128e-08,6.131519470928035176e-01,0.000000000000000000e+00
7.744082911943193925e-04,1.069469450153883372e+01,1.069324971716661565e+01,5.293691740858596801e-04,1.888281811468495164e-08,6.137545902865921832e-01,0.000000000000000000e+00
7.764082911943194412e-04,1.072269448784619961e+01,1.072124971021999684e+01,5.307552907720991574e-04,1.888114534165374891e-08,6.143572338600824523e-01,0.000000000000000000e+00
7.784082911943194898e-04,1.075069447415362234e+01,1.074924970323328566e+01,5.321414074541833215e-04,1.887948897216773503e-08,6.149598778110387798e-01,0.000000000000000000e+00
7.804082911943195384e-04,1.077869446046091717e+01,1.077724969620665973e+01,5.335275241322687311e-04,1.887784892296018313e-08,6.155625221369662725e-01,0.000000000000000000e+00
7.824082911943195870e-04,1.080669444676834878e+01,1.080524968914073902e+01,5.349136408065325449e-04,1.887622502749763953e-08,6.161651668358327782e-01,0.000000000000000000e+00
7.844082911943196356e-04,1.083469443307574132e+01,1.083324968203569938e+01,5.362997574771298038e-04,1.887461734129125546e-08,6.167678119051691610e-01,0.000000000000000000e+00
7.864082911943196842e-04,1.086269441938307168e+01,1.086124967489187298e+01,5.376858741442221623e-04,1.887302564229642599e-08,6.173704573426981312e-01,0.000000000000000000e+00
7.884082911943197328e-04,1.089069440569033631e+01,1.088924966770959557e+01,5.390719908079701908e-04,1.887144981949084865e-08,6.179731031461788149e-01,0.000000000000000000e+00
7.904082911943197814e-04,1.091869439199751746e+01,1.091724966048918155e+01,5.404581074685330501e-04,1.886988990063009908e-08,6.185757493133756668e-01,0.000000000000000000e+00
7.924082911943198301e-04,1.094669437830466308e+01,1.094524965323102172e+01,5.418442241260725033e-04,1.886834560815842110e-08,6.191783958421392953e-01,0.000000000000000000e+00
7.944082911943198787e-04,1.097469436461195258e+01,1.097324964593563301e+01,5.432303407807556259e-04,1.886681705309811719e-08,6.197810427304641934e-01,0.000000000000000000e+00
7.964082911943199273e-04,1.100269435091919057e+01,1.100124963860313798e+01,5.446164574327296524e-04,1.886530401340458241e-08,6.203836899759833656e-01,0.000000000000000000e+00
7.984082911943199759e-04,1.103069433722636461e+01,1.102924963123384750e+01,5.460025740821499492e-04,1.886380640581108992e-08,6.209863375765412030e-01,0.000000000000000000e+00
8.004082911943200245e-04,1.105869432353350845e+01,1.105724962382812215e+01,5.473886907291735087e-04,1.886232420256206410e-08,6.215889855300531508e-01,0.000000000000000000e+00
8.024082911943200731e-04,1.108669430984061144e+01,1.108524961638626571e+01,5.487748073739536370e-04,1.886085723712405127e-08,6.221916338344026798e-01,0.000000000000000000e+00
8.044082911943201217e-04,1.111469429614771975e+01,1.111324960890863700e+01,5.501609240166455920e-04,1.885940542623032457e-08,6.227942824875434269e-01,0.000000000000000000e+00
8.064082911943201704e-04,1.114269428245479610e+01,1.114124960139550780e+01,5.515470406573997524e-04,1.885796874212530838e-08,6.233969314873633039e-01,0.000000000000000000e+00
8.084082911943202190e-04,1.117069426876185290e+01,1.116924959384719962e+01,5.529331572963677981e-04,1.885654704603112464e-08,6.239995808318203885e-01,0.000000000000000000e+00
8.104082911943202676e-04,1.119869425506890082e+01,1.119724958626402156e+01,5.543192739337004333e-04,1.885514028243662210e-08,6.246022305188869694e-01,0.000000000000000000e+00
8.124082911943203162e-04,1.122669424137586880e+01,1.122524957864619921e+01,5.557053905695432663e-04,1.885374836807507393e-08,6.252048805464731629e-01,0.000000000000000000e+00
8.144082911943203648e-04,1.125469422768284566e+01,1.125324957099411982e+01,5.570915072040489528e-04,1.885237119192417765e-08,6.258075309126738262e-01,0.000000000000000000e+00
8.164082911943204134e-04,1.128269421398988825e+01,1.128124956330813156e+01,5.584776238373674378e-04,1.885100861520605520e-08,6.264101816155509539e-01,0.000000000000000000e+00
8.184082911943204620e-04,1.131069420029676209e+01,1.130924955558829126e+01,5.598637404696340299e-04,1.884966069343185779e-08,6.270128326529027518e-01,0.000000000000000000e+00
8.204082911943205107e-04,1.133869418660367323e+01,1.133724954783508743e+01,5.612498571010035532e-04,1.884832717680140490e-08,6.276154840229839493e-01,0.000000000000000000e+00
8.224082911943205593e-04,1.136669417291052220e+01,1.136524954004869947e+01,5.626359737316157612e-04,1.884700809307027214e-08,6.282181357237650587e-01,0.000000000000000000e+00
8.244082911943206079e-04,1.139469415921744400e+01,1.139324953222954484e+01,5.640220903616211413e-04,1.884570333121615704e-08,6.288207877534510715e-01,0.000000000000000000e+00
8.264082911943206565e-04,1.142269414552428053e+01,1.142124952437774077e+01,5.654082069911546765e-04,1.884441283572790837e-08,6.294234401099840781e-01,0.000000000000000000e+00
8.284082911943207051e-04,1.145069413183114726e+01,1.144924951649367628e+01,5.667943236203639270e-04,1.884313646782764806e-08,6.300260927915903864e-01,0.000000000000000000e+00
8.304082911943207537e-04,1.147869411813792162e+01,1.147724950857749704e+01,5.681804402493834420e-04,1.884187419975980049e-08,6.306287457962724829e-01,0.000000000000000000e+00
8.324082911943208023e-04,1.150669410444473151e+01,1.150524950062959739e+01,5.695665568783599142e-04,1.884062594825763881e-08,6.312313991223001963e-01,0.000000000000000000e+00
8.344082911943208510e-04,1.153469409075152363e+01,1.153324949265018695e+01,5.709526735074296278e-04,1.883939157454328495e-08,6.318340527677843710e-01,0.000000000000000000e+00
8.364082911943208996e-04,1.156269407705834595e+01,1.156124948463957658e+01,5.723387901367333122e-04,1.883817099535001205e-08,6.324367067309406565e-01,0.000000000000000000e+00
8.384082911943209482e-04,1.159069406336503327e+01,1.158924947659785687e+01,5.737249067664006380e-04,1.883696426618897135e-08,6.330393610097875268e-01,0.000000000000000000e+00
8.404082911943209968e-04,1.161869404967174901e+01,1.161724946852544882e+01,5.751110233965761294e-04,1.883577110950440670e-08,6.336420156027005035e-01,0.000000000000000000e+00
8.424082911943210454e-04,1.164669403597840791e+01,1.164524946042251585e+01,5.764971400273915169e-04,1.883459169182977178e-08,6.342446705078046421e-01,0.000000000000000000e+00
8.444082911943210940e-04,1.167469402228508990e+01,1.167324945228939015e+01,5.778832566589854700e-04,1.883342573560931044e-08,6.348473257234168443e-01,0.000000000000000000e+00
8.464082911943211426e-04,1.170269400859169195e+01,1.170124944412621382e+01,5.792693732914872256e-04,1.883227324084302268e-08,6.354499812476834819e-01,0.000000000000000000e+00
8.484082911943211913e-04,1.173069399489830289e+01,1.172924943593331371e+01,5.806554899250343689e-04,1.883113406875303042e-08,6.360526370789418849e-01,0.000000000000000000e+00
8.504082911943212399e-04,1.175869398120490494e+01,1.175724942771091541e+01,5.820416065597587389e-04,1.883000833036163613e-08,6.366552932154583289e-01,0.000000000000000000e+00
8.524082911943212885e-04,1.178669396751154785e+01,1.178524941945931204e+01,5.834277231957942346e-04,1.882889566484635679e-08,6.372579496555701439e-01,0.000000000000000000e+00
8.544082911943213371e-04,1.181469395381817478e+01,1.181324941117867944e+01,5.848138398332690087e-04,1.882779618322949489e-08,6.378606063975116314e-01,0.000000000000000000e+00
8.564082911943213857e-04,1.184269394012468446e+01,1.184124940286915262e+01,5.861999564723086118e-04,1.882670988551105040e-08,6.384632634395099871e-01,0.000000000000000000e+00
8.584082911943214343e-04,1.187069392643116572e+01,1.186924939453105310e+01,5.875860731130468344e-04,1.882563649413526718e-08,6.390659207799789243e-01,0.000000000000000000e+00
8.604082911943214829e-04,1.189869391273768962e+01,1.189724938616467931e+01,5.889721897556157324e-04,1.882457612012444770e-08,6.396685784173321565e-01,0.000000000000000000e+00
8.624082911943215315e-04,1.192669389904412469e+01,1.192524937777012006e+01,5.903583064001366280e-04,1.882352856918956263e-08,6.402712363497879977e-01,0.000000000000000000e+00
8.644082911943215802e-04,1.195469388535062016e+01,1.195324936934775728e+01,5.917444230467439623e-04,1.882249381357503637e-08,6.408738945758738481e-01,0.000000000000000000e+00
8.664082911943216288e-04,1.198269387165705524e+01,1.198124936089768866e+01,5.931305396955579732e-04,1.882147177001414207e-08,6.414765530938453253e-01,0.000000000000000000e+00
8.684082911943216774e-04,1.201069385796350630e+01,1.200924935242020553e+01,5.945166563467081146e-04,1.882046243850687972e-08,6.420792119021676569e-01,0.000000000000000000e+00
8.704082911943217260e-04,1.203869384426995914e+01,1.203724934391551393e+01,5.959027730003188528e-04,1.881946559700864441e-08,6.426818709992403456e-01,0.000000000000000000e+00
8.724082911943217746e-04,1.206669383057628231e+01,1.206524933538369382e+01,5.972888896565073900e-04,1.881848132878616298e-08,6.432845303833438777e-01,0.000000000000000000e+00
8.744082911943218232e-04,1.209469381688265166e+01,1.209324932682513776e+01,5.986750063154063243e-04,1.881750952281713296e-08,6.438871900530980241e-01,0.000000000000000000e+00
8.764082911943218718e-04,1.212269380318896062e+01,1.212124931823994167e+01,6.000611229771326410e-04,1.881655006807925190e-08,6.444898500068312330e-01,0.000000000000000000e+00
8.784082911943219205e-04,1.215069378949534951e+01,1.214924930962845018e+01,6.014472396418150350e-04,1.881560296457251980e-08,6.450925102431455116e-01,0.000000000000000000e+00
8.804082911943219691e-04,1.217869377580170109e+01,1.217724930099076097e+01,6.028333563095692989e-04,1.881466807351905857e-08,6.456951707603817425e-01,0.000000000000000000e+00
8.824082911943220177e-04,1.220669376210801538e+01,1.220524929232707301e+01,6.042194729805156709e-04,1.881374542267444383e-08,6.462978315570246934e-01,0.000000000000000000e+00
8.844082911943220663e-04,1.223469374841432789e+01,1.223324928363762432e+01,6.056055896547761237e-04,1.881283481774964628e-08,6.469004926316035409e-01,0.000000000000000000e+00
8.864082911943221149e-04,1.226269373472055335e+01,1.226124927492252681e+01,6.069917063324653658e-04,1.881193628650024152e-08,6.475031539825337745e-01,0.000000000000000000e+00
8.884082911943221635e-04,1.229069372102680546e+01,1.228924926618209668e+01,6.083778230137077553e-04,1.881104977341507833e-08,6.481058156084511523e-01,0.000000000000000000e+00
8.904082911943222121e-04,1.231869370733308600e+01,1.231724925741652754e+01,6.097639396986211449e-04,1.881017519522742987e-08,6.487084775078741927e-01,0.000000000000000000e+00
8.924082911943222608e-04,1.234669369363922087e+01,1.234524924862583717e+01,6.111500563873136296e-04,1.880931238540384243e-08,6.493111396791722001e-01,0.000000000000000000e+00
8.944082911943223094e-04,1.237469367994545699e+01,1.237324923981046787e+01,6.125361730799146632e-04,1.880846142721104286e-08,6.499138021211408045e-01,0.000000000000000000e+00
8.964082911943223580e-04,1.240269366625157588e+01,1.240124923097038590e+01,6.139222897765284374e-04,1.880762220962672870e-08,6.505164648321208887e-01,0.000000000000000000e+00
8.984082911943224066e-04,1.243069365255768233e+01,1.242924922210588612e+01,6.153084064772757324e-04,1.880679470489532434e-08,6.511191278107837377e-01,0.000000000000000000e+00
9.004082911943224552e-04,1.245869363886382253e+01,1.245724921321719414e+01,6.166945231822729915e-04,1.880597871872780047e-08,6.517217910557597804e-01,0.000000000000000000e+00
9.024082911943225038e-04,1.248669362517000181e+01,1.248524920430450180e+01,6.180806398916348149e-04,1.880517433439088393e-08,6.523244545656474713e-01,0.000000000000000000e+00
9.044082911943225524e-04,1.251469361147611004e+01,1.251324919536788016e+01,6.194667566054683217e-04,1.880438138535112103e-08,6.529271183389315780e-01,0.000000000000000000e+00
9.064082911943226011e-04,1.254269359778215787e+01,1.254124918640752107e+01,6.208528733238868110e-04,1.880359989936408738e-08,6.535297823742514112e-01,0.000000000000000000e+00
9.084082911943226497e-04,1.257069358408826787e+01,1.256924917742372116e+01,6.222389900470080273e-04,1.880282982091863175e-08,6.541324466703422047e-01,0.000000000000000000e+00
9.104082911943226983e-04,1.259869357039432636e+01,1.259724916841654796e+01,6.236251067749381139e-04,1.880207101123687607e-08,6.547351112257260297e-01,0.000000000000000000e+00
9.124082911943227469e-04,1.262669355670043991e+01,1.262524915938627679e+01,6.250112235077926468e-04,1.880132341480766911e-08,6.553377760391541074e-01,0.000000000000000000e+00
9.144082911943227955e-04,1.265469354300638649e+01,1.265324915033286324e+01,6.263973402456714809e-04,1.880058705938658647e-08,6.559404411090614673e-01,0.000000000000000000e+00
9.164082911943228441e-04,1.268269352931241478e+01,1.268124914125672831e+01,6.277834569886957218e-04,1.879986177844017448e-08,6.565431064343609791e-01,0.000000000000000000e+00
9.184082911943228927e-04,1.271069351561830096e+01,1.270924913215781515e+01,6.291695737369630559e-04,1.879914768299073558e-08,6.571457720135054359e-01,0.000000000000000000e+00
9.204082911943229414e-04,1.273869350192433991e+01,1.273724912303658208e+01,6.305556904905962150e-04,1.879844446772693800e-08,6.577484378454752090e-01,0.000000000000000000e+00
9.224082911943229900e-04,1.276669348823032202e+01,1.276524911389298822e+01,6.319418072496927772e-04,1.879775232693781106e-08,6.583511039287461841e-01,0.000000000000000000e+00
9.244082911943230386e-04,1.279469347453625439e+01,1.279324910472720589e+01,6.333279240143599702e-04,1.879707101082317422e-08,6.589537702620305026e-01,0.000000000000000000e+00
9.264082911943230872e-04,1.282269346084218675e+01,1.282124909553944114e+01,6.347140407847067563e-04,1.879640057489417870e-08,6.595564368440971492e-01,0.000000000000000000e+00
9.284082911943231358e-04,1.285069344714803208e+01,1.284924908632977569e+01,6.361001575608347253e-04,1.879574093588409767e-08,6.601591036735801055e-01,0.000000000000000000e+00
9.304082911943231844e-04,1.287869343345390050e+01,1.287724907709847599e+01,6.374862743428545741e-04,1.879509201052620426e-08,6.607617707493282921e-01,0.000000000000000000e+00
9.324082911943232330e-04,1.290669341975980444e+01,1.290524906784570724e+01,6.388723911308715787e-04,1.879445377106492288e-08,6.613644380700858250e-01,0.000000000000000000e+00
9.344082911943232816e-04,1.293469340606565154e+01,1.293324905857153695e+01,6.402585079249853775e-04,1.879382618974467789e-08,6.619671056345222127e-01,0.000000000000000000e+00
9.364082911943233303e-04,1.296269339237158569e+01,1.296124904927626353e+01,6.416446247253067758e-04,1.879320915554316684e-08,6.625697734415201268e-01,0.000000000000000000e+00
9.384082911943233789e-04,1.299069337867732443e+01,1.298924903995975910e+01,6.430307415319250035e-04,1.879260264070481412e-08,6.631724414895820985e-01,0.000000000000000000e+00
9.404082911943234275e-04,1.301869336498315555e+01,1.301724903062246597e+01,6.444168583449567207e-04,1.879200661747404411e-08,6.637751097777826459e-01,0.000000000000000000e+00
9.424082911943234761e-04,1.304669335128896002e+01,1.304524902126440900e+01,6.458029751644971204e-04,1.879142091931740310e-08,6.643777783047646324e-01,0.000000000000000000e+00
9.444082911943235247e-04,1.307469333759464725e+01,1.307324901188565036e+01,6.471890919906437807e-04,1.879084562950161796e-08,6.649804470692473046e-01,0.000000000000000000e+00
9.464082911943235733e-04,1.310269332390041441e+01,1.310124900248653468e+01,6.485752088235073988e-04,1.879028069251553745e-08,6.655831160702341265e-01,0.000000000000000000e+00
9.484082911943236219e-04,1.313069331020618691e+01,1.312924899306713122e+01,6.499613256631841434e-04,1.878972594182570788e-08,6.661857853064585555e-01,0.000000000000000000e+00
9.504082911943236706e-04,1.315869329651192920e+01,1.315724898362755013e+01,6.513474425097723515e-04,1.878918140518770485e-08,6.667884547767020109e-01,0.000000000000000000e+00
9.524082911943237192e-04,1.318669328281767683e+01,1.318524897416797081e+01,6.527335593633730709e-04,1.878864711035710400e-08,6.673911244798365061e-01,0.000000000000000000e+00
9.544082911943237678e-04,1.321469326912329123e+01,1.321324896468839682e+01,6.541196762240780250e-04,1.878812280753372477e-08,6.679937944145564188e-01,0.000000000000000000e+00
9.564082911943238164e-04,1.324269325542902465e+01,1.324124895518921896e+01,6.555057930919978024e-04,1.878760857998429401e-08,6.685964645799682415e-01,0.000000000000000000e+00
9.584082911943238650e-04,1.327069324173467457e+01,1.326924894567037327e+01,6.568919099672200067e-04,1.878710437219766050e-08,6.691991349747183904e-01,0.000000000000000000e+00
9.604082911943239136e-04,1.329869322804038489e+01,1.329724893613214753e+01,6.582780268498491551e-04,1.878661012866267299e-08,6.698018055978174345e-01,0.000000000000000000e+00
9.624082911943239622e-04,1.332669321434599929e+01,1.332524892657452042e+01,6.596641437399739351e-04,1.878612576611260465e-08,6.704044764479721863e-01,0.000000000000000000e+00
9.644082911943240109e-04,1.335469320065160659e+01,1.335324891699771399e+01,6.610502606376948524e-04,1.878565122903630424e-08,6.710071475241559114e-01,0.000000000000000000e+00
9.664082911943240595e-04,1.338269318695716947e+01,1.338124890740181705e+01,6.624363775431051484e-04,1.878518654518934738e-08,6.716098188252210832e-01,0.000000000000000000e+00
9.684082911943241081e-04,1.341069317326268262e+01,1.340924889778696105e+01,6.638224944563000159e-04,1.878473157579385600e-08,6.722124903500539261e-01,0.000000000000000000e+00
9.704082911943241567e-04,1.343869315956837696e+01,1.343724888815351193e+01,6.652086113773857069e-04,1.878428637636098131e-08,6.728151620977875780e-01,0.000000000000000000e+00
9.724082911943242053e-04,1.346669314587397892e+01,1.346524887850132757e+01,6.665947283064428859e-04,1.878385080811284524e-08,6.734178340670524676e-01,0.000000000000000000e+00
9.744082911943242539e-04,1.349469313217953292e+01,1.349324886883057850e+01,6.679808452435672880e-04,1.878342481553829657e-08,6.740205062568076499e-01,0.000000000000000000e+00
9.764082911943243025e-04,1.352269311848502653e+01,1.352124885914138375e+01,6.693669621888518294e-04,1.878300845414848652e-08,6.746231786659766527e-01,0.000000000000000000e+00
9.784082911943243512e-04,1.355069310479059830e+01,1.354924884943400443e+01,6.707530791423952808e-04,1.878260152965438579e-08,6.752258512936286650e-01,0.000000000000000000e+00
9.804082911943243998e-04,1.357869309109606704e+01,1.357724883970838725e+01,6.721391961042813426e-04,1.878220412532272121e-08,6.758285241385113551e-01,0.000000000000000000e+00
9.824082911943244484e-04,1.360669307740155531e+01,1.360524882996477558e+01,6.735253130746073763e-04,1.878181613013119033e-08,6.764311971997134521e-01,0.000000000000000000e+00
9.844082911943244970e-04,1.363469306370703293e+01,1.363324882020326712e+01,6.749114300534635874e-04,1.878143751632421754e-08,6.770338704761460491e-01,0.000000000000000000e+00
9.864082911943245456e-04,1.366269305001254608e+01,1.366124881042402350e+01,6.762975470409427836e-04,1.878106822839065160e-08,6.776365439668197155e-01,0.000000000000000000e+00
9.884082911943245942e-04,1.369069303631793666e+01,1.368924880062701632e+01,6.776836640371276897e-04,1.878070832184164374e-08,6.782392176705496212e-01,0.000000000000000000e+00
9.904082911943246428e-04,1.371869302262327928e+01,1.371724879081243387e+01,6.790697810421113300e-04,1.878035757463258903e-08,6.788418915863854153e-01,0.000000000000000000e+00
9.924082911943246915e-04,1.374669300892876755e+01,1.374524878098058878e+01,6.804558980559926923e-04,1.878001601451906311e-08,6.794445657135046446e-01,0.000000000000000000e+00
9.944082911943247401e-04,1.377469299523416169e+01,1.377324877113136203e+01,6.818420150788492970e-04,1.877968361374549033e-08,6.800472400506460957e-01,0.000000000000000000e+00
9.964082911943247887e-04,1.380269298153957891e+01,1.380124876126498812e+01,6.832281321107752528e-04,1.877936037231187072e-08,6.806499145969322484e-01,0.000000000000000000e+00
9.984082911943248373e-04,1.383069296784492153e+01,1.382924875138148124e+01,6.846142491518538266e-04,1.877904615144032618e-08,6.812525893512724195e-01,0.000000000000000000e+00
1.000408291194324886e-03,1.385869295415032099e+01,1.385724874148108476e+01,6.860003662021791270e-04,1.877874100664200796e-08,6.818552643128015234e-01,0.000000000000000000e+00
1.002408291194324935e-03,1.388669294045570979e+01,1.388524873156385198e+01,6.873864832618351798e-04,1.877844479913903797e-08,6.824579394804732857e-01,0.000000000000000000e+00
1.004408291194324983e-03,1.391469292676104175e+01,1.391324872162984683e+01,6.887726003309059021e-04,1.877815755668699182e-08,6.830606148532716304e-01,0.000000000000000000e+00
1.006408291194325032e-03,1.394269291306638436e+01,1.394124871167924518e+01,6.901587174094810659e-04,1.877787919601914268e-08,6.836632904302852864e-01,0.000000000000000000e+00
1.008204145597162539e-03,1.396783486240938643e+01,1.396639066437229282e+01,6.914033496454384097e-04,1.877736252597905775e-08,6.842044491608660906e-01,0.000000000000000000e+00
1.010000000000000047e-03,1.399297681175249330e+01,1.399153261705304452e+01,6.926479818889602321e-04,1.877716535036988432e-08,6.847456080095000175e-01,0.000000000000000000e+00
1.010199999999999943e-03,1.399497743176103448e+01,1.399354119803342300e+01,6.927473941955363066e-04,1.388892700848742834e-08,6.840120651144285802e-01,0.000000000000000000e+00
1.010599999999999953e-03,1.399768193856183274e+01,1.399627412453528663e+01,6.928826110078188010e-04,7.281837355321840732e-09,6.812722670813862180e-01,0.000000000000000000e+00
1.011399999999999973e-03,1.399991363576699044e+01,1.399859039921244452e+01,6.929970548994427316e-04,1.824191409038888878e-09,6.727810078742635369e-01,0.000000000000000000e+00
1.013000000000000012e-03,1.400057246966589553e+01,1.399943577602538269e+01,6.930384182614550805e-04,1.977805974551216650e-10,6.528115802753990948e-01,0.000000000000000000e+00
1.014730228853307544e-03,1.400023919120584459e+01,1.399928436691984857e+01,6.930304522350655546e-04,9.944722823007623447e-10,6.314282176595291673e-01,0.000000000000000000e+00
1.016730228853307593e-03,1.400001906627453607e+01,1.399923852550561243e+01,6.930277367906108668e-04,1.515693820453023477e-09,6.084363536610197798e-01,0.000000000000000000e+00
1.018730228853307641e-03,1.399997545020433343e+01,1.399933655181924408e+01,6.930322323001645657e-04,1.609106486943900904e-09,5.871905066101099635e-01,0.000000000000000000e+00
1.020730228853307690e-03,1.399997993478626590e+01,1.399945671736870700e+01,6.930378945966507442e-04,1.587598774666076906e-09,5.674557854119495204e-01,0.000000000000000000e+00
1.022730228853307739e-03,1.399998584208337427e+01,1.399955736104950965e+01,6.930426476376712981e-04,1.564651935792582549e-09,5.490850606161927772e-01,0.000000000000000000e+00
1.024730228853307787e-03,1.399998786938569140e+01,1.399963699753939039e+01,6.930464074809372351e-04,1.552834943963077308e-09,5.319792975769939147e-01,0.000000000000000000e+00
1.026730228853307836e-03,1.399998833521998343e+01,1.399970102157823604e+01,6.930494327909183898e-04,1.546180794509410816e-09,5.160533794323853840e-01,0.000000000000000000e+00
1.028730228853307884e-03,1.399998856721038187e+01,1.399975329322969664e+01,6.930519077442301272e-04,1.541197031107444104e-09,5.012271181591962943e-01,0.000000000000000000e+00
1.030730228853307933e-03,1.399998883889474577e+01,1.399979617076911076e+01,6.930539433955983011e-04,1.537009769458919095e-09,4.874248489256167716e-01,0.000000000000000000e+00
1.032730228853307982e-03,1.399998913026340475e+01,1.399983134447913891e+01,6.930556187535221986e-04,1.533499577321961738e-09,4.745758409723759286e-01,0.000000000000000000e+00
1.034730228853308030e-03,1.399998941028765742e+01,1.399986018397119203e+01,6.930569977970206259e-04,1.530604670785251642e-09,4.626142316481214323e-01,0.000000000000000000e+00
1.036730228853308079e-03,1.399998967055122812e+01,1.399988382739967996e+01,6.930581337403832198e-04,1.528233484204832848e-09,4.514787263273571938e-01,0.000000000000000000e+00
1.038730228853308128e-03,1.399998991179156604e+01,1.399990321409748262e+01,6.930590705229816529e-04,1.526292842113363690e-09,4.411122717347026878e-01,0.000000000000000000e+00
1.040730228853308176e-03,1.399999013594868202e+01,1.399991911438144498e+01,6.930598441817310221e-04,1.524703530098037163e-09,4.314617558977857925e-01,0.000000000000000000e+00
1.042730228853308225e-03,1.399999034450156188e+01,1.399993215876556363e+01,6.930604842130014091e-04,1.523401405023605548e-09,4.224777344608181551e-01,0.000000000000000000e+00
1.044730228853308273e-03,1.399999053859166231e+01,1.399994286335232552e+01,6.930610147606358802e-04,1.522334286407911463e-09,4.141141775309389317e-01,0.000000000000000000e+00
1.046730228853308322e-03,1.399999071922353977e+01,1.399995165071978320e+01,6.930614555934921017e-04,1.521459652709111765e-09,4.063282340692442318e-01,0.000000000000000000e+00
1.048730228853308371e-03,1.399999088733075325e+01,1.399995886692390812e+01,6.930618229009081381e-04,1.520742670679808839e-09,3.990800124202635857e-01,0.000000000000000000e+00
1.050730228853308419e-03,1.399999104378562897e+01,1.399996479537381155e+01,6.930621299417444705e-04,1.520154807588269819e-09,3.923323759416259549e-01,0.000000000000000000e+00
1.052730228853308468e-03,1.399999118940048426e+01,1.399996966818380351e+01,6.930623875753795992e-04,1.519672748750977576e-09,3.860507527377468051e-01,0.000000000000000000e+00
1.054730228853308516e-03,1.399999132493038978e+01,1.399997367546827043e+01,6.930626046964867169e-04,1.519277315065181710e-09,3.802029585340829243e-01,0.000000000000000000e+00
1.056730228853308565e-03,1.399999145107706333e+01,1.399997697295235888e+01,6.930627885910344184e-04,1.518952852386235008e-09,3.747590317845936880e-01,0.000000000000000000e+00
1.058730228853308614e-03,1.399999156849281867e+01,1.399997968820305516e+01,6.930629452277566743e-04,1.518686593149354280e-09,3.696910801667812052e-01,0.000000000000000000e+00
1.060730228853308662e-03,1.399999167778394060e+01,1.399998192573028355e+01,6.930630794967666472e-04,1.518467990235805587e-09,3.649731376773530656e-01,0.000000000000000000e+00
1.062730228853308711e-03,1.399999177951442419e+01,1.399998377116376602e+01,6.930631954049387049e-04,1.518288383905996852e-09,3.605810315973947411e-01,0.000000000000000000e+00
1.064730228853308759e-03,1.399999187420873170e+01,1.399998529467205088e+01,6.930632962358420105e-04,1.518140835266024169e-09,3.564922586442396124e-01,0.000000000000000000e+00
1.066730228853308808e-03,1.399999196235465071e+01,1.399998655376201562e+01,6.930633846806957734e-04,1.518019571156159486e-09,3.526858696765895473e-01,0.000000000000000000e+00
1.068730228853308857e-03,1.399999204440590539e+01,1.399998759557093386e+01,6.930634629455867607e-04,1.517919762106245685e-09,3.491423623620288907e-01,0.000000000000000000e+00
1.070730228853308905e-03,1.399999212078474997e+01,1.399998845874326037e+01,6.930635328392640866e-04,1.517837661113574654e-09,3.458435812570623824e-01,0.000000000000000000e+00
1.072730228853308954e-03,1.399999219188407729e+01,1.399998917496704998e+01,6.930635958450099979e-04,1.517769965264648135e-09,3.427726247875408916e-01,0.000000000000000000e+00
1.074730228853309003e-03,1.399999225806916314e+01,1.399998977023173907e+01,6.930636531794792015e-04,1.517714204313236337e-09,3.399137586528997446e-01,0.000000000000000000e+00
1.076730228853309051e-03,1.399999231968009461e+01,1.399999026585879847e+01,6.930637058409126836e-04,1.517668241080016855e-09,3.372523352116409967e-01,0.000000000000000000e+00
1.078730228853309100e-03,1.399999237703357480e+01,1.399999067934533592e+01,6.930637546486027780e-04,1.517630243696999059e-09,3.347747184337617199e-01,0.000000000000000000e+00
1.080730228853309148e-03,1.399999243042374708e+01,1.399999102505399762e+01,6.930638002751657442e-04,1.517598824385402168e-09,3.324682140352397397e-01,0.000000000000000000e+00
1.082730228853309197e-03,1.399999248012500885e+01,1.399999131477993330e+01,6.930638432730686169e-04,1.517572789655474708e-09,3.303210044396589495e-01,0.000000000000000000e+00
1.084730228853309246e-03,1.399999252639238634e+01,1.399999155821300967e+01,6.930638840962519923e-04,1.517551251328796980e-09,3.283220882292283704e-01,0.000000000000000000e+00
1.086730228853309294e-03,1.399999256946320969e+01,1.399999176331757589e+01,6.930639231178959813e-04,1.517533321226949283e-09,3.264612237788391269e-01,0.000000000000000000e+00
1.088730228853309343e-03,1.399999260955835290e+01,1.399999193664321417e+01,6.930639606449600114e-04,1.517518388727268075e-09,3.247288767825367017e-01,0.000000000000000000e+00
1.090730228853309391e-03,1.399999264688368328e+01,1.399999208357961500e+01,6.930639969301089420e-04,1.517505981984967889e-09,3.231161714042460886e-01,0.000000000000000000e+00
1.092730228853309440e-03,1.399999268163066368e+01,1.399999220856461513e+01,6.930640321814457308e-04,1.517495656910838875e-09,3.216148448014131134e-01,0.000000000000000000e+00
1.094730228853309489e-03,1.399999271397735612e+01,1.399999231525504939e+01,6.930640665705043888e-04,1.517486941660095567e-09,3.202172047898201868e-01,0.000000000000000000e+00
1.096730228853309537e-03,1.399999274408958705e+01,1.399999240666696032e+01,6.930641002388129813e-04,1.517479697454859888e-09,3.189160904323884438e-01,0.000000000000000000e+00
1.098730228853309586e-03,1.399999277212191551e+01,1.399999248529040941e+01,6.930641333032660665e-04,1.517473618983800066e-09,3.177048353497227140e-01,0.000000000000000000e+00
1.100730228853309635e-03,1.399999279821796705e+01,1.399999255318301827e+01,6.930641658605007525e-04,1.517468428691159943e-09,3.165772335639651658e-01,0.000000000000000000e+00
1.102730228853309683e-03,1.399999282251137878e+01,1.399999261204720646e+01,6.930641979905125113e-04,1.517464015554637058e-09,3.155275077022281494e-01,0.000000000000000000e+00
1.104730228853309732e-03,1.399999284512688291e+01,1.399999266329377612e+01,6.930642297596318561e-04,1.517460351818655795e-09,3.145502793961671983e-01,0.000000000000000000e+00
1.106730228853309780e-03,1.399999286618039918e+01,1.399999270809313145e+01,6.930642612229207531e-04,1.517457159927459998e-09,3.136405417248990801e-01,0.000000000000000000e+00
1.108730228853309829e-03,1.399999288577971335e+01,1.399999274741787403e+01,6.930642924261666863e-04,1.517454439881049666e-09,3.127936335617800268e-01,0.000000000000000000e+00
1.110730228853309878e-03,1.399999290402531571e+01,1.399999278207791598e+01,6.930643234075276092e-04,1.517452163923849184e-09,3.120052156929968845e-01,0.000000000000000000e+00
1.112730228853309926e-03,1.399999292101074566e+01,1.399999281274891061e+01,6.930643541988624774e-04,1.517450137766829243e-09,3.112712485850721578e-01,0.000000000000000000e+00
1.114730228853309975e-03,1.399999293682295409e+01,1.399999283999560262e+01,6.930643848268247748e-04,1.517448444676716690e-09,3.105879716878678920e-01,0.000000000000000000e+00
1.116730228853310023e-03,1.399999295154314183e+01,1.399999286429152257e+01,6.930644153137851702e-04,1.517446918120057830e-09,3.099518841674679948e-01,0.000000000000000000e+00
1.118730228853310072e-03,1.399999296524664061e+01,1.399999288603427416e+01,6.930644456785469820e-04,1.517445641363579512e-09,3.093597269688164175e-01,0.000000000000000000e+00
1.120730228853310121e-03,1.399999297800378528e+01,1.399999290555903819e+01,6.930644759369802193e-04,1.517444475629403655e-09,3.088084661181671464e-01,0.000000000000000000e+00
1.122730228853310169e-03,1.399999298987975394e+01,1.399999292314875099e+01,6.930645061024971135e-04,1.517443448673105877e-09,3.082952771776987788e-01,0.000000000000000000e+00
1.124730228853310218e-03,1.399999300093547205e+01,1.399999293904349607e+01,6.930645361864937138e-04,1.517442588250261792e-09,3.078175307748711731e-01,0.000000000000000000e+00
1.126730228853310267e-03,1.399999301122756634e+01,1.399999295344739103e+01,6.930645661986724370e-04,1.517441811094144555e-09,3.073727791302029999e-01,0.000000000000000000e+00
1.128730228853310315e-03,1.399999302080889763e+01,1.399999296653479774e+01,6.930645961473329590e-04,1.517441089449178548e-09,3.069587435161160727e-01,0.000000000000000000e+00
1.130730228853310364e-03,1.399999302972864257e+01,1.399999297845508828e+01,6.930646260395963197e-04,1.517440478826515005e-09,3.065733025814623147e-01,0.000000000000000000e+00
1.132730228853310412e-03,1.399999303803221551e+01,1.399999298933636105e+01,6.930646558815782869e-04,1.517439895959427076e-09,3.062144814822662653e-01,0.000000000000000000e+00
1.134730228853310461e-03,1.399999304576229875e+01,1.399999299928961349e+01,6.930646856785871142e-04,1.517439396359065995e-09,3.058804417642448925e-01,0.000000000000000000e+00
1.136730228853310510e-03,1.399999305295854235e+01,1.399999300841098915e+01,6.930647154352283842e-04,1.517438952269856145e-09,3.055694719427624051e-01,0.000000000000000000e+00
1.138730228853310558e-03,1.399999305965782526e+01,1.399999301678415442e+01,6.930647451555159216e-04,1.517438508180646295e-09,3.052799787339672832e-01,0.000000000000000000e+00
1.140730228853310607e-03,1.399999306589442227e+01,1.399999302448219396e+01,6.930647748429618910e-04,1.517438175113738907e-09,3.050104788914342890e-01,0.000000000000000000e+00
1.142730228853310655e-03,1.399999307170023322e+01,1.399999303156923780e+01,6.930648045006530160e-04,1.517437814291255904e-09,3.047595916066399013e-01,0.000000000000000000e+00
1.144730228853310704e-03,1.399999307710510266e+01,1.399999303810195883e+01,6.930648341313215945e-04,1.517437536735499748e-09,3.045260314344542252e-01,0.000000000000000000e+00
1.146730228853310753e-03,1.399999308213654281e+01,1.399999304413023005e+01,6.930648637373753142e-04,1.517437231424167976e-09,3.043086017065661508e-01,0.000000000000000000e+00
1.148730228853310801e-03,1.399999308682070698e+01,1.399999304969888847e+01,6.930648933209833384e-04,1.517436981623987435e-09,3.041061884011160288e-01,0.000000000000000000e+00
1.150730228853310850e-03,1.399999309118133972e+01,1.399999305484732659e+01,6.930649228840524536e-04,1.517436731823806895e-09,3.039177544336730818e-01,0.000000000000000000e+00
1.152730228853310898e-03,1.399999309524071478e+01,1.399999305961095430e+01,6.930649524282999274e-04,1.517436509779201970e-09,3.037423343445020407e-01,0.000000000000000000e+00
1.154730228853310947e-03,1.399999309901978428e+01,1.399999306402177623e+01,6.930649819552798553e-04,1.517436343245748276e-09,3.035790293519315952e-01,0.000000000000000000e+00
1.156730228853310996e-03,1.399999310253786255e+01,1.399999306810844324e+01,6.930650114663855456e-04,1.517436093445567735e-09,3.034270027469556652e-01,0.000000000000000000e+00
1.158730228853311044e-03,1.399999310581292278e+01,1.399999307189683506e+01,6.930650409628757568e-04,1.517435954667689657e-09,3.032854756064775614e-01,0.000000000000000000e+00
1.160730228853311093e-03,1.399999310886189718e+01,1.399999307541059501e+01,6.930650704459032129e-04,1.517435788134235963e-09,3.031537228026124353e-01,0.000000000000000000e+00
1.162730228853311142e-03,1.399999311170021521e+01,1.399999307867087950e+01,6.930650999164993152e-04,1.517435621600782270e-09,3.030310692869040423e-01,0.000000000000000000e+00
1.164730228853311190e-03,1.399999311434253002e+01,1.399999308169724799e+01,6.930651293756190292e-04,1.517435510578479807e-09,3.029168866322677900e-01,0.000000000000000000e+00
1.166730228853311239e-03,1.399999311680233127e+01,1.399999308450739299e+01,6.930651588241266807e-04,1.517435399556177344e-09,3.028105898127400053e-01,0.000000000000000000e+00
1.168730228853311287e-03,1.399999311909230393e+01,1.399999308711763568e+01,6.930651882628201341e-04,1.517435288533874882e-09,3.027116342063287391e-01,0.000000000000000000e+00
1.170730228853311336e-03,1.399999312122406181e+01,1.399999308954273225e+01,6.930652176924215766e-04,1.517435205267148035e-09,3.026195128042488136e-01,0.000000000000000000e+00
1.172730228853311385e-03,1.399999312320862366e+01,1.399999309179643525e+01,6.930652471136041892e-04,1.517435066489269957e-09,3.025337536136518679e-01,0.000000000000000000e+00
1.174730228853311433e-03,1.399999312505606852e+01,1.399999309389120583e+01,6.930652765269785945e-04,1.517434983222543110e-09,3.024539172388927000e-01,0.000000000000000000e+00
1.176730228853311482e-03,1.399999312677594077e+01,1.399999309583868090e+01,6.930653059331149746e-04,1.517434872200240648e-09,3.023795946306417903e-01,0.000000000000000000e+00
1.178730228853311530e-03,1.399999312837718968e+01,1.399999309764965361e+01,6.930653353325425285e-04,1.517434816689089416e-09,3.023104049899085766e-01,0.000000000000000000e+00
1.180730228853311579e-03,1.399999312986767386e+01,1.399999309933360436e+01,6.930653647257259452e-04,1.517434733422362569e-09,3.022459938164931970e-01,0.000000000000000000e+00
1.182730228853311628e-03,1.399999313125526079e+01,1.399999310089984661e+01,6.930653941131224328e-04,1.517434677911211338e-09,3.021860310937380945e-01,0.000000000000000000e+00
1.184730228853311676e-03,1.399999313254707900e+01,1.399999310235679673e+01,6.930654234951452893e-04,1.517434594644484491e-09,3.021302095967968171e-01,0.000000000000000000e+00
1.186730228853311725e-03,1.399999313374960330e+01,1.399999310371207883e+01,6.930654528721688894e-04,1.517434566888908876e-09,3.020782433186717242e-01,0.000000000000000000e+00
1.188730228853311774e-03,1.399999313486906871e+01,1.399999310497295468e+01,6.930654822445497191e-04,1.517434483622182029e-09,3.020298660051459194e-01,0.000000000000000000e+00
1.190730228853311822e-03,1.399999313591130878e+01,1.399999310614618331e+01,6.930655116126200862e-04,1.517434455866606413e-09,3.019848297904523804e-01,0.000000000000000000e+00
1.192730228853311871e-03,1.399999313688157265e+01,1.399999310723786117e+01,6.930655409766791220e-04,1.517434372599879566e-09,3.019429039270686843e-01,0.000000000000000000e+00
1.194730228853311919e-03,1.399999313778470977e+01,1.399999310825359444e+01,6.930655703370025393e-04,1.517434372599879566e-09,3.019038736036296910e-01,0.000000000000000000e+00
1.196730228853311968e-03,1.399999313862552164e+01,1.399999310919886675e+01,6.930655996938596538e-04,1.517434317088728335e-09,3.018675388446574459e-01,0.000000000000000000e+00
1.198365114426655931e-03,1.399999313926939237e+01,1.399999310992249590e+01,6.930656236889943091e-04,1.517434317088728335e-09,3.018397177697504929e-01,0.000000000000000000e+00
1.199999999999999895e-03,1.399999313987656357e+01,1.399999311060470220e+01,6.930656476820941337e-04,1.517434233822001488e-09,3.018134819139675074e-01,0.000000000000000000e+00
