t_s,VS_V,GATE_V,VPROT_V,Q1_channel_A,Q2_gate_V,ENABLE_V
0.000000000000000000e+00,-5.957857172996778933e-56,-1.253048197102869731e-45,5.490726845474130529e-49,-2.492696191056085250e-53,1.022614391402085145e-56,0.000000000000000000e+00
2.000000000000000042e-08,-8.523329632766992774e-55,-1.253047372030390436e-45,5.490727208183063692e-49,-2.492742339576101277e-53,2.801533583292931963e-50,0.000000000000000000e+00
4.000000000000000084e-08,-1.768938173248599933e-54,-1.253046406118957326e-45,5.490727636803308535e-49,-2.487918009212092205e-53,4.468317313549368588e-50,0.000000000000000000e+00
8.000000000000000167e-08,-3.719267724531562438e-54,-1.253044289354205161e-45,5.490728580546965665e-49,-2.487160419332165390e-53,6.310894776532735791e-50,0.000000000000000000e+00
1.600000000000000033e-07,-7.557773672364449109e-54,-1.253039721267789057e-45,5.490730624524340286e-49,-2.486789901002521537e-53,7.303601384421811749e-50,0.000000000000000000e+00
3.200000000000000067e-07,-1.393017230069215503e-53,-1.253030348687003626e-45,5.490734823092709794e-49,-2.486851991137456397e-53,7.397890806812659072e-50,0.000000000000000000e+00
6.400000000000000134e-07,-2.225843661940622094e-53,-1.253011591606633020e-45,5.490743225920113693e-49,-2.486983576795506771e-53,7.524475366107500385e-50,0.000000000000000000e+00
1.280000000000000027e-06,-2.971431585910536184e-53,-1.252974119573655067e-45,5.490760012109907033e-49,-2.487036106823221016e-53,8.172632627869939914e-50,0.000000000000000000e+00
2.560000000000000054e-06,-3.288815693166315824e-53,-1.252899178169268483e-45,5.490793583546158435e-49,-2.487060189892346339e-53,9.503378185760146610e-50,0.000000000000000000e+00
4.560000000000000387e-06,-3.244675704553228344e-53,-1.252782087612543867e-45,5.490846036518229209e-49,-2.487081828483282827e-53,1.145483613687923642e-49,0.000000000000000000e+00
6.559999999999999873e-06,-3.202310599369396820e-53,-1.252665011690894066e-45,5.490898482620812779e-49,-2.487104624166122542e-53,1.327132222955515559e-49,0.000000000000000000e+00
8.279999999999998651e-06,-3.214575931614260209e-53,-1.252564338553597040e-45,5.490943580551695029e-49,-2.487126356102288197e-53,1.473282981343834356e-49,0.000000000000000000e+00
9.999999999999999124e-06,-3.244387314417607789e-53,-1.252463676245664943e-45,5.490988673395087572e-49,-2.487148817298056727e-53,1.610691068201681709e-49,0.000000000000000000e+00
1.002688039230475367e-05,3.287951974332315597e-05,3.254608791467061629e-05,1.612172702600269407e-09,2.557619490812695136e-09,3.280673971183111913e-05,0.000000000000000000e+00
1.008064117691426445e-05,1.727718803047073061e-04,1.710201915235553150e-04,8.471460848529814558e-09,7.109784890588466107e-09,1.722439941261487352e-04,0.000000000000000000e+00
1.018816274613328433e-05,7.677688492656673924e-04,7.599851067139299244e-04,3.764566777832833288e-08,1.500191775273269738e-08,7.640594887495395218e-04,0.000000000000000000e+00
1.030772178981976162e-05,1.860461308334000578e-03,1.841595700453233083e-03,9.122291735607116982e-08,2.205985190318563577e-08,1.848329203635166573e-03,0.000000000000000000e+00
1.049396346956016170e-05,4.260852252665347714e-03,4.217621344734279708e-03,2.089186621041287093e-07,3.027246409819696338e-08,4.222113713019193595e-03,0.000000000000000000e+00
1.071446795600995675e-05,7.901177029811485425e-03,7.820946025350293540e-03,3.874084442051155065e-07,3.680378311398530000e-08,7.805373605392232871e-03,0.000000000000000000e+00
1.100610770347561499e-05,1.357328643237726284e-02,1.343529640643617573e-02,6.655141960950356764e-07,4.201962705650125196e-08,1.335292455601045335e-02,0.000000000000000000e+00
1.141657959923231435e-05,2.247932207987244149e-02,2.225038589765960390e-02,1.102168688328530339e-06,4.567841953902890273e-08,2.197944516039561369e-02,0.000000000000000000e+00
1.206289042708694142e-05,3.745691979137513727e-02,3.707433615514429265e-02,1.836473453877093576e-06,4.764525608422220948e-08,3.625648652750112361e-02,0.000000000000000000e+00
1.323087041829636908e-05,6.535461783599053054e-02,6.468351283644122041e-02,3.204099930562111725e-06,4.761181785157067581e-08,6.207310204272062371e-02,0.000000000000000000e+00
1.520559633110496017e-05,1.128435394129145980e-01,1.116745152042619982e-01,5.531824555476026109e-06,4.660985578942324070e-08,1.037397975794461802e-01,0.000000000000000000e+00
1.720559633110496135e-05,1.609065683273170067e-01,1.592253195074768424e-01,7.887297514958399933e-06,4.578977502462527882e-08,1.431099516921997550e-01,0.000000000000000000e+00
1.920559633110496253e-05,2.089200822480339059e-01,2.067193316647383261e-01,1.023997415492637225e-05,4.521181435875390453e-08,1.797950727459701470e-01,0.000000000000000000e+00
2.120559633110496371e-05,2.569187022000169462e-01,2.541913494934840423e-01,1.259157690071569405e-05,4.472773313833264264e-08,2.140067702240412428e-01,0.000000000000000000e+00
2.320559633110496489e-05,3.049164445160693071e-01,3.016557429776460242e-01,1.494281643598909044e-05,4.427913554393148043e-08,2.459271085944119140e-01,0.000000000000000000e+00
2.520559633110496607e-05,3.529152576086002080e-01,3.491149048135651078e-01,1.729381025111344518e-05,4.385556305087912055e-08,2.757155565355091098e-01,0.000000000000000000e+00
2.720559633110496725e-05,4.009145729377506795e-01,3.965687058892037320e-01,1.964455099206338011e-05,4.345638001269219730e-08,3.035185859571012390e-01,0.000000000000000000e+00
2.920559633110496843e-05,4.489140040853856761e-01,4.440171683360075727e-01,2.199503885851581642e-05,4.308052081996444072e-08,3.294728494736803293e-01,0.000000000000000000e+00
3.120559633110496961e-05,4.969134600506795452e-01,4.914605792774870974e-01,2.434528723327890787e-05,4.272611889722527367e-08,3.537058879039669534e-01,0.000000000000000000e+00
3.320559633110497079e-05,5.449129409146181713e-01,5.388992904271046047e-01,2.669531275164111777e-05,4.239124769093993716e-08,3.763365397154027070e-01,0.000000000000000000e+00
3.520559633110497197e-05,5.929124531626177586e-01,5.863336363135953633e-01,2.904513124678595172e-05,4.207419185969785147e-08,3.974754515821223855e-01,0.000000000000000000e+00
3.720559633110497315e-05,6.409119974499905004e-01,6.337639244490671508e-01,3.139475725817059609e-05,4.177345534067677946e-08,4.172256289966894682e-01,0.000000000000000000e+00
3.920559633110497433e-05,6.889115718445589787e-01,6.811904413229723509e-01,3.374420432228281478e-05,4.148772062700922802e-08,4.356829667747179613e-01,0.000000000000000000e+00
4.120559633110497551e-05,7.369111741112888136e-01,7.286134585839574296e-01,3.609348526939496800e-05,4.121581759219949959e-08,4.529367441198002275e-01,0.000000000000000000e+00
4.320559633110497669e-05,7.849108022405172358e-01,7.760332399526796987e-01,3.844261254954458445e-05,4.095670352172176010e-08,4.690700865254108787e-01,0.000000000000000000e+00
4.520559633110497787e-05,8.329104544238847829e-01,8.234500528775731132e-01,4.079159877870679613e-05,4.070945005402171191e-08,4.841604004666504868e-01,0.000000000000000000e+00
4.720559633110497905e-05,8.809101289880236774e-01,8.708641914652842653e-01,4.314045781209195092e-05,4.047323662673130151e-08,4.982797890940059427e-01,0.000000000000000000e+00
4.920559633110498023e-05,9.289098243600392157e-01,9.182760237748605059e-01,4.548920695702949403e-05,4.024735408315882612e-08,5.114954631447610200e-01,0.000000000000000000e+00
5.120559633110498141e-05,9.769095390412768642e-01,9.656860918158045592e-01,4.783787165099631162e-05,4.003122784472512574e-08,5.238701755490230427e-01,0.000000000000000000e+00
5.320559633110498259e-05,1.024909271565032309e+00,1.013095326488284709e+00,5.018649551592793521e-05,3.982448180603337384e-08,5.354627402437488470e-01,0.000000000000000000e+00
5.520559633110498377e-05,1.072909020411293657e+00,1.060505514858998355e+00,5.253516221532044485e-05,3.962709015960241832e-08,5.463287671213875596e-01,0.000000000000000000e+00
5.720559633110498495e-05,1.120908783826448651e+00,1.107920323850719146e+00,5.488404333721584008e-05,3.943972231960912733e-08,5.565219035852093654e-01,0.000000000000000000e+00
5.920559633110498613e-05,1.168908559433115890e+00,1.155347552391392973e+00,5.723350373765677710e-05,3.926451310788670046e-08,5.660962216648294243e-01,0.000000000000000000e+00
6.120559633110498731e-05,1.216908343379710544e+00,1.202804085245842147e+00,5.958433325382166427e-05,3.910676244986421857e-08,5.751111384239366853e-01,0.000000000000000000e+00
6.320559633110498171e-05,1.264908128500475071e+00,1.250326713718031169e+00,6.193825283680708940e-05,3.897862379045879955e-08,5.836417913745874930e-01,0.000000000000000000e+00
6.520559633110497612e-05,1.312907900439080233e+00,1.297995338780232544e+00,6.429899986581007470e-05,3.890685189994469440e-08,5.918006218590525780e-01,0.000000000000000000e+00
6.720559633110497052e-05,1.360907629941279673e+00,1.345980820956053536e+00,6.667456630167560268e-05,3.894805138127122035e-08,5.997799080831022200e-01,0.000000000000000000e+00
6.920559633110496493e-05,1.408907304169270347e+00,1.394492480160918202e+00,6.907474307871860257e-05,3.910743883242528973e-08,6.076533857610855183e-01,0.000000000000000000e+00
7.067057432548662268e-05,1.444066566473558577e+00,1.430298335816041932e+00,7.084554939628954682e-05,3.912857632348831771e-08,6.129576150031539328e-01,0.000000000000000000e+00
7.230071534668352259e-05,1.483189768491030458e+00,1.470303557154955865e+00,7.282360203782529029e-05,3.908078572908979531e-08,6.184576718867877965e-01,0.000000000000000000e+00
7.430071534668351700e-05,1.531189600370124859e+00,1.519484423311524113e+00,7.525507793641160730e-05,3.895931854555612084e-08,6.247204540070310230e-01,0.000000000000000000e+00
7.630071534668351140e-05,1.579189472379775472e+00,1.568672893305133265e+00,7.768690833566892998e-05,3.879692100916543041e-08,6.305213666574280840e-01,0.000000000000000000e+00
7.830071534668350580e-05,1.627189369717631617e+00,1.617800659736149615e+00,8.011589816025972222e-05,3.861326271573095603e-08,6.359209081250334350e-01,0.000000000000000000e+00
8.030071534668350021e-05,1.675189282955676484e+00,1.666828824547450294e+00,8.254022796944088377e-05,3.842185202287962120e-08,6.409689635996752566e-01,0.000000000000000000e+00
8.230071534668349461e-05,1.723189205943772784e+00,1.715740366200675160e+00,8.495910160336406604e-05,3.823157661286824549e-08,6.457064441047261072e-01,0.000000000000000000e+00
8.430071534668348902e-05,1.771189134735159820e+00,1.764532747294668136e+00,8.737240040151507457e-05,3.804764057285803247e-08,6.501664724795215289e-01,0.000000000000000000e+00
8.630071534668348342e-05,1.819189066958645018e+00,1.813211997878564352e+00,8.978040644808242294e-05,3.787265211163681755e-08,6.543759574877641150e-01,0.000000000000000000e+00
8.830071534668347782e-05,1.867189001315396446e+00,1.861788525701383312e+00,9.218360659516067939e-05,3.770755973089845448e-08,6.583571585334342391e-01,0.000000000000000000e+00
9.030071534668347223e-05,1.915188937174375106e+00,1.910274419693662740e+00,9.458256633215884575e-05,3.755234572605514742e-08,6.621289549859015189e-01,0.000000000000000000e+00
9.230071534668346663e-05,1.963188874284658381e+00,1.958681860213109305e+00,9.697785542440647032e-05,3.740648547509439759e-08,6.657077586612438758e-01,0.000000000000000000e+00
9.430071534668346103e-05,2.011188812593081021e+00,2.007022270242970308e+00,9.937000821009639971e-05,3.726922713845337576e-08,6.691081288167701757e-01,0.000000000000000000e+00
9.630071534668345544e-05,2.059188752137518286e+00,2.055305926305027953e+00,1.017595054005702570e-04,3.713975096214516824e-08,6.723431770494564530e-01,0.000000000000000000e+00
9.830071534668344984e-05,2.107188692988327006e+00,2.103541836675399956e+00,1.041467683838100182e-04,3.701725413696177469e-08,6.754248358370368299e-01,0.000000000000000000e+00
1.003007153466834442e-04,2.155188635217788473e+00,2.151737764843302703e+00,1.065321603217328343e-04,3.690099201550389729e-08,6.783640419736115534e-01,0.000000000000000000e+00
1.023007153466834386e-04,2.203188578885709958e+00,2.199900324857309908e+00,1.089159906100570875e-04,3.679029480715967360e-08,6.811708674063876590e-01,0.000000000000000000e+00
1.043007153466834331e-04,2.251188524033580940e+00,2.248035106378336145e+00,1.112985207277145192e-04,3.668457099550992417e-08,6.838546172160567815e-01,0.000000000000000000e+00
1.063007153466834275e-04,2.299188470683555696e+00,2.296146806242677751e+00,1.136799703907756488e-04,3.658330402847576046e-08,6.864239065454376121e-01,0.000000000000000000e+00
1.083007153466834219e-04,2.347188418839746493e+00,2.344239354503851569e+00,1.160605234481207419e-04,3.648604576800273946e-08,6.888867235452360571e-01,0.000000000000000000e+00
1.103007153466834163e-04,2.395188368490396957e+00,2.392316029311566172e+00,1.184403332549637157e-04,3.639240890238037984e-08,6.912504826268173197e-01,0.000000000000000000e+00
1.123007153466834107e-04,2.443188319610626991e+00,2.440379558543585681e+00,1.208195274267399063e-04,3.630205919896711819e-08,6.935220706826596970e-01,0.000000000000000000e+00
1.143007153466834051e-04,2.491188272164924111e+00,2.488432208015086911e+00,1.231982119651505185e-04,3.621470826692396727e-08,6.957078879699352125e-01,0.000000000000000000e+00
1.163007153466833995e-04,2.539188226072261578e+00,2.536475875137596425e+00,1.255764760283409505e-04,3.619436417245935900e-08,6.978139759250951979e-01,0.000000000000000000e+00
1.183007153466833939e-04,2.587188181336780968e+00,2.584512097698932198e+00,1.279543912954244223e-04,3.611091779071040619e-08,6.998457514751583730e-01,0.000000000000000000e+00
1.203007153466833883e-04,2.635188137903192729e+00,2.632542161110798418e+00,1.303320178187259717e-04,3.602986872741631430e-08,7.018083963260441926e-01,0.000000000000000000e+00
1.223007153466833827e-04,2.683188095705057119e+00,2.680567131441835560e+00,1.327094054498000964e-04,3.595105019238431510e-08,7.037066888969658596e-01,0.000000000000000000e+00
1.243007153466833771e-04,2.731188054679260180e+00,2.728587890961402085e+00,1.350865954623053054e-04,3.587431724599854377e-08,7.055450811835455305e-01,0.000000000000000000e+00
1.263007153466833715e-04,2.779188014765880510e+00,2.776605168989012107e+00,1.374636219817628011e-04,3.579954237220572821e-08,7.073277174641390275e-01,0.000000000000000000e+00
1.283007153466833659e-04,2.827187975906342299e+00,2.824619568041879081e+00,1.398405132042128125e-04,3.572661295275780802e-08,7.090584552643615091e-01,0.000000000000000000e+00
1.303007153466833603e-04,2.875187938043111568e+00,2.872631585708357971e+00,1.422172924178965211e-04,3.565542893574358274e-08,7.107408849983307686e-01,0.000000000000000000e+00
1.323007153466833547e-04,2.923187901119950638e+00,2.920641632841217028e+00,1.445939788537795967e-04,3.558590108698744814e-08,7.123783484135519650e-01,0.000000000000000000e+00
1.343007153466833491e-04,2.971187865082192125e+00,2.968650048645625539e+00,1.469705883911521366e-04,3.551794926226481408e-08,7.139739558339641690e-01,0.000000000000000000e+00
1.363007153466833435e-04,3.019187829877207019e+00,3.016657113170748250e+00,1.493471341418902006e-04,3.545150119993456528e-08,7.155306022356713314e-01,0.000000000000000000e+00
1.383007153466833379e-04,3.067187795454477950e+00,3.064663057639763988e+00,1.517236269336439531e-04,3.538649134826599152e-08,7.170509822101782671e-01,0.000000000000000000e+00
1.403007153466833323e-04,3.115187761765702668e+00,3.112668072985940171e+00,1.541000757091246843e-04,3.532285992174921674e-08,7.185376038821438271e-01,0.000000000000000000e+00
1.423007153466833267e-04,3.163187728764931705e+00,3.160672316902186640e+00,1.564764878558633026e-04,3.526055215863355130e-08,7.199928018517383066e-01,0.000000000000000000e+00
1.443007153466833211e-04,3.211187696408568382e+00,3.208675919660163522e+00,1.588528694784143054e-04,3.519951763397699551e-08,7.214187492301518123e-01,0.000000000000000000e+00
1.463007153466833155e-04,3.259187664655270211e+00,3.256678988911922978e+00,1.612292256229675856e-04,3.513970969065693950e-08,7.228174688332014153e-01,0.000000000000000000e+00
1.483007153466833099e-04,3.307187633465914711e+00,3.304681613651001548e+00,1.636055604626422417e-04,3.508108499528095336e-08,7.241908435936914579e-01,0.000000000000000000e+00
1.503007153466833043e-04,3.355187602803820557e+00,3.352683867479539170e+00,1.659818774503204867e-04,3.502360312185315294e-08,7.255406262484056512e-01,0.000000000000000000e+00
1.523007153466832987e-04,3.403187572634283509e+00,3.400685811301686012e+00,1.683581794446432705e-04,3.496722626034065584e-08,7.268684483504430638e-01,0.000000000000000000e+00
1.543007153466832931e-04,3.451187542924682106e+00,3.448687495544755954e+00,1.707344688139169090e-04,3.491191885585109844e-08,7.281758286557389326e-01,0.000000000000000000e+00
1.563007153466832876e-04,3.499187513644455905e+00,3.496688961990266353e+00,1.731107475217714259e-04,3.485764740740471268e-08,7.294641809272177646e-01,0.000000000000000000e+00
1.583007153466832820e-04,3.547187484764857679e+00,3.544690245283178331e+00,1.754870171977655866e-04,3.480438027364529674e-08,7.307348211972970464e-01,0.000000000000000000e+00
1.603007153466832764e-04,3.595187456259003156e+00,3.592691374176296026e+00,1.778632791956042726e-04,3.475208750630676136e-08,7.319889745271130899e-01,0.000000000000000000e+00
1.623007153466832708e-04,3.643187428101713365e+00,3.640692372555951017e+00,1.802395346411237787e-04,3.470074060735184318e-08,7.332277812972249897e-01,0.000000000000000000e+00
1.643007153466832652e-04,3.691187400269379637e+00,3.688693260287592146e+00,1.826157844718536457e-04,3.465031250121652917e-08,7.344523030625622617e-01,0.000000000000000000e+00
1.663007153466832596e-04,3.739187372739976478e+00,3.736694053913137470e+00,1.849920294696440171e-04,3.460077735439881508e-08,7.356635280021923684e-01,0.000000000000000000e+00
1.683007153466832540e-04,3.787187345492903923e+00,3.784694767225851741e+00,1.873682702875634210e-04,3.455211049913087251e-08,7.368623759916488325e-01,0.000000000000000000e+00
1.703007153466832484e-04,3.835187318508954224e+00,3.832695411744589720e+00,1.897445074720896779e-04,3.450428835705121600e-08,7.380497033244237670e-01,0.000000000000000000e+00
1.723007153466832428e-04,3.883187291770092919e+00,3.880695997104843809e+00,1.921207414814079812e-04,3.445728832124350660e-08,7.392263071066338398e-01,0.000000000000000000e+00
1.743007153466832372e-04,3.931187265259561414e+00,3.928696531381696833e+00,1.944969727005247838e-04,3.441108874235876414e-08,7.403929293480064899e-01,0.000000000000000000e+00
1.763007153466832316e-04,3.979187238961714002e+00,3.976697021356151218e+00,1.968732014537314876e-04,3.436566882453195859e-08,7.415502607697161963e-01,0.000000000000000000e+00
1.783007153466832260e-04,4.027187212861946364e+00,4.024697472735095261e+00,1.992494280149003803e-04,3.432100855599307110e-08,7.426989443489726561e-01,0.000000000000000000e+00
1.803007153466832204e-04,4.075187186946671147e+00,4.072697890333029314e+00,2.016256526159904724e-04,3.427708870212820003e-08,7.438395786185978409e-01,0.000000000000000000e+00
1.823007153466832148e-04,4.123187161203145656e+00,4.120698278222109323e+00,2.040018754540719073e-04,3.423389079854066708e-08,7.449727207383842753e-01,0.000000000000000000e+00
1.843007153466832092e-04,4.171187135619500275e+00,4.168698639856344812e+00,2.063780966971408629e-04,3.419139695676198798e-08,7.460988893542617184e-01,0.000000000000000000e+00
1.863007153466832036e-04,4.219187110184741130e+00,4.216698978174348689e+00,2.087543164889313493e-04,3.414959000996864447e-08,7.472185672598929962e-01,0.000000000000000000e+00
1.883007153466831980e-04,4.267187084888618642e+00,4.264699295684250657e+00,2.111305349528917643e-04,3.410845337420420620e-08,7.483322038741189175e-01,0.000000000000000000e+00
1.903007153466831924e-04,4.315187059721564466e+00,4.312699594534075587e+00,2.135067521954819793e-04,3.406797102756264906e-08,7.494402175472778538e-01,0.000000000000000000e+00
1.923007153466831868e-04,4.363187034674591125e+00,4.360699876570044431e+00,2.158829683089048780e-04,3.402812751712724904e-08,7.505429977080835258e-01,0.000000000000000000e+00
1.943007153466831812e-04,4.411187009739381715e+00,4.408700143385122949e+00,2.182591833733818802e-04,3.398890786876496151e-08,7.516409068623457479e-01,0.000000000000000000e+00
1.963007153466831756e-04,4.459186984908223295e+00,4.456700396359200234e+00,2.206353974590368784e-04,3.395029767733204196e-08,7.527342824533835852e-01,0.000000000000000000e+00
1.983007153466831700e-04,4.507186960173880763e+00,4.504700636692413163e+00,2.230116106274585735e-04,3.391228294014059230e-08,7.538234385938564763e-01,0.000000000000000000e+00
2.003007153466831644e-04,4.555186935529669690e+00,4.552700865433066291e+00,2.253878229330111391e-04,3.387485016104196944e-08,7.549086676781056049e-01,0.000000000000000000e+00
2.023007153466831588e-04,4.603186910969320422e+00,4.600701083500705835e+00,2.277640344239167979e-04,3.383798623940448280e-08,7.559902418828712278e-01,0.000000000000000000e+00
2.043007153466831532e-04,4.651186886486979866e+00,4.648701291705478411e+00,2.301402451431647895e-04,3.380167847011339433e-08,7.570684145644537288e-01,0.000000000000000000e+00
2.063007153466831476e-04,4.699186862077273652e+00,4.696701490764380260e+00,2.325164551292755702e-04,3.376591461295985752e-08,7.581434215594069492e-01,0.000000000000000000e+00
2.083007153466831420e-04,4.747186837735104525e+00,4.744701681314602126e+00,2.348926644169282952e-04,3.373068276774082719e-08,7.592154823950703069e-01,0.000000000000000000e+00
2.103007153466831365e-04,4.795186813455805108e+00,4.792701863925040939e+00,2.372688730375021877e-04,3.369597136732016551e-08,7.602848014168532842e-01,0.000000000000000000e+00
2.123007153466831309e-04,4.843186789234954048e+00,4.840702039105658550e+00,2.396450810195176737e-04,3.366176928171205063e-08,7.613515688372349821e-01,0.000000000000000000e+00
2.143007153466831253e-04,4.891186765068492370e+00,4.888702207315634318e+00,2.420212883890207048e-04,3.362806560991415950e-08,7.624159617126449184e-01,0.000000000000000000e+00
2.163007153466831197e-04,4.939186740952684396e+00,4.936702368970104615e+00,2.443974951699012690e-04,3.359484987419669721e-08,7.634781448526419823e-01,0.000000000000000000e+00
2.183007153466831141e-04,4.987186716883895699e+00,4.984702524445669525e+00,2.467737013841528413e-04,3.356211182581336772e-08,7.645382716661259792e-01,0.000000000000000000e+00
2.203007153466831085e-04,5.035186692858911073e+00,5.032702674085573591e+00,2.491499070521183070e-04,3.352984154214588841e-08,7.655964849495937585e-01,0.000000000000000000e+00
2.223007153466831029e-04,5.083186668874665415e+00,5.080702818203570281e+00,2.515261121926730837e-04,3.349802943364288410e-08,7.666529176203669138e-01,0.000000000000000000e+00
2.243007153466830973e-04,5.131186644928292573e+00,5.128702957087487135e+00,2.539023168233939319e-04,3.346666611891979670e-08,7.677076933994411156e-01,0.000000000000000000e+00
2.263007153466830917e-04,5.179186621017146663e+00,5.176703091002266000e+00,2.562785209607042376e-04,3.343574248027003648e-08,7.687609274471958187e-01,0.000000000000000000e+00
2.283007153466830861e-04,5.227186597138745228e+00,5.224703220192481901e+00,2.586547246199935460e-04,3.340524976080949671e-08,7.698127269549974727e-01,0.000000000000000000e+00
2.303007153466830805e-04,5.275186573290810088e+00,5.272703344884615007e+00,2.610309278157268487e-04,3.337517931467637311e-08,7.708631916961219410e-01,0.000000000000000000e+00
2.323007153466830749e-04,5.323186549471152773e+00,5.320703465288841194e+00,2.634071305615295314e-04,3.334552281519798100e-08,7.719124145383879920e-01,0.000000000000000000e+00
2.343007153466830693e-04,5.371186525677878798e+00,5.368703581600913211e+00,2.657833328702784463e-04,3.331627214386845282e-08,7.729604819217303913e-01,0.000000000000000000e+00
2.363007153466830637e-04,5.419186501909079468e+00,5.416703694003290437e+00,2.681595347541558517e-04,3.328741939034873809e-08,7.740074743022251624e-01,0.000000000000000000e+00
2.383007153466830581e-04,5.467186478163044150e+00,5.464703802666610599e+00,2.705357362247209148e-04,3.325895690797775472e-08,7.750534665659891687e-01,0.000000000000000000e+00
2.403007153466830525e-04,5.515186454438119057e+00,5.512703907750657883e+00,2.729119372929563869e-04,3.323087720275008650e-08,7.760985284141024287e-01,0.000000000000000000e+00
2.423007153466830469e-04,5.563186430732888432e+00,5.560704009405509574e+00,2.752881379693244393e-04,3.320317298882713430e-08,7.771427247212514544e-01,0.000000000000000000e+00
2.443007153466830684e-04,5.611186407045920532e+00,5.608704107772141789e+00,2.776643382637965338e-04,3.317583717465932835e-08,7.781861158691776303e-01,0.000000000000000000e+00
2.463007153466830628e-04,5.659186383375923057e+00,5.656704202983344310e+00,2.800405381858977116e-04,3.314886289074170378e-08,7.792287580574757122e-01,0.000000000000000000e+00
2.483007153466830572e-04,5.707186359721680979e+00,5.704704295164331640e+00,2.824167377447373310e-04,3.312224340634717379e-08,7.802707035927043400e-01,0.000000000000000000e+00
2.503007153466830516e-04,5.755186336082097398e+00,5.752704384433380724e+00,2.847929369490401837e-04,3.309597215728210529e-08,7.813120011576089041e-01,0.000000000000000000e+00
2.523007153466830460e-04,5.803186312456149132e+00,5.800704470902332766e+00,2.871691358071714857e-04,3.307004278751968229e-08,7.823526960616717929e-01,0.000000000000000000e+00
2.543007153466830404e-04,5.851186288842875172e+00,5.848704554677055967e+00,2.895453343271600795e-04,3.304444910756654252e-08,7.833928304743738025e-01,0.000000000000000000e+00
2.563007153466830348e-04,5.899186265241322502e+00,5.896704635857832777e+00,2.919215325167178409e-04,3.301918499731826273e-08,7.844324436422778213e-01,0.000000000000000000e+00
2.583007153466830292e-04,5.947186241650626037e+00,5.944704714539830626e+00,2.942977303832632063e-04,3.299424461422617583e-08,7.854715720912848198e-01,0.000000000000000000e+00
2.603007153466830237e-04,5.995186218070096551e+00,5.992704790813548676e+00,2.966739279339436703e-04,3.296962217125276595e-08,7.865102498148699439e-01,0.000000000000000000e+00
2.623007153466830181e-04,6.043186194498977315e+00,6.040704864764893323e+00,2.990501251756400134e-04,3.294531203401618313e-08,7.875485084490008170e-01,0.000000000000000000e+00
2.643007153466830125e-04,6.091186170936586208e+00,6.088704936475627605e+00,3.014263221149890166e-04,3.292130874854581890e-08,7.885863774353727429e-01,0.000000000000000000e+00
2.663007153466830069e-04,6.139186147382256209e+00,6.136705006023568387e+00,3.038025187583937069e-04,3.289760695801557944e-08,7.896238841731175739e-01,0.000000000000000000e+00
2.683007153466830013e-04,6.187186123835391349e+00,6.184705073482898108e+00,3.061787151120395119e-04,3.287420147213282462e-08,7.906610541601875042e-01,0.000000000000000000e+00
2.703007153466829957e-04,6.235186100295561751e+00,6.232705138924488963e+00,3.085549111819106856e-04,3.285108715611606556e-08,7.916979111249538015e-01,0.000000000000000000e+00
2.723007153466829901e-04,6.283186076762181216e+00,6.280705202415787447e+00,3.109311069737845617e-04,3.282825905559505486e-08,7.927344771483526564e-01,0.000000000000000000e+00
2.743007153466829845e-04,6.331186053234778122e+00,6.328705264021273535e+00,3.133073024932560031e-04,3.280571238273299883e-08,7.937707727781244671e-01,0.000000000000000000e+00
2.763007153466829789e-04,6.379186029712882622e+00,6.376705323802532632e+00,3.156834977457407621e-04,3.278344233581531597e-08,7.948068171348197097e-01,0.000000000000000000e+00
2.783007153466829733e-04,6.427186006196197177e+00,6.424705381818590411e+00,3.180596927364928825e-04,3.276144432129424189e-08,7.958426280107162576e-01,0.000000000000000000e+00
2.803007153466829677e-04,6.475185982684250163e+00,6.472705438125722743e+00,3.204358874705954294e-04,3.273971380113316343e-08,7.968782219614300999e-01,0.000000000000000000e+00
2.823007153466829621e-04,6.523185959176712068e+00,6.520705492777912227e+00,3.228120819529840704e-04,3.271824634831776990e-08,7.979136143918061919e-01,0.000000000000000000e+00
2.843007153466829565e-04,6.571185935673258705e+00,6.568705545826841075e+00,3.251882761884474556e-04,3.269703768848941650e-08,7.989488196354574967e-01,0.000000000000000000e+00
2.863007153466829509e-04,6.619185912173636055e+00,6.616705597322081189e+00,3.275644701816368665e-04,3.267608357504503402e-08,7.999838510289789539e-01,0.000000000000000000e+00
2.883007153466829453e-04,6.667185888677474637e+00,6.664705647311027548e+00,3.299406639370635057e-04,3.265537992791500699e-08,8.010187209808137254e-01,0.000000000000000000e+00
2.903007153466829397e-04,6.715185865184523983e+00,6.712705695839235709e+00,3.323168574591160067e-04,3.263492270866308331e-08,8.020534410357340604e-01,0.000000000000000000e+00
2.923007153466829341e-04,6.763185841694534517e+00,6.760705742950411157e+00,3.346930507520602172e-04,3.261470794824194996e-08,8.030880219345490900e-01,0.000000000000000000e+00
2.943007153466829285e-04,6.811185818207328602e+00,6.808705788686567395e+00,3.370692438200477642e-04,3.259473184413774760e-08,8.041224736698451281e-01,0.000000000000000000e+00
2.963007153466829229e-04,6.859185794722658436e+00,6.856705833087978874e+00,3.394454366671139939e-04,3.257499059383661688e-08,8.051568055376812083e-01,0.000000000000000000e+00
2.983007153466829173e-04,6.907185771240431649e+00,6.904705876193483860e+00,3.418216292971936929e-04,3.255548058911372777e-08,8.061910261860658622e-01,0.000000000000000000e+00
3.003007153466829117e-04,6.955185747760366688e+00,6.952705918040223310e+00,3.441978217141087280e-04,3.253619813847752340e-08,8.072251436595170304e-01,0.000000000000000000e+00
3.023007153466829061e-04,7.003185724282221969e+00,7.000705958663939299e+00,3.465740139215831169e-04,3.251713977248105181e-08,8.082591654411048765e-01,0.000000000000000000e+00
3.043007153466829005e-04,7.051185700805952195e+00,7.048705998099204173e+00,3.489502059232550625e-04,3.249830200779957323e-08,8.092930984915147619e-01,0.000000000000000000e+00
3.063007153466828949e-04,7.099185677331409927e+00,7.096706036379181626e+00,3.513263977226658945e-04,3.247968151376401380e-08,8.103269492849660693e-01,0.000000000000000000e+00
3.083007153466828893e-04,7.147185653858397103e+00,7.144706073535746604e+00,3.537025893232658693e-04,3.246127497358308744e-08,8.113607238429949575e-01,0.000000000000000000e+00
3.103007153466828837e-04,7.195185630386823128e+00,7.192706109599694919e+00,3.560787807284253380e-04,3.244307915373223494e-08,8.123944277659784774e-01,0.000000000000000000e+00
3.123007153466828782e-04,7.243185606916596520e+00,7.240706144600695282e+00,3.584549719414331734e-04,3.242509090395362392e-08,8.134280662622561664e-01,0.000000000000000000e+00
3.143007153466828726e-04,7.291185583447583163e+00,7.288706178567291971e+00,3.608311629654969879e-04,3.240730710174499762e-08,8.144616441752692282e-01,0.000000000000000000e+00
3.163007153466828670e-04,7.339185559979606310e+00,7.336706211526960786e+00,3.632073538037463309e-04,3.238972474950418956e-08,8.154951660088833876e-01,0.000000000000000000e+00
3.183007153466828614e-04,7.387185536512693496e+00,7.384706243506401258e+00,3.655835444592477057e-04,3.237234084962903324e-08,8.165286359511849668e-01,0.000000000000000000e+00
3.203007153466828558e-04,7.435185513046718597e+00,7.432706274531213353e+00,3.679597349349890650e-04,3.235515248778408903e-08,8.175620578960449691e-01,0.000000000000000000e+00
3.223007153466828502e-04,7.483185489581518191e+00,7.480706304626066228e+00,3.703359252338885932e-04,3.233815683290064413e-08,8.185954354636839625e-01,0.000000000000000000e+00
3.243007153466828446e-04,7.531185466117131355e+00,7.528706333814969121e+00,3.727121153588086925e-04,3.232135108166556137e-08,8.196287720198682791e-01,0.000000000000000000e+00
3.263007153466828390e-04,7.579185442653431970e+00,7.576706362120946281e+00,3.750883053125398823e-04,3.230473252791021821e-08,8.206620706932499232e-01,0.000000000000000000e+00
3.283007153466828334e-04,7.627185419190332993e+00,7.624706389566277664e+00,3.774644950978132680e-04,3.228829843771041652e-08,8.216953343920323505e-01,0.000000000000000000e+00
3.303007153466828278e-04,7.675185395727931237e+00,7.672706416172668575e+00,3.798406847173095395e-04,3.227204621591983624e-08,8.227285658194185558e-01,0.000000000000000000e+00
3.323007153466828222e-04,7.723185372265997550e+00,7.720706441960774491e+00,3.822168741736360403e-04,3.225597332290330854e-08,8.237617674873822793e-01,0.000000000000000000e+00
3.343007153466828166e-04,7.771185348804433346e+00,7.768706466950692224e+00,3.845930634693507828e-04,3.224007716351451336e-08,8.247949417303823694e-01,0.000000000000000000e+00
3.363007153466828110e-04,7.819185325343358528e+00,7.816706491162078052e+00,3.869692526069691161e-04,3.222435529526279652e-08,8.258280907178274788e-01,0.000000000000000000e+00
3.383007153466828054e-04,7.867185301882657633e+00,7.864706514613711619e+00,3.893454415889425839e-04,3.220880528953529165e-08,8.268612164650948060e-01,0.000000000000000000e+00
3.403007153466827998e-04,7.915185278422303128e+00,7.912706537323853873e+00,3.917216304176768141e-04,3.219342478710807143e-08,8.278943208445701529e-01,0.000000000000000000e+00
3.423007153466827942e-04,7.963185254962261261e+00,7.960706559310168018e+00,3.940978190955279404e-04,3.217821141487942072e-08,8.289274055954987119e-01,0.000000000000000000e+00
3.443007153466827886e-04,8.011185231502391701e+00,8.008706580589654678e+00,3.964740076248000011e-04,3.216316291076992684e-08,8.299604723331794887e-01,0.000000000000000000e+00
3.463007153466827830e-04,8.059185208042819681e+00,8.056706601179033811e+00,3.988501960077635864e-04,3.214827702657796493e-08,8.309935225579563323e-01,0.000000000000000000e+00
3.483007153466827774e-04,8.107185184583435955e+00,8.104706621094280194e+00,4.012263842466343177e-04,3.213355155573527355e-08,8.320265576627434712e-01,0.000000000000000000e+00
3.503007153466827718e-04,8.155185161124240523e+00,8.152706640350965372e+00,4.036025723435890562e-04,3.211898436106253030e-08,8.330595789408441476e-01,0.000000000000000000e+00
3.523007153466827662e-04,8.203185137665157001e+00,8.200706658964117324e+00,4.059787603007591807e-04,3.210457326374704934e-08,8.340925875927274191e-01,0.000000000000000000e+00
3.543007153466827606e-04,8.251185114206259996e+00,8.248706676948451388e+00,4.083549481202430561e-04,3.209031622375402293e-08,8.351255847327205828e-01,0.000000000000000000e+00
3.563007153466827550e-04,8.299185090747313254e+00,8.296706694317929731e+00,4.107311358040843493e-04,3.207621118717085551e-08,8.361585713945878240e-01,0.000000000000000000e+00
3.583007153466827494e-04,8.347185067288604543e+00,8.344706711086601558e+00,4.131073233543137708e-04,3.206225615559610276e-08,8.371915485379668453e-01,0.000000000000000000e+00
3.603007153466827438e-04,8.395185043829888727e+00,8.392706727267583489e+00,4.154835107728988767e-04,3.204844918613947158e-08,8.382245170525068900e-01,0.000000000000000000e+00
3.623007153466827382e-04,8.443185020371178240e+00,8.440706742873851809e+00,4.178596980617836415e-04,3.203478830815509326e-08,8.392574777635539718e-01,0.000000000000000000e+00
3.643007153466827326e-04,8.491184996912561900e+00,8.488706757918075496e+00,4.202358852228804892e-04,3.202127163426382594e-08,8.402904314364603167e-01,0.000000000000000000e+00
3.663007153466827271e-04,8.539184973453883387e+00,8.536706772412312461e+00,4.226120722580552235e-04,3.200789730484210338e-08,8.413233787804852426e-01,0.000000000000000000e+00
3.683007153466827215e-04,8.587184949995235073e+00,8.584706786368521136e+00,4.249882591691533191e-04,3.199466347414414713e-08,8.423563204531978599e-01,0.000000000000000000e+00
3.703007153466827159e-04,8.635184926536597416e+00,8.632706799798198105e+00,4.273644459579815447e-04,3.198156836581311779e-08,8.433892570637597785e-01,0.000000000000000000e+00
3.723007153466827103e-04,8.683184903077863837e+00,8.680706812712429610e+00,4.297406326263115408e-04,3.196861023124775159e-08,8.444221891763339372e-01,0.000000000000000000e+00
3.743007153466827047e-04,8.731184879619165784e+00,8.728706825122220181e+00,4.321168191758952698e-04,3.195578733572457253e-08,8.454551173135671505e-01,0.000000000000000000e+00
3.763007153466826991e-04,8.779184856160435757e+00,8.776706837038071640e+00,4.344930056084452832e-04,3.194309791676452903e-08,8.464880419590938843e-01,0.000000000000000000e+00
3.783007153466826935e-04,8.827184832701588491e+00,8.824706848470169618e+00,4.368691919256438290e-04,3.193054036454423539e-08,8.475209635604334935e-01,0.000000000000000000e+00
3.803007153466826879e-04,8.875184809242723460e+00,8.872706859428602044e+00,4.392453781291545071e-04,3.191811302760694247e-08,8.485538825317666678e-01,0.000000000000000000e+00
3.823007153466826823e-04,8.923184785783819351e+00,8.920706869923060722e+00,4.416215642206066023e-04,3.190581425449590114e-08,8.495867992559515969e-01,0.000000000000000000e+00
3.843007153466826767e-04,8.971184762324698525e+00,8.968706879962821787e+00,4.439977502015951928e-04,3.189364246314330131e-08,8.506197140867186590e-01,0.000000000000000000e+00
3.863007153466826711e-04,9.019184738865586581e+00,9.016706889557294602e+00,4.463739360737086891e-04,3.188159614087027194e-08,8.516526273512710077e-01,0.000000000000000000e+00
3.883007153466826655e-04,9.067184715406362727e+00,9.064706898715309435e+00,4.487501218384927840e-04,3.186967373336457854e-08,8.526855393514258807e-01,0.000000000000000000e+00
3.903007153466826599e-04,9.115184691947096240e+00,9.112706907445634386e+00,4.511263074974776119e-04,3.185787370019177445e-08,8.537184503659389634e-01,0.000000000000000000e+00
3.923007153466826543e-04,9.163184668487653894e+00,9.160706915756614777e+00,4.535024930521592093e-04,3.184619461193971546e-08,8.547513606517629370e-01,0.000000000000000000e+00
3.943007153466826487e-04,9.211184645028163587e+00,9.208706923656617249e+00,4.558786785040218489e-04,3.183463499756289394e-08,8.557842704460201233e-01,0.000000000000000000e+00
3.963007153466826431e-04,9.259184621568591567e+00,9.256706931153646067e+00,4.582548638545193374e-04,3.182319338601580228e-08,8.568171799670460942e-01,0.000000000000000000e+00
3.983007153466826375e-04,9.307184598108880991e+00,9.304706938255467463e+00,4.606310491050810869e-04,3.181186838951965967e-08,8.578500894158054280e-01,0.000000000000000000e+00
4.003007153466826319e-04,9.355184574649047846e+00,9.352706944969712666e+00,4.630072342571181325e-04,3.180065864805126097e-08,8.588829989772790441e-01,0.000000000000000000e+00
4.023007153466826263e-04,9.403184551189038842e+00,9.400706951303757108e+00,4.653834193120168434e-04,3.178956278770961319e-08,8.599159088214269886e-01,0.000000000000000000e+00
4.043007153466826207e-04,9.451184527729035167e+00,9.448706957265017081e+00,4.677596042711537768e-04,3.177857947622708679e-08,8.609488191045846506e-01,0.000000000000000000e+00
4.063007153466826151e-04,9.499184504268757934e+00,9.496706962860260504e+00,4.701357891358615799e-04,3.176770736745826440e-08,8.619817299697416502e-01,0.000000000000000000e+00
4.083007153466826095e-04,9.547184480808489582e+00,9.544706968096647870e+00,4.725119739074811398e-04,3.175694517076887990e-08,8.630146415485171474e-01,0.000000000000000000e+00
4.103007153466826039e-04,9.595184457348056029e+00,9.592706972980700186e+00,4.748881585873105716e-04,3.174629166491360621e-08,8.640475539609653310e-01,0.000000000000000000e+00
4.123007153466825983e-04,9.643184433887574514e+00,9.640706977519073462e+00,4.772643431766433828e-04,3.173574550374702596e-08,8.650804673171634818e-01,0.000000000000000000e+00
4.143007153466825927e-04,9.691184410426867402e+00,9.688706981717961852e+00,4.796405276767397958e-04,3.172530552153496330e-08,8.661133817173327643e-01,0.000000000000000000e+00
4.163007153466825871e-04,9.739184386966053708e+00,9.736706985583696294e+00,4.820167120888554793e-04,3.171497048315430334e-08,8.671462972531394087e-01,0.000000000000000000e+00
4.183007153466825816e-04,9.787184363505103235e+00,9.784706989122309295e+00,4.843928964142213281e-04,3.170473922287087021e-08,8.681792140078989917e-01,0.000000000000000000e+00
4.203007153466825760e-04,9.835184340044007101e+00,9.832706992339712571e+00,4.867690806540515402e-04,3.169461051943933683e-08,8.692121320573269472e-01,0.000000000000000000e+00
4.223007153466825704e-04,9.883184316582839912e+00,9.880706995241752111e+00,4.891452648095470862e-04,3.168458323488110295e-08,8.702450514701700612e-01,0.000000000000000000e+00
4.243007153466825648e-04,9.931184293121440021e+00,9.928706997833899095e+00,4.915214488818800973e-04,3.167465623121756835e-08,8.712779723083938777e-01,0.000000000000000000e+00
4.263007153466825592e-04,9.979184269659967299e+00,9.976707000121814772e+00,4.938976328722224874e-04,3.166482842598128400e-08,8.723108946282494003e-01,0.000000000000000000e+00
4.283007153466825536e-04,1.002718424619838800e+01,1.002470700211082999e+01,4.962738167817197163e-04,3.165509859792692282e-08,8.733438184801460835e-01,0.000000000000000000e+00
4.303007153466825480e-04,1.007518422273678560e+01,1.007270700380627737e+01,4.986500006115079193e-04,3.164546574785376265e-08,8.743767439094396465e-01,0.000000000000000000e+00
4.323007153466825424e-04,1.012318419927488300e+01,1.012070700521300104e+01,5.010261843626898385e-04,3.163592884880550571e-08,8.754096709563077283e-01,0.000000000000000000e+00
4.343007153466825368e-04,1.017118417581290757e+01,1.016870700633622526e+01,5.034023680363769980e-04,3.162648673504797614e-08,8.764425996569871202e-01,0.000000000000000000e+00
4.363007153466825312e-04,1.021918415235079358e+01,1.021670700718077107e+01,5.057785516336520820e-04,3.161713843513602740e-08,8.774755300433012550e-01,0.000000000000000000e+00
4.383007153466825256e-04,1.026718412888852683e+01,1.026470700775140088e+01,5.081547351555863908e-04,3.160788292211336170e-08,8.785084621433227881e-01,0.000000000000000000e+00
4.403007153466825200e-04,1.031518410542621211e+01,1.031270700805287888e+01,5.105309186032421171e-04,3.159871928004598374e-08,8.795413959817084404e-01,0.000000000000000000e+00
4.423007153466825144e-04,1.036318408196365581e+01,1.036070700808957135e+01,5.129071019776521804e-04,3.158964628768856642e-08,8.805743315795808712e-01,0.000000000000000000e+00
4.443007153466825088e-04,1.041118405850100892e+01,1.040870700786608261e+01,5.152832852798537285e-04,3.158066316788499250e-08,8.816072689554061981e-01,0.000000000000000000e+00
4.463007153466825032e-04,1.045918403503825367e+01,1.045670700738675407e+01,5.176594685108615746e-04,3.157176892143453983e-08,8.826402081246920162e-01,0.000000000000000000e+00
4.483007153466824976e-04,1.050718401157544335e+01,1.050470700665589341e+01,5.200356516716807742e-04,3.156296254913648625e-08,8.836731491004794492e-01,0.000000000000000000e+00
4.503007153466824920e-04,1.055518398811248204e+01,1.055270700567756670e+01,5.224118347632962164e-04,3.155424319056798765e-08,8.847060918932818652e-01,0.000000000000000000e+00
4.523007153466824864e-04,1.060318396464934487e+01,1.060070700445581870e+01,5.247880177866834665e-04,3.154560981877274628e-08,8.857390365115334063e-01,0.000000000000000000e+00
4.543007153466824808e-04,1.065118394118604428e+01,1.064870700299464090e+01,5.271642007428071390e-04,3.153706162883906927e-08,8.867719829616884653e-01,0.000000000000000000e+00
4.563007153466824752e-04,1.069918391772266730e+01,1.069670700129801766e+01,5.295403836326240425e-04,3.152859767707738570e-08,8.878049312484552757e-01,0.000000000000000000e+00
4.583007153466824696e-04,1.074718389425914467e+01,1.074470699936969709e+01,5.319165664570712528e-04,3.152021710306485147e-08,8.888378813746697915e-01,0.000000000000000000e+00
4.603007153466824640e-04,1.079518387079551367e+01,1.079270699721343263e+01,5.342927492170783648e-04,3.151191901862304690e-08,8.898708333417237881e-01,0.000000000000000000e+00
4.623007153466824584e-04,1.084318384733186491e+01,1.084070699483296529e+01,5.366689319135666252e-04,3.150370261884027911e-08,8.909037871496412464e-01,0.000000000000000000e+00
4.643007153466824528e-04,1.089118382386799944e+01,1.088870699223166838e+01,5.390451145474320187e-04,3.149556704329370405e-08,8.919367427968420969e-01,0.000000000000000000e+00
4.663007153466824472e-04,1.093918380040401139e+01,1.093670698941312303e+01,5.414212971195730235e-04,3.148751143156047760e-08,8.929697002808474338e-01,0.000000000000000000e+00
4.683007153466824416e-04,1.098718377693984749e+01,1.098470698638069898e+01,5.437974796308706624e-04,3.147953497872890694e-08,8.940026595979304602e-01,0.000000000000000000e+00
4.703007153466824361e-04,1.103518375347558411e+01,1.103270698313781750e+01,5.461736620822011876e-04,3.147163690764287480e-08,8.950356207434815303e-01,0.000000000000000000e+00
4.723007153466824305e-04,1.108318373001130652e+01,1.108070697968783591e+01,5.485498444744303344e-04,3.146381638563511274e-08,8.960685837119868324e-01,0.000000000000000000e+00
4.743007153466824249e-04,1.113118370654684597e+01,1.112870697603380599e+01,5.509260268084019375e-04,3.145607263554950350e-08,8.971015484968560827e-01,0.000000000000000000e+00
4.763007153466824193e-04,1.117918368308228239e+01,1.117670697217894471e+01,5.533022090849612409e-04,3.144840493574108109e-08,8.981345150909785247e-01,0.000000000000000000e+00
4.783007153466824137e-04,1.122718365961758558e+01,1.122470696812629853e+01,5.556783913049380928e-04,3.144081237027585018e-08,8.991674834864378241e-01,0.000000000000000000e+00
4.803007153466824081e-04,1.127518363615277508e+01,1.127270696387890681e+01,5.580545734691557281e-04,3.143329446730902532e-08,9.002004536747598706e-01,0.000000000000000000e+00
4.823007153466824025e-04,1.132318361268788465e+01,1.132070695943975558e+01,5.604307555784275151e-04,3.142585019988430872e-08,9.012334256469056726e-01,0.000000000000000000e+00
4.843007153466823969e-04,1.137118358922277039e+01,1.136870695481159110e+01,5.628069376335483910e-04,3.141847895737903684e-08,9.022663993931550053e-01,0.000000000000000000e+00
4.863007153466823913e-04,1.141918356575764548e+01,1.141670694999746161e+01,5.651831196353225084e-04,3.141118007365939491e-08,9.032993749036819509e-01,0.000000000000000000e+00
4.883007153466823857e-04,1.146718354229243531e+01,1.146470694500007070e+01,5.675593015845301677e-04,3.140395282708041691e-08,9.043323521679642596e-01,0.000000000000000000e+00
4.903007153466824343e-04,1.151518351882706703e+01,1.151270693982207582e+01,5.699354834819429956e-04,3.139679635721925877e-08,9.053653311751119759e-01,0.000000000000000000e+00
4.923007153466824829e-04,1.156318349536159751e+01,1.156070693446619302e+01,5.723116653283296914e-04,3.138971019223113501e-08,9.063983119140361921e-01,0.000000000000000000e+00
4.943007153466825315e-04,1.161118347189590239e+01,1.160870692893491984e+01,5.746878471244414987e-04,3.138269349944877717e-08,9.074312943731950298e-01,0.000000000000000000e+00
4.963007153466825801e-04,1.165918344843024457e+01,1.165670692323107360e+01,5.770640288710402865e-04,3.137574569600509733e-08,9.084642785411602972e-01,0.000000000000000000e+00
4.983007153466826288e-04,1.170718342496456721e+01,1.170470691735711988e+01,5.794402105688640711e-04,3.136886603249955385e-08,9.094972644059620137e-01,0.000000000000000000e+00
5.003007153466826774e-04,1.175518340149867313e+01,1.175270691131533241e+01,5.818163922186354734e-04,3.136205395382063443e-08,9.105302519552918028e-01,0.000000000000000000e+00
5.023007153466827260e-04,1.180318337803262807e+01,1.180070690510819453e+01,5.841925738210818845e-04,3.135530876607894868e-08,9.115632411769691856e-01,0.000000000000000000e+00
5.043007153466827746e-04,1.185118335456647998e+01,1.184870689873811855e+01,5.865687553769212631e-04,3.134862974762953058e-08,9.125962320586218368e-01,0.000000000000000000e+00
5.063007153466828232e-04,1.189918333110025550e+01,1.189670689220745459e+01,5.889449368868631112e-04,3.134201642662759468e-08,9.136292245877504214e-01,0.000000000000000000e+00
5.083007153466828718e-04,1.194718330763399372e+01,1.194470688551852611e+01,5.913211183516097749e-04,3.133546808142817497e-08,9.146622187517818858e-01,0.000000000000000000e+00
5.103007153466829204e-04,1.199518328416755963e+01,1.199270687867343987e+01,5.936972997718480962e-04,3.132898418467533475e-08,9.156952145378678409e-01,0.000000000000000000e+00
5.123007153466829691e-04,1.204318326070105094e+01,1.204070687167448384e+01,5.960734811482678447e-04,3.132256404247968362e-08,9.167282119333552970e-01,0.000000000000000000e+00
5.143007153466830177e-04,1.209118323723449073e+01,1.208870686452383580e+01,5.984496624815475140e-04,3.131620704421855805e-08,9.177612109254660311e-01,0.000000000000000000e+00
5.163007153466830663e-04,1.213918321376770137e+01,1.213670685722343734e+01,6.008258437723497684e-04,3.130991269029159696e-08,9.187942115011988875e-01,0.000000000000000000e+00
5.183007153466831149e-04,1.218718319030089781e+01,1.218470684977557106e+01,6.032020250213483313e-04,3.130368037007613680e-08,9.198272136479275218e-01,0.000000000000000000e+00
5.203007153466831635e-04,1.223518316683395035e+01,1.223270684218214832e+01,6.055782062291930733e-04,3.129750947294951402e-08,9.208602173526774237e-01,0.000000000000000000e+00
5.223007153466832121e-04,1.228318314336701889e+01,1.228070683444532207e+01,6.079543873965415632e-04,3.129139947155579193e-08,9.218932226027725108e-01,0.000000000000000000e+00
5.243007153466832607e-04,1.233118311989995419e+01,1.232870682656690953e+01,6.103305685240292518e-04,3.128534975527230699e-08,9.229262293852613652e-01,0.000000000000000000e+00
5.263007153466833093e-04,1.237918309643277404e+01,1.237670681854885224e+01,6.127067496122928910e-04,3.127935985225427373e-08,9.239592376873826396e-01,0.000000000000000000e+00
5.283007153466833580e-04,1.242718307296546065e+01,1.242470681039302427e+01,6.150829306619613182e-04,3.127342923514575546e-08,9.249922474963909735e-01,0.000000000000000000e+00
5.303007153466834066e-04,1.247518304949808332e+01,1.247270680210134586e+01,6.174591116736597926e-04,3.126755721005736177e-08,9.260252587996511409e-01,0.000000000000000000e+00
5.323007153466834552e-04,1.252318302603066869e+01,1.252070679367567330e+01,6.198352926480071769e-04,3.126174341616660968e-08,9.270582715845705479e-01,0.000000000000000000e+00
5.343007153466835038e-04,1.257118300256314036e+01,1.256870678511771544e+01,6.222114735856089981e-04,3.125598718733968440e-08,9.280912858384944286e-01,0.000000000000000000e+00
5.363007153466835524e-04,1.261918297909545394e+01,1.261670677642919536e+01,6.245876544870673135e-04,3.125028813499852731e-08,9.291243015488905854e-01,0.000000000000000000e+00
5.383007153466836010e-04,1.266718295562776397e+01,1.266470676761198710e+01,6.269638353529872164e-04,3.124464567627605049e-08,9.301573187034737344e-01,0.000000000000000000e+00
5.403007153466836496e-04,1.271518293215995143e+01,1.271270675866766453e+01,6.293400161839549350e-04,3.123905939483861971e-08,9.311903372897827325e-01,0.000000000000000000e+00
5.423007153466836983e-04,1.276318290869206251e+01,1.276070674959794538e+01,6.317161969805577815e-04,3.123352865230799580e-08,9.322233572955962444e-01,0.000000000000000000e+00
5.443007153466837469e-04,1.281118288522394622e+01,1.280870674040431290e+01,6.340923777433684315e-04,3.122805297683939330e-08,9.332563787085987883e-01,0.000000000000000000e+00
5.463007153466837955e-04,1.285918286175589564e+01,1.285670673108867135e+01,6.364685584729754984e-04,3.122263203536590481e-08,9.342894015169829203e-01,0.000000000000000000e+00
5.483007153466838441e-04,1.290718283828779533e+01,1.290470672165248445e+01,6.388447391699417915e-04,3.121726518950929119e-08,9.353224257086392157e-01,0.000000000000000000e+00
5.503007153466838927e-04,1.295518281481951206e+01,1.295270671209718039e+01,6.412209198348239403e-04,3.121195202293591819e-08,9.363554512715435152e-01,0.000000000000000000e+00
5.523007153466839413e-04,1.300318279135126787e+01,1.300070670242449999e+01,6.435971004681898498e-04,3.120669211931215159e-08,9.373884781941121958e-01,0.000000000000000000e+00
5.543007153466839899e-04,1.305118276788284248e+01,1.304870669263572225e+01,6.459732810705797780e-04,3.120148486801532783e-08,9.384215064644276794e-01,0.000000000000000000e+00
5.563007153466840386e-04,1.309918274441436026e+01,1.309670668273244942e+01,6.483494616425464511e-04,3.119632988046738831e-08,9.394545360710324644e-01,0.000000000000000000e+00
5.583007153466840872e-04,1.314718272094574836e+01,1.314470667271605997e+01,6.507256421846275250e-04,3.119122682360142562e-08,9.404875670023535861e-01,0.000000000000000000e+00
5.603007153466841358e-04,1.319518269747703698e+01,1.319270666258800517e+01,6.531018226973603303e-04,3.118617511455035185e-08,9.415205992470419005e-01,0.000000000000000000e+00
5.623007153466841844e-04,1.324318267400821192e+01,1.324070665234967059e+01,6.554780031812748251e-04,3.118117442024725960e-08,9.425536327938033310e-01,0.000000000000000000e+00
5.643007153466842330e-04,1.329118265053940462e+01,1.328870664200256613e+01,6.578541836369031356e-04,3.117622415782506096e-08,9.435866676316084778e-01,0.000000000000000000e+00
5.663007153466842816e-04,1.333918262707052804e+01,1.333670663154796188e+01,6.602303640647616675e-04,3.117132402197242413e-08,9.446197037492929383e-01,0.000000000000000000e+00
5.683007153466843302e-04,1.338718260360141876e+01,1.338470662098702491e+01,6.626065444653579358e-04,3.116647348533341244e-08,9.456527411357438240e-01,0.000000000000000000e+00
5.703007153466843789e-04,1.343518258013230593e+01,1.343270661032128999e+01,6.649827248392137669e-04,3.116167221484111849e-08,9.466857797803527319e-01,0.000000000000000000e+00
5.723007153466844275e-04,1.348318255666328191e+01,1.348070659955214090e+01,6.673589051868399286e-04,3.115691982191748366e-08,9.477188196724721791e-01,0.000000000000000000e+00
5.743007153466844761e-04,1.353118253319416553e+01,1.352870658868066123e+01,6.697350855087287570e-04,3.115221580696214687e-08,9.487518608012788235e-01,0.000000000000000000e+00
5.763007153466845247e-04,1.357918250972492480e+01,1.357670657770806955e+01,6.721112658053755157e-04,3.114755983690820074e-08,9.497849031562388689e-01,0.000000000000000000e+00
5.783007153466845733e-04,1.362718248625550999e+01,1.362470656663553648e+01,6.744874460772690714e-04,3.114295146766643541e-08,9.508179467268877971e-01,0.000000000000000000e+00
5.803007153466846219e-04,1.367518246278602589e+01,1.367270655546437652e+01,6.768636263249019772e-04,3.113839022739206541e-08,9.518509915030470836e-01,0.000000000000000000e+00
5.823007153466846705e-04,1.372318243931638548e+01,1.372070654419569102e+01,6.792398065487533420e-04,3.113387586628491022e-08,9.528840374744298458e-01,0.000000000000000000e+00
5.843007153466847192e-04,1.377118241584684100e+01,1.376870653283090107e+01,6.816159867493140926e-04,3.112940791250018435e-08,9.539170846312092777e-01,0.000000000000000000e+00
5.863007153466847678e-04,1.381918239237731783e+01,1.381670652137107602e+01,6.839921669270544475e-04,3.112498603297098043e-08,9.549501329633223179e-01,0.000000000000000000e+00
5.883007153466848164e-04,1.386718236890749267e+01,1.386470650981702590e+01,6.863683470824284705e-04,3.112060981136366422e-08,9.559831824605868889e-01,0.000000000000000000e+00
5.903007153466848650e-04,1.391518234543767285e+01,1.391270649817016114e+01,6.887445272159162463e-04,3.111627894236690395e-08,9.570162331135421141e-01,0.000000000000000000e+00
5.923007153466849136e-04,1.396318232196782105e+01,1.396070648643154755e+01,6.911207073279773683e-04,3.111199292638033853e-08,9.580492849125068489e-01,0.000000000000000000e+00
5.943007153466849622e-04,1.401118229849787866e+01,1.400870647460219942e+01,6.934968874190665508e-04,3.110775154135936305e-08,9.590823378478461336e-01,0.000000000000000000e+00
5.963007153466850108e-04,1.405918227502777995e+01,1.405670646268311685e+01,6.958730674896331956e-04,3.110355431545919203e-08,9.601153919100706702e-01,0.000000000000000000e+00
5.983007153466850594e-04,1.410718225155769012e+01,1.410470645067550244e+01,6.982492475401346193e-04,3.109940097112406932e-08,9.611484470899878119e-01,0.000000000000000000e+00
6.003007153466851081e-04,1.415518222808755944e+01,1.415270643858034205e+01,7.006254275710137184e-04,3.109529103650920945e-08,9.621815033783089888e-01,0.000000000000000000e+00
6.023007153466851567e-04,1.420318220461730085e+01,1.420070642639855230e+01,7.030016075827071010e-04,3.109122440059230996e-08,9.632145607658042508e-01,0.000000000000000000e+00
6.043007153466852053e-04,1.425118218114700319e+01,1.424870641413121852e+01,7.053777875756561460e-04,3.108720045275070731e-08,9.642476192435172067e-01,0.000000000000000000e+00
6.063007153466852539e-04,1.429918215767657408e+01,1.429670640177923424e+01,7.077539675502898722e-04,3.108321894318422096e-08,9.652806788024150819e-01,0.000000000000000000e+00
6.083007153466853025e-04,1.434718213420614141e+01,1.434470638934369013e+01,7.101301475070444539e-04,3.107927964984824598e-08,9.663137394337848463e-01,0.000000000000000000e+00
6.103007153466853511e-04,1.439518211073567322e+01,1.439270637682550102e+01,7.125063274463438144e-04,3.107538207314242129e-08,9.673468011288459678e-01,0.000000000000000000e+00
6.123007153466853997e-04,1.444318208726512509e+01,1.444070636422556397e+01,7.148825073686079735e-04,3.107152596326656635e-08,9.683798638788996271e-01,0.000000000000000000e+00
6.143007153466854484e-04,1.449118206379455032e+01,1.448870635154485420e+01,7.172586872742582522e-04,3.106771098715377377e-08,9.694129276754477331e-01,0.000000000000000000e+00
6.163007153466854970e-04,1.453918204032379968e+01,1.453670633878412843e+01,7.196348671637017684e-04,3.106393678398156055e-08,9.704459925098802842e-01,0.000000000000000000e+00
6.183007153466855456e-04,1.458718201685300642e+01,1.458470632594441341e+01,7.220110470373569157e-04,3.106020315946089738e-08,9.714790583739638663e-01,0.000000000000000000e+00
6.203007153466855942e-04,1.463518199338219361e+01,1.463270631302661329e+01,7.243872268956325468e-04,3.105650969725815003e-08,9.725121252594526311e-01,0.000000000000000000e+00
6.223007153466856428e-04,1.468318196991135061e+01,1.468070630003158605e+01,7.267634067389324186e-04,3.105285603655083548e-08,9.735451931581415863e-01,0.000000000000000000e+00
6.243007153466856914e-04,1.473118194644043477e+01,1.472870628696014350e+01,7.291395865676550837e-04,3.104924192753877321e-08,9.745782620618985703e-01,0.000000000000000000e+00
6.263007153466857400e-04,1.477918192296935374e+01,1.477670627381303881e+01,7.315157663821943244e-04,3.104566712042178267e-08,9.756113319626251723e-01,0.000000000000000000e+00
6.283007153466857887e-04,1.482718189949823362e+01,1.482470626059122587e+01,7.338919461829501029e-04,3.104213117111065401e-08,9.766444028525391730e-01,0.000000000000000000e+00
6.303007153466858373e-04,1.487518187602717390e+01,1.487270624729561952e+01,7.362681259703179361e-04,3.103863391307193353e-08,9.776774747238992092e-01,0.000000000000000000e+00
6.323007153466858859e-04,1.492318185255600582e+01,1.492070623392686102e+01,7.386443057446777285e-04,3.103517504099428947e-08,9.787105475688022693e-01,0.000000000000000000e+00
6.343007153466859345e-04,1.497118182908466899e+01,1.496870622048567689e+01,7.410204855064104687e-04,3.103175419405523883e-08,9.797436213795158721e-01,0.000000000000000000e+00
6.363007153466859831e-04,1.501918180561332328e+01,1.501670620697301750e+01,7.433966652559058190e-04,3.102837112245460105e-08,9.807766961486397150e-01,0.000000000000000000e+00
6.383007153466860317e-04,1.506718178214197756e+01,1.506470619338966088e+01,7.457728449935417323e-04,3.102502549312546876e-08,9.818097718686811248e-01,0.000000000000000000e+00
6.403007153466860803e-04,1.511518175867058389e+01,1.511270617973630692e+01,7.481490247196907403e-04,3.102171713953438825e-08,9.828428485321740737e-01,0.000000000000000000e+00
6.423007153466861290e-04,1.516318173519893797e+01,1.516070616601351340e+01,7.505252044347149668e-04,3.101844567310330092e-08,9.838759261315992433e-01,0.000000000000000000e+00
6.443007153466861776e-04,1.521118171172743949e+01,1.520870615222241362e+01,7.529013841390027727e-04,3.101521076076529937e-08,9.849090046601034487e-01,0.000000000000000000e+00
6.463007153466862262e-04,1.525918168825581134e+01,1.525670613836345701e+01,7.552775638329066324e-04,3.101201229149808114e-08,9.859420841102313204e-01,0.000000000000000000e+00
6.483007153466862748e-04,1.530718166478420095e+01,1.530470612443751399e+01,7.576537435167966924e-04,3.100884990447916323e-08,9.869751644750373032e-01,0.000000000000000000e+00
6.503007153466863234e-04,1.535518164131240226e+01,1.535270611044508193e+01,7.600299231910228248e-04,3.100572340541951633e-08,9.880082457473005064e-01,0.000000000000000000e+00
6.523007153466863720e-04,1.540318161784064088e+01,1.540070609638708099e+01,7.624061028559527909e-04,3.100263237798550620e-08,9.890413279202956431e-01,0.000000000000000000e+00
6.543007153466864206e-04,1.545118159436539251e+01,1.544870608226151276e+01,7.647822825118055995e-04,3.099957662788810353e-08,9.900746123288399758e-01,0.000000000000000000e+00
6.563007153466864693e-04,1.549918157087645199e+01,1.549670606806105155e+01,7.671584621585305101e-04,3.099655596083827902e-08,9.911086572506970782e-01,0.000000000000000000e+00
6.583007153466865179e-04,1.554718154734050373e+01,1.554470605376005032e+01,7.695346417951543427e-04,3.099357001601354966e-08,9.921452654827671580e-01,0.000000000000000000e+00
6.603007153466865665e-04,1.559518152364653076e+01,1.559270603927152266e+01,7.719108214176199044e-04,3.099061846034700807e-08,9.931904611734196919e-01,0.000000000000000000e+00
6.623007153466866151e-04,1.564318149942378788e+01,1.564070602430358647e+01,7.742870010115763700e-04,3.098770098852732247e-08,9.942644285263657622e-01,0.000000000000000000e+00
6.643007153466866637e-04,1.569118147343235847e+01,1.568870600787801806e+01,7.766631805281945262e-04,3.098481671237607316e-08,9.954346413058026144e-01,0.000000000000000000e+00
6.663007153466867123e-04,1.573918143808310077e+01,1.573670598418896915e+01,7.790393596405964169e-04,3.097619979963717185e-08,9.971352178651802234e-01,0.000000000000000000e+00
6.683007153466867609e-04,1.578718137460087512e+01,1.578470593812198786e+01,7.814155376143163854e-04,3.097338996393972366e-08,1.000341552970281711e+00,0.000000000000000000e+00
6.703007153466868095e-04,1.583518123497529118e+01,1.583270583112769891e+01,7.837917125233414802e-04,3.097058115519857324e-08,1.007587148033035618e+00,0.000000000000000000e+00
6.723007153466868582e-04,1.588318093492582328e+01,1.588070559349500499e+01,7.861678808799128998e-04,3.096775136324225741e-08,1.023018420942227280e+00,0.000000000000000000e+00
6.743007153466869068e-04,1.593118040174689476e+01,1.592870515917980256e+01,7.885440393976349662e-04,3.096491474341434014e-08,1.049444634674848942e+00,0.000000000000000000e+00
6.763007153466869554e-04,1.597917963864745161e+01,1.597670451967821137e+01,7.909201876880783732e-04,3.096212525255381820e-08,1.085535674792639682e+00,0.000000000000000000e+00
6.783007153466870040e-04,1.602717871490739299e+01,1.602470372420845379e+01,7.932963282428182094e-04,3.095941811248614783e-08,1.127569423895337763e+00,0.000000000000000000e+00
6.803007153466870526e-04,1.607517770965003123e+01,1.607270283673507194e+01,7.956724643038487130e-04,3.096237716215810565e-08,1.172264290457549762e+00,0.000000000000000000e+00
6.823007153466871012e-04,1.612317667342240313e+01,1.612070190196399011e+01,7.980485980777605884e-04,3.095977635370061876e-08,1.217922205549932357e+00,0.000000000000000000e+00
6.843007153466871498e-04,1.617117562954569365e+01,1.616870094267884994e+01,8.004247306865971577e-04,3.095721409773766197e-08,1.263809373763375987e+00,0.000000000000000000e+00
6.863007153466871985e-04,1.621917458514904453e+01,1.621669996800814673e+01,8.028008625745557255e-04,3.095468437130932671e-08,1.309729782897788297e+00,0.000000000000000000e+00
6.883007153466872471e-04,1.626717354078554933e+01,1.626469898107579581e+01,8.051769938887098346e-04,3.095218573112568095e-08,1.355678750539921040e+00,0.000000000000000000e+00
6.903007153466872957e-04,1.631517249555416882e+01,1.631269798328940368e+01,8.075531246924448712e-04,3.094971814943114907e-08,1.401683806784561170e+00,0.000000000000000000e+00
6.923007153466873443e-04,1.636317144883084040e+01,1.636069697588869332e+01,8.099292550422332402e-04,3.094728182051476040e-08,1.447759850297451578e+00,0.000000000000000000e+00
6.943007153466873929e-04,1.641117040044785469e+01,1.640869596018206167e+01,8.123053849990653254e-04,3.094487682764324177e-08,1.493908249085112772e+00,0.000000000000000000e+00
6.963007153466874415e-04,1.645916935047837626e+01,1.645669493742633804e+01,8.146815146221955944e-04,3.094250278223853456e-08,1.540124322167372384e+00,0.000000000000000000e+00
6.983007153466874901e-04,1.650716829906010119e+01,1.650469390872302711e+01,8.170576439637937958e-04,3.094015935123373140e-08,1.586402256592764459e+00,0.000000000000000000e+00
7.003007153466875388e-04,1.655516724632236247e+01,1.655269287499289277e+01,8.194337730675531686e-04,3.093784634033980296e-08,1.632736858182123996e+00,0.000000000000000000e+00
7.023007153466875874e-04,1.660316619237204350e+01,1.660069183699426887e+01,8.218099019695077143e-04,3.093556338873426625e-08,1.679123757646408421e+00,0.000000000000000000e+00
7.043007153466876360e-04,1.665116513729807934e+01,1.664869079535221630e+01,8.241860306994060973e-04,3.093331027437251635e-08,1.725559209694473850e+00,0.000000000000000000e+00
7.063007153466876846e-04,1.669916408117772377e+01,1.669668975058489480e+01,8.265621592819634650e-04,3.093108669194322147e-08,1.772039909058211293e+00,0.000000000000000000e+00
7.083007153466877332e-04,1.674716302408009483e+01,1.674468870312393065e+01,8.289382877378232437e-04,3.092889241940177669e-08,1.818562887752873891e+00,0.000000000000000000e+00
7.103007153466877818e-04,1.679516196606758527e+01,1.679268765332979640e+01,8.313144160842798674e-04,3.092672715143685025e-08,1.865125461208862134e+00,0.000000000000000000e+00
7.123007153466878304e-04,1.684316090719703496e+01,1.684068660150449404e+01,8.336905443358771494e-04,3.092459086029286652e-08,1.911725193378797982e+00,0.000000000000000000e+00
7.143007153466878791e-04,1.689115984752009680e+01,1.688868554790140308e+01,8.360666725048676584e-04,3.092248312963619128e-08,1.958359868176978935e+00,0.000000000000000000e+00
7.163007153466879277e-04,1.693915878708348544e+01,1.693668449273327425e+01,8.384428006015889369e-04,3.092040384844452205e-08,2.005027464191600828e+00,0.000000000000000000e+00
7.183007153466879763e-04,1.698715772593052264e+01,1.698468343618016618e+01,8.408189286348373339e-04,3.091835273916210269e-08,2.051726132416904491e+00,0.000000000000000000e+00
7.203007153466880249e-04,1.703515666410050500e+01,1.703268237839401422e+01,8.431950566120814845e-04,3.091632966301105512e-08,2.098454176935609539e+00,0.000000000000000000e+00
7.223007153466880735e-04,1.708315560162932556e+01,1.708068131950357227e+01,8.455711845396953049e-04,3.091433439794677440e-08,2.145210038251629925e+00,0.000000000000000000e+00
7.243007153466881221e-04,1.713115453855068893e+01,1.712868025961912721e+01,8.479473124231811211e-04,3.091236674968023124e-08,2.191992278875412481e+00,0.000000000000000000e+00
7.263007153466881707e-04,1.717915347489551081e+01,1.717667919883480465e+01,8.503234402672753788e-04,3.091042660718912316e-08,2.238799570794181903e+00,0.000000000000000000e+00
7.283007153466882194e-04,1.722715241069181147e+01,1.722467813723082841e+01,8.526995680760554369e-04,3.090851360965096717e-08,2.285630684530168821e+00,0.000000000000000000e+00
7.303007153466882680e-04,1.727515134596630375e+01,1.727267707487707327e+01,8.550756958531087037e-04,3.090662775706576326e-08,2.332484479547201062e+00,0.000000000000000000e+00
7.323007153466883166e-04,1.732315028074336638e+01,1.732067601183363337e+01,8.574518236015573561e-04,3.090476866085545282e-08,2.379359895805013281e+00,0.000000000000000000e+00
7.343007153466883652e-04,1.737114921504591436e+01,1.736867494815300006e+01,8.598279513241622067e-04,3.090293623775330900e-08,2.426255946302747546e+00,0.000000000000000000e+00
7.363007153466884138e-04,1.741914814889532437e+01,1.741667388388109572e+01,8.622040790233705164e-04,3.090113034898145372e-08,2.473171710472417573e+00,0.000000000000000000e+00
7.383007153466884624e-04,1.746714708231152002e+01,1.746467281905821167e+01,8.645802067013620739e-04,3.089935082800643329e-08,2.520106328308635568e+00,0.000000000000000000e+00
7.403007153466885110e-04,1.751514601531295057e+01,1.751267175371973295e+01,8.669563343600804198e-04,3.089759742502806716e-08,2.567058995137282196e+00,0.000000000000000000e+00
7.423007153466885596e-04,1.756314494791696745e+01,1.756067068789712593e+01,8.693324620012818534e-04,3.089587008453520411e-08,2.614028956941233162e+00,0.000000000000000000e+00
7.443007153466886083e-04,1.761114388014005883e+01,1.760866962161865956e+01,8.717085896265690421e-04,3.089416850121651237e-08,2.661015506172629941e+00,0.000000000000000000e+00
7.463007153466886569e-04,1.765914281199760083e+01,1.765666855490955811e+01,8.740847172373969855e-04,3.089249248078296262e-08,2.708017977991257652e+00,0.000000000000000000e+00
7.483007153466887055e-04,1.770714174350382919e+01,1.770466748779230315e+01,8.764608448350888438e-04,3.089084205099013047e-08,2.755035746878419900e+00,0.000000000000000000e+00
7.503007153466887541e-04,1.775514067467242185e+01,1.775266642028750752e+01,8.788369724208763790e-04,3.088921687877110855e-08,2.802068223582253381e+00,0.000000000000000000e+00
7.523007153466888027e-04,1.780313960551643504e+01,1.780066535241405035e+01,8.812130999959075445e-04,3.088761679759244316e-08,2.849114852355022265e+00,0.000000000000000000e+00
7.543007153466888513e-04,1.785113853604772061e+01,1.784866428418872530e+01,8.835892275612278364e-04,3.088604177969855868e-08,2.896175108449398294e+00,0.000000000000000000e+00
7.563007153466888999e-04,1.789913746627770408e+01,1.789666321562712525e+01,8.859653551178242039e-04,3.088449151977812335e-08,2.943248495846574997e+00,0.000000000000000000e+00
7.583007153466889486e-04,1.794713639621736689e+01,1.794466214674377724e+01,8.883414826666306873e-04,3.088296596231998592e-08,2.990334545189103466e+00,0.000000000000000000e+00
7.603007153466889972e-04,1.799513532587659626e+01,1.799266107755159894e+01,8.907176102085018546e-04,3.088146480201281463e-08,3.037432811896497498e+00,0.000000000000000000e+00
7.623007153466890458e-04,1.804313425526537529e+01,1.804066000806317049e+01,8.930937377442756857e-04,3.087998812212333632e-08,3.084542874446798422e+00,0.000000000000000000e+00
7.643007153466890944e-04,1.809113318439318974e+01,1.808865893829019100e+01,8.954698652747452746e-04,3.087853550631791677e-08,3.131664332803609341e+00,0.000000000000000000e+00
7.663007153466891430e-04,1.813913211326845598e+01,1.813665786824300952e+01,8.978459928006370366e-04,3.087710706561885843e-08,3.178796806975437761e+00,0.000000000000000000e+00
7.683007153466891916e-04,1.818713104189935237e+01,1.818465679793147061e+01,9.002221203226515832e-04,3.087570238369252706e-08,3.225939935695466332e+00,0.000000000000000000e+00
7.703007153466892402e-04,1.823512997029394000e+01,1.823265572736508844e+01,9.025982478414722870e-04,3.087432146053892268e-08,3.273093375208098621e+00,0.000000000000000000e+00
7.723007153466892889e-04,1.828312889845974354e+01,1.828065465655265598e+01,9.049743753577459832e-04,3.087296412962459158e-08,3.320256798151962840e+00,0.000000000000000000e+00
7.743007153466893375e-04,1.833112782640418459e+01,1.832865358550270685e+01,9.073505028721056288e-04,3.087163022441608007e-08,3.367429892531720981e+00,0.000000000000000000e+00
7.763007153466893861e-04,1.837912675413350172e+01,1.837665251422247792e+01,9.097266303851183700e-04,3.087031957837993446e-08,3.414612360767971921e+00,0.000000000000000000e+00
7.783007153466894347e-04,1.842712568165494602e+01,1.842465144272009425e+01,9.121027578973956969e-04,3.086903205273827666e-08,3.461803918822749182e+00,0.000000000000000000e+00
7.803007153466894833e-04,1.847512460897419828e+01,1.847265037100201113e+01,9.144788854094644233e-04,3.086776759197995545e-08,3.509004295386171535e+00,0.000000000000000000e+00
7.823007153466895319e-04,1.852312353609765694e+01,1.852064929907533042e+01,9.168550129218826965e-04,3.086652594630479030e-08,3.556213231127777874e+00,0.000000000000000000e+00
7.843007153466895805e-04,1.857112246303070080e+01,1.856864822694606687e+01,9.192311404351539116e-04,3.086530703244605434e-08,3.603430477998639248e+00,0.000000000000000000e+00
7.863007153466896292e-04,1.861912138977902842e+01,1.861664715462049102e+01,9.216072679497926308e-04,3.086411065611471827e-08,3.650655798586457834e+00,0.000000000000000000e+00
7.883007153466896778e-04,1.866712031634761715e+01,1.866464608210409892e+01,9.239833954662734095e-04,3.086293676179963086e-08,3.697888965514035675e+00,0.000000000000000000e+00
7.903007153466897264e-04,1.871511924274141947e+01,1.871264500940232267e+01,9.263595229850674420e-04,3.086178507194503595e-08,3.745129760881333425e+00,0.000000000000000000e+00
7.923007153466897750e-04,1.876311816896568274e+01,1.876064393652083950e+01,9.287356505066560056e-04,3.086065550328420670e-08,3.792377975745583996e+00,0.000000000000000000e+00
7.943007153466898236e-04,1.881111709502462048e+01,1.880864286346426439e+01,9.311117780314674686e-04,3.085954800030599188e-08,3.839633409635023753e+00,0.000000000000000000e+00
7.963007153466898722e-04,1.885911602092271622e+01,1.885664179023745035e+01,9.334879055599403907e-04,3.085846242423251340e-08,3.886895870097715644e+00,0.000000000000000000e+00
7.983007153466899208e-04,1.890711494666425097e+01,1.890464071684500880e+01,9.358640330925007550e-04,3.085739852526359073e-08,3.934165172278468958e+00,0.000000000000000000e+00
8.003007153466899695e-04,1.895511387225336009e+01,1.895263964329140194e+01,9.382401606295658709e-04,3.085635627564364825e-08,3.981441138523750922e+00,0.000000000000000000e+00
8.023007153466900181e-04,1.900311279769384498e+01,1.900063856958073316e+01,9.406162881715337491e-04,3.085533553659480788e-08,4.028723598011820783e+00,0.000000000000000000e+00
8.043007153466900667e-04,1.905111172298956745e+01,1.904863749571713782e+01,9.429924157188028337e-04,3.085433614158361593e-08,4.076012386406905108e+00,0.000000000000000000e+00
8.063007153466901153e-04,1.909911064814415838e+01,1.909663642170450615e+01,9.453685432717583419e-04,3.085335792407661870e-08,4.123307345534300339e+00,0.000000000000000000e+00
8.083007153466901639e-04,1.914710957316109585e+01,1.914463534754656138e+01,9.477446708307764919e-04,3.085240088407381620e-08,4.170608323076038459e+00,0.000000000000000000e+00
8.103007153466902125e-04,1.919510849804376562e+01,1.919263427324691662e+01,9.501207983962266712e-04,3.085146468850830104e-08,4.217915172285039205e+00,0.000000000000000000e+00
8.123007153466902611e-04,1.924310742279537223e+01,1.924063319880899314e+01,9.524969259684673171e-04,3.085054942064680006e-08,4.265227751716427207e+00,0.000000000000000000e+00
8.143007153466903097e-04,1.929110634741908470e+01,1.928863212423616957e+01,9.548730535478548069e-04,3.084965488620028395e-08,4.312545924975070832e+00,0.000000000000000000e+00
8.163007153466903584e-04,1.933910527191775941e+01,1.933663104953149414e+01,9.572491811347264359e-04,3.084878086312414780e-08,4.359869560477585892e+00,0.000000000000000000e+00
8.183007153466904070e-04,1.938710419629462933e+01,1.938462997469838101e+01,9.596253087294376056e-04,3.084792737917396721e-08,4.407198531229170158e+00,0.000000000000000000e+00
8.203007153466904556e-04,1.943510312055204992e+01,1.943262889973936325e+01,9.620014363322991566e-04,3.084709421230513726e-08,4.454532714611344701e+00,0.000000000000000000e+00
8.223007153466905042e-04,1.948310204469314044e+01,1.948062782465773068e+01,9.643775639436571664e-04,3.084628125149535549e-08,4.501871992184627302e+00,0.000000000000000000e+00
8.243007153466905528e-04,1.953110096872039136e+01,1.952862674945611943e+01,9.667536915638257284e-04,3.084548844123347067e-08,4.549216249499306031e+00,0.000000000000000000e+00
8.263007153466906014e-04,1.957909989263653472e+01,1.957662567413742138e+01,9.691298191931294525e-04,3.084471561498602910e-08,4.596565375918999052e+00,0.000000000000000000e+00
8.283007153466906500e-04,1.962709881644352450e+01,1.962462459870373266e+01,9.715059468318532673e-04,3.084396271724187955e-08,4.643919264452019746e+00,0.000000000000000000e+00
8.303007153466906987e-04,1.967509774014423130e+01,1.967262352315805174e+01,9.738820744803250353e-04,3.084322947044526586e-08,4.691277811594588343e+00,0.000000000000000000e+00
8.323007153466907473e-04,1.972309666374053094e+01,1.972062244750240012e+01,9.762582021388235051e-04,3.084251598561849050e-08,4.738640917178994272e+00,0.000000000000000000e+00
8.343007153466907959e-04,1.977109558723502403e+01,1.976862137173949918e+01,9.786343298076611436e-04,3.084182192969464609e-08,4.786008484233294169e+00,0.000000000000000000e+00
8.363007153466908445e-04,1.981909451062964322e+01,1.981662029587139884e+01,9.810104574871163739e-04,3.084114730267373261e-08,4.833380418845447224e+00,0.000000000000000000e+00
8.383007153466908931e-04,1.986709343392665517e+01,1.986461921990047585e+01,9.833865851774821476e-04,3.084049199353344761e-08,4.880756630036840349e+00,0.000000000000000000e+00
8.403007153466909417e-04,1.991509235712782910e+01,1.991261814382862383e+01,9.857627128790264794e-04,3.083985578022918617e-08,4.928137029640538458e+00,0.000000000000000000e+00
8.423007153466909903e-04,1.996309128023543877e+01,1.996061706765821953e+01,9.881388405920410196e-04,3.083923871827209950e-08,4.975521532187530127e+00,0.000000000000000000e+00
8.443007153466910390e-04,2.001109020325106869e+01,2.000861599139095048e+01,9.905149683167822905e-04,3.083864064112873393e-08,5.022910054796595247e+00,0.000000000000000000e+00
8.463007153466910876e-04,2.005908912617661244e+01,2.005661491502881333e+01,9.928910960535200416e-04,3.083806138226563576e-08,5.070302517071828774e+00,0.000000000000000000e+00
8.483007153466911362e-04,2.010708804901402758e+01,2.010461383857384376e+01,9.952672238025259740e-04,3.083750094168280498e-08,5.117698841003971211e+00,0.000000000000000000e+00
8.503007153466911848e-04,2.015508697176486308e+01,2.015261276202769025e+01,9.976433515640509720e-04,3.083695898631333421e-08,5.165098950876432227e+00,0.000000000000000000e+00
8.523007153466912334e-04,2.020308589443080649e+01,2.020061168539212915e+01,1.000019479338351558e-03,3.083643568269067714e-08,5.212502773176826310e+00,0.000000000000000000e+00
8.543007153466912820e-04,2.025108481701371943e+01,2.024861060866910023e+01,1.002395607125692277e-03,3.083593080877022885e-08,5.259910236512268966e+00,0.000000000000000000e+00
8.563007153466913306e-04,2.029908373951513667e+01,2.029660953186023775e+01,1.004771734926320761e-03,3.083544425352968688e-08,5.307321271528177675e+00,0.000000000000000000e+00
8.583007153466913793e-04,2.034708266193636916e+01,2.034460845496691661e+01,1.007147862740470547e-03,3.083497585043559752e-08,5.354735810831472875e+00,0.000000000000000000e+00
8.603007153466914279e-04,2.039508158427912221e+01,2.039260737799092382e+01,1.009523990568394688e-03,3.083452559948796079e-08,5.402153788917946287e+00,0.000000000000000000e+00
8.623007153466914765e-04,2.044308050654467834e+01,2.044060630093360587e+01,1.011900118410324770e-03,3.083409338966447422e-08,5.449575142101496183e+00,0.000000000000000000e+00
8.643007153466915251e-04,2.049107942873474641e+01,2.048860522379675331e+01,1.014276246266511894e-03,3.083367899892053288e-08,5.496999808448332914e+00,0.000000000000000000e+00
8.663007153466915737e-04,2.053907835085037092e+01,2.053660414658148170e+01,1.016652374137173333e-03,3.083328248276728800e-08,5.544427727712140097e+00,0.000000000000000000e+00
8.683007153466916223e-04,2.058707727289315059e+01,2.058460306928944661e+01,1.019028502022552816e-03,3.083290373018243713e-08,5.591858841274566672e+00,0.000000000000000000e+00
8.703007153466916709e-04,2.063507619486419387e+01,2.063260199192182043e+01,1.021404629922867836e-03,3.083254246361022410e-08,5.639293092086070658e+00,0.000000000000000000e+00
8.723007153466917196e-04,2.068307511676510302e+01,2.068060091448026938e+01,1.023780757838361252e-03,3.083219879407295139e-08,5.686730424611393886e+00,0.000000000000000000e+00
8.743007153466917682e-04,2.073107403859663123e+01,2.072859983696561059e+01,1.026156885769231473e-03,3.083187249952601405e-08,5.734170784775123764e+00,0.000000000000000000e+00
8.763007153466918168e-04,2.077907296036037366e+01,2.077659875937949252e+01,1.028533013715718543e-03,3.083156357996941210e-08,5.781614119912633853e+00,0.000000000000000000e+00
8.783007153466918654e-04,2.082707188205722559e+01,2.082459768172286729e+01,1.030909141678025207e-03,3.083127175784738938e-08,5.829060378719917779e+00,0.000000000000000000e+00
8.803007153466919140e-04,2.087507080368844115e+01,2.087259660399704586e+01,1.033285269656373075e-03,3.083099714418224835e-08,5.876509511208185543e+00,0.000000000000000000e+00
8.823007153466919626e-04,2.092306972525515363e+01,2.092059552620321838e+01,1.035661397650975953e-03,3.083073957244053531e-08,5.923961468658808016e+00,0.000000000000000000e+00
8.843007153466920112e-04,2.097106864675863491e+01,2.096859444834270647e+01,1.038037525662053717e-03,3.083049887608879658e-08,5.971416203580906412e+00,0.000000000000000000e+00
8.863007153466920598e-04,2.101906756819963462e+01,2.101659337041631304e+01,1.040413653689799354e-03,3.083027505512703215e-08,6.018873669669797977e+00,0.000000000000000000e+00
8.883007153466921085e-04,2.106706648957945660e+01,2.106459229242538100e+01,1.042789781734432524e-03,3.083006805404409079e-08,6.066333821768898460e+00,0.000000000000000000e+00
8.903007153466921571e-04,2.111506541089881495e+01,2.111259121437067421e+01,1.045165909796141879e-03,3.082987759528421634e-08,6.113796615830944248e+00,0.000000000000000000e+00
8.923007153466922057e-04,2.116306433215892824e+01,2.116059013625346452e+01,1.047542037875141005e-03,3.082970373435856004e-08,6.161262008883033658e+00,0.000000000000000000e+00
8.943007153466922543e-04,2.121106325336072729e+01,2.120858905807472894e+01,1.049918165971628964e-03,3.082954630473366819e-08,6.208729958991202835e+00,0.000000000000000000e+00
8.963007153466923029e-04,2.125906217450518554e+01,2.125658797983547288e+01,1.052294294085804596e-03,3.082940530640954080e-08,6.256200425227531170e+00,0.000000000000000000e+00
8.983007153466923515e-04,2.130706109559286787e+01,2.130458690153631096e+01,1.054670422217846796e-03,3.082928062836387539e-08,6.303673367637783187e+00,0.000000000000000000e+00
9.003007153466924001e-04,2.135506001662491471e+01,2.135258582317842269e+01,1.057046550367961345e-03,3.082917221508552075e-08,6.351148747211727397e+00,0.000000000000000000e+00
9.023007153466924488e-04,2.140305893760226752e+01,2.140058474476278860e+01,1.059422678536343617e-03,3.082907990004102317e-08,6.398626525852879610e+00,0.000000000000000000e+00
9.043007153466924974e-04,2.145105785852570079e+01,2.144858366629022228e+01,1.061798806723180310e-03,3.082900346118577772e-08,6.446106666350244652e+00,0.000000000000000000e+00
9.063007153466925460e-04,2.149905677939601745e+01,2.149658258776157282e+01,1.064174934928658559e-03,3.082894312056438935e-08,6.493589132351264226e+00,0.000000000000000000e+00
9.083007153466925946e-04,2.154705570021421934e+01,2.154458150917787407e+01,1.066551063152973954e-03,3.082889860062110188e-08,6.541073888335780850e+00,0.000000000000000000e+00
9.103007153466926432e-04,2.159505462098102058e+01,2.159258043053987208e+01,1.068927191396306904e-03,3.082886984584476409e-08,6.588560899590385489e+00,0.000000000000000000e+00
9.123007153466926918e-04,2.164305354169697893e+01,2.164057935184816017e+01,1.071303319658830234e-03,3.082885680072422474e-08,6.636050132184257322e+00,0.000000000000000000e+00
9.143007153466927404e-04,2.169105246236301454e+01,2.168857827310370112e+01,1.073679447940733027e-03,3.082885929872603015e-08,6.683541552946334008e+00,0.000000000000000000e+00
9.163007153466927891e-04,2.173905138297984863e+01,2.173657719430724811e+01,1.076055576242194393e-03,3.082887750638363400e-08,6.731035129442291876e+00,0.000000000000000000e+00
9.183007153466928377e-04,2.178705030354807093e+01,2.178457611545941575e+01,1.078431704563385203e-03,3.082891086858552399e-08,6.778530829952940095e+00,0.000000000000000000e+00
9.203007153466928863e-04,2.183504922406870463e+01,2.183257503656127341e+01,1.080807832904498228e-03,3.082895971839860749e-08,6.826028623453884947e+00,0.000000000000000000e+00
9.223007153466929349e-04,2.188304814454217251e+01,2.188057395761326163e+01,1.083183961265694580e-03,3.082902383377827960e-08,6.873528479594428475e+00,0.000000000000000000e+00
9.243007153466929835e-04,2.193104706496950129e+01,2.192857287861643556e+01,1.085560089647164862e-03,3.082910315921338906e-08,6.921030368679346623e+00,0.000000000000000000e+00
9.263007153466930321e-04,2.197904598535127008e+01,2.197657179957140627e+01,1.087936218049077343e-03,3.082919775021508713e-08,6.968534261649155681e+00,0.000000000000000000e+00
9.283007153466930807e-04,2.202704490568742912e+01,2.202457072047817022e+01,1.090312346471568631e-03,3.082930716269416394e-08,7.016040130061901081e+00,0.000000000000000000e+00
9.303007153466931294e-04,2.207504382597926806e+01,2.207256964133802768e+01,1.092688474914838871e-03,3.082943156318407318e-08,7.063547946077694206e+00,0.000000000000000000e+00
9.323007153466931780e-04,2.212304274622740508e+01,2.212056856215162881e+01,1.095064603379056548e-03,3.082957095168481487e-08,7.111057682439929195e+00,0.000000000000000000e+00
9.343007153466932266e-04,2.217104166643217411e+01,2.216856748291933954e+01,1.097440731864374316e-03,3.082972505064063284e-08,7.158569312459455602e+00,0.000000000000000000e+00
9.363007153466932752e-04,2.221904058659461612e+01,2.221656640364222213e+01,1.099816860370978876e-03,3.082989386005152710e-08,7.206082809999919903e+00,0.000000000000000000e+00
9.383007153466933238e-04,2.226703950671479149e+01,2.226456532432036539e+01,1.102192988899007922e-03,3.083007737991749764e-08,7.253598149460955824e+00,0.000000000000000000e+00
9.403007153466933724e-04,2.231503842679369853e+01,2.231256424495479251e+01,1.104569117448644684e-03,3.083027544370509077e-08,7.301115305765502939e+00,0.000000000000000000e+00
9.423007153466934210e-04,2.236303734683173516e+01,2.236056316554592271e+01,1.106945246020042467e-03,3.083048805141430648e-08,7.348634254344149852e+00,0.000000000000000000e+00
9.443007153466934697e-04,2.241103626682941297e+01,2.240856208609429245e+01,1.109321374613358698e-03,3.083071503651169110e-08,7.396154971122220090e+00,0.000000000000000000e+00
9.463007153466935183e-04,2.245903518678712985e+01,2.245656100660033161e+01,1.111697503228745599e-03,3.083095634348609337e-08,7.443677432506349945e+00,0.000000000000000000e+00
9.483007153466935669e-04,2.250703410670573845e+01,2.250455992706492125e+01,1.114073631866376642e-03,3.083121197233751332e-08,7.491201615372341749e+00,0.000000000000000000e+00
9.503007153466936155e-04,2.255503302658539511e+01,2.255255884748822837e+01,1.116449760526389522e-03,3.083148181204364846e-08,7.538727497051645798e+00,0.000000000000000000e+00
9.523007153466936641e-04,2.260303194642674995e+01,2.260055776787092086e+01,1.118825889208946434e-03,3.083176569607104511e-08,7.586255055320654250e+00,0.000000000000000000e+00
9.543007153466937127e-04,2.265103086623064499e+01,2.264855668821386914e+01,1.121202017914217598e-03,3.083206367993085451e-08,7.633784268388833283e+00,0.000000000000000000e+00
9.563007153466937613e-04,2.269902978599719034e+01,2.269655560851721177e+01,1.123578146642337672e-03,3.083237565260077417e-08,7.681315114886674067e+00,0.000000000000000000e+00
9.583007153466938099e-04,2.274702870572692248e+01,2.274455452878149586e+01,1.125954275393460614e-03,3.083270155856965289e-08,7.728847573856009845e+00,0.000000000000000000e+00
9.603007153466938586e-04,2.279502762542031746e+01,2.279255344900722591e+01,1.128330404167737560e-03,3.083304123130403696e-08,7.776381624739052256e+00,0.000000000000000000e+00
9.623007153466939072e-04,2.284302654507794728e+01,2.284055236919499521e+01,1.130706532965322468e-03,3.083339472631507761e-08,7.823917247368466832e+00,0.000000000000000000e+00
9.643007153466939558e-04,2.289102546470009258e+01,2.288855128934510574e+01,1.133082661786355850e-03,3.083376193258047238e-08,7.871454421957126968e+00,0.000000000000000000e+00
9.663007153466940044e-04,2.293902438428730761e+01,2.293655020945812595e+01,1.135458790630990145e-03,3.083414273907791880e-08,7.918993129089184180e+00,0.000000000000000000e+00
9.683007153466940530e-04,2.298702330383988368e+01,2.298454912953437201e+01,1.137834919499363480e-03,3.083453703478511443e-08,7.966533349710323009e+00,0.000000000000000000e+00
9.703007153466941016e-04,2.303502222335871608e+01,2.303254804957474633e+01,1.140211048391644340e-03,3.083494493072436171e-08,8.014075065119685704e+00,0.000000000000000000e+00
9.723007153466941502e-04,2.308302114284364492e+01,2.308054696957912455e+01,1.142587177307947868e-03,3.083536609382875326e-08,8.061618256959574680e+00,0.000000000000000000e+00
9.743007153466941989e-04,2.313102006229528840e+01,2.312854588954813906e+01,1.144963306248428236e-03,3.083580074614289401e-08,8.109162907208849802e+00,0.000000000000000000e+00
9.763007153466942475e-04,2.317901898171413322e+01,2.317654480948229079e+01,1.147339435213230946e-03,3.083624872113333026e-08,8.156708998173980874e+00,0.000000000000000000e+00
9.783007153466942961e-04,2.322701790110040676e+01,2.322454372938182487e+01,1.149715564202488487e-03,3.083670979675545709e-08,8.204256512480908370e+00,0.000000000000000000e+00
9.803007153466943447e-04,2.327501682045467035e+01,2.327254264924731686e+01,1.152091693216349393e-03,3.083718419505387942e-08,8.251805433068058804e+00,0.000000000000000000e+00
9.823007153466943933e-04,2.332301573977739650e+01,2.332054156907926057e+01,1.154467822254956998e-03,3.083767163847284110e-08,8.299355743178463030e+00,0.000000000000000000e+00
9.843007153466944419e-04,2.337101465906874864e+01,2.336854048887783364e+01,1.156843951318438802e-03,3.083817196047888842e-08,8.346907426352318637e+00,0.000000000000000000e+00
9.863007153466944905e-04,2.341901357832895414e+01,2.341653940864329186e+01,1.159220080406925778e-03,3.083868532760547509e-08,8.394460466420413880e+00,0.000000000000000000e+00
9.883007153466945392e-04,2.346701249755871643e+01,2.346453832837633513e+01,1.161596209520569713e-03,3.083921168434144988e-08,8.442014847497686603e+00,0.000000000000000000e+00
9.903007153466945878e-04,2.351501141675828421e+01,2.351253724807723344e+01,1.163972338659501581e-03,3.083975075313105663e-08,8.489570553975733347e+00,0.000000000000000000e+00
9.923007153466946364e-04,2.356301033592789551e+01,2.356053616774624260e+01,1.166348467823850399e-03,3.084030264499659779e-08,8.537127570516835462e+00,0.000000000000000000e+00
9.943007153466946850e-04,2.361100925506814718e+01,2.360853508738397721e+01,1.168724597013761453e-03,3.084086719340461968e-08,8.584685882048129102e+00,0.000000000000000000e+00
9.963007153466947336e-04,2.365900817417900015e+01,2.365653400699041953e+01,1.171100726229349232e-03,3.084144445386627353e-08,8.632245473754526444e+00,0.000000000000000000e+00
9.983007153466947822e-04,2.370700709326123246e+01,2.370453292656637245e+01,1.173476855470768129e-03,3.084203425984810565e-08,8.679806331074336967e+00,0.000000000000000000e+00
1.000300715346694831e-03,2.375500601231479081e+01,2.375253184611178270e+01,1.175852984738129598e-03,3.084263655583896480e-08,8.727368439691893798e+00,0.000000000000000000e+00
1.002300715346694879e-03,2.380300493134033601e+01,2.380053076562731817e+01,1.178229114031580224e-03,3.084325145286115344e-08,8.774931785533556905e+00,0.000000000000000000e+00
1.004300715346694928e-03,2.385100385033744885e+01,2.384852968511258098e+01,1.180605243351213682e-03,3.084387861784776419e-08,8.822496354760529513e+00,0.000000000000000000e+00
1.006300715346694977e-03,2.389900276930742251e+01,2.389652860456886430e+01,1.182981372697206046e-03,3.084451810630994828e-08,8.870062133766420942e+00,0.000000000000000000e+00
1.008150357673347512e-03,2.394339318536221839e+01,2.394091902107485481e+01,1.185178867425262317e-03,3.084484623272487624e-08,8.914053109535075237e+00,0.000000000000000000e+00
1.010000000000000047e-03,2.398778360139425914e+01,2.398530943755714162e+01,1.187376362175808844e-03,3.084549771159572629e-08,8.958045041899897143e+00,0.000000000000000000e+00
1.010199999999999943e-03,2.399121312991210075e+01,2.398875261272143433e+01,1.187546776461577153e-03,2.282877487047585419e-08,8.961437159719888967e+00,0.000000000000000000e+00
1.010599999999999953e-03,2.399584921585664787e+01,2.399343741595414059e+01,1.187778563595838846e-03,1.199234045401453841e-08,8.966014542217912719e+00,0.000000000000000000e+00
1.011399999999999973e-03,2.399967456256794307e+01,2.399740774352526884e+01,1.187974728128660291e-03,3.040600105030932809e-09,8.969781192702674488e+00,0.000000000000000000e+00
1.013000000000000012e-03,2.400080317689504383e+01,2.399885611198802948e+01,1.188045588818597382e-03,3.716423280231140325e-10,8.970886970089166468e+00,0.000000000000000000e+00
1.014729641177784716e-03,2.400023103574881489e+01,2.399859560027911698e+01,1.188031879916422043e-03,1.676829286534342600e-09,8.970322680964775586e+00,0.000000000000000000e+00
1.016729641177784764e-03,2.399985273099002470e+01,2.399851601733362116e+01,1.188027168548914762e-03,2.530449294546599504e-09,8.969950775307315993e+00,0.000000000000000000e+00
1.018729641177784813e-03,2.399977712610787250e+01,2.399868317010849594e+01,1.188034823979288801e-03,2.682556621280696163e-09,8.969876612028079066e+00,0.000000000000000000e+00
1.020729641177784862e-03,2.399978403736923482e+01,2.399888832896019863e+01,1.188044482237247176e-03,2.646387164961794269e-09,8.969883437296505946e+00,0.000000000000000000e+00
1.022729641177784910e-03,2.399979343692461597e+01,2.399906006848691575e+01,1.188052584091276636e-03,2.608032734219278836e-09,8.969892670254221656e+00,0.000000000000000000e+00
1.024729641177784959e-03,2.399979623369462089e+01,2.399919584343081880e+01,1.188058985687796875e-03,2.588070036058098822e-09,8.969895414394311928e+00,0.000000000000000000e+00
1.026729641177785007e-03,2.399979640033600958e+01,2.399930490130534366e+01,1.188064130416738350e-03,2.576684976496323998e-09,8.969895576811438787e+00,0.000000000000000000e+00
1.028729641177785056e-03,2.399979620981862638e+01,2.399939385739198272e+01,1.188068333908704529e-03,2.568128487645537916e-09,8.969895389032782163e+00,0.000000000000000000e+00
1.030729641177785105e-03,2.399979612801568507e+01,2.399946675208400038e+01,1.188071786424237108e-03,2.560951228858243667e-09,8.969895308121557775e+00,0.000000000000000000e+00
1.032729641177785153e-03,2.399979611778209332e+01,2.399952648061722726e+01,1.188074623286893786e-03,2.554943534516240788e-09,8.969895297560372072e+00,0.000000000000000000e+00
1.034729641177785202e-03,2.399979612330303524e+01,2.399957538855082362e+01,1.188076954058135595e-03,2.549993216582890909e-09,8.969895302554432348e+00,0.000000000000000000e+00
1.036729641177785250e-03,2.399979612771906190e+01,2.399961542472230391e+01,1.188078869849000085e-03,2.545941235609916475e-09,8.969895306543040903e+00,0.000000000000000000e+00
1.038729641177785299e-03,2.399979613003202417e+01,2.399964819720645437e+01,1.188080445874589199e-03,2.542627330903712846e-09,8.969895308532008116e+00,0.000000000000000000e+00
1.040729641177785348e-03,2.399979613146094692e+01,2.399967502442316913e+01,1.188081743807420723e-03,2.539915722188368363e-09,8.969895309705240294e+00,0.000000000000000000e+00
1.042729641177785396e-03,2.399979613258012279e+01,2.399969698522720307e+01,1.188082814112576859e-03,2.537696053295235288e-09,8.969895310616404771e+00,0.000000000000000000e+00
1.044729641177785445e-03,2.399979613352028807e+01,2.399971496244087277e+01,1.188083698084497260e-03,2.535879117804284988e-09,8.969895311385949199e+00,0.000000000000000000e+00
1.046729641177785494e-03,2.399979613430298642e+01,2.399972967866235862e+01,1.188084429522825352e-03,2.534391640995892203e-09,8.969895312028731027e+00,0.000000000000000000e+00
1.048729641177785542e-03,2.399979613494645037e+01,2.399974172541406858e+01,1.188085036096118031e-03,2.533174003893634563e-09,8.969895312557589762e+00,0.000000000000000000e+00
1.050729641177785591e-03,2.399979613547285240e+01,2.399975158692561550e+01,1.188085540454312779e-03,2.532177245662126097e-09,8.969895312990175285e+00,0.000000000000000000e+00
1.052729641177785639e-03,2.399979613590334182e+01,2.399975965959202640e+01,1.188085961138876136e-03,2.531361287250177838e-09,8.969895313343863918e+00,0.000000000000000000e+00
1.054729641177785688e-03,2.399979613625608010e+01,2.399976626790448009e+01,1.188086313327957420e-03,2.530693377078563344e-09,8.969895313633728051e+00,0.000000000000000000e+00
1.056729641177785737e-03,2.399979613654458177e+01,2.399977167749122131e+01,1.188086609446375617e-03,2.530146647750086686e-09,8.969895313870761555e+00,0.000000000000000000e+00
1.058729641177785785e-03,2.399979613678066315e+01,2.399977610579719567e+01,1.188086859665166833e-03,2.529699116848860285e-09,8.969895314064705971e+00,0.000000000000000000e+00
1.060729641177785834e-03,2.399979613697385972e+01,2.399977973082343041e+01,1.188087072310368411e-03,2.529332687739582752e-09,8.969895314223421678e+00,0.000000000000000000e+00
1.062729641177785882e-03,2.399979613713213666e+01,2.399978269828232413e+01,1.188087254197711488e-03,2.529032760989480266e-09,8.969895314353463434e+00,0.000000000000000000e+00
1.064729641177785931e-03,2.399979613726182137e+01,2.399978512745436277e+01,1.188087410906567233e-03,2.528787235167584413e-09,8.969895314460039515e+00,0.000000000000000000e+00
1.066729641177785980e-03,2.399979613736801909e+01,2.399978711598287973e+01,1.188087547004223381e-03,2.528586229288976028e-09,8.969895314547310150e+00,0.000000000000000000e+00
1.068729641177786028e-03,2.399979613745470530e+01,2.399978874379882399e+01,1.188087666229467208e-03,2.528421749747877811e-09,8.969895314618513638e+00,0.000000000000000000e+00
1.070729641177786077e-03,2.399979613752569207e+01,2.399979007633449868e+01,1.188087771642910807e-03,2.528287024183839549e-09,8.969895314676827880e+00,0.000000000000000000e+00
1.072729641177786125e-03,2.399979613758382868e+01,2.399979116715275751e+01,1.188087865749967807e-03,2.528176779037494271e-09,8.969895314724583457e+00,0.000000000000000000e+00
1.074729641177786174e-03,2.399979613763143504e+01,2.399979206010030097e+01,1.188087950601577703e-03,2.528086462394441014e-09,8.969895314763693506e+00,0.000000000000000000e+00
1.076729641177786223e-03,2.399979613767031950e+01,2.399979279107010299e+01,1.188088027876642088e-03,2.528012577052152210e-09,8.969895314795623520e+00,0.000000000000000000e+00
1.078729641177786271e-03,2.399979613770222286e+01,2.399979338944452678e+01,1.188088098949527946e-03,2.527952180919612601e-09,8.969895314821838994e+00,0.000000000000000000e+00
1.080729641177786320e-03,2.399979613772845610e+01,2.399979387927598395e+01,1.188088164945292355e-03,2.527902664972714319e-09,8.969895314843403966e+00,0.000000000000000000e+00
1.082729641177786369e-03,2.399979613774993226e+01,2.399979428025367412e+01,1.188088226784901310e-03,2.527862086321164270e-09,8.969895314861062730e+00,0.000000000000000000e+00
1.084729641177786417e-03,2.399979613776742227e+01,2.399979460849527868e+01,1.188088285222262813e-03,2.527828835141576747e-09,8.969895314875437009e+00,0.000000000000000000e+00
1.086729641177786466e-03,2.399979613778160825e+01,2.399979487719483728e+01,1.188088340874531197e-03,2.527801745699775893e-09,8.969895314887061488e+00,0.000000000000000000e+00
1.088729641177786514e-03,2.399979613779321852e+01,2.399979509715320702e+01,1.188088394246919520e-03,2.527779596750434621e-09,8.969895314896582761e+00,0.000000000000000000e+00
1.090729641177786563e-03,2.399979613780281085e+01,2.399979527721196604e+01,1.188088445752994967e-03,2.527761333581679537e-09,8.969895314904462680e+00,0.000000000000000000e+00
1.092729641177786612e-03,2.399979613781066590e+01,2.399979542460868132e+01,1.188088495731295545e-03,2.527746401081998329e-09,8.969895314910910855e+00,0.000000000000000000e+00
1.094729641177786660e-03,2.399979613781717092e+01,2.399979554526820280e+01,1.188088544458957858e-03,2.527734188628727452e-09,8.969895314916266571e+00,0.000000000000000000e+00
1.096729641177786709e-03,2.399979613782257815e+01,2.399979564404057797e+01,1.188088592162843404e-03,2.527724252132657057e-09,8.969895314920732332e+00,0.000000000000000000e+00
1.098729641177786757e-03,2.399979613782694088e+01,2.399979572489591462e+01,1.188088639028655200e-03,2.527716091993426062e-09,8.969895314924329455e+00,0.000000000000000000e+00
1.100729641177786806e-03,2.399979613783046162e+01,2.399979579108431693e+01,1.188088685208416821e-03,2.527709375144127080e-09,8.969895314927217811e+00,0.000000000000000000e+00
1.102729641177786855e-03,2.399979613783332866e+01,2.399979584526635534e+01,1.188088730826578196e-03,2.527703935051306416e-09,8.969895314929575036e+00,0.000000000000000000e+00
1.104729641177786903e-03,2.399979613783556687e+01,2.399979588961984334e+01,1.188088775985006191e-03,2.527699438648056685e-09,8.969895314931395802e+00,0.000000000000000000e+00
1.106729641177786952e-03,2.399979613783753507e+01,2.399979592592789857e+01,1.188088820767107612e-03,2.527695719400924190e-09,8.969895314933017616e+00,0.000000000000000000e+00
1.108729641177787001e-03,2.399979613783925814e+01,2.399979595564991186e+01,1.188088865241145129e-03,2.527692721798757702e-09,8.969895314934451136e+00,0.000000000000000000e+00
1.110729641177787049e-03,2.399979613784046606e+01,2.399979597998025227e+01,1.188088909462984861e-03,2.527690334819254758e-09,8.969895314935433461e+00,0.000000000000000000e+00
1.112729641177787098e-03,2.399979613784149990e+01,2.399979599989719148e+01,1.188088953478386211e-03,2.527688280906659202e-09,8.969895314936271902e+00,0.000000000000000000e+00
1.114729641177787146e-03,2.399979613784237742e+01,2.399979601620130154e+01,1.188088997324796003e-03,2.527686615572122264e-09,8.969895314936993103e+00,0.000000000000000000e+00
1.116729641177787195e-03,2.399979613784320520e+01,2.399979602954800484e+01,1.188089041032872658e-03,2.527685227793341483e-09,8.969895314937692987e+00,0.000000000000000000e+00
1.118729641177787244e-03,2.399979613784363153e+01,2.399979604047340942e+01,1.188089084627691385e-03,2.527684117570316857e-09,8.969895314938018061e+00,0.000000000000000000e+00
1.120729641177787292e-03,2.399979613784429233e+01,2.399979604941729150e+01,1.188089128129824704e-03,2.527683229391897157e-09,8.969895314938597153e+00,0.000000000000000000e+00
1.122729641177787341e-03,2.399979613784467247e+01,2.399979605673862793e+01,1.188089171556062137e-03,2.527682563258082382e-09,8.969895314938908015e+00,0.000000000000000000e+00
1.124729641177787389e-03,2.399979613784492827e+01,2.399979606273184274e+01,1.188089214920176303e-03,2.527681952635418838e-09,8.969895314939106967e+00,0.000000000000000000e+00
1.126729641177787438e-03,2.399979613784516630e+01,2.399979606763793427e+01,1.188089258233439869e-03,2.527681508546208988e-09,8.969895314939302366e+00,0.000000000000000000e+00
1.128729641177787487e-03,2.399979613784538302e+01,2.399979607165409590e+01,1.188089301505076143e-03,2.527681064456999138e-09,8.969895314939478226e+00,0.000000000000000000e+00
1.130729641177787535e-03,2.399979613784566368e+01,2.399979607494184819e+01,1.188089344742640496e-03,2.527680731390091751e-09,8.969895314939728692e+00,0.000000000000000000e+00
1.132729641177787584e-03,2.399979613784579513e+01,2.399979607763312472e+01,1.188089387952303991e-03,2.527680398323184363e-09,8.969895314939828168e+00,0.000000000000000000e+00
1.134729641177787633e-03,2.399979613784580579e+01,2.399979607983611629e+01,1.188089431139127466e-03,2.527680231789730669e-09,8.969895314939822839e+00,0.000000000000000000e+00
1.136729641177787681e-03,2.399979613784595855e+01,2.399979608163962652e+01,1.188089474307265150e-03,2.527680009745125744e-09,8.969895314939959619e+00,0.000000000000000000e+00
1.138729641177787730e-03,2.399979613784596566e+01,2.399979608311586787e+01,1.188089517460093683e-03,2.527679843211672051e-09,8.969895314939950737e+00,0.000000000000000000e+00
1.140729641177787778e-03,2.399979613784605448e+01,2.399979608432440159e+01,1.188089560600400114e-03,2.527679787700520819e-09,8.969895314940027120e+00,0.000000000000000000e+00
1.142729641177787827e-03,2.399979613784617172e+01,2.399979608531376485e+01,1.188089603730454113e-03,2.527679676678218357e-09,8.969895314940130149e+00,0.000000000000000000e+00
1.144729641177787876e-03,2.399979613784613974e+01,2.399979608612353843e+01,1.188089646852106846e-03,2.527679565655915894e-09,8.969895314940089293e+00,0.000000000000000000e+00
1.146729641177787924e-03,2.399979613784623567e+01,2.399979608678654230e+01,1.188089689966894845e-03,2.527679454633613432e-09,8.969895314940183439e+00,0.000000000000000000e+00
1.148729641177787973e-03,2.399979613784624988e+01,2.399979608732921221e+01,1.188089733076053015e-03,2.527679454633613432e-09,8.969895314940183439e+00,0.000000000000000000e+00
1.150729641177788021e-03,2.399979613784636356e+01,2.399979608777353945e+01,1.188089776180611566e-03,2.527679399122462200e-09,8.969895314940300679e+00,0.000000000000000000e+00
1.152729641177788070e-03,2.399979613784641685e+01,2.399979608813723075e+01,1.188089819281397961e-03,2.527679343611310969e-09,8.969895314940346864e+00,0.000000000000000000e+00
1.154729641177788119e-03,2.399979613784638488e+01,2.399979608843487711e+01,1.188089862379094162e-03,2.527679399122462200e-09,8.969895314940313114e+00,0.000000000000000000e+00
1.156729641177788167e-03,2.399979613784628540e+01,2.399979608867845471e+01,1.188089905474260920e-03,2.527679288100159738e-09,8.969895314940213638e+00,0.000000000000000000e+00
1.158729641177788216e-03,2.399979613784630317e+01,2.399979608887795024e+01,1.188089948567365309e-03,2.527679288100159738e-09,8.969895314940229625e+00,0.000000000000000000e+00
1.160729641177788264e-03,2.399979613784637422e+01,2.399979608904130757e+01,1.188089991658779210e-03,2.527679232589008507e-09,8.969895314940302455e+00,0.000000000000000000e+00
1.162729641177788313e-03,2.399979613784630672e+01,2.399979608917490737e+01,1.188090034748800995e-03,2.527679288100159738e-09,8.969895314940231401e+00,0.000000000000000000e+00
1.164729641177788362e-03,2.399979613784622856e+01,2.399979608928425634e+01,1.188090077837687837e-03,2.527679343611310969e-09,8.969895314940149689e+00,0.000000000000000000e+00
1.166729641177788410e-03,2.399979613784616816e+01,2.399979608937376696e+01,1.188090120925646602e-03,2.527679288100159738e-09,8.969895314940087516e+00,0.000000000000000000e+00
1.168729641177788459e-03,2.399979613784639554e+01,2.399979608944731524e+01,1.188090164012859003e-03,2.527679288100159738e-09,8.969895314940314890e+00,0.000000000000000000e+00
1.170729641177788508e-03,2.399979613784633514e+01,2.399979608950727084e+01,1.188090207099434543e-03,2.527679232589008507e-09,8.969895314940252717e+00,0.000000000000000000e+00
1.172729641177788556e-03,2.399979613784629251e+01,2.399979608955636579e+01,1.188090250185501592e-03,2.527679232589008507e-09,8.969895314940210085e+00,0.000000000000000000e+00
1.174729641177788605e-03,2.399979613784633514e+01,2.399979608959662869e+01,1.188090293271155127e-03,2.527679288100159738e-09,8.969895314940252717e+00,0.000000000000000000e+00
1.176729641177788653e-03,2.399979613784636001e+01,2.399979608962958011e+01,1.188090336356466270e-03,2.527679232589008507e-09,8.969895314940277586e+00,0.000000000000000000e+00
1.178729641177788702e-03,2.399979613784636356e+01,2.399979608965654165e+01,1.188090379441496822e-03,2.527679232589008507e-09,8.969895314940279363e+00,0.000000000000000000e+00
1.180729641177788751e-03,2.399979613784641330e+01,2.399979608967866440e+01,1.188090422526300559e-03,2.527679177077857275e-09,8.969895314940332653e+00,0.000000000000000000e+00
1.182729641177788799e-03,2.399979613784637422e+01,2.399979608969669798e+01,1.188090465610912826e-03,2.527679232589008507e-09,8.969895314940291797e+00,0.000000000000000000e+00
1.184729641177788848e-03,2.399979613784635291e+01,2.399979608971146661e+01,1.188090508695371786e-03,2.527679232589008507e-09,8.969895314940268705e+00,0.000000000000000000e+00
1.186729641177788896e-03,2.399979613784640620e+01,2.399979608972362399e+01,1.188090551779708449e-03,2.527679232589008507e-09,8.969895314940323772e+00,0.000000000000000000e+00
1.188729641177788945e-03,2.399979613784643107e+01,2.399979608973355738e+01,1.188090594863940594e-03,2.527679177077857275e-09,8.969895314940346864e+00,0.000000000000000000e+00
1.190729641177788994e-03,2.399979613784638843e+01,2.399979608974162204e+01,1.188090637948084703e-03,2.527679177077857275e-09,8.969895314940306008e+00,0.000000000000000000e+00
1.192729641177789042e-03,2.399979613784637067e+01,2.399979608974824075e+01,1.188090681032160940e-03,2.527679177077857275e-09,8.969895314940288245e+00,0.000000000000000000e+00
1.194729641177789091e-03,2.399979613784651278e+01,2.399979608975382206e+01,1.188090724116188605e-03,2.527679232589008507e-09,8.969895314940428577e+00,0.000000000000000000e+00
1.196729641177789140e-03,2.399979613784646659e+01,2.399979608975822742e+01,1.188090767200160542e-03,2.527679177077857275e-09,8.969895314940382391e+00,0.000000000000000000e+00
1.198364820588894517e-03,2.399979613784676502e+01,2.399979608976153500e+01,1.188090802425159458e-03,2.527679177077857275e-09,8.969895314940680819e+00,0.000000000000000000e+00
1.199999999999999895e-03,2.399979613784672239e+01,2.399979608976404322e+01,1.188090837650118258e-03,2.527679177077857275e-09,8.969895314940641740e+00,0.000000000000000000e+00
