t_s,VS_V,GATE_V,VPROT_V,Q1_channel_A,Q2_gate_V,ENABLE_V
0.000000000000000000e+00,1.692453341045495563e+01,2.985373167395557914e+00,1.690063118927749741e+01,1.500016900178707147e+00,1.687219248928678894e+01,2.700000000000000178e+00
1.000000000000000062e-09,1.692453341045498405e+01,2.985373167467782807e+00,1.690063118927749386e+01,1.500016898746252991e+00,1.687219339182481548e+01,2.700000000000000178e+00
2.000000000000000125e-09,1.692453341045489168e+01,2.985373167607225486e+00,1.690063118927749386e+01,1.500016898731701076e+00,1.687219425807735718e+01,2.700000000000000178e+00
4.000000000000000249e-09,1.692453341045444759e+01,2.985373168034369584e+00,1.690063118927749741e+01,1.500016898688045330e+00,1.687219590822440907e+01,2.700000000000000178e+00
8.000000000000000498e-09,1.692453341045251847e+01,2.985373169489916378e+00,1.690063118927753649e+01,1.500016898469766602e+00,1.687219885221636773e+01,2.700000000000000178e+00
1.600000000000000100e-08,1.692453341044571857e+01,2.985373174114834161e+00,1.690063118927767860e+01,1.500016897785826586e+00,1.687220355100949121e+01,2.700000000000000178e+00
3.200000000000000199e-08,1.692453341042699577e+01,2.985373186340958718e+00,1.690063118927800545e+01,1.500016895894077606e+00,1.687220973808015856e+01,2.700000000000000178e+00
6.400000000000000399e-08,1.692453341039083270e+01,2.985373209919496951e+00,1.690063118927822217e+01,1.500016892277926672e+00,1.687221567638159314e+01,2.700000000000000178e+00
1.280000000000000080e-07,1.692453341035015768e+01,2.985373237548081260e+00,1.690063118927672647e+01,1.500016888268874027e+00,1.687221908060792686e+01,2.700000000000000178e+00
2.280000000000000034e-07,1.692453341033506220e+01,2.985373249412638152e+00,1.690063118927189834e+01,1.500016886959201656e+00,1.687221944654575623e+01,2.700000000000000178e+00
3.279999999999999725e-07,1.692453341033760594e+01,2.985373248177046968e+00,1.690063118926621399e+01,1.500016887534002308e+00,1.687221895902647972e+01,2.700000000000000178e+00
4.279999999999999679e-07,1.692453341033959546e+01,2.985373245632849670e+00,1.690063118926057584e+01,1.500016888152458705e+00,1.687221865518577602e+01,2.700000000000000178e+00
5.279999999999999634e-07,1.692453341033814951e+01,2.985373244362047984e+00,1.690063118925512953e+01,1.500016888472600840e+00,1.687221853748983591e+01,2.700000000000000178e+00
6.279999999999999589e-07,1.692453341033466785e+01,2.985373243996156223e+00,1.690063118924981467e+01,1.500016888625395950e+00,1.687221850250422506e+01,2.700000000000000178e+00
7.279999999999999544e-07,1.692453341033057157e+01,2.985373243951876976e+00,1.690063118924456376e+01,1.500016888698155526e+00,1.687221849255007200e+01,2.700000000000000178e+00
8.279999999999999498e-07,1.692453341032645397e+01,2.985373243959903444e+00,1.690063118923935193e+01,1.500016888756363187e+00,1.687221848664808022e+01,2.700000000000000178e+00
9.279999999999999453e-07,1.692453341032239322e+01,2.985373243953421962e+00,1.690063118923417917e+01,1.500016888836398721e+00,1.687221848001900426e+01,2.700000000000000178e+00
1.027999999999999941e-06,1.692453341031847103e+01,2.985373243933024057e+00,1.690063118922903129e+01,1.500016888901882339e+00,1.687221847278931008e+01,2.700000000000000178e+00
1.128000000000000042e-06,1.692453341031456659e+01,2.985373243908088448e+00,1.690063118922392249e+01,1.500016888981917873e+00,1.687221846571512884e+01,2.700000000000000178e+00
1.227999999999999932e-06,1.692453341031071545e+01,2.985373243883773675e+00,1.690063118921884566e+01,1.500016889047401492e+00,1.687221845919057017e+01,2.700000000000000178e+00
1.327999999999999821e-06,1.692453341030689984e+01,2.985373243861499493e+00,1.690063118921380436e+01,1.500016889134712983e+00,1.687221845329882441e+01,2.700000000000000178e+00
1.427999999999999711e-06,1.692453341030307001e+01,2.985373243841214386e+00,1.690063118920879859e+01,1.500016889214748517e+00,1.687221844799741532e+01,2.700000000000000178e+00
1.527999999999999601e-06,1.692453341029928282e+01,2.985373243822680767e+00,1.690063118920382834e+01,1.500016889280232135e+00,1.687221844322013808e+01,2.700000000000000178e+00
1.627999999999999490e-06,1.692453341029552760e+01,2.985373243805632626e+00,1.690063118919889362e+01,1.500016889360267669e+00,1.687221843890831963e+01,2.700000000000000178e+00
1.727999999999999380e-06,1.692453341029178304e+01,2.985373243789873232e+00,1.690063118919399443e+01,1.500016889447579160e+00,1.687221843501371055e+01,2.700000000000000178e+00
1.827999999999999269e-06,1.692453341028804914e+01,2.985373243775277352e+00,1.690063118918912721e+01,1.500016889505786821e+00,1.687221843149523792e+01,2.700000000000000178e+00
1.927999999999999159e-06,1.692453341028437208e+01,2.985373243761776152e+00,1.690063118918428842e+01,1.500016889571270440e+00,1.687221842831663210e+01,2.700000000000000178e+00
2.027999999999999048e-06,1.692453341028073055e+01,2.985373243749255057e+00,1.690063118917948515e+01,1.500016889651305974e+00,1.687221842544514772e+01,2.700000000000000178e+00
2.127999999999998938e-06,1.692453341027711744e+01,2.985373243737605264e+00,1.690063118917471741e+01,1.500016889724065550e+00,1.687221842285111251e+01,2.700000000000000178e+00
2.227999999999998828e-06,1.692453341027348301e+01,2.985373243726706427e+00,1.690063118916998164e+01,1.500016889796825126e+00,1.687221842050767862e+01,2.700000000000000178e+00
2.327999999999998717e-06,1.692453341026989833e+01,2.985373243716547442e+00,1.690063118916527429e+01,1.500016889869584702e+00,1.687221841839065561e+01,2.700000000000000178e+00
2.427999999999998607e-06,1.692453341026633851e+01,2.985373243707043045e+00,1.690063118916059892e+01,1.500016889935068320e+00,1.687221841647812326e+01,2.700000000000000178e+00
2.527999999999998496e-06,1.692453341026277869e+01,2.985373243698102641e+00,1.690063118915595197e+01,1.500016890000551939e+00,1.687221841475027873e+01,2.700000000000000178e+00
2.627999999999998386e-06,1.692453341025925440e+01,2.985373243689708467e+00,1.690063118915134055e+01,1.500016890073311515e+00,1.687221841318928028e+01,2.700000000000000178e+00
2.727999999999998276e-06,1.692453341025572655e+01,2.985373243681772149e+00,1.690063118914676110e+01,1.500016890138795134e+00,1.687221841177895243e+01,2.700000000000000178e+00
2.827999999999998165e-06,1.692453341025226621e+01,2.985373243674322552e+00,1.690063118914221718e+01,1.500016890204278752e+00,1.687221841050480009e+01,2.700000000000000178e+00
2.927999999999998055e-06,1.692453341024884850e+01,2.985373243667290843e+00,1.690063118913769813e+01,1.500016890269762371e+00,1.687221840935362138e+01,2.700000000000000178e+00
3.027999999999997944e-06,1.692453341024542368e+01,2.985373243660589981e+00,1.690063118913321460e+01,1.500016890349797904e+00,1.687221840831347563e+01,2.700000000000000178e+00
3.127999999999997834e-06,1.692453341024202018e+01,2.985373243654217745e+00,1.690063118912876305e+01,1.500016890408005565e+00,1.687221840737365497e+01,2.700000000000000178e+00
3.227999999999997724e-06,1.692453341023864510e+01,2.985373243648152375e+00,1.690063118912433637e+01,1.500016890480765142e+00,1.687221840652444627e+01,2.700000000000000178e+00
3.327999999999997613e-06,1.692453341023527003e+01,2.985373243642334806e+00,1.690063118911994167e+01,1.500016890553524718e+00,1.687221840575706366e+01,2.700000000000000178e+00
3.427999999999997503e-06,1.692453341023192692e+01,2.985373243636779694e+00,1.690063118911557893e+01,1.500016890611732379e+00,1.687221840506363435e+01,2.700000000000000178e+00
3.527999999999997392e-06,1.692453341022860869e+01,2.985373243631452844e+00,1.690063118911124462e+01,1.500016890669940040e+00,1.687221840443698895e+01,2.700000000000000178e+00
3.627999999999997282e-06,1.692453341022534374e+01,2.985373243626368467e+00,1.690063118910693873e+01,1.500016890735423658e+00,1.687221840387070770e+01,2.700000000000000178e+00
3.727999999999997172e-06,1.692453341022210012e+01,2.985373243621463946e+00,1.690063118910265416e+01,1.500016890786355361e+00,1.687221840335891443e+01,2.700000000000000178e+00
3.827999999999997061e-06,1.692453341021883517e+01,2.985373243616692207e+00,1.690063118909840512e+01,1.500016890866390895e+00,1.687221840289629426e+01,2.700000000000000178e+00
3.927999999999996951e-06,1.692453341021562707e+01,2.985373243612110539e+00,1.690063118909418094e+01,1.500016890924598556e+00,1.687221840247817539e+01,2.700000000000000178e+00
4.027999999999996840e-06,1.692453341021239055e+01,2.985373243607624794e+00,1.690063118908998874e+01,1.500016890982806217e+00,1.687221840210017376e+01,2.700000000000000178e+00
4.127999999999996730e-06,1.692453341020919311e+01,2.985373243603287374e+00,1.690063118908582496e+01,1.500016891048289835e+00,1.687221840175845955e+01,2.700000000000000178e+00
4.227999999999996620e-06,1.692453341020602764e+01,2.985373243599090287e+00,1.690063118908168960e+01,1.500016891099221539e+00,1.687221840144952623e+01,2.700000000000000178e+00
4.327999999999996509e-06,1.692453341020289059e+01,2.985373243595007775e+00,1.690063118907757911e+01,1.500016891164705157e+00,1.687221840117020832e+01,2.700000000000000178e+00
4.427999999999996399e-06,1.692453341019977131e+01,2.985373243591026959e+00,1.690063118907349349e+01,1.500016891230188776e+00,1.687221840091762814e+01,2.700000000000000178e+00
4.527999999999996288e-06,1.692453341019665558e+01,2.985373243587124303e+00,1.690063118906943629e+01,1.500016891288396437e+00,1.687221840068917800e+01,2.700000000000000178e+00
4.627999999999996178e-06,1.692453341019353985e+01,2.985373243583284708e+00,1.690063118906541106e+01,1.500016891353880055e+00,1.687221840048252730e+01,2.700000000000000178e+00
4.727999999999996068e-06,1.692453341019049518e+01,2.985373243579574787e+00,1.690063118906141071e+01,1.500016891404811759e+00,1.687221840029564746e+01,2.700000000000000178e+00
4.827999999999995957e-06,1.692453341018746826e+01,2.985373243575942581e+00,1.690063118905743877e+01,1.500016891455743462e+00,1.687221840012655960e+01,2.700000000000000178e+00
4.927999999999995847e-06,1.692453341018444490e+01,2.985373243572360114e+00,1.690063118905349526e+01,1.500016891521227080e+00,1.687221839997355133e+01,2.700000000000000178e+00
5.027999999999995736e-06,1.692453341018144286e+01,2.985373243568844703e+00,1.690063118904956951e+01,1.500016891579434741e+00,1.687221839983507365e+01,2.700000000000000178e+00
5.127999999999995626e-06,1.692453341017847990e+01,2.985373243565408785e+00,1.690063118904566863e+01,1.500016891630366445e+00,1.687221839970973392e+01,2.700000000000000178e+00
5.227999999999995516e-06,1.692453341017549917e+01,2.985373243561991075e+00,1.690063118904180328e+01,1.500016891703126021e+00,1.687221839959622471e+01,2.700000000000000178e+00
5.327999999999995405e-06,1.692453341017257173e+01,2.985373243558659961e+00,1.690063118903795925e+01,1.500016891754057724e+00,1.687221839949345181e+01,2.700000000000000178e+00
5.427999999999995295e-06,1.692453341016963719e+01,2.985373243555351497e+00,1.690063118903413653e+01,1.500016891812265385e+00,1.687221839940033874e+01,2.700000000000000178e+00
5.527999999999995184e-06,1.692453341016673818e+01,2.985373243552104316e+00,1.690063118903034578e+01,1.500016891877749003e+00,1.687221839931598311e+01,2.700000000000000178e+00
5.627999999999995074e-06,1.692453341016389246e+01,2.985373243548935740e+00,1.690063118902658346e+01,1.500016891921404749e+00,1.687221839923956423e+01,2.700000000000000178e+00
5.727999999999994964e-06,1.692453341016109292e+01,2.985373243545834221e+00,1.690063118902284245e+01,1.500016891979612410e+00,1.687221839917030408e+01,2.700000000000000178e+00
5.827999999999994853e-06,1.692453341015825075e+01,2.985373243542707833e+00,1.690063118901912986e+01,1.500016892045096029e+00,1.687221839910742460e+01,2.700000000000000178e+00
5.927999999999994743e-06,1.692453341015545831e+01,2.985373243539644506e+00,1.690063118901543859e+01,1.500016892081475817e+00,1.687221839905041065e+01,2.700000000000000178e+00
6.027999999999994632e-06,1.692453341015265877e+01,2.985373243536594945e+00,1.690063118901177219e+01,1.500016892146959435e+00,1.687221839899863696e+01,2.700000000000000178e+00
6.127999999999994522e-06,1.692453341014986634e+01,2.985373243533563592e+00,1.690063118900813421e+01,1.500016892197891138e+00,1.687221839895160969e+01,2.700000000000000178e+00
6.227999999999994412e-06,1.692453341014708101e+01,2.985373243530554888e+00,1.690063118900451755e+01,1.500016892256098799e+00,1.687221839890886699e+01,2.700000000000000178e+00
6.327999999999994301e-06,1.692453341014430279e+01,2.985373243527566167e+00,1.690063118900092576e+01,1.500016892292478587e+00,1.687221839886999675e+01,2.700000000000000178e+00
6.427999999999994191e-06,1.692453341014155654e+01,2.985373243524614306e+00,1.690063118899735883e+01,1.500016892350686248e+00,1.687221839883464725e+01,2.700000000000000178e+00
6.527999999999994080e-06,1.692453341013884227e+01,2.985373243521706410e+00,1.690063118899380967e+01,1.500016892394341994e+00,1.687221839880248808e+01,2.700000000000000178e+00
6.627999999999993970e-06,1.692453341013617063e+01,2.985373243518852249e+00,1.690063118899028183e+01,1.500016892445273697e+00,1.687221839877321017e+01,2.700000000000000178e+00
6.727999999999993859e-06,1.692453341013351320e+01,2.985373243516024289e+00,1.690063118898677885e+01,1.500016892510757316e+00,1.687221839874652929e+01,2.700000000000000178e+00
6.827999999999993749e-06,1.692453341013084511e+01,2.985373243513190111e+00,1.690063118898330075e+01,1.500016892554413062e+00,1.687221839872216478e+01,2.700000000000000178e+00
6.927999999999993639e-06,1.692453341012820900e+01,2.985373243510393237e+00,1.690063118897984396e+01,1.500016892605344765e+00,1.687221839869993190e+01,2.700000000000000178e+00
7.027999999999993528e-06,1.692453341012554446e+01,2.985373243507575491e+00,1.690063118897641203e+01,1.500016892656276468e+00,1.687221839867956774e+01,2.700000000000000178e+00
7.127999999999993418e-06,1.692453341012294032e+01,2.985373243504827467e+00,1.690063118897300143e+01,1.500016892699932214e+00,1.687221839866097639e+01,2.700000000000000178e+00
7.227999999999993307e-06,1.692453341012035750e+01,2.985373243502103868e+00,1.690063118896961925e+01,1.500016892750863917e+00,1.687221839864394468e+01,2.700000000000000178e+00
7.327999999999993197e-06,1.692453341011782086e+01,2.985373243499430895e+00,1.690063118896625838e+01,1.500016892801795620e+00,1.687221839862835893e+01,2.700000000000000178e+00
7.427999999999993087e-06,1.692453341011526646e+01,2.985373243496746820e+00,1.690063118896292238e+01,1.500016892867279239e+00,1.687221839861402017e+01,2.700000000000000178e+00
7.527999999999992976e-06,1.692453341011275469e+01,2.985373243494104045e+00,1.690063118895961125e+01,1.500016892918210942e+00,1.687221839860086092e+01,2.700000000000000178e+00
7.627999999999992866e-06,1.692453341011021450e+01,2.985373243491435069e+00,1.690063118895632144e+01,1.500016892961866688e+00,1.687221839858871064e+01,2.700000000000000178e+00
7.727999999999992755e-06,1.692453341010768142e+01,2.985373243488773198e+00,1.690063118895305649e+01,1.500016893020074349e+00,1.687221839857748407e+01,2.700000000000000178e+00
7.827999999999993492e-06,1.692453341010522294e+01,2.985373243486192152e+00,1.690063118894980931e+01,1.500016893049178179e+00,1.687221839856718475e+01,2.700000000000000178e+00
7.927999999999994229e-06,1.692453341010279644e+01,2.985373243483645744e+00,1.690063118894658345e+01,1.500016893100109883e+00,1.687221839855767413e+01,2.700000000000000178e+00
8.027999999999994965e-06,1.692453341010031664e+01,2.985373243481049599e+00,1.690063118894337890e+01,1.500016893165593501e+00,1.687221839854879235e+01,2.700000000000000178e+00
8.127999999999995702e-06,1.692453341009789014e+01,2.985373243478508520e+00,1.690063118894019922e+01,1.500016893209249247e+00,1.687221839854057492e+01,2.700000000000000178e+00
8.227999999999996439e-06,1.692453341009546364e+01,2.985373243475967886e+00,1.690063118893703731e+01,1.500016893252904993e+00,1.687221839853293659e+01,2.700000000000000178e+00
8.327999999999997175e-06,1.692453341009307266e+01,2.985373243473463667e+00,1.690063118893389671e+01,1.500016893289284781e+00,1.687221839852583116e+01,2.700000000000000178e+00
8.427999999999997912e-06,1.692453341009067103e+01,2.985373243470952787e+00,1.690063118893078453e+01,1.500016893347492442e+00,1.687221839851916272e+01,2.700000000000000178e+00
8.527999999999998648e-06,1.692453341008828360e+01,2.985373243468455229e+00,1.690063118892768657e+01,1.500016893376596272e+00,1.687221839851293481e+01,2.700000000000000178e+00
8.627999999999999385e-06,1.692453341008594236e+01,2.985373243466003412e+00,1.690063118892460636e+01,1.500016893427527975e+00,1.687221839850711547e+01,2.700000000000000178e+00
8.728000000000000122e-06,1.692453341008360113e+01,2.985373243463552040e+00,1.690063118892155103e+01,1.500016893471183721e+00,1.687221839850163363e+01,2.700000000000000178e+00
8.828000000000000858e-06,1.692453341008131673e+01,2.985373243461161952e+00,1.690063118891850991e+01,1.500016893507563509e+00,1.687221839849651772e+01,2.700000000000000178e+00
8.928000000000001595e-06,1.692453341007904299e+01,2.985373243458779413e+00,1.690063118891548655e+01,1.500016893558495212e+00,1.687221839849167893e+01,2.700000000000000178e+00
9.028000000000002332e-06,1.692453341007674084e+01,2.985373243456370229e+00,1.690063118891248450e+01,1.500016893602150958e+00,1.687221839848706395e+01,2.700000000000000178e+00
9.128000000000003068e-06,1.692453341007445644e+01,2.985373243453977921e+00,1.690063118890950378e+01,1.500016893645806704e+00,1.687221839848268345e+01,2.700000000000000178e+00
9.228000000000003805e-06,1.692453341007215428e+01,2.985373243451574954e+00,1.690063118890654792e+01,1.500016893704014365e+00,1.687221839847849481e+01,2.700000000000000178e+00
9.328000000000004542e-06,1.692453341006989476e+01,2.985373243449211067e+00,1.690063118890360627e+01,1.500016893725842237e+00,1.687221839847452998e+01,2.700000000000000178e+00
9.428000000000005278e-06,1.692453341006765655e+01,2.985373243446869385e+00,1.690063118890068949e+01,1.500016893784049898e+00,1.687221839847074989e+01,2.700000000000000178e+00
9.528000000000006015e-06,1.692453341006543255e+01,2.985373243444542357e+00,1.690063118889779048e+01,1.500016893820429686e+00,1.687221839846713323e+01,2.700000000000000178e+00
9.628000000000006751e-06,1.692453341006325118e+01,2.985373243442254854e+00,1.690063118889490568e+01,1.500016893856809475e+00,1.687221839846369775e+01,2.700000000000000178e+00
9.728000000000007488e-06,1.692453341006107692e+01,2.985373243439976232e+00,1.690063118889204219e+01,1.500016893907741178e+00,1.687221839846037952e+01,2.700000000000000178e+00
9.828000000000008225e-06,1.692453341005890977e+01,2.985373243437711821e+00,1.690063118888920002e+01,1.500016893944120966e+00,1.687221839845719273e+01,2.700000000000000178e+00
9.928000000000008961e-06,1.692453341005674261e+01,2.985373243435446078e+00,1.690063118888637916e+01,1.500016893995052669e+00,1.687221839845410898e+01,2.700000000000000178e+00
1.002800000000000970e-05,1.692453341005461454e+01,2.985373243433219859e+00,1.690063118888357963e+01,1.500016894031432457e+00,1.687221839845113891e+01,2.700000000000000178e+00
1.012800000000001043e-05,1.692453341005249001e+01,2.985373243431001633e+00,1.690063118888079430e+01,1.500016894067812245e+00,1.687221839844825766e+01,2.700000000000000178e+00
1.022800000000001117e-05,1.692453341005033352e+01,2.985373243428753653e+00,1.690063118887803029e+01,1.500016894118743949e+00,1.687221839844541904e+01,2.700000000000000178e+00
1.032800000000001191e-05,1.692453341004821610e+01,2.985373243426539425e+00,1.690063118887528049e+01,1.500016894155123737e+00,1.687221839844268345e+01,2.700000000000000178e+00
1.042800000000001264e-05,1.692453341004614487e+01,2.985373243424371825e+00,1.690063118887255200e+01,1.500016894198779482e+00,1.687221839844005444e+01,2.700000000000000178e+00
1.052800000000001338e-05,1.692453341004408429e+01,2.985373243422210887e+00,1.690063118886984128e+01,1.500016894235159270e+00,1.687221839843749649e+01,2.700000000000000178e+00
1.062800000000001412e-05,1.692453341004202372e+01,2.985373243420057054e+00,1.690063118886714477e+01,1.500016894286090974e+00,1.687221839843498117e+01,2.700000000000000178e+00
1.072800000000001485e-05,1.692453341003998091e+01,2.985373243417917877e+00,1.690063118886446603e+01,1.500016894315194804e+00,1.687221839843252624e+01,2.700000000000000178e+00
1.082800000000001559e-05,1.692453341003793454e+01,2.985373243415774258e+00,1.690063118886180860e+01,1.500016894366126508e+00,1.687221839843010329e+01,2.700000000000000178e+00
1.092800000000001633e-05,1.692453341003593437e+01,2.985373243413675937e+00,1.690063118885916538e+01,1.500016894387954380e+00,1.687221839842777271e+01,2.700000000000000178e+00
1.102800000000001706e-05,1.692453341003395906e+01,2.985373243411600708e+00,1.690063118885654347e+01,1.500016894431610126e+00,1.687221839842548832e+01,2.700000000000000178e+00
1.112800000000001780e-05,1.692453341003194112e+01,2.985373243409485067e+00,1.690063118885393578e+01,1.500016894475265872e+00,1.687221839842320037e+01,2.700000000000000178e+00
1.122800000000001854e-05,1.692453341002995870e+01,2.985373243407405841e+00,1.690063118885134941e+01,1.500016894518921617e+00,1.687221839842097637e+01,2.700000000000000178e+00
1.132800000000001927e-05,1.692453341002797629e+01,2.985373243405332389e+00,1.690063118884878079e+01,1.500016894548025448e+00,1.687221839841877014e+01,2.700000000000000178e+00
1.142800000000002001e-05,1.692453341002608269e+01,2.985373243403337984e+00,1.690063118884622639e+01,1.500016894584405236e+00,1.687221839841667403e+01,2.700000000000000178e+00
1.152800000000002075e-05,1.692453341002415357e+01,2.985373243401312493e+00,1.690063118884368976e+01,1.500016894628060982e+00,1.687221839841456728e+01,2.700000000000000178e+00
1.162800000000002148e-05,1.692453341002223510e+01,2.985373243399294996e+00,1.690063118884117443e+01,1.500016894664440770e+00,1.687221839841248539e+01,2.700000000000000178e+00
1.172800000000002222e-05,1.692453341002031664e+01,2.985373243397277498e+00,1.690063118883867688e+01,1.500016894700820558e+00,1.687221839841042126e+01,2.700000000000000178e+00
1.182800000000002296e-05,1.692453341001840883e+01,2.985373243395272880e+00,1.690063118883618998e+01,1.500016894729924388e+00,1.687221839840838555e+01,2.700000000000000178e+00
1.192800000000002369e-05,1.692453341001650102e+01,2.985373243393267373e+00,1.690063118883372084e+01,1.500016894773580134e+00,1.687221839840636051e+01,2.700000000000000178e+00
1.202800000000002443e-05,1.692453341001460032e+01,2.985373243391269416e+00,1.690063118883126947e+01,1.500016894809959922e+00,1.687221839840434967e+01,2.700000000000000178e+00
1.212800000000002517e-05,1.692453341001272804e+01,2.985373243389294995e+00,1.690063118882883231e+01,1.500016894839063752e+00,1.687221839840237081e+01,2.700000000000000178e+00
1.222800000000002590e-05,1.692453341001088418e+01,2.985373243387352549e+00,1.690063118882641646e+01,1.500016894882719498e+00,1.687221839840043458e+01,2.700000000000000178e+00
1.232800000000002664e-05,1.692453341000904743e+01,2.985373243385422093e+00,1.690063118882401128e+01,1.500016894911823329e+00,1.687221839839851611e+01,2.700000000000000178e+00
1.242800000000002738e-05,1.692453341000722133e+01,2.985373243383501407e+00,1.690063118882162740e+01,1.500016894948203117e+00,1.687221839839661541e+01,2.700000000000000178e+00
1.252800000000002811e-05,1.692453341000543787e+01,2.985373243381621577e+00,1.690063118881925774e+01,1.500016894977306947e+00,1.687221839839476445e+01,2.700000000000000178e+00
1.262800000000002885e-05,1.692453341000365086e+01,2.985373243379736863e+00,1.690063118881690940e+01,1.500016895020962693e+00,1.687221839839292059e+01,2.700000000000000178e+00
1.272800000000002959e-05,1.692453341000188516e+01,2.985373243377878349e+00,1.690063118881457882e+01,1.500016895050066523e+00,1.687221839839110160e+01,2.700000000000000178e+00
1.282800000000003032e-05,1.692453341000009459e+01,2.985373243375995411e+00,1.690063118881225890e+01,1.500016895093722269e+00,1.687221839838926840e+01,2.700000000000000178e+00
1.292800000000003106e-05,1.692453340999829337e+01,2.985373243374100927e+00,1.690063118880995319e+01,1.500016895122826099e+00,1.687221839838743165e+01,2.700000000000000178e+00
1.302800000000003180e-05,1.692453340999651346e+01,2.985373243372224650e+00,1.690063118880766169e+01,1.500016895151929930e+00,1.687221839838561266e+01,2.700000000000000178e+00
1.312800000000003253e-05,1.692453340999479394e+01,2.985373243370406993e+00,1.690063118880538440e+01,1.500016895188309718e+00,1.687221839838385051e+01,2.700000000000000178e+00
1.322800000000003327e-05,1.692453340999305311e+01,2.985373243368573792e+00,1.690063118880312487e+01,1.500016895217413548e+00,1.687221839838207416e+01,2.700000000000000178e+00
1.332800000000003401e-05,1.692453340999134781e+01,2.985373243366772567e+00,1.690063118880088311e+01,1.500016895253793336e+00,1.687221839838033688e+01,2.700000000000000178e+00
1.342800000000003474e-05,1.692453340998963540e+01,2.985373243364963347e+00,1.690063118879865556e+01,1.500016895290173125e+00,1.687221839837859960e+01,2.700000000000000178e+00
1.352800000000003548e-05,1.692453340998795852e+01,2.985373243363186102e+00,1.690063118879643866e+01,1.500016895319276955e+00,1.687221839837689785e+01,2.700000000000000178e+00
1.362800000000003622e-05,1.692453340998631361e+01,2.985373243361445716e+00,1.690063118879423598e+01,1.500016895355656743e+00,1.687221839837522452e+01,2.700000000000000178e+00
1.372800000000003695e-05,1.692453340998464384e+01,2.985373243359680906e+00,1.690063118879204751e+01,1.500016895384760574e+00,1.687221839837352988e+01,2.700000000000000178e+00
1.382800000000003769e-05,1.692453340998301670e+01,2.985373243357960948e+00,1.690063118878986970e+01,1.500016895413864404e+00,1.687221839837188853e+01,2.700000000000000178e+00
1.392800000000003843e-05,1.692453340998136113e+01,2.985373243356211681e+00,1.690063118878771320e+01,1.500016895450244192e+00,1.687221839837022586e+01,2.700000000000000178e+00
1.402800000000003916e-05,1.692453340997972688e+01,2.985373243354486394e+00,1.690063118878557091e+01,1.500016895472072065e+00,1.687221839836858095e+01,2.700000000000000178e+00
1.412800000000003990e-05,1.692453340997809974e+01,2.985373243352770434e+00,1.690063118878343928e+01,1.500016895508451853e+00,1.687221839836693960e+01,2.700000000000000178e+00
1.422800000000004064e-05,1.692453340997644418e+01,2.985373243351024719e+00,1.690063118878132542e+01,1.500016895544831641e+00,1.687221839836526271e+01,2.700000000000000178e+00
1.432800000000004137e-05,1.692453340997481703e+01,2.985373243349299877e+00,1.690063118877922221e+01,1.500016895566659514e+00,1.687221839836361781e+01,2.700000000000000178e+00
1.442800000000004211e-05,1.692453340997324318e+01,2.985373243347631877e+00,1.690063118877713322e+01,1.500016895603039302e+00,1.687221839836204040e+01,2.700000000000000178e+00
1.452800000000004285e-05,1.692453340997166222e+01,2.985373243345951444e+00,1.690063118877506199e+01,1.500016895639419090e+00,1.687221839836044879e+01,2.700000000000000178e+00
1.462800000000004358e-05,1.692453340997004929e+01,2.985373243344243477e+00,1.690063118877300496e+01,1.500016895668522920e+00,1.687221839835883230e+01,2.700000000000000178e+00
1.472800000000004432e-05,1.692453340996849320e+01,2.985373243342594130e+00,1.690063118877096571e+01,1.500016895697626751e+00,1.687221839835726911e+01,2.700000000000000178e+00
1.482800000000004506e-05,1.692453340996695133e+01,2.985373243340957217e+00,1.690063118876893711e+01,1.500016895734006539e+00,1.687221839835572013e+01,2.700000000000000178e+00
1.492800000000004579e-05,1.692453340996542366e+01,2.985373243339339400e+00,1.690063118876691561e+01,1.500016895755834412e+00,1.687221839835418535e+01,2.700000000000000178e+00
1.502800000000004653e-05,1.692453340996388889e+01,2.985373243337710480e+00,1.690063118876491188e+01,1.500016895792214200e+00,1.687221839835263637e+01,2.700000000000000178e+00
1.512800000000004727e-05,1.692453340996234701e+01,2.985373243336074456e+00,1.690063118876292236e+01,1.500016895821318030e+00,1.687221839835108739e+01,2.700000000000000178e+00
1.522800000000004800e-05,1.692453340996082645e+01,2.985373243334459303e+00,1.690063118876095061e+01,1.500016895850421861e+00,1.687221839834956683e+01,2.700000000000000178e+00
1.532800000000004705e-05,1.692453340995930589e+01,2.985373243332844595e+00,1.690063118875898951e+01,1.500016895879525691e+00,1.687221839834804271e+01,2.700000000000000178e+00
1.542800000000004609e-05,1.692453340995782796e+01,2.985373243331276072e+00,1.690063118875703907e+01,1.500016895901353564e+00,1.687221839834655057e+01,2.700000000000000178e+00
1.552800000000004513e-05,1.692453340995637134e+01,2.985373243329721760e+00,1.690063118875510639e+01,1.500016895937733352e+00,1.687221839834509396e+01,2.700000000000000178e+00
1.562800000000004417e-05,1.692453340995491473e+01,2.985373243328166559e+00,1.690063118875318438e+01,1.500016895959561225e+00,1.687221839834363379e+01,2.700000000000000178e+00
1.572800000000004322e-05,1.692453340995344746e+01,2.985373243326602033e+00,1.690063118875126946e+01,1.500016895988665055e+00,1.687221839834216297e+01,2.700000000000000178e+00
1.582800000000004226e-05,1.692453340995198374e+01,2.985373243325040171e+00,1.690063118874937231e+01,1.500016896025044844e+00,1.687221839834069925e+01,2.700000000000000178e+00
1.592800000000004130e-05,1.692453340995054489e+01,2.985373243323505843e+00,1.690063118874748938e+01,1.500016896039596759e+00,1.687221839833926040e+01,2.700000000000000178e+00
1.602800000000004034e-05,1.692453340994913447e+01,2.985373243321999492e+00,1.690063118874561354e+01,1.500016896068700589e+00,1.687221839833784998e+01,2.700000000000000178e+00
1.612800000000003939e-05,1.692453340994770983e+01,2.985373243320475822e+00,1.690063118874375547e+01,1.500016896105080377e+00,1.687221839833641823e+01,2.700000000000000178e+00
1.622800000000003843e-05,1.692453340994629229e+01,2.985373243318963699e+00,1.690063118874191161e+01,1.500016896126908250e+00,1.687221839833499715e+01,2.700000000000000178e+00
1.632800000000003747e-05,1.692453340994486410e+01,2.985373243317439584e+00,1.690063118874007841e+01,1.500016896156012081e+00,1.687221839833356896e+01,2.700000000000000178e+00
1.642800000000003651e-05,1.692453340994346789e+01,2.985373243315951441e+00,1.690063118873825232e+01,1.500016896177839953e+00,1.687221839833216563e+01,2.700000000000000178e+00
1.652800000000003556e-05,1.692453340994207878e+01,2.985373243314469072e+00,1.690063118873644044e+01,1.500016896214219742e+00,1.687221839833077652e+01,2.700000000000000178e+00
1.662800000000003460e-05,1.692453340994073585e+01,2.985373243313035108e+00,1.690063118873464276e+01,1.500016896228771657e+00,1.687221839832943360e+01,2.700000000000000178e+00
1.672800000000003364e-05,1.692453340993938227e+01,2.985373243311584712e+00,1.690063118873285930e+01,1.500016896257875487e+00,1.687221839832808001e+01,2.700000000000000178e+00
1.682800000000003268e-05,1.692453340993802158e+01,2.985373243310125879e+00,1.690063118873108650e+01,1.500016896279703360e+00,1.687221839832671932e+01,2.700000000000000178e+00
1.692800000000003173e-05,1.692453340993667510e+01,2.985373243308683477e+00,1.690063118872932790e+01,1.500016896316083148e+00,1.687221839832537285e+01,2.700000000000000178e+00
1.702800000000003077e-05,1.692453340993534994e+01,2.985373243307259283e+00,1.690063118872757997e+01,1.500016896337911021e+00,1.687221839832405124e+01,2.700000000000000178e+00
1.712800000000002981e-05,1.692453340993398925e+01,2.985373243305801338e+00,1.690063118872583914e+01,1.500016896367014851e+00,1.687221839832269410e+01,2.700000000000000178e+00
1.722800000000002885e-05,1.692453340993266409e+01,2.985373243304377588e+00,1.690063118872411607e+01,1.500016896396118682e+00,1.687221839832137249e+01,2.700000000000000178e+00
1.732800000000002790e-05,1.692453340993136379e+01,2.985373243302980040e+00,1.690063118872240011e+01,1.500016896417946555e+00,1.687221839832007220e+01,2.700000000000000178e+00
1.742800000000002694e-05,1.692453340993009547e+01,2.985373243301615798e+00,1.690063118872069481e+01,1.500016896432498470e+00,1.687221839831879677e+01,2.700000000000000178e+00
1.752800000000002598e-05,1.692453340992879163e+01,2.985373243300215584e+00,1.690063118871900372e+01,1.500016896468878258e+00,1.687221839831749293e+01,2.700000000000000178e+00
1.762800000000002502e-05,1.692453340992748423e+01,2.985373243298815371e+00,1.690063118871732684e+01,1.500016896505258046e+00,1.687221839831617842e+01,2.700000000000000178e+00
1.772800000000002407e-05,1.692453340992621591e+01,2.985373243297447576e+00,1.690063118871565706e+01,1.500016896519809961e+00,1.687221839831491010e+01,2.700000000000000178e+00
1.782800000000002311e-05,1.692453340992493693e+01,2.985373243296072676e+00,1.690063118871399794e+01,1.500016896534361877e+00,1.687221839831363823e+01,2.700000000000000178e+00
1.792800000000002215e-05,1.692453340992367927e+01,2.985373243294717316e+00,1.690063118871234948e+01,1.500016896563465707e+00,1.687221839831237347e+01,2.700000000000000178e+00
1.802800000000002119e-05,1.692453340992245003e+01,2.985373243293393042e+00,1.690063118871071168e+01,1.500016896585293580e+00,1.687221839831113712e+01,2.700000000000000178e+00
1.812800000000002024e-05,1.692453340992121014e+01,2.985373243292054113e+00,1.690063118870908809e+01,1.500016896621673368e+00,1.687221839830990078e+01,2.700000000000000178e+00
1.822800000000001928e-05,1.692453340991996669e+01,2.985373243290713408e+00,1.690063118870747161e+01,1.500016896636225283e+00,1.687221839830865733e+01,2.700000000000000178e+00
1.832800000000001832e-05,1.692453340991870547e+01,2.985373243289356271e+00,1.690063118870586578e+01,1.500016896658053156e+00,1.687221839830739256e+01,2.700000000000000178e+00
1.842800000000001736e-05,1.692453340991749755e+01,2.985373243288053313e+00,1.690063118870427417e+01,1.500016896679881029e+00,1.687221839830619174e+01,2.700000000000000178e+00
1.852800000000001641e-05,1.692453340991629318e+01,2.985373243286749911e+00,1.690063118870268966e+01,1.500016896708984859e+00,1.687221839830498382e+01,2.700000000000000178e+00
1.862800000000001545e-05,1.692453340991509592e+01,2.985373243285454059e+00,1.690063118870112291e+01,1.500016896730812732e+00,1.687221839830379011e+01,2.700000000000000178e+00
1.872800000000001449e-05,1.692453340991391997e+01,2.985373243284180411e+00,1.690063118869956327e+01,1.500016896745364647e+00,1.687221839830261061e+01,2.700000000000000178e+00
1.882800000000001353e-05,1.692453340991269428e+01,2.985373243282858358e+00,1.690063118869801073e+01,1.500016896767192520e+00,1.687221839830138848e+01,2.700000000000000178e+00
1.892800000000001258e-05,1.692453340991150768e+01,2.985373243281574496e+00,1.690063118869647241e+01,1.500016896796296351e+00,1.687221839830020187e+01,2.700000000000000178e+00
1.902800000000001162e-05,1.692453340991035304e+01,2.985373243280327049e+00,1.690063118869494474e+01,1.500016896810848266e+00,1.687221839829905434e+01,2.700000000000000178e+00
1.912800000000001066e-05,1.692453340990918775e+01,2.985373243279069833e+00,1.690063118869342773e+01,1.500016896847228054e+00,1.687221839829788905e+01,2.700000000000000178e+00
1.922800000000000971e-05,1.692453340990805444e+01,2.985373243277848143e+00,1.690063118869191783e+01,1.500016896861779969e+00,1.687221839829675929e+01,2.700000000000000178e+00
1.932800000000000875e-05,1.692453340990690336e+01,2.985373243276609134e+00,1.690063118869041858e+01,1.500016896876331884e+00,1.687221839829560111e+01,2.700000000000000178e+00
1.942800000000000779e-05,1.692453340990575228e+01,2.985373243275366129e+00,1.690063118868893355e+01,1.500016896912711672e+00,1.687221839829445003e+01,2.700000000000000178e+00
1.952800000000000683e-05,1.692453340990464739e+01,2.985373243274164423e+00,1.690063118868745562e+01,1.500016896927263588e+00,1.687221839829334513e+01,2.700000000000000178e+00
1.962800000000000588e-05,1.692453340990351052e+01,2.985373243272938293e+00,1.690063118868598835e+01,1.500016896956367418e+00,1.687221839829221182e+01,2.700000000000000178e+00
1.972800000000000492e-05,1.692453340990240207e+01,2.985373243271745025e+00,1.690063118868452818e+01,1.500016896963643376e+00,1.687221839829110692e+01,2.700000000000000178e+00
1.982800000000000396e-05,1.692453340990130073e+01,2.985373243270550869e+00,1.690063118868307868e+01,1.500016897000023164e+00,1.687221839829000558e+01,2.700000000000000178e+00
1.992800000000000300e-05,1.692453340990021360e+01,2.985373243269374921e+00,1.690063118868163983e+01,1.500016897014575079e+00,1.687221839828890424e+01,2.700000000000000178e+00
2.002800000000000205e-05,1.692453340989911936e+01,2.985373243268189203e+00,1.690063118868020808e+01,1.500016897036402952e+00,1.687221839828781000e+01,2.700000000000000178e+00
2.012800000000000109e-05,1.692453340989805000e+01,2.985373243267029686e+00,1.690063118867878700e+01,1.500016897058230825e+00,1.687221839828674419e+01,2.700000000000000178e+00
2.022800000000000013e-05,1.692453340989696997e+01,2.985373243265859511e+00,1.690063118867737657e+01,1.500016897080058698e+00,1.687221839828565706e+01,2.700000000000000178e+00
2.032799999999999917e-05,1.692453340989585797e+01,2.985373243264658694e+00,1.690063118867597680e+01,1.500016897101886570e+00,1.687221839828454861e+01,2.700000000000000178e+00
2.042799999999999822e-05,1.692453340989481347e+01,2.985373243263522713e+00,1.690063118867458769e+01,1.500016897116438486e+00,1.687221839828349346e+01,2.700000000000000178e+00
2.052799999999999726e-05,1.692453340989374411e+01,2.985373243262360532e+00,1.690063118867320568e+01,1.500016897145542316e+00,1.687221839828242409e+01,2.700000000000000178e+00
2.062799999999999630e-05,1.692453340989268185e+01,2.985373243261202347e+00,1.690063118867183789e+01,1.500016897160094231e+00,1.687221839828136538e+01,2.700000000000000178e+00
2.072799999999999534e-05,1.692453340989163380e+01,2.985373243260061482e+00,1.690063118867047365e+01,1.500016897189198062e+00,1.687221839828031733e+01,2.700000000000000178e+00
2.082799999999999439e-05,1.692453340989062127e+01,2.985373243258956588e+00,1.690063118866911296e+01,1.500016897196474019e+00,1.687221839827930836e+01,2.700000000000000178e+00
2.092799999999999343e-05,1.692453340988960520e+01,2.985373243257848141e+00,1.690063118866776648e+01,1.500016897225577850e+00,1.687221839827829228e+01,2.700000000000000178e+00
2.102799999999999247e-05,1.692453340988858201e+01,2.985373243256729037e+00,1.690063118866643066e+01,1.500016897247405723e+00,1.687221839827725844e+01,2.700000000000000178e+00
2.112799999999999151e-05,1.692453340988758725e+01,2.985373243255638798e+00,1.690063118866510194e+01,1.500016897261957638e+00,1.687221839827626013e+01,2.700000000000000178e+00
2.122799999999999056e-05,1.692453340988658539e+01,2.985373243254544562e+00,1.690063118866378034e+01,1.500016897276509553e+00,1.687221839827526182e+01,2.700000000000000178e+00
2.132799999999998960e-05,1.692453340988559418e+01,2.985373243253458764e+00,1.690063118866246228e+01,1.500016897298337426e+00,1.687221839827427061e+01,2.700000000000000178e+00
2.142799999999998864e-05,1.692453340988459587e+01,2.985373243252363640e+00,1.690063118866115843e+01,1.500016897320165299e+00,1.687221839827327230e+01,2.700000000000000178e+00
2.152799999999998768e-05,1.692453340988360466e+01,2.985373243251280062e+00,1.690063118865986169e+01,1.500016897334717214e+00,1.687221839827228109e+01,2.700000000000000178e+00
2.162799999999998673e-05,1.692453340988257793e+01,2.985373243250164066e+00,1.690063118865857916e+01,1.500016897363821045e+00,1.687221839827126502e+01,2.700000000000000178e+00
2.172799999999998577e-05,1.692453340988156896e+01,2.985373243249067166e+00,1.690063118865730374e+01,1.500016897385648917e+00,1.687221839827025249e+01,2.700000000000000178e+00
2.182799999999998481e-05,1.692453340988060617e+01,2.985373243248016006e+00,1.690063118865603542e+01,1.500016897400200833e+00,1.687221839826928615e+01,2.700000000000000178e+00
2.192799999999998385e-05,1.692453340987966470e+01,2.985373243246978614e+00,1.690063118865477065e+01,1.500016897407476790e+00,1.687221839826834113e+01,2.700000000000000178e+00
2.202799999999998290e-05,1.692453340987869481e+01,2.985373243245915464e+00,1.690063118865351299e+01,1.500016897429304663e+00,1.687221839826737124e+01,2.700000000000000178e+00
2.212799999999998194e-05,1.692453340987777821e+01,2.985373243244903829e+00,1.690063118865226599e+01,1.500016897443856578e+00,1.687221839826645819e+01,2.700000000000000178e+00
2.222799999999998098e-05,1.692453340987683674e+01,2.985373243243869101e+00,1.690063118865102609e+01,1.500016897465684451e+00,1.687221839826551673e+01,2.700000000000000178e+00
2.232799999999998002e-05,1.692453340987588106e+01,2.985373243242820163e+00,1.690063118864979685e+01,1.500016897494788282e+00,1.687221839826456105e+01,2.700000000000000178e+00
2.242799999999997907e-05,1.692453340987492894e+01,2.985373243241774333e+00,1.690063118864857827e+01,1.500016897509340197e+00,1.687221839826361602e+01,2.700000000000000178e+00
2.252799999999997811e-05,1.692453340987399457e+01,2.985373243240751595e+00,1.690063118864736325e+01,1.500016897516616154e+00,1.687221839826268521e+01,2.700000000000000178e+00
2.262799999999997715e-05,1.692453340987307442e+01,2.985373243239739516e+00,1.690063118864615532e+01,1.500016897545719985e+00,1.687221839826176861e+01,2.700000000000000178e+00
2.272799999999997619e-05,1.692453340987216848e+01,2.985373243238742091e+00,1.690063118864495806e+01,1.500016897552995943e+00,1.687221839826086267e+01,2.700000000000000178e+00
2.282799999999997524e-05,1.692453340987125188e+01,2.985373243237732677e+00,1.690063118864376790e+01,1.500016897582099773e+00,1.687221839825994962e+01,2.700000000000000178e+00
2.292799999999997428e-05,1.692453340987035304e+01,2.985373243236737917e+00,1.690063118864258485e+01,1.500016897596651688e+00,1.687221839825905079e+01,2.700000000000000178e+00
2.302799999999997332e-05,1.692453340986944710e+01,2.985373243235736052e+00,1.690063118864141245e+01,1.500016897618479561e+00,1.687221839825813774e+01,2.700000000000000178e+00
2.312799999999997237e-05,1.692453340986855181e+01,2.985373243234750174e+00,1.690063118864025427e+01,1.500016897625755519e+00,1.687221839825724601e+01,2.700000000000000178e+00
2.322799999999997141e-05,1.692453340986766719e+01,2.985373243233776730e+00,1.690063118863909608e+01,1.500016897647583392e+00,1.687221839825635783e+01,2.700000000000000178e+00
2.332799999999997045e-05,1.692453340986679677e+01,2.985373243232814833e+00,1.690063118863794500e+01,1.500016897662135307e+00,1.687221839825548386e+01,2.700000000000000178e+00
2.342799999999996949e-05,1.692453340986592281e+01,2.985373243231844054e+00,1.690063118863680813e+01,1.500016897676687222e+00,1.687221839825460279e+01,2.700000000000000178e+00
2.352799999999996854e-05,1.692453340986508792e+01,2.985373243230917240e+00,1.690063118863567837e+01,1.500016897698515095e+00,1.687221839825376790e+01,2.700000000000000178e+00
2.362799999999996758e-05,1.692453340986424593e+01,2.985373243229978879e+00,1.690063118863455571e+01,1.500016897705791052e+00,1.687221839825292946e+01,2.700000000000000178e+00
2.372799999999996662e-05,1.692453340986339683e+01,2.985373243229034301e+00,1.690063118863343661e+01,1.500016897720342968e+00,1.687221839825208747e+01,2.700000000000000178e+00
2.382799999999996566e-05,1.692453340986253707e+01,2.985373243228082618e+00,1.690063118863232816e+01,1.500016897749446798e+00,1.687221839825122416e+01,2.700000000000000178e+00
2.392799999999996471e-05,1.692453340986170929e+01,2.985373243227158024e+00,1.690063118863122327e+01,1.500016897763998713e+00,1.687221839825039638e+01,2.700000000000000178e+00
2.402799999999996375e-05,1.692453340986087795e+01,2.985373243226227213e+00,1.690063118863012903e+01,1.500016897778550629e+00,1.687221839824956504e+01,2.700000000000000178e+00
2.412799999999996279e-05,1.692453340986006793e+01,2.985373243225319939e+00,1.690063118862904190e+01,1.500016897785826586e+00,1.687221839824875502e+01,2.700000000000000178e+00
2.422799999999996183e-05,1.692453340985923305e+01,2.985373243224389128e+00,1.690063118862795832e+01,1.500016897807654459e+00,1.687221839824792013e+01,2.700000000000000178e+00
2.432799999999996088e-05,1.692453340985838395e+01,2.985373243223442774e+00,1.690063118862688896e+01,1.500016897836758289e+00,1.687221839824707459e+01,2.700000000000000178e+00
2.442799999999995992e-05,1.692453340985755972e+01,2.985373243222524398e+00,1.690063118862582314e+01,1.500016897844034247e+00,1.687221839824625391e+01,2.700000000000000178e+00
2.452799999999995896e-05,1.692453340985675680e+01,2.985373243221621564e+00,1.690063118862475733e+01,1.500016897844034247e+00,1.687221839824544389e+01,2.700000000000000178e+00
2.462799999999995800e-05,1.692453340985592547e+01,2.985373243220694750e+00,1.690063118862370928e+01,1.500016897880414035e+00,1.687221839824461611e+01,2.700000000000000178e+00
2.472799999999995705e-05,1.692453340985511545e+01,2.985373243219787032e+00,1.690063118862266478e+01,1.500016897894965950e+00,1.687221839824380254e+01,2.700000000000000178e+00
2.482799999999995609e-05,1.692453340985433030e+01,2.985373243218901962e+00,1.690063118862163094e+01,1.500016897902241908e+00,1.687221839824302094e+01,2.700000000000000178e+00
2.492799999999995513e-05,1.692453340985354515e+01,2.985373243218021777e+00,1.690063118862060065e+01,1.500016897916793823e+00,1.687221839824223224e+01,2.700000000000000178e+00
2.502799999999995417e-05,1.692453340985276711e+01,2.985373243217149586e+00,1.690063118861958102e+01,1.500016897938621696e+00,1.687221839824145775e+01,2.700000000000000178e+00
2.512799999999995322e-05,1.692453340985198906e+01,2.985373243216280059e+00,1.690063118861856140e+01,1.500016897945897654e+00,1.687221839824067615e+01,2.700000000000000178e+00
2.522799999999995226e-05,1.692453340985124299e+01,2.985373243215438954e+00,1.690063118861755243e+01,1.500016897960449569e+00,1.687221839823992653e+01,2.700000000000000178e+00
2.532799999999995130e-05,1.692453340985045784e+01,2.985373243214560102e+00,1.690063118861655411e+01,1.500016897989553399e+00,1.687221839823914138e+01,2.700000000000000178e+00
2.542799999999995034e-05,1.692453340984969401e+01,2.985373243213702565e+00,1.690063118861555580e+01,1.500016897982277442e+00,1.687221839823837399e+01,2.700000000000000178e+00
2.552799999999994939e-05,1.692453340984893373e+01,2.985373243212846806e+00,1.690063118861456104e+01,1.500016897996829357e+00,1.687221839823762082e+01,2.700000000000000178e+00
2.562799999999994843e-05,1.692453340984816634e+01,2.985373243211984384e+00,1.690063118861357339e+01,1.500016898018657230e+00,1.687221839823684633e+01,2.700000000000000178e+00
2.572799999999994747e-05,1.692453340984742738e+01,2.985373243211149941e+00,1.690063118861259284e+01,1.500016898033209145e+00,1.687221839823610736e+01,2.700000000000000178e+00
2.582799999999994651e-05,1.692453340984667420e+01,2.985373243210299066e+00,1.690063118861161939e+01,1.500016898047761060e+00,1.687221839823535419e+01,2.700000000000000178e+00
2.592799999999994556e-05,1.692453340984593879e+01,2.985373243209470395e+00,1.690063118861065661e+01,1.500016898062312976e+00,1.687221839823461877e+01,2.700000000000000178e+00
2.602799999999994460e-05,1.692453340984523180e+01,2.985373243208669702e+00,1.690063118860970093e+01,1.500016898084140848e+00,1.687221839823391178e+01,2.700000000000000178e+00
2.612799999999994364e-05,1.692453340984449639e+01,2.985373243207842364e+00,1.690063118860874880e+01,1.500016898091416806e+00,1.687221839823317993e+01,2.700000000000000178e+00
2.622799999999994268e-05,1.692453340984376808e+01,2.985373243207024796e+00,1.690063118860780733e+01,1.500016898105968721e+00,1.687221839823245517e+01,2.700000000000000178e+00
2.632799999999994173e-05,1.692453340984302912e+01,2.985373243206196570e+00,1.690063118860686942e+01,1.500016898120520636e+00,1.687221839823171621e+01,2.700000000000000178e+00
2.642799999999994077e-05,1.692453340984233279e+01,2.985373243205410532e+00,1.690063118860593505e+01,1.500016898127796594e+00,1.687221839823101988e+01,2.700000000000000178e+00
2.652799999999993981e-05,1.692453340984165422e+01,2.985373243204637372e+00,1.690063118860500779e+01,1.500016898142348509e+00,1.687221839823034486e+01,2.700000000000000178e+00
2.662799999999993885e-05,1.692453340984094368e+01,2.985373243203833127e+00,1.690063118860408764e+01,1.500016898156900425e+00,1.687221839822963076e+01,2.700000000000000178e+00
2.672799999999993790e-05,1.692453340984022958e+01,2.985373243203026217e+00,1.690063118860317104e+01,1.500016898178728297e+00,1.687221839822891667e+01,2.700000000000000178e+00
2.682799999999993694e-05,1.692453340983955457e+01,2.985373243202256610e+00,1.690063118860226155e+01,1.500016898186004255e+00,1.687221839822824521e+01,2.700000000000000178e+00
2.692799999999993598e-05,1.692453340983885113e+01,2.985373243201457694e+00,1.690063118860135560e+01,1.500016898200556170e+00,1.687221839822753822e+01,2.700000000000000178e+00
2.702799999999993502e-05,1.692453340983816901e+01,2.985373243200677429e+00,1.690063118860045677e+01,1.500016898207832128e+00,1.687221839822684899e+01,2.700000000000000178e+00
2.712799999999993407e-05,1.692453340983749754e+01,2.985373243199909599e+00,1.690063118859956859e+01,1.500016898222384043e+00,1.687221839822618108e+01,2.700000000000000178e+00
2.722799999999993311e-05,1.692453340983685095e+01,2.985373243199175519e+00,1.690063118859868041e+01,1.500016898229660001e+00,1.687221839822553804e+01,2.700000000000000178e+00
2.732799999999993215e-05,1.692453340983616172e+01,2.985373243198397475e+00,1.690063118859780289e+01,1.500016898258763831e+00,1.687221839822485592e+01,2.700000000000000178e+00
2.742799999999993120e-05,1.692453340983545829e+01,2.985373243197609217e+00,1.690063118859693247e+01,1.500016898266039789e+00,1.687221839822414893e+01,2.700000000000000178e+00
2.752799999999993024e-05,1.692453340983478682e+01,2.985373243196846271e+00,1.690063118859606561e+01,1.500016898273315746e+00,1.687221839822347391e+01,2.700000000000000178e+00
2.762799999999992928e-05,1.692453340983414378e+01,2.985373243196115300e+00,1.690063118859520586e+01,1.500016898280591704e+00,1.687221839822282377e+01,2.700000000000000178e+00
2.772799999999992832e-05,1.692453340983346166e+01,2.985373243195344806e+00,1.690063118859435320e+01,1.500016898316971492e+00,1.687221839822214520e+01,2.700000000000000178e+00
2.782799999999992737e-05,1.692453340983280086e+01,2.985373243194592963e+00,1.690063118859350411e+01,1.500016898316971492e+00,1.687221839822147373e+01,2.700000000000000178e+00
2.792799999999992641e-05,1.692453340983219690e+01,2.985373243193898407e+00,1.690063118859266211e+01,1.500016898324247450e+00,1.687221839822087688e+01,2.700000000000000178e+00
2.802799999999992545e-05,1.692453340983154675e+01,2.985373243193151893e+00,1.690063118859183078e+01,1.500016898346075322e+00,1.687221839822022318e+01,2.700000000000000178e+00
2.812799999999992449e-05,1.692453340983088950e+01,2.985373243192408488e+00,1.690063118859099944e+01,1.500016898346075322e+00,1.687221839821957303e+01,2.700000000000000178e+00
2.822799999999992354e-05,1.692453340983028554e+01,2.985373243191715709e+00,1.690063118859017166e+01,1.500016898360627238e+00,1.687221839821897262e+01,2.700000000000000178e+00
2.832799999999992258e-05,1.692453340982966026e+01,2.985373243191004278e+00,1.690063118858935098e+01,1.500016898367903195e+00,1.687221839821834379e+01,2.700000000000000178e+00
2.842799999999992162e-05,1.692453340982903853e+01,2.985373243190295067e+00,1.690063118858853741e+01,1.500016898397007026e+00,1.687221839821772562e+01,2.700000000000000178e+00
2.852799999999992066e-05,1.692453340982842036e+01,2.985373243189590742e+00,1.690063118858772739e+01,1.500016898389731068e+00,1.687221839821710034e+01,2.700000000000000178e+00
2.862799999999991971e-05,1.692453340982780574e+01,2.985373243188887304e+00,1.690063118858692093e+01,1.500016898411558941e+00,1.687221839821648928e+01,2.700000000000000178e+00
2.872799999999991875e-05,1.692453340982720178e+01,2.985373243188192749e+00,1.690063118858612512e+01,1.500016898426110856e+00,1.687221839821588176e+01,2.700000000000000178e+00
2.882799999999991779e-05,1.692453340982659071e+01,2.985373243187497305e+00,1.690063118858532931e+01,1.500016898433386814e+00,1.687221839821526359e+01,2.700000000000000178e+00
2.892799999999991683e-05,1.692453340982598675e+01,2.985373243186808079e+00,1.690063118858454061e+01,1.500016898455214687e+00,1.687221839821465608e+01,2.700000000000000178e+00
2.902799999999991588e-05,1.692453340982536147e+01,2.985373243186094427e+00,1.690063118858375901e+01,1.500016898469766602e+00,1.687221839821403435e+01,2.700000000000000178e+00
2.912799999999991492e-05,1.692453340982475751e+01,2.985373243185406089e+00,1.690063118858298097e+01,1.500016898477042560e+00,1.687221839821342328e+01,2.700000000000000178e+00
2.922799999999991396e-05,1.692453340982416776e+01,2.985373243184724856e+00,1.690063118858221003e+01,1.500016898484318517e+00,1.687221839821282998e+01,2.700000000000000178e+00
2.932799999999991300e-05,1.692453340982359222e+01,2.985373243184060943e+00,1.690063118858143909e+01,1.500016898491594475e+00,1.687221839821225799e+01,2.700000000000000178e+00
2.942799999999991205e-05,1.692453340982302379e+01,2.985373243183399694e+00,1.690063118858067526e+01,1.500016898513422348e+00,1.687221839821168956e+01,2.700000000000000178e+00
2.952799999999991109e-05,1.692453340982244114e+01,2.985373243182725567e+00,1.690063118857991853e+01,1.500016898527974263e+00,1.687221839821110692e+01,2.700000000000000178e+00
2.962799999999991013e-05,1.692453340982186916e+01,2.985373243182062097e+00,1.690063118857916891e+01,1.500016898520698305e+00,1.687221839821053493e+01,2.700000000000000178e+00
2.972799999999990917e-05,1.692453340982129717e+01,2.985373243181399072e+00,1.690063118857842284e+01,1.500016898535250220e+00,1.687221839820996294e+01,2.700000000000000178e+00
2.982799999999990822e-05,1.692453340982072163e+01,2.985373243180731162e+00,1.690063118857767677e+01,1.500016898542526178e+00,1.687221839820938740e+01,2.700000000000000178e+00
2.992799999999990726e-05,1.692453340982015320e+01,2.985373243180075686e+00,1.690063118857694135e+01,1.500016898564354051e+00,1.687221839820882252e+01,2.700000000000000178e+00
3.002799999999990630e-05,1.692453340981957410e+01,2.985373243179404223e+00,1.690063118857620950e+01,1.500016898578905966e+00,1.687221839820823988e+01,2.700000000000000178e+00
3.012799999999990534e-05,1.692453340981901988e+01,2.985373243178758518e+00,1.690063118857548119e+01,1.500016898586181924e+00,1.687221839820769276e+01,2.700000000000000178e+00
3.022799999999990439e-05,1.692453340981848342e+01,2.985373243178131464e+00,1.690063118857475644e+01,1.500016898586181924e+00,1.687221839820715985e+01,2.700000000000000178e+00
3.032799999999990343e-05,1.692453340981798604e+01,2.985373243177545266e+00,1.690063118857403524e+01,1.500016898593457881e+00,1.687221839820665892e+01,2.700000000000000178e+00
3.042799999999990247e-05,1.692453340981748866e+01,2.985373243176959512e+00,1.690063118857332114e+01,1.500016898608009797e+00,1.687221839820616509e+01,2.700000000000000178e+00
3.052799999999990151e-05,1.692453340981692023e+01,2.985373243176302260e+00,1.690063118857261415e+01,1.500016898629837669e+00,1.687221839820559666e+01,2.700000000000000178e+00
3.062799999999990395e-05,1.692453340981631982e+01,2.985373243175611258e+00,1.690063118857191427e+01,1.500016898644389585e+00,1.687221839820499625e+01,2.700000000000000178e+00
3.072799999999990638e-05,1.692453340981578336e+01,2.985373243174985536e+00,1.690063118857121793e+01,1.500016898658941500e+00,1.687221839820445979e+01,2.700000000000000178e+00
3.082799999999990881e-05,1.692453340981522913e+01,2.985373243174339386e+00,1.690063118857052515e+01,1.500016898658941500e+00,1.687221839820390556e+01,2.700000000000000178e+00
3.092799999999991124e-05,1.692453340981471754e+01,2.985373243173738089e+00,1.690063118856983237e+01,1.500016898673493415e+00,1.687221839820339397e+01,2.700000000000000178e+00
3.102799999999991367e-05,1.692453340981421306e+01,2.985373243173137237e+00,1.690063118856914670e+01,1.500016898673493415e+00,1.687221839820288949e+01,2.700000000000000178e+00
3.112799999999991610e-05,1.692453340981370147e+01,2.985373243172531499e+00,1.690063118856846813e+01,1.500016898695321288e+00,1.687221839820237790e+01,2.700000000000000178e+00
3.122799999999991853e-05,1.692453340981318988e+01,2.985373243171931978e+00,1.690063118856779312e+01,1.500016898709873203e+00,1.687221839820186631e+01,2.700000000000000178e+00
3.132799999999992096e-05,1.692453340981270316e+01,2.985373243171355551e+00,1.690063118856712521e+01,1.500016898709873203e+00,1.687221839820138314e+01,2.700000000000000178e+00
3.142799999999992339e-05,1.692453340981221288e+01,2.985373243170774682e+00,1.690063118856645730e+01,1.500016898717149161e+00,1.687221839820089997e+01,2.700000000000000178e+00
3.152799999999992582e-05,1.692453340981166932e+01,2.985373243170140967e+00,1.690063118856579294e+01,1.500016898724425118e+00,1.687221839820035285e+01,2.700000000000000178e+00
3.162799999999992825e-05,1.692453340981117549e+01,2.985373243169554325e+00,1.690063118856513569e+01,1.500016898724425118e+00,1.687221839819985902e+01,2.700000000000000178e+00
3.172799999999993068e-05,1.692453340981067456e+01,2.985373243168962798e+00,1.690063118856448199e+01,1.500016898746252991e+00,1.687221839819936164e+01,2.700000000000000178e+00
3.182799999999993311e-05,1.692453340981016296e+01,2.985373243168359281e+00,1.690063118856383184e+01,1.500016898753528949e+00,1.687221839819884650e+01,2.700000000000000178e+00
3.192799999999993554e-05,1.692453340980967980e+01,2.985373243167785962e+00,1.690063118856319235e+01,1.500016898775356822e+00,1.687221839819836333e+01,2.700000000000000178e+00
3.202799999999993798e-05,1.692453340980919663e+01,2.985373243167215307e+00,1.690063118856255642e+01,1.500016898782632779e+00,1.687221839819788372e+01,2.700000000000000178e+00
3.212799999999994041e-05,1.692453340980868859e+01,2.985373243166613566e+00,1.690063118856191693e+01,1.500016898782632779e+00,1.687221839819737568e+01,2.700000000000000178e+00
3.222799999999994284e-05,1.692453340980820897e+01,2.985373243166038471e+00,1.690063118856128455e+01,1.500016898789908737e+00,1.687221839819689606e+01,2.700000000000000178e+00
3.232799999999994527e-05,1.692453340980775423e+01,2.985373243165488688e+00,1.690063118856065572e+01,1.500016898804460652e+00,1.687221839819644131e+01,2.700000000000000178e+00
3.242799999999994770e-05,1.692453340980724974e+01,2.985373243164890500e+00,1.690063118856003399e+01,1.500016898811736610e+00,1.687221839819593683e+01,2.700000000000000178e+00
3.252799999999995013e-05,1.692453340980677723e+01,2.985373243164323842e+00,1.690063118855941582e+01,1.500016898826288525e+00,1.687221839819546432e+01,2.700000000000000178e+00
3.262799999999995256e-05,1.692453340980630472e+01,2.985373243163763401e+00,1.690063118855880120e+01,1.500016898833564483e+00,1.687221839819499181e+01,2.700000000000000178e+00
3.272799999999995499e-05,1.692453340980584287e+01,2.985373243163208290e+00,1.690063118855818658e+01,1.500016898826288525e+00,1.687221839819452995e+01,2.700000000000000178e+00
3.282799999999995742e-05,1.692453340980539167e+01,2.985373243162663393e+00,1.690063118855757551e+01,1.500016898848116398e+00,1.687221839819407876e+01,2.700000000000000178e+00
3.292799999999995985e-05,1.692453340980492982e+01,2.985373243162110501e+00,1.690063118855697155e+01,1.500016898855392355e+00,1.687221839819361691e+01,2.700000000000000178e+00
3.302799999999996228e-05,1.692453340980446441e+01,2.985373243161554502e+00,1.690063118855637470e+01,1.500016898862668313e+00,1.687221839819315150e+01,2.700000000000000178e+00
3.312799999999996471e-05,1.692453340980401322e+01,2.985373243161011381e+00,1.690063118855578495e+01,1.500016898884496186e+00,1.687221839819270386e+01,2.700000000000000178e+00
3.322799999999996714e-05,1.692453340980357623e+01,2.985373243160481138e+00,1.690063118855519519e+01,1.500016898884496186e+00,1.687221839819226332e+01,2.700000000000000178e+00
3.332799999999996957e-05,1.692453340980313925e+01,2.985373243159950007e+00,1.690063118855460900e+01,1.500016898899048101e+00,1.687221839819182634e+01,2.700000000000000178e+00
3.342799999999997200e-05,1.692453340980264542e+01,2.985373243159365142e+00,1.690063118855402990e+01,1.500016898899048101e+00,1.687221839819133606e+01,2.700000000000000178e+00
3.352799999999997444e-05,1.692453340980219068e+01,2.985373243158818024e+00,1.690063118855345436e+01,1.500016898906324059e+00,1.687221839819088132e+01,2.700000000000000178e+00
3.362799999999997687e-05,1.692453340980179277e+01,2.985373243158323309e+00,1.690063118855288238e+01,1.500016898913600016e+00,1.687221839819047986e+01,2.700000000000000178e+00
3.372799999999997930e-05,1.692453340980135934e+01,2.985373243157795287e+00,1.690063118855231039e+01,1.500016898928151932e+00,1.687221839819004643e+01,2.700000000000000178e+00
3.382799999999998173e-05,1.692453340980091525e+01,2.985373243157257939e+00,1.690063118855174196e+01,1.500016898935427889e+00,1.687221839818959879e+01,2.700000000000000178e+00
3.392799999999998416e-05,1.692453340980051024e+01,2.985373243156766332e+00,1.690063118855117708e+01,1.500016898942703847e+00,1.687221839818919733e+01,2.700000000000000178e+00
3.402799999999998659e-05,1.692453340980009813e+01,2.985373243156263179e+00,1.690063118855061930e+01,1.500016898957255762e+00,1.687221839818878166e+01,2.700000000000000178e+00
3.412799999999998902e-05,1.692453340979967891e+01,2.985373243155749812e+00,1.690063118855006152e+01,1.500016898964531720e+00,1.687221839818836600e+01,2.700000000000000178e+00
3.422799999999999145e-05,1.692453340979924903e+01,2.985373243155222678e+00,1.690063118854951085e+01,1.500016898964531720e+00,1.687221839818793967e+01,2.700000000000000178e+00
3.432799999999999388e-05,1.692453340979879073e+01,2.985373243154675116e+00,1.690063118854896373e+01,1.500016898986359593e+00,1.687221839818747782e+01,2.700000000000000178e+00
3.442799999999999631e-05,1.692453340979836796e+01,2.985373243154158196e+00,1.690063118854842017e+01,1.500016898986359593e+00,1.687221839818705860e+01,2.700000000000000178e+00
3.452799999999999874e-05,1.692453340979795229e+01,2.985373243153652378e+00,1.690063118854788371e+01,1.500016898993635550e+00,1.687221839818664293e+01,2.700000000000000178e+00
3.462800000000000117e-05,1.692453340979755794e+01,2.985373243153165657e+00,1.690063118854735080e+01,1.500016899008187465e+00,1.687221839818625213e+01,2.700000000000000178e+00
3.472800000000000360e-05,1.692453340979714937e+01,2.985373243152665168e+00,1.690063118854681434e+01,1.500016899008187465e+00,1.687221839818584712e+01,2.700000000000000178e+00
3.482800000000000603e-05,1.692453340979676213e+01,2.985373243152183331e+00,1.690063118854627788e+01,1.500016899008187465e+00,1.687221839818545277e+01,2.700000000000000178e+00
3.492800000000000847e-05,1.692453340979636067e+01,2.985373243151690836e+00,1.690063118854574853e+01,1.500016899022739381e+00,1.687221839818504776e+01,2.700000000000000178e+00
3.502800000000001090e-05,1.692453340979595211e+01,2.985373243151189904e+00,1.690063118854522628e+01,1.500016899030015338e+00,1.687221839818464275e+01,2.700000000000000178e+00
3.512800000000001333e-05,1.692453340979552223e+01,2.985373243150671652e+00,1.690063118854471469e+01,1.500016899044567253e+00,1.687221839818420577e+01,2.700000000000000178e+00
3.522800000000001576e-05,1.692453340979514209e+01,2.985373243150197808e+00,1.690063118854419955e+01,1.500016899051843211e+00,1.687221839818383273e+01,2.700000000000000178e+00
3.532800000000001819e-05,1.692453340979474063e+01,2.985373243149706202e+00,1.690063118854369151e+01,1.500016899059119169e+00,1.687221839818342417e+01,2.700000000000000178e+00
3.542800000000002062e-05,1.692453340979435339e+01,2.985373243149225253e+00,1.690063118854318702e+01,1.500016899066395126e+00,1.687221839818302982e+01,2.700000000000000178e+00
3.552800000000002305e-05,1.692453340979398391e+01,2.985373243148764733e+00,1.690063118854268254e+01,1.500016899066395126e+00,1.687221839818266034e+01,2.700000000000000178e+00
3.562800000000002548e-05,1.692453340979362153e+01,2.985373243148310873e+00,1.690063118854218516e+01,1.500016899073671084e+00,1.687221839818230151e+01,2.700000000000000178e+00
3.572800000000002791e-05,1.692453340979327336e+01,2.985373243147869005e+00,1.690063118854168422e+01,1.500016899088222999e+00,1.687221839818195690e+01,2.700000000000000178e+00
3.582800000000003034e-05,1.692453340979290033e+01,2.985373243147407596e+00,1.690063118854118684e+01,1.500016899088222999e+00,1.687221839818158031e+01,2.700000000000000178e+00
3.592800000000003277e-05,1.692453340979249887e+01,2.985373243146913325e+00,1.690063118854069657e+01,1.500016899102774914e+00,1.687221839818118241e+01,2.700000000000000178e+00
3.602800000000003520e-05,1.692453340979212228e+01,2.985373243146443034e+00,1.690063118854020630e+01,1.500016899110050872e+00,1.687221839818080227e+01,2.700000000000000178e+00
3.612800000000003763e-05,1.692453340979175636e+01,2.985373243145979849e+00,1.690063118853972313e+01,1.500016899117326830e+00,1.687221839818043989e+01,2.700000000000000178e+00
3.622800000000004006e-05,1.692453340979139753e+01,2.985373243145527766e+00,1.690063118853924351e+01,1.500016899117326830e+00,1.687221839818008107e+01,2.700000000000000178e+00
3.632800000000004249e-05,1.692453340979104226e+01,2.985373243145083677e+00,1.690063118853876034e+01,1.500016899124602787e+00,1.687221839817972224e+01,2.700000000000000178e+00
3.642800000000004493e-05,1.692453340979061949e+01,2.985373243144572086e+00,1.690063118853828428e+01,1.500016899131878745e+00,1.687221839817930302e+01,2.700000000000000178e+00
3.652800000000004736e-05,1.692453340979028908e+01,2.985373243144148869e+00,1.690063118853781177e+01,1.500016899139154702e+00,1.687221839817897262e+01,2.700000000000000178e+00
3.662800000000004979e-05,1.692453340978990184e+01,2.985373243143672806e+00,1.690063118853734281e+01,1.500016899146430660e+00,1.687221839817858182e+01,2.700000000000000178e+00
3.672800000000005222e-05,1.692453340978954301e+01,2.985373243143218502e+00,1.690063118853687740e+01,1.500016899153706618e+00,1.687221839817822655e+01,2.700000000000000178e+00
3.682800000000005465e-05,1.692453340978919485e+01,2.985373243142772193e+00,1.690063118853641555e+01,1.500016899168258533e+00,1.687221839817787128e+01,2.700000000000000178e+00
3.692800000000005708e-05,1.692453340978885379e+01,2.985373243142332988e+00,1.690063118853595370e+01,1.500016899160982575e+00,1.687221839817752311e+01,2.700000000000000178e+00
3.702800000000005951e-05,1.692453340978847720e+01,2.985373243141864474e+00,1.690063118853549895e+01,1.500016899182810448e+00,1.687221839817714297e+01,2.700000000000000178e+00
3.712800000000006194e-05,1.692453340978813259e+01,2.985373243141432376e+00,1.690063118853504776e+01,1.500016899175534490e+00,1.687221839817680547e+01,2.700000000000000178e+00
3.722800000000006437e-05,1.692453340978780219e+01,2.985373243141008270e+00,1.690063118853459656e+01,1.500016899182810448e+00,1.687221839817647506e+01,2.700000000000000178e+00
3.732800000000006680e-05,1.692453340978746112e+01,2.985373243140574839e+00,1.690063118853414892e+01,1.500016899190086406e+00,1.687221839817613400e+01,2.700000000000000178e+00
3.742800000000006923e-05,1.692453340978708809e+01,2.985373243140110322e+00,1.690063118853370483e+01,1.500016899211914279e+00,1.687221839817576097e+01,2.700000000000000178e+00
3.752800000000007166e-05,1.692453340978675058e+01,2.985373243139680000e+00,1.690063118853326074e+01,1.500016899211914279e+00,1.687221839817542346e+01,2.700000000000000178e+00
3.762800000000007409e-05,1.692453340978640952e+01,2.985373243139246568e+00,1.690063118853282020e+01,1.500016899211914279e+00,1.687221839817508240e+01,2.700000000000000178e+00
3.772800000000007652e-05,1.692453340978610044e+01,2.985373243138848665e+00,1.690063118853238677e+01,1.500016899219190236e+00,1.687221839817477331e+01,2.700000000000000178e+00
3.782800000000007896e-05,1.692453340978575582e+01,2.985373243138413457e+00,1.690063118853194979e+01,1.500016899219190236e+00,1.687221839817442870e+01,2.700000000000000178e+00
3.792800000000008139e-05,1.692453340978540410e+01,2.985373243137976917e+00,1.690063118853151991e+01,1.500016899233742151e+00,1.687221839817407698e+01,2.700000000000000178e+00
3.802800000000008382e-05,1.692453340978508436e+01,2.985373243137567023e+00,1.690063118853109358e+01,1.500016899248294067e+00,1.687221839817375724e+01,2.700000000000000178e+00
3.812800000000008625e-05,1.692453340978479659e+01,2.985373243137186883e+00,1.690063118853066726e+01,1.500016899241018109e+00,1.687221839817346591e+01,2.700000000000000178e+00
3.822800000000008868e-05,1.692453340978450882e+01,2.985373243136802746e+00,1.690063118853024804e+01,1.500016899248294067e+00,1.687221839817318525e+01,2.700000000000000178e+00
3.832800000000009111e-05,1.692453340978419263e+01,2.985373243136393739e+00,1.690063118852983592e+01,1.500016899270121939e+00,1.687221839817286906e+01,2.700000000000000178e+00
3.842800000000009354e-05,1.692453340978385157e+01,2.985373243135961197e+00,1.690063118852942026e+01,1.500016899262845982e+00,1.687221839817252800e+01,2.700000000000000178e+00
3.852800000000009597e-05,1.692453340978353538e+01,2.985373243135555299e+00,1.690063118852900814e+01,1.500016899262845982e+00,1.687221839817220825e+01,2.700000000000000178e+00
3.862800000000009840e-05,1.692453340978320853e+01,2.985373243135133858e+00,1.690063118852859958e+01,1.500016899284673855e+00,1.687221839817187785e+01,2.700000000000000178e+00
3.872800000000010083e-05,1.692453340978293497e+01,2.985373243134766597e+00,1.690063118852818747e+01,1.500016899277397897e+00,1.687221839817160074e+01,2.700000000000000178e+00
3.882800000000010326e-05,1.692453340978261878e+01,2.985373243134353149e+00,1.690063118852778246e+01,1.500016899291949812e+00,1.687221839817127744e+01,2.700000000000000178e+00
3.892800000000010569e-05,1.692453340978227772e+01,2.985373243133917942e+00,1.690063118852738100e+01,1.500016899299225770e+00,1.687221839817093283e+01,2.700000000000000178e+00
3.902800000000010812e-05,1.692453340978196508e+01,2.985373243133511600e+00,1.690063118852697954e+01,1.500016899291949812e+00,1.687221839817062019e+01,2.700000000000000178e+00
3.912800000000011055e-05,1.692453340978167731e+01,2.985373243133135013e+00,1.690063118852657809e+01,1.500016899306501728e+00,1.687221839817033242e+01,2.700000000000000178e+00
3.922800000000011299e-05,1.692453340978137888e+01,2.985373243132748211e+00,1.690063118852618373e+01,1.500016899321053643e+00,1.687221839817003399e+01,2.700000000000000178e+00
3.932800000000011542e-05,1.692453340978109466e+01,2.985373243132368959e+00,1.690063118852579294e+01,1.500016899321053643e+00,1.687221839816974622e+01,2.700000000000000178e+00
3.942800000000011785e-05,1.692453340978075005e+01,2.985373243131928422e+00,1.690063118852540924e+01,1.500016899335605558e+00,1.687221839816940872e+01,2.700000000000000178e+00
3.952800000000012028e-05,1.692453340978045873e+01,2.985373243131538956e+00,1.690063118852502555e+01,1.500016899328329600e+00,1.687221839816911739e+01,2.700000000000000178e+00
3.962800000000012271e-05,1.692453340978018517e+01,2.985373243131171694e+00,1.690063118852464186e+01,1.500016899321053643e+00,1.687221839816884383e+01,2.700000000000000178e+00
3.972800000000012514e-05,1.692453340977985476e+01,2.985373243130744925e+00,1.690063118852426172e+01,1.500016899335605558e+00,1.687221839816851343e+01,2.700000000000000178e+00
3.982800000000012757e-05,1.692453340977954213e+01,2.985373243130340803e+00,1.690063118852388158e+01,1.500016899342881516e+00,1.687221839816820079e+01,2.700000000000000178e+00
3.992800000000013000e-05,1.692453340977928988e+01,2.985373243129993082e+00,1.690063118852350144e+01,1.500016899350157473e+00,1.687221839816794855e+01,2.700000000000000178e+00
4.002800000000013243e-05,1.692453340977901277e+01,2.985373243129622267e+00,1.690063118852312840e+01,1.500016899364709388e+00,1.687221839816767144e+01,2.700000000000000178e+00
4.012800000000013486e-05,1.692453340977873566e+01,2.985373243129252341e+00,1.690063118852275892e+01,1.500016899364709388e+00,1.687221839816739788e+01,2.700000000000000178e+00
4.022800000000013729e-05,1.692453340977845855e+01,2.985373243128882859e+00,1.690063118852238944e+01,1.500016899371985346e+00,1.687221839816712077e+01,2.700000000000000178e+00
4.032800000000013972e-05,1.692453340977819565e+01,2.985373243128526699e+00,1.690063118852201995e+01,1.500016899364709388e+00,1.687221839816686142e+01,2.700000000000000178e+00
4.042800000000014215e-05,1.692453340977790788e+01,2.985373243128143894e+00,1.690063118852165402e+01,1.500016899379261304e+00,1.687221839816657720e+01,2.700000000000000178e+00
4.052800000000014458e-05,1.692453340977764853e+01,2.985373243127790843e+00,1.690063118852129165e+01,1.500016899379261304e+00,1.687221839816631430e+01,2.700000000000000178e+00
4.062800000000014701e-05,1.692453340977737142e+01,2.985373243127423137e+00,1.690063118852093282e+01,1.500016899386537261e+00,1.687221839816603364e+01,2.700000000000000178e+00
4.072800000000014945e-05,1.692453340977706233e+01,2.985373243127023457e+00,1.690063118852057400e+01,1.500016899393813219e+00,1.687221839816572455e+01,2.700000000000000178e+00
4.082800000000015188e-05,1.692453340977676035e+01,2.985373243126627774e+00,1.690063118852022228e+01,1.500016899408365134e+00,1.687221839816542968e+01,2.700000000000000178e+00
4.092800000000015431e-05,1.692453340977648679e+01,2.985373243126261844e+00,1.690063118851987767e+01,1.500016899408365134e+00,1.687221839816515967e+01,2.700000000000000178e+00
4.102800000000015674e-05,1.692453340977625231e+01,2.985373243125930998e+00,1.690063118851952950e+01,1.500016899401089177e+00,1.687221839816492519e+01,2.700000000000000178e+00
4.112800000000015917e-05,1.692453340977601783e+01,2.985373243125597043e+00,1.690063118851918134e+01,1.500016899408365134e+00,1.687221839816469071e+01,2.700000000000000178e+00
4.122800000000016160e-05,1.692453340977577625e+01,2.985373243125259091e+00,1.690063118851884028e+01,1.500016899422917049e+00,1.687221839816444913e+01,2.700000000000000178e+00
4.132800000000016403e-05,1.692453340977552045e+01,2.985373243124909148e+00,1.690063118851849566e+01,1.500016899422917049e+00,1.687221839816419333e+01,2.700000000000000178e+00
4.142800000000016646e-05,1.692453340977526821e+01,2.985373243124561426e+00,1.690063118851815815e+01,1.500016899437468965e+00,1.687221839816394109e+01,2.700000000000000178e+00
4.152800000000016889e-05,1.692453340977500531e+01,2.985373243124201270e+00,1.690063118851782065e+01,1.500016899437468965e+00,1.687221839816367819e+01,2.700000000000000178e+00
4.162800000000017132e-05,1.692453340977474241e+01,2.985373243123843778e+00,1.690063118851748669e+01,1.500016899437468965e+00,1.687221839816341529e+01,2.700000000000000178e+00
4.172800000000017375e-05,1.692453340977448661e+01,2.985373243123493392e+00,1.690063118851715629e+01,1.500016899444744922e+00,1.687221839816315949e+01,2.700000000000000178e+00
4.182800000000017618e-05,1.692453340977423082e+01,2.985373243123142561e+00,1.690063118851682233e+01,1.500016899437468965e+00,1.687221839816290370e+01,2.700000000000000178e+00
4.192800000000017861e-05,1.692453340977396792e+01,2.985373243122785070e+00,1.690063118851649548e+01,1.500016899466572795e+00,1.687221839816264080e+01,2.700000000000000178e+00
4.202800000000018104e-05,1.692453340977370502e+01,2.985373243122427134e+00,1.690063118851617219e+01,1.500016899466572795e+00,1.687221839816237789e+01,2.700000000000000178e+00
4.212800000000018348e-05,1.692453340977344212e+01,2.985373243122073639e+00,1.690063118851584889e+01,1.500016899466572795e+00,1.687221839816211499e+01,2.700000000000000178e+00
4.222800000000018591e-05,1.692453340977321474e+01,2.985373243121752118e+00,1.690063118851552559e+01,1.500016899466572795e+00,1.687221839816189117e+01,2.700000000000000178e+00
4.232800000000018834e-05,1.692453340977298026e+01,2.985373243121421716e+00,1.690063118851520230e+01,1.500016899466572795e+00,1.687221839816164959e+01,2.700000000000000178e+00
4.242800000000019077e-05,1.692453340977277421e+01,2.985373243121121511e+00,1.690063118851488611e+01,1.500016899481124710e+00,1.687221839816145064e+01,2.700000000000000178e+00
4.252800000000019320e-05,1.692453340977254328e+01,2.985373243120796438e+00,1.690063118851456991e+01,1.500016899481124710e+00,1.687221839816121260e+01,2.700000000000000178e+00
4.262800000000019563e-05,1.692453340977231235e+01,2.985373243120473141e+00,1.690063118851425727e+01,1.500016899488400668e+00,1.687221839816098878e+01,2.700000000000000178e+00
4.272800000000019806e-05,1.692453340977202103e+01,2.985373243120092113e+00,1.690063118851395174e+01,1.500016899502952583e+00,1.687221839816069036e+01,2.700000000000000178e+00
4.282800000000020049e-05,1.692453340977176879e+01,2.985373243119747499e+00,1.690063118851364976e+01,1.500016899502952583e+00,1.687221839816044167e+01,2.700000000000000178e+00
4.292800000000020292e-05,1.692453340977155563e+01,2.985373243119442410e+00,1.690063118851334423e+01,1.500016899502952583e+00,1.687221839816023561e+01,2.700000000000000178e+00
4.302800000000020535e-05,1.692453340977133536e+01,2.985373243119129327e+00,1.690063118851304225e+01,1.500016899510228541e+00,1.687221839816001534e+01,2.700000000000000178e+00
4.312800000000020778e-05,1.692453340977110798e+01,2.985373243118808695e+00,1.690063118851273671e+01,1.500016899510228541e+00,1.687221839815978441e+01,2.700000000000000178e+00
4.322800000000021021e-05,1.692453340977088772e+01,2.985373243118494280e+00,1.690063118851243118e+01,1.500016899502952583e+00,1.687221839815956415e+01,2.700000000000000178e+00
4.332800000000021264e-05,1.692453340977067100e+01,2.985373243118183861e+00,1.690063118851213275e+01,1.500016899524780456e+00,1.687221839815934032e+01,2.700000000000000178e+00
4.342800000000021507e-05,1.692453340977042231e+01,2.985373243117839248e+00,1.690063118851183788e+01,1.500016899524780456e+00,1.687221839815909519e+01,2.700000000000000178e+00
4.352800000000021750e-05,1.692453340977016651e+01,2.985373243117491082e+00,1.690063118851154655e+01,1.500016899539332371e+00,1.687221839815883584e+01,2.700000000000000178e+00
4.362800000000021994e-05,1.692453340976993204e+01,2.985373243117164233e+00,1.690063118851125523e+01,1.500016899539332371e+00,1.687221839815860847e+01,2.700000000000000178e+00
4.372800000000022237e-05,1.692453340976973308e+01,2.985373243116873354e+00,1.690063118851096391e+01,1.500016899532056414e+00,1.687221839815840596e+01,2.700000000000000178e+00
4.382800000000022480e-05,1.692453340976952347e+01,2.985373243116569597e+00,1.690063118851067259e+01,1.500016899539332371e+00,1.687221839815819635e+01,2.700000000000000178e+00
4.392800000000022723e-05,1.692453340976931742e+01,2.985373243116270281e+00,1.690063118851038126e+01,1.500016899539332371e+00,1.687221839815797964e+01,2.700000000000000178e+00
4.402800000000022966e-05,1.692453340976905807e+01,2.985373243115919450e+00,1.690063118851009349e+01,1.500016899539332371e+00,1.687221839815772029e+01,2.700000000000000178e+00
4.412800000000023209e-05,1.692453340976885201e+01,2.985373243115616582e+00,1.690063118850980572e+01,1.500016899539332371e+00,1.687221839815751778e+01,2.700000000000000178e+00
4.422800000000023452e-05,1.692453340976863885e+01,2.985373243115313269e+00,1.690063118850952151e+01,1.500016899546608329e+00,1.687221839815730817e+01,2.700000000000000178e+00
4.432800000000023695e-05,1.692453340976841858e+01,2.985373243114997965e+00,1.690063118850924440e+01,1.500016899561160244e+00,1.687221839815708435e+01,2.700000000000000178e+00
4.442800000000023938e-05,1.692453340976820897e+01,2.985373243114692876e+00,1.690063118850896728e+01,1.500016899561160244e+00,1.687221839815687829e+01,2.700000000000000178e+00
4.452800000000024181e-05,1.692453340976797804e+01,2.985373243114371355e+00,1.690063118850869017e+01,1.500016899582988117e+00,1.687221839815664381e+01,2.700000000000000178e+00
4.462800000000024424e-05,1.692453340976775777e+01,2.985373243114057829e+00,1.690063118850841306e+01,1.500016899568436202e+00,1.687221839815642710e+01,2.700000000000000178e+00
4.472800000000024667e-05,1.692453340976756593e+01,2.985373243113772723e+00,1.690063118850814305e+01,1.500016899575712159e+00,1.687221839815623525e+01,2.700000000000000178e+00
4.482800000000024910e-05,1.692453340976739184e+01,2.985373243113508490e+00,1.690063118850786950e+01,1.500016899575712159e+00,1.687221839815605762e+01,2.700000000000000178e+00
4.492800000000025153e-05,1.692453340976717868e+01,2.985373243113200736e+00,1.690063118850760304e+01,1.500016899597540032e+00,1.687221839815585156e+01,2.700000000000000178e+00
4.502800000000025397e-05,1.692453340976694065e+01,2.985373243112868558e+00,1.690063118850733659e+01,1.500016899590264075e+00,1.687221839815560642e+01,2.700000000000000178e+00
4.512800000000025640e-05,1.692453340976675236e+01,2.985373243112590558e+00,1.690063118850707014e+01,1.500016899590264075e+00,1.687221839815542523e+01,2.700000000000000178e+00
4.522800000000025883e-05,1.692453340976655696e+01,2.985373243112302788e+00,1.690063118850680723e+01,1.500016899590264075e+00,1.687221839815522273e+01,2.700000000000000178e+00
4.532800000000026126e-05,1.692453340976633669e+01,2.985373243111994146e+00,1.690063118850654433e+01,1.500016899597540032e+00,1.687221839815500957e+01,2.700000000000000178e+00
4.542800000000026369e-05,1.692453340976615195e+01,2.985373243111713482e+00,1.690063118850628854e+01,1.500016899612091947e+00,1.687221839815481772e+01,2.700000000000000178e+00
4.552800000000026612e-05,1.692453340976595300e+01,2.985373243111420383e+00,1.690063118850602919e+01,1.500016899612091947e+00,1.687221839815462587e+01,2.700000000000000178e+00
4.562800000000026855e-05,1.692453340976576115e+01,2.985373243111132613e+00,1.690063118850577695e+01,1.500016899612091947e+00,1.687221839815443047e+01,2.700000000000000178e+00
4.572800000000027098e-05,1.692453340976558351e+01,2.985373243110862163e+00,1.690063118850552470e+01,1.500016899626643863e+00,1.687221839815425284e+01,2.700000000000000178e+00
4.582800000000027341e-05,1.692453340976537390e+01,2.985373243110562402e+00,1.690063118850527601e+01,1.500016899626643863e+00,1.687221839815403968e+01,2.700000000000000178e+00
4.592800000000027584e-05,1.692453340976519982e+01,2.985373243110294172e+00,1.690063118850502732e+01,1.500016899633919820e+00,1.687221839815387625e+01,2.700000000000000178e+00
4.602800000000027827e-05,1.692453340976500797e+01,2.985373243110005070e+00,1.690063118850477508e+01,1.500016899626643863e+00,1.687221839815368440e+01,2.700000000000000178e+00
4.612800000000028070e-05,1.692453340976480902e+01,2.985373243109711971e+00,1.690063118850452639e+01,1.500016899641195778e+00,1.687221839815348545e+01,2.700000000000000178e+00
4.622800000000028313e-05,1.692453340976459231e+01,2.985373243109408214e+00,1.690063118850427770e+01,1.500016899641195778e+00,1.687221839815326874e+01,2.700000000000000178e+00
4.632800000000028556e-05,1.692453340976441822e+01,2.985373243109145314e+00,1.690063118850402901e+01,1.500016899641195778e+00,1.687221839815309465e+01,2.700000000000000178e+00
4.642800000000028800e-05,1.692453340976424769e+01,2.985373243108888186e+00,1.690063118850378387e+01,1.500016899655747693e+00,1.687221839815292412e+01,2.700000000000000178e+00
4.652800000000029043e-05,1.692453340976408072e+01,2.985373243108635055e+00,1.690063118850354229e+01,1.500016899655747693e+00,1.687221839815275715e+01,2.700000000000000178e+00
4.662800000000029286e-05,1.692453340976387821e+01,2.985373243108345065e+00,1.690063118850330426e+01,1.500016899663023651e+00,1.687221839815255464e+01,2.700000000000000178e+00
4.672800000000029529e-05,1.692453340976371123e+01,2.985373243108088825e+00,1.690063118850306267e+01,1.500016899655747693e+00,1.687221839815238766e+01,2.700000000000000178e+00
4.682800000000029772e-05,1.692453340976354781e+01,2.985373243107833474e+00,1.690063118850282464e+01,1.500016899663023651e+00,1.687221839815222424e+01,2.700000000000000178e+00
4.692800000000030015e-05,1.692453340976338438e+01,2.985373243107579011e+00,1.690063118850258661e+01,1.500016899655747693e+00,1.687221839815206081e+01,2.700000000000000178e+00
4.702800000000030258e-05,1.692453340976315701e+01,2.985373243107260155e+00,1.690063118850235568e+01,1.500016899677575566e+00,1.687221839815183344e+01,2.700000000000000178e+00
4.712800000000030501e-05,1.692453340976300069e+01,2.985373243107012353e+00,1.690063118850212476e+01,1.500016899677575566e+00,1.687221839815167712e+01,2.700000000000000178e+00
4.722800000000030744e-05,1.692453340976281240e+01,2.985373243106733909e+00,1.690063118850189738e+01,1.500016899677575566e+00,1.687221839815148883e+01,2.700000000000000178e+00
4.732800000000030987e-05,1.692453340976263121e+01,2.985373243106463903e+00,1.690063118850167001e+01,1.500016899677575566e+00,1.687221839815130764e+01,2.700000000000000178e+00
4.742800000000031230e-05,1.692453340976245713e+01,2.985373243106199670e+00,1.690063118850144264e+01,1.500016899677575566e+00,1.687221839815113356e+01,2.700000000000000178e+00
4.752800000000031473e-05,1.692453340976231146e+01,2.985373243105966079e+00,1.690063118850121882e+01,1.500016899684851523e+00,1.687221839815099145e+01,2.700000000000000178e+00
4.762800000000031716e-05,1.692453340976213738e+01,2.985373243105705843e+00,1.690063118850099499e+01,1.500016899692127481e+00,1.687221839815082447e+01,2.700000000000000178e+00
4.772800000000031959e-05,1.692453340976195264e+01,2.985373243105431396e+00,1.690063118850077473e+01,1.500016899692127481e+00,1.687221839815064683e+01,2.700000000000000178e+00
4.782800000000032202e-05,1.692453340976179632e+01,2.985373243105188479e+00,1.690063118850055446e+01,1.500016899692127481e+00,1.687221839815048696e+01,2.700000000000000178e+00
4.792800000000032446e-05,1.692453340976163645e+01,2.985373243104940233e+00,1.690063118850033419e+01,1.500016899699403439e+00,1.687221839815031998e+01,2.700000000000000178e+00
4.802800000000032689e-05,1.692453340976148368e+01,2.985373243104699092e+00,1.690063118850011392e+01,1.500016899706679396e+00,1.687221839815016367e+01,2.700000000000000178e+00
4.812800000000032932e-05,1.692453340976132026e+01,2.985373243104450403e+00,1.690063118849990076e+01,1.500016899706679396e+00,1.687221839814999669e+01,2.700000000000000178e+00
4.822800000000033175e-05,1.692453340976118170e+01,2.985373243104220364e+00,1.690063118849968760e+01,1.500016899706679396e+00,1.687221839814985813e+01,2.700000000000000178e+00
4.832800000000033418e-05,1.692453340976097209e+01,2.985373243103918828e+00,1.690063118849947443e+01,1.500016899706679396e+00,1.687221839814964142e+01,2.700000000000000178e+00
4.842800000000033661e-05,1.692453340976079801e+01,2.985373243103656371e+00,1.690063118849926127e+01,1.500016899713955354e+00,1.687221839814946733e+01,2.700000000000000178e+00
4.852800000000033904e-05,1.692453340976059906e+01,2.985373243103374374e+00,1.690063118849904811e+01,1.500016899721231312e+00,1.687221839814926838e+01,2.700000000000000178e+00
4.862800000000034147e-05,1.692453340976045695e+01,2.985373243103147001e+00,1.690063118849883494e+01,1.500016899713955354e+00,1.687221839814912627e+01,2.700000000000000178e+00
4.872800000000034390e-05,1.692453340976029352e+01,2.985373243102899643e+00,1.690063118849862889e+01,1.500016899728507269e+00,1.687221839814896285e+01,2.700000000000000178e+00
4.882800000000034633e-05,1.692453340976011589e+01,2.985373243102634966e+00,1.690063118849842283e+01,1.500016899721231312e+00,1.687221839814878521e+01,2.700000000000000178e+00
4.892800000000034876e-05,1.692453340975993825e+01,2.985373243102374285e+00,1.690063118849821322e+01,1.500016899721231312e+00,1.687221839814860758e+01,2.700000000000000178e+00
4.902800000000035119e-05,1.692453340975982456e+01,2.985373243102173557e+00,1.690063118849800716e+01,1.500016899728507269e+00,1.687221839814850100e+01,2.700000000000000178e+00
4.912800000000035362e-05,1.692453340975968246e+01,2.985373243101944851e+00,1.690063118849779755e+01,1.500016899728507269e+00,1.687221839814836244e+01,2.700000000000000178e+00
4.922800000000035605e-05,1.692453340975954390e+01,2.985373243101714813e+00,1.690063118849759860e+01,1.500016899743059184e+00,1.687221839814821678e+01,2.700000000000000178e+00
4.932800000000035849e-05,1.692453340975939469e+01,2.985373243101476337e+00,1.690063118849739965e+01,1.500016899750335142e+00,1.687221839814807467e+01,2.700000000000000178e+00
4.942800000000036092e-05,1.692453340975926324e+01,2.985373243101256069e+00,1.690063118849720070e+01,1.500016899735783227e+00,1.687221839814793611e+01,2.700000000000000178e+00
4.952800000000036335e-05,1.692453340975912113e+01,2.985373243101022922e+00,1.690063118849700174e+01,1.500016899743059184e+00,1.687221839814779401e+01,2.700000000000000178e+00
4.962800000000036578e-05,1.692453340975893994e+01,2.985373243100752028e+00,1.690063118849680279e+01,1.500016899757611100e+00,1.687221839814761282e+01,2.700000000000000178e+00
4.972800000000036821e-05,1.692453340975875875e+01,2.985373243100485574e+00,1.690063118849660739e+01,1.500016899743059184e+00,1.687221839814743518e+01,2.700000000000000178e+00
4.982800000000037064e-05,1.692453340975857401e+01,2.985373243100215568e+00,1.690063118849641555e+01,1.500016899757611100e+00,1.687221839814724333e+01,2.700000000000000178e+00
4.991400000000018652e-05,1.692453340975842124e+01,2.985373243099988194e+00,1.690063118849625923e+01,1.500016899772163015e+00,1.687221839814701951e+01,2.700000000000000178e+00
4.999999999999999562e-05,1.692453340975829335e+01,2.985373243099770146e+00,1.690063118849610291e+01,1.500016899764887057e+00,1.687221839814690938e+01,2.700000000000000178e+00
5.000009999999999584e-05,1.692453340975826492e+01,2.985373243099701757e+00,1.690063118849610291e+01,1.500016899793990888e+00,1.687221839812614022e+01,2.430000000001829807e+00
5.000029999999999628e-05,1.692453340975805531e+01,2.985373243099142204e+00,1.690063118849609936e+01,1.500016899764887057e+00,1.687221839797792100e+01,1.890000000005489067e+00
5.000065000000000043e-05,1.692453340975660936e+01,2.985373243095192919e+00,1.690063118849608870e+01,1.500016899677575566e+00,1.687221839695559922e+01,9.450000000027443114e-01
5.000100000000001137e-05,1.692453340975296072e+01,2.985373243085106765e+00,1.690063118849608514e+01,1.500016899415641092e+00,1.687221839438664261e+01,0.000000000000000000e+00
5.000107000000001626e-05,1.692453340975189491e+01,2.985373243082130923e+00,1.690063118849608870e+01,1.500016899357433431e+00,1.687221839363291309e+01,0.000000000000000000e+00
5.000121000000001928e-05,1.692453340974948617e+01,2.985373243075371441e+00,1.690063118849609225e+01,1.500016899211914279e+00,1.687221839192782724e+01,0.000000000000000000e+00
5.000149000000002531e-05,1.692453340974332932e+01,2.985373243058003556e+00,1.690063118849608870e+01,1.500016898819012567e+00,1.687221838762740234e+01,0.000000000000000000e+00
5.000205000000003738e-05,1.692453340972619458e+01,2.985373243008582644e+00,1.690063118849607804e+01,1.500016897785826586e+00,1.687221837583429718e+01,0.000000000000000000e+00
5.000317000000006152e-05,1.692453340967637843e+01,2.985373242858412546e+00,1.690063118849604606e+01,1.500016894613509066e+00,1.687221834267680620e+01,0.000000000000000000e+00
5.000541000000010980e-05,1.692453340953636598e+01,2.985373242400772398e+00,1.690063118849591461e+01,1.500016885853256099e+00,1.687221825567924327e+01,0.000000000000000000e+00
5.000989000000020636e-05,1.692453340918482496e+01,2.985373241095712338e+00,1.690063118849532486e+01,1.500016863938071765e+00,1.687221806593955975e+01,0.000000000000000000e+00
5.001885000000039948e-05,1.692453340843536225e+01,2.985373237812397385e+00,1.690063118849271717e+01,1.500016817226423882e+00,1.687221776211518431e+01,0.000000000000000000e+00
5.003039822292309580e-05,1.692453340753996471e+01,2.985373233225246281e+00,1.690063118848671309e+01,1.500016761609003879e+00,1.687221754324845335e+01,0.000000000000000000e+00
5.005006729363767294e-05,1.692453340627979230e+01,2.985373225666081876e+00,1.690063118847068679e+01,1.500016683916328475e+00,1.687221745373827986e+01,0.000000000000000000e+00
5.008048668517797947e-05,1.692453340489546676e+01,2.985373215128526159e+00,1.690063118843519518e+01,1.500016599806258455e+00,1.687221763711895761e+01,0.000000000000000000e+00
5.014132546825859254e-05,1.692453340362076730e+01,2.985373196939245410e+00,1.690063118834435230e+01,1.500016526508261450e+00,1.687221830112489585e+01,0.000000000000000000e+00
5.024132546825859497e-05,1.692453340427940489e+01,2.985373169935015891e+00,1.690063118819627519e+01,1.500016578684153501e+00,1.687221930721863217e+01,0.000000000000000000e+00
5.034132546825859740e-05,1.692453340705323583e+01,2.985373142428461080e+00,1.690063118810364173e+01,1.500016760204744060e+00,1.687221990156223583e+01,0.000000000000000000e+00
5.044132546825859983e-05,1.692453341111121645e+01,2.985373112023023356e+00,1.690063118810702392e+01,1.500017016493075062e+00,1.687222001270023952e+01,0.000000000000000000e+00
5.054132546825860226e-05,1.692453341607257045e+01,2.985373077207151837e+00,1.690063118823481503e+01,1.500017321959603578e+00,1.687221964105023275e+01,0.000000000000000000e+00
5.064132546825860469e-05,1.692453342186549747e+01,2.985373036416290926e+00,1.690063118850955348e+01,1.500017670747183729e+00,1.687221879632580723e+01,0.000000000000000000e+00
5.074132546825860712e-05,1.692453342864449084e+01,2.985372987246027510e+00,1.690063118895433192e+01,1.500018071244994644e+00,1.687221748548664735e+01,0.000000000000000000e+00
5.084132546825860955e-05,1.692453343682702638e+01,2.985372925691352819e+00,1.690063118959979960e+01,1.500018547980289441e+00,1.687221571735973313e+01,0.000000000000000000e+00
5.094132546825861198e-05,1.692453344752561861e+01,2.985372845899998406e+00,1.690063119049933249e+01,1.500019167819118593e+00,1.687221355868479478e+01,0.000000000000000000e+00
5.104132546825861441e-05,1.692453346535461023e+01,2.985372744726012773e+00,1.690063119179908568e+01,1.500020211424271110e+00,1.687221157886111556e+01,0.000000000000000000e+00
5.114132546825861684e-05,1.692453377935434844e+01,2.985373022741238280e+00,1.690063119908202083e+01,1.500039454411307815e+00,1.687227347865277238e+01,0.000000000000000000e+00
5.124132546825861927e-05,1.692453507063623164e+01,2.985374541358150058e+00,1.690063123232371112e+01,1.500118360985652544e+00,1.687246996006068045e+01,0.000000000000000000e+00
5.134132546825862170e-05,1.692453740779092541e+01,2.985377026368304154e+00,1.690063131705931099e+01,1.500259651547821704e+00,1.687258346788411245e+01,0.000000000000000000e+00
5.144132546825862413e-05,1.692454058081120749e+01,2.985379735088599329e+00,1.690063147625334139e+01,1.500448741302534472e+00,1.687242779613563570e+01,0.000000000000000000e+00
5.154132546825862657e-05,1.692454428264710131e+01,2.985381896019371428e+00,1.690063172588689611e+01,1.500665392020891886e+00,1.687186572096073789e+01,0.000000000000000000e+00
5.164132546825862900e-05,1.692454797092273466e+01,2.985382487674872021e+00,1.690063206923745653e+01,1.500875400750373956e+00,1.687072233743434779e+01,0.000000000000000000e+00
5.174132546825863143e-05,1.692455084117485242e+01,2.985380249011998721e+00,1.690063249035922155e+01,1.501029327919241041e+00,1.686883999872349094e+01,0.000000000000000000e+00
5.182047046295159095e-05,1.692455237597997098e+01,2.985376396359594064e+00,1.690063286320198443e+01,1.501102524016459938e+00,1.686692738449411166e+01,0.000000000000000000e+00
5.190903738021193631e-05,1.692455348492025990e+01,2.985370586944705362e+00,1.690063330432427335e+01,1.501144807662058156e+00,1.686454246049865446e+01,0.000000000000000000e+00
5.199986718732666212e-05,1.692455422303144275e+01,2.985363807314678652e+00,1.690063377009306578e+01,1.501162316038971767e+00,1.686196011951346918e+01,0.000000000000000000e+00
5.206603933265856220e-05,1.692455461734051880e+01,2.985358630273736047e+00,1.690063411362914181e+01,1.501165815163403749e+00,1.686002159995847194e+01,0.000000000000000000e+00
5.212336954834791857e-05,1.692455491099076781e+01,2.985354088556123386e+00,1.690063441230431707e+01,1.501165772475360427e+00,1.685830894531152069e+01,0.000000000000000000e+00
5.218252435480551623e-05,1.692455519283626586e+01,2.985349385288430746e+00,1.690063472057084937e+01,1.501164395995147061e+00,1.685650960238441343e+01,0.000000000000000000e+00
5.224753801278157950e-05,1.692455549113598678e+01,2.985344196007839734e+00,1.690063505897173712e+01,1.501162189655588008e+00,1.685448824928582567e+01,0.000000000000000000e+00
5.231399734195752718e-05,1.692455578963997453e+01,2.985338854374946838e+00,1.690063540423012967e+01,1.501159574538178276e+00,1.685236971965392172e+01,0.000000000000000000e+00
5.238516667089187140e-05,1.692455610513005837e+01,2.985333072008812927e+00,1.690063577307632414e+01,1.501156571081082802e+00,1.685003728969544667e+01,0.000000000000000000e+00
5.245503073908643874e-05,1.692455641195651239e+01,2.985327311607027134e+00,1.690063613420507949e+01,1.501153506549599115e+00,1.684767797007094359e+01,0.000000000000000000e+00
5.252958590548160702e-05,1.692455673693649132e+01,2.985321044522659228e+00,1.690063651849728288e+01,1.501150157317169942e+00,1.684507643657363118e+01,0.000000000000000000e+00
5.261528571650906966e-05,1.692455710780617295e+01,2.985313641617281633e+00,1.690063695881307737e+01,1.501146238952060230e+00,1.684196592723737851e+01,0.000000000000000000e+00
5.271528571650907209e-05,1.692455753725835521e+01,2.985304649857594583e+00,1.690063747064262145e+01,1.501141602224379312e+00,1.683814881370518179e+01,0.000000000000000000e+00
5.281528571650907452e-05,1.692455796342488128e+01,2.985295161631663419e+00,1.690063798033321518e+01,1.501136921368015464e+00,1.683409337874455503e+01,0.000000000000000000e+00
5.291528571650907695e-05,1.692455838660506728e+01,2.985285023564487883e+00,1.690063848786511969e+01,1.501132225057517644e+00,1.682974909631256466e+01,0.000000000000000000e+00
5.301528571650907938e-05,1.692455880717563943e+01,2.985274032754461793e+00,1.690063899323073926e+01,1.501127548835938796e+00,1.682504613740775312e+01,0.000000000000000000e+00
5.311528571650908181e-05,1.692455922563163639e+01,2.985261913347377671e+00,1.690063949643787922e+01,1.501122938891057856e+00,1.681988587990363015e+01,0.000000000000000000e+00
5.321528571650908424e-05,1.692455964264092216e+01,2.985248275068950186e+00,1.690063999751411217e+01,1.501118457381380722e+00,1.681412420261321827e+01,0.000000000000000000e+00
5.331528571650908667e-05,1.692456005914095130e+01,2.985232537857883006e+00,1.690064049651323330e+01,1.501114192476961762e+00,1.680754081341898143e+01,0.000000000000000000e+00
5.341528571650908911e-05,1.692456047653101692e+01,2.985213786394121271e+00,1.690064099352558458e+01,1.501110278019041289e+00,1.679977915949936218e+01,0.000000000000000000e+00
5.351528571650909154e-05,1.692456089713135725e+01,2.985190429216555419e+00,1.690064148869588223e+01,1.501106940289901104e+00,1.679019934523998003e+01,0.000000000000000000e+00
5.361528571650909397e-05,1.692456132512893419e+01,2.985159501192040654e+00,1.690064198225912406e+01,1.501104594637581613e+00,1.677758819176472116e+01,0.000000000000000000e+00
5.371528571650909640e-05,1.692456176865371376e+01,2.985115112363844414e+00,1.690064247461274860e+01,1.501104058588680346e+00,1.675949864476217499e+01,0.000000000000000000e+00
5.381528571650909883e-05,1.692456224176218527e+01,2.985046844392217569e+00,1.690064296647394215e+01,1.501106757110392209e+00,1.673174808643860345e+01,0.000000000000000000e+00
5.391528571650910126e-05,1.692456275525232456e+01,2.984946179423511925e+00,1.690064345915190458e+01,1.501113765923946630e+00,1.669207084852529022e+01,0.000000000000000000e+00
5.397394656513259059e-05,1.692456307449001685e+01,2.984872463915302365e+00,1.690064374914391720e+01,1.501119773514801636e+00,1.666423607104040983e+01,0.000000000000000000e+00
5.404882184465867399e-05,1.692456349570375806e+01,2.984766769907281514e+00,1.690064412123070525e+01,1.501128836192947347e+00,1.662575052524437780e+01,0.000000000000000000e+00
5.412910227943261378e-05,1.692456395750279796e+01,2.984644513892730000e+00,1.690064452330720002e+01,1.501139499043347314e+00,1.658240294491132616e+01,0.000000000000000000e+00
5.422910227943261621e-05,1.692456454020353007e+01,2.984485761396098447e+00,1.690064502934646384e+01,1.501153288052591961e+00,1.652692175879098002e+01,0.000000000000000000e+00
5.432910227943261864e-05,1.692456512780113087e+01,2.984323661308105891e+00,1.690064554147647158e+01,1.501167190945125185e+00,1.647062933022725062e+01,0.000000000000000000e+00
5.442910227943262107e-05,1.692456571914861030e+01,2.984160275878508628e+00,1.690064605981681467e+01,1.501181012055894826e+00,1.641398497270689205e+01,0.000000000000000000e+00
5.452910227943262350e-05,1.692456631400762390e+01,2.983996815858480200e+00,1.690064658438156187e+01,1.501194667282106820e+00,1.635723986028691712e+01,0.000000000000000000e+00
5.462910227943262593e-05,1.692456691224533216e+01,2.983834548091894412e+00,1.690064711514190421e+01,1.501208078676427249e+00,1.630054346943694554e+01,0.000000000000000000e+00
5.472910227943262836e-05,1.692456751330988141e+01,2.983676138821895307e+00,1.690064765206390618e+01,1.501221063430421054e+00,1.624401936671743130e+01,0.000000000000000000e+00
5.482910227943263079e-05,1.692456811542776052e+01,2.983528849973910546e+00,1.690064819514724448e+01,1.501233100767422002e+00,1.618785556479155474e+01,0.000000000000000000e+00
5.492910227943263322e-05,1.692456871379875238e+01,2.983412727930392361e+00,1.690064874449340238e+01,1.501242752856342122e+00,1.613247413394880425e+01,0.000000000000000000e+00
5.502910227943263565e-05,1.692456929747320160e+01,2.983378907551756942e+00,1.690064930040490765e+01,1.501246430525497999e+00,1.607883799185164975e+01,0.000000000000000000e+00
5.512910227943263808e-05,1.692456984853698998e+01,2.983538929993408306e+00,1.690064986333708674e+01,1.501236692667589523e+00,1.602872728428658533e+01,0.000000000000000000e+00
5.522910227943264052e-05,1.692457035586350855e+01,2.984085491929187928e+00,1.690065043314970339e+01,1.501201987193780951e+00,1.598431511404981720e+01,0.000000000000000000e+00
5.532910227943264295e-05,1.692457084956716429e+01,2.985272405959694453e+00,1.690065100738127413e+01,1.501130050630308688e+00,1.594683515410744690e+01,0.000000000000000000e+00
5.542910227943264538e-05,1.692457142916263990e+01,2.987360458170154498e+00,1.690065157972594534e+01,1.501012816988804843e+00,1.591585569431482661e+01,0.000000000000000000e+00
5.552910227943264781e-05,1.692457225426263889e+01,2.990572930471000479e+00,1.690065214013834805e+01,1.500848321535158902e+00,1.589001227735574240e+01,0.000000000000000000e+00
5.562910227943265024e-05,1.692457350759152490e+01,2.995081726582112580e+00,1.690065267626348700e+01,1.500639056386717129e+00,1.586796670501289341e+01,0.000000000000000000e+00
5.572910227943265267e-05,1.692457536015999864e+01,3.001013170472015545e+00,1.690065317495691133e+01,1.500389348941098433e+00,1.584873985205802427e+01,0.000000000000000000e+00
5.582910227943265510e-05,1.692457795329984194e+01,3.008458893555001623e+00,1.690065362321797338e+01,1.500103552105429117e+00,1.583166136550701175e+01,0.000000000000000000e+00
5.592910227943265753e-05,1.692458139536614325e+01,3.017485383249621123e+00,1.690065400855068489e+01,1.499785269494168460e+00,1.581626444782709129e+01,0.000000000000000000e+00
5.602910227943265996e-05,1.692458576600034093e+01,3.028141021927511112e+00,1.690065431899627413e+01,1.499437219812534750e+00,1.580221452546486560e+01,0.000000000000000000e+00
5.612910227943266239e-05,1.692459112260577569e+01,3.040461027173419151e+00,1.690065454303690018e+01,1.499061367838294245e+00,1.578926578162056416e+01,0.000000000000000000e+00
5.622910227943266482e-05,1.692459750639154947e+01,3.054470887439939997e+00,1.690065466947675432e+01,1.498659115706686862e+00,1.577723350621745091e+01,0.000000000000000000e+00
5.632910227943266725e-05,1.692460494712108598e+01,3.070188767088797288e+00,1.690065468734155019e+01,1.498231470206519589e+00,1.576597596173781213e+01,0.000000000000000000e+00
5.642910227943266968e-05,1.692461346655013443e+01,3.087627214390292085e+00,1.690065458580498614e+01,1.497779166114924010e+00,1.575538228375459937e+01,0.000000000000000000e+00
5.652910227943267211e-05,1.692462308082549072e+01,3.106794396571320060e+00,1.690065435413814399e+01,1.497302749237860553e+00,1.574536425531171524e+01,0.000000000000000000e+00
5.662910227943267454e-05,1.692463380214302049e+01,3.127695010008073595e+00,1.690065398167521948e+01,1.496802631125319749e+00,1.573585059698715938e+01,0.000000000000000000e+00
5.672910227943267698e-05,1.692464563990507287e+01,3.150330963542515406e+00,1.690065345778973693e+01,1.496279123843123671e+00,1.572678292146762757e+01,0.000000000000000000e+00
5.682910227943267941e-05,1.692465860154462831e+01,3.174701900439905966e+00,1.690065277187727588e+01,1.495732463168678805e+00,1.571811281234546698e+01,0.000000000000000000e+00
5.692910227943268184e-05,1.692467269312777134e+01,3.200805603478001249e+00,1.690065191334199568e+01,1.495162823746795766e+00,1.570979967734096228e+01,0.000000000000000000e+00
5.702910227943268427e-05,1.692468790911998866e+01,3.228635123885660985e+00,1.690065087215177897e+01,1.494572691277426202e+00,1.570169715781190334e+01,0.000000000000000000e+00
5.712910227943268670e-05,1.692470426356723578e+01,3.258187703336338448e+00,1.690064963728302416e+01,1.493957283062627539e+00,1.569400481371979694e+01,0.000000000000000000e+00
5.722910227943268913e-05,1.692472176296707076e+01,3.289458191218686878e+00,1.690064819800127793e+01,1.493319229011831339e+00,1.568658798049212066e+01,0.000000000000000000e+00
5.732910227943269156e-05,1.692474041165602117e+01,3.322439772965064542e+00,1.690064654363066410e+01,1.492658538125397172e+00,1.567941375521323621e+01,0.000000000000000000e+00
5.742910227943269399e-05,1.692476021352988980e+01,3.357124663555019151e+00,1.690064466348092154e+01,1.491975162702146918e+00,1.567246491118562091e+01,0.000000000000000000e+00
5.752910227943269642e-05,1.692478117272345628e+01,3.393504366663369076e+00,1.690064254681672651e+01,1.491269029625982512e+00,1.566572510418567177e+01,0.000000000000000000e+00
5.762910227943269885e-05,1.692480329384456184e+01,3.431569807952334461e+00,1.690064018284400049e+01,1.490540047241665889e+00,1.565917955996175692e+01,0.000000000000000000e+00
5.772910227943270128e-05,1.692482658205386770e+01,3.471311427988006404e+00,1.690063756070172118e+01,1.489788104358012788e+00,1.565281514372363425e+01,0.000000000000000000e+00
5.782910227943270371e-05,1.692485104310901889e+01,3.512719254627750587e+00,1.690063466945453996e+01,1.489013068101485260e+00,1.564662012250429157e+01,0.000000000000000000e+00
5.792910227943270614e-05,1.692487668340884355e+01,3.555782962563893257e+00,1.690063149808495879e+01,1.488214782388240565e+00,1.564058396324717037e+01,0.000000000000000000e+00
5.802910227943270857e-05,1.692490351004191140e+01,3.600491923751788725e+00,1.690062803548484283e+01,1.487393067000084557e+00,1.563469717069449771e+01,0.000000000000000000e+00
5.812910227943271101e-05,1.692493153083761825e+01,3.646835250761269798e+00,1.690062427044637161e+01,1.486547717169742100e+00,1.562895115225181719e+01,0.000000000000000000e+00
5.822910227943271344e-05,1.692496075441711412e+01,3.694801834362932969e+00,1.690062019165260665e+01,1.485678503275266849e+00,1.562333810421297997e+01,0.000000000000000000e+00
5.832910227943271587e-05,1.692499119024283516e+01,3.744380376305547209e+00,1.690061578766765038e+01,1.484785170563554857e+00,1.561785091547907101e+01,0.000000000000000000e+00
5.842910227943271830e-05,1.692502284866600348e+01,3.795559418030631349e+00,1.690061104692647476e+01,1.483867438757442869e+00,1.561248308565184750e+01,0.000000000000000000e+00
5.852910227943272073e-05,1.692505574097294385e+01,3.848327365927306509e+00,1.690060595772442653e+01,1.482925001691910438e+00,1.560722865500193990e+01,0.000000000000000000e+00
5.862910227943272316e-05,1.692508987943007526e+01,3.902672513622215789e+00,1.690060050820635240e+01,1.481957526746555232e+00,1.560208214430206120e+01,0.000000000000000000e+00
5.872910227943272559e-05,1.692512527732873906e+01,3.958583061716722362e+00,1.690059468635536177e+01,1.480964654263516422e+00,1.559703850290485505e+01,0.000000000000000000e+00
5.882910227943272802e-05,1.692516194902960436e+01,4.016047135314980920e+00,1.690058847998118807e+01,1.479945996892638505e+00,1.559209306374179249e+01,0.000000000000000000e+00
5.892910227943273045e-05,1.692519991000792956e+01,4.075052799633700928e+00,1.690058187670814505e+01,1.478901138754736166e+00,1.558724150416754917e+01,0.000000000000000000e+00
5.902910227943273288e-05,1.692523917689960911e+01,4.135588073938577303e+00,1.690057486396261055e+01,1.477829634604859166e+00,1.558247981175767904e+01,0.000000000000000000e+00
5.912910227943273531e-05,1.692527976754850272e+01,4.197640944016036713e+00,1.690056742896004138e+01,1.476731008922797628e+00,1.557780425432677163e+01,0.000000000000000000e+00
5.922910227943273774e-05,1.692532170105528877e+01,4.261199373358556031e+00,1.690055955869149429e+01,1.475604754879896063e+00,1.557321135355660147e+01,0.000000000000000000e+00
5.932910227943274017e-05,1.692536499782837467e+01,4.326251313216503469e+00,1.690055123990957853e+01,1.474450333167624194e+00,1.556869786172410031e+01,0.000000000000000000e+00
5.942910227943274260e-05,1.692540967963706322e+01,4.392784711648109131e+00,1.690054245911390041e+01,1.473267170942563098e+00,1.556426074110228086e+01,0.000000000000000000e+00
5.952910227943274504e-05,1.692545576966722365e+01,4.460787521681238488e+00,1.690053320253581148e+01,1.472054660349385813e+00,1.555989714567152049e+01,0.000000000000000000e+00
5.962910227943274747e-05,1.692550329257985453e+01,4.530247708685831931e+00,1.690052345612257767e+01,1.470812157254840713e+00,1.555560440484162932e+01,0.000000000000000000e+00
5.972910227943274990e-05,1.692555227457295430e+01,4.601153257043054445e+00,1.690051320552082714e+01,1.469538979770732112e+00,1.555138000892090311e+01,0.000000000000000000e+00
5.982910227943275233e-05,1.692560274344667093e+01,4.673492176185939151e+00,1.690050243605929481e+01,1.468234406536794268e+00,1.554722159611534771e+01,0.000000000000000000e+00
5.992910227943275476e-05,1.692565472867234888e+01,4.747252506077578538e+00,1.690049113273074965e+01,1.466897675098152831e+00,1.554312694086695501e+01,0.000000000000000000e+00
6.002910227943275719e-05,1.692570826146587137e+01,4.822422322184941379e+00,1.690047928017308720e+01,1.465527980028127786e+00,1.553909394337329175e+01,0.000000000000000000e+00
6.012910227943275962e-05,1.692576337486513793e+01,4.898989739998643955e+00,1.690046686264958709e+01,1.464124471000104677e+00,1.553512062014433148e+01,0.000000000000000000e+00
6.022910227943276205e-05,1.692582010381263657e+01,4.976942919144593525e+00,1.690045386402817584e+01,1.462686250612023287e+00,1.553120509548025652e+01,0.000000000000000000e+00
6.032910227943276448e-05,1.692587848524332728e+01,5.056270067127272227e+00,1.690044026775967367e+01,1.461212372167210560e+00,1.552734559376534840e+01,0.000000000000000000e+00
6.042910227943276691e-05,1.692593855817784387e+01,5.136959442739900794e+00,1.690042605685500021e+01,1.459701837251486722e+00,1.552354043248482540e+01,0.000000000000000000e+00
6.052910227943276934e-05,1.692600036382235729e+01,5.218999359174182118e+00,1.690041121386117595e+01,1.458153593091992661e+00,1.551978801589167034e+01,0.000000000000000000e+00
6.062910227943277177e-05,1.692606394567429717e+01,5.302378186856743447e+00,1.690039572083614416e+01,1.456566529908741359e+00,1.551608682924862848e+01,0.000000000000000000e+00
6.072910227943277420e-05,1.692612934963561955e+01,5.387084356038962518e+00,1.690037955932224634e+01,1.454939477829611860e+00,1.551243543358831189e+01,0.000000000000000000e+00
6.082910227943277663e-05,1.692619662413369852e+01,5.473106359162667189e+00,1.690036271031828008e+01,1.453271203754411545e+00,1.550883246094020862e+01,0.000000000000000000e+00
6.092910227943277906e-05,1.692626582025022586e+01,5.560432753022128693e+00,1.690034515425006845e+01,1.451560407920624129e+00,1.550527660997486024e+01,0.000000000000000000e+00
6.102910227943278150e-05,1.692633699185900653e+01,5.649052160741340423e+00,1.690032687093939856e+01,1.449805720294534694e+00,1.550176664202569654e+01,0.000000000000000000e+00
6.112910227943278393e-05,1.692641019577339989e+01,5.738953273583591752e+00,1.690030783957123361e+01,1.448005696569452994e+00,1.549830137745293612e+01,0.000000000000000000e+00
6.122910227943278636e-05,1.692648549190404950e+01,5.830124852608551400e+00,1.690028803865908458e+01,1.446158814120281022e+00,1.549487969231614137e+01,0.000000000000000000e+00
6.132910227943278879e-05,1.692656294342772227e+01,5.922555730190993906e+00,1.690026744600834974e+01,1.444263467281416524e+00,1.549150051532699379e+01,0.000000000000000000e+00
6.142910227943279122e-05,1.692664261696829797e+01,6.016234811413984751e+00,1.690024603867755459e+01,1.442317962581000756e+00,1.548816282505386432e+01,0.000000000000000000e+00
6.152910227943279365e-05,1.692672458279039205e+01,6.111151075347657446e+00,1.690022379293729315e+01,1.440320513655024115e+00,1.548486564735419435e+01,0.000000000000000000e+00
6.162910227943279608e-05,1.692680891500757312e+01,6.207293576224901521e+00,1.690020068422667165e+01,1.438269235390180256e+00,1.548160805300739895e+01,0.000000000000000000e+00
6.172910227943279851e-05,1.692689569180546627e+01,6.304651444522242798e+00,1.690017668710710552e+01,1.436162138059444260e+00,1.547838915551569983e+01,0.000000000000000000e+00
6.182910227943280094e-05,1.692698499568151504e+01,6.403213887953853600e+00,1.690015177521330969e+01,1.433997120824642479e+00,1.547520810902996402e+01,0.000000000000000000e+00
6.192910227943280337e-05,1.692707744396419400e+01,6.502461316150186299e+00,1.690012589638833163e+01,1.431768618545902427e+00,1.545412342623950863e+01,0.000000000000000000e+00
6.202910227943280580e-05,1.692717266550925714e+01,6.601711714016122556e+00,1.690009904510673877e+01,1.429657798733387608e+00,1.541532601840261840e+01,0.000000000000000000e+00
6.212910227943280823e-05,1.692727012146094978e+01,6.700580203439078453e+00,1.690007122558578345e+01,1.427591294435842428e+00,1.537107338535054346e+01,0.000000000000000000e+00
6.222833343524728238e-05,1.692736851593626568e+01,6.798116171598783453e+00,1.690004267002176519e+01,1.425570513209095225e+00,1.532478537578309741e+01,0.000000000000000000e+00
6.232833343524728481e-05,1.692746896625167352e+01,6.895724290198802287e+00,1.690001294119935338e+01,1.423549768238444813e+00,1.527673032737059700e+01,0.000000000000000000e+00
6.242833343524728724e-05,1.692757043823509377e+01,6.992585418396165764e+00,1.689998225881263849e+01,1.421534141831216402e+00,1.522779187812218282e+01,0.000000000000000000e+00
6.252833343524728967e-05,1.692767238145247788e+01,7.088671863508993809e+00,1.689995064157312754e+01,1.419579086177691352e+00,1.517860502399802769e+01,0.000000000000000000e+00
6.262833343524729210e-05,1.692777510632257432e+01,7.183952141847536943e+00,1.689991806864444612e+01,1.417538113244518172e+00,1.512861237868814257e+01,0.000000000000000000e+00
6.272833343524729453e-05,1.692787862936420140e+01,7.278410846394817391e+00,1.689988453222164821e+01,1.415495063192793168e+00,1.507844004797254200e+01,0.000000000000000000e+00
6.282833343524729696e-05,1.692798289105405019e+01,7.372039133439917791e+00,1.689985002820277060e+01,1.413447634760814253e+00,1.502812818915583293e+01,0.000000000000000000e+00
6.292833343524729939e-05,1.692808783179292220e+01,7.464832225392674658e+00,1.689981455292374690e+01,1.411392909423739184e+00,1.497774108769085544e+01,0.000000000000000000e+00
6.302833343524730182e-05,1.692819341011665557e+01,7.556788049056716972e+00,1.689977810228570121e+01,1.409328762187215034e+00,1.492732512751430640e+01,0.000000000000000000e+00
6.312833343524730425e-05,1.692829960168305803e+01,7.647906458790126649e+00,1.689974067168376592e+01,1.407253843026410323e+00,1.487691591181534179e+01,0.000000000000000000e+00
6.322833343524730668e-05,1.692840639410761128e+01,7.738188742355755600e+00,1.689970225613137700e+01,1.405167326753144152e+00,1.482654118319688230e+01,0.000000000000000000e+00
6.332833343524730911e-05,1.692851378242114180e+01,7.827637283024044379e+00,1.689966285038580907e+01,1.403068692561646458e+00,1.477622287498675746e+01,0.000000000000000000e+00
6.342833343524731154e-05,1.692862176604606717e+01,7.916255317045508555e+00,1.689962244903266964e+01,1.400957580357498955e+00,1.472597854504442516e+01,0.000000000000000000e+00
6.352833343524731397e-05,1.692873034701934287e+01,8.004046753685008397e+00,1.689958104653362980e+01,1.398833709958125837e+00,1.467582240089216761e+01,0.000000000000000000e+00
6.362833343524731641e-05,1.692883952901365419e+01,8.091016038403134658e+00,1.689953863725038730e+01,1.396696839670767076e+00,1.462576604702226390e+01,0.000000000000000000e+00
6.372833343524731884e-05,1.692894931680997317e+01,8.177168046868548146e+00,1.689949521545534949e+01,1.394546745956176892e+00,1.457581903905636800e+01,0.000000000000000000e+00
6.382833343524732127e-05,1.692905971600760040e+01,8.262508001592673068e+00,1.689945077533569062e+01,1.392383214333676733e+00,1.452598930098730357e+01,0.000000000000000000e+00
6.392833343524732370e-05,1.692917073285402907e+01,8.347041405513754952e+00,1.689940531099428256e+01,1.390206034935545176e+00,1.447628344366863473e+01,0.000000000000000000e+00
6.402833343524732613e-05,1.692928237413561732e+01,8.430773988500579463e+00,1.689935881644929339e+01,1.388015000360610429e+00,1.442670701096262142e+01,0.000000000000000000e+00
6.412833343524732856e-05,1.692939464709979802e+01,8.513711663847207234e+00,1.689931128563326368e+01,1.385809904568304773e+00,1.437726467214272574e+01,0.000000000000000000e+00
6.422833343524733099e-05,1.692950755939597940e+01,8.595860492592409585e+00,1.689926271239198741e+01,1.383590542092861142e+00,1.432796037384979115e+01,0.000000000000000000e+00
6.432833343524733342e-05,1.692962111902805589e+01,8.677226654033988851e+00,1.689921309048332176e+01,1.381356707490340341e+00,1.427879746124978055e+01,0.000000000000000000e+00
6.442833343524733585e-05,1.692973533431612054e+01,8.757816421197320622e+00,1.689916241357598636e+01,1.379108194945729338e+00,1.422977877548521519e+01,0.000000000000000000e+00
6.452833343524733828e-05,1.692985021386446931e+01,8.837636140299675702e+00,1.689911067524835886e+01,1.376844797938247211e+00,1.418090673269379920e+01,0.000000000000000000e+00
6.462833343524734071e-05,1.692996576653532159e+01,8.916692213464729733e+00,1.689905786898729190e+01,1.374566308884823229e+00,1.413218338856329304e+01,0.000000000000000000e+00
6.472833343524734314e-05,1.693008200142701014e+01,8.994991084099755341e+00,1.689900398818691230e+01,1.372272518972749822e+00,1.408361049143846344e+01,0.000000000000000000e+00
6.482833343524734557e-05,1.693019892785558511e+01,9.072539224469094776e+00,1.689894902614744154e+01,1.369963217992335558e+00,1.403518952629380223e+01,0.000000000000000000e+00
6.492833343524734800e-05,1.693031655533960134e+01,9.149343125091338180e+00,1.689889297607403762e+01,1.367638194162282161e+00,1.398692175136471860e+01,0.000000000000000000e+00
6.502833343524735043e-05,1.693043489358745646e+01,9.225409285659331715e+00,1.689883583107561549e+01,1.365297233998717275e+00,1.393880822883624049e+01,0.000000000000000000e+00
6.512833343524735287e-05,1.693055395248639172e+01,9.300744207238611949e+00,1.689877758416372089e+01,1.362940122235158924e+00,1.389084985068979350e+01,0.000000000000000000e+00
6.522833343524735530e-05,1.693067374209366704e+01,9.375354385545586311e+00,1.689871822825135084e+01,1.360566641706100199e+00,1.384304736058181007e+01,0.000000000000000000e+00
6.532833343524735773e-05,1.693079427262901149e+01,9.449246305141034696e+00,1.689865775615183097e+01,1.358176573303353507e+00,1.379540137245031062e+01,0.000000000000000000e+00
6.542833343524736016e-05,1.693091555446810048e+01,9.522426434403351792e+00,1.689859616057768221e+01,1.355769695954222698e+00,1.374791238640908375e+01,0.000000000000000000e+00
6.552833343524736259e-05,1.693103759813723741e+01,9.594901221169369165e+00,1.689853343413949815e+01,1.353345786475983914e+00,1.370058080238230502e+01,0.000000000000000000e+00
6.562833343524736502e-05,1.693116041430889140e+01,9.666677088948377516e+00,1.689846956934479749e+01,1.350904619546781760e+00,1.365340693184733034e+01,0.000000000000000000e+00
6.572833343524736745e-05,1.693128401379801318e+01,9.737760433630562318e+00,1.689840455859691914e+01,1.348445967734733131e+00,1.360639100798620227e+01,0.000000000000000000e+00
6.582833343524736988e-05,1.693140840755876297e+01,9.808157620622953488e+00,1.689833839419387829e+01,1.345969601366959978e+00,1.355953319449288585e+01,0.000000000000000000e+00
6.592833343524737231e-05,1.693153360668197749e+01,9.877874982356965816e+00,1.689827106832725789e+01,1.343475288587796967e+00,1.351283359324038535e+01,0.000000000000000000e+00
6.602833343524737474e-05,1.693165962239313416e+01,9.946918816119401541e+00,1.689820257308108609e+01,1.340962795227824245e+00,1.346629225097720806e+01,0.000000000000000000e+00
6.612833343524737717e-05,1.693178646605070270e+01,1.001529538216601090e+01,1.689813290043068150e+01,1.338431884745659772e+00,1.341990916519365662e+01,0.000000000000000000e+00
6.622833343524737960e-05,1.693191414914472404e+01,1.008301090208239970e+01,1.689806204224154840e+01,1.335882318424410187e+00,1.337368428927626063e+01,0.000000000000000000e+00
6.632833343524738203e-05,1.693204268329592921e+01,1.015007155736259392e+01,1.689798999026820425e+01,1.333313854971493129e+00,1.332761753704946983e+01,0.000000000000000000e+00
6.642833343524738446e-05,1.693217208025489739e+01,1.021648348817869589e+01,1.689791673615307843e+01,1.330726250860607252e+00,1.328170878678823996e+01,0.000000000000000000e+00
6.652833343524738690e-05,1.693230235190166866e+01,1.028225279231971179e+01,1.689784227142531137e+01,1.328119259975210298e+00,1.323595788477214619e+01,0.000000000000000000e+00
6.662833343524738933e-05,1.693243351024551657e+01,1.034738552427969616e+01,1.689776658749964966e+01,1.325492633885005489e+00,1.319036464844140255e+01,0.000000000000000000e+00
6.672833343524739176e-05,1.693256556742494823e+01,1.041188769447832563e+01,1.689768967567522395e+01,1.322846121489419602e+00,1.314492886920587722e+01,0.000000000000000000e+00
6.682833343524739419e-05,1.693269853570772909e+01,1.047576526859893065e+01,1.689761152713440850e+01,1.320179469264985528e+00,1.309965031495067578e+01,0.000000000000000000e+00
6.692833343524739662e-05,1.693283242749126316e+01,1.053902416703128608e+01,1.689753213294161682e+01,1.317492421068891417e+00,1.305452873227644872e+01,0.000000000000000000e+00
6.702833343524739905e-05,1.693296725530305835e+01,1.060167026440755400e+01,1.689745148404212216e+01,1.314784718197188340e+00,1.300956384850633007e+01,0.000000000000000000e+00
6.712833343524740148e-05,1.693310303180123100e+01,1.066370938922134215e+01,1.689736957126083539e+01,1.312056099239271134e+00,1.296475537348755225e+01,0.000000000000000000e+00
6.722833343524740391e-05,1.693323976977532297e+01,1.072514732352128775e+01,1.689728638530107929e+01,1.309306300208845641e+00,1.292010300121188315e+01,0.000000000000000000e+00
6.732833343524740634e-05,1.693337748214700156e+01,1.078598980267098462e+01,1.689720191674337713e+01,1.306535054354753811e+00,1.287560641127568850e+01,0.000000000000000000e+00
6.742833343524740877e-05,1.693351618197111463e+01,1.084624251516877891e+01,1.689711615604418427e+01,1.303742092168249656e+00,1.283126527019824792e+01,0.000000000000000000e+00
6.752833343524741120e-05,1.693365588243663566e+01,1.090591110252086615e+01,1.689702909353465188e+01,1.300927141448482871e+00,1.278707923261357848e+01,0.000000000000000000e+00
6.762833343524741363e-05,1.693379659686774730e+01,1.096500115916248852e+01,1.689694071941932663e+01,1.298089927055116277e+00,1.274304794235009552e+01,0.000000000000000000e+00
6.772833343524741606e-05,1.693393833872499954e+01,1.102351823242230999e+01,1.689685102377489301e+01,1.295230171155708376e+00,1.269917103341013487e+01,0.000000000000000000e+00
6.782833343524741849e-05,1.693408112160680190e+01,1.108146782252587492e+01,1.689675999654884819e+01,1.292347592927399091e+00,1.265544813086021314e+01,0.000000000000000000e+00
6.792833343524742093e-05,1.693422495925063842e+01,1.113885538263372332e+01,1.689666762755820173e+01,1.289441908629669342e+00,1.261187885164094702e+01,0.000000000000000000e+00
6.802833343524742336e-05,1.693436986553433599e+01,1.119568631891091570e+01,1.689657390648811841e+01,1.286512831611617003e+00,1.256846280530504600e+01,0.000000000000000000e+00
6.812833343524742579e-05,1.693451585447783714e+01,1.125196599062543790e+01,1.689647882289059311e+01,1.283560072195541579e+00,1.252519959469139010e+01,0.000000000000000000e+00
6.822833343524742822e-05,1.693466294024456431e+01,1.130769971027168808e+01,1.689638236618306166e+01,1.280583337633288465e+00,1.248208881654043623e+01,0.000000000000000000e+00
6.832833343524743065e-05,1.693481113714315356e+01,1.136289274371729974e+01,1.689628452564703665e+01,1.277582332157180645e+00,1.243913006205784910e+01,0.000000000000000000e+00
6.842833343524743308e-05,1.693496045962903906e+01,1.141755031037056689e+01,1.689618529042668982e+01,1.274556756812671665e+00,1.239632291743055248e+01,0.000000000000000000e+00
6.852833343524743551e-05,1.693511092230625792e+01,1.147167758336674837e+01,1.689608464952743461e+01,1.271506309523829259e+00,1.235366696430045153e+01,0.000000000000000000e+00
6.862833343524743794e-05,1.693526253992920871e+01,1.152527968977117823e+01,1.689598259181448014e+01,1.268430684955092147e+00,1.231116178019928853e+01,0.000000000000000000e+00
6.872833343524744037e-05,1.693541532740453448e+01,1.157836171079761201e+01,1.689587910601139242e+01,1.265329574591305573e+00,1.226880693894873353e+01,0.000000000000000000e+00
6.882833343524744280e-05,1.693556929979298431e+01,1.163092868204020824e+01,1.689577418069859505e+01,1.262202666555822361e+00,1.222660201102844546e+01,0.000000000000000000e+00
6.892833343524744523e-05,1.693572447231142419e+01,1.168298559371790724e+01,1.689566780431187709e+01,1.259049645617778879e+00,1.218454656391556412e+01,0.000000000000000000e+00
6.902833343524744766e-05,1.693588086033483009e+01,1.173453739092980008e+01,1.689555996514087965e+01,1.255870193221198861e+00,1.214264016239767585e+01,0.000000000000000000e+00
6.912833343524745009e-05,1.693603847939837337e+01,1.178558897392047022e+01,1.689545065132754686e+01,1.252663987317646388e+00,1.210088236886194757e+01,0.000000000000000000e+00
6.922833343524745252e-05,1.693619734519950981e+01,1.183614519835414391e+01,1.689533985086456269e+01,1.249430702373501845e+00,1.205927274356234236e+01,0.000000000000000000e+00
6.932833343524745495e-05,1.693635747360021426e+01,1.188621087559691603e+01,1.689522755159377709e+01,1.246170009340858087e+00,1.201781084486701801e+01,0.000000000000000000e+00
6.942833343524745739e-05,1.693651888062896660e+01,1.193579077300575442e+01,1.689511374120459664e+01,1.242881575548381079e+00,1.197649622948710579e+01,0.000000000000000000e+00
6.952833343524745982e-05,1.693668158248338429e+01,1.198488961422438059e+01,1.689499840723234314e+01,1.239565064737689681e+00,1.193532845268941323e+01,0.000000000000000000e+00
6.962833343524746225e-05,1.693684559553234692e+01,1.203351207948419344e+01,1.689488153705662654e+01,1.236220136896008626e+00,1.189430706849321595e+01,0.000000000000000000e+00
6.972833343524746468e-05,1.693701093631837651e+01,1.208166280591034791e+01,1.689476311789965024e+01,1.232846448321652133e+00,1.185343162985325449e+01,0.000000000000000000e+00
6.982833343524746711e-05,1.693717762156007112e+01,1.212934638783214680e+01,1.689464313682450580e+01,1.229443651463952847e+00,1.181270168882975113e+01,0.000000000000000000e+00
6.992833343524746954e-05,1.693734566815464504e+01,1.217656737709727999e+01,1.689452158073346766e+01,1.226011394966917578e+00,1.177211679674668687e+01,0.000000000000000000e+00
7.002833343524747197e-05,1.693751509318032333e+01,1.222333028338917593e+01,1.689439843636623095e+01,1.222549323516432196e+00,1.173167650433892284e+01,0.000000000000000000e+00
7.012833343524747440e-05,1.693768591389916622e+01,1.226963957454750087e+01,1.689427369029813164e+01,1.219057077869365457e+00,1.169138036188964591e+01,0.000000000000000000e+00
7.022833343524747683e-05,1.693785814775948140e+01,1.231549967689066349e+01,1.689414732893836302e+01,1.215534294737153687e+00,1.165122791935804081e+01,0.000000000000000000e+00
7.032833343524747926e-05,1.693803181239860578e+01,1.236091497554063068e+01,1.689401933852812476e+01,1.211980606727593113e+00,1.161121872649879805e+01,0.000000000000000000e+00
7.042833343524748169e-05,1.693820692564568375e+01,1.240588981474932950e+01,1.689388970513878618e+01,1.208395642359391786e+00,1.157135233297355192e+01,0.000000000000000000e+00
7.052833343524748412e-05,1.693838350552440275e+01,1.245042849822633002e+01,1.689375841466997485e+01,1.204779025843890850e+00,1.153162828845500698e+01,0.000000000000000000e+00
7.062833343524748655e-05,1.693856157025593845e+01,1.249453528946768621e+01,1.689362545284770789e+01,1.201130377252411563e+00,1.149204614272442804e+01,0.000000000000000000e+00
7.072833343524748898e-05,1.693874113826177918e+01,1.253821441208538978e+01,1.689349080522240598e+01,1.197449312196113169e+00,1.145260544576261097e+01,0.000000000000000000e+00
7.082833343524749142e-05,1.693892222816679904e+01,1.258147005013752029e+01,1.689335445716694295e+01,1.193735441949684173e+00,1.141330574783539475e+01,0.000000000000000000e+00
7.092833343524749385e-05,1.693910485880220307e+01,1.262430634845848587e+01,1.689321639387465268e+01,1.189988373305823188e+00,1.137414659957351404e+01,0.000000000000000000e+00
7.102833343524749628e-05,1.693928904920863587e+01,1.266672741298945759e+01,1.689307660035728986e+01,1.186207708538859151e+00,1.133512755204752054e+01,0.000000000000000000e+00
7.112833343524749871e-05,1.693947481863945370e+01,1.270873731110875404e+01,1.689293506144297297e+01,1.182393045273784082e+00,1.129624815683832217e+01,0.000000000000000000e+00
7.122833343524750114e-05,1.693966218656376199e+01,1.275034007196164865e+01,1.689279176177407038e+01,1.178543976486253086e+00,1.125750796610296334e+01,0.000000000000000000e+00
7.132833343524750357e-05,1.693985117266979756e+01,1.279153968678995668e+01,1.689264668580510076e+01,1.174660090422548819e+00,1.121890653263676185e+01,0.000000000000000000e+00
7.142833343524750600e-05,1.694004179686829303e+01,1.283234010926094548e+01,1.689249981780055521e+01,1.170740970468614250e+00,1.118044340993164809e+01,0.000000000000000000e+00
7.152833343524750843e-05,1.694023407929584479e+01,1.287274525579541340e+01,1.689235114183272302e+01,1.166786195157328621e+00,1.114211815223093360e+01,0.000000000000000000e+00
7.162833343524751086e-05,1.694042804031838401e+01,1.291275900589491243e+01,1.689220064177943570e+01,1.162795338015712332e+00,1.110393031458089119e+01,0.000000000000000000e+00
7.172833343524751329e-05,1.694062370053469024e+01,1.295238520246792113e+01,1.689204830132183233e+01,1.158767967513995245e+00,1.106587945287935959e+01,0.000000000000000000e+00
7.182833343524751572e-05,1.694082108078017512e+01,1.299162765215512216e+01,1.689189410394204671e+01,1.154703647036512848e+00,1.102796512392164452e+01,0.000000000000000000e+00
7.192833343524751815e-05,1.694102020213037108e+01,1.303049012565310605e+01,1.689173803292086973e+01,1.150601934707083274e+00,1.099018688544350120e+01,0.000000000000000000e+00
7.202833343524752058e-05,1.694122108590480735e+01,1.306897635803704993e+01,1.689158007133539030e+01,1.146462383396283258e+00,1.095254429616200120e+01,0.000000000000000000e+00
7.212833343524752301e-05,1.694142375367071551e+01,1.310709004908179942e+01,1.689142020205656536e+01,1.142284540583204944e+00,1.091503691581380586e+01,0.000000000000000000e+00
7.222833343524752544e-05,1.694162822724707951e+01,1.314483486358174424e+01,1.689125840774679332e+01,1.138067948253592476e+00,1.087766430519164018e+01,0.000000000000000000e+00
7.232833343524752788e-05,1.694183452870866446e+01,1.318221443166905438e+01,1.689109467085742011e+01,1.133812142921669874e+00,1.084042602617864937e+01,0.000000000000000000e+00
7.242833343524753031e-05,1.694204268038987493e+01,1.321923234913008471e+01,1.689092897362619894e+01,1.129516655382758472e+00,1.080332164178063969e+01,0.000000000000000000e+00
7.252833343524753274e-05,1.694225270488904656e+01,1.325589217772046879e+01,1.689076129807473592e+01,1.125181010742380749e+00,1.076635071615696226e+01,0.000000000000000000e+00
7.262833343524753517e-05,1.694246462507259565e+01,1.329219744547828874e+01,1.689059162600586461e+01,1.120804728270741180e+00,1.072951281464948892e+01,0.000000000000000000e+00
7.272833343524753760e-05,1.694267846407952050e+01,1.332815164703577082e+01,1.689041993900101701e+01,1.116387321322690696e+00,1.069280750381038736e+01,0.000000000000000000e+00
7.282833343524754003e-05,1.694289424532554733e+01,1.336375824392872147e+01,1.689024621841748797e+01,1.111928297243139241e+00,1.065623435142802933e+01,0.000000000000000000e+00
7.292833343524754246e-05,1.694311199250779154e+01,1.339902066490458665e+01,1.689007044538573155e+01,1.107427157279744279e+00,1.061979292655193241e+01,0.000000000000000000e+00
7.302833343524754489e-05,1.694333172960925182e+01,1.343394230622837071e+01,1.688989260080654731e+01,1.102883396415563766e+00,1.058348279951627546e+01,0.000000000000000000e+00
7.312833343524754732e-05,1.694355348090356017e+01,1.346852653198682503e+01,1.688971266534825943e+01,1.098296503347228281e+00,1.054730354196232689e+01,0.000000000000000000e+00
7.322833343524754975e-05,1.694377727095968922e+01,1.350277667439057616e+01,1.688953061944384260e+01,1.093665960383077618e+00,1.051125472685973250e+01,0.000000000000000000e+00
7.332833343524755218e-05,1.694400312464683367e+01,1.353669603407439403e+01,1.688934644328796963e+01,1.088991243283089716e+00,1.047533592852680684e+01,0.000000000000000000e+00
7.342833343524755461e-05,1.694423106713941962e+01,1.357028788039550271e+01,1.688916011683405571e+01,1.084271821127913427e+00,1.043954672264986883e+01,0.000000000000000000e+00
7.352833343524755704e-05,1.694446112392210679e+01,1.360355545172980740e+01,1.688897161979122785e+01,1.079507156297040638e+00,1.040388668630164481e+01,0.000000000000000000e+00
7.362833343524755947e-05,1.694469332079501100e+01,1.363650195576624036e+01,1.688878093162121985e+01,1.074696704294183291e+00,1.036835539795888828e+01,0.000000000000000000e+00
7.372833343524756191e-05,1.694492768387894444e+01,1.366913056979899643e+01,1.688858803153527433e+01,1.069839913645409979e+00,1.033295243751917702e+01,0.000000000000000000e+00
7.382833343524756434e-05,1.694516423962085483e+01,1.370144444101781644e+01,1.688839289849094172e+01,1.064936225768178701e+00,1.029767738631703722e+01,0.000000000000000000e+00
7.392833343524756677e-05,1.694540301479921496e+01,1.373344668679611047e+01,1.688819551118883311e+01,1.059985074884025380e+00,1.026252982713919515e+01,0.000000000000000000e+00
7.402833343524756920e-05,1.694564403652981710e+01,1.376514039497730124e+01,1.688799584806933396e+01,1.054985887836664915e+00,1.022750934423958924e+01,0.000000000000000000e+00
7.412833343524757163e-05,1.694588733227142541e+01,1.379652862415886894e+01,1.688779388730925746e+01,1.049938084062887356e+00,1.019261552335338727e+01,0.000000000000000000e+00
7.422833343524757406e-05,1.694613292983148511e+01,1.382761440397427677e+01,1.688758960681840904e+01,1.044841075323347468e+00,1.015784795171047605e+01,0.000000000000000000e+00
7.432833343524757649e-05,1.694638085737243927e+01,1.385840073537334582e+01,1.688738298423614381e+01,1.039694265702564735e+00,1.012320621804892795e+01,0.000000000000000000e+00
7.442833343524757892e-05,1.694663114341746990e+01,1.388889059089986944e+01,1.688717399692782095e+01,1.034497051397920586e+00,1.008868991262720094e+01,0.000000000000000000e+00
7.452833343524758135e-05,1.694688381685698175e+01,1.391908691496778161e+01,1.688696262198120124e+01,1.029248820610519033e+00,1.005429862723658374e+01,0.000000000000000000e+00
7.462833343524758378e-05,1.694713890695497938e+01,1.394899262413503926e+01,1.688674883620280909e+01,1.023948953399667516e+00,1.002003195521296242e+01,0.000000000000000000e+00
7.472833343524758621e-05,1.694739644335537321e+01,1.397861060737526273e+01,1.688653261611419865e+01,1.018596821530081797e+00,9.985889491448000754e+00,0.000000000000000000e+00
7.482833343524758864e-05,1.694765645608885407e+01,1.400794372634775087e+01,1.688631393794817015e+01,1.013191788348194677e+00,9.951870832400413036e+00,0.000000000000000000e+00
7.492833343524759107e-05,1.694791897557944438e+01,1.403699481566503593e+01,1.688609277764490457e+01,1.007733208578429185e+00,9.917975576106369928e+00,0.000000000000000000e+00
7.502833343524759350e-05,1.694818403265169238e+01,1.406576668315884504e+01,1.688586911084806630e+01,1.002220428286818787e+00,9.884203322190206364e+00,0.000000000000000000e+00
7.512833343524759594e-05,1.694845165853763902e+01,1.409426211014372043e+01,1.688564291290077080e+01,9.966527845172095113e-01,9.850553671874390460e+00,0.000000000000000000e+00
7.522833343524759837e-05,1.694872188488400866e+01,1.412248385167868214e+01,1.688541415884154517e+01,9.910296053712954745e-01,9.817026227989407161e+00,0.000000000000000000e+00
7.532833343524760080e-05,1.694899474375979764e+01,1.415043463682712144e+01,1.688518282340016441e+01,9.853502096957527101e-01,9.783620594983522878e+00,0.000000000000000000e+00
7.542833343524760323e-05,1.694927026766364619e+01,1.417811716891433349e+01,1.688494888099346980e+01,9.796139069439959712e-01,9.750336378932100700e+00,0.000000000000000000e+00
7.552833343524760566e-05,1.694954848953158333e+01,1.420553412578330388e+01,1.688471230572103110e+01,9.738199970088317059e-01,9.717173187546860547e+00,0.000000000000000000e+00
7.562833343524760809e-05,1.694982944274511993e+01,1.423268816004865833e+01,1.688447307136080511e+01,9.679677700478350744e-01,9.684130630185157074e+00,0.000000000000000000e+00
7.572833343524761052e-05,1.695011316113917132e+01,1.425958189934835296e+01,1.688423115136466990e+01,9.620565063160029240e-01,9.651208317858809949e+00,0.000000000000000000e+00
7.582833343524761295e-05,1.695039967901024269e+01,1.428621794659352240e+01,1.688398651885389512e+01,9.560854759911308065e-01,9.618405863242832865e+00,0.000000000000000000e+00
7.592833343524761538e-05,1.695068903112495917e+01,1.431259888021650539e+01,1.688373914661451991e+01,9.500539389337063767e-01,9.585722880684286906e+00,0.000000000000000000e+00
7.602833343524761781e-05,1.695098125272871314e+01,1.433872725441693419e+01,1.688348900709264555e+01,9.439611445559421554e-01,9.553158986210904757e+00,0.000000000000000000e+00
7.612833343524762024e-05,1.695127637955441458e+01,1.436460559940584503e+01,1.688323607238964286e+01,9.378063315889448859e-01,9.520713797539606560e+00,0.000000000000000000e+00
7.622833343524762267e-05,1.695157444783130174e+01,1.439023642164775652e+01,1.688298031425728851e+01,9.315887279590242542e-01,9.488386934084754643e+00,0.000000000000000000e+00
7.632833343524762510e-05,1.695187549429436302e+01,1.441562220410125761e+01,1.688272170409275574e+01,9.253075504238950089e-01,9.456178016966848787e+00,0.000000000000000000e+00
7.642833343524762753e-05,1.695217955619355621e+01,1.444076540645740003e+01,1.688246021293359433e+01,9.189620045799529180e-01,9.424086669020768525e+00,0.000000000000000000e+00
7.652833343524762996e-05,1.695248667130340081e+01,1.446566846537638185e+01,1.688219581145254011e+01,9.125512844693730585e-01,9.392112514804075829e+00,0.000000000000000000e+00
7.662833343524763240e-05,1.695279687793258105e+01,1.449033379472222016e+01,1.688192846995226404e+01,9.060745724564185366e-01,9.360255180605239644e+00,0.000000000000000000e+00
7.672833343524763483e-05,1.695311021493403913e+01,1.451476378579589088e+01,1.688165815836002892e+01,8.995310390382655896e-01,9.328514294452066480e+00,0.000000000000000000e+00
7.682833343524763726e-05,1.695342672171494769e+01,1.453896080756634213e+01,1.688138484622222180e+01,8.929198425175854936e-01,9.296889486119866319e+00,0.000000000000000000e+00
7.692833343524763969e-05,1.695374643824692029e+01,1.456292720689975440e+01,1.688110850269882945e+01,8.862401289297849871e-01,9.265380387139524387e+00,0.000000000000000000e+00
7.702833343524764212e-05,1.695406940507648130e+01,1.458666530878707590e+01,1.688082909655775055e+01,8.794910316428286023e-01,9.233986630805857132e+00,0.000000000000000000e+00
7.712833343524764455e-05,1.695439566333562098e+01,1.461017741656967495e+01,1.688054659616905795e+01,8.726716713135829195e-01,9.202707852185723070e+00,0.000000000000000000e+00
7.722833343524764698e-05,1.695472525475250691e+01,1.463346581216318221e+01,1.688026096949916521e+01,8.657811555458465591e-01,9.171543688126162053e+00,0.000000000000000000e+00
7.732833343524764941e-05,1.695505822166222742e+01,1.465653275627946250e+01,1.687997218410481537e+01,8.588185786502435803e-01,9.140493777262420849e+00,0.000000000000000000e+00
7.742833343524765184e-05,1.695539460701763090e+01,1.467938048864668943e+01,1.687968020712706263e+01,8.517830215714639053e-01,9.109557760025856155e+00,0.000000000000000000e+00
7.752833343524765427e-05,1.695573445440030724e+01,1.470201122822772000e+01,1.687938500528509422e+01,8.446735514589818195e-01,9.078735278651958396e+00,0.000000000000000000e+00
7.762833343524765670e-05,1.695607780803156572e+01,1.472442717343649932e+01,1.687908654486995630e+01,8.374892215797444806e-01,9.048025977188039803e+00,0.000000000000000000e+00
7.772833343524765913e-05,1.695642471278316776e+01,1.474663050235239226e+01,1.687878479173821589e+01,8.302290711144451052e-01,9.017429501500679123e+00,0.000000000000000000e+00
7.782833343524766156e-05,1.695677521418814138e+01,1.476862337293269256e+01,1.687847971130550917e+01,8.228921249319682829e-01,8.986945499283082839e+00,0.000000000000000000e+00
7.792833343524766399e-05,1.695712935845133273e+01,1.479040792322300923e+01,1.687817126853997962e+01,8.154773933201795444e-01,8.956573620062002306e+00,0.000000000000000000e+00
7.802833343524766643e-05,1.695748719245975522e+01,1.481198627156561898e+01,1.687785942795566996e+01,8.079838719640974887e-01,8.926313515204348903e+00,0.000000000000000000e+00
7.812833343524766886e-05,1.695784876379255834e+01,1.483336051680563195e+01,1.687754415360582172e+01,8.004105416475795209e-01,8.896164837923381086e+00,0.000000000000000000e+00
7.822833343524767129e-05,1.695821412073036427e+01,1.485453273849466704e+01,1.687722540907611801e+01,7.927563682387699373e-01,8.866127243284019244e+00,0.000000000000000000e+00
7.832833343524767372e-05,1.695858331226406435e+01,1.487550499709223217e+01,1.687690315747787295e+01,7.850203025009250268e-01,8.836200388207601009e+00,0.000000000000000000e+00
7.842833343524767615e-05,1.695895638810269190e+01,1.489627933416437244e+01,1.687657736144115006e+01,7.772012800633092411e-01,8.806383931475616933e+00,0.000000000000000000e+00
7.852833343524767858e-05,1.695933339868039624e+01,1.491685777257969114e+01,1.687624798310793039e+01,7.692982214284711517e-01,8.776677533732380354e+00,0.000000000000000000e+00
7.862833343524768101e-05,1.695971439516210211e+01,1.493724231670227098e+01,1.687591498412520963e+01,7.613100318922079168e-01,8.747080857486389860e+00,0.000000000000000000e+00
7.872833343524768344e-05,1.696009942944742477e+01,1.495743495258113320e+01,1.687557832563817684e+01,7.532356017836718820e-01,8.717593567109824804e+00,0.000000000000000000e+00
7.882833343524768587e-05,1.696048855417295798e+01,1.497743764813636957e+01,1.687523796828342881e+01,7.450738065163022839e-01,8.688215328836282225e+00,0.000000000000000000e+00
7.892833343524768830e-05,1.696088182271198619e+01,1.499725235334099693e+01,1.687489387218226611e+01,7.368235068643116392e-01,8.658945810756025097e+00,0.000000000000000000e+00
7.902833343524769073e-05,1.696127928917194438e+01,1.501688100039885931e+01,1.687454599693414181e+01,7.284835493264836259e-01,8.629784682808832486e+00,0.000000000000000000e+00
7.912833343524769316e-05,1.696168100838814041e+01,1.503632550391718681e+01,1.687419430161032352e+01,7.200527666282141581e-01,8.600731616773073185e+00,0.000000000000000000e+00
7.922833343524769559e-05,1.696208703591388911e+01,1.505558776107388397e+01,1.687383874474775070e+01,7.115299782162765041e-01,8.571786286251235509e+00,0.000000000000000000e+00
7.932833343524769802e-05,1.696249742800614868e+01,1.507466965177871820e+01,1.687347928434325439e+01,7.029139912192476913e-01,8.542948366650900738e+00,0.000000000000000000e+00
7.942833343524770045e-05,1.696291224160589195e+01,1.509357303882766388e+01,1.687311587784814293e+01,6.942036011969321407e-01,8.514217535160504724e+00,0.000000000000000000e+00
7.952833343524770289e-05,1.696333153431223195e+01,1.511229976804940556e+01,1.687274848216327428e+01,6.853975934573099948e-01,8.485593470718907128e+00,0.000000000000000000e+00
7.962833343524770532e-05,1.696375536434945275e+01,1.513085166844323481e+01,1.687237705363477858e+01,6.764947444826248102e-01,8.457075853977872981e+00,0.000000000000000000e+00
7.972833343524770775e-05,1.696418379052545333e+01,1.514923055230680937e+01,1.687200154805042729e+01,6.674938236101297662e-01,8.428664367256134327e+00,0.000000000000000000e+00
7.982833343524771018e-05,1.696461687218102909e+01,1.516743821535325409e+01,1.687162192063690469e+01,6.583935950620798394e-01,8.400358694484378219e+00,0.000000000000000000e+00
7.992833343524771261e-05,1.696505466912742222e+01,1.518547643681511339e+01,1.687123812605811679e+01,6.491928204486612231e-01,8.372158521138658216e+00,0.000000000000000000e+00
8.002833343524771504e-05,1.696549724157139494e+01,1.520334697953434677e+01,1.687085011841466553e+01,6.398902615837869234e-01,8.344063534161564988e+00,0.000000000000000000e+00
8.012833343524771747e-05,1.696594465002529617e+01,1.522105159003592689e+01,1.687045785124479380e+01,6.304846839339006692e-01,8.316073421868683369e+00,0.000000000000000000e+00
8.022833343524771990e-05,1.696639695520055469e+01,1.523859199858354430e+01,1.687006127752697537e+01,6.209748604378546588e-01,8.288187873838706921e+00,0.000000000000000000e+00
8.032833343524772233e-05,1.696685421788160397e+01,1.525596991921435652e+01,1.686966034968443040e+01,6.113595761344186030e-01,8.260406580784412256e+00,0.000000000000000000e+00
8.042833343524772476e-05,1.696731649877778736e+01,1.527318704975049357e+01,1.686925501959193596e+01,6.016376335246604867e-01,8.232729234402084373e+00,0.000000000000000000e+00
8.052833343524772719e-05,1.696778385835073877e+01,1.529024507178476178e+01,1.686884523858517682e+01,5.918078585382318124e-01,8.205155527196897225e+00,0.000000000000000000e+00
8.062833343524772962e-05,1.696825635661263476e+01,1.530714565063605193e+01,1.686843095747314436e+01,5.818691076710820198e-01,8.177685152279856595e+00,0.000000000000000000e+00
8.072833343524773205e-05,1.696873405289328574e+01,1.532389043527244610e+01,1.686801212655394977e+01,5.718202760544954799e-01,8.150317803134250028e+00,0.000000000000000000e+00
8.082833343524773448e-05,1.696921700557057022e+01,1.534048105819658048e+01,1.686758869563456997e+01,5.616603065936942585e-01,8.123053173346342248e+00,0.000000000000000000e+00
8.092833343524773692e-05,1.696970527176044286e+01,1.535691913528957286e+01,1.686716061405510914e+01,5.513882004379411228e-01,8.095890956296575069e+00,0.000000000000000000e+00
8.102833343524773935e-05,1.697019890696149957e+01,1.537320626560854109e+01,1.686672783071811565e+01,5.410030290004215203e-01,8.068830844806505809e+00,0.000000000000000000e+00
8.112833343524774178e-05,1.697069796464842284e+01,1.538934403113212390e+01,1.686629029412372915e+01,5.305039473605575040e-01,8.041872530735876268e+00,0.000000000000000000e+00
8.122833343524774421e-05,1.697120249580876106e+01,1.540533399644850832e+01,1.686584795241137158e+01,5.198902095944504254e-01,8.015015704524532936e+00,0.000000000000000000e+00
8.132833343524774664e-05,1.697171254841715182e+01,1.542117770838020263e+01,1.686540075340878886e+01,5.091611857715179212e-01,7.988260054673462562e+00,0.000000000000000000e+00
8.142833343524774907e-05,1.697222816683926183e+01,1.543687669553781561e+01,1.686494864468937749e+01,4.983163813012652099e-01,7.961605267157437993e+00,0.000000000000000000e+00
8.152833343524775150e-05,1.697274939115918357e+01,1.545243246779680035e+01,1.686449157363880147e+01,4.873554584191879258e-01,7.935051024763307481e+00,0.000000000000000000e+00
8.162833343524775393e-05,1.697327625642252258e+01,1.546784651568933988e+01,1.686402948753193698e+01,4.762782600664650090e-01,7.908597006346386848e+00,0.000000000000000000e+00
8.172833343524775636e-05,1.697380879178696489e+01,1.548312030970341269e+01,1.686356233362135981e+01,4.650848366582067683e-01,7.882242885997142956e+00,0.000000000000000000e+00
8.182833343524775879e-05,1.697434701957318381e+01,1.549825529948186897e+01,1.686309005923854798e+01,4.537754753546323627e-01,7.855988332111147443e+00,0.000000000000000000e+00
8.192833343524776122e-05,1.697489095420690219e+01,1.551325291291247410e+01,1.686261261190916727e+01,4.423507325409445912e-01,7.829833006353737801e+00,0.000000000000000000e+00
8.202833343524776365e-05,1.697544060104508645e+01,1.552811455510203764e+01,1.686212993948378625e+01,4.308114692903473042e-01,7.803776562512519277e+00,0.000000000000000000e+00
8.212833343524776608e-05,1.697599595507779568e+01,1.554284160722612818e+01,1.686164199028550215e+01,4.191588901812792756e-01,7.777818645229794825e+00,0.000000000000000000e+00
8.222833343524776851e-05,1.697655699949944008e+01,1.555743542524837686e+01,1.686114871327593079e+01,4.073945853888290003e-01,7.751958888608974974e+00,0.000000000000000000e+00
8.232833343524777095e-05,1.697712370414259198e+01,1.557189733850242597e+01,1.686065005824102414e+01,3.955205758538795635e-01,7.726196914688665984e+00,0.000000000000000000e+00
8.242833343524777338e-05,1.697769602377020348e+01,1.558622864813252917e+01,1.686014597599829301e+01,3.835393621047842316e-01,7.700532331780745920e+00,0.000000000000000000e+00
8.252833343524777581e-05,1.697827389622348804e+01,1.560043062539008929e+01,1.685963641862669249e+01,3.714539756620069966e-01,7.674964732670059853e+00,0.000000000000000000e+00
8.262833343524777824e-05,1.697885724042503242e+01,1.561450450978569648e+01,1.685912133972065163e+01,3.592680336514604278e-01,7.649493692675898515e+00,0.000000000000000000e+00
8.272833343524778067e-05,1.697944595424073100e+01,1.562845150710019837e+01,1.685860069466929900e+01,3.469857954551116563e-01,7.624118767579345146e+00,0.000000000000000000e+00
8.282833343524778310e-05,1.698003991220712905e+01,1.564227278726144554e+01,1.685807444096180774e+01,3.346122212969930843e-01,7.598839491423360570e+00,0.000000000000000000e+00
8.292833343524778553e-05,1.698063896313707488e+01,1.565596948209932471e+01,1.685754253851953521e+01,3.221530317459837534e-01,7.573655374199122825e+00,0.000000000000000000e+00
8.302833343524778796e-05,1.698124292762138410e+01,1.566954268299670794e+01,1.685700495005501054e+01,3.096147670803475194e-01,7.548565899436560755e+00,0.000000000000000000e+00
8.312833343524779039e-05,1.698185159545182898e+01,1.568299343846138427e+01,1.685646164145757808e+01,2.970048456263612024e-01,7.523570521724730398e+00,0.000000000000000000e+00
8.322833343524779282e-05,1.698246472299888765e+01,1.569632275165201030e+01,1.685591258220463118e+01,2.843316188445896842e-01,7.498668664195565547e+00,0.000000000000000000e+00
8.332833343524779525e-05,1.698308203058632415e+01,1.570953157789970511e+01,1.685535774579679114e+01,2.716044222397613339e-01,7.473859716013334875e+00,0.000000000000000000e+00
8.342833343524779768e-05,1.698370319991477828e+01,1.572262082227701363e+01,1.685479711021435634e+01,2.588336193002760410e-01,7.449143029921531323e+00,0.000000000000000000e+00
8.352833343524780011e-05,1.698432787159732982e+01,1.573559133727642134e+01,1.685423065839146872e+01,2.460306363864219747e-01,7.424517919910153196e+00,0.000000000000000000e+00
8.362833343524780254e-05,1.698495564288047532e+01,1.574844392067121568e+01,1.685365837870325123e+01,2.332079861444071867e-01,7.399983659076072584e+00,0.000000000000000000e+00
8.372833343524780497e-05,1.698558606563485540e+01,1.576117931364204949e+01,1.685308026546000093e+01,2.203792764194076881e-01,7.375539477760039375e+00,0.000000000000000000e+00
8.382833343524780741e-05,1.698621864471047616e+01,1.577379819926302318e+01,1.685249631940121517e+01,2.075592019973555580e-01,7.351184562053944660e+00,0.000000000000000000e+00
8.392833343524780984e-05,1.698685283675821012e+01,1.578630120144800131e+01,1.685190654818103795e+01,1.947635162723599933e-01,7.326918052778662371e+00,0.000000000000000000e+00
8.402833343524781227e-05,1.698748804962801984e+01,1.579868888446638131e+01,1.685131096683535290e+01,1.820089801694848575e-01,7.302739045040937071e+00,0.000000000000000000e+00
8.412833343524781470e-05,1.698812364245344853e+01,1.581096175313681407e+01,1.685070959821975123e+01,1.693132860964396968e-01,7.278646588476911816e+00,0.000000000000000000e+00
8.422833343524781713e-05,1.698875892653419228e+01,1.582312025380944753e+01,1.685010247340662559e+01,1.566949549887795001e-01,7.254639688291218746e+00,0.000000000000000000e+00
8.432833343524781956e-05,1.698939316711755509e+01,1.583516477623648022e+01,1.684948963202901950e+01,1.441732054590829648e-01,7.230717307189662435e+00,0.000000000000000000e+00
8.442833343524782199e-05,1.699002558616949088e+01,1.584709565642078921e+01,1.684887112255860586e+01,1.317677949045901187e-01,7.206878368292948700e+00,0.000000000000000000e+00
8.452833343524782442e-05,1.699065536620279815e+01,1.585891318050945387e+01,1.684824700250545249e+01,1.194988335992093198e-01,7.183121759095337566e+00,0.000000000000000000e+00
8.462833343524782685e-05,1.699128165520534850e+01,1.587061758977469950e+01,1.684761733852781163e+01,1.073865739745087922e-01,7.159446336507625297e+00,0.000000000000000000e+00
8.472833343524782928e-05,1.699190235468269705e+01,1.588220788134634454e+01,1.684698226918700215e+01,9.565844575263326988e-02,7.135849705210576488e+00,0.000000000000000000e+00
8.482833343524783171e-05,1.699251169888849589e+01,1.589367941398325179e+01,1.684634213976402606e+01,8.491808801045408472e-02,7.112325853674109410e+00,0.000000000000000000e+00
8.492833343524783414e-05,1.699310338026047518e+01,1.590502699975441203e+01,1.684569737173857362e+01,7.518945515766972676e-02,7.088868217781554293e+00,0.000000000000000000e+00
8.502833343524783657e-05,1.699367206107785222e+01,1.591624639986794421e+01,1.684504839204745963e+01,6.640654917282517999e-02,7.065471232871400886e+00,0.000000000000000000e+00
8.512833343524783900e-05,1.699421370078264104e+01,1.592733464866371662e+01,1.684439560966794858e+01,5.850394110893830657e-02,7.042130647815488587e+00,0.000000000000000000e+00
8.522833343524784144e-05,1.699472549414321421e+01,1.593828999255566181e+01,1.684373940809537373e+01,5.141716416983399540e-02,7.018843459224326509e+00,0.000000000000000000e+00
8.532833343524784387e-05,1.699520569988209573e+01,1.594911172059328486e+01,1.684308014324007630e+01,4.508311032986966893e-02,6.995607736273528054e+00,0.000000000000000000e+00
8.542833343524784630e-05,1.699565345494400503e+01,1.595979998081116236e+01,1.684241814324946773e+01,3.944041886279592291e-02,6.972422431650905139e+00,0.000000000000000000e+00
8.552833343524784873e-05,1.699606860421435783e+01,1.597035561186149444e+01,1.684175370908406677e+01,3.442984309367602691e-02,6.949287208517384684e+00,0.000000000000000000e+00
8.562833343524785116e-05,1.699645155283878495e+01,1.598077999700468155e+01,1.684108711544661219e+01,2.999458371050423011e-02,6.926202290605312228e+00,0.000000000000000000e+00
8.572833343524785359e-05,1.699680314084947952e+01,1.599107494016761954e+01,1.684041861191727207e+01,2.608057796169305220e-02,6.903168335098071928e+00,0.000000000000000000e+00
8.582833343524785602e-05,1.699712453769482323e+01,1.600124256169129211e+01,1.683974842423003793e+01,2.263673693232703954e-02,6.880186325819353854e+00,0.000000000000000000e+00
8.592833343524785845e-05,1.699741715396297437e+01,1.601128521108811142e+01,1.683907675565123441e+01,1.961512547859456390e-02,6.857257483959523725e+00,0.000000000000000000e+00
8.602833343524786088e-05,1.699768256783043441e+01,1.602120539436569402e+01,1.683840378842904428e+01,1.697108281223336235e-02,6.834383193813874158e+00,0.000000000000000000e+00
8.612833343524786331e-05,1.699792246412686936e+01,1.603100571383148321e+01,1.683772968528565883e+01,1.466328377864556387e-02,6.811564941375491955e+00,0.000000000000000000e+00
8.622833343524786574e-05,1.699813858424294821e+01,1.604068881862336937e+01,1.683705459092549717e+01,1.265374403737951070e-02,6.788804263967755048e+00,0.000000000000000000e+00
8.632833343524786817e-05,1.699833268538721143e+01,1.605025736448915197e+01,1.683637863353509800e+01,1.090777375793550164e-02,6.766102709386201397e+00,0.000000000000000000e+00
8.642833343524787060e-05,1.699850650791639239e+01,1.605971398155179131e+01,1.683570192625285245e+01,9.393886735779233277e-03,6.743461803243230968e+00,0.000000000000000000e+00
8.652833343524787303e-05,1.699866174963646870e+01,1.606906124897070498e+01,1.683502456858996510e+01,8.083671666099689901e-03,6.720883023386112320e+00,0.000000000000000000e+00
8.662833343524787546e-05,1.699880004610393414e+01,1.607830167553799683e+01,1.683434664778739887e+01,6.951634102733805776e-03,6.698367780394573145e+00,0.000000000000000000e+00
8.672833343524787790e-05,1.699892295606544934e+01,1.608743768535773455e+01,1.683366824009709006e+01,5.975016298179980367e-03,6.675917403276530493e+00,0.000000000000000000e+00
8.682833343524788033e-05,1.699903195126330857e+01,1.609647160784395936e+01,1.683298941197910636e+01,5.133602870046161115e-03,6.653533129572362981e+00,0.000000000000000000e+00
8.692833343524788276e-05,1.699912840991132512e+01,1.610540567134793477e+01,1.683231022120962805e+01,4.409518471220508218e-03,6.631216099158335098e+00,0.000000000000000000e+00
8.702833343524788519e-05,1.699921361321856850e+01,1.611424199980243799e+01,1.683163071789737941e+01,3.787023510085418820e-03,6.608967351114523936e+00,0.000000000000000000e+00
8.712833343524788762e-05,1.699928874439988391e+01,1.612298261182244730e+01,1.683095094540864523e+01,3.252312919357791543e-03,6.586787823086552862e+00,0.000000000000000000e+00
8.722833343524789005e-05,1.699935488967974706e+01,1.613162942178011150e+01,1.683027094120284417e+01,2.793321364151779562e-03,6.564678352639831793e+00,0.000000000000000000e+00
8.732833343524789248e-05,1.699941304085112037e+01,1.614018424241561078e+01,1.682959073758225088e+01,2.399538228928577155e-03,6.542639680161645543e+00,0.000000000000000000e+00
8.742833343524789491e-05,1.699946409901073707e+01,1.614864878861157749e+01,1.682891036236059534e+01,2.061834107735194266e-03,6.520672452927845697e+00,0.000000000000000000e+00
8.752833343524789734e-05,1.699950887914508968e+01,1.615702468200947806e+01,1.682822983945594331e+01,1.772300158336292952e-03,6.498777230004790795e+00,0.000000000000000000e+00
8.762833343524789977e-05,1.699954811529165610e+01,1.616531345619307913e+01,1.682754918941385114e+01,1.524101280665490776e-03,6.476954487708704633e+00,0.000000000000000000e+00
8.772833343524790220e-05,1.699958246604628798e+01,1.617351656221381262e+01,1.682686842986680986e+01,1.311342472035903484e-03,6.455204625391688822e+00,0.000000000000000000e+00
8.782833343524790463e-05,1.699961252023058123e+01,1.618163537427461662e+01,1.682618757593612102e+01,1.128948963014408946e-03,6.433527971367491105e+00,0.000000000000000000e+00
8.792833343524790706e-05,1.699963880256959214e+01,1.618967119542356414e+01,1.682550664058216583e+01,9.725591662572696805e-04,6.411924788826986799e+00,0.000000000000000000e+00
8.802833343524790949e-05,1.699966177926340549e+01,1.619762526313973794e+01,1.682482563490857075e+01,8.384294342249631882e-04,6.390395281627261781e+00,0.000000000000000000e+00
8.812833343524791193e-05,1.699968186336565168e+01,1.620549875472998025e+01,1.682414456842567674e+01,7.233504584291949868e-04,6.368939599867806223e+00,0.000000000000000000e+00
8.822833343524791436e-05,1.699969941990471511e+01,1.621329279246796062e+01,1.682346344927816517e+01,6.245736221899278462e-04,6.347557845190491932e+00,0.000000000000000000e+00
8.832833343524791679e-05,1.699971477070583603e+01,1.622100844844017686e+01,1.682278228444113921e+01,5.397466375143267214e-04,6.326250075762539282e+00,0.000000000000000000e+00
8.842833343524791922e-05,1.699972819888559883e+01,1.622864674906211491e+01,1.682210107988888126e+01,4.668579058488830924e-04,6.305016310915042332e+00,0.000000000000000000e+00
8.852833343524792165e-05,1.699973995300813101e+01,1.623620867926434741e+01,1.682141984073967933e+01,4.041877400595694780e-04,6.283856535427734258e+00,0.000000000000000000e+00
8.862833343524792408e-05,1.699975025089830893e+01,1.624369518633407239e+01,1.682073857138007611e+01,3.502667241264134645e-04,6.262770703456309818e+00,0.000000000000000000e+00
8.872833343524792651e-05,1.699975928311921791e+01,1.625110718342812532e+01,1.682005727557120167e+01,3.038393479073420167e-04,6.241758742110997460e+00,0.000000000000000000e+00
8.882833343524792894e-05,1.699976721612380359e+01,1.625844555275845593e+01,1.681937595653978335e+01,2.638331279740668833e-04,6.220820554697313653e+00,0.000000000000000000e+00
8.892833343524793137e-05,1.699977419509798793e+01,1.626571114847651955e+01,1.681869461705590396e+01,2.293318102601915598e-04,6.199956023637595237e+00,0.000000000000000000e+00
8.902833343524793380e-05,1.699978034651211090e+01,1.627290479926336531e+01,1.681801325949943049e+01,1.995525235543027520e-04,6.179165013091084901e+00,0.000000000000000000e+00
8.912833343524793623e-05,1.699978578040277455e+01,1.628002731065711828e+01,1.681733188591671535e+01,1.738262508297339082e-04,6.158447371295821426e+00,0.000000000000000000e+00
8.922833343524793866e-05,1.699979059240468260e+01,1.628707946712921739e+01,1.681665049806899859e+01,1.515810727141797543e-04,6.137802932652688170e+00,0.000000000000000000e+00
8.932833343524794109e-05,1.699979486555422170e+01,1.629406203393534369e+01,1.681596909747368684e+01,1.323279138887301087e-04,6.117231519574391818e+00,0.000000000000000000e+00
8.942833343524794352e-05,1.699979867188586979e+01,1.630097575876185090e+01,1.681528768543957142e+01,1.156483340309932828e-04,6.096732944121120212e+00,0.000000000000000000e+00
8.952833343524794596e-05,1.699980207384017206e+01,1.630782137318166036e+01,1.681460626309689843e+01,1.011841886793263257e-04,6.076307009442395213e+00,0.000000000000000000e+00
8.962833343524794839e-05,1.699980512550392930e+01,1.631459959394796755e+01,1.681392483142298033e+01,8.862871618475764990e-05,6.055953511046391569e+00,0.000000000000000000e+00
8.972833343524795082e-05,1.699980787369890933e+01,1.632131112413514629e+01,1.681324339126407352e+01,7.771902892272919416e-05,6.035672237913568772e+00,0.000000000000000000e+00
8.982833343524795325e-05,1.699981035893560843e+01,1.632795665414454334e+01,1.681256194335404786e+01,6.822970317443832755e-05,6.015462973471720431e+00,0.000000000000000000e+00
8.992833343524795568e-05,1.699981261624798279e+01,1.633453686259406368e+01,1.681188048833033832e+01,5.996728577883914113e-05,5.995325496448781877e+00,0.000000000000000000e+00
9.002833343524795811e-05,1.699981467592185069e+01,1.634105241710049938e+01,1.681119902674755906e+01,5.276568117551505566e-05,5.975259581616494842e+00,0.000000000000000000e+00
9.012833343524796054e-05,1.699981656413023856e+01,1.634750397497065322e+01,1.681051755908911716e+01,4.648204776458442211e-05,5.955265000438584977e+00,0.000000000000000000e+00
9.022833343524796297e-05,1.699981830348597001e+01,1.635389218380759146e+01,1.680983608577718869e+01,4.099363286513835192e-05,5.935341521634044604e+00,0.000000000000000000e+00
9.032833343524796540e-05,1.699981991352234090e+01,1.636021768204730620e+01,1.680915460718123100e+01,3.619471681304275990e-05,5.915488911666647809e+00,0.000000000000000000e+00
9.042833343524796783e-05,1.699982141111058098e+01,1.636648109943223517e+01,1.680847312362524804e+01,3.199419006705284119e-05,5.895706935169709340e+00,0.000000000000000000e+00
9.052833343524797026e-05,1.699982281082144553e+01,1.637268305742683694e+01,1.680779163539404308e+01,2.831357414834201336e-05,5.875995355313440527e+00,0.000000000000000000e+00
9.062833343524797269e-05,1.699982412523904074e+01,1.637882416958764153e+01,1.680711014273857984e+01,2.508503530407324433e-05,5.856353934123495364e+00,0.000000000000000000e+00
9.072833343524797512e-05,1.699982536523224752e+01,1.638490504188965247e+01,1.680642864588055829e+01,2.225008938694372773e-05,5.836782432755946992e+00,0.000000000000000000e+00
9.082833343524797755e-05,1.699982654018955230e+01,1.639092627301594973e+01,1.680574714501636180e+01,1.975806662812829018e-05,5.817280611734839013e+00,0.000000000000000000e+00
9.092833343524797998e-05,1.699982765822208464e+01,1.639688845461624567e+01,1.680506564032042860e+01,1.756510755512863398e-05,5.797848231157118448e+00,0.000000000000000000e+00
9.102833343524798242e-05,1.699982872633901110e+01,1.640279217153609892e+01,1.680438413194820058e+01,1.563336263643577695e-05,5.778485050869333506e+00,0.000000000000000000e+00
9.112833343524798485e-05,1.699982975059895196e+01,1.640863800202305711e+01,1.680370262003857817e+01,1.392985723214223981e-05,5.759190830619657753e+00,0.000000000000000000e+00
9.122833343524798728e-05,1.699983073624053631e+01,1.641442651791041385e+01,1.680302110471613020e+01,1.242606231244280934e-05,5.739965330188631754e+00,0.000000000000000000e+00
9.132833343524798971e-05,1.699983168779531439e+01,1.642015828478418982e+01,1.680233958609291278e+01,1.109718141378834844e-05,5.720808309501843603e+00,0.000000000000000000e+00
9.142833343524799214e-05,1.699983260918495276e+01,1.642583386213397745e+01,1.680165806427009656e+01,9.921597666107118130e-06,5.701719528726449937e+00,0.000000000000000000e+00
9.152833343524799457e-05,1.699983350380510672e+01,1.643145380348943263e+01,1.680097653933933799e+01,8.880560926627367735e-06,5.682698748354134466e+00,0.000000000000000000e+00
9.162833343524799700e-05,1.699983437459730951e+01,1.643701865654293925e+01,1.680029501138401571e+01,7.957751222420483828e-06,5.663745729271764340e+00,0.000000000000000000e+00
9.172833343524799943e-05,1.699983522411179493e+01,1.644252896326745983e+01,1.679961348048020398e+01,7.138827641028910875e-06,5.644860232822763280e+00,0.000000000000000000e+00
9.182833343524800186e-05,1.699983605456064950e+01,1.644798526001826389e+01,1.679893194669763545e+01,6.411406502593308687e-06,5.626042020858623260e+00,0.000000000000000000e+00
9.192833343524800429e-05,1.699983686786453774e+01,1.645338807763383571e+01,1.679825041010043662e+01,5.764552042819559574e-06,5.607290855783780614e+00,0.000000000000000000e+00
9.202833343524800672e-05,1.699983766569196675e+01,1.645873794152261027e+01,1.679756887074782412e+01,5.188820068724453449e-06,5.588606500592937287e+00,0.000000000000000000e+00
9.212833343524800915e-05,1.699983844949409928e+01,1.646403537175086029e+01,1.679688732869469092e+01,4.675814125221222639e-06,5.569988718903754688e+00,0.000000000000000000e+00
9.222833343524801158e-05,1.699983922053392149e+01,1.646928088311935667e+01,1.679620578399211084e+01,4.218287358526140451e-06,5.551437274983858750e+00,0.000000000000000000e+00
9.232833343524801401e-05,1.699983997991233053e+01,1.647447498524191900e+01,1.679552423668777195e+01,3.809764166362583637e-06,5.532951933774580944e+00,0.000000000000000000e+00
9.242833343524801645e-05,1.699984072858919504e+01,1.647961818261120115e+01,1.679484268682639581e+01,3.444722096901386976e-06,5.514532460909705947e+00,0.000000000000000000e+00
9.252833343524801888e-05,1.699984146740322899e+01,1.648471097467103164e+01,1.679416113445002878e+01,3.118126187473535538e-06,5.496178622732880825e+00,0.000000000000000000e+00
9.262833343524802131e-05,1.699984219708782263e+01,1.648975385587844400e+01,1.679347957959839377e+01,2.825720002874732018e-06,5.477890186310975906e+00,0.000000000000000000e+00
9.272833343524802374e-05,1.699984291828512184e+01,1.649474731576512099e+01,1.679279802230910335e+01,2.563603629823774099e-06,5.459666919445599120e+00,0.000000000000000000e+00
9.282833343524802617e-05,1.699984363155832767e+01,1.649969183899733238e+01,1.679211646261789781e+01,2.328459231648594141e-06,5.441508590682863300e+00,0.000000000000000000e+00
9.292833343524802860e-05,1.699984433740220524e+01,1.650458790543337528e+01,1.679143490055882992e+01,2.117252734024077654e-06,5.423414969321266099e+00,0.000000000000000000e+00
9.302833343524803103e-05,1.699984503625217869e+01,1.650943599017943342e+01,1.679075333616447807e+01,1.927415723912417889e-06,5.405385825418159484e+00,0.000000000000000000e+00
9.312833343524803346e-05,1.699984572849188424e+01,1.651423656364084636e+01,1.679007176946605284e+01,1.756612618919461966e-06,5.387420929794666691e+00,0.000000000000000000e+00
9.322833343524803589e-05,1.699984641446026501e+01,1.651899009157718368e+01,1.678939020049355335e+01,1.602784323040395975e-06,5.369520054040076928e+00,0.000000000000000000e+00
9.332833343524803832e-05,1.699984709445712738e+01,1.652369703515068267e+01,1.678870862927588448e+01,1.464119122829288244e-06,5.351682970514739068e+00,0.000000000000000000e+00
9.342833343524804075e-05,1.699984776874853765e+01,1.652835785097801136e+01,1.678802705584094923e+01,1.338994479738175869e-06,5.333909452352770586e+00,0.000000000000000000e+00
9.352833343524804318e-05,1.699984843757076547e+01,1.653297299117622998e+01,1.678734548021575179e+01,1.225991582032293081e-06,5.316199273463265484e+00,0.000000000000000000e+00
9.362833343524804561e-05,1.699984910113464309e+01,1.653754290341364452e+01,1.678666390242646855e+01,1.123837137129157782e-06,5.298552208531978280e+00,0.000000000000000000e+00
9.372833343524804804e-05,1.699984975962816236e+01,1.654206803095216571e+01,1.678598232249853339e+01,1.031425199471414089e-06,5.280968033021190777e+00,0.000000000000000000e+00
9.382833343524805047e-05,1.699985041322004520e+01,1.654654881269743782e+01,1.678530074045666609e+01,9.477007552050054073e-07,5.263446523170580704e+00,0.000000000000000000e+00
9.392833343524805291e-05,1.699985106206153773e+01,1.655098568323955277e+01,1.678461915632498247e+01,8.718561730347573757e-07,5.245987455996291793e+00,0.000000000000000000e+00
9.402833343524805534e-05,1.699985170628909614e+01,1.655537907290059252e+01,1.678393757012699794e+01,8.030183380469679832e-07,5.228590609290896474e+00,0.000000000000000000e+00
9.412833343524805777e-05,1.699985234602581841e+01,1.655972940777552793e+01,1.678325598188568790e+01,7.405251380987465382e-07,5.211255761622124894e+00,0.000000000000000000e+00
9.422833343524806020e-05,1.699985298138344447e+01,1.656403710977708243e+01,1.678257439162352327e+01,6.837144610472023487e-07,5.193982692332157924e+00,0.000000000000000000e+00
9.432833343524806263e-05,1.699985361246352156e+01,1.656830259667675875e+01,1.678189279936251666e+01,6.320333341136574745e-07,5.176771181536068411e+00,0.000000000000000000e+00
9.442833343524806506e-05,1.699985423935874351e+01,1.657252628214703805e+01,1.678121120512424369e+01,5.849797162227332592e-07,5.159621010120473805e+00,0.000000000000000000e+00
9.452833343524806749e-05,1.699985486215384611e+01,1.657670857580139767e+01,1.678052960892986789e+01,5.421097739599645138e-07,5.142531959741724279e+00,0.000000000000000000e+00
9.462833343524806992e-05,1.699985548092674037e+01,1.658084988323619413e+01,1.677984801080017263e+01,5.030233296565711498e-07,5.125503812824328875e+00,0.000000000000000000e+00
9.472833343524807235e-05,1.699985609575800893e+01,1.658495060612403904e+01,1.677916641075513127e+01,4.658359102904796600e-07,5.108536355175981925e+00,0.000000000000000000e+00
9.482833343524807478e-05,1.699985670670606552e+01,1.658901114210610217e+01,1.677848480881516480e+01,4.333851393312215805e-07,5.091629366875174867e+00,0.000000000000000000e+00
9.492833343524807721e-05,1.699985731383036480e+01,1.659303188495214698e+01,1.677780320500012934e+01,4.036628524772822857e-07,5.074782634005945425e+00,0.000000000000000000e+00
9.502833343524807964e-05,1.699985791718778927e+01,1.659701322457903316e+01,1.677712159932951863e+01,3.765089786611497402e-07,5.057995941965984343e+00,0.000000000000000000e+00
9.512833343524808207e-05,1.699985851683242899e+01,1.660095554708617627e+01,1.677643999182248535e+01,3.515960997901856899e-07,5.041269076963779128e+00,0.000000000000000000e+00
9.522833343524808450e-05,1.699985911281499540e+01,1.660485923478870873e+01,1.677575838249790507e+01,3.287568688392639160e-07,5.024601825981310554e+00,0.000000000000000000e+00
9.532833343524808694e-05,1.699985970518320855e+01,1.660872466625456312e+01,1.677507677137439401e+01,3.078239387832581997e-07,5.007993976759710364e+00,0.000000000000000000e+00
9.542833343524808937e-05,1.699986029398218434e+01,1.661255221634229429e+01,1.677439515847030549e+01,2.885790308937430382e-07,4.991445317793136383e+00,0.000000000000000000e+00
9.552833343524809180e-05,1.699986087925474010e+01,1.661634225623781802e+01,1.677371354380373702e+01,2.708766260184347630e-07,4.974955638325152307e+00,0.000000000000000000e+00
9.562833343524809423e-05,1.699986146104124884e+01,1.662009515348808009e+01,1.677303192739255877e+01,2.546148607507348061e-07,4.958524728345537369e+00,0.000000000000000000e+00
9.572833343524809666e-05,1.699986203938037121e+01,1.662381127203969555e+01,1.677235030925440640e+01,2.396409399807453156e-07,4.942152378588268391e+00,0.000000000000000000e+00
9.582833343524809909e-05,1.699986261430893109e+01,1.662749097227288431e+01,1.677166868940670597e+01,2.258457243442535400e-07,4.925838380528688276e+00,0.000000000000000000e+00
9.592833343524810152e-05,1.699986318586230993e+01,1.663113461103698043e+01,1.677098706786665261e+01,2.131055225618183613e-07,4.909582526381344181e+00,0.000000000000000000e+00
9.602833343524810395e-05,1.699986375407436512e+01,1.663474254168489352e+01,1.677030544465124251e+01,2.013548510149121284e-07,4.893384609097239490e+00,0.000000000000000000e+00
9.612833343524810638e-05,1.699986431897774608e+01,1.663831511410760555e+01,1.676962381977726579e+01,1.904991222545504570e-07,4.877244422361604492e+00,0.000000000000000000e+00
9.622833343524810881e-05,1.699986488060397249e+01,1.664185267476839769e+01,1.676894219326131363e+01,1.804437488317489624e-07,4.861161760591379277e+00,0.000000000000000000e+00
9.632833343524811124e-05,1.699986543898333480e+01,1.664535556673511252e+01,1.676826056511979601e+01,1.711741788312792778e-07,4.845136418932549205e+00,0.000000000000000000e+00
9.642833343524811367e-05,1.699986599414550170e+01,1.664882412971629222e+01,1.676757893536892396e+01,1.625594450160861015e-07,4.829168193258196240e+00,0.000000000000000000e+00
9.652833343524811610e-05,1.699986654611905479e+01,1.665225870009127362e+01,1.676689730402472378e+01,1.545777195133268833e-07,4.813256880165438290e+00,0.000000000000000000e+00
9.662833343524811853e-05,1.699986709493183312e+01,1.665565961094426584e+01,1.676621567110306188e+01,1.471926225349307060e-07,4.797402276973283364e+00,0.000000000000000000e+00
9.672833343524812097e-05,1.699986764061103983e+01,1.665902719209671190e+01,1.676553403661960573e+01,1.403095666319131851e-07,4.781604181720162217e+00,0.000000000000000000e+00
9.682833343524812340e-05,1.699986818318299342e+01,1.666236177013779596e+01,1.676485240058987358e+01,1.339503796771168709e-07,4.765862393161173216e+00,0.000000000000000000e+00
9.692833343524812583e-05,1.699986872267369264e+01,1.666566366845922786e+01,1.676417076302918474e+01,1.279840944334864616e-07,4.750176710766092825e+00,0.000000000000000000e+00
9.702833343524812826e-05,1.699986925910826940e+01,1.666893320728246763e+01,1.676348912395272350e+01,1.224761945195496082e-07,4.734546934716362898e+00,0.000000000000000000e+00
9.712833343524813069e-05,1.699986979251160335e+01,1.667217070369386533e+01,1.676280748337549653e+01,1.173248165287077427e-07,4.718972865903156233e+00,0.000000000000000000e+00
9.722833343524813312e-05,1.699987032290795241e+01,1.667537647167266002e+01,1.676212584131235772e+01,1.125154085457324982e-07,4.703454305924521961e+00,0.000000000000000000e+00
9.732833343524813555e-05,1.699987085032101319e+01,1.667855082212144069e+01,1.676144419777800110e+01,1.080479705706238747e-07,4.687991057082991020e+00,0.000000000000000000e+00
9.742833343524813798e-05,1.699987137477426913e+01,1.668169406289870693e+01,1.676076255278695371e+01,1.038424670696258545e-07,4.672582922383382353e+00,0.000000000000000000e+00
9.752833343524814041e-05,1.699987189629068141e+01,1.668480649884603295e+01,1.676008090635360759e+01,9.994255378842353821e-08,4.657229705530086861e+00,0.000000000000000000e+00
9.762833343524814284e-05,1.699987241489284173e+01,1.668788843181890869e+01,1.675939925849220913e+01,9.628274710848927498e-08,4.641931210924706619e+00,0.000000000000000000e+00
9.772833343524814527e-05,1.699987293060303273e+01,1.669094016071580100e+01,1.675871760921684839e+01,9.287032298743724823e-08,4.626687243663679894e+00,0.000000000000000000e+00
9.782833343524814770e-05,1.699987344344316753e+01,1.669396198150726462e+01,1.675803595854146266e+01,8.965434972196817398e-08,4.611497609535787134e+00,0.000000000000000000e+00
9.792833343524815013e-05,1.699987395343473295e+01,1.669695418726337977e+01,1.675735430647986135e+01,8.666393114253878593e-08,4.596362115019633876e+00,0.000000000000000000e+00
9.802833343524815256e-05,1.699987446059920515e+01,1.669991706818512966e+01,1.675667265304569398e+01,8.382630767300724983e-08,4.581280567281648786e+00,0.000000000000000000e+00
9.812833343524815499e-05,1.699987496495741368e+01,1.670285091162836011e+01,1.675599099825248928e+01,8.117785910144448280e-08,4.566252774173008788e+00,0.000000000000000000e+00
9.822833343524815743e-05,1.699987546653020232e+01,1.670575600213578582e+01,1.675530934211363032e+01,7.867492968216538429e-08,4.551278544227908895e+00,0.000000000000000000e+00
9.832833343524815986e-05,1.699987596533803114e+01,1.670863262146155392e+01,1.675462768464236518e+01,7.633207133039832115e-08,4.536357686660743127e+00,0.000000000000000000e+00
9.842833343524816229e-05,1.699987646140111863e+01,1.671148104859985750e+01,1.675394602585179982e+01,7.412018021568655968e-08,4.521490011363844985e+00,0.000000000000000000e+00
9.852833343524816472e-05,1.699987695473940974e+01,1.671430155981170529e+01,1.675326436575492650e+01,7.204653229564428329e-08,4.506675328905071609e+00,0.000000000000000000e+00
9.862833343524816715e-05,1.699987744537267176e+01,1.671709442865176243e+01,1.675258270436458474e+01,7.006019586697220802e-08,4.491913450525537144e+00,0.000000000000000000e+00
9.872833343524816958e-05,1.699987793332035935e+01,1.671985992599445936e+01,1.675190104169350391e+01,6.821937859058380127e-08,4.477204188137047680e+00,0.000000000000000000e+00
9.882833343524817201e-05,1.699987841860191295e+01,1.672259832006172786e+01,1.675121937775426773e+01,6.645132089033722878e-08,4.462547354320109960e+00,0.000000000000000000e+00
9.892833343524817444e-05,1.699987890123629697e+01,1.672530987644617184e+01,1.675053771255934620e+01,6.479240255430340767e-08,4.447942762321048349e+00,0.000000000000000000e+00
9.902833343524817687e-05,1.699987938124237630e+01,1.672799485813925813e+01,1.674985604612108858e+01,6.322807166725397110e-08,4.433390226050061500e+00,0.000000000000000000e+00
9.912833343524817930e-05,1.699987985863895901e+01,1.673065352555684271e+01,1.674917437845169843e+01,6.172922439873218536e-08,4.418889560078923751e+00,0.000000000000000000e+00
9.922833343524818173e-05,1.699988033344438776e+01,1.673328613656164165e+01,1.674849270956329050e+01,6.033224053680896759e-08,4.404440579638233544e+00,0.000000000000000000e+00
9.932833343524818416e-05,1.699988080567710824e+01,1.673589294649208270e+01,1.674781103946782679e+01,5.897163646295666695e-08,4.390043100615645955e+00,0.000000000000000000e+00
9.942833343524818659e-05,1.699988127535518956e+01,1.673847420818396259e+01,1.674712936817716979e+01,5.770561983808875084e-08,4.375696939553089138e+00,0.000000000000000000e+00
9.952833343524818902e-05,1.699988174249650186e+01,1.674103017199605148e+01,1.674644769570305414e+01,5.648325895890593529e-08,4.361401913644659345e+00,0.000000000000000000e+00
9.962833343524819146e-05,1.699988220711894016e+01,1.674356108583525682e+01,1.674576602205710429e+01,5.533365765586495399e-08,4.347157840734480416e+00,0.000000000000000000e+00
9.972833343524819389e-05,1.699988266924008329e+01,1.674606719517916531e+01,1.674508434725083106e+01,5.423498805612325668e-08,4.332964539314117403e+00,0.000000000000000000e+00
9.982833343524819632e-05,1.699988312887717967e+01,1.674854874309930963e+01,1.674440267129563864e+01,5.322362994775176048e-08,4.318821828520254869e+00,0.000000000000000000e+00
9.992833343524819875e-05,1.699988358604776550e+01,1.675100597028863092e+01,1.674372099420278914e+01,5.219771992415189743e-08,4.304729528133050209e+00,0.000000000000000000e+00
1.000283334352482012e-04,1.699988404076870552e+01,1.675343911507890127e+01,1.674303931598345585e+01,5.125184543430805206e-08,4.290687458572874036e+00,0.000000000000000000e+00
1.001283334352482036e-04,1.699988449305709182e+01,1.675584841346918452e+01,1.674235763664869125e+01,5.033507477492094040e-08,4.276695440898992118e+00,0.000000000000000000e+00
1.002283334352482060e-04,1.699988494292968966e+01,1.675823409914530870e+01,1.674167595620945193e+01,4.946195986121892929e-08,4.262753296806714332e+00,0.000000000000000000e+00
1.003283334352482085e-04,1.699988539040313640e+01,1.676059640350413105e+01,1.674099427467656653e+01,4.862522473558783531e-08,4.248860848625364284e+00,0.000000000000000000e+00
1.004283334352482109e-04,1.699988583549382426e+01,1.676293555567441373e+01,1.674031259206078204e+01,4.784669727087020874e-08,4.235017919315929191e+00,0.000000000000000000e+00
1.005283334352482133e-04,1.699988627821823428e+01,1.676525178254173198e+01,1.673963090837272105e+01,4.706816980615258217e-08,4.221224332469136087e+00,0.000000000000000000e+00
1.006283334352482158e-04,1.699988671859250289e+01,1.676754530876764093e+01,1.673894922362290671e+01,4.634057404473423958e-08,4.207479912302813929e+00,0.000000000000000000e+00
1.007283334352482182e-04,1.699988715663263861e+01,1.676981635681261906e+01,1.673826753782175913e+01,4.563480615615844727e-08,4.193784483659888096e+00,0.000000000000000000e+00
1.008283334352482206e-04,1.699988759235464997e+01,1.677206514695845740e+01,1.673758585097958118e+01,4.495086614042520523e-08,4.180137872006314481e+00,0.000000000000000000e+00
1.009283334352482231e-04,1.699988802577424707e+01,1.677429189732787762e+01,1.673690416310660112e+01,4.431785782799124718e-08,4.166539903428548186e+00,0.000000000000000000e+00
1.010283334352482255e-04,1.699988845690707606e+01,1.677649682390684305e+01,1.673622247421292641e+01,4.368484951555728912e-08,4.152990404631601962e+00,0.000000000000000000e+00
1.011283334352482279e-04,1.699988888576864454e+01,1.677868014056519286e+01,1.673554078430857572e+01,4.310277290642261505e-08,4.139489202936797341e+00,0.000000000000000000e+00
1.012283334352482303e-04,1.699988931237432155e+01,1.678084205907734727e+01,1.673485909340346112e+01,4.251342033967375755e-08,4.126036126279542415e+00,0.000000000000000000e+00
1.013283334352482328e-04,1.699988973673928783e+01,1.678298278914254738e+01,1.673417740150739874e+01,4.196772351861000061e-08,4.112631003207164682e+00,0.000000000000000000e+00
1.014283334352482352e-04,1.699989015887874899e+01,1.678510253840633126e+01,1.673349570863010527e+01,4.142930265516042709e-08,4.099273662876930402e+00,0.000000000000000000e+00
1.015283334352482376e-04,1.699989057880761578e+01,1.678720151247869197e+01,1.673281401478121921e+01,4.090543370693922043e-08,4.085963935053559482e+00,0.000000000000000000e+00
1.016283334352482401e-04,1.699989099654080249e+01,1.678927991495617178e+01,1.673213231997025474e+01,4.038884071633219719e-08,4.072701650107410032e+00,0.000000000000000000e+00
1.017283334352482425e-04,1.699989141209298893e+01,1.679133794743970753e+01,1.673145062420665496e+01,3.990135155618190765e-08,4.059486639012044762e+00,0.000000000000000000e+00
1.018283334352482449e-04,1.699989182547876965e+01,1.679337580955524345e+01,1.673076892749977063e+01,3.944296622648835182e-08,4.046318733342303631e+00,0.000000000000000000e+00
1.019283334352482474e-04,1.699989223671262550e+01,1.679539369897283407e+01,1.673008722985885655e+01,3.899185685440897942e-08,4.033197765272106494e+00,0.000000000000000000e+00
1.020283334352482498e-04,1.699989264580890236e+01,1.679739181142554472e+01,1.672940553129306096e+01,3.855529939755797386e-08,4.020123567572341017e+00,0.000000000000000000e+00
1.021283334352482522e-04,1.699989305278194252e+01,1.679937034072970192e+01,1.672872383181145395e+01,3.810419002547860146e-08,4.007095973608848283e+00,0.000000000000000000e+00
1.022283334352482547e-04,1.699989345764567616e+01,1.680132947880069594e+01,1.672804213142303098e+01,3.771856427192687988e-08,3.994114817339951884e+00,0.000000000000000000e+00
1.023283334352482571e-04,1.699989386041424666e+01,1.680326941567524202e+01,1.672736043013667029e+01,3.730383468791842461e-08,3.981179933314930253e+00,0.000000000000000000e+00
1.024283334352482595e-04,1.699989426110156643e+01,1.680519033952797869e+01,1.672667872796118615e+01,3.690365701913833618e-08,3.968291156671543973e+00,0.000000000000000000e+00
1.025283334352482619e-04,1.699989465972132763e+01,1.680709243668849595e+01,1.672599702490530404e+01,3.654713509604334831e-08,3.955448323133921917e+00,0.000000000000000000e+00
1.026283334352482644e-04,1.699989505628718334e+01,1.680897589166148975e+01,1.672531532097765705e+01,3.617606125771999359e-08,3.942651269010672976e+00,0.000000000000000000e+00
1.027283334352482668e-04,1.699989545081274400e+01,1.681084088714414548e+01,1.672463361618679301e+01,3.580498741939663887e-08,3.929899831192837922e+00,0.000000000000000000e+00
1.028283334352482692e-04,1.699989584331148151e+01,1.681268760404376295e+01,1.672395191054117447e+01,3.546301741153001785e-08,3.917193847151686725e+00,0.000000000000000000e+00
1.029283334352482717e-04,1.699989623379657644e+01,1.681451622149346292e+01,1.672327020404918585e+01,3.512104740366339684e-08,3.904533154936544292e+00,0.000000000000000000e+00
1.030283334352482741e-04,1.699989662228137632e+01,1.681632691687308778e+01,1.672258849671912628e+01,3.479362931102514267e-08,3.891917593173188195e+00,0.000000000000000000e+00
1.031283334352482765e-04,1.699989700877893384e+01,1.681811986582334839e+01,1.672190678855921675e+01,3.448076313361525536e-08,3.879347001061367095e+00,0.000000000000000000e+00
1.032283334352482790e-04,1.699989739330219507e+01,1.681989524226396426e+01,1.672122507957760007e+01,3.417517291381955147e-08,3.866821218372926694e+00,0.000000000000000000e+00
1.033283334352482814e-04,1.699989777586419137e+01,1.682165321841140226e+01,1.672054336978231959e+01,3.384775482118129730e-08,3.854340085449996067e+00,0.000000000000000000e+00
1.034283334352482838e-04,1.699989815647767699e+01,1.682339396479380156e+01,1.671986165918136891e+01,3.357126843184232712e-08,3.841903443202593138e+00,0.000000000000000000e+00
1.035283334352482863e-04,1.699989853515526406e+01,1.682511765026837480e+01,1.671917994778264216e+01,3.328023012727499008e-08,3.829511133106745291e+00,0.000000000000000000e+00
1.036283334352482887e-04,1.699989891190964997e+01,1.682682444203865657e+01,1.671849823559396242e+01,3.298191586509346962e-08,3.817162997202744990e+00,0.000000000000000000e+00
1.037283334352482911e-04,1.699989928675324080e+01,1.682851450566895224e+01,1.671781652262307816e+01,3.271270543336868286e-08,3.804858878092726826e+00,0.000000000000000000e+00
1.038283334352482935e-04,1.699989965969844974e+01,1.683018800510161839e+01,1.671713480887765968e+01,3.243621904402971268e-08,3.792598618938997745e+00,0.000000000000000000e+00
1.039283334352482960e-04,1.699990003075751588e+01,1.683184510267229328e+01,1.671645309436529914e+01,3.217428456991910934e-08,3.780382063461880549e+00,0.000000000000000000e+00
1.040283334352482984e-04,1.699990039994270674e+01,1.683348595912677936e+01,1.671577137909352118e+01,3.191962605342268944e-08,3.768209055937925100e+00,0.000000000000000000e+00
1.041283334352483008e-04,1.699990076726608734e+01,1.683511073363497701e+01,1.671508966306977229e+01,3.165769157931208611e-08,3.756079441197718083e+00,0.000000000000000000e+00
1.042283334352483033e-04,1.699990113273959480e+01,1.683671958380710265e+01,1.671440794630143500e+01,3.143213689327239990e-08,3.743993064623968081e+00,0.000000000000000000e+00
1.043283334352483057e-04,1.699990149637521597e+01,1.683831266570983942e+01,1.671372622879579595e+01,3.117747837677598000e-08,3.731949772149761202e+00,0.000000000000000000e+00
1.044283334352483081e-04,1.699990185818466770e+01,1.683989013387949996e+01,1.671304451056009555e+01,3.093737177550792694e-08,3.719949410256262468e+00,0.000000000000000000e+00
1.045283334352483106e-04,1.699990221817968461e+01,1.684145214133893731e+01,1.671236279160148541e+01,3.068998921662569046e-08,3.707991825971094002e+00,0.000000000000000000e+00
1.046283334352483130e-04,1.699990257637198710e+01,1.684299883961188371e+01,1.671168107192705321e+01,3.044988261535763741e-08,3.696076866866324195e+00,0.000000000000000000e+00
1.047283334352483154e-04,1.699990293277296161e+01,1.684453037873588954e+01,1.671099935154382621e+01,3.023887984454631805e-08,3.684204381056241928e+00,0.000000000000000000e+00
1.048283334352483179e-04,1.699990328739405143e+01,1.684604690727916676e+01,1.671031763045875707e+01,3.003515303134918213e-08,3.672374217195830681e+00,0.000000000000000000e+00
1.049283334352483203e-04,1.699990364024665723e+01,1.684754857235462566e+01,1.670963590867871318e+01,2.980232238769531250e-08,3.660586224478747042e+00,0.000000000000000000e+00
1.050283334352483227e-04,1.699990399134194163e+01,1.684903551963254387e+01,1.670895418621052642e+01,2.960587153211236000e-08,3.648840252635203285e+00,0.000000000000000000e+00
1.051283334352483251e-04,1.699990434069120582e+01,1.685050789335693366e+01,1.670827246306093627e+01,2.938759280368685722e-08,3.637136151930448591e+00,0.000000000000000000e+00
1.052283334352483276e-04,1.699990468830542767e+01,1.685196583635720913e+01,1.670759073923662541e+01,2.918386599048972130e-08,3.625473773162410041e+00,0.000000000000000000e+00
1.053283334352483300e-04,1.699990503419564902e+01,1.685340949006426570e+01,1.670690901474420897e+01,2.897286321967840195e-08,3.613852967660202253e+00,0.000000000000000000e+00
1.054283334352483324e-04,1.699990537837272342e+01,1.685483899452231071e+01,1.670622728959024528e+01,2.879096427932381630e-08,3.602273587281985101e+00,0.000000000000000000e+00
1.055283334352483349e-04,1.699990572084747242e+01,1.685625448840350771e+01,1.670554556378122157e+01,2.859451342374086380e-08,3.590735484413224654e+00,0.000000000000000000e+00
1.056283334352483373e-04,1.699990606163060036e+01,1.685765610902091893e+01,1.670486383732355407e+01,2.840533852577209473e-08,3.579238511964765834e+00,0.000000000000000000e+00
1.057283334352483397e-04,1.699990640073280090e+01,1.685904399234281570e+01,1.670418211022360566e+01,2.820888767018914223e-08,3.567782523371059611e+00,0.000000000000000000e+00
1.058283334352483422e-04,1.699990673816459008e+01,1.686041827300406837e+01,1.670350038248768598e+01,2.804881660267710686e-08,3.556367372588152165e+00,0.000000000000000000e+00
1.059283334352483446e-04,1.699990707393650879e+01,1.686177908432126316e+01,1.670281865412201938e+01,2.785236574709415436e-08,3.544992914092011560e+00,0.000000000000000000e+00
1.060283334352483470e-04,1.699990740805887057e+01,1.686312655830350238e+01,1.670213692513278403e+01,2.767774276435375214e-08,3.533659002876463617e+00,0.000000000000000000e+00
1.061283334352483495e-04,1.699990774054209197e+01,1.686446082566742533e+01,1.670145519552608704e+01,2.748856786638498306e-08,3.522365494451653589e+00,0.000000000000000000e+00
1.062283334352483519e-04,1.699990807139635152e+01,1.686578201584787706e+01,1.670077346530799645e+01,2.733577275648713112e-08,3.511112244841907426e+00,0.000000000000000000e+00
1.063283334352483543e-04,1.699990840063180997e+01,1.686709025701138032e+01,1.670009173448450568e+01,2.716114977374672890e-08,3.499899110584102857e+00,0.000000000000000000e+00
1.064283334352483567e-04,1.699990872825859256e+01,1.686838567606926631e+01,1.669941000306154066e+01,2.697925083339214325e-08,3.488725948725830861e+00,0.000000000000000000e+00
1.065283334352483592e-04,1.699990905428660781e+01,1.686966839868813395e+01,1.669872827104498825e+01,2.682645572349429131e-08,3.477592616823416805e+00,0.000000000000000000e+00
1.066283334352483616e-04,1.699990937872589924e+01,1.687093854930450121e+01,1.669804653844067133e+01,2.667366061359643936e-08,3.466498972940462053e+00,0.000000000000000000e+00
1.067283334352483640e-04,1.699990970158614090e+01,1.687219625113354482e+01,1.669736480525435240e+01,2.649176167324185371e-08,3.455444875645538261e+00,0.000000000000000000e+00
1.068283334352483665e-04,1.699991002287721642e+01,1.687344162618469667e+01,1.669668307149174069e+01,2.636079443618655205e-08,3.444430184010986551e+00,0.000000000000000000e+00
1.069283334352483689e-04,1.699991034260882827e+01,1.687467479527141023e+01,1.669600133715848500e+01,2.619344741106033325e-08,3.433454757610713060e+00,0.000000000000000000e+00
1.070283334352483713e-04,1.699991066079058655e+01,1.687589587802275304e+01,1.669531960226018441e+01,2.604065230116248131e-08,3.422518456518513830e+00,0.000000000000000000e+00
1.071283334352483738e-04,1.699991097743201252e+01,1.687710499289569910e+01,1.669463786680237405e+01,2.588785719126462936e-08,3.411621141306307337e+00,0.000000000000000000e+00
1.072283334352483762e-04,1.699991129254254574e+01,1.687830225718613164e+01,1.669395613079054641e+01,2.574233803898096085e-08,3.400762673042370565e+00,0.000000000000000000e+00
1.073283334352483786e-04,1.699991160613164709e+01,1.687948778704129538e+01,1.669327439423013359e+01,2.559681888669729233e-08,3.389942913289672788e+00,0.000000000000000000e+00
1.074283334352483810e-04,1.699991191820858205e+01,1.688066169746917566e+01,1.669259265712651796e+01,2.545857569202780724e-08,3.379161724103921571e+00,0.000000000000000000e+00
1.075283334352483835e-04,1.699991222878268360e+01,1.688182410235178565e+01,1.669191091948501793e+01,2.529850462451577187e-08,3.368418968032047545e+00,0.000000000000000000e+00
1.076283334352483859e-04,1.699991253786306089e+01,1.688297511445405163e+01,1.669122918131091993e+01,2.517481334507465363e-08,3.357714508110202445e+00,0.000000000000000000e+00
1.077283334352483883e-04,1.699991284545892611e+01,1.688411484543718188e+01,1.669054744260944290e+01,2.502929419279098511e-08,3.347048207862313163e+00,0.000000000000000000e+00
1.078283334352483908e-04,1.699991315157915039e+01,1.688524340586621264e+01,1.668986570338575604e+01,2.490560291334986687e-08,3.336419931297928798e+00,0.000000000000000000e+00
1.079283334352483932e-04,1.699991345623283223e+01,1.688636090522438238e+01,1.668918396364498591e+01,2.476008376106619835e-08,3.325829542911090897e+00,0.000000000000000000e+00
1.080283334352483956e-04,1.699991375942885341e+01,1.688746745192140253e+01,1.668850222339219513e+01,2.462911652401089668e-08,3.315276907678109453e+00,0.000000000000000000e+00
1.081283334352483981e-04,1.699991406117607440e+01,1.688856315330486879e+01,1.668782048263241791e+01,2.450542524456977844e-08,3.304761891056076095e+00,0.000000000000000000e+00
1.082283334352484005e-04,1.699991436148325263e+01,1.688964811566988899e+01,1.668713874137061026e+01,2.436718204990029335e-08,3.294284358981100169e+00,0.000000000000000000e+00
1.083283334352484029e-04,1.699991466035908871e+01,1.689072244427013558e+01,1.668645699961170692e+01,2.423621481284499168e-08,3.283844177866608760e+00,0.000000000000000000e+00
1.084283334352484054e-04,1.699991495781217310e+01,1.689178624332753031e+01,1.668577525736058575e+01,2.411979949101805687e-08,3.273441214601618299e+00,0.000000000000000000e+00
1.085283334352484078e-04,1.699991525385114954e+01,1.689283961604344952e+01,1.668509351462206780e+01,2.398883225396275520e-08,3.263075336549233540e+00,0.000000000000000000e+00
1.086283334352484102e-04,1.699991554848449837e+01,1.689388266460687049e+01,1.668441177140092790e+01,2.385786501690745354e-08,3.252746411544702454e+00,0.000000000000000000e+00
1.087283334352484126e-04,1.699991584172069636e+01,1.689491549020632633e+01,1.668373002770191249e+01,2.374144969508051872e-08,3.242454307893925858e+00,0.000000000000000000e+00
1.088283334352484151e-04,1.699991613356805331e+01,1.689593819303766864e+01,1.668304828352970048e+01,2.362503437325358391e-08,3.232198894371624220e+00,0.000000000000000000e+00
1.089283334352484175e-04,1.699991642403494652e+01,1.689695087231589099e+01,1.668236653888893173e+01,2.350861905142664909e-08,3.221980040219882824e+00,0.000000000000000000e+00
1.090283334352484199e-04,1.699991671312962183e+01,1.689795362628290576e+01,1.668168479378420699e+01,2.339220372959971428e-08,3.211797615146334550e+00,0.000000000000000000e+00
1.091283334352484224e-04,1.699991700086016877e+01,1.689894655221753439e+01,1.668100304822008439e+01,2.329761628061532974e-08,3.201651489322442146e+00,0.000000000000000000e+00
1.092283334352484248e-04,1.699991728723489715e+01,1.689992974644692936e+01,1.668032130220104747e+01,2.314482117071747780e-08,3.191541533382249440e+00,0.000000000000000000e+00
1.093283334352484272e-04,1.699991757226175793e+01,1.690090330435254984e+01,1.667963955573156909e+01,2.305023372173309326e-08,3.181467618420152021e+00,0.000000000000000000e+00
1.094283334352484297e-04,1.699991785594873051e+01,1.690186732038142381e+01,1.667895780881607948e+01,2.294109435752034187e-08,3.171429615989644901e+00,0.000000000000000000e+00
1.095283334352484321e-04,1.699991813830387599e+01,1.690282188805580788e+01,1.667827606145893782e+01,2.282467903569340706e-08,3.161427398101753994e+00,0.000000000000000000e+00
1.096283334352484345e-04,1.699991841933502812e+01,1.690376709998057692e+01,1.667759431366448197e+01,2.271553967148065567e-08,3.151460837223101663e+00,0.000000000000000000e+00
1.097283334352484370e-04,1.699991869904998154e+01,1.690470304785307931e+01,1.667691256543700007e+01,2.262095222249627113e-08,3.141529806274455439e+00,0.000000000000000000e+00
1.098283334352484394e-04,1.699991897745659131e+01,1.690562982247283585e+01,1.667623081678073760e+01,2.250453690066933632e-08,3.131634178629250087e+00,0.000000000000000000e+00
1.099283334352484418e-04,1.699991925456250996e+01,1.690654751374867359e+01,1.667554906769990097e+01,2.240267349407076836e-08,3.121773828111683358e+00,0.000000000000000000e+00
1.100283334352484442e-04,1.699991953037535097e+01,1.690745621070829330e+01,1.667486731819865753e+01,2.231536200270056725e-08,3.111948628995309107e+00,0.000000000000000000e+00
1.101283334352484467e-04,1.699991980490277754e+01,1.690835600150748164e+01,1.667418556828112841e+01,2.220622263848781586e-08,3.102158456001495423e+00,0.000000000000000000e+00
1.102283334352484491e-04,1.699992007815237116e+01,1.690924697343805860e+01,1.667350381795139924e+01,2.208980731666088104e-08,3.092403184297733532e+00,0.000000000000000000e+00
1.103283334352484515e-04,1.699992035013154990e+01,1.691012921293577520e+01,1.667282206721351301e+01,2.200249582529067993e-08,3.082682689495936046e+00,0.000000000000000000e+00
1.104283334352484540e-04,1.699992062084772115e+01,1.691100280558934088e+01,1.667214031607147362e+01,2.190790837630629539e-08,3.072996847651058516e+00,0.000000000000000000e+00
1.105283334352484564e-04,1.699992089030831721e+01,1.691186783614919520e+01,1.667145856452923880e+01,2.179876901209354401e-08,3.063345535259518471e+00,0.000000000000000000e+00
1.106283334352484588e-04,1.699992115852069574e+01,1.691272438853519944e+01,1.667077681259073785e+01,2.170418156310915947e-08,3.053728629257530969e+00,0.000000000000000000e+00
1.107283334352484613e-04,1.699992142549204743e+01,1.691357254584393033e+01,1.667009506025985743e+01,2.161687007173895836e-08,3.044146007019483235e+00,0.000000000000000000e+00
1.108283334352484637e-04,1.699992169122964469e+01,1.691441239035865962e+01,1.666941330754045225e+01,2.150773070752620697e-08,3.034597546356589959e+00,0.000000000000000000e+00
1.109283334352484661e-04,1.699992195574057874e+01,1.691524400355520541e+01,1.666873155443633081e+01,2.142769517377018929e-08,3.025083125515124038e+00,0.000000000000000000e+00
1.110283334352484686e-04,1.699992221903205447e+01,1.691606746611197565e+01,1.666804980095125899e+01,2.131855580955743790e-08,3.015602623175109187e+00,0.000000000000000000e+00
1.111283334352484710e-04,1.699992248111103876e+01,1.691688285791557078e+01,1.666736804708898489e+01,2.124579623341560364e-08,3.006155918448458308e+00,0.000000000000000000e+00
1.112283334352484734e-04,1.699992274198467612e+01,1.691769025807106530e+01,1.666668629285319980e+01,2.113665686920285225e-08,2.996742890877861498e+00,0.000000000000000000e+00
1.113283334352484758e-04,1.699992300165976289e+01,1.691848974490633495e+01,1.666600453824757722e+01,2.107117325067520142e-08,2.987363420434720140e+00,0.000000000000000000e+00
1.114283334352484783e-04,1.699992326014327304e+01,1.691928139598346092e+01,1.666532278327573380e+01,2.096203388646245003e-08,2.978017387518111292e+00,0.000000000000000000e+00
1.115283334352484807e-04,1.699992351744197094e+01,1.692006528810282262e+01,1.666464102794127200e+01,2.088927431032061577e-08,2.968704672952959811e+00,0.000000000000000000e+00
1.116283334352484831e-04,1.699992377356278439e+01,1.692084149731372023e+01,1.666395927224773743e+01,2.080196281895041466e-08,2.959425157988830435e+00,0.000000000000000000e+00
1.117283334352484856e-04,1.699992402851249551e+01,1.692161009891956880e+01,1.666327751619866149e+01,2.070009941235184669e-08,2.950178724298144317e+00,0.000000000000000000e+00
1.118283334352484880e-04,1.699992428229761643e+01,1.692237116748438197e+01,1.666259575979753293e+01,2.064189175143837929e-08,2.940965253974519911e+00,0.000000000000000000e+00
1.119283334352484904e-04,1.699992453492493283e+01,1.692312477684312455e+01,1.666191400304780501e+01,2.054002834483981133e-08,2.931784629531877684e+00,0.000000000000000000e+00
1.120283334352484929e-04,1.699992478640113802e+01,1.692387100010707712e+01,1.666123224595289187e+01,2.046726876869797707e-08,2.922636733902495010e+00,0.000000000000000000e+00
1.121283334352484953e-04,1.699992503673258071e+01,1.692460990966906564e+01,1.666055048851618636e+01,2.039450919255614281e-08,2.913521450435345272e+00,0.000000000000000000e+00
1.122283334352484977e-04,1.699992528592596486e+01,1.692534157721515342e+01,1.665986873074103869e+01,2.029992174357175827e-08,2.904438662895264756e+00,0.000000000000000000e+00
1.123283334352485002e-04,1.699992553398762141e+01,1.692606607372662708e+01,1.665918697263077064e+01,2.023443812504410744e-08,2.895388255460774829e+00,0.000000000000000000e+00
1.124283334352485026e-04,1.699992578092410511e+01,1.692678346949080037e+01,1.665850521418866492e+01,2.013257471844553947e-08,2.886370112723206205e+00,0.000000000000000000e+00
1.125283334352485050e-04,1.699992602674160835e+01,1.692749383410415831e+01,1.665782345541798293e+01,2.007436705753207207e-08,2.877384119684622377e+00,0.000000000000000000e+00
1.126283334352485074e-04,1.699992627144657220e+01,1.692819723648278085e+01,1.665714169632194697e+01,1.999433152377605438e-08,2.868430161757004271e+00,0.000000000000000000e+00
1.127283334352485099e-04,1.699992651504529917e+01,1.692889374486700405e+01,1.665645993690374382e+01,1.991429599002003670e-08,2.859508124760365533e+00,0.000000000000000000e+00
1.128283334352485123e-04,1.699992675754393190e+01,1.692958342682753425e+01,1.665577817716653541e+01,1.984153641387820244e-08,2.850617894921308348e+00,0.000000000000000000e+00
1.129283334352485147e-04,1.699992699894871251e+01,1.693026634927368335e+01,1.665509641711345523e+01,1.976150088012218475e-08,2.841759358871833285e+00,0.000000000000000000e+00
1.130283334352485172e-04,1.699992723926585114e+01,1.693094257845900330e+01,1.665441465674760124e+01,1.968874130398035049e-08,2.832932403647776098e+00,0.000000000000000000e+00
1.131283334352485196e-04,1.699992747850138031e+01,1.693161217998711976e+01,1.665373289607204299e+01,1.960870577022433281e-08,2.824136916687184140e+00,0.000000000000000000e+00
1.132283334352485220e-04,1.699992771666135027e+01,1.693227521881873088e+01,1.665305113508982515e+01,1.955049810931086540e-08,2.815372785829147517e+00,0.000000000000000000e+00
1.133283334352485245e-04,1.699992795375183618e+01,1.693293175927865590e+01,1.665236937380394622e+01,1.947046257555484772e-08,2.806639899312306952e+00,0.000000000000000000e+00
1.134283334352485269e-04,1.699992818977871778e+01,1.693358186506017304e+01,1.665168761221739047e+01,1.939770299941301346e-08,2.797938145773285257e+00,0.000000000000000000e+00
1.135283334352485293e-04,1.699992842474803112e+01,1.693422559923345005e+01,1.665100585033310665e+01,1.931766746565699577e-08,2.789267414245575338e+00,0.000000000000000000e+00
1.136283334352485318e-04,1.699992865866556357e+01,1.693486302424937406e+01,1.665032408815401510e+01,1.925945980474352837e-08,2.780627594157701665e+00,0.000000000000000000e+00
1.137283334352485342e-04,1.699992889153720199e+01,1.693549420194759492e+01,1.664964232568300773e+01,1.918670022860169411e-08,2.772018575332252155e+00,0.000000000000000000e+00
1.138283334352485366e-04,1.699992912336879058e+01,1.693611919356167661e+01,1.664896056292295157e+01,1.912121661007404327e-08,2.763440247984247478e+00,0.000000000000000000e+00
1.139283334352485390e-04,1.699992935416603501e+01,1.693673805972423807e+01,1.664827879987667814e+01,1.906300894916057587e-08,2.754892502719702208e+00,0.000000000000000000e+00
1.140283334352485415e-04,1.699992958393473330e+01,1.693735086047470517e+01,1.664759703654699763e+01,1.897569745779037476e-08,2.746375230534432887e+00,0.000000000000000000e+00
1.141283334352485439e-04,1.699992981268047387e+01,1.693795765526296293e+01,1.664691527293670248e+01,1.893204171210527420e-08,2.737888322812374042e+00,0.000000000000000000e+00
1.142283334352485463e-04,1.699993004040900857e+01,1.693855850295736332e+01,1.664623350904853893e+01,1.885928213596343994e-08,2.729431671324604736e+00,0.000000000000000000e+00
1.143283334352485488e-04,1.699993026712583699e+01,1.693915346184814297e+01,1.664555174488523193e+01,1.880835043266415596e-08,2.721005168227517146e+00,0.000000000000000000e+00
1.144283334352485512e-04,1.699993049283660795e+01,1.693974258965535640e+01,1.664486998044947441e+01,1.873559085652232170e-08,2.712608706061860886e+00,0.000000000000000000e+00
1.145283334352485536e-04,1.699993071754676421e+01,1.694032594353224752e+01,1.664418821574394514e+01,1.867010723799467087e-08,2.704242177751018161e+00,0.000000000000000000e+00
1.146283334352485561e-04,1.699993094126187643e+01,1.694090358007299812e+01,1.664350645077128732e+01,1.859734766185283661e-08,2.695905476599993023e+00,0.000000000000000000e+00
1.147283334352485585e-04,1.699993116398730919e+01,1.694147555531599991e+01,1.664282468553413352e+01,1.855369191616773605e-08,2.687598496293688299e+00,0.000000000000000000e+00
1.148283334352485609e-04,1.699993138572850526e+01,1.694204192475122284e+01,1.664214292003507367e+01,1.848093234002590179e-08,2.679321130895878866e+00,0.000000000000000000e+00
1.149283334352485634e-04,1.699993160649089319e+01,1.694260274332480876e+01,1.664146115427667638e+01,1.843000063672661781e-08,2.671073274847717727e+00,0.000000000000000000e+00
1.150283334352485658e-04,1.699993182627972033e+01,1.694315806544352299e+01,1.664077938826149250e+01,1.835724106058478355e-08,2.662854822966298940e+00,0.000000000000000000e+00
1.151283334352485682e-04,1.699993204510035838e+01,1.694370794498196986e+01,1.664009762199203735e+01,1.830630935728549957e-08,2.654665670443543846e+00,0.000000000000000000e+00
1.152283334352485706e-04,1.699993226295805115e+01,1.694425243528593583e+01,1.663941585547080848e+01,1.824810169637203217e-08,2.646505712844689384e+00,0.000000000000000000e+00
1.153283334352485731e-04,1.699993247985800693e+01,1.694479158917859252e+01,1.663873408870027504e+01,1.818989403545856476e-08,2.638374846107007343e+00,0.000000000000000000e+00
1.154283334352485755e-04,1.699993269580537714e+01,1.694532545896513298e+01,1.663805232168288484e+01,1.814623828977346420e-08,2.630272966538470314e+00,0.000000000000000000e+00
1.155283334352485779e-04,1.699993291080539493e+01,1.694585409643890017e+01,1.663737055442105373e+01,1.808803062885999680e-08,2.622199970816579295e+00,0.000000000000000000e+00
1.156283334352485804e-04,1.699993312486304475e+01,1.694637755288424685e+01,1.663668878691719044e+01,1.803709892556071281e-08,2.614155755986702800e+00,0.000000000000000000e+00
1.157283334352485828e-04,1.699993333798356332e+01,1.694689587908454342e+01,1.663600701917366109e+01,1.796433934941887856e-08,2.606140219461291707e+00,0.000000000000000000e+00
1.158283334352485852e-04,1.699993355017195995e+01,1.694740912532454047e+01,1.663532525119282113e+01,1.792068360373377800e-08,2.598153259018067374e+00,0.000000000000000000e+00
1.159283334352485877e-04,1.699993376143321200e+01,1.694791734139591100e+01,1.663464348297699757e+01,1.785519998520612717e-08,2.590194773883760959e+00,0.000000000000000000e+00
1.160283334352485901e-04,1.699993397177225773e+01,1.694842057660229884e+01,1.663396171452849970e+01,1.779699232429265976e-08,2.582264663243238445e+00,0.000000000000000000e+00
1.161283334352485925e-04,1.699993418119409938e+01,1.694891887976467970e+01,1.663327994584961544e+01,1.776061253622174263e-08,2.574362826497411660e+00,0.000000000000000000e+00
1.162283334352485950e-04,1.699993438970360415e+01,1.694941229922517678e+01,1.663259817694259723e+01,1.769512891769409180e-08,2.566489163425547559e+00,0.000000000000000000e+00
1.163283334352485974e-04,1.699993459730570677e+01,1.694990088285243601e+01,1.663191640780968328e+01,1.764419721439480782e-08,2.558643574253029129e+00,0.000000000000000000e+00
1.164283334352485998e-04,1.699993480400514301e+01,1.695038467804530669e+01,1.663123463845310468e+01,1.760054146870970726e-08,2.550825959689889899e+00,0.000000000000000000e+00
1.165283334352486022e-04,1.699993500980672323e+01,1.695086373173817051e+01,1.663055286887504636e+01,1.753505785018205643e-08,2.543036220963807992e+00,0.000000000000000000e+00
1.166283334352486047e-04,1.699993521471527913e+01,1.695133809040613926e+01,1.662987109907768968e+01,1.749140210449695587e-08,2.535274259855027523e+00,0.000000000000000000e+00
1.167283334352486071e-04,1.699993541873546476e+01,1.695180780006775123e+01,1.662918932906318048e+01,1.745502231642603874e-08,2.527539978736907500e+00,0.000000000000000000e+00
1.168283334352486095e-04,1.699993562187201945e+01,1.695227290629153316e+01,1.662850755883365395e+01,1.738953869789838791e-08,2.519833280625038086e+00,0.000000000000000000e+00
1.169283334352486120e-04,1.699993582412955462e+01,1.695273345419834854e+01,1.662782578839121328e+01,1.733860699459910393e-08,2.512154069235801757e+00,0.000000000000000000e+00
1.170283334352486144e-04,1.699993602551275629e+01,1.695318948846787066e+01,1.662714401773795103e+01,1.728039933368563652e-08,2.504502249057516394e+00,0.000000000000000000e+00
1.171283334352486168e-04,1.699993622602611865e+01,1.695364105334075333e+01,1.662646224687593843e+01,1.725129550322890282e-08,2.496877725435613371e+00,0.000000000000000000e+00
1.172283334352486193e-04,1.699993642567423890e+01,1.695408819262485878e+01,1.662578047580722540e+01,1.718581188470125198e-08,2.489280404675707103e+00,0.000000000000000000e+00
1.173283334352486217e-04,1.699993662446167519e+01,1.695453094969867891e+01,1.662509870453383343e+01,1.713488018140196800e-08,2.481710194167087380e+00,0.000000000000000000e+00
1.174283334352486241e-04,1.699993682239278669e+01,1.695496936751466421e+01,1.662441693305778401e+01,1.709122443571686745e-08,2.474167002530910153e+00,0.000000000000000000e+00
1.175283334352486265e-04,1.699993701947210312e+01,1.695540348860540902e+01,1.662373516138105956e+01,1.704756869003176689e-08,2.466650739798653902e+00,0.000000000000000000e+00
1.176283334352486290e-04,1.699993721570393745e+01,1.695583335508575473e+01,1.662305338950563183e+01,1.701846485957503319e-08,2.459161317625092380e+00,0.000000000000000000e+00
1.177283334352486314e-04,1.699993741109251388e+01,1.695625900865745805e+01,1.662237161743345837e+01,1.697480911388993263e-08,2.451698649543885722e+00,0.000000000000000000e+00
1.178283334352486338e-04,1.699993760564230172e+01,1.695668049061522353e+01,1.662168984516646120e+01,1.692387741059064865e-08,2.444262651273593434e+00,0.000000000000000000e+00
1.179283334352486363e-04,1.699993779935743632e+01,1.695709784184731106e+01,1.662100807270655167e+01,1.687294570729136467e-08,2.436853241082429733e+00,0.000000000000000000e+00
1.180283334352486387e-04,1.699993799224204238e+01,1.695751110284147956e+01,1.662032630005562694e+01,1.682201400399208069e-08,2.429470340224932912e+00,0.000000000000000000e+00
1.181283334352486411e-04,1.699993818430028369e+01,1.695792031368942432e+01,1.661964452721556285e+01,1.677835825830698013e-08,2.422113873462729217e+00,0.000000000000000000e+00
1.182283334352486436e-04,1.699993837553609666e+01,1.695832551408877009e+01,1.661896275418822455e+01,1.675653038546442986e-08,2.414783769685104886e+00,0.000000000000000000e+00
1.183283334352486460e-04,1.699993856595343900e+01,1.695872674334880870e+01,1.661828098097543460e+01,1.669104676693677902e-08,2.407479962649000882e+00,0.000000000000000000e+00
1.184283334352486484e-04,1.699993875555625777e+01,1.695912404039382437e+01,1.661759920757902265e+01,1.664739102125167847e-08,2.400202391859581397e+00,0.000000000000000000e+00
1.185283334352486509e-04,1.699993894434808794e+01,1.695951744376457526e+01,1.661691743400079346e+01,1.662556314840912819e-08,2.392951003617300287e+00,0.000000000000000000e+00
1.186283334352486533e-04,1.699993913233273091e+01,1.695990699162672044e+01,1.661623566024252696e+01,1.656007952988147736e-08,2.385725752263549992e+00,0.000000000000000000e+00
1.187283334352486557e-04,1.699993931951354398e+01,1.696029272176959779e+01,1.661555388630599239e+01,1.653825165703892708e-08,2.378526601658405681e+00,0.000000000000000000e+00
1.188283334352486581e-04,1.699993950589391289e+01,1.696067467161318376e+01,1.661487211219294835e+01,1.650187186896800995e-08,2.371353526935370937e+00,0.000000000000000000e+00
1.189283334352486606e-04,1.699993969147696049e+01,1.696105287821048790e+01,1.661419033790511435e+01,1.645094016566872597e-08,2.364206516580827255e+00,0.000000000000000000e+00
1.190283334352486630e-04,1.699993987626557868e+01,1.696142737825073254e+01,1.661350856344421345e+01,1.641456037759780884e-08,2.357085574897412883e+00,0.000000000000000000e+00
1.191283334352486654e-04,1.699994006026238935e+01,1.696179820806335670e+01,1.661282678881195096e+01,1.638545654714107513e-08,2.349990724919010177e+00,0.000000000000000000e+00
1.192283334352486679e-04,1.699994024346984034e+01,1.696216540362235392e+01,1.661214501400999310e+01,1.632724888622760773e-08,2.342922011857023534e+00,0.000000000000000000e+00
1.193283334352486703e-04,1.699994042588984300e+01,1.696252900054753709e+01,1.661146323904001676e+01,1.629086909815669060e-08,2.335879507169817515e+00,0.000000000000000000e+00
1.194283334352486727e-04,1.699994060752418079e+01,1.696288903411123172e+01,1.661078146390367039e+01,1.623266143724322319e-08,2.328863313364134768e+00,0.000000000000000000e+00
1.195283334352486752e-04,1.699994078837385914e+01,1.696324553923779632e+01,1.661009968860258823e+01,1.621810952201485634e-08,2.321873569651357272e+00,0.000000000000000000e+00
1.196283334352486776e-04,1.699994096843958147e+01,1.696359855051009546e+01,1.660941791313839033e+01,1.617445377632975578e-08,2.314910458604657606e+00,0.000000000000000000e+00
1.197283334352486800e-04,1.699994114772127674e+01,1.696394810217170601e+01,1.660873613751267186e+01,1.613807398825883865e-08,2.307974213980651612e+00,0.000000000000000000e+00
1.198283334352486825e-04,1.699994132621798570e+01,1.696429422812854426e+01,1.660805436172702798e+01,1.611624611541628838e-08,2.301065129896739947e+00,0.000000000000000000e+00
1.199283334352486849e-04,1.699994150392810610e+01,1.696463696195545978e+01,1.660737258578301834e+01,1.605803845450282097e-08,2.294183571579930359e+00,0.000000000000000000e+00
1.200283334352486873e-04,1.699994168084871760e+01,1.696497633689608975e+01,1.660669080968220612e+01,1.603621058166027069e-08,2.287329987930743158e+00,0.000000000000000000e+00
1.201283334352486897e-04,1.699994185697583049e+01,1.696531238586824131e+01,1.660600903342612966e+01,1.600710675120353699e-08,2.280504926178180014e+00,0.000000000000000000e+00
1.202283334352486922e-04,1.699994203230392387e+01,1.696564514146578517e+01,1.660532725701631307e+01,1.595617504790425301e-08,2.273709048929188015e+00,0.000000000000000000e+00
1.203283334352486946e-04,1.699994220682581059e+01,1.696597463596222966e+01,1.660464548045426625e+01,1.592707121744751930e-08,2.266943153947856615e+00,0.000000000000000000e+00
1.204283334352486970e-04,1.699994238053213991e+01,1.696630090131273505e+01,1.660396370374147779e+01,1.588341547176241875e-08,2.260208197024324406e+00,0.000000000000000000e+00
1.205283334352486995e-04,1.699994255341125893e+01,1.696662396915768056e+01,1.660328192687943627e+01,1.585431164130568504e-08,2.253505318314571682e+00,0.000000000000000000e+00
1.206283334352487019e-04,1.699994272544881468e+01,1.696694387082590794e+01,1.660260014986959476e+01,1.581793185323476791e-08,2.246835872539495682e+00,0.000000000000000000e+00
1.207283334352487043e-04,1.699994289662719993e+01,1.696726063733666834e+01,1.660191837271341342e+01,1.577427610754966736e-08,2.240201463423959538e+00,0.000000000000000000e+00
1.208283334352487068e-04,1.699994306692503443e+01,1.696757429940273809e+01,1.660123659541233110e+01,1.573789631947875023e-08,2.233603982721840353e+00,0.000000000000000000e+00
1.209283334352487092e-04,1.699994323631656457e+01,1.696788488743205647e+01,1.660055481796776888e+01,1.572334440425038338e-08,2.227045654101903693e+00,0.000000000000000000e+00
1.210283334352487116e-04,1.699994340477104871e+01,1.696819243153190726e+01,1.659987304038112654e+01,1.566513674333691597e-08,2.220529082046819980e+00,0.000000000000000000e+00
1.211283334352487141e-04,1.699994357225185837e+01,1.696849696150952624e+01,1.659919126265381095e+01,1.565058482810854912e-08,2.214057305728040603e+00,0.000000000000000000e+00
1.212283334352487165e-04,1.699994373871570374e+01,1.696879850687517077e+01,1.659850948478720056e+01,1.562148099765181541e-08,2.207633857541244637e+00,0.000000000000000000e+00
1.213283334352487189e-04,1.699994390411177392e+01,1.696909709684509338e+01,1.659782770678265251e+01,1.558510120958089828e-08,2.201262825598533368e+00,0.000000000000000000e+00
1.214283334352487213e-04,1.699994406838035843e+01,1.696939276034140320e+01,1.659714592864152749e+01,1.555599737912416458e-08,2.194948918951965311e+00,0.000000000000000000e+00
1.215283334352487238e-04,1.699994423145223976e+01,1.696968552599732760e+01,1.659646415036515776e+01,1.551234163343906403e-08,2.188697533650561411e+00,0.000000000000000000e+00
1.216283334352487262e-04,1.699994439324692763e+01,1.696997542215522259e+01,1.659578237195487560e+01,1.549778971821069717e-08,2.182514816892254572e+00,0.000000000000000000e+00
1.217283334352487286e-04,1.699994455367187385e+01,1.697026247687159994e+01,1.659510059341198840e+01,1.545413397252559662e-08,2.176407725540027371e+00,0.000000000000000000e+00
1.218283334352487311e-04,1.699994471262100859e+01,1.697054671791645575e+01,1.659441881473780001e+01,1.544685801491141319e-08,2.170384074146010533e+00,0.000000000000000000e+00
1.219283334352487335e-04,1.699994486997374210e+01,1.697082817277672007e+01,1.659373703593358940e+01,1.540320226922631264e-08,2.164452566454444948e+00,0.000000000000000000e+00
1.220283334352487359e-04,1.699994502559389176e+01,1.697110686865714158e+01,1.659305525700063555e+01,1.536682248115539551e-08,2.158622803249894417e+00,0.000000000000000000e+00
1.221283334352487248e-04,1.699994517932872995e+01,1.697138283248115442e+01,1.659237347794019257e+01,1.534499460831284523e-08,2.152905258573161618e+00,0.000000000000000000e+00
1.222283334352487272e-04,1.699994533100883132e+01,1.697165609089465832e+01,1.659169169875350747e+01,1.532316673547029495e-08,2.147311215992257161e+00,0.000000000000000000e+00
1.223283334352487297e-04,1.699994548044772458e+01,1.697192667026585511e+01,1.659100991944180947e+01,1.527951098978519440e-08,2.141852657079926558e+00,0.000000000000000000e+00
1.224283334352487321e-04,1.699994562744273807e+01,1.697219459668977848e+01,1.659032814000632072e+01,1.525040715932846069e-08,2.136542095816146514e+00,0.000000000000000000e+00
1.225283334352487345e-04,1.699994577177594834e+01,1.697245989598885529e+01,1.658964636044824914e+01,1.522857928648591042e-08,2.131392355524855731e+00,0.000000000000000000e+00
1.226283334352487370e-04,1.699994591321661375e+01,1.697272259371827019e+01,1.658896458076879554e+01,1.519219949841499329e-08,2.126416289250743219e+00,0.000000000000000000e+00
1.227283334352487394e-04,1.699994605152386384e+01,1.697298271516891788e+01,1.658828280096913232e+01,1.515581971034407616e-08,2.121626449992941588e+00,0.000000000000000000e+00
1.228283334352487418e-04,1.699994618645050082e+01,1.697324028537136087e+01,1.658760102105043899e+01,1.514126779511570930e-08,2.117034723443982358e+00,0.000000000000000000e+00
1.229283334352487443e-04,1.699994631774799458e+01,1.697349532910317649e+01,1.658691924101386306e+01,1.509761204943060875e-08,2.112651942003550332e+00,0.000000000000000000e+00
1.230283334352487467e-04,1.699994644517142461e+01,1.697374787089255577e+01,1.658623746086056272e+01,1.509033609181642532e-08,2.108487503805536178e+00,0.000000000000000000e+00
1.231283334352487491e-04,1.699994656848592456e+01,1.697399793502840737e+01,1.658555568059165708e+01,1.503940438851714134e-08,2.104549023257433760e+00,0.000000000000000000e+00
1.232283334352487515e-04,1.699994668747221027e+01,1.697424554556399912e+01,1.658487390020828656e+01,1.503212843090295792e-08,2.100842039318740362e+00,0.000000000000000000e+00
1.233283334352487540e-04,1.699994680193307417e+01,1.697449072632655742e+01,1.658419211971156670e+01,1.500302460044622421e-08,2.097369804142065419e+00,0.000000000000000000e+00
1.234283334352487564e-04,1.699994691169891681e+01,1.697473350092517208e+01,1.658351033910259531e+01,1.498119672760367393e-08,2.094133168077595641e+00,0.000000000000000000e+00
1.235283334352487588e-04,1.699994701663243291e+01,1.697497389275619284e+01,1.658282855838246661e+01,1.495936885476112366e-08,2.091130568353314345e+00,0.000000000000000000e+00
1.236283334352487613e-04,1.699994711663265079e+01,1.697521192501168841e+01,1.658214677755225708e+01,1.492298906669020653e-08,2.088358119328376006e+00,0.000000000000000000e+00
1.237283334352487637e-04,1.699994721163735178e+01,1.697544762068436341e+01,1.658146499661305029e+01,1.488660927861928940e-08,2.085809793514203037e+00,0.000000000000000000e+00
1.238283334352487661e-04,1.699994730162432433e+01,1.697568100257177903e+01,1.658078321556591206e+01,1.487933332100510597e-08,2.083477675772270388e+00,0.000000000000000000e+00
1.239283334352487686e-04,1.699994738661122540e+01,1.697591209328018635e+01,1.658010143441190110e+01,1.485022949054837227e-08,2.081352268960515062e+00,0.000000000000000000e+00
1.240283334352487710e-04,1.699994746665440104e+01,1.697614091522849122e+01,1.657941965315206190e+01,1.482840161770582199e-08,2.079422827998092416e+00,0.000000000000000000e+00
1.241283334352487734e-04,1.699994754184610457e+01,1.697636749064762185e+01,1.657873787178743186e+01,1.479929778724908829e-08,2.077677700540643713e+00,0.000000000000000000e+00
1.242283334352487759e-04,1.699994761231094031e+01,1.697659184157997103e+01,1.657805609031905547e+01,1.478474587202072144e-08,2.076104655573429270e+00,0.000000000000000000e+00
1.243283334352487783e-04,1.699994767820221497e+01,1.697681398988210333e+01,1.657737430874794882e+01,1.474836608394980431e-08,2.074691185459071718e+00,0.000000000000000000e+00
1.244283334352487807e-04,1.699994773969694961e+01,1.697703395722003350e+01,1.657669252707512442e+01,1.474109012633562088e-08,2.073424771579402304e+00,0.000000000000000000e+00
1.245283334352487831e-04,1.699994779699158798e+01,1.697725176507115208e+01,1.657601074530158058e+01,1.469743438065052032e-08,2.072293108099035663e+00,0.000000000000000000e+00
1.246283334352487856e-04,1.699994785029685929e+01,1.697746743471889630e+01,1.657532896342832274e+01,1.467560650780797005e-08,2.071284282141560240e+00,0.000000000000000000e+00
1.247283334352487880e-04,1.699994789983347587e+01,1.697768098725255825e+01,1.657464718145633498e+01,1.466833055019378662e-08,2.070386911616761694e+00,0.000000000000000000e+00
1.248283334352487904e-04,1.699994794582819679e+01,1.697789244356720317e+01,1.657396539938659075e+01,1.463195076212286949e-08,2.069590244014317904e+00,0.000000000000000000e+00
1.249283334352487929e-04,1.699994798850960009e+01,1.697810182435892656e+01,1.657328361722007060e+01,1.461012288928031921e-08,2.068884220759525050e+00,0.000000000000000000e+00
1.250283334352487953e-04,1.699994802810505945e+01,1.697830915012583475e+01,1.657260183495773020e+01,1.458829501643776894e-08,2.068259512343100681e+00,0.000000000000000000e+00
1.251283334352487977e-04,1.699994806483790200e+01,1.697851444116651010e+01,1.657192005260051104e+01,1.456646714359521866e-08,2.067707529537829103e+00,0.000000000000000000e+00
1.252283334352488002e-04,1.699994809892511327e+01,1.697871771758006076e+01,1.657123827014936168e+01,1.455191522836685181e-08,2.067220415761294561e+00,0.000000000000000000e+00
1.253283334352488026e-04,1.699994813057561771e+01,1.697891899926690940e+01,1.657055648760520228e+01,1.451553544029593468e-08,2.066791025164560480e+00,0.000000000000000000e+00
1.254283334352488050e-04,1.699994815998844544e+01,1.697911830592565252e+01,1.656987470496897430e+01,1.451553544029593468e-08,2.066412890428916072e+00,0.000000000000000000e+00
1.255283334352488075e-04,1.699994818735236279e+01,1.697931565705835766e+01,1.656919292224157658e+01,1.447187969461083412e-08,2.066080183619829924e+00,0.000000000000000000e+00
1.256283334352488099e-04,1.699994821284465729e+01,1.697951107196772824e+01,1.656851113942391862e+01,1.446460373699665070e-08,2.065787672824207277e+00,0.000000000000000000e+00
1.257283334352488123e-04,1.699994823663139343e+01,1.697970456976177189e+01,1.656782935651688504e+01,1.442822394892573357e-08,2.065530676732016957e+00,0.000000000000000000e+00
1.258283334352488147e-04,1.699994825886686911e+01,1.697989616935299040e+01,1.656714757352136758e+01,1.440639607608318329e-08,2.065305018816866678e+00,0.000000000000000000e+00
1.259283334352488172e-04,1.699994827969362632e+01,1.698008588945928210e+01,1.656646579043824730e+01,1.439912011846899986e-08,2.065106982346511799e+00,0.000000000000000000e+00
1.260283334352488196e-04,1.699994829924323270e+01,1.698027374860887662e+01,1.656578400726838396e+01,1.437001628801226616e-08,2.064933267099153369e+00,0.000000000000000000e+00
1.261283334352488220e-04,1.699994831763633130e+01,1.698045976514008260e+01,1.656510222401263732e+01,1.434091245755553246e-08,2.064780948374401959e+00,0.000000000000000000e+00
1.262283334352488245e-04,1.699994833498319480e+01,1.698064395720388475e+01,1.656442044067186004e+01,1.433363649994134903e-08,2.064647438665774715e+00,0.000000000000000000e+00
1.263283334352488269e-04,1.699994835138435079e+01,1.698082634276634550e+01,1.656373865724689409e+01,1.431180862709879875e-08,2.064530452186877696e+00,0.000000000000000000e+00
1.264283334352488293e-04,1.699994836693100098e+01,1.698100693960990526e+01,1.656305687373856372e+01,1.428998075425624847e-08,2.064427972314179627e+00,0.000000000000000000e+00
1.265283334352488318e-04,1.699994838170580991e+01,1.698118576533621393e+01,1.656237509014770382e+01,1.427542883902788162e-08,2.064338221915713589e+00,0.000000000000000000e+00
1.266283334352488342e-04,1.699994839578353378e+01,1.698136283736877417e+01,1.656169330647512083e+01,1.426087692379951477e-08,2.064259636467854264e+00,0.000000000000000000e+00
1.267283334352488366e-04,1.699994840923158534e+01,1.698153817295458268e+01,1.656101152272162125e+01,1.421722117811441422e-08,2.064190839818675016e+00,0.000000000000000000e+00
1.268283334352488391e-04,1.699994842211053125e+01,1.698171178916549096e+01,1.656032973888800441e+01,1.421722117811441422e-08,2.064130622429161122e+00,0.000000000000000000e+00
1.269283334352488415e-04,1.699994843447488790e+01,1.698188370290220561e+01,1.655964795497505904e+01,1.418811734765768051e-08,2.064077921909214908e+00,0.000000000000000000e+00
1.270283334352488439e-04,1.699994844637343050e+01,1.698205393089422799e+01,1.655896617098357382e+01,1.418811734765768051e-08,2.064031805659174879e+00,0.000000000000000000e+00
1.271283334352488463e-04,1.699994845784988229e+01,1.698222248970374437e+01,1.655828438691431614e+01,1.415901351720094681e-08,2.063991455430539190e+00,0.000000000000000000e+00
1.272283334352488488e-04,1.699994846894339418e+01,1.698238939572693340e+01,1.655760260276806051e+01,1.413718564435839653e-08,2.063956153624461720e+00,0.000000000000000000e+00
1.273283334352488512e-04,1.699994847968882894e+01,1.698255466519530543e+01,1.655692081854556008e+01,1.411535777151584625e-08,2.063925271156037411e+00,0.000000000000000000e+00
1.274283334352488536e-04,1.699994849011729059e+01,1.698271831417820010e+01,1.655623903424757515e+01,1.410808181390166283e-08,2.063898256724087332e+00,0.000000000000000000e+00
1.275283334352488561e-04,1.699994850025658977e+01,1.698288035858525191e+01,1.655555724987483757e+01,1.407897798344492912e-08,2.063874627337387579e+00,0.000000000000000000e+00
1.276283334352488585e-04,1.699994851013145691e+01,1.698304081416736722e+01,1.655487546542809341e+01,1.406442606821656227e-08,2.063853959960464834e+00,0.000000000000000000e+00
1.277283334352488609e-04,1.699994851976393306e+01,1.698319969651909034e+01,1.655419368090807453e+01,1.404259819537401199e-08,2.063835884155295730e+00,0.000000000000000000e+00
1.278283334352488634e-04,1.699994852917354038e+01,1.698335702107930700e+01,1.655351189631549502e+01,1.404259819537401199e-08,2.063820075605963922e+00,0.000000000000000000e+00
1.279283334352488658e-04,1.699994853837779019e+01,1.698351280313486100e+01,1.655283011165106899e+01,1.401349436491727829e-08,2.063806250425587407e+00,0.000000000000000000e+00
1.280283334352488682e-04,1.699994854739210481e+01,1.698366705782005681e+01,1.655214832691551052e+01,1.400621840730309486e-08,2.063794160153847201e+00,0.000000000000000000e+00
1.281283334352488707e-04,1.699994855623032208e+01,1.698381980012048231e+01,1.655146654210952306e+01,1.398439053446054459e-08,2.063783587365023209e+00,0.000000000000000000e+00
1.282283334352488731e-04,1.699994856490464201e+01,1.698397104487249720e+01,1.655078475723379938e+01,1.397711457684636116e-08,2.063774341813314095e+00,0.000000000000000000e+00
1.283283334352488755e-04,1.699994857342597498e+01,1.698412080676667912e+01,1.655010297228902516e+01,1.396256266161799431e-08,2.063766257052026987e+00,0.000000000000000000e+00
1.284283334352488779e-04,1.699994858180402701e+01,1.698426910034834592e+01,1.654942118727587541e+01,1.393345883116126060e-08,2.063759187469111467e+00,0.000000000000000000e+00
1.285283334352488804e-04,1.699994859004745251e+01,1.698441594001958421e+01,1.654873940219502515e+01,1.391890691593289375e-08,2.063753005688971243e+00,0.000000000000000000e+00
1.286283334352488828e-04,1.699994859816384363e+01,1.698456134003968288e+01,1.654805761704714229e+01,1.389707904309034348e-08,2.063747600295833706e+00,0.000000000000000000e+00
1.287283334352488852e-04,1.699994860616014591e+01,1.698470531452856846e+01,1.654737583183288763e+01,1.387525117024779320e-08,2.063742873839924385e+00,0.000000000000000000e+00
1.288283334352488877e-04,1.699994861404237767e+01,1.698484787746601299e+01,1.654669404655292553e+01,1.388252712786197662e-08,2.063738741090793027e+00,0.000000000000000000e+00
1.289283334352488901e-04,1.699994862181604560e+01,1.698498904269503740e+01,1.654601226120788837e+01,1.386069925501942635e-08,2.063735127508646627e+00,0.000000000000000000e+00
1.290283334352488925e-04,1.699994862948608088e+01,1.698512882392246226e+01,1.654533047579842275e+01,1.383159542456269264e-08,2.063731967905718889e+00,0.000000000000000000e+00
1.291283334352488950e-04,1.699994863705679649e+01,1.698526723471972844e+01,1.654464869032516461e+01,1.382431946694850922e-08,2.063729205274706047e+00,0.000000000000000000e+00
1.292283334352488974e-04,1.699994864453205423e+01,1.698540428852463435e+01,1.654396690478874632e+01,1.381704350933432579e-08,2.063726789763677516e+00,0.000000000000000000e+00
1.293283334352488998e-04,1.699994865191553828e+01,1.698553999864452635e+01,1.654328511918978251e+01,1.378793967887759209e-08,2.063724677779163130e+00,0.000000000000000000e+00
1.294283334352489022e-04,1.699994865921028975e+01,1.698567437825405690e+01,1.654260333352889134e+01,1.376611180603504181e-08,2.063722831200845320e+00,0.000000000000000000e+00
1.295283334352489047e-04,1.699994866641927871e+01,1.698580744039987067e+01,1.654192154780668744e+01,1.375883584842085838e-08,2.063721216695405758e+00,0.000000000000000000e+00
1.296283334352489071e-04,1.699994867354503114e+01,1.698593919799938945e+01,1.654123976202377477e+01,1.375155989080667496e-08,2.063719805115455941e+00,0.000000000000000000e+00
1.297283334352489095e-04,1.699994868058987763e+01,1.698606966384393502e+01,1.654055797618074664e+01,1.372973201796412468e-08,2.063718570974364397e+00,0.000000000000000000e+00
1.298283334352489120e-04,1.699994868755605282e+01,1.698619885059936507e+01,1.653987619027819989e+01,1.371518010273575783e-08,2.063717491986787778e+00,0.000000000000000000e+00
1.299283334352489144e-04,1.699994869444544321e+01,1.698632677080634323e+01,1.653919440431672783e+01,1.371518010273575783e-08,2.063716548666455708e+00,0.000000000000000000e+00
1.300283334352489168e-04,1.699994870125989621e+01,1.698645343688353293e+01,1.653851261829689889e+01,1.369335222989320755e-08,2.063715723974963723e+00,0.000000000000000000e+00
1.301283334352489193e-04,1.699994870800100344e+01,1.698657886112666660e+01,1.653783083221929928e+01,1.367880031466484070e-08,2.063715003014134908e+00,0.000000000000000000e+00
1.302283334352489217e-04,1.699994871467034230e+01,1.698670305571186745e+01,1.653714904608448322e+01,1.366424839943647385e-08,2.063714372757376125e+00,0.000000000000000000e+00
1.303283334352489241e-04,1.699994872126923795e+01,1.698682603269475067e+01,1.653646725989302269e+01,1.366424839943647385e-08,2.063713821814390670e+00,0.000000000000000000e+00
1.304283334352489266e-04,1.699994872779907240e+01,1.698694780401372384e+01,1.653578547364546836e+01,1.362786861136555672e-08,2.063713340225890036e+00,0.000000000000000000e+00
1.305283334352489290e-04,1.699994873426100028e+01,1.698706838148902420e+01,1.653510368734238511e+01,1.362786861136555672e-08,2.063712919283533509e+00,0.000000000000000000e+00
1.306283334352489314e-04,1.699994874065618689e+01,1.698718777682572068e+01,1.653442190098431652e+01,1.361331669613718987e-08,2.063712551372972825e+00,0.000000000000000000e+00
1.307283334352489338e-04,1.699994874698572289e+01,1.698730600161385240e+01,1.653374011457180970e+01,1.360604073852300644e-08,2.063712229836365708e+00,0.000000000000000000e+00
1.308283334352489363e-04,1.699994875325058530e+01,1.698742306732971130e+01,1.653305832810539400e+01,1.358421286568045616e-08,2.063711948852050782e+00,0.000000000000000000e+00
1.309283334352489387e-04,1.699994875945177597e+01,1.698753898533736972e+01,1.653237654158560233e+01,1.356966095045208931e-08,2.063711703329737190e+00,0.000000000000000000e+00
1.310283334352489411e-04,1.699994876559014045e+01,1.698765376688861650e+01,1.653169475501296048e+01,1.355510903522372246e-08,2.063711488818332995e+00,0.000000000000000000e+00
1.311283334352489436e-04,1.699994877166659890e+01,1.698776742312596966e+01,1.653101296838798717e+01,1.352600520476698875e-08,2.063711301425884770e+00,0.000000000000000000e+00
1.312283334352489460e-04,1.699994877768187962e+01,1.698787996508159281e+01,1.653033118171120464e+01,1.352600520476698875e-08,2.063711137749075775e+00,0.000000000000000000e+00
1.313283334352489484e-04,1.699994878363688500e+01,1.698799140368059923e+01,1.652964939498312091e+01,1.349690137431025505e-08,2.063710994812140598e+00,0.000000000000000000e+00
1.314283334352489509e-04,1.699994878953226518e+01,1.698810174973980835e+01,1.652896760820424404e+01,1.351145328953862190e-08,2.063710870012769760e+00,0.000000000000000000e+00
1.315283334352489533e-04,1.699994879536880177e+01,1.698821101397085087e+01,1.652828582137507141e+01,1.349690137431025505e-08,2.063710761075535416e+00,0.000000000000000000e+00
1.316283334352489557e-04,1.699994880114724793e+01,1.698831920698031084e+01,1.652760403449610394e+01,1.347507350146770477e-08,2.063710666010686978e+00,0.000000000000000000e+00
1.317283334352489582e-04,1.699994880686820053e+01,1.698842633926995305e+01,1.652692224756783190e+01,1.346779754385352135e-08,2.063710583078108840e+00,0.000000000000000000e+00
1.318283334352489606e-04,1.699994881253234524e+01,1.698853242123935914e+01,1.652624046059074203e+01,1.346779754385352135e-08,2.063710510756191496e+00,0.000000000000000000e+00
1.319283334352489630e-04,1.699994881814030734e+01,1.698863746318587786e+01,1.652555867356531039e+01,1.344596967101097107e-08,2.063710447714262486e+00,0.000000000000000000e+00
1.320283334352489654e-04,1.699994882369282934e+01,1.698874147530649026e+01,1.652487688649201303e+01,1.341686584055423737e-08,2.063710392788761894e+00,0.000000000000000000e+00
1.321283334352489679e-04,1.699994882919031269e+01,1.698884446769624290e+01,1.652419509937132958e+01,1.343141775578260422e-08,2.063710344961805276e+00,0.000000000000000000e+00
1.322283334352489703e-04,1.699994883463354967e+01,1.698894645035393935e+01,1.652351331220372543e+01,1.340958988294005394e-08,2.063710303343562202e+00,0.000000000000000000e+00
1.323283334352489727e-04,1.699994884002299145e+01,1.698904743317816468e+01,1.652283152498965890e+01,1.338776201009750366e-08,2.063710267155528300e+00,0.000000000000000000e+00
1.324283334352489752e-04,1.699994884535929174e+01,1.698914742597158778e+01,1.652214973772959894e+01,1.338776201009750366e-08,2.063710235717028496e+00,0.000000000000000000e+00
1.325283334352489776e-04,1.699994885064303318e+01,1.698924643844094362e+01,1.652146795042398963e+01,1.335138222202658653e-08,2.063710208432658177e+00,0.000000000000000000e+00
1.326283334352489800e-04,1.699994885587463145e+01,1.698934448019624455e+01,1.652078616307328218e+01,1.336593413725495338e-08,2.063710184781513135e+00,0.000000000000000000e+00
1.327283334352489825e-04,1.699994886105466918e+01,1.698944156075462431e+01,1.652010437567793133e+01,1.335865817964076996e-08,2.063710164308128370e+00,0.000000000000000000e+00
1.328283334352489849e-04,1.699994886618381429e+01,1.698953768954046595e+01,1.651942258823836696e+01,1.334410626441240311e-08,2.063710146614210927e+00,0.000000000000000000e+00
1.329283334352489873e-04,1.699994887126246468e+01,1.698963287588410509e+01,1.651874080075503315e+01,1.333683030679821968e-08,2.063710131351129462e+00,0.000000000000000000e+00
1.330283334352489898e-04,1.699994887629118878e+01,1.698972712902572724e+01,1.651805901322835624e+01,1.331500243395566940e-08,2.063710118214043376e+00,0.000000000000000000e+00
1.331283334352489922e-04,1.699994888127049109e+01,1.698982045811417052e+01,1.651737722565876254e+01,1.330772647634148598e-08,2.063710106936254007e+00,0.000000000000000000e+00
1.332283334352489946e-04,1.699994888620076239e+01,1.698991287220826152e+01,1.651669543804668550e+01,1.330772647634148598e-08,2.063710097284330303e+00,0.000000000000000000e+00
1.333283334352489970e-04,1.699994889108267415e+01,1.699000438027967164e+01,1.651601365039253366e+01,1.328589860349893570e-08,2.063710089054326957e+00,0.000000000000000000e+00
1.334283334352489995e-04,1.699994889591659231e+01,1.699009499121019928e+01,1.651533186269673337e+01,1.328589860349893570e-08,2.063710082067515827e+00,0.000000000000000000e+00
1.335283334352490019e-04,1.699994890070307463e+01,1.699018471379591588e+01,1.651465007495968251e+01,1.324951881542801857e-08,2.063710076167719620e+00,0.000000000000000000e+00
1.336283334352490043e-04,1.699994890544252968e+01,1.699027355674582296e+01,1.651396828718179677e+01,1.324951881542801857e-08,2.063710071218121556e+00,0.000000000000000000e+00
1.337283334352490068e-04,1.699994891013537668e+01,1.699036152868330873e+01,1.651328649936348469e+01,1.324951881542801857e-08,2.063710067099030709e+00,0.000000000000000000e+00
1.338283334352490092e-04,1.699994891478224801e+01,1.699044863814884110e+01,1.651260471150512998e+01,1.322769094258546829e-08,2.063710063705915587e+00,0.000000000000000000e+00
1.339283334352490116e-04,1.699994891938344921e+01,1.699053489359721070e+01,1.651192292360713765e+01,1.322769094258546829e-08,2.063710060946974068e+00,0.000000000000000000e+00
1.340283334352490141e-04,1.699994892393954515e+01,1.699062030340174445e+01,1.651124113566989848e+01,1.319858711212873459e-08,2.063710058742111997e+00,0.000000000000000000e+00
1.341283334352490165e-04,1.699994892845088401e+01,1.699070487585252565e+01,1.651055934769380329e+01,1.320586306974291801e-08,2.063710057021024724e+00,0.000000000000000000e+00
1.342283334352490189e-04,1.699994893291798803e+01,1.699078861915948124e+01,1.650987755967923221e+01,1.318403519690036774e-08,2.063710055722339121e+00,0.000000000000000000e+00
1.343283334352490214e-04,1.699994893734118762e+01,1.699087154145068723e+01,1.650919577162657248e+01,1.319858711212873459e-08,2.063710054792149862e+00,0.000000000000000000e+00
1.344283334352490238e-04,1.699994894172111515e+01,1.699095365077671005e+01,1.650851398353619004e+01,1.316220732405781746e-08,2.063710054183546916e+00,0.000000000000000000e+00
1.345283334352490262e-04,1.699994894605793050e+01,1.699103495510615502e+01,1.650783219540846858e+01,1.317675923928618431e-08,2.063710053855018600e+00,0.000000000000000000e+00
1.346283334352490286e-04,1.699994895035226605e+01,1.699111546233231351e+01,1.650715040724376692e+01,1.315493136644363403e-08,2.063710053770670072e+00,0.000000000000000000e+00
1.347283334352490311e-04,1.699994895460450195e+01,1.699119518026990505e+01,1.650646861904245810e+01,1.314765540882945061e-08,2.063710053898825336e+00,0.000000000000000000e+00
1.348283334352490335e-04,1.699994895881498636e+01,1.699127411665655529e+01,1.650578683080490094e+01,1.314765540882945061e-08,2.063710054211727041e+00,0.000000000000000000e+00
1.349283334352490359e-04,1.699994896298423086e+01,1.699135227915510882e+01,1.650510504253145783e+01,1.312582753598690033e-08,2.063710054685204298e+00,0.000000000000000000e+00
1.350283334352490384e-04,1.699994896711256942e+01,1.699142967535242121e+01,1.650442325422247691e+01,1.311127562075853348e-08,2.063710055297931945e+00,0.000000000000000000e+00
1.351283334352490408e-04,1.699994897120037862e+01,1.699150631276101109e+01,1.650374146587831348e+01,1.311127562075853348e-08,2.063710056031279549e+00,0.000000000000000000e+00
1.352283334352490432e-04,1.699994897524810611e+01,1.699158219882028575e+01,1.650305967749931924e+01,1.309672370553016663e-08,2.063710056868968579e+00,0.000000000000000000e+00
1.353283334352490457e-04,1.699994897925618531e+01,1.699165734089672242e+01,1.650237788908582814e+01,1.308944774791598320e-08,2.063710057796734887e+00,0.000000000000000000e+00
1.354283334352490481e-04,1.699994898322489334e+01,1.699173174628370830e+01,1.650169610063819547e+01,1.308944774791598320e-08,2.063710058801945024e+00,0.000000000000000000e+00
1.355283334352490505e-04,1.699994898715469560e+01,1.699180542220401691e+01,1.650101431215674452e+01,1.306761987507343292e-08,2.063710059873701042e+00,0.000000000000000000e+00
1.356283334352490530e-04,1.699994899104599710e+01,1.699187837580956284e+01,1.650033252364181635e+01,1.305306795984506607e-08,2.063710061002383966e+00,0.000000000000000000e+00
1.357283334352490554e-04,1.699994899489909628e+01,1.699195061418133790e+01,1.649965073509374491e+01,1.306761987507343292e-08,2.063710062179492155e+00,0.000000000000000000e+00
1.358283334352490578e-04,1.699994899871441589e+01,1.699202214433174163e+01,1.649896894651285351e+01,1.305306795984506607e-08,2.063710063397678596e+00,0.000000000000000000e+00
1.359283334352490602e-04,1.699994900249233964e+01,1.699209297320438594e+01,1.649828715789946543e+01,1.302396412938833237e-08,2.063710064650452480e+00,0.000000000000000000e+00
1.360283334352490627e-04,1.699994900623318728e+01,1.699216310767404181e+01,1.649760536925391108e+01,1.304579200223088264e-08,2.063710065932093940e+00,0.000000000000000000e+00
1.361283334352490651e-04,1.699994900993737801e+01,1.699223255454889880e+01,1.649692358057650665e+01,1.301668817177414894e-08,2.063710067237664703e+00,0.000000000000000000e+00
1.362283334352490675e-04,1.699994901360528488e+01,1.699230132057034481e+01,1.649624179186755768e+01,1.300213625654578209e-08,2.063710068562809141e+00,0.000000000000000000e+00
1.363283334352490700e-04,1.699994901723717078e+01,1.699236941241287369e+01,1.649556000312738746e+01,1.301668817177414894e-08,2.063710069903596178e+00,0.000000000000000000e+00
1.364283334352490724e-04,1.699994902083349757e+01,1.699243683668667515e+01,1.649487821435630153e+01,1.298758434131741524e-08,2.063710071256771528e+00,0.000000000000000000e+00
1.365283334352490748e-04,1.699994902439451394e+01,1.699250359993599346e+01,1.649419642555460541e+01,1.298758434131741524e-08,2.063710072619292291e+00,0.000000000000000000e+00
1.366283334352490773e-04,1.699994902792067109e+01,1.699256970864205130e+01,1.649351463672260110e+01,1.298758434131741524e-08,2.063710073988678673e+00,0.000000000000000000e+00
1.367283334352490797e-04,1.699994903141218927e+01,1.699263516922137285e+01,1.649283284786058701e+01,1.296575646847486496e-08,2.063710075362536145e+00,0.000000000000000000e+00
1.368283334352490821e-04,1.699994903486951259e+01,1.699269998802872550e+01,1.649215105896885802e+01,1.295848051086068153e-08,2.063710076738987098e+00,0.000000000000000000e+00
1.369283334352490846e-04,1.699994903829290749e+01,1.699276417135548201e+01,1.649146927004771968e+01,1.296575646847486496e-08,2.063710078116235636e+00,0.000000000000000000e+00
1.370283334352490870e-04,1.699994904168275056e+01,1.699282772543212872e+01,1.649078748109745618e+01,1.295848051086068153e-08,2.063710079492778959e+00,0.000000000000000000e+00
1.371283334352490894e-04,1.699994904503937576e+01,1.699289065642804530e+01,1.649010569211836241e+01,1.294392859563231468e-08,2.063710080867302565e+00,0.000000000000000000e+00
1.372283334352490918e-04,1.699994904836306020e+01,1.699295297045136621e+01,1.648942390311071904e+01,1.294392859563231468e-08,2.063710082238591426e+00,0.000000000000000000e+00
1.373283334352490943e-04,1.699994905165417336e+01,1.699301467355114070e+01,1.648874211407480672e+01,1.292937668040394783e-08,2.063710083605666767e+00,0.000000000000000000e+00
1.374283334352490967e-04,1.699994905491301012e+01,1.699307577171681061e+01,1.648806032501090257e+01,1.291482476517558098e-08,2.063710084967601333e+00,0.000000000000000000e+00
1.375283334352490991e-04,1.699994905813994706e+01,1.699313627087940759e+01,1.648737853591929081e+01,1.290754880756139755e-08,2.063710086323693460e+00,0.000000000000000000e+00
1.376283334352491016e-04,1.699994906133520089e+01,1.699319617691097051e+01,1.648669674680024499e+01,1.290754880756139755e-08,2.063710087673161553e+00,0.000000000000000000e+00
1.377283334352491040e-04,1.699994906449916243e+01,1.699325549562707138e+01,1.648601495765403513e+01,1.287844497710466385e-08,2.063710089015501126e+00,0.000000000000000000e+00
1.378283334352491064e-04,1.699994906763209812e+01,1.699331423278544762e+01,1.648533316848093477e+01,1.290027284994721413e-08,2.063710090350156179e+00,0.000000000000000000e+00
1.379283334352491089e-04,1.699994907073422468e+01,1.699337239408711042e+01,1.648465137928121038e+01,1.288572093471884727e-08,2.063710091676590253e+00,0.000000000000000000e+00
1.380283334352491113e-04,1.699994907380598974e+01,1.699342998517856884e+01,1.648396959005512485e+01,1.287844497710466385e-08,2.063710092994575973e+00,0.000000000000000000e+00
1.381283334352491137e-04,1.699994907684768464e+01,1.699348701165013154e+01,1.648328780080293399e+01,1.286389306187629700e-08,2.063710094303763398e+00,0.000000000000000000e+00
1.382283334352491162e-04,1.699994907985949055e+01,1.699354347903673101e+01,1.648260601152490423e+01,1.285661710426211357e-08,2.063710095603758177e+00,0.000000000000000000e+00
1.383283334352491186e-04,1.699994908284181605e+01,1.699359939282017962e+01,1.648192422222128783e+01,1.284934114664793015e-08,2.063710096894450174e+00,0.000000000000000000e+00
1.384283334352491210e-04,1.699994908579485298e+01,1.699365475842741446e+01,1.648124243289233704e+01,1.284934114664793015e-08,2.063710098175519647e+00,0.000000000000000000e+00
1.385283334352491234e-04,1.699994908871897081e+01,1.699370958123304831e+01,1.648056064353830408e+01,1.284934114664793015e-08,2.063710099446876001e+00,0.000000000000000000e+00
1.386283334352491259e-04,1.699994909161444667e+01,1.699376386655890059e+01,1.647987885415944476e+01,1.283478923141956329e-08,2.063710100708371797e+00,0.000000000000000000e+00
1.387283334352491283e-04,1.699994909448150082e+01,1.699381761967386240e+01,1.647919706475600066e+01,1.282751327380537987e-08,2.063710101959827625e+00,0.000000000000000000e+00
1.388283334352491307e-04,1.699994909732047788e+01,1.699387084579624485e+01,1.647851527532821692e+01,1.282023731619119644e-08,2.063710103201207957e+00,0.000000000000000000e+00
1.389283334352491332e-04,1.699994910013157323e+01,1.699392355009211286e+01,1.647783348587633157e+01,1.280568540096282959e-08,2.063710104432356474e+00,0.000000000000000000e+00
1.390283334352491356e-04,1.699994910291514572e+01,1.699397573767797454e+01,1.647715169640058619e+01,1.279840944334864616e-08,2.063710105653301596e+00,0.000000000000000000e+00
1.391283334352491380e-04,1.699994910567136230e+01,1.699402741361882718e+01,1.647646990690121882e+01,1.282023731619119644e-08,2.063710106863890559e+00,0.000000000000000000e+00
1.392283334352491405e-04,1.699994910840063866e+01,1.699407858293188767e+01,1.647578811737846038e+01,1.278385752812027931e-08,2.063710108064245929e+00,0.000000000000000000e+00
1.393283334352491429e-04,1.699994911110312401e+01,1.699412925058330615e+01,1.647510632783254536e+01,1.279840944334864616e-08,2.063710109254236258e+00,0.000000000000000000e+00
1.394283334352491453e-04,1.699994911377912743e+01,1.699417942149185734e+01,1.647442453826370468e+01,1.279113348573446274e-08,2.063710110433897071e+00,0.000000000000000000e+00
1.395283334352491477e-04,1.699994911642886919e+01,1.699422910052707181e+01,1.647374274867217281e+01,1.279113348573446274e-08,2.063710111603192843e+00,0.000000000000000000e+00
1.396283334352491502e-04,1.699994911905262640e+01,1.699427829251150612e+01,1.647306095905817003e+01,1.277658157050609589e-08,2.063710112762155546e+00,0.000000000000000000e+00
1.397283334352491526e-04,1.699994912165071881e+01,1.699432700222047998e+01,1.647237916942191660e+01,1.276202965527772903e-08,2.063710113910870447e+00,0.000000000000000000e+00
1.398283334352491550e-04,1.699994912422328852e+01,1.699437523438161790e+01,1.647169737976363280e+01,1.276930561289191246e-08,2.063710115049255833e+00,0.000000000000000000e+00
1.399283334352491575e-04,1.699994912677064818e+01,1.699442299367707676e+01,1.647101559008353888e+01,1.275475369766354561e-08,2.063710116177405851e+00,0.000000000000000000e+00
1.400283334352491599e-04,1.699994912929305357e+01,1.699447028474305199e+01,1.647033380038185157e+01,1.274747774004936218e-08,2.063710117295348923e+00,0.000000000000000000e+00
1.401283334352491623e-04,1.699994913179069655e+01,1.699451711216951466e+01,1.646965201065878048e+01,1.273292582482099533e-08,2.063710118403101035e+00,0.000000000000000000e+00
1.402283334352491648e-04,1.699994913426386489e+01,1.699456348050225074e+01,1.646897022091454943e+01,1.272564986720681190e-08,2.063710119500736795e+00,0.000000000000000000e+00
1.403283334352491672e-04,1.699994913671286056e+01,1.699460939424271544e+01,1.646828843114936092e+01,1.271837390959262848e-08,2.063710120588375219e+00,0.000000000000000000e+00
1.404283334352491696e-04,1.699994913913773686e+01,1.699465485784635632e+01,1.646760664136343166e+01,1.273292582482099533e-08,2.063710121665877750e+00,0.000000000000000000e+00
1.405283334352491721e-04,1.699994914153890235e+01,1.699469987572762619e+01,1.646692485155695707e+01,1.269654603675007820e-08,2.063710122733482422e+00,0.000000000000000000e+00
1.406283334352491745e-04,1.699994914391649559e+01,1.699474445225558128e+01,1.646624306173015029e+01,1.271109795197844505e-08,2.063710123791146600e+00,0.000000000000000000e+00
1.407283334352491769e-04,1.699994914627078657e+01,1.699478859175749790e+01,1.646556127188320673e+01,1.268927007913589478e-08,2.063710124838969762e+00,0.000000000000000000e+00
1.408283334352491793e-04,1.699994914860201334e+01,1.699483229851819743e+01,1.646487948201633600e+01,1.268199412152171135e-08,2.063710125877028290e+00,0.000000000000000000e+00
1.409283334352491818e-04,1.699994915091040326e+01,1.699487557678002148e+01,1.646419769212972994e+01,1.268927007913589478e-08,2.063710126905389686e+00,0.000000000000000000e+00
1.410283334352491842e-04,1.699994915319611621e+01,1.699491843074365605e+01,1.646351590222359107e+01,1.270382199436426163e-08,2.063710127924048621e+00,0.000000000000000000e+00
1.411283334352491866e-04,1.699994915545943996e+01,1.699496086456919031e+01,1.646283411229811122e+01,1.268927007913589478e-08,2.063710128933148980e+00,0.000000000000000000e+00
1.412283334352491891e-04,1.699994915770054504e+01,1.699500288237536338e+01,1.646215232235348225e+01,1.268927007913589478e-08,2.063710129932703197e+00,0.000000000000000000e+00
1.413283334352491915e-04,1.699994915991979383e+01,1.699504448824188074e+01,1.646147053238988178e+01,1.266016624867916107e-08,2.063710130922922659e+00,0.000000000000000000e+00
1.414283334352491939e-04,1.699994916211719698e+01,1.699508568620624871e+01,1.646078874240752299e+01,1.267471816390752792e-08,2.063710131903681244e+00,0.000000000000000000e+00
1.415283334352491964e-04,1.699994916429297120e+01,1.699512648026728812e+01,1.646010695240657995e+01,1.266016624867916107e-08,2.063710132875055336e+00,0.000000000000000000e+00
1.416283334352491988e-04,1.699994916644750020e+01,1.699516687438593721e+01,1.645942516238723741e+01,1.264561433345079422e-08,2.063710133837286520e+00,0.000000000000000000e+00
1.417283334352492012e-04,1.699994916858092253e+01,1.699520687248269013e+01,1.645874337234967655e+01,1.266016624867916107e-08,2.063710134790378348e+00,0.000000000000000000e+00
1.418283334352492037e-04,1.699994917069339095e+01,1.699524647843983161e+01,1.645806158229408922e+01,1.264561433345079422e-08,2.063710135734345030e+00,0.000000000000000000e+00
1.419283334352492061e-04,1.699994917278515061e+01,1.699528569610215101e+01,1.645737979222064595e+01,1.264561433345079422e-08,2.063710136669305584e+00,0.000000000000000000e+00
1.420283334352492085e-04,1.699994917485642176e+01,1.699532452927648762e+01,1.645669800212952794e+01,1.263833837583661079e-08,2.063710137595347049e+00,0.000000000000000000e+00
1.421283334352492109e-04,1.699994917690742113e+01,1.699536298173259752e+01,1.645601621202090570e+01,1.262378646060824394e-08,2.063710138512561798e+00,0.000000000000000000e+00
1.422283334352492134e-04,1.699994917893822333e+01,1.699540105720219785e+01,1.645533442189496753e+01,1.263106241822242737e-08,2.063710139420901868e+00,0.000000000000000000e+00
1.423283334352492158e-04,1.699994918094921559e+01,1.699543875938236326e+01,1.645465263175186976e+01,1.260923454537987709e-08,2.063710140320628383e+00,0.000000000000000000e+00
1.424283334352492182e-04,1.699994918294046897e+01,1.699547609193221831e+01,1.645397084159179713e+01,1.260923454537987709e-08,2.063710141211686278e+00,0.000000000000000000e+00
1.425283334352492207e-04,1.699994918491221085e+01,1.699551305847563398e+01,1.645328905141491305e+01,1.260923454537987709e-08,2.063710142094187461e+00,0.000000000000000000e+00
1.426283334352492231e-04,1.699994918686454426e+01,1.699554966260036082e+01,1.645260726122138806e+01,1.260923454537987709e-08,2.063710142968121275e+00,0.000000000000000000e+00
1.427283334352492255e-04,1.699994918879781736e+01,1.699558590786062950e+01,1.645192547101138558e+01,1.260195858776569366e-08,2.063710143833716870e+00,0.000000000000000000e+00
1.428283334352492280e-04,1.699994919071207278e+01,1.699562179777365145e+01,1.645124368078506905e+01,1.259468263015151024e-08,2.063710144690906745e+00,0.000000000000000000e+00
1.429283334352492304e-04,1.699994919260765514e+01,1.699565733582455351e+01,1.645056189054260187e+01,1.258013071492314339e-08,2.063710145539928931e+00,0.000000000000000000e+00
1.430283334352492328e-04,1.699994919448455022e+01,1.699569252546161735e+01,1.644988010028414749e+01,1.259468263015151024e-08,2.063710146380643096e+00,0.000000000000000000e+00
1.431283334352492353e-04,1.699994919634306001e+01,1.699572737010125323e+01,1.644919831000986576e+01,1.258740667253732681e-08,2.063710147213255297e+00,0.000000000000000000e+00
1.432283334352492377e-04,1.699994919818335148e+01,1.699576187312579023e+01,1.644851651971990947e+01,1.256557879969477654e-08,2.063710148037817049e+00,0.000000000000000000e+00
1.433283334352492401e-04,1.699994920000564136e+01,1.699579603788466997e+01,1.644783472941444558e+01,1.257285475730895996e-08,2.063710148854440263e+00,0.000000000000000000e+00
1.434283334352492425e-04,1.699994920181002556e+01,1.699582986769368986e+01,1.644715293909361975e+01,1.257285475730895996e-08,2.063710149663112503e+00,0.000000000000000000e+00
1.435283334352492450e-04,1.699994920359674566e+01,1.699586336583698554e+01,1.644647114875759542e+01,1.256557879969477654e-08,2.063710150463986537e+00,0.000000000000000000e+00
1.436283334352492474e-04,1.699994920536597576e+01,1.699589653556642332e+01,1.644578935840651113e+01,1.254375092685222626e-08,2.063710151257120984e+00,0.000000000000000000e+00
1.437283334352492498e-04,1.699994920711783308e+01,1.699592938010122722e+01,1.644510756804053031e+01,1.254375092685222626e-08,2.063710152042544266e+00,0.000000000000000000e+00
1.438283334352492523e-04,1.699994920885255922e+01,1.699596190263013540e+01,1.644442577765979152e+01,1.254375092685222626e-08,2.063710152820389609e+00,0.000000000000000000e+00
1.439283334352492547e-04,1.699994921057023234e+01,1.699599410630951013e+01,1.644374398726445463e+01,1.254375092685222626e-08,2.063710153590637475e+00,0.000000000000000000e+00
1.440283334352492571e-04,1.699994921227112243e+01,1.699602599426590999e+01,1.644306219685465464e+01,1.253647496923804283e-08,2.063710154353456616e+00,0.000000000000000000e+00
1.441283334352492596e-04,1.699994921395527214e+01,1.699605756959408609e+01,1.644238040643054077e+01,1.252919901162385941e-08,2.063710155108800848e+00,0.000000000000000000e+00
1.442283334352492620e-04,1.699994921562291239e+01,1.699608883535932335e+01,1.644169861599225868e+01,1.252919901162385941e-08,2.063710155856803397e+00,0.000000000000000000e+00
1.443283334352492644e-04,1.699994921727423502e+01,1.699611979459682942e+01,1.644101682553994692e+01,1.253647496923804283e-08,2.063710156597565515e+00,0.000000000000000000e+00
1.444283334352492669e-04,1.699994921890932531e+01,1.699615045031124438e+01,1.644033503507374760e+01,1.251464709639549255e-08,2.063710157331074768e+00,0.000000000000000000e+00
1.445283334352492693e-04,1.699994922052838220e+01,1.699618080547856991e+01,1.643965324459379573e+01,1.250737113878130913e-08,2.063710158057446620e+00,0.000000000000000000e+00
1.446283334352492717e-04,1.699994922213161885e+01,1.699621086304563633e+01,1.643897145410023342e+01,1.251464709639549255e-08,2.063710158776805415e+00,0.000000000000000000e+00
1.447283334352492741e-04,1.699994922371908146e+01,1.699624062592953067e+01,1.643828966359319921e+01,1.250737113878130913e-08,2.063710159489092533e+00,0.000000000000000000e+00
1.448283334352492766e-04,1.699994922529101160e+01,1.699627009701962876e+01,1.643760787307282456e+01,1.250737113878130913e-08,2.063710160194480281e+00,0.000000000000000000e+00
1.449283334352492790e-04,1.699994922684758336e+01,1.699629927917692029e+01,1.643692608253924448e+01,1.250009518116712570e-08,2.063710160893048595e+00,0.000000000000000000e+00
1.450283334352492814e-04,1.699994922838882871e+01,1.699632817523349715e+01,1.643624429199259396e+01,1.249281922355294228e-08,2.063710161584737079e+00,0.000000000000000000e+00
1.451283334352492839e-04,1.699994922991495372e+01,1.699635678799457494e+01,1.643556250143300446e+01,1.249281922355294228e-08,2.063710162269673631e+00,0.000000000000000000e+00
1.452283334352492863e-04,1.699994923142616798e+01,1.699638512023786063e+01,1.643488071086059676e+01,1.247826730832457542e-08,2.063710162947977267e+00,0.000000000000000000e+00
1.453283334352492887e-04,1.699994923292252480e+01,1.699641317471297342e+01,1.643419892027550944e+01,1.247826730832457542e-08,2.063710163619628446e+00,0.000000000000000000e+00
1.454283334352492912e-04,1.699994923440426575e+01,1.699644095414370071e+01,1.643351712967786682e+01,1.247099135071039200e-08,2.063710164284778159e+00,0.000000000000000000e+00
1.455283334352492936e-04,1.699994923587141926e+01,1.699646846122598731e+01,1.643283533906779681e+01,1.247826730832457542e-08,2.063710164943373115e+00,0.000000000000000000e+00
1.456283334352492960e-04,1.699994923732419494e+01,1.699649569863021625e+01,1.643215354844542020e+01,1.247826730832457542e-08,2.063710165595550095e+00,0.000000000000000000e+00
1.457283334352492985e-04,1.699994923876277753e+01,1.699652266900058351e+01,1.643147175781086133e+01,1.247099135071039200e-08,2.063710166241408572e+00,0.000000000000000000e+00
1.458283334352493009e-04,1.699994924018721321e+01,1.699654937495451534e+01,1.643078996716424456e+01,1.247099135071039200e-08,2.063710166880913022e+00,0.000000000000000000e+00
1.459283334352493033e-04,1.699994924159774001e+01,1.699657581908489590e+01,1.643010817650568711e+01,1.244916347786784172e-08,2.063710167514235749e+00,0.000000000000000000e+00
1.460283334352493057e-04,1.699994924299438281e+01,1.699660200395805632e+01,1.642942638583531334e+01,1.246371539309620857e-08,2.063710168141305701e+00,0.000000000000000000e+00
1.461283334352493082e-04,1.699994924437736898e+01,1.699662793211630429e+01,1.642874459515324048e+01,1.244916347786784172e-08,2.063710168762296959e+00,0.000000000000000000e+00
1.462283334352493106e-04,1.699994924574677668e+01,1.699665360607592746e+01,1.642806280445958578e+01,1.244916347786784172e-08,2.063710169377195314e+00,0.000000000000000000e+00
1.463283334352493130e-04,1.699994924710274091e+01,1.699667902832931077e+01,1.642738101375446647e+01,1.244188752025365829e-08,2.063710169986057608e+00,0.000000000000000000e+00
1.464283334352493155e-04,1.699994924844541444e+01,1.699670420134419757e+01,1.642669922303799979e+01,1.244916347786784172e-08,2.063710170588976212e+00,0.000000000000000000e+00
1.465283334352493179e-04,1.699994924977498201e+01,1.699672912756439658e+01,1.642601743231029587e+01,1.242733560502529144e-08,2.063710171186064812e+00,0.000000000000000000e+00
1.466283334352493203e-04,1.699994925109145782e+01,1.699675380940889724e+01,1.642533564157147552e+01,1.244188752025365829e-08,2.063710171777250579e+00,0.000000000000000000e+00
1.467283334352493228e-04,1.699994925239505861e+01,1.699677824927409375e+01,1.642465385082164175e+01,1.242733560502529144e-08,2.063710172362695161e+00,0.000000000000000000e+00
1.468283334352493252e-04,1.699994925368584475e+01,1.699680244953179908e+01,1.642397206006091182e+01,1.242005964741110802e-08,2.063710172942382570e+00,0.000000000000000000e+00
1.469283334352493276e-04,1.699994925496395837e+01,1.699682641253137305e+01,1.642329026928939584e+01,1.242733560502529144e-08,2.063710173516371427e+00,0.000000000000000000e+00
1.470283334352493301e-04,1.699994925622955222e+01,1.699685014059891230e+01,1.642260847850720040e+01,1.242005964741110802e-08,2.063710174084764759e+00,0.000000000000000000e+00
1.471283334352493325e-04,1.699994925748273289e+01,1.699687363603765888e+01,1.642192668771443209e+01,1.240550773218274117e-08,2.063710174647592765e+00,0.000000000000000000e+00
1.472283334352493349e-04,1.699994925872367091e+01,1.699689690112857221e+01,1.642124489691119749e+01,1.240550773218274117e-08,2.063710175204954922e+00,0.000000000000000000e+00
1.473283334352493373e-04,1.699994925995245154e+01,1.699691993812970736e+01,1.642056310609759961e+01,1.241278368979692459e-08,2.063710175756868992e+00,0.000000000000000000e+00
1.474283334352493398e-04,1.699994926116915295e+01,1.699694274927696824e+01,1.641988131527374861e+01,1.241278368979692459e-08,2.063710176303356292e+00,0.000000000000000000e+00
1.475283334352493422e-04,1.699994926237393855e+01,1.699696533678489985e+01,1.641919952443974395e+01,1.239823177456855774e-08,2.063710176844502087e+00,0.000000000000000000e+00
1.476283334352493446e-04,1.699994926356690428e+01,1.699698770284602389e+01,1.641851773359569222e+01,1.239095581695437431e-08,2.063710177380343680e+00,0.000000000000000000e+00
1.477283334352493471e-04,1.699994926474821000e+01,1.699700984963166661e+01,1.641783594274169644e+01,1.240550773218274117e-08,2.063710177910978771e+00,0.000000000000000000e+00
1.478283334352493495e-04,1.699994926591794098e+01,1.699703177929133346e+01,1.641715415187785254e+01,1.239095581695437431e-08,2.063710178436423348e+00,0.000000000000000000e+00
1.479283334352493519e-04,1.699994926707617537e+01,1.699705349395345166e+01,1.641647236100425999e+01,1.239823177456855774e-08,2.063710178956700503e+00,0.000000000000000000e+00
1.480283334352493544e-04,1.699994926822304464e+01,1.699707499572610558e+01,1.641579057012101828e+01,1.238367985934019089e-08,2.063710179471865303e+00,0.000000000000000000e+00
1.481283334352493568e-04,1.699994926935871931e+01,1.699709628669673478e+01,1.641510877922822687e+01,1.236912794411182404e-08,2.063710179982042092e+00,0.000000000000000000e+00
1.482283334352493592e-04,1.699994927048323134e+01,1.699711736893148384e+01,1.641442698832597813e+01,1.238367985934019089e-08,2.063710180487191792e+00,0.000000000000000000e+00
1.483283334352493617e-04,1.699994927159670866e+01,1.699713824447704980e+01,1.641374519741437155e+01,1.237640390172600746e-08,2.063710180987381904e+00,0.000000000000000000e+00
1.484283334352493641e-04,1.699994927269926137e+01,1.699715891535980816e+01,1.641306340649350659e+01,1.238367985934019089e-08,2.063710181482672823e+00,0.000000000000000000e+00
1.485283334352493665e-04,1.699994927379102805e+01,1.699717938358652347e+01,1.641238161556346498e+01,1.235457602888345718e-08,2.063710181973135604e+00,0.000000000000000000e+00
1.486283334352493689e-04,1.699994927487204777e+01,1.699719965114348952e+01,1.641169982462434973e+01,1.236185198649764061e-08,2.063710182458750708e+00,0.000000000000000000e+00
1.487283334352493714e-04,1.699994927594250882e+01,1.699721971999861481e+01,1.641101803367624967e+01,1.236185198649764061e-08,2.063710182939646032e+00,0.000000000000000000e+00
1.488283334352493738e-04,1.699994927700240765e+01,1.699723959209915236e+01,1.641033624271925717e+01,1.236185198649764061e-08,2.063710183415771837e+00,0.000000000000000000e+00
1.489283334352493762e-04,1.699994927805199296e+01,1.699725926937515297e+01,1.640965445175345394e+01,1.234730007126927376e-08,2.063710183887303984e+00,0.000000000000000000e+00
1.490283334352493787e-04,1.699994927909131803e+01,1.699727875373614694e+01,1.640897266077894301e+01,1.234730007126927376e-08,2.063710184354249577e+00,0.000000000000000000e+00
1.491283334352493811e-04,1.699994928012039352e+01,1.699729804707315139e+01,1.640829086979580964e+01,1.234730007126927376e-08,2.063710184816557103e+00,0.000000000000000000e+00
1.492283334352493835e-04,1.699994928113936510e+01,1.699731715125923515e+01,1.640760907880413555e+01,1.234730007126927376e-08,2.063710185274320708e+00,0.000000000000000000e+00
1.493283334352493860e-04,1.699994928214838907e+01,1.699733606814910658e+01,1.640692728780400600e+01,1.233274815604090691e-08,2.063710185727650526e+00,0.000000000000000000e+00
1.494283334352493884e-04,1.699994928314749032e+01,1.699735479957847062e+01,1.640624549679551336e+01,1.234002411365509033e-08,2.063710186176503925e+00,0.000000000000000000e+00
1.495283334352493908e-04,1.699994928413682516e+01,1.699737334736609995e+01,1.640556370577873935e+01,1.233274815604090691e-08,2.063710186620985709e+00,0.000000000000000000e+00
1.496283334352493933e-04,1.699994928511642911e+01,1.699739171331188103e+01,1.640488191475376922e+01,1.233274815604090691e-08,2.063710187061081669e+00,0.000000000000000000e+00
1.497283334352493957e-04,1.699994928608642297e+01,1.699740989919884271e+01,1.640420012372068825e+01,1.233274815604090691e-08,2.063710187496859305e+00,0.000000000000000000e+00
1.498283334352493981e-04,1.699994928704691333e+01,1.699742790679228222e+01,1.640351833267957815e+01,1.231819624081254005e-08,2.063710187928373685e+00,0.000000000000000000e+00
1.499283334352494005e-04,1.699994928799804939e+01,1.699744573784046864e+01,1.640283654163052063e+01,1.231819624081254005e-08,2.063710188355727837e+00,0.000000000000000000e+00
1.500283334352494030e-04,1.699994928893982760e+01,1.699746339407368723e+01,1.640215475057359740e+01,1.233274815604090691e-08,2.063710188778859589e+00,0.000000000000000000e+00
1.501283334352494054e-04,1.699994928987236520e+01,1.699748087720607614e+01,1.640147295950888306e+01,1.232547219842672348e-08,2.063710189197839995e+00,0.000000000000000000e+00
1.502283334352494078e-04,1.699994929079582207e+01,1.699749818893523567e+01,1.640079116843646290e+01,1.231092028319835663e-08,2.063710189612768531e+00,0.000000000000000000e+00
1.503283334352494103e-04,1.699994929171014491e+01,1.699751533094052292e+01,1.640010937735641505e+01,1.230364432558417320e-08,2.063710190023561708e+00,0.000000000000000000e+00
1.504283334352494127e-04,1.699994929261552201e+01,1.699753230488645883e+01,1.639942758626881059e+01,1.229636836796998978e-08,2.063710190430338542e+00,0.000000000000000000e+00
1.505283334352494151e-04,1.699994929351202089e+01,1.699754911242068189e+01,1.639874579517373121e+01,1.230364432558417320e-08,2.063710190833131009e+00,0.000000000000000000e+00
1.506283334352494176e-04,1.699994929439975166e+01,1.699756575517493218e+01,1.639806400407125153e+01,1.229636836796998978e-08,2.063710191232001279e+00,0.000000000000000000e+00
1.507283334352494200e-04,1.699994929527876053e+01,1.699758223476420937e+01,1.639738221296144971e+01,1.229636836796998978e-08,2.063710191626945800e+00,0.000000000000000000e+00
1.508283334352494224e-04,1.699994929614916472e+01,1.699759855278865928e+01,1.639670042184440035e+01,1.229636836796998978e-08,2.063710192018016087e+00,0.000000000000000000e+00
1.509283334352494248e-04,1.699994929701101043e+01,1.699761471083175124e+01,1.639601863072018162e+01,1.230364432558417320e-08,2.063710192405245891e+00,0.000000000000000000e+00
1.510283334352494273e-04,1.699994929786441844e+01,1.699763071046244534e+01,1.639533683958885746e+01,1.228909241035580635e-08,2.063710192788686726e+00,0.000000000000000000e+00
1.511283334352494297e-04,1.699994929870939586e+01,1.699764655323302875e+01,1.639465504845051314e+01,1.230364432558417320e-08,2.063710193168299512e+00,0.000000000000000000e+00
1.512283334352494321e-04,1.699994929954619849e+01,1.699766224068245180e+01,1.639397325730520905e+01,1.228181645274162292e-08,2.063710193544306293e+00,0.000000000000000000e+00
1.513283334352494346e-04,1.699994930037471264e+01,1.699767777433235594e+01,1.639329146615302335e+01,1.228909241035580635e-08,2.063710193916534763e+00,0.000000000000000000e+00
1.514283334352494370e-04,1.699994930119522252e+01,1.699769315569195527e+01,1.639260967499401289e+01,1.227454049512743950e-08,2.063710194285237165e+00,0.000000000000000000e+00
1.515283334352494394e-04,1.699994930200759313e+01,1.699770838625291347e+01,1.639192788382826294e+01,1.228181645274162292e-08,2.063710194650235863e+00,0.000000000000000000e+00
1.516283334352494419e-04,1.699994930281200212e+01,1.699772346749421459e+01,1.639124609265584098e+01,1.228181645274162292e-08,2.063710195011665860e+00,0.000000000000000000e+00
1.517283334352494443e-04,1.699994930360853473e+01,1.699773840087979337e+01,1.639056430147681453e+01,1.227454049512743950e-08,2.063710195369550249e+00,0.000000000000000000e+00
1.518283334352494467e-04,1.699994930439730467e+01,1.699775318785948741e+01,1.638988251029124399e+01,1.227454049512743950e-08,2.063710195723981400e+00,0.000000000000000000e+00
1.519283334352494492e-04,1.699994930517830483e+01,1.699776782986809920e+01,1.638920071909920750e+01,1.227454049512743950e-08,2.063710196074895364e+00,0.000000000000000000e+00
1.520283334352494516e-04,1.699994930595161691e+01,1.699778232832716185e+01,1.638851892790076192e+01,1.227454049512743950e-08,2.063710196422340104e+00,0.000000000000000000e+00
1.521283334352494540e-04,1.699994930671741145e+01,1.699779668464435289e+01,1.638783713669597830e+01,1.226726453751325607e-08,2.063710196766448846e+00,0.000000000000000000e+00
1.522283334352494564e-04,1.699994930747570265e+01,1.699781090021293295e+01,1.638715534548492414e+01,1.227454049512743950e-08,2.063710197107191391e+00,0.000000000000000000e+00
1.523283334352494589e-04,1.699994930822647277e+01,1.699782497641223600e+01,1.638647355426765984e+01,1.226726453751325607e-08,2.063710197444498462e+00,0.000000000000000000e+00
1.524283334352494613e-04,1.699994930896995271e+01,1.699783891460972640e+01,1.638579176304424934e+01,1.225271262228488922e-08,2.063710197778574340e+00,0.000000000000000000e+00
1.525283334352494637e-04,1.699994930970612472e+01,1.699785271615757409e+01,1.638510997181475659e+01,1.225271262228488922e-08,2.063710198109349747e+00,0.000000000000000000e+00
1.526283334352494662e-04,1.699994931043511315e+01,1.699786638239600123e+01,1.638442818057924200e+01,1.224543666467070580e-08,2.063710198436922383e+00,0.000000000000000000e+00
1.527283334352494686e-04,1.699994931115690022e+01,1.699787991465102266e+01,1.638374638933777305e+01,1.224543666467070580e-08,2.063710198761230075e+00,0.000000000000000000e+00
1.528283334352494710e-04,1.699994931187166713e+01,1.699789331423678007e+01,1.638306459809040661e+01,1.223816070705652237e-08,2.063710199082414931e+00,0.000000000000000000e+00
1.529283334352494735e-04,1.699994931257940678e+01,1.699790658245341746e+01,1.638238280683720660e+01,1.225271262228488922e-08,2.063710199400427214e+00,0.000000000000000000e+00
1.530283334352494759e-04,1.699994931328022219e+01,1.699791972058937262e+01,1.638170101557822989e+01,1.224543666467070580e-08,2.063710199715337978e+00,0.000000000000000000e+00
1.531283334352494783e-04,1.699994931397411335e+01,1.699793272991917803e+01,1.638101922431354041e+01,1.225271262228488922e-08,2.063710200027113473e+00,0.000000000000000000e+00
1.532283334352494808e-04,1.699994931466125792e+01,1.699794561170668672e+01,1.638033743304318790e+01,1.223088474944233894e-08,2.063710200335874489e+00,0.000000000000000000e+00
1.533283334352494832e-04,1.699994931534165943e+01,1.699795836720178954e+01,1.637965564176723987e+01,1.223088474944233894e-08,2.063710200641612147e+00,0.000000000000000000e+00
1.534283334352494856e-04,1.699994931601534631e+01,1.699797099764238340e+01,1.637897385048574961e+01,1.224543666467070580e-08,2.063710200944312234e+00,0.000000000000000000e+00
1.535283334352494880e-04,1.699994931668240739e+01,1.699798350425451332e+01,1.637829205919878106e+01,1.223816070705652237e-08,2.063710201244020936e+00,0.000000000000000000e+00
1.536283334352494905e-04,1.699994931734304160e+01,1.699799588825325003e+01,1.637761026790638397e+01,1.222360879182815552e-08,2.063710201540901679e+00,0.000000000000000000e+00
1.537283334352494929e-04,1.699994931799711750e+01,1.699800815083933614e+01,1.637692847660861517e+01,1.222360879182815552e-08,2.063710201834791036e+00,0.000000000000000000e+00
1.538283334352494953e-04,1.699994931864475234e+01,1.699802029320361996e+01,1.637624668530553151e+01,1.222360879182815552e-08,2.063710202125770721e+00,0.000000000000000000e+00
1.539283334352494978e-04,1.699994931928608466e+01,1.699803231652482083e+01,1.637556489399718629e+01,1.221633283421397209e-08,2.063710202413952643e+00,0.000000000000000000e+00
1.540283334352495002e-04,1.699994931992111802e+01,1.699804422196996612e+01,1.637488310268363634e+01,1.221633283421397209e-08,2.063710202699292395e+00,0.000000000000000000e+00
1.541283334352495026e-04,1.699994932054995544e+01,1.699805601069498806e+01,1.637420131136493850e+01,1.220905687659978867e-08,2.063710202981862807e+00,0.000000000000000000e+00
1.542283334352495051e-04,1.699994932117260049e+01,1.699806768384367928e+01,1.637351952004114608e+01,1.222360879182815552e-08,2.063710203261635456e+00,0.000000000000000000e+00
1.543283334352495075e-04,1.699994932178914198e+01,1.699807924254939806e+01,1.637283772871231236e+01,1.220905687659978867e-08,2.063710203538667187e+00,0.000000000000000000e+00
1.544283334352495099e-04,1.699994932239966161e+01,1.699809068793440048e+01,1.637215593737847996e+01,1.219450496137142181e-08,2.063710203813011290e+00,0.000000000000000000e+00
1.545283334352495124e-04,1.699994932300423045e+01,1.699810202110945667e+01,1.637147414603971285e+01,1.220905687659978867e-08,2.063710204084701516e+00,0.000000000000000000e+00
1.546283334352495148e-04,1.699994932360282363e+01,1.699811324317435179e+01,1.637079235469606431e+01,1.221633283421397209e-08,2.063710204353672140e+00,0.000000000000000000e+00
1.547283334352495172e-04,1.699994932419557259e+01,1.699812435521894471e+01,1.637011056334757697e+01,1.219450496137142181e-08,2.063710204620035071e+00,0.000000000000000000e+00
1.548283334352495196e-04,1.699994932478241694e+01,1.699813535832105060e+01,1.636942877199430768e+01,1.220905687659978867e-08,2.063710204883692612e+00,0.000000000000000000e+00
1.549283334352495221e-04,1.699994932536361958e+01,1.699814625354987285e+01,1.636874698063629552e+01,1.219450496137142181e-08,2.063710205144872134e+00,0.000000000000000000e+00
1.550283334352495245e-04,1.699994932593908814e+01,1.699815704196214483e+01,1.636806518927359733e+01,1.220905687659978867e-08,2.063710205403459952e+00,0.000000000000000000e+00
1.551283334352495269e-04,1.699994932650890789e+01,1.699816772460535574e+01,1.636738339790625929e+01,1.218722900375723839e-08,2.063710205659498698e+00,0.000000000000000000e+00
1.552283334352495294e-04,1.699994932707321738e+01,1.699817830251701523e+01,1.636670160653432760e+01,1.217995304614305496e-08,2.063710205913109164e+00,0.000000000000000000e+00
1.553283334352495318e-04,1.699994932763190292e+01,1.699818877672280237e+01,1.636601981515785909e+01,1.219450496137142181e-08,2.063710206164145688e+00,0.000000000000000000e+00
1.554283334352495342e-04,1.699994932818511373e+01,1.699819914823999767e+01,1.636533802377689639e+01,1.217995304614305496e-08,2.063710206412729065e+00,0.000000000000000000e+00
1.555283334352495367e-04,1.699994932873295994e+01,1.699820941807564978e+01,1.636465623239148925e+01,1.218722900375723839e-08,2.063710206658932123e+00,0.000000000000000000e+00
1.556283334352495391e-04,1.699994932927536340e+01,1.699821958722604620e+01,1.636397444100168030e+01,1.217995304614305496e-08,2.063710206902639399e+00,0.000000000000000000e+00
1.557283334352495415e-04,1.699994932981247686e+01,1.699822965667863173e+01,1.636329264960751573e+01,1.217995304614305496e-08,2.063710207143991227e+00,0.000000000000000000e+00
1.558283334352495440e-04,1.699994933034430389e+01,1.699823962741078276e+01,1.636261085820903816e+01,1.217267708852887154e-08,2.063710207382950301e+00,0.000000000000000000e+00
1.559283334352495464e-04,1.699994933087095816e+01,1.699824950039064930e+01,1.636192906680629733e+01,1.217267708852887154e-08,2.063710207619617876e+00,0.000000000000000000e+00
1.560283334352495488e-04,1.699994933139241837e+01,1.699825927657605007e+01,1.636124727539933943e+01,1.216540113091468811e-08,2.063710207853928225e+00,0.000000000000000000e+00
1.561283334352495512e-04,1.699994933190878754e+01,1.699826895691624173e+01,1.636056548398821064e+01,1.217267708852887154e-08,2.063710208085966613e+00,0.000000000000000000e+00
1.562283334352495537e-04,1.699994933242007278e+01,1.699827854235083890e+01,1.635988369257295361e+01,1.216540113091468811e-08,2.063710208315708172e+00,0.000000000000000000e+00
1.563283334352495561e-04,1.699994933292642330e+01,1.699828803381062414e+01,1.635920190115361095e+01,1.216540113091468811e-08,2.063710208543271918e+00,0.000000000000000000e+00
1.564283334352495585e-04,1.699994933342776449e+01,1.699829743221657097e+01,1.635852010973022530e+01,1.216540113091468811e-08,2.063710208768553045e+00,0.000000000000000000e+00
1.565283334352495610e-04,1.699994933392416030e+01,1.699830673848075691e+01,1.635783831830283930e+01,1.215812517330050468e-08,2.063710208991604844e+00,0.000000000000000000e+00
1.566283334352495634e-04,1.699994933441569955e+01,1.699831595350680402e+01,1.635715652687149557e+01,1.216540113091468811e-08,2.063710209212475277e+00,0.000000000000000000e+00
1.567283334352495658e-04,1.699994933490242488e+01,1.699832507818920035e+01,1.635647473543623320e+01,1.215812517330050468e-08,2.063710209431187437e+00,0.000000000000000000e+00
1.568283334352495683e-04,1.699994933538437536e+01,1.699833411341366940e+01,1.635579294399709482e+01,1.215084921568632126e-08,2.063710209647748428e+00,0.000000000000000000e+00
1.569283334352495707e-04,1.699994933586166113e+01,1.699834306005754314e+01,1.635511115255412307e+01,1.215084921568632126e-08,2.063710209862257727e+00,0.000000000000000000e+00
1.570283334352495731e-04,1.699994933633424665e+01,1.699835191898894493e+01,1.635442936110735701e+01,1.214357325807213783e-08,2.063710210074637175e+00,0.000000000000000000e+00
1.571283334352495756e-04,1.699994933680215325e+01,1.699836069106754621e+01,1.635374756965684284e+01,1.215084921568632126e-08,2.063710210284888547e+00,0.000000000000000000e+00
1.572283334352495780e-04,1.699994933726542001e+01,1.699836937714485074e+01,1.635306577820261253e+01,1.215812517330050468e-08,2.063710210493027830e+00,0.000000000000000000e+00
1.573283334352495804e-04,1.699994933772422456e+01,1.699837797806483763e+01,1.635238398674470872e+01,1.214357325807213783e-08,2.063710210699204239e+00,0.000000000000000000e+00
1.574283334352495828e-04,1.699994933817854559e+01,1.699838649466184748e+01,1.635170219528317048e+01,1.214357325807213783e-08,2.063710210903380471e+00,0.000000000000000000e+00
1.575283334352495853e-04,1.699994933862837954e+01,1.699839492776229832e+01,1.635102040381803690e+01,1.214357325807213783e-08,2.063710211105512116e+00,0.000000000000000000e+00
1.576283334352495877e-04,1.699994933907380812e+01,1.699840327818505870e+01,1.635033861234934704e+01,1.214357325807213783e-08,2.063710211305668452e+00,0.000000000000000000e+00
1.577283334352495901e-04,1.699994933951490239e+01,1.699841154674096444e+01,1.634965682087712935e+01,1.212174538522958755e-08,2.063710211503897440e+00,0.000000000000000000e+00
1.578283334352495926e-04,1.699994933995162683e+01,1.699841973423208330e+01,1.634897502940142999e+01,1.213629730045795441e-08,2.063710211700138686e+00,0.000000000000000000e+00
1.579283334352495950e-04,1.699994934038410932e+01,1.699842784145372221e+01,1.634829323792228806e+01,1.212174538522958755e-08,2.063710211894493440e+00,0.000000000000000000e+00
1.580283334352495974e-04,1.699994934081232145e+01,1.699843586919230276e+01,1.634761144643974262e+01,1.214357325807213783e-08,2.063710212086915519e+00,0.000000000000000000e+00
1.581283334352495999e-04,1.699994934123632717e+01,1.699844381822732586e+01,1.634692965495382566e+01,1.212902134284377098e-08,2.063710212277433342e+00,0.000000000000000000e+00
1.582283334352496023e-04,1.699994934165621885e+01,1.699845168933068962e+01,1.634624786346456560e+01,1.212174538522958755e-08,2.063710212466130400e+00,0.000000000000000000e+00
1.583283334352496047e-04,1.699994934207196806e+01,1.699845948326588996e+01,1.634556607197200861e+01,1.212902134284377098e-08,2.063710212652951626e+00,0.000000000000000000e+00
1.584283334352496072e-04,1.699994934248367073e+01,1.699846720078999951e+01,1.634488428047618669e+01,1.212902134284377098e-08,2.063710212837976954e+00,0.000000000000000000e+00
1.585283334352496096e-04,1.699994934289127713e+01,1.699847484265136544e+01,1.634420248897713890e+01,1.212902134284377098e-08,2.063710213021130002e+00,0.000000000000000000e+00
1.586283334352496120e-04,1.699994934329498975e+01,1.699848240959310530e+01,1.634352069747489367e+01,1.212174538522958755e-08,2.063710213202583077e+00,0.000000000000000000e+00
1.587283334352496144e-04,1.699994934369465227e+01,1.699848990234836776e+01,1.634283890596948652e+01,1.212902134284377098e-08,2.063710213382167424e+00,0.000000000000000000e+00
1.588283334352496169e-04,1.699994934409039260e+01,1.699849732164503635e+01,1.634215711446095298e+01,1.212174538522958755e-08,2.063710213559986073e+00,0.000000000000000000e+00
1.589283334352496193e-04,1.699994934448226758e+01,1.699850466820331008e+01,1.634147532294932859e+01,1.211446942761540413e-08,2.063710213736072774e+00,0.000000000000000000e+00
1.590283334352496217e-04,1.699994934487032694e+01,1.699851194273655253e+01,1.634079353143464175e+01,1.211446942761540413e-08,2.063710213910464830e+00,0.000000000000000000e+00
1.591283334352496242e-04,1.699994934525455292e+01,1.699851914595037172e+01,1.634011173991693155e+01,1.210719347000122070e-08,2.063710214083116057e+00,0.000000000000000000e+00
1.592283334352496266e-04,1.699994934563498816e+01,1.699852627854422238e+01,1.633942994839622642e+01,1.211446942761540413e-08,2.063710214254049546e+00,0.000000000000000000e+00
1.593283334352496290e-04,1.699994934601175345e+01,1.699853334121076998e+01,1.633874815687255833e+01,1.210719347000122070e-08,2.063710214423370104e+00,0.000000000000000000e+00
1.594283334352496315e-04,1.699994934638476707e+01,1.699854033463499903e+01,1.633806636534596279e+01,1.211446942761540413e-08,2.063710214590969372e+00,0.000000000000000000e+00
1.595283334352496339e-04,1.699994934675417824e+01,1.699854725949633760e+01,1.633738457381647180e+01,1.210719347000122070e-08,2.063710214756989458e+00,0.000000000000000000e+00
1.596283334352496363e-04,1.699994934711995143e+01,1.699855411646642978e+01,1.633670278228411377e+01,1.210719347000122070e-08,2.063710214921357533e+00,0.000000000000000000e+00
1.597283334352496388e-04,1.699994934748213637e+01,1.699856090621113225e+01,1.633602099074891356e+01,1.209264155477285385e-08,2.063710215084112676e+00,0.000000000000000000e+00
1.598283334352496412e-04,1.699994934784075440e+01,1.699856762938950538e+01,1.633533919921091382e+01,1.209991751238703728e-08,2.063710215245256663e+00,0.000000000000000000e+00
1.599283334352496436e-04,1.699994934819589787e+01,1.699857428665444914e+01,1.633465740767013941e+01,1.209991751238703728e-08,2.063710215404856996e+00,0.000000000000000000e+00
1.600283334352496460e-04,1.699994934854756679e+01,1.699858087865191081e+01,1.633397561612662230e+01,1.209991751238703728e-08,2.063710215562910122e+00,0.000000000000000000e+00
1.601283334352496485e-04,1.699994934889572207e+01,1.699858740602123319e+01,1.633329382458039447e+01,1.209991751238703728e-08,2.063710215719348540e+00,0.000000000000000000e+00
1.602283334352496509e-04,1.699994934924054135e+01,1.699859386939709438e+01,1.633261203303148434e+01,1.208536559715867043e-08,2.063710215874317910e+00,0.000000000000000000e+00
1.603283334352496533e-04,1.699994934958193582e+01,1.699860026940606517e+01,1.633193024147991679e+01,1.209991751238703728e-08,2.063710216027727640e+00,0.000000000000000000e+00
1.604283334352496558e-04,1.699994934992000140e+01,1.699860660666992018e+01,1.633124844992572022e+01,1.208536559715867043e-08,2.063710216179659440e+00,0.000000000000000000e+00
1.605283334352496582e-04,1.699994935025469545e+01,1.699861288180303376e+01,1.633056665836893018e+01,1.209264155477285385e-08,2.063710216330036928e+00,0.000000000000000000e+00
1.606283334352496606e-04,1.699994935058619205e+01,1.699861909541560934e+01,1.632988486680957152e+01,1.208536559715867043e-08,2.063710216479030635e+00,0.000000000000000000e+00
1.607283334352496631e-04,1.699994935091445214e+01,1.699862524811025466e+01,1.632920307524766912e+01,1.208536559715867043e-08,2.063710216626571281e+00,0.000000000000000000e+00
1.608283334352496655e-04,1.699994935123942241e+01,1.699863134048388602e+01,1.632852128368325850e+01,1.209264155477285385e-08,2.063710216772591366e+00,0.000000000000000000e+00
1.609283334352496679e-04,1.699994935156122011e+01,1.699863737312820078e+01,1.632783949211636099e+01,1.208536559715867043e-08,2.063710216917195694e+00,0.000000000000000000e+00
1.610283334352496703e-04,1.699994935187990563e+01,1.699864334662905208e+01,1.632715770054700144e+01,1.207808963954448700e-08,2.063710217060428675e+00,0.000000000000000000e+00
1.611283334352496728e-04,1.699994935219542214e+01,1.699864926156572409e+01,1.632647590897521184e+01,1.207081368193030357e-08,2.063710217202203268e+00,0.000000000000000000e+00
1.612283334352496752e-04,1.699994935250783001e+01,1.699865511851264088e+01,1.632579411740102415e+01,1.206353772431612015e-08,2.063710217342581643e+00,0.000000000000000000e+00
1.613283334352496776e-04,1.699994935281723585e+01,1.699866091803863455e+01,1.632511232582445970e+01,1.207081368193030357e-08,2.063710217481647291e+00,0.000000000000000000e+00
1.614283334352496801e-04,1.699994935312359345e+01,1.699866666070612098e+01,1.632443053424554691e+01,1.207081368193030357e-08,2.063710217619334486e+00,0.000000000000000000e+00
1.615283334352496825e-04,1.699994935342693125e+01,1.699867234707276609e+01,1.632374874266431064e+01,1.206353772431612015e-08,2.063710217755650334e+00,0.000000000000000000e+00
1.616283334352496849e-04,1.699994935372732030e+01,1.699867797769081434e+01,1.632306695108076866e+01,1.205626176670193672e-08,2.063710217890651677e+00,0.000000000000000000e+00
1.617283334352496874e-04,1.699994935402478191e+01,1.699868355310658785e+01,1.632238515949496360e+01,1.206353772431612015e-08,2.063710218024356280e+00,0.000000000000000000e+00
1.618283334352496898e-04,1.699994935431923082e+01,1.699868907386070305e+01,1.632170336790691323e+01,1.207808963954448700e-08,2.063710218156648679e+00,0.000000000000000000e+00
1.619283334352496922e-04,1.699994935461086598e+01,1.699869454049016326e+01,1.632102157631663175e+01,1.204898580908775330e-08,2.063710218287717169e+00,0.000000000000000000e+00
1.620283334352496947e-04,1.699994935489966252e+01,1.699869995352508312e+01,1.632033978472415114e+01,1.205626176670193672e-08,2.063710218417520892e+00,0.000000000000000000e+00
1.621283334352496971e-04,1.699994935518559558e+01,1.699870531349061409e+01,1.631965799312950338e+01,1.205626176670193672e-08,2.063710218546013664e+00,0.000000000000000000e+00
1.622283334352496995e-04,1.699994935546870778e+01,1.699871062090729623e+01,1.631897620153270267e+01,1.206353772431612015e-08,2.063710218673238117e+00,0.000000000000000000e+00
1.623283334352497019e-04,1.699994935574905597e+01,1.699871587629057501e+01,1.631829440993378100e+01,1.204170985147356987e-08,2.063710218799219120e+00,0.000000000000000000e+00
1.624283334352497044e-04,1.699994935602663659e+01,1.699872108015009431e+01,1.631761261833275611e+01,1.206353772431612015e-08,2.063710218923947792e+00,0.000000000000000000e+00
1.625283334352497068e-04,1.699994935630149584e+01,1.699872623299124541e+01,1.631693082672966000e+01,1.205626176670193672e-08,2.063710219047461436e+00,0.000000000000000000e+00
1.626283334352497092e-04,1.699994935657366213e+01,1.699873133531419356e+01,1.631624903512451041e+01,1.205626176670193672e-08,2.063710219169760052e+00,0.000000000000000000e+00
1.627283334352497117e-04,1.699994935684321717e+01,1.699873638761451033e+01,1.631556724351732512e+01,1.204898580908775330e-08,2.063710219290912917e+00,0.000000000000000000e+00
1.628283334352497141e-04,1.699994935711009703e+01,1.699874139038206167e+01,1.631488545190813610e+01,1.205626176670193672e-08,2.063710219410852531e+00,0.000000000000000000e+00
1.629283334352497165e-04,1.699994935737436208e+01,1.699874634410273799e+01,1.631420366029696112e+01,1.204170985147356987e-08,2.063710219529617973e+00,0.000000000000000000e+00
1.630283334352497190e-04,1.699994935763606208e+01,1.699875124925764780e+01,1.631352186868382148e+01,1.204898580908775330e-08,2.063710219647237665e+00,0.000000000000000000e+00
1.631283334352497214e-04,1.699994935789515793e+01,1.699875610632239287e+01,1.631284007706874917e+01,1.205626176670193672e-08,2.063710219763670750e+00,0.000000000000000000e+00
1.632283334352497238e-04,1.699994935815174202e+01,1.699876091576897963e+01,1.631215828545175839e+01,1.204898580908775330e-08,2.063710219878984731e+00,0.000000000000000000e+00
1.633283334352497263e-04,1.699994935840578236e+01,1.699876567806373373e+01,1.631147649383286691e+01,1.204898580908775330e-08,2.063710219993152961e+00,0.000000000000000000e+00
1.634283334352497287e-04,1.699994935865735712e+01,1.699877039366944942e+01,1.631079470221209959e+01,1.203443389385938644e-08,2.063710220106212745e+00,0.000000000000000000e+00
1.635283334352497311e-04,1.699994935890643788e+01,1.699877506304334673e+01,1.631011291058948487e+01,1.204170985147356987e-08,2.063710220218148095e+00,0.000000000000000000e+00
1.636283334352497335e-04,1.699994935915307437e+01,1.699877968663892958e+01,1.630943111896503694e+01,1.204170985147356987e-08,2.063710220328978551e+00,0.000000000000000000e+00
1.637283334352497360e-04,1.699994935939732699e+01,1.699878426490528227e+01,1.630874932733877714e+01,1.203443389385938644e-08,2.063710220438750298e+00,0.000000000000000000e+00
1.638283334352497384e-04,1.699994935963915665e+01,1.699878879828628087e+01,1.630806753571072321e+01,1.203443389385938644e-08,2.063710220547431362e+00,0.000000000000000000e+00
1.639283334352497408e-04,1.699994935987863087e+01,1.699879328722249383e+01,1.630738574408089647e+01,1.201988197863101959e-08,2.063710220655050165e+00,0.000000000000000000e+00
1.640283334352497433e-04,1.699994936011571056e+01,1.699879773214888345e+01,1.630670395244932536e+01,1.203443389385938644e-08,2.063710220761569403e+00,0.000000000000000000e+00
1.641283334352497457e-04,1.699994936035058757e+01,1.699880213349826263e+01,1.630602216081602052e+01,1.202715793624520302e-08,2.063710220867177370e+00,0.000000000000000000e+00
1.642283334352497481e-04,1.699994936058306294e+01,1.699880649169624292e+01,1.630534036918101393e+01,1.203443389385938644e-08,2.063710220971643139e+00,0.000000000000000000e+00
1.643283334352497506e-04,1.699994936081332852e+01,1.699881080716720305e+01,1.630465857754431269e+01,1.201260602101683617e-08,2.063710221075158557e+00,0.000000000000000000e+00
1.644283334352497530e-04,1.699994936104128840e+01,1.699881508032921928e+01,1.630397678590594523e+01,1.202715793624520302e-08,2.063710221177601056e+00,0.000000000000000000e+00
1.645283334352497554e-04,1.699994936126701006e+01,1.699881931159737292e+01,1.630329499426593287e+01,1.201988197863101959e-08,2.063710221279043466e+00,0.000000000000000000e+00
1.646283334352497579e-04,1.699994936149051483e+01,1.699882350138237896e+01,1.630261320262428981e+01,1.201988197863101959e-08,2.063710221379478682e+00,0.000000000000000000e+00
1.647283334352497603e-04,1.699994936171187376e+01,1.699882765009121854e+01,1.630193141098102672e+01,1.201260602101683617e-08,2.063710221478984863e+00,0.000000000000000000e+00
1.648283334352497627e-04,1.699994936193105488e+01,1.699883175812631819e+01,1.630124961933617556e+01,1.201260602101683617e-08,2.063710221577499837e+00,0.000000000000000000e+00
1.649283334352497651e-04,1.699994936214804397e+01,1.699883582588617870e+01,1.630056782768975410e+01,1.201260602101683617e-08,2.063710221675012946e+00,0.000000000000000000e+00
1.650283334352497676e-04,1.699994936236291210e+01,1.699883985376593643e+01,1.629988603604176944e+01,1.201260602101683617e-08,2.063710221771570374e+00,0.000000000000000000e+00
1.651283334352497700e-04,1.699994936257568412e+01,1.699884384215657107e+01,1.629920424439224647e+01,1.201988197863101959e-08,2.063710221867198769e+00,0.000000000000000000e+00
1.652283334352497724e-04,1.699994936278637425e+01,1.699884779144522540e+01,1.629852245274120293e+01,1.201988197863101959e-08,2.063710221961896352e+00,0.000000000000000000e+00
1.653283334352497749e-04,1.699994936299505000e+01,1.699885170201554629e+01,1.629784066108866014e+01,1.201260602101683617e-08,2.063710222055709309e+00,0.000000000000000000e+00
1.654283334352497773e-04,1.699994936320166872e+01,1.699885557424681792e+01,1.629715886943463587e+01,1.201260602101683617e-08,2.063710222148586126e+00,0.000000000000000000e+00
1.655283334352497797e-04,1.699994936340616647e+01,1.699885940851437027e+01,1.629647707777914434e+01,1.201260602101683617e-08,2.063710222240464631e+00,0.000000000000000000e+00
1.656283334352497822e-04,1.699994936360873510e+01,1.699886320519150118e+01,1.629579528612219974e+01,1.199805410578846931e-08,2.063710222331513577e+00,0.000000000000000000e+00
1.657283334352497846e-04,1.699994936380931776e+01,1.699886696464619718e+01,1.629511349446382695e+01,1.199805410578846931e-08,2.063710222421670792e+00,0.000000000000000000e+00
1.658283334352497870e-04,1.699994936400791090e+01,1.699887068724313721e+01,1.629443170280404019e+01,1.200533006340265274e-08,2.063710222510923842e+00,0.000000000000000000e+00
1.659283334352497895e-04,1.699994936420459268e+01,1.699887437334419360e+01,1.629374991114285720e+01,1.200533006340265274e-08,2.063710222599329569e+00,0.000000000000000000e+00
1.660283334352497919e-04,1.699994936439930981e+01,1.699887802330663078e+01,1.629306811948029221e+01,1.201260602101683617e-08,2.063710222686836460e+00,0.000000000000000000e+00
1.661283334352497943e-04,1.699994936459210848e+01,1.699888163748500958e+01,1.629238632781635943e+01,1.199805410578846931e-08,2.063710222773476488e+00,0.000000000000000000e+00
1.662283334352497967e-04,1.699994936478304197e+01,1.699888521623042337e+01,1.629170453615107661e+01,1.199805410578846931e-08,2.063710222859292287e+00,0.000000000000000000e+00
1.663283334352497992e-04,1.699994936497211384e+01,1.699888875989001491e+01,1.629102274448446153e+01,1.199805410578846931e-08,2.063710222944285633e+00,0.000000000000000000e+00
1.664283334352498016e-04,1.699994936515922817e+01,1.699889226880717530e+01,1.629034095281653549e+01,1.200533006340265274e-08,2.063710223028333957e+00,0.000000000000000000e+00
1.665283334352498040e-04,1.699994936534460876e+01,1.699889574332365783e+01,1.628965916114730916e+01,1.198350219056010246e-08,2.063710223111661080e+00,0.000000000000000000e+00
1.666283334352498065e-04,1.699994936552813130e+01,1.699889918377588316e+01,1.628897736947679675e+01,1.199077814817428589e-08,2.063710223194128446e+00,0.000000000000000000e+00
1.667283334352498089e-04,1.699994936570985260e+01,1.699890259049808350e+01,1.628829557780501602e+01,1.198350219056010246e-08,2.063710223275791122e+00,0.000000000000000000e+00
1.668283334352498113e-04,1.699994936588984729e+01,1.699890596382123320e+01,1.628761378613197763e+01,1.198350219056010246e-08,2.063710223356707729e+00,0.000000000000000000e+00
1.669283334352498138e-04,1.699994936606803719e+01,1.699890930407222100e+01,1.628693199445771000e+01,1.199077814817428589e-08,2.063710223436780566e+00,0.000000000000000000e+00
1.670283334352498162e-04,1.699994936624448982e+01,1.699891261157556599e+01,1.628625020278222024e+01,1.199077814817428589e-08,2.063710223516084241e+00,0.000000000000000000e+00
1.671283334352498186e-04,1.699994936641920518e+01,1.699891588665230913e+01,1.628556841110552256e+01,1.198350219056010246e-08,2.063710223594606319e+00,0.000000000000000000e+00
1.672283334352498211e-04,1.699994936659224720e+01,1.699891912962063856e+01,1.628488661942763116e+01,1.198350219056010246e-08,2.063710223672394761e+00,0.000000000000000000e+00
1.673283334352498235e-04,1.699994936676358748e+01,1.699892234079506892e+01,1.628420482774856026e+01,1.199077814817428589e-08,2.063710223749417594e+00,0.000000000000000000e+00
1.674283334352498259e-04,1.699994936693321534e+01,1.699892552048704175e+01,1.628352303606833118e+01,1.198350219056010246e-08,2.063710223825644619e+00,0.000000000000000000e+00
1.675283334352498283e-04,1.699994936710118054e+01,1.699892866900547261e+01,1.628284124438695102e+01,1.196895027533173561e-08,2.063710223901130902e+00,0.000000000000000000e+00
1.676283334352498308e-04,1.699994936726749017e+01,1.699893178665598015e+01,1.628215945270443754e+01,1.197622623294591904e-08,2.063710223975865787e+00,0.000000000000000000e+00
1.677283334352498332e-04,1.699994936743223306e+01,1.699893487374149004e+01,1.628147766102080141e+01,1.196895027533173561e-08,2.063710224049934538e+00,0.000000000000000000e+00
1.678283334352498356e-04,1.699994936759534880e+01,1.699893793056136460e+01,1.628079586933605682e+01,1.197622623294591904e-08,2.063710224123262549e+00,0.000000000000000000e+00
1.679283334352498381e-04,1.699994936775679477e+01,1.699894095741179711e+01,1.628011407765022511e+01,1.197622623294591904e-08,2.063710224195801857e+00,0.000000000000000000e+00
1.680283334352498405e-04,1.699994936791672373e+01,1.699894395458768059e+01,1.627943228596330982e+01,1.196895027533173561e-08,2.063710224267692794e+00,0.000000000000000000e+00
1.681283334352498429e-04,1.699994936807510726e+01,1.699894692237942095e+01,1.627875049427532872e+01,1.196895027533173561e-08,2.063710224338905164e+00,0.000000000000000000e+00
1.682283334352498454e-04,1.699994936823189917e+01,1.699894986107481287e+01,1.627806870258630312e+01,1.197622623294591904e-08,2.063710224409385674e+00,0.000000000000000000e+00
1.683283334352498478e-04,1.699994936838711368e+01,1.699895277095910728e+01,1.627738691089624368e+01,1.198350219056010246e-08,2.063710224479127220e+00,0.000000000000000000e+00
1.684283334352498502e-04,1.699994936854086447e+01,1.699895565231556915e+01,1.627670511920515395e+01,1.194712240248918533e-08,2.063710224548243488e+00,0.000000000000000000e+00
1.685283334352498527e-04,1.699994936869306628e+01,1.699895850542308295e+01,1.627602332751304459e+01,1.195439836010336876e-08,2.063710224616642108e+00,0.000000000000000000e+00
1.686283334352498551e-04,1.699994936884381147e+01,1.699896133055914760e+01,1.627534153581993692e+01,1.195439836010336876e-08,2.063710224684408345e+00,0.000000000000000000e+00
1.687283334352498575e-04,1.699994936899303610e+01,1.699896412799744994e+01,1.627465974412584515e+01,1.196167431771755219e-08,2.063710224751462263e+00,0.000000000000000000e+00
1.688283334352498599e-04,1.699994936914080768e+01,1.699896689800981875e+01,1.627397795243077994e+01,1.196167431771755219e-08,2.063710224817874916e+00,0.000000000000000000e+00
1.689283334352498624e-04,1.699994936928720435e+01,1.699896964086566697e+01,1.627329616073475194e+01,1.194712240248918533e-08,2.063710224883704925e+00,0.000000000000000000e+00
1.690283334352498648e-04,1.699994936943205914e+01,1.699897235682988850e+01,1.627261436903778602e+01,1.196895027533173561e-08,2.063710224948787086e+00,0.000000000000000000e+00
1.691283334352498672e-04,1.699994936957558167e+01,1.699897504616749089e+01,1.627193257733988219e+01,1.194712240248918533e-08,2.063710225013323907e+00,0.000000000000000000e+00
1.692283334352498697e-04,1.699994936971764758e+01,1.699897770913867845e+01,1.627125078564105110e+01,1.195439836010336876e-08,2.063710225077175053e+00,0.000000000000000000e+00
1.693283334352498721e-04,1.699994936985837768e+01,1.699898034600252217e+01,1.627056899394131051e+01,1.196167431771755219e-08,2.063710225140454213e+00,0.000000000000000000e+00
1.694283334352498745e-04,1.699994936999766537e+01,1.699898295701439466e+01,1.626988720224067464e+01,1.196895027533173561e-08,2.063710225203044146e+00,0.000000000000000000e+00
1.695283334352498770e-04,1.699994937013562080e+01,1.699898554242830073e+01,1.626920541053914349e+01,1.193984644487500191e-08,2.063710225265053211e+00,0.000000000000000000e+00
1.696283334352498794e-04,1.699994937027218356e+01,1.699898810249466763e+01,1.626852361883674192e+01,1.195439836010336876e-08,2.063710225326417458e+00,0.000000000000000000e+00
1.697283334352498818e-04,1.699994937040742471e+01,1.699899063746229189e+01,1.626784182713347349e+01,1.195439836010336876e-08,2.063710225387199060e+00,0.000000000000000000e+00
1.698283334352498843e-04,1.699994937054139399e+01,1.699899314757751156e+01,1.626716003542934530e+01,1.193984644487500191e-08,2.063710225447445978e+00,0.000000000000000000e+00
1.699283334352498867e-04,1.699994937067395995e+01,1.699899563308313333e+01,1.626647824372437867e+01,1.195439836010336876e-08,2.063710225507009000e+00,0.000000000000000000e+00
1.700283334352498891e-04,1.699994937080531443e+01,1.699899809422153751e+01,1.626579645201857716e+01,1.194712240248918533e-08,2.063710225566072864e+00,0.000000000000000000e+00
1.701283334352498915e-04,1.699994937093536507e+01,1.699900053123105437e+01,1.626511466031196562e+01,1.193984644487500191e-08,2.063710225624536321e+00,0.000000000000000000e+00
1.702283334352498940e-04,1.699994937106404080e+01,1.699900294434768711e+01,1.626443286860454762e+01,1.196167431771755219e-08,2.063710225682331867e+00,0.000000000000000000e+00
1.703283334352498964e-04,1.699994937119160099e+01,1.699900533380708723e+01,1.626375107689632316e+01,1.193984644487500191e-08,2.063710225739715298e+00,0.000000000000000000e+00
1.704283334352498988e-04,1.699994937131782180e+01,1.699900769983980453e+01,1.626306928518731709e+01,1.194712240248918533e-08,2.063710225796443254e+00,0.000000000000000000e+00
1.705283334352499013e-04,1.699994937144281337e+01,1.699901004267605842e+01,1.626238749347753298e+01,1.193984644487500191e-08,2.063710225852620539e+00,0.000000000000000000e+00
1.706283334352499037e-04,1.699994937156658992e+01,1.699901236254327941e+01,1.626170570176698504e+01,1.194712240248918533e-08,2.063710225908254259e+00,0.000000000000000000e+00
1.707283334352499061e-04,1.699994937168918341e+01,1.699901465966690139e+01,1.626102391005568393e+01,1.193984644487500191e-08,2.063710225963369282e+00,0.000000000000000000e+00
1.708283334352499086e-04,1.699994937181056542e+01,1.699901693426939886e+01,1.626034211834364385e+01,1.194712240248918533e-08,2.063710226017944294e+00,0.000000000000000000e+00
1.709283334352499110e-04,1.699994937193077860e+01,1.699901918657205968e+01,1.625966032663086480e+01,1.193257048726081848e-08,2.063710226071998832e+00,0.000000000000000000e+00
1.710283334352499134e-04,1.699994937204976964e+01,1.699902141679298850e+01,1.625897853491736100e+01,1.193984644487500191e-08,2.063710226125486713e+00,0.000000000000000000e+00
1.711283334352499158e-04,1.699994937216759183e+01,1.699902362514893994e+01,1.625829674320314666e+01,1.193257048726081848e-08,2.063710226178439910e+00,0.000000000000000000e+00
1.712283334352499183e-04,1.699994937228426650e+01,1.699902581185429185e+01,1.625761495148822888e+01,1.194712240248918533e-08,2.063710226230885070e+00,0.000000000000000000e+00
1.713283334352499207e-04,1.699994937239981141e+01,1.699902797712154623e+01,1.625693315977261477e+01,1.193257048726081848e-08,2.063710226282825744e+00,0.000000000000000000e+00
1.714283334352499231e-04,1.699994937251421234e+01,1.699903012116038425e+01,1.625625136805631854e+01,1.193257048726081848e-08,2.063710226334256603e+00,0.000000000000000000e+00
1.715283334352499256e-04,1.699994937262747641e+01,1.699903224417915482e+01,1.625556957633935440e+01,1.192529452964663506e-08,2.063710226385158109e+00,0.000000000000000000e+00
1.716283334352499280e-04,1.699994937273967821e+01,1.699903434638423860e+01,1.625488778462172235e+01,1.192529452964663506e-08,2.063710226435619077e+00,0.000000000000000000e+00
1.717283334352499304e-04,1.699994937285074670e+01,1.699903642797915282e+01,1.625420599290343304e+01,1.191801857203245163e-08,2.063710226485538257e+00,0.000000000000000000e+00
1.718283334352499329e-04,1.699994937296077779e+01,1.699903848916650517e+01,1.625352420118450070e+01,1.191801857203245163e-08,2.063710226535027559e+00,0.000000000000000000e+00
1.719283334352499353e-04,1.699994937306967913e+01,1.699904053014579830e+01,1.625284240946493597e+01,1.192529452964663506e-08,2.063710226583975071e+00,0.000000000000000000e+00
1.720283334352499377e-04,1.699994937317754307e+01,1.699904255111569640e+01,1.625216061774473530e+01,1.192529452964663506e-08,2.063710226632483824e+00,0.000000000000000000e+00
1.721283334352499402e-04,1.699994937328430566e+01,1.699904455227182964e+01,1.625147882602392357e+01,1.192529452964663506e-08,2.063710226680472104e+00,0.000000000000000000e+00
1.722283334352499426e-04,1.699994937338996692e+01,1.699904653380844621e+01,1.625079703430250433e+01,1.191801857203245163e-08,2.063710226727925701e+00,0.000000000000000000e+00
1.723283334352499450e-04,1.699994937349472579e+01,1.699904849591900913e+01,1.625011524258047757e+01,1.190346665680408478e-08,2.063710226775050671e+00,0.000000000000000000e+00
1.724283334352499474e-04,1.699994937359834069e+01,1.699905043879232736e+01,1.624943345085786817e+01,1.191801857203245163e-08,2.063710226821601879e+00,0.000000000000000000e+00
1.725283334352499499e-04,1.699994937370102122e+01,1.699905236261835739e+01,1.624875165913467612e+01,1.191074261441826820e-08,2.063710226867776498e+00,0.000000000000000000e+00
1.726283334352499523e-04,1.699994937380270699e+01,1.699905426758331117e+01,1.624806986741091208e+01,1.191074261441826820e-08,2.063710226913510581e+00,0.000000000000000000e+00
1.727283334352499547e-04,1.699994937390334826e+01,1.699905615387180546e+01,1.624738807568658316e+01,1.191801857203245163e-08,2.063710226958743732e+00,0.000000000000000000e+00
1.728283334352499572e-04,1.699994937400302319e+01,1.699905802166724200e+01,1.624670628396169647e+01,1.191801857203245163e-08,2.063710227003559439e+00,0.000000000000000000e+00
1.729283334352499596e-04,1.699994937410170337e+01,1.699905987115089445e+01,1.624602449223626621e+01,1.191801857203245163e-08,2.063710227047909740e+00,0.000000000000000000e+00
1.730283334352499620e-04,1.699994937419945629e+01,1.699906170250257631e+01,1.624534270051029239e+01,1.188891474157571793e-08,2.063710227091869243e+00,0.000000000000000000e+00
1.731283334352499645e-04,1.699994937429618957e+01,1.699906351589948628e+01,1.624466090878379276e+01,1.191074261441826820e-08,2.063710227135333142e+00,0.000000000000000000e+00
1.732283334352499669e-04,1.699994937439204179e+01,1.699906531151825106e+01,1.624397911705677089e+01,1.189619069918990135e-08,2.063710227178450651e+00,0.000000000000000000e+00
1.733283334352499693e-04,1.699994937448691701e+01,1.699906708953258772e+01,1.624329732532923742e+01,1.191074261441826820e-08,2.063710227221097426e+00,0.000000000000000000e+00
1.734283334352499718e-04,1.699994937458086142e+01,1.699906885011535707e+01,1.624261553360119592e+01,1.190346665680408478e-08,2.063710227263337416e+00,0.000000000000000000e+00
1.735283334352499742e-04,1.699994937467391054e+01,1.699907059343772886e+01,1.624193374187265704e+01,1.189619069918990135e-08,2.063710227305179501e+00,0.000000000000000000e+00
1.736283334352499766e-04,1.699994937476605017e+01,1.699907231966865595e+01,1.624125195014362788e+01,1.190346665680408478e-08,2.063710227346618353e+00,0.000000000000000000e+00
1.737283334352499790e-04,1.699994937485720214e+01,1.699907402897515141e+01,1.624057015841411911e+01,1.191074261441826820e-08,2.063710227387559826e+00,0.000000000000000000e+00
1.738283334352499815e-04,1.699994937494755121e+01,1.699907572152426027e+01,1.623988836668412716e+01,1.188891474157571793e-08,2.063710227428201094e+00,0.000000000000000000e+00
1.739283334352499839e-04,1.699994937503697656e+01,1.699907739747943225e+01,1.623920657495367337e+01,1.190346665680408478e-08,2.063710227468396496e+00,0.000000000000000000e+00
1.740283334352499863e-04,1.699994937512553506e+01,1.699907905700363031e+01,1.623852478322276127e+01,1.189619069918990135e-08,2.063710227508209982e+00,0.000000000000000000e+00
1.741283334352499888e-04,1.699994937521325511e+01,1.699908070025820450e+01,1.623784299149139443e+01,1.189619069918990135e-08,2.063710227547662868e+00,0.000000000000000000e+00
1.742283334352499912e-04,1.699994937530009764e+01,1.699908232740238034e+01,1.623716119975958350e+01,1.188891474157571793e-08,2.063710227586703638e+00,0.000000000000000000e+00
1.743283334352499936e-04,1.699994937538606266e+01,1.699908393859385569e+01,1.623647940802733913e+01,1.189619069918990135e-08,2.063710227625344729e+00,0.000000000000000000e+00
1.744283334352499961e-04,1.699994937547119278e+01,1.699908553398930167e+01,1.623579761629466134e+01,1.189619069918990135e-08,2.063710227663616337e+00,0.000000000000000000e+00
1.745283334352499985e-04,1.699994937555550578e+01,1.699908711374382975e+01,1.623511582456156077e+01,1.189619069918990135e-08,2.063710227701522015e+00,0.000000000000000000e+00
1.746283334352500009e-04,1.699994937563896258e+01,1.699908867801026346e+01,1.623443403282804809e+01,1.189619069918990135e-08,2.063710227739035119e+00,0.000000000000000000e+00
1.747283334352500034e-04,1.699994937572158094e+01,1.699909022694044580e+01,1.623375224109412684e+01,1.190346665680408478e-08,2.063710227776159201e+00,0.000000000000000000e+00
1.748283334352500058e-04,1.699994937580347809e+01,1.699909176068555539e+01,1.623307044935980414e+01,1.188163878396153450e-08,2.063710227813002618e+00,0.000000000000000000e+00
1.749283334352500082e-04,1.699994937588451904e+01,1.699909327939362669e+01,1.623238865762509420e+01,1.188891474157571793e-08,2.063710227849437473e+00,0.000000000000000000e+00
1.750283334352500106e-04,1.699994937596480682e+01,1.699909478321264089e+01,1.623170686588999345e+01,1.188163878396153450e-08,2.063710227885552584e+00,0.000000000000000000e+00
1.751283334352500131e-04,1.699994937604426326e+01,1.699909627228800346e+01,1.623102507415450901e+01,1.188163878396153450e-08,2.063710227921268014e+00,0.000000000000000000e+00
1.752283334352500155e-04,1.699994937612298074e+01,1.699909774676482499e+01,1.623034328241865154e+01,1.188163878396153450e-08,2.063710227956677912e+00,0.000000000000000000e+00
1.753283334352500179e-04,1.699994937620090241e+01,1.699909920678592812e+01,1.622966149068243169e+01,1.189619069918990135e-08,2.063710227991714774e+00,0.000000000000000000e+00
1.754283334352500204e-04,1.699994937627803537e+01,1.699910065249280322e+01,1.622897969894584946e+01,1.188891474157571793e-08,2.063710228026385707e+00,0.000000000000000000e+00
1.755283334352500228e-04,1.699994937635442227e+01,1.699910208402605605e+01,1.622829790720891552e+01,1.188163878396153450e-08,2.063710228060724461e+00,0.000000000000000000e+00
1.756283334352500252e-04,1.699994937643002046e+01,1.699910350152435257e+01,1.622761611547163696e+01,1.188163878396153450e-08,2.063710228094688404e+00,0.000000000000000000e+00
1.757283334352500277e-04,1.699994937650498628e+01,1.699910490512637651e+01,1.622693432373400668e+01,1.186708686873316765e-08,2.063710228128424973e+00,0.000000000000000000e+00
1.758283334352500301e-04,1.699994937657909944e+01,1.699910629496674375e+01,1.622625253199604600e+01,1.188891474157571793e-08,2.063710228161719229e+00,0.000000000000000000e+00
1.759283334352500325e-04,1.699994937665262640e+01,1.699910767118202770e+01,1.622557074025775847e+01,1.186708686873316765e-08,2.063710228194818086e+00,0.000000000000000000e+00
1.760283334352500350e-04,1.699994937672535755e+01,1.699910903390442840e+01,1.622488894851915120e+01,1.188163878396153450e-08,2.063710228227524368e+00,0.000000000000000000e+00
1.761283334352500374e-04,1.699994937679737816e+01,1.699911038326677470e+01,1.622420715678023129e+01,1.187436282634735107e-08,2.063710228259914459e+00,0.000000000000000000e+00
1.762283334352500398e-04,1.699994937686872376e+01,1.699911171940030741e+01,1.622352536504099874e+01,1.187436282634735107e-08,2.063710228292011450e+00,0.000000000000000000e+00
1.763283334352500422e-04,1.699994937693933750e+01,1.699911304243418542e+01,1.622284357330146420e+01,1.187436282634735107e-08,2.063710228323756724e+00,0.000000000000000000e+00
1.764283334352500447e-04,1.699994937700926201e+01,1.699911435249711644e+01,1.622216178156163124e+01,1.185981091111898422e-08,2.063710228355205345e+00,0.000000000000000000e+00
1.765283334352500471e-04,1.699994937707847242e+01,1.699911564971623079e+01,1.622147998982150341e+01,1.185981091111898422e-08,2.063710228386309353e+00,0.000000000000000000e+00
1.766283334352500495e-04,1.699994937714702914e+01,1.699911693421773506e+01,1.622079819808109136e+01,1.185253495350480080e-08,2.063710228417138026e+00,0.000000000000000000e+00
1.767283334352500520e-04,1.699994937721486465e+01,1.699911820612553370e+01,1.622011640634040219e+01,1.187436282634735107e-08,2.063710228447618533e+00,0.000000000000000000e+00
1.768283334352500544e-04,1.699994937728211042e+01,1.699911946556415643e+01,1.621943461459943592e+01,1.185253495350480080e-08,2.063710228477866337e+00,0.000000000000000000e+00
1.769283334352500568e-04,1.699994937734869893e+01,1.699912071265531210e+01,1.621875282285820319e+01,1.186708686873316765e-08,2.063710228507824596e+00,0.000000000000000000e+00
1.770283334352500593e-04,1.699994937741460888e+01,1.699912194751979655e+01,1.621807103111671111e+01,1.185981091111898422e-08,2.063710228537457780e+00,0.000000000000000000e+00
1.771283334352500617e-04,1.699994937747987578e+01,1.699912317027773412e+01,1.621738923937495969e+01,1.185981091111898422e-08,2.063710228566806748e+00,0.000000000000000000e+00
1.772283334352500641e-04,1.699994937754452451e+01,1.699912438104806967e+01,1.621670744763295602e+01,1.184525899589061737e-08,2.063710228595894591e+00,0.000000000000000000e+00
1.773283334352500666e-04,1.699994937760850888e+01,1.699912557994781537e+01,1.621602565589070721e+01,1.185981091111898422e-08,2.063710228624664467e+00,0.000000000000000000e+00
1.774283334352500690e-04,1.699994937767186798e+01,1.699912676709361392e+01,1.621534386414822038e+01,1.185981091111898422e-08,2.063710228653157230e+00,0.000000000000000000e+00
1.775283334352500714e-04,1.699994937773461245e+01,1.699912794260069759e+01,1.621466207240549551e+01,1.185253495350480080e-08,2.063710228681376435e+00,0.000000000000000000e+00
1.776283334352500738e-04,1.699994937779674942e+01,1.699912910658341403e+01,1.621398028066254682e+01,1.185981091111898422e-08,2.063710228709318528e+00,0.000000000000000000e+00
1.777283334352500763e-04,1.699994937785823979e+01,1.699913025915423503e+01,1.621329848891937075e+01,1.185253495350480080e-08,2.063710228736955088e+00,0.000000000000000000e+00
1.778283334352500787e-04,1.699994937791918304e+01,1.699913140042560045e+01,1.621261669717597442e+01,1.185981091111898422e-08,2.063710228764374932e+00,0.000000000000000000e+00
1.779283334352500811e-04,1.699994937797949035e+01,1.699913253050773321e+01,1.621193490543236493e+01,1.185981091111898422e-08,2.063710228791485690e+00,0.000000000000000000e+00
1.780283334352500836e-04,1.699994937803922568e+01,1.699913364951084915e+01,1.621125311368854582e+01,1.185253495350480080e-08,2.063710228818356640e+00,0.000000000000000000e+00
1.781283334352500860e-04,1.699994937809834283e+01,1.699913475754305381e+01,1.621057132194452777e+01,1.185981091111898422e-08,2.063710228844927386e+00,0.000000000000000000e+00
1.782283334352500884e-04,1.699994937815689156e+01,1.699913585471218269e+01,1.620988953020031431e+01,1.186708686873316765e-08,2.063710228871249441e+00,0.000000000000000000e+00
1.783283334352500909e-04,1.699994937821492158e+01,1.699913694112501261e+01,1.620920773845590190e+01,1.184525899589061737e-08,2.063710228897370769e+00,0.000000000000000000e+00
1.784283334352500933e-04,1.699994937827228725e+01,1.699913801688614257e+01,1.620852594671130120e+01,1.185253495350480080e-08,2.063710228923136825e+00,0.000000000000000000e+00
1.785283334352500957e-04,1.699994937832921593e+01,1.699913908210139368e+01,1.620784415496651221e+01,1.183070708066225052e-08,2.063710228948778536e+00,0.000000000000000000e+00
1.786283334352500982e-04,1.699994937838551579e+01,1.699914013687279635e+01,1.620716236322154913e+01,1.185981091111898422e-08,2.063710228974098726e+00,0.000000000000000000e+00
1.787283334352501006e-04,1.699994937844129339e+01,1.699914118130353557e+01,1.620648057147640841e+01,1.183070708066225052e-08,2.063710228999191543e+00,0.000000000000000000e+00
1.788283334352501030e-04,1.699994937849649190e+01,1.699914221549446580e+01,1.620579877973110428e+01,1.185253495350480080e-08,2.063710229024016130e+00,0.000000000000000000e+00
1.789283334352501054e-04,1.699994937855114330e+01,1.699914323954623896e+01,1.620511698798563671e+01,1.185253495350480080e-08,2.063710229048583145e+00,0.000000000000000000e+00
1.790283334352501079e-04,1.699994937860526534e+01,1.699914425355826353e+01,1.620443519624000572e+01,1.183798303827643394e-08,2.063710229072919233e+00,0.000000000000000000e+00
1.791283334352501103e-04,1.699994937865889710e+01,1.699914525762924455e+01,1.620375340449421842e+01,1.183798303827643394e-08,2.063710229097054594e+00,0.000000000000000000e+00
1.792283334352501127e-04,1.699994937871196043e+01,1.699914625185608941e+01,1.620307161274828189e+01,1.185253495350480080e-08,2.063710229120912842e+00,0.000000000000000000e+00
1.793283334352501152e-04,1.699994937876449441e+01,1.699914723633558111e+01,1.620238982100220326e+01,1.184525899589061737e-08,2.063710229144529507e+00,0.000000000000000000e+00
1.794283334352501176e-04,1.699994937881655588e+01,1.699914821116356123e+01,1.620170802925597542e+01,1.183798303827643394e-08,2.063710229167957877e+00,0.000000000000000000e+00
1.795283334352501200e-04,1.699994937886807733e+01,1.699914917643411982e+01,1.620102623750961257e+01,1.183798303827643394e-08,2.063710229191126899e+00,0.000000000000000000e+00
1.796283334352501225e-04,1.699994937891911917e+01,1.699915013224147131e+01,1.620034444576311117e+01,1.183798303827643394e-08,2.063710229214095193e+00,0.000000000000000000e+00
1.797283334352501249e-04,1.699994937896957481e+01,1.699915107867758834e+01,1.619966265401648542e+01,1.183070708066225052e-08,2.063710229236745519e+00,0.000000000000000000e+00
1.798283334352501273e-04,1.699994937901965386e+01,1.699915201583571189e+01,1.619898086226972822e+01,1.181615516543388367e-08,2.063710229259301698e+00,0.000000000000000000e+00
1.799283334352501298e-04,1.699994937906918935e+01,1.699915294380546626e+01,1.619829907052285733e+01,1.183798303827643394e-08,2.063710229281580766e+00,0.000000000000000000e+00
1.800283334352501322e-04,1.699994937911818838e+01,1.699915386267716855e+01,1.619761727877587276e+01,1.183070708066225052e-08,2.063710229303586274e+00,0.000000000000000000e+00
1.801283334352501346e-04,1.699994937916677173e+01,1.699915477254083385e+01,1.619693548702877095e+01,1.182343112304806709e-08,2.063710229325444345e+00,0.000000000000000000e+00
1.802283334352501370e-04,1.699994937921486482e+01,1.699915567348399748e+01,1.619625369528156611e+01,1.183070708066225052e-08,2.063710229347080372e+00,0.000000000000000000e+00
1.803283334352501395e-04,1.699994937926252092e+01,1.699915656559463173e+01,1.619557190353425113e+01,1.182343112304806709e-08,2.063710229368529880e+00,0.000000000000000000e+00
1.804283334352501419e-04,1.699994937930966898e+01,1.699915744895877978e+01,1.619489011178684024e+01,1.182343112304806709e-08,2.063710229389734252e+00,0.000000000000000000e+00
1.805283334352501443e-04,1.699994937935638717e+01,1.699915832366274415e+01,1.619420832003932631e+01,1.180887920781970024e-08,2.063710229410759212e+00,0.000000000000000000e+00
1.806283334352501468e-04,1.699994937940261508e+01,1.699915918979089113e+01,1.619352652829172712e+01,1.183070708066225052e-08,2.063710229431546139e+00,0.000000000000000000e+00
1.807283334352501492e-04,1.699994937944838824e+01,1.699916004742756570e+01,1.619284473654403911e+01,1.182343112304806709e-08,2.063710229452127010e+00,0.000000000000000000e+00
1.808283334352501516e-04,1.699994937949370666e+01,1.699916089665600083e+01,1.619216294479626583e+01,1.182343112304806709e-08,2.063710229472496493e+00,0.000000000000000000e+00
1.809283334352501541e-04,1.699994937953862717e+01,1.699916173755892856e+01,1.619148115304841085e+01,1.181615516543388367e-08,2.063710229492718540e+00,0.000000000000000000e+00
1.810283334352501565e-04,1.699994937958309293e+01,1.699916257021767407e+01,1.619079936130048125e+01,1.182343112304806709e-08,2.063710229512718541e+00,0.000000000000000000e+00
1.811283334352501589e-04,1.699994937962709329e+01,1.699916339471282001e+01,1.619011756955248771e+01,1.183798303827643394e-08,2.063710229532500051e+00,0.000000000000000000e+00
1.812283334352501613e-04,1.699994937967066022e+01,1.699916421112465770e+01,1.618943577780441956e+01,1.180887920781970024e-08,2.063710229552086162e+00,0.000000000000000000e+00
1.813283334352501638e-04,1.699994937971384701e+01,1.699916501953271819e+01,1.618875398605628746e+01,1.183070708066225052e-08,2.063710229571528387e+00,0.000000000000000000e+00
1.814283334352501662e-04,1.699994937975658615e+01,1.699916582001493026e+01,1.618807219430809496e+01,1.183070708066225052e-08,2.063710229590753897e+00,0.000000000000000000e+00
1.815283334352501686e-04,1.699994937979892384e+01,1.699916661264950690e+01,1.618739040255984207e+01,1.180887920781970024e-08,2.063710229609801772e+00,0.000000000000000000e+00
1.816283334352501711e-04,1.699994937984081744e+01,1.699916739751287409e+01,1.618670861081153589e+01,1.181615516543388367e-08,2.063710229628640036e+00,0.000000000000000000e+00
1.817283334352501735e-04,1.699994937988230603e+01,1.699916817468148977e+01,1.618602681906317997e+01,1.182343112304806709e-08,2.063710229647307770e+00,0.000000000000000000e+00
1.818283334352501759e-04,1.699994937992337185e+01,1.699916894423076741e+01,1.618534502731477431e+01,1.180887920781970024e-08,2.063710229665765894e+00,0.000000000000000000e+00
1.819283334352501784e-04,1.699994937996409305e+01,1.699916970623571899e+01,1.618466323556632602e+01,1.180887920781970024e-08,2.063710229684108555e+00,0.000000000000000000e+00
1.820283334352501808e-04,1.699994938000437728e+01,1.699917046076974358e+01,1.618398144381784221e+01,1.180160325020551682e-08,2.063710229702230947e+00,0.000000000000000000e+00
1.821283334352501832e-04,1.699994938004429912e+01,1.699917120790662395e+01,1.618329965206931931e+01,1.180887920781970024e-08,2.063710229720209455e+00,0.000000000000000000e+00
1.822283334352501857e-04,1.699994938008381595e+01,1.699917194771836648e+01,1.618261786032076444e+01,1.181615516543388367e-08,2.063710229737999668e+00,0.000000000000000000e+00
1.823283334352501881e-04,1.699994938012294909e+01,1.699917268027727246e+01,1.618193606857217759e+01,1.180160325020551682e-08,2.063710229755608694e+00,0.000000000000000000e+00
1.824283334352501905e-04,1.699994938016165591e+01,1.699917340565393786e+01,1.618125427682356587e+01,1.180887920781970024e-08,2.063710229773008109e+00,0.000000000000000000e+00
1.825283334352501929e-04,1.699994938019999324e+01,1.699917412391905813e+01,1.618057248507493284e+01,1.180887920781970024e-08,2.063710229790249429e+00,0.000000000000000000e+00
1.826283334352501954e-04,1.699994938023796109e+01,1.699917483514235528e+01,1.617989069332627849e+01,1.180887920781970024e-08,2.063710229807327323e+00,0.000000000000000000e+00
1.827283334352501978e-04,1.699994938027559854e+01,1.699917553939313208e+01,1.617920890157760283e+01,1.179432729259133339e-08,2.063710229824273767e+00,0.000000000000000000e+00
1.828283334352502002e-04,1.699994938031283809e+01,1.699917623673920986e+01,1.617852710982892006e+01,1.180160325020551682e-08,2.063710229841023036e+00,0.000000000000000000e+00
1.829283334352502027e-04,1.699994938034970104e+01,1.699917692724853424e+01,1.617784531808022663e+01,1.180160325020551682e-08,2.063710229857599998e+00,0.000000000000000000e+00
1.830283334352502051e-04,1.699994938038621228e+01,1.699917761098815205e+01,1.617716352633152255e+01,1.180160325020551682e-08,2.063710229874031299e+00,0.000000000000000000e+00
1.831283334352502075e-04,1.699994938042242154e+01,1.699917828802470865e+01,1.617648173458281491e+01,1.179432729259133339e-08,2.063710229890354242e+00,0.000000000000000000e+00
1.832283334352502100e-04,1.699994938045821513e+01,1.699917895842333948e+01,1.617579994283410727e+01,1.180160325020551682e-08,2.063710229906453364e+00,0.000000000000000000e+00
1.833283334352502124e-04,1.699994938049371029e+01,1.699917962224971291e+01,1.617511815108539963e+01,1.180160325020551682e-08,2.063710229922456563e+00,0.000000000000000000e+00
1.834283334352502148e-04,1.699994938052885018e+01,1.699918027956795896e+01,1.617443635933669910e+01,1.179432729259133339e-08,2.063710229938285678e+00,0.000000000000000000e+00
1.835283334352502173e-04,1.699994938056355309e+01,1.699918093044133727e+01,1.617375456758800922e+01,1.180887920781970024e-08,2.063710229953871433e+00,0.000000000000000000e+00
1.836283334352502197e-04,1.699994938059797889e+01,1.699918157493411286e+01,1.617307277583932645e+01,1.178705133497714996e-08,2.063710229969363041e+00,0.000000000000000000e+00
1.837283334352502221e-04,1.699994938063201744e+01,1.699918221310803190e+01,1.617239098409065434e+01,1.179432729259133339e-08,2.063710229984655697e+00,0.000000000000000000e+00
1.838283334352502245e-04,1.699994938066580019e+01,1.699918284502563637e+01,1.617170919234199999e+01,1.177977537736296654e-08,2.063710229999875523e+00,0.000000000000000000e+00
1.839283334352502270e-04,1.699994938069919215e+01,1.699918347074766345e+01,1.617102740059337052e+01,1.179432729259133339e-08,2.063710230014891067e+00,0.000000000000000000e+00
1.840283334352502294e-04,1.699994938073225725e+01,1.699918409033514877e+01,1.617034560884476235e+01,1.177977537736296654e-08,2.063710230029755621e+00,0.000000000000000000e+00
1.841283334352502318e-04,1.699994938076504880e+01,1.699918470384851332e+01,1.616966381709617906e+01,1.177977537736296654e-08,2.063710230044520699e+00,0.000000000000000000e+00
1.842283334352502343e-04,1.699994938079748863e+01,1.699918531134676414e+01,1.616898202534762774e+01,1.179432729259133339e-08,2.063710230059118800e+00,0.000000000000000000e+00
1.843283334352502367e-04,1.699994938082964069e+01,1.699918591288939851e+01,1.616830023359910840e+01,1.177977537736296654e-08,2.063710230073599661e+00,0.000000000000000000e+00
1.844283334352502391e-04,1.699994938086141616e+01,1.699918650853402013e+01,1.616761844185062102e+01,1.178705133497714996e-08,2.063710230087883346e+00,0.000000000000000000e+00
1.845283334352502416e-04,1.699994938089297847e+01,1.699918709833976749e+01,1.616693665010216563e+01,1.177249941974878311e-08,2.063710230102124399e+00,0.000000000000000000e+00
1.846283334352502440e-04,1.699994938092414642e+01,1.699918768236253896e+01,1.616625485835375287e+01,1.178705133497714996e-08,2.063710230116134525e+00,0.000000000000000000e+00
1.847283334352502464e-04,1.699994938095501595e+01,1.699918826065959365e+01,1.616557306660537918e+01,1.177977537736296654e-08,2.063710230130022083e+00,0.000000000000000000e+00
1.848283334352502489e-04,1.699994938098559416e+01,1.699918883328706798e+01,1.616489127485704813e+01,1.177977537736296654e-08,2.063710230143781743e+00,0.000000000000000000e+00
1.849283334352502513e-04,1.699994938101590591e+01,1.699918940030079995e+01,1.616420948310876682e+01,1.178705133497714996e-08,2.063710230157436598e+00,0.000000000000000000e+00
1.850283334352502537e-04,1.699994938104588371e+01,1.699918996175529529e+01,1.616352769136053880e+01,1.177977537736296654e-08,2.063710230170928028e+00,0.000000000000000000e+00
1.851283334352502561e-04,1.699994938107557729e+01,1.699919051770532619e+01,1.616284589961236406e+01,1.178705133497714996e-08,2.063710230184289784e+00,0.000000000000000000e+00
1.852283334352502586e-04,1.699994938110499731e+01,1.699919106820510706e+01,1.616216410786424262e+01,1.177977537736296654e-08,2.063710230197537854e+00,0.000000000000000000e+00
1.853283334352502610e-04,1.699994938113411536e+01,1.699919161330756623e+01,1.616148231611617803e+01,1.177977537736296654e-08,2.063710230210649144e+00,0.000000000000000000e+00
1.854283334352502634e-04,1.699994938116297050e+01,1.699919215306612941e+01,1.616080052436817027e+01,1.177977537736296654e-08,2.063710230223641418e+00,0.000000000000000000e+00
1.855283334352502659e-04,1.699994938119148813e+01,1.699919268753241042e+01,1.616011873262022647e+01,1.178705133497714996e-08,2.063710230236457832e+00,0.000000000000000000e+00
1.856283334352502683e-04,1.699994938121981392e+01,1.699919321675936246e+01,1.615943694087234306e+01,1.176522346213459969e-08,2.063710230249244049e+00,0.000000000000000000e+00
1.857283334352502707e-04,1.699994938124779509e+01,1.699919374079750511e+01,1.615875514912452360e+01,1.177977537736296654e-08,2.063710230261829537e+00,0.000000000000000000e+00
1.858283334352502732e-04,1.699994938127553468e+01,1.699919425969827458e+01,1.615807335737677164e+01,1.176522346213459969e-08,2.063710230274329760e+00,0.000000000000000000e+00
1.859283334352502756e-04,1.699994938130296163e+01,1.699919477351149766e+01,1.615739156562909784e+01,1.177249941974878311e-08,2.063710230286659453e+00,0.000000000000000000e+00
1.860283334352502780e-04,1.699994938133016120e+01,1.699919528228759802e+01,1.615670977388149510e+01,1.176522346213459969e-08,2.063710230298918091e+00,0.000000000000000000e+00
1.861283334352502805e-04,1.699994938135705880e+01,1.699919578607541482e+01,1.615602798213397051e+01,1.177977537736296654e-08,2.063710230311015081e+00,0.000000000000000000e+00
1.862283334352502829e-04,1.699994938138370060e+01,1.699919628492413182e+01,1.615534619038652409e+01,1.176522346213459969e-08,2.063710230323001937e+00,0.000000000000000000e+00
1.863283334352502853e-04,1.699994938141008660e+01,1.699919677888216540e+01,1.615466439863915582e+01,1.176522346213459969e-08,2.063710230334876883e+00,0.000000000000000000e+00
1.864283334352502877e-04,1.699994938143625589e+01,1.699919726799774722e+01,1.615398260689186927e+01,1.175794750452041626e-08,2.063710230346675445e+00,0.000000000000000000e+00
1.865283334352502902e-04,1.699994938146217649e+01,1.699919775231807506e+01,1.615330081514467153e+01,1.175794750452041626e-08,2.063710230358376307e+00,0.000000000000000000e+00
1.866283334352502926e-04,1.699994938148779156e+01,1.699919823188987067e+01,1.615261902339756261e+01,1.176522346213459969e-08,2.063710230369903087e+00,0.000000000000000000e+00
1.867283334352502950e-04,1.699994938151315083e+01,1.699919870675996592e+01,1.615193723165053896e+01,1.176522346213459969e-08,2.063710230381310851e+00,0.000000000000000000e+00
1.868283334352502975e-04,1.699994938153827206e+01,1.699919917697446792e+01,1.615125543990360768e+01,1.175794750452041626e-08,2.063710230392617362e+00,0.000000000000000000e+00
1.869283334352502999e-04,1.699994938156314106e+01,1.699919964257900773e+01,1.615057364815677232e+01,1.176522346213459969e-08,2.063710230403808410e+00,0.000000000000000000e+00
1.870283334352503023e-04,1.699994938158784308e+01,1.699920010361932654e+01,1.614989185641003289e+01,1.175067154690623283e-08,2.063710230414969260e+00,0.000000000000000000e+00
1.871283334352503048e-04,1.699994938161217561e+01,1.699920056013880654e+01,1.614921006466339648e+01,1.176522346213459969e-08,2.063710230425892078e+00,0.000000000000000000e+00
1.872283334352503072e-04,1.699994938163635183e+01,1.699920101218314628e+01,1.614852827291685244e+01,1.175794750452041626e-08,2.063710230436791804e+00,0.000000000000000000e+00
1.873283334352503096e-04,1.699994938166023672e+01,1.699920145979538333e+01,1.614784648117041144e+01,1.175794750452041626e-08,2.063710230447520999e+00,0.000000000000000000e+00
1.874283334352503121e-04,1.699994938168391201e+01,1.699920190301927647e+01,1.614716468942407346e+01,1.175794750452041626e-08,2.063710230458182693e+00,0.000000000000000000e+00
1.875283334352503145e-04,1.699994938170738479e+01,1.699920234189809065e+01,1.614648289767784561e+01,1.175067154690623283e-08,2.063710230468768003e+00,0.000000000000000000e+00
1.876283334352503169e-04,1.699994938173059467e+01,1.699920277647389355e+01,1.614580110593172790e+01,1.175794750452041626e-08,2.063710230479218311e+00,0.000000000000000000e+00
1.877283334352503193e-04,1.699994938175361980e+01,1.699920320678941721e+01,1.614511931418572033e+01,1.175794750452041626e-08,2.063710230489604669e+00,0.000000000000000000e+00
1.878283334352503218e-04,1.699994938177636783e+01,1.699920363288587666e+01,1.614443752243982289e+01,1.175794750452041626e-08,2.063710230499834708e+00,0.000000000000000000e+00
1.879283334352503242e-04,1.699994938179888493e+01,1.699920405480490260e+01,1.614375573069404268e+01,1.176522346213459969e-08,2.063710230509961718e+00,0.000000000000000000e+00
1.880283334352503266e-04,1.699994938182123860e+01,1.699920447258774558e+01,1.614307393894837261e+01,1.174339558929204941e-08,2.063710230520049649e+00,0.000000000000000000e+00
1.881283334352503291e-04,1.699994938184333648e+01,1.699920488627439497e+01,1.614239214720282689e+01,1.175794750452041626e-08,2.063710230529993694e+00,0.000000000000000000e+00
1.882283334352503315e-04,1.699994938186521409e+01,1.699920529590528062e+01,1.614171035545739130e+01,1.174339558929204941e-08,2.063710230539832935e+00,0.000000000000000000e+00
1.883283334352503339e-04,1.699994938188687854e+01,1.699920570152017163e+01,1.614102856371208361e+01,1.175794750452041626e-08,2.063710230549585134e+00,0.000000000000000000e+00
1.884283334352503364e-04,1.699994938190832983e+01,1.699920610315843561e+01,1.614034677196689671e+01,1.173611963167786598e-08,2.063710230559236081e+00,0.000000000000000000e+00
1.885283334352503388e-04,1.699994938192960703e+01,1.699920650085933005e+01,1.613966498022183060e+01,1.175067154690623283e-08,2.063710230568837289e+00,0.000000000000000000e+00
1.886283334352503412e-04,1.699994938195066396e+01,1.699920689466117807e+01,1.613898318847689239e+01,1.173611963167786598e-08,2.063710230578324811e+00,0.000000000000000000e+00
1.887283334352503437e-04,1.699994938197148286e+01,1.699920728460195107e+01,1.613830139673208919e+01,1.175067154690623283e-08,2.063710230587689765e+00,0.000000000000000000e+00
1.888283334352503461e-04,1.699994938199210281e+01,1.699920767071977323e+01,1.613761960498741388e+01,1.174339558929204941e-08,2.063710230596971229e+00,0.000000000000000000e+00
1.889283334352503485e-04,1.699994938201256645e+01,1.699920805305239213e+01,1.613693781324287002e+01,1.175067154690623283e-08,2.063710230606199403e+00,0.000000000000000000e+00
1.890283334352503509e-04,1.699994938203278849e+01,1.699920843163637585e+01,1.613625602149846117e+01,1.174339558929204941e-08,2.063710230615301455e+00,0.000000000000000000e+00
1.891283334352503534e-04,1.699994938205280448e+01,1.699920880650873301e+01,1.613557422975419087e+01,1.174339558929204941e-08,2.063710230624300479e+00,0.000000000000000000e+00
1.892283334352503558e-04,1.699994938207263928e+01,1.699920917770587891e+01,1.613489243801005557e+01,1.173611963167786598e-08,2.063710230633237330e+00,0.000000000000000000e+00
1.893283334352503582e-04,1.699994938209234618e+01,1.699920954526436034e+01,1.613421064626605528e+01,1.172884367406368256e-08,2.063710230642145760e+00,0.000000000000000000e+00
1.894283334352503607e-04,1.699994938211178663e+01,1.699920990921877717e+01,1.613352885452220065e+01,1.173611963167786598e-08,2.063710230650894317e+00,0.000000000000000000e+00
1.895283334352503631e-04,1.699994938213103168e+01,1.699921026960500470e+01,1.613284706277849168e+01,1.174339558929204941e-08,2.063710230659550504e+00,0.000000000000000000e+00
1.896283334352503655e-04,1.699994938215013107e+01,1.699921062645830006e+01,1.613216527103492126e+01,1.173611963167786598e-08,2.063710230668165835e+00,0.000000000000000000e+00
1.897283334352503680e-04,1.699994938216903151e+01,1.699921097981278351e+01,1.613148347929149651e+01,1.173611963167786598e-08,2.063710230676687019e+00,0.000000000000000000e+00
1.898283334352503704e-04,1.699994938218774720e+01,1.699921132970300519e+01,1.613080168754822452e+01,1.173611963167786598e-08,2.063710230685124714e+00,0.000000000000000000e+00
1.899283334352503728e-04,1.699994938220627461e+01,1.699921167616291839e+01,1.613011989580509820e+01,1.172884367406368256e-08,2.063710230693473591e+00,0.000000000000000000e+00
1.900283334352503753e-04,1.699994938222464569e+01,1.699921201922641600e+01,1.612943810406212108e+01,1.172156771644949913e-08,2.063710230701769177e+00,0.000000000000000000e+00
1.901283334352503777e-04,1.699994938224280006e+01,1.699921235892626825e+01,1.612875631231930029e+01,1.173611963167786598e-08,2.063710230709945748e+00,0.000000000000000000e+00
1.902283334352503801e-04,1.699994938226078034e+01,1.699921269529572854e+01,1.612807452057663227e+01,1.172884367406368256e-08,2.063710230718037053e+00,0.000000000000000000e+00
1.903283334352503825e-04,1.699994938227861496e+01,1.699921302836770565e+01,1.612739272883412056e+01,1.172156771644949913e-08,2.063710230726085726e+00,0.000000000000000000e+00
1.904283334352503850e-04,1.699994938229622576e+01,1.699921335817397861e+01,1.612671093709176873e+01,1.172156771644949913e-08,2.063710230734008277e+00,0.000000000000000000e+00
1.905283334352503874e-04,1.699994938231367314e+01,1.699921368474685934e+01,1.612602914534956966e+01,1.172156771644949913e-08,2.063710230741861551e+00,0.000000000000000000e+00
1.906283334352503898e-04,1.699994938233097841e+01,1.699921400811830807e+01,1.612534735360752691e+01,1.171429175883531570e-08,2.063710230749661534e+00,0.000000000000000000e+00
1.907283334352503923e-04,1.699994938234807762e+01,1.699921432831917656e+01,1.612466556186564759e+01,1.172884367406368256e-08,2.063710230757356712e+00,0.000000000000000000e+00
1.908283334352503947e-04,1.699994938236504538e+01,1.699921464538108040e+01,1.612398377012393524e+01,1.171429175883531570e-08,2.063710230765014586e+00,0.000000000000000000e+00
1.909283334352503971e-04,1.699994938238183195e+01,1.699921495933428162e+01,1.612330197838238632e+01,1.172884367406368256e-08,2.063710230772578313e+00,0.000000000000000000e+00
1.910283334352503996e-04,1.699994938239848707e+01,1.699921527020977052e+01,1.612262018664100438e+01,1.172156771644949913e-08,2.063710230780097632e+00,0.000000000000000000e+00
1.911283334352504020e-04,1.699994938241491838e+01,1.699921557803716254e+01,1.612193839489978942e+01,1.172884367406368256e-08,2.063710230787481947e+00,0.000000000000000000e+00
1.912283334352504044e-04,1.699994938243117915e+01,1.699921588284662022e+01,1.612125660315874143e+01,1.172156771644949913e-08,2.063710230794789879e+00,0.000000000000000000e+00
1.913283334352504068e-04,1.699994938244733333e+01,1.699921618466803253e+01,1.612057481141785686e+01,1.171429175883531570e-08,2.063710230802080048e+00,0.000000000000000000e+00
1.914283334352504093e-04,1.699994938246329923e+01,1.699921648353014447e+01,1.611989301967714638e+01,1.171429175883531570e-08,2.063710230809267188e+00,0.000000000000000000e+00
1.915283334352504117e-04,1.699994938247911591e+01,1.699921677946223753e+01,1.611921122793660999e+01,1.172156771644949913e-08,2.063710230816390379e+00,0.000000000000000000e+00
1.916283334352504141e-04,1.699994938249480469e+01,1.699921707249329472e+01,1.611852943619624767e+01,1.171429175883531570e-08,2.063710230823469161e+00,0.000000000000000000e+00
1.917283334352504166e-04,1.699994938251030163e+01,1.699921736265121908e+01,1.611784764445606299e+01,1.171429175883531570e-08,2.063710230830441361e+00,0.000000000000000000e+00
1.918283334352504190e-04,1.699994938252564936e+01,1.699921764996445717e+01,1.611716585271605595e+01,1.171429175883531570e-08,2.063710230837354942e+00,0.000000000000000000e+00
1.919283334352504214e-04,1.699994938254086208e+01,1.699921793446090135e+01,1.611648406097622299e+01,1.171429175883531570e-08,2.063710230844208127e+00,0.000000000000000000e+00
1.920283334352504239e-04,1.699994938255591137e+01,1.699921821616814199e+01,1.611580226923657122e+01,1.171429175883531570e-08,2.063710230850983152e+00,0.000000000000000000e+00
1.921283334352504263e-04,1.699994938257088606e+01,1.699921849511407856e+01,1.611512047749709353e+01,1.170701580122113228e-08,2.063710230857770611e+00,0.000000000000000000e+00
1.922283334352504287e-04,1.699994938258562982e+01,1.699921877132446468e+01,1.611443868575780058e+01,1.172156771644949913e-08,2.063710230864405304e+00,0.000000000000000000e+00
1.923283334352504312e-04,1.699994938260028832e+01,1.699921904482742718e+01,1.611375689401869238e+01,1.169973984360694885e-08,2.063710230871025786e+00,0.000000000000000000e+00
1.924283334352504336e-04,1.699994938261480115e+01,1.699921931564897903e+01,1.611307510227976536e+01,1.170701580122113228e-08,2.063710230877582319e+00,0.000000000000000000e+00
1.925283334352504360e-04,1.699994938262911859e+01,1.699921958381512610e+01,1.611239331054102664e+01,1.170701580122113228e-08,2.063710230884018060e+00,0.000000000000000000e+00
1.926283334352504384e-04,1.699994938264331878e+01,1.699921984935221531e+01,1.611171151880246910e+01,1.169973984360694885e-08,2.063710230890418273e+00,0.000000000000000000e+00
1.927283334352504409e-04,1.699994938265738043e+01,1.699922011228600027e+01,1.611102972706410341e+01,1.169973984360694885e-08,2.063710230896758091e+00,0.000000000000000000e+00
1.928283334352504433e-04,1.699994938267133904e+01,1.699922037264227015e+01,1.611034793532592957e+01,1.170701580122113228e-08,2.063710230903071263e+00,0.000000000000000000e+00
1.929283334352504457e-04,1.699994938268512357e+01,1.699922063044574827e+01,1.610966614358794402e+01,1.170701580122113228e-08,2.063710230909277854e+00,0.000000000000000000e+00
1.930283334352504482e-04,1.699994938269876954e+01,1.699922088572173351e+01,1.610898435185015387e+01,1.171429175883531570e-08,2.063710230915422272e+00,0.000000000000000000e+00
1.931283334352504506e-04,1.699994938271227696e+01,1.699922113849500249e+01,1.610830256011255557e+01,1.169973984360694885e-08,2.063710230921504518e+00,0.000000000000000000e+00
1.932283334352504530e-04,1.699994938272568490e+01,1.699922138879036382e+01,1.610762076837514911e+01,1.169973984360694885e-08,2.063710230927554790e+00,0.000000000000000000e+00
1.933283334352504555e-04,1.699994938273892942e+01,1.699922163663181962e+01,1.610693897663793450e+01,1.169973984360694885e-08,2.063710230933518019e+00,0.000000000000000000e+00
1.934283334352504579e-04,1.699994938275201761e+01,1.699922188204319440e+01,1.610625718490091884e+01,1.170701580122113228e-08,2.063710230939394208e+00,0.000000000000000000e+00
1.935283334352504603e-04,1.699994938276499212e+01,1.699922212504858621e+01,1.610557539316410214e+01,1.169973984360694885e-08,2.063710230945233093e+00,0.000000000000000000e+00
1.936283334352504628e-04,1.699994938277787782e+01,1.699922236567159928e+01,1.610489360142747728e+01,1.170701580122113228e-08,2.063710230951050661e+00,0.000000000000000000e+00
1.937283334352504652e-04,1.699994938279066403e+01,1.699922260393582008e+01,1.610421180969105848e+01,1.170701580122113228e-08,2.063710230956832703e+00,0.000000000000000000e+00
1.938283334352504676e-04,1.699994938280332946e+01,1.699922283986412452e+01,1.610353001795483507e+01,1.169973984360694885e-08,2.063710230962568559e+00,0.000000000000000000e+00
1.939283334352504700e-04,1.699994938281579948e+01,1.699922307347885919e+01,1.610284822621881773e+01,1.170701580122113228e-08,2.063710230968176518e+00,0.000000000000000000e+00
1.940283334352504725e-04,1.699994938282820556e+01,1.699922330480377397e+01,1.610216643448299934e+01,1.169246388599276543e-08,2.063710230973784476e+00,0.000000000000000000e+00
1.941283334352504749e-04,1.699994938284045887e+01,1.699922353386052620e+01,1.610148464274738700e+01,1.169973984360694885e-08,2.063710230979316052e+00,0.000000000000000000e+00
1.942283334352504773e-04,1.699994938285258783e+01,1.699922376067161878e+01,1.610080285101197717e+01,1.169973984360694885e-08,2.063710230984778349e+00,0.000000000000000000e+00
1.943283334352504798e-04,1.699994938286462798e+01,1.699922398525933431e+01,1.610012105927676984e+01,1.169246388599276543e-08,2.063710230990226435e+00,0.000000000000000000e+00
1.944283334352504822e-04,1.699994938287653312e+01,1.699922420764519160e+01,1.609943926754176857e+01,1.169973984360694885e-08,2.063710230995592809e+00,0.000000000000000000e+00
1.945283334352504846e-04,1.699994938288831392e+01,1.699922442785054955e+01,1.609875747580698402e+01,1.169973984360694885e-08,2.063710231000911222e+00,0.000000000000000000e+00
1.946283334352504871e-04,1.699994938290000590e+01,1.699922464589729643e+01,1.609807568407240197e+01,1.169246388599276543e-08,2.063710231006199436e+00,0.000000000000000000e+00
1.947283334352504895e-04,1.699994938291150248e+01,1.699922486180577863e+01,1.609739389233803308e+01,1.170701580122113228e-08,2.063710231011352647e+00,0.000000000000000000e+00
1.948283334352504919e-04,1.699994938292292090e+01,1.699922507559777074e+01,1.609671210060387025e+01,1.169246388599276543e-08,2.063710231016491647e+00,0.000000000000000000e+00
1.949283334352504944e-04,1.699994938293428604e+01,1.699922528729404547e+01,1.609603030886991704e+01,1.169246388599276543e-08,2.063710231021637753e+00,0.000000000000000000e+00
1.950283334352504968e-04,1.699994938294552682e+01,1.699922549691485685e+01,1.609534851713618053e+01,1.169246388599276543e-08,2.063710231026716357e+00,0.000000000000000000e+00
1.951283334352504992e-04,1.699994938295658287e+01,1.699922570448001480e+01,1.609466672540265719e+01,1.169973984360694885e-08,2.063710231031672393e+00,0.000000000000000000e+00
1.952283334352505016e-04,1.699994938296760694e+01,1.699922591001076100e+01,1.609398493366934346e+01,1.167791197076439857e-08,2.063710231036656850e+00,0.000000000000000000e+00
1.953283334352505041e-04,1.699994938297853153e+01,1.699922611352650748e+01,1.609330314193624645e+01,1.168518792837858200e-08,2.063710231041600451e+00,0.000000000000000000e+00
1.954283334352505065e-04,1.699994938298935310e+01,1.699922631504700021e+01,1.609262135020336615e+01,1.168518792837858200e-08,2.063710231046504973e+00,0.000000000000000000e+00
1.955283334352505089e-04,1.699994938300002190e+01,1.699922651459152334e+01,1.609193955847069901e+01,1.169246388599276543e-08,2.063710231051308241e+00,0.000000000000000000e+00
1.956283334352505114e-04,1.699994938301060543e+01,1.699922671217974468e+01,1.609125776673824859e+01,1.167791197076439857e-08,2.063710231056095523e+00,0.000000000000000000e+00
1.957283334352505138e-04,1.699994938302110370e+01,1.699922690783107626e+01,1.609057597500601844e+01,1.167791197076439857e-08,2.063710231060845501e+00,0.000000000000000000e+00
1.958283334352505162e-04,1.699994938303147052e+01,1.699922710156398864e+01,1.608989418327401211e+01,1.167791197076439857e-08,2.063710231065522649e+00,0.000000000000000000e+00
1.959283334352505187e-04,1.699994938304173431e+01,1.699922729339755634e+01,1.608921239154222960e+01,1.167791197076439857e-08,2.063710231070146506e+00,0.000000000000000000e+00
1.960283334352505211e-04,1.699994938305190217e+01,1.699922748335040623e+01,1.608853059981066735e+01,1.167063601315021515e-08,2.063710231074733059e+00,0.000000000000000000e+00
1.961283334352505235e-04,1.699994938306196701e+01,1.699922767144096625e+01,1.608784880807932893e+01,1.167063601315021515e-08,2.063710231079276980e+00,0.000000000000000000e+00
1.962283334352505260e-04,1.699994938307201409e+01,1.699922785768804445e+01,1.608716701634821078e+01,1.167063601315021515e-08,2.063710231083858204e+00,0.000000000000000000e+00
1.963283334352505284e-04,1.699994938308187642e+01,1.699922804210861926e+01,1.608648522461732000e+01,1.167063601315021515e-08,2.063710231088304425e+00,0.000000000000000000e+00
1.964283334352505308e-04,1.699994938309164283e+01,1.699922822472113992e+01,1.608580343288665659e+01,1.167791197076439857e-08,2.063710231092709790e+00,0.000000000000000000e+00
1.965283334352505332e-04,1.699994938310127779e+01,1.699922840554307157e+01,1.608512164115622056e+01,1.167791197076439857e-08,2.063710231097028114e+00,0.000000000000000000e+00
1.966283334352505357e-04,1.699994938311089854e+01,1.699922858459278885e+01,1.608443984942600125e+01,1.166336005553603172e-08,2.063710231101389070e+00,0.000000000000000000e+00
1.967283334352505381e-04,1.699994938312042336e+01,1.699922876188711740e+01,1.608375805769600930e+01,1.167063601315021515e-08,2.063710231105702064e+00,0.000000000000000000e+00
1.968283334352505405e-04,1.699994938312979542e+01,1.699922893744296459e+01,1.608307626596624829e+01,1.167791197076439857e-08,2.063710231109912030e+00,0.000000000000000000e+00
1.969283334352505430e-04,1.699994938313909643e+01,1.699922911127769609e+01,1.608239447423671820e+01,1.167791197076439857e-08,2.063710231114109561e+00,0.000000000000000000e+00
1.970283334352505454e-04,1.699994938314835125e+01,1.699922928340843953e+01,1.608171268250741548e+01,1.166336005553603172e-08,2.063710231118312421e+00,0.000000000000000000e+00
1.971283334352505478e-04,1.699994938315749593e+01,1.699922945385161199e+01,1.608103089077834369e+01,1.167063601315021515e-08,2.063710231122451333e+00,0.000000000000000000e+00
1.972283334352505503e-04,1.699994938316645587e+01,1.699922962262320425e+01,1.608034909904950638e+01,1.167791197076439857e-08,2.063710231126442807e+00,0.000000000000000000e+00
1.973283334352505527e-04,1.699994938317540516e+01,1.699922978974072052e+01,1.607966730732089644e+01,1.166336005553603172e-08,2.063710231130482242e+00,0.000000000000000000e+00
1.974283334352505551e-04,1.699994938318426918e+01,1.699922995521959734e+01,1.607898551559252454e+01,1.167791197076439857e-08,2.063710231134482598e+00,0.000000000000000000e+00
1.975283334352505576e-04,1.699994938319304794e+01,1.699923011907613457e+01,1.607830372386438711e+01,1.166336005553603172e-08,2.063710231138445650e+00,0.000000000000000000e+00
1.976283334352505600e-04,1.699994938320178051e+01,1.699923028132650416e+01,1.607762193213648061e+01,1.166336005553603172e-08,2.063710231142417584e+00,0.000000000000000000e+00
1.977283334352505624e-04,1.699994938321037097e+01,1.699923044198589039e+01,1.607694014040881214e+01,1.166336005553603172e-08,2.063710231146286489e+00,0.000000000000000000e+00
1.978283334352505648e-04,1.699994938321892235e+01,1.699923060107045814e+01,1.607625834868137460e+01,1.166336005553603172e-08,2.063710231150162500e+00,0.000000000000000000e+00
1.979283334352505673e-04,1.699994938322735294e+01,1.699923075859510746e+01,1.607557655695417509e+01,1.166336005553603172e-08,2.063710231153962127e+00,0.000000000000000000e+00
1.980283334352505697e-04,1.699994938323574445e+01,1.699923091457567281e+01,1.607489476522721361e+01,1.165608409792184830e-08,2.063710231157772412e+00,0.000000000000000000e+00
1.981283334352505721e-04,1.699994938324401517e+01,1.699923106902673808e+01,1.607421297350049016e+01,1.165608409792184830e-08,2.063710231161506314e+00,0.000000000000000000e+00
1.982283334352505746e-04,1.699994938325223615e+01,1.699923122196384284e+01,1.607353118177400120e+01,1.165608409792184830e-08,2.063710231165231335e+00,0.000000000000000000e+00
1.983283334352505770e-04,1.699994938326035410e+01,1.699923137340130808e+01,1.607284939004775026e+01,1.165608409792184830e-08,2.063710231168897735e+00,0.000000000000000000e+00
1.984283334352505794e-04,1.699994938326839033e+01,1.699923152335409071e+01,1.607216759832174446e+01,1.165608409792184830e-08,2.063710231172525056e+00,0.000000000000000000e+00
1.985283334352505819e-04,1.699994938327632710e+01,1.699923167183672490e+01,1.607148580659598025e+01,1.165608409792184830e-08,2.063710231176102639e+00,0.000000000000000000e+00
1.986283334352505843e-04,1.699994938328421057e+01,1.699923181886390466e+01,1.607080401487045762e+01,1.164880814030766487e-08,2.063710231179667787e+00,0.000000000000000000e+00
1.987283334352505867e-04,1.699994938329199101e+01,1.699923196444938256e+01,1.607012222314517658e+01,1.166336005553603172e-08,2.063710231183176091e+00,0.000000000000000000e+00
1.988283334352505892e-04,1.699994938329971816e+01,1.699923210860757194e+01,1.606944043142014067e+01,1.165608409792184830e-08,2.063710231186666633e+00,0.000000000000000000e+00
1.989283334352505916e-04,1.699994938330742755e+01,1.699923225135274052e+01,1.606875863969533924e+01,1.164153218269348145e-08,2.063710231190187372e+00,0.000000000000000000e+00
1.990283334352505940e-04,1.699994938331497352e+01,1.699923239269789477e+01,1.606807684797079006e+01,1.165608409792184830e-08,2.063710231193576661e+00,0.000000000000000000e+00
1.991283334352505964e-04,1.699994938332249816e+01,1.699923253265782463e+01,1.606739505624648601e+01,1.165608409792184830e-08,2.063710231196987266e+00,0.000000000000000000e+00
1.992283334352505989e-04,1.699994938332990202e+01,1.699923267124531634e+01,1.606671326452242710e+01,1.164880814030766487e-08,2.063710231200321488e+00,0.000000000000000000e+00
1.993283334352506013e-04,1.699994938333725614e+01,1.699923280847412954e+01,1.606603147279861332e+01,1.164880814030766487e-08,2.063710231203645051e+00,0.000000000000000000e+00
1.994283334352506037e-04,1.699994938334457473e+01,1.699923294435782850e+01,1.606534968107504469e+01,1.164153218269348145e-08,2.063710231206970391e+00,0.000000000000000000e+00
1.995283334352506062e-04,1.699994938335179029e+01,1.699923307890906443e+01,1.606466788935172474e+01,1.165608409792184830e-08,2.063710231210233559e+00,0.000000000000000000e+00
1.996283334352506086e-04,1.699994938335901296e+01,1.699923321214172134e+01,1.606398609762864638e+01,1.164153218269348145e-08,2.063710231213542912e+00,0.000000000000000000e+00
1.997283334352506110e-04,1.699994938336605799e+01,1.699923334406737041e+01,1.606330430590582381e+01,1.165608409792184830e-08,2.063710231216706603e+00,0.000000000000000000e+00
1.998283334352506135e-04,1.699994938337309236e+01,1.699923347470015145e+01,1.606262251418324638e+01,1.164153218269348145e-08,2.063710231219898716e+00,0.000000000000000000e+00
1.999283334352506159e-04,1.699994938338000949e+01,1.699923360405193762e+01,1.606194072246092475e+01,1.164880814030766487e-08,2.063710231223016223e+00,0.000000000000000000e+00
2.000283334352506183e-04,1.699994938338687334e+01,1.699923373213558264e+01,1.606125893073884825e+01,1.164153218269348145e-08,2.063710231226119518e+00,0.000000000000000000e+00
2.001283334352506208e-04,1.699994938339368389e+01,1.699923385896375549e+01,1.606057713901702044e+01,1.162698026746511459e-08,2.063710231229197944e+00,0.000000000000000000e+00
2.002283334352506232e-04,1.699994938340040562e+01,1.699923398454825829e+01,1.605989534729545198e+01,1.165608409792184830e-08,2.063710231232233738e+00,0.000000000000000000e+00
2.003283334352506256e-04,1.699994938340706341e+01,1.699923410890153974e+01,1.605921355557413222e+01,1.164153218269348145e-08,2.063710231235237558e+00,0.000000000000000000e+00
2.004283334352506280e-04,1.699994938341369632e+01,1.699923423203594552e+01,1.605853176385306469e+01,1.164153218269348145e-08,2.063710231238259141e+00,0.000000000000000000e+00
2.005283334352506305e-04,1.699994938342022621e+01,1.699923435396287630e+01,1.605784997213224585e+01,1.164153218269348145e-08,2.063710231241206117e+00,0.000000000000000000e+00
2.006283334352506329e-04,1.699994938342673123e+01,1.699923447469471682e+01,1.605716818041168281e+01,1.162698026746511459e-08,2.063710231244167304e+00,0.000000000000000000e+00
2.007283334352506353e-04,1.699994938343310480e+01,1.699923459424261551e+01,1.605648638869137557e+01,1.164880814030766487e-08,2.063710231247034343e+00,0.000000000000000000e+00
2.008283334352506378e-04,1.699994938343943573e+01,1.699923471261849173e+01,1.605580459697132412e+01,1.163425622507929802e-08,2.063710231249888949e+00,0.000000000000000000e+00
2.009283334352506402e-04,1.699994938344569917e+01,1.699923482983381362e+01,1.605512280525152136e+01,1.164153218269348145e-08,2.063710231252708027e+00,0.000000000000000000e+00
2.010283334352506426e-04,1.699994938345196260e+01,1.699923494590026252e+01,1.605444101353197794e+01,1.163425622507929802e-08,2.063710231255555527e+00,0.000000000000000000e+00
2.011283334352506451e-04,1.699994938345814788e+01,1.699923506082878788e+01,1.605375922181269033e+01,1.163425622507929802e-08,2.063710231258358618e+00,0.000000000000000000e+00
2.012283334352506475e-04,1.699994938346421947e+01,1.699923517463027878e+01,1.605307743009366206e+01,1.163425622507929802e-08,2.063710231261079997e+00,0.000000000000000000e+00
2.013283334352506499e-04,1.699994938347021289e+01,1.699923528731581612e+01,1.605239563837489314e+01,1.163425622507929802e-08,2.063710231263760519e+00,0.000000000000000000e+00
2.014283334352506523e-04,1.699994938347627382e+01,1.699923539889742230e+01,1.605171384665637646e+01,1.161970430985093117e-08,2.063710231266545847e+00,0.000000000000000000e+00
2.015283334352506548e-04,1.699994938348216422e+01,1.699923550938427752e+01,1.605103205493812268e+01,1.164153218269348145e-08,2.063710231269189066e+00,0.000000000000000000e+00
2.016283334352506572e-04,1.699994938348812212e+01,1.699923561878875589e+01,1.605035026322012470e+01,1.161242835223674774e-08,2.063710231271944195e+00,0.000000000000000000e+00
2.017283334352506596e-04,1.699994938349388818e+01,1.699923572711980668e+01,1.604966847150238607e+01,1.164153218269348145e-08,2.063710231274528795e+00,0.000000000000000000e+00
2.018283334352506621e-04,1.699994938349967200e+01,1.699923583438932795e+01,1.604898667978490678e+01,1.161970430985093117e-08,2.063710231277168461e+00,0.000000000000000000e+00
2.019283334352506645e-04,1.699994938350540252e+01,1.699923594060718912e+01,1.604830488806769395e+01,1.162698026746511459e-08,2.063710231279777929e+00,0.000000000000000000e+00
2.020283334352506669e-04,1.699994938351105489e+01,1.699923604578344438e+01,1.604762309635073692e+01,1.162698026746511459e-08,2.063710231282346541e+00,0.000000000000000000e+00
2.021283334352506694e-04,1.699994938351664331e+01,1.699923614992855292e+01,1.604694130463404633e+01,1.162698026746511459e-08,2.063710231284872521e+00,0.000000000000000000e+00
2.022283334352506718e-04,1.699994938352221396e+01,1.699923625305289576e+01,1.604625951291761154e+01,1.162698026746511459e-08,2.063710231287410934e+00,0.000000000000000000e+00
2.023283334352506742e-04,1.699994938352767093e+01,1.699923635516592668e+01,1.604557772120143966e+01,1.162698026746511459e-08,2.063710231289860531e+00,0.000000000000000000e+00
2.024283334352506767e-04,1.699994938353309948e+01,1.699923645627810487e+01,1.604489592948553067e+01,1.161970430985093117e-08,2.063710231292311903e+00,0.000000000000000000e+00
2.025283334352506791e-04,1.699994938353841434e+01,1.699923655639846487e+01,1.604421413776988814e+01,1.164153218269348145e-08,2.063710231294686892e+00,0.000000000000000000e+00
2.026283334352506815e-04,1.699994938354377183e+01,1.699923665553781404e+01,1.604353234605450851e+01,1.162698026746511459e-08,2.063710231297134712e+00,0.000000000000000000e+00
2.027283334352506839e-04,1.699994938354904406e+01,1.699923675370494891e+01,1.604285055433939533e+01,1.162698026746511459e-08,2.063710231299518583e+00,0.000000000000000000e+00
2.028283334352506864e-04,1.699994938355424168e+01,1.699923685090963588e+01,1.604216876262454150e+01,1.162698026746511459e-08,2.063710231301861597e+00,0.000000000000000000e+00
2.029283334352506888e-04,1.699994938355944996e+01,1.699923694716162359e+01,1.604148697090995412e+01,1.161970430985093117e-08,2.063710231304245468e+00,0.000000000000000000e+00
2.030283334352506912e-04,1.699994938356456586e+01,1.699923704246969791e+01,1.604080517919562965e+01,1.161970430985093117e-08,2.063710231306565390e+00,0.000000000000000000e+00
2.031283334352506937e-04,1.699994938356970309e+01,1.699923713684392013e+01,1.604012338748157163e+01,1.161242835223674774e-08,2.063710231308931498e+00,0.000000000000000000e+00
2.032283334352506961e-04,1.699994938357471597e+01,1.699923723029235845e+01,1.603944159576778361e+01,1.163425622507929802e-08,2.063710231311201682e+00,0.000000000000000000e+00
2.033283334352506985e-04,1.699994938357964713e+01,1.699923732282437072e+01,1.603875980405426560e+01,1.162698026746511459e-08,2.063710231313416799e+00,0.000000000000000000e+00
2.034283334352507010e-04,1.699994938358460672e+01,1.699923741444974823e+01,1.603807801234101049e+01,1.161242835223674774e-08,2.063710231315685206e+00,0.000000000000000000e+00
2.035283334352507034e-04,1.699994938358945973e+01,1.699923750517654852e+01,1.603739622062802539e+01,1.161970430985093117e-08,2.063710231317863020e+00,0.000000000000000000e+00
2.036283334352507058e-04,1.699994938359429497e+01,1.699923759501413301e+01,1.603671442891530319e+01,1.160515239462256432e-08,2.063710231320053268e+00,0.000000000000000000e+00
2.037283334352507083e-04,1.699994938359906627e+01,1.699923768397070134e+01,1.603603263720285099e+01,1.161970430985093117e-08,2.063710231322204436e+00,0.000000000000000000e+00
2.038283334352507107e-04,1.699994938360381624e+01,1.699923777205540887e+01,1.603535084549066880e+01,1.160515239462256432e-08,2.063710231324360933e+00,0.000000000000000000e+00
2.039283334352507131e-04,1.699994938360844543e+01,1.699923785927600406e+01,1.603466905377875662e+01,1.162698026746511459e-08,2.063710231326423283e+00,0.000000000000000000e+00
2.040283334352507155e-04,1.699994938361311014e+01,1.699923794564204371e+01,1.603398726206711444e+01,1.161242835223674774e-08,2.063710231328551359e+00,0.000000000000000000e+00
2.041283334352507180e-04,1.699994938361770025e+01,1.699923803116109866e+01,1.603330547035573872e+01,1.161970430985093117e-08,2.063710231330626144e+00,0.000000000000000000e+00
2.042283334352507204e-04,1.699994938362228325e+01,1.699923811584200450e+01,1.603262367864463300e+01,1.159787643700838089e-08,2.063710231332718692e+00,0.000000000000000000e+00
2.043283334352507228e-04,1.699994938362679164e+01,1.699923819969243866e+01,1.603194188693379374e+01,1.161242835223674774e-08,2.063710231334773937e+00,0.000000000000000000e+00
2.044283334352507253e-04,1.699994938363125385e+01,1.699923828272080684e+01,1.603126009522323159e+01,1.161970430985093117e-08,2.063710231336793655e+00,0.000000000000000000e+00
2.045283334352507277e-04,1.699994938363569830e+01,1.699923836493543305e+01,1.603057830351293589e+01,1.160515239462256432e-08,2.063710231338820478e+00,0.000000000000000000e+00
2.046283334352507301e-04,1.699994938364007169e+01,1.699923844634377801e+01,1.602989651180291375e+01,1.160515239462256432e-08,2.063710231340813550e+00,0.000000000000000000e+00
2.047283334352507326e-04,1.699994938364439889e+01,1.699923852695399518e+01,1.602921472009316517e+01,1.160515239462256432e-08,2.063710231342774648e+00,0.000000000000000000e+00
2.048283334352507350e-04,1.699994938364870123e+01,1.699923860677417409e+01,1.602853292838369015e+01,1.159787643700838089e-08,2.063710231344728641e+00,0.000000000000000000e+00
2.049283334352507374e-04,1.699994938365294672e+01,1.699923868581154807e+01,1.602785113667448869e+01,1.161242835223674774e-08,2.063710231346650659e+00,0.000000000000000000e+00
2.050283334352507399e-04,1.699994938365714958e+01,1.699923876407404677e+01,1.602716934496555723e+01,1.160515239462256432e-08,2.063710231348551360e+00,0.000000000000000000e+00
2.051283334352507423e-04,1.699994938366134178e+01,1.699923884156953235e+01,1.602648755325689933e+01,1.159787643700838089e-08,2.063710231350462720e+00,0.000000000000000000e+00
2.052283334352507447e-04,1.699994938366543096e+01,1.699923891830472655e+01,1.602580576154851855e+01,1.161242835223674774e-08,2.063710231352299473e+00,0.000000000000000000e+00
2.053283334352507471e-04,1.699994938366954500e+01,1.699923899428814522e+01,1.602512396984040777e+01,1.159787643700838089e-08,2.063710231354182412e+00,0.000000000000000000e+00
2.054283334352507496e-04,1.699994938367362707e+01,1.699923906952664154e+01,1.602444217813257410e+01,1.159787643700838089e-08,2.063710231356058245e+00,0.000000000000000000e+00
2.055283334352507520e-04,1.699994938367764163e+01,1.699923914402724634e+01,1.602376038642501754e+01,1.160515239462256432e-08,2.063710231357889668e+00,0.000000000000000000e+00
2.056283334352507544e-04,1.699994938368163133e+01,1.699923921779770453e+01,1.602307859471773099e+01,1.159787643700838089e-08,2.063710231359710434e+00,0.000000000000000000e+00
2.057283334352507569e-04,1.699994938368554998e+01,1.699923929084465613e+01,1.602239680301072866e+01,1.160515239462256432e-08,2.063710231361486791e+00,0.000000000000000000e+00
2.058283334352507593e-04,1.699994938368941533e+01,1.699923936317544815e+01,1.602171501130400344e+01,1.160515239462256432e-08,2.063710231363229397e+00,0.000000000000000000e+00
2.059283334352507617e-04,1.699994938369330200e+01,1.699923943479740984e+01,1.602103321959755178e+01,1.159060047939419746e-08,2.063710231365011083e+00,0.000000000000000000e+00
2.060283334352507642e-04,1.699994938369711406e+01,1.699923950571692188e+01,1.602035142789137723e+01,1.159060047939419746e-08,2.063710231366732373e+00,0.000000000000000000e+00
2.061283334352507666e-04,1.699994938370092612e+01,1.699923957594141299e+01,1.601966963618547624e+01,1.159787643700838089e-08,2.063710231368485637e+00,0.000000000000000000e+00
2.062283334352507690e-04,1.699994938370468844e+01,1.699923964547718924e+01,1.601898784447985236e+01,1.159787643700838089e-08,2.063710231370205150e+00,0.000000000000000000e+00
2.063283334352507715e-04,1.699994938370841879e+01,1.699923971433124947e+01,1.601830605277450559e+01,1.159787643700838089e-08,2.063710231371912229e+00,0.000000000000000000e+00
2.064283334352507739e-04,1.699994938371207454e+01,1.699923978251023371e+01,1.601762426106943593e+01,1.159060047939419746e-08,2.063710231373560688e+00,0.000000000000000000e+00
2.065283334352507763e-04,1.699994938371573738e+01,1.699923985002107329e+01,1.601694246936464694e+01,1.159787643700838089e-08,2.063710231375241122e+00,0.000000000000000000e+00
2.066283334352507787e-04,1.699994938371933273e+01,1.699923991686977942e+01,1.601626067766014216e+01,1.160515239462256432e-08,2.063710231376871818e+00,0.000000000000000000e+00
2.067283334352507812e-04,1.699994938372293163e+01,1.699923998306337580e+01,1.601557888595590740e+01,1.158332452178001404e-08,2.063710231378523829e+00,0.000000000000000000e+00
2.068283334352507836e-04,1.699994938372645947e+01,1.699924004860774573e+01,1.601489709425195329e+01,1.159060047939419746e-08,2.063710231380120774e+00,0.000000000000000000e+00
2.069283334352507860e-04,1.699994938372996955e+01,1.699924011350954700e+01,1.601421530254827630e+01,1.159060047939419746e-08,2.063710231381728377e+00,0.000000000000000000e+00
2.070283334352507885e-04,1.699994938373346542e+01,1.699924017777530594e+01,1.601353351084488708e+01,1.159060047939419746e-08,2.063710231383334204e+00,0.000000000000000000e+00
2.071283334352507909e-04,1.699994938373687958e+01,1.699924024141073176e+01,1.601285171914177496e+01,1.159060047939419746e-08,2.063710231384879634e+00,0.000000000000000000e+00
2.072283334352507933e-04,1.699994938374025466e+01,1.699924030442227618e+01,1.601216992743893996e+01,1.158332452178001404e-08,2.063710231386401972e+00,0.000000000000000000e+00
2.073283334352507958e-04,1.699994938374359776e+01,1.699924036681606054e+01,1.601148813573638563e+01,1.158332452178001404e-08,2.063710231387904770e+00,0.000000000000000000e+00
2.074283334352507982e-04,1.699994938374696218e+01,1.699924042859842999e+01,1.601080634403411196e+01,1.158332452178001404e-08,2.063710231389455529e+00,0.000000000000000000e+00
2.075283334352508006e-04,1.699994938375025910e+01,1.699924048977482016e+01,1.601012455233212606e+01,1.159060047939419746e-08,2.063710231390952998e+00,0.000000000000000000e+00
2.076283334352508031e-04,1.699994938375351694e+01,1.699924055035143766e+01,1.600944276063042082e+01,1.158332452178001404e-08,2.063710231392432704e+00,0.000000000000000000e+00
2.077283334352508055e-04,1.699994938375677478e+01,1.699924061033443579e+01,1.600876096892899625e+01,1.158332452178001404e-08,2.063710231393926620e+00,0.000000000000000000e+00
2.078283334352508079e-04,1.699994938375995801e+01,1.699924066972909031e+01,1.600807917722784879e+01,1.157604856416583061e-08,2.063710231395361916e+00,0.000000000000000000e+00
2.079283334352508103e-04,1.699994938376316611e+01,1.699924072854173573e+01,1.600739738552698199e+01,1.157604856416583061e-08,2.063710231396845174e+00,0.000000000000000000e+00
2.080283334352508128e-04,1.699994938376628184e+01,1.699924078677749506e+01,1.600671559382639941e+01,1.158332452178001404e-08,2.063710231398246719e+00,0.000000000000000000e+00
2.081283334352508152e-04,1.699994938376937981e+01,1.699924084444232619e+01,1.600603380212610460e+01,1.157604856416583061e-08,2.063710231399653594e+00,0.000000000000000000e+00
2.082283334352508176e-04,1.699994938377252041e+01,1.699924090154236112e+01,1.600535201042608691e+01,1.156877260655164719e-08,2.063710231401111983e+00,0.000000000000000000e+00
2.083283334352508201e-04,1.699994938377552245e+01,1.699924095808179203e+01,1.600467021872636053e+01,1.159787643700838089e-08,2.063710231402460238e+00,0.000000000000000000e+00
2.084283334352508225e-04,1.699994938377856712e+01,1.699924101406745081e+01,1.600398842702691127e+01,1.157604856416583061e-08,2.063710231403854678e+00,0.000000000000000000e+00
2.085283334352508249e-04,1.699994938378154430e+01,1.699924106950396308e+01,1.600330663532774977e+01,1.157604856416583061e-08,2.063710231405202933e+00,0.000000000000000000e+00
2.086283334352508274e-04,1.699994938378452858e+01,1.699924112439724766e+01,1.600262484362886894e+01,1.156877260655164719e-08,2.063710231406577833e+00,0.000000000000000000e+00
2.087283334352508298e-04,1.699994938378743825e+01,1.699924117875208296e+01,1.600194305193027589e+01,1.158332452178001404e-08,2.063710231407887008e+00,0.000000000000000000e+00
2.088283334352508322e-04,1.699994938379032305e+01,1.699924123257402897e+01,1.600126126023196349e+01,1.157604856416583061e-08,2.063710231409190854e+00,0.000000000000000000e+00
2.089283334352508347e-04,1.699994938379318299e+01,1.699924128586831884e+01,1.600057946853393886e+01,1.157604856416583061e-08,2.063710231410487594e+00,0.000000000000000000e+00
2.090283334352508371e-04,1.699994938379604292e+01,1.699924133864038112e+01,1.599989767683620023e+01,1.157604856416583061e-08,2.063710231411791440e+00,0.000000000000000000e+00
2.091283334352508395e-04,1.699994938379884957e+01,1.699924139089481301e+01,1.599921588513874759e+01,1.157604856416583061e-08,2.063710231413059759e+00,0.000000000000000000e+00
2.092283334352508419e-04,1.699994938380167042e+01,1.699924144263721715e+01,1.599853409344158095e+01,1.156877260655164719e-08,2.063710231414354723e+00,0.000000000000000000e+00
2.093283334352508444e-04,1.699994938380444154e+01,1.699924149387209127e+01,1.599785230174470030e+01,1.157604856416583061e-08,2.063710231415626595e+00,0.000000000000000000e+00
2.094283334352508468e-04,1.699994938380716647e+01,1.699924154460464720e+01,1.599717051004810386e+01,1.156877260655164719e-08,2.063710231416857610e+00,0.000000000000000000e+00
2.095283334352508492e-04,1.699994938380987008e+01,1.699924159483983033e+01,1.599648871835179520e+01,1.157604856416583061e-08,2.063710231418085073e+00,0.000000000000000000e+00
2.096283334352508517e-04,1.699994938381258436e+01,1.699924164458278852e+01,1.599580692665577075e+01,1.156149664893746376e-08,2.063710231419333851e+00,0.000000000000000000e+00
2.097283334352508541e-04,1.699994938381524179e+01,1.699924169383780281e+01,1.599512513496004118e+01,1.157604856416583061e-08,2.063710231420543550e+00,0.000000000000000000e+00
2.098283334352508565e-04,1.699994938381790277e+01,1.699924174261019161e+01,1.599444334326459405e+01,1.156149664893746376e-08,2.063710231421772789e+00,0.000000000000000000e+00
2.099283334352508590e-04,1.699994938382048915e+01,1.699924179090413290e+01,1.599376155156943469e+01,1.156149664893746376e-08,2.063710231422938080e+00,0.000000000000000000e+00
2.100283334352508614e-04,1.699994938382310039e+01,1.699924183872489891e+01,1.599307975987456309e+01,1.156149664893746376e-08,2.063710231424146002e+00,0.000000000000000000e+00
2.101283334352508638e-04,1.699994938382564058e+01,1.699924188607655395e+01,1.599239796817997572e+01,1.156149664893746376e-08,2.063710231425298858e+00,0.000000000000000000e+00
2.102283334352508663e-04,1.699994938382817011e+01,1.699924193296399366e+01,1.599171617648567434e+01,1.156149664893746376e-08,2.063710231426449937e+00,0.000000000000000000e+00
2.103283334352508687e-04,1.699994938383069965e+01,1.699924197939201420e+01,1.599103438479166250e+01,1.155422069132328033e-08,2.063710231427615227e+00,0.000000000000000000e+00
2.104283334352508711e-04,1.699994938383317233e+01,1.699924202536459106e+01,1.599035259309794021e+01,1.155422069132328033e-08,2.063710231428741437e+00,0.000000000000000000e+00
2.105283334352508735e-04,1.699994938383562015e+01,1.699924207088645645e+01,1.598967080140450214e+01,1.156149664893746376e-08,2.063710231429848108e+00,0.000000000000000000e+00
2.106283334352508760e-04,1.699994938383805376e+01,1.699924211596204060e+01,1.598898900971135717e+01,1.154694473370909691e-08,2.063710231430956554e+00,0.000000000000000000e+00
2.107283334352508784e-04,1.699994938384047671e+01,1.699924216059572402e+01,1.598830721801849997e+01,1.154694473370909691e-08,2.063710231432068554e+00,0.000000000000000000e+00
2.108283334352508808e-04,1.699994938384295295e+01,1.699924220479236681e+01,1.598762542632593053e+01,1.153966877609491348e-08,2.063710231433240949e+00,0.000000000000000000e+00
2.109283334352508833e-04,1.699994938384530840e+01,1.699924224855514865e+01,1.598694363463365065e+01,1.155422069132328033e-08,2.063710231434306763e+00,0.000000000000000000e+00
2.110283334352508857e-04,1.699994938384763543e+01,1.699924229188888702e+01,1.598626184294166208e+01,1.154694473370909691e-08,2.063710231435356590e+00,0.000000000000000000e+00
2.111283334352508881e-04,1.699994938384996601e+01,1.699924233479780256e+01,1.598558005124996306e+01,1.155422069132328033e-08,2.063710231436427733e+00,0.000000000000000000e+00
2.112283334352508906e-04,1.699994938385226462e+01,1.699924237728603771e+01,1.598489825955855181e+01,1.153966877609491348e-08,2.063710231437479337e+00,0.000000000000000000e+00
2.113283334352508930e-04,1.699994938385457388e+01,1.699924241935799074e+01,1.598421646786743366e+01,1.153966877609491348e-08,2.063710231438555809e+00,0.000000000000000000e+00
2.114283334352508954e-04,1.699994938385686893e+01,1.699924246101748793e+01,1.598353467617660684e+01,1.154694473370909691e-08,2.063710231439630505e+00,0.000000000000000000e+00
2.115283334352508978e-04,1.699994938385909649e+01,1.699924250226828093e+01,1.598285288448606778e+01,1.154694473370909691e-08,2.063710231440641252e+00,0.000000000000000000e+00
2.116283334352509003e-04,1.699994938386129206e+01,1.699924254311464722e+01,1.598217109279582004e+01,1.154694473370909691e-08,2.063710231441636012e+00,0.000000000000000000e+00
2.117283334352509027e-04,1.699994938386350896e+01,1.699924258356083229e+01,1.598148930110586363e+01,1.154694473370909691e-08,2.063710231442664522e+00,0.000000000000000000e+00
2.118283334352509051e-04,1.699994938386566190e+01,1.699924262361022187e+01,1.598080750941619854e+01,1.154694473370909691e-08,2.063710231443637966e+00,0.000000000000000000e+00
2.119283334352509076e-04,1.699994938386783971e+01,1.699924266326724620e+01,1.598012571772682655e+01,1.153239281848073006e-08,2.063710231444650489e+00,0.000000000000000000e+00
2.120283334352509100e-04,1.699994938386996068e+01,1.699924270253520575e+01,1.597944392603774766e+01,1.154694473370909691e-08,2.063710231445616827e+00,0.000000000000000000e+00
2.121283334352509124e-04,1.699994938387208521e+01,1.699924274141844904e+01,1.597876213434895654e+01,1.153966877609491348e-08,2.063710231446597376e+00,0.000000000000000000e+00
2.122283334352509149e-04,1.699994938387411381e+01,1.699924277991994614e+01,1.597808034266045851e+01,1.154694473370909691e-08,2.063710231447492660e+00,0.000000000000000000e+00
2.123283334352509173e-04,1.699994938387616727e+01,1.699924281804425874e+01,1.597739855097225004e+01,1.153966877609491348e-08,2.063710231448423471e+00,0.000000000000000000e+00
2.124283334352509197e-04,1.699994938387824206e+01,1.699924285579507810e+01,1.597671675928433643e+01,1.153966877609491348e-08,2.063710231449386256e+00,0.000000000000000000e+00
2.125283334352509222e-04,1.699994938388026355e+01,1.699924289317552706e+01,1.597603496759670882e+01,1.154694473370909691e-08,2.063710231450309962e+00,0.000000000000000000e+00
2.126283334352509246e-04,1.699994938388229571e+01,1.699924293018976584e+01,1.597535317590937254e+01,1.153239281848073006e-08,2.063710231451254984e+00,0.000000000000000000e+00
2.127283334352509270e-04,1.699994938388426391e+01,1.699924296684084979e+01,1.597467138422233290e+01,1.153966877609491348e-08,2.063710231452143162e+00,0.000000000000000000e+00
2.128283334352509294e-04,1.699994938388626764e+01,1.699924300313289294e+01,1.597398959253558459e+01,1.153239281848073006e-08,2.063710231453079302e+00,0.000000000000000000e+00
2.129283334352509319e-04,1.699994938388821453e+01,1.699924303906886536e+01,1.597330780084912760e+01,1.153239281848073006e-08,2.063710231453960375e+00,0.000000000000000000e+00
2.130283334352509343e-04,1.699994938389014010e+01,1.699924307465252582e+01,1.597262600916296726e+01,1.153239281848073006e-08,2.063710231454836119e+00,0.000000000000000000e+00
2.131283334352509367e-04,1.699994938389205501e+01,1.699924310988733467e+01,1.597194421747710180e+01,1.153966877609491348e-08,2.063710231455717192e+00,0.000000000000000000e+00
2.132283334352509392e-04,1.699994938389397703e+01,1.699924314477696186e+01,1.597126242579152766e+01,1.153239281848073006e-08,2.063710231456610700e+00,0.000000000000000000e+00
2.133283334352509416e-04,1.699994938389584576e+01,1.699924317932427442e+01,1.597058063410624840e+01,1.153966877609491348e-08,2.063710231457465127e+00,0.000000000000000000e+00
2.134283334352509440e-04,1.699994938389766119e+01,1.699924321353284995e+01,1.596989884242125690e+01,1.153239281848073006e-08,2.063710231458275146e+00,0.000000000000000000e+00
2.135283334352509465e-04,1.699994938389952637e+01,1.699924324740635129e+01,1.596921705073656028e+01,1.152511686086654663e-08,2.063710231459156219e+00,0.000000000000000000e+00
2.136283334352509489e-04,1.699994938390135601e+01,1.699924328094751402e+01,1.596853525905216387e+01,1.152511686086654663e-08,2.063710231460001765e+00,0.000000000000000000e+00
2.137283334352509513e-04,1.699994938390317145e+01,1.699924331415985179e+01,1.596785346736805877e+01,1.153239281848073006e-08,2.063710231460843758e+00,0.000000000000000000e+00
2.138283334352509538e-04,1.699994938390499044e+01,1.699924334704682849e+01,1.596717167568424856e+01,1.153239281848073006e-08,2.063710231461698186e+00,0.000000000000000000e+00
2.139283334352509562e-04,1.699994938390678101e+01,1.699924337961137510e+01,1.596648988400072966e+01,1.152511686086654663e-08,2.063710231462525968e+00,0.000000000000000000e+00
2.140283334352509586e-04,1.699994938390852894e+01,1.699924341185640841e+01,1.596580809231751275e+01,1.153966877609491348e-08,2.063710231463332434e+00,0.000000000000000000e+00
2.141283334352509610e-04,1.699994938391029464e+01,1.699924344378558416e+01,1.596512630063458893e+01,1.152511686086654663e-08,2.063710231464160216e+00,0.000000000000000000e+00
2.142283334352509635e-04,1.699994938391195021e+01,1.699924347540117608e+01,1.596444450895196177e+01,1.153966877609491348e-08,2.063710231464886746e+00,0.000000000000000000e+00
2.143283334352509659e-04,1.699994938391366617e+01,1.699924350670735507e+01,1.596376271726962770e+01,1.151784090325236320e-08,2.063710231465684330e+00,0.000000000000000000e+00
2.144283334352509683e-04,1.699994938391533239e+01,1.699924353770634511e+01,1.596308092558758673e+01,1.153239281848073006e-08,2.063710231466441059e+00,0.000000000000000000e+00
2.145283334352509708e-04,1.699994938391699151e+01,1.699924356840143602e+01,1.596239913390584420e+01,1.153239281848073006e-08,2.063710231467199563e+00,0.000000000000000000e+00
2.146283334352509732e-04,1.699994938391868970e+01,1.699924359879588920e+01,1.596171734222438765e+01,1.151784090325236320e-08,2.063710231468002476e+00,0.000000000000000000e+00
2.147283334352509756e-04,1.699994938392032040e+01,1.699924362889207075e+01,1.596103555054323309e+01,1.151784090325236320e-08,2.063710231468744993e+00,0.000000000000000000e+00
2.148283334352509781e-04,1.699994938392195110e+01,1.699924365869321008e+01,1.596035375886237517e+01,1.151784090325236320e-08,2.063710231469505274e+00,0.000000000000000000e+00
2.149283334352509805e-04,1.699994938392360311e+01,1.699924368820244780e+01,1.595967196718181214e+01,1.151784090325236320e-08,2.063710231470288647e+00,0.000000000000000000e+00
2.150283334352509829e-04,1.699994938392517696e+01,1.699924371742208962e+01,1.595899017550154042e+01,1.151056494563817978e-08,2.063710231470997414e+00,0.000000000000000000e+00
2.151283334352509854e-04,1.699994938392677923e+01,1.699924374635554614e+01,1.595830838382156713e+01,1.151056494563817978e-08,2.063710231471752365e+00,0.000000000000000000e+00
2.152283334352509878e-04,1.699994938392833888e+01,1.699924377500508044e+01,1.595762659214189227e+01,1.151784090325236320e-08,2.063710231472468237e+00,0.000000000000000000e+00
2.153283334352509902e-04,1.699994938392990207e+01,1.699924380337376206e+01,1.595694480046251229e+01,1.151784090325236320e-08,2.063710231473196544e+00,0.000000000000000000e+00
2.154283334352509926e-04,1.699994938393146526e+01,1.699924383146457174e+01,1.595626300878342718e+01,1.150328898802399635e-08,2.063710231473931955e+00,0.000000000000000000e+00
2.155283334352509951e-04,1.699994938393297161e+01,1.699924385927970505e+01,1.595558121710463695e+01,1.151784090325236320e-08,2.063710231474615853e+00,0.000000000000000000e+00
2.156283334352509975e-04,1.699994938393446020e+01,1.699924388682214271e+01,1.595489942542614692e+01,1.151056494563817978e-08,2.063710231475290868e+00,0.000000000000000000e+00
2.157283334352509999e-04,1.699994938393595589e+01,1.699924391409481572e+01,1.595421763374795177e+01,1.151056494563817978e-08,2.063710231475976542e+00,0.000000000000000000e+00
2.158283334352510024e-04,1.699994938393744803e+01,1.699924394110012216e+01,1.595353584207006037e+01,1.151784090325236320e-08,2.063710231476672874e+00,0.000000000000000000e+00
2.159283334352510048e-04,1.699994938393886557e+01,1.699924396784014036e+01,1.595285405039246562e+01,1.152511686086654663e-08,2.063710231477308810e+00,0.000000000000000000e+00
2.160283334352510072e-04,1.699994938394031863e+01,1.699924399431852606e+01,1.595217225871516575e+01,1.151056494563817978e-08,2.063710231477980273e+00,0.000000000000000000e+00
2.161283334352510097e-04,1.699994938394172550e+01,1.699924402053705563e+01,1.595149046703816431e+01,1.151056494563817978e-08,2.063710231478614432e+00,0.000000000000000000e+00
2.162283334352510121e-04,1.699994938394316790e+01,1.699924404649882348e+01,1.595080867536146307e+01,1.151056494563817978e-08,2.063710231479298329e+00,0.000000000000000000e+00
2.163283334352510145e-04,1.699994938394456057e+01,1.699924407220579781e+01,1.595012688368505849e+01,1.151056494563817978e-08,2.063710231479934265e+00,0.000000000000000000e+00
2.164283334352510170e-04,1.699994938394598165e+01,1.699924409766102329e+01,1.594944509200895055e+01,1.151056494563817978e-08,2.063710231480603952e+00,0.000000000000000000e+00
2.165283334352510194e-04,1.699994938394735300e+01,1.699924412286641839e+01,1.594876330033313749e+01,1.151056494563817978e-08,2.063710231481229229e+00,0.000000000000000000e+00
2.166283334352510218e-04,1.699994938394871369e+01,1.699924414782470805e+01,1.594808150865762286e+01,1.150328898802399635e-08,2.063710231481850954e+00,0.000000000000000000e+00
2.167283334352510242e-04,1.699994938395006727e+01,1.699924417253831521e+01,1.594739971698240488e+01,1.150328898802399635e-08,2.063710231482483337e+00,0.000000000000000000e+00
2.168283334352510267e-04,1.699994938395144217e+01,1.699924419700990086e+01,1.594671792530748533e+01,1.149601303040981293e-08,2.063710231483138813e+00,0.000000000000000000e+00
2.169283334352510291e-04,1.699994938395274602e+01,1.699924422124128753e+01,1.594603613363286954e+01,1.151056494563817978e-08,2.063710231483725011e+00,0.000000000000000000e+00
2.170283334352510315e-04,1.699994938395408539e+01,1.699924424523539557e+01,1.594535434195854862e+01,1.149601303040981293e-08,2.063710231484357394e+00,0.000000000000000000e+00
2.171283334352510340e-04,1.699994938395536792e+01,1.699924426899398711e+01,1.594467255028452968e+01,1.151784090325236320e-08,2.063710231484943591e+00,0.000000000000000000e+00
2.172283334352510364e-04,1.699994938395663624e+01,1.699924429251965208e+01,1.594399075861080561e+01,1.151056494563817978e-08,2.063710231485517355e+00,0.000000000000000000e+00
2.173283334352510388e-04,1.699994938395791166e+01,1.699924431581469264e+01,1.594330896693737998e+01,1.150328898802399635e-08,2.063710231486108881e+00,0.000000000000000000e+00
2.174283334352510413e-04,1.699994938395920840e+01,1.699924433888162412e+01,1.594262717526424922e+01,1.148873707279562950e-08,2.063710231486727054e+00,0.000000000000000000e+00
2.175283334352510437e-04,1.699994938396045896e+01,1.699924436172214470e+01,1.594194538359142044e+01,1.150328898802399635e-08,2.063710231487304370e+00,0.000000000000000000e+00
2.176283334352510461e-04,1.699994938396170596e+01,1.699924438433898288e+01,1.594126359191889364e+01,1.149601303040981293e-08,2.063710231487883462e+00,0.000000000000000000e+00
2.177283334352510486e-04,1.699994938396291033e+01,1.699924440673382620e+01,1.594058180024666527e+01,1.150328898802399635e-08,2.063710231488434133e+00,0.000000000000000000e+00
2.178283334352510510e-04,1.699994938396411470e+01,1.699924442890912601e+01,1.593990000857473532e+01,1.149601303040981293e-08,2.063710231488993685e+00,0.000000000000000000e+00
2.179283334352510534e-04,1.699994938396534039e+01,1.699924445086729463e+01,1.593921821690310381e+01,1.149601303040981293e-08,2.063710231489576330e+00,0.000000000000000000e+00
2.180283334352510558e-04,1.699994938396650923e+01,1.699924447260990945e+01,1.593853642523177072e+01,1.148873707279562950e-08,2.063710231490105684e+00,0.000000000000000000e+00
2.181283334352510583e-04,1.699994938396766742e+01,1.699924449413936145e+01,1.593785463356074317e+01,1.149601303040981293e-08,2.063710231490631486e+00,0.000000000000000000e+00
2.182283334352510607e-04,1.699994938396886468e+01,1.699924451545802739e+01,1.593717284189001404e+01,1.149601303040981293e-08,2.063710231491210578e+00,0.000000000000000000e+00
2.183283334352510631e-04,1.699994938397002286e+01,1.699924453656742429e+01,1.593649105021958334e+01,1.148873707279562950e-08,2.063710231491752367e+00,0.000000000000000000e+00
2.184283334352510656e-04,1.699994938397119526e+01,1.699924455747013141e+01,1.593580925854945285e+01,1.149601303040981293e-08,2.063710231492310143e+00,0.000000000000000000e+00
2.185283334352510680e-04,1.699994938397231081e+01,1.699924457816763734e+01,1.593512746687962789e+01,1.149601303040981293e-08,2.063710231492818181e+00,0.000000000000000000e+00
2.186283334352510704e-04,1.699994938397342636e+01,1.699924459866223714e+01,1.593444567521009603e+01,1.149601303040981293e-08,2.063710231493342206e+00,0.000000000000000000e+00
2.187283334352510729e-04,1.699994938397456323e+01,1.699924461895617966e+01,1.593376388354086792e+01,1.148873707279562950e-08,2.063710231493885772e+00,0.000000000000000000e+00
2.188283334352510753e-04,1.699994938397565392e+01,1.699924463905089667e+01,1.593308209187193647e+01,1.148873707279562950e-08,2.063710231494383152e+00,0.000000000000000000e+00
2.189283334352510777e-04,1.699994938397677302e+01,1.699924465894888215e+01,1.593240030020330522e+01,1.148873707279562950e-08,2.063710231494912506e+00,0.000000000000000000e+00
2.190283334352510802e-04,1.699994938397786015e+01,1.699924467865153588e+01,1.593171850853497418e+01,1.148873707279562950e-08,2.063710231495425873e+00,0.000000000000000000e+00
2.191283334352510826e-04,1.699994938397891886e+01,1.699924469816101080e+01,1.593103671686694511e+01,1.148873707279562950e-08,2.063710231495912595e+00,0.000000000000000000e+00
2.192283334352510850e-04,1.699994938397997402e+01,1.699924471747921828e+01,1.593035492519921803e+01,1.149601303040981293e-08,2.063710231496395764e+00,0.000000000000000000e+00
2.193283334352510874e-04,1.699994938398105404e+01,1.699924473660830415e+01,1.592967313353178938e+01,1.148146111518144608e-08,2.063710231496907355e+00,0.000000000000000000e+00
2.194283334352510899e-04,1.699994938398211985e+01,1.699924475554984937e+01,1.592899134186466270e+01,1.148873707279562950e-08,2.063710231497410064e+00,0.000000000000000000e+00
2.195283334352510923e-04,1.699994938398312527e+01,1.699924477430518266e+01,1.592830955019783801e+01,1.148873707279562950e-08,2.063710231497863035e+00,0.000000000000000000e+00
2.196283334352510947e-04,1.699994938398418753e+01,1.699924479287717105e+01,1.592762775853131174e+01,1.147418515756726265e-08,2.063710231498371073e+00,0.000000000000000000e+00
2.197283334352510972e-04,1.699994938398519295e+01,1.699924481126680931e+01,1.592694596686509101e+01,1.148873707279562950e-08,2.063710231498836478e+00,0.000000000000000000e+00
2.198283334352510996e-04,1.699994938398622679e+01,1.699924482947642446e+01,1.592626417519916515e+01,1.146690919995307922e-08,2.063710231499332082e+00,0.000000000000000000e+00
2.199283334352511020e-04,1.699994938398720734e+01,1.699924484750724218e+01,1.592558238353354128e+01,1.147418515756726265e-08,2.063710231499777947e+00,0.000000000000000000e+00
2.200283334352511045e-04,1.699994938398816302e+01,1.699924486536128398e+01,1.592490059186821938e+01,1.148146111518144608e-08,2.063710231500207826e+00,0.000000000000000000e+00
2.201283334352511069e-04,1.699994938398915068e+01,1.699924488304056069e+01,1.592421880020319591e+01,1.147418515756726265e-08,2.063710231500669678e+00,0.000000000000000000e+00
2.202283334352511093e-04,1.699994938399007438e+01,1.699924490054623050e+01,1.592353700853847798e+01,1.148146111518144608e-08,2.063710231501078241e+00,0.000000000000000000e+00
2.203283334352511118e-04,1.699994938399101230e+01,1.699924491788029712e+01,1.592285521687406202e+01,1.147418515756726265e-08,2.063710231501515224e+00,0.000000000000000000e+00
2.204283334352511142e-04,1.699994938399197864e+01,1.699924493504469680e+01,1.592217342520994805e+01,1.148146111518144608e-08,2.063710231501977077e+00,0.000000000000000000e+00
2.205283334352511166e-04,1.699994938399289879e+01,1.699924495204054509e+01,1.592149163354613428e+01,1.148146111518144608e-08,2.063710231502403403e+00,0.000000000000000000e+00
2.206283334352511190e-04,1.699994938399382960e+01,1.699924496886979597e+01,1.592080984188262249e+01,1.148146111518144608e-08,2.063710231502840386e+00,0.000000000000000000e+00
2.207283334352511215e-04,1.699994938399477817e+01,1.699924498553431107e+01,1.592012805021941269e+01,1.147418515756726265e-08,2.063710231503300463e+00,0.000000000000000000e+00
2.208283334352511239e-04,1.699994938399568767e+01,1.699924500203518818e+01,1.591944625855650131e+01,1.147418515756726265e-08,2.063710231503719683e+00,0.000000000000000000e+00
2.209283334352511263e-04,1.699994938399657585e+01,1.699924501837428537e+01,1.591876446689389368e+01,1.146690919995307922e-08,2.063710231504128245e+00,0.000000000000000000e+00
2.210283334352511288e-04,1.699994938399748889e+01,1.699924503455346425e+01,1.591808267523159159e+01,1.147418515756726265e-08,2.063710231504567005e+00,0.000000000000000000e+00
2.211283334352511312e-04,1.699994938399839484e+01,1.699924505057402868e+01,1.591740088356959326e+01,1.147418515756726265e-08,2.063710231505007542e+00,0.000000000000000000e+00
2.212283334352511336e-04,1.699994938399924038e+01,1.699924506643701250e+01,1.591671909190789869e+01,1.148146111518144608e-08,2.063710231505389459e+00,0.000000000000000000e+00
2.213283334352511361e-04,1.699994938400014277e+01,1.699924508214500918e+01,1.591603730024650076e+01,1.146690919995307922e-08,2.063710231505824666e+00,0.000000000000000000e+00
2.214283334352511385e-04,1.699994938400101319e+01,1.699924509769875058e+01,1.591535550858540660e+01,1.147418515756726265e-08,2.063710231506231452e+00,0.000000000000000000e+00
2.215283334352511409e-04,1.699994938400190136e+01,1.699924511310027597e+01,1.591467371692461619e+01,1.147418515756726265e-08,2.063710231506670212e+00,0.000000000000000000e+00
2.216283334352511434e-04,1.699994938400273270e+01,1.699924512835052681e+01,1.591399192526412421e+01,1.147418515756726265e-08,2.063710231507045023e+00,0.000000000000000000e+00
2.217283334352511458e-04,1.699994938400358890e+01,1.699924514345153526e+01,1.591331013360393598e+01,1.145963324233889580e-08,2.063710231507453585e+00,0.000000000000000000e+00
2.218283334352511482e-04,1.699994938400436340e+01,1.699924515840395145e+01,1.591262834194405329e+01,1.147418515756726265e-08,2.063710231507791093e+00,0.000000000000000000e+00
2.219283334352511506e-04,1.699994938400522315e+01,1.699924517321034045e+01,1.591194655028447080e+01,1.146690919995307922e-08,2.063710231508219195e+00,0.000000000000000000e+00
2.220283334352511531e-04,1.699994938400601185e+01,1.699924518787127070e+01,1.591126475862519030e+01,1.146690919995307922e-08,2.063710231508569137e+00,0.000000000000000000e+00
2.221283334352511555e-04,1.699994938400682898e+01,1.699924520238874592e+01,1.591058296696621532e+01,1.146690919995307922e-08,2.063710231508958159e+00,0.000000000000000000e+00
2.222283334352511579e-04,1.699994938400763189e+01,1.699924521676365075e+01,1.590990117530754233e+01,1.146690919995307922e-08,2.063710231509341853e+00,0.000000000000000000e+00
2.223283334352511604e-04,1.699994938400846678e+01,1.699924523099790363e+01,1.590921938364916954e+01,1.146690919995307922e-08,2.063710231509761073e+00,0.000000000000000000e+00
2.224283334352511628e-04,1.699994938400924482e+01,1.699924524509232526e+01,1.590853759199110229e+01,1.146690919995307922e-08,2.063710231510128779e+00,0.000000000000000000e+00
2.225283334352511652e-04,1.699994938401005129e+01,1.699924525904884121e+01,1.590785580033334057e+01,1.145963324233889580e-08,2.063710231510524906e+00,0.000000000000000000e+00
2.226283334352511677e-04,1.699994938401079736e+01,1.699924527286824727e+01,1.590717400867588083e+01,1.147418515756726265e-08,2.063710231510864190e+00,0.000000000000000000e+00
2.227283334352511701e-04,1.699994938401154343e+01,1.699924528655217415e+01,1.590649221701872662e+01,1.146690919995307922e-08,2.063710231511208804e+00,0.000000000000000000e+00
2.228283334352511725e-04,1.699994938401227529e+01,1.699924530010194346e+01,1.590581042536187084e+01,1.146690919995307922e-08,2.063710231511540982e+00,0.000000000000000000e+00
2.229283334352511749e-04,1.699994938401305689e+01,1.699924531351916102e+01,1.590512863370531882e+01,1.145235728472471237e-08,2.063710231511930004e+00,0.000000000000000000e+00
2.230283334352511774e-04,1.699994938401378874e+01,1.699924532680456579e+01,1.590444684204907588e+01,1.146690919995307922e-08,2.063710231512271065e+00,0.000000000000000000e+00
2.231283334352511798e-04,1.699994938401455613e+01,1.699924533996000164e+01,1.590376505039313670e+01,1.146690919995307922e-08,2.063710231512652982e+00,0.000000000000000000e+00
2.232283334352511822e-04,1.699994938401526312e+01,1.699924535298617911e+01,1.590308325873750306e+01,1.146690919995307922e-08,2.063710231512979831e+00,0.000000000000000000e+00
2.233283334352511847e-04,1.699994938401598077e+01,1.699924536588466850e+01,1.590240146708217139e+01,1.146690919995307922e-08,2.063710231513315563e+00,0.000000000000000000e+00
2.234283334352511871e-04,1.699994938401669131e+01,1.699924537865669905e+01,1.590171967542714704e+01,1.146690919995307922e-08,2.063710231513647742e+00,0.000000000000000000e+00
2.235283334352511895e-04,1.699994938401739120e+01,1.699924539130351775e+01,1.590103788377242466e+01,1.145963324233889580e-08,2.063710231513974591e+00,0.000000000000000000e+00
2.236283334352511920e-04,1.699994938401814437e+01,1.699924540382687965e+01,1.590035609211800249e+01,1.145235728472471237e-08,2.063710231514352955e+00,0.000000000000000000e+00
2.237283334352511944e-04,1.699994938401882294e+01,1.699924541622693042e+01,1.589967430046388941e+01,1.145235728472471237e-08,2.063710231514662041e+00,0.000000000000000000e+00
2.238283334352511968e-04,1.699994938401951217e+01,1.699924542850543219e+01,1.589899250881007475e+01,1.145235728472471237e-08,2.063710231514988891e+00,0.000000000000000000e+00
2.239283334352511993e-04,1.699994938402019073e+01,1.699924544066355026e+01,1.589831071715656208e+01,1.145235728472471237e-08,2.063710231515312188e+00,0.000000000000000000e+00
2.240283334352512017e-04,1.699994938402088351e+01,1.699924545270272702e+01,1.589762892550335316e+01,1.145963324233889580e-08,2.063710231515653248e+00,0.000000000000000000e+00
2.241283334352512041e-04,1.699994938402154787e+01,1.699924546462362329e+01,1.589694713385044622e+01,1.144508132711052895e-08,2.063710231515967664e+00,0.000000000000000000e+00
2.242283334352512065e-04,1.699994938402224420e+01,1.699924547642792660e+01,1.589626534219784659e+01,1.145235728472471237e-08,2.063710231516314053e+00,0.000000000000000000e+00
2.243283334352512090e-04,1.699994938402288014e+01,1.699924548811621960e+01,1.589558355054555605e+01,1.145235728472471237e-08,2.063710231516603599e+00,0.000000000000000000e+00
2.244283334352512114e-04,1.699994938402350542e+01,1.699924549968991982e+01,1.589490175889356216e+01,1.145235728472471237e-08,2.063710231516887816e+00,0.000000000000000000e+00
2.245283334352512138e-04,1.699994938402416267e+01,1.699924551115042348e+01,1.589421996724187736e+01,1.145235728472471237e-08,2.063710231517202232e+00,0.000000000000000000e+00
2.246283334352512163e-04,1.699994938402477374e+01,1.699924552249829901e+01,1.589353817559049276e+01,1.145235728472471237e-08,2.063710231517479343e+00,0.000000000000000000e+00
2.247283334352512187e-04,1.699994938402538480e+01,1.699924553373493197e+01,1.589285638393941724e+01,1.145963324233889580e-08,2.063710231517760008e+00,0.000000000000000000e+00
2.248283334352512211e-04,1.699994938402603140e+01,1.699924554486168304e+01,1.589217459228864726e+01,1.144508132711052895e-08,2.063710231518083305e+00,0.000000000000000000e+00
2.249283334352512236e-04,1.699994938402663536e+01,1.699924555587907449e+01,1.589149280063818281e+01,1.145235728472471237e-08,2.063710231518369298e+00,0.000000000000000000e+00
2.250283334352512260e-04,1.699994938402724642e+01,1.699924556678846699e+01,1.589081100898801857e+01,1.145235728472471237e-08,2.063710231518664173e+00,0.000000000000000000e+00
2.251283334352512284e-04,1.699994938402788947e+01,1.699924557759117505e+01,1.589012921733815809e+01,1.144508132711052895e-08,2.063710231518982141e+00,0.000000000000000000e+00
2.252283334352512309e-04,1.699994938402848632e+01,1.699924558828771026e+01,1.588944742568860136e+01,1.145235728472471237e-08,2.063710231519266358e+00,0.000000000000000000e+00
2.253283334352512333e-04,1.699994938402908318e+01,1.699924559887938713e+01,1.588876563403935194e+01,1.145235728472471237e-08,2.063710231519545246e+00,0.000000000000000000e+00
2.254283334352512357e-04,1.699994938402971556e+01,1.699924560936749884e+01,1.588808384239040805e+01,1.144508132711052895e-08,2.063710231519870320e+00,0.000000000000000000e+00
2.255283334352512381e-04,1.699994938403027689e+01,1.699924561975249304e+01,1.588740205074176970e+01,1.144508132711052895e-08,2.063710231520119009e+00,0.000000000000000000e+00
2.256283334352512406e-04,1.699994938403085243e+01,1.699924563003569133e+01,1.588672025909343510e+01,1.145235728472471237e-08,2.063710231520392568e+00,0.000000000000000000e+00
2.257283334352512430e-04,1.699994938403143863e+01,1.699924564021832651e+01,1.588603846744540604e+01,1.143780536949634552e-08,2.063710231520673233e+00,0.000000000000000000e+00
2.258283334352512454e-04,1.699994938403199285e+01,1.699924565030087820e+01,1.588535667579768074e+01,1.144508132711052895e-08,2.063710231520927252e+00,0.000000000000000000e+00
2.259283334352512479e-04,1.699994938403254352e+01,1.699924566028457917e+01,1.588467488415026097e+01,1.144508132711052895e-08,2.063710231521184824e+00,0.000000000000000000e+00
2.260283334352512503e-04,1.699994938403314038e+01,1.699924567017069066e+01,1.588399309250314495e+01,1.143780536949634552e-08,2.063710231521488581e+00,0.000000000000000000e+00
2.261283334352512527e-04,1.699994938403369460e+01,1.699924567995961766e+01,1.588331130085633447e+01,1.143780536949634552e-08,2.063710231521747929e+00,0.000000000000000000e+00
2.262283334352512552e-04,1.699994938403427014e+01,1.699924568965283811e+01,1.588262950920983130e+01,1.143780536949634552e-08,2.063710231522041028e+00,0.000000000000000000e+00
2.263283334352512576e-04,1.699994938403482436e+01,1.699924569925077833e+01,1.588194771756363188e+01,1.143780536949634552e-08,2.063710231522312810e+00,0.000000000000000000e+00
2.264283334352512600e-04,1.699994938403537148e+01,1.699924570875462493e+01,1.588126592591774333e+01,1.143780536949634552e-08,2.063710231522577487e+00,0.000000000000000000e+00
2.265283334352512625e-04,1.699994938403592215e+01,1.699924571816553964e+01,1.588058413427214965e+01,1.143052941188216209e-08,2.063710231522852823e+00,0.000000000000000000e+00
2.266283334352512649e-04,1.699994938403643729e+01,1.699924572748392748e+01,1.587990234262686506e+01,1.144508132711052895e-08,2.063710231523092631e+00,0.000000000000000000e+00
2.267283334352512673e-04,1.699994938403694178e+01,1.699924573671095729e+01,1.587922055098188423e+01,1.143780536949634552e-08,2.063710231523328886e+00,0.000000000000000000e+00
2.268283334352512697e-04,1.699994938403748890e+01,1.699924574584781212e+01,1.587853875933721071e+01,1.143052941188216209e-08,2.063710231523607774e+00,0.000000000000000000e+00
2.269283334352512722e-04,1.699994938403797562e+01,1.699924575489480461e+01,1.587785696769284094e+01,1.143780536949634552e-08,2.063710231523829819e+00,0.000000000000000000e+00
2.270283334352512746e-04,1.699994938403848010e+01,1.699924576385312847e+01,1.587717517604877671e+01,1.143052941188216209e-08,2.063710231524074956e+00,0.000000000000000000e+00
2.271283334352512770e-04,1.699994938403897748e+01,1.699924577272362569e+01,1.587649338440501978e+01,1.143780536949634552e-08,2.063710231524316541e+00,0.000000000000000000e+00
2.272283334352512795e-04,1.699994938403951039e+01,1.699924578150742960e+01,1.587581159276156484e+01,1.143780536949634552e-08,2.063710231524591876e+00,0.000000000000000000e+00
2.273283334352512819e-04,1.699994938404003264e+01,1.699924579020511928e+01,1.587512980111841543e+01,1.142325345426797867e-08,2.063710231524853000e+00,0.000000000000000000e+00
2.274283334352512843e-04,1.699994938404051936e+01,1.699924579881727382e+01,1.587444800947557866e+01,1.143052941188216209e-08,2.063710231525089256e+00,0.000000000000000000e+00
2.275283334352512868e-04,1.699994938404097411e+01,1.699924580734496971e+01,1.587376621783304564e+01,1.143052941188216209e-08,2.063710231525288208e+00,0.000000000000000000e+00
2.276283334352512892e-04,1.699994938404145017e+01,1.699924581578909155e+01,1.587308442619081461e+01,1.141597749665379524e-08,2.063710231525520911e+00,0.000000000000000000e+00
2.277283334352512916e-04,1.699994938404195111e+01,1.699924582415069807e+01,1.587240263454888911e+01,1.143052941188216209e-08,2.063710231525771377e+00,0.000000000000000000e+00
2.278283334352512941e-04,1.699994938404243427e+01,1.699924583243008058e+01,1.587172084290726914e+01,1.143780536949634552e-08,2.063710231526014738e+00,0.000000000000000000e+00
2.279283334352512965e-04,1.699994938404288192e+01,1.699924584062826227e+01,1.587103905126596004e+01,1.143052941188216209e-08,2.063710231526213690e+00,0.000000000000000000e+00
2.280283334352512989e-04,1.699994938404337574e+01,1.699924584874636224e+01,1.587035725962494936e+01,1.141597749665379524e-08,2.063710231526467709e+00,0.000000000000000000e+00
2.281283334352513013e-04,1.699994938404383049e+01,1.699924585678460787e+01,1.586967546798424777e+01,1.143780536949634552e-08,2.063710231526686201e+00,0.000000000000000000e+00
2.282283334352513038e-04,1.699994938404431721e+01,1.699924586474431720e+01,1.586899367634385349e+01,1.142325345426797867e-08,2.063710231526943772e+00,0.000000000000000000e+00
2.283283334352513062e-04,1.699994938404473288e+01,1.699924587262569631e+01,1.586831188470376297e+01,1.143780536949634552e-08,2.063710231527124961e+00,0.000000000000000000e+00
2.284283334352513086e-04,1.699994938404516276e+01,1.699924588042982521e+01,1.586763009306397620e+01,1.143052941188216209e-08,2.063710231527329242e+00,0.000000000000000000e+00
2.285283334352513111e-04,1.699994938404562461e+01,1.699924588815771287e+01,1.586694830142449675e+01,1.141597749665379524e-08,2.063710231527565497e+00,0.000000000000000000e+00
2.286283334352513135e-04,1.699994938404605804e+01,1.699924589580958312e+01,1.586626650978532638e+01,1.143052941188216209e-08,2.063710231527773331e+00,0.000000000000000000e+00
2.287283334352513159e-04,1.699994938404649147e+01,1.699924590338644492e+01,1.586558471814646154e+01,1.141597749665379524e-08,2.063710231527979388e+00,0.000000000000000000e+00
2.288283334352513184e-04,1.699994938404694622e+01,1.699924591088928594e+01,1.586490292650790579e+01,1.142325345426797867e-08,2.063710231528213868e+00,0.000000000000000000e+00
2.289283334352513208e-04,1.699994938404735834e+01,1.699924591831829801e+01,1.586422113486965557e+01,1.142325345426797867e-08,2.063710231528407490e+00,0.000000000000000000e+00
2.290283334352513232e-04,1.699994938404776335e+01,1.699924592567447235e+01,1.586353934323171089e+01,1.143052941188216209e-08,2.063710231528595784e+00,0.000000000000000000e+00
2.291283334352513257e-04,1.699994938404820033e+01,1.699924593295880371e+01,1.586285755159407174e+01,1.141597749665379524e-08,2.063710231528816053e+00,0.000000000000000000e+00
2.292283334352513281e-04,1.699994938404859113e+01,1.699924594017144841e+01,1.586217575995673812e+01,1.141597749665379524e-08,2.063710231528991912e+00,0.000000000000000000e+00
2.293283334352513305e-04,1.699994938404902456e+01,1.699924594731366767e+01,1.586149396831971004e+01,1.140870153903961182e-08,2.063710231529215733e+00,0.000000000000000000e+00
2.294283334352513329e-04,1.699994938404944378e+01,1.699924595438562491e+01,1.586081217668299104e+01,1.142325345426797867e-08,2.063710231529425343e+00,0.000000000000000000e+00
2.295283334352513354e-04,1.699994938404985234e+01,1.699924596138824384e+01,1.586013038504657402e+01,1.141597749665379524e-08,2.063710231529626071e+00,0.000000000000000000e+00
2.296283334352513378e-04,1.699994938405029998e+01,1.699924596832248724e+01,1.585944859341046431e+01,1.141597749665379524e-08,2.063710231529871209e+00,0.000000000000000000e+00
2.297283334352513402e-04,1.699994938405069078e+01,1.699924597518846170e+01,1.585876680177466369e+01,1.142325345426797867e-08,2.063710231530061279e+00,0.000000000000000000e+00
2.298283334352513427e-04,1.699994938405111711e+01,1.699924598198739645e+01,1.585808501013917038e+01,1.141597749665379524e-08,2.063710231530286876e+00,0.000000000000000000e+00
2.299283334352513451e-04,1.699994938405145106e+01,1.699924598871912806e+01,1.585740321850398260e+01,1.140870153903961182e-08,2.063710231530423655e+00,0.000000000000000000e+00
2.300283334352513475e-04,1.699994938405185962e+01,1.699924599538540804e+01,1.585672142686909680e+01,1.140870153903961182e-08,2.063710231530638595e+00,0.000000000000000000e+00
2.301283334352513500e-04,1.699994938405226463e+01,1.699924600198633229e+01,1.585603963523452009e+01,1.140870153903961182e-08,2.063710231530851757e+00,0.000000000000000000e+00
2.302283334352513524e-04,1.699994938405261991e+01,1.699924600852226675e+01,1.585535784360025247e+01,1.141597749665379524e-08,2.063710231531011630e+00,0.000000000000000000e+00
2.303283334352513548e-04,1.699994938405297873e+01,1.699924601499413868e+01,1.585467605196628682e+01,1.140870153903961182e-08,2.063710231531175054e+00,0.000000000000000000e+00
2.304283334352513573e-04,1.699994938405332334e+01,1.699924602140255558e+01,1.585399426033263026e+01,1.140870153903961182e-08,2.063710231531333150e+00,0.000000000000000000e+00
2.305283334352513597e-04,1.699994938405371059e+01,1.699924602774842697e+01,1.585331246869928457e+01,1.140870153903961182e-08,2.063710231531533879e+00,0.000000000000000000e+00
2.306283334352513621e-04,1.699994938405410139e+01,1.699924603403209034e+01,1.585263067706624263e+01,1.141597749665379524e-08,2.063710231531739936e+00,0.000000000000000000e+00
2.307283334352513645e-04,1.699994938405444245e+01,1.699924604025387609e+01,1.585194888543350977e+01,1.141597749665379524e-08,2.063710231531898032e+00,0.000000000000000000e+00
2.308283334352513670e-04,1.699994938405479417e+01,1.699924604641467951e+01,1.585126709380108245e+01,1.140142558142542839e-08,2.063710231532070338e+00,0.000000000000000000e+00
2.309283334352513694e-04,1.699994938405515299e+01,1.699924605251509746e+01,1.585058530216896244e+01,1.140870153903961182e-08,2.063710231532246198e+00,0.000000000000000000e+00
2.310283334352513718e-04,1.699994938405548695e+01,1.699924605855568416e+01,1.584990351053714619e+01,1.140142558142542839e-08,2.063710231532406070e+00,0.000000000000000000e+00
2.311283334352513743e-04,1.699994938405585643e+01,1.699924606453732778e+01,1.584922171890563725e+01,1.140870153903961182e-08,2.063710231532599693e+00,0.000000000000000000e+00
2.312283334352513767e-04,1.699994938405621170e+01,1.699924607046008163e+01,1.584853992727443384e+01,1.140142558142542839e-08,2.063710231532780881e+00,0.000000000000000000e+00
2.313283334352513791e-04,1.699994938405659894e+01,1.699924607632504348e+01,1.584785813564353774e+01,1.140142558142542839e-08,2.063710231532997597e+00,0.000000000000000000e+00
2.314283334352513816e-04,1.699994938405695422e+01,1.699924608213247978e+01,1.584717634401294895e+01,1.140142558142542839e-08,2.063710231533173456e+00,0.000000000000000000e+00
2.315283334352513840e-04,1.699994938405726685e+01,1.699924608788271385e+01,1.584649455238267279e+01,1.140870153903961182e-08,2.063710231533320894e+00,0.000000000000000000e+00
2.316283334352513864e-04,1.699994938405756884e+01,1.699924609357656635e+01,1.584581276075270218e+01,1.140870153903961182e-08,2.063710231533452344e+00,0.000000000000000000e+00
2.317283334352513889e-04,1.699994938405789924e+01,1.699924609921463414e+01,1.584513096912303709e+01,1.139414962381124496e-08,2.063710231533613992e+00,0.000000000000000000e+00
2.318283334352513913e-04,1.699994938405825451e+01,1.699924610479768461e+01,1.584444917749367399e+01,1.139414962381124496e-08,2.063710231533807615e+00,0.000000000000000000e+00
2.319283334352513937e-04,1.699994938405856004e+01,1.699924611032572841e+01,1.584376738586461997e+01,1.139414962381124496e-08,2.063710231533953277e+00,0.000000000000000000e+00
2.320283334352513961e-04,1.699994938405886913e+01,1.699924611579958622e+01,1.584308559423587326e+01,1.140142558142542839e-08,2.063710231534098938e+00,0.000000000000000000e+00
2.321283334352513986e-04,1.699994938405919598e+01,1.699924612122003964e+01,1.584240380260743564e+01,1.139414962381124496e-08,2.063710231534262363e+00,0.000000000000000000e+00
2.322283334352514010e-04,1.699994938405950151e+01,1.699924612658709933e+01,1.584172201097930532e+01,1.140142558142542839e-08,2.063710231534406248e+00,0.000000000000000000e+00
2.323283334352514034e-04,1.699994938405985678e+01,1.699924613190182399e+01,1.584104021935148054e+01,1.139414962381124496e-08,2.063710231534606976e+00,0.000000000000000000e+00
2.324283334352514059e-04,1.699994938406016942e+01,1.699924613716417099e+01,1.584035842772395952e+01,1.140142558142542839e-08,2.063710231534761519e+00,0.000000000000000000e+00
2.325283334352514083e-04,1.699994938406051048e+01,1.699924614237519904e+01,1.583967663609674759e+01,1.138687366619706154e-08,2.063710231534951589e+00,0.000000000000000000e+00
2.326283334352514107e-04,1.699994938406078404e+01,1.699924614753460972e+01,1.583899484446984474e+01,1.140142558142542839e-08,2.063710231535072381e+00,0.000000000000000000e+00
2.327283334352514132e-04,1.699994938406112155e+01,1.699924615264397687e+01,1.583831305284325097e+01,1.140142558142542839e-08,2.063710231535255346e+00,0.000000000000000000e+00
2.328283334352514156e-04,1.699994938406141642e+01,1.699924615770298075e+01,1.583763126121696097e+01,1.140142558142542839e-08,2.063710231535401007e+00,0.000000000000000000e+00
2.329283334352514180e-04,1.699994938406171130e+01,1.699924616271239231e+01,1.583694946959098360e+01,1.140142558142542839e-08,2.063710231535544892e+00,0.000000000000000000e+00
2.330283334352514204e-04,1.699994938406201328e+01,1.699924616767270180e+01,1.583626767796531354e+01,1.140142558142542839e-08,2.063710231535706541e+00,0.000000000000000000e+00
2.331283334352514229e-04,1.699994938406236855e+01,1.699924617258490755e+01,1.583558588633994368e+01,1.137959770858287811e-08,2.063710231535925033e+00,0.000000000000000000e+00
2.332283334352514253e-04,1.699994938406265277e+01,1.699924617744842692e+01,1.583490409471488292e+01,1.139414962381124496e-08,2.063710231536067141e+00,0.000000000000000000e+00
2.333283334352514277e-04,1.699994938406293699e+01,1.699924618226427242e+01,1.583422230309012946e+01,1.139414962381124496e-08,2.063710231536205697e+00,0.000000000000000000e+00
2.334283334352514302e-04,1.699994938406325318e+01,1.699924618703317947e+01,1.583354051146568509e+01,1.139414962381124496e-08,2.063710231536385109e+00,0.000000000000000000e+00
2.335283334352514326e-04,1.699994938406350897e+01,1.699924619175504148e+01,1.583285871984154980e+01,1.139414962381124496e-08,2.063710231536504125e+00,0.000000000000000000e+00
2.336283334352514350e-04,1.699994938406376477e+01,1.699924619643061874e+01,1.583217692821771649e+01,1.138687366619706154e-08,2.063710231536621365e+00,0.000000000000000000e+00
2.337283334352514375e-04,1.699994938406403833e+01,1.699924620106037665e+01,1.583149513659419227e+01,1.137959770858287811e-08,2.063710231536759920e+00,0.000000000000000000e+00
2.338283334352514399e-04,1.699994938406433320e+01,1.699924620564500088e+01,1.583081334497097714e+01,1.139414962381124496e-08,2.063710231536921569e+00,0.000000000000000000e+00
2.339283334352514423e-04,1.699994938406459255e+01,1.699924621018442039e+01,1.583013155334806754e+01,1.139414962381124496e-08,2.063710231537045914e+00,0.000000000000000000e+00
2.340283334352514448e-04,1.699994938406487321e+01,1.699924621467936348e+01,1.582944976172546525e+01,1.137959770858287811e-08,2.063710231537195128e+00,0.000000000000000000e+00
2.341283334352514472e-04,1.699994938406518230e+01,1.699924621913050515e+01,1.582876797010316849e+01,1.137959770858287811e-08,2.063710231537370987e+00,0.000000000000000000e+00
2.342283334352514496e-04,1.699994938406541678e+01,1.699924622353771042e+01,1.582808617848118615e+01,1.138687366619706154e-08,2.063710231537472239e+00,0.000000000000000000e+00
2.343283334352514520e-04,1.699994938406565481e+01,1.699924622790171824e+01,1.582740438685950934e+01,1.138687366619706154e-08,2.063710231537582374e+00,0.000000000000000000e+00
2.344283334352514545e-04,1.699994938406593548e+01,1.699924623222322495e+01,1.582672259523814162e+01,1.137959770858287811e-08,2.063710231537733364e+00,0.000000000000000000e+00
2.345283334352514569e-04,1.699994938406616996e+01,1.699924623650208844e+01,1.582604080361707943e+01,1.137959770858287811e-08,2.063710231537838169e+00,0.000000000000000000e+00
2.346283334352514593e-04,1.699994938406645772e+01,1.699924624073929280e+01,1.582535901199632633e+01,1.137232175096869469e-08,2.063710231538001594e+00,0.000000000000000000e+00
2.347283334352514618e-04,1.699994938406670641e+01,1.699924624493468883e+01,1.582467722037588231e+01,1.138687366619706154e-08,2.063710231538124162e+00,0.000000000000000000e+00
2.348283334352514642e-04,1.699994938406696221e+01,1.699924624908896220e+01,1.582399542875574028e+01,1.137959770858287811e-08,2.063710231538253836e+00,0.000000000000000000e+00
2.349283334352514666e-04,1.699994938406722156e+01,1.699924625320274885e+01,1.582331363713590733e+01,1.137959770858287811e-08,2.063710231538388840e+00,0.000000000000000000e+00
2.350283334352514691e-04,1.699994938406743117e+01,1.699924625727592442e+01,1.582263184551638524e+01,1.138687366619706154e-08,2.063710231538474105e+00,0.000000000000000000e+00
2.351283334352514715e-04,1.699994938406766209e+01,1.699924626130919236e+01,1.582195005389716869e+01,1.137959770858287811e-08,2.063710231538589568e+00,0.000000000000000000e+00
2.352283334352514739e-04,1.699994938406789302e+01,1.699924626530292571e+01,1.582126826227825944e+01,1.137959770858287811e-08,2.063710231538701478e+00,0.000000000000000000e+00
2.353283334352514764e-04,1.699994938406816303e+01,1.699924626925778171e+01,1.582058647065965928e+01,1.137232175096869469e-08,2.063710231538845363e+00,0.000000000000000000e+00
2.354283334352514788e-04,1.699994938406839040e+01,1.699924627317359338e+01,1.581990467904136466e+01,1.137959770858287811e-08,2.063710231538953721e+00,0.000000000000000000e+00
2.355283334352514812e-04,1.699994938406861067e+01,1.699924627705101088e+01,1.581922288742337912e+01,1.137232175096869469e-08,2.063710231539062079e+00,0.000000000000000000e+00
2.356283334352514836e-04,1.699994938406887357e+01,1.699924628089069856e+01,1.581854109580570267e+01,1.137959770858287811e-08,2.063710231539213069e+00,0.000000000000000000e+00
2.357283334352514861e-04,1.699994938406910805e+01,1.699924628469248589e+01,1.581785930418833530e+01,1.137959770858287811e-08,2.063710231539337414e+00,0.000000000000000000e+00
2.358283334352514885e-04,1.699994938406932476e+01,1.699924628845698749e+01,1.581717751257127702e+01,1.137232175096869469e-08,2.063710231539445772e+00,0.000000000000000000e+00
2.359283334352514909e-04,1.699994938406957345e+01,1.699924629218485705e+01,1.581649572095452072e+01,1.136504579335451126e-08,2.063710231539586104e+00,0.000000000000000000e+00
2.360283334352514934e-04,1.699994938406982925e+01,1.699924629587619407e+01,1.581581392933806995e+01,1.136504579335451126e-08,2.063710231539738871e+00,0.000000000000000000e+00
2.361283334352514958e-04,1.699994938407004597e+01,1.699924629953107313e+01,1.581513213772193183e+01,1.137959770858287811e-08,2.063710231539849005e+00,0.000000000000000000e+00
2.362283334352514982e-04,1.699994938407028755e+01,1.699924630315037888e+01,1.581445034610609923e+01,1.137232175096869469e-08,2.063710231539985784e+00,0.000000000000000000e+00
2.363283334352515007e-04,1.699994938407051492e+01,1.699924630673395853e+01,1.581376855449057928e+01,1.137959770858287811e-08,2.063710231540111906e+00,0.000000000000000000e+00
2.364283334352515031e-04,1.699994938407073164e+01,1.699924631028240185e+01,1.581308676287536485e+01,1.137959770858287811e-08,2.063710231540218487e+00,0.000000000000000000e+00
2.365283334352515055e-04,1.699994938407093770e+01,1.699924631379605344e+01,1.581240497126045952e+01,1.136504579335451126e-08,2.063710231540317963e+00,0.000000000000000000e+00
2.366283334352515080e-04,1.699994938407116152e+01,1.699924631727528279e+01,1.581172317964586149e+01,1.136504579335451126e-08,2.063710231540442308e+00,0.000000000000000000e+00
2.367283334352515104e-04,1.699994938407139955e+01,1.699924632072065123e+01,1.581104138803157255e+01,1.136504579335451126e-08,2.063710231540577311e+00,0.000000000000000000e+00
2.368283334352515128e-04,1.699994938407158784e+01,1.699924632413196690e+01,1.581035959641759092e+01,1.136504579335451126e-08,2.063710231540662576e+00,0.000000000000000000e+00
2.369283334352515152e-04,1.699994938407182588e+01,1.699924632751011799e+01,1.580967780480391482e+01,1.136504579335451126e-08,2.063710231540795803e+00,0.000000000000000000e+00
2.370283334352515177e-04,1.699994938407202838e+01,1.699924633085488423e+01,1.580899601319055137e+01,1.136504579335451126e-08,2.063710231540895279e+00,0.000000000000000000e+00
2.371283334352515201e-04,1.699994938407226996e+01,1.699924633416713959e+01,1.580831422157748989e+01,1.135776983574032784e-08,2.063710231541035611e+00,0.000000000000000000e+00
2.372283334352515225e-04,1.699994938407244049e+01,1.699924633744662472e+01,1.580763242996474105e+01,1.137232175096869469e-08,2.063710231541104889e+00,0.000000000000000000e+00
2.373283334352515250e-04,1.699994938407260392e+01,1.699924634069395424e+01,1.580695063835229774e+01,1.136504579335451126e-08,2.063710231541172391e+00,0.000000000000000000e+00
2.374283334352515274e-04,1.699994938407278866e+01,1.699924634390947276e+01,1.580626884674016708e+01,1.135776983574032784e-08,2.063710231541264761e+00,0.000000000000000000e+00
2.375283334352515298e-04,1.699994938407301603e+01,1.699924634709374516e+01,1.580558705512834194e+01,1.135776983574032784e-08,2.063710231541394435e+00,0.000000000000000000e+00
2.376283334352515323e-04,1.699994938407320433e+01,1.699924635024653341e+01,1.580490526351682590e+01,1.135776983574032784e-08,2.063710231541490359e+00,0.000000000000000000e+00
2.377283334352515347e-04,1.699994938407340683e+01,1.699924635336843082e+01,1.580422347190561894e+01,1.136504579335451126e-08,2.063710231541598716e+00,0.000000000000000000e+00
2.378283334352515371e-04,1.699994938407363776e+01,1.699924635645998450e+01,1.580354168029471751e+01,1.136504579335451126e-08,2.063710231541740825e+00,0.000000000000000000e+00
2.379283334352515396e-04,1.699994938407384382e+01,1.699924635952097418e+01,1.580285988868411806e+01,1.136504579335451126e-08,2.063710231541859841e+00,0.000000000000000000e+00
2.380283334352515420e-04,1.699994938407407119e+01,1.699924636255221344e+01,1.580217809707383481e+01,1.135776983574032784e-08,2.063710231541989515e+00,0.000000000000000000e+00
2.381283334352515444e-04,1.699994938407425593e+01,1.699924636555346780e+01,1.580149630546385708e+01,1.135776983574032784e-08,2.063710231542087215e+00,0.000000000000000000e+00
2.382283334352515468e-04,1.699994938407444778e+01,1.699924636852530924e+01,1.580081451385419200e+01,1.135776983574032784e-08,2.063710231542192020e+00,0.000000000000000000e+00
2.383283334352515493e-04,1.699994938407467870e+01,1.699924637146829554e+01,1.580013272224482890e+01,1.134321792051196098e-08,2.063710231542339457e+00,0.000000000000000000e+00
2.384283334352515517e-04,1.699994938407486345e+01,1.699924637438238761e+01,1.579945093063577488e+01,1.135776983574032784e-08,2.063710231542435380e+00,0.000000000000000000e+00
2.385283334352515541e-04,1.699994938407501976e+01,1.699924637726765297e+01,1.579876913902703350e+01,1.136504579335451126e-08,2.063710231542511764e+00,0.000000000000000000e+00
2.386283334352515566e-04,1.699994938407517964e+01,1.699924638012464229e+01,1.579808734741860121e+01,1.137232175096869469e-08,2.063710231542581042e+00,0.000000000000000000e+00
2.387283334352515590e-04,1.699994938407534661e+01,1.699924638295362911e+01,1.579740555581047445e+01,1.135776983574032784e-08,2.063710231542664530e+00,0.000000000000000000e+00
2.388283334352515614e-04,1.699994938407552070e+01,1.699924638575489766e+01,1.579672376420266211e+01,1.135776983574032784e-08,2.063710231542753348e+00,0.000000000000000000e+00
2.389283334352515639e-04,1.699994938407572320e+01,1.699924638852897374e+01,1.579604197259515175e+01,1.134321792051196098e-08,2.063710231542872364e+00,0.000000000000000000e+00
2.390283334352515663e-04,1.699994938407586531e+01,1.699924639127555892e+01,1.579536018098795225e+01,1.135776983574032784e-08,2.063710231542932760e+00,0.000000000000000000e+00
2.391283334352515687e-04,1.699994938407604295e+01,1.699924639399549164e+01,1.579467838938105828e+01,1.135049387812614441e-08,2.063710231543034013e+00,0.000000000000000000e+00
2.392283334352515712e-04,1.699994938407619216e+01,1.699924639668850190e+01,1.579399659777447695e+01,1.135776983574032784e-08,2.063710231543105067e+00,0.000000000000000000e+00
2.393283334352515736e-04,1.699994938407639467e+01,1.699924639935540327e+01,1.579331480616819938e+01,1.134321792051196098e-08,2.063710231543229412e+00,0.000000000000000000e+00
2.394283334352515760e-04,1.699994938407655454e+01,1.699924640199589021e+01,1.579263301456223445e+01,1.135776983574032784e-08,2.063710231543311124e+00,0.000000000000000000e+00
2.395283334352515784e-04,1.699994938407673217e+01,1.699924640461074432e+01,1.579195122295657328e+01,1.135049387812614441e-08,2.063710231543410600e+00,0.000000000000000000e+00
2.396283334352515809e-04,1.699994938407686718e+01,1.699924640719969204e+01,1.579126943135121941e+01,1.135049387812614441e-08,2.063710231543470996e+00,0.000000000000000000e+00
2.397283334352515833e-04,1.699994938407701639e+01,1.699924640976326984e+01,1.579058763974617818e+01,1.135049387812614441e-08,2.063710231543543827e+00,0.000000000000000000e+00
2.398283334352515857e-04,1.699994938407717626e+01,1.699924641230172995e+01,1.578990584814144782e+01,1.135049387812614441e-08,2.063710231543629092e+00,0.000000000000000000e+00
2.399283334352515882e-04,1.699994938407734324e+01,1.699924641481531395e+01,1.578922405653702299e+01,1.135049387812614441e-08,2.063710231543725016e+00,0.000000000000000000e+00
2.400283334352515906e-04,1.699994938407754574e+01,1.699924641730452635e+01,1.578854226493290724e+01,1.135049387812614441e-08,2.063710231543849360e+00,0.000000000000000000e+00
2.401283334352515930e-04,1.699994938407773049e+01,1.699924641976909001e+01,1.578786047332910414e+01,1.135049387812614441e-08,2.063710231543968376e+00,0.000000000000000000e+00
2.402283334352515955e-04,1.699994938407792588e+01,1.699924642220974036e+01,1.578717868172560301e+01,1.135049387812614441e-08,2.063710231544089169e+00,0.000000000000000000e+00
2.403283334352515979e-04,1.699994938407807865e+01,1.699924642462619317e+01,1.578649689012241097e+01,1.134321792051196098e-08,2.063710231544172657e+00,0.000000000000000000e+00
2.404283334352516003e-04,1.699994938407824563e+01,1.699924642701920874e+01,1.578581509851952802e+01,1.135049387812614441e-08,2.063710231544261475e+00,0.000000000000000000e+00
2.405283334352516028e-04,1.699994938407838063e+01,1.699924642938850283e+01,1.578513330691695415e+01,1.134321792051196098e-08,2.063710231544330753e+00,0.000000000000000000e+00
2.406283334352516052e-04,1.699994938407852985e+01,1.699924643173458705e+01,1.578445151531468937e+01,1.134321792051196098e-08,2.063710231544408913e+00,0.000000000000000000e+00
2.407283334352516076e-04,1.699994938407871459e+01,1.699924643405794811e+01,1.578376972371273013e+01,1.134321792051196098e-08,2.063710231544524376e+00,0.000000000000000000e+00
2.408283334352516100e-04,1.699994938407887801e+01,1.699924643635827692e+01,1.578308793211108529e+01,1.135776983574032784e-08,2.063710231544614970e+00,0.000000000000000000e+00
2.409283334352516125e-04,1.699994938407904854e+01,1.699924643863606377e+01,1.578240614050974244e+01,1.133594196289777756e-08,2.063710231544721552e+00,0.000000000000000000e+00
2.410283334352516149e-04,1.699994938407919420e+01,1.699924644089150405e+01,1.578172434890871401e+01,1.133594196289777756e-08,2.063710231544797935e+00,0.000000000000000000e+00
2.411283334352516173e-04,1.699994938407934697e+01,1.699924644312507382e+01,1.578104255730799466e+01,1.134321792051196098e-08,2.063710231544883200e+00,0.000000000000000000e+00
2.412283334352516198e-04,1.699994938407947842e+01,1.699924644533649598e+01,1.578036076570758084e+01,1.134321792051196098e-08,2.063710231544950702e+00,0.000000000000000000e+00
2.413283334352516222e-04,1.699994938407964540e+01,1.699924644752651304e+01,1.577967897410747611e+01,1.133594196289777756e-08,2.063710231545046625e+00,0.000000000000000000e+00
2.414283334352516246e-04,1.699994938407977330e+01,1.699924644969479459e+01,1.577899718250767691e+01,1.132866600528359413e-08,2.063710231545112350e+00,0.000000000000000000e+00
2.415283334352516271e-04,1.699994938407990475e+01,1.699924645184182381e+01,1.577831539090818680e+01,1.133594196289777756e-08,2.063710231545179852e+00,0.000000000000000000e+00
2.416283334352516295e-04,1.699994938408006107e+01,1.699924645396807321e+01,1.577763359930900222e+01,1.132139004766941071e-08,2.063710231545266893e+00,0.000000000000000000e+00
2.417283334352516319e-04,1.699994938408018896e+01,1.699924645607321594e+01,1.577695180771012673e+01,1.133594196289777756e-08,2.063710231545334395e+00,0.000000000000000000e+00
2.418283334352516344e-04,1.699994938408030620e+01,1.699924645815771029e+01,1.577627001611156388e+01,1.132139004766941071e-08,2.063710231545387686e+00,0.000000000000000000e+00
2.419283334352516368e-04,1.699994938408046607e+01,1.699924646022204300e+01,1.577558822451330833e+01,1.132866600528359413e-08,2.063710231545487161e+00,0.000000000000000000e+00
2.420283334352516392e-04,1.699994938408059042e+01,1.699924646226587654e+01,1.577490643291536188e+01,1.133594196289777756e-08,2.063710231545549334e+00,0.000000000000000000e+00
2.421283334352516416e-04,1.699994938408076095e+01,1.699924646428996056e+01,1.577422464131772628e+01,1.132866600528359413e-08,2.063710231545661244e+00,0.000000000000000000e+00
2.422283334352516441e-04,1.699994938408091016e+01,1.699924646629394687e+01,1.577354284972039622e+01,1.133594196289777756e-08,2.063710231545753615e+00,0.000000000000000000e+00
2.423283334352516465e-04,1.699994938408105583e+01,1.699924646827829022e+01,1.577286105812337880e+01,1.132866600528359413e-08,2.063710231545838880e+00,0.000000000000000000e+00
2.424283334352516489e-04,1.699994938408121214e+01,1.699924647024342406e+01,1.577217926652666335e+01,1.132139004766941071e-08,2.063710231545933027e+00,0.000000000000000000e+00
2.425283334352516514e-04,1.699994938408132938e+01,1.699924647218902507e+01,1.577149747493026410e+01,1.132866600528359413e-08,2.063710231545991647e+00,0.000000000000000000e+00
2.426283334352516538e-04,1.699994938408143597e+01,1.699924647411554801e+01,1.577081568333417039e+01,1.132866600528359413e-08,2.063710231546039608e+00,0.000000000000000000e+00
2.427283334352516562e-04,1.699994938408158518e+01,1.699924647602346184e+01,1.577013389173838576e+01,1.132866600528359413e-08,2.063710231546133755e+00,0.000000000000000000e+00
2.428283334352516587e-04,1.699994938408169531e+01,1.699924647791240062e+01,1.576945210014291021e+01,1.133594196289777756e-08,2.063710231546183493e+00,0.000000000000000000e+00
2.429283334352516611e-04,1.699994938408180545e+01,1.699924647978282621e+01,1.576877030854774375e+01,1.132866600528359413e-08,2.063710231546240337e+00,0.000000000000000000e+00
2.430283334352516635e-04,1.699994938408197243e+01,1.699924648163520402e+01,1.576808851695288638e+01,1.131411409005522728e-08,2.063710231546357576e+00,0.000000000000000000e+00
2.431283334352516659e-04,1.699994938408209322e+01,1.699924648346914324e+01,1.576740672535833632e+01,1.132139004766941071e-08,2.063710231546423302e+00,0.000000000000000000e+00
2.432283334352516684e-04,1.699994938408226020e+01,1.699924648528539350e+01,1.576672493376409534e+01,1.132139004766941071e-08,2.063710231546535212e+00,0.000000000000000000e+00
2.433283334352516708e-04,1.699994938408238454e+01,1.699924648708356401e+01,1.576604314217016167e+01,1.132139004766941071e-08,2.063710231546600937e+00,0.000000000000000000e+00
2.434283334352516732e-04,1.699994938408249112e+01,1.699924648886409528e+01,1.576536135057654064e+01,1.132866600528359413e-08,2.063710231546650675e+00,0.000000000000000000e+00
2.435283334352516757e-04,1.699994938408258349e+01,1.699924649062715787e+01,1.576467955898322870e+01,1.132139004766941071e-08,2.063710231546695084e+00,0.000000000000000000e+00
2.436283334352516781e-04,1.699994938408273626e+01,1.699924649237323493e+01,1.576399776739022229e+01,1.131411409005522728e-08,2.063710231546792784e+00,0.000000000000000000e+00
2.437283334352516805e-04,1.699994938408287481e+01,1.699924649410218436e+01,1.576331597579752852e+01,1.132139004766941071e-08,2.063710231546881602e+00,0.000000000000000000e+00
2.438283334352516830e-04,1.699994938408294942e+01,1.699924649581365799e+01,1.576263418420514739e+01,1.133594196289777756e-08,2.063710231546906471e+00,0.000000000000000000e+00
2.439283334352516854e-04,1.699994938408305956e+01,1.699924649750862216e+01,1.576195239261306646e+01,1.132139004766941071e-08,2.063710231546966867e+00,0.000000000000000000e+00
2.440283334352516878e-04,1.699994938408321232e+01,1.699924649918725095e+01,1.576127060102129462e+01,1.132139004766941071e-08,2.063710231547068119e+00,0.000000000000000000e+00
2.441283334352516903e-04,1.699994938408336509e+01,1.699924650084942357e+01,1.576058880942983365e+01,1.132139004766941071e-08,2.063710231547176477e+00,0.000000000000000000e+00
2.442283334352516656e-04,1.699994938408347522e+01,1.699924650249502989e+01,1.575990701783868531e+01,1.132866600528359413e-08,2.063710231547235097e+00,0.000000000000000000e+00
2.443283334352516680e-04,1.699994938408362444e+01,1.699924650412478400e+01,1.575922522624784250e+01,1.131411409005522728e-08,2.063710231547345231e+00,0.000000000000000000e+00
2.444283334352516704e-04,1.699994938408371326e+01,1.699924650573827023e+01,1.575854343465730878e+01,1.131411409005522728e-08,2.063710231547386087e+00,0.000000000000000000e+00
2.445283334352516729e-04,1.699994938408382694e+01,1.699924650733620268e+01,1.575786164306708237e+01,1.131411409005522728e-08,2.063710231547451812e+00,0.000000000000000000e+00
2.446283334352516753e-04,1.699994938408390865e+01,1.699924650891820477e+01,1.575717985147717037e+01,1.132866600528359413e-08,2.063710231547489116e+00,0.000000000000000000e+00
2.447283334352516777e-04,1.699994938408397971e+01,1.699924651048468860e+01,1.575649805988756569e+01,1.132139004766941071e-08,2.063710231547512208e+00,0.000000000000000000e+00
2.448283334352516802e-04,1.699994938408406853e+01,1.699924651203583892e+01,1.575581626829826476e+01,1.131411409005522728e-08,2.063710231547554841e+00,0.000000000000000000e+00
2.449283334352516826e-04,1.699994938408417156e+01,1.699924651357180139e+01,1.575513447670927292e+01,1.132139004766941071e-08,2.063710231547611684e+00,0.000000000000000000e+00
2.450283334352516850e-04,1.699994938408428169e+01,1.699924651509271456e+01,1.575445268512059016e+01,1.130683813244104385e-08,2.063710231547673857e+00,0.000000000000000000e+00
2.451283334352516875e-04,1.699994938408442380e+01,1.699924651659898345e+01,1.575377089353220939e+01,1.129956217482686043e-08,2.063710231547769780e+00,0.000000000000000000e+00
2.452283334352516899e-04,1.699994938408454814e+01,1.699924651809047660e+01,1.575308910194414302e+01,1.131411409005522728e-08,2.063710231547846163e+00,0.000000000000000000e+00
2.453283334352516923e-04,1.699994938408465117e+01,1.699924651956709809e+01,1.575240731035638575e+01,1.130683813244104385e-08,2.063710231547906560e+00,0.000000000000000000e+00
2.454283334352516948e-04,1.699994938408475065e+01,1.699924652102924227e+01,1.575172551876894111e+01,1.129956217482686043e-08,2.063710231547961627e+00,0.000000000000000000e+00
2.455283334352516972e-04,1.699994938408483947e+01,1.699924652247704415e+01,1.575104372718180379e+01,1.130683813244104385e-08,2.063710231548002483e+00,0.000000000000000000e+00
2.456283334352516996e-04,1.699994938408497092e+01,1.699924652391093716e+01,1.575036193559496844e+01,1.129956217482686043e-08,2.063710231548098406e+00,0.000000000000000000e+00
2.457283334352517020e-04,1.699994938408510947e+01,1.699924652533077918e+01,1.574968014400844751e+01,1.129956217482686043e-08,2.063710231548199658e+00,0.000000000000000000e+00
2.458283334352517045e-04,1.699994938408519118e+01,1.699924652673641390e+01,1.574899835242224100e+01,1.130683813244104385e-08,2.063710231548236962e+00,0.000000000000000000e+00
2.459283334352517069e-04,1.699994938408527645e+01,1.699924652812827475e+01,1.574831656083634002e+01,1.131411409005522728e-08,2.063710231548279594e+00,0.000000000000000000e+00
2.460283334352517093e-04,1.699994938408537237e+01,1.699924652950650383e+01,1.574763476925074634e+01,1.129956217482686043e-08,2.063710231548334662e+00,0.000000000000000000e+00
2.461283334352517118e-04,1.699994938408550738e+01,1.699924653087149906e+01,1.574695297766546354e+01,1.130683813244104385e-08,2.063710231548421703e+00,0.000000000000000000e+00
2.462283334352517142e-04,1.699994938408561040e+01,1.699924653222284832e+01,1.574627118608049159e+01,1.131411409005522728e-08,2.063710231548482099e+00,0.000000000000000000e+00
2.463283334352517166e-04,1.699994938408573830e+01,1.699924653356121595e+01,1.574558939449582873e+01,1.130683813244104385e-08,2.063710231548565588e+00,0.000000000000000000e+00
2.464283334352517191e-04,1.699994938408581646e+01,1.699924653488618631e+01,1.574490760291147140e+01,1.130683813244104385e-08,2.063710231548601115e+00,0.000000000000000000e+00
2.465283334352517215e-04,1.699994938408589107e+01,1.699924653619816439e+01,1.574422581132742671e+01,1.130683813244104385e-08,2.063710231548631313e+00,0.000000000000000000e+00
2.466283334352517239e-04,1.699994938408600120e+01,1.699924653749755166e+01,1.574354401974368756e+01,1.129956217482686043e-08,2.063710231548698815e+00,0.000000000000000000e+00
2.467283334352517263e-04,1.699994938408606160e+01,1.699924653878391823e+01,1.574286222816025749e+01,1.130683813244104385e-08,2.063710231548716578e+00,0.000000000000000000e+00
2.468283334352517288e-04,1.699994938408612910e+01,1.699924654005768332e+01,1.574218043657713828e+01,1.129228621721267700e-08,2.063710231548745000e+00,0.000000000000000000e+00
2.469283334352517312e-04,1.699994938408620015e+01,1.699924654131896773e+01,1.574149864499432638e+01,1.129228621721267700e-08,2.063710231548778751e+00,0.000000000000000000e+00
2.470283334352517336e-04,1.699994938408631384e+01,1.699924654256816581e+01,1.574081685341182357e+01,1.129228621721267700e-08,2.063710231548853358e+00,0.000000000000000000e+00
2.471283334352517361e-04,1.699994938408640266e+01,1.699924654380486544e+01,1.574013506182963162e+01,1.129228621721267700e-08,2.063710231548910201e+00,0.000000000000000000e+00
2.472283334352517385e-04,1.699994938408653411e+01,1.699924654502972032e+01,1.573945327024774521e+01,1.129956217482686043e-08,2.063710231549004348e+00,0.000000000000000000e+00
2.473283334352517409e-04,1.699994938408663359e+01,1.699924654624230413e+01,1.573877147866617143e+01,1.129956217482686043e-08,2.063710231549066521e+00,0.000000000000000000e+00
2.474283334352517434e-04,1.699994938408673661e+01,1.699924654744300767e+01,1.573808968708490497e+01,1.129956217482686043e-08,2.063710231549132246e+00,0.000000000000000000e+00
2.475283334352517458e-04,1.699994938408686451e+01,1.699924654863220042e+01,1.573740789550394936e+01,1.129228621721267700e-08,2.063710231549221064e+00,0.000000000000000000e+00
2.476283334352517482e-04,1.699994938408697109e+01,1.699924654980948446e+01,1.573672610392330284e+01,1.129956217482686043e-08,2.063710231549288565e+00,0.000000000000000000e+00
2.477283334352517507e-04,1.699994938408708833e+01,1.699924655097547799e+01,1.573604431234296719e+01,1.129956217482686043e-08,2.063710231549368501e+00,0.000000000000000000e+00
2.478283334352517531e-04,1.699994938408718426e+01,1.699924655212978308e+01,1.573536252076294062e+01,1.129956217482686043e-08,2.063710231549436003e+00,0.000000000000000000e+00
2.479283334352517555e-04,1.699994938408726597e+01,1.699924655327276213e+01,1.573468072918321958e+01,1.129228621721267700e-08,2.063710231549482188e+00,0.000000000000000000e+00
2.480283334352517579e-04,1.699994938408736544e+01,1.699924655440479526e+01,1.573399893760381119e+01,1.129228621721267700e-08,2.063710231549551466e+00,0.000000000000000000e+00
2.481283334352517604e-04,1.699994938408742229e+01,1.699924655552545616e+01,1.573331714602471365e+01,1.129228621721267700e-08,2.063710231549576335e+00,0.000000000000000000e+00
2.482283334352517628e-04,1.699994938408752887e+01,1.699924655663541628e+01,1.573263535444592520e+01,1.129228621721267700e-08,2.063710231549656271e+00,0.000000000000000000e+00
2.483283334352517652e-04,1.699994938408759282e+01,1.699924655773422444e+01,1.573195356286744584e+01,1.130683813244104385e-08,2.063710231549691798e+00,0.000000000000000000e+00
2.484283334352517677e-04,1.699994938408766387e+01,1.699924655882226787e+01,1.573127177128927556e+01,1.129228621721267700e-08,2.063710231549730878e+00,0.000000000000000000e+00
2.485283334352517701e-04,1.699994938408773848e+01,1.699924655989964606e+01,1.573058997971140727e+01,1.128501025959849358e-08,2.063710231549771734e+00,0.000000000000000000e+00
2.486283334352517725e-04,1.699994938408782730e+01,1.699924656096671782e+01,1.572990818813384806e+01,1.129228621721267700e-08,2.063710231549825025e+00,0.000000000000000000e+00
2.487283334352517750e-04,1.699994938408788769e+01,1.699924656202307105e+01,1.572922639655660149e+01,1.128501025959849358e-08,2.063710231549858776e+00,0.000000000000000000e+00
2.488283334352517774e-04,1.699994938408798362e+01,1.699924656306934168e+01,1.572854460497966222e+01,1.128501025959849358e-08,2.063710231549924501e+00,0.000000000000000000e+00
2.489283334352517798e-04,1.699994938408807243e+01,1.699924656410512824e+01,1.572786281340303560e+01,1.129228621721267700e-08,2.063710231549988450e+00,0.000000000000000000e+00
2.490283334352517823e-04,1.699994938408819678e+01,1.699924656513102050e+01,1.572718102182671629e+01,1.127773430198431015e-08,2.063710231550075491e+00,0.000000000000000000e+00
2.491283334352517847e-04,1.699994938408828205e+01,1.699924656614658858e+01,1.572649923025070606e+01,1.128501025959849358e-08,2.063710231550134111e+00,0.000000000000000000e+00
2.492283334352517871e-04,1.699994938408837442e+01,1.699924656715221261e+01,1.572581743867500848e+01,1.128501025959849358e-08,2.063710231550199836e+00,0.000000000000000000e+00
2.493283334352517895e-04,1.699994938408847034e+01,1.699924656814798141e+01,1.572513564709961642e+01,1.128501025959849358e-08,2.063710231550260232e+00,0.000000000000000000e+00
2.494283334352517920e-04,1.699994938408858403e+01,1.699924656913424670e+01,1.572445385552452990e+01,1.127773430198431015e-08,2.063710231550341945e+00,0.000000000000000000e+00
2.495283334352517944e-04,1.699994938408864442e+01,1.699924657011055729e+01,1.572377206394975246e+01,1.129228621721267700e-08,2.063710231550372143e+00,0.000000000000000000e+00
2.496283334352517968e-04,1.699994938408874390e+01,1.699924657107757398e+01,1.572309027237528412e+01,1.127773430198431015e-08,2.063710231550443197e+00,0.000000000000000000e+00
2.497283334352517993e-04,1.699994938408879364e+01,1.699924657203483847e+01,1.572240848080113196e+01,1.128501025959849358e-08,2.063710231550457408e+00,0.000000000000000000e+00
2.498283334352518017e-04,1.699994938408883982e+01,1.699924657298271669e+01,1.572172668922728711e+01,1.127773430198431015e-08,2.063710231550471619e+00,0.000000000000000000e+00
2.499283334352518041e-04,1.699994938408888956e+01,1.699924657392130811e+01,1.572104489765375135e+01,1.128501025959849358e-08,2.063710231550496488e+00,0.000000000000000000e+00
2.500283334352518066e-04,1.699994938408900325e+01,1.699924657485099289e+01,1.572036310608052645e+01,1.127773430198431015e-08,2.063710231550581753e+00,0.000000000000000000e+00
2.501283334352518090e-04,1.699994938408908851e+01,1.699924657577130915e+01,1.571968131450761064e+01,1.128501025959849358e-08,2.063710231550635044e+00,0.000000000000000000e+00
2.502283334352518114e-04,1.699994938408920220e+01,1.699924657668287153e+01,1.571899952293500036e+01,1.128501025959849358e-08,2.063710231550713203e+00,0.000000000000000000e+00
2.503283334352518139e-04,1.699994938408924128e+01,1.699924657758495528e+01,1.571831773136270627e+01,1.128501025959849358e-08,2.063710231550718532e+00,0.000000000000000000e+00
2.504283334352518163e-04,1.699994938408937273e+01,1.699924657847876119e+01,1.571763593979071061e+01,1.127045834437012672e-08,2.063710231550830443e+00,0.000000000000000000e+00
2.505283334352518187e-04,1.699994938408947931e+01,1.699924657936378125e+01,1.571695414821902759e+01,1.127773430198431015e-08,2.063710231550903274e+00,0.000000000000000000e+00
2.506283334352518211e-04,1.699994938408955036e+01,1.699924658023986268e+01,1.571627235664765720e+01,1.128501025959849358e-08,2.063710231550945906e+00,0.000000000000000000e+00
2.507283334352518236e-04,1.699994938408965695e+01,1.699924658110762365e+01,1.571559056507659236e+01,1.127045834437012672e-08,2.063710231551025842e+00,0.000000000000000000e+00
2.508283334352518260e-04,1.699994938408968181e+01,1.699924658196633231e+01,1.571490877350584192e+01,1.128501025959849358e-08,2.063710231551022289e+00,0.000000000000000000e+00
2.509283334352518284e-04,1.699994938408979195e+01,1.699924658281717882e+01,1.571422698193539702e+01,1.126318238675594330e-08,2.063710231551111107e+00,0.000000000000000000e+00
2.510283334352518309e-04,1.699994938408986656e+01,1.699924658365941710e+01,1.571354519036525943e+01,1.127773430198431015e-08,2.063710231551160845e+00,0.000000000000000000e+00
2.511283334352518333e-04,1.699994938408993050e+01,1.699924658449339532e+01,1.571286339879543448e+01,1.127773430198431015e-08,2.063710231551198149e+00,0.000000000000000000e+00
2.512283334352518357e-04,1.699994938409008682e+01,1.699924658531976007e+01,1.571218160722591861e+01,1.127045834437012672e-08,2.063710231551331375e+00,0.000000000000000000e+00
2.513283334352518382e-04,1.699994938409010459e+01,1.699924658613718620e+01,1.571149981565671183e+01,1.127773430198431015e-08,2.063710231551318941e+00,0.000000000000000000e+00
2.514283334352518406e-04,1.699994938409018630e+01,1.699924658694713031e+01,1.571081802408781414e+01,1.126318238675594330e-08,2.063710231551375784e+00,0.000000000000000000e+00
2.515283334352518430e-04,1.699994938409026446e+01,1.699924658774913411e+01,1.571013623251922553e+01,1.127773430198431015e-08,2.063710231551429075e+00,0.000000000000000000e+00
2.516283334352518455e-04,1.699994938409029643e+01,1.699924658854300574e+01,1.570945444095094956e+01,1.127773430198431015e-08,2.063710231551430851e+00,0.000000000000000000e+00
2.517283334352518479e-04,1.699994938409034972e+01,1.699924658932911470e+01,1.570877264938297913e+01,1.126318238675594330e-08,2.063710231551464602e+00,0.000000000000000000e+00
2.518283334352518503e-04,1.699994938409042788e+01,1.699924659010778427e+01,1.570809085781531778e+01,1.127045834437012672e-08,2.063710231551517893e+00,0.000000000000000000e+00
2.519283334352518527e-04,1.699994938409046341e+01,1.699924659087854550e+01,1.570740906624796729e+01,1.127045834437012672e-08,2.063710231551528551e+00,0.000000000000000000e+00
2.520283334352518552e-04,1.699994938409051670e+01,1.699924659164177498e+01,1.570672727468092766e+01,1.127045834437012672e-08,2.063710231551556973e+00,0.000000000000000000e+00
2.521283334352518576e-04,1.699994938409056999e+01,1.699924659239751890e+01,1.570604548311419535e+01,1.126318238675594330e-08,2.063710231551587171e+00,0.000000000000000000e+00
2.522283334352518600e-04,1.699994938409065526e+01,1.699924659314612541e+01,1.570536369154777212e+01,1.127045834437012672e-08,2.063710231551651120e+00,0.000000000000000000e+00
2.523283334352518625e-04,1.699994938409074408e+01,1.699924659388739556e+01,1.570468189998165798e+01,1.126318238675594330e-08,2.063710231551716845e+00,0.000000000000000000e+00
2.524283334352518649e-04,1.699994938409075118e+01,1.699924659462085330e+01,1.570400010841586180e+01,1.128501025959849358e-08,2.063710231551702634e+00,0.000000000000000000e+00
2.525283334352518673e-04,1.699994938409084710e+01,1.699924659534767812e+01,1.570331831685036938e+01,1.125590642914175987e-08,2.063710231551780794e+00,0.000000000000000000e+00
2.526283334352518698e-04,1.699994938409090750e+01,1.699924659606711685e+01,1.570263652528517895e+01,1.125590642914175987e-08,2.063710231551819874e+00,0.000000000000000000e+00
2.527283334352518722e-04,1.699994938409098211e+01,1.699924659677951766e+01,1.570195473372029937e+01,1.125590642914175987e-08,2.063710231551880270e+00,0.000000000000000000e+00
2.528283334352518746e-04,1.699994938409108158e+01,1.699924659748519318e+01,1.570127294215572888e+01,1.126318238675594330e-08,2.063710231551954877e+00,0.000000000000000000e+00
2.529283334352518771e-04,1.699994938409112777e+01,1.699924659818367090e+01,1.570059115059147103e+01,1.126318238675594330e-08,2.063710231551979746e+00,0.000000000000000000e+00
2.530283334352518795e-04,1.699994938409123080e+01,1.699924659887559741e+01,1.569990935902752227e+01,1.125590642914175987e-08,2.063710231552066787e+00,0.000000000000000000e+00
2.531283334352518819e-04,1.699994938409130185e+01,1.699924659956047535e+01,1.569922756746388615e+01,1.126318238675594330e-08,2.063710231552120078e+00,0.000000000000000000e+00
2.532283334352518843e-04,1.699994938409135514e+01,1.699924660023862444e+01,1.569854577590055911e+01,1.125590642914175987e-08,2.063710231552146723e+00,0.000000000000000000e+00
2.533283334352518868e-04,1.699994938409139422e+01,1.699924660091011575e+01,1.569786398433753760e+01,1.126318238675594330e-08,2.063710231552166263e+00,0.000000000000000000e+00
2.534283334352518892e-04,1.699994938409151501e+01,1.699924660157534007e+01,1.569718219277482341e+01,1.124863047152757645e-08,2.063710231552274621e+00,0.000000000000000000e+00
2.535283334352518916e-04,1.699994938409162515e+01,1.699924660223404160e+01,1.569650040121242185e+01,1.125590642914175987e-08,2.063710231552365215e+00,0.000000000000000000e+00
2.536283334352518941e-04,1.699994938409167844e+01,1.699924660288600009e+01,1.569581860965032760e+01,1.126318238675594330e-08,2.063710231552397190e+00,0.000000000000000000e+00
2.537283334352518965e-04,1.699994938409174239e+01,1.699924660353157435e+01,1.569513681808854422e+01,1.127045834437012672e-08,2.063710231552443375e+00,0.000000000000000000e+00
2.538283334352518989e-04,1.699994938409180278e+01,1.699924660417082123e+01,1.569445502652706637e+01,1.125590642914175987e-08,2.063710231552480678e+00,0.000000000000000000e+00
2.539283334352519014e-04,1.699994938409186318e+01,1.699924660480380112e+01,1.569377323496590293e+01,1.125590642914175987e-08,2.063710231552517982e+00,0.000000000000000000e+00
2.540283334352519038e-04,1.699994938409193068e+01,1.699924660543081956e+01,1.569309144340504147e+01,1.124863047152757645e-08,2.063710231552567720e+00,0.000000000000000000e+00
2.541283334352519062e-04,1.699994938409197687e+01,1.699924660605143956e+01,1.569240965184449443e+01,1.125954440794885159e-08,2.063710231552596142e+00,0.000000000000000000e+00
2.542283334352519087e-04,1.699994938409203726e+01,1.699924660666623666e+01,1.569172786028426003e+01,1.125226845033466816e-08,2.063710231552635221e+00,0.000000000000000000e+00
2.543283334352519111e-04,1.699994938409206569e+01,1.699924660727474546e+01,1.569104606872433472e+01,1.127045834437012672e-08,2.063710231552638774e+00,0.000000000000000000e+00
2.544283334352519135e-04,1.699994938409215450e+01,1.699924660787758413e+01,1.569036427716471493e+01,1.125590642914175987e-08,2.063710231552715157e+00,0.000000000000000000e+00
2.545283334352519159e-04,1.699994938409219003e+01,1.699924660847423041e+01,1.568968248560540601e+01,1.125590642914175987e-08,2.063710231552736474e+00,0.000000000000000000e+00
2.546283334352519184e-04,1.699994938409223622e+01,1.699924660906504315e+01,1.568900069404640440e+01,1.125226845033466816e-08,2.063710231552766672e+00,0.000000000000000000e+00
2.547283334352519208e-04,1.699994938409230016e+01,1.699924660965031720e+01,1.568831890248771010e+01,1.124499249272048473e-08,2.063710231552803975e+00,0.000000000000000000e+00
2.548283334352519232e-04,1.699994938409236767e+01,1.699924661022986072e+01,1.568763711092932844e+01,1.125226845033466816e-08,2.063710231552855490e+00,0.000000000000000000e+00
2.549283334352519257e-04,1.699994938409237122e+01,1.699924661080319055e+01,1.568695531937125764e+01,1.126318238675594330e-08,2.063710231552843055e+00,0.000000000000000000e+00
2.550283334352519281e-04,1.699994938409246714e+01,1.699924661137145421e+01,1.568627352781349238e+01,1.124499249272048473e-08,2.063710231552921215e+00,0.000000000000000000e+00
2.551283334352519305e-04,1.699994938409252043e+01,1.699924661193388076e+01,1.568559173625604153e+01,1.125226845033466816e-08,2.063710231552960295e+00,0.000000000000000000e+00
2.552283334352519330e-04,1.699994938409260570e+01,1.699924661249106350e+01,1.568490994469889976e+01,1.125226845033466816e-08,2.063710231553031349e+00,0.000000000000000000e+00
2.553283334352519354e-04,1.699994938409262701e+01,1.699924661304225992e+01,1.568422815314207241e+01,1.126318238675594330e-08,2.063710231553038454e+00,0.000000000000000000e+00
2.554283334352519378e-04,1.699994938409270517e+01,1.699924661358857492e+01,1.568354636158555060e+01,1.124135451391339302e-08,2.063710231553102403e+00,0.000000000000000000e+00
2.555283334352519403e-04,1.699994938409276912e+01,1.699924661412952176e+01,1.568286457002933787e+01,1.124863047152757645e-08,2.063710231553148589e+00,0.000000000000000000e+00
2.556283334352519427e-04,1.699994938409280465e+01,1.699924661466491216e+01,1.568218277847343423e+01,1.124863047152757645e-08,2.063710231553166352e+00,0.000000000000000000e+00
2.557283334352519451e-04,1.699994938409287926e+01,1.699924661519532521e+01,1.568150098691783256e+01,1.123407855629920959e-08,2.063710231553226748e+00,0.000000000000000000e+00
2.558283334352519475e-04,1.699994938409292899e+01,1.699924661572028839e+01,1.568081919536254887e+01,1.124863047152757645e-08,2.063710231553256946e+00,0.000000000000000000e+00
2.559283334352519500e-04,1.699994938409296807e+01,1.699924661624009303e+01,1.568013740380757071e+01,1.124135451391339302e-08,2.063710231553280039e+00,0.000000000000000000e+00
2.560283334352519524e-04,1.699994938409304623e+01,1.699924661675508020e+01,1.567945561225290518e+01,1.124863047152757645e-08,2.063710231553351093e+00,0.000000000000000000e+00
2.561283334352519548e-04,1.699994938409307821e+01,1.699924661726474184e+01,1.567877382069854875e+01,1.125226845033466816e-08,2.063710231553363528e+00,0.000000000000000000e+00
2.562283334352519573e-04,1.699994938409313860e+01,1.699924661776944035e+01,1.567809202914450140e+01,1.124863047152757645e-08,2.063710231553411489e+00,0.000000000000000000e+00
2.563283334352519597e-04,1.699994938409323453e+01,1.699924661826946704e+01,1.567741023759075780e+01,1.123407855629920959e-08,2.063710231553496754e+00,0.000000000000000000e+00
2.564283334352519621e-04,1.699994938409326295e+01,1.699924661876405807e+01,1.567672844603732685e+01,1.124135451391339302e-08,2.063710231553509189e+00,0.000000000000000000e+00
2.565283334352519646e-04,1.699994938409335532e+01,1.699924661925433611e+01,1.567604665448420498e+01,1.123771653510630131e-08,2.063710231553585572e+00,0.000000000000000000e+00
2.566283334352519670e-04,1.699994938409345124e+01,1.699924661973981443e+01,1.567536486293139042e+01,1.124135451391339302e-08,2.063710231553670837e+00,0.000000000000000000e+00
2.567283334352519694e-04,1.699994938409347611e+01,1.699924662022022304e+01,1.567468307137889028e+01,1.124863047152757645e-08,2.063710231553676167e+00,0.000000000000000000e+00
2.568283334352519718e-04,1.699994938409349032e+01,1.699924662069592429e+01,1.567400127982670099e+01,1.124135451391339302e-08,2.063710231553679719e+00,0.000000000000000000e+00
2.569283334352519743e-04,1.699994938409351874e+01,1.699924662116697505e+01,1.567331948827481902e+01,1.123771653510630131e-08,2.063710231553699259e+00,0.000000000000000000e+00
2.570283334352519767e-04,1.699994938409358625e+01,1.699924662163368438e+01,1.567263769672324614e+01,1.123407855629920959e-08,2.063710231553743668e+00,0.000000000000000000e+00
2.571283334352519791e-04,1.699994938409366441e+01,1.699924662209583204e+01,1.567195590517198234e+01,1.124499249272048473e-08,2.063710231553811170e+00,0.000000000000000000e+00
2.572283334352519816e-04,1.699994938409368572e+01,1.699924662255316576e+01,1.567127411362102762e+01,1.124135451391339302e-08,2.063710231553816499e+00,0.000000000000000000e+00
2.573283334352519840e-04,1.699994938409375322e+01,1.699924662300630374e+01,1.567059232207038200e+01,1.123044057749211788e-08,2.063710231553868013e+00,0.000000000000000000e+00
2.574283334352519864e-04,1.699994938409375322e+01,1.699924662345446436e+01,1.566991053052004901e+01,1.123407855629920959e-08,2.063710231553848473e+00,0.000000000000000000e+00
2.575283334352519889e-04,1.699994938409382783e+01,1.699924662389877028e+01,1.566922873897002333e+01,1.122680259868502617e-08,2.063710231553907093e+00,0.000000000000000000e+00
2.576283334352519913e-04,1.699994938409385981e+01,1.699924662433845057e+01,1.566854694742030674e+01,1.123407855629920959e-08,2.063710231553924856e+00,0.000000000000000000e+00
2.577283334352519937e-04,1.699994938409392731e+01,1.699924662477409143e+01,1.566786515587089568e+01,1.122680259868502617e-08,2.063710231553983476e+00,0.000000000000000000e+00
2.578283334352519962e-04,1.699994938409396283e+01,1.699924662520519902e+01,1.566718336432179548e+01,1.124135451391339302e-08,2.063710231554001240e+00,0.000000000000000000e+00
2.579283334352519986e-04,1.699994938409399836e+01,1.699924662563208955e+01,1.566650157277300615e+01,1.123407855629920959e-08,2.063710231554027885e+00,0.000000000000000000e+00
2.580283334352520010e-04,1.699994938409406586e+01,1.699924662605506498e+01,1.566581978122452412e+01,1.123044057749211788e-08,2.063710231554079400e+00,0.000000000000000000e+00
2.581283334352520034e-04,1.699994938409408718e+01,1.699924662647361728e+01,1.566513798967636184e+01,1.124135451391339302e-08,2.063710231554084729e+00,0.000000000000000000e+00
2.582283334352520059e-04,1.699994938409413692e+01,1.699924662688809818e+01,1.566445619812850154e+01,1.123044057749211788e-08,2.063710231554127361e+00,0.000000000000000000e+00
2.583283334352520083e-04,1.699994938409423284e+01,1.699924662729879188e+01,1.566377440658094500e+01,1.121952664107084274e-08,2.063710231554207297e+00,0.000000000000000000e+00
2.584283334352520107e-04,1.699994938409428258e+01,1.699924662770518324e+01,1.566309261503369754e+01,1.123407855629920959e-08,2.063710231554242824e+00,0.000000000000000000e+00
2.585283334352520132e-04,1.699994938409431455e+01,1.699924662810757781e+01,1.566241082348676450e+01,1.123044057749211788e-08,2.063710231554255259e+00,0.000000000000000000e+00
2.586283334352520156e-04,1.699994938409436074e+01,1.699924662850604662e+01,1.566172903194014054e+01,1.122680259868502617e-08,2.063710231554296115e+00,0.000000000000000000e+00
2.587283334352520180e-04,1.699994938409444600e+01,1.699924662890088456e+01,1.566104724039382567e+01,1.122316461987793446e-08,2.063710231554372498e+00,0.000000000000000000e+00
2.588283334352520205e-04,1.699994938409453127e+01,1.699924662929185359e+01,1.566036544884781989e+01,1.122680259868502617e-08,2.063710231554443553e+00,0.000000000000000000e+00
2.589283334352520229e-04,1.699994938409457745e+01,1.699924662967871924e+01,1.565968365730212497e+01,1.122316461987793446e-08,2.063710231554480856e+00,0.000000000000000000e+00
2.590283334352520253e-04,1.699994938409463074e+01,1.699924663006180481e+01,1.565900186575673914e+01,1.122680259868502617e-08,2.063710231554523489e+00,0.000000000000000000e+00
2.591283334352520278e-04,1.699994938409467693e+01,1.699924663044113515e+01,1.565832007421166594e+01,1.122316461987793446e-08,2.063710231554562569e+00,0.000000000000000000e+00
2.592283334352520302e-04,1.699994938409475154e+01,1.699924663081700515e+01,1.565763828266689828e+01,1.121588866226375103e-08,2.063710231554624741e+00,0.000000000000000000e+00
2.593283334352520326e-04,1.699994938409482614e+01,1.699924663118919810e+01,1.565695649112243970e+01,1.121952664107084274e-08,2.063710231554690466e+00,0.000000000000000000e+00
2.594283334352520350e-04,1.699994938409487233e+01,1.699924663155748661e+01,1.565627469957829376e+01,1.122680259868502617e-08,2.063710231554724217e+00,0.000000000000000000e+00
2.595283334352520375e-04,1.699994938409490786e+01,1.699924663192215846e+01,1.565559290803445691e+01,1.123044057749211788e-08,2.063710231554741981e+00,0.000000000000000000e+00
2.596283334352520399e-04,1.699994938409497891e+01,1.699924663228352273e+01,1.565491111649092559e+01,1.121588866226375103e-08,2.063710231554804153e+00,0.000000000000000000e+00
2.597283334352520423e-04,1.699994938409498957e+01,1.699924663264106073e+01,1.565422932494770336e+01,1.121952664107084274e-08,2.063710231554798824e+00,0.000000000000000000e+00
2.598283334352520448e-04,1.699994938409501799e+01,1.699924663299510996e+01,1.565354753340479377e+01,1.122316461987793446e-08,2.063710231554816588e+00,0.000000000000000000e+00
2.599283334352520472e-04,1.699994938409504641e+01,1.699924663334569175e+01,1.565286574186219326e+01,1.121952664107084274e-08,2.063710231554825469e+00,0.000000000000000000e+00
2.600283334352520496e-04,1.699994938409512457e+01,1.699924663369311872e+01,1.565218395031990184e+01,1.121588866226375103e-08,2.063710231554894747e+00,0.000000000000000000e+00
2.601283334352520521e-04,1.699994938409516720e+01,1.699924663403688285e+01,1.565150215877791950e+01,1.122316461987793446e-08,2.063710231554930274e+00,0.000000000000000000e+00
2.602283334352520545e-04,1.699994938409520273e+01,1.699924663437726835e+01,1.565082036723624981e+01,1.122316461987793446e-08,2.063710231554956920e+00,0.000000000000000000e+00
2.603283334352520569e-04,1.699994938409526668e+01,1.699924663471458430e+01,1.565013857569488742e+01,1.121225068345665932e-08,2.063710231555011987e+00,0.000000000000000000e+00
2.604283334352520594e-04,1.699994938409528800e+01,1.699924663504831912e+01,1.564945678415383590e+01,1.122316461987793446e-08,2.063710231555026198e+00,0.000000000000000000e+00
2.605283334352520618e-04,1.699994938409533063e+01,1.699924663537904124e+01,1.564877499261309346e+01,1.120861270464956760e-08,2.063710231555058172e+00,0.000000000000000000e+00
2.606283334352520642e-04,1.699994938409534484e+01,1.699924663570626038e+01,1.564809320107266011e+01,1.121588866226375103e-08,2.063710231555058172e+00,0.000000000000000000e+00
2.607283334352520666e-04,1.699994938409536260e+01,1.699924663603027497e+01,1.564741140953253762e+01,1.121225068345665932e-08,2.063710231555065278e+00,0.000000000000000000e+00
2.608283334352520691e-04,1.699994938409541234e+01,1.699924663635138700e+01,1.564672961799272244e+01,1.121225068345665932e-08,2.063710231555106134e+00,0.000000000000000000e+00
2.609283334352520715e-04,1.699994938409542300e+01,1.699924663666908486e+01,1.564604782645321990e+01,1.121225068345665932e-08,2.063710231555107910e+00,0.000000000000000000e+00
2.610283334352520739e-04,1.699994938409545497e+01,1.699924663698368832e+01,1.564536603491402644e+01,1.121952664107084274e-08,2.063710231555131003e+00,0.000000000000000000e+00
2.611283334352520764e-04,1.699994938409551537e+01,1.699924663729547092e+01,1.564468424337513852e+01,1.120497472584247589e-08,2.063710231555177188e+00,0.000000000000000000e+00
2.612283334352520788e-04,1.699994938409553313e+01,1.699924663760392107e+01,1.564400245183656502e+01,1.121952664107084274e-08,2.063710231555178964e+00,0.000000000000000000e+00
2.613283334352520812e-04,1.699994938409558642e+01,1.699924663790962498e+01,1.564332066029829527e+01,1.120133674703538418e-08,2.063710231555223373e+00,0.000000000000000000e+00
2.614283334352520837e-04,1.699994938409561129e+01,1.699924663821207105e+01,1.564263886876033638e+01,1.121588866226375103e-08,2.063710231555239361e+00,0.000000000000000000e+00
2.615283334352520861e-04,1.699994938409564327e+01,1.699924663851156481e+01,1.564195707722268480e+01,1.120497472584247589e-08,2.063710231555262453e+00,0.000000000000000000e+00
2.616283334352520885e-04,1.699994938409571077e+01,1.699924663880839404e+01,1.564127528568534942e+01,1.121588866226375103e-08,2.063710231555319297e+00,0.000000000000000000e+00
2.617283334352520910e-04,1.699994938409573919e+01,1.699924663910204714e+01,1.564059349414832312e+01,1.121952664107084274e-08,2.063710231555335284e+00,0.000000000000000000e+00
2.618283334352520934e-04,1.699994938409580669e+01,1.699924663939309610e+01,1.563991170261160413e+01,1.120497472584247589e-08,2.063710231555390351e+00,0.000000000000000000e+00
2.619283334352520958e-04,1.699994938409583867e+01,1.699924663968102223e+01,1.563922991107519422e+01,1.120861270464956760e-08,2.063710231555413444e+00,0.000000000000000000e+00
2.620283334352520982e-04,1.699994938409585998e+01,1.699924663996611685e+01,1.563854811953909518e+01,1.122316461987793446e-08,2.063710231555422325e+00,0.000000000000000000e+00
2.621283334352521007e-04,1.699994938409589196e+01,1.699924664024842969e+01,1.563786632800330523e+01,1.120861270464956760e-08,2.063710231555450747e+00,0.000000000000000000e+00
2.622283334352521031e-04,1.699994938409594170e+01,1.699924664052800338e+01,1.563718453646782436e+01,1.120861270464956760e-08,2.063710231555493380e+00,0.000000000000000000e+00
2.623283334352521055e-04,1.699994938409603051e+01,1.699924664080510439e+01,1.563650274493265435e+01,1.120497472584247589e-08,2.063710231555575092e+00,0.000000000000000000e+00
2.624283334352521080e-04,1.699994938409605538e+01,1.699924664107919980e+01,1.563582095339779343e+01,1.121952664107084274e-08,2.063710231555583974e+00,0.000000000000000000e+00
2.625283334352521104e-04,1.699994938409611933e+01,1.699924664135088648e+01,1.563513916186324337e+01,1.120133674703538418e-08,2.063710231555640817e+00,0.000000000000000000e+00
2.626283334352521128e-04,1.699994938409617262e+01,1.699924664161990151e+01,1.563445737032900240e+01,1.120861270464956760e-08,2.063710231555679897e+00,0.000000000000000000e+00
2.627283334352521153e-04,1.699994938409621170e+01,1.699924664188604240e+01,1.563377557879507407e+01,1.121588866226375103e-08,2.063710231555710095e+00,0.000000000000000000e+00
2.628283334352521177e-04,1.699994938409624723e+01,1.699924664214957559e+01,1.563309378726145482e+01,1.120861270464956760e-08,2.063710231555733188e+00,0.000000000000000000e+00
2.629283334352521201e-04,1.699994938409626855e+01,1.699924664241051531e+01,1.563241199572814466e+01,1.119769876822829247e-08,2.063710231555742070e+00,0.000000000000000000e+00
2.630283334352521226e-04,1.699994938409630052e+01,1.699924664266890417e+01,1.563173020419513648e+01,1.120133674703538418e-08,2.063710231555766939e+00,0.000000000000000000e+00
2.631283334352521250e-04,1.699994938409636092e+01,1.699924664292502285e+01,1.563104841266244094e+01,1.119042281061410904e-08,2.063710231555816677e+00,0.000000000000000000e+00
2.632283334352521274e-04,1.699994938409639289e+01,1.699924664317837042e+01,1.563036662113005804e+01,1.120861270464956760e-08,2.063710231555839769e+00,0.000000000000000000e+00
2.633283334352521298e-04,1.699994938409645329e+01,1.699924664342950109e+01,1.562968482959798067e+01,1.120133674703538418e-08,2.063710231555889507e+00,0.000000000000000000e+00
2.634283334352521323e-04,1.699994938409652079e+01,1.699924664367818039e+01,1.562900303806621594e+01,1.120133674703538418e-08,2.063710231555946351e+00,0.000000000000000000e+00
2.635283334352521347e-04,1.699994938409650658e+01,1.699924664392387541e+01,1.562832124653476029e+01,1.121225068345665932e-08,2.063710231555916153e+00,0.000000000000000000e+00
2.636283334352521371e-04,1.699994938409658118e+01,1.699924664416771947e+01,1.562763945500361373e+01,1.118678483180701733e-08,2.063710231555992536e+00,0.000000000000000000e+00
2.637283334352521396e-04,1.699994938409660250e+01,1.699924664440889188e+01,1.562695766347277981e+01,1.120133674703538418e-08,2.063710231556003194e+00,0.000000000000000000e+00
2.638283334352521420e-04,1.699994938409662737e+01,1.699924664464771240e+01,1.562627587194225676e+01,1.120133674703538418e-08,2.063710231556022734e+00,0.000000000000000000e+00
2.639283334352521444e-04,1.699994938409666290e+01,1.699924664488420945e+01,1.562559408041203923e+01,1.119769876822829247e-08,2.063710231556052932e+00,0.000000000000000000e+00
2.640283334352521469e-04,1.699994938409674106e+01,1.699924664511866368e+01,1.562491228888212902e+01,1.119406078942120075e-08,2.063710231556123986e+00,0.000000000000000000e+00
2.641283334352521493e-04,1.699994938409676593e+01,1.699924664535053864e+01,1.562423049735252611e+01,1.119769876822829247e-08,2.063710231556139973e+00,0.000000000000000000e+00
2.642283334352521517e-04,1.699994938409683343e+01,1.699924664558041343e+01,1.562354870582323585e+01,1.120497472584247589e-08,2.063710231556205699e+00,0.000000000000000000e+00
2.643283334352521542e-04,1.699994938409687606e+01,1.699924664580778000e+01,1.562286691429425645e+01,1.119769876822829247e-08,2.063710231556241226e+00,0.000000000000000000e+00
2.644283334352521566e-04,1.699994938409692224e+01,1.699924664603291902e+01,1.562218512276558791e+01,1.119042281061410904e-08,2.063710231556276753e+00,0.000000000000000000e+00
2.645283334352521590e-04,1.699994938409698975e+01,1.699924664625610760e+01,1.562150333123722845e+01,1.118678483180701733e-08,2.063710231556328267e+00,0.000000000000000000e+00
2.646283334352521614e-04,1.699994938409702172e+01,1.699924664647684835e+01,1.562082153970917453e+01,1.119769876822829247e-08,2.063710231556356689e+00,0.000000000000000000e+00
2.647283334352521639e-04,1.699994938409708567e+01,1.699924664669569552e+01,1.562013974818142792e+01,1.118678483180701733e-08,2.063710231556417085e+00,0.000000000000000000e+00
2.648283334352521663e-04,1.699994938409710699e+01,1.699924664691212328e+01,1.561945795665399217e+01,1.119406078942120075e-08,2.063710231556434849e+00,0.000000000000000000e+00
2.649283334352521687e-04,1.699994938409711054e+01,1.699924664712641587e+01,1.561877616512686728e+01,1.119042281061410904e-08,2.063710231556427743e+00,0.000000000000000000e+00
2.650283334352521712e-04,1.699994938409714251e+01,1.699924664733864077e+01,1.561809437360005326e+01,1.119406078942120075e-08,2.063710231556463270e+00,0.000000000000000000e+00
2.651283334352521736e-04,1.699994938409719936e+01,1.699924664754904668e+01,1.561741258207354655e+01,1.118314685299992561e-08,2.063710231556511232e+00,0.000000000000000000e+00
2.652283334352521760e-04,1.699994938409725265e+01,1.699924664775738847e+01,1.561673079054735069e+01,1.118678483180701733e-08,2.063710231556553865e+00,0.000000000000000000e+00
2.653283334352521785e-04,1.699994938409726686e+01,1.699924664796342100e+01,1.561604899902146570e+01,1.118678483180701733e-08,2.063710231556560970e+00,0.000000000000000000e+00
2.654283334352521809e-04,1.699994938409728817e+01,1.699924664816744269e+01,1.561536720749588980e+01,1.118678483180701733e-08,2.063710231556576957e+00,0.000000000000000000e+00
2.655283334352521833e-04,1.699994938409735568e+01,1.699924664836974841e+01,1.561468541597062298e+01,1.118678483180701733e-08,2.063710231556637353e+00,0.000000000000000000e+00
2.656283334352521858e-04,1.699994938409735568e+01,1.699924664856953882e+01,1.561400362444566881e+01,1.119769876822829247e-08,2.063710231556630248e+00,0.000000000000000000e+00
2.657283334352521882e-04,1.699994938409742673e+01,1.699924664876791169e+01,1.561332183292102194e+01,1.117950887419283390e-08,2.063710231556695973e+00,0.000000000000000000e+00
2.658283334352521906e-04,1.699994938409748357e+01,1.699924664896433057e+01,1.561264004139668415e+01,1.117950887419283390e-08,2.063710231556749264e+00,0.000000000000000000e+00
2.659283334352521930e-04,1.699994938409749423e+01,1.699924664915854677e+01,1.561195824987265723e+01,1.118314685299992561e-08,2.063710231556751040e+00,0.000000000000000000e+00
2.660283334352521955e-04,1.699994938409755108e+01,1.699924664935113938e+01,1.561127645834893940e+01,1.118314685299992561e-08,2.063710231556806107e+00,0.000000000000000000e+00
2.661283334352521979e-04,1.699994938409757594e+01,1.699924664954158260e+01,1.561059466682553420e+01,1.118678483180701733e-08,2.063710231556829200e+00,0.000000000000000000e+00
2.662283334352522003e-04,1.699994938409760081e+01,1.699924664973016064e+01,1.560991287530243810e+01,1.119042281061410904e-08,2.063710231556850516e+00,0.000000000000000000e+00
2.663283334352522028e-04,1.699994938409762923e+01,1.699924664991690193e+01,1.560923108377965285e+01,1.118314685299992561e-08,2.063710231556875385e+00,0.000000000000000000e+00
2.664283334352522052e-04,1.699994938409766476e+01,1.699924665010182423e+01,1.560854929225717314e+01,1.118314685299992561e-08,2.063710231556902031e+00,0.000000000000000000e+00
2.665283334352522076e-04,1.699994938409773226e+01,1.699924665028520465e+01,1.560786750073500073e+01,1.117223291657865047e-08,2.063710231556967756e+00,0.000000000000000000e+00
2.666283334352522101e-04,1.699994938409776424e+01,1.699924665046651384e+01,1.560718570921314097e+01,1.117950887419283390e-08,2.063710231556992625e+00,0.000000000000000000e+00
2.667283334352522125e-04,1.699994938409781398e+01,1.699924665064629892e+01,1.560650391769158851e+01,1.117950887419283390e-08,2.063710231557033481e+00,0.000000000000000000e+00
2.668283334352522149e-04,1.699994938409782819e+01,1.699924665082405895e+01,1.560582212617034692e+01,1.117950887419283390e-08,2.063710231557044139e+00,0.000000000000000000e+00
2.669283334352522173e-04,1.699994938409784240e+01,1.699924665100007815e+01,1.560514033464941441e+01,1.117587089538574219e-08,2.063710231557047692e+00,0.000000000000000000e+00
2.670283334352522198e-04,1.699994938409787792e+01,1.699924665117463007e+01,1.560445854312879277e+01,1.118314685299992561e-08,2.063710231557076114e+00,0.000000000000000000e+00
2.671283334352522222e-04,1.699994938409790279e+01,1.699924665134723156e+01,1.560377675160848199e+01,1.117223291657865047e-08,2.063710231557099206e+00,0.000000000000000000e+00
2.672283334352522246e-04,1.699994938409796674e+01,1.699924665151841907e+01,1.560309496008848029e+01,1.117587089538574219e-08,2.063710231557157826e+00,0.000000000000000000e+00
2.673283334352522271e-04,1.699994938409800227e+01,1.699924665168767390e+01,1.560241316856879124e+01,1.118314685299992561e-08,2.063710231557189800e+00,0.000000000000000000e+00
2.674283334352522295e-04,1.699994938409803424e+01,1.699924665185526962e+01,1.560173137704941126e+01,1.117950887419283390e-08,2.063710231557212893e+00,0.000000000000000000e+00
2.675283334352522319e-04,1.699994938409810175e+01,1.699924665202149043e+01,1.560104958553033683e+01,1.117587089538574219e-08,2.063710231557276842e+00,0.000000000000000000e+00
2.676283334352522344e-04,1.699994938409815148e+01,1.699924665218606634e+01,1.560036779401157325e+01,1.117587089538574219e-08,2.063710231557319474e+00,0.000000000000000000e+00
2.677283334352522368e-04,1.699994938409815148e+01,1.699924665234874865e+01,1.559968600249311876e+01,1.117587089538574219e-08,2.063710231557317698e+00,0.000000000000000000e+00
2.678283334352522392e-04,1.699994938409815504e+01,1.699924665250984290e+01,1.559900421097497514e+01,1.117950887419283390e-08,2.063710231557315922e+00,0.000000000000000000e+00
2.679283334352522417e-04,1.699994938409815504e+01,1.699924665266936685e+01,1.559832241945714060e+01,1.117587089538574219e-08,2.063710231557307040e+00,0.000000000000000000e+00
2.680283334352522441e-04,1.699994938409819056e+01,1.699924665282759761e+01,1.559764062793961514e+01,1.117223291657865047e-08,2.063710231557346120e+00,0.000000000000000000e+00
2.681283334352522465e-04,1.699994938409819412e+01,1.699924665298401294e+01,1.559695883642239345e+01,1.116859493777155876e-08,2.063710231557344343e+00,0.000000000000000000e+00
2.682283334352522489e-04,1.699994938409822254e+01,1.699924665313891836e+01,1.559627704490548794e+01,1.117223291657865047e-08,2.063710231557369212e+00,0.000000000000000000e+00
2.683283334352522514e-04,1.699994938409827938e+01,1.699924665329256968e+01,1.559559525338889507e+01,1.117587089538574219e-08,2.063710231557420727e+00,0.000000000000000000e+00
2.684283334352522538e-04,1.699994938409829714e+01,1.699924665344444463e+01,1.559491346187260774e+01,1.116859493777155876e-08,2.063710231557434938e+00,0.000000000000000000e+00
2.685283334352522562e-04,1.699994938409832201e+01,1.699924665359484166e+01,1.559423167035662949e+01,1.116859493777155876e-08,2.063710231557454478e+00,0.000000000000000000e+00
2.686283334352522587e-04,1.699994938409839307e+01,1.699924665374405208e+01,1.559354987884095856e+01,1.116495695896446705e-08,2.063710231557520203e+00,0.000000000000000000e+00
2.687283334352522611e-04,1.699994938409841794e+01,1.699924665389152523e+01,1.559286808732559493e+01,1.116859493777155876e-08,2.063710231557536190e+00,0.000000000000000000e+00
2.688283334352522635e-04,1.699994938409846057e+01,1.699924665403780466e+01,1.559218629581054572e+01,1.116495695896446705e-08,2.063710231557568164e+00,0.000000000000000000e+00
2.689283334352522660e-04,1.699994938409846768e+01,1.699924665418238234e+01,1.559150450429580559e+01,1.116859493777155876e-08,2.063710231557571717e+00,0.000000000000000000e+00
2.690283334352522684e-04,1.699994938409848899e+01,1.699924665432555670e+01,1.559082271278137455e+01,1.117223291657865047e-08,2.063710231557591257e+00,0.000000000000000000e+00
2.691283334352522708e-04,1.699994938409852807e+01,1.699924665446758354e+01,1.559014092126725615e+01,1.116131898015737534e-08,2.063710231557623231e+00,0.000000000000000000e+00
2.692283334352522733e-04,1.699994938409853873e+01,1.699924665460795836e+01,1.558945912975344683e+01,1.117223291657865047e-08,2.063710231557632113e+00,0.000000000000000000e+00
2.693283334352522757e-04,1.699994938409855649e+01,1.699924665474697250e+01,1.558877733823994483e+01,1.116859493777155876e-08,2.063710231557648100e+00,0.000000000000000000e+00
2.694283334352522781e-04,1.699994938409858491e+01,1.699924665488463660e+01,1.558809554672675546e+01,1.116495695896446705e-08,2.063710231557672969e+00,0.000000000000000000e+00
2.695283334352522805e-04,1.699994938409866307e+01,1.699924665502123133e+01,1.558741375521387695e+01,1.116495695896446705e-08,2.063710231557747576e+00,0.000000000000000000e+00
2.696283334352522830e-04,1.699994938409870215e+01,1.699924665515622380e+01,1.558673196370130398e+01,1.116859493777155876e-08,2.063710231557777774e+00,0.000000000000000000e+00
2.697283334352522854e-04,1.699994938409876610e+01,1.699924665529015755e+01,1.558605017218903832e+01,1.116131898015737534e-08,2.063710231557834618e+00,0.000000000000000000e+00
2.698283334352522878e-04,1.699994938409879808e+01,1.699924665542251390e+01,1.558536838067708530e+01,1.116495695896446705e-08,2.063710231557859487e+00,0.000000000000000000e+00
2.699283334352522903e-04,1.699994938409882650e+01,1.699924665555357350e+01,1.558468658916544136e+01,1.116131898015737534e-08,2.063710231557877250e+00,0.000000000000000000e+00
2.700283334352522927e-04,1.699994938409889045e+01,1.699924665568361704e+01,1.558400479765410296e+01,1.115404302254319191e-08,2.063710231557935870e+00,0.000000000000000000e+00
2.701283334352522951e-04,1.699994938409890821e+01,1.699924665581211158e+01,1.558332300614308075e+01,1.116131898015737534e-08,2.063710231557953634e+00,0.000000000000000000e+00
2.702283334352522976e-04,1.699994938409892598e+01,1.699924665593934847e+01,1.558264121463236407e+01,1.116131898015737534e-08,2.063710231557964292e+00,0.000000000000000000e+00
2.703283334352523000e-04,1.699994938409899348e+01,1.699924665606562257e+01,1.558195942312195648e+01,1.115404302254319191e-08,2.063710231558031793e+00,0.000000000000000000e+00
2.704283334352523024e-04,1.699994938409901479e+01,1.699924665619038677e+01,1.558127763161185797e+01,1.115768100135028362e-08,2.063710231558049557e+00,0.000000000000000000e+00
2.705283334352523049e-04,1.699994938409903966e+01,1.699924665631392884e+01,1.558059584010206677e+01,1.115768100135028362e-08,2.063710231558070873e+00,0.000000000000000000e+00
2.706283334352523073e-04,1.699994938409909651e+01,1.699924665643652588e+01,1.557991404859258999e+01,1.115404302254319191e-08,2.063710231558122388e+00,0.000000000000000000e+00
2.707283334352523097e-04,1.699994938409911782e+01,1.699924665655765565e+01,1.557923225708342585e+01,1.116495695896446705e-08,2.063710231558140151e+00,0.000000000000000000e+00
2.708283334352523121e-04,1.699994938409916045e+01,1.699924665667785817e+01,1.557855046557456902e+01,1.115404302254319191e-08,2.063710231558179231e+00,0.000000000000000000e+00
2.709283334352523146e-04,1.699994938409917467e+01,1.699924665679662894e+01,1.557786867406602305e+01,1.115768100135028362e-08,2.063710231558191666e+00,0.000000000000000000e+00
2.710283334352523170e-04,1.699994938409919598e+01,1.699924665691424508e+01,1.557718688255778261e+01,1.115768100135028362e-08,2.063710231558211206e+00,0.000000000000000000e+00
2.711283334352523194e-04,1.699994938409921730e+01,1.699924665703071369e+01,1.557650509104984948e+01,1.114676706492900848e-08,2.063710231558230745e+00,0.000000000000000000e+00
2.712283334352523219e-04,1.699994938409925638e+01,1.699924665714629057e+01,1.557582329954222899e+01,1.115040504373610020e-08,2.063710231558260944e+00,0.000000000000000000e+00
2.713283334352523243e-04,1.699994938409928125e+01,1.699924665726048900e+01,1.557514150803492115e+01,1.115404302254319191e-08,2.063710231558285813e+00,0.000000000000000000e+00
2.714283334352523267e-04,1.699994938409934875e+01,1.699924665737384899e+01,1.557445971652791883e+01,1.114676706492900848e-08,2.063710231558347985e+00,0.000000000000000000e+00
2.715283334352523292e-04,1.699994938409936651e+01,1.699924665748558539e+01,1.557377792502122915e+01,1.115768100135028362e-08,2.063710231558362196e+00,0.000000000000000000e+00
2.716283334352523316e-04,1.699994938409943401e+01,1.699924665759674625e+01,1.557309613351484501e+01,1.114312908612191677e-08,2.063710231558424368e+00,0.000000000000000000e+00
2.717283334352523340e-04,1.699994938409948375e+01,1.699924665770680221e+01,1.557241434200877350e+01,1.115768100135028362e-08,2.063710231558468777e+00,0.000000000000000000e+00
2.718283334352523365e-04,1.699994938409949441e+01,1.699924665781551525e+01,1.557173255050301108e+01,1.116131898015737534e-08,2.063710231558477659e+00,0.000000000000000000e+00
2.719283334352523389e-04,1.699994938409954770e+01,1.699924665792343959e+01,1.557105075899755775e+01,1.114676706492900848e-08,2.063710231558523844e+00,0.000000000000000000e+00
2.720283334352523413e-04,1.699994938409956902e+01,1.699924665803004942e+01,1.557036896749242061e+01,1.115768100135028362e-08,2.063710231558548713e+00,0.000000000000000000e+00
2.721283334352523437e-04,1.699994938409959389e+01,1.699924665813561475e+01,1.556968717598758900e+01,1.115404302254319191e-08,2.063710231558568253e+00,0.000000000000000000e+00
2.722283334352523462e-04,1.699994938409961875e+01,1.699924665824014625e+01,1.556900538448306470e+01,1.115404302254319191e-08,2.063710231558591346e+00,0.000000000000000000e+00
2.723283334352523486e-04,1.699994938409967205e+01,1.699924665834392101e+01,1.556832359297885304e+01,1.113949110731482506e-08,2.063710231558644637e+00,0.000000000000000000e+00
2.724283334352523510e-04,1.699994938409968626e+01,1.699924665844641325e+01,1.556764180147495225e+01,1.115404302254319191e-08,2.063710231558658847e+00,0.000000000000000000e+00
2.725283334352523535e-04,1.699994938409973955e+01,1.699924665854817718e+01,1.556696000997135876e+01,1.114676706492900848e-08,2.063710231558705033e+00,0.000000000000000000e+00
2.726283334352523559e-04,1.699994938409975020e+01,1.699924665864866924e+01,1.556627821846807613e+01,1.115404302254319191e-08,2.063710231558708585e+00,0.000000000000000000e+00
2.727283334352523583e-04,1.699994938409977152e+01,1.699924665874818785e+01,1.556559642696510437e+01,1.115768100135028362e-08,2.063710231558728125e+00,0.000000000000000000e+00
2.728283334352523608e-04,1.699994938409981771e+01,1.699924665884699237e+01,1.556491463546243637e+01,1.113949110731482506e-08,2.063710231558761876e+00,0.000000000000000000e+00
2.729283334352523632e-04,1.699994938409984613e+01,1.699924665894457831e+01,1.556423284396008100e+01,1.115040504373610020e-08,2.063710231558788522e+00,0.000000000000000000e+00
2.730283334352523656e-04,1.699994938409986389e+01,1.699924665904120147e+01,1.556355105245803472e+01,1.115040504373610020e-08,2.063710231558795627e+00,0.000000000000000000e+00
2.731283334352523681e-04,1.699994938409992074e+01,1.699924665913715316e+01,1.556286926095630108e+01,1.113949110731482506e-08,2.063710231558847141e+00,0.000000000000000000e+00
2.732283334352523705e-04,1.699994938409994916e+01,1.699924665923190759e+01,1.556218746945487652e+01,1.113949110731482506e-08,2.063710231558868458e+00,0.000000000000000000e+00
2.733283334352523729e-04,1.699994938409997403e+01,1.699924665932573120e+01,1.556150567795375750e+01,1.114312908612191677e-08,2.063710231558887997e+00,0.000000000000000000e+00
2.734283334352523753e-04,1.699994938410000245e+01,1.699924665941863822e+01,1.556082388645294756e+01,1.113949110731482506e-08,2.063710231558914643e+00,0.000000000000000000e+00
2.735283334352523778e-04,1.699994938410007350e+01,1.699924665951091640e+01,1.556014209495244671e+01,1.113949110731482506e-08,2.063710231558983921e+00,0.000000000000000000e+00
2.736283334352523802e-04,1.699994938410012679e+01,1.699924665960227443e+01,1.555946030345225850e+01,1.113949110731482506e-08,2.063710231559030106e+00,0.000000000000000000e+00
2.737283334352523826e-04,1.699994938410014100e+01,1.699924665969246718e+01,1.555877851195237760e+01,1.114312908612191677e-08,2.063710231559040764e+00,0.000000000000000000e+00
2.738283334352523851e-04,1.699994938410016587e+01,1.699924665978179306e+01,1.555809672045280934e+01,1.114312908612191677e-08,2.063710231559062080e+00,0.000000000000000000e+00
2.739283334352523875e-04,1.699994938410022627e+01,1.699924665987051497e+01,1.555741492895355016e+01,1.113585312850773335e-08,2.063710231559120700e+00,0.000000000000000000e+00
2.740283334352523899e-04,1.699994938410024758e+01,1.699924665995809647e+01,1.555673313745460362e+01,1.114312908612191677e-08,2.063710231559134911e+00,0.000000000000000000e+00
2.741283334352523924e-04,1.699994938410027245e+01,1.699924666004482177e+01,1.555605134595596439e+01,1.114312908612191677e-08,2.063710231559156227e+00,0.000000000000000000e+00
2.742283334352523948e-04,1.699994938410033285e+01,1.699924666013097863e+01,1.555536955445763425e+01,1.113585312850773335e-08,2.063710231559214847e+00,0.000000000000000000e+00
2.743283334352523972e-04,1.699994938410035061e+01,1.699924666021601638e+01,1.555468776295960964e+01,1.113221514970064163e-08,2.063710231559227282e+00,0.000000000000000000e+00
2.744283334352523997e-04,1.699994938410041811e+01,1.699924666030051057e+01,1.555400597146189590e+01,1.113221514970064163e-08,2.063710231559300112e+00,0.000000000000000000e+00
2.745283334352524021e-04,1.699994938410045719e+01,1.699924666038391408e+01,1.555332417996449657e+01,1.114312908612191677e-08,2.063710231559340968e+00,0.000000000000000000e+00
2.746283334352524045e-04,1.699994938410047141e+01,1.699924666046647559e+01,1.555264238846740454e+01,1.113949110731482506e-08,2.063710231559346298e+00,0.000000000000000000e+00
2.747283334352524069e-04,1.699994938410052470e+01,1.699924666054850775e+01,1.555196059697061983e+01,1.113585312850773335e-08,2.063710231559399588e+00,0.000000000000000000e+00
2.748283334352524094e-04,1.699994938410054246e+01,1.699924666062947054e+01,1.555127880547414776e+01,1.114312908612191677e-08,2.063710231559417352e+00,0.000000000000000000e+00
2.749283334352524118e-04,1.699994938410056733e+01,1.699924666070965174e+01,1.555059701397798833e+01,1.113221514970064163e-08,2.063710231559445774e+00,0.000000000000000000e+00
2.750283334352524142e-04,1.699994938410060996e+01,1.699924666078930002e+01,1.554991522248213442e+01,1.112857717089354992e-08,2.063710231559479524e+00,0.000000000000000000e+00
2.751283334352524167e-04,1.699994938410061707e+01,1.699924666086790381e+01,1.554923343098658606e+01,1.113221514970064163e-08,2.063710231559483077e+00,0.000000000000000000e+00
2.752283334352524191e-04,1.699994938410063483e+01,1.699924666094574732e+01,1.554855163949135033e+01,1.113221514970064163e-08,2.063710231559497288e+00,0.000000000000000000e+00
2.753283334352524215e-04,1.699994938410069167e+01,1.699924666102310411e+01,1.554786984799642369e+01,1.112857717089354992e-08,2.063710231559548802e+00,0.000000000000000000e+00
2.754283334352524240e-04,1.699994938410070233e+01,1.699924666109942351e+01,1.554718805650181146e+01,1.113585312850773335e-08,2.063710231559552355e+00,0.000000000000000000e+00
2.755283334352524264e-04,1.699994938410073786e+01,1.699924666117525618e+01,1.554650626500750832e+01,1.113221514970064163e-08,2.063710231559586106e+00,0.000000000000000000e+00
2.756283334352524288e-04,1.699994938410072365e+01,1.699924666124983119e+01,1.554582447351351604e+01,1.113221514970064163e-08,2.063710231559571895e+00,0.000000000000000000e+00
2.757283334352524313e-04,1.699994938410078049e+01,1.699924666132421791e+01,1.554514268201982929e+01,1.111766323447227478e-08,2.063710231559625186e+00,0.000000000000000000e+00
2.758283334352524337e-04,1.699994938410083734e+01,1.699924666139787277e+01,1.554446089052645164e+01,1.113221514970064163e-08,2.063710231559680253e+00,0.000000000000000000e+00
2.759283334352524361e-04,1.699994938410083734e+01,1.699924666147051866e+01,1.554377909903338661e+01,1.113585312850773335e-08,2.063710231559673147e+00,0.000000000000000000e+00
2.760283334352524385e-04,1.699994938410083023e+01,1.699924666154245401e+01,1.554309730754063246e+01,1.113585312850773335e-08,2.063710231559662489e+00,0.000000000000000000e+00
2.761283334352524410e-04,1.699994938410084089e+01,1.699924666161370723e+01,1.554241551604818383e+01,1.112857717089354992e-08,2.063710231559673147e+00,0.000000000000000000e+00
2.762283334352524434e-04,1.699994938410089418e+01,1.699924666168454124e+01,1.554173372455604429e+01,1.112857717089354992e-08,2.063710231559719332e+00,0.000000000000000000e+00
2.763283334352524458e-04,1.699994938410092260e+01,1.699924666175442312e+01,1.554105193306421739e+01,1.112857717089354992e-08,2.063710231559745978e+00,0.000000000000000000e+00
2.764283334352524483e-04,1.699994938410096879e+01,1.699924666182387512e+01,1.554037014157270136e+01,1.112493919208645821e-08,2.063710231559792163e+00,0.000000000000000000e+00
2.765283334352524507e-04,1.699994938410097589e+01,1.699924666189237854e+01,1.553968835008149441e+01,1.113221514970064163e-08,2.063710231559799269e+00,0.000000000000000000e+00
2.766283334352524531e-04,1.699994938410099365e+01,1.699924666196021761e+01,1.553900655859059299e+01,1.113221514970064163e-08,2.063710231559818808e+00,0.000000000000000000e+00
2.767283334352524556e-04,1.699994938410103984e+01,1.699924666202766232e+01,1.553832476710000243e+01,1.111766323447227478e-08,2.063710231559861441e+00,0.000000000000000000e+00
2.768283334352524580e-04,1.699994938410105050e+01,1.699924666209417623e+01,1.553764297560972629e+01,1.112857717089354992e-08,2.063710231559868546e+00,0.000000000000000000e+00
2.769283334352524604e-04,1.699994938410110024e+01,1.699924666216031355e+01,1.553696118411975391e+01,1.111766323447227478e-08,2.063710231559916508e+00,0.000000000000000000e+00
2.770283334352524628e-04,1.699994938410111089e+01,1.699924666222553782e+01,1.553627939263009239e+01,1.112130121327936649e-08,2.063710231559918284e+00,0.000000000000000000e+00
2.771283334352524653e-04,1.699994938410112866e+01,1.699924666229012971e+01,1.553559760114073818e+01,1.112130121327936649e-08,2.063710231559934272e+00,0.000000000000000000e+00
2.772283334352524677e-04,1.699994938410117484e+01,1.699924666235435922e+01,1.553491580965169305e+01,1.111766323447227478e-08,2.063710231559975128e+00,0.000000000000000000e+00
2.773283334352524701e-04,1.699994938410116063e+01,1.699924666241743410e+01,1.553423401816296590e+01,1.113221514970064163e-08,2.063710231559955588e+00,0.000000000000000000e+00
2.774283334352524726e-04,1.699994938410122103e+01,1.699924666248043081e+01,1.553355222667454427e+01,1.111038727685809135e-08,2.063710231560017760e+00,0.000000000000000000e+00
2.775283334352524750e-04,1.699994938410127077e+01,1.699924666254280226e+01,1.553287043518643173e+01,1.112130121327936649e-08,2.063710231560062169e+00,0.000000000000000000e+00
2.776283334352524774e-04,1.699994938410125656e+01,1.699924666260403683e+01,1.553218864369863539e+01,1.113221514970064163e-08,2.063710231560046182e+00,0.000000000000000000e+00
2.777283334352524799e-04,1.699994938410134893e+01,1.699924666266548101e+01,1.553150685221113747e+01,1.110311131924390793e-08,2.063710231560133224e+00,0.000000000000000000e+00
2.778283334352524823e-04,1.699994938410137024e+01,1.699924666272579543e+01,1.553082506072395219e+01,1.112130121327936649e-08,2.063710231560149211e+00,0.000000000000000000e+00
2.779283334352524847e-04,1.699994938410137379e+01,1.699924666278549878e+01,1.553014326923707600e+01,1.112130121327936649e-08,2.063710231560149211e+00,0.000000000000000000e+00
2.780283334352524872e-04,1.699994938410144485e+01,1.699924666284492147e+01,1.552946147775051067e+01,1.111402525566518307e-08,2.063710231560223818e+00,0.000000000000000000e+00
2.781283334352524896e-04,1.699994938410144485e+01,1.699924666290322506e+01,1.552877968626425620e+01,1.111766323447227478e-08,2.063710231560218489e+00,0.000000000000000000e+00
2.782283334352524920e-04,1.699994938410151946e+01,1.699924666296150022e+01,1.552809789477830904e+01,1.111038727685809135e-08,2.063710231560289543e+00,0.000000000000000000e+00
2.783283334352524944e-04,1.699994938410157630e+01,1.699924666301918919e+01,1.552741610329266919e+01,1.110674929805099964e-08,2.063710231560341057e+00,0.000000000000000000e+00
2.784283334352524969e-04,1.699994938410159051e+01,1.699924666307604326e+01,1.552673431180734731e+01,1.112493919208645821e-08,2.063710231560349939e+00,0.000000000000000000e+00
2.785283334352524993e-04,1.699994938410159762e+01,1.699924666313233246e+01,1.552605252032233096e+01,1.111038727685809135e-08,2.063710231560348163e+00,0.000000000000000000e+00
2.786283334352525017e-04,1.699994938410164735e+01,1.699924666318835165e+01,1.552537072883762193e+01,1.110674929805099964e-08,2.063710231560397901e+00,0.000000000000000000e+00
2.787283334352525042e-04,1.699994938410165801e+01,1.699924666324355371e+01,1.552468893735322730e+01,1.112130121327936649e-08,2.063710231560405006e+00,0.000000000000000000e+00
2.788283334352525066e-04,1.699994938410167933e+01,1.699924666329822287e+01,1.552400714586914177e+01,1.111766323447227478e-08,2.063710231560429875e+00,0.000000000000000000e+00
2.789283334352525090e-04,1.699994938410173262e+01,1.699924666335262913e+01,1.552332535438536354e+01,1.111402525566518307e-08,2.063710231560481390e+00,0.000000000000000000e+00
2.790283334352525115e-04,1.699994938410174328e+01,1.699924666340623247e+01,1.552264356290189795e+01,1.111038727685809135e-08,2.063710231560486719e+00,0.000000000000000000e+00
2.791283334352525139e-04,1.699994938410177170e+01,1.699924666345933133e+01,1.552196177141874145e+01,1.111402525566518307e-08,2.063710231560516917e+00,0.000000000000000000e+00
2.792283334352525163e-04,1.699994938410182144e+01,1.699924666351216374e+01,1.552127997993589226e+01,1.111038727685809135e-08,2.063710231560561326e+00,0.000000000000000000e+00
2.793283334352525188e-04,1.699994938410183920e+01,1.699924666356422165e+01,1.552059818845335215e+01,1.111038727685809135e-08,2.063710231560579089e+00,0.000000000000000000e+00
2.794283334352525212e-04,1.699994938410190315e+01,1.699924666361604864e+01,1.551991639697111935e+01,1.110674929805099964e-08,2.063710231560644814e+00,0.000000000000000000e+00
2.795283334352525236e-04,1.699994938410193157e+01,1.699924666366710468e+01,1.551923460548920097e+01,1.111038727685809135e-08,2.063710231560675012e+00,0.000000000000000000e+00
2.796283334352525260e-04,1.699994938410194578e+01,1.699924666371764914e+01,1.551855281400759523e+01,1.111038727685809135e-08,2.063710231560683894e+00,0.000000000000000000e+00
2.797283334352525285e-04,1.699994938410196710e+01,1.699924666376771043e+01,1.551787102252629325e+01,1.110311131924390793e-08,2.063710231560699881e+00,0.000000000000000000e+00
2.798283334352525309e-04,1.699994938410199907e+01,1.699924666381753013e+01,1.551718923104530035e+01,1.110311131924390793e-08,2.063710231560721198e+00,0.000000000000000000e+00
2.799283334352525333e-04,1.699994938410202039e+01,1.699924666386661798e+01,1.551650743956461653e+01,1.110674929805099964e-08,2.063710231560744290e+00,0.000000000000000000e+00
2.800283334352525358e-04,1.699994938410206657e+01,1.699924666391548556e+01,1.551582564808424358e+01,1.110674929805099964e-08,2.063710231560788699e+00,0.000000000000000000e+00
2.801283334352525382e-04,1.699994938410207723e+01,1.699924666396361062e+01,1.551514385660417972e+01,1.110311131924390793e-08,2.063710231560795805e+00,0.000000000000000000e+00
2.802283334352525406e-04,1.699994938410207723e+01,1.699924666401125251e+01,1.551446206512442849e+01,1.110674929805099964e-08,2.063710231560790476e+00,0.000000000000000000e+00
2.803283334352525431e-04,1.699994938410207368e+01,1.699924666405843254e+01,1.551378027364498458e+01,1.110311131924390793e-08,2.063710231560785147e+00,0.000000000000000000e+00
2.804283334352525455e-04,1.699994938410210210e+01,1.699924666410541363e+01,1.551309848216584797e+01,1.109947334043681622e-08,2.063710231560813568e+00,0.000000000000000000e+00
2.805283334352525479e-04,1.699994938410210565e+01,1.699924666415168062e+01,1.551241669068702933e+01,1.111402525566518307e-08,2.063710231560822450e+00,0.000000000000000000e+00
2.806283334352525504e-04,1.699994938410216960e+01,1.699924666419778774e+01,1.551173489920851800e+01,1.109947334043681622e-08,2.063710231560882846e+00,0.000000000000000000e+00
2.807283334352525528e-04,1.699994938410218026e+01,1.699924666424315944e+01,1.551105310773031576e+01,1.110674929805099964e-08,2.063710231560893504e+00,0.000000000000000000e+00
2.808283334352525552e-04,1.699994938410221934e+01,1.699924666428834996e+01,1.551037131625241905e+01,1.109219738282263279e-08,2.063710231560930808e+00,0.000000000000000000e+00
2.809283334352525576e-04,1.699994938410222645e+01,1.699924666433283349e+01,1.550968952477483853e+01,1.110674929805099964e-08,2.063710231560943242e+00,0.000000000000000000e+00
2.810283334352525601e-04,1.699994938410223355e+01,1.699924666437688714e+01,1.550900773329756355e+01,1.109583536162972450e-08,2.063710231560946795e+00,0.000000000000000000e+00
2.811283334352525625e-04,1.699994938410227974e+01,1.699924666442078447e+01,1.550832594182059765e+01,1.111038727685809135e-08,2.063710231560994757e+00,0.000000000000000000e+00
2.812283334352525649e-04,1.699994938410230105e+01,1.699924666446399968e+01,1.550764415034394261e+01,1.110674929805099964e-08,2.063710231561019626e+00,0.000000000000000000e+00
2.813283334352525674e-04,1.699994938410233303e+01,1.699924666450680277e+01,1.550696235886759666e+01,1.109947334043681622e-08,2.063710231561046271e+00,0.000000000000000000e+00
2.814283334352525698e-04,1.699994938410236855e+01,1.699924666454942823e+01,1.550628056739155980e+01,1.110311131924390793e-08,2.063710231561080022e+00,0.000000000000000000e+00
2.815283334352525722e-04,1.699994938410237211e+01,1.699924666459136802e+01,1.550559877591583380e+01,1.109583536162972450e-08,2.063710231561081798e+00,0.000000000000000000e+00
2.816283334352525747e-04,1.699994938410238632e+01,1.699924666463291700e+01,1.550491698444041688e+01,1.109583536162972450e-08,2.063710231561097785e+00,0.000000000000000000e+00
2.817283334352525771e-04,1.699994938410243606e+01,1.699924666467433099e+01,1.550423519296531083e+01,1.110311131924390793e-08,2.063710231561147523e+00,0.000000000000000000e+00
2.818283334352525795e-04,1.699994938410244671e+01,1.699924666471506640e+01,1.550355340149051564e+01,1.109947334043681622e-08,2.063710231561154629e+00,0.000000000000000000e+00
2.819283334352525820e-04,1.699994938410249645e+01,1.699924666475568102e+01,1.550287161001602421e+01,1.109219738282263279e-08,2.063710231561200814e+00,0.000000000000000000e+00
2.820283334352525844e-04,1.699994938410247514e+01,1.699924666479536128e+01,1.550218981854185074e+01,1.110674929805099964e-08,2.063710231561174169e+00,0.000000000000000000e+00
2.821283334352525868e-04,1.699994938410254974e+01,1.699924666483545721e+01,1.550150802706798636e+01,1.108855940401554108e-08,2.063710231561248776e+00,0.000000000000000000e+00
2.822283334352525892e-04,1.699994938410254974e+01,1.699924666487461877e+01,1.550082623559443107e+01,1.110674929805099964e-08,2.063710231561250552e+00,0.000000000000000000e+00
2.823283334352525917e-04,1.699994938410255330e+01,1.699924666491340375e+01,1.550014444412118308e+01,1.109219738282263279e-08,2.063710231561250552e+00,0.000000000000000000e+00
2.824283334352525941e-04,1.699994938410256751e+01,1.699924666495181924e+01,1.549946265264823886e+01,1.108855940401554108e-08,2.063710231561264763e+00,0.000000000000000000e+00
2.825283334352525965e-04,1.699994938410258882e+01,1.699924666498986880e+01,1.549878086117561082e+01,1.109583536162972450e-08,2.063710231561284303e+00,0.000000000000000000e+00
2.826283334352525990e-04,1.699994938410263501e+01,1.699924666502780823e+01,1.549809906970328477e+01,1.108128344640135765e-08,2.063710231561325159e+00,0.000000000000000000e+00
2.827283334352526014e-04,1.699994938410265988e+01,1.699924666506512594e+01,1.549741727823127491e+01,1.109947334043681622e-08,2.063710231561346475e+00,0.000000000000000000e+00
2.828283334352526038e-04,1.699994938410272383e+01,1.699924666510235127e+01,1.549673548675957235e+01,1.108492142520844936e-08,2.063710231561401542e+00,0.000000000000000000e+00
2.829283334352526063e-04,1.699994938410275225e+01,1.699924666513895133e+01,1.549605369528817889e+01,1.108855940401554108e-08,2.063710231561428188e+00,0.000000000000000000e+00
2.830283334352526087e-04,1.699994938410276646e+01,1.699924666517518190e+01,1.549537190381709806e+01,1.108492142520844936e-08,2.063710231561437070e+00,0.000000000000000000e+00
2.831283334352526111e-04,1.699994938410278777e+01,1.699924666521106431e+01,1.549469011234632987e+01,1.108492142520844936e-08,2.063710231561461939e+00,0.000000000000000000e+00
2.832283334352526136e-04,1.699994938410282685e+01,1.699924666524684724e+01,1.549400832087587077e+01,1.108492142520844936e-08,2.063710231561493913e+00,0.000000000000000000e+00
2.833283334352526160e-04,1.699994938410286949e+01,1.699924666528228911e+01,1.549332652940571720e+01,1.108855940401554108e-08,2.063710231561532993e+00,0.000000000000000000e+00
2.834283334352526184e-04,1.699994938410287304e+01,1.699924666531711637e+01,1.549264473793587271e+01,1.109947334043681622e-08,2.063710231561534769e+00,0.000000000000000000e+00
2.835283334352526208e-04,1.699994938410288370e+01,1.699924666535160966e+01,1.549196294646634087e+01,1.108855940401554108e-08,2.063710231561543651e+00,0.000000000000000000e+00
2.836283334352526233e-04,1.699994938410288725e+01,1.699924666538576190e+01,1.549128115499711456e+01,1.108492142520844936e-08,2.063710231561545427e+00,0.000000000000000000e+00
2.837283334352526257e-04,1.699994938410293699e+01,1.699924666541986795e+01,1.549059936352820088e+01,1.108128344640135765e-08,2.063710231561595165e+00,0.000000000000000000e+00
2.838283334352526281e-04,1.699994938410296186e+01,1.699924666545337715e+01,1.548991757205959985e+01,1.108855940401554108e-08,2.063710231561621811e+00,0.000000000000000000e+00
2.839283334352526306e-04,1.699994938410298673e+01,1.699924666548656660e+01,1.548923578059130612e+01,1.109219738282263279e-08,2.063710231561643127e+00,0.000000000000000000e+00
2.840283334352526330e-04,1.699994938410302936e+01,1.699924666551967789e+01,1.548855398912331971e+01,1.108128344640135765e-08,2.063710231561682207e+00,0.000000000000000000e+00
2.841283334352526354e-04,1.699994938410305068e+01,1.699924666555221719e+01,1.548787219765564416e+01,1.107764546759426594e-08,2.063710231561703523e+00,0.000000000000000000e+00
2.842283334352526379e-04,1.699994938410312173e+01,1.699924666558472452e+01,1.548719040618827769e+01,1.108128344640135765e-08,2.063710231561776354e+00,0.000000000000000000e+00
2.843283334352526403e-04,1.699994938410313594e+01,1.699924666561662789e+01,1.548650861472122209e+01,1.108492142520844936e-08,2.063710231561785235e+00,0.000000000000000000e+00
2.844283334352526427e-04,1.699994938410318568e+01,1.699924666564848508e+01,1.548582682325447735e+01,1.107764546759426594e-08,2.063710231561836750e+00,0.000000000000000000e+00
2.845283334352526452e-04,1.699994938410319634e+01,1.699924666567976317e+01,1.548514503178804169e+01,1.109219738282263279e-08,2.063710231561845632e+00,0.000000000000000000e+00
2.846283334352526476e-04,1.699994938410321055e+01,1.699924666571073928e+01,1.548446324032191512e+01,1.108492142520844936e-08,2.063710231561861619e+00,0.000000000000000000e+00
2.847283334352526500e-04,1.699994938410322476e+01,1.699924666574141696e+01,1.548378144885609586e+01,1.107764546759426594e-08,2.063710231561870501e+00,0.000000000000000000e+00
2.848283334352526524e-04,1.699994938410325318e+01,1.699924666577204491e+01,1.548309965739059102e+01,1.108128344640135765e-08,2.063710231561890041e+00,0.000000000000000000e+00
2.849283334352526549e-04,1.699994938410324608e+01,1.699924666580210442e+01,1.548241786592538993e+01,1.108128344640135765e-08,2.063710231561881159e+00,0.000000000000000000e+00
2.850283334352526573e-04,1.699994938410326029e+01,1.699924666583213195e+01,1.548173607446050326e+01,1.108128344640135765e-08,2.063710231561891817e+00,0.000000000000000000e+00
2.851283334352526597e-04,1.699994938410325673e+01,1.699924666586161948e+01,1.548105428299592212e+01,1.108128344640135765e-08,2.063710231561890041e+00,0.000000000000000000e+00
2.852283334352526622e-04,1.699994938410324608e+01,1.699924666589081212e+01,1.548037249153164829e+01,1.107400748878717422e-08,2.063710231561879382e+00,0.000000000000000000e+00
2.853283334352526646e-04,1.699994938410324252e+01,1.699924666591972766e+01,1.547969070006769066e+01,1.107764546759426594e-08,2.063710231561881159e+00,0.000000000000000000e+00
2.854283334352526670e-04,1.699994938410327450e+01,1.699924666594863254e+01,1.547900890860404033e+01,1.107400748878717422e-08,2.063710231561906028e+00,0.000000000000000000e+00
2.855283334352526695e-04,1.699994938410331358e+01,1.699924666597726386e+01,1.547832711714069731e+01,1.107400748878717422e-08,2.063710231561946884e+00,0.000000000000000000e+00
2.856283334352526719e-04,1.699994938410332068e+01,1.699924666600535161e+01,1.547764532567767048e+01,1.108492142520844936e-08,2.063710231561957542e+00,0.000000000000000000e+00
2.857283334352526743e-04,1.699994938410332779e+01,1.699924666603316936e+01,1.547696353421495274e+01,1.108128344640135765e-08,2.063710231561961095e+00,0.000000000000000000e+00
2.858283334352526768e-04,1.699994938410337753e+01,1.699924666606099066e+01,1.547628174275254054e+01,1.106673153117299080e-08,2.063710231562012609e+00,0.000000000000000000e+00
2.859283334352526792e-04,1.699994938410339174e+01,1.699924666608827550e+01,1.547559995129044097e+01,1.107764546759426594e-08,2.063710231562023267e+00,0.000000000000000000e+00
2.860283334352526816e-04,1.699994938410340595e+01,1.699924666611530100e+01,1.547491815982865049e+01,1.108492142520844936e-08,2.063710231562041031e+00,0.000000000000000000e+00
2.861283334352526840e-04,1.699994938410345213e+01,1.699924666614233004e+01,1.547423636836716554e+01,1.107036950998008251e-08,2.063710231562083663e+00,0.000000000000000000e+00
2.862283334352526865e-04,1.699994938410346634e+01,1.699924666616883329e+01,1.547355457690599145e+01,1.107764546759426594e-08,2.063710231562099651e+00,0.000000000000000000e+00
2.863283334352526889e-04,1.699994938410349121e+01,1.699924666619508784e+01,1.547287278544513001e+01,1.107400748878717422e-08,2.063710231562122743e+00,0.000000000000000000e+00
2.864283334352526913e-04,1.699994938410352319e+01,1.699924666622132463e+01,1.547219099398457764e+01,1.106673153117299080e-08,2.063710231562147612e+00,0.000000000000000000e+00
2.865283334352526938e-04,1.699994938410353740e+01,1.699924666624705694e+01,1.547150920252433082e+01,1.107764546759426594e-08,2.063710231562163600e+00,0.000000000000000000e+00
2.866283334352526962e-04,1.699994938410355871e+01,1.699924666627255121e+01,1.547082741106439485e+01,1.107036950998008251e-08,2.063710231562183139e+00,0.000000000000000000e+00
2.867283334352526986e-04,1.699994938410356582e+01,1.699924666629778258e+01,1.547014561960477153e+01,1.106673153117299080e-08,2.063710231562184916e+00,0.000000000000000000e+00
2.868283334352527011e-04,1.699994938410362266e+01,1.699924666632306014e+01,1.546946382814545728e+01,1.106673153117299080e-08,2.063710231562245312e+00,0.000000000000000000e+00
2.869283334352527035e-04,1.699994938410367595e+01,1.699924666634808545e+01,1.546878203668645213e+01,1.107036950998008251e-08,2.063710231562295050e+00,0.000000000000000000e+00
2.870283334352527059e-04,1.699994938410367595e+01,1.699924666637258852e+01,1.546810024522775606e+01,1.107036950998008251e-08,2.063710231562293274e+00,0.000000000000000000e+00
2.871283334352527083e-04,1.699994938410371148e+01,1.699924666639711646e+01,1.546741845376936730e+01,1.106673153117299080e-08,2.063710231562327024e+00,0.000000000000000000e+00
2.872283334352527108e-04,1.699994938410367595e+01,1.699924666642086990e+01,1.546673666231129118e+01,1.107764546759426594e-08,2.063710231562286168e+00,0.000000000000000000e+00
2.873283334352527132e-04,1.699994938410370793e+01,1.699924666644492888e+01,1.546605487085352593e+01,1.106673153117299080e-08,2.063710231562312813e+00,0.000000000000000000e+00
2.874283334352527156e-04,1.699994938410373280e+01,1.699924666646851179e+01,1.546537307939606976e+01,1.106673153117299080e-08,2.063710231562339459e+00,0.000000000000000000e+00
2.875283334352527181e-04,1.699994938410380740e+01,1.699924666649214444e+01,1.546469128793892267e+01,1.107036950998008251e-08,2.063710231562412289e+00,0.000000000000000000e+00
2.876283334352527205e-04,1.699994938410378964e+01,1.699924666651499550e+01,1.546400949648208822e+01,1.107036950998008251e-08,2.063710231562390973e+00,0.000000000000000000e+00
2.877283334352527229e-04,1.699994938410385359e+01,1.699924666653817340e+01,1.546332770502556109e+01,1.105945557355880737e-08,2.063710231562460251e+00,0.000000000000000000e+00
2.878283334352527254e-04,1.699994938410390688e+01,1.699924666656111327e+01,1.546264591356934481e+01,1.106309355236589909e-08,2.063710231562509989e+00,0.000000000000000000e+00
2.879283334352527278e-04,1.699994938410392820e+01,1.699924666658357708e+01,1.546196412211343940e+01,1.107400748878717422e-08,2.063710231562533082e+00,0.000000000000000000e+00
2.880283334352527302e-04,1.699994938410395307e+01,1.699924666660582417e+01,1.546128233065783952e+01,1.105581759475171566e-08,2.063710231562556174e+00,0.000000000000000000e+00
2.881283334352527327e-04,1.699994938410400636e+01,1.699924666662812101e+01,1.546060053920255228e+01,1.105945557355880737e-08,2.063710231562607689e+00,0.000000000000000000e+00
2.882283334352527351e-04,1.699994938410401346e+01,1.699924666664992046e+01,1.545991874774757591e+01,1.107036950998008251e-08,2.063710231562611241e+00,0.000000000000000000e+00
2.883283334352527375e-04,1.699994938410402057e+01,1.699924666667151030e+01,1.545923695629290506e+01,1.106673153117299080e-08,2.063710231562614794e+00,0.000000000000000000e+00
2.884283334352527399e-04,1.699994938410406320e+01,1.699924666669315698e+01,1.545855516483854331e+01,1.105581759475171566e-08,2.063710231562653874e+00,0.000000000000000000e+00
2.885283334352527424e-04,1.699994938410406675e+01,1.699924666671432760e+01,1.545787337338449419e+01,1.106673153117299080e-08,2.063710231562653874e+00,0.000000000000000000e+00
2.886283334352527448e-04,1.699994938410413425e+01,1.699924666673558704e+01,1.545719158193075415e+01,1.106309355236589909e-08,2.063710231562726705e+00,0.000000000000000000e+00
2.887283334352527472e-04,1.699994938410415202e+01,1.699924666675635621e+01,1.545650979047732676e+01,1.106673153117299080e-08,2.063710231562737363e+00,0.000000000000000000e+00
2.888283334352527497e-04,1.699994938410417333e+01,1.699924666677692997e+01,1.545582799902420490e+01,1.105581759475171566e-08,2.063710231562760455e+00,0.000000000000000000e+00
2.889283334352527521e-04,1.699994938410423018e+01,1.699924666679757124e+01,1.545514620757139568e+01,1.105945557355880737e-08,2.063710231562819075e+00,0.000000000000000000e+00
2.890283334352527545e-04,1.699994938410424083e+01,1.699924666681773644e+01,1.545446441611889554e+01,1.106309355236589909e-08,2.063710231562829733e+00,0.000000000000000000e+00
2.891283334352527570e-04,1.699994938410424794e+01,1.699924666683770269e+01,1.545378262466670449e+01,1.106309355236589909e-08,2.063710231562835062e+00,0.000000000000000000e+00
2.892283334352527594e-04,1.699994938410426570e+01,1.699924666685748775e+01,1.545310083321482253e+01,1.105217961594462395e-08,2.063710231562851050e+00,0.000000000000000000e+00
2.893283334352527618e-04,1.699994938410432255e+01,1.699924666687735453e+01,1.545241904176324610e+01,1.104854163713753223e-08,2.063710231562909669e+00,0.000000000000000000e+00
2.894283334352527643e-04,1.699994938410433321e+01,1.699924666689674879e+01,1.545173725031198764e+01,1.106309355236589909e-08,2.063710231562916775e+00,0.000000000000000000e+00
2.895283334352527667e-04,1.699994938410436873e+01,1.699924666691621766e+01,1.545105545886103826e+01,1.105945557355880737e-08,2.063710231562950526e+00,0.000000000000000000e+00
2.896283334352527691e-04,1.699994938410436873e+01,1.699924666693523179e+01,1.545037366741039442e+01,1.105945557355880737e-08,2.063710231562945197e+00,0.000000000000000000e+00
2.897283334352527715e-04,1.699994938410440426e+01,1.699924666695433118e+01,1.544969187596006144e+01,1.105217961594462395e-08,2.063710231562978947e+00,0.000000000000000000e+00
2.898283334352527740e-04,1.699994938410442558e+01,1.699924666697299713e+01,1.544901008451003932e+01,1.105945557355880737e-08,2.063710231563000264e+00,0.000000000000000000e+00
2.899283334352527764e-04,1.699994938410448242e+01,1.699924666699175191e+01,1.544832829306032451e+01,1.104854163713753223e-08,2.063710231563057107e+00,0.000000000000000000e+00
2.900283334352527788e-04,1.699994938410450374e+01,1.699924666701005549e+01,1.544764650161092234e+01,1.105945557355880737e-08,2.063710231563078423e+00,0.000000000000000000e+00
2.901283334352527813e-04,1.699994938410451084e+01,1.699924666702817078e+01,1.544696471016182926e+01,1.105945557355880737e-08,2.063710231563087305e+00,0.000000000000000000e+00
2.902283334352527837e-04,1.699994938410452150e+01,1.699924666704611553e+01,1.544628291871304526e+01,1.105581759475171566e-08,2.063710231563099740e+00,0.000000000000000000e+00
2.903283334352527861e-04,1.699994938410453216e+01,1.699924666706388976e+01,1.544560112726456680e+01,1.105217961594462395e-08,2.063710231563106845e+00,0.000000000000000000e+00
2.904283334352527886e-04,1.699994938410456768e+01,1.699924666708175636e+01,1.544491933581640097e+01,1.105217961594462395e-08,2.063710231563140596e+00,0.000000000000000000e+00
2.905283334352527910e-04,1.699994938410460676e+01,1.699924666709944887e+01,1.544423754436854601e+01,1.105217961594462395e-08,2.063710231563179676e+00,0.000000000000000000e+00
2.906283334352527934e-04,1.699994938410459966e+01,1.699924666711669019e+01,1.544355575292100013e+01,1.105217961594462395e-08,2.063710231563172570e+00,0.000000000000000000e+00
2.907283334352527959e-04,1.699994938410462098e+01,1.699924666713379651e+01,1.544287396147376512e+01,1.105217961594462395e-08,2.063710231563199216e+00,0.000000000000000000e+00
2.908283334352527983e-04,1.699994938410465295e+01,1.699924666715074650e+01,1.544219217002683919e+01,1.105217961594462395e-08,2.063710231563227637e+00,0.000000000000000000e+00
2.909283334352528007e-04,1.699994938410472400e+01,1.699924666716780308e+01,1.544151037858022413e+01,1.104490365833044052e-08,2.063710231563302244e+00,0.000000000000000000e+00
2.910283334352528031e-04,1.699994938410473821e+01,1.699924666718441202e+01,1.544082858713391637e+01,1.105217961594462395e-08,2.063710231563309350e+00,0.000000000000000000e+00
2.911283334352528056e-04,1.699994938410477729e+01,1.699924666720111688e+01,1.544014679568791948e+01,1.104854163713753223e-08,2.063710231563346653e+00,0.000000000000000000e+00
2.912283334352528080e-04,1.699994938410477729e+01,1.699924666721738475e+01,1.543946500424223522e+01,1.105945557355880737e-08,2.063710231563343100e+00,0.000000000000000000e+00
2.913283334352528104e-04,1.699994938410479861e+01,1.699924666723352118e+01,1.543878321279686006e+01,1.105217961594462395e-08,2.063710231563366193e+00,0.000000000000000000e+00
2.914283334352528129e-04,1.699994938410480572e+01,1.699924666724948707e+01,1.543810142135179042e+01,1.104126567952334881e-08,2.063710231563367969e+00,0.000000000000000000e+00
2.915283334352528153e-04,1.699994938410485190e+01,1.699924666726557376e+01,1.543741962990702987e+01,1.104490365833044052e-08,2.063710231563408826e+00,0.000000000000000000e+00
2.916283334352528177e-04,1.699994938410485901e+01,1.699924666728123768e+01,1.543673783846258374e+01,1.105217961594462395e-08,2.063710231563414155e+00,0.000000000000000000e+00
2.917283334352528202e-04,1.699994938410488032e+01,1.699924666729676659e+01,1.543605604701844669e+01,1.104854163713753223e-08,2.063710231563435471e+00,0.000000000000000000e+00
2.918283334352528226e-04,1.699994938410491940e+01,1.699924666731239498e+01,1.543537425557461873e+01,1.104490365833044052e-08,2.063710231563469222e+00,0.000000000000000000e+00
2.919283334352528250e-04,1.699994938410494072e+01,1.699924666732761835e+01,1.543469246413110163e+01,1.104854163713753223e-08,2.063710231563488762e+00,0.000000000000000000e+00
2.920283334352528275e-04,1.699994938410496914e+01,1.699924666734270318e+01,1.543401067268789362e+01,1.104854163713753223e-08,2.063710231563520736e+00,0.000000000000000000e+00
2.921283334352528299e-04,1.699994938410504375e+01,1.699924666735792300e+01,1.543332888124498936e+01,1.103398972190916538e-08,2.063710231563593567e+00,0.000000000000000000e+00
2.922283334352528323e-04,1.699994938410506506e+01,1.699924666737272005e+01,1.543264708980240130e+01,1.104490365833044052e-08,2.063710231563609554e+00,0.000000000000000000e+00
2.923283334352528347e-04,1.699994938410510770e+01,1.699924666738762369e+01,1.543196529836012232e+01,1.104854163713753223e-08,2.063710231563648634e+00,0.000000000000000000e+00
2.924283334352528372e-04,1.699994938410510414e+01,1.699924666740210455e+01,1.543128350691814710e+01,1.103398972190916538e-08,2.063710231563641528e+00,0.000000000000000000e+00
2.925283334352528396e-04,1.699994938410511836e+01,1.699924666741646817e+01,1.543060171547648096e+01,1.104126567952334881e-08,2.063710231563662845e+00,0.000000000000000000e+00
2.926283334352528420e-04,1.699994938410516099e+01,1.699924666743095614e+01,1.542991992403512569e+01,1.103762770071625710e-08,2.063710231563705477e+00,0.000000000000000000e+00
2.927283334352528445e-04,1.699994938410519651e+01,1.699924666744529844e+01,1.542923813259408305e+01,1.104126567952334881e-08,2.063710231563739228e+00,0.000000000000000000e+00
2.928283334352528469e-04,1.699994938410515743e+01,1.699924666745896573e+01,1.542855634115335128e+01,1.104126567952334881e-08,2.063710231563701925e+00,0.000000000000000000e+00
2.929283334352528493e-04,1.699994938410520007e+01,1.699924666747304514e+01,1.542787454971292505e+01,1.103762770071625710e-08,2.063710231563746333e+00,0.000000000000000000e+00
2.930283334352528518e-04,1.699994938410523559e+01,1.699924666748698598e+01,1.542719275827281322e+01,1.103762770071625710e-08,2.063710231563780084e+00,0.000000000000000000e+00
2.931283334352528542e-04,1.699994938410520717e+01,1.699924666750026248e+01,1.542651096683301404e+01,1.105217961594462395e-08,2.063710231563753439e+00,0.000000000000000000e+00
2.932283334352528566e-04,1.699994938410525336e+01,1.699924666751395108e+01,1.542582917539352039e+01,1.102671376429498196e-08,2.063710231563804953e+00,0.000000000000000000e+00
2.933283334352528591e-04,1.699994938410527467e+01,1.699924666752724534e+01,1.542514738395433760e+01,1.104126567952334881e-08,2.063710231563828046e+00,0.000000000000000000e+00
2.934283334352528615e-04,1.699994938410529244e+01,1.699924666754040814e+01,1.542446559251546390e+01,1.103762770071625710e-08,2.063710231563840480e+00,0.000000000000000000e+00
2.935283334352528639e-04,1.699994938410532441e+01,1.699924666755369529e+01,1.542378380107689750e+01,1.103035174310207367e-08,2.063710231563870678e+00,0.000000000000000000e+00
2.936283334352528663e-04,1.699994938410534573e+01,1.699924666756660940e+01,1.542310200963864197e+01,1.104490365833044052e-08,2.063710231563895547e+00,0.000000000000000000e+00
2.937283334352528688e-04,1.699994938410539191e+01,1.699924666757965852e+01,1.542242021820069553e+01,1.103035174310207367e-08,2.063710231563931075e+00,0.000000000000000000e+00
2.938283334352528712e-04,1.699994938410541323e+01,1.699924666759232750e+01,1.542173842676306350e+01,1.104126567952334881e-08,2.063710231563950614e+00,0.000000000000000000e+00
2.939283334352528736e-04,1.699994938410544520e+01,1.699924666760488634e+01,1.542105663532573523e+01,1.103398972190916538e-08,2.063710231563984365e+00,0.000000000000000000e+00
2.940283334352528761e-04,1.699994938410548784e+01,1.699924666761756953e+01,1.542037484388871249e+01,1.103398972190916538e-08,2.063710231564019892e+00,0.000000000000000000e+00
2.941283334352528785e-04,1.699994938410548073e+01,1.699924666762984771e+01,1.541969305245200417e+01,1.103035174310207367e-08,2.063710231564011011e+00,0.000000000000000000e+00
2.942283334352528809e-04,1.699994938410549494e+01,1.699924666764202996e+01,1.541901126101560848e+01,1.103398972190916538e-08,2.063710231564026998e+00,0.000000000000000000e+00
2.943283334352528834e-04,1.699994938410555179e+01,1.699924666765437919e+01,1.541832946957951833e+01,1.102671376429498196e-08,2.063710231564085618e+00,0.000000000000000000e+00
2.944283334352528858e-04,1.699994938410559442e+01,1.699924666766659342e+01,1.541764767814373904e+01,1.103762770071625710e-08,2.063710231564122921e+00,0.000000000000000000e+00
2.945283334352528882e-04,1.699994938410560508e+01,1.699924666767842041e+01,1.541696588670827239e+01,1.103762770071625710e-08,2.063710231564131803e+00,0.000000000000000000e+00
2.946283334352528907e-04,1.699994938410562284e+01,1.699924666769014436e+01,1.541628409527311483e+01,1.103398972190916538e-08,2.063710231564146014e+00,0.000000000000000000e+00
2.947283334352528931e-04,1.699994938410564060e+01,1.699924666770175463e+01,1.541560230383826813e+01,1.102671376429498196e-08,2.063710231564160225e+00,0.000000000000000000e+00
2.948283334352528955e-04,1.699994938410568679e+01,1.699924666771351411e+01,1.541492051240372518e+01,1.102307578548789024e-08,2.063710231564209963e+00,0.000000000000000000e+00
2.949283334352528979e-04,1.699994938410569745e+01,1.699924666772490056e+01,1.541423872096949310e+01,1.103035174310207367e-08,2.063710231564222397e+00,0.000000000000000000e+00
2.950283334352529004e-04,1.699994938410571521e+01,1.699924666773618043e+01,1.541355692953557011e+01,1.103035174310207367e-08,2.063710231564238384e+00,0.000000000000000000e+00
2.951283334352529028e-04,1.699994938410576850e+01,1.699924666774762017e+01,1.541287513810196153e+01,1.103035174310207367e-08,2.063710231564291675e+00,0.000000000000000000e+00
2.952283334352529052e-04,1.699994938410578627e+01,1.699924666775868332e+01,1.541219334666866558e+01,1.103398972190916538e-08,2.063710231564309439e+00,0.000000000000000000e+00
2.953283334352529077e-04,1.699994938410583245e+01,1.699924666776990989e+01,1.541151155523567340e+01,1.102671376429498196e-08,2.063710231564350295e+00,0.000000000000000000e+00
2.954283334352529101e-04,1.699994938410583956e+01,1.699924666778076343e+01,1.541082976380299030e+01,1.102671376429498196e-08,2.063710231564353847e+00,0.000000000000000000e+00
2.955283334352529125e-04,1.699994938410585021e+01,1.699924666779151750e+01,1.541014797237061984e+01,1.102307578548789024e-08,2.063710231564362729e+00,0.000000000000000000e+00
2.956283334352529150e-04,1.699994938410587153e+01,1.699924666780241012e+01,1.540946618093855847e+01,1.102671376429498196e-08,2.063710231564380493e+00,0.000000000000000000e+00
2.957283334352529174e-04,1.699994938410587864e+01,1.699924666781295102e+01,1.540878438950680795e+01,1.103035174310207367e-08,2.063710231564391151e+00,0.000000000000000000e+00
2.958283334352529198e-04,1.699994938410589640e+01,1.699924666782340310e+01,1.540810259807536653e+01,1.101579982787370682e-08,2.063710231564410691e+00,0.000000000000000000e+00
2.959283334352529223e-04,1.699994938410594258e+01,1.699924666783401506e+01,1.540742080664422886e+01,1.101579982787370682e-08,2.063710231564455100e+00,0.000000000000000000e+00
2.960283334352529247e-04,1.699994938410594969e+01,1.699924666784425398e+01,1.540673901521340028e+01,1.102307578548789024e-08,2.063710231564458653e+00,0.000000000000000000e+00
2.961283334352529271e-04,1.699994938410594969e+01,1.699924666785438987e+01,1.540605722378288966e+01,1.102671376429498196e-08,2.063710231564458653e+00,0.000000000000000000e+00
2.962283334352529295e-04,1.699994938410597101e+01,1.699924666786444405e+01,1.540537543235268814e+01,1.101579982787370682e-08,2.063710231564481745e+00,0.000000000000000000e+00
2.963283334352529320e-04,1.699994938410605982e+01,1.699924666787493877e+01,1.540469364092279037e+01,1.101216184906661510e-08,2.063710231564570563e+00,0.000000000000000000e+00
2.964283334352529344e-04,1.699994938410603496e+01,1.699924666788452043e+01,1.540401184949321056e+01,1.103398972190916538e-08,2.063710231564545694e+00,0.000000000000000000e+00
2.965283334352529368e-04,1.699994938410608114e+01,1.699924666789454619e+01,1.540333005806393629e+01,1.101579982787370682e-08,2.063710231564591879e+00,0.000000000000000000e+00
2.966283334352529393e-04,1.699994938410608825e+01,1.699924666790420247e+01,1.540264826663497288e+01,1.102307578548789024e-08,2.063710231564598985e+00,0.000000000000000000e+00
2.967283334352529417e-04,1.699994938410613443e+01,1.699924666791404348e+01,1.540196647520631679e+01,1.101943780668079853e-08,2.063710231564643394e+00,0.000000000000000000e+00
2.968283334352529441e-04,1.699994938410614509e+01,1.699924666792352212e+01,1.540128468377796978e+01,1.103035174310207367e-08,2.063710231564655828e+00,0.000000000000000000e+00
2.969283334352529466e-04,1.699994938410619127e+01,1.699924666793318195e+01,1.540060289234993007e+01,1.101579982787370682e-08,2.063710231564698461e+00,0.000000000000000000e+00
2.970283334352529490e-04,1.699994938410619483e+01,1.699924666794247585e+01,1.539992110092220123e+01,1.102307578548789024e-08,2.063710231564702013e+00,0.000000000000000000e+00
2.971283334352529514e-04,1.699994938410620904e+01,1.699924666795169159e+01,1.539923930949478681e+01,1.102671376429498196e-08,2.063710231564712672e+00,0.000000000000000000e+00
2.972283334352529539e-04,1.699994938410624457e+01,1.699924666796083983e+01,1.539855751806767969e+01,1.101579982787370682e-08,2.063710231564749975e+00,0.000000000000000000e+00
2.973283334352529563e-04,1.699994938410625167e+01,1.699924666796987793e+01,1.539787572664088700e+01,1.101216184906661510e-08,2.063710231564751751e+00,0.000000000000000000e+00
2.974283334352529587e-04,1.699994938410629430e+01,1.699924666797909723e+01,1.539719393521439272e+01,1.100124791264533997e-08,2.063710231564796160e+00,0.000000000000000000e+00
2.975283334352529611e-04,1.699994938410632628e+01,1.699924666798822059e+01,1.539651214378821464e+01,1.101216184906661510e-08,2.063710231564824582e+00,0.000000000000000000e+00
2.976283334352529636e-04,1.699994938410632628e+01,1.699924666799699224e+01,1.539583035236234920e+01,1.102671376429498196e-08,2.063710231564824582e+00,0.000000000000000000e+00
2.977283334352529660e-04,1.699994938410633694e+01,1.699924666800568929e+01,1.539514856093679640e+01,1.101943780668079853e-08,2.063710231564838793e+00,0.000000000000000000e+00
2.978283334352529684e-04,1.699994938410634759e+01,1.699924666801430462e+01,1.539446676951154735e+01,1.101216184906661510e-08,2.063710231564849451e+00,0.000000000000000000e+00
2.979283334352529709e-04,1.699994938410639378e+01,1.699924666802310824e+01,1.539378497808660562e+01,1.101579982787370682e-08,2.063710231564895636e+00,0.000000000000000000e+00
2.980283334352529733e-04,1.699994938410640799e+01,1.699924666803156015e+01,1.539310318666198185e+01,1.102307578548789024e-08,2.063710231564904518e+00,0.000000000000000000e+00
2.981283334352529757e-04,1.699994938410645773e+01,1.699924666804020390e+01,1.539242139523766539e+01,1.101579982787370682e-08,2.063710231564954256e+00,0.000000000000000000e+00
2.982283334352529782e-04,1.699994938410645773e+01,1.699924666804848172e+01,1.539173960381365802e+01,1.101579982787370682e-08,2.063710231564954256e+00,0.000000000000000000e+00
2.983283334352529806e-04,1.699994938410648615e+01,1.699924666805694429e+01,1.539105781238995441e+01,1.100488589145243168e-08,2.063710231564980901e+00,0.000000000000000000e+00
2.984283334352529830e-04,1.699994938410649681e+01,1.699924666806507645e+01,1.539037602096656343e+01,1.101943780668079853e-08,2.063710231564993336e+00,0.000000000000000000e+00
2.985283334352529854e-04,1.699994938410650036e+01,1.699924666807312335e+01,1.538969422954348332e+01,1.101579982787370682e-08,2.063710231564995112e+00,0.000000000000000000e+00
2.986283334352529879e-04,1.699994938410651102e+01,1.699924666808110629e+01,1.538901243812070874e+01,1.101216184906661510e-08,2.063710231565000441e+00,0.000000000000000000e+00
2.987283334352529903e-04,1.699994938410655365e+01,1.699924666808927753e+01,1.538833064669824680e+01,1.101579982787370682e-08,2.063710231565039521e+00,0.000000000000000000e+00
2.988283334352529927e-04,1.699994938410655720e+01,1.699924666809710061e+01,1.538764885527609749e+01,1.101943780668079853e-08,2.063710231565037745e+00,0.000000000000000000e+00
2.989283334352529952e-04,1.699994938410657852e+01,1.699924666810486684e+01,1.538696706385425728e+01,1.100852387025952339e-08,2.063710231565060838e+00,0.000000000000000000e+00
2.990283334352529976e-04,1.699994938410663892e+01,1.699924666811283558e+01,1.538628527243272615e+01,1.100852387025952339e-08,2.063710231565123010e+00,0.000000000000000000e+00
2.991283334352530000e-04,1.699994938410665668e+01,1.699924666812045615e+01,1.538560348101150410e+01,1.101579982787370682e-08,2.063710231565142550e+00,0.000000000000000000e+00
2.992283334352530025e-04,1.699994938410671352e+01,1.699924666812827212e+01,1.538492168959059114e+01,1.100488589145243168e-08,2.063710231565199393e+00,0.000000000000000000e+00
2.993283334352530049e-04,1.699994938410672418e+01,1.699924666813573637e+01,1.538423989816999082e+01,1.101216184906661510e-08,2.063710231565206499e+00,0.000000000000000000e+00
2.994283334352530073e-04,1.699994938410676681e+01,1.699924666814339957e+01,1.538355810674969959e+01,1.101216184906661510e-08,2.063710231565247355e+00,0.000000000000000000e+00
2.995283334352530098e-04,1.699994938410677392e+01,1.699924666815072882e+01,1.538287631532972100e+01,1.101216184906661510e-08,2.063710231565254460e+00,0.000000000000000000e+00
2.996283334352530122e-04,1.699994938410679168e+01,1.699924666815798702e+01,1.538219452391004793e+01,1.100852387025952339e-08,2.063710231565274000e+00,0.000000000000000000e+00
2.997283334352530146e-04,1.699994938410681300e+01,1.699924666816518481e+01,1.538151273249068396e+01,1.100852387025952339e-08,2.063710231565295317e+00,0.000000000000000000e+00
2.998283334352530170e-04,1.699994938410685563e+01,1.699924666817256735e+01,1.538083094107162552e+01,1.099760993383824825e-08,2.063710231565339726e+00,0.000000000000000000e+00
2.999141667176265496e-04,1.699994938410685563e+01,1.699924666817857144e+01,1.538024573711795639e+01,1.098669599741697311e-08,2.063710231565343278e+00,0.000000000000000000e+00
3.000000000000000279e-04,1.699994938410690537e+01,1.699924666818481001e+01,1.537966053316451109e+01,1.100124791264533997e-08,2.063710231565401898e+00,0.000000000000000000e+00
