t_s,VS_V,GATE_V,VPROT_V,Q1_channel_A,Q2_gate_V,ENABLE_V
0.000000000000000000e+00,8.999995596365259587e+00,8.999995578328343626e+00,3.883127242534527636e-10,1.012346368304186567e-09,1.937436182776117732e-01,0.000000000000000000e+00
1.328000000000000025e-04,8.999995596365318207e+00,8.999995578328407575e+00,3.883127238626937279e-10,1.012346366836457141e-09,1.937436182776073323e-01,0.000000000000000000e+00
3.328000000000002289e-04,8.999995596365318207e+00,8.999995578328409351e+00,3.883127244648655491e-10,1.012346370039386499e-09,1.937436182776179905e-01,0.000000000000000000e+00
5.328000000000006993e-04,8.999995596365321759e+00,8.999995578328412904e+00,3.883127245534916962e-10,1.012346366531856152e-09,1.937436182776188787e-01,0.000000000000000000e+00
7.328000000000012238e-04,8.999995596365321759e+00,8.999995578328412904e+00,3.883127245534916962e-10,1.012346366531856152e-09,1.937436182776188787e-01,0.000000000000000000e+00
9.328000000000017484e-04,8.999995596365321759e+00,8.999995578328412904e+00,3.883127245534916962e-10,1.012346366531856152e-09,1.937436182776188787e-01,0.000000000000000000e+00
1.000017637238868190e-03,8.999995619954606951e+00,8.999995625456886472e+00,3.908401099519653536e-10,1.018155700566732459e-09,1.937457106136255547e-01,2.700000000000000178e+00
1.001464464292023101e-03,8.999899451406280448e+00,8.999818706457929807e+00,-8.896833983814859918e-09,8.729680641776221004e-10,3.975291491788802034e+00,2.700000000000000178e+00
1.003759924894081796e-03,8.999761071674951651e+00,9.002072321324359194e+00,1.065632237649045940e-07,9.843683253772401304e-10,8.929306707620495942e+00,2.700000000000000178e+00
1.113088675528885142e-03,8.999750869655155583e+00,8.992834818448903533e+00,-1.248625530611820278e-07,9.441487364298393244e-10,8.946485865348995148e+00,2.700000000000000178e+00
1.313088675528885666e-03,8.999750878095806428e+00,8.975890751129071532e+00,-1.294108227134569725e-07,9.963654456408865302e-10,8.946485876850550412e+00,2.700000000000000178e+00
1.513088675528886191e-03,8.999750886516231674e+00,8.958985444594681269e+00,-1.291082176083881510e-07,1.069368671731570335e-09,8.946485888330336422e+00,2.700000000000000178e+00
1.713088675528886716e-03,8.999750894915980126e+00,8.942118778523694189e+00,-1.287993153455156103e-07,1.171385271895827081e-09,8.946485899780476814e+00,2.700000000000000178e+00
1.913088675528887240e-03,8.999750903294456705e+00,8.925290644257655615e+00,-1.284860749543608695e-07,1.313866971481143483e-09,8.946485911201124352e+00,2.700000000000000178e+00
2.113088675528887548e-03,8.999750911651185348e+00,8.908500940663602208e+00,-1.281664239065675945e-07,1.512741635047978785e-09,8.946485922592259499e+00,2.700000000000000178e+00
2.313088675528888073e-03,8.999750919984782271e+00,8.891749571497337357e+00,-1.278375144502880553e-07,1.790145766052218118e-09,8.946485933952772029e+00,2.700000000000000178e+00
2.513088675528888597e-03,8.999750928293806851e+00,8.875036443760913940e+00,-1.274954148032909589e-07,2.176820663950100078e-09,8.946485945281478891e+00,2.700000000000000178e+00
2.713088675528889122e-03,8.999750936576340621e+00,8.858361466301406750e+00,-1.271346861894389508e-07,2.715424138284095248e-09,8.946485956576548659e+00,2.700000000000000178e+00
2.913088675528889646e-03,8.999750944829363775e+00,8.841724549578104941e+00,-1.267477900793403821e-07,3.465103786332225004e-09,8.946485967835085873e+00,2.700000000000000178e+00
3.113088675528890171e-03,8.999750953048774704e+00,8.825125605337445833e+00,-1.263242898202649355e-07,4.507807529345370014e-09,8.946485979053077742e+00,2.700000000000000178e+00
3.313088675528890695e-03,8.999750961229109336e+00,8.808564546119795224e+00,-1.258497424462305050e-07,5.956984154560060517e-09,8.946485990225077956e+00,2.700000000000000178e+00
3.513088675528891220e-03,8.999750969362215969e+00,8.792041284984586369e+00,-1.253041691729157932e-07,7.969569851948077105e-09,8.946486001342996985e+00,2.700000000000000178e+00
3.713088675528891745e-03,8.999750977437818378e+00,8.775555735325609064e+00,-1.246599543583364656e-07,1.076248786597254481e-08,8.946486012396574594e+00,2.700000000000000178e+00
3.913088675528891835e-03,8.999750985440625684e+00,8.759107810851777032e+00,-1.238789535235541702e-07,1.463534229266208074e-08,8.946486023370528784e+00,2.700000000000000178e+00
4.113088675528883686e-03,8.999750993350152939e+00,8.742697425534746714e+00,-1.229085198375828996e-07,2.000160548136587836e-08,8.946486034244404806e+00,2.700000000000000178e+00
4.313088675528875537e-03,8.999751001137783035e+00,8.726324493576507635e+00,-1.216760483526955187e-07,2.743144204617713059e-08,8.946486044989590880e+00,2.700000000000000178e+00
4.513088675528867388e-03,8.999751008764672378e+00,8.709988929379443690e+00,-1.200814888951966685e-07,3.771046131354895505e-08,8.946486055567243412e+00,2.700000000000000178e+00
4.713088675528859239e-03,8.999751016176412932e+00,8.693690647549797035e+00,-1.179870816167506680e-07,5.192025313967570219e-08,8.946486065922959696e+00,2.700000000000000178e+00
4.913088675528851090e-03,8.999751023298983910e+00,8.677429562899867221e+00,-1.152032990832476177e-07,7.154868575744266599e-08,8.946486075982736708e+00,2.700000000000000178e+00
5.113088675528842941e-03,8.999751030030221699e+00,8.661205590403573851e+00,-1.114696070366448509e-07,9.864082785467336717e-08,8.946486085644391295e+00,2.700000000000000178e+00
5.313088675528834792e-03,8.999751036229811874e+00,8.645018645209532338e+00,-1.064281605766472620e-07,1.360052645164924057e-07,8.946486094767578834e+00,2.700000000000000178e+00
5.513088675528826643e-03,8.999751041705188470e+00,8.628868642587496751e+00,-9.958787476692120406e-08,1.874958678222553749e-07,8.946486103159720926e+00,2.700000000000000178e+00
5.713088675528818494e-03,8.999751046192576709e+00,8.612755497970409735e+00,-9.027539820239414914e-08,2.583962332697835188e-07,8.946486110557010818e+00,2.700000000000000178e+00
5.913088675528810345e-03,8.999751049330310337e+00,8.596679126867437404e+00,-7.756828271795754112e-08,3.559436449760417626e-07,8.946486116597679228e+00,2.700000000000000178e+00
6.113088675528802196e-03,8.999751050623791215e+00,8.580639444887365741e+00,-6.020398105578875126e-08,4.900424320663041976e-07,8.946486120787083607e+00,2.700000000000000178e+00
6.313088675528794047e-03,8.999751049396357061e+00,8.564636367622709301e+00,-3.645607534308661208e-08,6.742340614255316018e-07,8.946486122448391143e+00,2.700000000000000178e+00
6.513088675528785898e-03,8.999751044724167315e+00,8.548669810629657917e+00,-3.966132153343063366e-09,9.270147620973867164e-07,8.946486120657574759e+00,2.700000000000000178e+00
6.713088675528777749e-03,8.999751035346093886e+00,8.532739689367065949e+00,4.048442300016767903e-08,1.273622868784721306e-06,8.946486114153234581e+00,2.700000000000000178e+00
6.913088675528769600e-03,8.999751019543822395e+00,8.516845918989682573e+00,1.012833917244628692e-07,1.748459977049085821e-06,8.946486101216711617e+00,2.700000000000000178e+00
7.113088675528761451e-03,8.999750994977114615e+00,8.500988414293189521e+00,1.844059567105395067e-07,2.398365757295201956e-06,8.946486079507229405e+00,2.700000000000000178e+00
7.313088675528753302e-03,8.999750958463348383e+00,8.485167089441508992e+00,2.979794857092055031e-07,3.287040244432295880e-06,8.946486045841474777e+00,2.700000000000000178e+00
7.513088675528745153e-03,8.999750905680288682e+00,8.469381857701277383e+00,4.530450878253636368e-07,4.501005105238975066e-06,8.946485995896257037e+00,2.700000000000000178e+00
7.713088675528737004e-03,8.999750830764229548e+00,8.453632631061028135e+00,6.645824918174573849e-07,6.157623868291217445e-06,8.946485923806575258e+00,2.700000000000000178e+00
7.913088675528728855e-03,8.999750725772930338e+00,8.437919319707454235e+00,9.528863852940656663e-07,8.415869169853338726e-06,8.946485821628410662e+00,2.700000000000000178e+00
8.113088675528720706e-03,8.999750579964588937e+00,8.422241831337332840e+00,1.345410419604512445e-06,1.149074358981595572e-05,8.946485678617568382e+00,2.700000000000000178e+00
8.313088675528712557e-03,8.999750378835887688e+00,8.406600070219733212e+00,1.879231357395717990e-06,1.567254275743485683e-05,8.946485480267504897e+00,2.700000000000000178e+00
8.513088675528704408e-03,8.999750102839875865e+00,8.390993936033362743e+00,2.604332313031392736e-06,2.135251047274153244e-05,8.946485207026885433e+00,2.700000000000000178e+00
8.713088675528696259e-03,8.999749725684406343e+00,8.375423322157871553e+00,3.587963053909961472e-06,2.905689326387070944e-05,8.946484832597681347e+00,2.700000000000000178e+00
8.913088675528688110e-03,8.999749212082351235e+00,8.359888113588791470e+00,4.920409308378136501e-06,3.949197451245185959e-05,8.946484321684840424e+00,2.700000000000000178e+00
9.113088675528679961e-03,8.999748514788374010e+00,8.344388184077411452e+00,6.722594508252223331e-06,5.360337501700697220e-05,8.946483627032439045e+00,2.700000000000000178e+00
9.313088675528671811e-03,8.999747570716717604e+00,8.328923392413978277e+00,9.156048488761857652e-06,7.265376241888518369e-05,8.946482685540550150e+00,2.700000000000000178e+00
9.513088675528663662e-03,8.999746295880214575e+00,8.313493577610220342e+00,1.243590955659342213e-05,9.832412411840316634e-05,8.946481413203184019e+00,2.700000000000000178e+00
9.713088675528655513e-03,8.999744578837884035e+00,8.298098552645360115e+00,1.684777840816784498e-05,1.328449197269521674e-04,8.946479698554306026e+00,2.700000000000000178e+00
9.913088675528647364e-03,8.999742272268338894e+00,8.282738096384424153e+00,2.276941090117653999e-05,1.791647072407038209e-04,8.946477394239414238e+00,2.700000000000000178e+00
1.011308867552863922e-02,8.999739182226177192e+00,8.267411943390680307e+00,3.069841283479896260e-05,2.411651599017478748e-04,8.946474306269522003e+00,2.700000000000000178e+00
1.031308867552863107e-02,8.999735054572017390e+00,8.252119770885569139e+00,4.128726831484886114e-05,3.239326326369435655e-04,8.946470180448065079e+00,2.700000000000000178e+00
1.051308867552862292e-02,8.999729558019875952e+00,8.236861182654962477e+00,5.538716764000393961e-05,4.340973895849047429e-04,8.946464685414545315e+00,2.700000000000000178e+00
1.071308867552861477e-02,8.999722263230850672e+00,8.221635689038548023e+00,7.410216413910693169e-05,5.802519750985144636e-04,8.946457391733362741e+00,2.700000000000000178e+00
1.091308867552860662e-02,8.999712617406959936e+00,8.206442682752365769e+00,9.885512829361587164e-05,7.734595818067960954e-04,8.946447746482046881e+00,2.700000000000000178e+00
1.111308867552859847e-02,8.999699913950392371e+00,8.191281409958898863e+00,1.314667165918495301e-04,1.027861134409960298e-03,8.946435042903484458e+00,2.700000000000000178e+00
1.131308867552859032e-02,8.999683256963919575e+00,8.176150936434916972e+00,1.742480525302709344e-04,1.361385565116578211e-03,8.946418384898402465e+00,2.700000000000000178e+00
1.151308867552858217e-02,8.999661520714180796e+00,8.161050108984063911e+00,2.301069486374047904e-04,1.796560812036100685e-03,8.946396646479341186e+00,2.700000000000000178e+00
1.171308867552857402e-02,8.999633304686291524e+00,8.145977512757241357e+00,3.026662154016932730e-04,2.361412952838579105e-03,8.946368426815034525e+00,2.700000000000000178e+00
1.191308867552856587e-02,8.999596885527685330e+00,8.130931425557051284e+00,3.963908788033638922e-04,3.090427457662685284e-03,8.946332002163257968e+00,2.700000000000000178e+00
1.211308867552855772e-02,8.999550167997613315e+00,8.115909771313505772e+00,5.167190073748982289e-04,4.025530207312472131e-03,8.946285276809060605e+00,2.700000000000000178e+00
1.231308867552854958e-02,8.999490637937823223e+00,8.100910075758989137e+00,6.701884807499051099e-04,5.217027924051598209e-03,8.946225736024576491e+00,2.700000000000000178e+00
1.251308867552854143e-02,8.999415321147461455e+00,8.085929427587700502e+00,8.645497034551548506e-04,6.724430284298504867e-03,8.946150404934314793e+00,2.700000000000000178e+00
1.271308867552853328e-02,8.999320752733904527e+00,8.070964450005535085e+00,1.108852377288984791e-03,8.617062268800851355e-03,8.946055817858697523e+00,2.700000000000000178e+00
1.291308867552852513e-02,8.999202961813336898e+00,8.056011286988223219e+00,1.413493522153371363e-03,1.097436927167558252e-02,8.945938003010816431e+00,2.700000000000000178e+00
1.311308867552851698e-02,8.999057476176036019e+00,8.041065608740845860e+00,1.790214476435246114e-03,1.388582268793139840e-02,8.945792487162355755e+00,2.700000000000000178e+00
1.331308867552850883e-02,8.998879350576505232e+00,8.026122639889615940e+00,2.252037013731767595e-03,1.745035283801754655e-02,8.945614323939654611e+00,2.700000000000000178e+00
1.351308867552850068e-02,8.998663220632606041e+00,8.011177212076725951e+00,2.813133102768889532e-03,2.177526965472581510e-02,8.945398147734779926e+00,2.700000000000000178e+00
1.371308867552849253e-02,8.998403382060374156e+00,7.996223841065025262e+00,3.488628915558302478e-03,2.697467672363129676e-02,8.945138252957908875e+00,2.700000000000000178e+00
1.391308867552848438e-02,8.998093892387098336e+00,7.981256825033863578e+00,4.294350796509798819e-03,3.316743594869797640e-02,8.944828695773331617e+00,2.700000000000000178e+00
1.411308867552847623e-02,8.997728689809557423e+00,7.966270359193714512e+00,5.246527949849988555e-03,4.047478962332318186e-02,8.944463412984552164e+00,2.700000000000000178e+00
1.431308867552846809e-02,8.997301721897663640e+00,7.951258659810094720e+00,6.361472417990707978e-03,4.901778600798789576e-02,8.944036350767207821e+00,2.700000000000000178e+00
1.451308867552845994e-02,8.996807075730592018e+00,7.936216089358192782e+00,7.655260535883226351e-03,5.891467667184868695e-02,8.943541594834982789e+00,2.700000000000000178e+00
1.471308867552845179e-02,8.996239101005745198e+00,7.921137274670899231e+00,9.143440766883375453e-03,7.027845479697925057e-02,8.942973493576824140e+00,2.700000000000000178e+00
1.491308867552844364e-02,8.995592518655801229e+00,7.906017211266386902e+00,1.084079060974141306e-02,8.321468366916962012e-02,8.942326766699128626e+00,2.700000000000000178e+00
1.511308867552843549e-02,8.994862509286882357e+00,7.890851348147421618e+00,1.276114067432559604e-02,9.781972897972135428e-02,8.941596593684348449e+00,2.700000000000000178e+00
1.531308867552842734e-02,8.994044778027943110e+00,7.875635649947200889e+00,1.491727792056848738e-02,1.141794630375356778e-01,8.940778678655755485e+00,2.700000000000000178e+00
1.551308867552841919e-02,8.993135594737333705e+00,7.860366635612586528e+00,1.732093348763942900e-02,1.323684618448504047e-01,8.939869290593412288e+00,2.700000000000000178e+00
1.571308867552841104e-02,8.992131810594399255e+00,7.845041394462311857e+00,1.998285468287045938e-02,1.524496743718763980e-01,8.938865279930062968e+00,2.700000000000000178e+00
1.591308867552840289e-02,8.991030853756736718e+00,7.829657582525736181e+00,2.291295607143662566e-02,1.744745104086091736e-01,8.937764074207631637e+00,2.700000000000000178e+00
1.611308867552839474e-02,8.989830707761623074e+00,7.814213402451605894e+00,2.612054194780535563e-02,1.984832732870698280e-01,8.936563656474048045e+00,2.700000000000000178e+00
1.631308867552838660e-02,8.988529876867838553e+00,7.798707571344710487e+00,2.961459153223456112e-02,2.245058536270612137e-01,8.935262530617311683e+00,2.700000000000000178e+00
1.651308867552837845e-02,8.987127342485608850e+00,7.783139280366217605e+00,3.340409925152068582e-02,2.525626011166801632e-01,8.933859677785655151e+00,2.700000000000000178e+00
1.671308867552837030e-02,8.985622514509195469e+00,7.767508149933749273e+00,3.749846490373443669e-02,2.826652980469042120e-01,8.932354507709096225e+00,2.700000000000000178e+00
1.691308867552836215e-02,8.984015180793786470e+00,7.751814183703108263e+00,4.190793226899008211e-02,3.148181698371717019e-01,8.930746808164965245e+00,2.700000000000000178e+00
1.711308867552835400e-02,8.982305457358719991e+00,7.736057723921760498e+00,4.664407962610950947e-02,3.490188809093481836e-01,8.929036695169681792e+00,2.700000000000000178e+00
1.731308867552834585e-02,8.980493741241176053e+00,7.720239410095879329e+00,5.172037163879213140e-02,3.852594774750164319e-01,8.927224565821759938e+00,2.700000000000000178e+00
1.751308867552833770e-02,8.978580667358679435e+00,7.704360142606942574e+00,5.715278937004160398e-02,4.235272500897666603e-01,8.925311055154587336e+00,2.700000000000000178e+00
1.771308867552832955e-02,8.976567070218020916e+00,7.688421052194335914e+00,6.296056450415740691e-02,4.638054992386813069e-01,8.923296997836585476e+00,2.700000000000000178e+00
1.791308867552832140e-02,8.974453950997540730e+00,7.672423476451432300e+00,6.916705573814595220e-02,5.060741934531733932e-01,8.921183395246174541e+00,2.700000000000000178e+00
1.811308867552831325e-02,8.972242450235059508e+00,7.656368943981295416e+00,7.580082188587727865e-02,5.503105152918710274e-01,8.918971388153584812e+00,2.700000000000000178e+00
1.831308867552830510e-02,8.969933826249786080e+00,7.640259167154757058e+00,8.289696944525859479e-02,5.964892926371394566e-01,8.916662235138167247e+00,2.700000000000000178e+00
1.851308867552829696e-02,8.967529439435191208e+00,7.624096044841605746e+00,9.049888658572671774e-02,6.445833125938111863e-01,8.914257296877995174e+00,2.700000000000000178e+00
1.871308867552828881e-02,8.965030742688316678e+00,7.607881677166668410e+00,9.866052700902853967e-02,6.945635126069973353e-01,8.911758026577613734e+00,2.700000000000000178e+00
1.891308867552828066e-02,8.962439278511531882e+00,7.591618395310500311e+00,1.074494872808713780e-01,7.463990381461123036e-01,8.909165967069911929e+00,2.700000000000000178e+00
1.911308867552827251e-02,8.959756683853658643e+00,7.575308811412245547e+00,1.169512484717776246e-01,8.000571455319214209e-01,8.906482755659622441e+00,2.700000000000000178e+00
1.931308867552826436e-02,8.956984704618507820e+00,7.558955896669163899e+00,1.272751609283290231e-01,8.555029113333247892e-01,8.903710138636988347e+00,2.700000000000000178e+00
1.951308867552825621e-02,8.954125223204870920e+00,7.542563100832791356e+00,1.385631004867676486e-01,9.126986809707027248e-01,8.900849998826895870e+00,2.700000000000000178e+00
1.971308867552824806e-02,8.951180304974656110e+00,7.526134535458786523e+00,1.510023287317948104e-01,9.716031384936840709e-01,8.897904402072150276e+00,2.700000000000000178e+00
1.991308867552823991e-02,8.948152273909348864e+00,7.509675258816622012e+00,1.648451695656796556e-01,1.032169792085568361e+00,8.894875672914590581e+00,2.700000000000000178e+00
2.011308867552823176e-02,8.945043835945769573e+00,7.493191730141056439e+00,1.804401046349319859e-01,1.094344505108438170e+00,8.891766517971582573e+00,2.700000000000000178e+00
2.031308867552822361e-02,8.941858284027235371e+00,7.476692556732363215e+00,1.982826799068305723e-01,1.158061391141263385e+00,8.888580231055859926e+00,2.700000000000000178e+00
2.051308867552821547e-02,8.938599849559031085e+00,7.460189767127971550e+00,2.191020249447915291e-01,1.223235777743639119e+00,8.885321044751179898e+00,2.700000000000000178e+00
2.071308867552820732e-02,8.935274326263380473e+00,7.443701061214189174e+00,2.440134422673510828e-01,1.289751715856905179e+00,8.881994754484445309e+00,2.700000000000000178e+00
2.091308867552819917e-02,8.931890212878784041e+00,7.427253909258662468e+00,2.747956708539192050e-01,1.357439099984084407e+00,8.878609861626280519e+00,2.700000000000000178e+00
2.111308867552819102e-02,8.928460829119829967e+00,7.410893072644800128e+00,3.143977111132320035e-01,1.426031301346029068e+00,8.875179690184195280e+00,2.700000000000000178e+00
2.131308867552818287e-02,8.925008047299256120e+00,7.394693632653570603e+00,3.678108594387179409e-01,1.495090463701480132e+00,8.871726119622231010e+00,2.700000000000000178e+00
2.151308867552817472e-02,8.921567573328548661e+00,7.378778621085732681e+00,4.432290189216877563e-01,1.563901851565475454e+00,8.868284867095624691e+00,2.700000000000000178e+00
2.171308867552816657e-02,8.918191524872044695e+00,7.363324766773435393e+00,5.523562990813151163e-01,1.631422534844219285e+00,8.864908064587135428e+00,2.700000000000000178e+00
2.191308867552815842e-02,8.914937807888110299e+00,7.348519121316992475e+00,7.073616588899717117e-01,1.696494481270221399e+00,8.861653629668527543e+00,2.700000000000000178e+00
2.211308867552815027e-02,8.911847628548551725e+00,7.334477315345637294e+00,9.153458420460689471e-01,1.758294392870197953e+00,8.858562772666347840e+00,2.700000000000000178e+00
2.231308867552814212e-02,8.908937295746712337e+00,7.321220972371891733e+00,1.176978216246884257e+00,1.816496821778798676e+00,8.855651802339890466e+00,2.700000000000000178e+00
2.251308867552813398e-02,8.906209096075766496e+00,7.308723778122325321e+00,1.489762047174581161e+00,1.871056342345951862e+00,8.852923004697681009e+00,2.700000000000000178e+00
2.271308867552812583e-02,8.903660632022736721e+00,7.296947285859173071e+00,1.850496848963619545e+00,1.922021024204809692e+00,8.850373981628072428e+00,2.700000000000000178e+00
2.291308867552811768e-02,8.901287665163952312e+00,7.285851050322534661e+00,2.255957342141428512e+00,1.969475712437258608e+00,8.848000493861139404e+00,2.700000000000000178e+00
2.311308867552810953e-02,8.899084748631469921e+00,7.275394412322960136e+00,2.703000975839990883e+00,2.013529406110421860e+00,8.845797093420321389e+00,2.700000000000000178e+00
2.331308867552810138e-02,8.897045521748296437e+00,7.265537056697575657e+00,3.188592738893034184e+00,2.054309369034854171e+00,8.843757418309190044e+00,2.700000000000000178e+00
2.351308867552809323e-02,8.895162951539621332e+00,7.256239406704358075e+00,3.709819749525077981e+00,2.091956300809670211e+00,8.841874434075473133e+00,2.700000000000000178e+00
2.371308867552808508e-02,8.893429542605034044e+00,7.247462939869366849e+00,4.263901521616782375e+00,2.126620140538307169e+00,8.840140643729963443e+00,2.700000000000000178e+00
2.391308867552807693e-02,8.891837517096696786e+00,7.239170435540979831e+00,4.848196684470336137e+00,2.158456468441158904e+00,8.838548267765029109e+00,2.700000000000000178e+00
2.411308867552806878e-02,8.890378966415374506e+00,7.231326161557949384e+00,5.460206691357334385e+00,2.187623473045277933e+00,8.837089395884772713e+00,2.700000000000000178e+00
2.431308867552806063e-02,8.889045976834404783e+00,7.223896007814874842e+00,6.097577011602005825e+00,2.214279439744245792e+00,8.835756112657497496e+00,2.700000000000000178e+00
2.451308867552805248e-02,8.887830731467881051e+00,7.216847573900476931e+00,6.758096258515374544e+00,2.238580712382486126e+00,8.834540599507183956e+00,2.700000000000000178e+00
2.471308867552804434e-02,8.886725591259951429e+00,7.210150218095111363e+00,7.439693658973768997e+00,2.260680074317519939e+00,8.833435215721380018e+00,2.700000000000000178e+00
2.491308867552803619e-02,8.885723157572174458e+00,7.203775074060166261e+00,8.140435222428800799e+00,2.280725497431376425e+00,8.832432561053115805e+00,2.700000000000000178e+00
2.493308867552803537e-02,8.885628286582907265e+00,7.203154222768366033e+00,8.211491815304283293e+00,2.282622602579522209e+00,8.832337669148438764e+00,2.700000000000000178e+00
2.511308867552802804e-02,8.916989608964337677e+00,7.226615219972136295e+00,8.590895600616923033e+00,1.654293819633949170e+00,8.863705547721808742e+00,2.700000000000000178e+00
2.531308867552801989e-02,8.923934671627728576e+00,7.221086967208641738e+00,8.642627007000077910e+00,1.516325767067428387e+00,8.870652414145732578e+00,2.700000000000000178e+00
2.551308867552801174e-02,8.924323031203172718e+00,7.208646994420051080e+00,8.652525163503987926e+00,1.508612728350726684e+00,8.871040877318375095e+00,2.700000000000000178e+00
2.571308867552800359e-02,8.924368104010977021e+00,7.195868989553543038e+00,8.659869739263855948e+00,1.507713914230407681e+00,8.871085963072227187e+00,2.700000000000000178e+00
2.591308867552799544e-02,8.924395111021601323e+00,7.183095934124033022e+00,8.666620656554384183e+00,1.507174119457658890e+00,8.871112978379871450e+00,2.700000000000000178e+00
2.611308867552798729e-02,8.924418477251315096e+00,7.170343555839418848e+00,8.672917065090883781e+00,1.506707028089749656e+00,8.871136352072802822e+00,2.700000000000000178e+00
2.631308867552797914e-02,8.924439242191089861e+00,7.157613417078834139e+00,8.678813270108868494e+00,1.506291940388109651e+00,8.871157123896367125e+00,2.700000000000000178e+00
2.651308867552797099e-02,8.924457834155905545e+00,7.144906353462675774e+00,8.684352434118478570e+00,1.505920297180182388e+00,8.871175722261227747e+00,2.700000000000000178e+00
2.671308867552796285e-02,8.924474580017365710e+00,7.132223026041968339e+00,8.689570968814361862e+00,1.505585564235161655e+00,8.871192474111277093e+00,2.700000000000000178e+00
2.691308867552795470e-02,8.924489742507555334e+00,7.119563973793433753e+00,8.694499957388668321e+00,1.505282489247065314e+00,8.871207642236667468e+00,2.700000000000000178e+00
2.711308867552794655e-02,8.924503535794825027e+00,7.106929640193813569e+00,8.699166168767133556e+00,1.505006790616334911e+00,8.871221440853025442e+00,2.700000000000000178e+00
2.731308867552793840e-02,8.924516136423772394e+00,7.094320392582799784e+00,8.703592835482458767e+00,1.504754938821406540e+00,8.871234046543904128e+00,2.700000000000000178e+00
2.751308867552793025e-02,8.924527691373832283e+00,7.081736536803803439e+00,8.707800260564631856e+00,1.504523995342424314e+00,8.871245606321137345e+00,2.700000000000000178e+00
2.771308867552792210e-02,8.924538324102837095e+00,7.069178328483611828e+00,8.711806297356647022e+00,1.504311491872840634e+00,8.871256243669751740e+00,2.700000000000000178e+00
2.791308867552791395e-02,8.924548139143269054e+00,7.056645981799118061e+00,8.715626733364764789e+00,1.504115338436122329e+00,8.871266063145251124e+00,2.700000000000000178e+00
2.811308867552790580e-02,8.924557225648676706e+00,7.044139676392197735e+00,8.719275600619605271e+00,1.503933752512239153e+00,8.871275153920819889e+00,2.700000000000000178e+00
2.831308867552789765e-02,8.924565660160409308e+00,7.031659562916486195e+00,8.722765429020579830e+00,1.503765203719694910e+00,8.871283592554654263e+00,2.700000000000000178e+00
2.851308867552788950e-02,8.924573508789910292e+00,7.019205767502781690e+00,8.726107454956276044e+00,1.503608370187976107e+00,8.871291445172726498e+00,2.700000000000000178e+00
2.871308867552788135e-02,8.924580828958196932e+00,7.006778395388315595e+00,8.729311794472545571e+00,1.503462103805077277e+00,8.871298769208667778e+00,2.700000000000000178e+00
2.891308867552787321e-02,8.924587670794098315e+00,6.994377533879231557e+00,8.732387588069602913e+00,1.503325402243717690e+00,8.871305614802357908e+00,2.700000000000000178e+00
2.911308867552786506e-02,8.924594078268347275e+00,6.982003254852092944e+00,8.735343122574407815e+00,1.503197386303781968e+00,8.871312025934187773e+00,2.700000000000000178e+00
2.931308867552785691e-02,8.924600090119154672e+00,6.969655616778234197e+00,8.738185934382196152e+00,1.503077281393416342e+00,8.871318041350864547e+00,2.700000000000000178e+00
2.951308867552784876e-02,8.924605740615694671e+00,6.957334666495377462e+00,8.740922897394606039e+00,1.502964402282714218e+00,8.871323695329099479e+00,2.700000000000000178e+00
2.971308867552784061e-02,8.924611060188592404e+00,6.945040440619881572e+00,8.743560298351853888e+00,1.502858140485386684e+00,8.871329018306203906e+00,2.700000000000000178e+00
2.991308867552783246e-02,8.924616075957020556e+00,6.932772966811683091e+00,8.746103901662831248e+00,1.502757953726586493e+00,8.871334037407308415e+00,2.700000000000000178e+00
3.011308867552782431e-02,8.924620812170068973e+00,6.920532264837819802e+00,8.748559005471536310e+00,1.502663357121036825e+00,8.871338776886839028e+00,2.700000000000000178e+00
3.031308867552781616e-02,8.924625290578061865e+00,6.908318347466964049e+00,8.750930490355168345e+00,1.502573915738366850e+00,8.871343258499877038e+00,2.700000000000000178e+00
3.051308867552780801e-02,8.924629530748369177e+00,6.896131221244443665e+00,8.753222861795492804e+00,1.502489238306679908e+00,8.871347501818100056e+00,2.700000000000000178e+00
3.071308867552779986e-02,8.924633550333599175e+00,6.883970887195766331e+00,8.755440287354955942e+00,1.502408971832664974e+00,8.871351524498001240e+00,2.700000000000000178e+00
3.091308867552779172e-02,8.924637365300686298e+00,6.871837341394402721e+00,8.757586629348182328e+00,1.502332797029794165e+00,8.871355342510014452e+00,2.700000000000000178e+00
3.111308867552778357e-02,8.924640990127896245e+00,6.859730575490215365e+00,8.759665473641790712e+00,1.502260424376572701e+00,8.871358970335583294e+00,2.700000000000000178e+00
3.131308867552779623e-02,8.924644437975512545e+00,6.847650577158957752e+00,8.761680155133142023e+00,1.502191590714119229e+00,8.871362421137900967e+00,2.700000000000000178e+00
3.151308867552785747e-02,8.924647720830998665e+00,6.835597330485607692e+00,8.763633780351407054e+00,1.502126056323504599e+00,8.871365706907031523e+00,2.700000000000000178e+00
3.171308867552791871e-02,8.924650849638730676e+00,6.823570816331728572e+00,8.765529247572517946e+00,1.502063602353928218e+00,8.871368838589800632e+00,2.700000000000000178e+00
3.191308867552797995e-02,8.924653834409452813e+00,6.811571012641041811e+00,8.767369264761528669e+00,1.502004028613100672e+00,8.871371826199128563e+00,2.700000000000000178e+00
3.211308867552804119e-02,8.924656684318655664e+00,6.799597894706388423e+00,8.769156365630223604e+00,1.501947151618423959e+00,8.871374678912522072e+00,2.700000000000000178e+00
3.231308867552810243e-02,8.924659407791310173e+00,6.787651435423154744e+00,8.770892924033878657e+00,1.501892802893053158e+00,8.871377405156806617e+00,2.700000000000000178e+00
3.251308867552816367e-02,8.924662012577140757e+00,6.775731605499611732e+00,8.772581166916593176e+00,1.501840827461819572e+00,8.871380012683411920e+00,2.700000000000000178e+00
3.271308867552822491e-02,8.924664505816451765e+00,6.763838373667125481e+00,8.774223185971242955e+00,1.501791082534737143e+00,8.871382508634216180e+00,2.700000000000000178e+00
3.291308867552828615e-02,8.924666894099155812e+00,6.751971706840807386e+00,8.775820948174747116e+00,1.501743436331025805e+00,8.871384899600595730e+00,2.700000000000000178e+00
3.311308867552834739e-02,8.924669183516133586e+00,6.740131570279141116e+00,8.777376305315550908e+00,1.501697767046607623e+00,8.871387191674756423e+00,2.700000000000000178e+00
3.331308867552840863e-02,8.924671379705797492e+00,6.728317927734742021e+00,8.778891002634590990e+00,1.501653961926876946e+00,8.871389390496354110e+00,2.700000000000000178e+00
3.351308867552846987e-02,8.924673487894590806e+00,6.716530741571126839e+00,8.780366686673483301e+00,1.501611916452247897e+00,8.871391501293006243e+00,2.700000000000000178e+00
3.371308867552853111e-02,8.924675512934292954e+00,6.704769972891156726e+00,8.781804912417795705e+00,1.501571533600326802e+00,8.871393528917533189e+00,2.700000000000000178e+00
3.391308867552859235e-02,8.924677459334553475e+00,6.693035581635037090e+00,8.783207149809134862e+00,1.501532723184709539e+00,8.871395477880607672e+00,2.700000000000000178e+00
3.411308867552865359e-02,8.924679331292127316e+00,6.681327526664384564e+00,8.784574789692891628e+00,1.501495401277679775e+00,8.871397352379890577e+00,2.700000000000000178e+00
3.431308867552871483e-02,8.924681132717960708e+00,6.669645765878976285e+00,8.785909149254942818e+00,1.501459489673607095e+00,8.871399156327200330e+00,2.700000000000000178e+00
3.451308867552877607e-02,8.924682867260202102e+00,6.657990256274329610e+00,8.787211477006747984e+00,1.501424915411689653e+00,8.871400893371502505e+00,2.700000000000000178e+00
3.471308867552883731e-02,8.924684538326113525e+00,6.646360954002514809e+00,8.788482957358485947e+00,1.501391610355312878e+00,8.871402566920799870e+00,2.700000000000000178e+00
3.491308867552889855e-02,8.924686149101573207e+00,6.634757814471232251e+00,8.789724714817259255e+00,1.501359510793236041e+00,8.871404180161686526e+00,2.700000000000000178e+00
3.511308867552895979e-02,8.924687702568245840e+00,6.623180792388093430e+00,8.790937817853292202e+00,1.501328557094211646e+00,8.871405736076477311e+00,2.700000000000000178e+00
3.531308867552902103e-02,8.924689201519896642e+00,6.611629841801038410e+00,8.792123282463286671e+00,1.501298693390481276e+00,8.871407237459569828e+00,2.700000000000000178e+00
3.551308867552908227e-02,8.924690648576602214e+00,6.600104916177051528e+00,8.793282075453404900e+00,1.501269867284008797e+00,8.871408686931623322e+00,2.700000000000000178e+00
3.571308867552914351e-02,8.924692046197916895e+00,6.588605968429363635e+00,8.794415117475640642e+00,1.501242029588638616e+00,8.871410086952730367e+00,2.700000000000000178e+00
3.591308867552920475e-02,8.924693396694973302e+00,6.577132950963910041e+00,8.795523285835246341e+00,1.501215134085214231e+00,8.871411439834544055e+00,2.700000000000000178e+00
3.611308867552926599e-02,8.924694702241191990e+00,6.565685815725443852e+00,8.796607417088509351e+00,1.501189137308074351e+00,8.871412747750976990e+00,2.700000000000000178e+00
3.631308867552932723e-02,8.924695964882493726e+00,6.554264514227894800e+00,8.797668309453340996e+00,1.501163998344281936e+00,8.871414012748383371e+00,2.700000000000000178e+00
3.651308867552938847e-02,8.924697186546215022e+00,6.542868997594075253e+00,8.798706725044377563e+00,1.501139678648542031e+00,8.871415236754554456e+00,2.700000000000000178e+00
3.671308867552944971e-02,8.924698369049497870e+00,6.531499216589714329e+00,8.799723391950085016e+00,1.501116141880856958e+00,8.871416421587037249e+00,2.700000000000000178e+00
3.691308867552951095e-02,8.924699514107119924e+00,6.520155121639001017e+00,8.800719006166328739e+00,1.501093353749411108e+00,8.871417568960985989e+00,2.700000000000000178e+00
3.711308867552957219e-02,8.924700623338278405e+00,6.508836662864475819e+00,8.801694233393318356e+00,1.501071281870281382e+00,8.871418680495954945e+00,2.700000000000000178e+00
3.731308867552963343e-02,8.924701698273127093e+00,6.497543790093897265e+00,8.802649710712959319e+00,1.501049895645110155e+00,8.871419757722463828e+00,2.700000000000000178e+00
3.751308867552969467e-02,8.924702740359068187e+00,6.486276452924385261e+00,8.803586048149524501e+00,1.501029166126727432e+00,8.871420802088218593e+00,2.700000000000000178e+00
3.771308867552975591e-02,8.924703750965550242e+00,6.475034600690011466e+00,8.804503830132397013e+00,1.501009065927974007e+00,8.871421814962991093e+00,2.700000000000000178e+00
3.791308867552981715e-02,8.924704731389702772e+00,6.463818182528794587e+00,8.805403616856638749e+00,1.500989569110970479e+00,8.871422797644193281e+00,2.700000000000000178e+00
3.811308867552987839e-02,8.924705682860636813e+00,6.452627147367341109e+00,8.806285945561322492e+00,1.500970651090256069e+00,8.871423751361222187e+00,2.700000000000000178e+00
3.831308867552993963e-02,8.924706606544168253e+00,6.441461443958132804e+00,8.807151331721712495e+00,1.500952288554117331e+00,8.871424677280156601e+00,2.700000000000000178e+00
3.851308867553000087e-02,8.924707503546436271e+00,6.430321020890696460e+00,8.808000270168053092e+00,1.500934459382733621e+00,8.871425576507396826e+00,2.700000000000000178e+00
3.871308867553006211e-02,8.924708374917642573e+00,6.419205826604828857e+00,8.808833236134486100e+00,1.500917142572006924e+00,8.871426450093361282e+00,2.700000000000000178e+00
3.891308867553012335e-02,8.924709221655636071e+00,6.408115809406468522e+00,8.809650686243113427e+00,1.500900318165804492e+00,8.871427299036145797e+00,2.700000000000000178e+00
3.911308867553018459e-02,8.924710044709025070e+00,6.397050917482476784e+00,8.810453059427626243e+00,1.500883967195022706e+00,8.871428124284571837e+00,2.700000000000000178e+00
3.931308867553024583e-02,8.924710844979848900e+00,6.386011098912831585e+00,8.811240777801797819e+00,1.500868071616423549e+00,8.871428926740872356e+00,2.700000000000000178e+00
3.951308867553030707e-02,8.924711623327056031e+00,6.374996301670198484e+00,8.812014247477421236e+00,1.500852614255336448e+00,8.871429707264217868e+00,2.700000000000000178e+00
3.971308867553036831e-02,8.924712380568383452e+00,6.364006473663634367e+00,8.812773859330047088e+00,1.500837578759501412e+00,8.871430466672517667e+00,2.700000000000000178e+00
3.991308867553042955e-02,8.924713117482699687e+00,6.353041562706362555e+00,8.813519989725230985e+00,1.500822949550865815e+00,8.871431205744817916e+00,2.700000000000000178e+00
4.011308867553049079e-02,8.924713834812667557e+00,6.342101516561173824e+00,8.814253001199189086e+00,1.500808711775334814e+00,8.871431925223957293e+00,2.700000000000000178e+00
4.031308867553055203e-02,8.924714533266552507e+00,6.331186282920302943e+00,8.814973243103333189e+00,1.500794851270939034e+00,8.871432625818373552e+00,2.700000000000000178e+00
4.051308867553061327e-02,8.924715213520286738e+00,6.320295809438839285e+00,8.815681052209527024e+00,1.500781354520995592e+00,8.871433308204144552e+00,2.700000000000000178e+00
4.071308867553067451e-02,8.924715876219053712e+00,6.309430043733392779e+00,8.816376753284114187e+00,1.500768208621138911e+00,8.871433973026610076e+00,2.700000000000000178e+00
4.091308867553073575e-02,8.924716521979068062e+00,6.298588933376364274e+00,8.817060659629429864e+00,1.500755401248397902e+00,8.871434620902128643e+00,2.700000000000000178e+00
4.111308867553079699e-02,8.924717151389261360e+00,6.287772425934324616e+00,8.817733073594508753e+00,1.500742920624588805e+00,8.871435252419775708e+00,2.700000000000000178e+00
4.131308867553085823e-02,8.924717765012569970e+00,6.276980468932412904e+00,8.818394287061057213e+00,1.500730755491986201e+00,8.871435868142615533e+00,2.700000000000000178e+00
4.151308867553091947e-02,8.924718363387469822e+00,6.266213009902165787e+00,8.819044581899865065e+00,1.500718895081490700e+00,8.871436468609241288e+00,2.700000000000000178e+00
4.171308867553098071e-02,8.924718947029262495e+00,6.255469996364451113e+00,8.819684230405448133e+00,1.500707329088754705e+00,8.871437054335094885e+00,2.700000000000000178e+00
4.191308867553104195e-02,8.924719516431149913e+00,6.244751375840627894e+00,8.820313495707207352e+00,1.500696047650535547e+00,8.871437625813483052e+00,2.700000000000000178e+00
4.211308867553110319e-02,8.924720072065417398e+00,6.234057095851387231e+00,8.820932632159490083e+00,1.500685041320366508e+00,8.871438183516804799e+00,2.700000000000000178e+00
4.231308867553116443e-02,8.924720614384710871e+00,6.223387103927948694e+00,8.821541885710869835e+00,1.500674301048093184e+00,8.871438727897832166e+00,2.700000000000000178e+00
4.251308867553122567e-02,8.924721143822736735e+00,6.212741347623983224e+00,8.822141494254658767e+00,1.500663818159182483e+00,8.871439259390351495e+00,2.700000000000000178e+00
4.271308867553128691e-02,8.924721660795466249e+00,6.202119774502525829e+00,8.822731687962850344e+00,1.500653584338351720e+00,8.871439778410445953e+00,2.700000000000000178e+00
4.291308867553134815e-02,8.924722165701640009e+00,6.191522332164223208e+00,8.823312689601360503e+00,1.500643591602965898e+00,8.871440285356952060e+00,2.700000000000000178e+00
4.311308867553140939e-02,8.924722658924197916e+00,6.180948968218014095e+00,8.823884714832502141e+00,1.500633832303719828e+00,8.871440780612903865e+00,2.700000000000000178e+00
4.331308867553147063e-02,8.924723140830622015e+00,6.170399630316278028e+00,8.824447972499422477e+00,1.500624299088258340e+00,8.871441264545868677e+00,2.700000000000000178e+00
4.351308867553153187e-02,8.924723611773790921e+00,6.159874266150934474e+00,8.825002664898322635e+00,1.500614984901176285e+00,8.871441737508821035e+00,2.700000000000000178e+00
4.371308867553159311e-02,8.924724072092494964e+00,6.149372823438651992e+00,8.825548988038354636e+00,1.500605882961281168e+00,8.871442199840624099e+00,2.700000000000000178e+00
4.391308867553165435e-02,8.924724522112631675e+00,6.138895249945525379e+00,8.826087131887158321e+00,1.500596986758637286e+00,8.871442651867267770e+00,2.700000000000000178e+00
4.411308867553171559e-02,8.924724962147379870e+00,6.128441493482986502e+00,8.826617280606241067e+00,1.500588290027508265e+00,8.871443093902000143e+00,2.700000000000000178e+00
4.431308867553177683e-02,8.924725392497707688e+00,6.118011501907156813e+00,8.827139612774313804e+00,1.500579786747948674e+00,8.871443526245862188e+00,2.700000000000000178e+00
4.451308867553183807e-02,8.924725813453422418e+00,6.107605223121385762e+00,8.827654301601413067e+00,1.500571471128296253e+00,8.871443949188753564e+00,2.700000000000000178e+00
4.471308867553189931e-02,8.924726225293056814e+00,6.097222605085623748e+00,8.828161515131485615e+00,1.500563337591074742e+00,8.871444363009253209e+00,2.700000000000000178e+00
4.491308867553196055e-02,8.924726628285087671e+00,6.086863595813891692e+00,8.828661416437295628e+00,1.500555380775267622e+00,8.871444767975912526e+00,2.700000000000000178e+00
4.511308867553202179e-02,8.924727022687777733e+00,6.076528143378675750e+00,8.829154163805350564e+00,1.500547595512216503e+00,8.871445164347065315e+00,2.700000000000000178e+00
4.531308867553208303e-02,8.924727408749900448e+00,6.066216195910087983e+00,8.829639910913142486e+00,1.500539976827212740e+00,8.871445552371538312e+00,2.700000000000000178e+00
4.551308867553214427e-02,8.924727786711208921e+00,6.055927701600504420e+00,8.830118806998214609e+00,1.500532519926764508e+00,8.871445932289166336e+00,2.700000000000000178e+00
4.571308867553220551e-02,8.924728156802704149e+00,6.045662608707587538e+00,8.830590997019701405e+00,1.500525220189501852e+00,8.871446304331001897e+00,2.700000000000000178e+00
4.591308867553226675e-02,8.924728519247160818e+00,6.035420865556238468e+00,8.831056621812784613e+00,1.500518073163448207e+00,8.871446668719878303e+00,2.700000000000000178e+00
4.611308867553232799e-02,8.924728874259374223e+00,6.025202420530225034e+00,8.831515818236816528e+00,1.500511074552150603e+00,8.871447025670629927e+00,2.700000000000000178e+00
4.631308867553238923e-02,8.924729222046432042e+00,6.015007222092075168e+00,8.831968719316074967e+00,1.500504220212633300e+00,8.871447375390420831e+00,2.700000000000000178e+00
4.651308867553245047e-02,8.924729562808309424e+00,6.004835218780421258e+00,8.832415454375182051e+00,1.500497506148349203e+00,8.871447718079274125e+00,2.700000000000000178e+00
4.671308867553251171e-02,8.924729896737789048e+00,5.994686359187333835e+00,8.832856149169375115e+00,1.500490928501449162e+00,8.871448053930016897e+00,2.700000000000000178e+00
4.691308867553257295e-02,8.924730224021267588e+00,5.984560591988577372e+00,8.833290926008036337e+00,1.500484483548234493e+00,8.871448383129104442e+00,2.700000000000000178e+00
4.711308867553263419e-02,8.924730544838459068e+00,5.974457865937154111e+00,8.833719903873072710e+00,1.500478167690971532e+00,8.871448705856295192e+00,2.700000000000000178e+00
4.731308867553269543e-02,8.924730859363133817e+00,5.964378129859375655e+00,8.834143198533508823e+00,1.500471977457891626e+00,8.871449022285400332e+00,2.700000000000000178e+00
4.751308867553275667e-02,8.924731167763104267e+00,5.954321332661758781e+00,8.834560922654524973e+00,1.500465909490912964e+00,8.871449332584289138e+00,2.700000000000000178e+00
4.771308867553281791e-02,8.924731470200592653e+00,5.944287423326612974e+00,8.834973185901878523e+00,1.500459960549505922e+00,8.871449636915222925e+00,2.700000000000000178e+00
4.791308867553287915e-02,8.924731766832326940e+00,5.934276350915797416e+00,8.835380095042960846e+00,1.500454127495459034e+00,8.871449935434982947e+00,2.700000000000000178e+00
4.811308867553294039e-02,8.924732057809842800e+00,5.924288064578719926e+00,8.835781754042093539e+00,1.500448407300382314e+00,8.871450228295131524e+00,2.700000000000000178e+00
4.831308867553300163e-02,8.924732343279794478e+00,5.914322513538839310e+00,8.836178264154460393e+00,1.500442797032519593e+00,8.871450515642374413e+00,2.700000000000000178e+00
4.851308867553306287e-02,8.924732623384031172e+00,5.904379647104653017e+00,8.836569724014045946e+00,1.500437293854929521e+00,8.871450797618596340e+00,2.700000000000000178e+00
4.871308867553312411e-02,8.924732898259703617e+00,5.894459414674591002e+00,8.836956229718946787e+00,1.500431895024348705e+00,8.871451074360992450e+00,2.700000000000000178e+00
4.891308867553318535e-02,8.924733168039619358e+00,5.884561765727047700e+00,8.837337874913503200e+00,1.500426597886871605e+00,8.871451346002398708e+00,2.700000000000000178e+00
4.911308867553324659e-02,8.924733432852287152e+00,5.874686649822941753e+00,8.837714750867560198e+00,1.500421399869992456e+00,8.871451612671375386e+00,2.700000000000000178e+00
4.931308867553330783e-02,8.924733692822162112e+00,5.864834016619457024e+00,8.838086946551149126e+00,1.500416298487380118e+00,8.871451874492407796e+00,2.700000000000000178e+00
4.951308867553336907e-02,8.924733948069762945e+00,5.855003815846582249e+00,8.838454548708567060e+00,1.500411291327282015e+00,8.871452131586041290e+00,2.700000000000000178e+00
4.971308867553343031e-02,8.924734198711945510e+00,5.845195997334501570e+00,8.838817641927365187e+00,1.500406376055934743e+00,8.871452384069174357e+00,2.700000000000000178e+00
4.991308867553349154e-02,8.924734444861694982e+00,5.835410510992215194e+00,8.839176308706223395e+00,1.500401550412107099e+00,8.871452632054836585e+00,2.700000000000000178e+00
5.011308867553355278e-02,8.924734686628712055e+00,5.825647306830645356e+00,8.839530629519433802e+00,1.500396812202779984e+00,8.871452875652739323e+00,2.700000000000000178e+00
5.031308867553361402e-02,8.924734924119141155e+00,5.815906334931804089e+00,8.839880682880068008e+00,1.500392159304283268e+00,8.871453114969078513e+00,2.700000000000000178e+00
5.051308867553367526e-02,8.924735157436129995e+00,5.806187545490575808e+00,8.840226545398948588e+00,1.500387589656611453e+00,8.871453350107023184e+00,2.700000000000000178e+00
5.071308867553373650e-02,8.924735386679477855e+00,5.796490888779533890e+00,8.840568291843426962e+00,1.500383101261832053e+00,8.871453581166402813e+00,2.700000000000000178e+00
5.091308867553379774e-02,8.924735611946010394e+00,5.786816315160815627e+00,8.840905995192812838e+00,1.500378692185449836e+00,8.871453808244078587e+00,2.700000000000000178e+00
5.111308867553385898e-02,8.924735833329810575e+00,5.777163775090641273e+00,8.841239726692299072e+00,1.500374360547084507e+00,8.871454031434154786e+00,2.700000000000000178e+00
5.131308867553392022e-02,8.924736050921961095e+00,5.767533219119585830e+00,8.841569555904271738e+00,1.500370104521834946e+00,8.871454250827763843e+00,2.700000000000000178e+00
5.151308867553398146e-02,8.924736264810952946e+00,5.757924597884812812e+00,8.841895550758810174e+00,1.500365922342780323e+00,8.871454466513391424e+00,2.700000000000000178e+00
5.171308867553404270e-02,8.924736475082781340e+00,5.748337862130971310e+00,8.842217777600930972e+00,1.500361812293249386e+00,8.871454678577096686e+00,2.700000000000000178e+00
5.191308867553410394e-02,8.924736681820668593e+00,5.738772962686291557e+00,8.842536301237903018e+00,1.500357772704774106e+00,8.871454887102105502e+00,2.700000000000000178e+00
5.211308867553416518e-02,8.924736885105657436e+00,5.729229850466805551e+00,8.842851184984011681e+00,1.500353801959136035e+00,8.871455092169492573e+00,2.700000000000000178e+00
5.231308867553422642e-02,8.924737085016367644e+00,5.719708476494167471e+00,8.843162490702901835e+00,1.500349898484500955e+00,8.871455293857904323e+00,2.700000000000000178e+00
5.251308867553428766e-02,8.924737281629136376e+00,5.710208791877009915e+00,8.843470278850148247e+00,1.500346060755191502e+00,8.871455492243704555e+00,2.700000000000000178e+00
5.271308867553434890e-02,8.924737475018114097e+00,5.700730747823426370e+00,8.843774608513051305e+00,1.500342287285320708e+00,8.871455687401065049e+00,2.700000000000000178e+00
5.291308867553441014e-02,8.924737665255447538e+00,5.691274295633245828e+00,8.844075537449757718e+00,1.500338576634703713e+00,8.871455879402164513e+00,2.700000000000000178e+00
5.311308867553447138e-02,8.924737852411160688e+00,5.681839386694430338e+00,8.844373122126791387e+00,1.500334927404082919e+00,8.871456068317048249e+00,2.700000000000000178e+00
5.331308867553453262e-02,8.924738036553428344e+00,5.672425972511455861e+00,8.844667417754754624e+00,1.500331338230353140e+00,8.871456254213912374e+00,2.700000000000000178e+00
5.351308867553459386e-02,8.924738217748494407e+00,5.663034004666814170e+00,8.844958478324313589e+00,1.500327807789972212e+00,8.871456437159025654e+00,2.700000000000000178e+00
5.371308867553465510e-02,8.924738396060536871e+00,5.653663434844968805e+00,8.845246356639099972e+00,1.500324334796005132e+00,8.871456617216589180e+00,2.700000000000000178e+00
5.391308867553471634e-02,8.924738571552294886e+00,5.644314214821180009e+00,8.845531104349511509e+00,1.500320917996759817e+00,8.871456794449366967e+00,2.700000000000000178e+00
5.411308867553477758e-02,8.924738744284614000e+00,5.634986296476604650e+00,8.845812771983066369e+00,1.500317556174650235e+00,8.871456968918215225e+00,2.700000000000000178e+00
5.431308867553483882e-02,8.924738914316801441e+00,5.625679631782260159e+00,8.846091408976194614e+00,1.500314248146196405e+00,8.871457140682474929e+00,2.700000000000000178e+00
5.451308867553490006e-02,8.924739081706473343e+00,5.616394172809840768e+00,8.846367063702956557e+00,1.500310992758386419e+00,8.871457309799778201e+00,2.700000000000000178e+00
5.471308867553496130e-02,8.924739246509695079e+00,5.607129871718275815e+00,8.846639783504404164e+00,1.500307788890268057e+00,8.871457476326211733e+00,2.700000000000000178e+00
5.491308867553502254e-02,8.924739408781029226e+00,5.597886680775510548e+00,8.846909614715539050e+00,1.500304635449083435e+00,8.871457640316368298e+00,2.700000000000000178e+00
5.511308867553508378e-02,8.924739568573704318e+00,5.588664552340941505e+00,8.847176602692693237e+00,1.500301531374589104e+00,8.871457801823487088e+00,2.700000000000000178e+00
5.531308867553514502e-02,8.924739725939371482e+00,5.579463438868081049e+00,8.847440791839135343e+00,1.500298475630643225e+00,8.871457960899236994e+00,2.700000000000000178e+00
5.551308867553520626e-02,8.924739880928450830e+00,5.570283292914353090e+00,8.847702225630346362e+00,1.500295467211799405e+00,8.871458117594059445e+00,2.700000000000000178e+00
5.571308867553526750e-02,8.924740033590024879e+00,5.561124067128988102e+00,8.847960946638353974e+00,1.500292505136030741e+00,8.871458271957060049e+00,2.700000000000000178e+00
5.591308867553532874e-02,8.924740183971852758e+00,5.551985714256836069e+00,8.848216996555205327e+00,1.500289588449732037e+00,8.871458424036008594e+00,2.700000000000000178e+00
5.611308867553538998e-02,8.924740332120494557e+00,5.542868187152948600e+00,8.848470416215622691e+00,1.500286716219306982e+00,8.871458573877502474e+00,2.700000000000000178e+00
5.631308867553545122e-02,8.924740478081220729e+00,5.533771438756211580e+00,8.848721245619451281e+00,1.500283887539126226e+00,8.871458721526810365e+00,2.700000000000000178e+00
5.651308867553551246e-02,8.924740621898450854e+00,5.524695422107391174e+00,8.848969523952995075e+00,1.500281101529253647e+00,8.871458867028380268e+00,2.700000000000000178e+00
5.671308867553557370e-02,8.924740763615030659e+00,5.515640090345338642e+00,8.849215289609437818e+00,1.500278357324077660e+00,8.871459010425079228e+00,2.700000000000000178e+00
5.691308867553563494e-02,8.924740903273026049e+00,5.506605396704385313e+00,8.849458580209430991e+00,1.500275654085498900e+00,8.871459151758978479e+00,2.700000000000000178e+00
5.711308867553569618e-02,8.924741040913424683e+00,5.497591294521175342e+00,8.849699432620239392e+00,1.500272990997018496e+00,8.871459291071090547e+00,2.700000000000000178e+00
5.731308867553575742e-02,8.924741176575995638e+00,5.488597737226411866e+00,8.849937882974693082e+00,1.500270367259872728e+00,8.871459428401207603e+00,2.700000000000000178e+00
5.751308867553581866e-02,8.924741310299740604e+00,5.479624678351061817e+00,8.850173966689730776e+00,1.500267782096443625e+00,8.871459563788333114e+00,2.700000000000000178e+00
5.771308867553587990e-02,8.924741442122662960e+00,5.470672071520399804e+00,8.850407718484220254e+00,1.500265234747985232e+00,8.871459697270507760e+00,2.700000000000000178e+00
5.791308867553594114e-02,8.924741572081597241e+00,5.461739870455251555e+00,8.850639172395743159e+00,1.500262724475533105e+00,8.871459828884555421e+00,2.700000000000000178e+00
5.811308867553600238e-02,8.924741700212781126e+00,5.452828028983597974e+00,8.850868361797889605e+00,1.500260250556721076e+00,8.871459958666754630e+00,2.700000000000000178e+00
5.831308867553606362e-02,8.924741826551469970e+00,5.443936501021662266e+00,8.851095319416238283e+00,1.500257812288509740e+00,8.871460086652371402e+00,2.700000000000000178e+00
5.851308867553612486e-02,8.924741951131919038e+00,5.435065240586757440e+00,8.851320077344080772e+00,1.500255408982411609e+00,8.871460212875669882e+00,2.700000000000000178e+00
5.871308867553618610e-02,8.924742073987715685e+00,5.426214201792775249e+00,8.851542667057882952e+00,1.500253039969720703e+00,8.871460337370251636e+00,2.700000000000000178e+00
5.891308867553624734e-02,8.924742195151628366e+00,5.417383338847451490e+00,8.851763119432241922e+00,1.500250704595600837e+00,8.871460460168908213e+00,2.700000000000000178e+00
5.911308867553630858e-02,8.924742314655505382e+00,5.408572606068725364e+00,8.851981464753706064e+00,1.500248402220449861e+00,8.871460581303505677e+00,2.700000000000000178e+00
5.931308867553636982e-02,8.924742432530639036e+00,5.399781957858988513e+00,8.852197732735687552e+00,1.500246132221036532e+00,8.871460700805336330e+00,2.700000000000000178e+00
5.951308867553643106e-02,8.924742548807456544e+00,5.391011348721924001e+00,8.852411952531413775e+00,1.500243893990955257e+00,8.871460818704864693e+00,2.700000000000000178e+00
5.971308867553649230e-02,8.924742663515699448e+00,5.382260733261696295e+00,8.852624152747374353e+00,1.500241686933350138e+00,8.871460935031828754e+00,2.700000000000000178e+00
5.991308867553655354e-02,8.924742776684407630e+00,5.373530066171200659e+00,8.852834361456288548e+00,1.500239510469782545e+00,8.871461049815287936e+00,2.700000000000000178e+00
6.011308867553661478e-02,8.924742888341954838e+00,5.364819302254142386e+00,8.853042606209244880e+00,1.500237364032500409e+00,8.871461163083631973e+00,2.700000000000000178e+00
6.031308867553667602e-02,8.924742998515950987e+00,5.356128396396464986e+00,8.853248914048272411e+00,1.500235247066484590e+00,8.871461274864484992e+00,2.700000000000000178e+00
6.051308867553673726e-02,8.924743107233545913e+00,5.347457303590561040e+00,8.853453311517803570e+00,1.500233159032859476e+00,8.871461385185005710e+00,2.700000000000000178e+00
6.071308867553679850e-02,8.924743214521255297e+00,5.338805978925911688e+00,8.853655824676216923e+00,1.500231099404345514e+00,8.871461494071732901e+00,2.700000000000000178e+00
6.091308867553685974e-02,8.924743320404754598e+00,5.330174377581997192e+00,8.853856479107209410e+00,1.500229067660484361e+00,8.871461601550350906e+00,2.700000000000000178e+00
6.111308867553692098e-02,8.924743424909426182e+00,5.321562454835840228e+00,8.854055299930386980e+00,1.500227063300826558e+00,8.871461707646254524e+00,2.700000000000000178e+00
6.131308867553698222e-02,8.924743528059901010e+00,5.312970166072437550e+00,8.854252311811674048e+00,1.500225085829470117e+00,8.871461812384096035e+00,2.700000000000000178e+00
6.151308867553704346e-02,8.924743629880259377e+00,5.304397466756689994e+00,8.854447538974064003e+00,1.500223134765292343e+00,8.871461915787955732e+00,2.700000000000000178e+00
6.171308867553710470e-02,8.924743730394201435e+00,5.295844312467923309e+00,8.854641005207058768e+00,1.500221209637402353e+00,8.871462017881553308e+00,2.700000000000000178e+00
6.191308867553716594e-02,8.924743829624601332e+00,5.287310658869381896e+00,8.854832733876639494e+00,1.500219309984458960e+00,8.871462118687786003e+00,2.700000000000000178e+00
6.211308867553722718e-02,8.924743927594159132e+00,5.278796461717819355e+00,8.855022747935020533e+00,1.500217435357853901e+00,8.871462218229350327e+00,2.700000000000000178e+00
6.231308867553728842e-02,8.924744024324816394e+00,5.270301676876092856e+00,8.855211069929151080e+00,1.500215585314435884e+00,8.871462316528209158e+00,2.700000000000000178e+00
6.251308867553734272e-02,8.924744119838212697e+00,5.261826260296008861e+00,8.855397722010248884e+00,1.500213759425832905e+00,8.871462413606010955e+00,2.700000000000000178e+00
6.271308867553726518e-02,8.924744214155374777e+00,5.253370168027417186e+00,8.855582725942198863e+00,1.500211957268902552e+00,8.871462509483807324e+00,2.700000000000000178e+00
6.291308867553718764e-02,8.924744307296984758e+00,5.244933356224902532e+00,8.855766103109919740e+00,1.500210178433007968e+00,8.871462604182275058e+00,2.700000000000000178e+00
6.311308867553711011e-02,8.924744399283163432e+00,5.236515781120951729e+00,8.855947874528217412e+00,1.500208422514106132e+00,8.871462697721563373e+00,2.700000000000000178e+00
6.331308867553703257e-02,8.924744490133670993e+00,5.228117399055986603e+00,8.856128060849092876e+00,1.500206689119750081e+00,8.871462790121427133e+00,2.700000000000000178e+00
6.351308867553695503e-02,8.924744579867782690e+00,5.219738166463680606e+00,8.856306682370117755e+00,1.500204977861130828e+00,8.871462881401170009e+00,2.700000000000000178e+00
6.371308867553687749e-02,8.924744668504471790e+00,5.211378039871691570e+00,8.856483759041751114e+00,1.500203288361717568e+00,8.871462971579768819e+00,2.700000000000000178e+00
6.391308867553679995e-02,8.924744756062230167e+00,5.203036975902616490e+00,8.856659310474919167e+00,1.500201620254301815e+00,8.871463060675729650e+00,2.700000000000000178e+00
6.411308867553672242e-02,8.924744842559080737e+00,5.194714931272553571e+00,8.856833355948172226e+00,1.500199973172584578e+00,8.871463148707087853e+00,2.700000000000000178e+00
6.431308867553664488e-02,8.924744928012826151e+00,5.186411862800920147e+00,8.857005914414660452e+00,1.500198346766410396e+00,8.871463235691665616e+00,2.700000000000000178e+00
6.451308867553656734e-02,8.924745012440771674e+00,5.178127727393746049e+00,8.857177004509262375e+00,1.500196740688124919e+00,8.871463321646757549e+00,2.700000000000000178e+00
6.471308867553648980e-02,8.924745095859924149e+00,5.169862482047760999e+00,8.857346644555187609e+00,1.500195154598713998e+00,8.871463406589407796e+00,2.700000000000000178e+00
6.491308867553641226e-02,8.924745178286936920e+00,5.161616083868586280e+00,8.857514852570243846e+00,1.500193588164847824e+00,8.871463490536255492e+00,2.700000000000000178e+00
6.511308867553633473e-02,8.924745259738083192e+00,5.153388490042263292e+00,8.857681646273578124e+00,1.500192041063428405e+00,8.871463573503604039e+00,2.700000000000000178e+00
6.531308867553625719e-02,8.924745340229240043e+00,5.145179657856632893e+00,8.857847043091631178e+00,1.500190512972267243e+00,8.871463655507342949e+00,2.700000000000000178e+00
6.551308867553617965e-02,8.924745419776137112e+00,5.136989544690031551e+00,8.858011060164344030e+00,1.500189003583727754e+00,8.871463736563200086e+00,2.700000000000000178e+00
6.571308867553610211e-02,8.924745498393972909e+00,5.128818108020827715e+00,8.858173714350838779e+00,1.500187512589263861e+00,8.871463816686395276e+00,2.700000000000000178e+00
6.591308867553602457e-02,8.924745576097780742e+00,5.120665305410544654e+00,8.858335022235525713e+00,1.500186039689651807e+00,8.871463895891976037e+00,2.700000000000000178e+00
6.611308867553594704e-02,8.924745652902252857e+00,5.112531094524284114e+00,8.858495000133347119e+00,1.500184584594080661e+00,8.871463974194627511e+00,2.700000000000000178e+00
6.631308867553586950e-02,8.924745728821731561e+00,5.104415433114310119e+00,8.858653664095481162e+00,1.500183147013785856e+00,8.871464051608718648e+00,2.700000000000000178e+00
6.651308867553579196e-02,8.924745803870345995e+00,5.096318279026610831e+00,8.858811029914726021e+00,1.500181726665914539e+00,8.871464128148383921e+00,2.700000000000000178e+00
6.671308867553571442e-02,8.924745878061900228e+00,5.088239590209779450e+00,8.858967113130310267e+00,1.500180323276254057e+00,8.871464203827434503e+00,2.700000000000000178e+00
6.691308867553563688e-02,8.924745951409983391e+00,5.080179324695064835e+00,8.859121929033527465e+00,1.500178936574684485e+00,8.871464278659482616e+00,2.700000000000000178e+00
6.711308867553555935e-02,8.924746023927639271e+00,5.072137440608854853e+00,8.859275492672216146e+00,1.500177566295633369e+00,8.871464352657573826e+00,2.700000000000000178e+00
6.731308867553548181e-02,8.924746095628128373e+00,5.064113896173070728e+00,8.859427818856143944e+00,1.500176212178757851e+00,8.871464425834972189e+00,2.700000000000000178e+00
6.751308867553540427e-02,8.924746166524132107e+00,5.056108649698713542e+00,8.859578922161153614e+00,1.500174873972810019e+00,8.871464498204385762e+00,2.700000000000000178e+00
6.771308867553532673e-02,8.924746236628090301e+00,5.048121659588210797e+00,8.859728816934197226e+00,1.500173551425632468e+00,8.871464569778249043e+00,2.700000000000000178e+00
6.791308867553524919e-02,8.924746305952227843e+00,5.040152884343562789e+00,8.859877517297491067e+00,1.500172244293025869e+00,8.871464640568802906e+00,2.700000000000000178e+00
6.811308867553517166e-02,8.924746374508638169e+00,5.032202282551637929e+00,8.860025037153352656e+00,1.500170952334656249e+00,8.871464710588160330e+00,2.700000000000000178e+00
6.831308867553509412e-02,8.924746442308997274e+00,5.024269812890779896e+00,8.860171390188078533e+00,1.500169675316328721e+00,8.871464779847990201e+00,2.700000000000000178e+00
6.851308867553501658e-02,8.924746509364938518e+00,5.016355434141721581e+00,8.860316589876301663e+00,1.500168413007713752e+00,8.871464848359954303e+00,2.700000000000000178e+00
6.871308867553493904e-02,8.924746575687789729e+00,5.008459105165972147e+00,8.860460649485245810e+00,1.500167165181892415e+00,8.871464916135378687e+00,2.700000000000000178e+00
6.891308867553486150e-02,8.924746641288573201e+00,5.000580784918084554e+00,8.860603582078443452e+00,1.500165931617630122e+00,8.871464983185292752e+00,2.700000000000000178e+00
6.911308867553478397e-02,8.924746706178305899e+00,4.992720432448432888e+00,8.860745400519801862e+00,1.500164712098921882e+00,8.871465049520733004e+00,2.700000000000000178e+00
6.931308867553470643e-02,8.924746770367542936e+00,4.984878006892258462e+00,8.860886117477557278e+00,1.500163506408171088e+00,8.871465115152265213e+00,2.700000000000000178e+00
6.951308867553462889e-02,8.924746833866858964e+00,4.977053467485782257e+00,8.861025745427527411e+00,1.500162314340059311e+00,8.871465180090456926e+00,2.700000000000000178e+00
6.971308867553455135e-02,8.924746896686466258e+00,4.969246773541964757e+00,8.861164296657392470e+00,1.500161135687676506e+00,8.871465244345548840e+00,2.700000000000000178e+00
6.991308867553447381e-02,8.924746958836609068e+00,4.961457884480886982e+00,8.861301783269809107e+00,1.500159970250251718e+00,8.871465307927779875e+00,2.700000000000000178e+00
7.011308867553439628e-02,8.924747020327016500e+00,4.953686759800183914e+00,8.861438217185943600e+00,1.500158817828605606e+00,8.871465370846909337e+00,2.700000000000000178e+00
7.031308867553431874e-02,8.924747081167458518e+00,4.945933359089649706e+00,8.861573610149129365e+00,1.500157678230607416e+00,8.871465433112689425e+00,2.700000000000000178e+00
7.051308867553424120e-02,8.924747141367484815e+00,4.938197642031609824e+00,8.861707973727977361e+00,1.500156551264581140e+00,8.871465494734703583e+00,2.700000000000000178e+00
7.071308867553416366e-02,8.924747200936492320e+00,4.930479568399526613e+00,8.861841319319641030e+00,1.500155436744535109e+00,8.871465555722341634e+00,2.700000000000000178e+00
7.091308867553408612e-02,8.924747259883655914e+00,4.922779098059786307e+00,8.861973658152889399e+00,1.500154334487206143e+00,8.871465616084799777e+00,2.700000000000000178e+00
7.111308867553400859e-02,8.924747318217960412e+00,4.915096190959911127e+00,8.862105001291549655e+00,1.500153244312741663e+00,8.871465675831057496e+00,2.700000000000000178e+00
7.131308867553393105e-02,8.924747375948223649e+00,4.907430807143131624e+00,8.862235359637249843e+00,1.500152166042653334e+00,8.871465734969959271e+00,2.700000000000000178e+00
7.151308867553385351e-02,8.924747433083238590e+00,4.899782906738860966e+00,8.862364743932557687e+00,1.500151099505728780e+00,8.871465793510294517e+00,2.700000000000000178e+00
7.171308867553377597e-02,8.924747489631448261e+00,4.892152449968629746e+00,8.862493164763742826e+00,1.500150044529846127e+00,8.871465851460522245e+00,2.700000000000000178e+00
7.191308867553369844e-02,8.924747545601345422e+00,4.884539397137938721e+00,8.862620632563787737e+00,1.500149000950159461e+00,8.871465908829138769e+00,2.700000000000000178e+00
7.211308867553362090e-02,8.924747601000987629e+00,4.876943708647066167e+00,8.862747157614895954e+00,1.500147968599549131e+00,8.871465965624212302e+00,2.700000000000000178e+00
7.231308867553354336e-02,8.924747655838654481e+00,4.869365344982296229e+00,8.862872750051595361e+00,1.500146947320445179e+00,8.871466021854033102e+00,2.700000000000000178e+00
7.251308867553346582e-02,8.924747710122085564e+00,4.861804266719286005e+00,8.862997419862978177e+00,1.500145936950957548e+00,8.871466077526353189e+00,2.700000000000000178e+00
7.271308867553338828e-02,8.924747763859230076e+00,4.854260434521629364e+00,8.863121176895802478e+00,1.500144937337836382e+00,8.871466132649121761e+00,2.700000000000000178e+00
7.291308867553331075e-02,8.924747817057609112e+00,4.846733809136943627e+00,8.863244030856407107e+00,1.500143948327831822e+00,8.871466187229881228e+00,2.700000000000000178e+00
7.311308867553323321e-02,8.924747869724871663e+00,4.839224351406794078e+00,8.863365991313976622e+00,1.500142969770649870e+00,8.871466241276269926e+00,2.700000000000000178e+00
7.331308867553315567e-02,8.924747921868286582e+00,4.831732022258441006e+00,8.863487067702125799e+00,1.500142001519407131e+00,8.871466294795578023e+00,2.700000000000000178e+00
7.351308867553307813e-02,8.924747973495161801e+00,4.824256782705393043e+00,8.863607269322049120e+00,1.500141043427674958e+00,8.871466347795132990e+00,2.700000000000000178e+00
7.371308867553300059e-02,8.924748024612640052e+00,4.816798593850214694e+00,8.863726605344325549e+00,1.500140095356073289e+00,8.871466400282072229e+00,2.700000000000000178e+00
7.391308867553292306e-02,8.924748075227725508e+00,4.809357416882940939e+00,8.863845084811602604e+00,1.500139157162493575e+00,8.871466452263407021e+00,2.700000000000000178e+00
7.411308867553284552e-02,8.924748125347257144e+00,4.801933213078092955e+00,8.863962716640376271e+00,1.500138228711648480e+00,8.871466503745985221e+00,2.700000000000000178e+00
7.431308867553276798e-02,8.924748174978084592e+00,4.794525943804866408e+00,8.864079509623714159e+00,1.500137309867341173e+00,8.871466554736677779e+00,2.700000000000000178e+00
7.451308867553269044e-02,8.924748224126751950e+00,4.787135570506866777e+00,8.864195472432983891e+00,1.500136400497012801e+00,8.871466605242021686e+00,2.700000000000000178e+00
7.471308867553261290e-02,8.924748272799872595e+00,4.779762054722513476e+00,8.864310613620158819e+00,1.500135500472424610e+00,8.871466655268639201e+00,2.700000000000000178e+00
7.491308867553253537e-02,8.924748321003766804e+00,4.772405358075676673e+00,8.864424941619780896e+00,1.500134609663064111e+00,8.871466704822873695e+00,2.700000000000000178e+00
7.511308867553245783e-02,8.924748368744849003e+00,4.765065442276982921e+00,8.864538464751129609e+00,1.500133727943421036e+00,8.871466753911141367e+00,2.700000000000000178e+00
7.531308867553238029e-02,8.924748416029235187e+00,4.757742269121568945e+00,8.864651191219966364e+00,1.500132855189576730e+00,8.871466802539554664e+00,2.700000000000000178e+00
7.551308867553230275e-02,8.924748462863151488e+00,4.750435800491004557e+00,8.864763129120671437e+00,1.500131991282614763e+00,8.871466850714357477e+00,2.700000000000000178e+00
7.571308867553222521e-02,8.924748509252390605e+00,4.743145998350200898e+00,8.864874286437926187e+00,1.500131136100890217e+00,8.871466898441353166e+00,2.700000000000000178e+00
7.591308867553214768e-02,8.924748555203080969e+00,4.735872824754673083e+00,8.864984671049006337e+00,1.500130289526623528e+00,8.871466945726682596e+00,2.700000000000000178e+00
7.611308867553207014e-02,8.924748600720770142e+00,4.728616241838205170e+00,8.865094290724872650e+00,1.500129451445900486e+00,8.871466992575884447e+00,2.700000000000000178e+00
7.631308867553199260e-02,8.924748645811405368e+00,4.721376211828507863e+00,8.865203153132782177e+00,1.500128621742987889e+00,8.871467038994929055e+00,2.700000000000000178e+00
7.651308867553191506e-02,8.924748690480303281e+00,4.714152697026892547e+00,8.865311265837259924e+00,1.500127800307154757e+00,8.871467084989140162e+00,2.700000000000000178e+00
7.671308867553183752e-02,8.924748734733272570e+00,4.706945659834178564e+00,8.865418636302445421e+00,1.500126987031080716e+00,8.871467130564326453e+00,2.700000000000000178e+00
7.691308867553175999e-02,8.924748778575544605e+00,4.699755062724667809e+00,8.865525271893332615e+00,1.500126181802215797e+00,8.871467175725733512e+00,2.700000000000000178e+00
7.711308867553168245e-02,8.924748822012485761e+00,4.692580868260870730e+00,8.865631179877615509e+00,1.500125384518241844e+00,8.871467220478736593e+00,2.700000000000000178e+00
7.731308867553160491e-02,8.924748865049320301e+00,4.685423039094069431e+00,8.865736367427205167e+00,1.500124595071611111e+00,8.871467264828563515e+00,2.700000000000000178e+00
7.751308867553152737e-02,8.924748907691299138e+00,4.678281537949948721e+00,8.865840841620032720e+00,1.500123813362279179e+00,8.871467308780470518e+00,2.700000000000000178e+00
7.771308867553144983e-02,8.924748949943422716e+00,4.671156327649679696e+00,8.865944609441150703e+00,1.500123039288610016e+00,8.871467352339475809e+00,2.700000000000000178e+00
7.791308867553137230e-02,8.924748991810627530e+00,4.664047371082591376e+00,8.866047677784733239e+00,1.500122272751013952e+00,8.871467395510508780e+00,2.700000000000000178e+00
7.811308867553129476e-02,8.924749033297803891e+00,4.656954631236554398e+00,8.866150053455289282e+00,1.500121513649219196e+00,8.871467438298493491e+00,2.700000000000000178e+00
7.831308867553121722e-02,8.924749074409954019e+00,4.649878071172276250e+00,8.866251743169247135e+00,1.500120761891594157e+00,8.871467480708409070e+00,2.700000000000000178e+00
7.851308867553113968e-02,8.924749115151692891e+00,4.642817654043492226e+00,8.866352753556105526e+00,1.500120017380140780e+00,8.871467522744902467e+00,2.700000000000000178e+00
7.871308867553106214e-02,8.924749155527688771e+00,4.635773343084771625e+00,8.866453091160110489e+00,1.500119280023227475e+00,8.871467564412631290e+00,2.700000000000000178e+00
7.891308867553098461e-02,8.924749195542577951e+00,4.628745101605351131e+00,8.866552762441724411e+00,1.500118549728540529e+00,8.871467605716251370e+00,2.700000000000000178e+00
7.911308867553090707e-02,8.924749235200811981e+00,4.621732893007860277e+00,8.866651773778592371e+00,1.500117826405357846e+00,8.871467646660216033e+00,2.700000000000000178e+00
7.931308867553082953e-02,8.924749274507043140e+00,4.614736680768369403e+00,8.866750131467345142e+00,1.500117109968186924e+00,8.871467687249197098e+00,2.700000000000000178e+00
7.951308867553075199e-02,8.924749313465396128e+00,4.607756428450393571e+00,8.866847841724286639e+00,1.500116400324941424e+00,8.871467727487308608e+00,2.700000000000000178e+00
7.971308867553067445e-02,8.924749352080363352e+00,4.600792099701942028e+00,8.866944910687255543e+00,1.500115697393766823e+00,8.871467767379060732e+00,2.700000000000000178e+00
7.991308867553059692e-02,8.924749390356153000e+00,4.593843658244063377e+00,8.867041344416563220e+00,1.500115001088488498e+00,8.871467806928661659e+00,2.700000000000000178e+00
8.011308867553051938e-02,8.924749428296852471e+00,4.586911067893288951e+00,8.867137148896180321e+00,1.500114311324523442e+00,8.871467846140225433e+00,2.700000000000000178e+00
8.031308867553044184e-02,8.924749465906705481e+00,4.579994292532830080e+00,8.867232330035184518e+00,1.500113628023655110e+00,8.871467885017979782e+00,2.700000000000000178e+00
8.051308867553036430e-02,8.924749503189644884e+00,4.573093296141499842e+00,8.867326893668645127e+00,1.500112951101300496e+00,8.871467923565885982e+00,2.700000000000000178e+00
8.071308867553028676e-02,8.924749540149742089e+00,4.566208042770803388e+00,8.867420845558982023e+00,1.500112280480379923e+00,8.871467961788001233e+00,2.700000000000000178e+00
8.091308867553020923e-02,8.924749576790935279e+00,4.559338496556297748e+00,8.867514191397090073e+00,1.500111616083358967e+00,8.871467999688292139e+00,2.700000000000000178e+00
8.111308867553013169e-02,8.924749613117024083e+00,4.552484621713449364e+00,8.867606936803262840e+00,1.500110957830656844e+00,8.871468037270549445e+00,2.700000000000000178e+00
8.131308867553005415e-02,8.924749649131774376e+00,4.545646382538589769e+00,8.867699087328492880e+00,1.500110305647694986e+00,8.871468074538551463e+00,2.700000000000000178e+00
8.151308867552997661e-02,8.924749684839063946e+00,4.538823743409543532e+00,8.867790648455500246e+00,1.500109659462395939e+00,8.871468111496186637e+00,2.700000000000000178e+00
8.171308867552989907e-02,8.924749720242406426e+00,4.532016668785087354e+00,8.867881625599618900e+00,1.500109019196770532e+00,8.871468148146975707e+00,2.700000000000000178e+00
8.191308867552982154e-02,8.924749755345576574e+00,4.525225123200554478e+00,8.867972024110159168e+00,1.500108384782379289e+00,8.871468184494695208e+00,2.700000000000000178e+00
8.211308867552974400e-02,8.924749790152132434e+00,4.518449071277242268e+00,8.868061849271096975e+00,1.500107756146917382e+00,8.871468220542915617e+00,2.700000000000000178e+00
8.231308867552966646e-02,8.924749824665605402e+00,4.511688477710939615e+00,8.868151106302258668e+00,1.500107133218762101e+00,8.871468256295175436e+00,2.700000000000000178e+00
8.251308867552958892e-02,8.924749858889303056e+00,4.504943307283532761e+00,8.868239800359937419e+00,1.500106515930838214e+00,8.871468291754791125e+00,2.700000000000000178e+00
8.271308867552951138e-02,8.924749892826817188e+00,4.498213524854953071e+00,8.868327936538578982e+00,1.500105904213342001e+00,8.871468326925354475e+00,2.700000000000000178e+00
8.291308867552943385e-02,8.924749926481579720e+00,4.491499095358269855e+00,8.868415519871133412e+00,1.500105298002608833e+00,8.871468361810306291e+00,2.700000000000000178e+00
8.311308867552935631e-02,8.924749959856733028e+00,4.484799983814216517e+00,8.868502555329930814e+00,1.500104697229971862e+00,8.871468396412796054e+00,2.700000000000000178e+00
8.331308867552927877e-02,8.924749992955559819e+00,4.478116155314240565e+00,8.868589047828010052e+00,1.500104101829492720e+00,8.871468430736117128e+00,2.700000000000000178e+00
8.351308867552920123e-02,8.924750025781378326e+00,4.471447575037227118e+00,8.868675002219765346e+00,1.500103511740462636e+00,8.871468464783601959e+00,2.700000000000000178e+00
8.371308867552912369e-02,8.924750058337270531e+00,4.464794208234508233e+00,8.868760423301772278e+00,1.500102926896943245e+00,8.871468498558320093e+00,2.700000000000000178e+00
8.391308867552904616e-02,8.924750090626321963e+00,4.458156020239322004e+00,8.868845315813736363e+00,1.500102347237316280e+00,8.871468532063383705e+00,2.700000000000000178e+00
8.411308867552896862e-02,8.924750122651754936e+00,4.451532976463649760e+00,8.868929684439406103e+00,1.500101772700872971e+00,8.871468565302002673e+00,2.700000000000000178e+00
8.431308867552889108e-02,8.924750154416551950e+00,4.444925042393819581e+00,8.869013533807244443e+00,1.500101203229405655e+00,8.871468598277184370e+00,2.700000000000000178e+00
8.451308867552881354e-02,8.924750185923615575e+00,4.438332183600832259e+00,8.869096868491212149e+00,1.500100638760159200e+00,8.871468630991831361e+00,2.700000000000000178e+00
8.471308867552873600e-02,8.924750217176011802e+00,4.431754365729981160e+00,8.869179693011886911e+00,1.500100079236062811e+00,8.871468663449009640e+00,2.700000000000000178e+00
8.491308867552865847e-02,8.924750248176428258e+00,4.425191554502299063e+00,8.869262011836759996e+00,1.500099524599136203e+00,8.871468695651431702e+00,2.700000000000000178e+00
8.511308867552858093e-02,8.924750278927991332e+00,4.418643715719213105e+00,8.869343829381612920e+00,1.500098974793218076e+00,8.871468727602211501e+00,2.700000000000000178e+00
8.531308867552850339e-02,8.924750309433397533e+00,4.412110815255033458e+00,8.869425150010789238e+00,1.500098429761692387e+00,8.871468759304057983e+00,2.700000000000000178e+00
8.551308867552842585e-02,8.924750339695380674e+00,4.405592819073252286e+00,8.869505978037855343e+00,1.500097889449307331e+00,8.871468790759713841e+00,2.700000000000000178e+00
8.571308867552834831e-02,8.924750369716743847e+00,4.399089693204259355e+00,8.869586317726890101e+00,1.500097353802630096e+00,8.871468821972001706e+00,2.700000000000000178e+00
8.591308867552827078e-02,8.924750399500124942e+00,4.392601403755852729e+00,8.869666173292774403e+00,1.500096822766181504e+00,8.871468852943538153e+00,2.700000000000000178e+00
8.611308867552819324e-02,8.924750429048234679e+00,4.386127916914835723e+00,8.869745548902020715e+00,1.500096296288347730e+00,8.871468883677062323e+00,2.700000000000000178e+00
8.631308867552811570e-02,8.924750458363636341e+00,4.379669198946104736e+00,8.869824448673359285e+00,1.500095774316832831e+00,8.871468914175137499e+00,2.700000000000000178e+00
8.651308867552803816e-02,8.924750487449019332e+00,4.373225216184958519e+00,8.869902876678718684e+00,1.500095256801387222e+00,8.871468944440458415e+00,2.700000000000000178e+00
8.671308867552796062e-02,8.924750516306866999e+00,4.366795935051241528e+00,8.869980836943462066e+00,1.500094743690397081e+00,8.871468974475520852e+00,2.700000000000000178e+00
8.691308867552788309e-02,8.924750544939643149e+00,4.360381322032519158e+00,8.870058333447422783e+00,1.500094234932021209e+00,8.871469004282788617e+00,2.700000000000000178e+00
8.711308867552780555e-02,8.924750573349871985e+00,4.353981343703154927e+00,8.870135370125256102e+00,1.500093730481694365e+00,8.871469033864793019e+00,2.700000000000000178e+00
8.731308867552772801e-02,8.924750601540001327e+00,4.347595966703272197e+00,8.870211950867460615e+00,1.500093230286665857e+00,8.871469063223999640e+00,2.700000000000000178e+00
8.751308867552765047e-02,8.924750629512455902e+00,4.341225157752584884e+00,8.870288079520607383e+00,1.500092734301460951e+00,8.871469092362817221e+00,2.700000000000000178e+00
8.771308867552757293e-02,8.924750657269534315e+00,4.334868883638963943e+00,8.870363759888203248e+00,1.500092242477649052e+00,8.871469121283572790e+00,2.700000000000000178e+00
8.791308867552749540e-02,8.924750684813631096e+00,4.328527111245351833e+00,8.870438995730987486e+00,1.500091754768845931e+00,8.871469149988653768e+00,2.700000000000000178e+00
8.811308867552741786e-02,8.924750712147078602e+00,4.322199807510886949e+00,8.870513790768042028e+00,1.500091271131623216e+00,8.871469178480413831e+00,2.700000000000000178e+00
8.831308867552734032e-02,8.924750739272056421e+00,4.315886939453750237e+00,8.870588148676915807e+00,1.500090791517322941e+00,8.871469206761029014e+00,2.700000000000000178e+00
8.851308867552726278e-02,8.924750766190973295e+00,4.309588474175541251e+00,8.870662073094505828e+00,1.500090315884108350e+00,8.871469234832908057e+00,2.700000000000000178e+00
8.871308867552718525e-02,8.924750792905838281e+00,4.303304378837133015e+00,8.870735567617300532e+00,1.500089844185595211e+00,8.871469262698074232e+00,2.700000000000000178e+00
8.891308867552710771e-02,8.924750819419003278e+00,4.297034620686662088e+00,8.870808635802275077e+00,1.500089376381311013e+00,8.871469290358886539e+00,2.700000000000000178e+00
8.911308867552703017e-02,8.924750845732503990e+00,4.290779167043450748e+00,8.870881281167219967e+00,1.500088912425326271e+00,8.871469317817384237e+00,2.700000000000000178e+00
8.931308867552695263e-02,8.924750871848454281e+00,4.284537985296668516e+00,8.870953507191284615e+00,1.500088452276941098e+00,8.871469345075693624e+00,2.700000000000000178e+00
8.951308867552687509e-02,8.924750897769207825e+00,4.278311042917160023e+00,8.871025317315821113e+00,1.500087995896592474e+00,8.871469372136170151e+00,2.700000000000000178e+00
8.971308867552679756e-02,8.924750923496471700e+00,4.272098307446178467e+00,8.871096714944219030e+00,1.500087543239942534e+00,8.871469399000528000e+00,2.700000000000000178e+00
8.991308867552672002e-02,8.924750949032533853e+00,4.265899746492300970e+00,8.871167703443285646e+00,1.500087094268792498e+00,8.871469425671053344e+00,2.700000000000000178e+00
9.011308867552664248e-02,8.924750974379259461e+00,4.259715327745529301e+00,8.871238286142983043e+00,1.500086648943124601e+00,8.871469452149630897e+00,2.700000000000000178e+00
9.031308867552656494e-02,8.924750999538671792e+00,4.253545018968488023e+00,8.871308466337451293e+00,1.500086207221102086e+00,8.871469478438285705e+00,2.700000000000000178e+00
9.051308867552648740e-02,8.924751024512751485e+00,4.247388787992971260e+00,8.871378247285205632e+00,1.500085769066117791e+00,8.871469504539003736e+00,2.700000000000000178e+00
9.071308867552640987e-02,8.924751049303440098e+00,4.241246602726722159e+00,8.871447632209759959e+00,1.500085334439972939e+00,8.871469530453728325e+00,2.700000000000000178e+00
9.091308867552633233e-02,8.924751073912647215e+00,4.235118431147991913e+00,8.871516624299999876e+00,1.500084903305832995e+00,8.871469556184377936e+00,2.700000000000000178e+00
9.111308867552625479e-02,8.924751098342246891e+00,4.229004241314347823e+00,8.871585226710754668e+00,1.500084475622770697e+00,8.871469581732840837e+00,2.700000000000000178e+00
9.131308867552617725e-02,8.924751122593999497e+00,4.222904001345697544e+00,8.871653442563015801e+00,1.500084051357362114e+00,8.871469607100877397e+00,2.700000000000000178e+00
9.151308867552609971e-02,8.924751146669876789e+00,4.216817679439717637e+00,8.871721274944821545e+00,1.500083630471408469e+00,8.871469632290457596e+00,2.700000000000000178e+00
9.171308867552602218e-02,8.924751170571628478e+00,4.210745243867719978e+00,8.871788726911258749e+00,1.500083212931258458e+00,8.871469657303352463e+00,2.700000000000000178e+00
9.191308867552594464e-02,8.924751194301025592e+00,4.204686662971495181e+00,8.871855801485105886e+00,1.500082798699168052e+00,8.871469682141333024e+00,2.700000000000000178e+00
9.211308867552586710e-02,8.924751217859828500e+00,4.198641905165040100e+00,8.871922501657246940e+00,1.500082387741031198e+00,8.871469706806164979e+00,2.700000000000000178e+00
9.231308867552578956e-02,8.924751241249738953e+00,4.192610938933271747e+00,8.871988830387028457e+00,1.500081980023651340e+00,8.871469731299546524e+00,2.700000000000000178e+00
9.251308867552571202e-02,8.924751264472538637e+00,4.186593732833300052e+00,8.872054790602906138e+00,1.500081575511103438e+00,8.871469755623282438e+00,2.700000000000000178e+00
9.271308867552563449e-02,8.924751287529886667e+00,4.180590255490498564e+00,8.872120385202473258e+00,1.500081174170645681e+00,8.871469779779033615e+00,2.700000000000000178e+00
9.291308867552555695e-02,8.924751310423479467e+00,4.174600475608988503e+00,8.872185617053073514e+00,1.500080775970673130e+00,8.871469803768489371e+00,2.700000000000000178e+00
9.311308867552547941e-02,8.924751333154942401e+00,4.168624361957681046e+00,8.872250488992330375e+00,1.500080380875942865e+00,8.871469827593296387e+00,2.700000000000000178e+00
9.331308867552540187e-02,8.924751355725874191e+00,4.162661883375806227e+00,8.872315003828187940e+00,1.500079988857351054e+00,8.871469851255055161e+00,2.700000000000000178e+00
9.351308867552532433e-02,8.924751378137891322e+00,4.156713008778761598e+00,8.872379164339625035e+00,1.500079599880109527e+00,8.871469874755387508e+00,2.700000000000000178e+00
9.371308867552524680e-02,8.924751400392638701e+00,4.150777707147870643e+00,8.872442973276950084e+00,1.500079213914659704e+00,8.871469898095938333e+00,2.700000000000000178e+00
9.391308867552516926e-02,8.924751422491684849e+00,4.144855947540015073e+00,8.872506433361978750e+00,1.500078830928714524e+00,8.871469921278295701e+00,2.700000000000000178e+00
9.411308867552509172e-02,8.924751444436356707e+00,4.138947699073394659e+00,8.872569547288508218e+00,1.500078450892033288e+00,8.871469944303772337e+00,2.700000000000000178e+00
9.431308867552501418e-02,8.924751466228451946e+00,4.133052930944658421e+00,8.872632317722983331e+00,1.500078073775057419e+00,8.871469967174192561e+00,2.700000000000000178e+00
9.451308867552493664e-02,8.924751487869405864e+00,4.127171612417423141e+00,8.872694747304363361e+00,1.500077699548910459e+00,8.871469989890986341e+00,2.700000000000000178e+00
9.471308867552485911e-02,8.924751509360644874e+00,4.121303712826003718e+00,8.872756838644669131e+00,1.500077328182669589e+00,8.871470012455596077e+00,2.700000000000000178e+00
9.491308867552478157e-02,8.924751530703614932e+00,4.115449201577228600e+00,8.872818594329384467e+00,1.500076959645639363e+00,8.871470034869462395e+00,2.700000000000000178e+00
9.511308867552470403e-02,8.924751551899843705e+00,4.109608048138849945e+00,8.872880016917859436e+00,1.500076593912581302e+00,8.871470057134116516e+00,2.700000000000000178e+00
9.531308867552462649e-02,8.924751572950755829e+00,4.103780222054959737e+00,8.872941108943432909e+00,1.500076230953709455e+00,8.871470079251000840e+00,2.700000000000000178e+00
9.551308867552454895e-02,8.924751593857743970e+00,4.097965692937388660e+00,8.873001872913848231e+00,1.500075870741284234e+00,8.871470101221502702e+00,2.700000000000000178e+00
9.571308867552447142e-02,8.924751614622179474e+00,4.092164430466660008e+00,8.873062311311700867e+00,1.500075513246429182e+00,8.871470123047011214e+00,2.700000000000000178e+00
9.591308867552439388e-02,8.924751635245403492e+00,4.086376404393341488e+00,8.873122426594418855e+00,1.500075158443223700e+00,8.871470144728863971e+00,2.700000000000000178e+00
9.611308867552431634e-02,8.924751655728963229e+00,4.080601584533676274e+00,8.873182221195198949e+00,1.500074806305292441e+00,8.871470166268615287e+00,2.700000000000000178e+00
9.631308867552423880e-02,8.924751676073981344e+00,4.074839940774930724e+00,8.873241697522511018e+00,1.500074456804213696e+00,8.871470187667398477e+00,2.700000000000000178e+00
9.651308867552416126e-02,8.924751696281882474e+00,4.069091443073055814e+00,8.873300857961051946e+00,1.500074109914066867e+00,8.871470208926639955e+00,2.700000000000000178e+00
9.671308867552408373e-02,8.924751716354013098e+00,4.063356061450761558e+00,8.873359704871754516e+00,1.500073765611659837e+00,8.871470230047693306e+00,2.700000000000000178e+00
9.691308867552400619e-02,8.924751736291582915e+00,4.057633766002386011e+00,8.873418240592068074e+00,1.500073423867434030e+00,8.871470251031768228e+00,2.700000000000000178e+00
9.711308867552392865e-02,8.924751756095947286e+00,4.051924526885091637e+00,8.873476467436431037e+00,1.500073084658424705e+00,8.871470271880230740e+00,2.700000000000000178e+00
9.731308867552385111e-02,8.924751775768374529e+00,4.046228314328109477e+00,8.873534387696421888e+00,1.500072747959393382e+00,8.871470292594359819e+00,2.700000000000000178e+00
9.751308867552377357e-02,8.924751795309983748e+00,4.040545098627939424e+00,8.873592003640823123e+00,1.500072413744646838e+00,8.871470313175272793e+00,2.700000000000000178e+00
9.771308867552369604e-02,8.924751814722190701e+00,4.034874850144809955e+00,8.873649317516532520e+00,1.500072081991447703e+00,8.871470333624397853e+00,2.700000000000000178e+00
9.791308867552361850e-02,8.924751834006070084e+00,4.029217539309563278e+00,8.873706331548143922e+00,1.500071752675239622e+00,8.871470353942806142e+00,2.700000000000000178e+00
9.811308867552354096e-02,8.924751853162961268e+00,4.023573136620653301e+00,8.873763047938663107e+00,1.500071425772148359e+00,8.871470374131844139e+00,2.700000000000000178e+00
9.831308867552346342e-02,8.924751872193873226e+00,4.017941612641855897e+00,8.873819468869461602e+00,1.500071101257844930e+00,8.871470394192542130e+00,2.700000000000000178e+00
9.851308867552338588e-02,8.924751891100074275e+00,4.012322938004261097e+00,8.873875596500850449e+00,1.500070779109819341e+00,8.871470414126152448e+00,2.700000000000000178e+00
9.871308867552330835e-02,8.924751909882751022e+00,4.006717083406965862e+00,8.873931432972231192e+00,1.500070459304197357e+00,8.871470433933879463e+00,2.700000000000000178e+00
9.891308867552323081e-02,8.924751928543011914e+00,4.001124019616612237e+00,8.873986980402067459e+00,1.500070141819833225e+00,8.871470453616833396e+00,2.700000000000000178e+00
9.911308867552315327e-02,8.924751947082109282e+00,3.995543717466077727e+00,8.874042240888613264e+00,1.500069826635581194e+00,8.871470473176273686e+00,2.700000000000000178e+00
9.931308867552307573e-02,8.924751965500886897e+00,3.989976147849580101e+00,8.874097216509717612e+00,1.500069513724838544e+00,8.871470492613049430e+00,2.700000000000000178e+00
9.951308867552299819e-02,8.924751983800744526e+00,3.984421281729943587e+00,8.874151909323574117e+00,1.500069203070324875e+00,8.871470511928565728e+00,2.700000000000000178e+00
9.971308867552292066e-02,8.924752001982623639e+00,3.978879090139439967e+00,8.874206321368326655e+00,1.500068894648620699e+00,8.871470531123772929e+00,2.700000000000000178e+00
9.991308867552284312e-02,8.924752020047611367e+00,3.973349544174790804e+00,8.874260454662783459e+00,1.500068588437898143e+00,8.871470550199752836e+00,2.700000000000000178e+00
1.001130886755227656e-01,8.924752037996794840e+00,3.967832614997191865e+00,8.874314311206509487e+00,1.500068284417238829e+00,8.871470569157608566e+00,2.700000000000000178e+00
1.003130886755226880e-01,8.924752055831252306e+00,3.962328273827355307e+00,8.874367892980105310e+00,1.500067982567088620e+00,8.871470587998421919e+00,2.700000000000000178e+00
1.005130886755226105e-01,8.924752073551989184e+00,3.956836491971076342e+00,8.874421201945169813e+00,1.500067682865619645e+00,8.871470606723201868e+00,2.700000000000000178e+00
1.007130886755225330e-01,8.924752091160012668e+00,3.951357240777995550e+00,8.874474240044900597e+00,1.500067385293277766e+00,8.871470625332960935e+00,2.700000000000000178e+00
1.009130886755224554e-01,8.924752108656409888e+00,3.945890491671501632e+00,8.874527009204150829e+00,1.500067089830736222e+00,8.871470643828791580e+00,2.700000000000000178e+00
1.011130886755223779e-01,8.924752126042095668e+00,3.940436216140366099e+00,8.874579511329596215e+00,1.500066796455257645e+00,8.871470662211619285e+00,2.700000000000000178e+00
1.013130886755223004e-01,8.924752143318194442e+00,3.934994385740458345e+00,8.874631748309990797e+00,1.500066505149334262e+00,8.871470680482563154e+00,2.700000000000000178e+00
1.015130886755222228e-01,8.924752160485642349e+00,3.929564972083456453e+00,8.874683722016420973e+00,1.500066215894548804e+00,8.871470698642575314e+00,2.700000000000000178e+00
1.017130886755221453e-01,8.924752177545316911e+00,3.924147946859377178e+00,8.874735434302289505e+00,1.500065928670210269e+00,8.871470716692536840e+00,2.700000000000000178e+00
1.019130886755220677e-01,8.924752194498196900e+00,3.918743281812284263e+00,8.874786887003894620e+00,1.500065643456764519e+00,8.871470734633422950e+00,2.700000000000000178e+00
1.021130886755219902e-01,8.924752211345314379e+00,3.913350948753059999e+00,8.874838081940367829e+00,1.500065360237613277e+00,8.871470752466283471e+00,2.700000000000000178e+00
1.023130886755219127e-01,8.924752228087587724e+00,3.907970919556715383e+00,8.874889020914089599e+00,1.500065078992520284e+00,8.871470770192031452e+00,2.700000000000000178e+00
1.025130886755218351e-01,8.924752244725905115e+00,3.902603166163021164e+00,8.874939705710426452e+00,1.500064799703523022e+00,8.871470787811563952e+00,2.700000000000000178e+00
1.027130886755217576e-01,8.924752261261270192e+00,3.897247660573002648e+00,8.874990138098604930e+00,1.500064522353795837e+00,8.871470805325895270e+00,2.700000000000000178e+00
1.029130886755216800e-01,8.924752277694439684e+00,3.891904374855136073e+00,8.875040319831162705e+00,1.500064246924694089e+00,8.871470822735783912e+00,2.700000000000000178e+00
1.031130886755216025e-01,8.924752294026488286e+00,3.886573281140420555e+00,8.875090252644858069e+00,1.500063973399392125e+00,8.871470840042313455e+00,2.700000000000000178e+00
1.033130886755215250e-01,8.924752310258135424e+00,3.881254351620848198e+00,8.875139938260224071e+00,1.500063701757198942e+00,8.871470857246197994e+00,2.700000000000000178e+00
1.035130886755214474e-01,8.924752326390370527e+00,3.875947558555800754e+00,8.875189378382216887e+00,1.500063431984699491e+00,8.871470874348439395e+00,2.700000000000000178e+00
1.037130886755213699e-01,8.924752342423941442e+00,3.870652874264844723e+00,8.875238574700032856e+00,1.500063164063703880e+00,8.871470891349783727e+00,2.700000000000000178e+00
1.039130886755212924e-01,8.924752358359873128e+00,3.865370271126609136e+00,8.875287528887833233e+00,1.500062897975794840e+00,8.871470908251273713e+00,2.700000000000000178e+00
1.041130886755212148e-01,8.924752374198861915e+00,3.860099721595524169e+00,8.875336242604030090e+00,1.500062633705965709e+00,8.871470925053602130e+00,2.700000000000000178e+00
1.043130886755211373e-01,8.924752389941799535e+00,3.854841198175527062e+00,8.875384717492403652e+00,1.500062371237618208e+00,8.871470941757674922e+00,2.700000000000000178e+00
1.045130886755210597e-01,8.924752405589542192e+00,3.849594673436898873e+00,8.875432955181695505e+00,1.500062110554836181e+00,8.871470958364337633e+00,2.700000000000000178e+00
1.047130886755209822e-01,8.924752421142855496e+00,3.844360120018389448e+00,8.875480957285894590e+00,1.500061851638747612e+00,8.871470974874377191e+00,2.700000000000000178e+00
1.049130886755209047e-01,8.924752436602680916e+00,3.839137510611972282e+00,8.875528725404572938e+00,1.500061594478438565e+00,8.871470991288733288e+00,2.700000000000000178e+00
1.051130886755208271e-01,8.924752451969531819e+00,3.833926817974067092e+00,8.875576261122670729e+00,1.500061339053218035e+00,8.871471007607915737e+00,2.700000000000000178e+00
1.053130886755207496e-01,8.924752467244509546e+00,3.828728014929501988e+00,8.875623566011288545e+00,1.500061085351035217e+00,8.871471023833047198e+00,2.700000000000000178e+00
1.055130886755206721e-01,8.924752482428239375e+00,3.823541074361242131e+00,8.875670641627101176e+00,1.500060833354154965e+00,8.871471039964747618e+00,2.700000000000000178e+00
1.057130886755205945e-01,8.924752497521525996e+00,3.818365969208137312e+00,8.875717489513082370e+00,1.500060583049162233e+00,8.871471056003827016e+00,2.700000000000000178e+00
1.059130886755205170e-01,8.924752512525103043e+00,3.813202672479223398e+00,8.875764111198371609e+00,1.500060334419003993e+00,8.871471071951035015e+00,2.700000000000000178e+00
1.061130886755204394e-01,8.924752527439798300e+00,3.808051157241034712e+00,8.875810508198620497e+00,1.500060087450265200e+00,8.871471087807190514e+00,2.700000000000000178e+00
1.063130886755203619e-01,8.924752542266254807e+00,3.802911396622591589e+00,8.875856682015776045e+00,1.500059842127939191e+00,8.871471103572948991e+00,2.700000000000000178e+00
1.065130886755202844e-01,8.924752557005389164e+00,3.797783363809322577e+00,8.875902634138935099e+00,1.500059598437928798e+00,8.871471119249228821e+00,2.700000000000000178e+00
1.067130886755202068e-01,8.924752571657753819e+00,3.792667032056547871e+00,8.875948366043555637e+00,1.500059356365909480e+00,8.871471134836586003e+00,2.700000000000000178e+00
1.069130886755201293e-01,8.924752586224204975e+00,3.787562374674761756e+00,8.875993879192453306e+00,1.500059115896874573e+00,8.871471150335894507e+00,2.700000000000000178e+00
1.071130886755200518e-01,8.924752600705337713e+00,3.782469365034304865e+00,8.876039175035344897e+00,1.500058877016954284e+00,8.871471165747731646e+00,2.700000000000000178e+00
1.073130886755199742e-01,8.924752615101914088e+00,3.777387976567790240e+00,8.876084255009381252e+00,1.500058639711141950e+00,8.871471181072889678e+00,2.700000000000000178e+00
1.075130886755198967e-01,8.924752629414658855e+00,3.772318182769073935e+00,8.876129120539131279e+00,1.500058403967841514e+00,8.871471196312073815e+00,2.700000000000000178e+00
1.077130886755198191e-01,8.924752643644250583e+00,3.767259957193922482e+00,8.876173773036612147e+00,1.500058169771818939e+00,8.871471211465991047e+00,2.700000000000000178e+00
1.079130886755197416e-01,8.924752657791371391e+00,3.762213273453981266e+00,8.876218213901582388e+00,1.500057937111250794e+00,8.871471226535312837e+00,2.700000000000000178e+00
1.081130886755196641e-01,8.924752671856690966e+00,3.757178105224404874e+00,8.876262444521714201e+00,1.500057705969311428e+00,8.871471241520717754e+00,2.700000000000000178e+00
1.083130886755195865e-01,8.924752685840983801e+00,3.752154426238079044e+00,8.876306466272559703e+00,1.500057476338952256e+00,8.871471256422983842e+00,2.700000000000000178e+00
1.085130886755195090e-01,8.924752699744681550e+00,3.747142210289162279e+00,8.876350280517645075e+00,1.500057248201301263e+00,8.871471271242555190e+00,2.700000000000000178e+00
1.087130886755194314e-01,8.924752713568642193e+00,3.742141431229506932e+00,8.876393888609033667e+00,1.500057021545899261e+00,8.871471285980282673e+00,2.700000000000000178e+00
1.089130886755193539e-01,8.924752727313466139e+00,3.737152062971302424e+00,8.876437291886887238e+00,1.500056796360013323e+00,8.871471300636780910e+00,2.700000000000000178e+00
1.091130886755192764e-01,8.924752740979799981e+00,3.732174079491208829e+00,8.876480491679902940e+00,1.500056572630683149e+00,8.871471315212703601e+00,2.700000000000000178e+00
1.093130886755191988e-01,8.924752754568272550e+00,3.727207454817886401e+00,8.876523489305315096e+00,1.500056350345630563e+00,8.871471329708677800e+00,2.700000000000000178e+00
1.095130886755191213e-01,8.924752768079503795e+00,3.722252163043393569e+00,8.876566286069172307e+00,1.500056129492122636e+00,8.871471344125323455e+00,2.700000000000000178e+00
1.097130886755190438e-01,8.924752781514117217e+00,3.717308178315542833e+00,8.876608883266344563e+00,1.500055910058563313e+00,8.871471358463280055e+00,2.700000000000000178e+00
1.099130886755189662e-01,8.924752794872681250e+00,3.712375474842691592e+00,8.876651282180613833e+00,1.500055692031537546e+00,8.871471372723108928e+00,2.700000000000000178e+00
1.101130886755188887e-01,8.924752808155947292e+00,3.707454026894716925e+00,8.876693484084954733e+00,1.500055475400358773e+00,8.871471386905588119e+00,2.700000000000000178e+00
1.103130886755188111e-01,8.924752821364425159e+00,3.702543808796937341e+00,8.876735490241326687e+00,1.500055260154795178e+00,8.871471401011209679e+00,2.700000000000000178e+00
1.105130886755187336e-01,8.924752834498693943e+00,3.697644794932804846e+00,8.876777301901222827e+00,1.500055046278930604e+00,8.871471415040559805e+00,2.700000000000000178e+00
1.107130886755186561e-01,8.924752847559402014e+00,3.692756959748232148e+00,8.876818920305392879e+00,1.500054833764806972e+00,8.871471428994304631e+00,2.700000000000000178e+00
1.109130886755185785e-01,8.924752860547078726e+00,3.687880277739179036e+00,8.876860346684178893e+00,1.500054622599463983e+00,8.871471442872966406e+00,2.700000000000000178e+00
1.111130886755185010e-01,8.924752873462308500e+00,3.683014723466778939e+00,8.876901582257598733e+00,1.500054412771532952e+00,8.871471456677136658e+00,2.700000000000000178e+00
1.113130886755184235e-01,8.924752886305730826e+00,3.678160271549138383e+00,8.876942628235420685e+00,1.500054204271009439e+00,8.871471470407472637e+00,2.700000000000000178e+00
1.115130886755183459e-01,8.924752899077846635e+00,3.673316896659843955e+00,8.876983485817206088e+00,1.500053997084933144e+00,8.871471484064459290e+00,2.700000000000000178e+00
1.117130886755182684e-01,8.924752911779279430e+00,3.668484573532348580e+00,8.877024156192558024e+00,1.500053791203981746e+00,8.871471497648741433e+00,2.700000000000000178e+00
1.119130886755181908e-01,8.924752924410473298e+00,3.663663276954428394e+00,8.877064640541073359e+00,1.500053586614967571e+00,8.871471511160754275e+00,2.700000000000000178e+00
1.121130886755181133e-01,8.924752936972073059e+00,3.658852981778171198e+00,8.877104940032573666e+00,1.500053383310387289e+00,8.871471524601158620e+00,2.700000000000000178e+00
1.123130886755180358e-01,8.924752949464677343e+00,3.654053662904854338e+00,8.877145055827272202e+00,1.500053181276598480e+00,8.871471537970556653e+00,2.700000000000000178e+00
1.125130886755179582e-01,8.924752961888696490e+00,3.649265295296855172e+00,8.877184989075470156e+00,1.500052980505643063e+00,8.871471551269355160e+00,2.700000000000000178e+00
1.127130886755178807e-01,8.924752974244682946e+00,3.644487853972222968e+00,8.877224740918181922e+00,1.500052780985242862e+00,8.871471564498117246e+00,2.700000000000000178e+00
1.129130886755178031e-01,8.924752986533233567e+00,3.639721314006430397e+00,8.877264312486978781e+00,1.500052582705393434e+00,8.871471577657443319e+00,2.700000000000000178e+00
1.131130886755177256e-01,8.924752998754810207e+00,3.634965650536837511e+00,8.877303704903988901e+00,1.500052385656317711e+00,8.871471590747797009e+00,2.700000000000000178e+00
1.133130886755176481e-01,8.924753010909981299e+00,3.630220838748380974e+00,8.877342919282266820e+00,1.500052189827329130e+00,8.871471603769759184e+00,2.700000000000000178e+00
1.135130886755175705e-01,8.924753022999269092e+00,3.625486853888649552e+00,8.877381956725606926e+00,1.500051995210469613e+00,8.871471616723846765e+00,2.700000000000000178e+00
1.137130886755174930e-01,8.924753035023103465e+00,3.620763671261484795e+00,8.877420818328776164e+00,1.500051801793006234e+00,8.871471629610505616e+00,2.700000000000000178e+00
1.139130886755174155e-01,8.924753046981987126e+00,3.616051266221890881e+00,8.877459505177617061e+00,1.500051609566298794e+00,8.871471642430233118e+00,2.700000000000000178e+00
1.141130886755173379e-01,8.924753058876547129e+00,3.611349614187219004e+00,8.877498018349211151e+00,1.500051418521707092e+00,8.871471655183665206e+00,2.700000000000000178e+00
1.143130886755172604e-01,8.924753070707119207e+00,3.606658690625608177e+00,8.877536358911656933e+00,1.500051228648544566e+00,8.871471667871137612e+00,2.700000000000000178e+00
1.145130886755171828e-01,8.924753082474204291e+00,3.601978471063883802e+00,8.877574527924590342e+00,1.500051039935669905e+00,8.871471680493167256e+00,2.700000000000000178e+00
1.147130886755171053e-01,8.924753094178489832e+00,3.597308931087590089e+00,8.877612526439021323e+00,1.500050852377853516e+00,8.871471693050430929e+00,2.700000000000000178e+00
1.149130886755170278e-01,8.924753105820194321e+00,3.592650046332189095e+00,8.877650355497255674e+00,1.500050665962589846e+00,8.871471705543163111e+00,2.700000000000000178e+00
1.151130886755169502e-01,8.924753117399962576e+00,3.588001792492200526e+00,8.877688016133484794e+00,1.500050480680101828e+00,8.871471717972012172e+00,2.700000000000000178e+00
1.153130886755168727e-01,8.924753128918169409e+00,3.583364145314502203e+00,8.877725509373300739e+00,1.500050296524477744e+00,8.871471730337352923e+00,2.700000000000000178e+00
1.155130886755167952e-01,8.924753140375262461e+00,3.578737080605669529e+00,8.877762836234161625e+00,1.500050113483212044e+00,8.871471742639641889e+00,2.700000000000000178e+00
1.157130886755167176e-01,8.924753151771811943e+00,3.574120574222680702e+00,8.877799997725478676e+00,1.500049931550847759e+00,8.871471754879443949e+00,2.700000000000000178e+00
1.159130886755166401e-01,8.924753163108164244e+00,3.569514602082535681e+00,8.877836994848335550e+00,1.500049750715561458e+00,8.871471767057117930e+00,2.700000000000000178e+00
1.161130886755165625e-01,8.924753174384825627e+00,3.564919140151947108e+00,8.877873828596040795e+00,1.500049570970077184e+00,8.871471779173180749e+00,2.700000000000000178e+00
1.163130886755164850e-01,8.924753185602188665e+00,3.560334164454953765e+00,8.877910499953829415e+00,1.500049392304390494e+00,8.871471791228017878e+00,2.700000000000000178e+00
1.165130886755164075e-01,8.924753196760793372e+00,3.555759651070435456e+00,8.877947009899223474e+00,1.500049214711680179e+00,8.871471803222178210e+00,2.700000000000000178e+00
1.167130886755163299e-01,8.924753207860989690e+00,3.551195576132979426e+00,8.877983359401829588e+00,1.500049038182623917e+00,8.871471815156017016e+00,2.700000000000000178e+00
1.169130886755162524e-01,8.924753218903244800e+00,3.546641915824424895e+00,8.878019549423690648e+00,1.500048862709263631e+00,8.871471827030005031e+00,2.700000000000000178e+00
1.171130886755161749e-01,8.924753229887995687e+00,3.542098646393973649e+00,8.878055580919196998e+00,1.500048688282049625e+00,8.871471838844586344e+00,2.700000000000000178e+00
1.173130886755160973e-01,8.924753240815620714e+00,3.537565744133931656e+00,8.878091454835139729e+00,1.500048514894160689e+00,8.871471850600139319e+00,2.700000000000000178e+00
1.175130886755160198e-01,8.924753251686528444e+00,3.533043185393472729e+00,8.878127172110939824e+00,1.500048342535137635e+00,8.871471862297072519e+00,2.700000000000000178e+00
1.177130886755159422e-01,8.924753262501239348e+00,3.528530946577959515e+00,8.878162733678630403e+00,1.500048171200432989e+00,8.871471873935927732e+00,2.700000000000000178e+00
1.179130886755158647e-01,8.924753273260103370e+00,3.524029004142626764e+00,8.878198140462870924e+00,1.500048000879587562e+00,8.871471885517044242e+00,2.700000000000000178e+00
1.181130886755157872e-01,8.924753283963484662e+00,3.519537334600975509e+00,8.878233393381123051e+00,1.500047831565098022e+00,8.871471897040793309e+00,2.700000000000000178e+00
1.183130886755157096e-01,8.924753294611871723e+00,3.515055914515072821e+00,8.878268493343666634e+00,1.500047663249688412e+00,8.871471908507672310e+00,2.700000000000000178e+00
1.185130886755156321e-01,8.924753305205609166e+00,3.510584720505643741e+00,8.878303441253621031e+00,1.500047495924263785e+00,8.871471919918027638e+00,2.700000000000000178e+00
1.187130886755155545e-01,8.924753315745054039e+00,3.506123729243352471e+00,8.878338238007117411e+00,1.500047329582230304e+00,8.871471931272219891e+00,2.700000000000000178e+00
1.189130886755154770e-01,8.924753326230730366e+00,3.501672917450818545e+00,8.878372884493426653e+00,1.500047164216312012e+00,8.871471942570776648e+00,2.700000000000000178e+00
1.191130886755153995e-01,8.924753336662897496e+00,3.497232261906981332e+00,8.878407381594714209e+00,1.500046999818323457e+00,8.871471953813960809e+00,2.700000000000000178e+00
1.193130886755153219e-01,8.924753347042019058e+00,3.492801739441596887e+00,8.878441730186516168e+00,1.500046836379851811e+00,8.871471965002248439e+00,2.700000000000000178e+00
1.195130886755152444e-01,8.924753357368512496e+00,3.488381326940669158e+00,8.878475931137487009e+00,1.500046673896576976e+00,8.871471976136053428e+00,2.700000000000000178e+00
1.197130886755151669e-01,8.924753367642543012e+00,3.483971001336347850e+00,8.878509985309493757e+00,1.500046512357130268e+00,8.871471987215544530e+00,2.700000000000000178e+00
1.199130886755150893e-01,8.924753377864780290e+00,3.479570739619639141e+00,8.878543893558106248e+00,1.500046351756282093e+00,8.871471998241402090e+00,2.700000000000000178e+00
1.201130886755150118e-01,8.924753388035425061e+00,3.475180518829926513e+00,8.878577656731954093e+00,1.500046192087438612e+00,8.871472009213816179e+00,2.700000000000000178e+00
1.203130886755149342e-01,8.924753398154841477e+00,3.470800316062025104e+00,8.878611275673300440e+00,1.500046033343096497e+00,8.871472020133179370e+00,2.700000000000000178e+00
1.205130886755148567e-01,8.924753408223464746e+00,3.466430108462388304e+00,8.878644751218073949e+00,1.500045875514160798e+00,8.871472030999914438e+00,2.700000000000000178e+00
1.207130886755147792e-01,8.924753418241516911e+00,3.462069873224220551e+00,8.878678084195570364e+00,1.500045718596766164e+00,8.871472041814245202e+00,2.700000000000000178e+00
1.209130886755147016e-01,8.924753428209559303e+00,3.457719587599862088e+00,8.878711275429090222e+00,1.500045562582954517e+00,8.871472052576750755e+00,2.700000000000000178e+00
1.211130886755146241e-01,8.924753438127773109e+00,3.453379228891064745e+00,8.878744325735382859e+00,1.500045407463176161e+00,8.871472063287606957e+00,2.700000000000000178e+00
1.213130886755145466e-01,8.924753447996604194e+00,3.449048774449023913e+00,8.878777235925143785e+00,1.500045253234929987e+00,8.871472073947257897e+00,2.700000000000000178e+00
1.215130886755144690e-01,8.924753457816395397e+00,3.444728201681748647e+00,8.878810006802897448e+00,1.500045099888893674e+00,8.871472084556071280e+00,2.700000000000000178e+00
1.217130886755143915e-01,8.924753467587427380e+00,3.440417488041361604e+00,8.878842639167030981e+00,1.500044947419610253e+00,8.871472095114310008e+00,2.700000000000000178e+00
1.219130886755143139e-01,8.924753477310050087e+00,3.436116611039775393e+00,8.878875133809957632e+00,1.500044795819576393e+00,8.871472105622341786e+00,2.700000000000000178e+00
1.221130886755142364e-01,8.924753486984764450e+00,3.431825548233847112e+00,8.878907491518255313e+00,1.500044645082198258e+00,8.871472116080663994e+00,2.700000000000000178e+00
1.223130886755141589e-01,8.924753496611677051e+00,3.427544277229305880e+00,8.878939713072275808e+00,1.500044495201791506e+00,8.871472126489397425e+00,2.700000000000000178e+00
1.225130886755140813e-01,8.924753506191203556e+00,3.423272775696685422e+00,8.878971799246677676e+00,1.500044346171080178e+00,8.871472136848950640e+00,2.700000000000000178e+00
1.227130886755140038e-01,8.924753515723732988e+00,3.419011021342094558e+00,8.879003750810419149e+00,1.500044197984607308e+00,8.871472147159717991e+00,2.700000000000000178e+00
1.229130886755139263e-01,8.924753525209508709e+00,3.414758991929526033e+00,8.879035568526564504e+00,1.500044050634642190e+00,8.871472157421957050e+00,2.700000000000000178e+00
1.231130886755138487e-01,8.924753534648969477e+00,3.410516665272520953e+00,8.879067253152561179e+00,1.500043904117546845e+00,8.871472167636099471e+00,2.700000000000000178e+00
1.233130886755137712e-01,8.924753544042266284e+00,3.406284019236779148e+00,8.879098805440106545e+00,1.500043758423998952e+00,8.871472177802305126e+00,2.700000000000000178e+00
1.235130886755136936e-01,8.924753553389827232e+00,3.402061031733507601e+00,8.879130226135407256e+00,1.500043613549905785e+00,8.871472187921003894e+00,2.700000000000000178e+00
1.237130886755136161e-01,8.924753562692039566e+00,3.397847680728436792e+00,8.879161515979271613e+00,1.500043469488900882e+00,8.871472197992600783e+00,2.700000000000000178e+00
1.239130886755135386e-01,8.924753571948951247e+00,3.393643944237805687e+00,8.879192675706546467e+00,1.500043326233708285e+00,8.871472208017124217e+00,2.700000000000000178e+00
1.241130886755134610e-01,8.924753581161201765e+00,3.389449800327068552e+00,8.879223706047250531e+00,1.500043183781372136e+00,8.871472217995233223e+00,2.700000000000000178e+00
1.243130886755133835e-01,8.924753590328846187e+00,3.385265227109879316e+00,8.879254607725542314e+00,1.500043042122797488e+00,8.871472227926982868e+00,2.700000000000000178e+00
1.245130886755133059e-01,8.924753599452317943e+00,3.381090202751862783e+00,8.879285381460514159e+00,1.500042901253209493e+00,8.871472237812813688e+00,2.700000000000000178e+00
1.247130886755132284e-01,8.924753608531876381e+00,3.376924705468178800e+00,8.879316027965886704e+00,1.500042761167151184e+00,8.871472247652985033e+00,2.700000000000000178e+00
1.249130886755131509e-01,8.924753617567743547e+00,3.372768713523970341e+00,8.879346547949989343e+00,1.500042621858938219e+00,8.871472257447720722e+00,2.700000000000000178e+00
1.251130886755132399e-01,8.924753626560377739e+00,3.368622205232327360e+00,8.879376942116349980e+00,1.500042483322658882e+00,8.871472267197491490e+00,2.700000000000000178e+00
1.253130886755134399e-01,8.924753635509922844e+00,3.364485158958251620e+00,8.879407211162911651e+00,1.500042345552401457e+00,8.871472276902435894e+00,2.700000000000000178e+00
1.255130886755136399e-01,8.924753644416723475e+00,3.360357553111911422e+00,8.879437355782826558e+00,1.500042208542708977e+00,8.871472286562912757e+00,2.700000000000000178e+00
1.257130886755138399e-01,8.924753653281113586e+00,3.356239366157579784e+00,8.879467376664130995e+00,1.500042072288351847e+00,8.871472296179250705e+00,2.700000000000000178e+00
1.259130886755140399e-01,8.924753662103343643e+00,3.352130576605022672e+00,8.879497274489745351e+00,1.500041936785009966e+00,8.871472305751710863e+00,2.700000000000000178e+00
1.261130886755142400e-01,8.924753670883678325e+00,3.348031163017636480e+00,8.879527049937788519e+00,1.500041802024497883e+00,8.871472315280557908e+00,2.700000000000000178e+00
1.263130886755144400e-01,8.924753679622368097e+00,3.343941104002748688e+00,8.879556703681252827e+00,1.500041668003859741e+00,8.871472324766045858e+00,2.700000000000000178e+00
1.265130886755146400e-01,8.924753688319748690e+00,3.339860378215756320e+00,8.879586236388599119e+00,1.500041534714910085e+00,8.871472334208513999e+00,2.700000000000000178e+00
1.267130886755148400e-01,8.924753696976143402e+00,3.335788964363806119e+00,8.879615648723172328e+00,1.500041402156966797e+00,8.871472343608296285e+00,2.700000000000000178e+00
1.269130886755150400e-01,8.924753705591747632e+00,3.331726841203606515e+00,8.879644941343675768e+00,1.500041270320480180e+00,8.871472352965581010e+00,2.700000000000000178e+00
1.271130886755152400e-01,8.924753714166742569e+00,3.327673987537583145e+00,8.879674114903920668e+00,1.500041139201130136e+00,8.871472362280565349e+00,2.700000000000000178e+00
1.273130886755154401e-01,8.924753722701547431e+00,3.323630382218904167e+00,8.879703170053213412e+00,1.500041008795278685e+00,8.871472371553666747e+00,2.700000000000000178e+00
1.275130886755156401e-01,8.924753731196371831e+00,3.319596004146232904e+00,8.879732107436160149e+00,1.500040879097014113e+00,8.871472380785094813e+00,2.700000000000000178e+00
1.277130886755158401e-01,8.924753739651517748e+00,3.315570832266998558e+00,8.879760927692736061e+00,1.500040750102016318e+00,8.871472389975160411e+00,2.700000000000000178e+00
1.279130886755160401e-01,8.924753748067228543e+00,3.311554845578311035e+00,8.879789631458343990e+00,1.500040621803918839e+00,8.871472399124106900e+00,2.700000000000000178e+00
1.281130886755162401e-01,8.924753756443696062e+00,3.307548023122919734e+00,8.879818219363738052e+00,1.500040494199083696e+00,8.871472408232135010e+00,2.700000000000000178e+00
1.283130886755164402e-01,8.924753764781224064e+00,3.303550343998694849e+00,8.879846692035350486e+00,1.500040367281826548e+00,8.871472417299550273e+00,2.700000000000000178e+00
1.285130886755166402e-01,8.924753773080093211e+00,3.299561787336611207e+00,8.879875050095227706e+00,1.500040241047145173e+00,8.871472426326636906e+00,2.700000000000000178e+00
1.287130886755168402e-01,8.924753781340463377e+00,3.295582332327234187e+00,8.879903294160756744e+00,1.500040115489809978e+00,8.871472435313556559e+00,2.700000000000000178e+00
1.289130886755170402e-01,8.924753789562702266e+00,3.291611958203239485e+00,8.879931424845199928e+00,1.500039990605500861e+00,8.871472444260684043e+00,2.700000000000000178e+00
1.291130886755172402e-01,8.924753797747051465e+00,3.287650644249211940e+00,8.879959442757368038e+00,1.500039866390807219e+00,8.871472453168266270e+00,2.700000000000000178e+00
1.293130886755174402e-01,8.924753805893670844e+00,3.283698369792382721e+00,8.879987348501742872e+00,1.500039742839589962e+00,8.871472462036461337e+00,2.700000000000000178e+00
1.295130886755176403e-01,8.924753814002798435e+00,3.279755114209441658e+00,8.880015142678569617e+00,1.500039619947528990e+00,8.871472470865517934e+00,2.700000000000000178e+00
1.297130886755178403e-01,8.924753822074748655e+00,3.275820856922775359e+00,8.880042825884007840e+00,1.500039497709167335e+00,8.871472479655746923e+00,2.700000000000000178e+00
1.299130886755180403e-01,8.924753830109763086e+00,3.271895577402370581e+00,8.880070398709923651e+00,1.500039376121776513e+00,8.871472488407389889e+00,2.700000000000000178e+00
1.301130886755182403e-01,8.924753838108021142e+00,3.267979255165549990e+00,8.880097861744021159e+00,1.500039255178535313e+00,8.871472497120651113e+00,2.700000000000000178e+00
1.303130886755184403e-01,8.924753846069815921e+00,3.264071869777149359e+00,8.880125215569950825e+00,1.500039134876942626e+00,8.871472505795802377e+00,2.700000000000000178e+00
1.305130886755186403e-01,8.924753853995303743e+00,3.260173400844545100e+00,8.880152460767254397e+00,1.500039015210859361e+00,8.871472514433019541e+00,2.700000000000000178e+00
1.307130886755188404e-01,8.924753861884767048e+00,3.256283828029292948e+00,8.880179597911412870e+00,1.500038896178011782e+00,8.871472523032579716e+00,2.700000000000000178e+00
1.309130886755190404e-01,8.924753869738466960e+00,3.252403131029723227e+00,8.880206627574061429e+00,1.500038777771578680e+00,8.871472531594758237e+00,2.700000000000000178e+00
1.311130886755192404e-01,8.924753877556559800e+00,3.248531289597272220e+00,8.880233550322644831e+00,1.500038659989286316e+00,8.871472540119706096e+00,2.700000000000000178e+00
1.313130886755194404e-01,8.924753885339351100e+00,3.244668283526995989e+00,8.880260366720895249e+00,1.500038542827041965e+00,8.871472548607737707e+00,2.700000000000000178e+00
1.315130886755196404e-01,8.924753893086954548e+00,3.240814092659594969e+00,8.880287077328441470e+00,1.500038426276660175e+00,8.871472557058963204e+00,2.700000000000000178e+00
1.317130886755198405e-01,8.924753900799704098e+00,3.236968696884312990e+00,8.880313682701224565e+00,1.500038310338595693e+00,8.871472565473734306e+00,2.700000000000000178e+00
1.319130886755200405e-01,8.924753908477773834e+00,3.233132076131951749e+00,8.880340183391247422e+00,1.500038195006482056e+00,8.871472573852214438e+00,2.700000000000000178e+00
1.321130886755202405e-01,8.924753916121375141e+00,3.229304210384933871e+00,8.880366579946786132e+00,1.500038080275771790e+00,8.871472582194625645e+00,2.700000000000000178e+00
1.323130886755204405e-01,8.924753923730722960e+00,3.225485079665046495e+00,8.880392872912233670e+00,1.500037966143736412e+00,8.871472590501181088e+00,2.700000000000000178e+00
1.325130886755206405e-01,8.924753931306012689e+00,3.221674664044596348e+00,8.880419062828384114e+00,1.500037852604236832e+00,8.871472598772090379e+00,2.700000000000000178e+00
1.327130886755208405e-01,8.924753938847496570e+00,3.217872943638168337e+00,8.880445150232249674e+00,1.500037739655681435e+00,8.871472607007596878e+00,2.700000000000000178e+00
1.329130886755210406e-01,8.924753946355355794e+00,3.214079898607998143e+00,8.880471135657209913e+00,1.500037627293522746e+00,8.871472615207894208e+00,2.700000000000000178e+00
1.331130886755212406e-01,8.924753953829883457e+00,3.210295509159640570e+00,8.880497019633111222e+00,1.500037515511621677e+00,8.871472623373275468e+00,2.700000000000000178e+00
1.333130886755214406e-01,8.924753961271122193e+00,3.206519755544897876e+00,8.880522802685842265e+00,1.500037404308613986e+00,8.871472631503786843e+00,2.700000000000000178e+00
1.335130886755216406e-01,8.924753968679432603e+00,3.202752618061446288e+00,8.880548485338190190e+00,1.500037293679042705e+00,8.871472639599790710e+00,2.700000000000000178e+00
1.337130886755218406e-01,8.924753976054921267e+00,3.198994077049348572e+00,8.880574068109003960e+00,1.500037183619497227e+00,8.871472647661409638e+00,2.700000000000000178e+00
1.339130886755220406e-01,8.924753983397900825e+00,3.195244112893906863e+00,8.880599551513922663e+00,1.500037074126794323e+00,8.871472655688947384e+00,2.700000000000000178e+00
1.341130886755222407e-01,8.924753990708467200e+00,3.191502706027263603e+00,8.880624936064879904e+00,1.500036965195477023e+00,8.871472663682501647e+00,2.700000000000000178e+00
1.343130886755224407e-01,8.924753997986773157e+00,3.187769836925196998e+00,8.880650222270302763e+00,1.500036856823498965e+00,8.871472671642232299e+00,2.700000000000000178e+00
1.345130886755226407e-01,8.924754005233211274e+00,3.184045486107955458e+00,8.880675410635564759e+00,1.500036749005630554e+00,8.871472679568542574e+00,2.700000000000000178e+00
1.347130886755228407e-01,8.924754012447817075e+00,3.180329634141062733e+00,8.880700501662209589e+00,1.500036641739143306e+00,8.871472687461462669e+00,2.700000000000000178e+00
1.349130886755230407e-01,8.924754019630812607e+00,3.176622261631431243e+00,8.880725495848627915e+00,1.500036535020171868e+00,8.871472695321223512e+00,2.700000000000000178e+00
1.351130886755232408e-01,8.924754026782466099e+00,3.172923349230757140e+00,8.880750393689927691e+00,1.500036428845987757e+00,8.871472703148091554e+00,2.700000000000000178e+00
1.353130886755234408e-01,8.924754033902789985e+00,3.169232877637509382e+00,8.880775195677649947e+00,1.500036323210224509e+00,8.871472710942084561e+00,2.700000000000000178e+00
1.355130886755236408e-01,8.924754040992164406e+00,3.165550827597136685e+00,8.880799902300360316e+00,1.500036218110608388e+00,8.871472718703591553e+00,2.700000000000000178e+00
1.357130886755238408e-01,8.924754048050679955e+00,3.161877179891685596e+00,8.880824514043137441e+00,1.500036113545320404e+00,8.871472726432699574e+00,2.700000000000000178e+00
1.359130886755240408e-01,8.924754055078608417e+00,3.158211915350641164e+00,8.880849031387995751e+00,1.500036009509585710e+00,8.871472734129692839e+00,2.700000000000000178e+00
1.361130886755242408e-01,8.924754062076081240e+00,3.154555014846060157e+00,8.880873454813617229e+00,1.500035905998629460e+00,8.871472741794697470e+00,2.700000000000000178e+00
1.363130886755244409e-01,8.924754069043220994e+00,3.150906459295065520e+00,8.880897784795500627e+00,1.500035803010860036e+00,8.871472749427841364e+00,2.700000000000000178e+00
1.365130886755246409e-01,8.924754075980256829e+00,3.147266229655752312e+00,8.880922021806084032e+00,1.500035700541502592e+00,8.871472757029355449e+00,2.700000000000000178e+00
1.367130886755248409e-01,8.924754082887433881e+00,3.143634306933493772e+00,8.880946166314695134e+00,1.500035598588056018e+00,8.871472764599495520e+00,2.700000000000000178e+00
1.369130886755250409e-01,8.924754089764839193e+00,3.140010672173597417e+00,8.880970218787457071e+00,1.500035497146200214e+00,8.871472772138350393e+00,2.700000000000000178e+00
1.371130886755252409e-01,8.924754096612751653e+00,3.136395306465873389e+00,8.880994179687514034e+00,1.500035396214570937e+00,8.871472779646198958e+00,2.700000000000000178e+00
1.373130886755254410e-01,8.924754103431181917e+00,3.132788190944261419e+00,8.881018049474844744e+00,1.500035295785892231e+00,8.871472787123053649e+00,2.700000000000000178e+00
1.375130886755256410e-01,8.924754110220447956e+00,3.129189306783881186e+00,8.881041828606525357e+00,1.500035195861528337e+00,8.871472794569237763e+00,2.700000000000000178e+00
1.377130886755258410e-01,8.924754116980732732e+00,3.125598635202504916e+00,8.881065517536693932e+00,1.500035096434885418e+00,8.871472801984941370e+00,2.700000000000000178e+00
1.379130886755260410e-01,8.924754123712132170e+00,3.122016157464641228e+00,8.881089116716291088e+00,1.500034997504371859e+00,8.871472809370256840e+00,2.700000000000000178e+00
1.381130886755262410e-01,8.924754130414765285e+00,3.118441854871720320e+00,8.881112626593383297e+00,1.500034899065894933e+00,8.871472816725317401e+00,2.700000000000000178e+00
1.383130886755264410e-01,8.924754137088992678e+00,3.114875708773232610e+00,8.881136047613344076e+00,1.500034801115816663e+00,8.871472824050478323e+00,2.700000000000000178e+00
1.385130886755266411e-01,8.924754143734768164e+00,3.111317700557311827e+00,8.881159380218264232e+00,1.500034703652545431e+00,8.871472831345695198e+00,2.700000000000000178e+00
1.387130886755268411e-01,8.924754150352447013e+00,3.107767811656622303e+00,8.881182624847735241e+00,1.500034606672215887e+00,8.871472838611339284e+00,2.700000000000000178e+00
1.389130886755270411e-01,8.924754156942121597e+00,3.104226023546086122e+00,8.881205781938257715e+00,1.500034510172099544e+00,8.871472845847490518e+00,2.700000000000000178e+00
1.391130886755272411e-01,8.924754163503790139e+00,3.100692317739958792e+00,8.881228851923392398e+00,1.500034414146739437e+00,8.871472853054156005e+00,2.700000000000000178e+00
1.393130886755274411e-01,8.924754170037966006e+00,3.097166675800739455e+00,8.881251835234357017e+00,1.500034318596817684e+00,8.871472860231852664e+00,2.700000000000000178e+00
1.395130886755276411e-01,8.924754176544492879e+00,3.093649079325607953e+00,8.881274732299081265e+00,1.500034223515513077e+00,8.871472867380436611e+00,2.700000000000000178e+00
1.397130886755278412e-01,8.924754183023660303e+00,3.090139509961140618e+00,8.881297543542942208e+00,1.500034128902598241e+00,8.871472874500190287e+00,2.700000000000000178e+00
1.399130886755280412e-01,8.924754189475629929e+00,3.086637949388657098e+00,8.881320269388657707e+00,1.500034034753525702e+00,8.871472881591284221e+00,2.700000000000000178e+00
1.401130886755282412e-01,8.924754195900570508e+00,3.083144379336556717e+00,8.881342910256108780e+00,1.500033941066249099e+00,8.871472888653880062e+00,2.700000000000000178e+00
1.403130886755284412e-01,8.924754202298551320e+00,3.079658781575010273e+00,8.881365466562447963e+00,1.500033847837130452e+00,8.871472895688063076e+00,2.700000000000000178e+00
1.405130886755286412e-01,8.924754208669900990e+00,3.076181137909824503e+00,8.881387938722401287e+00,1.500033755063441276e+00,8.871472902694163665e+00,2.700000000000000178e+00
1.407130886755288413e-01,8.924754215014617742e+00,3.072711430193604709e+00,8.881410327147660766e+00,1.500033662743362584e+00,8.871472909672176499e+00,2.700000000000000178e+00
1.409130886755290413e-01,8.924754221332893422e+00,3.069249640318865158e+00,8.881432632247596715e+00,1.500033570872119526e+00,8.871472916622302307e+00,2.700000000000000178e+00
1.411130886755292413e-01,8.924754227624887903e+00,3.065795750218693883e+00,8.881454854428831425e+00,1.500033479447438367e+00,8.871472923544697409e+00,2.700000000000000178e+00
1.413130886755294413e-01,8.924754233890723754e+00,3.062349741868613417e+00,8.881476994095359956e+00,1.500033388467500117e+00,8.871472930439496807e+00,2.700000000000000178e+00
1.415130886755296413e-01,8.924754240130617688e+00,3.058911597286394723e+00,8.881499051648782839e+00,1.500033297928666798e+00,8.871472937306915441e+00,2.700000000000000178e+00
1.417130886755298413e-01,8.924754246344702935e+00,3.055481298529210132e+00,8.881521027488011200e+00,1.500033207827755177e+00,8.871472944147095419e+00,2.700000000000000178e+00
1.419130886755300414e-01,8.924754252533086074e+00,3.052058827693014287e+00,8.881542922009408869e+00,1.500033118163401014e+00,8.871472950960141546e+00,2.700000000000000178e+00
1.421130886755302414e-01,8.924754258695934084e+00,3.048644166918118792e+00,8.881564735606925609e+00,1.500033028931284207e+00,8.871472957746217247e+00,2.700000000000000178e+00
1.423130886755304414e-01,8.924754264833460127e+00,3.045237298384514624e+00,8.881586468671999413e+00,1.500032940130722636e+00,8.871472964505549896e+00,2.700000000000000178e+00
1.425130886755306414e-01,8.924754270945603807e+00,3.041838204311172245e+00,8.881608121593457028e+00,1.500032851754440344e+00,8.871472971238084426e+00,2.700000000000000178e+00
1.427130886755308414e-01,8.924754277032757699e+00,3.038446866960324400e+00,8.881629694757933180e+00,1.500032763806302682e+00,8.871472977944204530e+00,2.700000000000000178e+00
1.429130886755310414e-01,8.924754283094904039e+00,3.035063268632503863e+00,8.881651188549437137e+00,1.500032676278124200e+00,8.871472984623901326e+00,2.700000000000000178e+00
1.431130886755312415e-01,8.924754289132190266e+00,3.031687391669812381e+00,8.881672603349560546e+00,1.500032589169222774e+00,8.871472991277332909e+00,2.700000000000000178e+00
1.433130886755314415e-01,8.924754295144939675e+00,3.028319218454853967e+00,8.881693939537759874e+00,1.500032502480053154e+00,8.871472997904813695e+00,2.700000000000000178e+00
1.435130886755316415e-01,8.924754301133008383e+00,3.024958731409457258e+00,8.881715197490677838e+00,1.500032416202202512e+00,8.871473004506208682e+00,2.700000000000000178e+00
1.437130886755318415e-01,8.924754307096698369e+00,3.021605912995481091e+00,8.881736377583006714e+00,1.500032330336125597e+00,8.871473011081823401e+00,2.700000000000000178e+00
1.439130886755320415e-01,8.924754313036174835e+00,3.018260745715428683e+00,8.881757480186914577e+00,1.500032244880458165e+00,8.871473017631824831e+00,2.700000000000000178e+00
1.441130886755322416e-01,8.924754318951531928e+00,3.014923212111399575e+00,8.881778505672309976e+00,1.500032159831107492e+00,8.871473024156310672e+00,2.700000000000000178e+00
1.443130886755324416e-01,8.924754324842789188e+00,3.011593294765485318e+00,8.881799454406644756e+00,1.500032075183980851e+00,8.871473030655311121e+00,2.700000000000000178e+00
1.445130886755326416e-01,8.924754330710250372e+00,3.008270976299769917e+00,8.881820326755331507e+00,1.500031990940897231e+00,8.871473037129119277e+00,2.700000000000000178e+00
1.447130886755328416e-01,8.924754336553998968e+00,3.004956239376204152e+00,8.881841123081414935e+00,1.500031907095490169e+00,8.871473043577834616e+00,2.700000000000000178e+00
1.449130886755330416e-01,8.924754342374139782e+00,3.001649066693859780e+00,8.881861843745642915e+00,1.500031823646395424e+00,8.871473050001554839e+00,2.700000000000000178e+00
1.451130886755332416e-01,8.924754348170793605e+00,2.998349440994797721e+00,8.881882489106523337e+00,1.500031740592476126e+00,8.871473056400413171e+00,2.700000000000000178e+00
1.453130886755334417e-01,8.924754353944116758e+00,2.995057345056650888e+00,8.881903059520494637e+00,1.500031657929866924e+00,8.871473062774555274e+00,2.700000000000000178e+00
1.455130886755336417e-01,8.924754359694219374e+00,2.991772761701237737e+00,8.881923555341632692e+00,1.500031575656066707e+00,8.871473069124110822e+00,2.700000000000000178e+00
1.457130886755338417e-01,8.924754365421325275e+00,2.988495673785044993e+00,8.881943976922022088e+00,1.500031493770165980e+00,8.871473075449303636e+00,2.700000000000000178e+00
1.459130886755340417e-01,8.924754371125422026e+00,2.985226064204620666e+00,8.881964324611310246e+00,1.500031412268526765e+00,8.871473081750114176e+00,2.700000000000000178e+00
1.461130886755342417e-01,8.924754376806669498e+00,2.981963915891591377e+00,8.881984598757261651e+00,1.500031331149330072e+00,8.871473088026712972e+00,2.700000000000000178e+00
1.463130886755344418e-01,8.924754382465215130e+00,2.978709211832718307e+00,8.882004799705384812e+00,1.500031250407801053e+00,8.871473094279249239e+00,2.700000000000000178e+00
1.465130886755346418e-01,8.924754388101222347e+00,2.975461935036393779e+00,8.882024927799099245e+00,1.500031170045986073e+00,8.871473100507889953e+00,2.700000000000000178e+00
1.467130886755348418e-01,8.924754393714763978e+00,2.972222068556056307e+00,8.882044983379765668e+00,1.500031090058655536e+00,8.871473106712704393e+00,2.700000000000000178e+00
1.469130886755350418e-01,8.924754399305975028e+00,2.968989595482757426e+00,8.882064966786570537e+00,1.500031010444672575e+00,8.871473112893847102e+00,2.700000000000000178e+00
1.471130886755352418e-01,8.924754404874974512e+00,2.965764498945825611e+00,8.882084878356725000e+00,1.500030931201308704e+00,8.871473119051422884e+00,2.700000000000000178e+00
1.473130886755354418e-01,8.924754410421854800e+00,2.962546762114188770e+00,8.882104718425358314e+00,1.500030852325835440e+00,8.871473125185538322e+00,2.700000000000000178e+00
1.475130886755356419e-01,8.924754415946779318e+00,2.959336368194629863e+00,8.882124487325622653e+00,1.500030773815751672e+00,8.871473131296353287e+00,2.700000000000000178e+00
1.477130886755358419e-01,8.924754421449911490e+00,2.956133300432305155e+00,8.882144185388565205e+00,1.500030695672194270e+00,8.871473137384040086e+00,2.700000000000000178e+00
1.479130886755360419e-01,8.924754426931247764e+00,2.952937542110747771e+00,8.882163812943201009e+00,1.500030617889024143e+00,8.871473143448591614e+00,2.700000000000000178e+00
1.481130886755362419e-01,8.924754432391010184e+00,2.949749076550380433e+00,8.882183370316742099e+00,1.500030540465786544e+00,8.871473149490235244e+00,2.700000000000000178e+00
1.483130886755364419e-01,8.924754437829284015e+00,2.946567887111980699e+00,8.882202857834260001e+00,1.500030463399752989e+00,8.871473155509065123e+00,2.700000000000000178e+00
1.485130886755366419e-01,8.924754443246126101e+00,2.943393957193483956e+00,8.882222275818874024e+00,1.500030386688649742e+00,8.871473161505132765e+00,2.700000000000000178e+00
1.487130886755368420e-01,8.924754448641717630e+00,2.940227270230589607e+00,8.882241624591829421e+00,1.500030310331794681e+00,8.871473167478628241e+00,2.700000000000000178e+00
1.489130886755370420e-01,8.924754454016170513e+00,2.937067809695796505e+00,8.882260904472511598e+00,1.500030234324412959e+00,8.871473173429659909e+00,2.700000000000000178e+00
1.491130886755372420e-01,8.924754459369570014e+00,2.933915559100918724e+00,8.882280115778149465e+00,1.500030158667414071e+00,8.871473179358325467e+00,2.700000000000000178e+00
1.493130886755374420e-01,8.924754464702070678e+00,2.930770501994141686e+00,8.882299258824337684e+00,1.500030083357614785e+00,8.871473185264772354e+00,2.700000000000000178e+00
1.495130886755376420e-01,8.924754470013706253e+00,2.927632621959368908e+00,8.882318333924621001e+00,1.500030008390922376e+00,8.871473191149048532e+00,2.700000000000000178e+00
1.497130886755378421e-01,8.924754475304679247e+00,2.924501902621210903e+00,8.882337341390762475e+00,1.500029933768473711e+00,8.871473197011352951e+00,2.700000000000000178e+00
1.499130886755380421e-01,8.924754480574989657e+00,2.921378327640742789e+00,8.882356281532569398e+00,1.500029859485721317e+00,8.871473202851687390e+00,2.700000000000000178e+00
1.501130886755382421e-01,8.924754485824923478e+00,2.918261880716335188e+00,8.882375154658207705e+00,1.500029785542210448e+00,8.871473208670337840e+00,2.700000000000000178e+00
1.503130886755384421e-01,8.924754491054429195e+00,2.915152545582454291e+00,8.882393961073699273e+00,1.500029711936349486e+00,8.871473214467268775e+00,2.700000000000000178e+00
1.505130886755386421e-01,8.924754496263625825e+00,2.912050306012327283e+00,8.882412701083518769e+00,1.500029638662908837e+00,8.871473220242592106e+00,2.700000000000000178e+00
1.507130886755388421e-01,8.924754501452733635e+00,2.908955145816588317e+00,8.882431374990273909e+00,1.500029565724389613e+00,8.871473225996526324e+00,2.700000000000000178e+00
1.509130886755390422e-01,8.924754506621708217e+00,2.905867048839724909e+00,8.882449983094623747e+00,1.500029493115562218e+00,8.871473231729048337e+00,2.700000000000000178e+00
1.511130886755392422e-01,8.924754511770750298e+00,2.902785998965597969e+00,8.882468525695703221e+00,1.500029420835744531e+00,8.871473237440339332e+00,2.700000000000000178e+00
1.513130886755394422e-01,8.924754516899955803e+00,2.899711980114161758e+00,8.882487003090735911e+00,1.500029348882435443e+00,8.871473243130509445e+00,2.700000000000000178e+00
1.515130886755396422e-01,8.924754522009479274e+00,2.896644976242157998e+00,8.882505415575268515e+00,1.500029277254952831e+00,8.871473248799723876e+00,2.700000000000000178e+00
1.517130886755398422e-01,8.924754527099199919e+00,2.893584971341038869e+00,8.882523763442879527e+00,1.500029205949431343e+00,8.871473254447851176e+00,2.700000000000000178e+00
1.519130886755400422e-01,8.924754532169549393e+00,2.890531949441895954e+00,8.882542046985886230e+00,1.500029134967007849e+00,8.871473260075333656e+00,2.700000000000000178e+00
1.521130886755402423e-01,8.924754537220453088e+00,2.887485894612261905e+00,8.882560266494486712e+00,1.500029064302907500e+00,8.871473265682091380e+00,2.700000000000000178e+00
1.523130886755404423e-01,8.924754542251921663e+00,2.884446790953518303e+00,8.882578422257234152e+00,1.500028993954401813e+00,8.871473271268149219e+00,2.700000000000000178e+00
1.525130886755406423e-01,8.924754547264221571e+00,2.881414622604788089e+00,8.882596514561186041e+00,1.500028923922627655e+00,8.871473276833768296e+00,2.700000000000000178e+00
1.527130886755408423e-01,8.924754552257359919e+00,2.878389373740590340e+00,8.882614543691531139e+00,1.500028854205993412e+00,8.871473282378964598e+00,2.700000000000000178e+00
1.529130886755410423e-01,8.924754557231439733e+00,2.875371028571188869e+00,8.882632509931939424e+00,1.500028784799269488e+00,8.871473287903841154e+00,2.700000000000000178e+00
1.531130886755412424e-01,8.924754562186629769e+00,2.872359571344202056e+00,8.882650413564377345e+00,1.500028715703592752e+00,8.871473293408566718e+00,2.700000000000000178e+00
1.533130886755414424e-01,8.924754567122956672e+00,2.869354986341923652e+00,8.882668254869127367e+00,1.500028646917371589e+00,8.871473298893175041e+00,2.700000000000000178e+00
1.535130886755416424e-01,8.924754572040573208e+00,2.866357257885405740e+00,8.882686034124930075e+00,1.500028578436285898e+00,8.871473304357818890e+00,2.700000000000000178e+00
1.537130886755418424e-01,8.924754576939545103e+00,2.863366370327145027e+00,8.882703751608858056e+00,1.500028510259653558e+00,8.871473309802569318e+00,2.700000000000000178e+00
1.539130886755420424e-01,8.924754581819955845e+00,2.860382308059003176e+00,8.882721407596349650e+00,1.500028442387247196e+00,8.871473315227508039e+00,2.700000000000000178e+00
1.541130886755422424e-01,8.924754586681897806e+00,2.857405055504951719e+00,8.882739002361315528e+00,1.500028374815428833e+00,8.871473320632730974e+00,2.700000000000000178e+00
1.543130886755424425e-01,8.924754591525481118e+00,2.854434597128106432e+00,8.882756536176072970e+00,1.500028307544198469e+00,8.871473326018362471e+00,2.700000000000000178e+00
1.545130886755426425e-01,8.924754596350766178e+00,2.851470917425844132e+00,8.882774009311361851e+00,1.500028240568099136e+00,8.871473331384457595e+00,2.700000000000000178e+00
1.547130886755428425e-01,8.924754601157934175e+00,2.848514000929753376e+00,8.882791422036362405e+00,1.500028173890541439e+00,8.871473336731195758e+00,2.700000000000000178e+00
1.549130886755430425e-01,8.924754605946960240e+00,2.845563832207531618e+00,8.882808774618712988e+00,1.500028107505841035e+00,8.871473342058562750e+00,2.700000000000000178e+00
1.551130886755432425e-01,8.924754610718085956e+00,2.842620395861538807e+00,8.882826067324593566e+00,1.500028041414907420e+00,8.871473347366794826e+00,2.700000000000000178e+00
1.553130886755434426e-01,8.924754615471236718e+00,2.839683676529375145e+00,8.882843300418468147e+00,1.500027975614557363e+00,8.871473352655820932e+00,2.700000000000000178e+00
1.555130886755436426e-01,8.924754620206588385e+00,2.836753658884644924e+00,8.882860474163463138e+00,1.500027910103653994e+00,8.871473357925829362e+00,2.700000000000000178e+00
1.557130886755438426e-01,8.924754624924242208e+00,2.833830327635018964e+00,8.882877588821154191e+00,1.500027844880833072e+00,8.871473363176921367e+00,2.700000000000000178e+00
1.559130886755440426e-01,8.924754629624203517e+00,2.830913667519995958e+00,8.882894644651578631e+00,1.500027779943138739e+00,8.871473368409093396e+00,2.700000000000000178e+00
1.561130886755442426e-01,8.924754634306738765e+00,2.828003663321321248e+00,8.882911641913459277e+00,1.500027715291935237e+00,8.871473373622634995e+00,2.700000000000000178e+00
1.563130886755444426e-01,8.924754638971766241e+00,2.825100299851919683e+00,8.882928580863788781e+00,1.500027650921538225e+00,8.871473378817443134e+00,2.700000000000000178e+00
1.565130886755446427e-01,8.924754643619465355e+00,2.822203561957739915e+00,8.882945461758311012e+00,1.500027586833766691e+00,8.871473383993722095e+00,2.700000000000000178e+00
1.567130886755448427e-01,8.924754648249789923e+00,2.819313434518690542e+00,8.882962284851128487e+00,1.500027523024527909e+00,8.871473389151418587e+00,2.700000000000000178e+00
1.569130886755450427e-01,8.924754652863038373e+00,2.816429902452304290e+00,8.882979050395203302e+00,1.500027459494504001e+00,8.871473394290822156e+00,2.700000000000000178e+00
1.571130886755452427e-01,8.924754657459139651e+00,2.813552950707503886e+00,8.882995758641776263e+00,1.500027396240284361e+00,8.871473399411888394e+00,2.700000000000000178e+00
1.573130886755454427e-01,8.924754662038173691e+00,2.810682564270058137e+00,8.883012409840784329e+00,1.500027333261414242e+00,8.871473404514686578e+00,2.700000000000000178e+00
1.575130886755456427e-01,8.924754666600312802e+00,2.807818728159651389e+00,8.883029004240780679e+00,1.500027270555619907e+00,8.871473409599387239e+00,2.700000000000000178e+00
1.577130886755458428e-01,8.924754671145615603e+00,2.804961427427918430e+00,8.883045542088895630e+00,1.500027208121991862e+00,8.871473414666061430e+00,2.700000000000000178e+00
1.579130886755460428e-01,8.924754675674085647e+00,2.802110647162733947e+00,8.883062023630827753e+00,1.500027145958028996e+00,8.871473419714714481e+00,2.700000000000000178e+00
1.581130886755462428e-01,8.924754680185980504e+00,2.799266372485498255e+00,8.883078449111053487e+00,1.500027084064868177e+00,8.871473424745598635e+00,2.700000000000000178e+00
1.583130886755464428e-01,8.924754684681204253e+00,2.796428588551896244e+00,8.883094818772432788e+00,1.500027022437279811e+00,8.871473429758630402e+00,2.700000000000000178e+00
1.585130886755466428e-01,8.924754689159941634e+00,2.793597280551155304e+00,8.883111132856669201e+00,1.500026961075263898e+00,8.871473434753990972e+00,2.700000000000000178e+00
1.587130886755468429e-01,8.924754693622162449e+00,2.790772433705671407e+00,8.883127391603972356e+00,1.500026899977910944e+00,8.871473439731655475e+00,2.700000000000000178e+00
1.589130886755470429e-01,8.924754698068074532e+00,2.787954033271214715e+00,8.883143595253354619e+00,1.500026839144084079e+00,8.871473444691831745e+00,2.700000000000000178e+00
1.591130886755472429e-01,8.924754702497804004e+00,2.785142064539438245e+00,8.883159744042503192e+00,1.500026778571964314e+00,8.871473449634651232e+00,2.700000000000000178e+00
1.593130886755474429e-01,8.924754706911198099e+00,2.782336512833191833e+00,8.883175838207465702e+00,1.500026718259277914e+00,8.871473454559964722e+00,2.700000000000000178e+00
1.595130886755476429e-01,8.924754711308567678e+00,2.779537363509144043e+00,8.883191877983474427e+00,1.500026658205797503e+00,8.871473459468079525e+00,2.700000000000000178e+00
1.597130886755478429e-01,8.924754715689854123e+00,2.776744601959958647e+00,8.883207863604036802e+00,1.500026598408794598e+00,8.871473464358944128e+00,2.700000000000000178e+00
1.599130886755480430e-01,8.924754720055183554e+00,2.773958213607191414e+00,8.883223795301603332e+00,1.500026538866904957e+00,8.871473469232697084e+00,2.700000000000000178e+00
1.601130886755482430e-01,8.924754724404632356e+00,2.771178183910327775e+00,8.883239673307230078e+00,1.500026479580128580e+00,8.871473474089397016e+00,2.700000000000000178e+00
1.603130886755484430e-01,8.924754728738315990e+00,2.768404498358719490e+00,8.883255497850779392e+00,1.500026420547555972e+00,8.871473478929177148e+00,2.700000000000000178e+00
1.605130886755486430e-01,8.924754733056220246e+00,2.765637142476968346e+00,8.883271269160728068e+00,1.500026361764184912e+00,8.871473483752023270e+00,2.700000000000000178e+00
1.607130886755488430e-01,8.924754737358489010e+00,2.762876101819132124e+00,8.883286987464446227e+00,1.500026303231379643e+00,8.871473488558079268e+00,2.700000000000000178e+00
1.609130886755490430e-01,8.924754741645143596e+00,2.760121361977200927e+00,8.883302652987863368e+00,1.500026244946866427e+00,8.871473493347373562e+00,2.700000000000000178e+00
1.611130886755492431e-01,8.924754745916338550e+00,2.757372908572482295e+00,8.883318265955871595e+00,1.500026186911554760e+00,8.871473498120057144e+00,2.700000000000000178e+00
1.613130886755494431e-01,8.924754750172109397e+00,2.754630727260952927e+00,8.883333826592043181e+00,1.500026129120215046e+00,8.871473502876169093e+00,2.700000000000000178e+00
1.615130886755496431e-01,8.924754754412544955e+00,2.751894803730003503e+00,8.883349335118618129e+00,1.500026071575803144e+00,8.871473507615801779e+00,2.700000000000000178e+00
1.617130886755498431e-01,8.924754758637693186e+00,2.749165123698108282e+00,8.883364791756809709e+00,1.500026014273771580e+00,8.871473512339012046e+00,2.700000000000000178e+00
1.619130886755500431e-01,8.924754762847589618e+00,2.746441672922094845e+00,8.883380196726450961e+00,1.500025957213438232e+00,8.871473517045830093e+00,2.700000000000000178e+00
1.621130886755502432e-01,8.924754767042390569e+00,2.743724437185726561e+00,8.883395550246314443e+00,1.500025900393666234e+00,8.871473521736415790e+00,2.700000000000000178e+00
1.623130886755504432e-01,8.924754771222174199e+00,2.741013402307284075e+00,8.883410852533927482e+00,1.500025843814455584e+00,8.871473526410847299e+00,2.700000000000000178e+00
1.625130886755506432e-01,8.924754775386874783e+00,2.738308554136438477e+00,8.883426103805525997e+00,1.500025787471486183e+00,8.871473531069076657e+00,2.700000000000000178e+00
1.627130886755508432e-01,8.924754779536675287e+00,2.735609878556635177e+00,8.883441304276377792e+00,1.500025731365440151e+00,8.871473535711267289e+00,2.700000000000000178e+00
1.629130886755510432e-01,8.924754783671744462e+00,2.732917361482706919e+00,8.883456454160524984e+00,1.500025675496544864e+00,8.871473540337611041e+00,2.700000000000000178e+00
1.631130886755512432e-01,8.924754787791973953e+00,2.730230988861996888e+00,8.883471553670666765e+00,1.500025619861389714e+00,8.871473544947992451e+00,2.700000000000000178e+00
1.633130886755514433e-01,8.924754791897441919e+00,2.727550746672594340e+00,8.883486603018488026e+00,1.500025564458610461e+00,8.871473549542486126e+00,2.700000000000000178e+00
1.635130886755516433e-01,8.924754795988336653e+00,2.724876620926110160e+00,8.883501602414616727e+00,1.500025509288661851e+00,8.871473554121292793e+00,2.700000000000000178e+00
1.637130886755518433e-01,8.924754800064661708e+00,2.722208597670170427e+00,8.883516552068400074e+00,1.500025454347905907e+00,8.871473558684416005e+00,2.700000000000000178e+00
1.639130886755520433e-01,8.924754804126509455e+00,2.719546662970522721e+00,8.883531452188170974e+00,1.500025399637252121e+00,8.871473563231949910e+00,2.700000000000000178e+00
1.641130886755522433e-01,8.924754808173837262e+00,2.716890802938257909e+00,8.883546302980947829e+00,1.500025345153744638e+00,8.871473567763855428e+00,2.700000000000000178e+00
1.643130886755524434e-01,8.924754812206922239e+00,2.714241003712120737e+00,8.883561104652930140e+00,1.500025290898975072e+00,8.871473572280407893e+00,2.700000000000000178e+00
1.645130886755526434e-01,8.924754816225666687e+00,2.711597251461991487e+00,8.883575857408976262e+00,1.500025236867713829e+00,8.871473576781518489e+00,2.700000000000000178e+00
1.647130886755528434e-01,8.924754820230150543e+00,2.708959532389493496e+00,8.883590561452871626e+00,1.500025183061325151e+00,8.871473581267260045e+00,2.700000000000000178e+00
1.649130886755530434e-01,8.924754824220501703e+00,2.706327832726212801e+00,8.883605216987428221e+00,1.500025129477990049e+00,8.871473585737774670e+00,2.700000000000000178e+00
1.651130886755532434e-01,8.924754828196835632e+00,2.703702138738169225e+00,8.883619824214365579e+00,1.500025076116799028e+00,8.871473590193172498e+00,2.700000000000000178e+00
1.653130886755534434e-01,8.924754832159045748e+00,2.701082436719829172e+00,8.883634383334078066e+00,1.500025022976160471e+00,8.871473594633361159e+00,2.700000000000000178e+00
1.655130886755536435e-01,8.924754836107341660e+00,2.698468712998645103e+00,8.883648894546197994e+00,1.500024970056529128e+00,8.871473599058534276e+00,2.700000000000000178e+00
1.657130886755538435e-01,8.924754840041703829e+00,2.695860953933653104e+00,8.883663358049147973e+00,1.500024917354494391e+00,8.871473603468691849e+00,2.700000000000000178e+00
1.659130886755540435e-01,8.924754843962283246e+00,2.693259145912989094e+00,8.883677774040380726e+00,1.500024864869374142e+00,8.871473607863970656e+00,2.700000000000000178e+00
1.661130886755542435e-01,8.924754847869021290e+00,2.690663275356307782e+00,8.883692142716114404e+00,1.500024812600258883e+00,8.871473612244335172e+00,2.700000000000000178e+00
1.663130886755544435e-01,8.924754851762175534e+00,2.688073328715920418e+00,8.883706464271861947e+00,1.500024760546693869e+00,8.871473616610021651e+00,2.700000000000000178e+00
1.665130886755546435e-01,8.924754855641637619e+00,2.685489292473912215e+00,8.883720738901700997e+00,1.500024708706860110e+00,8.871473620960941275e+00,2.700000000000000178e+00
1.667130886755548436e-01,8.924754859507530114e+00,2.682911153143355154e+00,8.883734966798964905e+00,1.500024657079165991e+00,8.871473625297220167e+00,2.700000000000000178e+00
1.669130886755550436e-01,8.924754863359899204e+00,2.680338897268984777e+00,8.883749148155787978e+00,1.500024605664066257e+00,8.871473629618893852e+00,2.700000000000000178e+00
1.671130886755552436e-01,8.924754867198844366e+00,2.677772511423587076e+00,8.883763283163483848e+00,1.500024554459969295e+00,8.871473633926070690e+00,2.700000000000000178e+00
1.673130886755554436e-01,8.924754871024338954e+00,2.675211982213935524e+00,8.883777372012177764e+00,1.500024503463691872e+00,8.871473638218736468e+00,2.700000000000000178e+00
1.675130886755556436e-01,8.924754874836546392e+00,2.672657296274516980e+00,8.883791414891135219e+00,1.500024452675688735e+00,8.871473642497043954e+00,2.700000000000000178e+00
1.677130886755558437e-01,8.924754878635514643e+00,2.670108440273218253e+00,8.883805411988509704e+00,1.500024402096642007e+00,8.871473646761039333e+00,2.700000000000000178e+00
1.679130886755560437e-01,8.924754882421224167e+00,2.667565400903916473e+00,8.883819363491481269e+00,1.500024351722913707e+00,8.871473651010722605e+00,2.700000000000000178e+00
1.681130886755562437e-01,8.924754886193868586e+00,2.665028164897608409e+00,8.883833269586434156e+00,1.500024301553821715e+00,8.871473655246278511e+00,2.700000000000000178e+00
1.683130886755564437e-01,8.924754889953344872e+00,2.662496719006500090e+00,8.883847130458448760e+00,1.500024251588683910e+00,8.871473659467609352e+00,2.700000000000000178e+00
1.685130886755566437e-01,8.924754893699828884e+00,2.659971050022365002e+00,8.883860946291939342e+00,1.500024201826590797e+00,8.871473663674894539e+00,2.700000000000000178e+00
1.687130886755568437e-01,8.924754897433356149e+00,2.657451144760648809e+00,8.883874717270199284e+00,1.500024152267087629e+00,8.871473667868164270e+00,2.700000000000000178e+00
1.689130886755570438e-01,8.924754901154027920e+00,2.654936990069744152e+00,8.883888443575651550e+00,1.500024102907445922e+00,8.871473672047537562e+00,2.700000000000000178e+00
1.691130886755572438e-01,8.924754904861707416e+00,2.652428572827337572e+00,8.883902125389568027e+00,1.500024053746983554e+00,8.871473676212865200e+00,2.700000000000000178e+00
1.693130886755574438e-01,8.924754908556717936e+00,2.649925879941126272e+00,8.883915762892588219e+00,1.500024004786837395e+00,8.871473680364479364e+00,2.700000000000000178e+00
1.695130886755576438e-01,8.924754912238986648e+00,2.647428898348247905e+00,8.883929356264234301e+00,1.500023956023596838e+00,8.871473684502312551e+00,2.700000000000000178e+00
1.697130886755578438e-01,8.924754915908557962e+00,2.644937615015857446e+00,8.883942905683063884e+00,1.500023907457261885e+00,8.871473688626398513e+00,2.700000000000000178e+00
1.699130886755580438e-01,8.924754919565531353e+00,2.642452016941815529e+00,8.883956411326789038e+00,1.500023859087377787e+00,8.871473692736859817e+00,2.700000000000000178e+00
1.701130886755582439e-01,8.924754923209913926e+00,2.639972091152164690e+00,8.883969873372185688e+00,1.500023810910533939e+00,8.871473696833680478e+00,2.700000000000000178e+00
1.703130886755584439e-01,8.924754926841810487e+00,2.637497824703880944e+00,8.883983291995104281e+00,1.500023762928321958e+00,8.871473700916991945e+00,2.700000000000000178e+00
1.705130886755586439e-01,8.924754930461281432e+00,2.635029204681297088e+00,8.883996667370533729e+00,1.500023715138240732e+00,8.871473704986851061e+00,2.700000000000000178e+00
1.707130886755588439e-01,8.924754934068374723e+00,2.632566218201876307e+00,8.884009999672489499e+00,1.500023667540517636e+00,8.871473709043293354e+00,2.700000000000000178e+00
1.709130886755590439e-01,8.924754937663076149e+00,2.630108852408454823e+00,8.884023289074058027e+00,1.500023620132878932e+00,8.871473713086322377e+00,2.700000000000000178e+00
1.711130886755592440e-01,8.924754941245522488e+00,2.627657094476621769e+00,8.884036535747579677e+00,1.500023572914869874e+00,8.871473717116071356e+00,2.700000000000000178e+00
1.713130886755594440e-01,8.924754944815767033e+00,2.625210931607811382e+00,8.884049739864453343e+00,1.500023525886263087e+00,8.871473721132595358e+00,2.700000000000000178e+00
1.715130886755596440e-01,8.924754948373825769e+00,2.622770351035682346e+00,8.884062901595111583e+00,1.500023479044784835e+00,8.871473725135919253e+00,2.700000000000000178e+00
1.717130886755598440e-01,8.924754951919776857e+00,2.620335340021576531e+00,8.884076021109224897e+00,1.500023432390207745e+00,8.871473729126112318e+00,2.700000000000000178e+00
1.719130886755600440e-01,8.924754955453584770e+00,2.617905885857111592e+00,8.884089098575438825e+00,1.500023385921167574e+00,8.871473733103155013e+00,2.700000000000000178e+00
1.721130886755602440e-01,8.924754958975510633e+00,2.615481975861644770e+00,8.884102134161880215e+00,1.500023339637891695e+00,8.871473737067296028e+00,2.700000000000000178e+00
1.723130886755604441e-01,8.924754962485435428e+00,2.613063597383562087e+00,8.884115128035396936e+00,1.500023293538561120e+00,8.871473741018425230e+00,2.700000000000000178e+00
1.725130886755606441e-01,8.924754965983408894e+00,2.610650737795368048e+00,8.884128080362216906e+00,1.500023247621811606e+00,8.871473744956599461e+00,2.700000000000000178e+00
1.727130886755608441e-01,8.924754969469599786e+00,2.608243384510587237e+00,8.884140991307766910e+00,1.500023201886506286e+00,8.871473748881989252e+00,2.700000000000000178e+00
1.729130886755610441e-01,8.924754972944006326e+00,2.605841524963924183e+00,8.884153861036455879e+00,1.500023156334236774e+00,8.871473752794583945e+00,2.700000000000000178e+00
1.731130886755612441e-01,8.924754976406617857e+00,2.603445146616067518e+00,8.884166689711989306e+00,1.500023110960000849e+00,8.871473756694387092e+00,2.700000000000000178e+00
1.733130886755614442e-01,8.924754979857574710e+00,2.601054236960754995e+00,8.884179477497196942e+00,1.500023065766072250e+00,8.871473760581535473e+00,2.700000000000000178e+00
1.735130886755616442e-01,8.924754983296869781e+00,2.598668783518482517e+00,8.884192224554066541e+00,1.500023020752223601e+00,8.871473764456027311e+00,2.700000000000000178e+00
1.737130886755618442e-01,8.924754986724581229e+00,2.596288773838159258e+00,8.884204931043880649e+00,1.500022975913452683e+00,8.871473768317938990e+00,2.700000000000000178e+00
1.739130886755620442e-01,8.924754990140741029e+00,2.593914195497671216e+00,8.884217597126927046e+00,1.500022931253170100e+00,8.871473772167313143e+00,2.700000000000000178e+00
1.741130886755622442e-01,8.924754993545420234e+00,2.591545036102269606e+00,8.884230222962855805e+00,1.500022886767737873e+00,8.871473776004208389e+00,2.700000000000000178e+00
1.743130886755624442e-01,8.924754996938640161e+00,2.589181283286761115e+00,8.884242808710380856e+00,1.500022842456473882e+00,8.871473779828665585e+00,2.700000000000000178e+00
1.745130886755626443e-01,8.924755000320518050e+00,2.586822924714156535e+00,8.884255354527519799e+00,1.500022798321197115e+00,8.871473783640791311e+00,2.700000000000000178e+00
1.747130886755628443e-01,8.924755003691002386e+00,2.584469948074572532e+00,8.884267860571419817e+00,1.500022754357132726e+00,8.871473787440544712e+00,2.700000000000000178e+00
1.749130886755630443e-01,8.924755007050292122e+00,2.582122341087443207e+00,8.884280326998515775e+00,1.500022710566327078e+00,8.871473791228117634e+00,2.700000000000000178e+00
1.751130886755632443e-01,8.924755010398202515e+00,2.579780091499127348e+00,8.884292753964306399e+00,1.500022666945824312e+00,8.871473795003335994e+00,2.700000000000000178e+00
1.753130886755634443e-01,8.924755013735079956e+00,2.577443187084306864e+00,8.884305141623801916e+00,1.500022623497216046e+00,8.871473798766542629e+00,2.700000000000000178e+00
1.755130886755636443e-01,8.924755017060689966e+00,2.575111615645612861e+00,8.884317490130833050e+00,1.500022580218228541e+00,8.871473802517513718e+00,2.700000000000000178e+00
1.757130886755638444e-01,8.924755020375229719e+00,2.572785365013584347e+00,8.884329799638837954e+00,1.500022537107497556e+00,8.871473806256437555e+00,2.700000000000000178e+00
1.759130886755640444e-01,8.924755023678798693e+00,2.570464423046921798e+00,8.884342070300348837e+00,1.500022494165932585e+00,8.871473809983431380e+00,2.700000000000000178e+00
1.761130886755642444e-01,8.924755026971324057e+00,2.568148777630377300e+00,8.884354302267047032e+00,1.500022451390805145e+00,8.871473813698402822e+00,2.700000000000000178e+00
1.763130886755644444e-01,8.924755030252889298e+00,2.565838416677710843e+00,8.884366495689974386e+00,1.500022408781205741e+00,8.871473817401453132e+00,2.700000000000000178e+00
1.765130886755646444e-01,8.924755033523535275e+00,2.563533328130828792e+00,8.884378650719364501e+00,1.500022366337589119e+00,8.871473821092621392e+00,2.700000000000000178e+00
1.767130886755648445e-01,8.924755036783389883e+00,2.561233499958283755e+00,8.884390767504765307e+00,1.500022324060410028e+00,8.871473824772039052e+00,2.700000000000000178e+00
1.769130886755650445e-01,8.924755040032318121e+00,2.558938920155438002e+00,8.884402846194861425e+00,1.500022281944666247e+00,8.871473828439571108e+00,2.700000000000000178e+00
1.771130886755652445e-01,8.924755043270574006e+00,2.556649576746313990e+00,8.884414886937804567e+00,1.500022239993541007e+00,8.871473832095475132e+00,2.700000000000000178e+00
1.773130886755654445e-01,8.924755046498113131e+00,2.554365457782160842e+00,8.884426889880856493e+00,1.500022198204078450e+00,8.871473835739706715e+00,2.700000000000000178e+00
1.775130886755656445e-01,8.924755049714869770e+00,2.552086551335499109e+00,8.884438855170532889e+00,1.500022156575141707e+00,8.871473839372207237e+00,2.700000000000000178e+00
1.777130886755658445e-01,8.924755052921172549e+00,2.549812845520679883e+00,8.884450782952830750e+00,1.500022115108777143e+00,8.871473842993305325e+00,2.700000000000000178e+00
1.779130886755660446e-01,8.924755056116778107e+00,2.547544328467392205e+00,8.884462673372704344e+00,1.500022073800892031e+00,8.871473846602759394e+00,2.700000000000000178e+00
1.781130886755662446e-01,8.924755059301935134e+00,2.545280988333582073e+00,8.884474526574701159e+00,1.500022032653760107e+00,8.871473850200818134e+00,2.700000000000000178e+00
1.783130886755664446e-01,8.924755062476471323e+00,2.543022813306747398e+00,8.884486342702404116e+00,1.500021991662833898e+00,8.871473853787309238e+00,2.700000000000000178e+00
1.785130886755666446e-01,8.924755065640695761e+00,2.540769791599368777e+00,8.884498121898991130e+00,1.500021950831524009e+00,8.871473857362550675e+00,2.700000000000000178e+00
1.787130886755668446e-01,8.924755068794446800e+00,2.538521911452402691e+00,8.884509864306643578e+00,1.500021910155965088e+00,8.871473860926382571e+00,2.700000000000000178e+00
1.789130886755670446e-01,8.924755071937871875e+00,2.536279161132611648e+00,8.884521570066999274e+00,1.500021869636611882e+00,8.871473864478947036e+00,2.700000000000000178e+00
1.791130886755672447e-01,8.924755075070939014e+00,2.534041528933381304e+00,8.884533239320983711e+00,1.500021829271645402e+00,8.871473868020224529e+00,2.700000000000000178e+00
1.793130886755674447e-01,8.924755078193772562e+00,2.531809003176857420e+00,8.884544872208810062e+00,1.500021789062657263e+00,8.871473871550335843e+00,2.700000000000000178e+00
1.795130886755676447e-01,8.924755081306390281e+00,2.529581572209620877e+00,8.884556468870082213e+00,1.500021749006691607e+00,8.871473875069295190e+00,2.700000000000000178e+00
1.797130886755678447e-01,8.924755084408815264e+00,2.527359224405382854e+00,8.884568029443594028e+00,1.500021709103066314e+00,8.871473878577136318e+00,2.700000000000000178e+00
1.799130886755680447e-01,8.924755087501074158e+00,2.525141948164736583e+00,8.884579554067503437e+00,1.500021669353600373e+00,8.871473882073885875e+00,2.700000000000000178e+00
1.801130886755682448e-01,8.924755090583214923e+00,2.522929731913868601e+00,8.884591042879403489e+00,1.500021629754883179e+00,8.871473885559595374e+00,2.700000000000000178e+00
1.803130886755684448e-01,8.924755093655376115e+00,2.520722564107794383e+00,8.884602496016183792e+00,1.500021590306232611e+00,8.871473889034405147e+00,2.700000000000000178e+00
1.805130886755686448e-01,8.924755096717490233e+00,2.518520433224784139e+00,8.884613913613957692e+00,1.500021551007648668e+00,8.871473892498245917e+00,2.700000000000000178e+00
1.807130886755688448e-01,8.924755099769610567e+00,2.516323327772021834e+00,8.884625295808225687e+00,1.500021511858676604e+00,8.871473895951178079e+00,2.700000000000000178e+00
1.809130886755690448e-01,8.924755102811781526e+00,2.514131236280030546e+00,8.884636642733882539e+00,1.500021472858406923e+00,8.871473899393238938e+00,2.700000000000000178e+00
1.811130886755692448e-01,8.924755105844139891e+00,2.511944147307565434e+00,8.884647954525242142e+00,1.500021434006157506e+00,8.871473902824581259e+00,2.700000000000000178e+00
1.813130886755694449e-01,8.924755108866566644e+00,2.509762049439647313e+00,8.884659231315733763e+00,1.500021395301018856e+00,8.871473906245073593e+00,2.700000000000000178e+00
1.815130886755696449e-01,8.924755111879273173e+00,2.507584931287369479e+00,8.884670473238411859e+00,1.500021356742763601e+00,8.871473909654945089e+00,2.700000000000000178e+00
1.817130886755698449e-01,8.924755114882142237e+00,2.505412781486570317e+00,8.884681680425492445e+00,1.500021318329118003e+00,8.871473913054062521e+00,2.700000000000000178e+00
1.819130886755700449e-01,8.924755117875356802e+00,2.503245588698547852e+00,8.884692853008662183e+00,1.500021280063037921e+00,8.871473916442628393e+00,2.700000000000000178e+00
1.821130886755702449e-01,8.924755120858804958e+00,2.501083341612375222e+00,8.884703991118897193e+00,1.500021241938611638e+00,8.871473919820525467e+00,2.700000000000000178e+00
1.823130886755704450e-01,8.924755123832708747e+00,2.498926028942572763e+00,8.884715094886697528e+00,1.500021203960159255e+00,8.871473923187968680e+00,2.700000000000000178e+00
1.825130886755706450e-01,8.924755126796949156e+00,2.496773639427867675e+00,8.884726164441747898e+00,1.500021166122905925e+00,8.871473926544856781e+00,2.700000000000000178e+00
1.827130886755708450e-01,8.924755129751609672e+00,2.494626161835599820e+00,8.884737199913153916e+00,1.500021128428670636e+00,8.871473929891264376e+00,2.700000000000000178e+00
1.829130886755710450e-01,8.924755132696756021e+00,2.492483584951420639e+00,8.884748201429548686e+00,1.500021090876316521e+00,8.871473933227267850e+00,2.700000000000000178e+00
1.831130886755712450e-01,8.924755135632457481e+00,2.490345897599874458e+00,8.884759169118838784e+00,1.500021053464706711e+00,8.871473936552932926e+00,2.700000000000000178e+00
1.833130886755714450e-01,8.924755138558666090e+00,2.488213088620497615e+00,8.884770103108252215e+00,1.500021016194068579e+00,8.871473939868211644e+00,2.700000000000000178e+00
1.835130886755716451e-01,8.924755141475484876e+00,2.486085146879861263e+00,8.884781003524548026e+00,1.500020979062355764e+00,8.871473943173208809e+00,2.700000000000000178e+00
1.837130886755718451e-01,8.924755144382929828e+00,2.483962061271100197e+00,8.884791870493838672e+00,1.500020942070250385e+00,8.871473946467956395e+00,2.700000000000000178e+00
1.839130886755720451e-01,8.924755147280992063e+00,2.481843820712502868e+00,8.884802704141542051e+00,1.500020905215478706e+00,8.871473949752433086e+00,2.700000000000000178e+00
1.841130886755722451e-01,8.924755150169868756e+00,2.479730414148702433e+00,8.884813504592763422e+00,1.500020868498268101e+00,8.871473953026839609e+00,2.700000000000000178e+00
1.843130886755724451e-01,8.924755153049497736e+00,2.477621830548090376e+00,8.884824271971666576e+00,1.500020831919755437e+00,8.871473956291117346e+00,2.700000000000000178e+00
1.845130886755726451e-01,8.924755155919772420e+00,2.475518058905008090e+00,8.884835006401878843e+00,1.500020795475847990e+00,8.871473959545166821e+00,2.700000000000000178e+00
1.847130886755728452e-01,8.924755158780978803e+00,2.473419088238368424e+00,8.884845708006748666e+00,1.500020759168819495e+00,8.871473962789265144e+00,2.700000000000000178e+00
1.849130886755730452e-01,8.924755161632941025e+00,2.471324907593490217e+00,8.884856376908654596e+00,1.500020722996168843e+00,8.871473966023245339e+00,2.700000000000000178e+00
1.851130886755732452e-01,8.924755164475968172e+00,2.469235506038432337e+00,8.884867013229825972e+00,1.500020686959032901e+00,8.871473969247421820e+00,2.700000000000000178e+00
1.853130886755734452e-01,8.924755167309816883e+00,2.467150872667333683e+00,8.884877617091410329e+00,1.500020651054683185e+00,8.871473972461547675e+00,2.700000000000000178e+00
1.855130886755736452e-01,8.924755170134583082e+00,2.465070996600102760e+00,8.884888188614294080e+00,1.500020615283574443e+00,8.871473975665720602e+00,2.700000000000000178e+00
1.857130886755738453e-01,8.924755172950474602e+00,2.462995866981125825e+00,8.884898727918876915e+00,1.500020579646388796e+00,8.871473978860155540e+00,2.700000000000000178e+00
1.859130886755740453e-01,8.924755175757358217e+00,2.460925472978615414e+00,8.884909235124775151e+00,1.500020544139715639e+00,8.871473982044722817e+00,2.700000000000000178e+00
1.861130886755742453e-01,8.924755178555320967e+00,2.458859803785085063e+00,8.884919710351121935e+00,1.500020508764919214e+00,8.871473985219497038e+00,2.700000000000000178e+00
1.863130886755744453e-01,8.924755181344416144e+00,2.456798848618552800e+00,8.884930153716531720e+00,1.500020473521090025e+00,8.871473988384551035e+00,2.700000000000000178e+00
1.865130886755746453e-01,8.924755184124608220e+00,2.454742596722163217e+00,8.884940565338961704e+00,1.500020438407318579e+00,8.871473991539840398e+00,2.700000000000000178e+00
1.867130886755748453e-01,8.924755186895996673e+00,2.452691037363803783e+00,8.884950945335971184e+00,1.500020403422013260e+00,8.871473994685469933e+00,2.700000000000000178e+00
1.869130886755750454e-01,8.924755189658663213e+00,2.450644159834802327e+00,8.884961293824522599e+00,1.500020368566310935e+00,8.871473997821521351e+00,2.700000000000000178e+00
1.871130886755752454e-01,8.924755192412554550e+00,2.448601953451157165e+00,8.884971610920894491e+00,1.500020333839074738e+00,8.871474000947943139e+00,2.700000000000000178e+00
1.873130886755754454e-01,8.924755195157754173e+00,2.446564407554554510e+00,8.884981896740987040e+00,1.500020299240304666e+00,8.871474004064829444e+00,2.700000000000000178e+00
1.875130886755756454e-01,8.924755197894231884e+00,2.444531511507348487e+00,8.884992151400036065e+00,1.500020264768409106e+00,8.871474007172139409e+00,2.700000000000000178e+00
1.877130886755758454e-01,8.924755200622124462e+00,2.442503254701162252e+00,8.885002375012946985e+00,1.500020230420886946e+00,8.871474010270022248e+00,2.700000000000000178e+00
1.879130886755760454e-01,8.924755203341343091e+00,2.440479626547021219e+00,8.885012567693795660e+00,1.500020196201148792e+00,8.871474013358385591e+00,2.700000000000000178e+00
1.881130886755762455e-01,8.924755206052067180e+00,2.438460616483268950e+00,8.885022729556427024e+00,1.500020162106920907e+00,8.871474016437401744e+00,2.700000000000000178e+00
1.883130886755764455e-01,8.924755208754250546e+00,2.436446213973086916e+00,8.885032860713961256e+00,1.500020128137066422e+00,8.871474019507047615e+00,2.700000000000000178e+00
1.885130886755766455e-01,8.924755211447870096e+00,2.434436408499804916e+00,8.885042961279008722e+00,1.500020094291130590e+00,8.871474022567285900e+00,2.700000000000000178e+00
1.887130886755768455e-01,8.924755214133028858e+00,2.432431189574078889e+00,8.885053031363748133e+00,1.500020060568886038e+00,8.871474025618228509e+00,2.700000000000000178e+00
1.889130886755770455e-01,8.924755216809868941e+00,2.430430546732176733e+00,8.885063071079860819e+00,1.500020026970560139e+00,8.871474028660017552e+00,2.700000000000000178e+00
1.891130886755772456e-01,8.924755219478242907e+00,2.428434469525717621e+00,8.885073080538376189e+00,1.500019993494106529e+00,8.871474031692505591e+00,2.700000000000000178e+00
1.893130886755774456e-01,8.924755222138177402e+00,2.426442947538234751e+00,8.885083059849819165e+00,1.500019960139979958e+00,8.871474034715717494e+00,2.700000000000000178e+00
1.895130886755776456e-01,8.924755224789835850e+00,2.424455970376684366e+00,8.885093009124414465e+00,1.500019926906361434e+00,8.871474037729834450e+00,2.700000000000000178e+00
1.897130886755778456e-01,8.924755227433237792e+00,2.422473527668699056e+00,8.885102928471704686e+00,1.500019893794842574e+00,8.871474040734860012e+00,2.700000000000000178e+00
1.899130886755780456e-01,8.924755230068345924e+00,2.420495609066829257e+00,8.885112818000736823e+00,1.500019860802012772e+00,8.871474043730767534e+00,2.700000000000000178e+00
1.901130886755782456e-01,8.924755232695160245e+00,2.418522204245906693e+00,8.885122677820019632e+00,1.500019827929918392e+00,8.871474046717557016e+00,2.700000000000000178e+00
1.903130886755784457e-01,8.924755235313778456e+00,2.416553302906654377e+00,8.885132508037717258e+00,1.500019795176740445e+00,8.871474049695327935e+00,2.700000000000000178e+00
1.905130886755786457e-01,8.924755237924280493e+00,2.414588894772554450e+00,8.885142308761407648e+00,1.500019762543388424e+00,8.871474052664158449e+00,2.700000000000000178e+00
1.907130886755788457e-01,8.924755240526632605e+00,2.412628969588829442e+00,8.885152080098198013e+00,1.500019730026906473e+00,8.871474055624030797e+00,2.700000000000000178e+00
1.909130886755790457e-01,8.924755243120886306e+00,2.410673517127121634e+00,8.885161822154696409e+00,1.500019697627521964e+00,8.871474058574980504e+00,2.700000000000000178e+00
1.911130886755792457e-01,8.924755245707077123e+00,2.408722527179216755e+00,8.885171535036997525e+00,1.500019665345917019e+00,8.871474061517055532e+00,2.700000000000000178e+00
1.913130886755794458e-01,8.924755248285139331e+00,2.406775989561494633e+00,8.885181218850622287e+00,1.500019633181182144e+00,8.871474064450190156e+00,2.700000000000000178e+00
1.915130886755796458e-01,8.924755250855278987e+00,2.404833894114871029e+00,8.885190873700951286e+00,1.500019601131725722e+00,8.871474067374590433e+00,2.700000000000000178e+00
1.917130886755798458e-01,8.924755253417364642e+00,2.402896230702238345e+00,8.885200499692478715e+00,1.500019569198002500e+00,8.871474070290124914e+00,2.700000000000000178e+00
1.919130886755800458e-01,8.924755255971602352e+00,2.400962989209495024e+00,8.885210096929560208e+00,1.500019537380239854e+00,8.871474073197012089e+00,2.700000000000000178e+00
1.921130886755802458e-01,8.924755258517858891e+00,2.399034159545617051e+00,8.885219665515792897e+00,1.500019505674799802e+00,8.871474076095106298e+00,2.700000000000000178e+00
1.923130886755804458e-01,8.924755261056231959e+00,2.397109731642720121e+00,8.885229205554500354e+00,1.500019474084638205e+00,8.871474078984514122e+00,2.700000000000000178e+00
1.925130886755806459e-01,8.924755263586703791e+00,2.395189695456078738e+00,8.885238717148409293e+00,1.500019442607253950e+00,8.871474081865226680e+00,2.700000000000000178e+00
1.927130886755808459e-01,8.924755266109395180e+00,2.393274040963571991e+00,8.885248200399981755e+00,1.500019411242419665e+00,8.871474084737352328e+00,2.700000000000000178e+00
1.929130886755810459e-01,8.924755268624302573e+00,2.391362758166250213e+00,8.885257655411013644e+00,1.500019379989453228e+00,8.871474087600896397e+00,2.700000000000000178e+00
1.931130886755812459e-01,8.924755271131452616e+00,2.389455837089411006e+00,8.885267082282901185e+00,1.500019348850628376e+00,8.871474090455885531e+00,2.700000000000000178e+00
1.933130886755814459e-01,8.924755273630861296e+00,2.387553267777201782e+00,8.885276481116589409e+00,1.500019317822307130e+00,8.871474093302341046e+00,2.700000000000000178e+00
1.935130886755816459e-01,8.924755276122523284e+00,2.385655040300167951e+00,8.885285852012598795e+00,1.500019286903352622e+00,8.871474096140257615e+00,2.700000000000000178e+00
1.937130886755818460e-01,8.924755278606545161e+00,2.383761144749949601e+00,8.885295195070986196e+00,1.500019256096720710e+00,8.871474098969741817e+00,2.700000000000000178e+00
1.939130886755820460e-01,8.924755281082921599e+00,2.381871571241302998e+00,8.885304510391359045e+00,1.500019225398773415e+00,8.871474101790795430e+00,2.700000000000000178e+00
1.941130886755822460e-01,8.924755283551672136e+00,2.379986309911074294e+00,8.885313798072852265e+00,1.500019194809965484e+00,8.871474104603434441e+00,2.700000000000000178e+00
1.943130886755824460e-01,8.924755286012878486e+00,2.378105350919022865e+00,8.885323058214195768e+00,1.500019164330751664e+00,8.871474107407745890e+00,2.700000000000000178e+00
1.945130886755826460e-01,8.924755288466380776e+00,2.376228684446873629e+00,8.885332290913495967e+00,1.500019133958858220e+00,8.871474110203562802e+00,2.700000000000000178e+00
1.947130886755828461e-01,8.924755290912468553e+00,2.374356300699798528e+00,8.885341496268839734e+00,1.500019103695649392e+00,8.871474112991190708e+00,2.700000000000000178e+00
1.949130886755830461e-01,8.924755293351115171e+00,2.372488189903997569e+00,8.885350674377532343e+00,1.500019073541352554e+00,8.871474115770597635e+00,2.700000000000000178e+00
1.951130886755832461e-01,8.924755295782187403e+00,2.370624342308617738e+00,8.885359825336447415e+00,1.500019043490965487e+00,8.871474118541648579e+00,2.700000000000000178e+00
1.953130886755834461e-01,8.924755298205838017e+00,2.368764748187137670e+00,8.885368949242142378e+00,1.500019013548808289e+00,8.871474121304501637e+00,2.700000000000000178e+00
1.955130886755836461e-01,8.924755300622051024e+00,2.366909397830397666e+00,8.885378046190707479e+00,1.500018983713061971e+00,8.871474124059146149e+00,2.700000000000000178e+00
1.957130886755838461e-01,8.924755303030933007e+00,2.365058281553020336e+00,8.885387116277897235e+00,1.500018953982817038e+00,8.871474126805679816e+00,2.700000000000000178e+00
1.959130886755840462e-01,8.924755305432432451e+00,2.363211389694589659e+00,8.885396159598910160e+00,1.500018924356254502e+00,8.871474129544065335e+00,2.700000000000000178e+00
1.961130886755842462e-01,8.924755307826620410e+00,2.361368712614137166e+00,8.885405176248559300e+00,1.500018894835875471e+00,8.871474132274371982e+00,2.700000000000000178e+00
1.963130886755844462e-01,8.924755310213461357e+00,2.359530240694946990e+00,8.885414166321227825e+00,1.500018865417587222e+00,8.871474134996558902e+00,2.700000000000000178e+00
1.965130886755846462e-01,8.924755312593067202e+00,2.357695964340058570e+00,8.885423129910929418e+00,1.500018836105709852e+00,8.871474137710746888e+00,2.700000000000000178e+00
1.967130886755848462e-01,8.924755314965373998e+00,2.355865873974760216e+00,8.885432067111191046e+00,1.500018806894786394e+00,8.871474140416877319e+00,2.700000000000000178e+00
1.969130886755850462e-01,8.924755317330543392e+00,2.354039960047637603e+00,8.885440978015274993e+00,1.500018777788454827e+00,8.871474143115101185e+00,2.700000000000000178e+00
1.971130886755852463e-01,8.924755319688477684e+00,2.352218213026811000e+00,8.885449862715843139e+00,1.500018748782622424e+00,8.871474145805331446e+00,2.700000000000000178e+00
1.973130886755854463e-01,8.924755322039226613e+00,2.350400623403626987e+00,8.885458721305221630e+00,1.500018719880017670e+00,8.871474148487619615e+00,2.700000000000000178e+00
1.975130886755856463e-01,8.924755324382861232e+00,2.348587181691452752e+00,8.885467553875407987e+00,1.500018691078139454e+00,8.871474151162033195e+00,2.700000000000000178e+00
1.977130886755858463e-01,8.924755326719395754e+00,2.346777878425176489e+00,8.885476360517879257e+00,1.500018662378352019e+00,8.871474153828591724e+00,2.700000000000000178e+00
1.979130886755860463e-01,8.924755329048799979e+00,2.344972704159084653e+00,8.885485141323744784e+00,1.500018633778154253e+00,8.871474156487268559e+00,2.700000000000000178e+00
1.981130886755862464e-01,8.924755331371171607e+00,2.343171649471761597e+00,8.885493896383810153e+00,1.500018605277546158e+00,8.871474159138159621e+00,2.700000000000000178e+00
1.983130886755864464e-01,8.924755333686540837e+00,2.341374704962186470e+00,8.885502625788374687e+00,1.500018576877437226e+00,8.871474161781303991e+00,2.700000000000000178e+00
1.985130886755866464e-01,8.924755335994891681e+00,2.339581861250800809e+00,8.885511329627338029e+00,1.500018548576917965e+00,8.871474164416676800e+00,2.700000000000000178e+00
1.987130886755868464e-01,8.924755338296250784e+00,2.337793108979662637e+00,8.885520007990251656e+00,1.500018520374851505e+00,8.871474167044306469e+00,2.700000000000000178e+00
1.989130886755870464e-01,8.924755340590680319e+00,2.336008438811830068e+00,8.885528660966318881e+00,1.500018492270100978e+00,8.871474169664271159e+00,2.700000000000000178e+00
1.991130886755872464e-01,8.924755342878142983e+00,2.334227841431385730e+00,8.885537288644201226e+00,1.500018464263575879e+00,8.871474172276519354e+00,2.700000000000000178e+00
1.993130886755874465e-01,8.924755345158754238e+00,2.332451307545230446e+00,8.885545891112409223e+00,1.500018436354821461e+00,8.871474174881178953e+00,2.700000000000000178e+00
1.995130886755876465e-01,8.924755347432492769e+00,2.330678827879425707e+00,8.885554468458813915e+00,1.500018408543610349e+00,8.871474177478221534e+00,2.700000000000000178e+00
1.997130886755878465e-01,8.924755349699337259e+00,2.328910393183289962e+00,8.885563020771009235e+00,1.500018380829942544e+00,8.871474180067631110e+00,2.700000000000000178e+00
1.999130886755880465e-01,8.924755351959353433e+00,2.327145994225390702e+00,8.885571548136315556e+00,1.500018353211999056e+00,8.871474182649476958e+00,2.700000000000000178e+00
2.001130886755882465e-01,8.924755354212601688e+00,2.325385621796731694e+00,8.885580050641548766e+00,1.500018325688415644e+00,8.871474185223819475e+00,2.700000000000000178e+00
2.003130886755884466e-01,8.924755356459048272e+00,2.323629266707458729e+00,8.885588528373167705e+00,1.500018298260329175e+00,8.871474187790632016e+00,2.700000000000000178e+00
2.005130886755886466e-01,8.924755358698806873e+00,2.321876919790555771e+00,8.885596981417304363e+00,1.500018270929103892e+00,8.871474190350021161e+00,2.700000000000000178e+00
2.007130886755888466e-01,8.924755360931754922e+00,2.320128571899522818e+00,8.885605409859604009e+00,1.500018243690874442e+00,8.871474192901869671e+00,2.700000000000000178e+00
2.009130886755890466e-01,8.924755363158119792e+00,2.318384213907576541e+00,8.885613813785539605e+00,1.500018216548824057e+00,8.871474195446408473e+00,2.700000000000000178e+00
2.011130886755892466e-01,8.924755365377695426e+00,2.316643836710859716e+00,8.885622193279965941e+00,1.500018189498632637e+00,8.871474197983429733e+00,2.700000000000000178e+00
2.013130886755894466e-01,8.924755367590648802e+00,2.314907431224163759e+00,8.885630548427595699e+00,1.500018162541437050e+00,8.871474200513105757e+00,2.700000000000000178e+00
2.015130886755896467e-01,8.924755369797049198e+00,2.313174988384775421e+00,8.885638879312697469e+00,1.500018135679511033e+00,8.871474203035507600e+00,2.700000000000000178e+00
2.017130886755898467e-01,8.924755371996811348e+00,2.311446499149812261e+00,8.885647186019108190e+00,1.500018108908079739e+00,8.871474205550546444e+00,2.700000000000000178e+00
2.019130886755900467e-01,8.924755374189965451e+00,2.309721954497186314e+00,8.885655468630357490e+00,1.500018082229189531e+00,8.871474208058261368e+00,2.700000000000000178e+00
2.021130886755902467e-01,8.924755376376594995e+00,2.308001345424755435e+00,8.885663727229633935e+00,1.500018055642840409e+00,8.871474210558725204e+00,2.700000000000000178e+00
2.023130886755904467e-01,8.924755378556691099e+00,2.306284662949651398e+00,8.885671961899783255e+00,1.500018029147213383e+00,8.871474213051946833e+00,2.700000000000000178e+00
2.025130886755906467e-01,8.924755380730299947e+00,2.304571898118645379e+00,8.885680172723251502e+00,1.500018002742763201e+00,8.871474215537961783e+00,2.700000000000000178e+00
2.027130886755908468e-01,8.924755382897474831e+00,2.302863041982168735e+00,8.885688359782172085e+00,1.500017976430171984e+00,8.871474218016830449e+00,2.700000000000000178e+00
2.029130886755910468e-01,8.924755385058123380e+00,2.301158085624020355e+00,8.885696523158241433e+00,1.500017950205801753e+00,8.871474220488462237e+00,2.700000000000000178e+00
2.031130886755912468e-01,8.924755387212380597e+00,2.299457020145832864e+00,8.885704662932917941e+00,1.500017924073063114e+00,8.871474222952993927e+00,2.700000000000000178e+00
2.033130886755914468e-01,8.924755389360218061e+00,2.297759836667771616e+00,8.885712779187253219e+00,1.500017898028545460e+00,8.871474225410395320e+00,2.700000000000000178e+00
2.035130886755916468e-01,8.924755391501697943e+00,2.296066526330699631e+00,8.885720872001986237e+00,1.500017872073840408e+00,8.871474227860733919e+00,2.700000000000000178e+00
2.037130886755918469e-01,8.924755393636772283e+00,2.294377080296487126e+00,8.885728941457401220e+00,1.500017846207356342e+00,8.871474230303963537e+00,2.700000000000000178e+00
2.039130886755920469e-01,8.924755395765476607e+00,2.292691489746476297e+00,8.885736987633610084e+00,1.500017820428183768e+00,8.871474232740112598e+00,2.700000000000000178e+00
2.041130886755922469e-01,8.924755397887922825e+00,2.291009745881918303e+00,8.885745010610307304e+00,1.500017794738823795e+00,8.871474235169307221e+00,2.700000000000000178e+00
2.043130886755924469e-01,8.924755400004055872e+00,2.289331839925247802e+00,8.885753010466791224e+00,1.500017769136775314e+00,8.871474237591492340e+00,2.700000000000000178e+00
2.045130886755926469e-01,8.924755402113937919e+00,2.287657763119167242e+00,8.885760987282125711e+00,1.500017743622493072e+00,8.871474240006721246e+00,2.700000000000000178e+00
2.047130886755928469e-01,8.924755404217554755e+00,2.285987506723826446e+00,8.885768941135008703e+00,1.500017718193021210e+00,8.871474242414990385e+00,2.700000000000000178e+00
2.049130886755930470e-01,8.924755406314950790e+00,2.284321062020798099e+00,8.885776872103729573e+00,1.500017692850633466e+00,8.871474244816338839e+00,2.700000000000000178e+00
2.051130886755932470e-01,8.924755408406218393e+00,2.282658420314433112e+00,8.885784780266410721e+00,1.500017667595102466e+00,8.871474247210862529e+00,2.700000000000000178e+00
2.053130886755934470e-01,8.924755410491227892e+00,2.280999572922443708e+00,8.885792665700572357e+00,1.500017642425063968e+00,8.871474249598449546e+00,2.700000000000000178e+00
2.055130886755936470e-01,8.924755412570114288e+00,2.279344511188066580e+00,8.885800528483693839e+00,1.500017617341654841e+00,8.871474251979211800e+00,2.700000000000000178e+00
2.057130886755938470e-01,8.924755414642820739e+00,2.277693226472196297e+00,8.885808368692766024e+00,1.500017592341919226e+00,8.871474254353106659e+00,2.700000000000000178e+00
2.059130886755940471e-01,8.924755416709400535e+00,2.276045710155601309e+00,8.885816186404500883e+00,1.500017567425857123e+00,8.871474256720190965e+00,2.700000000000000178e+00
2.061130886755942471e-01,8.924755418769985127e+00,2.274401953637957163e+00,8.885823981695384788e+00,1.500017542596424391e+00,8.871474259080585512e+00,2.700000000000000178e+00
2.063130886755944471e-01,8.924755420824439511e+00,2.272761948340325855e+00,8.885831754641332125e+00,1.500017517849528303e+00,8.871474261434178388e+00,2.700000000000000178e+00
2.065130886755946471e-01,8.924755422872870270e+00,2.271125685702140018e+00,8.885839505318191556e+00,1.500017493186987849e+00,8.871474263781053082e+00,2.700000000000000178e+00
2.067130886755948471e-01,8.924755424915245428e+00,2.269493157181267318e+00,8.885847233801342782e+00,1.500017468607211413e+00,8.871474266121195384e+00,2.700000000000000178e+00
2.069130886755950471e-01,8.924755426951627157e+00,2.267864354256637238e+00,8.885854940165913263e+00,1.500017444109744247e+00,8.871474268454665690e+00,2.700000000000000178e+00
2.071130886755952472e-01,8.924755428982098948e+00,2.266239268427101106e+00,8.885862624486776440e+00,1.500017419696405341e+00,8.871474270781540383e+00,2.700000000000000178e+00
2.073130886755954472e-01,8.924755431006513362e+00,2.264617891210324974e+00,8.885870286838262189e+00,1.500017395363556716e+00,8.871474273101689789e+00,2.700000000000000178e+00
2.075130886755956472e-01,8.924755433025085338e+00,2.263000214142169231e+00,8.885877927294698608e+00,1.500017371114381604e+00,8.871474275415319966e+00,2.700000000000000178e+00
2.077130886755958472e-01,8.924755435037615925e+00,2.261386228780018826e+00,8.885885545929788520e+00,1.500017346945469399e+00,8.871474277722231960e+00,2.700000000000000178e+00
2.079130886755960472e-01,8.924755437044332496e+00,2.259775926698126991e+00,8.885893142817268497e+00,1.500017322858411717e+00,8.871474280022662029e+00,2.700000000000000178e+00
2.081130886755962472e-01,8.924755439045172878e+00,2.258169299491606274e+00,8.885900718030297796e+00,1.500017298851844316e+00,8.871474282316539117e+00,2.700000000000000178e+00
2.083130886755964473e-01,8.924755441040129966e+00,2.256566338774076641e+00,8.885908271641820733e+00,1.500017274925539823e+00,8.871474284603870331e+00,2.700000000000000178e+00
2.085130886755966473e-01,8.924755443029281921e+00,2.254967036178155748e+00,8.885915803724522277e+00,1.500017251079952985e+00,8.871474286884724947e+00,2.700000000000000178e+00
2.087130886755968473e-01,8.924755445012616306e+00,2.253371383356439495e+00,8.885923314350735680e+00,1.500017227313946933e+00,8.871474289159097637e+00,2.700000000000000178e+00
2.089130886755970473e-01,8.924755446990182861e+00,2.251779371979541366e+00,8.885930803592470895e+00,1.500017203627976414e+00,8.871474291427036363e+00,2.700000000000000178e+00
2.091130886755972473e-01,8.924755448961935400e+00,2.250190993738450995e+00,8.885938271521458987e+00,1.500017180021131935e+00,8.871474293688496715e+00,2.700000000000000178e+00
2.093130886755974474e-01,8.924755450927973399e+00,2.248606240341624929e+00,8.885945718209208977e+00,1.500017156492958748e+00,8.871474295943583499e+00,2.700000000000000178e+00
2.095130886755976474e-01,8.924755452888257778e+00,2.247025103516141264e+00,8.885953143726842640e+00,1.500017133043229478e+00,8.871474298192261188e+00,2.700000000000000178e+00
2.097130886755978474e-01,8.924755454842834723e+00,2.245447575009857033e+00,8.885960548145192206e+00,1.500017109672398874e+00,8.871474300434568860e+00,2.700000000000000178e+00
2.099130886755980474e-01,8.924755456791734431e+00,2.243873646589354287e+00,8.885967931534887398e+00,1.500017086378420572e+00,8.871474302670542045e+00,2.700000000000000178e+00
2.101130886755982474e-01,8.924755458734901836e+00,2.242303310037157438e+00,8.885975293966088984e+00,1.500017063162658815e+00,8.871474304900129226e+00,2.700000000000000178e+00
2.103130886755984474e-01,8.924755460672487928e+00,2.240736557158580222e+00,8.885982635508943517e+00,1.500017040023749360e+00,8.871474307123476066e+00,2.700000000000000178e+00
2.105130886755986475e-01,8.924755462604437639e+00,2.239173379771777217e+00,8.885989956233053988e+00,1.500017016962146954e+00,8.871474309340539932e+00,2.700000000000000178e+00
2.107130886755988475e-01,8.924755464530758076e+00,2.237613769720270707e+00,8.885997256207815553e+00,1.500016993977169477e+00,8.871474311551324377e+00,2.700000000000000178e+00
2.109130886755990475e-01,8.924755466451495423e+00,2.236057718864311372e+00,8.886004535502362245e+00,1.500016971068816929e+00,8.871474313755866703e+00,2.700000000000000178e+00
2.111130886755992475e-01,8.924755468366710076e+00,2.234505219079835570e+00,8.886011794185627366e+00,1.500016948235952441e+00,8.871474315954248624e+00,2.700000000000000178e+00
2.113130886755994475e-01,8.924755470276338087e+00,2.232956262263500857e+00,8.886019032326055722e+00,1.500016925479258134e+00,8.871474318146391980e+00,2.700000000000000178e+00
2.115130886755996475e-01,8.924755472180398996e+00,2.231410840330005030e+00,8.886026249991946457e+00,1.500016902798051888e+00,8.871474320332328745e+00,2.700000000000000178e+00
2.117130886755998476e-01,8.924755474079010042e+00,2.229868945212794440e+00,8.886033447251366013e+00,1.500016880191651580e+00,8.871474322512169053e+00,2.700000000000000178e+00
2.119130886756000476e-01,8.924755475972046881e+00,2.228330568863219341e+00,8.886040624171940294e+00,1.500016857659147718e+00,8.871474324685793889e+00,2.700000000000000178e+00
2.121130886756002476e-01,8.924755477859703134e+00,2.226795703251529535e+00,8.886047780821234809e+00,1.500016835203041410e+00,8.871474326853395098e+00,2.700000000000000178e+00
2.123130886756004476e-01,8.924755479741794062e+00,2.225264340366253979e+00,8.886054917266266173e+00,1.500016812819467305e+00,8.871474329014793270e+00,2.700000000000000178e+00
2.125130886756006476e-01,8.924755481618610986e+00,2.223736472213266868e+00,8.886062033574178898e+00,1.500016790511153886e+00,8.871474331170276173e+00,2.700000000000000178e+00
2.127130886756008477e-01,8.924755483489857255e+00,2.222212090817974328e+00,8.886069129811286160e+00,1.500016768276054790e+00,8.871474333319561367e+00,2.700000000000000178e+00
2.129130886756010477e-01,8.924755485355731821e+00,2.220691188223566925e+00,8.886076206044139170e+00,1.500016746112578403e+00,8.871474335462828265e+00,2.700000000000000178e+00
2.131130886756012477e-01,8.924755487216298633e+00,2.219173756491048977e+00,8.886083262338830835e+00,1.500016724023453207e+00,8.871474337600163906e+00,2.700000000000000178e+00
2.133130886756014477e-01,8.924755489071429793e+00,2.217659787698935236e+00,8.886090298761081030e+00,1.500016702006860214e+00,8.871474339731427960e+00,2.700000000000000178e+00
2.135130886756016477e-01,8.924755490921262080e+00,2.216149273947193965e+00,8.886097315376485284e+00,1.500016680063708918e+00,8.871474341856762535e+00,2.700000000000000178e+00
2.137130886756018477e-01,8.924755492765758191e+00,2.214642207348520575e+00,8.886104312250374448e+00,1.500016658190361341e+00,8.871474343976128552e+00,2.700000000000000178e+00
2.139130886756020478e-01,8.924755494604983852e+00,2.213138580037570247e+00,8.886111289447697459e+00,1.500016636390455460e+00,8.871474346089604168e+00,2.700000000000000178e+00
2.141130886756022478e-01,8.924755496438894653e+00,2.211638384166081384e+00,8.886118247033254036e+00,1.500016614661262793e+00,8.871474348197132542e+00,2.700000000000000178e+00
2.143130886756024478e-01,8.924755498267559872e+00,2.210141611902708192e+00,8.886125185071515276e+00,1.500016593004829701e+00,8.871474350298793610e+00,2.700000000000000178e+00
2.145130886756026478e-01,8.924755500090988392e+00,2.208648255434127794e+00,8.886132103626765755e+00,1.500016571418882450e+00,8.871474352394599805e+00,2.700000000000000178e+00
2.147130886756028478e-01,8.924755501909107380e+00,2.207158306965693040e+00,8.886139002762872607e+00,1.500016549901602048e+00,8.871474354484464087e+00,2.700000000000000178e+00
2.149130886756030479e-01,8.924755503722057171e+00,2.205671758721596820e+00,8.886145882543651453e+00,1.500016528456626475e+00,8.871474356568549879e+00,2.700000000000000178e+00
2.151130886756032479e-01,8.924755505529827104e+00,2.204188602941009822e+00,8.886152743032541323e+00,1.500016507081909367e+00,8.871474358646825209e+00,2.700000000000000178e+00
2.153130886756034479e-01,8.924755507332436721e+00,2.202708831881471596e+00,8.886159584292764535e+00,1.500016485776768604e+00,8.871474360719334484e+00,2.700000000000000178e+00
2.155130886756036479e-01,8.924755509129829179e+00,2.201232437819597987e+00,8.886166406387241423e+00,1.500016464540294692e+00,8.871474362786004875e+00,2.700000000000000178e+00
2.157130886756038479e-01,8.924755510922093293e+00,2.199759413049382051e+00,8.886173209378680937e+00,1.500016443373624497e+00,8.871474364846925198e+00,2.700000000000000178e+00
2.159130886756040479e-01,8.924755512709269922e+00,2.198289749881629174e+00,8.886179993329591298e+00,1.500016422275621153e+00,8.871474366902154074e+00,2.700000000000000178e+00
2.161130886756042480e-01,8.924755514491288011e+00,2.196823440644701808e+00,8.886186758302061506e+00,1.500016401246284659e+00,8.871474368951611567e+00,2.700000000000000178e+00
2.163130886756044480e-01,8.924755516268289668e+00,2.195360477685344591e+00,8.886193504358161022e+00,1.500016380286751883e+00,8.871474370995439784e+00,2.700000000000000178e+00
2.165130886756046480e-01,8.924755518040226931e+00,2.193900853366280934e+00,8.886200231559586271e+00,1.500016359394066967e+00,8.871474373033594318e+00,2.700000000000000178e+00
2.167130886756048480e-01,8.924755519806996773e+00,2.192444560069395365e+00,8.886206939967602025e+00,1.500016338569594154e+00,8.871474375065973916e+00,2.700000000000000178e+00
2.169130886756050480e-01,8.924755521568785710e+00,2.190991590192944205e+00,8.886213629643638257e+00,1.500016317812196576e+00,8.871474377092770425e+00,2.700000000000000178e+00
2.171130886756052480e-01,8.924755523325559992e+00,2.189541936151973012e+00,8.886220300648597359e+00,1.500016297121874231e+00,8.871474379113937658e+00,2.700000000000000178e+00
2.173130886756054481e-01,8.924755525077337381e+00,2.188095590380271016e+00,8.886226953043200538e+00,1.500016276499991363e+00,8.871474381129511144e+00,2.700000000000000178e+00
2.175130886756056481e-01,8.924755526824172946e+00,2.186652545329059283e+00,8.886233586887968272e+00,1.500016255944046861e+00,8.871474383139540620e+00,2.700000000000000178e+00
2.177130886756058481e-01,8.924755528565988527e+00,2.185212793464604175e+00,8.886240202243040898e+00,1.500016235455632341e+00,8.871474385143949704e+00,2.700000000000000178e+00
2.179130886756060481e-01,8.924755530302851625e+00,2.183776327272322515e+00,8.886246799168487698e+00,1.500016215032701439e+00,8.871474387142802343e+00,2.700000000000000178e+00
2.181130886756062481e-01,8.924755532034788885e+00,2.182343139253441144e+00,8.886253377724107949e+00,1.500016194675708903e+00,8.871474389136135841e+00,2.700000000000000178e+00
2.183130886756064482e-01,8.924755533761786097e+00,2.180913221927569534e+00,8.886259937969340328e+00,1.500016174385109480e+00,8.871474391123932435e+00,2.700000000000000178e+00
2.185130886756066482e-01,8.924755535483912539e+00,2.179486567831012245e+00,8.886266479963609299e+00,1.500016154158856807e+00,8.871474393106259626e+00,2.700000000000000178e+00
2.187130886756068482e-01,8.924755537201153999e+00,2.178063169516171627e+00,8.886273003765875700e+00,1.500016133998769874e+00,8.871474395083108533e+00,2.700000000000000178e+00
2.189130886756070482e-01,8.924755538913473174e+00,2.176643019552615854e+00,8.886279509434944046e+00,1.500016113903484438e+00,8.871474397054448957e+00,2.700000000000000178e+00
2.191130886756072482e-01,8.924755540621035266e+00,2.175226110530018797e+00,8.886285997029533590e+00,1.500016093873682621e+00,8.871474399020431889e+00,2.700000000000000178e+00
2.193130886756074482e-01,8.924755542323662638e+00,2.173812435048875003e+00,8.886292466607857321e+00,1.500016073906863312e+00,8.871474400980893904e+00,2.700000000000000178e+00
2.195130886756076483e-01,8.924755544021573783e+00,2.172401985734035090e+00,8.886298918228195731e+00,1.500016054005072874e+00,8.871474402936048165e+00,2.700000000000000178e+00
2.197130886756078483e-01,8.924755545714631921e+00,2.170994755218333072e+00,8.886305351948342590e+00,1.500016034167629186e+00,8.871474404885763221e+00,2.700000000000000178e+00
2.199130886756080483e-01,8.924755547402941858e+00,2.169590736161075117e+00,8.886311767826040153e+00,1.500016014393395380e+00,8.871474406830147430e+00,2.700000000000000178e+00
2.201130886756082483e-01,8.924755549086407669e+00,2.168189921230369244e+00,8.886318165918634548e+00,1.500015994682826204e+00,8.871474408769104869e+00,2.700000000000000178e+00
2.203130886756084483e-01,8.924755550765135936e+00,2.166792303115853802e+00,8.886324546283436376e+00,1.500015975035239535e+00,8.871474410702736790e+00,2.700000000000000178e+00
2.205130886756086483e-01,8.924755552439144424e+00,2.165397874521383326e+00,8.886330908977448928e+00,1.500015955450862748e+00,8.871474412631068063e+00,2.700000000000000178e+00
2.207130886756088484e-01,8.924755554108422473e+00,2.164006628168622104e+00,8.886337254057425028e+00,1.500015935929241095e+00,8.871474414554086252e+00,2.700000000000000178e+00
2.209130886756090484e-01,8.924755555772994953e+00,2.162618556795582681e+00,8.886343581579943418e+00,1.500015916469465083e+00,8.871474416471825108e+00,2.700000000000000178e+00
2.211130886756092484e-01,8.924755557432895614e+00,2.161233653155972601e+00,8.886349891601309281e+00,1.500015897072216831e+00,8.871474418384311278e+00,2.700000000000000178e+00
2.213130886756094484e-01,8.924755559088076495e+00,2.159851910022222654e+00,8.886356184177618189e+00,1.500015877737268966e+00,8.871474420291496799e+00,2.700000000000000178e+00
2.215130886756096484e-01,8.924755560738670823e+00,2.158473320180559707e+00,8.886362459364839594e+00,1.500015858464394114e+00,8.871474422193523779e+00,2.700000000000000178e+00
2.217130886756098485e-01,8.924755562384570240e+00,2.157097876435168704e+00,8.886368717218545044e+00,1.500015839252910155e+00,8.871474424090285638e+00,2.700000000000000178e+00
2.219130886756100485e-01,8.924755564025819154e+00,2.155725571608205104e+00,8.886374957794242135e+00,1.500015820101680220e+00,8.871474425981819678e+00,2.700000000000000178e+00
2.221130886756102485e-01,8.924755565662474410e+00,2.154356398534452488e+00,8.886381181147202213e+00,1.500015801011613803e+00,8.871474427868191626e+00,2.700000000000000178e+00
2.223130886756104485e-01,8.924755567294582193e+00,2.152990350067925274e+00,8.886387387332449705e+00,1.500015781983165652e+00,8.871474429749445889e+00,2.700000000000000178e+00
2.225130886756106485e-01,8.924755568922078552e+00,2.151627419077622339e+00,8.886393576404737260e+00,1.500015763016563142e+00,8.871474431625516743e+00,2.700000000000000178e+00
2.227130886756108485e-01,8.924755570544977701e+00,2.150267598450152917e+00,8.886399748418700284e+00,1.500015744108168292e+00,8.871474433496421952e+00,2.700000000000000178e+00
2.229130886756110486e-01,8.924755572163338257e+00,2.148910881086817604e+00,8.886405903428741482e+00,1.500015725260482213e+00,8.871474435362229016e+00,2.700000000000000178e+00
2.231130886756112486e-01,8.924755573777195750e+00,2.147557259905997995e+00,8.886412041489036184e+00,1.500015706473959654e+00,8.871474437222962806e+00,2.700000000000000178e+00
2.233130886756114486e-01,8.924755575386521755e+00,2.146206727840993977e+00,8.886418162653589192e+00,1.500015687745190007e+00,8.871474439078602003e+00,2.700000000000000178e+00
2.235130886756116486e-01,8.924755576991323380e+00,2.144859277843552015e+00,8.886424266976060693e+00,1.500015669077583880e+00,8.871474440929155492e+00,2.700000000000000178e+00
2.237130886756118486e-01,8.924755578591645033e+00,2.143514902879788409e+00,8.886430354510093110e+00,1.500015650467275918e+00,8.871474442774665903e+00,2.700000000000000178e+00
2.239130886756120487e-01,8.924755580187463622e+00,2.142173595931728514e+00,8.886436425308941622e+00,1.500015631916767234e+00,8.871474444615115473e+00,2.700000000000000178e+00
2.241130886756122487e-01,8.924755581778875069e+00,2.140835349997989301e+00,8.886442479425882723e+00,1.500015613425148331e+00,8.871474446450600126e+00,2.700000000000000178e+00
2.243130886756124487e-01,8.924755583365776346e+00,2.139500158094289173e+00,8.886448516913711515e+00,1.500015594991737089e+00,8.871474448281022163e+00,2.700000000000000178e+00
2.245130886756126487e-01,8.924755584948266929e+00,2.138168013250179911e+00,8.886454537825207112e+00,1.500015576617443003e+00,8.871474450106465071e+00,2.700000000000000178e+00
2.247130886756128487e-01,8.924755586526400108e+00,2.136838908513828184e+00,8.886460542212990532e+00,1.500015558300674456e+00,8.871474451927007010e+00,2.700000000000000178e+00
2.249130886756130487e-01,8.924755588100042658e+00,2.135512836944318593e+00,8.886466530129224495e+00,1.500015540040976703e+00,8.871474453742500543e+00,2.700000000000000178e+00
2.251130886756132488e-01,8.924755589669318923e+00,2.134189791621958321e+00,8.886472501626142773e+00,1.500015521839259236e+00,8.871474455553078897e+00,2.700000000000000178e+00
2.253130886756134488e-01,8.924755591234230678e+00,2.132869765640181825e+00,8.886478456755627420e+00,1.500015503695522057e+00,8.871474457358734966e+00,2.700000000000000178e+00
2.255130886756136488e-01,8.924755592794829440e+00,2.131552752109049820e+00,8.886484395569453909e+00,1.500015485609310417e+00,8.871474459159536252e+00,2.700000000000000178e+00
2.257130886756138488e-01,8.924755594350997967e+00,2.130238744152813890e+00,8.886490318119083298e+00,1.500015467577895834e+00,8.871474460955351304e+00,2.700000000000000178e+00
2.259130886756140488e-01,8.924755595902896133e+00,2.128927734913565573e+00,8.886496224455875392e+00,1.500015449605371032e+00,8.871474462746355982e+00,2.700000000000000178e+00
2.261130886756142488e-01,8.924755597450493738e+00,2.127619717547757805e+00,8.886502114630989269e+00,1.500015431689462275e+00,8.871474464532511206e+00,2.700000000000000178e+00
2.263130886756144489e-01,8.924755598993725059e+00,2.126314685228012369e+00,8.886507988695319327e+00,1.500015413828350574e+00,8.871474466313756579e+00,2.700000000000000178e+00
2.265130886756146489e-01,8.924755600532691346e+00,2.125012631142597197e+00,8.886513846699598318e+00,1.500015396024309666e+00,8.871474468090191579e+00,2.700000000000000178e+00
2.267130886756148489e-01,8.924755602067431681e+00,2.123713548494160275e+00,8.886519688694480834e+00,1.500015378275975308e+00,8.871474469861860612e+00,2.700000000000000178e+00
2.269130886756150489e-01,8.924755603597834153e+00,2.122417430501158275e+00,8.886525514730168496e+00,1.500015360583574875e+00,8.871474471628651770e+00,2.700000000000000178e+00
2.271130886756152489e-01,8.924755605123992908e+00,2.121124270398925038e+00,8.886531324856925096e+00,1.500015342945971497e+00,8.871474473390657423e+00,2.700000000000000178e+00
2.273130886756154490e-01,8.924755606646010975e+00,2.119834061437753547e+00,8.886537119124817252e+00,1.500015325362710428e+00,8.871474475147982375e+00,2.700000000000000178e+00
2.275130886756156490e-01,8.924755608163721377e+00,2.118546796882359917e+00,8.886542897583391110e+00,1.500015307836520151e+00,8.871474476900461426e+00,2.700000000000000178e+00
2.277130886756158490e-01,8.924755609677283985e+00,2.117262470012663211e+00,8.886548660282468148e+00,1.500015290364899556e+00,8.871474478648265105e+00,2.700000000000000178e+00
2.279130886756160490e-01,8.924755611186620641e+00,2.115981074125277583e+00,8.886554407271315625e+00,1.500015272947393896e+00,8.871474480391299267e+00,2.700000000000000178e+00
2.281130886756162490e-01,8.924755612691779305e+00,2.114702602532164910e+00,8.886560138599220338e+00,1.500015255583321050e+00,8.871474482129626082e+00,2.700000000000000178e+00
2.283130886756164490e-01,8.924755614192818598e+00,2.113427048558696786e+00,8.886565854315234603e+00,1.500015238274727380e+00,8.871474483863297067e+00,2.700000000000000178e+00
2.285130886756166491e-01,8.924755615689626609e+00,2.112154405547943092e+00,8.886571554468096323e+00,1.500015221020248646e+00,8.871474485592218073e+00,2.700000000000000178e+00
2.287130886756168491e-01,8.924755617182352552e+00,2.110884666856545522e+00,8.886577239106594917e+00,1.500015203818975351e+00,8.871474487316513446e+00,2.700000000000000178e+00
2.289130886756170491e-01,8.924755618670939583e+00,2.109617825856282103e+00,8.886582908279157422e+00,1.500015186670225376e+00,8.871474489036147659e+00,2.700000000000000178e+00
2.291130886756172491e-01,8.924755620155416125e+00,2.108353875934422028e+00,8.886588562034090089e+00,1.500015169576954577e+00,8.871474490751142028e+00,2.700000000000000178e+00
2.293130886756174491e-01,8.924755621635801717e+00,2.107092810494019197e+00,8.886594200419484224e+00,1.500015152535979723e+00,8.871474492461517869e+00,2.700000000000000178e+00
2.295130886756176491e-01,8.924755623112101688e+00,2.105834622950804036e+00,8.886599823483301464e+00,1.500015135548437684e+00,8.871474494167287617e+00,2.700000000000000178e+00
2.297130886756178492e-01,8.924755624584346236e+00,2.104579306739238653e+00,8.886605431273313371e+00,1.500015118613646337e+00,8.871474495868474364e+00,2.700000000000000178e+00
2.299130886756180492e-01,8.924755626052524704e+00,2.103326855305716059e+00,8.886611023837067691e+00,1.500015101729786693e+00,8.871474497565074557e+00,2.700000000000000178e+00
2.301130886756182492e-01,8.924755627516661960e+00,2.102077262114025569e+00,8.886616601221971834e+00,1.500015084899359863e+00,8.871474499257109514e+00,2.700000000000000178e+00
2.303130886756184492e-01,8.924755628976786426e+00,2.100830520640189825e+00,8.886622163475200509e+00,1.500015068123275341e+00,8.871474500944614761e+00,2.700000000000000178e+00
2.305130886756186492e-01,8.924755630432834153e+00,2.099586624374933042e+00,8.886627710643820066e+00,1.500015051396303534e+00,8.871474502627522796e+00,2.700000000000000178e+00
2.307130886756188493e-01,8.924755631884908169e+00,2.098345566826780306e+00,8.886633242774731656e+00,1.500015034721855045e+00,8.871474504305940201e+00,2.700000000000000178e+00
2.309130886756190493e-01,8.924755633333012028e+00,2.097107341516478485e+00,8.886638759914593066e+00,1.500015018099929875e+00,8.871474505979865199e+00,2.700000000000000178e+00
2.311130886756192493e-01,8.924755634777092439e+00,2.095871941983367570e+00,8.886644262109896886e+00,1.500015001527799541e+00,8.871474507649255159e+00,2.700000000000000178e+00
2.313130886756194493e-01,8.924755636217238219e+00,2.094639361775862518e+00,8.886649749406991816e+00,1.500014985009102020e+00,8.871474509314198897e+00,2.700000000000000178e+00
2.315130886756196493e-01,8.924755637653452922e+00,2.093409594461102419e+00,8.886655221852123532e+00,1.500014968539744586e+00,8.871474510974694638e+00,2.700000000000000178e+00
2.317130886756198493e-01,8.924755639085656611e+00,2.092182633620367493e+00,8.886660679491141579e+00,1.500014952121773604e+00,8.871474512630667775e+00,2.700000000000000178e+00
2.319130886756200494e-01,8.924755640514014488e+00,2.090958472849132388e+00,8.886666122370037613e+00,1.500014935754052203e+00,8.871474514282287060e+00,2.700000000000000178e+00
2.321130886756202494e-01,8.924755641938345363e+00,2.089737105757135449e+00,8.886671550534254393e+00,1.500014919436807759e+00,8.871474515929364202e+00,2.700000000000000178e+00
2.323130886756204494e-01,8.924755643358917467e+00,2.088518525968327211e+00,8.886676964029520676e+00,1.500014903170949765e+00,8.871474517572179863e+00,2.700000000000000178e+00
2.325130886756206494e-01,8.924755644775514085e+00,2.087302727123001134e+00,8.886682362900963028e+00,1.500014886954659232e+00,8.871474519210515552e+00,2.700000000000000178e+00
2.327130886756208494e-01,8.924755646188218705e+00,2.086089702873709317e+00,8.886687747193768416e+00,1.500014870787481414e+00,8.871474520844440548e+00,2.700000000000000178e+00
2.329130886756210495e-01,8.924755647597084618e+00,2.084879446889398746e+00,8.886693116952969262e+00,1.500014854670780551e+00,8.871474522474033009e+00,2.700000000000000178e+00
2.331130886756212495e-01,8.924755649002065638e+00,2.083671952852248932e+00,8.886698472223288903e+00,1.500014838603647149e+00,8.871474524099232539e+00,2.700000000000000178e+00
2.333130886756214495e-01,8.924755650403218610e+00,2.082467214459290172e+00,8.886703813049440015e+00,1.500014822585853835e+00,8.871474525720099535e+00,2.700000000000000178e+00
2.335130886756216495e-01,8.924755651800589717e+00,2.081265225422678000e+00,8.886709139475948760e+00,1.500014806616945862e+00,8.871474527336687288e+00,2.700000000000000178e+00
2.337130886756218495e-01,8.924755653194138105e+00,2.080065979467539350e+00,8.886714451547025106e+00,1.500014790698060096e+00,8.871474528948947835e+00,2.700000000000000178e+00
2.339130886756220495e-01,8.924755654583847786e+00,2.078869470334361758e+00,8.886719749306838168e+00,1.500014774827604924e+00,8.871474530556877625e+00,2.700000000000000178e+00
2.341130886756222496e-01,8.924755655969736523e+00,2.077675691776317723e+00,8.886725032799368762e+00,1.500014759005352971e+00,8.871474532160480209e+00,2.700000000000000178e+00
2.343130886756224496e-01,8.924755657351871818e+00,2.076484637563497326e+00,8.886730302068523102e+00,1.500014743230622116e+00,8.871474533759837300e+00,2.700000000000000178e+00
2.345130886756226496e-01,8.924755658730246566e+00,2.075296301477988159e+00,8.886735557157878773e+00,1.500014727505913470e+00,8.871474535354938240e+00,2.700000000000000178e+00
2.347130886756228496e-01,8.924755660104890964e+00,2.074110677316765017e+00,8.886740798111018691e+00,1.500014711828271174e+00,8.871474536945809675e+00,2.700000000000000178e+00
2.349130886756230496e-01,8.924755661475742841e+00,2.072927758891791150e+00,8.886746024971195368e+00,1.500014696198377351e+00,8.871474538532398313e+00,2.700000000000000178e+00
2.351130886756232496e-01,8.924755662842889237e+00,2.071747540027523371e+00,8.886751237781634671e+00,1.500014680617823615e+00,8.871474540114785867e+00,2.700000000000000178e+00
2.353130886756234497e-01,8.924755664206307060e+00,2.070570014563450023e+00,8.886756436585367069e+00,1.500014665082744614e+00,8.871474541692959903e+00,2.700000000000000178e+00
2.355130886756236497e-01,8.924755665566014073e+00,2.069395176353622912e+00,8.886761621425240065e+00,1.500014649597460448e+00,8.871474543266931079e+00,2.700000000000000178e+00
2.357130886756238497e-01,8.924755666922029818e+00,2.068223019264799678e+00,8.886766792344003463e+00,1.500014634156514148e+00,8.871474544836711829e+00,2.700000000000000178e+00
2.359130886756240497e-01,8.924755668274354292e+00,2.067053537179491585e+00,8.886771949384133507e+00,1.500014618765362684e+00,8.871474546402323469e+00,2.700000000000000178e+00
2.361130886756242497e-01,8.924755669622983945e+00,2.065886723991026130e+00,8.886777092588086902e+00,1.500014603419913328e+00,8.871474547963751789e+00,2.700000000000000178e+00
2.363130886756244498e-01,8.924755670967973842e+00,2.064722573611450507e+00,8.886782221998103637e+00,1.500014588119711334e+00,8.871474549521050079e+00,2.700000000000000178e+00
2.365130886756246498e-01,8.924755672309322208e+00,2.063561079961782063e+00,8.886787337656249619e+00,1.500014572868849427e+00,8.871474551074230774e+00,2.700000000000000178e+00
2.367130886756248498e-01,8.924755673647023713e+00,2.062402236980299897e+00,8.886792439604493055e+00,1.500014557662098014e+00,8.871474552623274334e+00,2.700000000000000178e+00
2.369130886756250498e-01,8.924755674981108555e+00,2.061246038618210541e+00,8.886797527884565895e+00,1.500014542503322446e+00,8.871474554168218063e+00,2.700000000000000178e+00
2.371130886756252498e-01,8.924755676311487917e+00,2.060092478839058661e+00,8.886802602538054430e+00,1.500014527388429997e+00,8.871474555708983800e+00,2.700000000000000178e+00
2.373130886756254498e-01,8.924755677638389173e+00,2.058941551623242994e+00,8.886807663606612451e+00,1.500014512321286020e+00,8.871474557245782933e+00,2.700000000000000178e+00
2.375130886756256499e-01,8.924755678961600935e+00,2.057793250961420739e+00,8.886812711131357290e+00,1.500014497298479910e+00,8.871474558778412955e+00,2.700000000000000178e+00
2.377130886756258499e-01,8.924755680281279524e+00,2.056647570860170138e+00,8.886817745153591019e+00,1.500014482322512777e+00,8.871474560307033741e+00,2.700000000000000178e+00
2.379130886756260499e-01,8.924755681597410728e+00,2.055504505339058596e+00,8.886822765714294192e+00,1.500014467392475126e+00,8.871474561831632855e+00,2.700000000000000178e+00
2.381130886756262499e-01,8.924755682909975008e+00,2.054364048432127721e+00,8.886827772854369201e+00,1.500014452507002716e+00,8.871474563352190756e+00,2.700000000000000178e+00
2.383130886756264499e-01,8.924755684218956375e+00,2.053226194184843756e+00,8.886832766614476853e+00,1.500014437666322920e+00,8.871474564868684354e+00,2.700000000000000178e+00
2.385130886756266499e-01,8.924755685524415227e+00,2.052090936658398146e+00,8.886837747035290391e+00,1.500014422869753616e+00,8.871474566381186477e+00,2.700000000000000178e+00
2.387130886756268500e-01,8.924755686826241430e+00,2.050958269926389299e+00,8.886842714157111800e+00,1.500014408117294806e+00,8.871474567889579887e+00,2.700000000000000178e+00
2.389130886756270500e-01,8.924755688124704989e+00,2.049828188077508440e+00,8.886847668020415369e+00,1.500014393411220226e+00,8.871474569394139920e+00,2.700000000000000178e+00
2.391130886756272500e-01,8.924755689419605176e+00,2.048700685212446082e+00,8.886852608665174458e+00,1.500014378749028765e+00,8.871474570894667622e+00,2.700000000000000178e+00
2.393130886756274500e-01,8.924755690711011269e+00,2.047575755445390833e+00,8.886857536131449464e+00,1.500014364131402544e+00,8.871474572391230495e+00,2.700000000000000178e+00
2.395130886756276500e-01,8.924755691998958795e+00,2.046453392904499680e+00,8.886862450459110718e+00,1.500014349557659443e+00,8.871474573883867620e+00,2.700000000000000178e+00
2.397130886756278501e-01,8.924755693283371372e+00,2.045333591731572476e+00,8.886867351687779859e+00,1.500014335027344714e+00,8.871474575372502613e+00,2.700000000000000178e+00
2.399130886756280501e-01,8.924755694564392883e+00,2.044216346081436875e+00,8.886872239857144251e+00,1.500014320541140478e+00,8.871474576857277583e+00,2.700000000000000178e+00
2.401130886756282501e-01,8.924755695841922076e+00,2.043101650120567658e+00,8.886877115006537764e+00,1.500014306098137240e+00,8.871474578338098382e+00,2.700000000000000178e+00
2.403130886756284501e-01,8.924755697116033559e+00,2.041989498032219075e+00,8.886881977175276504e+00,1.500014291698562374e+00,8.871474579815034289e+00,2.700000000000000178e+00
2.405130886756286501e-01,8.924755698386656277e+00,2.040879884009906498e+00,8.886886826402403017e+00,1.500014277342870628e+00,8.871474581288021355e+00,2.700000000000000178e+00
2.407130886756288501e-01,8.924755699653964314e+00,2.039772802262328710e+00,8.886891662727098407e+00,1.500014263030834627e+00,8.871474582757235439e+00,2.700000000000000178e+00
2.409130886756290502e-01,8.924755700917748058e+00,2.038668247010112289e+00,8.886896486188019750e+00,1.500014248760862756e+00,8.871474584222458049e+00,2.700000000000000178e+00
2.411130886756292502e-01,8.924755702178252648e+00,2.037566212487673667e+00,8.886901296824065710e+00,1.500014234534091884e+00,8.871474585683939651e+00,2.700000000000000178e+00
2.413130886756294502e-01,8.924755703435266696e+00,2.036466692942849210e+00,8.886906094673671319e+00,1.500014220348703020e+00,8.871474587141475965e+00,2.700000000000000178e+00
2.415130886756296502e-01,8.924755704688962510e+00,2.035369682635670419e+00,8.886910879775356875e+00,1.500014206207652023e+00,8.871474588595237520e+00,2.700000000000000178e+00
2.417130886756298502e-01,8.924755705939269035e+00,2.034275175839539873e+00,8.886915652167377999e+00,1.500014192108665156e+00,8.871474590045153263e+00,2.700000000000000178e+00
2.419130886756300503e-01,8.924755707186275089e+00,2.033183166843441914e+00,8.886920411887981430e+00,1.500014178051515046e+00,8.871474591491310235e+00,2.700000000000000178e+00
2.421130886756302503e-01,8.924755708429850998e+00,2.032093649946054459e+00,8.886925158975044425e+00,1.500014164036656439e+00,8.871474592933584091e+00,2.700000000000000178e+00
2.423130886756304503e-01,8.924755709670128212e+00,2.031006619458397555e+00,8.886929893466605890e+00,1.500014150063179841e+00,8.871474594372104505e+00,2.700000000000000178e+00
2.425130886756306503e-01,8.924755710907101403e+00,2.029922069706489030e+00,8.886934615400376103e+00,1.500014136132676867e+00,8.871474595806873253e+00,2.700000000000000178e+00
2.427130886756308503e-01,8.924755712140740371e+00,2.028839995032319710e+00,8.886939324813944552e+00,1.500014122242873782e+00,8.871474597237847703e+00,2.700000000000000178e+00
2.429130886756310503e-01,8.924755713371069987e+00,2.027760389784043493e+00,8.886944021744858091e+00,1.500014108393543211e+00,8.871474598665068712e+00,2.700000000000000178e+00
2.431130886756312504e-01,8.924755714598104461e+00,2.026683248328082776e+00,8.886948706230402451e+00,1.500014094587413638e+00,8.871474600088543383e+00,2.700000000000000178e+00
2.433130886756314504e-01,8.924755715821850899e+00,2.025608565041257858e+00,8.886953378307858031e+00,1.500014080821756579e+00,8.871474601508278823e+00,2.700000000000000178e+00
2.435130886756316504e-01,8.924755717042367920e+00,2.024536334314619879e+00,8.886958038014315164e+00,1.500014067097481529e+00,8.871474602924342534e+00,2.700000000000000178e+00
2.437130886756318504e-01,8.924755718259611115e+00,2.023466550550113041e+00,8.886962685386706085e+00,1.500014053414588489e+00,8.871474604336686554e+00,2.700000000000000178e+00
2.439130886756320504e-01,8.924755719473537852e+00,2.022399208163557560e+00,8.886967320461847564e+00,1.500014039770348973e+00,8.871474605745266473e+00,2.700000000000000178e+00
2.441130886756322504e-01,8.924755720684290239e+00,2.021334301583553206e+00,8.886971943276478214e+00,1.500014026167718839e+00,8.871474607150226177e+00,2.700000000000000178e+00
2.443130886756324505e-01,8.924755721891743931e+00,2.020271825252537123e+00,8.886976553867100392e+00,1.500014012605788594e+00,8.871474608551444874e+00,2.700000000000000178e+00
2.445130886756326505e-01,8.924755723096055249e+00,2.019211773623848849e+00,8.886981152270243101e+00,1.500013999085012983e+00,8.871474609949077106e+00,2.700000000000000178e+00
2.447130886756328505e-01,8.924755724297089188e+00,2.018154141162801452e+00,8.886985738522117373e+00,1.500013985603118272e+00,8.871474611342987870e+00,2.700000000000000178e+00
2.449130886756330505e-01,8.924755725494932790e+00,2.017098922350361700e+00,8.886990312658962665e+00,1.500013972161696074e+00,8.871474612733273091e+00,2.700000000000000178e+00
2.451130886756332505e-01,8.924755726689573621e+00,2.016046111677968433e+00,8.886994874716812376e+00,1.500013958759382149e+00,8.871474614119920332e+00,2.700000000000000178e+00
2.453130886756334506e-01,8.924755727881036549e+00,2.014995703649878234e+00,8.886999424731580888e+00,1.500013945397995485e+00,8.871474615502945582e+00,2.700000000000000178e+00
2.455130886756336506e-01,8.924755729069296706e+00,2.013947692782410925e+00,8.887003962739083107e+00,1.500013932074580225e+00,8.871474616882331077e+00,2.700000000000000178e+00
2.457130886756338506e-01,8.924755730254480213e+00,2.012902073606352538e+00,8.887008488775041570e+00,1.500013918792774348e+00,8.871474618258202938e+00,2.700000000000000178e+00
2.459130886756340506e-01,8.924755731436407657e+00,2.011858840662094305e+00,8.887013002874855516e+00,1.500013905549621995e+00,8.871474619630387082e+00,2.700000000000000178e+00
2.461130886756342506e-01,8.924755732615235360e+00,2.010817988505670062e+00,8.887017505074098267e+00,1.500013892344668420e+00,8.871474620999039828e+00,2.700000000000000178e+00
2.463130886756344506e-01,8.924755733790968648e+00,2.009779511703313482e+00,8.887021995408007413e+00,1.500013879181324228e+00,8.871474622364157625e+00,2.700000000000000178e+00
2.465130886756346507e-01,8.924755734963515152e+00,2.008743404833959634e+00,8.887026473911717517e+00,1.500013866054814571e+00,8.871474623725662312e+00,2.700000000000000178e+00
2.467130886756348507e-01,8.924755736132976125e+00,2.007709662488995406e+00,8.887030940620338271e+00,1.500013852967413186e+00,8.871474625083640930e+00,2.700000000000000178e+00
2.469130886756350507e-01,8.924755737299296499e+00,2.006678279272749776e+00,8.887035395568766205e+00,1.500013839917528458e+00,8.871474626438057953e+00,2.700000000000000178e+00
2.471130886756352507e-01,8.924755738462478050e+00,2.005649249800322664e+00,8.887039838791753965e+00,1.500013826907206749e+00,8.871474627788900946e+00,2.700000000000000178e+00
2.473130886756354507e-01,8.924755739622639794e+00,2.004622568702656427e+00,8.887044270324098605e+00,1.500013813935311191e+00,8.871474629136301360e+00,2.700000000000000178e+00
2.475130886756356507e-01,8.924755740779703572e+00,2.003598230619207499e+00,8.887048690200268553e+00,1.500013801001841784e+00,8.871474630480172152e+00,2.700000000000000178e+00
2.477130886756358508e-01,8.924755741933680042e+00,2.002576230202933960e+00,8.887053098454721578e+00,1.500013788106798529e+00,8.871474631820527534e+00,2.700000000000000178e+00
2.479130886756360508e-01,8.924755743084695325e+00,2.001556562119390481e+00,8.887057495121888806e+00,1.500013775249954051e+00,8.871474633157500733e+00,2.700000000000000178e+00
2.481130886756362508e-01,8.924755744232552246e+00,2.000539221045493310e+00,8.887061880235767930e+00,1.500013762428579867e+00,8.871474634490891020e+00,2.700000000000000178e+00
2.483130886756364508e-01,8.924755745377400018e+00,1.999524201671261103e+00,8.887066253830537832e+00,1.500013749647678196e+00,8.871474635820844057e+00,2.700000000000000178e+00
2.485130886756366508e-01,8.924755746519219102e+00,1.998511498698231525e+00,8.887070615940189100e+00,1.500013736903383688e+00,8.871474637147350961e+00,2.700000000000000178e+00
2.487130886756368509e-01,8.924755747657998839e+00,1.997501106839765450e+00,8.887074966598536463e+00,1.500013724195923714e+00,8.871474638470392193e+00,2.700000000000000178e+00
2.489130886756370509e-01,8.924755748793778309e+00,1.996493020821994868e+00,8.887079305839279186e+00,1.500013711526662519e+00,8.871474639790019268e+00,2.700000000000000178e+00
2.491130886756372509e-01,8.924755749926562842e+00,1.995487235382580549e+00,8.887083633696066798e+00,1.500013698895145353e+00,8.871474641106223302e+00,2.700000000000000178e+00
2.493130886756374509e-01,8.924755751056302699e+00,1.994483745272883413e+00,8.887087950202342768e+00,1.500013686298871107e+00,8.871474642418975876e+00,2.700000000000000178e+00
2.495130886756376509e-01,8.924755752183083146e+00,1.993482545253297822e+00,8.887092255391488393e+00,1.500013673741250386e+00,8.871474643728340936e+00,2.700000000000000178e+00
2.497130886756378509e-01,8.924755753306888195e+00,1.992483630096803182e+00,8.887096549296810366e+00,1.500013661220236827e+00,8.871474645034313156e+00,2.700000000000000178e+00
2.499130886756380510e-01,8.924755754427662779e+00,1.991486994590544013e+00,8.887100831951395108e+00,1.500013648733556693e+00,8.871474646336846348e+00,2.700000000000000178e+00
2.501130886756382510e-01,8.924755755545545455e+00,1.990492633531266264e+00,8.887105103388341476e+00,1.500013636285302709e+00,8.871474647636068411e+00,2.700000000000000178e+00
2.503130886756384510e-01,8.924755756660497141e+00,1.989500541729447125e+00,8.887109363640503190e+00,1.500013623874565383e+00,8.871474648931945595e+00,2.700000000000000178e+00
2.505130886756386510e-01,8.924755757772462772e+00,1.988510714005235602e+00,8.887113612740693114e+00,1.500013611498388855e+00,8.871474650224421055e+00,2.700000000000000178e+00
2.507130886756388510e-01,8.924755758881476098e+00,1.987523145192717555e+00,8.887117850721582002e+00,1.500013599158364741e+00,8.871474651513537424e+00,2.700000000000000178e+00
2.509130886756390511e-01,8.924755759987581527e+00,1.986537830135812310e+00,8.887122077615744686e+00,1.500013586855857284e+00,8.871474652799335558e+00,2.700000000000000178e+00
2.511130886756392511e-01,8.924755761090791495e+00,1.985554763692492175e+00,8.887126293455683168e+00,1.500013574588365373e+00,8.871474654081822564e+00,2.700000000000000178e+00
2.513130886756394511e-01,8.924755762191074027e+00,1.984573940731534814e+00,8.887130498273698720e+00,1.500013562356798502e+00,8.871474655360977124e+00,2.700000000000000178e+00
2.515130886756396511e-01,8.924755763288485966e+00,1.983595356131571341e+00,8.887134692102092615e+00,1.500013550160929299e+00,8.871474656636854306e+00,2.700000000000000178e+00
2.517130886756398511e-01,8.924755764382950929e+00,1.982619004785947103e+00,8.887138874972873026e+00,1.500013538000985136e+00,8.871474657909368844e+00,2.700000000000000178e+00
2.519130886756400511e-01,8.924755765474589708e+00,1.981644881597317776e+00,8.887143046918176026e+00,1.500013525876511267e+00,8.871474659178657518e+00,2.700000000000000178e+00
2.521130886756402512e-01,8.924755766563309933e+00,1.980672981481109041e+00,8.887147207969837481e+00,1.500013513785233954e+00,8.871474660444624405e+00,2.700000000000000178e+00
2.523130886756404512e-01,8.924755767649219962e+00,1.979703299363365865e+00,8.887151358159687931e+00,1.500013501732155419e+00,8.871474661707368981e+00,2.700000000000000178e+00
2.525130886756406512e-01,8.924755768732255845e+00,1.978735830182822397e+00,8.887155497519438896e+00,1.500013489711591319e+00,8.871474662966839730e+00,2.700000000000000178e+00
2.527130886756408512e-01,8.924755769812399819e+00,1.977770568888913116e+00,8.887159626080538999e+00,1.500013477727407007e+00,8.871474664223017115e+00,2.700000000000000178e+00
2.529130886756410512e-01,8.924755770889715834e+00,1.976807510443980176e+00,8.887163743874555877e+00,1.500013465778010868e+00,8.871474665475961530e+00,2.700000000000000178e+00
2.531130886756412512e-01,8.924755771964244744e+00,1.975846649821274781e+00,8.887167850932895519e+00,1.500013453863402901e+00,8.871474666725722713e+00,2.700000000000000178e+00
2.533130886756414513e-01,8.924755773035913720e+00,1.974887982004071008e+00,8.887171947286699236e+00,1.500013441983810480e+00,8.871474667972217176e+00,2.700000000000000178e+00
2.535130886756416513e-01,8.924755774104784933e+00,1.973931501987975956e+00,8.887176032967198935e+00,1.500013430137414616e+00,8.871474669215519526e+00,2.700000000000000178e+00
2.537130886756418513e-01,8.924755775170828187e+00,1.972977204781398264e+00,8.887180108005402701e+00,1.500013418325352177e+00,8.871474670455596012e+00,2.700000000000000178e+00
2.539130886756420513e-01,8.924755776234080784e+00,1.972025085401904132e+00,8.887184172432229801e+00,1.500013406548532657e+00,8.871474671692482161e+00,2.700000000000000178e+00
2.541130886756422513e-01,8.924755777294576475e+00,1.971075138879905264e+00,8.887188226278576408e+00,1.500013394805137068e+00,8.871474672926217053e+00,2.700000000000000178e+00
2.543130886756424514e-01,8.924755778352247759e+00,1.970127360256427318e+00,8.887192269575036718e+00,1.500013383096757025e+00,8.871474674156729634e+00,2.700000000000000178e+00
2.545130886756426514e-01,8.924755779407208323e+00,1.969181744584343585e+00,8.887196302352389665e+00,1.500013371421573538e+00,8.871474675384144248e+00,2.700000000000000178e+00
2.547130886756428514e-01,8.924755780459310728e+00,1.968238286927957104e+00,8.887200324640986082e+00,1.500013359779586608e+00,8.871474676608301024e+00,2.700000000000000178e+00
2.549130886756430514e-01,8.924755781508759256e+00,1.967296982361474988e+00,8.887204336471388189e+00,1.500013348173069971e+00,8.871474677829411348e+00,2.700000000000000178e+00
2.551130886756432514e-01,8.924755782555420680e+00,1.966357825972406603e+00,8.887208337873799380e+00,1.500013336599067770e+00,8.871474679047340217e+00,2.700000000000000178e+00
2.553130886756434514e-01,8.924755783599319869e+00,1.965420812858075683e+00,8.887212328878442591e+00,1.500013325059171621e+00,8.871474680262124934e+00,2.700000000000000178e+00
2.555130886756436515e-01,8.924755784640495904e+00,1.964485938127273901e+00,8.887216309515444834e+00,1.500013313550880412e+00,8.871474681473785040e+00,2.700000000000000178e+00
2.557130886756438515e-01,8.924755785678982534e+00,1.963553196899833431e+00,8.887220279814808777e+00,1.500013302077377375e+00,8.871474682682375601e+00,2.700000000000000178e+00
2.559130886756440515e-01,8.924755786714667849e+00,1.962622584306993545e+00,8.887224239806343462e+00,1.500013290635706653e+00,8.871474683887770496e+00,2.700000000000000178e+00
2.561130886756442515e-01,8.924755787747717051e+00,1.961694095490261081e+00,8.887228189519992938e+00,1.500013279227459861e+00,8.871474685090147361e+00,2.700000000000000178e+00
2.563130886756444515e-01,8.924755788778057308e+00,1.960767725604697587e+00,8.887232128985347757e+00,1.500013267852409626e+00,8.871474686289419154e+00,2.700000000000000178e+00
2.565130886756446515e-01,8.924755789805725925e+00,1.959843469812899475e+00,8.887236058232037550e+00,1.500013256509646453e+00,8.871474687485644495e+00,2.700000000000000178e+00
2.567130886756448516e-01,8.924755790830674940e+00,1.958921323293227656e+00,8.887239977289510762e+00,1.500013245200534584e+00,8.871474688678762988e+00,2.700000000000000178e+00
2.569130886756450516e-01,8.924755791852936326e+00,1.958001281225924206e+00,8.887243886187203401e+00,1.500013233923027656e+00,8.871474689868808383e+00,2.700000000000000178e+00
2.571130886756452516e-01,8.924755792872524296e+00,1.957083338810164053e+00,8.887247784954402263e+00,1.500013222678489910e+00,8.871474691055796669e+00,2.700000000000000178e+00
2.573130886756454516e-01,8.924755793889485034e+00,1.956167491256965985e+00,8.887251673620321313e+00,1.500013211466466601e+00,8.871474692239772253e+00,2.700000000000000178e+00
2.575130886756456516e-01,8.924755794903765249e+00,1.955253733788118620e+00,8.887255552214027077e+00,1.500013200285820858e+00,8.871474693420694280e+00,2.700000000000000178e+00
2.577130886756458517e-01,8.924755795915482182e+00,1.954342061633675742e+00,8.887259420764584306e+00,1.500013189138144298e+00,8.871474694598667554e+00,2.700000000000000178e+00
2.579130886756460517e-01,8.924755796924509710e+00,1.953432470031641666e+00,8.887263279300794849e+00,1.500013178022072680e+00,8.871474695773573060e+00,2.700000000000000178e+00
2.581130886756462517e-01,8.924755797930853163e+00,1.952524954233450849e+00,8.887267127851455228e+00,1.500013166938060749e+00,8.871474696945412575e+00,2.700000000000000178e+00
2.583130886756464517e-01,8.924755798934619122e+00,1.951619509503467409e+00,8.887270966445369069e+00,1.500013155885199012e+00,8.871474698114303337e+00,2.700000000000000178e+00
2.585130886756466517e-01,8.924755799935800482e+00,1.950716131114978324e+00,8.887274795111142822e+00,1.500013144863942216e+00,8.871474699280227583e+00,2.700000000000000178e+00
2.587130886756468517e-01,8.924755800934374150e+00,1.949814814352430314e+00,8.887278613877226618e+00,1.500013133875654603e+00,8.871474700443169326e+00,2.700000000000000178e+00
2.589130886756470518e-01,8.924755801930325916e+00,1.948915554510088022e+00,8.887282422772065260e+00,1.500013122918289810e+00,8.871474701603112578e+00,2.700000000000000178e+00
2.591130886756472518e-01,8.924755802923657555e+00,1.948018346894600183e+00,8.887286221823959664e+00,1.500013111991165715e+00,8.871474702760067998e+00,2.700000000000000178e+00
2.593130886756474518e-01,8.924755803914452557e+00,1.947123186823243257e+00,8.887290011061185879e+00,1.500013101096328683e+00,8.871474703914103088e+00,2.700000000000000178e+00
2.595130886756476518e-01,8.924755804902590128e+00,1.946230069622321590e+00,8.887293790511785474e+00,1.500013090232187096e+00,8.871474705065116595e+00,2.700000000000000178e+00
2.597130886756478518e-01,8.924755805888302973e+00,1.945338990630167020e+00,8.887297560203991864e+00,1.500013079399650451e+00,8.871474706213334116e+00,2.700000000000000178e+00
2.599130886756480519e-01,8.924755806871310426e+00,1.944449945194026030e+00,8.887301320165498453e+00,1.500013068597809252e+00,8.871474707358471434e+00,2.700000000000000178e+00
2.601130886756482519e-01,8.924755807851859402e+00,1.943562928675346191e+00,8.887305070424361020e+00,1.500013057827118246e+00,8.871474708500780793e+00,2.700000000000000178e+00
2.603130886756484519e-01,8.924755808829786474e+00,1.942677936442536613e+00,8.887308811008212572e+00,1.500013047086440565e+00,8.871474709640095213e+00,2.700000000000000178e+00
2.605130886756486519e-01,8.924755809805319018e+00,1.941794963876320335e+00,8.887312541944890398e+00,1.500013036376685704e+00,8.871474710776650952e+00,2.700000000000000178e+00
2.607130886756488519e-01,8.924755810778165710e+00,1.940914006368183786e+00,8.887316263261705984e+00,1.500013025697171543e+00,8.871474711910151356e+00,2.700000000000000178e+00
2.609130886756490519e-01,8.924755811748598333e+00,1.940035059318850230e+00,8.887319974986379378e+00,1.500013015049717069e+00,8.871474713040873539e+00,2.700000000000000178e+00
2.611130886756492520e-01,8.924755812716405501e+00,1.939158118140601239e+00,8.887323677146090617e+00,1.500013004430911678e+00,8.871474714168606113e+00,2.700000000000000178e+00
2.613130886756494520e-01,8.924755813681782612e+00,1.938283178255095773e+00,8.887327369768371454e+00,1.500012993842801734e+00,8.871474715293537372e+00,2.700000000000000178e+00
2.615130886756496520e-01,8.924755814644594665e+00,1.937410235096263422e+00,8.887331052880224291e+00,1.500012983284705115e+00,8.871474716415541195e+00,2.700000000000000178e+00
2.617130886756498520e-01,8.924755815604967779e+00,1.936539284106477243e+00,8.887334726508921534e+00,1.500012972756167073e+00,8.871474717534750809e+00,2.700000000000000178e+00
2.619130886756500520e-01,8.924755816562820243e+00,1.935670320739904859e+00,8.887338390681396305e+00,1.500012962258324478e+00,8.871474718651068514e+00,2.700000000000000178e+00
2.621130886756502520e-01,8.924755817518207124e+00,1.934803340460864218e+00,8.887342045424638570e+00,1.500012951790040461e+00,8.871474719764561812e+00,2.700000000000000178e+00
2.623130886756504521e-01,8.924755818471165725e+00,1.933938338743408591e+00,8.887345690765494410e+00,1.500012941351769769e+00,8.871474720875262676e+00,2.700000000000000178e+00
2.625130886756506521e-01,8.924755819421656966e+00,1.933075311071941194e+00,8.887349326730722865e+00,1.500012930943512401e+00,8.871474721983133804e+00,2.700000000000000178e+00
2.627130886756508521e-01,8.924755820369590253e+00,1.932214252942499044e+00,8.887352953346880469e+00,1.500012920563676744e+00,8.871474723088095260e+00,2.700000000000000178e+00
2.629130886756510521e-01,8.924755821315164539e+00,1.931355159859553527e+00,8.887356570640722708e+00,1.500012910214081785e+00,8.871474724190338890e+00,2.700000000000000178e+00
2.631130886756512521e-01,8.924755822258271465e+00,1.930498027338217737e+00,8.887360178638672892e+00,1.500012899893363283e+00,8.871474725289754559e+00,2.700000000000000178e+00
2.633130886756514522e-01,8.924755823198925242e+00,1.929642850904539797e+00,8.887363777367113471e+00,1.500012889603112853e+00,8.871474726386363585e+00,2.700000000000000178e+00
2.635130886756516522e-01,8.924755824137124094e+00,1.928789626095489984e+00,8.887367366852368278e+00,1.500012879340602012e+00,8.871474727480155309e+00,2.700000000000000178e+00
2.637130886756518522e-01,8.924755825072956839e+00,1.927938348455945361e+00,8.887370947120766473e+00,1.500012869106967628e+00,8.871474728571229207e+00,2.700000000000000178e+00
2.639130886756520522e-01,8.924755826006368409e+00,1.927089013543305196e+00,8.887374518198344120e+00,1.500012858903346569e+00,8.871474729659528435e+00,2.700000000000000178e+00
2.641130886756522522e-01,8.924755826937349923e+00,1.926241616923211941e+00,8.887378080111183465e+00,1.500012848728147219e+00,8.871474730745045889e+00,2.700000000000000178e+00
2.643130886756524522e-01,8.924755827865945790e+00,1.925396154172682728e+00,8.887381632885297478e+00,1.500012838582051700e+00,8.871474731827818871e+00,2.700000000000000178e+00
2.645130886756526523e-01,8.924755828792122259e+00,1.924552620878388298e+00,8.887385176546533927e+00,1.500012828463923142e+00,8.871474732907826066e+00,2.700000000000000178e+00
2.647130886756528523e-01,8.924755829715895317e+00,1.923711012637605799e+00,8.887388711120680185e+00,1.500012818375125789e+00,8.871474733985079908e+00,2.700000000000000178e+00
2.649130886756530523e-01,8.924755830637321807e+00,1.922871325056258129e+00,8.887392236633546716e+00,1.500012808313840651e+00,8.871474735059633687e+00,2.700000000000000178e+00
2.651130886756532523e-01,8.924755831556382191e+00,1.922033553752342083e+00,8.887395753110707730e+00,1.500012798282341464e+00,8.871474736131473193e+00,2.700000000000000178e+00
2.653130886756534523e-01,8.924755832473092454e+00,1.921197694351618246e+00,8.887399260577733884e+00,1.500012788278127118e+00,8.871474737200612637e+00,2.700000000000000178e+00
2.655130886756536523e-01,8.924755833387363779e+00,1.920363742491329351e+00,8.887402759060018198e+00,1.500012778302107108e+00,8.871474738266961424e+00,2.700000000000000178e+00
2.657130886756538524e-01,8.924755834299340052e+00,1.919531693819051199e+00,8.887406248583022972e+00,1.500012768354963555e+00,8.871474739330672321e+00,2.700000000000000178e+00
2.659130886756540524e-01,8.924755835208978638e+00,1.918701543991077729e+00,8.887409729172075501e+00,1.500012758434422722e+00,8.871474740391700919e+00,2.700000000000000178e+00
2.661130886756542524e-01,8.924755836116236907e+00,1.917873288672750753e+00,8.887413200852268602e+00,1.500012748543213092e+00,8.871474741450002810e+00,2.700000000000000178e+00
2.663130886756544524e-01,8.924755837021189464e+00,1.917046923541957604e+00,8.887416663648849635e+00,1.500012738679743052e+00,8.871474742505649047e+00,2.700000000000000178e+00
2.665130886756546524e-01,8.924755837923809665e+00,1.916222444284659820e+00,8.887420117586831481e+00,1.500012728843785226e+00,8.871474743558623643e+00,2.700000000000000178e+00
2.667130886756548525e-01,8.924755838824058429e+00,1.915399846596662847e+00,8.887423562691139978e+00,1.500012719035339614e+00,8.871474744608887519e+00,2.700000000000000178e+00
2.669130886756550525e-01,8.924755839722006812e+00,1.914579126184758895e+00,8.887426998986740045e+00,1.500012709253724097e+00,8.871474745656501071e+00,2.700000000000000178e+00
2.671130886756552525e-01,8.924755840617741853e+00,1.913760278765135991e+00,8.887430426498466929e+00,1.500012699501667157e+00,8.871474746701563774e+00,2.700000000000000178e+00
2.673130886756554525e-01,8.924755841511069931e+00,1.912943300061936913e+00,8.887433845250910736e+00,1.500012689775076069e+00,8.871474747743876677e+00,2.700000000000000178e+00
2.675130886756556525e-01,8.924755842402161576e+00,1.912128185811314385e+00,8.887437255268839209e+00,1.500012680075769822e+00,8.871474748783612085e+00,2.700000000000000178e+00
2.677130886756558525e-01,8.924755843290977708e+00,1.911314931758417046e+00,8.887440656576778508e+00,1.500012670405340032e+00,8.871474749820741579e+00,2.700000000000000178e+00
2.679130886756560526e-01,8.924755844177468589e+00,1.910503533658773234e+00,8.887444049199196172e+00,1.500012660760603467e+00,8.871474750855194102e+00,2.700000000000000178e+00
2.681130886756562526e-01,8.924755845061699944e+00,1.909693987276114280e+00,8.887447433160502896e+00,1.500012651143151743e+00,8.871474751887056698e+00,2.700000000000000178e+00
2.683130886756564526e-01,8.924755845943657562e+00,1.908886288385181151e+00,8.887450808485034770e+00,1.500012641552075365e+00,8.871474752916304496e+00,2.700000000000000178e+00
2.685130886756566526e-01,8.924755846823337890e+00,1.908080432768857193e+00,8.887454175197015971e+00,1.500012631989193324e+00,8.871474753942942826e+00,2.700000000000000178e+00
2.687130886756568526e-01,8.924755847700810207e+00,1.907276416222311477e+00,8.887457533320690217e+00,1.500012622452686628e+00,8.871474754967035636e+00,2.700000000000000178e+00
2.689130886756570527e-01,8.924755848575983919e+00,1.906474234547109070e+00,8.887460882880047208e+00,1.500012612943010026e+00,8.871474755988501215e+00,2.700000000000000178e+00
2.691130886756572527e-01,8.924755849448887446e+00,1.905673883555690784e+00,8.887464223899138815e+00,1.500012603458799276e+00,8.871474757007355549e+00,2.700000000000000178e+00
2.693130886756574527e-01,8.924755850319630923e+00,1.904875359071117158e+00,8.887467556401979607e+00,1.500012594001645994e+00,8.871474758023719431e+00,2.700000000000000178e+00
2.695130886756576527e-01,8.924755851188137967e+00,1.904078656924433677e+00,8.887470880412337237e+00,1.500012584571777552e+00,8.871474759037516478e+00,2.700000000000000178e+00
2.697130886756578527e-01,8.924755852054437000e+00,1.903283772956967379e+00,8.887474195954016665e+00,1.500012575168057083e+00,8.871474760048768005e+00,2.700000000000000178e+00
2.699130886756580527e-01,8.924755852918488941e+00,1.902490703020169205e+00,8.887477503050675409e+00,1.500012565790257213e+00,8.871474761057443814e+00,2.700000000000000178e+00
2.701130886756582528e-01,8.924755853780322212e+00,1.901699442973194820e+00,8.887480801726001189e+00,1.500012556438150568e+00,8.871474762063570552e+00,2.700000000000000178e+00
2.703130886756584528e-01,8.924755854639940367e+00,1.900909988686582341e+00,8.887484092003507641e+00,1.500012547112419270e+00,8.871474763067155322e+00,2.700000000000000178e+00
2.705130886756586528e-01,8.924755855497412682e+00,1.900122336038479798e+00,8.887487373906701293e+00,1.500012537813972813e+00,8.871474764068265628e+00,2.700000000000000178e+00
2.707130886756588528e-01,8.924755856352613037e+00,1.899336480918361492e+00,8.887490647458921700e+00,1.500012528539400591e+00,8.871474765066775348e+00,2.700000000000000178e+00
2.709130886756590528e-01,8.924755857205701304e+00,1.898552419223793253e+00,8.887493912683567032e+00,1.500012519292340585e+00,8.871474766062847905e+00,2.700000000000000178e+00
2.711130886756592528e-01,8.924755858056560243e+00,1.897770146861959883e+00,8.887497169603813418e+00,1.500012510070064309e+00,8.871474767056358957e+00,2.700000000000000178e+00
2.713130886756594529e-01,8.924755858905275119e+00,1.896989659749004575e+00,8.887500418242906264e+00,1.500012500873708632e+00,8.871474768047406201e+00,2.700000000000000178e+00
2.715130886756596529e-01,8.924755859751803300e+00,1.896210953811249711e+00,8.887503658623861824e+00,1.500012491703273554e+00,8.871474769035936347e+00,2.700000000000000178e+00
2.717130886756598529e-01,8.924755860596176760e+00,1.895434024983424059e+00,8.887506890769770962e+00,1.500012482558076954e+00,8.871474770021988476e+00,2.700000000000000178e+00
2.719130886756600529e-01,8.924755861438388393e+00,1.894658869210199770e+00,8.887510114703554009e+00,1.500012473438118832e+00,8.871474771005562587e+00,2.700000000000000178e+00
2.721130886756602529e-01,8.924755862278473728e+00,1.893885482444481516e+00,8.887513330448101101e+00,1.500012464344081309e+00,8.871474771986685326e+00,2.700000000000000178e+00
2.723130886756604530e-01,8.924755863116425658e+00,1.893113860650980307e+00,8.887516538026252633e+00,1.500012455273008527e+00,8.871474772965346034e+00,2.700000000000000178e+00
2.725130886756606530e-01,8.924755863952205104e+00,1.892343999799781962e+00,8.887519737460610969e+00,1.500012446229902707e+00,8.871474773941516290e+00,2.700000000000000178e+00
2.727130886756608530e-01,8.924755864785881343e+00,1.891575895873825131e+00,8.887522928773957887e+00,1.500012437211353244e+00,8.871474774915263595e+00,2.700000000000000178e+00
2.729130886756610530e-01,8.924755865617429507e+00,1.890809544863303771e+00,8.887526111988822919e+00,1.500012428217360139e+00,8.871474775886566633e+00,2.700000000000000178e+00
2.731130886756612530e-01,8.924755866446870911e+00,1.890044942767298952e+00,8.887529287127746258e+00,1.500012419248378137e+00,8.871474776855439615e+00,2.700000000000000178e+00
2.733130886756614530e-01,8.924755867274130949e+00,1.889282085594819582e+00,8.887532454213063815e+00,1.500012410304861987e+00,8.871474777821815039e+00,2.700000000000000178e+00
2.735130886756616531e-01,8.924755868099349954e+00,1.888520969364342772e+00,8.887535613267305123e+00,1.500012401385447447e+00,8.871474778785827908e+00,2.700000000000000178e+00
2.737130886756618531e-01,8.924755868922462199e+00,1.887761590102270626e+00,8.887538764312683526e+00,1.500012392491044011e+00,8.871474779747423156e+00,2.700000000000000178e+00
2.739130886756620531e-01,8.924755869743510317e+00,1.887003943844409060e+00,8.887541907371460326e+00,1.500012383620969558e+00,8.871474780706634533e+00,2.700000000000000178e+00
2.741130886756622531e-01,8.924755870562393056e+00,1.886248026636764941e+00,8.887545042465678335e+00,1.500012374775224089e+00,8.871474781663366116e+00,2.700000000000000178e+00
2.743130886756624531e-01,8.924755871379169037e+00,1.885493834532957491e+00,8.887548169617481619e+00,1.500012365954717097e+00,8.871474782617672972e+00,2.700000000000000178e+00
2.745130886756626531e-01,8.924755872193964379e+00,1.884741363595461516e+00,8.887551288848992925e+00,1.500012357157856968e+00,8.871474783569688327e+00,2.700000000000000178e+00
2.747130886756628532e-01,8.924755873006612106e+00,1.883990609895929591e+00,8.887554400182008152e+00,1.500012348384871075e+00,8.871474784519246981e+00,2.700000000000000178e+00
2.749130886756630532e-01,8.924755873817277418e+00,1.883241569520042624e+00,8.887557503638509715e+00,1.500012339637805781e+00,8.871474785466505253e+00,2.700000000000000178e+00
2.751130886756632532e-01,8.924755874625818208e+00,1.882494238550104892e+00,8.887560599240226011e+00,1.500012330913250480e+00,8.871474786411328139e+00,2.700000000000000178e+00
2.753130886756634532e-01,8.924755875432339280e+00,1.881748613086851263e+00,8.887563687008920965e+00,1.500012322214388405e+00,8.871474787353822222e+00,2.700000000000000178e+00
2.755130886756636532e-01,8.924755876236808660e+00,1.881004689240079797e+00,8.887566766966275011e+00,1.500012313538036324e+00,8.871474788293951974e+00,2.700000000000000178e+00
2.757130886756638533e-01,8.924755877039164176e+00,1.880262463128350880e+00,8.887569839133782068e+00,1.500012304886695347e+00,8.871474789231660552e+00,2.700000000000000178e+00
2.759130886756640533e-01,8.924755877839574580e+00,1.879521930879358926e+00,8.887572903533099478e+00,1.500012296259228606e+00,8.871474790167113156e+00,2.700000000000000178e+00
2.761130886756642533e-01,8.924755878637895989e+00,1.878783088623025899e+00,8.887575960185627011e+00,1.500012287654271859e+00,8.871474791100173007e+00,2.700000000000000178e+00
2.763130886756644533e-01,8.924755879434227879e+00,1.878045932504398108e+00,8.887579009112769768e+00,1.500012279074326216e+00,8.871474792030927148e+00,2.700000000000000178e+00
2.765130886756646533e-01,8.924755880228525839e+00,1.877310458674363414e+00,8.887582050335831596e+00,1.500012270517345314e+00,8.871474792959345379e+00,2.700000000000000178e+00
2.767130886756648533e-01,8.924755881020788095e+00,1.876576663293679559e+00,8.887585083876095027e+00,1.500012261984011275e+00,8.871474793885424148e+00,2.700000000000000178e+00
2.769130886756650534e-01,8.924755881811078595e+00,1.875844542532918213e+00,8.887588109754755550e+00,1.500012253473869350e+00,8.871474794809220299e+00,2.700000000000000178e+00
2.771130886756652534e-01,8.924755882599416879e+00,1.875114092569074353e+00,8.887591127992939377e+00,1.500012244989193277e+00,8.871474795730764029e+00,2.700000000000000178e+00
2.773130886756654534e-01,8.924755883385646626e+00,1.874385309590649307e+00,8.887594138611607519e+00,1.500012236525208209e+00,8.871474796649891914e+00,2.700000000000000178e+00
2.775130886756656534e-01,8.924755884169895737e+00,1.873658189791957973e+00,8.887597141631813358e+00,1.500012228086006871e+00,8.871474797566738957e+00,2.700000000000000178e+00
2.777130886756658534e-01,8.924755884952201512e+00,1.872932729378321115e+00,8.887600137074537443e+00,1.500012219668633406e+00,8.871474798481340684e+00,2.700000000000000178e+00
2.779130886756660535e-01,8.924755885732579941e+00,1.872208924562787979e+00,8.887603124960632428e+00,1.500012211275588925e+00,8.871474799393709532e+00,2.700000000000000178e+00
2.781130886756662535e-01,8.924755886510856939e+00,1.871486771566999385e+00,8.887606105310730698e+00,1.500012202904372316e+00,8.871474800303676744e+00,2.700000000000000178e+00
2.783130886756664535e-01,8.924755887287242118e+00,1.870766266621419982e+00,8.887609078145739971e+00,1.500012194557484690e+00,8.871474801211451933e+00,2.700000000000000178e+00
2.785130886756666535e-01,8.924755888061669751e+00,1.870047405964801124e+00,8.887612043486241120e+00,1.500012186232424938e+00,8.871474802116969371e+00,2.700000000000000178e+00
2.787130886756668535e-01,8.924755888834145168e+00,1.869330185844505055e+00,8.887615001352841659e+00,1.500012177931694168e+00,8.871474803020232613e+00,2.700000000000000178e+00
2.789130886756670535e-01,8.924755889604613301e+00,1.868614602517141066e+00,8.887617951766033642e+00,1.500012169652563898e+00,8.871474803921199026e+00,2.700000000000000178e+00
2.791130886756672536e-01,8.924755890373157641e+00,1.867900652247393989e+00,8.887620894746321554e+00,1.500012161395943622e+00,8.871474804819936111e+00,2.700000000000000178e+00
2.793130886756674536e-01,8.924755891139760422e+00,1.867188331307496618e+00,8.887623830314108631e+00,1.500012153162742834e+00,8.871474805716434986e+00,2.700000000000000178e+00
2.795130886756676536e-01,8.924755891904410987e+00,1.866477635980246852e+00,8.887626758489707512e+00,1.500012144951142545e+00,8.871474806610688546e+00,2.700000000000000178e+00
2.797130886756678536e-01,8.924755892667164403e+00,1.865768562554729115e+00,8.887629679293434393e+00,1.500012136762734372e+00,8.871474807502746529e+00,2.700000000000000178e+00
2.799130886756680536e-01,8.924755893427970932e+00,1.865061107330872270e+00,8.887632592745466908e+00,1.500012128596381444e+00,8.871474808392560973e+00,2.700000000000000178e+00
2.801130886756682536e-01,8.924755894186889194e+00,1.864355266615601359e+00,8.887635498865940065e+00,1.500012120453675379e+00,8.871474809280195828e+00,2.700000000000000178e+00
2.803130886756684537e-01,8.924755894943869450e+00,1.863651036723438237e+00,8.887638397674985313e+00,1.500012112331887693e+00,8.871474810165597802e+00,2.700000000000000178e+00
2.805130886756686537e-01,8.924755895698883279e+00,1.862948413978867457e+00,8.887641289192529825e+00,1.500012104231927879e+00,8.871474811048740250e+00,2.700000000000000178e+00
2.807130886756688537e-01,8.924755896452081672e+00,1.862247394714202642e+00,8.887644173438683737e+00,1.500012096154023311e+00,8.871474811929777715e+00,2.700000000000000178e+00
2.809130886756690537e-01,8.924755897203347388e+00,1.861547975270242183e+00,8.887647050433185925e+00,1.500012088100220353e+00,8.871474812808582300e+00,2.700000000000000178e+00
2.811130886756692537e-01,8.924755897952694639e+00,1.860850151994993373e+00,8.887649920195956454e+00,1.500012080064834663e+00,8.871474813685185978e+00,2.700000000000000178e+00
2.813130886756694538e-01,8.924755898700176715e+00,1.860153921247127862e+00,8.887652782746718216e+00,1.500012072054687451e+00,8.871474814559629607e+00,2.700000000000000178e+00
2.815130886756696538e-01,8.924755899445770524e+00,1.859459279391897590e+00,8.887655638105243838e+00,1.500012064064776496e+00,8.871474815431898975e+00,2.700000000000000178e+00
2.817130886756698538e-01,8.924755900189474289e+00,1.858766222802821000e+00,8.887658486291110549e+00,1.500012056097375535e+00,8.871474816301985200e+00,2.700000000000000178e+00
2.819130886756700538e-01,8.924755900931343078e+00,1.858074747862328069e+00,8.887661327323986171e+00,1.500012048151575073e+00,8.871474817169952232e+00,2.700000000000000178e+00
2.821130886756702538e-01,8.924755901671261427e+00,1.857384850961116385e+00,8.887664161223264969e+00,1.500012040227602483e+00,8.871474818035675725e+00,2.700000000000000178e+00
2.823130886756704538e-01,8.924755902409357233e+00,1.856696528497963961e+00,8.887666988008559699e+00,1.500012032324093525e+00,8.871474818899288906e+00,2.700000000000000178e+00
2.825130886756706539e-01,8.924755903145612734e+00,1.856009776878793316e+00,8.887669807699236202e+00,1.500012024442639813e+00,8.871474819760784669e+00,2.700000000000000178e+00
2.827130886756708539e-01,8.924755903879969310e+00,1.855324592519248528e+00,8.887672620314550187e+00,1.500012016582786600e+00,8.871474820620086632e+00,2.700000000000000178e+00
2.829130886756710539e-01,8.924755904612599267e+00,1.854640971844854658e+00,8.887675425873954538e+00,1.500012008745670755e+00,8.871474821477375983e+00,2.700000000000000178e+00
2.831130886756712539e-01,8.924755905343261020e+00,1.853958911284826039e+00,8.887678224396466931e+00,1.500012000928336420e+00,8.871474822332418242e+00,2.700000000000000178e+00
2.833130886756714539e-01,8.924755906072165956e+00,1.853278407280090745e+00,8.887681015901446102e+00,1.500011993131693089e+00,8.871474823185417691e+00,2.700000000000000178e+00
2.835130886756716539e-01,8.924755906799145322e+00,1.852599456277217005e+00,8.887683800407804924e+00,1.500011985356422883e+00,8.871474824036209128e+00,2.700000000000000178e+00
2.837130886756718540e-01,8.924755907524382081e+00,1.851922054732666245e+00,8.887686577934754695e+00,1.500011977603662672e+00,8.871474824884975519e+00,2.700000000000000178e+00
2.839130886756720540e-01,8.924755908247776759e+00,1.851246199109919388e+00,8.887689348501206510e+00,1.500011969871138717e+00,8.871474825731617386e+00,2.700000000000000178e+00
2.841130886756722540e-01,8.924755908969297380e+00,1.850571885881000744e+00,8.887692112126055477e+00,1.500011962159078394e+00,8.871474826576104533e+00,2.700000000000000178e+00
2.843130886756724540e-01,8.924755909689086053e+00,1.849899111526812412e+00,8.887694868828280192e+00,1.500011954469073316e+00,8.871474827418577291e+00,2.700000000000000178e+00
2.845130886756726540e-01,8.924755910407016657e+00,1.849227872535142314e+00,8.887697618626605234e+00,1.500011946799531870e+00,8.871474828258911316e+00,2.700000000000000178e+00
2.847130886756728541e-01,8.924755911123185115e+00,1.848558165402059528e+00,8.887700361539806693e+00,1.500011939149999307e+00,8.871474829097202530e+00,2.700000000000000178e+00
2.849130886756730541e-01,8.924755911837484845e+00,1.847889986631562786e+00,8.887703097586536316e+00,1.500011931522067243e+00,8.871474829933353234e+00,2.700000000000000178e+00
2.851130886756732541e-01,8.924755912550056181e+00,1.847223332735831169e+00,8.887705826785529339e+00,1.500011923914826184e+00,8.871474830767494879e+00,2.700000000000000178e+00
2.853130886756734541e-01,8.924755913260778328e+00,1.846558200234891700e+00,8.887708549155231452e+00,1.500011916327139261e+00,8.871474831599506672e+00,2.700000000000000178e+00
2.855130886756736541e-01,8.924755913969763199e+00,1.845894585656533415e+00,8.887711264714305059e+00,1.500011908761052837e+00,8.871474832429505852e+00,2.700000000000000178e+00
2.857130886756738541e-01,8.924755914676982371e+00,1.845232485537026568e+00,8.887713973481160323e+00,1.500011901214520549e+00,8.871474833257462222e+00,2.700000000000000178e+00
2.859130886756740542e-01,8.924755915382396765e+00,1.844571896420053481e+00,8.887716675474168326e+00,1.500011893689361386e+00,8.871474834083343808e+00,2.700000000000000178e+00
2.861130886756742542e-01,8.924755916086136054e+00,1.843912814856469184e+00,8.887719370711776534e+00,1.500011886185120602e+00,8.871474834907266072e+00,2.700000000000000178e+00
2.863130886756744542e-01,8.924755916788006616e+00,1.843255237408700786e+00,8.887722059212132208e+00,1.500011878700206580e+00,8.871474835729047825e+00,2.700000000000000178e+00
2.865130886756746542e-01,8.924755917488141677e+00,1.842599160641498424e+00,8.887724740993583339e+00,1.500011871234846694e+00,8.871474836548822296e+00,2.700000000000000178e+00
2.867130886756748542e-01,8.924755918186507486e+00,1.841944581131300662e+00,8.887727416074275411e+00,1.500011863789723066e+00,8.871474837366557509e+00,2.700000000000000178e+00
2.869130886756750543e-01,8.924755918883105821e+00,1.841291495458830862e+00,8.887730084472311276e+00,1.500011856365517815e+00,8.871474838182248135e+00,2.700000000000000178e+00
2.871130886756752543e-01,8.924755919578025498e+00,1.840639900217399205e+00,8.887732746205875500e+00,1.500011848960866701e+00,8.871474838995988321e+00,2.700000000000000178e+00
2.873130886756754543e-01,8.924755920271177700e+00,1.839989792005627844e+00,8.887735401292861326e+00,1.500011841576679217e+00,8.871474839807691026e+00,2.700000000000000178e+00
2.875130886756756543e-01,8.924755920962581968e+00,1.839341167428948376e+00,8.887738049751266800e+00,1.500011834212273243e+00,8.871474840617377566e+00,2.700000000000000178e+00
2.877130886756758543e-01,8.924755921652225865e+00,1.838694023101956398e+00,8.887740691598953191e+00,1.500011826868103526e+00,8.871474841425035507e+00,2.700000000000000178e+00
2.879130886756760543e-01,8.924755922340153802e+00,1.838048355646784593e+00,8.887743326853884795e+00,1.500011819541668956e+00,8.871474842230698599e+00,2.700000000000000178e+00
2.881130886756762544e-01,8.924755923026440385e+00,1.837404161692938631e+00,8.887745955533828734e+00,1.500011812237289632e+00,8.871474843034460989e+00,2.700000000000000178e+00
2.883130886756764544e-01,8.924755923710970151e+00,1.836761437877449277e+00,8.887748577656449100e+00,1.500011804952691818e+00,8.871474843836194779e+00,2.700000000000000178e+00
2.885130886756766544e-01,8.924755924393776851e+00,1.836120180845582928e+00,8.887751193239491698e+00,1.500011797686056525e+00,8.871474844635939050e+00,2.700000000000000178e+00
2.887130886756768544e-01,8.924755925074885354e+00,1.835480387249913692e+00,8.887753802300562000e+00,1.500011790440112236e+00,8.871474845433715117e+00,2.700000000000000178e+00
2.889130886756770544e-01,8.924755925754238817e+00,1.834842053750378454e+00,8.887756404857212189e+00,1.500011783212812588e+00,8.871474846229469691e+00,2.700000000000000178e+00
2.891130886756772544e-01,8.924755926431949149e+00,1.834205177015596266e+00,8.887759000927056618e+00,1.500011776005976571e+00,8.871474847023321786e+00,2.700000000000000178e+00
2.893130886756774545e-01,8.924755927107950626e+00,1.833569753720543538e+00,8.887761590527496480e+00,1.500011768817557822e+00,8.871474847815200349e+00,2.700000000000000178e+00
2.895130886756776545e-01,8.924755927782294762e+00,1.832935780548680338e+00,8.887764173676018231e+00,1.500011761648238462e+00,8.871474848605149788e+00,2.700000000000000178e+00
2.897130886756778545e-01,8.924755928454963794e+00,1.832303254189691977e+00,8.887766750389918258e+00,1.500011754499837480e+00,8.871474849393161222e+00,2.700000000000000178e+00
2.899130886756780545e-01,8.924755929125922194e+00,1.831672171342581201e+00,8.887769320686535579e+00,1.500011747369171644e+00,8.871474850179209781e+00,2.700000000000000178e+00
2.901130886756782545e-01,8.924755929795178844e+00,1.831042528713036965e+00,8.887771884583075988e+00,1.500011740258514692e+00,8.871474850963277703e+00,2.700000000000000178e+00
2.903130886756784546e-01,8.924755930462788811e+00,1.830414323013984657e+00,8.887774442096855410e+00,1.500011733165820260e+00,8.871474851745443146e+00,2.700000000000000178e+00
2.905130886756786546e-01,8.924755931128729003e+00,1.829787550965481513e+00,8.887776993244926871e+00,1.500011726093134712e+00,8.871474852525683019e+00,2.700000000000000178e+00
2.907130886756788546e-01,8.924755931793047381e+00,1.829162209297021668e+00,8.887779538044492611e+00,1.500011719039321179e+00,8.871474853304032848e+00,2.700000000000000178e+00
2.909130886756790546e-01,8.924755932455660457e+00,1.828538294744447068e+00,8.887782076512527496e+00,1.500011712004152287e+00,8.871474854080418027e+00,2.700000000000000178e+00
2.911130886756792546e-01,8.924755933116676587e+00,1.827915804050525672e+00,8.887784608666066788e+00,1.500011704989219652e+00,8.871474854854948688e+00,2.700000000000000178e+00
2.913130886756794546e-01,8.924755933775996297e+00,1.827294733965788120e+00,8.887787134522023180e+00,1.500011697991340043e+00,8.871474855627520029e+00,2.700000000000000178e+00
2.915130886756796547e-01,8.924755934433653337e+00,1.826675081248350763e+00,8.887789654097304037e+00,1.500011691012105075e+00,8.871474856398180009e+00,2.700000000000000178e+00
2.917130886756798547e-01,8.924755935089677905e+00,1.826056842663733804e+00,8.887792167408763433e+00,1.500011684052196870e+00,8.871474857166939287e+00,2.700000000000000178e+00
2.919130886756800547e-01,8.924755935744117963e+00,1.825440014983904069e+00,8.887794674473234124e+00,1.500011677110933306e+00,8.871474857933863589e+00,2.700000000000000178e+00
2.921130886756802547e-01,8.924755936396874034e+00,1.824824594989503668e+00,8.887797175307394326e+00,1.500011670187632262e+00,8.871474858698841004e+00,2.700000000000000178e+00
2.923130886756804547e-01,8.924755937048072241e+00,1.824210579468163784e+00,8.887799669928011070e+00,1.500011663283885355e+00,8.871474859462010087e+00,2.700000000000000178e+00
2.925130886756806547e-01,8.924755937697561592e+00,1.823597965215062455e+00,8.887802158351624016e+00,1.500011656397418847e+00,8.871474860223210968e+00,2.700000000000000178e+00
2.927130886756808548e-01,8.924755938345510842e+00,1.822986749031581200e+00,8.887804640594925587e+00,1.500011649530961222e+00,8.871474860982619504e+00,2.700000000000000178e+00
2.929130886756810548e-01,8.924755938991843607e+00,1.822376927727122231e+00,8.887807116674427022e+00,1.500011642681556623e+00,8.871474861740159312e+00,2.700000000000000178e+00
2.931130886756812548e-01,8.924755939636510149e+00,1.821768498118937041e+00,8.887809586606556067e+00,1.500011635849887170e+00,8.871474862495769997e+00,2.700000000000000178e+00
2.933130886756814548e-01,8.924755940279629485e+00,1.821161457030381348e+00,8.887812050407854159e+00,1.500011629038226602e+00,8.871474863249586562e+00,2.700000000000000178e+00
2.935130886756816548e-01,8.924755940921139441e+00,1.820555801293251674e+00,8.887814508094638910e+00,1.500011622244528553e+00,8.871474864001543281e+00,2.700000000000000178e+00
2.937130886756818549e-01,8.924755941561047123e+00,1.819951527746348052e+00,8.887816959683288331e+00,1.500011615467656156e+00,8.871474864751641931e+00,2.700000000000000178e+00
2.939130886756820549e-01,8.924755942199318781e+00,1.819348633234298518e+00,8.887819405190059641e+00,1.500011608709428401e+00,8.871474865499852314e+00,2.700000000000000178e+00
2.941130886756822549e-01,8.924755942836041456e+00,1.818747114611042104e+00,8.887821844631256241e+00,1.500011601968708419e+00,8.871474866246266799e+00,2.700000000000000178e+00
2.943130886756824549e-01,8.924755943471215147e+00,1.818146968735892655e+00,8.887824278023071400e+00,1.500011595246405705e+00,8.871474866990876507e+00,2.700000000000000178e+00
2.945130886756826549e-01,8.924755944104731498e+00,1.817548192476535096e+00,8.887826705381529635e+00,1.500011588542747631e+00,8.871474867733587288e+00,2.700000000000000178e+00
2.947130886756828549e-01,8.924755944736693536e+00,1.816950782706904466e+00,8.887829126722868622e+00,1.500011581855460463e+00,8.871474868474486186e+00,2.700000000000000178e+00
2.949130886756830550e-01,8.924755945367184751e+00,1.816354736309154561e+00,8.887831542063166168e+00,1.500011575187500057e+00,8.871474869213667347e+00,2.700000000000000178e+00
2.951130886756832550e-01,8.924755945996023954e+00,1.815760050170748485e+00,8.887833951418285139e+00,1.500011568536365303e+00,8.871474869950949582e+00,2.700000000000000178e+00
2.953130886756834550e-01,8.924755946623337266e+00,1.815166721188228305e+00,8.887836354804258931e+00,1.500011561903420443e+00,8.871474870686459013e+00,2.700000000000000178e+00
2.955130886756836550e-01,8.924755947249042975e+00,1.814574746263944771e+00,8.887838752236957518e+00,1.500011555287983356e+00,8.871474871420117481e+00,2.700000000000000178e+00
2.957130886756838550e-01,8.924755947873247663e+00,1.813984122308917923e+00,8.887841143732307714e+00,1.500011548689826668e+00,8.871474872152019131e+00,2.700000000000000178e+00
2.959130886756840551e-01,8.924755948495889157e+00,1.813394846239227753e+00,8.887843529306051593e+00,1.500011542109177753e+00,8.871474872882117779e+00,2.700000000000000178e+00
2.961130886756842551e-01,8.924755949116971010e+00,1.812806914978698725e+00,8.887845908973988074e+00,1.500011535545354491e+00,8.871474873610411649e+00,2.700000000000000178e+00
2.963130886756844551e-01,8.924755949736537630e+00,1.812220325458168579e+00,8.887848282751809492e+00,1.500011529000630617e+00,8.871474874336946925e+00,2.700000000000000178e+00
2.965130886756846551e-01,8.924755950354573031e+00,1.811635074616074093e+00,8.887850650655199303e+00,1.500011522473414516e+00,8.871474875061702292e+00,2.700000000000000178e+00
2.967130886756848551e-01,8.924755950971023921e+00,1.811051159397301991e+00,8.887853012699753918e+00,1.500011515961887199e+00,8.871474875784633340e+00,2.700000000000000178e+00
2.969130886756850551e-01,8.924755951585972014e+00,1.810468576753884395e+00,8.887855368901071529e+00,1.500011509468095028e+00,8.871474876505816454e+00,2.700000000000000178e+00
2.971130886756852552e-01,8.924755952199447506e+00,1.809887323644722823e+00,8.887857719274739665e+00,1.500011502992265378e+00,8.871474877225288935e+00,2.700000000000000178e+00
2.973130886756854552e-01,8.924755952811322501e+00,1.809307397035679887e+00,8.887860063836109603e+00,1.500011496532579258e+00,8.871474877942912229e+00,2.700000000000000178e+00
2.975130886756856552e-01,8.924755953421701804e+00,1.808728793898770393e+00,8.887862402600694267e+00,1.500011490090855659e+00,8.871474878658805352e+00,2.700000000000000178e+00
2.977130886756858552e-01,8.924755954030667127e+00,1.808151511215415619e+00,8.887864735583995923e+00,1.500011483666412460e+00,8.871474879373041134e+00,2.700000000000000178e+00
2.979130886756860552e-01,8.924755954637962674e+00,1.807575545970433240e+00,8.887867062801078077e+00,1.500011477257658044e+00,8.871474880085358450e+00,2.700000000000000178e+00
2.981130886756862552e-01,8.924755955243853123e+00,1.807000895157397480e+00,8.887869384267489181e+00,1.500011470866638774e+00,8.871474880796045070e+00,2.700000000000000178e+00
2.983130886756864553e-01,8.924755955848274525e+00,1.806427555777692762e+00,8.887871699998433073e+00,1.500011464493354651e+00,8.871474881505012178e+00,2.700000000000000178e+00
2.985130886756866553e-01,8.924755956451104311e+00,1.805855524838792414e+00,8.887874010008992798e+00,1.500011458135077191e+00,8.871474882212156743e+00,2.700000000000000178e+00
2.987130886756868553e-01,8.924755957052530775e+00,1.805284799350982849e+00,8.887876314314496540e+00,1.500011451796353867e+00,8.871474882917651072e+00,2.700000000000000178e+00
2.989130886756870553e-01,8.924755957652397598e+00,1.804715376341066602e+00,8.887878612929926092e+00,1.500011445471727711e+00,8.871474883621358387e+00,2.700000000000000178e+00
2.991130886756872553e-01,8.924755958250848664e+00,1.804147252833823156e+00,8.887880905870476411e+00,1.500011439165518823e+00,8.871474884323406584e+00,2.700000000000000178e+00
2.993130886756874554e-01,8.924755958847802262e+00,1.803580425862318259e+00,8.887883193151072447e+00,1.500011432875226092e+00,8.871474885023724610e+00,2.700000000000000178e+00
2.995130886756876554e-01,8.924755959443231745e+00,1.803014892469059216e+00,8.887885474786699547e+00,1.500011426602213760e+00,8.871474885722278714e+00,2.700000000000000178e+00
2.997130886756878554e-01,8.924755960037277447e+00,1.802450649703403629e+00,8.887887750792421215e+00,1.500011420345344959e+00,8.871474886419218109e+00,2.700000000000000178e+00
2.999130886756880554e-01,8.924755960629763507e+00,1.801887694611845614e+00,8.887890021182977662e+00,1.500011414104619689e+00,8.871474887114363383e+00,2.700000000000000178e+00
3.001130886756882554e-01,8.924755961220842693e+00,1.801326024266382442e+00,8.887892285973325812e+00,1.500011407880037950e+00,8.871474887807861975e+00,2.700000000000000178e+00
3.003130886756884554e-01,8.924755961810436844e+00,1.800765635727705538e+00,8.887894545178205874e+00,1.500011401673646105e+00,8.871474888499644607e+00,2.700000000000000178e+00
3.005130886756886555e-01,8.924755962398538855e+00,1.800206526074575875e+00,8.887896798812375820e+00,1.500011395481351428e+00,8.871474889189700619e+00,2.700000000000000178e+00
3.007130886756888555e-01,8.924755962985225111e+00,1.799648692387446181e+00,8.887899046890614940e+00,1.500011389306791898e+00,8.871474889878111725e+00,2.700000000000000178e+00
3.009130886756890555e-01,8.924755963570511597e+00,1.799092131754326473e+00,8.887901289427619034e+00,1.500011383148148525e+00,8.871474890564890359e+00,2.700000000000000178e+00
3.011130886756892555e-01,8.924755964154284626e+00,1.798536841270221398e+00,8.887903526437877844e+00,1.500011377006785551e+00,8.871474891249921058e+00,2.700000000000000178e+00
3.013130886756894555e-01,8.924755964736636571e+00,1.797982818035773533e+00,8.887905757936142237e+00,1.500011370879064998e+00,8.871474891933297968e+00,2.700000000000000178e+00
3.015130886756896555e-01,8.924755965317553219e+00,1.797430059159814908e+00,8.887907983936827350e+00,1.500011364769761713e+00,8.871474892615012209e+00,2.700000000000000178e+00
3.017130886756898556e-01,8.924755965897041676e+00,1.796878561755863801e+00,8.887910204454525953e+00,1.500011358675692463e+00,8.871474893295065556e+00,2.700000000000000178e+00
3.019130886756900556e-01,8.924755966475116153e+00,1.796328322946639577e+00,8.887912419503665618e+00,1.500011352597994119e+00,8.871474893973479325e+00,2.700000000000000178e+00
3.021130886756902556e-01,8.924755967051741123e+00,1.795779339858330825e+00,8.887914629098634833e+00,1.500011346536439305e+00,8.871474894650212661e+00,2.700000000000000178e+00
3.023130886756904556e-01,8.924755967626987641e+00,1.795231609626164904e+00,8.887916833253894922e+00,1.500011340490573275e+00,8.871474895325341947e+00,2.700000000000000178e+00
3.025130886756906556e-01,8.924755968200763334e+00,1.794685129390728884e+00,8.887919031983662066e+00,1.500011334460623402e+00,8.871474895998764154e+00,2.700000000000000178e+00
3.027130886756908557e-01,8.924755968773130377e+00,1.794139896299311587e+00,8.887921225302287453e+00,1.500011328445680192e+00,8.871474896670559218e+00,2.700000000000000178e+00
3.029130886756910557e-01,8.924755969344170481e+00,1.793595907505009190e+00,8.887923413224074309e+00,1.500011322448244755e+00,8.871474897340796417e+00,2.700000000000000178e+00
3.031130886756912557e-01,8.924755969913645615e+00,1.793053160169909566e+00,8.887925595763025655e+00,1.500011316465133859e+00,8.871474898009239496e+00,2.700000000000000178e+00
3.033130886756914557e-01,8.924755970481815126e+00,1.792511651459547828e+00,8.887927772933529980e+00,1.500011310498621242e+00,8.871474898676156684e+00,2.700000000000000178e+00
3.035130886756916557e-01,8.924755971048631054e+00,1.791971378547757787e+00,8.887929944749677347e+00,1.500011304547570035e+00,8.871474899341496467e+00,2.700000000000000178e+00
3.037130886756918557e-01,8.924755971613960170e+00,1.791432338613875297e+00,8.887932111225413934e+00,1.500011298611752864e+00,8.871474900005113184e+00,2.700000000000000178e+00
3.039130886756920558e-01,8.924755972177932151e+00,1.790894528844247491e+00,8.887934272374911515e+00,1.500011292690942355e+00,8.871474900667161378e+00,2.700000000000000178e+00
3.041130886756922558e-01,8.924755972740527454e+00,1.790357946431975211e+00,8.887936428212102058e+00,1.500011286787184872e+00,8.871474901327603746e+00,2.700000000000000178e+00
3.043130886756924558e-01,8.924755973301662593e+00,1.789822588574984996e+00,8.887938578750905094e+00,1.500011280897297183e+00,8.871474901986362127e+00,2.700000000000000178e+00
3.045130886756926558e-01,8.924755973861504543e+00,1.789288452479421476e+00,8.887940724005353843e+00,1.500011275024462520e+00,8.871474902643601723e+00,2.700000000000000178e+00
3.047130886756928558e-01,8.924755974419921856e+00,1.788755535357509974e+00,8.887942863989216846e+00,1.500011269166861894e+00,8.871474903299198189e+00,2.700000000000000178e+00
3.049130886756930559e-01,8.924755974977008677e+00,1.788223834426801329e+00,8.887944998716438505e+00,1.500011263323131061e+00,8.871474903953247448e+00,2.700000000000000178e+00
3.051130886756932559e-01,8.924755975532708163e+00,1.787693346912321291e+00,8.887947128200686109e+00,1.500011257496225880e+00,8.871474904605678447e+00,2.700000000000000178e+00
3.053130886756934559e-01,8.924755976087102027e+00,1.787164070043868458e+00,8.887949252455879190e+00,1.500011251683872615e+00,8.871474905256585330e+00,2.700000000000000178e+00
3.055130886756936559e-01,8.924755976640007304e+00,1.786636001058938605e+00,8.887951371495489639e+00,1.500011245886298639e+00,8.871474905905783359e+00,2.700000000000000178e+00
3.057130886756938559e-01,8.924755977191619394e+00,1.786109137201563613e+00,8.887953485333412118e+00,1.500011240104186072e+00,8.871474906553471484e+00,2.700000000000000178e+00
3.059130886756940559e-01,8.924755977741890334e+00,1.785583475721044922e+00,8.887955593983164704e+00,1.500011234338444410e+00,8.871474907199599969e+00,2.700000000000000178e+00
3.061130886756942560e-01,8.924755978290825453e+00,1.785059013873766975e+00,8.887957697458402251e+00,1.500011228587482037e+00,8.871474907844170588e+00,2.700000000000000178e+00
3.063130886756944560e-01,8.924755978838391002e+00,1.784535748921306508e+00,8.887959795772657046e+00,1.500011222849707337e+00,8.871474908487154920e+00,2.700000000000000178e+00
3.065130886756946560e-01,8.924755979384542570e+00,1.784013678133627545e+00,8.887961888939342359e+00,1.500011217128076169e+00,8.871474909128505004e+00,2.700000000000000178e+00
3.067130886756948560e-01,8.924755979929473781e+00,1.783492798784586775e+00,8.887963976972150348e+00,1.500011211421679036e+00,8.871474909768419792e+00,2.700000000000000178e+00
3.069130886756950560e-01,8.924755980473019434e+00,1.782973108154348063e+00,8.887966059884337966e+00,1.500011205730743313e+00,8.871474910406728753e+00,2.700000000000000178e+00
3.071130886756952560e-01,8.924755981015156436e+00,1.782454603530975401e+00,8.887968137689295389e+00,1.500011200053904759e+00,8.871474911043414124e+00,2.700000000000000178e+00
3.073130886756954561e-01,8.924755981556065976e+00,1.781937282207606499e+00,8.887970210400558457e+00,1.500011194390708624e+00,8.871474911678664199e+00,2.700000000000000178e+00
3.075130886756956561e-01,8.924755982095620155e+00,1.781421141484611947e+00,8.887972278031268658e+00,1.500011188744338142e+00,8.871474912312333316e+00,2.700000000000000178e+00
3.077130886756958561e-01,8.924755982633818974e+00,1.780906178666854967e+00,8.887974340594777090e+00,1.500011183110700586e+00,8.871474912944439239e+00,2.700000000000000178e+00
3.079130886756960561e-01,8.924755983170649998e+00,1.780392391066250690e+00,8.887976398104200371e+00,1.500011177493888681e+00,8.871474913574958876e+00,2.700000000000000178e+00
3.081130886756962561e-01,8.924755983706250007e+00,1.779879776001053182e+00,8.887978450573012168e+00,1.500011171890264450e+00,8.871474914204036111e+00,2.700000000000000178e+00
3.083130886756964562e-01,8.924755984240492879e+00,1.779368330795547015e+00,8.887980498014131925e+00,1.500011166301192134e+00,8.871474914831543046e+00,2.700000000000000178e+00
3.085130886756966562e-01,8.924755984773481643e+00,1.778858052779504151e+00,8.887982540440839685e+00,1.500011160728263349e+00,8.871474915457577382e+00,2.700000000000000178e+00
3.087130886756968562e-01,8.924755985305129258e+00,1.778348939289692510e+00,8.887984577866136604e+00,1.500011155168067489e+00,8.871474916082062734e+00,2.700000000000000178e+00
3.089130886756970562e-01,8.924755985835425065e+00,1.777840987668317219e+00,8.887986610303029167e+00,1.500011149623333040e+00,8.871474916704986668e+00,2.700000000000000178e+00
3.091130886756972562e-01,8.924755986364463212e+00,1.777334195263515992e+00,8.887988637764641098e+00,1.500011144092695758e+00,8.871474917326441556e+00,2.700000000000000178e+00
3.093130886756974562e-01,8.924755986892197512e+00,1.776828559430215115e+00,8.887990660263884735e+00,1.500011138576610392e+00,8.871474917946370553e+00,2.700000000000000178e+00
3.095130886756976563e-01,8.924755987418686587e+00,1.776324077529416900e+00,8.887992677813764786e+00,1.500011133074849567e+00,8.871474918564857148e+00,2.700000000000000178e+00
3.097130886756978563e-01,8.924755987943894908e+00,1.775820746926888516e+00,8.887994690427134969e+00,1.500011127588550153e+00,8.871474919181848051e+00,2.700000000000000178e+00
3.099130886756980563e-01,8.924755988467735435e+00,1.775318564994899706e+00,8.887996698116788608e+00,1.500011122114074169e+00,8.871474919797263325e+00,2.700000000000000178e+00
3.101130886756982563e-01,8.924755988990417777e+00,1.774817529113019710e+00,8.887998700895710869e+00,1.500011116655969090e+00,8.871474920411307252e+00,2.700000000000000178e+00
3.103130886756984563e-01,8.924755989511700349e+00,1.774317636665257103e+00,8.888000698776497899e+00,1.500011111210824311e+00,8.871474921023750682e+00,2.700000000000000178e+00
3.105130886756986563e-01,8.924755990031759012e+00,1.773818885042742100e+00,8.888002691772046049e+00,1.500011105780004073e+00,8.871474921634753485e+00,2.700000000000000178e+00
3.107130886756988564e-01,8.924755990550506723e+00,1.773321271641402852e+00,8.888004679894953242e+00,1.500011100363281003e+00,8.871474922244239281e+00,2.700000000000000178e+00
3.109130886756990564e-01,8.924755991068021643e+00,1.772824793863754911e+00,8.888006663158014575e+00,1.500011094960200353e+00,8.871474922852291556e+00,2.700000000000000178e+00
3.111130886756992564e-01,8.924755991584252257e+00,1.772329449118179356e+00,8.888008641573803104e+00,1.500011089572126366e+00,8.871474923458848139e+00,2.700000000000000178e+00
3.113130886756994564e-01,8.924755992099223434e+00,1.771835234818288196e+00,8.888010615154916749e+00,1.500011084198604294e+00,8.871474924063937451e+00,2.700000000000000178e+00
3.115130886756996564e-01,8.924755992612910305e+00,1.771342148385346871e+00,8.888012583913951659e+00,1.500011078837133027e+00,8.871474924667538176e+00,2.700000000000000178e+00
3.117130886756998565e-01,8.924755993125348397e+00,1.770850187245701202e+00,8.888014547863441805e+00,1.500011073489986302e+00,8.871474925269685841e+00,2.700000000000000178e+00
3.119130886757000565e-01,8.924755993636562579e+00,1.770359348830267576e+00,8.888016507015848333e+00,1.500011068158300986e+00,8.871474925870401762e+00,2.700000000000000178e+00
3.121130886757002565e-01,8.924755994146476468e+00,1.769869630577156849e+00,8.888018461383664359e+00,1.500011062838211728e+00,8.871474926469620215e+00,2.700000000000000178e+00
3.123130886757004565e-01,8.924755994655251712e+00,1.769381029929726568e+00,8.888020410979359909e+00,1.500011057534720749e+00,8.871474927067486860e+00,2.700000000000000178e+00
3.125130886757006565e-01,8.924755995162687583e+00,1.768893544338145718e+00,8.888022355815213160e+00,1.500011052242825826e+00,8.871474927663822285e+00,2.700000000000000178e+00
3.127130886757008565e-01,8.924755995668897768e+00,1.768407171257802890e+00,8.888024295903617755e+00,1.500011046965255446e+00,8.871474928258722414e+00,2.700000000000000178e+00
3.129130886757010566e-01,8.924755996173871608e+00,1.767921908149420851e+00,8.888026231256919374e+00,1.500011041701100112e+00,8.871474928852180142e+00,2.700000000000000178e+00
3.131130886757012566e-01,8.924755996677705028e+00,1.767437752479705804e+00,8.888028161887456591e+00,1.500011036451496693e+00,8.871474929444302049e+00,2.700000000000000178e+00
3.133130886757014566e-01,8.924755997180168876e+00,1.766954701721320964e+00,8.888030087807294422e+00,1.500011031213716706e+00,8.871474930034850104e+00,2.700000000000000178e+00
3.135130886757016566e-01,8.924755997681492303e+00,1.766472753353250269e+00,8.888032009028799862e+00,1.500011025991398128e+00,8.871474930624055233e+00,2.700000000000000178e+00
3.137130886757018566e-01,8.924755998181520766e+00,1.765991904858986716e+00,8.888033925564078785e+00,1.500011020781357729e+00,8.871474931211768222e+00,2.700000000000000178e+00
3.139130886757020567e-01,8.924755998680415914e+00,1.765512153729094091e+00,8.888035837425336538e+00,1.500011015585414498e+00,8.871474931798145391e+00,2.700000000000000178e+00
3.141130886757022567e-01,8.924755999178046295e+00,1.765033497458149414e+00,8.888037744624620373e+00,1.500011010402204192e+00,8.871474932383062395e+00,2.700000000000000178e+00
3.143130886757024567e-01,8.924755999674493623e+00,1.764555933550346678e+00,8.888039647174018398e+00,1.500011005233318429e+00,8.871474932966593840e+00,2.700000000000000178e+00
3.145130886757026567e-01,8.924756000169670855e+00,1.764079459509494185e+00,8.888041545085528128e+00,1.500011000077392964e+00,8.871474933548652686e+00,2.700000000000000178e+00
3.147130886757028567e-01,8.924756000663698785e+00,1.763604072849570992e+00,8.888043438371244775e+00,1.500010994934655173e+00,8.871474934129366829e+00,2.700000000000000178e+00
3.149130886757030567e-01,8.924756001156508134e+00,1.763129771090081288e+00,8.888045327043061050e+00,1.500010989805787176e+00,8.871474934708665216e+00,2.700000000000000178e+00
3.151130886757032568e-01,8.924756001648070480e+00,1.762656551753124301e+00,8.888047211112915846e+00,1.500010984688969984e+00,8.871474935286519425e+00,2.700000000000000178e+00
3.153130886757034568e-01,8.924756002138519051e+00,1.762184412370334519e+00,8.888049090592792467e+00,1.500010979585795212e+00,8.871474935863066236e+00,2.700000000000000178e+00
3.155130886757036568e-01,8.924756002627679763e+00,1.761713350475499373e+00,8.888050965494391775e+00,1.500010974496490235e+00,8.871474936438120906e+00,2.700000000000000178e+00
3.157130886757038568e-01,8.924756003115714265e+00,1.761243363610643708e+00,8.888052835829704179e+00,1.500010969420145557e+00,8.871474937011859296e+00,2.700000000000000178e+00
3.159130886757040568e-01,8.924756003602485777e+00,1.760774449322672686e+00,8.888054701610407449e+00,1.500010964356988552e+00,8.871474937584135745e+00,2.700000000000000178e+00
3.161130886757042568e-01,8.924756004088179040e+00,1.760306605163186600e+00,8.888056562848424491e+00,1.500010959306109726e+00,8.871474938155140322e+00,2.700000000000000178e+00
3.163130886757044569e-01,8.924756004572573787e+00,1.759839828690362040e+00,8.888058419555294520e+00,1.500010954267963825e+00,8.871474938724649206e+00,2.700000000000000178e+00
3.165130886757046569e-01,8.924756005055863639e+00,1.759374117467938703e+00,8.888060271742840968e+00,1.500010949244597214e+00,8.871474939292863127e+00,2.700000000000000178e+00
3.167130886757048569e-01,8.924756005537933135e+00,1.758909469063991704e+00,8.888062119422706076e+00,1.500010944232371912e+00,8.871474939859664843e+00,2.700000000000000178e+00
3.169130886757050569e-01,8.924756006018878196e+00,1.758445881053659399e+00,8.888063962606505441e+00,1.500010939234471152e+00,8.871474940425141398e+00,2.700000000000000178e+00
3.171130886757052569e-01,8.924756006498636651e+00,1.757983351016840778e+00,8.888065801305875979e+00,1.500010934247484329e+00,8.871474940989239499e+00,2.700000000000000178e+00
3.173130886757054570e-01,8.924756006977240474e+00,1.757521876538965078e+00,8.888067635532324928e+00,1.500010929275504168e+00,8.871474941551994675e+00,2.700000000000000178e+00
3.175130886757056570e-01,8.924756007454632822e+00,1.757061455211012202e+00,8.888069465297368410e+00,1.500010924314892691e+00,8.871474942113346529e+00,2.700000000000000178e+00
3.177130886757058570e-01,8.924756007930902513e+00,1.756602084629557359e+00,8.888071290612558073e+00,1.500010919368605755e+00,8.871474942673380326e+00,2.700000000000000178e+00
3.179130886757060570e-01,8.924756008406030006e+00,1.756143762396866315e+00,8.888073111489418920e+00,1.500010914433460130e+00,8.871474943232080079e+00,2.700000000000000178e+00
3.181130886757062570e-01,8.924756008879933589e+00,1.755686486120952905e+00,8.888074927939202396e+00,1.500010909511274804e+00,8.871474943789371181e+00,2.700000000000000178e+00
3.183130886757064570e-01,8.924756009352716291e+00,1.755230253414076236e+00,8.888076739973461926e+00,1.500010904601822403e+00,8.871474944345346003e+00,2.700000000000000178e+00
3.185130886757066571e-01,8.924756009824408309e+00,1.754775061894912724e+00,8.888078547603553758e+00,1.500010899706467171e+00,8.871474944900043624e+00,2.700000000000000178e+00
3.187130886757068571e-01,8.924756010294919051e+00,1.754320909187423672e+00,8.888080350840775523e+00,1.500010894821798502e+00,8.871474945453368122e+00,2.700000000000000178e+00
3.189130886757070571e-01,8.924756010764188119e+00,1.753867792920683844e+00,8.888082149696346690e+00,1.500010889950090132e+00,8.871474946005262652e+00,2.700000000000000178e+00
3.191130886757072571e-01,8.924756011232389596e+00,1.753415710729588683e+00,8.888083944181705220e+00,1.500010885090432566e+00,8.871474946555901298e+00,2.700000000000000178e+00
3.193130886757074571e-01,8.924756011699475522e+00,1.752964660253949036e+00,8.888085734308035057e+00,1.500010880243962674e+00,8.871474947105236097e+00,2.700000000000000178e+00
3.195130886757076571e-01,8.924756012165392605e+00,1.752514639139577834e+00,8.888087520086475735e+00,1.500010875410680455e+00,8.871474947653213761e+00,2.700000000000000178e+00
3.197130886757078572e-01,8.924756012630185253e+00,1.752065645037408137e+00,8.888089301528291131e+00,1.500010870588994294e+00,8.871474948199882249e+00,2.700000000000000178e+00
3.199130886757080572e-01,8.924756013093888996e+00,1.751617675603324598e+00,8.888091078644620779e+00,1.500010865780041058e+00,8.871474948745268208e+00,2.700000000000000178e+00
3.201130886757082572e-01,8.924756013556393697e+00,1.751170728498945950e+00,8.888092851446467435e+00,1.500010860982911254e+00,8.871474949289275713e+00,2.700000000000000178e+00
3.203130886757084572e-01,8.924756014017811268e+00,1.750724801391260410e+00,8.888094619945064778e+00,1.500010856197604880e+00,8.871474949832007795e+00,2.700000000000000178e+00
3.205130886757086572e-01,8.924756014478136379e+00,1.750279891954239053e+00,8.888096384151374707e+00,1.500010851425940928e+00,8.871474950373462676e+00,2.700000000000000178e+00
3.207130886757088573e-01,8.924756014937305082e+00,1.749835997861427295e+00,8.888098144076433726e+00,1.500010846665418285e+00,8.871474950913571078e+00,2.700000000000000178e+00
3.209130886757090573e-01,8.924756015395422182e+00,1.749393116799414560e+00,8.888099899731294329e+00,1.500010841917401194e+00,8.871474951452450242e+00,2.700000000000000178e+00
3.211130886757092573e-01,8.924756015852349122e+00,1.748951246454284236e+00,8.888101651126753211e+00,1.500010837182799150e+00,8.871474951989950952e+00,2.700000000000000178e+00
3.213130886757094573e-01,8.924756016308213802e+00,1.748510384520416183e+00,8.888103398273912603e+00,1.500010832458428922e+00,8.871474952526211766e+00,2.700000000000000178e+00
3.215130886757096573e-01,8.924756016762941613e+00,1.748070528695876202e+00,8.888105141183556768e+00,1.500010827745882125e+00,8.871474953061143864e+00,2.700000000000000178e+00
3.217130886757098573e-01,8.924756017216560977e+00,1.747631676685012403e+00,8.888106879866551679e+00,1.500010823047205122e+00,8.871474953594789881e+00,2.700000000000000178e+00
3.219130886757100574e-01,8.924756017669157160e+00,1.747193826197173783e+00,8.888108614333853907e+00,1.500010818359896803e+00,8.871474954127226198e+00,2.700000000000000178e+00
3.221130886757102574e-01,8.924756018120557854e+00,1.746756974945874674e+00,8.888110344596100276e+00,1.500010813684411914e+00,8.871474954658280510e+00,2.700000000000000178e+00
3.223130886757104574e-01,8.924756018570921157e+00,1.746321120651542769e+00,8.888112070664172748e+00,1.500010809021659952e+00,8.871474955188123346e+00,2.700000000000000178e+00
3.225130886757106574e-01,8.924756019020172459e+00,1.745886261038752663e+00,8.888113792548786307e+00,1.500010804369367179e+00,8.871474955716671218e+00,2.700000000000000178e+00
3.227130886757108574e-01,8.924756019468322421e+00,1.745452393837668703e+00,8.888115510260657715e+00,1.500010799728897837e+00,8.871474956243934784e+00,2.700000000000000178e+00
3.229130886757110575e-01,8.924756019915387029e+00,1.745019516783031355e+00,8.888117223810436229e+00,1.500010795102070915e+00,8.871474956769933584e+00,2.700000000000000178e+00
3.231130886757112575e-01,8.924756020361453324e+00,1.744587627615589831e+00,8.888118933208888350e+00,1.500010790486385304e+00,8.871474957294756436e+00,2.700000000000000178e+00
3.233130886757114575e-01,8.924756020806322354e+00,1.744156724081041832e+00,8.888120638466443069e+00,1.500010785881613629e+00,8.871474957818202611e+00,2.700000000000000178e+00
3.235130886757116575e-01,8.924756021250171756e+00,1.743726803929187552e+00,8.888122339593856225e+00,1.500010781289802253e+00,8.871474958340444417e+00,2.700000000000000178e+00
3.237130886757118575e-01,8.924756021692921593e+00,1.743297864916778073e+00,8.888124036601631417e+00,1.500010776708904814e+00,8.871474958861414351e+00,2.700000000000000178e+00
3.239130886757120575e-01,8.924756022134625155e+00,1.742869904804006831e+00,8.888125729500323757e+00,1.500010772139376058e+00,8.871474959381153269e+00,2.700000000000000178e+00
3.241130886757122576e-01,8.924756022575257575e+00,1.742442921357529428e+00,8.888127418300420857e+00,1.500010767582352855e+00,8.871474959899645185e+00,2.700000000000000178e+00
3.243130886757124576e-01,8.924756023014740691e+00,1.742016912347764901e+00,8.888129103012298415e+00,1.500010763037153083e+00,8.871474960416810163e+00,2.700000000000000178e+00
3.245130886757126576e-01,8.924756023453243259e+00,1.741591875551602886e+00,8.888130783646614574e+00,1.500010758502185126e+00,8.871474960932813403e+00,2.700000000000000178e+00
3.247130886757128576e-01,8.924756023890660472e+00,1.741167808749781720e+00,8.888132460213633124e+00,1.500010753979722722e+00,8.871474961447558982e+00,2.700000000000000178e+00
3.249130886757130576e-01,8.924756024327004766e+00,1.740744709728913486e+00,8.888134132723765291e+00,1.500010749469083748e+00,8.871474961961055783e+00,2.700000000000000178e+00
3.251130886757132576e-01,8.924756024762421802e+00,1.740322576280495026e+00,8.888135801187491580e+00,1.500010744970495580e+00,8.871474962473451242e+00,2.700000000000000178e+00
3.253130886757134577e-01,8.924756025196598941e+00,1.739901406200979217e+00,8.888137465614885713e+00,1.500010740481684479e+00,8.871474962984423840e+00,2.700000000000000178e+00
3.255130886757136577e-01,8.924756025629832834e+00,1.739481197291690595e+00,8.888139126016469049e+00,1.500010736005151557e+00,8.871474963494280885e+00,2.700000000000000178e+00
3.257130886757138577e-01,8.924756026061999137e+00,1.739061947359014315e+00,8.888140782402421891e+00,1.500010731540896813e+00,8.871474964002901586e+00,2.700000000000000178e+00
3.259130886757140577e-01,8.924756026493085415e+00,1.738643654214491185e+00,8.888142434782995593e+00,1.500010727085737017e+00,8.871474964510261074e+00,2.700000000000000178e+00
3.261130886757142577e-01,8.924756026923164498e+00,1.738226315674336719e+00,8.888144083168436183e+00,1.500010722643310146e+00,8.871474965016441061e+00,2.700000000000000178e+00
3.263130886757144578e-01,8.924756027352124477e+00,1.737809929560596434e+00,8.888145727568796062e+00,1.500010718212024585e+00,8.871474965521326084e+00,2.700000000000000178e+00
3.265130886757146578e-01,8.924756027780205159e+00,1.737394493699389919e+00,8.888147367994513104e+00,1.500010713793017203e+00,8.871474966025159503e+00,2.700000000000000178e+00
3.267130886757148578e-01,8.924756028207140091e+00,1.736980005922455605e+00,8.888149004455435431e+00,1.500010709384241636e+00,8.871474966527678419e+00,2.700000000000000178e+00
3.269130886757150578e-01,8.924756028633046512e+00,1.736566464066060078e+00,8.888150636961778872e+00,1.500010704985925258e+00,8.871474967028994740e+00,2.700000000000000178e+00
3.271130886757152578e-01,8.924756029057975937e+00,1.736153865970982979e+00,8.888152265523642015e+00,1.500010700600114433e+00,8.871474967529159983e+00,2.700000000000000178e+00
3.273130886757154578e-01,8.924756029481816455e+00,1.735742209483829512e+00,8.888153890150951142e+00,1.500010696225217544e+00,8.871474968028064012e+00,2.700000000000000178e+00
3.275130886757156579e-01,8.924756029904729715e+00,1.735331492455427504e+00,8.888155510853922081e+00,1.500010691861916712e+00,8.871474968525870253e+00,2.700000000000000178e+00
3.277130886757158579e-01,8.924756030326491896e+00,1.734921712741588573e+00,8.888157127642310584e+00,1.500010687507938201e+00,8.871474969022354884e+00,2.700000000000000178e+00
3.279130886757160579e-01,8.924756030747319713e+00,1.734512868204105551e+00,8.888158740526256096e+00,1.500010683167147363e+00,8.871474969517738174e+00,2.700000000000000178e+00
3.281130886757162579e-01,8.924756031167065728e+00,1.734104956708734324e+00,8.888160349515578318e+00,1.500010678835451472e+00,8.871474970011860250e+00,2.700000000000000178e+00
3.283130886757164579e-01,8.924756031585930671e+00,1.733697976124745965e+00,8.888161954620347416e+00,1.500010674516261133e+00,8.871474970504943158e+00,2.700000000000000178e+00
3.285130886757166579e-01,8.924756032003681838e+00,1.733291924329291467e+00,8.888163555850217890e+00,1.500010670207075236e+00,8.871474970996738207e+00,2.700000000000000178e+00
3.287130886757168580e-01,8.924756032420386731e+00,1.732886799201932559e+00,8.888165153215103587e+00,1.500010665909485397e+00,8.871474971487312899e+00,2.700000000000000178e+00
3.289130886757170580e-01,8.924756032836162589e+00,1.732482598627747894e+00,8.888166746724962763e+00,1.500010661622582120e+00,8.871474971976793356e+00,2.700000000000000178e+00
3.291130886757172580e-01,8.924756033250895726e+00,1.732079320497828867e+00,8.888168336389448143e+00,1.500010657346138032e+00,8.871474972465064113e+00,2.700000000000000178e+00
3.293130886757174580e-01,8.924756033664611010e+00,1.731676962706123035e+00,8.888169922218340346e+00,1.500010653081290002e+00,8.871474972952148264e+00,2.700000000000000178e+00
3.295130886757176580e-01,8.924756034077404365e+00,1.731275523152763895e+00,8.888171504221498154e+00,1.500010648827128534e+00,8.871474973438141731e+00,2.700000000000000178e+00
3.297130886757178581e-01,8.924756034489076839e+00,1.730874999741596643e+00,8.888173082408457049e+00,1.500010644582516761e+00,8.871474973922849117e+00,2.700000000000000178e+00
3.299130886757180581e-01,8.924756034899889556e+00,1.730475390382603340e+00,8.888174656789095351e+00,1.500010640349955793e+00,8.871474974406529768e+00,2.700000000000000178e+00
3.301130886757182581e-01,8.924756035309657776e+00,1.730076692989364728e+00,8.888176227372937888e+00,1.500010636128308761e+00,8.871474974889002496e+00,2.700000000000000178e+00
3.303130886757184581e-01,8.924756035718353075e+00,1.729678905480063866e+00,8.888177794169594748e+00,1.500010631915984050e+00,8.871474975370229998e+00,2.700000000000000178e+00
3.305130886757186581e-01,8.924756036126161973e+00,1.729282025780241039e+00,8.888179357188793261e+00,1.500010627715937517e+00,8.871474975850407674e+00,2.700000000000000178e+00
3.307130886757188581e-01,8.924756036533027626e+00,1.728886051815776703e+00,8.888180916440113322e+00,1.500010623525213305e+00,8.871474976329482232e+00,2.700000000000000178e+00
3.309130886757190582e-01,8.924756036938868320e+00,1.728490981520179215e+00,8.888182471932992712e+00,1.500010619346085150e+00,8.871474976807361301e+00,2.700000000000000178e+00
3.311130886757192582e-01,8.924756037343701820e+00,1.728096812832379703e+00,8.888184023677020207e+00,1.500010615176051942e+00,8.871474977284069752e+00,2.700000000000000178e+00
3.313130886757194582e-01,8.924756037747526349e+00,1.727703543694242283e+00,8.888185571681647801e+00,1.500010611017842166e+00,8.871474977759604030e+00,2.700000000000000178e+00
3.315130886757196582e-01,8.924756038150460924e+00,1.727311172052335753e+00,8.888187115956457163e+00,1.500010606870546326e+00,8.871474978234090258e+00,2.700000000000000178e+00
3.317130886757198582e-01,8.924756038552352777e+00,1.726919695858419868e+00,8.888188656510779495e+00,1.500010602732800180e+00,8.871474978707365011e+00,2.700000000000000178e+00
3.319130886757200583e-01,8.924756038953358228e+00,1.726529113070965904e+00,8.888190193354185809e+00,1.500010598605058476e+00,8.871474979179591713e+00,2.700000000000000178e+00
3.321130886757202583e-01,8.924756039353384907e+00,1.726139421648890782e+00,8.888191726495920264e+00,1.500010594489822324e+00,8.871474979650676218e+00,2.700000000000000178e+00
3.323130886757204583e-01,8.924756039752352876e+00,1.725750619556286169e+00,8.888193255945362026e+00,1.500010590382998998e+00,8.871474980120542142e+00,2.700000000000000178e+00
3.325130886757206583e-01,8.924756040150391811e+00,1.725362704769600297e+00,8.888194781711906245e+00,1.500010586287544356e+00,8.871474980589315606e+00,2.700000000000000178e+00
3.327130886757208583e-01,8.924756040547569214e+00,1.724975675257031771e+00,8.888196303804985376e+00,1.500010582202548903e+00,8.871474981057065889e+00,2.700000000000000178e+00
3.329130886757210583e-01,8.924756040943737645e+00,1.724589529001771648e+00,8.888197822233721013e+00,1.500010578127330518e+00,8.871474981523647330e+00,2.700000000000000178e+00
3.331130886757212584e-01,8.924756041338943291e+00,1.724204263991229391e+00,8.888199337007417711e+00,1.500010574062343949e+00,8.871474981989107889e+00,2.700000000000000178e+00
3.333130886757214584e-01,8.924756041733211021e+00,1.723819878209516210e+00,8.888200848135342724e+00,1.500010570008726063e+00,8.871474982453467106e+00,2.700000000000000178e+00
3.335130886757216584e-01,8.924756042126494648e+00,1.723436369650915179e+00,8.888202355626695805e+00,1.500010565963521003e+00,8.871474982916680574e+00,2.700000000000000178e+00
3.337130886757218584e-01,8.924756042518847465e+00,1.723053736314419160e+00,8.888203859490660719e+00,1.500010561929684627e+00,8.871474983378806911e+00,2.700000000000000178e+00
3.339130886757220584e-01,8.924756042910273024e+00,1.722671976203499211e+00,8.888205359736447875e+00,1.500010557905852693e+00,8.871474983839842565e+00,2.700000000000000178e+00
3.341130886757222584e-01,8.924756043300737574e+00,1.722291087320484859e+00,8.888206856373157549e+00,1.500010553892934695e+00,8.871474984299762667e+00,2.700000000000000178e+00
3.343130886757224585e-01,8.924756043690223350e+00,1.721911067680171659e+00,8.888208349409897124e+00,1.500010549888656897e+00,8.871474984758545901e+00,2.700000000000000178e+00
3.345130886757226585e-01,8.924756044078838713e+00,1.721531915302546345e+00,8.888209838855802403e+00,1.500010545896429903e+00,8.871474985216297071e+00,2.700000000000000178e+00
3.347130886757228585e-01,8.924756044466528593e+00,1.721153628201466557e+00,8.888211324719959450e+00,1.500010541912843109e+00,8.871474985672966440e+00,2.700000000000000178e+00
3.349130886757230585e-01,8.924756044853205950e+00,1.720776204408017707e+00,8.888212807011298011e+00,1.500010537938123889e+00,8.871474986128461637e+00,2.700000000000000178e+00
3.351130886757232585e-01,8.924756045239000457e+00,1.720399641950695946e+00,8.888214285738907705e+00,1.500010533975682847e+00,8.871474986582924771e+00,2.700000000000000178e+00
3.353130886757234586e-01,8.924756045623885470e+00,1.720023938861410251e+00,8.888215760911815977e+00,1.500010530021427257e+00,8.871474987036320314e+00,2.700000000000000178e+00
3.355130886757236586e-01,8.924756046007836119e+00,1.719649093180965815e+00,8.888217232538902834e+00,1.500010526079449846e+00,8.871474987488621622e+00,2.700000000000000178e+00
3.357130886757238586e-01,8.924756046390877273e+00,1.719275102952605216e+00,8.888218700629188618e+00,1.500010522145203140e+00,8.871474987939862444e+00,2.700000000000000178e+00
3.359130886757240586e-01,8.924756046772921891e+00,1.718901966223881139e+00,8.888220165191464517e+00,1.500010518221642997e+00,8.871474988389943306e+00,2.700000000000000178e+00
3.361130886757242586e-01,8.924756047154147609e+00,1.718529681046823354e+00,8.888221626234830808e+00,1.500010514307405174e+00,8.871474988839054276e+00,2.700000000000000178e+00
3.363130886757244586e-01,8.924756047534447845e+00,1.718158245477555690e+00,8.888223083768007626e+00,1.500010510404536035e+00,8.871474989287083446e+00,2.700000000000000178e+00
3.365130886757246587e-01,8.924756047913712464e+00,1.717787657578445870e+00,8.888224537799745306e+00,1.500010506509852348e+00,8.871474989733922456e+00,2.700000000000000178e+00
3.367130886757248587e-01,8.924756048292222133e+00,1.717417915414084728e+00,8.888225988339161887e+00,1.500010502626082598e+00,8.871474990179859077e+00,2.700000000000000178e+00
3.369130886757250587e-01,8.924756048669689079e+00,1.717049017054924409e+00,8.888227435394735920e+00,1.500010498751407795e+00,8.871474990624589552e+00,2.700000000000000178e+00
3.371130886757252587e-01,8.924756049046342454e+00,1.716680960574522574e+00,8.888228878975459324e+00,1.500010494886964807e+00,8.871474991068357241e+00,2.700000000000000178e+00
3.373130886757254587e-01,8.924756049422096993e+00,1.716313744052573975e+00,8.888230319090030918e+00,1.500010491031389392e+00,8.871474991511071551e+00,2.700000000000000178e+00
3.375130886757256587e-01,8.924756049796885193e+00,1.715947365571547589e+00,8.888231755747069585e+00,1.500010487186045793e+00,8.871474991952668532e+00,2.700000000000000178e+00
3.377130886757258588e-01,8.924756050170890020e+00,1.715581823218980784e+00,8.888233188955455333e+00,1.500010483351616131e+00,8.871474992393329373e+00,2.700000000000000178e+00
3.379130886757260588e-01,8.924756050543882324e+00,1.715217115086456579e+00,8.888234618723659608e+00,1.500010479524689799e+00,8.871474992832823148e+00,2.700000000000000178e+00
3.381130886757262588e-01,8.924756050915998884e+00,1.714853239270691221e+00,8.888236045060457613e+00,1.500010475708222657e+00,8.871474993271291964e+00,2.700000000000000178e+00
3.383130886757264588e-01,8.924756051287211278e+00,1.714490193871566870e+00,8.888237467974439809e+00,1.500010471901759956e+00,8.871474993708702073e+00,2.700000000000000178e+00
3.385130886757266588e-01,8.924756051657526612e+00,1.714127976994749059e+00,8.888238887474203764e+00,1.500010468104164829e+00,8.871474994145067683e+00,2.700000000000000178e+00
3.387130886757268589e-01,8.924756052027056796e+00,1.713766586749631893e+00,8.888240303568471390e+00,1.500010464316801517e+00,8.871474994580491824e+00,2.700000000000000178e+00
3.389130886757270589e-01,8.924756052395624195e+00,1.713406021248772282e+00,8.888241716265603998e+00,1.500010460538533152e+00,8.871474995014811071e+00,2.700000000000000178e+00
3.391130886757272589e-01,8.924756052763255454e+00,1.713046278610527384e+00,8.888243125574170733e+00,1.500010456769359735e+00,8.871474995448039635e+00,2.700000000000000178e+00
3.393130886757274589e-01,8.924756053130106892e+00,1.712687356956439588e+00,8.888244531502826007e+00,1.500010453010190759e+00,8.871474995880340941e+00,2.700000000000000178e+00
3.395130886757276589e-01,8.924756053495974228e+00,1.712329254413701651e+00,8.888245934059876063e+00,1.500010449260116729e+00,8.871474996311505379e+00,2.700000000000000178e+00
3.397130886757278589e-01,8.924756053861040428e+00,1.711971969112960457e+00,8.888247333253930904e+00,1.500010445520274516e+00,8.871474996741719465e+00,2.700000000000000178e+00
3.399130886757280590e-01,8.924756054225216673e+00,1.711615499188872791e+00,8.888248729093371381e+00,1.500010441789299875e+00,8.871474997170897936e+00,2.700000000000000178e+00
3.401130886757282590e-01,8.924756054588529608e+00,1.711259842780225693e+00,8.888250121586622754e+00,1.500010438068102303e+00,8.871474997599062107e+00,2.700000000000000178e+00
3.403130886757284590e-01,8.924756054950950812e+00,1.710904998030755575e+00,8.888251510742055217e+00,1.500010434355317557e+00,8.871474998026187109e+00,2.700000000000000178e+00
3.405130886757286590e-01,8.924756055312471403e+00,1.710550963088352416e+00,8.888252896568063832e+00,1.500010430651400384e+00,8.871474998452267613e+00,2.700000000000000178e+00
3.407130886757288590e-01,8.924756055673181976e+00,1.710197736105414146e+00,8.888254279073038333e+00,1.500010426958169774e+00,8.871474998877385332e+00,2.700000000000000178e+00
3.409130886757290591e-01,8.924756056032949303e+00,1.709845315237341401e+00,8.888255658265208581e+00,1.500010423272669868e+00,8.871474999301415920e+00,2.700000000000000178e+00
3.411130886757292591e-01,8.924756056391933257e+00,1.709493698644262816e+00,8.888257034152985625e+00,1.500010419598311273e+00,8.871474999724515698e+00,2.700000000000000178e+00
3.413130886757294591e-01,8.924756056750014821e+00,1.709142884491436476e+00,8.888258406744606432e+00,1.500010415931456009e+00,8.871475000146567425e+00,2.700000000000000178e+00
3.415130886757296591e-01,8.924756057107314788e+00,1.708792870946618914e+00,8.888259776048382577e+00,1.500010412275514682e+00,8.871475000567690117e+00,2.700000000000000178e+00
3.417130886757298591e-01,8.924756057463715919e+00,1.708443656183537218e+00,8.888261142072478194e+00,1.500010408627986180e+00,8.871475000987771864e+00,2.700000000000000178e+00
3.419130886757300591e-01,8.924756057819283939e+00,1.708095238379175429e+00,8.888262504825151566e+00,1.500010404990007373e+00,8.871475001406871286e+00,2.700000000000000178e+00
3.421130886757302592e-01,8.924756058173915818e+00,1.707747615714299450e+00,8.888263864314531304e+00,1.500010401359531897e+00,8.871475001824892459e+00,2.700000000000000178e+00
3.423130886757304592e-01,8.924756058527764324e+00,1.707400786375080193e+00,8.888265220548900558e+00,1.500010397738378742e+00,8.871475002241982821e+00,2.700000000000000178e+00
3.425130886757306592e-01,8.924756058880756626e+00,1.707054748550370427e+00,8.888266573536297344e+00,1.500010394127230029e+00,8.871475002658074871e+00,2.700000000000000178e+00
3.427130886757308592e-01,8.924756059232969108e+00,1.706709500434664406e+00,8.888267923285001260e+00,1.500010390524948889e+00,8.871475003073244991e+00,2.700000000000000178e+00
3.429130886757310592e-01,8.924756059584268542e+00,1.706365040224571583e+00,8.888269269802920647e+00,1.500010386931080575e+00,8.871475003487351074e+00,2.700000000000000178e+00
3.431130886757312592e-01,8.924756059934631836e+00,1.706021366122440597e+00,8.888270613098157469e+00,1.500010383346989329e+00,8.871475003900380685e+00,2.700000000000000178e+00
3.433130886757314593e-01,8.924756060284355641e+00,1.705678476334483662e+00,8.888271953179067708e+00,1.500010379771083535e+00,8.871475004312632251e+00,2.700000000000000178e+00
3.435130886757316593e-01,8.924756060633145083e+00,1.705336369070708402e+00,8.888273290053355424e+00,1.500010376205182183e+00,8.871475004723800240e+00,2.700000000000000178e+00
3.437130886757318593e-01,8.924756060981053452e+00,1.704995042545364159e+00,8.888274623729104817e+00,1.500010372647693657e+00,8.871475005133950376e+00,2.700000000000000178e+00
3.439130886757320593e-01,8.924756061328222856e+00,1.704654494976455048e+00,8.888275954214474694e+00,1.500010369099072705e+00,8.871475005543217662e+00,2.700000000000000178e+00
3.441130886757322593e-01,8.924756061674449015e+00,1.704314724586642793e+00,8.888277281517225958e+00,1.500010365557955083e+00,8.871475005951399595e+00,2.700000000000000178e+00
3.443130886757324594e-01,8.924756062019939762e+00,1.703975729601680866e+00,8.888278605645490771e+00,1.500010362027296651e+00,8.871475006358702231e+00,2.700000000000000178e+00
3.445130886757326594e-01,8.924756062364584963e+00,1.703637508252049404e+00,8.888279926607108195e+00,1.500010358505278418e+00,8.871475006765018989e+00,2.700000000000000178e+00
3.447130886757328594e-01,8.924756062708413040e+00,1.703300058773827619e+00,8.888281244410002557e+00,1.500010354991673012e+00,8.871475007170381843e+00,2.700000000000000178e+00
3.449130886757330594e-01,8.924756063051393795e+00,1.702963379404011102e+00,8.888282559062066213e+00,1.500010351487389926e+00,8.871475007574757043e+00,2.700000000000000178e+00
3.451130886757332594e-01,8.924756063393584071e+00,1.702627468384570131e+00,8.888283870571173750e+00,1.500010347991747039e+00,8.871475007978196103e+00,2.700000000000000178e+00
3.453130886757334594e-01,8.924756063734914591e+00,1.702292323963061849e+00,8.888285178945150022e+00,1.500010344504516979e+00,8.871475008380635074e+00,2.700000000000000178e+00
3.455130886757336595e-01,8.924756064075445749e+00,1.701957944389190347e+00,8.888286484191850079e+00,1.500010341025927119e+00,8.871475008782137905e+00,2.700000000000000178e+00
3.457130886757338595e-01,8.924756064415136692e+00,1.701624327917937052e+00,8.888287786319033046e+00,1.500010337555750084e+00,8.871475009182669069e+00,2.700000000000000178e+00
3.459130886757340595e-01,8.924756064754074458e+00,1.701291472808611482e+00,8.888289085334587725e+00,1.500010334093985875e+00,8.871475009582303173e+00,2.700000000000000178e+00
3.461130886757342595e-01,8.924756065092148916e+00,1.700959377322330601e+00,8.888290381246140015e+00,1.500010330641771361e+00,8.871475009980930082e+00,2.700000000000000178e+00
3.463130886757344595e-01,8.924756065429461316e+00,1.700628039726441720e+00,8.888291674061516545e+00,1.500010327198651794e+00,8.871475010378656378e+00,2.700000000000000178e+00
3.465130886757346595e-01,8.924756065765995672e+00,1.700297458291038399e+00,8.888292963788458678e+00,1.500010323763262932e+00,8.871475010775474956e+00,2.700000000000000178e+00
3.467130886757348596e-01,8.924756066101620533e+00,1.699967631290405734e+00,8.888294250434537247e+00,1.500010320335150027e+00,8.871475011171241931e+00,2.700000000000000178e+00
3.469130886757350596e-01,8.924756066436511759e+00,1.699638557002780770e+00,8.888295534007571774e+00,1.500010316917268938e+00,8.871475011566134938e+00,2.700000000000000178e+00
3.471130886757352596e-01,8.924756066770621388e+00,1.699310233710259466e+00,8.888296814515184607e+00,1.500010313507573301e+00,8.871475011960116674e+00,2.700000000000000178e+00
3.473130886757354596e-01,8.924756067103865931e+00,1.698982659699091124e+00,8.888298091964944803e+00,1.500010310105835742e+00,8.871475012353089440e+00,2.700000000000000178e+00
3.475130886757356596e-01,8.924756067436371509e+00,1.698655833259688608e+00,8.888299366364554643e+00,1.500010306714102626e+00,8.871475012745191790e+00,2.700000000000000178e+00
3.477130886757358597e-01,8.924756067768079504e+00,1.698329752685311833e+00,8.888300637721590292e+00,1.500010303329418093e+00,8.871475013136359777e+00,2.700000000000000178e+00
3.479130886757360597e-01,8.924756068098968598e+00,1.698004416274507822e+00,8.888301906043578171e+00,1.500010299954055881e+00,8.871475013526573861e+00,2.700000000000000178e+00
3.481130886757362597e-01,8.924756068429076095e+00,1.697679822328792554e+00,8.888303171338119313e+00,1.500010296586651748e+00,8.871475013915867791e+00,2.700000000000000178e+00
3.483130886757364597e-01,8.924756068758455285e+00,1.697355969153316213e+00,8.888304433612818301e+00,1.500010293226523572e+00,8.871475014304294859e+00,2.700000000000000178e+00
3.485130886757366597e-01,8.924756069086935639e+00,1.697032855057387657e+00,8.888305692875000830e+00,1.500010289875717717e+00,8.871475014691698746e+00,2.700000000000000178e+00
3.487130886757368597e-01,8.924756069414746307e+00,1.696710478355958340e+00,8.888306949132397605e+00,1.500010286532869941e+00,8.871475015078292614e+00,2.700000000000000178e+00
3.489130886757370598e-01,8.924756069741709652e+00,1.696388837364239954e+00,8.888308202392277479e+00,1.500010283198662364e+00,8.871475015463907710e+00,2.700000000000000178e+00
3.491130886757372598e-01,8.924756070067916269e+00,1.696067930403829749e+00,8.888309452662239707e+00,1.500010279872185492e+00,8.871475015848629297e+00,2.700000000000000178e+00
3.493130886757374598e-01,8.924756070393351948e+00,1.695747755800524947e+00,8.888310699949631299e+00,1.500010276555713062e+00,8.871475016232443167e+00,2.700000000000000178e+00
3.495130886757376598e-01,8.924756070717990042e+00,1.695428311881039374e+00,8.888311944261891639e+00,1.500010273246289216e+00,8.871475016615331555e+00,2.700000000000000178e+00
3.497130886757378598e-01,8.924756071041786143e+00,1.695109596979812006e+00,8.888313185606380173e+00,1.500010269944596075e+00,8.871475016997242946e+00,2.700000000000000178e+00
3.499130886757380599e-01,8.924756071364900123e+00,1.694791609432163115e+00,8.888314423990582469e+00,1.500010266651543134e+00,8.871475017378338990e+00,2.700000000000000178e+00
3.501130886757382599e-01,8.924756071687260928e+00,1.694474347578369677e+00,8.888315659421818893e+00,1.500010263367130392e+00,8.871475017758552184e+00,2.700000000000000178e+00
3.503130886757384599e-01,8.924756072008799279e+00,1.694157809762467437e+00,8.888316891907345862e+00,1.500010260090448355e+00,8.871475018137813251e+00,2.700000000000000178e+00
3.505130886757386599e-01,8.924756072329600443e+00,1.693841994331561907e+00,8.888318121454570786e+00,1.500010256821042276e+00,8.871475018516198574e+00,2.700000000000000178e+00
3.507130886757388599e-01,8.924756072649602245e+00,1.693526899637647798e+00,8.888319348070693238e+00,1.500010253560731144e+00,8.871475018893656639e+00,2.700000000000000178e+00
3.509130886757390599e-01,8.924756072968861531e+00,1.693212524035395905e+00,8.888320571763093980e+00,1.500010250308378090e+00,8.871475019270242512e+00,2.700000000000000178e+00
3.511130886757392600e-01,8.924756073287323233e+00,1.692898865883755599e+00,8.888321792538947719e+00,1.500010247063755742e+00,8.871475019645901128e+00,2.700000000000000178e+00
3.513130886757394600e-01,8.924756073605067286e+00,1.692585923545878446e+00,8.888323010405581925e+00,1.500010243827318845e+00,8.871475020020703539e+00,2.700000000000000178e+00
3.515130886757396600e-01,8.924756073922084809e+00,1.692273695388234689e+00,8.888324225370203280e+00,1.500010240598840028e+00,8.871475020394660405e+00,2.700000000000000178e+00
3.517130886757398600e-01,8.924756074238352710e+00,1.691962179780521103e+00,8.888325437439959842e+00,1.500010237378774036e+00,8.871475020767725539e+00,2.700000000000000178e+00
3.519130886757400600e-01,8.924756074553775065e+00,1.691651375096589804e+00,8.888326646621974803e+00,1.500010234166438750e+00,8.871475021139822559e+00,2.700000000000000178e+00
3.521130886757402600e-01,8.924756074868550826e+00,1.691341279714809520e+00,8.888327852923582739e+00,1.500010230962288915e+00,8.871475021511141534e+00,2.700000000000000178e+00
3.523130886757404601e-01,8.924756075182498805e+00,1.691031892014818849e+00,8.888329056351770063e+00,1.500010227766097159e+00,8.871475021881504830e+00,2.700000000000000178e+00
3.525130886757406601e-01,8.924756075495738017e+00,1.690723210382323760e+00,8.888330256913750560e+00,1.500010224577863482e+00,8.871475022251029685e+00,2.700000000000000178e+00
3.527130886757408601e-01,8.924756075808218725e+00,1.690415233206628010e+00,8.888331454616603011e+00,1.500010221396678389e+00,8.871475022619671691e+00,2.700000000000000178e+00
3.529130886757410601e-01,8.924756076119978232e+00,1.690107958880359140e+00,8.888332649467429292e+00,1.500010218225042991e+00,8.871475022987462822e+00,2.700000000000000178e+00
3.531130886757412601e-01,8.924756076430893970e+00,1.689801385798582745e+00,8.888333841473187391e+00,1.500010215059546681e+00,8.871475023354278733e+00,2.700000000000000178e+00
3.533130886757414602e-01,8.924756076741189759e+00,1.689495512361511187e+00,8.888335030641137280e+00,1.500010211902690571e+00,8.871475023720348574e+00,2.700000000000000178e+00
3.535130886757416602e-01,8.924756077050707503e+00,1.689190336972160811e+00,8.888336216978151683e+00,1.500010208752883045e+00,8.871475024085514249e+00,2.700000000000000178e+00
3.537130886757418602e-01,8.924756077359488060e+00,1.688885858037530108e+00,8.888337400491273854e+00,1.500010205612170466e+00,8.871475024449813063e+00,2.700000000000000178e+00
3.539130886757420602e-01,8.924756077667558074e+00,1.688582073967779706e+00,8.888338581187536391e+00,1.500010202478051724e+00,8.871475024813276988e+00,2.700000000000000178e+00
3.541130886757422602e-01,8.924756077974883794e+00,1.688278983177517123e+00,8.888339759073875967e+00,1.500010199352118434e+00,8.871475025175868723e+00,2.700000000000000178e+00
3.543130886757424602e-01,8.924756078281466998e+00,1.687976584085031373e+00,8.888340934157220374e+00,1.500010196234370596e+00,8.871475025537593595e+00,2.700000000000000178e+00
3.545130886757426603e-01,8.924756078587314789e+00,1.687674875111378148e+00,8.888342106444540036e+00,1.500010193124580837e+00,8.871475025898455158e+00,2.700000000000000178e+00
3.547130886757428603e-01,8.924756078892478683e+00,1.687373854681475382e+00,8.888343275942794719e+00,1.500010190022294410e+00,8.871475026258508478e+00,2.700000000000000178e+00
3.549130886757430603e-01,8.924756079196868086e+00,1.687073521223648509e+00,8.888344442658846489e+00,1.500010186925692324e+00,8.871475026617664739e+00,2.700000000000000178e+00
3.551130886757432603e-01,8.924756079500530959e+00,1.686773873171093951e+00,8.888345606599514781e+00,1.500010183839322053e+00,8.871475026975970124e+00,2.700000000000000178e+00
3.553130886757434603e-01,8.924756079803538356e+00,1.686474908958993213e+00,8.888346767771796664e+00,1.500010180759772993e+00,8.871475027333486807e+00,2.700000000000000178e+00
3.555130886757436603e-01,8.924756080105689549e+00,1.686176627026752639e+00,8.888347926182355252e+00,1.500010177686590396e+00,8.871475027690026494e+00,2.700000000000000178e+00
3.557130886757438604e-01,8.924756080407215464e+00,1.685879025817843324e+00,8.888349081838192944e+00,1.500010174622502745e+00,8.871475028045820110e+00,2.700000000000000178e+00
3.559130886757440604e-01,8.924756080708053929e+00,1.685582103778104468e+00,8.888350234746107859e+00,1.500010171565008932e+00,8.871475028400800156e+00,2.700000000000000178e+00
3.561130886757442604e-01,8.924756081008098363e+00,1.685285859357980254e+00,8.888351384912740016e+00,1.500010168515473197e+00,8.871475028754860048e+00,2.700000000000000178e+00
3.563130886757444604e-01,8.924756081307542388e+00,1.684990291010761254e+00,8.888352532345066948e+00,1.500010165474122914e+00,8.871475029108200516e+00,2.700000000000000178e+00
3.565130886757446604e-01,8.924756081606183500e+00,1.684695397193713529e+00,8.888353677049675383e+00,1.500010162438684347e+00,8.871475029460615502e+00,2.700000000000000178e+00
3.567130886757448605e-01,8.924756081904122951e+00,1.684401176367079200e+00,8.888354819033347454e+00,1.500010159412113353e+00,8.871475029812206259e+00,2.700000000000000178e+00
3.569130886757450605e-01,8.924756082201335872e+00,1.684107626995393181e+00,8.888355958302804893e+00,1.500010156392818317e+00,8.871475030162944364e+00,2.700000000000000178e+00
3.571130886757452605e-01,8.924756082497845355e+00,1.683814747545898438e+00,8.888357094864794306e+00,1.500010153379889744e+00,8.871475030512860016e+00,2.700000000000000178e+00
3.573130886757454605e-01,8.924756082793699363e+00,1.683522536491127264e+00,8.888358228725987686e+00,1.500010150375373996e+00,8.871475030861994071e+00,2.700000000000000178e+00
3.575130886757456605e-01,8.924756083088816183e+00,1.683230992303670792e+00,8.888359359893010847e+00,1.500010147378816328e+00,8.871475031210275475e+00,2.700000000000000178e+00
3.577130886757458605e-01,8.924756083383263316e+00,1.682940113461363518e+00,8.888360488372587298e+00,1.500010144388625122e+00,8.871475031557757518e+00,2.700000000000000178e+00
3.579130886757460606e-01,8.924756083676999907e+00,1.682649898450259585e+00,8.888361614171232716e+00,1.500010141406619368e+00,8.871475031904415331e+00,2.700000000000000178e+00
3.581130886757462606e-01,8.924756083970049048e+00,1.682360345752808239e+00,8.888362737295663507e+00,1.500010138431889573e+00,8.871475032250264903e+00,2.700000000000000178e+00
3.583130886757464606e-01,8.924756084262371658e+00,1.682071453853198895e+00,8.888363857752423769e+00,1.500010135463980987e+00,8.871475032595261823e+00,2.700000000000000178e+00
3.585130886757466606e-01,8.924756084553989055e+00,1.681783221248150495e+00,8.888364975548091351e+00,1.500010132503120985e+00,8.871475032939439842e+00,2.700000000000000178e+00
3.587130886757468606e-01,8.924756084844908344e+00,1.681495646433857960e+00,8.888366090689231669e+00,1.500010129550219062e+00,8.871475033282797185e+00,2.700000000000000178e+00
3.589130886757470607e-01,8.924756085135179262e+00,1.681208727905423306e+00,8.888367203182438558e+00,1.500010126604365723e+00,8.871475033625383588e+00,2.700000000000000178e+00
3.591130886757472607e-01,8.924756085424718322e+00,1.680922464167521335e+00,8.888368313034186841e+00,1.500010123664651474e+00,8.871475033967124446e+00,2.700000000000000178e+00
3.593130886757474607e-01,8.924756085713607234e+00,1.680636853725816948e+00,8.888369420250988640e+00,1.500010120734259544e+00,8.871475034308092589e+00,2.700000000000000178e+00
3.595130886757476607e-01,8.924756086001846000e+00,1.680351895088458836e+00,8.888370524839425357e+00,1.500010117810006705e+00,8.871475034648289792e+00,2.700000000000000178e+00
3.597130886757478607e-01,8.924756086289324486e+00,1.680067586768658083e+00,8.888371626805819048e+00,1.500010114892347701e+00,8.871475034987611252e+00,2.700000000000000178e+00
3.599130886757480607e-01,8.924756086576161707e+00,1.679783927281905287e+00,8.888372726156738679e+00,1.500010111982646777e+00,8.871475035326172431e+00,2.700000000000000178e+00
3.601130886757482608e-01,8.924756086862341675e+00,1.679500915147592810e+00,8.888373822898596899e+00,1.500010109081131304e+00,8.871475035663955566e+00,2.700000000000000178e+00
3.603130886757484608e-01,8.924756087147827088e+00,1.679218548888729901e+00,8.888374917037824119e+00,1.500010106185072800e+00,8.871475036000930459e+00,2.700000000000000178e+00
3.605130886757486608e-01,8.924756087432587748e+00,1.678936827030437007e+00,8.888376008580769039e+00,1.500010103296290254e+00,8.871475036337059805e+00,2.700000000000000178e+00
3.607130886757488608e-01,8.924756087716691155e+00,1.678655748103064838e+00,8.888377097533881610e+00,1.500010100414783665e+00,8.871475036672418213e+00,2.700000000000000178e+00
3.609130886757490608e-01,8.924756088000185272e+00,1.678375310638675399e+00,8.888378183903594021e+00,1.500010097541462528e+00,8.871475037007050091e+00,2.700000000000000178e+00
3.611130886757492608e-01,8.924756088282897792e+00,1.678095513173329945e+00,8.888379267696105757e+00,1.500010094673825733e+00,8.871475037340777803e+00,2.700000000000000178e+00
3.613130886757494609e-01,8.924756088564992140e+00,1.677816354247248842e+00,8.888380348917870322e+00,1.500010091813919644e+00,8.871475037673778985e+00,2.700000000000000178e+00
3.615130886757496609e-01,8.924756088846480750e+00,1.677537832402604012e+00,8.888381427575270166e+00,1.500010088961062138e+00,8.871475038006050085e+00,2.700000000000000178e+00
3.617130886757498609e-01,8.924756089127223291e+00,1.677259946185645223e+00,8.888382503674451485e+00,1.500010086114343721e+00,8.871475038337466756e+00,2.700000000000000178e+00
3.619130886757500609e-01,8.924756089407345883e+00,1.676982694145364716e+00,8.888383577221826926e+00,1.500010083275583384e+00,8.871475038668142687e+00,2.700000000000000178e+00
3.621130886757502609e-01,8.924756089686789906e+00,1.676706074835511151e+00,8.888384648223610185e+00,1.500010080444326377e+00,8.871475038998028140e+00,2.700000000000000178e+00
3.623130886757504610e-01,8.924756089965557138e+00,1.676430086811582898e+00,8.888385716686087790e+00,1.500010077618071591e+00,8.871475039327121337e+00,2.700000000000000178e+00
3.625130886757506610e-01,8.924756090243628037e+00,1.676154728632023527e+00,8.888386782615441462e+00,1.500010074800002258e+00,8.871475039655397410e+00,2.700000000000000178e+00
3.627130886757508610e-01,8.924756090521096752e+00,1.675879998860687836e+00,8.888387846017996807e+00,1.500010071988526761e+00,8.871475039982962940e+00,2.700000000000000178e+00
3.629130886757510610e-01,8.924756090797936636e+00,1.675605896062493327e+00,8.888388906899960418e+00,1.500010069184327222e+00,8.871475040309782401e+00,2.700000000000000178e+00
3.631130886757512610e-01,8.924756091074021569e+00,1.675332418807400359e+00,8.888389965267370130e+00,1.500010066386039398e+00,8.871475040635736775e+00,2.700000000000000178e+00
3.633130886757514610e-01,8.924756091349518528e+00,1.675059565667580186e+00,8.888391021126563984e+00,1.500010063595937027e+00,8.871475040960987712e+00,2.700000000000000178e+00
3.635130886757516611e-01,8.924756091624363563e+00,1.674787335218125284e+00,8.888392074483652650e+00,1.500010060812428492e+00,8.871475041285471264e+00,2.700000000000000178e+00
3.637130886757518611e-01,8.924756091898565558e+00,1.674515726038902308e+00,8.888393125344787649e+00,1.500010058035286420e+00,8.871475041609199863e+00,2.700000000000000178e+00
3.639130886757520611e-01,8.924756092172096089e+00,1.674244736711276715e+00,8.888394173716058333e+00,1.500010055264738185e+00,8.871475041932141536e+00,2.700000000000000178e+00
3.641130886757522611e-01,8.924756092445003119e+00,1.673974365821286447e+00,8.888395219603614450e+00,1.500010052502602775e+00,8.871475042254353127e+00,2.700000000000000178e+00
3.643130886757524611e-01,8.924756092717231581e+00,1.673704611957223420e+00,8.888396263013524035e+00,1.500010049745242213e+00,8.871475042575767134e+00,2.700000000000000178e+00
3.645130886757526611e-01,8.924756092988802791e+00,1.673435473710792376e+00,8.888397303951885320e+00,1.500010046994930235e+00,8.871475042896413754e+00,2.700000000000000178e+00
3.647130886757528612e-01,8.924756093259741618e+00,1.673166949677386217e+00,8.888398342424721932e+00,1.500010044252803709e+00,8.871475043216312528e+00,2.700000000000000178e+00
3.649130886757530612e-01,8.924756093530067602e+00,1.672899038455159193e+00,8.888399378438180065e+00,1.500010041516361525e+00,8.871475043535493654e+00,2.700000000000000178e+00
3.651130886757532612e-01,8.924756093799700807e+00,1.672631738645709909e+00,8.888400411998166106e+00,1.500010038786285804e+00,8.871475043853866538e+00,2.700000000000000178e+00
3.653130886757534612e-01,8.924756094068738932e+00,1.672365048854125957e+00,8.888401443110813815e+00,1.500010036063486041e+00,8.871475044171535984e+00,2.700000000000000178e+00
3.655130886757536612e-01,8.924756094337151779e+00,1.672098967687681181e+00,8.888402471782084646e+00,1.500010033346825367e+00,8.871475044488468242e+00,2.700000000000000178e+00
3.657130886757538613e-01,8.924756094604855861e+00,1.671833493757049816e+00,8.888403498017881432e+00,1.500010030637213276e+00,8.871475044804574495e+00,2.700000000000000178e+00
3.659130886757540613e-01,8.924756094872012824e+00,1.671568625677118280e+00,8.888404521824329052e+00,1.500010027934649770e+00,8.871475045120027048e+00,2.700000000000000178e+00
3.661130886757542613e-01,8.924756095138528522e+00,1.671304362064636173e+00,8.888405543207275272e+00,1.500010025237997979e+00,8.871475045434735307e+00,2.700000000000000178e+00
3.663130886757544613e-01,8.924756095404367429e+00,1.671040701540459583e+00,8.888406562172644243e+00,1.500010022547712651e+00,8.871475045748647759e+00,2.700000000000000178e+00
3.665130886757546613e-01,8.924756095669595268e+00,1.670777642728735524e+00,8.888407578726393865e+00,1.500010019864703281e+00,8.871475046061839009e+00,2.700000000000000178e+00
3.667130886757548613e-01,8.924756095934226252e+00,1.670515184255575658e+00,8.888408592874490921e+00,1.500010017188287748e+00,8.871475046374330375e+00,2.700000000000000178e+00
3.669130886757550614e-01,8.924756096198262156e+00,1.670253324751485247e+00,8.888409604622783178e+00,1.500010014518011303e+00,8.871475046686116528e+00,2.700000000000000178e+00
3.671130886757552614e-01,8.924756096461559096e+00,1.669992062849017467e+00,8.888410613977011820e+00,1.500010011855010816e+00,8.871475046997050029e+00,2.700000000000000178e+00
3.673130886757554614e-01,8.924756096724303589e+00,1.669731397184686550e+00,8.888411620943246660e+00,1.500010009197694671e+00,8.871475047307328055e+00,2.700000000000000178e+00
3.675130886757556614e-01,8.924756096986424581e+00,1.669471326397375943e+00,8.888412625527235988e+00,1.500010006546744989e+00,8.871475047616868892e+00,2.700000000000000178e+00
3.677130886757558614e-01,8.924756097247893649e+00,1.669211849130506353e+00,8.888413627734790268e+00,1.500010003902616518e+00,8.871475047925656554e+00,2.700000000000000178e+00
3.679130886757560615e-01,8.924756097508772967e+00,1.668952964028058039e+00,8.888414627571767923e+00,1.500010001265309256e+00,8.871475048233739003e+00,2.700000000000000178e+00
3.681130886757562615e-01,8.924756097769032337e+00,1.668694669739326786e+00,8.888415625043977641e+00,1.500009998634368458e+00,8.871475048541094921e+00,2.700000000000000178e+00
3.683130886757564615e-01,8.924756098028685969e+00,1.668436964916296672e+00,8.888416620157183701e+00,1.500009996008884627e+00,8.871475048847743849e+00,2.700000000000000178e+00
3.685130886757566615e-01,8.924756098287684125e+00,1.668179848214286443e+00,8.888417612917123733e+00,1.500009993391131502e+00,8.871475049153621839e+00,2.700000000000000178e+00
3.687130886757568615e-01,8.924756098546119176e+00,1.667923318289804779e+00,8.888418603329625967e+00,1.500009990779517466e+00,8.871475049458837248e+00,2.700000000000000178e+00
3.689130886757570615e-01,8.924756098803916515e+00,1.667667373804859299e+00,8.888419591400348096e+00,1.500009988174497266e+00,8.871475049763299481e+00,2.700000000000000178e+00
3.691130886757572616e-01,8.924756099061152526e+00,1.667412013422597816e+00,8.888420577135136114e+00,1.500009985575843530e+00,8.871475050067100909e+00,2.700000000000000178e+00
3.693130886757574616e-01,8.924756099317704638e+00,1.667157235810266869e+00,8.888421560539542909e+00,1.500009982982192014e+00,8.871475050370108306e+00,2.700000000000000178e+00
3.695130886757576616e-01,8.924756099573754042e+00,1.666903039637982253e+00,8.888422541619451778e+00,1.500009980395589082e+00,8.871475050672509965e+00,2.700000000000000178e+00
3.697130886757578616e-01,8.924756099829140865e+00,1.666649423578679290e+00,8.888423520380388965e+00,1.500009977815125239e+00,8.871475050974138910e+00,2.700000000000000178e+00
3.699130886757580616e-01,8.924756100083888199e+00,1.666396386308137911e+00,8.888424496828028154e+00,1.500009975241482607e+00,8.871475051275025336e+00,2.700000000000000178e+00
3.701130886757582616e-01,8.924756100338035125e+00,1.666143926506027606e+00,8.888425470968050135e+00,1.500009972674888559e+00,8.871475051575208326e+00,2.700000000000000178e+00
3.703130886757584617e-01,8.924756100591659802e+00,1.665892042854658639e+00,8.888426442806206751e+00,1.500009970112387236e+00,8.871475051874762485e+00,2.700000000000000178e+00
3.705130886757586617e-01,8.924756100844616569e+00,1.665640734038681625e+00,8.888427412347937207e+00,1.500009967557389245e+00,8.871475052173542153e+00,2.700000000000000178e+00
3.707130886757588617e-01,8.924756101097006677e+00,1.665389998746412470e+00,8.888428379598943607e+00,1.500009965009212465e+00,8.871475052471650358e+00,2.700000000000000178e+00
3.709130886757590617e-01,8.924756101348712889e+00,1.665139835668550505e+00,8.888429344564750423e+00,1.500009962466265279e+00,8.871475052768975189e+00,2.700000000000000178e+00
3.711130886757592617e-01,8.924756101599962577e+00,1.664890243500012357e+00,8.888430307251116602e+00,1.500009959929684555e+00,8.871475053065738692e+00,2.700000000000000178e+00
3.713130886757594618e-01,8.924756101850505274e+00,1.664641220937785437e+00,8.888431267663369439e+00,1.500009957399015548e+00,8.871475053361683294e+00,2.700000000000000178e+00
3.715130886757596618e-01,8.924756102100458222e+00,1.664392766681057623e+00,8.888432225807171960e+00,1.500009954875395124e+00,8.871475053656942222e+00,2.700000000000000178e+00
3.717130886757598618e-01,8.924756102349920894e+00,1.664144879434087176e+00,8.888433181688160545e+00,1.500009952357459042e+00,8.871475053951607848e+00,2.700000000000000178e+00
3.719130886757600618e-01,8.924756102598763619e+00,1.663897557902019209e+00,8.888434135311714002e+00,1.500009949845889423e+00,8.871475054245545167e+00,2.700000000000000178e+00
3.721130886757602618e-01,8.924756102847007710e+00,1.663650800794153728e+00,8.888435086683390551e+00,1.500009947340004146e+00,8.871475054538786154e+00,2.700000000000000178e+00
3.723130886757604618e-01,8.924756103094596327e+00,1.663404606822200815e+00,8.888436035808592095e+00,1.500009944840030585e+00,8.871475054831265084e+00,2.700000000000000178e+00
3.725130886757606619e-01,8.924756103341707103e+00,1.663158974701203441e+00,8.888436982692983435e+00,1.500009942346878233e+00,8.871475055123166698e+00,2.700000000000000178e+00
3.727130886757608619e-01,8.924756103588153522e+00,1.662913903149050965e+00,8.888437927341842126e+00,1.500009939860092345e+00,8.871475055414300925e+00,2.700000000000000178e+00
3.729130886757610619e-01,8.924756103834011967e+00,1.662669390886036158e+00,8.888438869760701522e+00,1.500009937377626557e+00,8.871475055704740598e+00,2.700000000000000178e+00
3.731130886757612619e-01,8.924756104079358821e+00,1.662425436636604914e+00,8.888439809955015036e+00,1.500009934904255715e+00,8.871475055994574532e+00,2.700000000000000178e+00
3.733130886757614619e-01,8.924756104324139017e+00,1.662182039125635669e+00,8.888440747930248520e+00,1.500009932434522852e+00,8.871475056283733451e+00,2.700000000000000178e+00
3.735130886757616619e-01,8.924756104568292159e+00,1.661939197084298714e+00,8.888441683691699069e+00,1.500009929970474332e+00,8.871475056572165840e+00,2.700000000000000178e+00
3.737130886757618620e-01,8.924756104811869761e+00,1.661696909245097498e+00,8.888442617244807664e+00,1.500009927513474395e+00,8.871475056859926767e+00,2.700000000000000178e+00
3.739130886757620620e-01,8.924756105054841626e+00,1.661455174340668473e+00,8.888443548594910482e+00,1.500009925061931426e+00,8.871475057146978926e+00,2.700000000000000178e+00
3.741130886757622620e-01,8.924756105297364073e+00,1.661213991111933685e+00,8.888444477747523109e+00,1.500009922617437041e+00,8.871475057433475087e+00,2.700000000000000178e+00
3.743130886757624620e-01,8.924756105539190187e+00,1.660973358298498681e+00,8.888445404707791653e+00,1.500009920178399625e+00,8.871475057719175439e+00,2.700000000000000178e+00
3.745130886757626620e-01,8.924756105780458526e+00,1.660733274644472957e+00,8.888446329481174857e+00,1.500009917744591803e+00,8.871475058004225644e+00,2.700000000000000178e+00
3.747130886757628621e-01,8.924756106021234814e+00,1.660493738897364180e+00,8.888447252073056859e+00,1.500009915316695697e+00,8.871475058288682547e+00,2.700000000000000178e+00
3.749130886757630621e-01,8.924756106261405364e+00,1.660254749805613272e+00,8.888448172488612187e+00,1.500009912895620801e+00,8.871475058572427130e+00,2.700000000000000178e+00
3.751130886757632621e-01,8.924756106500964847e+00,1.660016306122633623e+00,8.888449090733166358e+00,1.500009910479775499e+00,8.871475058855466500e+00,2.700000000000000178e+00
3.753130886757634621e-01,8.924756106739938133e+00,1.659778406603143353e+00,8.888450006812027127e+00,1.500009908068705045e+00,8.871475059137816643e+00,2.700000000000000178e+00
3.755130886757636621e-01,8.924756106978456671e+00,1.659541050005376883e+00,8.888450920730550209e+00,1.500009905665365295e+00,8.871475059419617892e+00,2.700000000000000178e+00
3.757130886757638621e-01,8.924756107216342826e+00,1.659304235090301560e+00,8.888451832493858618e+00,1.500009903267709888e+00,8.871475059700689059e+00,2.700000000000000178e+00
3.759130886757640622e-01,8.924756107453644560e+00,1.659067960622073512e+00,8.888452742107222804e+00,1.500009900875056701e+00,8.871475059981067446e+00,2.700000000000000178e+00
3.761130886757642622e-01,8.924756107690487994e+00,1.658832225366555280e+00,8.888453649575991378e+00,1.500009898488542603e+00,8.871475060260895162e+00,2.700000000000000178e+00
3.763130886757644622e-01,8.924756107926702597e+00,1.658597028093742320e+00,8.888454554905226956e+00,1.500009896107712848e+00,8.871475060539998125e+00,2.700000000000000178e+00
3.765130886757646622e-01,8.924756108162371859e+00,1.658362367575897833e+00,8.888455458100194662e+00,1.500009893733022182e+00,8.871475060818456271e+00,2.700000000000000178e+00
3.767130886757648622e-01,8.924756108397470911e+00,1.658128242588348122e+00,8.888456359166083232e+00,1.500009891364015857e+00,8.871475061096242953e+00,2.700000000000000178e+00
3.769130886757650623e-01,8.924756108632051266e+00,1.657894651907807493e+00,8.888457258108106274e+00,1.500009889000239127e+00,8.871475061373418569e+00,2.700000000000000178e+00
3.771130886757652623e-01,8.924756108866054305e+00,1.657661594315310349e+00,8.888458154931331734e+00,1.500009886643283608e+00,8.871475061649919169e+00,2.700000000000000178e+00
3.773130886757654623e-01,8.924756109099536872e+00,1.657429068594833854e+00,8.888459049641026510e+00,1.500009884291102935e+00,8.871475061925799821e+00,2.700000000000000178e+00
3.775130886757656623e-01,8.924756109332413700e+00,1.657197073532951093e+00,8.888459942242192824e+00,1.500009881944833978e+00,8.871475062200977035e+00,2.700000000000000178e+00
3.777130886757658623e-01,8.924756109564796702e+00,1.656965607917945560e+00,8.888460832740078033e+00,1.500009879605613605e+00,8.871475062475571605e+00,2.700000000000000178e+00
3.779130886757660623e-01,8.924756109796565084e+00,1.656734670541510912e+00,8.888461721139673699e+00,1.500009877270031211e+00,8.871475062749446749e+00,2.700000000000000178e+00
3.781130886757662624e-01,8.924756110027947997e+00,1.656504260198641942e+00,8.888462607446305341e+00,1.500009874940815280e+00,8.871475063022845831e+00,2.700000000000000178e+00
3.783130886757664624e-01,8.924756110258526220e+00,1.656274375685494515e+00,8.888463491664648330e+00,1.500009872616828943e+00,8.871475063295338970e+00,2.700000000000000178e+00
3.785130886757666624e-01,8.924756110488733185e+00,1.656045015803504938e+00,8.888464373800163187e+00,1.500009870299891190e+00,8.871475063567368480e+00,2.700000000000000178e+00
3.787130886757668624e-01,8.924756110718398361e+00,1.655816179354499429e+00,8.888465253857772197e+00,1.500009867987500911e+00,8.871475063838763830e+00,2.700000000000000178e+00
3.789130886757670624e-01,8.924756110947523524e+00,1.655587865143451687e+00,8.888466131842539752e+00,1.500009865680112853e+00,8.871475064109517916e+00,2.700000000000000178e+00
3.791130886757672624e-01,8.924756111175989659e+00,1.655360071979860015e+00,8.888467007759309979e+00,1.500009863380000752e+00,8.871475064379520603e+00,2.700000000000000178e+00
3.793130886757674625e-01,8.924756111404041903e+00,1.655132798673048855e+00,8.888467881613399513e+00,1.500009861083754004e+00,8.871475064649009923e+00,2.700000000000000178e+00
3.795130886757676625e-01,8.924756111631506172e+00,1.654906044038793267e+00,8.888468753409604517e+00,1.500009858794328466e+00,8.871475064917824227e+00,2.700000000000000178e+00
3.797130886757678625e-01,8.924756111858473062e+00,1.654679806891686145e+00,8.888469623153060439e+00,1.500009856509450401e+00,8.871475065186041675e+00,2.700000000000000178e+00
3.799130886757680625e-01,8.924756112084919479e+00,1.654454086050604067e+00,8.888470490848643379e+00,1.500009854230711426e+00,8.871475065453649833e+00,2.700000000000000178e+00
3.801130886757682625e-01,8.924756112310797462e+00,1.654228880338131313e+00,8.888471356501328913e+00,1.500009851958111540e+00,8.871475065720591857e+00,2.700000000000000178e+00
3.803130886757684626e-01,8.924756112536115893e+00,1.654004188578525714e+00,8.888472220116074851e+00,1.500009849690286501e+00,8.871475065986883735e+00,2.700000000000000178e+00
3.805130886757686626e-01,8.924756112760899640e+00,1.653780009598367684e+00,8.888473081697828349e+00,1.500009847428145804e+00,8.871475066252541453e+00,2.700000000000000178e+00
3.807130886757688626e-01,8.924756112985194889e+00,1.653556342228166276e+00,8.888473941251580968e+00,1.500009845171007328e+00,8.871475066517618302e+00,2.700000000000000178e+00
3.809130886757690626e-01,8.924756113208943020e+00,1.653333185299621144e+00,8.888474798782189268e+00,1.500009842919553193e+00,8.871475066782060992e+00,2.700000000000000178e+00
3.811130886757692626e-01,8.924756113432199101e+00,1.653110537648661893e+00,8.888475654294587969e+00,1.500009840673328654e+00,8.871475067045913931e+00,2.700000000000000178e+00
3.813130886757694626e-01,8.924756113654872536e+00,1.652888398112234647e+00,8.888476507793590997e+00,1.500009838433243203e+00,8.871475067309091855e+00,2.700000000000000178e+00
3.815130886757696627e-01,8.924756113877021946e+00,1.652666765531477511e+00,8.888477359284145507e+00,1.500009836197705226e+00,8.871475067571653383e+00,2.700000000000000178e+00
3.817130886757698627e-01,8.924756114098739701e+00,1.652445638748808676e+00,8.888478208771198652e+00,1.500009833968306339e+00,8.871475067833692663e+00,2.700000000000000178e+00
3.819130886757700627e-01,8.924756114319841060e+00,1.652225016609786490e+00,8.888479056259406264e+00,1.500009831744591793e+00,8.871475068095023175e+00,2.700000000000000178e+00
3.821130886757702627e-01,8.924756114540437935e+00,1.652004897963035956e+00,8.888479901753731482e+00,1.500009829525879468e+00,8.871475068355753280e+00,2.700000000000000178e+00
3.823130886757704627e-01,8.924756114760583614e+00,1.651785281660092863e+00,8.888480745259089488e+00,1.500009827311941990e+00,8.871475068615946924e+00,2.700000000000000178e+00
3.825130886757706627e-01,8.924756114980183952e+00,1.651566166553134263e+00,8.888481586780129007e+00,1.500009825104825723e+00,8.871475068875499304e+00,2.700000000000000178e+00
3.827130886757708628e-01,8.924756115199253159e+00,1.651347551499707578e+00,8.888482426321729690e+00,1.500009822901802181e+00,8.871475069134437064e+00,2.700000000000000178e+00
3.829130886757710628e-01,8.924756115417840974e+00,1.651129435357799657e+00,8.888483263888721453e+00,1.500009820704235608e+00,8.871475069392788626e+00,2.700000000000000178e+00
3.831130886757712628e-01,8.924756115635789300e+00,1.650911816990028091e+00,8.888484099485701506e+00,1.500009818511443882e+00,8.871475069650420764e+00,2.700000000000000178e+00
3.833130886757714628e-01,8.924756115853321958e+00,1.650694695259276923e+00,8.888484933117668518e+00,1.500009816325245993e+00,8.871475069907541311e+00,2.700000000000000178e+00
3.835130886757716628e-01,8.924756116070408751e+00,1.650478069032404571e+00,8.888485764789354704e+00,1.500009814143822950e+00,8.871475070164132504e+00,2.700000000000000178e+00
3.837130886757718629e-01,8.924756116286884478e+00,1.650261937178663763e+00,8.888486594505334182e+00,1.500009811968084250e+00,8.871475070420018483e+00,2.700000000000000178e+00
3.839130886757720629e-01,8.924756116502846837e+00,1.650046298569875169e+00,8.888487422270465288e+00,1.500009809795983529e+00,8.871475070675302277e+00,2.700000000000000178e+00
3.841130886757722629e-01,8.924756116718310039e+00,1.649831152080266206e+00,8.888488248089410959e+00,1.500009807630249270e+00,8.871475070929994544e+00,2.700000000000000178e+00
3.843130886757724629e-01,8.924756116933270533e+00,1.649616496586723269e+00,8.888489071966938937e+00,1.500009805469971980e+00,8.871475071184095285e+00,2.700000000000000178e+00
3.845130886757726629e-01,8.924756117147850887e+00,1.649402330968862351e+00,8.888489893907834727e+00,1.500009803314924284e+00,8.871475071437727067e+00,2.700000000000000178e+00
3.847130886757728629e-01,8.924756117361765106e+00,1.649188654108879826e+00,8.888490713916493036e+00,1.500009801164878809e+00,8.871475071690602121e+00,2.700000000000000178e+00
3.849130886757730630e-01,8.924756117575197933e+00,1.648975464890654941e+00,8.888491531997784634e+00,1.500009799019608181e+00,8.871475071942905188e+00,2.700000000000000178e+00
3.851130886757732630e-01,8.924756117788215093e+00,1.648762762202297116e+00,8.888492348156415090e+00,1.500009796880021895e+00,8.871475072194710876e+00,2.700000000000000178e+00
3.853130886757734630e-01,8.924756118000708227e+00,1.648550544932506634e+00,8.888493162396946090e+00,1.500009794745437830e+00,8.871475072445894838e+00,2.700000000000000178e+00
3.855130886757736630e-01,8.924756118212634703e+00,1.648338811973911522e+00,8.888493974723942870e+00,1.500009792616083359e+00,8.871475072696432207e+00,2.700000000000000178e+00
3.857130886757738630e-01,8.924756118424102880e+00,1.648127562221843645e+00,8.888494785142182053e+00,1.500009790491503736e+00,8.871475072946424234e+00,2.700000000000000178e+00
3.859130886757740631e-01,8.924756118635045254e+00,1.647916794572381827e+00,8.888495593656138283e+00,1.500009788373063202e+00,8.871475073195796313e+00,2.700000000000000178e+00
3.861130886757742631e-01,8.924756118845644792e+00,1.647706507925714936e+00,8.888496400270643250e+00,1.500009786259624889e+00,8.871475073444742065e+00,2.700000000000000178e+00
3.863130886757744631e-01,8.924756119055578196e+00,1.647496701185107604e+00,8.888497204989965539e+00,1.500009784150279302e+00,8.871475073692927538e+00,2.700000000000000178e+00
3.865130886757746631e-01,8.924756119265014220e+00,1.647287373253549347e+00,8.888498007818817825e+00,1.500009782045935935e+00,8.871475073940533917e+00,2.700000000000000178e+00
3.867130886757748631e-01,8.924756119474061222e+00,1.647078523040508280e+00,8.888498808761905678e+00,1.500009779947049537e+00,8.871475074187664234e+00,2.700000000000000178e+00
3.869130886757750631e-01,8.924756119682559330e+00,1.646870149453534271e+00,8.888499607823600712e+00,1.500009777853847481e+00,8.871475074434160391e+00,2.700000000000000178e+00
3.871130886757752632e-01,8.924756119890638217e+00,1.646662251406978417e+00,8.888500405008578298e+00,1.500009775765647646e+00,8.871475074680144957e+00,2.700000000000000178e+00
3.873130886757754632e-01,8.924756120098116696e+00,1.646454827814124000e+00,8.888501200321185181e+00,1.500009773681767911e+00,8.871475074925442073e+00,2.700000000000000178e+00
3.875130886757756632e-01,8.924756120305126217e+00,1.646247877592066144e+00,8.888501993766064757e+00,1.500009771603572517e+00,8.871475075170193847e+00,2.700000000000000178e+00
3.877130886757758632e-01,8.924756120511753821e+00,1.646041399662136362e+00,8.888502785347842661e+00,1.500009769529924597e+00,8.871475075414467781e+00,2.700000000000000178e+00
3.879130886757760632e-01,8.924756120717789898e+00,1.645835392945375286e+00,8.888503575070782148e+00,1.500009767461278898e+00,8.871475075658066700e+00,2.700000000000000178e+00
3.881130886757762632e-01,8.924756120923349911e+00,1.645629856366029653e+00,8.888504362939471548e+00,1.500009765397862793e+00,8.871475075901106067e+00,2.700000000000000178e+00
3.883130886757764633e-01,8.924756121128494257e+00,1.645424788851655551e+00,8.888505148958451230e+00,1.500009763338539415e+00,8.871475076143644500e+00,2.700000000000000178e+00
3.885130886757766633e-01,8.924756121333123460e+00,1.645220189331696448e+00,8.888505933132092807e+00,1.500009761285809873e+00,8.871475076385578973e+00,2.700000000000000178e+00
3.887130886757768633e-01,8.924756121537296139e+00,1.645016056738176191e+00,8.888506715464902896e+00,1.500009759236718310e+00,8.871475076626973433e+00,2.700000000000000178e+00
3.889130886757770633e-01,8.924756121740932358e+00,1.644812390005799596e+00,8.888507495961228244e+00,1.500009757193538462e+00,8.871475076867746168e+00,2.700000000000000178e+00
3.891130886757772633e-01,8.924756121944110276e+00,1.644609188071044725e+00,8.888508274625600336e+00,1.500009755154678714e+00,8.871475077107975338e+00,2.700000000000000178e+00
3.893130886757774634e-01,8.924756122146833448e+00,1.644406449872765741e+00,8.888509051462383681e+00,1.500009753121503309e+00,8.871475077347664495e+00,2.700000000000000178e+00
3.895130886757776634e-01,8.924756122349020160e+00,1.644204174352538184e+00,8.888509826475985420e+00,1.500009751091738508e+00,8.871475077586735480e+00,2.700000000000000178e+00
3.897130886757778634e-01,8.924756122550848048e+00,1.644002360456529921e+00,8.888510599670901513e+00,1.500009749067658049e+00,8.871475077825362376e+00,2.700000000000000178e+00
3.899130886757780634e-01,8.924756122752089738e+00,1.643801007129762404e+00,8.888511371051329490e+00,1.500009747048579811e+00,8.871475078063317810e+00,2.700000000000000178e+00
3.901130886757782634e-01,8.924756122952894444e+00,1.643600113319714451e+00,8.888512140621791957e+00,1.500009745033594299e+00,8.871475078300758099e+00,2.700000000000000178e+00
3.903130886757784634e-01,8.924756123153230192e+00,1.643399677980513562e+00,8.888512908386561051e+00,1.500009743024293130e+00,8.871475078537638836e+00,2.700000000000000178e+00
3.905130886757786635e-01,8.924756123353128956e+00,1.643199700064150726e+00,8.888513674350086546e+00,1.500009741019994181e+00,8.871475078773999101e+00,2.700000000000000178e+00
3.907130886757788635e-01,8.924756123552532117e+00,1.643000178526610400e+00,8.888514438516622818e+00,1.500009739020015331e+00,8.871475079009785603e+00,2.700000000000000178e+00
3.909130886757790635e-01,8.924756123751429016e+00,1.642801112327184399e+00,8.888515200890475754e+00,1.500009737025493450e+00,8.871475079244982354e+00,2.700000000000000178e+00
3.911130886757792635e-01,8.924756123949922682e+00,1.642602500426869172e+00,8.888515961476080918e+00,1.500009735034382174e+00,8.871475079479688830e+00,2.700000000000000178e+00
3.913130886757794635e-01,8.924756124147963376e+00,1.642404341785090205e+00,8.888516720277689132e+00,1.500009733049409988e+00,8.871475079713862399e+00,2.700000000000000178e+00
3.915130886757796636e-01,8.924756124345488928e+00,1.642206635376273205e+00,8.888517477299522795e+00,1.500009731068530527e+00,8.871475079947440889e+00,2.700000000000000178e+00
3.917130886757798636e-01,8.924756124542591706e+00,1.642009380160521781e+00,8.888518232545965958e+00,1.500009729093108035e+00,8.871475080180511341e+00,2.700000000000000178e+00
3.919130886757800636e-01,8.924756124739202434e+00,1.641812575108368311e+00,8.888518986021246349e+00,1.500009727121778269e+00,8.871475080413004477e+00,2.700000000000000178e+00
3.921130886757802636e-01,8.924756124935376178e+00,1.641616219192934212e+00,8.888519737729643211e+00,1.500009725155223350e+00,8.871475080644984246e+00,2.700000000000000178e+00
3.923130886757804636e-01,8.924756125131080964e+00,1.641420311395478171e+00,8.888520487675402038e+00,1.500009723193898026e+00,8.871475080876408015e+00,2.700000000000000178e+00
3.925130886757806636e-01,8.924756125326295475e+00,1.641224850690639059e+00,8.888521235862707925e+00,1.500009721236892801e+00,8.871475081107265126e+00,2.700000000000000178e+00
3.927130886757808637e-01,8.924756125521046357e+00,1.641029836055668767e+00,8.888521982295831236e+00,1.500009719284435050e+00,8.871475081337575119e+00,2.700000000000000178e+00
3.929130886757810637e-01,8.924756125715367361e+00,1.640835266473043008e+00,8.888522726979047661e+00,1.500009717337661641e+00,8.871475081567371745e+00,2.700000000000000178e+00
3.931130886757812637e-01,8.924756125909269144e+00,1.640641140927467712e+00,8.888523469916581377e+00,1.500009715393616716e+00,8.871475081796674544e+00,2.700000000000000178e+00
3.933130886757814637e-01,8.924756126102668219e+00,1.640447458405263292e+00,8.888524211112509121e+00,1.500009713456165628e+00,8.871475082025387593e+00,2.700000000000000178e+00
3.935130886757816637e-01,8.924756126295656955e+00,1.640254217888550636e+00,8.888524950571161654e+00,1.500009711522579892e+00,8.871475082253613920e+00,2.700000000000000178e+00
3.937130886757818637e-01,8.924756126488148311e+00,1.640061418376880242e+00,8.888525688296589067e+00,1.500009709593769003e+00,8.871475082481257601e+00,2.700000000000000178e+00
3.939130886757820638e-01,8.924756126680209789e+00,1.639869058864313223e+00,8.888526424293040407e+00,1.500009707669505588e+00,8.871475082708398574e+00,2.700000000000000178e+00
3.941130886757822638e-01,8.924756126871811190e+00,1.639677138347091390e+00,8.888527158564603070e+00,1.500009705750244393e+00,8.871475082934994205e+00,2.700000000000000178e+00
3.943130886757824638e-01,8.924756127063007582e+00,1.639485655817458865e+00,8.888527891115550972e+00,1.500009703834621178e+00,8.871475083161104891e+00,2.700000000000000178e+00
3.945130886757826638e-01,8.924756127253703042e+00,1.639294610280139119e+00,8.888528621949873809e+00,1.500009701924682304e+00,8.871475083386634708e+00,2.700000000000000178e+00
3.947130886757828638e-01,8.924756127443908227e+00,1.639104000739515454e+00,8.888529351071696283e+00,1.500009700018381409e+00,8.871475083611596091e+00,2.700000000000000178e+00
3.949130886757830639e-01,8.924756127633768799e+00,1.638913826194644541e+00,8.888530078485326058e+00,1.500009698116855361e+00,8.871475083836132924e+00,2.700000000000000178e+00
3.951130886757832639e-01,8.924756127823128438e+00,1.638724085659489793e+00,8.888530804194649804e+00,1.500009696220331534e+00,8.871475084060088889e+00,2.700000000000000178e+00
3.953130886757834639e-01,8.924756128012079515e+00,1.638534778137655357e+00,8.888531528203929000e+00,1.500009694327900434e+00,8.871475084283561685e+00,2.700000000000000178e+00
3.955130886757836639e-01,8.924756128200590055e+00,1.638345902645542917e+00,8.888532250517144462e+00,1.500009692440016806e+00,8.871475084506508679e+00,2.700000000000000178e+00
3.957130886757838639e-01,8.924756128388596110e+00,1.638157458195365734e+00,8.888532971138312533e+00,1.500009690557362774e+00,8.871475084728876581e+00,2.700000000000000178e+00
3.959130886757840639e-01,8.924756128576278869e+00,1.637969443802300473e+00,8.888533690071731996e+00,1.500009688679483588e+00,8.871475084950841250e+00,2.700000000000000178e+00
3.961130886757842640e-01,8.924756128763421614e+00,1.637781858487010744e+00,8.888534407321186492e+00,1.500009686805469755e+00,8.871475085172189523e+00,2.700000000000000178e+00
3.963130886757844640e-01,8.924756128950209089e+00,1.637594701269522446e+00,8.888535122890921514e+00,1.500009684936003396e+00,8.871475085393104365e+00,2.700000000000000178e+00
3.965130886757846640e-01,8.924756129136444116e+00,1.637407971172408772e+00,8.888535836784782873e+00,1.500009683070629762e+00,8.871475085613386824e+00,2.700000000000000178e+00
3.967130886757848640e-01,8.924756129322320319e+00,1.637221667220208676e+00,8.888536549006950338e+00,1.500009681210713097e+00,8.871475085833234075e+00,2.700000000000000178e+00
3.969130886757850640e-01,8.924756129507727564e+00,1.637035788441753237e+00,8.888537259561378079e+00,1.500009679354207037e+00,8.871475086052535985e+00,2.700000000000000178e+00
3.971130886757852640e-01,8.924756129692703155e+00,1.636850333866255891e+00,8.888537968452068228e+00,1.500009677501793703e+00,8.871475086271326305e+00,2.700000000000000178e+00
3.973130886757854641e-01,8.924756129877309263e+00,1.636665302526103982e+00,8.888538675683077983e+00,1.500009675655292085e+00,8.871475086489670758e+00,2.700000000000000178e+00
3.975130886757856641e-01,8.924756130061412662e+00,1.636480693454770430e+00,8.888539381258265593e+00,1.500009673812428446e+00,8.871475086707439672e+00,2.700000000000000178e+00
3.977130886757858641e-01,8.924756130245080854e+00,1.636296505689028402e+00,8.888540085181659833e+00,1.500009671973657532e+00,8.871475086924689890e+00,2.700000000000000178e+00
3.979130886757860641e-01,8.924756130428358247e+00,1.636112738267104794e+00,8.888540787457257508e+00,1.500009670140343587e+00,8.871475087141474702e+00,2.700000000000000178e+00
3.981130886757862641e-01,8.924756130611218197e+00,1.635929390229421188e+00,8.888541488089014564e+00,1.500009668311122368e+00,8.871475087357767464e+00,2.700000000000000178e+00
3.983130886757864642e-01,8.924756130793637610e+00,1.635746460619236675e+00,8.888542187080826551e+00,1.500009666486221249e+00,8.871475087573541529e+00,2.700000000000000178e+00
3.985130886757866642e-01,8.924756130975623591e+00,1.635563948482096741e+00,8.888542884436670732e+00,1.500009664664048614e+00,8.871475087788805780e+00,2.700000000000000178e+00
3.987130886757868642e-01,8.924756131157144168e+00,1.635381852865289254e+00,8.888543580160364499e+00,1.500009662848697189e+00,8.871475088003531795e+00,2.700000000000000178e+00
3.989130886757870642e-01,8.924756131338293486e+00,1.635200172816807296e+00,8.888544274255982813e+00,1.500009661035846875e+00,8.871475088217806615e+00,2.700000000000000178e+00
3.991130886757872642e-01,8.924756131518966740e+00,1.635018907389831577e+00,8.888544966727293328e+00,1.500009659227998782e+00,8.871475088431534317e+00,2.700000000000000178e+00
3.993130886757874642e-01,8.924756131699281170e+00,1.634838055637181764e+00,8.888545657578285741e+00,1.500009657425152909e+00,8.871475088644825036e+00,2.700000000000000178e+00
3.995130886757876643e-01,8.924756131879128418e+00,1.634657616615024622e+00,8.888546346812772114e+00,1.500009655625490268e+00,8.871475088857572189e+00,2.700000000000000178e+00
3.997130886757878643e-01,8.924756132058609737e+00,1.634477589381946316e+00,8.888547034434722605e+00,1.500009653831057221e+00,8.871475089069884135e+00,2.700000000000000178e+00
3.999130886757880643e-01,8.924756132237593675e+00,1.634297972997976744e+00,8.888547720447839140e+00,1.500009652041171648e+00,8.871475089281613435e+00,2.700000000000000178e+00
4.001130886757882643e-01,8.924756132416208132e+00,1.634118766524710997e+00,8.888548404856148721e+00,1.500009650254696680e+00,8.871475089492905752e+00,2.700000000000000178e+00
4.003130886757884643e-01,8.924756132594344749e+00,1.633939969028005867e+00,8.888549087663351500e+00,1.500009648471404944e+00,8.871475089703645622e+00,2.700000000000000178e+00
4.005130886757886644e-01,8.924756132772076356e+00,1.633761579573506317e+00,8.888549768873366119e+00,1.500009646694479670e+00,8.871475089913904100e+00,2.700000000000000178e+00
4.007130886757888644e-01,8.924756132949433152e+00,1.633583597229862239e+00,8.888550448490033062e+00,1.500009644920965002e+00,8.871475090123718488e+00,2.700000000000000178e+00
4.009130886757890644e-01,8.924756133126411584e+00,1.633406021068605218e+00,8.888551126517178602e+00,1.500009643151770433e+00,8.871475090333074576e+00,2.700000000000000178e+00
4.011130886757892644e-01,8.924756133302985006e+00,1.633228850162678158e+00,8.888551802958588155e+00,1.500009641387805459e+00,8.871475090541952824e+00,2.700000000000000178e+00
4.013130886757894644e-01,8.924756133479053943e+00,1.633052083587454906e+00,8.888552477817960096e+00,1.500009639626568969e+00,8.871475090750251979e+00,2.700000000000000178e+00
4.015130886757896644e-01,8.924756133654767609e+00,1.632875720419787013e+00,8.888553151099205962e+00,1.500009637870107326e+00,8.871475090958126586e+00,2.700000000000000178e+00
4.017130886757898645e-01,8.924756133830040739e+00,1.632699759739110190e+00,8.888553822806043669e+00,1.500009636118193157e+00,8.871475091165484272e+00,2.700000000000000178e+00
4.019130886757900645e-01,8.924756134004965702e+00,1.632524200626787270e+00,8.888554492942326135e+00,1.500009634369689593e+00,8.871475091372422739e+00,2.700000000000000178e+00
4.021130886757902645e-01,8.924756134179425260e+00,1.632349042166618247e+00,8.888555161511677127e+00,1.500009632625506129e+00,8.871475091578819416e+00,2.700000000000000178e+00
4.023130886757904645e-01,8.924756134353527770e+00,1.632174283444009388e+00,8.888555828517986868e+00,1.500009630885870138e+00,8.871475091784782663e+00,2.700000000000000178e+00
4.025130886757906645e-01,8.924756134527090268e+00,1.631999923546573195e+00,8.888556493964770766e+00,1.500009629150554247e+00,8.871475091990140172e+00,2.700000000000000178e+00
4.027130886757908645e-01,8.924756134700391641e+00,1.631825961564496774e+00,8.888557157856061153e+00,1.500009627419331082e+00,8.871475092195161949e+00,2.700000000000000178e+00
4.029130886757910646e-01,8.924756134873172542e+00,1.631652396589739595e+00,8.888557820195352122e+00,1.500009625691291149e+00,8.871475092399593976e+00,2.700000000000000178e+00
4.031130886757912646e-01,8.924756135045679883e+00,1.631479227716466696e+00,8.888558480986533894e+00,1.500009623968480810e+00,8.871475092603674284e+00,2.700000000000000178e+00
4.033130886757914646e-01,8.924756135217698727e+00,1.631306454040154730e+00,8.888559140233153855e+00,1.500009622249081076e+00,8.871475092807195040e+00,2.700000000000000178e+00
4.035130886757916646e-01,8.924756135389388945e+00,1.631134074658743938e+00,8.888559797939018736e+00,1.500009620534228816e+00,8.871475093010319668e+00,2.700000000000000178e+00
4.037130886757918646e-01,8.924756135560624415e+00,1.630962088673066912e+00,8.888560454107688358e+00,1.500009618824833524e+00,8.871475093212913166e+00,2.700000000000000178e+00
4.039130886757920647e-01,8.924756135731403361e+00,1.630790495185123312e+00,8.888561108742909056e+00,1.500009617116120353e+00,8.871475093414982638e+00,2.700000000000000178e+00
4.041130886757922647e-01,8.924756135901860787e+00,1.630619293298829930e+00,8.888561761848388088e+00,1.500009615414455766e+00,8.871475093616661312e+00,2.700000000000000178e+00
4.043130886757924647e-01,8.924756136071929191e+00,1.630448482120653075e+00,8.888562413427779418e+00,1.500009613715064916e+00,8.871475093817872803e+00,2.700000000000000178e+00
4.045130886757926647e-01,8.924756136241539295e+00,1.630278060758933778e+00,8.888563063484610893e+00,1.500009612021131034e+00,8.871475094018556717e+00,2.700000000000000178e+00
4.047130886757928647e-01,8.924756136410806562e+00,1.630108028324866787e+00,8.888563712022666152e+00,1.500009610331289878e+00,8.871475094218828517e+00,2.700000000000000178e+00
4.049130886757930647e-01,8.924756136579592436e+00,1.629938383929819379e+00,8.888564359045442842e+00,1.500009608644177206e+00,8.871475094418547869e+00,2.700000000000000178e+00
4.051130886757932648e-01,8.924756136748090540e+00,1.629769126688747960e+00,8.888565004556740590e+00,1.500009606961157260e+00,8.871475094617904844e+00,2.700000000000000178e+00
4.053130886757934648e-01,8.924756136916174754e+00,1.629600255718105073e+00,8.888565648560026844e+00,1.500009605283594283e+00,8.871475094816783979e+00,2.700000000000000178e+00
4.055130886757936648e-01,8.924756137083891261e+00,1.629431770136150259e+00,8.888566291059005309e+00,1.500009603607850295e+00,8.871475095015222578e+00,2.700000000000000178e+00
4.057130886757938648e-01,8.924756137251105059e+00,1.629263669062675834e+00,8.888566932057077707e+00,1.500009601938018022e+00,8.871475095213085638e+00,2.700000000000000178e+00
4.059130886757940648e-01,8.924756137418009772e+00,1.629095951621792215e+00,8.888567571558031233e+00,1.500009600271596355e+00,8.871475095410572109e+00,2.700000000000000178e+00
4.061130886757942648e-01,8.924756137584468618e+00,1.628928616936917928e+00,8.888568209565315570e+00,1.500009598609267414e+00,8.871475095607545214e+00,2.700000000000000178e+00
4.063130886757944649e-01,8.924756137750614826e+00,1.628761664135020881e+00,8.888568846082629094e+00,1.500009596950803825e+00,8.871475095804132849e+00,2.700000000000000178e+00
4.065130886757946649e-01,8.924756137916340037e+00,1.628595092343960271e+00,8.888569481113421489e+00,1.500009595296660336e+00,8.871475096000230209e+00,2.700000000000000178e+00
4.067130886757948649e-01,8.924756138081708201e+00,1.628428900694618653e+00,8.888570114661311194e+00,1.500009593645927453e+00,8.871475096195903021e+00,2.700000000000000178e+00
4.069130886757950649e-01,8.924756138246621617e+00,1.628263088319266805e+00,8.888570746729730132e+00,1.500009591999514669e+00,8.871475096391044701e+00,2.700000000000000178e+00
4.071130886757952649e-01,8.924756138411176210e+00,1.628097654352774981e+00,8.888571377322305622e+00,1.500009590356512490e+00,8.871475096585768938e+00,2.700000000000000178e+00
4.073130886757954650e-01,8.924756138575396847e+00,1.627932597931518899e+00,8.888572006442588602e+00,1.500009588718057785e+00,8.871475096780084613e+00,2.700000000000000178e+00
4.075130886757956650e-01,8.924756138739194711e+00,1.627767918193248509e+00,8.888572634093995006e+00,1.500009587083241058e+00,8.871475096973911789e+00,2.700000000000000178e+00
4.077130886757958650e-01,8.924756138902635527e+00,1.627603614278720912e+00,8.888573260280137944e+00,1.500009585451380190e+00,8.871475097167310864e+00,2.700000000000000178e+00
4.079130886757960650e-01,8.924756139065673111e+00,1.627439685330110963e+00,8.888573885004412034e+00,1.500009583824294168e+00,8.871475097360239204e+00,2.700000000000000178e+00
4.081130886757962650e-01,8.924756139228280816e+00,1.627276130492130601e+00,8.888574508270266961e+00,1.500009582202210368e+00,8.871475097552670164e+00,2.700000000000000178e+00
4.083130886757964650e-01,8.924756139390586540e+00,1.627112948909960499e+00,8.888575130081376230e+00,1.500009580582400304e+00,8.871475097744729865e+00,2.700000000000000178e+00
4.085130886757966651e-01,8.924756139552446399e+00,1.626950139733685186e+00,8.888575750441008338e+00,1.500009578967365087e+00,8.871475097936276200e+00,2.700000000000000178e+00
4.087130886757968651e-01,8.924756139713982961e+00,1.626787702112003409e+00,8.888576369352787054e+00,1.500009577355285728e+00,8.871475098127429959e+00,2.700000000000000178e+00
4.089130886757970651e-01,8.924756139875089644e+00,1.626625635196445430e+00,8.888576986820028836e+00,1.500009575747299095e+00,8.871475098318091668e+00,2.700000000000000178e+00
4.091130886757972651e-01,8.924756140035926322e+00,1.626463938142896692e+00,8.888577602846336134e+00,1.500009574144314684e+00,8.871475098508412316e+00,2.700000000000000178e+00
4.093130886757974651e-01,8.924756140196260290e+00,1.626302610105396562e+00,8.888578217434936590e+00,1.500009572544058756e+00,8.871475098698160977e+00,2.700000000000000178e+00
4.095130886757976652e-01,8.924756140356295830e+00,1.626141650242853620e+00,8.888578830589453972e+00,1.500009570947895554e+00,8.871475098887549038e+00,2.700000000000000178e+00
4.097130886757978652e-01,8.924756140515944125e+00,1.625981057714353195e+00,8.888579442313211842e+00,1.500009569355142958e+00,8.871475099076475246e+00,2.700000000000000178e+00
4.099130886757980652e-01,8.924756140675196292e+00,1.625820831682395218e+00,8.888580052609608373e+00,1.500009567765800966e+00,8.871475099264944930e+00,2.700000000000000178e+00
4.101130886757982652e-01,8.924756140834158913e+00,1.625660971310098235e+00,8.888580661482160750e+00,1.500009566180551701e+00,8.871475099453055790e+00,2.700000000000000178e+00
4.103130886757984652e-01,8.924756140992659681e+00,1.625501475763318382e+00,8.888581268934069968e+00,1.500009564600304657e+00,8.871475099640642625e+00,2.700000000000000178e+00
4.105130886757986652e-01,8.924756141150785638e+00,1.625342344208925427e+00,8.888581874968840779e+00,1.500009563022786097e+00,8.871475099827785371e+00,2.700000000000000178e+00
4.107130886757988653e-01,8.924756141308561652e+00,1.625183575816467441e+00,8.888582479589871355e+00,1.500009561447996020e+00,8.871475100014507120e+00,2.700000000000000178e+00
4.109130886757990653e-01,8.924756141466060555e+00,1.625025169757341681e+00,8.888583082800547430e+00,1.500009559878662913e+00,8.871475100200891362e+00,2.700000000000000178e+00
4.111130886757992653e-01,8.924756141623053196e+00,1.624867125204366269e+00,8.888583684604064672e+00,1.500009558311830915e+00,8.871475100386701840e+00,2.700000000000000178e+00
4.113130886757994653e-01,8.924756141779770502e+00,1.624709441332588211e+00,8.888584285003959806e+00,1.500009556750228512e+00,8.871475100572173034e+00,2.700000000000000178e+00
4.115130886757996653e-01,8.924756141936065035e+00,1.624552117319143285e+00,8.888584884003465802e+00,1.500009555191809341e+00,8.871475100757152177e+00,2.700000000000000178e+00
4.117130886757998653e-01,8.924756142092018507e+00,1.624395152342163806e+00,8.888585481605957739e+00,1.500009553637482895e+00,8.871475100941726311e+00,2.700000000000000178e+00
4.119130886758000654e-01,8.924756142247618484e+00,1.624238545583700954e+00,8.888586077814776942e+00,1.500009552086567055e+00,8.871475101125883000e+00,2.700000000000000178e+00
4.121130886758002654e-01,8.924756142402886283e+00,1.624082296225170419e+00,8.888586672633273622e+00,1.500009550538834446e+00,8.871475101309640010e+00,2.700000000000000178e+00
4.123130886758004654e-01,8.924756142557708216e+00,1.623926403450851819e+00,8.888587266064646997e+00,1.500009548994057695e+00,8.871475101492885429e+00,2.700000000000000178e+00
4.125130886758006654e-01,8.924756142712222839e+00,1.623770866446252237e+00,8.888587858112307671e+00,1.500009547453828418e+00,8.871475101675757813e+00,2.700000000000000178e+00
4.127130886758008654e-01,8.924756142866391073e+00,1.623615684401171988e+00,8.888588448779522366e+00,1.500009545917464493e+00,8.871475101858228740e+00,2.700000000000000178e+00
4.129130886758010655e-01,8.924756143020115218e+00,1.623460856504081562e+00,8.888589038069474313e+00,1.500009544383829052e+00,8.871475102040182747e+00,2.700000000000000178e+00
4.131130886758012655e-01,8.924756143173645739e+00,1.623306381947675625e+00,8.888589625985689580e+00,1.500009542854968458e+00,8.871475102221879183e+00,2.700000000000000178e+00
4.133130886758014655e-01,8.924756143326698421e+00,1.623152259925221941e+00,8.888590212531150669e+00,1.500009541329518470e+00,8.871475102403033830e+00,2.700000000000000178e+00
4.135130886758016655e-01,8.924756143479374515e+00,1.622998489632313968e+00,8.888590797709259306e+00,1.500009539806796965e+00,8.871475102583747940e+00,2.700000000000000178e+00
4.137130886758018655e-01,8.924756143631766392e+00,1.622845070265996004e+00,8.888591381523301749e+00,1.500009538289532429e+00,8.871475102764117437e+00,2.700000000000000178e+00
4.139130886758020655e-01,8.924756143783753259e+00,1.622692001026060593e+00,8.888591963976452348e+00,1.500009536773632135e+00,8.871475102944012647e+00,2.700000000000000178e+00
4.141130886758022656e-01,8.924756143935436370e+00,1.622539281112785226e+00,8.888592545072000917e+00,1.500009535263870930e+00,8.871475103123540151e+00,2.700000000000000178e+00
4.143130886758024656e-01,8.924756144086781973e+00,1.622386909729394810e+00,8.888593124813192858e+00,1.500009533755928715e+00,8.871475103302673304e+00,2.700000000000000178e+00
4.145130886758026656e-01,8.924756144237681710e+00,1.622234886080385685e+00,8.888593703203120810e+00,1.500009532250942357e+00,8.871475103481293090e+00,2.700000000000000178e+00
4.147130886758028656e-01,8.924756144388297230e+00,1.622083209371966817e+00,8.888594280245124324e+00,1.500009530751185594e+00,8.871475103659564709e+00,2.700000000000000178e+00
4.149130886758030656e-01,8.924756144538546820e+00,1.621931878812266303e+00,8.888594855942374195e+00,1.500009529254384688e+00,8.871475103837410003e+00,2.700000000000000178e+00
4.151130886758032656e-01,8.924756144688450021e+00,1.621780893611530550e+00,8.888595430298078526e+00,1.500009527761221761e+00,8.871475104014844959e+00,2.700000000000000178e+00
4.153130886758034657e-01,8.924756144838006833e+00,1.621630252981983045e+00,8.888596003315422323e+00,1.500009526271242066e+00,8.871475104191869576e+00,2.700000000000000178e+00
4.155130886758036657e-01,8.924756144987137318e+00,1.621479956136574252e+00,8.888596574997491118e+00,1.500009524785355097e+00,8.871475104368400366e+00,2.700000000000000178e+00
4.157130886758038657e-01,8.924756145136065300e+00,1.621330002291101469e+00,8.888597145347697293e+00,1.500009523302196612e+00,8.871475104544673584e+00,2.700000000000000178e+00
4.159130886758040657e-01,8.924756145284508335e+00,1.621180390663034210e+00,8.888597714368927427e+00,1.500009521823130854e+00,8.871475104720394356e+00,2.700000000000000178e+00
4.161130886758042657e-01,8.924756145432693799e+00,1.621031120470573850e+00,8.888598282064553047e+00,1.500009520347930447e+00,8.871475104895800712e+00,2.700000000000000178e+00
4.163130886758044658e-01,8.924756145580495570e+00,1.620882190935361900e+00,8.888598848437611721e+00,1.500009518875458525e+00,8.871475105070754097e+00,2.700000000000000178e+00
4.165130886758046658e-01,8.924756145727952727e+00,1.620733601279410241e+00,8.888599413491270695e+00,1.500009517406851955e+00,8.871475105245302473e+00,2.700000000000000178e+00
4.167130886758048658e-01,8.924756145875097246e+00,1.620585350727461016e+00,8.888599977228711424e+00,1.500009515941655991e+00,8.871475105419481366e+00,2.700000000000000178e+00
4.169130886758050658e-01,8.924756146021847414e+00,1.620437438505671457e+00,8.888600539652976806e+00,1.500009514479188510e+00,8.871475105593207289e+00,2.700000000000000178e+00
4.171130886758052658e-01,8.924756146168345339e+00,1.620289863841392286e+00,8.888601100767315799e+00,1.500009513021723251e+00,8.871475105766608138e+00,2.700000000000000178e+00
4.173130886758054658e-01,8.924756146314386740e+00,1.620142625963769900e+00,8.888601660574634522e+00,1.500009511566304354e+00,8.871475105939500949e+00,2.700000000000000178e+00
4.175130886758056659e-01,8.924756146460175898e+00,1.619995724106444435e+00,8.888602219078261868e+00,1.500009510116115052e+00,8.871475106112075792e+00,2.700000000000000178e+00
4.177130886758058659e-01,8.924756146605588469e+00,1.619849157501439540e+00,8.888602776281150142e+00,1.500009508667517366e+00,8.871475106284213652e+00,2.700000000000000178e+00
4.179130886758060659e-01,8.924756146750675967e+00,1.619702925382719094e+00,8.888603332186452377e+00,1.500009507223012406e+00,8.871475106455964266e+00,2.700000000000000178e+00
4.181130886758062659e-01,8.924756146895433062e+00,1.619557026986788939e+00,8.888603886797227460e+00,1.500009505782600172e+00,8.871475106627322305e+00,2.700000000000000178e+00
4.183130886758064659e-01,8.924756147039826004e+00,1.619411461553594611e+00,8.888604440116548489e+00,1.500009504344689049e+00,8.871475106798257571e+00,2.700000000000000178e+00
4.185130886758066660e-01,8.924756147183927624e+00,1.619266228322085110e+00,8.888604992147515205e+00,1.500009502910188530e+00,8.871475106968839341e+00,2.700000000000000178e+00
4.187130886758068660e-01,8.924756147327629563e+00,1.619121326534903149e+00,8.888605542893078137e+00,1.500009501480008112e+00,8.871475107138964589e+00,2.700000000000000178e+00
4.189130886758070660e-01,8.924756147471027745e+00,1.618976755435238779e+00,8.888606092356395649e+00,1.500009500053693046e+00,8.871475107308723906e+00,2.700000000000000178e+00
4.191130886758072660e-01,8.924756147614093749e+00,1.618832514268311540e+00,8.888606640540535508e+00,1.500009498628287474e+00,8.871475107478090649e+00,2.700000000000000178e+00
4.193130886758074660e-01,8.924756147756840008e+00,1.618688602281178390e+00,8.888607187448446467e+00,1.500009497208566245e+00,8.871475107647077252e+00,2.700000000000000178e+00
4.195130886758076660e-01,8.924756147899348235e+00,1.618545018722701734e+00,8.888607733083311757e+00,1.500009495790664005e+00,8.871475107815767203e+00,2.700000000000000178e+00
4.197130886758078661e-01,8.924756148041357307e+00,1.618401762843487690e+00,8.888608277447856310e+00,1.500009494376854491e+00,8.871475107983897601e+00,2.700000000000000178e+00
4.199130886758080661e-01,8.924756148183060844e+00,1.618258833895918958e+00,8.888608820545295330e+00,1.500009492966455582e+00,8.871475108151665623e+00,2.700000000000000178e+00
4.201130886758082661e-01,8.924756148324458849e+00,1.618116231133538863e+00,8.888609362378648626e+00,1.500009491559239905e+00,8.871475108319065939e+00,2.700000000000000178e+00
4.203130886758084661e-01,8.924756148465641914e+00,1.617973953811940424e+00,8.888609902950975084e+00,1.500009490156116954e+00,8.871475108486190919e+00,2.700000000000000178e+00
4.205130886758086661e-01,8.924756148606395101e+00,1.617832001188283630e+00,8.888610442265076017e+00,1.500009488755495113e+00,8.871475108652823849e+00,2.700000000000000178e+00
4.207130886758088661e-01,8.924756148746782358e+00,1.617690372522428088e+00,8.888610980324004984e+00,1.500009487357374383e+00,8.871475108819037558e+00,2.700000000000000178e+00
4.209130886758090662e-01,8.924756148886887175e+00,1.617549067074073754e+00,8.888611517130801332e+00,1.500009485964028499e+00,8.871475108984908431e+00,2.700000000000000178e+00
4.211130886758092662e-01,8.924756149026672247e+00,1.617408084106035204e+00,8.888612052688392495e+00,1.500009484573865848e+00,8.871475109150399163e+00,2.700000000000000178e+00
4.213130886758094662e-01,8.924756149166119812e+00,1.617267422882140426e+00,8.888612586999736109e+00,1.500009483186431680e+00,8.871475109315497320e+00,2.700000000000000178e+00
4.215130886758096662e-01,8.924756149305213881e+00,1.617127082668220917e+00,8.888613120067780926e+00,1.500009481802180744e+00,8.871475109480179810e+00,2.700000000000000178e+00
4.217130886758098662e-01,8.924756149443995312e+00,1.616987062731343627e+00,8.888613651895489909e+00,1.500009480421340413e+00,8.871475109644491042e+00,2.700000000000000178e+00
4.219130886758100663e-01,8.924756149582510290e+00,1.616847362340919636e+00,8.888614182485873982e+00,1.500009479044365435e+00,8.871475109808482529e+00,2.700000000000000178e+00
4.221130886758102663e-01,8.924756149720671772e+00,1.616707980767670971e+00,8.888614711841752225e+00,1.500009477670573688e+00,8.871475109972060125e+00,2.700000000000000178e+00
4.223130886758104663e-01,8.924756149858552590e+00,1.616568917284653351e+00,8.888615239966149772e+00,1.500009476299283051e+00,8.871475110135291331e+00,2.700000000000000178e+00
4.225130886758106663e-01,8.924756149996028398e+00,1.616430171164854102e+00,8.888615766861850176e+00,1.500009474931175646e+00,8.871475110298071343e+00,2.700000000000000178e+00
4.227130886758108663e-01,8.924756150133177357e+00,1.616291741685025318e+00,8.888616292531827057e+00,1.500009473567160967e+00,8.871475110460462332e+00,2.700000000000000178e+00
4.229130886758110663e-01,8.924756150270125588e+00,1.616153628121947960e+00,8.888616816979112656e+00,1.500009472207011640e+00,8.871475110622595750e+00,2.700000000000000178e+00
4.231130886758112664e-01,8.924756150406652822e+00,1.616015829754609667e+00,8.888617340206408812e+00,1.500009470848453930e+00,8.871475110784242446e+00,2.700000000000000178e+00
4.233130886758114664e-01,8.924756150542910049e+00,1.615878345863670296e+00,8.888617862216744214e+00,1.500009469493306824e+00,8.871475110945569398e+00,2.700000000000000178e+00
4.235130886758116664e-01,8.924756150678769373e+00,1.615741175731586265e+00,8.888618383012866886e+00,1.500009468142025071e+00,8.871475111106438050e+00,2.700000000000000178e+00
4.237130886758118664e-01,8.924756150814411981e+00,1.615604318642358095e+00,8.888618902597855254e+00,1.500009466793471802e+00,8.871475111267036695e+00,2.700000000000000178e+00
4.239130886758120664e-01,8.924756150949706424e+00,1.615467773881724023e+00,8.888619420974412932e+00,1.500009465448556512e+00,8.871475111427228555e+00,2.700000000000000178e+00
4.241130886758122664e-01,8.924756151084661582e+00,1.615331540736762994e+00,8.888619938145437160e+00,1.500009464106142332e+00,8.871475111587024287e+00,2.700000000000000178e+00
4.243130886758124665e-01,8.924756151219316536e+00,1.615195618496187535e+00,8.888620454113794978e+00,1.500009462767820878e+00,8.871475111746466524e+00,2.700000000000000178e+00
4.245130886758126665e-01,8.924756151353690825e+00,1.615060006450073082e+00,8.888620968882387174e+00,1.500009461432227909e+00,8.871475111905564148e+00,2.700000000000000178e+00
4.247130886758128665e-01,8.924756151487754252e+00,1.614924703891277291e+00,8.888621482453997302e+00,1.500009460099818170e+00,8.871475112064295843e+00,2.700000000000000178e+00
4.249130886758130665e-01,8.924756151621503264e+00,1.614789710113147425e+00,8.888621994831462203e+00,1.500009458770819037e+00,8.871475112222665160e+00,2.700000000000000178e+00
4.251130886758132665e-01,8.924756151754898781e+00,1.614655024411123296e+00,8.888622506017581415e+00,1.500009457444548389e+00,8.871475112380624140e+00,2.700000000000000178e+00
4.253130886758134666e-01,8.924756151888010081e+00,1.614520646082125310e+00,8.888623016015246847e+00,1.500009456120551476e+00,8.871475112538231400e+00,2.700000000000000178e+00
4.255130886758136666e-01,8.924756152020746569e+00,1.614386574424552911e+00,8.888623524827139022e+00,1.500009454802011533e+00,8.871475112695414111e+00,2.700000000000000178e+00
4.257130886758138666e-01,8.924756152153323185e+00,1.614252808738766420e+00,8.888624032456322155e+00,1.500009453485517952e+00,8.871475112852383660e+00,2.700000000000000178e+00
4.259130886758140666e-01,8.924756152285521438e+00,1.614119348326178871e+00,8.888624538905364858e+00,1.500009452171525481e+00,8.871475113008916225e+00,2.700000000000000178e+00
4.261130886758142666e-01,8.924756152417295141e+00,1.613986192490111105e+00,8.888625044177011603e+00,1.500009450860034121e+00,8.871475113164965620e+00,2.700000000000000178e+00
4.263130886758144666e-01,8.924756152548857457e+00,1.613853340535712499e+00,8.888625548274259103e+00,1.500009449552635488e+00,8.871475113320757444e+00,2.700000000000000178e+00
4.265130886758146667e-01,8.924756152680108912e+00,1.613720791769811758e+00,8.888626051199791434e+00,1.500009448247965338e+00,8.871475113476174457e+00,2.700000000000000178e+00
4.267130886758148667e-01,8.924756152811088583e+00,1.613588545499326399e+00,8.888626552956397475e+00,1.500009446947387914e+00,8.871475113631269949e+00,2.700000000000000178e+00
4.269130886758150667e-01,8.924756152941759169e+00,1.613456601035668792e+00,8.888627053546834134e+00,1.500009445649538975e+00,8.871475113785997735e+00,2.700000000000000178e+00
4.271130886758152667e-01,8.924756153072108233e+00,1.613324957687980010e+00,8.888627552973824564e+00,1.500009444354418520e+00,8.871475113940350710e+00,2.700000000000000178e+00
4.273130886758154667e-01,8.924756153202187292e+00,1.613193614771225137e+00,8.888628051240218042e+00,1.500009443062026548e+00,8.871475114094378611e+00,2.700000000000000178e+00
4.275130886758156668e-01,8.924756153331879105e+00,1.613062571598949724e+00,8.888628548348570746e+00,1.500009441772590435e+00,8.871475114247965976e+00,2.700000000000000178e+00
4.277130886758158668e-01,8.924756153461277819e+00,1.612931827486366654e+00,8.888629044301763926e+00,1.500009440486564927e+00,8.871475114401201623e+00,2.700000000000000178e+00
4.279130886758160668e-01,8.924756153590477581e+00,1.612801381751584273e+00,8.888629539102588240e+00,1.500009439204859518e+00,8.871475114554190355e+00,2.700000000000000178e+00
4.281130886758162668e-01,8.924756153719334506e+00,1.612671233713736996e+00,8.888630032753670918e+00,1.500009437925200473e+00,8.871475114706777632e+00,2.700000000000000178e+00
4.283130886758164668e-01,8.924756153847848594e+00,1.612541382693504000e+00,8.888630525257706694e+00,1.500009436647815164e+00,8.871475114858970556e+00,2.700000000000000178e+00
4.285130886758166668e-01,8.924756153976098005e+00,1.612411828011522275e+00,8.888631016617484448e+00,1.500009435373840461e+00,8.871475115010838408e+00,2.700000000000000178e+00
4.287130886758168669e-01,8.924756154104043659e+00,1.612282568992958964e+00,8.888631506835650953e+00,1.500009434103048989e+00,8.871475115162352765e+00,2.700000000000000178e+00
4.289130886758170669e-01,8.924756154231726413e+00,1.612153604963942222e+00,8.888631995914979100e+00,1.500009432835213374e+00,8.871475115313549153e+00,2.700000000000000178e+00
4.291130886758172669e-01,8.924756154359084093e+00,1.612024935249052771e+00,8.888632483858076583e+00,1.500009431570788365e+00,8.871475115464374284e+00,2.700000000000000178e+00
4.293130886758174669e-01,8.924756154486068738e+00,1.611896559178042088e+00,8.888632970667593725e+00,1.500009430307954972e+00,8.871475115614765983e+00,2.700000000000000178e+00
4.295130886758176669e-01,8.924756154612877523e+00,1.611768476081037127e+00,8.888633456346379802e+00,1.500009429049669052e+00,8.871475115764930308e+00,2.700000000000000178e+00
4.297130886758178669e-01,8.924756154739279523e+00,1.611640685288179498e+00,8.888633940896927044e+00,1.500009427792747374e+00,8.871475115914632781e+00,2.700000000000000178e+00
4.299130886758180670e-01,8.924756154865503888e+00,1.611513186133322062e+00,8.888634424322052752e+00,1.500009426541055291e+00,8.871475116064104327e+00,2.700000000000000178e+00
4.301130886758182670e-01,8.924756154991442259e+00,1.611385977950634540e+00,8.888634906624373500e+00,1.500009425291636944e+00,8.871475116213236589e+00,2.700000000000000178e+00
4.303130886758184670e-01,8.924756155116984502e+00,1.611259060076193128e+00,8.888635387806417043e+00,1.500009424043810213e+00,8.871475116361922986e+00,2.700000000000000178e+00
4.305130886758186670e-01,8.924756155242283384e+00,1.611132431847469126e+00,8.888635867870965157e+00,1.500009422800076209e+00,8.871475116510310954e+00,2.700000000000000178e+00
4.307130886758188670e-01,8.924756155367356669e+00,1.611006092603266326e+00,8.888636346820680600e+00,1.500009421559070688e+00,8.871475116658420035e+00,2.700000000000000178e+00
4.309130886758190671e-01,8.924756155492046261e+00,1.610880041684190189e+00,8.888636824658032509e+00,1.500009420321703146e+00,8.871475116806093908e+00,2.700000000000000178e+00
4.311130886758192671e-01,8.924756155616449860e+00,1.610754278431907993e+00,8.888637301385774236e+00,1.500009419085699847e+00,8.871475116953428497e+00,2.700000000000000178e+00
4.313130886758194671e-01,8.924756155740585228e+00,1.610628802190701148e+00,8.888637777006513474e+00,1.500009417853334526e+00,8.871475117100441565e+00,2.700000000000000178e+00
4.315130886758196671e-01,8.924756155864420393e+00,1.610503612305183241e+00,8.888638251522857914e+00,1.500009416622560821e+00,8.871475117247102915e+00,2.700000000000000178e+00
4.317130886758198671e-01,8.924756155988033512e+00,1.610378708121629421e+00,8.888638724937454327e+00,1.500009415397016710e+00,8.871475117393494259e+00,2.700000000000000178e+00
4.319130886758200671e-01,8.924756156111246952e+00,1.610254088987840948e+00,8.888639197252761193e+00,1.500009414173518962e+00,8.871475117539429078e+00,2.700000000000000178e+00
4.321130886758202672e-01,8.924756156234263216e+00,1.610129754253920797e+00,8.888639668471553179e+00,1.500009412952749699e+00,8.871475117685115208e+00,2.700000000000000178e+00
4.323130886758204672e-01,8.924756156356981052e+00,1.610005703270721122e+00,8.888640138596333173e+00,1.500009411734708920e+00,8.871475117830453172e+00,2.700000000000000178e+00
4.325130886758206672e-01,8.924756156479341840e+00,1.609881935390091279e+00,8.888640607629630708e+00,1.500009410519851372e+00,8.871475117975384350e+00,2.700000000000000178e+00
4.327130886758208672e-01,8.924756156601535650e+00,1.609758449966593119e+00,8.888641075574167161e+00,1.500009409307722308e+00,8.871475118120093484e+00,2.700000000000000178e+00
4.329130886758210672e-01,8.924756156723395506e+00,1.609635246355748839e+00,8.888641542432408116e+00,1.500009408098776476e+00,8.871475118264417148e+00,2.700000000000000178e+00
4.331130886758212672e-01,8.924756156844944499e+00,1.609512323913597109e+00,8.888642008206895540e+00,1.500009406892786501e+00,8.871475118408380212e+00,2.700000000000000178e+00
4.333130886758214673e-01,8.924756156966230591e+00,1.609389681999406241e+00,8.888642472900247782e+00,1.500009405688160768e+00,8.871475118552028860e+00,2.700000000000000178e+00
4.335130886758216673e-01,8.924756157087230690e+00,1.609267319972533139e+00,8.888642936514987269e+00,1.500009404487627762e+00,8.871475118695341777e+00,2.700000000000000178e+00
4.337130886758218673e-01,8.924756157207976770e+00,1.609145237193873257e+00,8.888643399053695049e+00,1.500009403290050614e+00,8.871475118838345608e+00,2.700000000000000178e+00
4.339130886758220673e-01,8.924756157328429751e+00,1.609023433026520289e+00,8.888643860518884665e+00,1.500009402095201949e+00,8.871475118981008379e+00,2.700000000000000178e+00
4.341130886758222673e-01,8.924756157448507921e+00,1.608901906834202311e+00,8.888644320912989727e+00,1.500009400901944900e+00,8.871475119123250153e+00,2.700000000000000178e+00
4.343130886758224674e-01,8.924756157568449311e+00,1.608780657983272633e+00,8.888644780238761811e+00,1.500009399712780578e+00,8.871475119265292975e+00,2.700000000000000178e+00
4.345130886758226674e-01,8.924756157688078062e+00,1.608659685840682751e+00,8.888645238498574130e+00,1.500009398526344739e+00,8.871475119406982301e+00,2.700000000000000178e+00
4.347130886758228674e-01,8.924756157807438584e+00,1.608538989774732642e+00,8.888645695694963322e+00,1.500009397343319506e+00,8.871475119548346555e+00,2.700000000000000178e+00
4.349130886758230674e-01,8.924756157926482913e+00,1.608418569154931088e+00,8.888646151830400299e+00,1.500009396161658515e+00,8.871475119689348432e+00,2.700000000000000178e+00
4.351130886758232674e-01,8.924756158045246579e+00,1.608298423353238249e+00,8.888646606907425252e+00,1.500009394982953381e+00,8.871475119830023459e+00,2.700000000000000178e+00
4.353130886758234674e-01,8.924756158163713593e+00,1.608178551742364126e+00,8.888647060928496657e+00,1.500009393808340974e+00,8.871475119970346768e+00,2.700000000000000178e+00
4.355130886758236675e-01,8.924756158281976326e+00,1.608058953696679172e+00,8.888647513896218655e+00,1.500009392635092809e+00,8.871475120110419610e+00,2.700000000000000178e+00
4.357130886758238675e-01,8.924756158399958395e+00,1.607939628591453785e+00,8.888647965812964458e+00,1.500009391465482622e+00,8.871475120250158497e+00,2.700000000000000178e+00
4.359130886758240675e-01,8.924756158517562099e+00,1.607820575803810215e+00,8.888648416681188991e+00,1.500009390297009304e+00,8.871475120389472835e+00,2.700000000000000178e+00
4.361130886758242675e-01,8.924756158635045011e+00,1.607701794712781407e+00,8.888648866503514157e+00,1.500009389133538207e+00,8.871475120528609537e+00,2.700000000000000178e+00
4.363130886758244675e-01,8.924756158752211732e+00,1.607583284698313575e+00,8.888649315282309615e+00,1.500009387971431352e+00,8.871475120667385639e+00,2.700000000000000178e+00
4.365130886758246676e-01,8.924756158869026734e+00,1.607465045141220461e+00,8.888649763019923711e+00,1.500009386812962475e+00,8.871475120805758507e+00,2.700000000000000178e+00
4.367130886758248676e-01,8.924756158985577059e+00,1.607347075424093941e+00,8.888650209718944595e+00,1.500009385656767336e+00,8.871475120943818737e+00,2.700000000000000178e+00
4.369130886758250676e-01,8.924756159101887576e+00,1.607229374931398169e+00,8.888650655381839627e+00,1.500009384502618559e+00,8.871475121081592974e+00,2.700000000000000178e+00
4.371130886758252676e-01,8.924756159217974272e+00,1.607111943049014391e+00,8.888651100011054851e+00,1.500009383351653014e+00,8.871475121219091875e+00,2.700000000000000178e+00
4.373130886758254676e-01,8.924756159333790961e+00,1.606994779164056419e+00,8.888651543608947492e+00,1.500009382203870700e+00,8.871475121356269256e+00,2.700000000000000178e+00
4.375130886758256676e-01,8.924756159449316328e+00,1.606877882665157742e+00,8.888651986177965370e+00,1.500009381059044244e+00,8.871475121493110905e+00,2.700000000000000178e+00
4.377130886758258677e-01,8.924756159564536162e+00,1.606761252941514506e+00,8.888652427720520777e+00,1.500009379916036778e+00,8.871475121629597282e+00,2.700000000000000178e+00
4.379130886758260677e-01,8.924756159679539280e+00,1.606644889384543973e+00,8.888652868239123706e+00,1.500009378775530422e+00,8.871475121765817207e+00,2.700000000000000178e+00
4.381130886758262677e-01,8.924756159794236865e+00,1.606528791386990340e+00,8.888653307736058551e+00,1.500009377638434671e+00,8.871475121901687189e+00,2.700000000000000178e+00
4.383130886758264677e-01,8.924756159908632469e+00,1.606412958342247288e+00,8.888653746213767803e+00,1.500009376503612657e+00,8.871475122037203676e+00,2.700000000000000178e+00
4.385130886758266677e-01,8.924756160022855767e+00,1.606297389646089258e+00,8.888654183674747244e+00,1.500009375372428622e+00,8.871475122172498118e+00,2.700000000000000178e+00
4.387130886758268677e-01,8.924756160136741556e+00,1.606182084695034762e+00,8.888654620121259953e+00,1.500009374243290949e+00,8.871475122307408867e+00,2.700000000000000178e+00
4.389130886758270678e-01,8.924756160250403525e+00,1.606067042887279861e+00,8.888655055555828355e+00,1.500009373115972267e+00,8.871475122442047834e+00,2.700000000000000178e+00
4.391130886758272678e-01,8.924756160363811475e+00,1.605952263622004939e+00,8.888655489980754609e+00,1.500009371992291562e+00,8.871475122576383043e+00,2.700000000000000178e+00
4.393130886758274678e-01,8.924756160476965405e+00,1.605837746300414315e+00,8.888655923398440351e+00,1.500009370871566716e+00,8.871475122710416272e+00,2.700000000000000178e+00
4.395130886758276678e-01,8.924756160589840448e+00,1.605723490324293623e+00,8.888656355811210830e+00,1.500009369752660859e+00,8.871475122844129757e+00,2.700000000000000178e+00
4.397130886758278678e-01,8.924756160702475682e+00,1.605609495097956474e+00,8.888656787221512090e+00,1.500009368635573992e+00,8.871475122977550143e+00,2.700000000000000178e+00
4.399130886758280679e-01,8.924756160814778738e+00,1.605495760025791085e+00,8.888657217631568130e+00,1.500009367523034598e+00,8.871475123110592165e+00,2.700000000000000178e+00
4.401130886758282679e-01,8.924756160926802906e+00,1.605382284514109026e+00,8.888657647043824994e+00,1.500009366411177325e+00,8.871475123243309113e+00,2.700000000000000178e+00
4.403130886758284679e-01,8.924756161038670754e+00,1.605269067970718222e+00,8.888658075460726948e+00,1.500009365303867526e+00,8.871475123375818228e+00,2.700000000000000178e+00
4.405130886758286679e-01,8.924756161150229516e+00,1.605156109804480868e+00,8.888658502884467794e+00,1.500009364197694595e+00,8.871475123507970295e+00,2.700000000000000178e+00
4.407130886758288679e-01,8.924756161261537812e+00,1.605043409425386258e+00,8.888658929317418966e+00,1.500009363095159642e+00,8.871475123639827487e+00,2.700000000000000178e+00
4.409130886758290679e-01,8.924756161372579655e+00,1.604930966246372881e+00,8.888659354761951903e+00,1.500009361994443680e+00,8.871475123771377369e+00,2.700000000000000178e+00
4.411130886758292680e-01,8.924756161483367478e+00,1.604818779679221930e+00,8.888659779220368762e+00,1.500009360897138322e+00,8.871475123902614612e+00,2.700000000000000178e+00
4.413130886758294680e-01,8.924756161593828452e+00,1.604706849138706204e+00,8.888660202694930845e+00,1.500009359800969833e+00,8.871475124033489479e+00,2.700000000000000178e+00
4.415130886758296680e-01,8.924756161704165081e+00,1.604595174040680527e+00,8.888660625188125053e+00,1.500009358709348817e+00,8.871475124164186710e+00,2.700000000000000178e+00
4.417130886758298680e-01,8.924756161814160649e+00,1.604483753801335233e+00,8.888661046702084789e+00,1.500009357618637296e+00,8.871475124294498471e+00,2.700000000000000178e+00
4.419130886758300680e-01,8.924756161923891540e+00,1.604372587840411590e+00,8.888661467239183267e+00,1.500009356529744764e+00,8.871475124424501146e+00,2.700000000000000178e+00
4.421130886758302680e-01,8.924756162033499862e+00,1.604261675576522439e+00,8.888661886801800804e+00,1.500009355446309200e+00,8.871475124554329739e+00,2.700000000000000178e+00
4.423130886758304681e-01,8.924756162142751137e+00,1.604151016431044408e+00,8.888662305392081464e+00,1.500009354363783132e+00,8.871475124683756874e+00,2.700000000000000178e+00
4.425130886758306681e-01,8.924756162251707536e+00,1.604040609826841823e+00,8.888662723012313194e+00,1.500009353283303426e+00,8.871475124812851831e+00,2.700000000000000178e+00
4.427130886758308681e-01,8.924756162360495182e+00,1.603930455186954651e+00,8.888663139664924273e+00,1.500009352206006952e+00,8.871475124941722967e+00,2.700000000000000178e+00
4.429130886758310681e-01,8.924756162469037690e+00,1.603820551936328220e+00,8.888663555352110279e+00,1.500009351131666335e+00,8.871475125070308110e+00,2.700000000000000178e+00
4.431130886758312681e-01,8.924756162577216045e+00,1.603710899501404885e+00,8.888663970076017051e+00,1.500009350059826829e+00,8.871475125198477585e+00,2.700000000000000178e+00
4.433130886758314682e-01,8.924756162685246963e+00,1.603601497310212620e+00,8.888664383839143923e+00,1.500009348989351565e+00,8.871475125326456990e+00,2.700000000000000178e+00
4.435130886758316682e-01,8.924756162793032743e+00,1.603492344791184854e+00,8.888664796643633181e+00,1.500009347923196401e+00,8.871475125454146848e+00,2.700000000000000178e+00
4.437130886758318682e-01,8.924756162900527201e+00,1.603383441374539808e+00,8.888665208491699943e+00,1.500009346858632853e+00,8.871475125581499199e+00,2.700000000000000178e+00
4.439130886758320682e-01,8.924756163007760534e+00,1.603274786491949655e+00,8.888665619385635708e+00,1.500009345795888294e+00,8.871475125708544240e+00,2.700000000000000178e+00
4.441130886758322682e-01,8.924756163114786034e+00,1.603166379576481448e+00,8.888666029327714213e+00,1.500009344735417471e+00,8.871475125835333486e+00,2.700000000000000178e+00
4.443130886758324682e-01,8.924756163221490013e+00,1.603058220061465811e+00,8.888666438320058205e+00,1.500009343678812002e+00,8.871475125961760355e+00,2.700000000000000178e+00
4.445130886758326683e-01,8.924756163327955960e+00,1.602950307383041562e+00,8.888666846365010699e+00,1.500009342623570774e+00,8.871475126087899454e+00,2.700000000000000178e+00
4.447130886758328683e-01,8.924756163434263811e+00,1.602842640977744537e+00,8.888667253464843654e+00,1.500009341571512778e+00,8.871475126213843154e+00,2.700000000000000178e+00
4.449130886758330683e-01,8.924756163540275011e+00,1.602735220283208140e+00,8.888667659621656725e+00,1.500009340521273771e+00,8.871475126339440465e+00,2.700000000000000178e+00
4.451130886758332683e-01,8.924756163646007323e+00,1.602628044738918067e+00,8.888668064837681015e+00,1.500009339473990622e+00,8.871475126464718031e+00,2.700000000000000178e+00
4.453130886758334683e-01,8.924756163751554894e+00,1.602521113785279505e+00,8.888668469115215132e+00,1.500009338429663330e+00,8.871475126589761118e+00,2.700000000000000178e+00
4.455130886758336684e-01,8.924756163856802260e+00,1.602414426864203767e+00,8.888668872456376491e+00,1.500009337386472907e+00,8.871475126714459591e+00,2.700000000000000178e+00
4.457130886758338684e-01,8.924756163961914623e+00,1.602307983418862491e+00,8.888669274863470804e+00,1.500009336347829958e+00,8.871475126838980430e+00,2.700000000000000178e+00
4.459130886758340684e-01,8.924756164066684150e+00,1.602201782893313053e+00,8.888669676338565750e+00,1.500009335309414382e+00,8.871475126963112245e+00,2.700000000000000178e+00
4.461130886758342684e-01,8.924756164171217421e+00,1.602095824733294815e+00,8.888670076883888882e+00,1.500009334274182038e+00,8.871475127086966950e+00,2.700000000000000178e+00
4.463130886758344684e-01,8.924756164275532200e+00,1.601990108386218914e+00,8.888670476501651763e+00,1.500009333241678178e+00,8.871475127210564082e+00,2.700000000000000178e+00
4.465130886758346684e-01,8.924756164379592960e+00,1.601884633299215599e+00,8.888670875194035759e+00,1.500009332211220681e+00,8.871475127333855681e+00,2.700000000000000178e+00
4.467130886758348685e-01,8.924756164483451215e+00,1.601779398922898334e+00,8.888671272963213355e+00,1.500009331183946415e+00,8.871475127456900367e+00,2.700000000000000178e+00
4.469130886758350685e-01,8.924756164587012819e+00,1.601674404706576293e+00,8.888671669811310849e+00,1.500009330158036391e+00,8.871475127579603992e+00,2.700000000000000178e+00
4.471130886758352685e-01,8.924756164690396787e+00,1.601569650103380260e+00,8.888672065740573558e+00,1.500009329135536973e+00,8.871475127702090901e+00,2.700000000000000178e+00
4.473130886758354685e-01,8.924756164793496538e+00,1.601465134565927428e+00,8.888672460753047844e+00,1.500009328115311291e+00,8.871475127824243856e+00,2.700000000000000178e+00
4.475130886758356685e-01,8.924756164896345823e+00,1.601360857548179251e+00,8.888672854850957705e+00,1.500009327096449852e+00,8.871475127946112593e+00,2.700000000000000178e+00
4.477130886758358685e-01,8.924756164999013919e+00,1.601256818506580970e+00,8.888673248036498720e+00,1.500009326080544270e+00,8.871475128067752181e+00,2.700000000000000178e+00
4.479130886758360686e-01,8.924756165101365823e+00,1.601153016897845838e+00,8.888673640311635538e+00,1.500009325067594546e+00,8.871475128189027615e+00,2.700000000000000178e+00
4.481130886758362686e-01,8.924756165203520553e+00,1.601049452180222765e+00,8.888674031678700516e+00,1.500009324056691185e+00,8.871475128310065017e+00,2.700000000000000178e+00
4.483130886758364686e-01,8.924756165305415934e+00,1.600946123812586164e+00,8.888674422139715148e+00,1.500009323047606813e+00,8.871475128430800439e+00,2.700000000000000178e+00
4.485130886758366686e-01,8.924756165407114139e+00,1.600843031256033555e+00,8.888674811696905209e+00,1.500009322040796178e+00,8.871475128551299605e+00,2.700000000000000178e+00
4.487130886758368686e-01,8.924756165508592076e+00,1.600740173971955116e+00,8.888675200352315287e+00,1.500009321036941401e+00,8.871475128671532318e+00,2.700000000000000178e+00
4.489130886758370687e-01,8.924756165609753822e+00,1.600637551423727212e+00,8.888675588107995296e+00,1.500009320035815108e+00,8.871475128791404430e+00,2.700000000000000178e+00
4.491130886758372687e-01,8.924756165710759248e+00,1.600535163075402556e+00,8.888675974966206539e+00,1.500009319036507804e+00,8.871475128911079366e+00,2.700000000000000178e+00
4.493130886758374687e-01,8.924756165811563946e+00,1.600433008392879941e+00,8.888676360929027354e+00,1.500009318039474238e+00,8.871475129030507389e+00,2.700000000000000178e+00
4.495130886758376687e-01,8.924756165912013373e+00,1.600331086843143735e+00,8.888676745998401074e+00,1.500009317044487034e+00,8.871475129149544614e+00,2.700000000000000178e+00
4.497130886758378687e-01,8.924756166012292269e+00,1.600229397893966787e+00,8.888677130176589003e+00,1.500009316052683062e+00,8.871475129268363347e+00,2.700000000000000178e+00
4.499130886758380687e-01,8.924756166112386424e+00,1.600127941013789190e+00,8.888677513465689017e+00,1.500009315062470705e+00,8.871475129386960035e+00,2.700000000000000178e+00
4.501130886758382688e-01,8.924756166212160835e+00,1.600026715673328548e+00,8.888677895867651557e+00,1.500009314074759459e+00,8.871475129505192569e+00,2.700000000000000178e+00
4.503130886758384688e-01,8.924756166311745176e+00,1.599925721345152541e+00,8.888678277384645554e+00,1.500009313090231444e+00,8.871475129623192402e+00,2.700000000000000178e+00
4.505130886758386688e-01,8.924756166411139446e+00,1.599824957499785150e+00,8.888678658018806189e+00,1.500009312107295045e+00,8.871475129740957755e+00,2.700000000000000178e+00
4.507130886758388688e-01,8.924756166510260158e+00,1.599724423614576896e+00,8.888679037772096336e+00,1.500009311126405009e+00,8.871475129858408692e+00,2.700000000000000178e+00
4.509130886758390688e-01,8.924756166609101982e+00,1.599624119160966806e+00,8.888679416646558806e+00,1.500009310148470831e+00,8.871475129975539886e+00,2.700000000000000178e+00
4.511130886758392688e-01,8.924756166707849658e+00,1.599524043618929525e+00,8.888679794644449572e+00,1.500009309173037764e+00,8.871475130092536077e+00,2.700000000000000178e+00
4.513130886758394689e-01,8.924756166806309565e+00,1.599424196463631320e+00,8.888680171767653349e+00,1.500009308198514191e+00,8.871475130209198312e+00,2.700000000000000178e+00
4.515130886758396689e-01,8.924756166904444399e+00,1.599324577173079520e+00,8.888680548018170313e+00,1.500009307226946476e+00,8.871475130325501723e+00,2.700000000000000178e+00
4.517130886758398689e-01,8.924756167002460217e+00,1.599225185231732960e+00,8.888680923398219136e+00,1.500009306259016739e+00,8.871475130441641710e+00,2.700000000000000178e+00
4.519130886758400689e-01,8.924756167100156290e+00,1.599126020116873770e+00,8.888681297909707624e+00,1.500009305290404882e+00,8.871475130557417543e+00,2.700000000000000178e+00
4.521130886758402689e-01,8.924756167197744006e+00,1.599027081311110710e+00,8.888681671554820696e+00,1.500009304325431003e+00,8.871475130673045939e+00,2.700000000000000178e+00
4.523130886758404690e-01,8.924756167295031517e+00,1.598928368297931168e+00,8.888682044335416421e+00,1.500009303363867730e+00,8.871475130788331498e+00,2.700000000000000178e+00
4.525130886758406690e-01,8.924756167392109418e+00,1.598829880562355088e+00,8.888682416253637086e+00,1.500009302403213951e+00,8.871475130903368367e+00,2.700000000000000178e+00
4.527130886758408690e-01,8.924756167489036329e+00,1.598731617590489762e+00,8.888682787311527278e+00,1.500009301445743404e+00,8.871475131018213389e+00,2.700000000000000178e+00
4.529130886758410690e-01,8.924756167585604416e+00,1.598633578869397720e+00,8.888683157510921973e+00,1.500009300489864472e+00,8.871475131132656955e+00,2.700000000000000178e+00
4.531130886758412690e-01,8.924756167682101449e+00,1.598535763887786398e+00,8.888683526854086026e+00,1.500009299536941398e+00,8.871475131246992163e+00,2.700000000000000178e+00
4.533130886758414690e-01,8.924756167778260973e+00,1.598438172134988511e+00,8.888683895342825991e+00,1.500009298585155193e+00,8.871475131360941901e+00,2.700000000000000178e+00
4.535130886758416691e-01,8.924756167874194901e+00,1.598340803101865770e+00,8.888684262979175799e+00,1.500009297636097472e+00,8.871475131474628739e+00,2.700000000000000178e+00
4.537130886758418691e-01,8.924756167969910337e+00,1.598243656280318836e+00,8.888684629765174705e+00,1.500009296690222982e+00,8.871475131588059782e+00,2.700000000000000178e+00
4.539130886758420691e-01,8.924756168065412609e+00,1.598146731163418321e+00,8.888684995702854863e+00,1.500009295744348492e+00,8.871475131701236805e+00,2.700000000000000178e+00
4.541130886758422691e-01,8.924756168160785208e+00,1.598050027241838089e+00,8.888685360794216450e+00,1.500009294802566728e+00,8.871475131814243298e+00,2.700000000000000178e+00
4.543130886758424691e-01,8.924756168255802535e+00,1.597953544013843930e+00,8.888685725041066021e+00,1.500009293862376580e+00,8.871475131926851887e+00,2.700000000000000178e+00
4.545130886758426692e-01,8.924756168350695518e+00,1.597857280976784589e+00,8.888686088445604483e+00,1.500009292924232795e+00,8.871475132039297051e+00,2.700000000000000178e+00
4.547130886758428692e-01,8.924756168445332705e+00,1.597761237624386821e+00,8.888686451009665035e+00,1.500009291989044868e+00,8.871475132151447340e+00,2.700000000000000178e+00
4.549130886758430692e-01,8.924756168539772716e+00,1.597665413458885242e+00,8.888686812735302922e+00,1.500009291055221183e+00,8.871475132263357821e+00,2.700000000000000178e+00
4.551130886758432692e-01,8.924756168633960485e+00,1.597569807977424317e+00,8.888687173624385096e+00,1.500009290123898609e+00,8.871475132374975203e+00,2.700000000000000178e+00
4.553130886758434692e-01,8.924756168727951078e+00,1.597474420683406837e+00,8.888687533678934827e+00,1.500009289195759266e+00,8.871475132486363435e+00,2.700000000000000178e+00
4.555130886758436692e-01,8.924756168821691205e+00,1.597379251076285422e+00,8.888687892900881238e+00,1.500009288268302043e+00,8.871475132597455016e+00,2.700000000000000178e+00
4.557130886758438693e-01,8.924756168915195076e+00,1.597284298661224122e+00,8.888688251292178322e+00,1.500009287343573305e+00,8.871475132708273037e+00,2.700000000000000178e+00
4.559130886758440693e-01,8.924756169008560391e+00,1.597189562942127772e+00,8.888688608854844020e+00,1.500009286420436183e+00,8.871475132818909870e+00,2.700000000000000178e+00
4.561130886758442693e-01,8.924756169101728531e+00,1.597095043423575111e+00,8.888688965590798574e+00,1.500009285500027545e+00,8.871475132929315777e+00,2.700000000000000178e+00
4.563130886758444693e-01,8.924756169194608901e+00,1.597000739613115616e+00,8.888689321501850316e+00,1.500009284580528401e+00,8.871475133039389505e+00,2.700000000000000178e+00
4.565130886758446693e-01,8.924756169287274332e+00,1.596906651018526357e+00,8.888689676590013633e+00,1.500009283665349358e+00,8.871475133149212766e+00,2.700000000000000178e+00
4.567130886758448693e-01,8.924756169379788773e+00,1.596812777148281848e+00,8.888690030857267388e+00,1.500009282751989304e+00,8.871475133258842405e+00,2.700000000000000178e+00
4.569130886758450694e-01,8.924756169472018996e+00,1.596719117512200636e+00,8.888690384305458991e+00,1.500009281839538744e+00,8.871475133368150523e+00,2.700000000000000178e+00
4.571130886758452694e-01,8.924756169564119546e+00,1.596625671621451747e+00,8.888690736936595727e+00,1.500009280929816669e+00,8.871475133477289887e+00,2.700000000000000178e+00
4.573130886758454694e-01,8.924756169655973181e+00,1.596532438988548019e+00,8.888691088752494807e+00,1.500009280022595703e+00,8.871475133586141482e+00,2.700000000000000178e+00
4.575130886758456694e-01,8.924756169747556811e+00,1.596439419126396642e+00,8.888691439755044499e+00,1.500009279116738981e+00,8.871475133694689319e+00,2.700000000000000178e+00
4.577130886758458694e-01,8.924756169838998332e+00,1.596346611549431582e+00,8.888691789946276955e+00,1.500009278213383368e+00,8.871475133803054192e+00,2.700000000000000178e+00
4.579130886758460695e-01,8.924756169930104122e+00,1.596254015773411306e+00,8.888692139327888597e+00,1.500009277312074119e+00,8.871475133911042477e+00,2.700000000000000178e+00
4.581130886758462695e-01,8.924756170021160173e+00,1.596161631315208718e+00,8.888692487902057238e+00,1.500009276413493353e+00,8.871475134018943720e+00,2.700000000000000178e+00
4.583130886758464695e-01,8.924756170111967535e+00,1.596069457692379956e+00,8.888692835670479298e+00,1.500009275516504204e+00,8.871475134126551865e+00,2.700000000000000178e+00
4.585130886758466695e-01,8.924756170202574168e+00,1.595977494423746590e+00,8.888693182635099888e+00,1.500009274622016164e+00,8.871475134233930859e+00,2.700000000000000178e+00
4.587130886758468695e-01,8.924756170292855728e+00,1.595885741028775895e+00,8.888693528797668719e+00,1.500009273727982873e+00,8.871475134340943924e+00,2.700000000000000178e+00
4.589130886758470695e-01,8.924756170383034259e+00,1.595794197029076988e+00,8.888693874160264130e+00,1.500009272838042307e+00,8.871475134447814881e+00,2.700000000000000178e+00
4.591130886758472696e-01,8.924756170473004957e+00,1.595702861946970419e+00,8.888694218724683793e+00,1.500009271949693357e+00,8.871475134554435371e+00,2.700000000000000178e+00
4.593130886758474696e-01,8.924756170562774926e+00,1.595611735304843348e+00,8.888694562492784002e+00,1.500009271062481275e+00,8.871475134660826711e+00,2.700000000000000178e+00
4.595130886758476696e-01,8.924756170652232257e+00,1.595520816627696847e+00,8.888694905466325125e+00,1.500009270177997678e+00,8.871475134766861004e+00,2.700000000000000178e+00
4.597130886758478696e-01,8.924756170741558137e+00,1.595430105439980650e+00,8.888695247647339315e+00,1.500009269294878322e+00,8.871475134872722990e+00,2.700000000000000178e+00
4.599130886758480696e-01,8.924756170830647761e+00,1.595339601269456065e+00,8.888695589037562073e+00,1.500009268415396946e+00,8.871475134978316746e+00,2.700000000000000178e+00
4.601130886758482696e-01,8.924756170919588172e+00,1.595249303643029304e+00,8.888695929638956272e+00,1.500009267536597690e+00,8.871475135083722208e+00,2.700000000000000178e+00
4.603130886758484697e-01,8.924756171008255023e+00,1.595159212089611644e+00,8.888696269453237875e+00,1.500009266660299545e+00,8.871475135188816807e+00,2.700000000000000178e+00
4.605130886758486697e-01,8.924756171096799306e+00,1.595069326139046950e+00,8.888696608482378636e+00,1.500009265786502510e+00,8.871475135293749759e+00,2.700000000000000178e+00
4.607130886758488697e-01,8.924756171185055820e+00,1.594979645320989903e+00,8.888696946728083859e+00,1.500009264913160223e+00,8.871475135398359413e+00,2.700000000000000178e+00
4.609130886758490697e-01,8.924756171273129368e+00,1.594890169168362570e+00,8.888697284192240033e+00,1.500009264044138035e+00,8.871475135502748799e+00,2.700000000000000178e+00
4.611130886758492697e-01,8.924756171361005741e+00,1.594800897214238011e+00,8.888697620876707006e+00,1.500009263175570595e+00,8.871475135606900153e+00,2.700000000000000178e+00
4.613130886758494698e-01,8.924756171448692044e+00,1.594711828991969949e+00,8.888697956783278897e+00,1.500009262309731639e+00,8.871475135710824134e+00,2.700000000000000178e+00
4.615130886758496698e-01,8.924756171536222027e+00,1.594622964036786605e+00,8.888698291913854632e+00,1.500009261445711672e+00,8.871475135814565149e+00,2.700000000000000178e+00
4.617130886758498698e-01,8.924756171623489109e+00,1.594534301884881211e+00,8.888698626270098657e+00,1.500009260583510695e+00,8.871475135917998855e+00,2.700000000000000178e+00
4.619130886758500698e-01,8.924756171710550134e+00,1.594445842073296316e+00,8.888698959853895687e+00,1.500009259722446586e+00,8.871475136021183872e+00,2.700000000000000178e+00
4.621130886758502698e-01,8.924756171797445958e+00,1.594357584140405404e+00,8.888699292667075369e+00,1.500009258865475203e+00,8.871475136124171712e+00,2.700000000000000178e+00
4.623130886758504698e-01,8.924756171884148159e+00,1.594269527625651106e+00,8.888699624711435376e+00,1.500009258008958568e+00,8.871475136226926850e+00,2.700000000000000178e+00
4.625130886758506699e-01,8.924756171970621210e+00,1.594181672068714750e+00,8.888699955988725421e+00,1.500009257155852538e+00,8.871475136329426192e+00,2.700000000000000178e+00
4.627130886758508699e-01,8.924756172056881098e+00,1.594094017011931763e+00,8.888700286500752057e+00,1.500009256302973881e+00,8.871475136431666186e+00,2.700000000000000178e+00
4.629130886758510699e-01,8.924756172142949140e+00,1.594006561997098448e+00,8.888700616249314734e+00,1.500009255453505830e+00,8.871475136533682360e+00,2.700000000000000178e+00
4.631130886758512699e-01,8.924756172228846651e+00,1.593919306567926020e+00,8.888700945236259088e+00,1.500009254604947273e+00,8.871475136635488923e+00,2.700000000000000178e+00
4.633130886758514699e-01,8.924756172314467051e+00,1.593832250268966133e+00,8.888701273463201602e+00,1.500009253760026695e+00,8.871475136736984624e+00,2.700000000000000178e+00
4.635130886758516700e-01,8.924756172399966658e+00,1.593745392645328218e+00,8.888701600932126468e+00,1.500009252915560864e+00,8.871475136838320452e+00,2.700000000000000178e+00
4.637130886758518700e-01,8.924756172485304617e+00,1.593658733244025072e+00,8.888701927644733658e+00,1.500009252073141397e+00,8.871475136939464434e+00,2.700000000000000178e+00
4.639130886758520700e-01,8.924756172570379675e+00,1.593572271612544444e+00,8.888702253602705383e+00,1.500009251232995666e+00,8.871475137040295778e+00,2.700000000000000178e+00
4.641130886758522700e-01,8.924756172655218478e+00,1.593486007299467655e+00,8.888702578807816224e+00,1.500009250394214178e+00,8.871475137140873102e+00,2.700000000000000178e+00
4.643130886758524700e-01,8.924756172739934712e+00,1.593399939854896141e+00,8.888702903261927801e+00,1.500009249558161173e+00,8.871475137241281672e+00,2.700000000000000178e+00
4.645130886758526700e-01,8.924756172824498179e+00,1.593314068828878272e+00,8.888703226966789828e+00,1.500009248724609279e+00,8.871475137341498396e+00,2.700000000000000178e+00
4.647130886758528701e-01,8.924756172908828944e+00,1.593228393773761464e+00,8.888703549924063196e+00,1.500009247892421627e+00,8.871475137441453995e+00,2.700000000000000178e+00
4.649130886758530701e-01,8.924756172992879044e+00,1.593142914241711727e+00,8.888703872135451434e+00,1.500009247062280338e+00,8.871475137541086298e+00,2.700000000000000178e+00
4.651130886758532701e-01,8.924756173076771049e+00,1.593057629787043794e+00,8.888704193602821491e+00,1.500009246233503291e+00,8.871475137640528530e+00,2.700000000000000178e+00
4.653130886758534701e-01,8.924756173160490746e+00,1.592972539964314649e+00,8.888704514327880446e+00,1.500009245406999980e+00,8.871475137739768257e+00,2.700000000000000178e+00
4.655130886758536701e-01,8.924756173244057678e+00,1.592887644329720187e+00,8.888704834312390446e+00,1.500009244582088286e+00,8.871475137838809033e+00,2.700000000000000178e+00
4.657130886758538701e-01,8.924756173327361708e+00,1.592802942439532021e+00,8.888705153557985739e+00,1.500009243759222954e+00,8.871475137937563815e+00,2.700000000000000178e+00
4.659130886758540702e-01,8.924756173410509419e+00,1.592718433851449067e+00,8.888705472066458668e+00,1.500009242939086107e+00,8.871475138036116093e+00,2.700000000000000178e+00
4.661130886758542702e-01,8.924756173493461731e+00,1.592634118125501042e+00,8.888705789839551841e+00,1.500009242118949260e+00,8.871475138134442773e+00,2.700000000000000178e+00
4.663130886758544702e-01,8.924756173576248841e+00,1.592549994820407822e+00,8.888706106878949242e+00,1.500009241302905139e+00,8.871475138232566948e+00,2.700000000000000178e+00
4.665130886758546702e-01,8.924756173658751734e+00,1.592466063497071982e+00,8.888706423186272687e+00,1.500009240487088391e+00,8.871475138330374932e+00,2.700000000000000178e+00
4.667130886758548702e-01,8.924756173741196008e+00,1.592382323718056991e+00,8.888706738763458404e+00,1.500009239674682249e+00,8.871475138428088769e+00,2.700000000000000178e+00
4.669130886758550703e-01,8.924756173823372052e+00,1.592298775046187886e+00,8.888707053612003861e+00,1.500009238863412975e+00,8.871475138525498849e+00,2.700000000000000178e+00
4.671130886758552703e-01,8.924756173905405987e+00,1.592215417044605896e+00,8.888707367733720943e+00,1.500009238054417438e+00,8.871475138622731293e+00,2.700000000000000178e+00
4.673130886758554703e-01,8.924756173987145047e+00,1.592132249278801037e+00,8.888707681130174620e+00,1.500009237247013516e+00,8.871475138719636888e+00,2.700000000000000178e+00
4.675130886758556703e-01,8.924756174068763315e+00,1.592049271314471603e+00,8.888707993803226515e+00,1.500009236440973837e+00,8.871475138816389716e+00,2.700000000000000178e+00
4.677130886758558703e-01,8.924756174150196841e+00,1.591966482718395692e+00,8.888708305754496664e+00,1.500009235637207894e+00,8.871475138912915170e+00,2.700000000000000178e+00
4.679130886758560703e-01,8.924756174231488259e+00,1.591883883058416105e+00,8.888708616985693922e+00,1.500009234836170435e+00,8.871475139009264765e+00,2.700000000000000178e+00
4.681130886758562704e-01,8.924756174312475920e+00,1.591801471903155685e+00,8.888708927498385037e+00,1.500009234035587724e+00,8.871475139105282182e+00,2.700000000000000178e+00
4.683130886758564704e-01,8.924756174393394303e+00,1.591719248823029176e+00,8.888709237294422749e+00,1.500009233237506123e+00,8.871475139201189464e+00,2.700000000000000178e+00
4.685130886758566704e-01,8.924756174474032022e+00,1.591637213387840921e+00,8.888709546375315185e+00,1.500009232441698259e+00,8.871475139296785883e+00,2.700000000000000178e+00
4.687130886758568704e-01,8.924756174554604016e+00,1.591555365170008063e+00,8.888709854742906202e+00,1.500009231647936758e+00,8.871475139392286380e+00,2.700000000000000178e+00
4.689130886758570704e-01,8.924756174634914885e+00,1.591473703742467549e+00,8.888710162398689718e+00,1.500009230855539499e+00,8.871475139487483119e+00,2.700000000000000178e+00
4.691130886758572704e-01,8.924756174715021473e+00,1.591392228678251142e+00,8.888710469344399456e+00,1.500009230064733856e+00,8.871475139582447156e+00,2.700000000000000178e+00
4.693130886758574705e-01,8.924756174794964636e+00,1.591310939552893267e+00,8.888710775581708745e+00,1.500009229275747202e+00,8.871475139677212240e+00,2.700000000000000178e+00
4.695130886758576705e-01,8.924756174874772796e+00,1.591229835941292414e+00,8.888711081112271373e+00,1.500009228489943780e+00,8.871475139771808571e+00,2.700000000000000178e+00
4.697130886758578705e-01,8.924756174954325161e+00,1.591148917420765585e+00,8.888711385937678955e+00,1.500009227703912984e+00,8.871475139866113580e+00,2.700000000000000178e+00
4.699130886758580705e-01,8.924756175033694561e+00,1.591068183567944549e+00,8.888711690059615478e+00,1.500009226921292793e+00,8.871475139960205425e+00,2.700000000000000178e+00
4.701130886758582705e-01,8.924756175112857903e+00,1.590987633962309244e+00,8.888711993479693874e+00,1.500009226139582097e+00,8.871475140054057462e+00,2.700000000000000178e+00
4.703130886758584706e-01,8.924756175191896901e+00,1.590907268183120005e+00,8.888712296199669183e+00,1.500009225358553522e+00,8.871475140147753180e+00,2.700000000000000178e+00
4.705130886758586706e-01,8.924756175270768921e+00,1.590827085810750718e+00,8.888712598221060190e+00,1.500009224581617673e+00,8.871475140241248170e+00,2.700000000000000178e+00
4.707130886758588706e-01,8.924756175349379816e+00,1.590747086427012347e+00,8.888712899545463841e+00,1.500009223805136571e+00,8.871475140334437626e+00,2.700000000000000178e+00
4.709130886758590706e-01,8.924756175427880578e+00,1.590667269613411872e+00,8.888713200174619189e+00,1.500009223031383954e+00,8.871475140427490302e+00,2.700000000000000178e+00
4.711130886758592706e-01,8.924756175506216138e+00,1.590587634954612195e+00,8.888713500110108967e+00,1.500009222259677699e+00,8.871475140520347580e+00,2.700000000000000178e+00
4.713130886758594706e-01,8.924756175584338536e+00,1.590508182033309792e+00,8.888713799353517686e+00,1.500009221489108313e+00,8.871475140612956167e+00,2.700000000000000178e+00
4.715130886758596707e-01,8.924756175662267310e+00,1.590428910436217924e+00,8.888714097906470712e+00,1.500009220719675795e+00,8.871475140705337381e+00,2.700000000000000178e+00
4.717130886758598707e-01,8.924756175740011344e+00,1.590349819748872573e+00,8.888714395770563215e+00,1.500009219952744388e+00,8.871475140797503656e+00,2.700000000000000178e+00
4.719130886758600707e-01,8.924756175817547543e+00,1.590270909558102019e+00,8.888714692947409901e+00,1.500009219186722476e+00,8.871475140889430122e+00,2.700000000000000178e+00
4.721130886758602707e-01,8.924756175895000254e+00,1.590192179452224686e+00,8.888714989438716074e+00,1.500009218423656421e+00,8.871475140981237573e+00,2.700000000000000178e+00
4.723130886758604707e-01,8.924756175972193617e+00,1.590113629020269315e+00,8.888715285245893938e+00,1.500009217662181982e+00,8.871475141072757253e+00,2.700000000000000178e+00
4.725130886758606708e-01,8.924756176049234213e+00,1.590035257852463468e+00,8.888715580370677216e+00,1.500009216903436027e+00,8.871475141164086864e+00,2.700000000000000178e+00
4.727130886758608708e-01,8.924756176126100726e+00,1.589957065539820524e+00,8.888715874814618445e+00,1.500009216145372193e+00,8.871475141255208641e+00,2.700000000000000178e+00
4.729130886758610708e-01,8.924756176202844671e+00,1.589879051674382371e+00,8.888716168579369636e+00,1.500009215388672601e+00,8.871475141346181204e+00,2.700000000000000178e+00
4.731130886758612708e-01,8.924756176279366571e+00,1.589801215847274296e+00,8.888716461666396285e+00,1.500009214634928867e+00,8.871475141436889089e+00,2.700000000000000178e+00
4.733130886758614708e-01,8.924756176355652215e+00,1.589723557653999197e+00,8.888716754077275795e+00,1.500009213881639880e+00,8.871475141527337627e+00,2.700000000000000178e+00
4.735130886758616708e-01,8.924756176431797527e+00,1.589646076688155274e+00,8.888717045813670836e+00,1.500009213130169883e+00,8.871475141617610305e+00,2.700000000000000178e+00
4.737130886758618709e-01,8.924756176507750993e+00,1.589568772545844499e+00,8.888717336877109076e+00,1.500009212380973622e+00,8.871475141707662715e+00,2.700000000000000178e+00
4.739130886758620709e-01,8.924756176583638734e+00,1.589491644823292971e+00,8.888717627269281607e+00,1.500009211633368977e+00,8.871475141797615649e+00,2.700000000000000178e+00
4.741130886758622709e-01,8.924756176659224494e+00,1.589414693117459310e+00,8.888717916991510037e+00,1.500009210887355948e+00,8.871475141887229299e+00,2.700000000000000178e+00
4.743130886758624709e-01,8.924756176734639723e+00,1.589337917027028535e+00,8.888718206045487236e+00,1.500009210143389282e+00,8.871475141976645773e+00,2.700000000000000178e+00
4.745130886758626709e-01,8.924756176809962582e+00,1.589261316151655556e+00,8.888718494432856332e+00,1.500009209401241606e+00,8.871475142065932573e+00,2.700000000000000178e+00
4.747130886758628709e-01,8.924756176885079384e+00,1.589184890091158930e+00,8.888718782155052622e+00,1.500009208660685545e+00,8.871475142154984894e+00,2.700000000000000178e+00
4.749130886758630710e-01,8.924756176959990128e+00,1.589108638446371957e+00,8.888719069213646407e+00,1.500009207921266352e+00,8.871475142243799183e+00,2.700000000000000178e+00
4.751130886758632710e-01,8.924756177034787186e+00,1.589032560819151785e+00,8.888719355610223971e+00,1.500009207185030391e+00,8.871475142332471364e+00,2.700000000000000178e+00
4.753130886758634710e-01,8.924756177109385291e+00,1.588956656812575696e+00,8.888719641346304101e+00,1.500009206449703925e+00,8.871475142420905513e+00,2.700000000000000178e+00
4.755130886758636710e-01,8.924756177183830630e+00,1.588880926030829199e+00,8.888719926423434003e+00,1.500009205716196448e+00,8.871475142509162026e+00,2.700000000000000178e+00
4.757130886758638710e-01,8.924756177258069911e+00,1.588805368078152647e+00,8.888720210843112923e+00,1.500009204983598465e+00,8.871475142597178731e+00,2.700000000000000178e+00
4.759130886758640711e-01,8.924756177332161755e+00,1.588729982560122655e+00,8.888720494606927147e+00,1.500009204252592099e+00,8.871475142685012472e+00,2.700000000000000178e+00
4.761130886758642711e-01,8.924756177406008462e+00,1.588654769082971763e+00,8.888720777716301313e+00,1.500009203524541590e+00,8.871475142772576206e+00,2.700000000000000178e+00
4.763130886758644711e-01,8.924756177479830299e+00,1.588579727254698648e+00,8.888721060172954935e+00,1.500009202797855323e+00,8.871475142860077767e+00,2.700000000000000178e+00
4.765130886758646711e-01,8.924756177553380354e+00,1.588504856683222499e+00,8.888721341978209622e+00,1.500009202072078551e+00,8.871475142947279124e+00,2.700000000000000178e+00
4.767130886758648711e-01,8.924756177626784748e+00,1.588430156977733931e+00,8.888721623133685412e+00,1.500009201348348142e+00,8.871475143034309951e+00,2.700000000000000178e+00
4.769130886758650711e-01,8.924756177699940451e+00,1.588355627747959797e+00,8.888721903640785627e+00,1.500009200627118844e+00,8.871475143121053009e+00,2.700000000000000178e+00
4.771130886758652712e-01,8.924756177772996679e+00,1.588281268605382213e+00,8.888722183501172935e+00,1.500009199907253787e+00,8.871475143207668168e+00,2.700000000000000178e+00
4.773130886758654712e-01,8.924756177845889482e+00,1.588207079161263913e+00,8.888722462716293293e+00,1.500009199188525599e+00,8.871475143294087928e+00,2.700000000000000178e+00
4.775130886758656712e-01,8.924756177918604649e+00,1.588133059029508631e+00,8.888722741287653051e+00,1.500009198471616401e+00,8.871475143380301631e+00,2.700000000000000178e+00
4.777130886758658712e-01,8.924756177991215012e+00,1.588059207822564822e+00,8.888723019216786980e+00,1.500009197756980939e+00,8.871475143466375002e+00,2.700000000000000178e+00
4.779130886758660712e-01,8.924756178063587342e+00,1.587985525155391597e+00,8.888723296505078864e+00,1.500009197043937093e+00,8.871475143552187248e+00,2.700000000000000178e+00
4.781130886758662712e-01,8.924756178135776707e+00,1.587912010643098393e+00,8.888723573154083013e+00,1.500009196331347994e+00,8.871475143637777450e+00,2.700000000000000178e+00
4.783130886758664713e-01,8.924756178207836399e+00,1.587838663901840475e+00,8.888723849165334201e+00,1.500009195621260005e+00,8.871475143723211332e+00,2.700000000000000178e+00
4.785130886758666713e-01,8.924756178279764640e+00,1.587765484549059636e+00,8.888724124540297922e+00,1.500009194912308885e+00,8.871475143808481789e+00,2.700000000000000178e+00
4.787130886758668713e-01,8.924756178351504587e+00,1.587692472202652638e+00,8.888724399280413024e+00,1.500009194205858876e+00,8.871475143893537307e+00,2.700000000000000178e+00
4.789130886758670713e-01,8.924756178423015385e+00,1.587619626481363122e+00,8.888724673387120134e+00,1.500009193501000482e+00,8.871475143978328148e+00,2.700000000000000178e+00
4.791130886758672713e-01,8.924756178494428482e+00,1.587546947005016529e+00,8.888724946862021525e+00,1.500009192797051583e+00,8.871475144062996421e+00,2.700000000000000178e+00
4.793130886758674714e-01,8.924756178565701248e+00,1.587474433394536089e+00,8.888725219706552494e+00,1.500009192095376420e+00,8.871475144147488834e+00,2.700000000000000178e+00
4.795130886758676714e-01,8.924756178636695125e+00,1.587402085270873009e+00,8.888725491922041755e+00,1.500009191394383379e+00,8.871475144231677490e+00,2.700000000000000178e+00
4.797130886758678714e-01,8.924756178707536236e+00,1.587329902256484404e+00,8.888725763510038291e+00,1.500009190696346195e+00,8.871475144315677852e+00,2.700000000000000178e+00
4.799130886758680714e-01,8.924756178778295634e+00,1.587257883974973804e+00,8.888726034472117732e+00,1.500009189999218506e+00,8.871475144399569857e+00,2.700000000000000178e+00
4.801130886758682714e-01,8.924756178848882726e+00,1.587186030049591690e+00,8.888726304809624779e+00,1.500009189304364554e+00,8.871475144483257580e+00,2.700000000000000178e+00
4.803130886758684714e-01,8.924756178919331262e+00,1.587114340105788779e+00,8.888726574524101309e+00,1.500009188609510602e+00,8.871475144566776549e+00,2.700000000000000178e+00
4.805130886758686715e-01,8.924756178989575517e+00,1.587042813769689920e+00,8.888726843616854723e+00,1.500009187917612508e+00,8.871475144650064593e+00,2.700000000000000178e+00
4.807130886758688715e-01,8.924756179059629702e+00,1.586971450667027828e+00,8.888727112089368276e+00,1.500009187227078655e+00,8.871475144733128815e+00,2.700000000000000178e+00
4.809130886758690715e-01,8.924756179129580858e+00,1.586900250425911763e+00,8.888727379943198059e+00,1.500009186537681671e+00,8.871475144816065139e+00,2.700000000000000178e+00
4.811130886758692715e-01,8.924756179199388129e+00,1.586829212674695011e+00,8.888727647179710090e+00,1.500009185851240545e+00,8.871475144898823828e+00,2.700000000000000178e+00
4.813130886758694715e-01,8.924756179268948486e+00,1.586758337042459832e+00,8.888727913800265057e+00,1.500009185165254166e+00,8.871475144981308958e+00,2.700000000000000178e+00
4.815130886758696716e-01,8.924756179338404039e+00,1.586687623158919980e+00,8.888728179806415497e+00,1.500009184480859403e+00,8.871475145063657308e+00,2.700000000000000178e+00
4.817130886758698716e-01,8.924756179407706824e+00,1.586617070655365724e+00,8.888728445199571837e+00,1.500009183798738377e+00,8.871475145145820917e+00,2.700000000000000178e+00
4.819130886758700716e-01,8.924756179476824869e+00,1.586546679163150619e+00,8.888728709981100096e+00,1.500009183117299472e+00,8.871475145227774917e+00,2.700000000000000178e+00
4.821130886758702716e-01,8.924756179545774160e+00,1.586476448315426335e+00,8.888728974152453333e+00,1.500009182437679556e+00,8.871475145309531740e+00,2.700000000000000178e+00
4.823130886758704716e-01,8.924756179614554696e+00,1.586406377744421281e+00,8.888729237715033094e+00,1.500009181760333377e+00,8.871475145391089612e+00,2.700000000000000178e+00
4.825130886758706716e-01,8.924756179683161150e+00,1.586336467085619484e+00,8.888729500670269346e+00,1.500009181083896692e+00,8.871475145472446755e+00,2.700000000000000178e+00
4.827130886758708717e-01,8.924756179751662799e+00,1.586266715973310149e+00,8.888729763019643570e+00,1.500009180409051623e+00,8.871475145553663566e+00,2.700000000000000178e+00
4.829130886758710717e-01,8.924756179820017010e+00,1.586197124043743578e+00,8.888730024764482707e+00,1.500009179736480291e+00,8.871475145634708070e+00,2.700000000000000178e+00
4.831130886758712717e-01,8.924756179888195362e+00,1.586127690933355705e+00,8.888730285906250472e+00,1.500009179064136333e+00,8.871475145715546518e+00,2.700000000000000178e+00
4.833130886758714717e-01,8.924756179956229829e+00,1.586058416280229810e+00,8.888730546446280911e+00,1.500009178395202980e+00,8.871475145796212658e+00,2.700000000000000178e+00
4.835130886758716717e-01,8.924756180024079555e+00,1.585989299722091461e+00,8.888730806386016425e+00,1.500009177725814880e+00,8.871475145876663859e+00,2.700000000000000178e+00
4.837130886758718717e-01,8.924756180091812041e+00,1.585920340898290037e+00,8.888731065726865666e+00,1.500009177059155263e+00,8.871475145956969399e+00,2.700000000000000178e+00
4.839130886758720718e-01,8.924756180159313601e+00,1.585851539448913661e+00,8.888731324470139583e+00,1.500009176393859889e+00,8.871475146037013815e+00,2.700000000000000178e+00
4.841130886758722718e-01,8.924756180226715685e+00,1.585782895015005689e+00,8.888731582617321436e+00,1.500009175730610878e+00,8.871475146116932109e+00,2.700000000000000178e+00
4.843130886758724718e-01,8.924756180293943686e+00,1.585714407237965418e+00,8.888731840169763032e+00,1.500009175066907119e+00,8.871475146196649675e+00,2.700000000000000178e+00
4.845130886758726718e-01,8.924756180361042013e+00,1.585646075760770879e+00,8.888732097128851706e+00,1.500009174407068713e+00,8.871475146276209145e+00,2.700000000000000178e+00
4.847130886758728718e-01,8.924756180428014218e+00,1.585577900226500248e+00,8.888732353496013872e+00,1.500009173747912428e+00,8.871475146355612296e+00,2.700000000000000178e+00
4.849130886758730719e-01,8.924756180494714641e+00,1.585509880278821893e+00,8.888732609272446794e+00,1.500009173091257253e+00,8.871475146434715242e+00,2.700000000000000178e+00
4.851130886758732719e-01,8.924756180561393748e+00,1.585442015562615437e+00,8.888732864459791827e+00,1.500009172434602078e+00,8.871475146513772003e+00,2.700000000000000178e+00
4.853130886758734719e-01,8.924756180627801072e+00,1.585374305724498445e+00,8.888733119059180510e+00,1.500009171779311146e+00,8.871475146592521455e+00,2.700000000000000178e+00
4.855130886758736719e-01,8.924756180694151553e+00,1.585306750410234500e+00,8.888733373072152943e+00,1.500009171126521323e+00,8.871475146671190970e+00,2.700000000000000178e+00
4.857130886758738719e-01,8.924756180760295976e+00,1.585239349267312248e+00,8.888733626499929485e+00,1.500009170475777864e+00,8.871475146749622454e+00,2.700000000000000178e+00
4.859130886758740719e-01,8.924756180826337371e+00,1.585172101944528622e+00,8.888733879344018263e+00,1.500009169825489153e+00,8.871475146827924263e+00,2.700000000000000178e+00
4.861130886758742720e-01,8.924756180892174484e+00,1.585105008089629841e+00,8.888734131605668054e+00,1.500009169175882562e+00,8.871475146905996922e+00,2.700000000000000178e+00
4.863130886758744720e-01,8.924756180957858831e+00,1.585038067353801816e+00,8.888734383286223562e+00,1.500009168529459203e+00,8.871475146983888393e+00,2.700000000000000178e+00
4.865130886758746720e-01,8.924756181023431267e+00,1.584971279386682141e+00,8.888734634387127187e+00,1.500009167883945338e+00,8.871475147061637756e+00,2.700000000000000178e+00
4.867130886758748720e-01,8.924756181088806528e+00,1.584904643838991545e+00,8.888734884909618827e+00,1.500009167240705210e+00,8.871475147139163298e+00,2.700000000000000178e+00
4.869130886758750720e-01,8.924756181154052115e+00,1.584838160364851589e+00,8.888735134855128450e+00,1.500009166597465082e+00,8.871475147216528967e+00,2.700000000000000178e+00
4.871130886758752720e-01,8.924756181219136053e+00,1.584771828616083900e+00,8.888735384224938585e+00,1.500009165956498691e+00,8.871475147293711672e+00,2.700000000000000178e+00
4.873130886758754721e-01,8.924756181284154266e+00,1.584705648245931409e+00,8.888735633020512950e+00,1.500009165317351290e+00,8.871475147370794900e+00,2.700000000000000178e+00
4.875130886758756721e-01,8.924756181348929118e+00,1.584639618909048364e+00,8.888735881242990189e+00,1.500009164679795504e+00,8.871475147447611675e+00,2.700000000000000178e+00
4.877130886758758721e-01,8.924756181413536993e+00,1.584573740260674546e+00,8.888736128893796717e+00,1.500009164042467091e+00,8.871475147524231275e+00,2.700000000000000178e+00
4.879130886758760721e-01,8.924756181478052497e+00,1.584508011957186380e+00,8.888736375974303883e+00,1.500009163408094537e+00,8.871475147600730082e+00,2.700000000000000178e+00
4.881130886758762721e-01,8.924756181542402800e+00,1.584442433655730786e+00,8.888736622485808425e+00,1.500009162774404103e+00,8.871475147677037043e+00,2.700000000000000178e+00
4.883130886758764722e-01,8.924756181606607441e+00,1.584377005013862583e+00,8.888736868429607085e+00,1.500009162142077912e+00,8.871475147753173474e+00,2.700000000000000178e+00
4.885130886758766722e-01,8.924756181670678856e+00,1.584311725690263906e+00,8.888737113807057000e+00,1.500009161510888589e+00,8.871475147829146479e+00,2.700000000000000178e+00
4.887130886758768722e-01,8.924756181734656124e+00,1.584246595344518393e+00,8.888737358619490436e+00,1.500009160881973003e+00,8.871475147904996916e+00,2.700000000000000178e+00
4.889130886758770722e-01,8.924756181798358057e+00,1.584181613636349573e+00,8.888737602868046039e+00,1.500009160254194285e+00,8.871475147980552478e+00,2.700000000000000178e+00
4.891130886758772722e-01,8.924756181861990711e+00,1.584116780226897614e+00,8.888737846554255029e+00,1.500009159627779809e+00,8.871475148056005011e+00,2.700000000000000178e+00
4.893130886758774722e-01,8.924756181925479481e+00,1.584052094776739805e+00,8.888738089679321774e+00,1.500009159003866444e+00,8.871475148131288790e+00,2.700000000000000178e+00
4.895130886758776723e-01,8.924756181988787063e+00,1.583987556947683562e+00,8.888738332244551898e+00,1.500009158379498331e+00,8.871475148206361183e+00,2.700000000000000178e+00
4.897130886758778723e-01,8.924756182051920561e+00,1.583923166404826333e+00,8.888738574251238589e+00,1.500009157757176581e+00,8.871475148281239953e+00,2.700000000000000178e+00
4.899130886758780723e-01,8.924756182114943925e+00,1.583858922810443381e+00,8.888738815700714113e+00,1.500009157136901194e+00,8.871475148355974838e+00,2.700000000000000178e+00
4.901130886758782723e-01,8.924756182177853603e+00,1.583794825829795361e+00,8.888739056594294752e+00,1.500009156518217424e+00,8.871475148430571167e+00,2.700000000000000178e+00
4.903130886758784723e-01,8.924756182240658475e+00,1.583730875128321003e+00,8.888739296933270140e+00,1.500009155901125268e+00,8.871475148505039598e+00,2.700000000000000178e+00
4.905130886758786724e-01,8.924756182303248409e+00,1.583667070371896468e+00,8.888739536718810896e+00,1.500009155285397355e+00,8.871475148579259340e+00,2.700000000000000178e+00
4.907130886758788724e-01,8.924756182365717549e+00,1.583603411227566315e+00,8.888739775952350541e+00,1.500009154669669442e+00,8.871475148653336973e+00,2.700000000000000178e+00
4.909130886758790724e-01,8.924756182427984186e+00,1.583539897363549498e+00,8.888740014635008180e+00,1.500009154056670013e+00,8.871475148727183679e+00,2.700000000000000178e+00
4.911130886758792724e-01,8.924756182490160228e+00,1.583476528446800202e+00,8.888740252768213779e+00,1.500009153445489574e+00,8.871475148800913146e+00,2.700000000000000178e+00
4.913130886758794724e-01,8.924756182552194161e+00,1.583413304148413747e+00,8.888740490353221446e+00,1.500009152834309134e+00,8.871475148874480965e+00,2.700000000000000178e+00
4.915130886758796724e-01,8.924756182614087763e+00,1.583350224137397788e+00,8.888740727391262197e+00,1.500009152224947684e+00,8.871475148947874700e+00,2.700000000000000178e+00
4.917130886758798725e-01,8.924756182675899652e+00,1.583287288084453293e+00,8.888740963883654089e+00,1.500009151618314718e+00,8.871475149021161855e+00,2.700000000000000178e+00
4.919130886758800725e-01,8.924756182737489496e+00,1.583224495660854547e+00,8.888741199831560635e+00,1.500009151012136499e+00,8.871475149094200319e+00,2.700000000000000178e+00
4.921130886758802725e-01,8.924756182798903481e+00,1.583161846538890583e+00,8.888741435236287458e+00,1.500009150406640401e+00,8.871475149167036278e+00,2.700000000000000178e+00
4.923130886758804725e-01,8.924756182860173581e+00,1.583099340391954879e+00,8.888741670099122416e+00,1.500009149802963293e+00,8.871475149239705260e+00,2.700000000000000178e+00
4.925130886758806725e-01,8.924756182921363745e+00,1.583036976893728909e+00,8.888741904421351592e+00,1.500009149201559921e+00,8.871475149312265884e+00,2.700000000000000178e+00
4.927130886758808725e-01,8.924756182982404695e+00,1.582974755718248971e+00,8.888742138204206000e+00,1.500009148601748166e+00,8.871475149384650649e+00,2.700000000000000178e+00
4.929130886758810726e-01,8.924756183043282221e+00,1.582912676541071928e+00,8.888742371448934421e+00,1.500009148001481663e+00,8.871475149456848897e+00,2.700000000000000178e+00
4.931130886758812726e-01,8.924756183104031848e+00,1.582850739038078602e+00,8.888742604156751881e+00,1.500009147404171017e+00,8.871475149528892601e+00,2.700000000000000178e+00
4.933130886758814726e-01,8.924756183164609169e+00,1.582788942885996031e+00,8.888742836328926700e+00,1.500009146807315119e+00,8.871475149600735577e+00,2.700000000000000178e+00
4.935130886758816726e-01,8.924756183225072803e+00,1.582727287761548141e+00,8.888743067966744960e+00,1.500009146211596089e+00,8.871475149672439997e+00,2.700000000000000178e+00
4.937130886758818726e-01,8.924756183285444067e+00,1.582665773343723714e+00,8.888743299071437676e+00,1.500009145619060291e+00,8.871475149744034283e+00,2.700000000000000178e+00
4.939130886758820727e-01,8.924756183345660787e+00,1.582604399311265286e+00,8.888743529644221653e+00,1.500009145026069746e+00,8.871475149815438499e+00,2.700000000000000178e+00
4.941130886758822727e-01,8.924756183405703425e+00,1.582543165343837543e+00,8.888743759686274615e+00,1.500009144435352937e+00,8.871475149886647316e+00,2.700000000000000178e+00
4.943130886758824727e-01,8.924756183465632375e+00,1.582482071121113387e+00,8.888743989198912843e+00,1.500009143846227744e+00,8.871475149957712247e+00,2.700000000000000178e+00
4.945130886758826727e-01,8.924756183525344611e+00,1.582421116325264165e+00,8.888744218183264323e+00,1.500009143257329924e+00,8.871475150028540924e+00,2.700000000000000178e+00
4.947130886758828727e-01,8.924756183585035529e+00,1.582360300637077000e+00,8.888744446640725272e+00,1.500009142670705842e+00,8.871475150099323415e+00,2.700000000000000178e+00
4.949130886758830727e-01,8.924756183644580787e+00,1.582299623739675809e+00,8.888744674572429005e+00,1.500009142084991254e+00,8.871475150169928270e+00,2.700000000000000178e+00
4.951130886758832728e-01,8.924756183703999923e+00,1.582239085315753302e+00,8.888744901979572788e+00,1.500009141502005150e+00,8.871475150240387464e+00,2.700000000000000178e+00
4.953130886758834728e-01,8.924756183763173922e+00,1.582178685050047440e+00,8.888745128863273948e+00,1.500009140918791672e+00,8.871475150310573099e+00,2.700000000000000178e+00
4.955130886758836728e-01,8.924756183822205813e+00,1.582118422626680454e+00,8.888745355224896727e+00,1.500009140336487690e+00,8.871475150380589980e+00,2.700000000000000178e+00
4.957130886758838728e-01,8.924756183881200400e+00,1.582058297731257168e+00,8.888745581065659707e+00,1.500009139757594312e+00,8.871475150450550018e+00,2.700000000000000178e+00
4.959130886758840728e-01,8.924756183940022680e+00,1.581998310050365619e+00,8.888745806386713966e+00,1.500009139178246187e+00,8.871475150520314656e+00,2.700000000000000178e+00
4.961130886758842728e-01,8.924756183998702852e+00,1.581938459270434194e+00,8.888746031189253216e+00,1.500009138601171799e+00,8.871475150589905212e+00,2.700000000000000178e+00
4.963130886758844729e-01,8.924756184057333286e+00,1.581878745079082993e+00,8.888746255474597291e+00,1.500009138025916400e+00,8.871475150659424713e+00,2.700000000000000178e+00
4.965130886758846729e-01,8.924756184115677726e+00,1.581819167164342677e+00,8.888746479243726739e+00,1.500009137449751506e+00,8.871475150728633352e+00,2.700000000000000178e+00
4.967130886758848729e-01,8.924756184173975981e+00,1.581759725215577728e+00,8.888746702498000474e+00,1.500009136877679339e+00,8.871475150797769160e+00,2.700000000000000178e+00
4.969130886758850729e-01,8.924756184232160550e+00,1.581700418922561635e+00,8.888746925238629970e+00,1.500009136305834545e+00,8.871475150866769965e+00,2.700000000000000178e+00
4.971130886758852729e-01,8.924756184290188799e+00,1.581641247975313691e+00,8.888747147466752097e+00,1.500009135734444499e+00,8.871475150935586029e+00,2.700000000000000178e+00
4.973130886758854730e-01,8.924756184348032306e+00,1.581582212065044235e+00,8.888747369183477076e+00,1.500009135164873442e+00,8.871475151004194259e+00,2.700000000000000178e+00
4.975130886758856730e-01,8.924756184405818971e+00,1.581523310883883759e+00,8.888747590390147835e+00,1.500009134597576121e+00,8.871475151072719001e+00,2.700000000000000178e+00
4.977130886758858730e-01,8.924756184463390696e+00,1.581464544124259408e+00,8.888747811087796435e+00,1.500009134030278801e+00,8.871475151141009263e+00,2.700000000000000178e+00
4.979130886758860730e-01,8.924756184520877156e+00,1.581405911478816817e+00,8.888748031277710737e+00,1.500009133465027844e+00,8.871475151209185839e+00,2.700000000000000178e+00
4.981130886758862730e-01,8.924756184578267693e+00,1.581347412642426953e+00,8.888748250961093333e+00,1.500009132901141129e+00,8.871475151277239846e+00,2.700000000000000178e+00
4.983130886758864730e-01,8.924756184635493028e+00,1.581289047308919393e+00,8.888748470139015367e+00,1.500009132338618656e+00,8.871475151345112664e+00,2.700000000000000178e+00
4.985130886758866731e-01,8.924756184692574479e+00,1.581230815173936266e+00,8.888748688812688314e+00,1.500009131776778304e+00,8.871475151412806071e+00,2.700000000000000178e+00
4.987130886758868731e-01,8.924756184749533361e+00,1.581172715933755635e+00,8.888748906983295228e+00,1.500009131216302194e+00,8.871475151480360921e+00,2.700000000000000178e+00
4.989130886758870731e-01,8.924756184806312831e+00,1.581114749284818322e+00,8.888749124651944555e+00,1.500009130657872447e+00,8.871475151547709714e+00,2.700000000000000178e+00
4.991130886758872731e-01,8.924756184863030128e+00,1.581056914924817702e+00,8.888749341819922378e+00,1.500009130099897448e+00,8.871475151614973242e+00,2.700000000000000178e+00
4.993130886758874731e-01,8.924756184919596436e+00,1.580999212551450928e+00,8.888749558488298064e+00,1.500009129543741437e+00,8.871475151682059135e+00,2.700000000000000178e+00
4.995130886758876732e-01,8.924756184976049056e+00,1.580941641863612857e+00,8.888749774658238678e+00,1.500009128989631790e+00,8.871475151749010024e+00,2.700000000000000178e+00
4.997130886758878732e-01,8.924756185032343581e+00,1.580884202560500551e+00,8.888749990330927275e+00,1.500009128435294770e+00,8.871475151815776172e+00,2.700000000000000178e+00
4.999130886758880732e-01,8.924756185088524418e+00,1.580826894342896027e+00,8.888750205507498947e+00,1.500009127883004112e+00,8.871475151882409094e+00,2.700000000000000178e+00
5.000000000000000000e-01,8.924756185113075446e+00,1.580802031462081203e+00,8.888750298859786625e+00,1.500009127640623774e+00,8.871475151911489831e+00,2.700000000000000178e+00
