t_s,VS_V,GATE_V,VPROT_V,Q1_channel_A,Q2_gate_V,ENABLE_V
0.000000000000000000e+00,1.399999314995946520e+01,1.399999312191597767e+01,5.223336747493986309e-10,1.517503796622004227e-09,3.013777658311920238e-01,0.000000000000000000e+00
1.328000000000000025e-04,1.399999314995946520e+01,1.399999312191599365e+01,5.223336746817692746e-10,1.517503793827827823e-09,3.013777658311855845e-01,0.000000000000000000e+00
3.328000000000002289e-04,1.399999314995946342e+01,1.399999312191599188e+01,5.223336747640426228e-10,1.517503795524461286e-09,3.013777658311784791e-01,0.000000000000000000e+00
5.328000000000006993e-04,1.399999314995946520e+01,1.399999312191599365e+01,5.223336746817692746e-10,1.517503793827827823e-09,3.013777658311820318e-01,0.000000000000000000e+00
7.328000000000012238e-04,1.399999314995949895e+01,1.399999312191602918e+01,5.223336770929976582e-10,1.517503799700611649e-09,3.013777658312228880e-01,0.000000000000000000e+00
9.328000000000017484e-04,1.399999314995946342e+01,1.399999312191599188e+01,5.223336754561111405e-10,1.517503795219873532e-09,3.013777658312015717e-01,0.000000000000000000e+00
1.000017166524986472e-03,1.399999317206052396e+01,1.399999316631071089e+01,5.247141393860462596e-10,1.522987198696101001e-09,3.013795031861690177e-01,2.700000000000000178e+00
1.001308244004421285e-03,1.399985496224479498e+01,1.399973648957477756e+01,-1.299097117369685369e-08,1.283039770092161730e-09,5.783687747079109265e+00,2.700000000000000178e+00
1.003135722479248136e-03,1.399965060475319945e+01,1.400175240411841493e+01,9.238471903133091774e-08,2.195062218958692551e-09,1.390009435993428966e+01,2.700000000000000178e+00
1.025572792396047634e-03,1.399960981702106722e+01,1.399891143938486948e+01,-6.294271821749483956e-08,1.386965054203057610e-09,1.394706212726484473e+01,2.700000000000000178e+00
1.225572792396048159e-03,1.399960982962639733e+01,1.397251186256278110e+01,-2.016166669744617526e-07,1.470058215240731270e-09,1.394707133412852862e+01,2.700000000000000178e+00
1.425572792396048684e-03,1.399960984274465048e+01,1.394617264704762682e+01,-2.012392154992738087e-07,1.610381149173915330e-09,1.394707135026065892e+01,2.700000000000000178e+00
1.625572792396049208e-03,1.399960985582822026e+01,1.391989361203449960e+01,-2.007490765541019327e-07,1.847101568651544770e-09,1.394707136634906064e+01,2.700000000000000178e+00
1.825572792396049733e-03,1.399960986887385772e+01,1.389367458738496452e+01,-2.002400073418760209e-07,2.246102840723721581e-09,1.394707138239149380e+01,2.700000000000000178e+00
2.025572792396050040e-03,1.399960988187609345e+01,1.386751541948726540e+01,-1.996982799383240131e-07,2.917964296275980200e-09,1.394707139838311960e+01,2.700000000000000178e+00
2.225572792396050565e-03,1.399960989482559093e+01,1.384141596273859065e+01,-1.991008693090758160e-07,4.048056325085450493e-09,1.394707141431487862e+01,2.700000000000000178e+00
2.425572792396051090e-03,1.399960990770718006e+01,1.381537607668306578e+01,-1.984092643181652865e-07,5.946743555816310940e-09,1.394707143017178552e+01,2.700000000000000178e+00
2.625572792396051614e-03,1.399960992049469510e+01,1.378939562354932491e+01,-1.975590983464608414e-07,9.133024753694139221e-09,1.394707144592776693e+01,2.700000000000000178e+00
2.825572792396052139e-03,1.399960993314539159e+01,1.376347446679476505e+01,-1.964428692110996510e-07,1.447369781543291455e-08,1.394707146154012456e+01,2.700000000000000178e+00
3.025572792396052663e-03,1.399960994558666272e+01,1.373761247059831980e+01,-1.948812363896850701e-07,2.341460336133344643e-08,1.394707147693623916e+01,2.700000000000000178e+00
3.225572792396053188e-03,1.399960995769834149e+01,1.371180949954257855e+01,-1.925753921204747747e-07,3.836434596298844181e-08,1.394707149199602547e+01,2.700000000000000178e+00
3.425572792396053712e-03,1.399960996928064105e+01,1.368606541858790848e+01,-1.890281210137188161e-07,6.333013200399495251e-08,1.394707150651961847e+01,2.700000000000000178e+00
3.625572792396054237e-03,1.399960998000099544e+01,1.366038009291255051e+01,-1.834131638339468027e-07,1.049698134771255358e-07,1.394707152017448060e+01,2.700000000000000178e+00
3.825572792396054762e-03,1.399960998930797551e+01,1.363475338782975577e+01,-1.743593609481394473e-07,1.743298542021751705e-07,1.394707153240917386e+01,2.700000000000000178e+00
4.025572792396050516e-03,1.399960999628775227e+01,1.360918516863329764e+01,-1.595945698232710979e-07,2.897116312479514305e-07,1.394707154230976442e+01,2.700000000000000178e+00
4.225572792396042367e-03,1.399960999942854478e+01,1.358367530035645743e+01,-1.353593205269266604e-07,4.813900496060994716e-07,1.394707154836436835e+01,2.700000000000000178e+00
4.425572792396034218e-03,1.399960999623346147e+01,1.355822364741526798e+01,-9.544320532910605450e-08,7.993660235247373509e-07,1.394707154807589156e+01,2.700000000000000178e+00
4.625572792396026069e-03,1.399960998258625899e+01,1.353283007295484630e+01,-2.960472592049163915e-08,1.326075132382276871e-06,1.394707153732776916e+01,2.700000000000000178e+00
4.825572792396017920e-03,1.399960995171301015e+01,1.350749443792407511e+01,7.901345370585053752e-08,2.197168374610623251e-06,1.394707150934547002e+01,2.700000000000000178e+00
5.025572792396009771e-03,1.399960989249065335e+01,1.348221659935184569e+01,2.581004848131178246e-07,3.635393421520697959e-06,1.394707145300499995e+01,2.700000000000000178e+00
5.225572792396001622e-03,1.399960978669711942e+01,1.345699640778797423e+01,5.530311734133767907e-07,6.005647561115712947e-06,1.394707135008271592e+01,2.700000000000000178e+00
5.425572792395993472e-03,1.399960960456312087e+01,1.343183370302598156e+01,1.037964369288243702e-06,9.904072311020485284e-06,1.394707117080673875e+01,2.700000000000000178e+00
5.625572792395985323e-03,1.399960929760526263e+01,1.340672830721639741e+01,1.833730016431038286e-06,1.630154375508509898e-05,1.394707086668949891e+01,2.700000000000000178e+00
5.825572792395977174e-03,1.399960878715329926e+01,1.338168001386961770e+01,3.136493253039860038e-06,2.677341832313558101e-05,1.394707035905388182e+01,2.700000000000000178e+00
6.025572792395969025e-03,1.399960794611014414e+01,1.335668857035231305e+01,5.263369316858386948e-06,4.386475383872756421e-05,1.394706952079176432e+01,2.700000000000000178e+00
6.225572792395960876e-03,1.399960657021211929e+01,1.333175365040210814e+01,8.724391689731159354e-06,7.166577521834725101e-05,1.394706814762164626e+01,2.700000000000000178e+00
6.425572792395952727e-03,1.399960433323781217e+01,1.330687481114370208e+01,1.433485371349587414e-05,1.167087039904827518e-04,1.394706591329367740e+01,2.700000000000000178e+00
6.625572792395944578e-03,1.399960071815252327e+01,1.328205142712270792e+01,2.338835468064904779e-05,1.893463691399451324e-04,1.394706230072797304e+01,2.700000000000000178e+00
6.825572792395936429e-03,1.399959491306367099e+01,1.325728259064220538e+01,3.791894375142083521e-05,3.058352582654150914e-04,1.394705649796097191e+01,2.700000000000000178e+00
7.025572792395928280e-03,1.399958565737477301e+01,1.323256696447999126e+01,6.108998517208674250e-05,4.914154566056771339e-04,1.394704724428575204e+01,2.700000000000000178e+00
7.225572792395920131e-03,1.399957102045468993e+01,1.320790256985950428e+01,9.775588272998044892e-05,7.847412378793518911e-04,1.394703260890180552e+01,2.700000000000000178e+00
7.425572792395911982e-03,1.399954809416678003e+01,1.318328649230089056e+01,1.552465258915838582e-04,1.244035420721486401e-03,1.394700968341668990e+01,2.700000000000000178e+00
7.625572792395903833e-03,1.399951258454456848e+01,1.315871449102913182e+01,2.444161793311522084e-04,1.955261358504080393e-03,1.394697417348534074e+01,2.700000000000000178e+00
7.825572792395896551e-03,1.399945830063359153e+01,1.313418051054853031e+01,3.809685562452345812e-04,3.042351226910239292e-03,1.394691988760580159e+01,2.700000000000000178e+00
8.025572792395888402e-03,1.399937656382508600e+01,1.310967611690088930e+01,5.870076506303182435e-04,4.679022517805123127e-03,1.394683814639901343e+01,2.700000000000000178e+00
8.225572792395880253e-03,1.399925559988334989e+01,1.308518991890650618e+01,8.926654145319416018e-04,7.100936337886623595e-03,1.394671717457986482e+01,2.700000000000000178e+00
8.425572792395872104e-03,1.399908002252345796e+01,1.306070707852753365e+01,1.337535178090713340e-03,1.061601810301371351e-02,1.394654158448567571e+01,2.700000000000000178e+00
8.625572792395863955e-03,1.399883055589417502e+01,1.303620905257332474e+01,1.971532846716075524e-03,1.560999203795926382e-02,1.394629209852999452e+01,2.700000000000000178e+00
8.825572792395855806e-03,1.399848414947498298e+01,1.301167371181678689e+01,2.854779853646503742e-03,2.254406014200449615e-02,1.394594566410531833e+01,2.700000000000000178e+00
9.025572792395847657e-03,1.399801459090918065e+01,1.298707593861891674e+01,4.056215454242591625e-03,3.194261910395479465e-02,1.394547606646674787e+01,2.700000000000000178e+00
9.225572792395839508e-03,1.399739361781718650e+01,1.296238870255566056e+01,5.650918672895220880e-03,4.437100051823539282e-02,1.394485504064260262e+01,2.700000000000000178e+00
9.425572792395831359e-03,1.399659239759905738e+01,1.293758448747318646e+01,7.716487072627647124e-03,6.040586085695331953e-02,1.394405375137005443e+01,2.700000000000000178e+00
9.625572792395823210e-03,1.399558313689741240e+01,1.291263684126658795e+01,1.032914369863464910e-02,8.060299174509610864e-02,1.394304440270573764e+01,2.700000000000000178e+00
9.825572792395815061e-03,1.399434054729182364e+01,1.288752178616351607e+01,1.356038566894372452e-02,1.054680188167709254e-01,1.394180170385766360e+01,2.700000000000000178e+00
1.002557279239580691e-02,1.399284294460519895e+01,1.286221887806694930e+01,1.747488991544498063e-02,1.354344372771461025e-01,1.394030396859726828e+01,2.700000000000000178e+00
1.022557279239579876e-02,1.399107286839699782e+01,1.283671180765005282e+01,2.213011242848920979e-02,1.708512466037981348e-01,1.393853373481474200e+01,2.700000000000000178e+00
1.042557279239579061e-02,1.398901722736589726e+01,1.281098855139959625e+01,2.757769093143344272e-02,2.119800644329794537e-01,1.393647790993997404e+01,2.700000000000000178e+00
1.062557279239578246e-02,1.398666706422927675e+01,1.278504116416036496e+01,3.386652009051608486e-02,2.589998450487138726e-01,1.393412753580398977e+01,2.700000000000000178e+00
1.082557279239577432e-02,1.398401707352046230e+01,1.275886534363063163e+01,4.104728814787584473e-02,3.120165327230042251e-01,1.393147730639424253e+01,2.700000000000000178e+00
1.102557279239576617e-02,1.398106500361558169e+01,1.273245989579576154e+01,4.917835769925146816e-02,3.710750244831153566e-01,1.392852496982791344e+01,2.700000000000000178e+00
1.122557279239575802e-02,1.397781104746644587e+01,1.270582620608196223e+01,5.833312521900256564e-02,4.361713544365084516e-01,1.392527071902948244e+01,2.700000000000000178e+00
1.142557279239574987e-02,1.397425729229499680e+01,1.267896779139030450e+01,6.860940474100667152e-02,5.072636961537462241e-01,1.392171664137534925e+01,2.700000000000000178e+00
1.162557279239574172e-02,1.397040726870968896e+01,1.265188998576075186e+01,8.014201325264296016e-02,5.842813752249398362e-01,1.391786626777023095e+01,2.700000000000000178e+00
1.182557279239573357e-02,1.396626561996747817e+01,1.262459980362629786e+01,9.312077475776413260e-02,6.671314782791810671e-01,1.391372424188152657e+01,2.700000000000000178e+00
1.202557279239572542e-02,1.396183790487136633e+01,1.259710603746046331e+01,1.078180351852543184e-01,7.557027888056992992e-01,1.390929612302463525e+01,2.700000000000000178e+00
1.222557279239571727e-02,1.395713055556643667e+01,1.256941969419246163e+01,1.246334547779974072e-01,8.498666239771281994e-01,1.390458834396640952e+01,2.700000000000000178e+00
1.242557279239570912e-02,1.395215104129295547e+01,1.254155498646240474e+01,1.441715715444080170e-01,9.494735496713531120e-01,1.389960837471589628e+01,2.700000000000000178e+00
1.262557279239570097e-02,1.394690836316033433e+01,1.251353135430003327e+01,1.673849543797535089e-01,1.054343468236815795e+00,1.389436521739069796e+01,2.700000000000000178e+00
1.282557279239569283e-02,1.394141418381961905e+01,1.248537761188670636e+01,1.958570025008848914e-01,1.164242991527896010e+00,1.388887053609615840e+01,2.700000000000000178e+00
1.302557279239568468e-02,1.393568534508541745e+01,1.245714085647229830e+01,2.324008226618106410e-01,1.278835012394150539e+00,1.388314117501690426e+01,2.700000000000000178e+00
1.322557279239567653e-02,1.392974964621686773e+01,1.242890653732164452e+01,2.823978983702724599e-01,1.397562957916463233e+00,1.387720493778266295e+01,2.700000000000000178e+00
1.342557279239566838e-02,1.392365890739868206e+01,1.240084277040936200e+01,3.567257102338631247e-01,1.519389141837699242e+00,1.387111365320384948e+01,2.700000000000000178e+00
1.362557279239566023e-02,1.391751176335263018e+01,1.237327301534499746e+01,4.764379239491834395e-01,1.642338640725299115e+00,1.386496597111716333e+01,2.700000000000000178e+00
1.382557279239565208e-02,1.391145866220186633e+01,1.234667239485581725e+01,6.719971792824094292e-01,1.763401058571233193e+00,1.385891235510171349e+01,2.700000000000000178e+00
1.402557279239564393e-02,1.390563495829375107e+01,1.232141463196290587e+01,9.659245115183715535e-01,1.879871136931953401e+00,1.385308816301120771e+01,2.700000000000000178e+00
1.422557279239563578e-02,1.390010533475810028e+01,1.229760145405081673e+01,1.362015591985251906e+00,1.990457402588674540e+00,1.384755807656764581e+01,2.700000000000000178e+00
1.442557279239562763e-02,1.389489537629460614e+01,1.227520590005890710e+01,1.855708462229318956e+00,2.094648950751974326e+00,1.384234768136399119e+01,2.700000000000000178e+00
1.462557279239561948e-02,1.389001839076593114e+01,1.225417454693904062e+01,2.441101331468768620e+00,2.192180008355535392e+00,1.383747028643410992e+01,2.700000000000000178e+00
1.482557279239561134e-02,1.388548042791077464e+01,1.223444459389651051e+01,3.112075490954149259e+00,2.282929898758311538e+00,1.383293194214951427e+01,2.700000000000000178e+00
1.502557279239560319e-02,1.388128154456769714e+01,1.221594687968200432e+01,3.862457941729002364e+00,2.366897758767777304e+00,1.382873270546827271e+01,2.700000000000000178e+00
1.522557279239559504e-02,1.387741686751959591e+01,1.219860801888122026e+01,4.686121251209107719e+00,2.444181282608155925e+00,1.382486770286566902e+01,2.700000000000000178e+00
1.542557279239558689e-02,1.387387759297045164e+01,1.218235226192670773e+01,5.577063950941357540e+00,2.514956734562133533e+00,1.382132812989418724e+01,2.700000000000000178e+00
1.562557279239558047e-02,1.387065189851982971e+01,1.216710307747220554e+01,6.529473525395670386e+00,2.579460712783998133e+00,1.381810216323487062e+01,2.700000000000000178e+00
1.582557279239557232e-02,1.386772575206299685e+01,1.215278446140307622e+01,7.537773744598865733e+00,2.637973975377349234e+00,1.381517576966603045e+01,2.700000000000000178e+00
1.602557279239556418e-02,1.386508361105707365e+01,1.213932198732437406e+01,8.596658286900256130e+00,2.690807459421193926e+00,1.381253340538917485e+01,2.700000000000000178e+00
1.622557279239555603e-02,1.386270901267082856e+01,1.212664362118580641e+01,9.701112649191133031e+00,2.738290482368938683e+00,1.381015860622969882e+01,2.700000000000000178e+00
1.642557279239554788e-02,1.386058506019661252e+01,1.211468032669198713e+01,1.084642628567230460e+01,2.780761017994109352e+00,1.380803447409098261e+01,2.700000000000000178e+00
1.662557279239553973e-02,1.385869481427551264e+01,1.210336648979691709e+01,1.202819678654051927e+01,2.818557875760234310e+00,1.380614406821368867e+01,2.700000000000000178e+00
1.679557279239553280e-02,1.385725938874561614e+01,1.209421400720536965e+01,1.305829771817790075e+01,2.847259897735966661e+00,1.380470852118142666e+01,2.700000000000000178e+00
1.682557279239553158e-02,1.386230932156001749e+01,1.209781210200381274e+01,1.323691065250887533e+01,2.742356602271001975e+00,1.380975818432114721e+01,2.700000000000000178e+00
1.702557279239552343e-02,1.392111983880142390e+01,1.213845900635929986e+01,1.367009491905059271e+01,1.569313597978180042e+00,1.386857420293894982e+01,2.700000000000000178e+00
1.722557279239551528e-02,1.392408202918033489e+01,1.211944742820919707e+01,1.369302044174091648e+01,1.510602430859989909e+00,1.387153674298893513e+01,2.700000000000000178e+00
1.742557279239550713e-02,1.392418496933865057e+01,1.209749977637063090e+01,1.370141195682155555e+01,1.508556038251526843e+00,1.387163969656486451e+01,2.700000000000000178e+00
1.762557279239549898e-02,1.392422140349009929e+01,1.207552611458900849e+01,1.370883202916643562e+01,1.507827999363371418e+00,1.387167613636911412e+01,2.700000000000000178e+00
1.782557279239549083e-02,1.392425202413204310e+01,1.205359039600411286e+01,1.371564975506921691e+01,1.507215971361347329e+00,1.387170676212446097e+01,2.700000000000000178e+00
1.802557279239548269e-02,1.392427877398855252e+01,1.203169533699295712e+01,1.372194751978695670e+01,1.506681323156499275e+00,1.387173351675910027e+01,2.700000000000000178e+00
1.822557279239547454e-02,1.392430234425835245e+01,1.200984221148158859e+01,1.372778904361342356e+01,1.506210241816916096e+00,1.387175709153151004e+01,2.700000000000000178e+00
1.842557279239546639e-02,1.392432325984512254e+01,1.198803200925499723e+01,1.373322715059753207e+01,1.505792234839873345e+00,1.387177801139022471e+01,2.700000000000000178e+00
1.862557279239545824e-02,1.392434193522928787e+01,1.196626551769878155e+01,1.373830618030114259e+01,1.505419016665427989e+00,1.387179669085105616e+01,2.700000000000000178e+00
1.882557279239545009e-02,1.392435870250412755e+01,1.194454336858775712e+01,1.374306372351728989e+01,1.505083948451328979e+00,1.387181346203553112e+01,2.700000000000000178e+00
1.902557279239544194e-02,1.392437383108866378e+01,1.192286607192151315e+01,1.374753193030420917e+01,1.504781644117201722e+00,1.387182859438563831e+01,2.700000000000000178e+00
1.922557279239543379e-02,1.392438754197740813e+01,1.190123404107165328e+01,1.375173851264277936e+01,1.504507685537191719e+00,1.387184230891464409e+01,2.700000000000000178e+00
1.942557279239542564e-02,1.392440001823477402e+01,1.187964761174644579e+01,1.375570752435859490e+01,1.504258412802755629e+00,1.387185478870249966e+01,2.700000000000000178e+00
1.962557279239541749e-02,1.392441141284849415e+01,1.185810705647541674e+01,1.375945997571769119e+01,1.504030767251833822e+00,1.387186618674991934e+01,2.700000000000000178e+00
1.982557279239540934e-02,1.392442185469418625e+01,1.183661259597847959e+01,1.376301432338579644e+01,1.503822172235459220e+00,1.387187663194345966e+01,2.700000000000000178e+00
2.002557279239540119e-02,1.392443145312450881e+01,1.181516440799802758e+01,1.376638686516927734e+01,1.503630441406812679e+00,1.387188623364502504e+01,2.700000000000000178e+00
2.022557279239539305e-02,1.392444030154022094e+01,1.179376263437018402e+01,1.376959206104883648e+01,1.503453707307926379e+00,1.387189508526329007e+01,2.700000000000000178e+00
2.042557279239538490e-02,1.392444848020259585e+01,1.177240738674976939e+01,1.377264279653537571e+01,1.503290365187012867e+00,1.387190326706632604e+01,2.700000000000000178e+00
2.062557279239537675e-02,1.392445605846616452e+01,1.175109875120154079e+01,1.377555060043396118e+01,1.503139028333407623e+00,1.387191084841451705e+01,2.700000000000000178e+00
2.082557279239536860e-02,1.392446309656936343e+01,1.172983679197600537e+01,1.377832582620618496e+01,1.502998492296910626e+00,1.387191788955140659e+01,2.700000000000000178e+00
2.102557279239536045e-02,1.392446964708291368e+01,1.170862155459582965e+01,1.378097780404009498e+01,1.502867705928792930e+00,1.387192444305216554e+01,2.700000000000000178e+00
2.122557279239535230e-02,1.392447575608952981e+01,1.168745306849002752e+01,1.378351496913159480e+01,1.502745747796780051e+00,1.387193055500337557e+01,2.700000000000000178e+00
2.142557279239534415e-02,1.392448146415090982e+01,1.166633134911458392e+01,1.378594497053787471e+01,1.502631806856697949e+00,1.387193626597019325e+01,2.700000000000000178e+00
2.162557279239533600e-02,1.392448680710730180e+01,1.164525639978206684e+01,1.378827476402877039e+01,1.502525166462191919e+00,1.387194161179588647e+01,2.700000000000000178e+00
2.182557279239532785e-02,1.392449181674201775e+01,1.162422821323202982e+01,1.379051069168386690e+01,1.502425191081783851e+00,1.387194662426645131e+01,2.700000000000000178e+00
2.202557279239531970e-02,1.392449652133530336e+01,1.160324677286665995e+01,1.379265855045216504e+01,1.502331315229639586e+00,1.387195133166452266e+01,2.700000000000000178e+00
2.222557279239531156e-02,1.392450094613180767e+01,1.158231205395406782e+01,1.379472365145114843e+01,1.502243034112325404e+00,1.387195575923689006e+01,2.700000000000000178e+00
2.242557279239530341e-02,1.392450511373340127e+01,1.156142402451562923e+01,1.379671087147945840e+01,1.502159895781915111e+00,1.387195992958733726e+01,2.700000000000000178e+00
2.262557279239529526e-02,1.392450904443357196e+01,1.154058264619602880e+01,1.379862469792754354e+01,1.502081494440062670e+00,1.387196386301106799e+01,2.700000000000000178e+00
2.282557279239528711e-02,1.392451275650229370e+01,1.151978787497841594e+01,1.380046926808125640e+01,1.502007464752750820e+00,1.387196757777959988e+01,2.700000000000000178e+00
2.302557279239527896e-02,1.392451626642952078e+01,1.149903966178906245e+01,1.380224840363531236e+01,1.501937476979946950e+00,1.387197109038427278e+01,2.700000000000000178e+00
2.322557279239527081e-02,1.392451958913444088e+01,1.147833795306370419e+01,1.380396564109750379e+01,1.501871232783969390e+00,1.387197441574556045e+01,2.700000000000000178e+00
2.342557279239526266e-02,1.392452273814637387e+01,1.145768269120946670e+01,1.380562425865802822e+01,1.501808461627661018e+00,1.387197756739391785e+01,2.700000000000000178e+00
2.362557279239525451e-02,1.392452572576074310e+01,1.143707381502525244e+01,1.380722730000279164e+01,1.501748917637314662e+00,1.387198055762580751e+01,2.700000000000000178e+00
2.382557279239524636e-02,1.392452856317519050e+01,1.141651126009669426e+01,1.380877759547534467e+01,1.501692376896471615e+00,1.387198339763983412e+01,2.700000000000000178e+00
2.402557279239523821e-02,1.392453126060730995e+01,1.139599495908347215e+01,1.381027778093867475e+01,1.501638635080553286e+00,1.387198609765444957e+01,2.700000000000000178e+00
2.422557279239523007e-02,1.392453382739874357e+01,1.137552484201528991e+01,1.381173031462277834e+01,1.501587505387533383e+00,1.387198866701210775e+01,2.700000000000000178e+00
2.442557279239522192e-02,1.392453627210530698e+01,1.135510083657356262e+01,1.381313749221018838e+01,1.501538816722131742e+00,1.387199111426932419e+01,2.700000000000000178e+00
2.462557279239521377e-02,1.392453860257691467e+01,1.133472286832386899e+01,1.381450146037777671e+01,1.501492412105335461e+00,1.387199344727670258e+01,2.700000000000000178e+00
2.482557279239520562e-02,1.392454082602786336e+01,1.131439086087968882e+01,1.381582422898056706e+01,1.501448147277869793e+00,1.387199567324915606e+01,2.700000000000000178e+00
2.502557279239519747e-02,1.392454294909849821e+01,1.129410473613226706e+01,1.381710768202962214e+01,1.501405889444185959e+00,1.387199779882759465e+01,2.700000000000000178e+00
2.522557279239518932e-02,1.392454497791077372e+01,1.127386441437983500e+01,1.381835358761299304e+01,1.501365516180840132e+00,1.387199983013449689e+01,2.700000000000000178e+00
2.542557279239518117e-02,1.392454691811635037e+01,1.125366981448590131e+01,1.381956360687055074e+01,1.501326914465607842e+00,1.387200177282201174e+01,2.700000000000000178e+00
2.562557279239517302e-02,1.392454877494135701e+01,1.123352085404248513e+01,1.382073930213241653e+01,1.501289979798684726e+00,1.387200363211671750e+01,2.700000000000000178e+00
2.582557279239516487e-02,1.392455055322323965e+01,1.121341744943869578e+01,1.382188214431212003e+01,1.501254615435072992e+00,1.387200541285644917e+01,2.700000000000000178e+00
2.602557279239515672e-02,1.392455225744703284e+01,1.119335951600681689e+01,1.382299351963288458e+01,1.501220731682224141e+00,1.387200711952667831e+01,2.700000000000000178e+00
2.622557279239514857e-02,1.392455389177580116e+01,1.117334696812449124e+01,1.382407473575611867e+01,1.501188245293633372e+00,1.387200875629078389e+01,2.700000000000000178e+00
2.642557279239514043e-02,1.392455546007800038e+01,1.115337971927031013e+01,1.382512702737910359e+01,1.501157078904043374e+00,1.387201032701759296e+01,2.700000000000000178e+00
2.662557279239513228e-02,1.392455696595375514e+01,1.113345768213718223e+01,1.382615156135004852e+01,1.501127160525129511e+00,1.387201183530751791e+01,2.700000000000000178e+00
2.682557279239512413e-02,1.392455841275578621e+01,1.111358076869399447e+01,1.382714944135109647e+01,1.501098423102803281e+00,1.387201328451358862e+01,2.700000000000000178e+00
2.702557279239511598e-02,1.392455980361102874e+01,1.109374889025765221e+01,1.382812171219382158e+01,1.501070804110668178e+00,1.387201467776299069e+01,2.700000000000000178e+00
2.722557279239510783e-02,1.392456114143847756e+01,1.107396195754731494e+01,1.382906936376285501e+01,1.501044245172124647e+00,1.387201601797499428e+01,2.700000000000000178e+00
2.742557279239509968e-02,1.392456242896567886e+01,1.105421988074805206e+01,1.382999333463999037e+01,1.501018691740682698e+00,1.387201730787737475e+01,2.700000000000000178e+00
2.762557279239509153e-02,1.392456366874429285e+01,1.103452256956082778e+01,1.383089451544265991e+01,1.500994092789142087e+00,1.387201855002202500e+01,2.700000000000000178e+00
2.782557279239508338e-02,1.392456486316339337e+01,1.101486993325847763e+01,1.383177375189928249e+01,1.500970400541291383e+00,1.387201974679823202e+01,2.700000000000000178e+00
2.802557279239507523e-02,1.392456601446185793e+01,1.099526188070912625e+01,1.383263184768863496e+01,1.500947570224298033e+00,1.387202090044505454e+01,2.700000000000000178e+00
2.822557279239506708e-02,1.392456712474022673e+01,1.097569832044635341e+01,1.383346956706244768e+01,1.500925559833831358e+00,1.387202201306323346e+01,2.700000000000000178e+00
2.842557279239505894e-02,1.392456819597022033e+01,1.095617916065465103e+01,1.383428763727250654e+01,1.500904329935792703e+00,1.387202308662466699e+01,2.700000000000000178e+00
2.862557279239505079e-02,1.392456923000502123e+01,1.093670430927184611e+01,1.383508675081538541e+01,1.500883843471683576e+00,1.387202412298269927e+01,2.700000000000000178e+00
2.882557279239504264e-02,1.392457022858706850e+01,1.091727367397284354e+01,1.383586756751607894e+01,1.500864065591258623e+00,1.387202512387992925e+01,2.700000000000000178e+00
2.902557279239503449e-02,1.392457119335700177e+01,1.089788716221746157e+01,1.383663071646092746e+01,1.500844963494046169e+00,1.387202609095713512e+01,2.700000000000000178e+00
2.922557279239502634e-02,1.392457212585968840e+01,1.087854468126727348e+01,1.383737679779173568e+01,1.500826506277689987e+00,1.387202702575933699e+01,2.700000000000000178e+00
2.942557279239501819e-02,1.392457302755179072e+01,1.085924613821342533e+01,1.383810638437580920e+01,1.500808664814940130e+00,1.387202792974332510e+01,2.700000000000000178e+00
2.962557279239501004e-02,1.392457389980751259e+01,1.083999143999554526e+01,1.383882002335902150e+01,1.500791411627005800e+00,1.387202880428343121e+01,2.700000000000000178e+00
2.982557279239500189e-02,1.392457474392410077e+01,1.082078049345175685e+01,1.383951823761199940e+01,1.500774720768276893e+00,1.387202965067701399e+01,2.700000000000000178e+00
3.002557279239499374e-02,1.392457556112697681e+01,1.080161320529132496e+01,1.384020152708073859e+01,1.500758567727643822e+00,1.387203047014961932e+01,2.700000000000000178e+00
3.022557279239498559e-02,1.392457635257522064e+01,1.078248948215559544e+01,1.384087037004494469e+01,1.500742929338912290e+00,1.387203126386042840e+01,2.700000000000000178e+00
3.042557279239497744e-02,1.392457711936480003e+01,1.076340923060880961e+01,1.384152522429430299e+01,1.500727783674847160e+00,1.387203203290552445e+01,2.700000000000000178e+00
3.062557279239496930e-02,1.392457786253342000e+01,1.074437235716350969e+01,1.384216652822774840e+01,1.500713109984189941e+00,1.387203277832269421e+01,2.700000000000000178e+00
3.082557279239496115e-02,1.392457858306418572e+01,1.072537876829627557e+01,1.384279470188205430e+01,1.500698888610941140e+00,1.387203350109513877e+01,2.700000000000000178e+00
3.102557279239495300e-02,1.392457928188864535e+01,1.070642837045478402e+01,1.384341014789475999e+01,1.500685100920009063e+00,1.387203420215449690e+01,2.700000000000000178e+00
3.122557279239494485e-02,1.392457995989072650e+01,1.068752107007469832e+01,1.384401325240679448e+01,1.500671729242185393e+00,1.387203488238477789e+01,2.700000000000000178e+00
3.142557279239499568e-02,1.392458061790891222e+01,1.066865677361622744e+01,1.384460438590735976e+01,1.500658756804341465e+00,1.387203554262455363e+01,2.700000000000000178e+00
3.162557279239505692e-02,1.392458125673939406e+01,1.064983538750932368e+01,1.384518390403001575e+01,1.500646167685317778e+00,1.387203618367009206e+01,2.700000000000000178e+00
3.182557279239511816e-02,1.392458187713885565e+01,1.063105681824313820e+01,1.384575214829654932e+01,1.500633946752031989e+00,1.387203680627815494e+01,2.700000000000000178e+00
3.202557279239517940e-02,1.392458247982644615e+01,1.061232097233604854e+01,1.384630944681784115e+01,1.500622079625145489e+00,1.387203741116794831e+01,2.700000000000000178e+00
3.222557279239524064e-02,1.392458306548632585e+01,1.059362775632219567e+01,1.384685611495466873e+01,1.500610552623356853e+00,1.387203799902371060e+01,2.700000000000000178e+00
3.242557279239530188e-02,1.392458363476920091e+01,1.057497707681095633e+01,1.384739245593490686e+01,1.500599352731114777e+00,1.387203857049621369e+01,2.700000000000000178e+00
3.262557279239536312e-02,1.392458418829499323e+01,1.055636884047289925e+01,1.384791876143938616e+01,1.500588467552233851e+00,1.387203912620542923e+01,2.700000000000000178e+00
3.282557279239542436e-02,1.392458472665407498e+01,1.053780295401994316e+01,1.384843531215180157e+01,1.500577885282609714e+00,1.387203966674180933e+01,2.700000000000000178e+00
3.302557279239548560e-02,1.392458525040922090e+01,1.051927932425051182e+01,1.384894237827697872e+01,1.500567594668609672e+00,1.387204019266817134e+01,2.700000000000000178e+00
3.322557279239554684e-02,1.392458576009682147e+01,1.050079785804693699e+01,1.384944022002988184e+01,1.500557584978650993e+00,1.387204070452097326e+01,2.700000000000000178e+00
3.342557279239560808e-02,1.392458625622891333e+01,1.048235846237168722e+01,1.384992908809842582e+01,1.500547845978871919e+00,1.387204120281229613e+01,2.700000000000000178e+00
3.362557279239566932e-02,1.392458673929391821e+01,1.046396104428069052e+01,1.385040922407886832e+01,1.500538367898798242e+00,1.387204168803061322e+01,2.700000000000000178e+00
3.382557279239573056e-02,1.392458720975851172e+01,1.044560551093176137e+01,1.385088086088862624e+01,1.500529141410424927e+00,1.387204216064266227e+01,2.700000000000000178e+00
3.402557279239579180e-02,1.392458766806821480e+01,1.042729176957735682e+01,1.385134422315613456e+01,1.500520157600476523e+00,1.387204262109399444e+01,2.700000000000000178e+00
3.422557279239585304e-02,1.392458811464887525e+01,1.040901972758346616e+01,1.385179952758914190e+01,1.500511407951535148e+00,1.387204306981052326e+01,2.700000000000000178e+00
3.442557279239591428e-02,1.392458854990778150e+01,1.039078929242347371e+01,1.385224698332458360e+01,1.500502884324760089e+00,1.387204350719956913e+01,2.700000000000000178e+00
3.462557279239597552e-02,1.392458897423447794e+01,1.037260037168791804e+01,1.385268679225909949e+01,1.500494578925554379e+00,1.387204393365071198e+01,2.700000000000000178e+00
3.482557279239603676e-02,1.392458938800168866e+01,1.035445287308296614e+01,1.385311914936209732e+01,1.500486484302200552e+00,1.387204434953673449e+01,2.700000000000000178e+00
3.502557279239609800e-02,1.392458979156620913e+01,1.033634670444482495e+01,1.385354424297298692e+01,1.500478593318575804e+00,1.387204475521446767e+01,2.700000000000000178e+00
3.522557279239615924e-02,1.392459018526988324e+01,1.031828177373574995e+01,1.385396225508294243e+01,1.500470899144829673e+00,1.387204515102578561e+01,2.700000000000000178e+00
3.542557279239622048e-02,1.392459056943992302e+01,1.030025798904774526e+01,1.385437336160251398e+01,1.500463395227598085e+00,1.387204553729795187e+01,2.700000000000000178e+00
3.562557279239628172e-02,1.392459094439020362e+01,1.028227525861180958e+01,1.385477773261528966e+01,1.500456075297051939e+00,1.387204591434486822e+01,2.700000000000000178e+00
3.582557279239634296e-02,1.392459131042176601e+01,1.026433349078907398e+01,1.385517553261961510e+01,1.500448933337111157e+00,1.387204628246762361e+01,2.700000000000000178e+00
3.602557279239640420e-02,1.392459166782290048e+01,1.024643259407677398e+01,1.385556692075715368e+01,1.500441963577031856e+00,1.387204664195453141e+01,2.700000000000000178e+00
3.622557279239646544e-02,1.392459201687063342e+01,1.022857247713210960e+01,1.385595205103120975e+01,1.500435160476399687e+00,1.387204699308265177e+01,2.700000000000000178e+00
3.642557279239652668e-02,1.392459235783064742e+01,1.021075304873940759e+01,1.385633107251395124e+01,1.500428518726948823e+00,1.387204733611770813e+01,2.700000000000000178e+00
3.662557279239658792e-02,1.392459269095814989e+01,1.019297421782736279e+01,1.385670412954423369e+01,1.500422033221411766e+00,1.387204767131492211e+01,2.700000000000000178e+00
3.682557279239664916e-02,1.392459301649815906e+01,1.017523589348780888e+01,1.385707136191427935e+01,1.500415699061022679e+00,1.387204799891936702e+01,2.700000000000000178e+00
3.702557279239671040e-02,1.392459333468625893e+01,1.015753798494925597e+01,1.385743290504959901e+01,1.500409511538464358e+00,1.387204831916664460e+01,2.700000000000000178e+00
3.722557279239677164e-02,1.392459364574885328e+01,1.013988040160312920e+01,1.385778889017910842e+01,1.500403466127636420e+00,1.387204863228318708e+01,2.700000000000000178e+00
3.742557279239683288e-02,1.392459394990325983e+01,1.012226305300450591e+01,1.385813944449686552e+01,1.500397558475697224e+00,1.387204893848633880e+01,2.700000000000000178e+00
3.762557279239689412e-02,1.392459424735902829e+01,1.010468584884761079e+01,1.385848469131850003e+01,1.500391784398289019e+00,1.387204923798569567e+01,2.700000000000000178e+00
3.782557279239695536e-02,1.392459453831742344e+01,1.008714869899143807e+01,1.385882475022773797e+01,1.500386139870897750e+00,1.387204953098251892e+01,2.700000000000000178e+00
3.802557279239701660e-02,1.392459482297216944e+01,1.006965151345279530e+01,1.385915973721802175e+01,1.500380621018621241e+00,1.387204981767058065e+01,2.700000000000000178e+00
3.822557279239707784e-02,1.392459510150987434e+01,1.005219420241220263e+01,1.385948976482697148e+01,1.500375224112758588e+00,1.387205009823651558e+01,2.700000000000000178e+00
3.842557279239713908e-02,1.392459537411004256e+01,1.003477667621545777e+01,1.385981494226502164e+01,1.500369945557395113e+00,1.387205037285984233e+01,2.700000000000000178e+00
3.862557279239720032e-02,1.392459564094577473e+01,1.001739884536617708e+01,1.386013537553829345e+01,1.500364781898497313e+00,1.387205064171369884e+01,2.700000000000000178e+00
3.882557279239726156e-02,1.392459590218371979e+01,1.000006062053493672e+01,1.386045116756607776e+01,1.500359729801175490e+00,1.387205090496474114e+01,2.700000000000000178e+00
3.902557279239732280e-02,1.392459615798454742e+01,9.982761912561127104e+00,1.386076241829307243e+01,1.500354786051502742e+00,1.387205116277367978e+01,2.700000000000000178e+00
3.922557279239738404e-02,1.392459640850315949e+01,9.965502632452329479e+00,1.386106922479642733e+01,1.500349947556060215e+00,1.387205141529542729e+01,2.700000000000000178e+00
3.942557279239744528e-02,1.392459665388900270e+01,9.948282691377038134e+00,1.386137168138922426e+01,1.500345211327385186e+00,1.387205166267946055e+01,2.700000000000000178e+00
3.962557279239750652e-02,1.392459689428595837e+01,9.931102000672797914e+00,1.386166987971803621e+01,1.500340574484425815e+00,1.387205190506967867e+01,2.700000000000000178e+00
3.982557279239756776e-02,1.392459712983313302e+01,9.913960471851652301e+00,1.386196390885744556e+01,1.500336034247993666e+00,1.387205214260522013e+01,2.700000000000000178e+00
4.002557279239762900e-02,1.392459736066465936e+01,9.896858016603502506e+00,1.386225385539992416e+01,1.500331587935761490e+00,1.387205237542022118e+01,2.700000000000000178e+00
4.022557279239769024e-02,1.392459758690994143e+01,9.879794546768966512e+00,1.386253980354259241e+01,1.500327232959989487e+00,1.387205260364413029e+01,2.700000000000000178e+00
4.042557279239775148e-02,1.392459780869410757e+01,9.862769974377348703e+00,1.386282183516955868e+01,1.500322966819794601e+00,1.387205282740206691e+01,2.700000000000000178e+00
4.062557279239781272e-02,1.392459802613803888e+01,9.845784211627881533e+00,1.386310002993164225e+01,1.500318787101150519e+00,1.387205304681495477e+01,2.700000000000000178e+00
4.082557279239787396e-02,1.392459823935820751e+01,9.828837170884284546e+00,1.386337446532194306e+01,1.500314691471885453e+00,1.387205326199928024e+01,2.700000000000000178e+00
4.102557279239793520e-02,1.392459844846740502e+01,9.811928764697926297e+00,1.386364521674913597e+01,1.500310677675088300e+00,1.387205347306785264e+01,2.700000000000000178e+00
4.122557279239799644e-02,1.392459865357476367e+01,9.795058905789989723e+00,1.386391235760752672e+01,1.500306743537748844e+00,1.387205368012983442e+01,2.700000000000000178e+00
4.142557279239805768e-02,1.392459885478543669e+01,9.778227507042673849e+00,1.386417595934411118e+01,1.500302886949157255e+00,1.387205388329036815e+01,2.700000000000000178e+00
4.162557279239811892e-02,1.392459905220133543e+01,9.761434481531892970e+00,1.386443609152300205e+01,1.500299105874091765e+00,1.387205408265142204e+01,2.700000000000000178e+00
4.182557279239818016e-02,1.392459924592102460e+01,9.744679742497190489e+00,1.386469282188759422e+01,1.500295398343723718e+00,1.387205427831155191e+01,2.700000000000000178e+00
4.202557279239824140e-02,1.392459943603989458e+01,9.727963203368139133e+00,1.386494621641983827e+01,1.500291762449705857e+00,1.387205447036618011e+01,2.700000000000000178e+00
4.222557279239830264e-02,1.392459962265012230e+01,9.711284777728099726e+00,1.386519633939763629e+01,1.500288196351903025e+00,1.387205465890748712e+01,2.700000000000000178e+00
4.242557279239836387e-02,1.392459980584091106e+01,9.694644379357672648e+00,1.386544325344940631e+01,1.500284698261793892e+00,1.387205484402469935e+01,2.700000000000000178e+00
4.262557279239842511e-02,1.392459998569881385e+01,9.678041922198625358e+00,1.386568701960761096e+01,1.500281266453384887e+00,1.387205502580439465e+01,2.700000000000000178e+00
4.282557279239848635e-02,1.392460016230751130e+01,9.661477320382344303e+00,1.386592769735865005e+01,1.500277899255479497e+00,1.387205520433026429e+01,2.700000000000000178e+00
4.302557279239854759e-02,1.392460033574792000e+01,9.644950488216769813e+00,1.386616534469230011e+01,1.500274595042810688e+00,1.387205537968324975e+01,2.700000000000000178e+00
4.322557279239860883e-02,1.392460050609882494e+01,9.628461340182301598e+00,1.386640001814883583e+01,1.500271352252866564e+00,1.387205555194213424e+01,2.700000000000000178e+00
4.342557279239867007e-02,1.392460067343608543e+01,9.612009790934012088e+00,1.386663177286382265e+01,1.500268169358150772e+00,1.387205572118280728e+01,2.700000000000000178e+00
4.362557279239873131e-02,1.392460083783343805e+01,9.595595755312432473e+00,1.386686066261181516e+01,1.500265044888237753e+00,1.387205588747902496e+01,2.700000000000000178e+00
4.382557279239879255e-02,1.392460099936238827e+01,9.579219148326371780e+00,1.386708673984864326e+01,1.500261977413629211e+00,1.387205605090229454e+01,2.700000000000000178e+00
4.402557279239885379e-02,1.392460115809233123e+01,9.562879885177288486e+00,1.386731005575125941e+01,1.500258965550301582e+00,1.387205621152203250e+01,2.700000000000000178e+00
4.422557279239891503e-02,1.392460131409030133e+01,9.546577881235513985e+00,1.386753066025681846e+01,1.500256007955158566e+00,1.387205636940529452e+01,2.700000000000000178e+00
4.442557279239897627e-02,1.392460146742152816e+01,9.530313052045819688e+00,1.386774860210052474e+01,1.500253103327167992e+00,1.387205652461731908e+01,2.700000000000000178e+00
4.462557279239903751e-02,1.392460161814921094e+01,9.514085313332532934e+00,1.386796392885137408e+01,1.500250250400313234e+00,1.387205667722132141e+01,2.700000000000000178e+00
4.482557279239909875e-02,1.392460176633472102e+01,9.497894581008729631e+00,1.386817668694691896e+01,1.500247447950414426e+00,1.387205682727869060e+01,2.700000000000000178e+00
4.502557279239915999e-02,1.392460191203752196e+01,9.481740771159728354e+00,1.386838692172706011e+01,1.500244694786488253e+00,1.387205697484889555e+01,2.700000000000000178e+00
4.522557279239922123e-02,1.392460205531529560e+01,9.465623800040042113e+00,1.386859467746634422e+01,1.500241989756887051e+00,1.387205711998965363e+01,2.700000000000000178e+00
4.542557279239928247e-02,1.392460219622432760e+01,9.449543584100918991e+00,1.386879999740537528e+01,1.500239331739066984e+00,1.387205726275723983e+01,2.700000000000000178e+00
4.562557279239934371e-02,1.392460233481885368e+01,9.433500039957156247e+00,1.386900292378059696e+01,1.500236719643226024e+00,1.387205740320590763e+01,2.700000000000000178e+00
4.582557279239940495e-02,1.392460247115193184e+01,9.417493084412933868e+00,1.386920349785382101e+01,1.500234152415941935e+00,1.387205754138874880e+01,2.700000000000000178e+00
4.602557279239946619e-02,1.392460260527473537e+01,9.401522634436572545e+00,1.386940175993986557e+01,1.500231629028121461e+00,1.387205767735694550e+01,2.700000000000000178e+00
4.622557279239952743e-02,1.392460273723753161e+01,9.385588607189113475e+00,1.386959774943425039e+01,1.500229148486369013e+00,1.387205781116075265e+01,2.700000000000000178e+00
4.642557279239958867e-02,1.392460286708823958e+01,9.369690919992779143e+00,1.386979150483844769e+01,1.500226709816843140e+00,1.387205794284813543e+01,2.700000000000000178e+00
4.662557279239964991e-02,1.392460299487442299e+01,9.353829490365450638e+00,1.386998306378633750e+01,1.500224312080717937e+00,1.387205807246664691e+01,2.700000000000000178e+00
4.682557279239971115e-02,1.392460312064159211e+01,9.338004235993958346e+00,1.387017246306755780e+01,1.500221954362814358e+00,1.387205820006182933e+01,2.700000000000000178e+00
4.702557279239977239e-02,1.392460324443451114e+01,9.322215074739975904e+00,1.387035973865206273e+01,1.500219635773873961e+00,1.387205832567844510e+01,2.700000000000000178e+00
4.722557279239983363e-02,1.392460336629632600e+01,9.306461924660775153e+00,1.387054492571195397e+01,1.500217355448967282e+00,1.387205844935966503e+01,2.700000000000000178e+00
4.742557279239989487e-02,1.392460348626905287e+01,9.290744703966304030e+00,1.387072805864438152e+01,1.500215112546584351e+00,1.387205857114751062e+01,2.700000000000000178e+00
4.762557279239995611e-02,1.392460360439376288e+01,9.275063331058701621e+00,1.387090917109255273e+01,1.500212906250453671e+00,1.387205869108306011e+01,2.700000000000000178e+00
4.782557279240001735e-02,1.392460372071019670e+01,9.259417724513751224e+00,1.387108829596622783e+01,1.500210735762038894e+00,1.387205880920608436e+01,2.700000000000000178e+00
4.802557279240007859e-02,1.392460383525714462e+01,9.243807803082241037e+00,1.387126546546188166e+01,1.500208600310770635e+00,1.387205892555536657e+01,2.700000000000000178e+00
4.822557279240013983e-02,1.392460394807235247e+01,9.228233485697412419e+00,1.387144071108192556e+01,1.500206499141768290e+00,1.387205904016868629e+01,2.700000000000000178e+00
4.842557279240020107e-02,1.392460405919230304e+01,9.212694691464768937e+00,1.387161406365305538e+01,1.500204431520387516e+00,1.387205915308251569e+01,2.700000000000000178e+00
4.862557279240026231e-02,1.392460416865296402e+01,9.197191339668393084e+00,1.387178555334510044e+01,1.500202396736312949e+00,1.387205926433285974e+01,2.700000000000000178e+00
4.882557279240032355e-02,1.392460427648890509e+01,9.181723349770566145e+00,1.387195520968760754e+01,1.500200394094008516e+00,1.387205937395427569e+01,2.700000000000000178e+00
4.902557279240038479e-02,1.392460438273408307e+01,9.166290641406330764e+00,1.387212306158756014e+01,1.500198422916810159e+00,1.387205948198075234e+01,2.700000000000000178e+00
4.922557279240044603e-02,1.392460448742133039e+01,9.150893134382112493e+00,1.387228913734513824e+01,1.500196482545561594e+00,1.387205958844511855e+01,2.700000000000000178e+00
4.942557279240050727e-02,1.392460459058288791e+01,9.135530748691849112e+00,1.387245346467001994e+01,1.500194572343161781e+00,1.387205969337963829e+01,2.700000000000000178e+00
4.962557279240056851e-02,1.392460469224990582e+01,9.120203404502127853e+00,1.387261607069662617e+01,1.500192691680013013e+00,1.387205979681546530e+01,2.700000000000000178e+00
4.982557279240062975e-02,1.392460479245290550e+01,9.104911022135414811e+00,1.387277698199912912e+01,1.500190839949937072e+00,1.387205989878314405e+01,2.700000000000000178e+00
5.002557279240069099e-02,1.392460489122158762e+01,9.089653522128449126e+00,1.387293622460537534e+01,1.500189016561080280e+00,1.387205999931236100e+01,2.700000000000000178e+00
5.022557279240075223e-02,1.392460498858483930e+01,9.074430825159245373e+00,1.387309382401181246e+01,1.500187220934321886e+00,1.387206009843204946e+01,2.700000000000000178e+00
5.042557279240081347e-02,1.392460508457082291e+01,9.059242852094316234e+00,1.387324980519612438e+01,1.500185452508503658e+00,1.387206019617036290e+01,2.700000000000000178e+00
5.062557279240087471e-02,1.392460517920700447e+01,9.044089523966489352e+00,1.387340419263104607e+01,1.500183710731334941e+00,1.387206029255477624e+01,2.700000000000000178e+00
5.082557279240093595e-02,1.392460527252014835e+01,9.028970761994560945e+00,1.387355701029662036e+01,1.500181995072807695e+00,1.387206038761207871e+01,2.700000000000000178e+00
5.102557279240099719e-02,1.392460536453652686e+01,9.013886487567026151e+00,1.387370828169315828e+01,1.500180305007233983e+00,1.387206048136854264e+01,2.700000000000000178e+00
5.122557279240105843e-02,1.392460545528141225e+01,8.998836622241823235e+00,1.387385802985241945e+01,1.500178640030071620e+00,1.387206057384945979e+01,2.700000000000000178e+00
5.142557279240111967e-02,1.392460554477957224e+01,8.983821087748690815e+00,1.387400627734992042e+01,1.500176999641553266e+00,1.387206066507960145e+01,2.700000000000000178e+00
5.162557279240118091e-02,1.392460563305554189e+01,8.968839806002552706e+00,1.387415304631621282e+01,1.500175383361920467e+00,1.387206075508352399e+01,2.700000000000000178e+00
5.182557279240124215e-02,1.392460572013265541e+01,8.953892699073499273e+00,1.387429835844728565e+01,1.500173790714370625e+00,1.387206084388455096e+01,2.700000000000000178e+00
5.202557279240130339e-02,1.392460580603415643e+01,8.938979689224352043e+00,1.387444223501567109e+01,1.500172221245293258e+00,1.387206093150596331e+01,2.700000000000000178e+00
5.222557279240136463e-02,1.392460589078238264e+01,8.924100698878751459e+00,1.387458469688059104e+01,1.500170674499941015e+00,1.387206101797010049e+01,2.700000000000000178e+00
5.242557279240142587e-02,1.392460597439938397e+01,8.909255650628251644e+00,1.387472576449811790e+01,1.500169150041301691e+00,1.387206110329900710e+01,2.700000000000000178e+00
5.262557279240148711e-02,1.392460605690648912e+01,8.894444467247719643e+00,1.387486545793060166e+01,1.500167647444413888e+00,1.387206118751404560e+01,2.700000000000000178e+00
5.282557279240154835e-02,1.392460613832471950e+01,8.879667071682522561e+00,1.387500379685647900e+01,1.500166166290227920e+00,1.387206127063623029e+01,2.700000000000000178e+00
5.302557279240160959e-02,1.392460621867447479e+01,8.864923387032201063e+00,1.387514080057934684e+01,1.500164706170608042e+00,1.387206135268598217e+01,2.700000000000000178e+00
5.322557279240167083e-02,1.392460629797557203e+01,8.850213336588064195e+00,1.387527648803652625e+01,1.500163266688787189e+00,1.387206143368312006e+01,2.700000000000000178e+00
5.342557279240173207e-02,1.392460637624759556e+01,8.835536843808286633e+00,1.387541087780822835e+01,1.500161847455729003e+00,1.387206151364725848e+01,2.700000000000000178e+00
5.362557279240179331e-02,1.392460645350936055e+01,8.820893832314272487e+00,1.387554398812553913e+01,1.500160448091037324e+00,1.387206159259720017e+01,2.700000000000000178e+00
5.382557279240185455e-02,1.392460652977976210e+01,8.806284225895547380e+00,1.387567583687926032e+01,1.500159068228413162e+00,1.387206167055185091e+01,2.700000000000000178e+00
5.402557279240191579e-02,1.392460660507649806e+01,8.791707948525218086e+00,1.387580644162665422e+01,1.500157707500420656e+00,1.387206174752893517e+01,2.700000000000000178e+00
5.422557279240197703e-02,1.392460667941763397e+01,8.777164924337448326e+00,1.387593581960057421e+01,1.500156365557131721e+00,1.387206182354652029e+01,2.700000000000000178e+00
5.442557279240203827e-02,1.392460675282026905e+01,8.762655077637830914e+00,1.387606398771590754e+01,1.500155042052256249e+00,1.387206189862172145e+01,2.700000000000000178e+00
5.462557279240209951e-02,1.392460682530130001e+01,8.748178332893482789e+00,1.387619096257737716e+01,1.500153736649053826e+00,1.387206197277143715e+01,2.700000000000000178e+00
5.482557279240216075e-02,1.392460689687753828e+01,8.733734614748469127e+00,1.387631676048686735e+01,1.500152449018742118e+00,1.387206204601248238e+01,2.700000000000000178e+00
5.502557279240222199e-02,1.392460696756474015e+01,8.719323848009544520e+00,1.387644139744937277e+01,1.500151178836404142e+00,1.387206211836063652e+01,2.700000000000000178e+00
5.522557279240228323e-02,1.392460703737887506e+01,8.704945957661022859e+00,1.387656488918084108e+01,1.500149925788946348e+00,1.387206218983188144e+01,2.700000000000000178e+00
5.542557279240234447e-02,1.392460710633539023e+01,8.690600868848449068e+00,1.387668725111403134e+01,1.500148689568732152e+00,1.387206226044166080e+01,2.700000000000000178e+00
5.562557279240240571e-02,1.392460717444930829e+01,8.676288506885903473e+00,1.387680849840504216e+01,1.500147469875400930e+00,1.387206233020501145e+01,2.700000000000000178e+00
5.582557279240246695e-02,1.392460724173545294e+01,8.662008797252120473e+00,1.387692864593966391e+01,1.500146266412002660e+00,1.387206239913677486e+01,2.700000000000000178e+00
5.602557279240252819e-02,1.392460730820809012e+01,8.647761665595218972e+00,1.387704770833896006e+01,1.500145078893638129e+00,1.387206246725122405e+01,2.700000000000000178e+00
5.622557279240258943e-02,1.392460737388145198e+01,8.633547037733437790e+00,1.387716569996571536e+01,1.500143907038136604e+00,1.387206253456260363e+01,2.700000000000000178e+00
5.642557279240265067e-02,1.392460743876939055e+01,8.619364839640029530e+00,1.387728263492981995e+01,1.500142750569921191e+00,1.387206260108475675e+01,2.700000000000000178e+00
5.662557279240271191e-02,1.392460750288520899e+01,8.605214997470612914e+00,1.387739852709355226e+01,1.500141609220463579e+00,1.387206266683101674e+01,2.700000000000000178e+00
5.682557279240277315e-02,1.392460756624211804e+01,8.591097437528956604e+00,1.387751339007749607e+01,1.500140482727147173e+00,1.387206273181459437e+01,2.700000000000000178e+00
5.702557279240283439e-02,1.392460762885323611e+01,8.577012086300619842e+00,1.387762723726573277e+01,1.500139370831675478e+00,1.387206279604861336e+01,2.700000000000000178e+00
5.722557279240289563e-02,1.392460769073097282e+01,8.562958870427987534e+00,1.387774008181051855e+01,1.500138273281891088e+00,1.387206285954550111e+01,2.700000000000000178e+00
5.742557279240295687e-02,1.392460775188782485e+01,8.548937716721741964e+00,1.387785193663784966e+01,1.500137189832457807e+00,1.387206292231777205e+01,2.700000000000000178e+00
5.762557279240301811e-02,1.392460781233580214e+01,8.534948552147751499e+00,1.387796281445192115e+01,1.500136120241222670e+00,1.387206298437742191e+01,2.700000000000000178e+00
5.782557279240307935e-02,1.392460787208681872e+01,8.520991303834918540e+00,1.387807272774022849e+01,1.500135064273536045e+00,1.387206304573639137e+01,2.700000000000000178e+00
5.802557279240314059e-02,1.392460793115245110e+01,8.507065899102615347e+00,1.387818168877771363e+01,1.500134021695430420e+00,1.387206310640626938e+01,2.700000000000000178e+00
5.822557279240320183e-02,1.392460798954392587e+01,8.493172265399868692e+00,1.387828970963163222e+01,1.500132992282715350e+00,1.387206316639827719e+01,2.700000000000000178e+00
5.842557279240326307e-02,1.392460804727237544e+01,8.479310330350260827e+00,1.387839680216596250e+01,1.500131975813474128e+00,1.387206322572356498e+01,2.700000000000000178e+00
5.862557279240332431e-02,1.392460810434885587e+01,8.465480021755531936e+00,1.387850297804548916e+01,1.500130972073293378e+00,1.387206328439319769e+01,2.700000000000000178e+00
5.882557279240338555e-02,1.392460816078386188e+01,8.451681267560017474e+00,1.387860824874003818e+01,1.500129980847987099e+00,1.387206334241768424e+01,2.700000000000000178e+00
5.902557279240344679e-02,1.392460821658784909e+01,8.437913995877670104e+00,1.387871262552856244e+01,1.500129001929053629e+00,1.387206339980747671e+01,2.700000000000000178e+00
5.922557279240350803e-02,1.392460827177104754e+01,8.424178134988569155e+00,1.387881611950307459e+01,1.500128035115039893e+00,1.387206345657281759e+01,2.700000000000000178e+00
5.942557279240356927e-02,1.392460832634330714e+01,8.410473613328857567e+00,1.387891874157249283e+01,1.500127080203583319e+00,1.387206351272358162e+01,2.700000000000000178e+00
5.962557279240363051e-02,1.392460838031464831e+01,8.396800359494596577e+00,1.387902050246669461e+01,1.500126137002780524e+00,1.387206356826977682e+01,2.700000000000000178e+00
5.982557279240369175e-02,1.392460843369456214e+01,8.383158302246025428e+00,1.387912141273961630e+01,1.500125205320728128e+00,1.387206362322091557e+01,2.700000000000000178e+00
6.002557279240375299e-02,1.392460848649246685e+01,8.369547370509220485e+00,1.387922148277344192e+01,1.500124284968478605e+00,1.387206367758641257e+01,2.700000000000000178e+00
6.022557279240381423e-02,1.392460853871742010e+01,8.355967493362426168e+00,1.387932072278149676e+01,1.500123375762541400e+00,1.387206373137535387e+01,2.700000000000000178e+00
6.042557279240387547e-02,1.392460859037868737e+01,8.342418600035708565e+00,1.387941914281252842e+01,1.500122477525565046e+00,1.387206378459700495e+01,2.700000000000000178e+00
6.062557279240393671e-02,1.392460864148506339e+01,8.328900619933246929e+00,1.387951675275316177e+01,1.500121590079970701e+00,1.387206383726016234e+01,2.700000000000000178e+00
6.082557279240399795e-02,1.392460869204502671e+01,8.315413482623945640e+00,1.387961356233124732e+01,1.500120713253409122e+00,1.387206388937332413e+01,2.700000000000000178e+00
6.102557279240405919e-02,1.392460874206726196e+01,8.301957117818085763e+00,1.387970958111980124e+01,1.500119846876714291e+00,1.387206394094517847e+01,2.700000000000000178e+00
6.122557279240412043e-02,1.392460879155988174e+01,8.288531455388863378e+00,1.387980481853929327e+01,1.500118990778673833e+00,1.387206399198383622e+01,2.700000000000000178e+00
6.142557279240418167e-02,1.392460884053138059e+01,8.275136425378786242e+00,1.387989928386097915e+01,1.500118144808311627e+00,1.387206404249782210e+01,2.700000000000000178e+00
6.162557279240424291e-02,1.392460888898958160e+01,8.261771957977412484e+00,1.387999298620991162e+01,1.500117308797371152e+00,1.387206409249495742e+01,2.700000000000000178e+00
6.182557279240430415e-02,1.392460893694224566e+01,8.248437983534483209e+00,1.388008593456754447e+01,1.500116482590556188e+00,1.387206414198300841e+01,2.700000000000000178e+00
6.202557279240436539e-02,1.392460898439713723e+01,8.235134432559917173e+00,1.388017813777486253e+01,1.500115666039846474e+00,1.387206419096975019e+01,2.700000000000000178e+00
6.222557279240442663e-02,1.392460903136185202e+01,8.221861235720371752e+00,1.388026960453504977e+01,1.500114858990855282e+00,1.387206423946279088e+01,2.700000000000000178e+00
6.242557279240448787e-02,1.392460907784373170e+01,8.208618323836725850e+00,1.388036034341605607e+01,1.500114061294880230e+00,1.387206428746947928e+01,2.700000000000000178e+00
6.262557279240446584e-02,1.392460912385000071e+01,8.195405627878407984e+00,1.388045036285330447e+01,1.500113272809358023e+00,1.387206433499704517e+01,2.700000000000000178e+00
6.282557279240438830e-02,1.392460916938784621e+01,8.182223078987183484e+00,1.388053967115217269e+01,1.500112493394226476e+00,1.387206438205268633e+01,2.700000000000000178e+00
6.302557279240431076e-02,1.392460921446418709e+01,8.169070608451374227e+00,1.388062827649056352e+01,1.500111722909196033e+00,1.387206442864332168e+01,2.700000000000000178e+00
6.322557279240423322e-02,1.392460925908590497e+01,8.155948147716978625e+00,1.388071618692135623e+01,1.500110961219434103e+00,1.387206447477585769e+01,2.700000000000000178e+00
6.342557279240415569e-02,1.392460930325973756e+01,8.142855628375285093e+00,1.388080341037485077e+01,1.500110208187606986e+00,1.387206452045703919e+01,2.700000000000000178e+00
6.362557279240407815e-02,1.392460934699219877e+01,8.129792982184500971e+00,1.388088995466085684e+01,1.500109463686158051e+00,1.387206456569337121e+01,2.700000000000000178e+00
6.382557279240400061e-02,1.392460939028973499e+01,8.116760141059423006e+00,1.388097582747109193e+01,1.500108727584802182e+00,1.387206461049132322e+01,2.700000000000000178e+00
6.402557279240392307e-02,1.392460943315881394e+01,8.103757037062216284e+00,1.388106103638168598e+01,1.500107999757574362e+00,1.387206465485736473e+01,2.700000000000000178e+00
6.422557279240384553e-02,1.392460947560569018e+01,8.090783602405350550e+00,1.388114558885495775e+01,1.500107280083511796e+00,1.387206469879775383e+01,2.700000000000000178e+00
6.442557279240376800e-02,1.392460951763625054e+01,8.077839769457813901e+00,1.388122949224167968e+01,1.500106568435967347e+00,1.387206474231840403e+01,2.700000000000000178e+00
6.462557279240369046e-02,1.392460955925669275e+01,8.064925470747086322e+00,1.388131275378328766e+01,1.500105864698298319e+00,1.387206478542551480e+01,2.700000000000000178e+00
6.482557279240361292e-02,1.392460960047284679e+01,8.052040638951210028e+00,1.388139538061362543e+01,1.500105168754544138e+00,1.387206482812490194e+01,2.700000000000000178e+00
6.502557279240353538e-02,1.392460964129039702e+01,8.039185206897379032e+00,1.388147737976125917e+01,1.500104480487152614e+00,1.387206487042228709e+01,2.700000000000000178e+00
6.522557279240345784e-02,1.392460968171514324e+01,8.026359107560883999e+00,1.388155875815130713e+01,1.500103799785392766e+00,1.387206491232346650e+01,2.700000000000000178e+00
6.542557279240338031e-02,1.392460972175257083e+01,8.013562274076635461e+00,1.388163952260720713e+01,1.500103126537169373e+00,1.387206495383392557e+01,2.700000000000000178e+00
6.562557279240330277e-02,1.392460976140830198e+01,8.000794639726109381e+00,1.388171967985287125e+01,1.500102460636981050e+00,1.387206499495930956e+01,2.700000000000000178e+00
6.582557279240322523e-02,1.392460980068752008e+01,7.988056137949492097e+00,1.388179923651400394e+01,1.500101801971823079e+00,1.387206503570479832e+01,2.700000000000000178e+00
6.602557279240314769e-02,1.392460983959551513e+01,7.975346702324165094e+00,1.388187819912028331e+01,1.500101150443015285e+00,1.387206507607569961e+01,2.700000000000000178e+00
6.622557279240307015e-02,1.392460987813754869e+01,7.962666266589501163e+00,1.388195657410721751e+01,1.500100505945965779e+00,1.387206511607727499e+01,2.700000000000000178e+00
6.642557279240299262e-02,1.392460991631867273e+01,7.950014764631313291e+00,1.388203436781745559e+01,1.500099868377446910e+00,1.387206515571459953e+01,2.700000000000000178e+00
6.662557279240291508e-02,1.392460995414391611e+01,7.937392130490724895e+00,1.388211158650263499e+01,1.500099237641052241e+00,1.387206519499268254e+01,2.700000000000000178e+00
6.682557279240283754e-02,1.392460999161809276e+01,7.924798298352325077e+00,1.388218823632494825e+01,1.500098613638556344e+00,1.387206523391636814e+01,2.700000000000000178e+00
6.702557279240276000e-02,1.392461002874613385e+01,7.912233202547184874e+00,1.388226432335908456e+01,1.500097996272188539e+00,1.387206527249058574e+01,2.700000000000000178e+00
6.722557279240268246e-02,1.392461006553269165e+01,7.899696777559139349e+00,1.388233985359313216e+01,1.500097385450544607e+00,1.387206531072000892e+01,2.700000000000000178e+00
6.742557279240260493e-02,1.392461010198239713e+01,7.887188958022609775e+00,1.388241483293064960e+01,1.500096781080173969e+00,1.387206534860925444e+01,2.700000000000000178e+00
6.762557279240252739e-02,1.392461013809995940e+01,7.874709678717296768e+00,1.388248926719214715e+01,1.500096183072173517e+00,1.387206538616305629e+01,2.700000000000000178e+00
6.782557279240244985e-02,1.392461017388962574e+01,7.862258874572208178e+00,1.388256316211598396e+01,1.500095591333774792e+00,1.387206542338566351e+01,2.700000000000000178e+00
6.802557279240237231e-02,1.392461020935600224e+01,7.849836480656538384e+00,1.388263652336070564e+01,1.500095005779485291e+00,1.387206546028168930e+01,2.700000000000000178e+00
6.822557279240229478e-02,1.392461024450341256e+01,7.837442432203068243e+00,1.388270935650561455e+01,1.500094426322903018e+00,1.387206549685547330e+01,2.700000000000000178e+00
6.842557279240221724e-02,1.392461027933603468e+01,7.825076664574472041e+00,1.388278166705250882e+01,1.500093852881718703e+00,1.387206553311118995e+01,2.700000000000000178e+00
6.862557279240213970e-02,1.392461031385806258e+01,7.812739113287682891e+00,1.388285346042714430e+01,1.500093285368166107e+00,1.387206556905305099e+01,2.700000000000000178e+00
6.882557279240206216e-02,1.392461034807365472e+01,7.800429714013655591e+00,1.388292474198021154e+01,1.500092723704256059e+00,1.387206560468521133e+01,2.700000000000000178e+00
6.902557279240198462e-02,1.392461038198692869e+01,7.788148402551866134e+00,1.388299551698907131e+01,1.500092167809953025e+00,1.387206564001179920e+01,2.700000000000000178e+00
6.922557279240190709e-02,1.392461041560174095e+01,7.775895114861273605e+00,1.388306579065849178e+01,1.500091617604539351e+00,1.387206567503668708e+01,2.700000000000000178e+00
6.942557279240182955e-02,1.392461044892203859e+01,7.763669787042674741e+00,1.388313556812231653e+01,1.500091073012526977e+00,1.387206570976382558e+01,2.700000000000000178e+00
6.962557279240175201e-02,1.392461048195154483e+01,7.751472355337398312e+00,1.388320485444436514e+01,1.500090533952288752e+00,1.387206574419694149e+01,2.700000000000000178e+00
6.982557279240167447e-02,1.392461051469424937e+01,7.739302756139279538e+00,1.388327365462004259e+01,1.500090000355385200e+00,1.387206577834004406e+01,2.700000000000000178e+00
7.002557279240159693e-02,1.392461054715379198e+01,7.727160925978502348e+00,1.388334197357700184e+01,1.500089472146328262e+00,1.387206581219676593e+01,2.700000000000000178e+00
7.022557279240151940e-02,1.392461057933380708e+01,7.715046801535308418e+00,1.388340981617661640e+01,1.500088949251676240e+00,1.387206584577074686e+01,2.700000000000000178e+00
7.042557279240144186e-02,1.392461061123781185e+01,7.702960319630911989e+00,1.388347718721479218e+01,1.500088431600033800e+00,1.387206587906552713e+01,2.700000000000000178e+00
7.062557279240136432e-02,1.392461064286936079e+01,7.690901417231009063e+00,1.388354409142350576e+01,1.500087919122734093e+00,1.387206591208466655e+01,2.700000000000000178e+00
7.082557279240128678e-02,1.392461067423201193e+01,7.678870031440958144e+00,1.388361053347163221e+01,1.500087411748836530e+00,1.387206594483171784e+01,2.700000000000000178e+00
7.102557279240120924e-02,1.392461070532922385e+01,7.666866099515601718e+00,1.388367651796585633e+01,1.500086909414449110e+00,1.387206597731015201e+01,2.700000000000000178e+00
7.122557279240113171e-02,1.392461073616428102e+01,7.654889558851250442e+00,1.388374204945190016e+01,1.500086412049768114e+00,1.387206600952327307e+01,2.700000000000000178e+00
7.142557279240105417e-02,1.392461076674032761e+01,7.642940346982269872e+00,1.388380713241526543e+01,1.500085919588627803e+00,1.387206604147421807e+01,2.700000000000000178e+00
7.162557279240097663e-02,1.392461079706087013e+01,7.631018401581618704e+00,1.388387177128289274e+01,1.500085431968500416e+00,1.387206607316650775e+01,2.700000000000000178e+00
7.182557279240089909e-02,1.392461082712898168e+01,7.619123660472190807e+00,1.388393597042320593e+01,1.500084949127085565e+00,1.387206610460321876e+01,2.700000000000000178e+00
7.202557279240082155e-02,1.392461085694779577e+01,7.607256061610103259e+00,1.388399973414779609e+01,1.500084470999127007e+00,1.387206613578749703e+01,2.700000000000000178e+00
7.222557279240074402e-02,1.392461088652046897e+01,7.595415543105493050e+00,1.388406306671195090e+01,1.500083997526189705e+00,1.387206616672250270e+01,2.700000000000000178e+00
7.242557279240066648e-02,1.392461091585011701e+01,7.583602043195202036e+00,1.388412597231585899e+01,1.500083528644609032e+00,1.387206619741135505e+01,2.700000000000000178e+00
7.262557279240058894e-02,1.392461094493949858e+01,7.571815500263530119e+00,1.388418845510494748e+01,1.500083064299360558e+00,1.387206622785683052e+01,2.700000000000000178e+00
7.282557279240051140e-02,1.392461097379181290e+01,7.560055852834160817e+00,1.388425051917166186e+01,1.500082604429053390e+00,1.387206625806212834e+01,2.700000000000000178e+00
7.302557279240043386e-02,1.392461100240979732e+01,7.548323039569154957e+00,1.388431216855548733e+01,1.500082148975934615e+00,1.387206628802999830e+01,2.700000000000000178e+00
7.322557279240035633e-02,1.392461103079636153e+01,7.536616999268519912e+00,1.388437340724421354e+01,1.500081697885434551e+00,1.387206631776335364e+01,2.700000000000000178e+00
7.342557279240027879e-02,1.392461105895431928e+01,7.524937670872580142e+00,1.388443423917471442e+01,1.500081251100937152e+00,1.387206634726501520e+01,2.700000000000000178e+00
7.362557279240020125e-02,1.392461108688641325e+01,7.513284993466458950e+00,1.388449466823364098e+01,1.500080808568327484e+00,1.387206637653772745e+01,2.700000000000000178e+00
7.382557279240012371e-02,1.392461111459538436e+01,7.501658906258476200e+00,1.388455469825846578e+01,1.500080370231444249e+00,1.387206640558424375e+01,2.700000000000000178e+00
7.402557279240004617e-02,1.392461114208396644e+01,7.490059348608368417e+00,1.388461433303797143e+01,1.500079936040719986e+00,1.387206643440731213e+01,2.700000000000000178e+00
7.422557279239996864e-02,1.392461116935483290e+01,7.478486260016357967e+00,1.388467357631314592e+01,1.500079505943631375e+00,1.387206646300960422e+01,2.700000000000000178e+00
7.442557279239989110e-02,1.392461119641033740e+01,7.466939580109503538e+00,1.388473243177781136e+01,1.500079079884471867e+00,1.387206649139348791e+01,2.700000000000000178e+00
7.462557279239981356e-02,1.392461122325325462e+01,7.455419248653427644e+00,1.388479090307976804e+01,1.500078657817766725e+00,1.387206651956173076e+01,2.700000000000000178e+00
7.482557279239973602e-02,1.392461124988596488e+01,7.443925205560555369e+00,1.388484899382097382e+01,1.500078239691220006e+00,1.387206654751673973e+01,2.700000000000000178e+00
7.502557279239965848e-02,1.392461127631114159e+01,7.432457390869436686e+00,1.388490670755882128e+01,1.500077825457083236e+00,1.387206657526117581e+01,2.700000000000000178e+00
7.522557279239958095e-02,1.392461130253110824e+01,7.421015744756113364e+00,1.388496404780627813e+01,1.500077415066016329e+00,1.387206660279739090e+01,2.700000000000000178e+00
7.542557279239950341e-02,1.392461132854823980e+01,7.409600207537220484e+00,1.388502101803281263e+01,1.500077008470498185e+00,1.387206663012774932e+01,2.700000000000000178e+00
7.562557279239942587e-02,1.392461135436491659e+01,7.398210719661793000e+00,1.388507762166516457e+01,1.500076605626418313e+00,1.387206665725464738e+01,2.700000000000000178e+00
7.582557279239934833e-02,1.392461137998351539e+01,7.386847221723023438e+00,1.388513386208796341e+01,1.500076206484663999e+00,1.387206668418046362e+01,2.700000000000000178e+00
7.602557279239927079e-02,1.392461140540632059e+01,7.375509654434853957e+00,1.388518974264425587e+01,1.500075811001352122e+00,1.387206671090748777e+01,2.700000000000000178e+00
7.622557279239919326e-02,1.392461143063544782e+01,7.364197958654383314e+00,1.388524526663619518e+01,1.500075419128961585e+00,1.387206673743784968e+01,2.700000000000000178e+00
7.642557279239911572e-02,1.392461145567333247e+01,7.352912075377858514e+00,1.388530043732574981e+01,1.500075030828611489e+00,1.387206676377399184e+01,2.700000000000000178e+00
7.662557279239903818e-02,1.392461148052215414e+01,7.341651945725145012e+00,1.388535525793530923e+01,1.500074646053690230e+00,1.387206678991809206e+01,2.700000000000000178e+00
7.682557279239896064e-02,1.392461150518387392e+01,7.330417510951951598e+00,1.388540973164798764e+01,1.500074264762588427e+00,1.387206681587212564e+01,2.700000000000000178e+00
7.702557279239888310e-02,1.392461152966082594e+01,7.319208712457063726e+00,1.388546386160873780e+01,1.500073886912787202e+00,1.387206684163842851e+01,2.700000000000000178e+00
7.722557279239880557e-02,1.392461155395494288e+01,7.308025491760232306e+00,1.388551765092435986e+01,1.500073512463131920e+00,1.387206686721895288e+01,2.700000000000000178e+00
7.742557279239872803e-02,1.392461157806848071e+01,7.296867790522775010e+00,1.388557110266478922e+01,1.500073141372240570e+00,1.387206689261594939e+01,2.700000000000000178e+00
7.762557279239865049e-02,1.392461160200329928e+01,7.285735550537205008e+00,1.388562421986266671e+01,1.500072773601687004e+00,1.387206691783128143e+01,2.700000000000000178e+00
7.782557279239857295e-02,1.392461162576149825e+01,7.274628713722986362e+00,1.388567700551488393e+01,1.500072409110998706e+00,1.387206694286706110e+01,2.700000000000000178e+00
7.802557279239849541e-02,1.392461164934507423e+01,7.263547222136170767e+00,1.388572946258248386e+01,1.500072047862431646e+00,1.387206696772529924e+01,2.700000000000000178e+00
7.822557279239841788e-02,1.392461167275589062e+01,7.252491017975188470e+00,1.388578159399141754e+01,1.500071689813921694e+00,1.387206699240785923e+01,2.700000000000000178e+00
7.842557279239834034e-02,1.392461169599589965e+01,7.241460043545902892e+00,1.388583340263302190e+01,1.500071334931362799e+00,1.387206701691669863e+01,2.700000000000000178e+00
7.862557279239826280e-02,1.392461171906706241e+01,7.230454241302581408e+00,1.388588489136469128e+01,1.500070983176783557e+00,1.387206704125378032e+01,2.700000000000000178e+00
7.882557279239818526e-02,1.392461174197109131e+01,7.219473553823072542e+00,1.388593606300991823e+01,1.500070634513576806e+00,1.387206706542083445e+01,2.700000000000000178e+00
7.902557279239810772e-02,1.392461176470990480e+01,7.208517923826480711e+00,1.388598692035936466e+01,1.500070288904453264e+00,1.387206708941978306e+01,2.700000000000000178e+00
7.922557279239803019e-02,1.392461178728529347e+01,7.197587294156913451e+00,1.388603746617097023e+01,1.500069946313715263e+00,1.387206711325242381e+01,2.700000000000000178e+00
7.942557279239795265e-02,1.392461180969907453e+01,7.186681607780580627e+00,1.388608770317065222e+01,1.500069606707484127e+00,1.387206713692057214e+01,2.700000000000000178e+00
7.962557279239787511e-02,1.392461183195292840e+01,7.175800807807002357e+00,1.388613763405246360e+01,1.500069270049380066e+00,1.387206716042593335e+01,2.700000000000000178e+00
7.982557279239779757e-02,1.392461185404874335e+01,7.164944837459552573e+00,1.388618726147950433e+01,1.500068936308935008e+00,1.387206718377037618e+01,2.700000000000000178e+00
8.002557279239772003e-02,1.392461187598816785e+01,7.154113640105757455e+00,1.388623658808388939e+01,1.500068605451360781e+00,1.387206720695557749e+01,2.700000000000000178e+00
8.022557279239764250e-02,1.392461189777279174e+01,7.143307159229602910e+00,1.388628561646754100e+01,1.500068277438913356e+00,1.387206722998312358e+01,2.700000000000000178e+00
8.042557279239756496e-02,1.392461191940430254e+01,7.132525338456763286e+00,1.388633434920235210e+01,1.500067952244762637e+00,1.387206725285471443e+01,2.700000000000000178e+00
8.062557279239748742e-02,1.392461194088437715e+01,7.121768121523710526e+00,1.388638278883099275e+01,1.500067629832756211e+00,1.387206727557203045e+01,2.700000000000000178e+00
8.082557279239740988e-02,1.392461196221462316e+01,7.111035452313540617e+00,1.388643093786698657e+01,1.500067310173562873e+00,1.387206729813668460e+01,2.700000000000000178e+00
8.102557279239733234e-02,1.392461198339662332e+01,7.100327274831054858e+00,1.388647879879513347e+01,1.500066993235805057e+00,1.387206732055027381e+01,2.700000000000000178e+00
8.122557279239725481e-02,1.392461200443205449e+01,7.089643533203224379e+00,1.388652637407231616e+01,1.500066678989469438e+00,1.387206734281447140e+01,2.700000000000000178e+00
8.142557279239717727e-02,1.392461202532225073e+01,7.078984171684036930e+00,1.388657366612725674e+01,1.500066367400449963e+00,1.387206736493061499e+01,2.700000000000000178e+00
8.162557279239709973e-02,1.392461204606887470e+01,7.068349134663277411e+00,1.388662067736148309e+01,1.500066058442143913e+00,1.387206738690039209e+01,2.700000000000000178e+00
8.182557279239702219e-02,1.392461206667340612e+01,7.057738366652118955e+00,1.388666741014945316e+01,1.500065752083855841e+00,1.387206740872527355e+01,2.700000000000000178e+00
8.202557279239694465e-02,1.392461208713726428e+01,7.047151812282166361e+00,1.388671386683886055e+01,1.500065448296709292e+00,1.387206743040668577e+01,2.700000000000000178e+00
8.222557279239686712e-02,1.392461210746207989e+01,7.036589416323037582e+00,1.388676004975143208e+01,1.500065147052055181e+00,1.387206745194627366e+01,2.700000000000000178e+00
8.242557279239678958e-02,1.392461212764912659e+01,7.026051123657769182e+00,1.388680596118258670e+01,1.500064848322153921e+00,1.387206747334530732e+01,2.700000000000000178e+00
8.262557279239671204e-02,1.392461214769983613e+01,7.015536879310976914e+00,1.388685160340240721e+01,1.500064552076082691e+00,1.387206749460523980e+01,2.700000000000000178e+00
8.282557279239663450e-02,1.392461216761576637e+01,7.005046628409449916e+00,1.388689697865585515e+01,1.500064258290876751e+00,1.387206751572761476e+01,2.700000000000000178e+00
8.302557279239655696e-02,1.392461218739815187e+01,6.994580316223841798e+00,1.388694208916284367e+01,1.500063966936750148e+00,1.387206753671368809e+01,2.700000000000000178e+00
8.322557279239647943e-02,1.392461220704834268e+01,6.984137888146691786e+00,1.388698693711886811e+01,1.500063677987327537e+00,1.387206755756481691e+01,2.700000000000000178e+00
8.342557279239640189e-02,1.392461222656785047e+01,6.973719289686132861e+00,1.388703152469544300e+01,1.500063391415551450e+00,1.387206757828251469e+01,2.700000000000000178e+00
8.362557279239632435e-02,1.392461224595786184e+01,6.963324466487482489e+00,1.388707585403990485e+01,1.500063107197320278e+00,1.387206759886797336e+01,2.700000000000000178e+00
8.382557279239624681e-02,1.392461226521978723e+01,6.952953364304339523e+00,1.388711992727642297e+01,1.500062825305121805e+00,1.387206761932260335e+01,2.700000000000000178e+00
8.402557279239616927e-02,1.392461228435473508e+01,6.942605929028809797e+00,1.388716374650562457e+01,1.500062545713262807e+00,1.387206763964754330e+01,2.700000000000000178e+00
8.422557279239609174e-02,1.392461230336423839e+01,6.932282106663896215e+00,1.388720731380570150e+01,1.500062268399460663e+00,1.387206765984430490e+01,2.700000000000000178e+00
8.442557279239601420e-02,1.392461232224924395e+01,6.921981843346717511e+00,1.388725063123177783e+01,1.500061993333702048e+00,1.387206767991385448e+01,2.700000000000000178e+00
8.462557279239593666e-02,1.392461234101137890e+01,6.911705085327392695e+00,1.388729370081732917e+01,1.500061720498933937e+00,1.387206769985782273e+01,2.700000000000000178e+00
8.482557279239585912e-02,1.392461235965160604e+01,6.901451778985606467e+00,1.388733652457332468e+01,1.500061449866961993e+00,1.387206771967718311e+01,2.700000000000000178e+00
8.502557279239578159e-02,1.392461237817115460e+01,6.891221870817500594e+00,1.388737910448935509e+01,1.500061181413002487e+00,1.387206773937316484e+01,2.700000000000000178e+00
8.522557279239570405e-02,1.392461239657125738e+01,6.881015307445657037e+00,1.388742144253363975e+01,1.500060915115682292e+00,1.387206775894701494e+01,2.700000000000000178e+00
8.542557279239562651e-02,1.392461241485317558e+01,6.870832035606629695e+00,1.388746354065328248e+01,1.500060650954310404e+00,1.387206777839998395e+01,2.700000000000000178e+00
8.562557279239554897e-02,1.392461243301794305e+01,6.860672002169819095e+00,1.388750540077453977e+01,1.500060388900919861e+00,1.387206779773313237e+01,2.700000000000000178e+00
8.582557279239547143e-02,1.392461245106678192e+01,6.850535154118446712e+00,1.388754702480329506e+01,1.500060128935274406e+00,1.387206781694767699e+01,2.700000000000000178e+00
8.602557279239539390e-02,1.392461246900068339e+01,6.840421438548574429e+00,1.388758841462490956e+01,1.500059871035318793e+00,1.387206783604461968e+01,2.700000000000000178e+00
8.622557279239531636e-02,1.392461248682099040e+01,6.830330802701384485e+00,1.388762957210512461e+01,1.500059615180362016e+00,1.387206785502530693e+01,2.700000000000000178e+00
8.642557279239523882e-02,1.392461250452873678e+01,6.820263193912279753e+00,1.388767049908975615e+01,1.500059361349713072e+00,1.387206787389077789e+01,2.700000000000000178e+00
8.662557279239516128e-02,1.392461252212495459e+01,6.810218559650051517e+00,1.388771119740517257e+01,1.500059109519497724e+00,1.387206789264208062e+01,2.700000000000000178e+00
8.682557279239508374e-02,1.392461253961065992e+01,6.800196847506120967e+00,1.388775166885846168e+01,1.500058859669024969e+00,1.387206791128021877e+01,2.700000000000000178e+00
8.702557279239500621e-02,1.392461255698702693e+01,6.790198005177099816e+00,1.388779191523805601e+01,1.500058611777149054e+00,1.387206792980638959e+01,2.700000000000000178e+00
8.722557279239492867e-02,1.392461257425510013e+01,6.780221980488613909e+00,1.388783193831347518e+01,1.500058365824997964e+00,1.387206794822163225e+01,2.700000000000000178e+00
8.742557279239485113e-02,1.392461259141583696e+01,6.770268721389186339e+00,1.388787173983571499e+01,1.500058121792790189e+00,1.387206796652691665e+01,2.700000000000000178e+00
8.762557279239477359e-02,1.392461260847032101e+01,6.760338175935290295e+00,1.388791132153777141e+01,1.500057879659379978e+00,1.387206798472333169e+01,2.700000000000000178e+00
8.782557279239469605e-02,1.392461262541954170e+01,6.750430292300938717e+00,1.388795068513456954e+01,1.500057639405213195e+00,1.387206800281186858e+01,2.700000000000000178e+00
8.802557279239461852e-02,1.392461264226447071e+01,6.740545018798004939e+00,1.388798983232317674e+01,1.500057401010735703e+00,1.387206802079351320e+01,2.700000000000000178e+00
8.822557279239454098e-02,1.392461265900619871e+01,6.730682303835696878e+00,1.388802876478339599e+01,1.500057164457530234e+00,1.387206803866935623e+01,2.700000000000000178e+00
8.842557279239446344e-02,1.392461267564551441e+01,6.720842095946251149e+00,1.388806748417744075e+01,1.500056929726270027e+00,1.387206805644019170e+01,2.700000000000000178e+00
8.862557279239438590e-02,1.392461269218358133e+01,6.711024343781931023e+00,1.388810599215076813e+01,1.500056696798765188e+00,1.387206807410719200e+01,2.700000000000000178e+00
8.882557279239430836e-02,1.392461270862121125e+01,6.701228996113423264e+00,1.388814429033172537e+01,1.500056465656371074e+00,1.387206809167117427e+01,2.700000000000000178e+00
8.902557279239423083e-02,1.392461272495934743e+01,6.691456001816646015e+00,1.388818238033213071e+01,1.500056236280215671e+00,1.387206810913308175e+01,2.700000000000000178e+00
8.922557279239415329e-02,1.392461274119893666e+01,6.681705309897188805e+00,1.388822026374744922e+01,1.500056008653928075e+00,1.387206812649387366e+01,2.700000000000000178e+00
8.942557279239407575e-02,1.392461275734093640e+01,6.671976869473671634e+00,1.388825794215687814e+01,1.500055782757044653e+00,1.387206814375452346e+01,2.700000000000000178e+00
8.962557279239399821e-02,1.392461277338611403e+01,6.662270629777919062e+00,1.388829541712347115e+01,1.500055558574103998e+00,1.387206816091578254e+01,2.700000000000000178e+00
8.982557279239392067e-02,1.392461278933550872e+01,6.652586540158774042e+00,1.388833269019475836e+01,1.500055336088507829e+00,1.387206817797871672e+01,2.700000000000000178e+00
9.002557279239384314e-02,1.392461280518980260e+01,6.642924550079408519e+00,1.388836976290231995e+01,1.500055115280702012e+00,1.387206819494399390e+01,2.700000000000000178e+00
9.022557279239376560e-02,1.392461282095013786e+01,6.633284609116525843e+00,1.388840663676285736e+01,1.500054896136362004e+00,1.387206821181277761e+01,2.700000000000000178e+00
9.042557279239368806e-02,1.392461283661724103e+01,6.623666666971173456e+00,1.388844331327731574e+01,1.500054678637752659e+00,1.387206822858579436e+01,2.700000000000000178e+00
9.062557279239361052e-02,1.392461285219184042e+01,6.614070673444714998e+00,1.388847979393175613e+01,1.500054462768275698e+00,1.387206824526377069e+01,2.700000000000000178e+00
9.082557279239353298e-02,1.392461286767495565e+01,6.604496578464449819e+00,1.388851608019766282e+01,1.500054248512014965e+00,1.387206826184775643e+01,2.700000000000000178e+00
9.102557279239345545e-02,1.392461288306727063e+01,6.594944332068315873e+00,1.388855217353152227e+01,1.500054035852826928e+00,1.387206827833841061e+01,2.700000000000000178e+00
9.122557279239337791e-02,1.392461289836971794e+01,6.585413884410984409e+00,1.388858807537559059e+01,1.500053824775022804e+00,1.387206829473669956e+01,2.700000000000000178e+00
9.142557279239330037e-02,1.392461291358305076e+01,6.575905185749765458e+00,1.388862378715781709e+01,1.500053615262459061e+00,1.387206831104335158e+01,2.700000000000000178e+00
9.162557279239322283e-02,1.392461292870801515e+01,6.566418186463401696e+00,1.388865931029183542e+01,1.500053407300129038e+00,1.387206832725914651e+01,2.700000000000000178e+00
9.182557279239314529e-02,1.392461294374546021e+01,6.556952837047348659e+00,1.388869464617760840e+01,1.500053200872571324e+00,1.387206834338493167e+01,2.700000000000000178e+00
9.202557279239306776e-02,1.392461295869613558e+01,6.547509088107498876e+00,1.388872979620111003e+01,1.500052995964551883e+00,1.387206835942145666e+01,2.700000000000000178e+00
9.222557279239299022e-02,1.392461297356090810e+01,6.538086890354018799e+00,1.388876476173500052e+01,1.500052792562883042e+00,1.387206837536958659e+01,2.700000000000000178e+00
9.242557279239291268e-02,1.392461298834036576e+01,6.528686194622673966e+00,1.388879954413809337e+01,1.500052590650057027e+00,1.387206839122993252e+01,2.700000000000000178e+00
9.262557279239283514e-02,1.392461300303538252e+01,6.519306951851499221e+00,1.388883414475631994e+01,1.500052390213795661e+00,1.387206840700336841e+01,2.700000000000000178e+00
9.282557279239275760e-02,1.392461301764667780e+01,6.509949113096102025e+00,1.388886856492229427e+01,1.500052191240683896e+00,1.387206842269061191e+01,2.700000000000000178e+00
9.302557279239268007e-02,1.392461303217489110e+01,6.500612629511977936e+00,1.388890280595575355e+01,1.500051993710940224e+00,1.387206843829232561e+01,2.700000000000000178e+00
9.322557279239260253e-02,1.392461304662087151e+01,6.491297452382463362e+00,1.388893686916363279e+01,1.500051797617970806e+00,1.387206845380934084e+01,2.700000000000000178e+00
9.342557279239252499e-02,1.392461306098529938e+01,6.482003533093794623e+00,1.388897075584031882e+01,1.500051602942903628e+00,1.387206846924235748e+01,2.700000000000000178e+00
9.362557279239244745e-02,1.392461307526889236e+01,6.472730823143111323e+00,1.388900446726755256e+01,1.500051409675506875e+00,1.387206848459210029e+01,2.700000000000000178e+00
9.382557279239236991e-02,1.392461308947226506e+01,6.463479274142322595e+00,1.388903800471481986e+01,1.500051217798045400e+00,1.387206849985918389e+01,2.700000000000000178e+00
9.402557279239229238e-02,1.392461310359628612e+01,6.454248837799321237e+00,1.388907136943957177e+01,1.500051027302561124e+00,1.387206851504448046e+01,2.700000000000000178e+00
9.422557279239221484e-02,1.392461311764135878e+01,6.445039465952008051e+00,1.388910456268683369e+01,1.500050838170864154e+00,1.387206853014841457e+01,2.700000000000000178e+00
9.442557279239213730e-02,1.392461313160839786e+01,6.435851110535887543e+00,1.388913758569021439e+01,1.500050650393177420e+00,1.387206854517188326e+01,2.700000000000000178e+00
9.462557279239205976e-02,1.392461314549801443e+01,6.426683723597066411e+00,1.388917043967128429e+01,1.500050463954949009e+00,1.387206856011551892e+01,2.700000000000000178e+00
9.482557279239198222e-02,1.392461315931072718e+01,6.417537257294982922e+00,1.388920312583995909e+01,1.500050278842536500e+00,1.387206857497983847e+01,2.700000000000000178e+00
9.502557279239190469e-02,1.392461317304746515e+01,6.408411663892028542e+00,1.388923564539500788e+01,1.500050095047754439e+00,1.387206858976578694e+01,2.700000000000000178e+00
9.522557279239182715e-02,1.392461318670861736e+01,6.399306895770908277e+00,1.388926799952340652e+01,1.500049912554004550e+00,1.387206860447374446e+01,2.700000000000000178e+00
9.542557279239174961e-02,1.392461320029487126e+01,6.390222905413260435e+00,1.388930018940123645e+01,1.500049731349463400e+00,1.387206861910441802e+01,2.700000000000000178e+00
9.562557279239167207e-02,1.392461321380697115e+01,6.381159645409346659e+00,1.388933221619350533e+01,1.500049551424353922e+00,1.387206863365853948e+01,2.700000000000000178e+00
9.582557279239159453e-02,1.392461322724546235e+01,6.372117068459739464e+00,1.388936408105414344e+01,1.500049372765488442e+00,1.387206864813667906e+01,2.700000000000000178e+00
9.602557279239151700e-02,1.392461324061099148e+01,6.363095127374284843e+00,1.388939578512638562e+01,1.500049195360361409e+00,1.387206866253947979e+01,2.700000000000000178e+00
9.622557279239143946e-02,1.392461325390414117e+01,6.354093775065671856e+00,1.388942732954265225e+01,1.500049019198058886e+00,1.387206867686753142e+01,2.700000000000000178e+00
9.642557279239136192e-02,1.392461326712541592e+01,6.345112964554985524e+00,1.388945871542485477e+01,1.500048844266302694e+00,1.387206869112134378e+01,2.700000000000000178e+00
9.662557279239128438e-02,1.392461328027552447e+01,6.336152648976425716e+00,1.388948994388455205e+01,1.500048670553724151e+00,1.387206870530162028e+01,2.700000000000000178e+00
9.682557279239120684e-02,1.392461329335505305e+01,6.327212781564457877e+00,1.388952101602295741e+01,1.500048498048045076e+00,1.387206871940897024e+01,2.700000000000000178e+00
9.702557279239112931e-02,1.392461330636459849e+01,6.318293315663011001e+00,1.388955193293096890e+01,1.500048326742216886e+00,1.387206873344399050e+01,2.700000000000000178e+00
9.722557279239105177e-02,1.392461331930465462e+01,6.309394204724283028e+00,1.388958269568946591e+01,1.500048156622824536e+00,1.387206874740717488e+01,2.700000000000000178e+00
9.742557279239097423e-02,1.392461333217579700e+01,6.300515402301376078e+00,1.388961330536944594e+01,1.500047987674861361e+00,1.387206876129911137e+01,2.700000000000000178e+00
9.762557279239089669e-02,1.392461334497874326e+01,6.291656862053963017e+00,1.388964376303204773e+01,1.500047819893779888e+00,1.387206877512050873e+01,2.700000000000000178e+00
9.782557279239081915e-02,1.392461335771380426e+01,6.282818537751841070e+00,1.388967406972845176e+01,1.500047653265937697e+00,1.387206878887170625e+01,2.700000000000000178e+00
9.802557279239074162e-02,1.392461337038179714e+01,6.274000383269964232e+00,1.388970422650061742e+01,1.500047487781785094e+00,1.387206880255350505e+01,2.700000000000000178e+00
9.822557279239066408e-02,1.392461338298303097e+01,6.265202352584902101e+00,1.388973423438049437e+01,1.500047323431090263e+00,1.387206881616622844e+01,2.700000000000000178e+00
9.842557279239058654e-02,1.392461339551809019e+01,6.256424399778435230e+00,1.388976409439103321e+01,1.500047160200665530e+00,1.387206882971046973e+01,2.700000000000000178e+00
9.862557279239050900e-02,1.392461340798761071e+01,6.247666479039714282e+00,1.388979380754574144e+01,1.500046998083917060e+00,1.387206884318686839e+01,2.700000000000000178e+00
9.882557279239043146e-02,1.392461342039217342e+01,6.238928544661310305e+00,1.388982337484903340e+01,1.500046837070385664e+00,1.387206885659600353e+01,2.700000000000000178e+00
9.902557279239035393e-02,1.392461343273209629e+01,6.230210551038510403e+00,1.388985279729591404e+01,1.500046677149157404e+00,1.387206886993820554e+01,2.700000000000000178e+00
9.922557279239027639e-02,1.392461344500790332e+01,6.221512452673382931e+00,1.388988207587268597e+01,1.500046518308181476e+00,1.387206888321399312e+01,2.700000000000000178e+00
9.942557279239019885e-02,1.392461345722031396e+01,6.212834204166350460e+00,1.388991121155682684e+01,1.500046360542000912e+00,1.387206889642410523e+01,2.700000000000000178e+00
9.962557279239012131e-02,1.392461346936961064e+01,6.204175760226055658e+00,1.388994020531676021e+01,1.500046203838792280e+00,1.387206890956882432e+01,2.700000000000000178e+00
9.982557279239004377e-02,1.392461348145642575e+01,6.195537075671289529e+00,1.388996905811247551e+01,1.500046048188551140e+00,1.387206892264878810e+01,2.700000000000000178e+00
1.000255727923899662e-01,1.392461349348126554e+01,6.186918105406546076e+00,1.388999777089526333e+01,1.500045893584001533e+00,1.387206893566450816e+01,2.700000000000000178e+00
1.002255727923898887e-01,1.392461350544435916e+01,6.178318804450843693e+00,1.389002634460775631e+01,1.500045740010818918e+00,1.387206894861621187e+01,2.700000000000000178e+00
1.004255727923898112e-01,1.392461351734658948e+01,6.169739127923685729e+00,1.389005478018464856e+01,1.500045587466274810e+00,1.387206896150479984e+01,2.700000000000000178e+00
1.006255727923897336e-01,1.392461352918814477e+01,6.161179031045194598e+00,1.389008307855179503e+01,1.500045435938545779e+00,1.387206897433045860e+01,2.700000000000000178e+00
1.008255727923896561e-01,1.392461354096960058e+01,6.152638469144378064e+00,1.389011124062719382e+01,1.500045285416945262e+00,1.387206898709376368e+01,2.700000000000000178e+00
1.010255727923895785e-01,1.392461355269136014e+01,6.144117397639838885e+00,1.389013926732052440e+01,1.500045135895334170e+00,1.387206899979513963e+01,2.700000000000000178e+00
1.012255727923895010e-01,1.392461356435402386e+01,6.135615772064661577e+00,1.389016715953371062e+01,1.500044987363025939e+00,1.387206901243516910e+01,2.700000000000000178e+00
1.014255727923894235e-01,1.392461357595794880e+01,6.127133548044382039e+00,1.389019491816034879e+01,1.500044839812971986e+00,1.387206902501423933e+01,2.700000000000000178e+00
1.016255727923893459e-01,1.392461358750347777e+01,6.118670681310223181e+00,1.389022254408639512e+01,1.500044693233576254e+00,1.387206903753267540e+01,2.700000000000000178e+00
1.018255727923892684e-01,1.392461359899129647e+01,6.110227127690841087e+00,1.389025003819013548e+01,1.500044547620291269e+00,1.387206904999118073e+01,2.700000000000000178e+00
1.020255727923891909e-01,1.392461361042163936e+01,6.101802843122698050e+00,1.389027740134191902e+01,1.500044402960838852e+00,1.387206906238999160e+01,2.700000000000000178e+00
1.022255727923891133e-01,1.392461362179511042e+01,6.093397783633347942e+00,1.389030463440471230e+01,1.500044259251581025e+00,1.387206907472971906e+01,2.700000000000000178e+00
1.024255727923890358e-01,1.392461363311209155e+01,6.085011905351182193e+00,1.389033173823388623e+01,1.500044116481603851e+00,1.387206908701075037e+01,2.700000000000000178e+00
1.026255727923889582e-01,1.392461364437284210e+01,6.076645164518495790e+00,1.389035871367723196e+01,1.500043974640220767e+00,1.387206909923334486e+01,2.700000000000000178e+00
1.028255727923888807e-01,1.392461365557804953e+01,6.068297517461410884e+00,1.389038556157552762e+01,1.500043833722202180e+00,1.387206911139820420e+01,2.700000000000000178e+00
1.030255727923888032e-01,1.392461366672799628e+01,6.059968920612408105e+00,1.389041228276190409e+01,1.500043693720499505e+00,1.387206912350560906e+01,2.700000000000000178e+00
1.032255727923887256e-01,1.392461367782311399e+01,6.051659330502586087e+00,1.389043887806255206e+01,1.500043554626245168e+00,1.387206913555599286e+01,2.700000000000000178e+00
1.034255727923886481e-01,1.392461368886372242e+01,6.043368703764698147e+00,1.389046534829631163e+01,1.500043416430571597e+00,1.387206914754968956e+01,2.700000000000000178e+00
1.036255727923885706e-01,1.392461369985040598e+01,6.035096997125287466e+00,1.389049169427533315e+01,1.500043279125065965e+00,1.387206915948728003e+01,2.700000000000000178e+00
1.038255727923884930e-01,1.392461371078351817e+01,6.026844167401891994e+00,1.389051791680452297e+01,1.500043142706317667e+00,1.387206917136913020e+01,2.700000000000000178e+00
1.040255727923884155e-01,1.392461372166328992e+01,6.018610171541767251e+00,1.389054401668176730e+01,1.500043007162958020e+00,1.387206918319547455e+01,2.700000000000000178e+00
1.042255727923883379e-01,1.392461373249033763e+01,6.010394966556884988e+00,1.389056999469856457e+01,1.500042872489757428e+00,1.387206919496693125e+01,2.700000000000000178e+00
1.044255727923882604e-01,1.392461374326498991e+01,6.002198509571586627e+00,1.389059585163939126e+01,1.500042738678075693e+00,1.387206920668383248e+01,2.700000000000000178e+00
1.046255727923881829e-01,1.392461375398757184e+01,5.994020757806074684e+00,1.389062158828201454e+01,1.500042605719727362e+00,1.387206921834650863e+01,2.700000000000000178e+00
1.048255727923881053e-01,1.392461376465848844e+01,5.985861668579261163e+00,1.389064720539772857e+01,1.500042473606526983e+00,1.387206922995537717e+01,2.700000000000000178e+00
1.050255727923880278e-01,1.392461377527817135e+01,5.977721199305588762e+00,1.389067270375118746e+01,1.500042342337337686e+00,1.387206924151086085e+01,2.700000000000000178e+00
1.052255727923879502e-01,1.392461378584692078e+01,5.969599307493549389e+00,1.389069808410068241e+01,1.500042211898744426e+00,1.387206925301327942e+01,2.700000000000000178e+00
1.054255727923878727e-01,1.392461379636510621e+01,5.961495950759270634e+00,1.389072334719800139e+01,1.500042082287336598e+00,1.387206926446299704e+01,2.700000000000000178e+00
1.056255727923877952e-01,1.392461380683322325e+01,5.953411086806591257e+00,1.389074849378879328e+01,1.500041953492655011e+00,1.387206927586052352e+01,2.700000000000000178e+00
1.058255727923877176e-01,1.392461381725143355e+01,5.945344673436531835e+00,1.389077352461211134e+01,1.500041825511743809e+00,1.387206928720602050e+01,2.700000000000000178e+00
1.060255727923876401e-01,1.392461382762026822e+01,5.937296668546501621e+00,1.389079844040120015e+01,1.500041698335962792e+00,1.387206929850002624e+01,2.700000000000000178e+00
1.062255727923875626e-01,1.392461383793997243e+01,5.929267030133673622e+00,1.389082324188288275e+01,1.500041571958263376e+00,1.387206930974277874e+01,2.700000000000000178e+00
1.064255727923874850e-01,1.392461384821104531e+01,5.921255716286635717e+00,1.389084792977817528e+01,1.500041446372961218e+00,1.387206932093479494e+01,2.700000000000000178e+00
1.066255727923874075e-01,1.392461385843374089e+01,5.913262685190106005e+00,1.389087250480181623e+01,1.500041321573462483e+00,1.387206933207633064e+01,2.700000000000000178e+00
1.068255727923873299e-01,1.392461386860821193e+01,5.905287895130999942e+00,1.389089696766258086e+01,1.500041197550672223e+00,1.387206934316754392e+01,2.700000000000000178e+00
1.070255727923872524e-01,1.392461387873518497e+01,5.897331304479803471e+00,1.389092131906380345e+01,1.500041074304135691e+00,1.387206935420916842e+01,2.700000000000000178e+00
1.072255727923871749e-01,1.392461388881473638e+01,5.889392871708630572e+00,1.389094555970253353e+01,1.500040951821119961e+00,1.387206936520127698e+01,2.700000000000000178e+00
1.074255727923870973e-01,1.392461389884726941e+01,5.881472555386414669e+00,1.389096969027027129e+01,1.500040830098669176e+00,1.387206937614427993e+01,2.700000000000000178e+00
1.076255727923870198e-01,1.392461390883317840e+01,5.873570314171372431e+00,1.389099371145284145e+01,1.500040709129280003e+00,1.387206938703857695e+01,2.700000000000000178e+00
1.078255727923869423e-01,1.392461391877264454e+01,5.865686106816262679e+00,1.389101762393023876e+01,1.500040588907722849e+00,1.387206939788436522e+01,2.700000000000000178e+00
1.080255727923868647e-01,1.392461392866615455e+01,5.857819892177660748e+00,1.389104142837712885e+01,1.500040469426721756e+00,1.387206940868212612e+01,2.700000000000000178e+00
1.082255727923867872e-01,1.392461393851391982e+01,5.849971629187857403e+00,1.389106512546247174e+01,1.500040350681274504e+00,1.387206941943207283e+01,2.700000000000000178e+00
1.084255727923867096e-01,1.392461394831634713e+01,5.842141276890020940e+00,1.389108871584983085e+01,1.500040232666606244e+00,1.387206943013462457e+01,2.700000000000000178e+00
1.086255727923866321e-01,1.392461395807374380e+01,5.834328794416768993e+00,1.389111220019740855e+01,1.500040115373394656e+00,1.387206944079007975e+01,2.700000000000000178e+00
1.088255727923865546e-01,1.392461396778631944e+01,5.826534140985054400e+00,1.389113557915780994e+01,1.500039998798683882e+00,1.387206945139867642e+01,2.700000000000000178e+00
1.090255727923864770e-01,1.392461397745440976e+01,5.818757275917182170e+00,1.389115885337860945e+01,1.500039882933378976e+00,1.387206946196072899e+01,2.700000000000000178e+00
1.092255727923863995e-01,1.392461398707846065e+01,5.810998158619972820e+00,1.389118202350209508e+01,1.500039767776115696e+00,1.387206947247670819e+01,2.700000000000000178e+00
1.094255727923863220e-01,1.392461399665864441e+01,5.803256748591432590e+00,1.389120509016521865e+01,1.500039653318481214e+00,1.387206948294677566e+01,2.700000000000000178e+00
1.096255727923862444e-01,1.392461400619520617e+01,5.795533005428198159e+00,1.389122805399979654e+01,1.500039539554336443e+00,1.387206949337119610e+01,2.700000000000000178e+00
1.098255727923861669e-01,1.392461401568866997e+01,5.787826888812685588e+00,1.389125091563284187e+01,1.500039426481635019e+00,1.387206950375048464e+01,2.700000000000000178e+00
1.100255727923860893e-01,1.392461402513919744e+01,5.780138358526178521e+00,1.389127367568600135e+01,1.500039314090372500e+00,1.387206951408482425e+01,2.700000000000000178e+00
1.102255727923860118e-01,1.392461403454704438e+01,5.772467374441033527e+00,1.389129633477598702e+01,1.500039202376910907e+00,1.387206952437445118e+01,2.700000000000000178e+00
1.104255727923859343e-01,1.392461404391255719e+01,5.764813896517898328e+00,1.389131889351464544e+01,1.500039091336930142e+00,1.387206953461973846e+01,2.700000000000000178e+00
1.106255727923858567e-01,1.392461405323595791e+01,5.757177884805967594e+00,1.389134135250891156e+01,1.500038980963154245e+00,1.387206954482090460e+01,2.700000000000000178e+00
1.108255727923857792e-01,1.392461406251765688e+01,5.749559299452339012e+00,1.389136371236093126e+01,1.500038871251945238e+00,1.387206955497835814e+01,2.700000000000000178e+00
1.110255727923857016e-01,1.392461407175775356e+01,5.741958100687581279e+00,1.389138597366792105e+01,1.500038762197164033e+00,1.387206956509220568e+01,2.700000000000000178e+00
1.112255727923856241e-01,1.392461408095670805e+01,5.734374248838352450e+00,1.389140813702253752e+01,1.500038653794490529e+00,1.387206957516292327e+01,2.700000000000000178e+00
1.114255727923855466e-01,1.392461409011476370e+01,5.726807704322442127e+00,1.389143020301261622e+01,1.500038546038240383e+00,1.387206958519075251e+01,2.700000000000000178e+00
1.116255727923854690e-01,1.392461409923213189e+01,5.719258427651808141e+00,1.389145217222133688e+01,1.500038438920455519e+00,1.387206959517590299e+01,2.700000000000000178e+00
1.118255727923853915e-01,1.392461410830908441e+01,5.711726379407184417e+00,1.389147404522728735e+01,1.500038332440681188e+00,1.387206960511865361e+01,2.700000000000000178e+00
1.120255727923853140e-01,1.392461411734591614e+01,5.704211520283683612e+00,1.389149582260451332e+01,1.500038226591641433e+00,1.387206961501931168e+01,2.700000000000000178e+00
1.122255727923852364e-01,1.392461412634292905e+01,5.696713811058042864e+00,1.389151750492255388e+01,1.500038121370380395e+00,1.387206962487817385e+01,2.700000000000000178e+00
1.124255727923851589e-01,1.392461413530037539e+01,5.689233212592605504e+00,1.389153909274646814e+01,1.500038016770986360e+00,1.387206963469550836e+01,2.700000000000000178e+00
1.126255727923850813e-01,1.392461414421839194e+01,5.681769685844852980e+00,1.389156058663683879e+01,1.500037912784819127e+00,1.387206964447144308e+01,2.700000000000000178e+00
1.128255727923850038e-01,1.392461415309741923e+01,5.674323191856309734e+00,1.389158198714998349e+01,1.500037809412106071e+00,1.387206965420642568e+01,2.700000000000000178e+00
1.130255727923849263e-01,1.392461416193765267e+01,5.666893691763008611e+00,1.389160329483775591e+01,1.500037706647162850e+00,1.387206966390066398e+01,2.700000000000000178e+00
1.132255727923848487e-01,1.392461417073926100e+01,5.659481146778051475e+00,1.389162451024775535e+01,1.500037604481804010e+00,1.387206967355432852e+01,2.700000000000000178e+00
1.134255727923847712e-01,1.392461417950262259e+01,5.652085518211259263e+00,1.389164563392339069e+01,1.500037502915120058e+00,1.387206968316779410e+01,2.700000000000000178e+00
1.136255727923846937e-01,1.392461418822783692e+01,5.644706767473625320e+00,1.389166666640361214e+01,1.500037401941881399e+00,1.387206969274117796e+01,2.700000000000000178e+00
1.138255727923846161e-01,1.392461419691535696e+01,5.637344856042425079e+00,1.389168760822359161e+01,1.500037301558904801e+00,1.387206970227492597e+01,2.700000000000000178e+00
1.140255727923845386e-01,1.392461420556528040e+01,5.629999745492381358e+00,1.389170845991405834e+01,1.500037201756640570e+00,1.387206971176914472e+01,2.700000000000000178e+00
1.142255727923844610e-01,1.392461421417782752e+01,5.622671397484868550e+00,1.389172922200169857e+01,1.500037102533497091e+00,1.387206972122406157e+01,2.700000000000000178e+00
1.144255727923843835e-01,1.392461422275336247e+01,5.615359773765414175e+00,1.389174989500925150e+01,1.500037003887655374e+00,1.387206973064004067e+01,2.700000000000000178e+00
1.146255727923843060e-01,1.392461423129208242e+01,5.608064836173718426e+00,1.389177047945542931e+01,1.500036905810247845e+00,1.387206974001729165e+01,2.700000000000000178e+00
1.148255727923842284e-01,1.392461423979424318e+01,5.600786546630944329e+00,1.389179097585483902e+01,1.500036808300137636e+00,1.387206974935605430e+01,2.700000000000000178e+00
1.150255727923841509e-01,1.392461424825985006e+01,5.593524867149539226e+00,1.389181138471804644e+01,1.500036711350503538e+00,1.387206975865636238e+01,2.700000000000000178e+00
1.152255727923840734e-01,1.392461425668938979e+01,5.586279759822827984e+00,1.389183170655213573e+01,1.500036614958844439e+00,1.387206976791869728e+01,2.700000000000000178e+00
1.154255727923839958e-01,1.392461426508313416e+01,5.579051186836347043e+00,1.389185194186008232e+01,1.500036519121522360e+00,1.387206977714333078e+01,2.700000000000000178e+00
1.156255727923839183e-01,1.392461427344118796e+01,5.571839110461291433e+00,1.389187209114096255e+01,1.500036423833080335e+00,1.387206978633037302e+01,2.700000000000000178e+00
1.158255727923838407e-01,1.392461428176371996e+01,5.564643493051119272e+00,1.389189215489007445e+01,1.500036329088288767e+00,1.387206979548000696e+01,2.700000000000000178e+00
1.160255727923837632e-01,1.392461429005110674e+01,5.557464297046780466e+00,1.389191213359911536e+01,1.500036234886238162e+00,1.387206980459260564e+01,2.700000000000000178e+00
1.162255727923836857e-01,1.392461429830341224e+01,5.550301484975423527e+00,1.389193202775587999e+01,1.500036141219197816e+00,1.387206981366823477e+01,2.700000000000000178e+00
1.164255727923836081e-01,1.392461430652106280e+01,5.543155019449855558e+00,1.389195183784471332e+01,1.500036048086258234e+00,1.387206982270733846e+01,2.700000000000000178e+00
1.166255727923835306e-01,1.392461431470401223e+01,5.536024863165299514e+00,1.389197156434595826e+01,1.500035955480598204e+00,1.387206983170985453e+01,2.700000000000000178e+00
1.168255727923834530e-01,1.392461432285267797e+01,5.528910978908911034e+00,1.389199120773668383e+01,1.500035863401080860e+00,1.387206984067621818e+01,2.700000000000000178e+00
1.170255727923833755e-01,1.392461433096714174e+01,5.521813329549880578e+00,1.389201076849016303e+01,1.500035771840202869e+00,1.387206984960651646e+01,2.700000000000000178e+00
1.172255727923832980e-01,1.392461433904781565e+01,5.514731878031862600e+00,1.389203024707637191e+01,1.500035680798873727e+00,1.387206985850115792e+01,2.700000000000000178e+00
1.174255727923832204e-01,1.392461434709473345e+01,5.507666587399746128e+00,1.389204964396141584e+01,1.500035590270499597e+00,1.387206986736017633e+01,2.700000000000000178e+00
1.176255727923831429e-01,1.392461435510812429e+01,5.500617420773379784e+00,1.389206895960818500e+01,1.500035500248031894e+00,1.387206987618382747e+01,2.700000000000000178e+00
1.178255727923830654e-01,1.392461436308826173e+01,5.493584341357313328e+00,1.389208819447603993e+01,1.500035410732834862e+00,1.387206988497237781e+01,2.700000000000000178e+00
1.180255727923829878e-01,1.392461437103530919e+01,5.486567312438284993e+00,1.389210734902088262e+01,1.500035321720588399e+00,1.387206989372597477e+01,2.700000000000000178e+00
1.182255727923829103e-01,1.392461437894945675e+01,5.479566297395727759e+00,1.389212642369530926e+01,1.500035233203789176e+00,1.387206990244484217e+01,2.700000000000000178e+00
1.184255727923828327e-01,1.392461438683100106e+01,5.472581259683078514e+00,1.389214541894852850e+01,1.500035145184483554e+00,1.387206991112926779e+01,2.700000000000000178e+00
1.186255727923827552e-01,1.392461439467998652e+01,5.465612162840232990e+00,1.389216433522636684e+01,1.500035057653576587e+00,1.387206991977929604e+01,2.700000000000000178e+00
1.188255727923826777e-01,1.392461440249672044e+01,5.458658970488906803e+00,1.389218317297145511e+01,1.500034970611750396e+00,1.387206992839524489e+01,2.700000000000000178e+00
1.190255727923826001e-01,1.392461441028143199e+01,5.451721646344340755e+00,1.389220193262316627e+01,1.500034884053093265e+00,1.387206993697734347e+01,2.700000000000000178e+00
1.192255727923825226e-01,1.392461441803414246e+01,5.444800154181702823e+00,1.389222061461748403e+01,1.500034797972148226e+00,1.387206994552562200e+01,2.700000000000000178e+00
1.194255727923824451e-01,1.392461442575521957e+01,5.437894457881138344e+00,1.389223921938740247e+01,1.500034712369597401e+00,1.387206995404045173e+01,2.700000000000000178e+00
1.196255727923823675e-01,1.392461443344480898e+01,5.431004521393992590e+00,1.389225774736264363e+01,1.500034627238164830e+00,1.387206996252198898e+01,2.700000000000000178e+00
1.198255727923822900e-01,1.392461444110309365e+01,5.424130308757203700e+00,1.389227619896972143e+01,1.500034542579896879e+00,1.387206997097039718e+01,2.700000000000000178e+00
1.200255727923822124e-01,1.392461444873014464e+01,5.417271784091109765e+00,1.389229457463205897e+01,1.500034458383652236e+00,1.387206997938578290e+01,2.700000000000000178e+00
1.202255727923821349e-01,1.392461445632637052e+01,5.410428911592045864e+00,1.389231287477022114e+01,1.500034374651704638e+00,1.387206998776853339e+01,2.700000000000000178e+00
1.204255727923820574e-01,1.392461446389186719e+01,5.403601655543106119e+00,1.389233109980143688e+01,1.500034291379961360e+00,1.387206999611876412e+01,2.700000000000000178e+00
1.206255727923819798e-01,1.392461447142675901e+01,5.396789980310265022e+00,1.389234925013992950e+01,1.500034208564102300e+00,1.387207000443659588e+01,2.700000000000000178e+00
1.208255727923819023e-01,1.392461447893122539e+01,5.389993850336724179e+00,1.389236732619701797e+01,1.500034126199807361e+00,1.387207001272220985e+01,2.700000000000000178e+00
1.210255727923818247e-01,1.392461448640560029e+01,5.383213230144772155e+00,1.389238532838111340e+01,1.500034044287303914e+00,1.387207002097595065e+01,2.700000000000000178e+00
1.212255727923817472e-01,1.392461449384980021e+01,5.376448084343813605e+00,1.389240325709737256e+01,1.500033962818633881e+00,1.387207002919773657e+01,2.700000000000000178e+00
1.214255727923816697e-01,1.392461450126427636e+01,5.369698377625883978e+00,1.389242111274846714e+01,1.500033881794479385e+00,1.387207003738802769e+01,2.700000000000000178e+00
1.216255727923815921e-01,1.392461450864903938e+01,5.362964074755966593e+00,1.389243889573379320e+01,1.500033801209383455e+00,1.387207004554683110e+01,2.700000000000000178e+00
1.218255727923815146e-01,1.392461451600433442e+01,5.356245140583980380e+00,1.389245660645006986e+01,1.500033721063573466e+00,1.387207005367439727e+01,2.700000000000000178e+00
1.220255727923814371e-01,1.392461452333030536e+01,5.349541540032825004e+00,1.389247424529117403e+01,1.500033641348409219e+00,1.387207006177088253e+01,2.700000000000000178e+00
1.222255727923813595e-01,1.392461453062706056e+01,5.342853238118417281e+00,1.389249181264799304e+01,1.500033562064118087e+00,1.387207006983638635e+01,2.700000000000000178e+00
1.224255727923812820e-01,1.392461453789490378e+01,5.336180199923695966e+00,1.389250930890887936e+01,1.500033483208426333e+00,1.387207007787122670e+01,2.700000000000000178e+00
1.226255727923812044e-01,1.392461454513392560e+01,5.329522390617673189e+00,1.389252673445929531e+01,1.500033404774967494e+00,1.387207008587549062e+01,2.700000000000000178e+00
1.228255727923811269e-01,1.392461455234425216e+01,5.322879775448468465e+00,1.389254408968178112e+01,1.500033326764423691e+00,1.387207009384930778e+01,2.700000000000000178e+00
1.230255727923810494e-01,1.392461455952616234e+01,5.316252319742647003e+00,1.389256137495649845e+01,1.500033249172929573e+00,1.387207010179297129e+01,2.700000000000000178e+00
1.232255727923809718e-01,1.392461456667980713e+01,5.309639988909864883e+00,1.389257859066073841e+01,1.500033171996847159e+00,1.387207010970662857e+01,2.700000000000000178e+00
1.234255727923808943e-01,1.392461457380529133e+01,5.303042748431535003e+00,1.389259573716903517e+01,1.500033095233447966e+00,1.387207011759039688e+01,2.700000000000000178e+00
1.236255727923808168e-01,1.392461458090269488e+01,5.296460563869670679e+00,1.389261281485332411e+01,1.500033018878639268e+00,1.387207012544434370e+01,2.700000000000000178e+00
1.238255727923807392e-01,1.392461458797233753e+01,5.289893400869131845e+00,1.389262982408308389e+01,1.500032942930602076e+00,1.387207013326880300e+01,2.700000000000000178e+00
1.240255727923806617e-01,1.392461459501428855e+01,5.283341225149863263e+00,1.389264676522499187e+01,1.500032867386835278e+00,1.387207014106384761e+01,2.700000000000000178e+00
1.242255727923805841e-01,1.392461460202873624e+01,5.276804002509553726e+00,1.389266363864321718e+01,1.500032792245519886e+00,1.387207014882966938e+01,2.700000000000000178e+00
1.244255727923805066e-01,1.392461460901583692e+01,5.270281698825963979e+00,1.389268044469944918e+01,1.500032717500744184e+00,1.387207015656643883e+01,2.700000000000000178e+00
1.246255727923804291e-01,1.392461461597581263e+01,5.263774280052764709e+00,1.389269718375276419e+01,1.500032643151826051e+00,1.387207016427435669e+01,2.700000000000000178e+00
1.248255727923803515e-01,1.392461462290875041e+01,5.257281712224501469e+00,1.389271385615968057e+01,1.500032569196719123e+00,1.387207017195353842e+01,2.700000000000000178e+00
1.250255727923803017e-01,1.392461462981462006e+01,5.250803961447332746e+00,1.389273046227414454e+01,1.500032495629966434e+00,1.387207017960394495e+01,2.700000000000000178e+00
1.252255727923805018e-01,1.392461463669399535e+01,5.244340993913286120e+00,1.389274700244815008e+01,1.500032422452022729e+00,1.387207018722615537e+01,2.700000000000000178e+00
1.254255727923807018e-01,1.392461464354658673e+01,5.237892775880568230e+00,1.389276347703047598e+01,1.500032349657431041e+00,1.387207019481988013e+01,2.700000000000000178e+00
1.256255727923809018e-01,1.392461465037287205e+01,5.231459273687877776e+00,1.389277988636816374e+01,1.500032277245281875e+00,1.387207020238561661e+01,2.700000000000000178e+00
1.258255727923811018e-01,1.392461465717289748e+01,5.225040453769714155e+00,1.389279623080540738e+01,1.500032205213528869e+00,1.387207020992340389e+01,2.700000000000000178e+00
1.260255727923813018e-01,1.392461466394673586e+01,5.218636282609711685e+00,1.389281251068418754e+01,1.500032133557397174e+00,1.387207021743331303e+01,2.700000000000000178e+00
1.262255727923815019e-01,1.392461467069454528e+01,5.212246726780175088e+00,1.389282872634405663e+01,1.500032062275749922e+00,1.387207022491551811e+01,2.700000000000000178e+00
1.264255727923817019e-01,1.392461467741655845e+01,5.205871752928342033e+00,1.389284487812237678e+01,1.500031991364721762e+00,1.387207023237025183e+01,2.700000000000000178e+00
1.266255727923819019e-01,1.392461468411292635e+01,5.199511327776128233e+00,1.389286096635407652e+01,1.500031920824540066e+00,1.387207023979766518e+01,2.700000000000000178e+00
1.268255727923821019e-01,1.392461469078357794e+01,5.193165418123571797e+00,1.389287699137163301e+01,1.500031850648156251e+00,1.387207024719768533e+01,2.700000000000000178e+00
1.270255727923823019e-01,1.392461469742894131e+01,5.186833990847780740e+00,1.389289295350560671e+01,1.500031780839435669e+00,1.387207025457075282e+01,2.700000000000000178e+00
1.272255727923825019e-01,1.392461470404902180e+01,5.180517012900289764e+00,1.389290885308401613e+01,1.500031711389283373e+00,1.387207026191688719e+01,2.700000000000000178e+00
1.274255727923827020e-01,1.392461471064398992e+01,5.174214451303248197e+00,1.389292469043268063e+01,1.500031642301792090e+00,1.387207026923624120e+01,2.700000000000000178e+00
1.276255727923829020e-01,1.392461471721387767e+01,5.167926273161562278e+00,1.389294046587521514e+01,1.500031573565820509e+00,1.387207027652886637e+01,2.700000000000000178e+00
1.278255727923831020e-01,1.392461472375895148e+01,5.161652445650924292e+00,1.389295617973308161e+01,1.500031505187507719e+00,1.387207028379502560e+01,2.700000000000000178e+00
1.280255727923833020e-01,1.392461473027928953e+01,5.155392936023598160e+00,1.389297183232548782e+01,1.500031437158668268e+00,1.387207029103480593e+01,2.700000000000000178e+00
1.282255727923835020e-01,1.392461473677502504e+01,5.149147711599069588e+00,1.389298742396947794e+01,1.500031369481803267e+00,1.387207029824834059e+01,2.700000000000000178e+00
1.284255727923837020e-01,1.392461474324636228e+01,5.142916739784535451e+00,1.389300295498009952e+01,1.500031302150546253e+00,1.387207030543582675e+01,2.700000000000000178e+00
1.286255727923839021e-01,1.392461474969329771e+01,5.136699988053806010e+00,1.389301842566994161e+01,1.500031235164897225e+00,1.387207031259728929e+01,2.700000000000000178e+00
1.288255727923841021e-01,1.392461475611607113e+01,5.130497423956696501e+00,1.389303383634981337e+01,1.500031168521900327e+00,1.387207031973295379e+01,2.700000000000000178e+00
1.290255727923843021e-01,1.392461476251489216e+01,5.124309015113841959e+00,1.389304918732838523e+01,1.500031102217235457e+00,1.387207032684303698e+01,2.700000000000000178e+00
1.292255727923845021e-01,1.392461476888962579e+01,5.118134729224432355e+00,1.389306447891187091e+01,1.500031036252266858e+00,1.387207033392740918e+01,2.700000000000000178e+00
1.294255727923847021e-01,1.392461477524066638e+01,5.111974534057045716e+00,1.389307971140502929e+01,1.500030970620855442e+00,1.387207034098647185e+01,2.700000000000000178e+00
1.296255727923849022e-01,1.392461478156799615e+01,5.105828397459006851e+00,1.389309488511006840e+01,1.500030905323455954e+00,1.387207034802020544e+01,2.700000000000000178e+00
1.298255727923851022e-01,1.392461478787179097e+01,5.099696287346298540e+00,1.389311000032740040e+01,1.500030840358249407e+00,1.387207035502878938e+01,2.700000000000000178e+00
1.300255727923853022e-01,1.392461479415213077e+01,5.093578171709411073e+00,1.389312505735540526e+01,1.500030775720915699e+00,1.387207036201230359e+01,2.700000000000000178e+00
1.302255727923855022e-01,1.392461480040923227e+01,5.087474018613468374e+00,1.389314005649049300e+01,1.500030711411227458e+00,1.387207036897098433e+01,2.700000000000000178e+00
1.304255727923857022e-01,1.392461480664309903e+01,5.081383796185129142e+00,1.389315499802701837e+01,1.500030647426001451e+00,1.387207037590482450e+01,2.700000000000000178e+00
1.306255727923859022e-01,1.392461481285404901e+01,5.075307472649752683e+00,1.389316988225755090e+01,1.500030583762281822e+00,1.387207038281415095e+01,2.700000000000000178e+00
1.308255727923861023e-01,1.392461481904192055e+01,5.069245016285321981e+00,1.389318470947232953e+01,1.500030520420068569e+00,1.387207038969879846e+01,2.700000000000000178e+00
1.310255727923863023e-01,1.392461482520709204e+01,5.063196395443438469e+00,1.389319947996016502e+01,1.500030457396405836e+00,1.387207039655916496e+01,2.700000000000000178e+00
1.312255727923865023e-01,1.392461483134952438e+01,5.057161578551466974e+00,1.389321419400762991e+01,1.500030394686746149e+00,1.387207040339519182e+01,2.700000000000000178e+00
1.314255727923867023e-01,1.392461483746945916e+01,5.051140534108822244e+00,1.389322885189955414e+01,1.500030332291544255e+00,1.387207041020715259e+01,2.700000000000000178e+00
1.316255727923869023e-01,1.392461484356683599e+01,5.045133230682619541e+00,1.389324345391871063e+01,1.500030270207844296e+00,1.387207041699496735e+01,2.700000000000000178e+00
1.318255727923871023e-01,1.392461484964204210e+01,5.039139636916542209e+00,1.389325800034634106e+01,1.500030208435191525e+00,1.387207042375903576e+01,2.700000000000000178e+00
1.320255727923873024e-01,1.392461485569497448e+01,5.033159721527745489e+00,1.389327249146140630e+01,1.500030146971312206e+00,1.387207043049925481e+01,2.700000000000000178e+00
1.322255727923875024e-01,1.392461486172578944e+01,5.027193453295969228e+00,1.389328692754133598e+01,1.500030085812113612e+00,1.387207043721578259e+01,2.700000000000000178e+00
1.324255727923877024e-01,1.392461486773456336e+01,5.021240801082536009e+00,1.389330130886161818e+01,1.500030024956458874e+00,1.387207044390871324e+01,2.700000000000000178e+00
1.326255727923879024e-01,1.392461487372160711e+01,5.015301733814658824e+00,1.389331563569616534e+01,1.500029964400710014e+00,1.387207045057835408e+01,2.700000000000000178e+00
1.328255727923881024e-01,1.392461487968689227e+01,5.009376220488049647e+00,1.389332990831676184e+01,1.500029904148732385e+00,1.387207045722467491e+01,2.700000000000000178e+00
1.330255727923883025e-01,1.392461488563045791e+01,5.003464230174495597e+00,1.389334412699351518e+01,1.500029844191885786e+00,1.387207046384771481e+01,2.700000000000000178e+00
1.332255727923885025e-01,1.392461489155257404e+01,4.997565732011089779e+00,1.389335829199500871e+01,1.500029784532898702e+00,1.387207047044776509e+01,2.700000000000000178e+00
1.334255727923887025e-01,1.392461489745325132e+01,4.991680695207602270e+00,1.389337240358781145e+01,1.500029725165632044e+00,1.387207047702482221e+01,2.700000000000000178e+00
1.336255727923889025e-01,1.392461490333262830e+01,4.985809089043946152e+00,1.389338646203684213e+01,1.500029666093951164e+00,1.387207048357903361e+01,2.700000000000000178e+00
1.338255727923891025e-01,1.392461490919082046e+01,4.979950882873996676e+00,1.389340046760536396e+01,1.500029607311262225e+00,1.387207049011052185e+01,2.700000000000000178e+00
1.340255727923893025e-01,1.392461491502789350e+01,4.974106046114584068e+00,1.389341442055486375e+01,1.500029548814609370e+00,1.387207049661934910e+01,2.700000000000000178e+00
1.342255727923895026e-01,1.392461492084402153e+01,4.968274548256711221e+00,1.389342832114516035e+01,1.500029490608767446e+00,1.387207050310569656e+01,2.700000000000000178e+00
1.344255727923897026e-01,1.392461492663932354e+01,4.962456358862374017e+00,1.389344216963450052e+01,1.500029432686005748e+00,1.387207050956969923e+01,2.700000000000000178e+00
1.346255727923899026e-01,1.392461493241373915e+01,4.956651447557873347e+00,1.389345596627920187e+01,1.500029375043823165e+00,1.387207051601128782e+01,2.700000000000000178e+00
1.348255727923901026e-01,1.392461493816760409e+01,4.950859784041201195e+00,1.389346971133427289e+01,1.500029317686085051e+00,1.387207052243079097e+01,2.700000000000000178e+00
1.350255727923903026e-01,1.392461494390081711e+01,4.945081338083600286e+00,1.389348340505279289e+01,1.500029260604605952e+00,1.387207052882812874e+01,2.700000000000000178e+00
1.352255727923905027e-01,1.392461494961367485e+01,4.939316079518119906e+00,1.389349704768648586e+01,1.500029203803251221e+00,1.387207053520359423e+01,2.700000000000000178e+00
1.354255727923907027e-01,1.392461495530619509e+01,4.933563978251707560e+00,1.389351063948525855e+01,1.500029147276791264e+00,1.387207054155720698e+01,2.700000000000000178e+00
1.356255727923909027e-01,1.392461496097838136e+01,4.927825004258052033e+00,1.389352418069740480e+01,1.500029091024089212e+00,1.387207054788897942e+01,2.700000000000000178e+00
1.358255727923911027e-01,1.392461496663048059e+01,4.922099127576133881e+00,1.389353767156986841e+01,1.500029035044008197e+00,1.387207055419915847e+01,2.700000000000000178e+00
1.360255727923913027e-01,1.392461497226253186e+01,4.916386318323103133e+00,1.389355111234780082e+01,1.500028979334274482e+00,1.387207056048778497e+01,2.700000000000000178e+00
1.362255727923915027e-01,1.392461497787463820e+01,4.910686546676961584e+00,1.389356450327487558e+01,1.500028923894205946e+00,1.387207056675496730e+01,2.700000000000000178e+00
1.364255727923917028e-01,1.392461498346704296e+01,4.904999782883208148e+00,1.389357784459337886e+01,1.500028868719709862e+00,1.387207057300095769e+01,2.700000000000000178e+00
1.366255727923919028e-01,1.392461498903958805e+01,4.899325997259344589e+00,1.389359113654359845e+01,1.500028813812377848e+00,1.387207057922559272e+01,2.700000000000000178e+00
1.368255727923921028e-01,1.392461499459238006e+01,4.893665160185716623e+00,1.389360437936466397e+01,1.500028759166980308e+00,1.387207058542898785e+01,2.700000000000000178e+00
1.370255727923923028e-01,1.392461500012574760e+01,4.888017242112674410e+00,1.389361757329433367e+01,1.500028704786018352e+00,1.387207059161147349e+01,2.700000000000000178e+00
1.372255727923925028e-01,1.392461500563972443e+01,4.882382213558921435e+00,1.389363071856861787e+01,1.500028650664944507e+00,1.387207059777308693e+01,2.700000000000000178e+00
1.374255727923927028e-01,1.392461501113421996e+01,4.876760045108211372e+00,1.389364381542195659e+01,1.500028596799666047e+00,1.387207060391373759e+01,2.700000000000000178e+00
1.376255727923929029e-01,1.392461501660956458e+01,4.871150707416029846e+00,1.389365686408759970e+01,1.500028543194957820e+00,1.387207061003376118e+01,2.700000000000000178e+00
1.378255727923931029e-01,1.392461502206567125e+01,4.865554171199606870e+00,1.389366986479701360e+01,1.500028489845362856e+00,1.387207061613307602e+01,2.700000000000000178e+00
1.380255727923933029e-01,1.392461502750268743e+01,4.859970407242539814e+00,1.389368281778051895e+01,1.500028436748834793e+00,1.387207062221183307e+01,2.700000000000000178e+00
1.382255727923935029e-01,1.392461503292086356e+01,4.854399386401264671e+00,1.389369572326694424e+01,1.500028383906965246e+00,1.387207062827028281e+01,2.700000000000000178e+00
1.384255727923937029e-01,1.392461503832010195e+01,4.848841079592697945e+00,1.389370858148349264e+01,1.500028331314069874e+00,1.387207063430833820e+01,2.700000000000000178e+00
1.386255727923939030e-01,1.392461504370054470e+01,4.843295457803046489e+00,1.389372139265604744e+01,1.500028278971058171e+00,1.387207064032613602e+01,2.700000000000000178e+00
1.388255727923941030e-01,1.392461504906230374e+01,4.837762492088466537e+00,1.389373415700918102e+01,1.500028226875201653e+00,1.387207064632379527e+01,2.700000000000000178e+00
1.390255727923943030e-01,1.392461505440532221e+01,4.832242153557857911e+00,1.389374687476582615e+01,1.500028175025363453e+00,1.387207065230126268e+01,2.700000000000000178e+00
1.392255727923945030e-01,1.392461505972999980e+01,4.826734413399041301e+00,1.389375954614798303e+01,1.500028123422907811e+00,1.387207065825893970e+01,2.700000000000000178e+00
1.394255727923947030e-01,1.392461506503622459e+01,4.821239242861960150e+00,1.389377217137583820e+01,1.500028072063059881e+00,1.387207066419671619e+01,2.700000000000000178e+00
1.396255727923949030e-01,1.392461507032406409e+01,4.815756613259655872e+00,1.389378475066837559e+01,1.500028020942863805e+00,1.387207067011467210e+01,2.700000000000000178e+00
1.398255727923951031e-01,1.392461507559364975e+01,4.810286495975895527e+00,1.389379728424323623e+01,1.500027970063001703e+00,1.387207067601293353e+01,2.700000000000000178e+00
1.400255727923953031e-01,1.392461508084508814e+01,4.804828862454057159e+00,1.389380977231674485e+01,1.500027919422564082e+00,1.387207068189161063e+01,2.700000000000000178e+00
1.402255727923955031e-01,1.392461508607846277e+01,4.799383684205606571e+00,1.389382221510373938e+01,1.500027869021778315e+00,1.387207068775079577e+01,2.700000000000000178e+00
1.404255727923957031e-01,1.392461509129383401e+01,4.793950932809602605e+00,1.389383461281805587e+01,1.500027818853368444e+00,1.387207069359054756e+01,2.700000000000000178e+00
1.406255727923959031e-01,1.392461509649140794e+01,4.788530579899880735e+00,1.389384696567196897e+01,1.500027768920517701e+00,1.387207069941106852e+01,2.700000000000000178e+00
1.408255727923961032e-01,1.392461510167097138e+01,4.783122597187319691e+00,1.389385927387624520e+01,1.500027719220952349e+00,1.387207070521216679e+01,2.700000000000000178e+00
1.410255727923963032e-01,1.392461510683294712e+01,4.777726956440550232e+00,1.389387153764093519e+01,1.500027669753990267e+00,1.387207071099425448e+01,2.700000000000000178e+00
1.412255727923965032e-01,1.392461511197731738e+01,4.772343629494910644e+00,1.389388375717441271e+01,1.500027620516902971e+00,1.387207071675732273e+01,2.700000000000000178e+00
1.414255727923967032e-01,1.392461511710402711e+01,4.766972588247015530e+00,1.389389593268378142e+01,1.500027571505825108e+00,1.387207072250131290e+01,2.700000000000000178e+00
1.416255727923969032e-01,1.392461512221332676e+01,4.761613804661584126e+00,1.389390806437500636e+01,1.500027522725531526e+00,1.387207072822648435e+01,2.700000000000000178e+00
1.418255727923971032e-01,1.392461512730515594e+01,4.756267250766129884e+00,1.389392015245268830e+01,1.500027474169883135e+00,1.387207073393278023e+01,2.700000000000000178e+00
1.420255727923973033e-01,1.392461513237970294e+01,4.750932898649382174e+00,1.389393219712029648e+01,1.500027425839789430e+00,1.387207073962039594e+01,2.700000000000000178e+00
1.422255727923975033e-01,1.392461513743700863e+01,4.745610720467727361e+00,1.389394419858006913e+01,1.500027377731612432e+00,1.387207074528936701e+01,2.700000000000000178e+00
1.424255727923977033e-01,1.392461514247728971e+01,4.740300688435566734e+00,1.389395615703304543e+01,1.500027329846489010e+00,1.387207075093992081e+01,2.700000000000000178e+00
1.426255727923979033e-01,1.392461514750033125e+01,4.735002774838833695e+00,1.389396807267869072e+01,1.500027282180781185e+00,1.387207075657183530e+01,2.700000000000000178e+00
1.428255727923981033e-01,1.392461515250648318e+01,4.729716952016889131e+00,1.389397994571582728e+01,1.500027234736535320e+00,1.387207076218547996e+01,2.700000000000000178e+00
1.430255727923983033e-01,1.392461515749556611e+01,4.724443192382348222e+00,1.389399177634159521e+01,1.500027187506475457e+00,1.387207076778065762e+01,2.700000000000000178e+00
1.432255727923985034e-01,1.392461516246802056e+01,4.719181468402863899e+00,1.389400356475243647e+01,1.500027140495376443e+00,1.387207077335782834e+01,2.700000000000000178e+00
1.434255727923987034e-01,1.392461516742358540e+01,4.713931752613162551e+00,1.389401531114301669e+01,1.500027093700282421e+00,1.387207077891672569e+01,2.700000000000000178e+00
1.436255727923989034e-01,1.392461517236253954e+01,4.708694017604384108e+00,1.389402701570736554e+01,1.500027047119374402e+00,1.387207078445764274e+01,2.700000000000000178e+00
1.438255727923991034e-01,1.392461517728486520e+01,4.703468236043639727e+00,1.389403867863805075e+01,1.500027000750151274e+00,1.387207078998055465e+01,2.700000000000000178e+00
1.440255727923993034e-01,1.392461518219080396e+01,4.698254380648228867e+00,1.389405030012670395e+01,1.500026954594886774e+00,1.387207079548570299e+01,2.700000000000000178e+00
1.442255727923995035e-01,1.392461518708021728e+01,4.693052424200897299e+00,1.389406188036354095e+01,1.500026908646987067e+00,1.387207080097296519e+01,2.700000000000000178e+00
1.444255727923997035e-01,1.392461519195322417e+01,4.687862339548394708e+00,1.389407341953776864e+01,1.500026862908271141e+00,1.387207080644244961e+01,2.700000000000000178e+00
1.446255727923999035e-01,1.392461519680990278e+01,4.682684099595456395e+00,1.389408491783748367e+01,1.500026817379193744e+00,1.387207081189424862e+01,2.700000000000000178e+00
1.448255727924001035e-01,1.392461520165042543e+01,4.677517677312603261e+00,1.389409637544980747e+01,1.500026772055434776e+00,1.387207081732853098e+01,2.700000000000000178e+00
1.450255727924003035e-01,1.392461520647478679e+01,4.672363045730977937e+00,1.389410779256046524e+01,1.500026726938813226e+00,1.387207082274529490e+01,2.700000000000000178e+00
1.452255727924005035e-01,1.392461521128318402e+01,4.667220177939006120e+00,1.389411916935442726e+01,1.500026682024099500e+00,1.387207082814474468e+01,2.700000000000000178e+00
1.454255727924007036e-01,1.392461521607543240e+01,4.662089047089316374e+00,1.389413050601506505e+01,1.500026637312657840e+00,1.387207083352670089e+01,2.700000000000000178e+00
1.456255727924009036e-01,1.392461522085178593e+01,4.656969626412756469e+00,1.389414180272514443e+01,1.500026592803124004e+00,1.387207083889140691e+01,2.700000000000000178e+00
1.458255727924011036e-01,1.392461522561229614e+01,4.651861889171249764e+00,1.389415305966613801e+01,1.500026548494361123e+00,1.387207084423892667e+01,2.700000000000000178e+00
1.460255727924013036e-01,1.392461523035706250e+01,4.646765808706325274e+00,1.389416427701855028e+01,1.500026504385232329e+00,1.387207084956936498e+01,2.700000000000000178e+00
1.462255727924015036e-01,1.392461523508615784e+01,4.641681358415797654e+00,1.389417545496174888e+01,1.500026460475282875e+00,1.387207085488280356e+01,2.700000000000000178e+00
1.464255727924017036e-01,1.392461523979951465e+01,4.636608511756827866e+00,1.389418659367393616e+01,1.500026416760874781e+00,1.387207086017916247e+01,2.700000000000000178e+00
1.466255727924019037e-01,1.392461524449737453e+01,4.631547242249660634e+00,1.389419769333253640e+01,1.500026373243827038e+00,1.387207086545869039e+01,2.700000000000000178e+00
1.468255727924021037e-01,1.392461524917972326e+01,4.626497523472579587e+00,1.389420875411379086e+01,1.500026329919364798e+00,1.387207087072137668e+01,2.700000000000000178e+00
1.470255727924023037e-01,1.392461525384664789e+01,4.621459329068101418e+00,1.389421977619278614e+01,1.500026286790671293e+00,1.387207087596732791e+01,2.700000000000000178e+00
1.472255727924025037e-01,1.392461525849821236e+01,4.616432632733753927e+00,1.389423075974384325e+01,1.500026243852744301e+00,1.387207088119658849e+01,2.700000000000000178e+00
1.474255727924027037e-01,1.392461526313447351e+01,4.611417408231145210e+00,1.389424170494003263e+01,1.500026201107630186e+00,1.387207088640922592e+01,2.700000000000000178e+00
1.476255727924029038e-01,1.392461526775555392e+01,4.606413629376932661e+00,1.389425261195361472e+01,1.500026158552600464e+00,1.387207089160536277e+01,2.700000000000000178e+00
1.478255727924031038e-01,1.392461527236150509e+01,4.601421270055579882e+00,1.389426348095574681e+01,1.500026116186745639e+00,1.387207089678506655e+01,2.700000000000000178e+00
1.480255727924033038e-01,1.392461527695226309e+01,4.596440304205247074e+00,1.389427431211644937e+01,1.500026074008474097e+00,1.387207090194826264e+01,2.700000000000000178e+00
1.482255727924035038e-01,1.392461528152806771e+01,4.591470705822572995e+00,1.389428510560506780e+01,1.500026032017785838e+00,1.387207090709519974e+01,2.700000000000000178e+00
1.484255727924037038e-01,1.392461528608894206e+01,4.586512448968400157e+00,1.389429586158981067e+01,1.500025990211725002e+00,1.387207091222590627e+01,2.700000000000000178e+00
1.486255727924039038e-01,1.392461529063491632e+01,4.581565507756369726e+00,1.389430658023782428e+01,1.500025948591655833e+00,1.387207091734040887e+01,2.700000000000000178e+00
1.488255727924041039e-01,1.392461529516617169e+01,4.576629856368030325e+00,1.389431726171546266e+01,1.500025907157123584e+00,1.387207092243889406e+01,2.700000000000000178e+00
1.490255727924043039e-01,1.392461529968252698e+01,4.571705469035893366e+00,1.389432790618788260e+01,1.500025865903580780e+00,1.387207092752118776e+01,2.700000000000000178e+00
1.492255727924045039e-01,1.392461530418432503e+01,4.566792320051445309e+00,1.389433851381969909e+01,1.500025824830800047e+00,1.387207093258762747e+01,2.700000000000000178e+00
1.494255727924047039e-01,1.392461530867139530e+01,4.561890383772105650e+00,1.389434908477401187e+01,1.500025783941282498e+00,1.387207093763805155e+01,2.700000000000000178e+00
1.496255727924049039e-01,1.392461531314392964e+01,4.556999634608294159e+00,1.389435961921352636e+01,1.500025743228434294e+00,1.387207094267265539e+01,2.700000000000000178e+00
1.498255727924051040e-01,1.392461531760202575e+01,4.552120047026409821e+00,1.389437011729973293e+01,1.500025702696348162e+00,1.387207094769154203e+01,2.700000000000000178e+00
1.500255727924053040e-01,1.392461532204564989e+01,4.547251595557797899e+00,1.389438057919320890e+01,1.500025662341386123e+00,1.387207095269466706e+01,2.700000000000000178e+00
1.502255727924055040e-01,1.392461532647491573e+01,4.542394254786403351e+00,1.389439100505369673e+01,1.500025622163775552e+00,1.387207095768216014e+01,2.700000000000000178e+00
1.504255727924057040e-01,1.392461533088992987e+01,4.537547999357897766e+00,1.389440139504004890e+01,1.500025582159651094e+00,1.387207096265412787e+01,2.700000000000000178e+00
1.506255727924059040e-01,1.392461533529054840e+01,4.532712803974032312e+00,1.389441174930991707e+01,1.500025542331059114e+00,1.387207096761042990e+01,2.700000000000000178e+00
1.508255727924061040e-01,1.392461533967716925e+01,4.527888643394812895e+00,1.389442206802061186e+01,1.500025502677544864e+00,1.387207097255146060e+01,2.700000000000000178e+00
1.510255727924063041e-01,1.392461534404951884e+01,4.523075492435156164e+00,1.389443235132797838e+01,1.500025463193651376e+00,1.387207097747695883e+01,2.700000000000000178e+00
1.512255727924065041e-01,1.392461534840800397e+01,4.518273325971565946e+00,1.389444259938749227e+01,1.500025423883698750e+00,1.387207098238733138e+01,2.700000000000000178e+00
1.514255727924067041e-01,1.392461535275234930e+01,4.513482118937052867e+00,1.389445281235315122e+01,1.500025384745413248e+00,1.387207098728230115e+01,2.700000000000000178e+00
1.516255727924069041e-01,1.392461535708272713e+01,4.508701846318416528e+00,1.389446299037858168e+01,1.500025345773337904e+00,1.387207099216204398e+01,2.700000000000000178e+00
1.518255727924071041e-01,1.392461536139932043e+01,4.503932483163008094e+00,1.389447313361644909e+01,1.500025306973611805e+00,1.387207099702675528e+01,2.700000000000000178e+00
1.520255727924073041e-01,1.392461536570202796e+01,4.499174004572773278e+00,1.389448324221836195e+01,1.500025268339641116e+00,1.387207100187633024e+01,2.700000000000000178e+00
1.522255727924075042e-01,1.392461536999100069e+01,4.494426385710225347e+00,1.389449331633527862e+01,1.500025229873244825e+00,1.387207100671091808e+01,2.700000000000000178e+00
1.524255727924077042e-01,1.392461537426632567e+01,4.489689601791504003e+00,1.389450335611723020e+01,1.500025191573286065e+00,1.387207101153060940e+01,2.700000000000000178e+00
1.526255727924079042e-01,1.392461537852801534e+01,4.484963628090899768e+00,1.389451336171340579e+01,1.500025153436808978e+00,1.387207101633542905e+01,2.700000000000000178e+00
1.528255727924081042e-01,1.392461538277606969e+01,4.480248439939358285e+00,1.389452333327201927e+01,1.500025115466314674e+00,1.387207102112536283e+01,2.700000000000000178e+00
1.530255727924083042e-01,1.392461538701058288e+01,4.475544012714903097e+00,1.389453327094073032e+01,1.500025077657255679e+00,1.387207102590052976e+01,2.700000000000000178e+00
1.532255727924085043e-01,1.392461539123168279e+01,4.470850321866871369e+00,1.389454317486621449e+01,1.500025040011678357e+00,1.387207103066103997e+01,2.700000000000000178e+00
1.534255727924087043e-01,1.392461539543944760e+01,4.466167342890627445e+00,1.389455304519441547e+01,1.500025002527991091e+00,1.387207103540699116e+01,2.700000000000000178e+00
1.536255727924089043e-01,1.392461539963372452e+01,4.461495051342535767e+00,1.389456288207015433e+01,1.500024965203920146e+00,1.387207104013822878e+01,2.700000000000000178e+00
1.538255727924091043e-01,1.392461540381476937e+01,4.456833422829736158e+00,1.389457268563796077e+01,1.500024928038328653e+00,1.387207104485500331e+01,2.700000000000000178e+00
1.540255727924093043e-01,1.392461540798253772e+01,4.452182433018935015e+00,1.389458245604105890e+01,1.500024891034172470e+00,1.387207104955727743e+01,2.700000000000000178e+00
1.542255727924095043e-01,1.392461541213715570e+01,4.447542057633049772e+00,1.389459219342225893e+01,1.500024854187586243e+00,1.387207105424518261e+01,2.700000000000000178e+00
1.544255727924097044e-01,1.392461541627869792e+01,4.442912272447636646e+00,1.389460189792345446e+01,1.500024817494477247e+00,1.387207105891879699e+01,2.700000000000000178e+00
1.546255727924099044e-01,1.392461542040713596e+01,4.438293053295292445e+00,1.389461156968555855e+01,1.500024780961666693e+00,1.387207106357809039e+01,2.700000000000000178e+00
1.548255727924101044e-01,1.392461542452252310e+01,4.433684376061807875e+00,1.389462120884896379e+01,1.500024744580969127e+00,1.387207106822311253e+01,2.700000000000000178e+00
1.550255727924103044e-01,1.392461542862490553e+01,4.429086216688921773e+00,1.389463081555310175e+01,1.500024708356022529e+00,1.387207107285393448e+01,2.700000000000000178e+00
1.552255727924105044e-01,1.392461543271442714e+01,4.424498551173433825e+00,1.389464038993687645e+01,1.500024672284098415e+00,1.387207107747068591e+01,2.700000000000000178e+00
1.554255727924107044e-01,1.392461543679127622e+01,4.419921355564172316e+00,1.389464993213837118e+01,1.500024636366561026e+00,1.387207108207356221e+01,2.700000000000000178e+00
1.556255727924109045e-01,1.392461544085498204e+01,4.415354605973610624e+00,1.389465944229431571e+01,1.500024600599090263e+00,1.387207108666208732e+01,2.700000000000000178e+00
1.558255727924111045e-01,1.392461544490615211e+01,4.410798278557950702e+00,1.389466892054172398e+01,1.500024564982368247e+00,1.387207109123688120e+01,2.700000000000000178e+00
1.560255727924113045e-01,1.392461544894466208e+01,4.406252349534710788e+00,1.389467836701613912e+01,1.500024529519350835e+00,1.387207109579782127e+01,2.700000000000000178e+00
1.562255727924115045e-01,1.392461545297036452e+01,4.401716795173298280e+00,1.389468778185241682e+01,1.500024494200715708e+00,1.387207110034476010e+01,2.700000000000000178e+00
1.564255727924117045e-01,1.392461545698369463e+01,4.397191591797698251e+00,1.389469716518506104e+01,1.500024459034648316e+00,1.387207110487814354e+01,2.700000000000000178e+00
1.566255727924119046e-01,1.392461546098428471e+01,4.392676715785182040e+00,1.389470651714725413e+01,1.500024424014782198e+00,1.387207110939759147e+01,2.700000000000000178e+00
1.568255727924121046e-01,1.392461546497250247e+01,4.388172143567459216e+00,1.389471583787207365e+01,1.500024389141799475e+00,1.387207111390348580e+01,2.700000000000000178e+00
1.570255727924123046e-01,1.392461546894837099e+01,4.383677851628486444e+00,1.389472512749153665e+01,1.500024354416382266e+00,1.387207111839585139e+01,2.700000000000000178e+00
1.572255727924125046e-01,1.392461547291165580e+01,4.379193816507818582e+00,1.389473438613674894e+01,1.500024319834665221e+00,1.387207112287445021e+01,2.700000000000000178e+00
1.574255727924127046e-01,1.392461547686274770e+01,4.374720014798646694e+00,1.389474361393861734e+01,1.500024285398239954e+00,1.387207112733968550e+01,2.700000000000000178e+00
1.576255727924129046e-01,1.392461548080152411e+01,4.370256423145085556e+00,1.389475281102693671e+01,1.500024251104605355e+00,1.387207113179141871e+01,2.700000000000000178e+00
1.578255727924131047e-01,1.392461548472812005e+01,4.365803018248700873e+00,1.389476197753096898e+01,1.500024216956035161e+00,1.387207113622980970e+01,2.700000000000000178e+00
1.580255727924133047e-01,1.392461548864243781e+01,4.361359776861155169e+00,1.389477111357913941e+01,1.500024182947754525e+00,1.387207114065475544e+01,2.700000000000000178e+00
1.582255727924135047e-01,1.392461549254472430e+01,4.356926675786771064e+00,1.389478021929943274e+01,1.500024149081809810e+00,1.387207114506650107e+01,2.700000000000000178e+00
1.584255727924137047e-01,1.392461549643486407e+01,4.352503691885985404e+00,1.389478929481877323e+01,1.500024115357973642e+00,1.387207114946494357e+01,2.700000000000000178e+00
1.586255727924139047e-01,1.392461550031296014e+01,4.348090802068234062e+00,1.389479834026374405e+01,1.500024081772835416e+00,1.387207115385017708e+01,2.700000000000000178e+00
1.588255727924141048e-01,1.392461550417909244e+01,4.343687983297879640e+00,1.389480735576010773e+01,1.500024048326622506e+00,1.387207115822229042e+01,2.700000000000000178e+00
1.590255727924143048e-01,1.392461550803338888e+01,4.339295212595101425e+00,1.389481634143301036e+01,1.500024015020471779e+00,1.387207116258140616e+01,2.700000000000000178e+00
1.592255727924145048e-01,1.392461551187559365e+01,4.334912467021728055e+00,1.389482529740665129e+01,1.500023981849381016e+00,1.387207116692729159e+01,2.700000000000000178e+00
1.594255727924147048e-01,1.392461551570619349e+01,4.330539723705269850e+00,1.389483422380511435e+01,1.500023948818352437e+00,1.387207117126040679e+01,2.700000000000000178e+00
1.596255727924149048e-01,1.392461551952484200e+01,4.326176959815152934e+00,1.389484312075118488e+01,1.500023915921019579e+00,1.387207117558042846e+01,2.700000000000000178e+00
1.598255727924151048e-01,1.392461552333182517e+01,4.321824152579577749e+00,1.389485198836746527e+01,1.500023883161475169e+00,1.387207117988764793e+01,2.700000000000000178e+00
1.600255727924153049e-01,1.392461552712709150e+01,4.317481279274204553e+00,1.389486082677567858e+01,1.500023850538354964e+00,1.387207118418200302e+01,2.700000000000000178e+00
1.602255727924155049e-01,1.392461553091071558e+01,4.313148317228769457e+00,1.389486963609701675e+01,1.500023818045065127e+00,1.387207118846357723e+01,2.700000000000000178e+00
1.604255727924157049e-01,1.392461553468275781e+01,4.308825243824640161e+00,1.389487841645189903e+01,1.500023785688426869e+00,1.387207119273243450e+01,2.700000000000000178e+00
1.606255727924159049e-01,1.392461553844324840e+01,4.304512036494509530e+00,1.389488716796021350e+01,1.500023753463210596e+00,1.387207119698860502e+01,2.700000000000000178e+00
1.608255727924161049e-01,1.392461554219222464e+01,4.300208672722097170e+00,1.389489589074116260e+01,1.500023721368961560e+00,1.387207120123212079e+01,2.700000000000000178e+00
1.610255727924163049e-01,1.392461554592967587e+01,4.295915130045806052e+00,1.389490458491323288e+01,1.500023689407498750e+00,1.387207120546299421e+01,2.700000000000000178e+00
1.612255727924165050e-01,1.392461554965575310e+01,4.291631386053320618e+00,1.389491325059448812e+01,1.500023657576775804e+00,1.387207120968136387e+01,2.700000000000000178e+00
1.614255727924167050e-01,1.392461555337046342e+01,4.287357418377220952e+00,1.389492188790221228e+01,1.500023625875428479e+00,1.387207121388724751e+01,2.700000000000000178e+00
1.616255727924169050e-01,1.392461555707394361e+01,4.283093204708847246e+00,1.389493049695322924e+01,1.500023594303911523e+00,1.387207121808077126e+01,2.700000000000000178e+00
1.618255727924171050e-01,1.392461556076594142e+01,4.278838722785895499e+00,1.389493907786334326e+01,1.500023562859951198e+00,1.387207122226170242e+01,2.700000000000000178e+00
1.620255727924173050e-01,1.392461556444684234e+01,4.274593950403184017e+00,1.389494763074827866e+01,1.500023531546275990e+00,1.387207122643040869e+01,2.700000000000000178e+00
1.622255727924175051e-01,1.392461556811649537e+01,4.270358865400356585e+00,1.389495615572281473e+01,1.500023500357428929e+00,1.387207123058676750e+01,2.700000000000000178e+00
1.624255727924177051e-01,1.392461557177507814e+01,4.266133445670880597e+00,1.389496465290131511e+01,1.500023469297275369e+00,1.387207123473093695e+01,2.700000000000000178e+00
1.626255727924179051e-01,1.392461557542255335e+01,4.261917669153785226e+00,1.389497312239739202e+01,1.500023438361495209e+00,1.387207123886289750e+01,2.700000000000000178e+00
1.628255727924181051e-01,1.392461557905879133e+01,4.257711513847199036e+00,1.389498156432390452e+01,1.500023407550543197e+00,1.387207124298250349e+01,2.700000000000000178e+00
1.630255727924183051e-01,1.392461558268417932e+01,4.253514957788627981e+00,1.389498997879372411e+01,1.500023376864646707e+00,1.387207124709016526e+01,2.700000000000000178e+00
1.632255727924185051e-01,1.392461558629864271e+01,4.249327979074831063e+00,1.389499836591855342e+01,1.500023346304487859e+00,1.387207125118579221e+01,2.700000000000000178e+00
1.634255727924187052e-01,1.392461558990210158e+01,4.245150555845856211e+00,1.389500672580966700e+01,1.500023315866656048e+00,1.387207125526933282e+01,2.700000000000000178e+00
1.636255727924189052e-01,1.392461559349466960e+01,4.240982666299065507e+00,1.389501505857778341e+01,1.500023285551606023e+00,1.387207125934087060e+01,2.700000000000000178e+00
1.638255727924191052e-01,1.392461559707635566e+01,4.236824288672355721e+00,1.389502336433312024e+01,1.500023255357291418e+00,1.387207126340044105e+01,2.700000000000000178e+00
1.640255727924193052e-01,1.392461560064728410e+01,4.232675401259251124e+00,1.389503164318524320e+01,1.500023225285076478e+00,1.387207126744815788e+01,2.700000000000000178e+00
1.642255727924195052e-01,1.392461560420746203e+01,4.228535982404000748e+00,1.389503989524320637e+01,1.500023195332914838e+00,1.387207127148404595e+01,2.700000000000000178e+00
1.644255727924197052e-01,1.392461560775691964e+01,4.224406010494736741e+00,1.389504812061535866e+01,1.500023165503307609e+00,1.387207127550811414e+01,2.700000000000000178e+00
1.646255727924199053e-01,1.392461561129572445e+01,4.220285463976510165e+00,1.389505631940965102e+01,1.500023135793753681e+00,1.387207127952045127e+01,2.700000000000000178e+00
1.648255727924201053e-01,1.392461561482386756e+01,4.216174321335524944e+00,1.389506449173339142e+01,1.500023106200842449e+00,1.387207128352105201e+01,2.700000000000000178e+00
1.650255727924203053e-01,1.392461561834137740e+01,4.212072561112277569e+00,1.389507263769332646e+01,1.500023076726392901e+00,1.387207128750993412e+01,2.700000000000000178e+00
1.652255727924205053e-01,1.392461562184836232e+01,4.207980161895852333e+00,1.389508075739573911e+01,1.500023047369950291e+00,1.387207129148722196e+01,2.700000000000000178e+00
1.654255727924207053e-01,1.392461562534491648e+01,4.203897102321702661e+00,1.389508885094630664e+01,1.500023018132424113e+00,1.387207129545299367e+01,2.700000000000000178e+00
1.656255727924209054e-01,1.392461562883092796e+01,4.199823361074872530e+00,1.389509691845008987e+01,1.500022989010176389e+00,1.387207129940716754e+01,2.700000000000000178e+00
1.658255727924211054e-01,1.392461563230642163e+01,4.195758916890071077e+00,1.389510496001162565e+01,1.500022960002752370e+00,1.387207130334974181e+01,2.700000000000000178e+00
1.660255727924213054e-01,1.392461563577161066e+01,4.191703748552511044e+00,1.389511297573513637e+01,1.500022931110834179e+00,1.387207130728095272e+01,2.700000000000000178e+00
1.662255727924215054e-01,1.392461563922646484e+01,4.187657834889929376e+00,1.389512096572407707e+01,1.500022902334421815e+00,1.387207131120075765e+01,2.700000000000000178e+00
1.664255727924217054e-01,1.392461564267114582e+01,4.183621154781295814e+00,1.389512893008154570e+01,1.500022873673742652e+00,1.387207131510933777e+01,2.700000000000000178e+00
1.666255727924219054e-01,1.392461564610529123e+01,4.179593687154733672e+00,1.389513686890963662e+01,1.500022845124476589e+00,1.387207131900631296e+01,2.700000000000000178e+00
1.668255727924221055e-01,1.392461564952930431e+01,4.175575410987691249e+00,1.389514478231065020e+01,1.500022816688442617e+00,1.387207132289210776e+01,2.700000000000000178e+00
1.670255727924223055e-01,1.392461565294312997e+01,4.171566305302739863e+00,1.389515267038590451e+01,1.500022788364958615e+00,1.387207132676665644e+01,2.700000000000000178e+00
1.672255727924225055e-01,1.392461565634683396e+01,4.167566349170938267e+00,1.389516053323630906e+01,1.500022760155161450e+00,1.387207133063003539e+01,2.700000000000000178e+00
1.674255727924227055e-01,1.392461565974042337e+01,4.163575521712878924e+00,1.389516837096224045e+01,1.500022732054731023e+00,1.387207133448224994e+01,2.700000000000000178e+00
1.676255727924229055e-01,1.392461566312394972e+01,4.159593802093672466e+00,1.389517618366360985e+01,1.500022704066395818e+00,1.387207133832335515e+01,2.700000000000000178e+00
1.678255727924231056e-01,1.392461566649734372e+01,4.155621169529479353e+00,1.389518397143966055e+01,1.500022676188336845e+00,1.387207134215327997e+01,2.700000000000000178e+00
1.680255727924233056e-01,1.392461566986082211e+01,4.151657603282304265e+00,1.389519173438946886e+01,1.500022648417825621e+00,1.387207134597224645e+01,2.700000000000000178e+00
1.682255727924235056e-01,1.392461567321432803e+01,4.147703082660233243e+00,1.389519947261127975e+01,1.500022620758727498e+00,1.387207134978020839e+01,2.700000000000000178e+00
1.684255727924237056e-01,1.392461567655792187e+01,4.143757587021728028e+00,1.389520718620302020e+01,1.500022593206495003e+00,1.387207135357721910e+01,2.700000000000000178e+00
1.686255727924239056e-01,1.392461567989158944e+01,4.139821095771226922e+00,1.389521487526197596e+01,1.500022565764538740e+00,1.387207135736325903e+01,2.700000000000000178e+00
1.688255727924241056e-01,1.392461568321541243e+01,4.135893588354187855e+00,1.389522253988514144e+01,1.500022538428083863e+00,1.387207136113842942e+01,2.700000000000000178e+00
1.690255727924243057e-01,1.392461568652941928e+01,4.131975044271731790e+00,1.389523018016885736e+01,1.500022511198494612e+00,1.387207136490275339e+01,2.700000000000000178e+00
1.692255727924245057e-01,1.392461568983360287e+01,4.128065443068834384e+00,1.389523779620900967e+01,1.500022484075770990e+00,1.387207136865622381e+01,2.700000000000000178e+00
1.694255727924247057e-01,1.392461569312812841e+01,4.124164764331918143e+00,1.389524538810117882e+01,1.500022457059230874e+00,1.387207137239901122e+01,2.700000000000000178e+00
1.696255727924249057e-01,1.392461569641295149e+01,4.120272987704129086e+00,1.389525295594025067e+01,1.500022430146600527e+00,1.387207137613107300e+01,2.700000000000000178e+00
1.698255727924251057e-01,1.392461569968802770e+01,4.116390092867231232e+00,1.389526049982055689e+01,1.500022403339471566e+00,1.387207137985236649e+01,2.700000000000000178e+00
1.700255727924253057e-01,1.392461570295365014e+01,4.112516059551363234e+00,1.389526801983641491e+01,1.500022376638980859e+00,1.387207138356318836e+01,2.700000000000000178e+00
1.702255727924255058e-01,1.392461570620952749e+01,4.108650867534433537e+00,1.389527551608103195e+01,1.500022350040808305e+00,1.387207138726324551e+01,2.700000000000000178e+00
1.704255727924257058e-01,1.392461570945584803e+01,4.104794496638323409e+00,1.389528298864765610e+01,1.500022323542680169e+00,1.387207139095274222e+01,2.700000000000000178e+00
1.706255727924259058e-01,1.392461571269268639e+01,4.100946926731620756e+00,1.389529043762884264e+01,1.500022297151872408e+00,1.387207139463173355e+01,2.700000000000000178e+00
1.708255727924261058e-01,1.392461571592001057e+01,4.097108137727341060e+00,1.389529786311674187e+01,1.500022270861791185e+00,1.387207139830020886e+01,2.700000000000000178e+00
1.710255727924263058e-01,1.392461571913788987e+01,4.093278109588494473e+00,1.389530526520307063e+01,1.500022244674710237e+00,1.387207140195823030e+01,2.700000000000000178e+00
1.712255727924265059e-01,1.392461572234633316e+01,4.089456822325423957e+00,1.389531264397906440e+01,1.500022218584717848e+00,1.387207140560580854e+01,2.700000000000000178e+00
1.714255727924267059e-01,1.392461572554545057e+01,4.085644255978222006e+00,1.389531999953551100e+01,1.500022192599544724e+00,1.387207140924305726e+01,2.700000000000000178e+00
1.716255727924269059e-01,1.392461572873520481e+01,4.081840390655874451e+00,1.389532733196268488e+01,1.500022166713279148e+00,1.387207141286994982e+01,2.700000000000000178e+00
1.718255727924271059e-01,1.392461573191560298e+01,4.078045206495886532e+00,1.389533464135047680e+01,1.500022140925921121e+00,1.387207141648648800e+01,2.700000000000000178e+00
1.720255727924273059e-01,1.392461573508675876e+01,4.074258683686092120e+00,1.389534192778842225e+01,1.500022115237698017e+00,1.387207142009278193e+01,2.700000000000000178e+00
1.722255727924275059e-01,1.392461573824871479e+01,4.070480802463524839e+00,1.389534919136541546e+01,1.500022089650656199e+00,1.387207142368887958e+01,2.700000000000000178e+00
1.724255727924277060e-01,1.392461574140135028e+01,4.066711543103704862e+00,1.389535643216994565e+01,1.500022064160930313e+00,1.387207142727467790e+01,2.700000000000000178e+00
1.726255727924279060e-01,1.392461574454488193e+01,4.062950885932037792e+00,1.389536365029035814e+01,1.500022038766701371e+00,1.387207143085037586e+01,2.700000000000000178e+00
1.728255727924281060e-01,1.392461574767927246e+01,4.059198811314721489e+00,1.389537084581417048e+01,1.500022013472744220e+00,1.387207143441595214e+01,2.700000000000000178e+00
1.730255727924283060e-01,1.392461575080448988e+01,4.055455299667135804e+00,1.389537801882864443e+01,1.500021988273829265e+00,1.387207143797136766e+01,2.700000000000000178e+00
1.732255727924285060e-01,1.392461575392075090e+01,4.051720331447055123e+00,1.389538516942076107e+01,1.500021963172684991e+00,1.387207144151684091e+01,2.700000000000000178e+00
1.734255727924287060e-01,1.392461575702782639e+01,4.047993887155108439e+00,1.389539229767669326e+01,1.500021938165446045e+00,1.387207144505214984e+01,2.700000000000000178e+00
1.736255727924289061e-01,1.392461576012598456e+01,4.044275947339457389e+00,1.389539940368266535e+01,1.500021913254158790e+00,1.387207144857757335e+01,2.700000000000000178e+00
1.738255727924291061e-01,1.392461576321515082e+01,4.040566492591797676e+00,1.389540648752403840e+01,1.500021888441096962e+00,1.387207145209301906e+01,2.700000000000000178e+00
1.740255727924293061e-01,1.392461576629536779e+01,4.036865503546975376e+00,1.389541354928608818e+01,1.500021863718757231e+00,1.387207145559855093e+01,2.700000000000000178e+00
1.742255727924295061e-01,1.392461576936666567e+01,4.033172960885937464e+00,1.389542058905347588e+01,1.500021839092596565e+00,1.387207145909418493e+01,2.700000000000000178e+00
1.744255727924297061e-01,1.392461577242907467e+01,4.029488845332399372e+00,1.389542760691055534e+01,1.500021814558294864e+00,1.387207146257996548e+01,2.700000000000000178e+00
1.746255727924299062e-01,1.392461577548265872e+01,4.025813137655449125e+00,1.389543460294120791e+01,1.500021790119262732e+00,1.387207146605595298e+01,2.700000000000000178e+00
1.748255727924301062e-01,1.392461577852737875e+01,4.022145818664959016e+00,1.389544157722891171e+01,1.500021765770497950e+00,1.387207146952211367e+01,2.700000000000000178e+00
1.750255727924303062e-01,1.392461578156337687e+01,4.018486869219228375e+00,1.389544852985680734e+01,1.500021741517230112e+00,1.387207147297858612e+01,2.700000000000000178e+00
1.752255727924305062e-01,1.392461578459068505e+01,4.014836270212537528e+00,1.389545546090768191e+01,1.500021717353774875e+00,1.387207147642541827e+01,2.700000000000000178e+00
1.754255727924307062e-01,1.392461578760917362e+01,4.011194002592387342e+00,1.389546237046360311e+01,1.500021693281496482e+00,1.387207147986246447e+01,2.700000000000000178e+00
1.756255727924309062e-01,1.392461579061899890e+01,4.007560047341844012e+00,1.389546925860661197e+01,1.500021669299712812e+00,1.387207148328989703e+01,2.700000000000000178e+00
1.758255727924311063e-01,1.392461579362013602e+01,4.003934385493969295e+00,1.389547612541813315e+01,1.500021645408878612e+00,1.387207148670768575e+01,2.700000000000000178e+00
1.760255727924313063e-01,1.392461579661262228e+01,4.000316998120394096e+00,1.389548297097926621e+01,1.500021621608311762e+00,1.387207149011587504e+01,2.700000000000000178e+00
1.762255727924315063e-01,1.392461579959653939e+01,3.996707866338280901e+00,1.389548979537078033e+01,1.500021597898921755e+00,1.387207149351454660e+01,2.700000000000000178e+00
1.764255727924317063e-01,1.392461580257191223e+01,3.993106971306728870e+00,1.389549659867304676e+01,1.500021574275478997e+00,1.387207149690371999e+01,2.700000000000000178e+00
1.766255727924319063e-01,1.392461580553868217e+01,3.989514294226840008e+00,1.389550338096586124e+01,1.500021550741848841e+00,1.387207150028335079e+01,2.700000000000000178e+00
1.768255727924321064e-01,1.392461580849706237e+01,3.985929816346156951e+00,1.389551014232895199e+01,1.500021527297803914e+00,1.387207150365365038e+01,2.700000000000000178e+00
1.770255727924323064e-01,1.392461581144702798e+01,3.982353518956825766e+00,1.389551688284144326e+01,1.500021503942889467e+00,1.387207150701459923e+01,2.700000000000000178e+00
1.772255727924325064e-01,1.392461581438840312e+01,3.978785383376027163e+00,1.389552360258199393e+01,1.500021480672330654e+00,1.387207151036601260e+01,2.700000000000000178e+00
1.774255727924327064e-01,1.392461581732137965e+01,3.975225390986143914e+00,1.389553030162911007e+01,1.500021457490902321e+00,1.387207151370809299e+01,2.700000000000000178e+00
1.776255727924329064e-01,1.392461582024600730e+01,3.971673523202828626e+00,1.389553698006089277e+01,1.500021434395648612e+00,1.387207151704089014e+01,2.700000000000000178e+00
1.778255727924331064e-01,1.392461582316225233e+01,3.968129761483981000e+00,1.389554363795490310e+01,1.500021411387024273e+00,1.387207152036437741e+01,2.700000000000000178e+00
1.780255727924333065e-01,1.392461582607023196e+01,3.964594087330101768e+00,1.389555027538858489e+01,1.500021388463437688e+00,1.387207152367866847e+01,2.700000000000000178e+00
1.782255727924335065e-01,1.392461582896986982e+01,3.961066482284505419e+00,1.389555689243873005e+01,1.500021365625570979e+00,1.387207152698369050e+01,2.700000000000000178e+00
1.784255727924337065e-01,1.392461583186123342e+01,3.957546927931273828e+00,1.389556348918194573e+01,1.500021342873878893e+00,1.387207153027950213e+01,2.700000000000000178e+00
1.786255727924339065e-01,1.392461583474438669e+01,3.954035405898327138e+00,1.389557006569450159e+01,1.500021320205632946e+00,1.387207153356619038e+01,2.700000000000000178e+00
1.788255727924341065e-01,1.392461583761932431e+01,3.950531897853312824e+00,1.389557662205215038e+01,1.500021297622424754e+00,1.387207153684374461e+01,2.700000000000000178e+00
1.790255727924343065e-01,1.392461584048607826e+01,3.947036385506976330e+00,1.389558315833044766e+01,1.500021275121071085e+00,1.387207154011219501e+01,2.700000000000000178e+00
1.792255727924345066e-01,1.392461584334472136e+01,3.943548850613353363e+00,1.389558967460446581e+01,1.500021252706346786e+00,1.387207154337161086e+01,2.700000000000000178e+00
1.794255727924347066e-01,1.392461584619528558e+01,3.940069274963810209e+00,1.389559617094910138e+01,1.500021230373022263e+00,1.387207154662203301e+01,2.700000000000000178e+00
1.796255727924349066e-01,1.392461584903761818e+01,3.936597640397849318e+00,1.389560264743850659e+01,1.500021208122461758e+00,1.387207154986331936e+01,2.700000000000000178e+00
1.798255727924351066e-01,1.392461585187196604e+01,3.933133928791074929e+00,1.389560910414700956e+01,1.500021185952164160e+00,1.387207155309570616e+01,2.700000000000000178e+00
1.800255727924353066e-01,1.392461585469822438e+01,3.929678122058941625e+00,1.389561554114813369e+01,1.500021163867131690e+00,1.387207155631909572e+01,2.700000000000000178e+00
1.802255727924355067e-01,1.392461585751656372e+01,3.926230202165220451e+00,1.389562195851544324e+01,1.500021141862134755e+00,1.387207155953365678e+01,2.700000000000000178e+00
1.804255727924357067e-01,1.392461586032686682e+01,3.922790151110556067e+00,1.389562835632180260e+01,1.500021119938764969e+00,1.387207156273927922e+01,2.700000000000000178e+00
1.806255727924359067e-01,1.392461586312925625e+01,3.919357950933691992e+00,1.389563473463996068e+01,1.500021098097477079e+00,1.387207156593608737e+01,2.700000000000000178e+00
1.808255727924361067e-01,1.392461586592366984e+01,3.915933583720038413e+00,1.389564109354225074e+01,1.500021076333723613e+00,1.387207156912401906e+01,2.700000000000000178e+00
1.810255727924363067e-01,1.392461586871029056e+01,3.912517031592995131e+00,1.389564743310075912e+01,1.500021054651597296e+00,1.387207157230325549e+01,2.700000000000000178e+00
1.812255727924365067e-01,1.392461587148892299e+01,3.909108276716787511e+00,1.389565375338696285e+01,1.500021033048597019e+00,1.387207157547361014e+01,2.700000000000000178e+00
1.814255727924367068e-01,1.392461587425986203e+01,3.905707301299132350e+00,1.389566005447242425e+01,1.500021011526996517e+00,1.387207157863537965e+01,2.700000000000000178e+00
1.816255727924369068e-01,1.392461587702282522e+01,3.902314087583513835e+00,1.389566633642788851e+01,1.500020990081111449e+00,1.387207158178827981e+01,2.700000000000000178e+00
1.818255727924371068e-01,1.392461587977805415e+01,3.898928617856042500e+00,1.389567259932420740e+01,1.500020968715489289e+00,1.387207158493255399e+01,2.700000000000000178e+00
1.820255727924373068e-01,1.392461588252552573e+01,3.895550874445514733e+00,1.389567884323167135e+01,1.500020947427628926e+00,1.387207158806818796e+01,2.700000000000000178e+00
1.822255727924375068e-01,1.392461588526529148e+01,3.892180839716886886e+00,1.389568506822033633e+01,1.500020926216393491e+00,1.387207159119521904e+01,2.700000000000000178e+00
1.824255727924377068e-01,1.392461588799733185e+01,3.888818496080452380e+00,1.389569127435978224e+01,1.500020905084966216e+00,1.387207159431365078e+01,2.700000000000000178e+00
1.826255727924379069e-01,1.392461589072166639e+01,3.885463825981516628e+00,1.389569746171942910e+01,1.500020884029709123e+00,1.387207159742349027e+01,2.700000000000000178e+00
1.828255727924381069e-01,1.392461589343836081e+01,3.882116811907997178e+00,1.389570363036830614e+01,1.500020863051759079e+00,1.387207160052481036e+01,2.700000000000000178e+00
1.830255727924383069e-01,1.392461589614750750e+01,3.878777436391379396e+00,1.389570978037527205e+01,1.500020842148160227e+00,1.387207160361771052e+01,2.700000000000000178e+00
1.832255727924385069e-01,1.392461589884897499e+01,3.875445681989379665e+00,1.389571591180851406e+01,1.500020821322777920e+00,1.387207160670204686e+01,2.700000000000000178e+00
1.834255727924387069e-01,1.392461590154292139e+01,3.872121531319292487e+00,1.389572202473627094e+01,1.500020800573565793e+00,1.387207160977798814e+01,2.700000000000000178e+00
1.836255727924389070e-01,1.392461590422927564e+01,3.868804967026541419e+00,1.389572811922623785e+01,1.500020779897340617e+00,1.387207161284547396e+01,2.700000000000000178e+00
1.838255727924391070e-01,1.392461590690807860e+01,3.865495971794595587e+00,1.389573419534585241e+01,1.500020759296603501e+00,1.387207161590453630e+01,2.700000000000000178e+00
1.840255727924393070e-01,1.392461590957937645e+01,3.862194528352120848e+00,1.389574025316230532e+01,1.500020738771581819e+00,1.387207161895522667e+01,2.700000000000000178e+00
1.842255727924395070e-01,1.392461591224330242e+01,3.858900619463209392e+00,1.389574629274255457e+01,1.500020718321138702e+00,1.387207162199766941e+01,2.700000000000000178e+00
1.844255727924397070e-01,1.392461591489970019e+01,3.855614227932191884e+00,1.389575231415295420e+01,1.500020697943227788e+00,1.387207162503172597e+01,2.700000000000000178e+00
1.846255727924399070e-01,1.392461591754873140e+01,3.852335336604074456e+00,1.389575831745985290e+01,1.500020677639895439e+00,1.387207162805754912e+01,2.700000000000000178e+00
1.848255727924401071e-01,1.392461592019039429e+01,3.849063928361805331e+00,1.389576430272916419e+01,1.500020657410914282e+00,1.387207163107515484e+01,2.700000000000000178e+00
1.850255727924403071e-01,1.392461592282457339e+01,3.845799986128577874e+00,1.389577027002640364e+01,1.500020637252646338e+00,1.387207163408441346e+01,2.700000000000000178e+00
1.852255727924405071e-01,1.392461592545145699e+01,3.842543492863708554e+00,1.389577621941698560e+01,1.500020617168729586e+00,1.387207163708552038e+01,2.700000000000000178e+00
1.854255727924407071e-01,1.392461592807104864e+01,3.839294431568891053e+00,1.389578215096596914e+01,1.500020597156662916e+00,1.387207164007848093e+01,2.700000000000000178e+00
1.856255727924409071e-01,1.392461593068339276e+01,3.836052785282584754e+00,1.389578806473808115e+01,1.500020577217355822e+00,1.387207164306334128e+01,2.700000000000000178e+00
1.858255727924411072e-01,1.392461593328832947e+01,3.832818537082899990e+00,1.389579396079760798e+01,1.500020557348307193e+00,1.387207164603994514e+01,2.700000000000000178e+00
1.860255727924413072e-01,1.392461593588610214e+01,3.829591670085184862e+00,1.389579983920888751e+01,1.500020537550426525e+00,1.387207164900853051e+01,2.700000000000000178e+00
1.862255727924415072e-01,1.392461593847673562e+01,3.826372167444908268e+00,1.389580570003572113e+01,1.500020517827124422e+00,1.387207165196913650e+01,2.700000000000000178e+00
1.864255727924417072e-01,1.392461594106004341e+01,3.823160012356201065e+00,1.389581154334156743e+01,1.500020498169988059e+00,1.387207165492157479e+01,2.700000000000000178e+00
1.866255727924419072e-01,1.392461594363618715e+01,3.819955188047764683e+00,1.389581736918973220e+01,1.500020478585611272e+00,1.387207165786600171e+01,2.700000000000000178e+00
1.868255727924421072e-01,1.392461594620517928e+01,3.816757677791779546e+00,1.389582317764326191e+01,1.500020459069219214e+00,1.387207166080243503e+01,2.700000000000000178e+00
1.870255727924423073e-01,1.392461594876713349e+01,3.813567464895559311e+00,1.389582896876488860e+01,1.500020439623995117e+00,1.387207166373099376e+01,2.700000000000000178e+00
1.872255727924425073e-01,1.392461595132196983e+01,3.810384532706617478e+00,1.389583474261695351e+01,1.500020420250393727e+00,1.387207166665160507e+01,2.700000000000000178e+00
1.874255727924427073e-01,1.392461595386965811e+01,3.807208864607591892e+00,1.389584049926155096e+01,1.500020400943640198e+00,1.387207166956422277e+01,2.700000000000000178e+00
1.876255727924429073e-01,1.392461595641031202e+01,3.804040444021974832e+00,1.389584623876059233e+01,1.500020381706008266e+00,1.387207167246897122e+01,2.700000000000000178e+00
1.878255727924431073e-01,1.392461595894400972e+01,3.800879254407842023e+00,1.389585196117575272e+01,1.500020362535678942e+00,1.387207167536594632e+01,2.700000000000000178e+00
1.880255727924433073e-01,1.392461596147069436e+01,3.797725279265050435e+00,1.389585766656821875e+01,1.500020343434698589e+00,1.387207167825506993e+01,2.700000000000000178e+00
1.882255727924435074e-01,1.392461596399036772e+01,3.794578502126397801e+00,1.389586335499895853e+01,1.500020324402612459e+00,1.387207168113635802e+01,2.700000000000000178e+00
1.884255727924437074e-01,1.392461596650290012e+01,3.791438906566273470e+00,1.389586902652866129e+01,1.500020305435555201e+00,1.387207168400967383e+01,2.700000000000000178e+00
1.886255727924439074e-01,1.392461596900873388e+01,3.788306476194573058e+00,1.389587468121811753e+01,1.500020286538301661e+00,1.387207168687547387e+01,2.700000000000000178e+00
1.888255727924441074e-01,1.392461597150757946e+01,3.785181194659331005e+00,1.389588031912729349e+01,1.500020267706304367e+00,1.387207168973346505e+01,2.700000000000000178e+00
1.890255727924443074e-01,1.392461597399957363e+01,3.782063045645867927e+00,1.389588594031620161e+01,1.500020248943428669e+00,1.387207169258377348e+01,2.700000000000000178e+00
1.892255727924445075e-01,1.392461597648472349e+01,3.778952012875963273e+00,1.389589154484451861e+01,1.500020230245127095e+00,1.387207169542643292e+01,2.700000000000000178e+00
1.894255727924447075e-01,1.392461597896300063e+01,3.775848080108528126e+00,1.389589713277160321e+01,1.500020211612991261e+00,1.387207169826139719e+01,2.700000000000000178e+00
1.896255727924449075e-01,1.392461598143439971e+01,3.772751231142622341e+00,1.389590270415650330e+01,1.500020193048385408e+00,1.387207170108867160e+01,2.700000000000000178e+00
1.898255727924451075e-01,1.392461598389898825e+01,3.769661449808221043e+00,1.389590825905821880e+01,1.500020174546079943e+00,1.387207170390832900e+01,2.700000000000000178e+00
1.900255727924453075e-01,1.392461598635687814e+01,3.766578719981186207e+00,1.389591379753538547e+01,1.500020156111304459e+00,1.387207170672046352e+01,2.700000000000000178e+00
1.902255727924455075e-01,1.392461598880804274e+01,3.763503025560085202e+00,1.389591931964632820e+01,1.500020137741557846e+00,1.387207170952507695e+01,2.700000000000000178e+00
1.904255727924457076e-01,1.392461599125238614e+01,3.760434350497067868e+00,1.389592482544903795e+01,1.500020119434793742e+00,1.387207171232205738e+01,2.700000000000000178e+00
1.906255727924459076e-01,1.392461599368999359e+01,3.757372678769054897e+00,1.389593031500139375e+01,1.500020101192149014e+00,1.387207171511149717e+01,2.700000000000000178e+00
1.908255727924461076e-01,1.392461599612102319e+01,3.754317994393134406e+00,1.389593578836109344e+01,1.500020083016579520e+00,1.387207171789354909e+01,2.700000000000000178e+00
1.910255727924463076e-01,1.392461599854529553e+01,3.751270281423918718e+00,1.389594124558527533e+01,1.500020064902400918e+00,1.387207172066805150e+01,2.700000000000000178e+00
1.912255727924465076e-01,1.392461600096298469e+01,3.748229523951307929e+00,1.389594668673113276e+01,1.500020046853933309e+00,1.387207172343517136e+01,2.700000000000000178e+00
1.914255727924467076e-01,1.392461600337401251e+01,3.745195706100614697e+00,1.389595211185543278e+01,1.500020028865947097e+00,1.387207172619482876e+01,2.700000000000000178e+00
1.916255727924469077e-01,1.392461600577850689e+01,3.742168812035147951e+00,1.389595752101480564e+01,1.500020010943217130e+00,1.387207172894715868e+01,2.700000000000000178e+00
1.918255727924471077e-01,1.392461600817640388e+01,3.739148825953606092e+00,1.389596291426547481e+01,1.500019993083242298e+00,1.387207173169209540e+01,2.700000000000000178e+00
1.920255727924473077e-01,1.392461601056771947e+01,3.736135732089788331e+00,1.389596829166355363e+01,1.500019975284430984e+00,1.387207173442966202e+01,2.700000000000000178e+00
1.922255727924475077e-01,1.392461601295251405e+01,3.733129514715482600e+00,1.389597365326488188e+01,1.500019957547465310e+00,1.387207173715991892e+01,2.700000000000000178e+00
1.924255727924477077e-01,1.392461601533073434e+01,3.730130158138269536e+00,1.389597899912492096e+01,1.500019939873709518e+00,1.387207173988280928e+01,2.700000000000000178e+00
1.926255727924479078e-01,1.392461601770256152e+01,3.727137646699747453e+00,1.389598432929921401e+01,1.500019922260662497e+00,1.387207174259851961e+01,2.700000000000000178e+00
1.928255727924481078e-01,1.392461602006792809e+01,3.724151964775810342e+00,1.389598964384271440e+01,1.500019904710370611e+00,1.387207174530698239e+01,2.700000000000000178e+00
1.930255727924483078e-01,1.392461602242672747e+01,3.721173096784167189e+00,1.389599494281019609e+01,1.500019887219423254e+00,1.387207174800809995e+01,2.700000000000000178e+00
1.932255727924485078e-01,1.392461602477917992e+01,3.718201027172149509e+00,1.389600022625643838e+01,1.500019869788729920e+00,1.387207175070208720e+01,2.700000000000000178e+00
1.934255727924487078e-01,1.392461602712519664e+01,3.715235740423885158e+00,1.389600549423570186e+01,1.500019852419654853e+00,1.387207175338885357e+01,2.700000000000000178e+00
1.936255727924489078e-01,1.392461602946476873e+01,3.712277221061230481e+00,1.389601074680208725e+01,1.500019835110379063e+00,1.387207175606840437e+01,2.700000000000000178e+00
1.938255727924491079e-01,1.392461603179805074e+01,3.709325453639181092e+00,1.389601598400961180e+01,1.500019817862721538e+00,1.387207175874088527e+01,2.700000000000000178e+00
1.940255727924493079e-01,1.392461603412502136e+01,3.706380422746286207e+00,1.389602120591191081e+01,1.500019800674181170e+00,1.387207176140628384e+01,2.700000000000000178e+00
1.942255727924495079e-01,1.392461603644558465e+01,3.703442113013401649e+00,1.389602641256228921e+01,1.500019783544530583e+00,1.387207176406449882e+01,2.700000000000000178e+00
1.944255727924497079e-01,1.392461603875993248e+01,3.700510509098513978e+00,1.389603160401413184e+01,1.500019766473769778e+00,1.387207176671572917e+01,2.700000000000000178e+00
1.946255727924499079e-01,1.392461604106797068e+01,3.697585595698444916e+00,1.389603678032026046e+01,1.500019749462808250e+00,1.387207176935988429e+01,2.700000000000000178e+00
1.948255727924501080e-01,1.392461604336965308e+01,3.694667357544448638e+00,1.389604194153336181e+01,1.500019732510736503e+00,1.387207177199691799e+01,2.700000000000000178e+00
1.950255727924503080e-01,1.392461604566518041e+01,3.691755779401741488e+00,1.389604708770609065e+01,1.500019715618918781e+00,1.387207177462702568e+01,2.700000000000000178e+00
1.952255727924505080e-01,1.392461604795449226e+01,3.688850846070792500e+00,1.389605221889073938e+01,1.500019698780988620e+00,1.387207177725015406e+01,2.700000000000000178e+00
1.954255727924507080e-01,1.392461605023760818e+01,3.685952542385753983e+00,1.389605733513925756e+01,1.500019682003767230e+00,1.387207177986632622e+01,2.700000000000000178e+00
1.956255727924509080e-01,1.392461605251448731e+01,3.683060853220863073e+00,1.389606243650343131e+01,1.500019665283161885e+00,1.387207178247550132e+01,2.700000000000000178e+00
1.958255727924511080e-01,1.392461605478515274e+01,3.680175763477380624e+00,1.389606752303491533e+01,1.500019648620764201e+00,1.387207178507770422e+01,2.700000000000000178e+00
1.960255727924513081e-01,1.392461605704977323e+01,3.677297258095324928e+00,1.389607259478518131e+01,1.500019632014982562e+00,1.387207178767310722e+01,2.700000000000000178e+00
1.962255727924515081e-01,1.392461605930832391e+01,3.674425322045275166e+00,1.389607765180537591e+01,1.500019615466953837e+00,1.387207179026168369e+01,2.700000000000000178e+00
1.964255727924517081e-01,1.392461606156070886e+01,3.671559940336983185e+00,1.389608269414629937e+01,1.500019598978269642e+00,1.387207179284333947e+01,2.700000000000000178e+00
1.966255727924519081e-01,1.392461606380690675e+01,3.668701098013952944e+00,1.389608772185868268e+01,1.500019582542108765e+00,1.387207179541806212e+01,2.700000000000000178e+00
1.968255727924521081e-01,1.392461606604709878e+01,3.665848780149683073e+00,1.389609273499314490e+01,1.500019566163246054e+00,1.387207179798602574e+01,2.700000000000000178e+00
1.970255727924523081e-01,1.392461606828127252e+01,3.663002971854419698e+00,1.389609773359995692e+01,1.500019549839862520e+00,1.387207180054722144e+01,2.700000000000000178e+00
1.972255727924525082e-01,1.392461607050942973e+01,3.660163658273338338e+00,1.389610271772920669e+01,1.500019533572412911e+00,1.387207180310165455e+01,2.700000000000000178e+00
1.974255727924527082e-01,1.392461607273161661e+01,3.657330824582656792e+00,1.389610768743069436e+01,1.500019517362034094e+00,1.387207180564937303e+01,2.700000000000000178e+00
1.976255727924529082e-01,1.392461607494779585e+01,3.654504455996967494e+00,1.389611264275405667e+01,1.500019501206679706e+00,1.387207180819034669e+01,2.700000000000000178e+00
1.978255727924531082e-01,1.392461607715791594e+01,3.651684537755297111e+00,1.389611758374863903e+01,1.500019485107713990e+00,1.387207181072451156e+01,2.700000000000000178e+00
1.980255727924533082e-01,1.392461607936214207e+01,3.648871055151192255e+00,1.389612251046386859e+01,1.500019469059679977e+00,1.387207181325204353e+01,2.700000000000000178e+00
1.982255727924535083e-01,1.392461608156035879e+01,3.646063993486523547e+00,1.389612742294854009e+01,1.500019453069398878e+00,1.387207181577283066e+01,2.700000000000000178e+00
1.984255727924537083e-01,1.392461608375278459e+01,3.643263338100564575e+00,1.389613232125173603e+01,1.500019437130731603e+00,1.387207181828709679e+01,2.700000000000000178e+00
1.986255727924539083e-01,1.392461608593927913e+01,3.640469074383207992e+00,1.389613720542180175e+01,1.500019421249135121e+00,1.387207182079468204e+01,2.700000000000000178e+00
1.988255727924541083e-01,1.392461608811993834e+01,3.637681187744236766e+00,1.389614207550726732e+01,1.500019405421880947e+00,1.387207182329571076e+01,2.700000000000000178e+00
1.990255727924543083e-01,1.392461609029460234e+01,3.634899663631789846e+00,1.389614693155612279e+01,1.500019389644876355e+00,1.387207182579001419e+01,2.700000000000000178e+00
1.992255727924545083e-01,1.392461609246363174e+01,3.632124487523418654e+00,1.389615177361669041e+01,1.500019373924033061e+00,1.387207182827795116e+01,2.700000000000000178e+00
1.994255727924547084e-01,1.392461609462671035e+01,3.629355644934351588e+00,1.389615660173640244e+01,1.500019358255713087e+00,1.387207183075920724e+01,2.700000000000000178e+00
1.996255727924549084e-01,1.392461609678397316e+01,3.626593121408396403e+00,1.389616141596294163e+01,1.500019342640598552e+00,1.387207183323392279e+01,2.700000000000000178e+00
1.998255727924551084e-01,1.392461609893554808e+01,3.623836902523382975e+00,1.389616621634379889e+01,1.500019327078462084e+00,1.387207183570222391e+01,2.700000000000000178e+00
2.000255727924553084e-01,1.392461610108127523e+01,3.621086973893979266e+00,1.389617100292596596e+01,1.500019311568848934e+00,1.387207183816395073e+01,2.700000000000000178e+00
2.002255727924555084e-01,1.392461610322134469e+01,3.618343321161709092e+00,1.389617577575663887e+01,1.500019296109485367e+00,1.387207184061930576e+01,2.700000000000000178e+00
2.004255727924557084e-01,1.392461610535562144e+01,3.615605930005798552e+00,1.389618053488232974e+01,1.500019280706055724e+00,1.387207184306814511e+01,2.700000000000000178e+00
2.006255727924559085e-01,1.392461610748417122e+01,3.612874786136245131e+00,1.389618528034975498e+01,1.500019265351738795e+00,1.387207184551054340e+01,2.700000000000000178e+00
2.008255727924561085e-01,1.392461610960698515e+01,3.610149875294834221e+00,1.389619001220523309e+01,1.500019250049490438e+00,1.387207184794648462e+01,2.700000000000000178e+00
2.010255727924563085e-01,1.392461611172424263e+01,3.607431183257239660e+00,1.389619473049512521e+01,1.500019234799538026e+00,1.387207185037615709e+01,2.700000000000000178e+00
2.012255727924565085e-01,1.392461611383580866e+01,3.604718695829721042e+00,1.389619943526524359e+01,1.500019219601654186e+00,1.387207185279942578e+01,2.700000000000000178e+00
2.014255727924567085e-01,1.392461611594172410e+01,3.602012398851869079e+00,1.389620412656145554e+01,1.500019204454247301e+00,1.387207185521632979e+01,2.700000000000000178e+00
2.016255727924569086e-01,1.392461611804197119e+01,3.599312278197507542e+00,1.389620880442936013e+01,1.500019189355271010e+00,1.387207185762686557e+01,2.700000000000000178e+00
2.018255727924571086e-01,1.392461612013676131e+01,3.596618319770783057e+00,1.389621346891446230e+01,1.500019174310409653e+00,1.387207186003121961e+01,2.700000000000000178e+00
2.020255727924573086e-01,1.392461612222582090e+01,3.593930509508820315e+00,1.389621812006177137e+01,1.500019159314888384e+00,1.387207186242914325e+01,2.700000000000000178e+00
2.022255727924575086e-01,1.392461612430929563e+01,3.591248833378661853e+00,1.389622275791649386e+01,1.500019144367342960e+00,1.387207186482078036e+01,2.700000000000000178e+00
2.024255727924577086e-01,1.392461612638731339e+01,3.588573277386205795e+00,1.389622738252345613e+01,1.500019129473002977e+00,1.387207186720626240e+01,2.700000000000000178e+00
2.026255727924579086e-01,1.392461612845977825e+01,3.585903827555489087e+00,1.389623199392736907e+01,1.500019114627093586e+00,1.387207186958547567e+01,2.700000000000000178e+00
2.028255727924581087e-01,1.392461613052682345e+01,3.583240469956627372e+00,1.389623659217270379e+01,1.500019099832570646e+00,1.387207187195857827e+01,2.700000000000000178e+00
2.030255727924583087e-01,1.392461613258820918e+01,3.580583190685719064e+00,1.389624117730357789e+01,1.500019085085114057e+00,1.387207187432532152e+01,2.700000000000000178e+00
2.032255727924585087e-01,1.392461613464413617e+01,3.577931975870177972e+00,1.389624574936425461e+01,1.500019070386315434e+00,1.387207187668590791e+01,2.700000000000000178e+00
2.034255727924587087e-01,1.392461613669461151e+01,3.575286811669622367e+00,1.389625030839862951e+01,1.500019055738448515e+00,1.387207187904034633e+01,2.700000000000000178e+00
2.036255727924589087e-01,1.392461613873962634e+01,3.572647684275335855e+00,1.389625485445045072e+01,1.500019041138557441e+00,1.387207188138862968e+01,2.700000000000000178e+00
2.038255727924591088e-01,1.392461614077924814e+01,3.570014579911822139e+00,1.389625938756333134e+01,1.500019026587324333e+00,1.387207188373083255e+01,2.700000000000000178e+00
2.040255727924593088e-01,1.392461614281345561e+01,3.567387484831604727e+00,1.389626390778057186e+01,1.500019012084521819e+00,1.387207188606692831e+01,2.700000000000000178e+00
2.042255727924595088e-01,1.392461614484225407e+01,3.564766385319783737e+00,1.389626841514541589e+01,1.500018997630377271e+00,1.387207188839692407e+01,2.700000000000000178e+00
2.044255727924597088e-01,1.392461614686568439e+01,3.562151267695008006e+00,1.389627290970089390e+01,1.500018983223981195e+00,1.387207189072086244e+01,2.700000000000000178e+00
2.046255727924599088e-01,1.392461614888372523e+01,3.559542118305573766e+00,1.389627739148981611e+01,1.500018968864878843e+00,1.387207189303873278e+01,2.700000000000000178e+00
2.048255727924601088e-01,1.392461615089641569e+01,3.556938923529377572e+00,1.389628186055487014e+01,1.500018954553524964e+00,1.387207189535055996e+01,2.700000000000000178e+00
2.050255727924603089e-01,1.392461615290381438e+01,3.554341669778602775e+00,1.389628631693860150e+01,1.500018940289692182e+00,1.387207189765642212e+01,2.700000000000000178e+00
2.052255727924605089e-01,1.392461615490583426e+01,3.551750343493315754e+00,1.389629076068319691e+01,1.500018926073607872e+00,1.387207189995621981e+01,2.700000000000000178e+00
2.054255727924607089e-01,1.392461615690259080e+01,3.549164931146794100e+00,1.389629519183096384e+01,1.500018911903907792e+00,1.387207190225007203e+01,2.700000000000000178e+00
2.056255727924609089e-01,1.392461615889405024e+01,3.546585419241522263e+00,1.389629961042376216e+01,1.500018897781956184e+00,1.387207190453795391e+01,2.700000000000000178e+00
2.058255727924611089e-01,1.392461616088029963e+01,3.544011794312238894e+00,1.389630401650349079e+01,1.500018883706843553e+00,1.387207190681994362e+01,2.700000000000000178e+00
2.060255727924613089e-01,1.392461616286122705e+01,3.541444042923539648e+00,1.389630841011168094e+01,1.500018869676296163e+00,1.387207190909594168e+01,2.700000000000000178e+00
2.062255727924615090e-01,1.392461616483702791e+01,3.538882151669811904e+00,1.389631279128990649e+01,1.500018855693497244e+00,1.387207191136613282e+01,2.700000000000000178e+00
2.064255727924617090e-01,1.392461616680754055e+01,3.536326107180212119e+00,1.389631716007933626e+01,1.500018841755945687e+00,1.387207191363036962e+01,2.700000000000000178e+00
2.066255727924619090e-01,1.392461616877285557e+01,3.533775896106362779e+00,1.389632151652111958e+01,1.500018827865460480e+00,1.387207191588873911e+01,2.700000000000000178e+00
2.068255727924621090e-01,1.392461617073295699e+01,3.531231505144632798e+00,1.389632586065620146e+01,1.500018814019540514e+00,1.387207191814122176e+01,2.700000000000000178e+00
2.070255727924623090e-01,1.392461617268785368e+01,3.528692921002468008e+00,1.389633019252537594e+01,1.500018800218413162e+00,1.387207192038783177e+01,2.700000000000000178e+00
2.072255727924625091e-01,1.392461617463765933e+01,3.526160130434821127e+00,1.389633451216930204e+01,1.500018786465034282e+00,1.387207192262868283e+01,2.700000000000000178e+00
2.074255727924627091e-01,1.392461617658240769e+01,3.523633120210167391e+00,1.389633881962851447e+01,1.500018772756675389e+00,1.387207192486382290e+01,2.700000000000000178e+00
2.076255727924629091e-01,1.392461617852193356e+01,3.521111877144290858e+00,1.389634311494314112e+01,1.500018759090608000e+00,1.387207192709307435e+01,2.700000000000000178e+00
2.078255727924631091e-01,1.392461618045635241e+01,3.518596388072892545e+00,1.389634739815333120e+01,1.500018745470924841e+00,1.387207192931655264e+01,2.700000000000000178e+00
2.080255727924633091e-01,1.392461618238574594e+01,3.516086639865404262e+00,1.389635166929914867e+01,1.500018731897398538e+00,1.387207193153434837e+01,2.700000000000000178e+00
2.082255727924635091e-01,1.392461618430994719e+01,3.513582619419254094e+00,1.389635592842022227e+01,1.500018718365481618e+00,1.387207193374628922e+01,2.700000000000000178e+00
2.084255727924637092e-01,1.392461618622913910e+01,3.511084313664357470e+00,1.389636017555634595e+01,1.500018704879721554e+00,1.387207193595257060e+01,2.700000000000000178e+00
2.086255727924639092e-01,1.392461618814331104e+01,3.508591709558087857e+00,1.389636441074702766e+01,1.500018691436025620e+00,1.387207193815317297e+01,2.700000000000000178e+00
2.088255727924641092e-01,1.392461619005244167e+01,3.506104794085981524e+00,1.389636863403143785e+01,1.500018678039396036e+00,1.387207194034808388e+01,2.700000000000000178e+00
2.090255727924643092e-01,1.392461619195647948e+01,3.503623554266963591e+00,1.389637284544877538e+01,1.500018664681874725e+00,1.387207194253725184e+01,2.700000000000000178e+00
2.092255727924645092e-01,1.392461619385573535e+01,3.501147977149846380e+00,1.389637704503827464e+01,1.500018651372329259e+00,1.387207194472097527e+01,2.700000000000000178e+00
2.094255727924647092e-01,1.392461619574980247e+01,3.498678049807980805e+00,1.389638123283840088e+01,1.500018638104393176e+00,1.387207194689887224e+01,2.700000000000000178e+00
2.096255727924649093e-01,1.392461619763900238e+01,3.496213759350634387e+00,1.389638540888811136e+01,1.500018624880340212e+00,1.387207194907125363e+01,2.700000000000000178e+00
2.098255727924651093e-01,1.392461619952317875e+01,3.493755092911588811e+00,1.389638957322583934e+01,1.500018611697896631e+00,1.387207195123795422e+01,2.700000000000000178e+00
2.100255727924653093e-01,1.392461620140245060e+01,3.491302037655910517e+00,1.389639372588995592e+01,1.500018598560245664e+00,1.387207195339911436e+01,2.700000000000000178e+00
2.102255727924655093e-01,1.392461620327677174e+01,3.488854580780289538e+00,1.389639786691872736e+01,1.500018585464431453e+00,1.387207195555468253e+01,2.700000000000000178e+00
2.104255727924657093e-01,1.392461620514624876e+01,3.486412709504092433e+00,1.389640199635027784e+01,1.500018572410681372e+00,1.387207195770475820e+01,2.700000000000000178e+00
2.106255727924659094e-01,1.392461620701081770e+01,3.483976411081584512e+00,1.389640611422243666e+01,1.500018559399450169e+00,1.387207195984928809e+01,2.700000000000000178e+00
2.108255727924661094e-01,1.392461620887048745e+01,3.481545672795196111e+00,1.389641022057298692e+01,1.500018546430965216e+00,1.387207196198828107e+01,2.700000000000000178e+00
2.110255727924663094e-01,1.392461621072526334e+01,3.479120481954484756e+00,1.389641431543953942e+01,1.500018533502952778e+00,1.387207196412174071e+01,2.700000000000000178e+00
2.112255727924665094e-01,1.392461621257521287e+01,3.476700825900109315e+00,1.389641839885958419e+01,1.500018520618596085e+00,1.387207196624974337e+01,2.700000000000000178e+00
2.114255727924667094e-01,1.392461621442033604e+01,3.474286691999904253e+00,1.389642247087042648e+01,1.500018507774939280e+00,1.387207196837227663e+01,2.700000000000000178e+00
2.116255727924669094e-01,1.392461621626061685e+01,3.471878067651057886e+00,1.389642653150921348e+01,1.500018494974483474e+00,1.387207197048933693e+01,2.700000000000000178e+00
2.118255727924671095e-01,1.392461621809611927e+01,3.469474940281840780e+00,1.389643058081302840e+01,1.500018482212681192e+00,1.387207197260099001e+01,2.700000000000000178e+00
2.120255727924673095e-01,1.392461621992682907e+01,3.467077297346846887e+00,1.389643461881869868e+01,1.500018469492715667e+00,1.387207197470721276e+01,2.700000000000000178e+00
2.122255727924675095e-01,1.392461622175267877e+01,3.464685126325675935e+00,1.389643864556286879e+01,1.500018456815041645e+00,1.387207197680795545e+01,2.700000000000000178e+00
2.124255727924677095e-01,1.392461622357384954e+01,3.462298414732789098e+00,1.389644266108227910e+01,1.500018444176703269e+00,1.387207197890338684e+01,2.700000000000000178e+00
2.126255727924679095e-01,1.392461622539028632e+01,3.459917150108164030e+00,1.389644666541328277e+01,1.500018431580883771e+00,1.387207198099346250e+01,2.700000000000000178e+00
2.128255727924681096e-01,1.392461622720189496e+01,3.457541320022408105e+00,1.389645065859210149e+01,1.500018419025309413e+00,1.387207198307808476e+01,2.700000000000000178e+00
2.130255727924683096e-01,1.392461622900887441e+01,3.455170912070797851e+00,1.389645464065503866e+01,1.500018406509070701e+00,1.387207198515744722e+01,2.700000000000000178e+00
2.132255727924685096e-01,1.392461623081116073e+01,3.452805913881420885e+00,1.389645861163799800e+01,1.500018394034668745e+00,1.387207198723150370e+01,2.700000000000000178e+00
2.134255727924687096e-01,1.392461623260870418e+01,3.450446313107073060e+00,1.389646257157682108e+01,1.500018381598238193e+00,1.387207198930019736e+01,2.700000000000000178e+00
2.136255727924689096e-01,1.392461623440156870e+01,3.448092097426772362e+00,1.389646652050726239e+01,1.500018369203417024e+00,1.387207199136358859e+01,2.700000000000000178e+00
2.138255727924691096e-01,1.392461623618980227e+01,3.445743254555337476e+00,1.389647045846494144e+01,1.500018356846339884e+00,1.387207199342173247e+01,2.700000000000000178e+00
2.140255727924693097e-01,1.392461623797320236e+01,3.443399772229254197e+00,1.389647438548503189e+01,1.500018344530190006e+00,1.387207199547442649e+01,2.700000000000000178e+00
2.142255727924695097e-01,1.392461623975219709e+01,3.441061638214428786e+00,1.389647830160329356e+01,1.500018332253148401e+00,1.387207199752210052e+01,2.700000000000000178e+00
2.144255727924697097e-01,1.392461624152639388e+01,3.438728840306154222e+00,1.389648220685445246e+01,1.500018320015215068e+00,1.387207199956436021e+01,2.700000000000000178e+00
2.146255727924699097e-01,1.392461624329615866e+01,3.436401366325437134e+00,1.389648610127386341e+01,1.500018307818663743e+00,1.387207200160158926e+01,2.700000000000000178e+00
2.148255727924701097e-01,1.392461624506121254e+01,3.434079204122160611e+00,1.389648998489617782e+01,1.500018295658264833e+00,1.387207200363348036e+01,2.700000000000000178e+00
2.150255727924703097e-01,1.392461624682175803e+01,3.431762341573500130e+00,1.389649385775629398e+01,1.500018283537201569e+00,1.387207200566026444e+01,2.700000000000000178e+00
2.152255727924705098e-01,1.392461624857764413e+01,3.429450766584769994e+00,1.389649771988865545e+01,1.500018271455246577e+00,1.387207200768177628e+01,2.700000000000000178e+00
2.154255727924707098e-01,1.392461625032906980e+01,3.427144467087959168e+00,1.389650157132789587e+01,1.500018259413081978e+00,1.387207200969822196e+01,2.700000000000000178e+00
2.156255727924709098e-01,1.392461625207581832e+01,3.424843431044597875e+00,1.389650541210819057e+01,1.500018247405478178e+00,1.387207201170939008e+01,2.700000000000000178e+00
2.158255727924711098e-01,1.392461625381816681e+01,3.422547646443162783e+00,1.389650924226393691e+01,1.500018235439483760e+00,1.387207201371555065e+01,2.700000000000000178e+00
2.160255727924713098e-01,1.392461625555602822e+01,3.420257101296773516e+00,1.389651306182913437e+01,1.500018223512597615e+00,1.387207201571662196e+01,2.700000000000000178e+00
2.162255727924715099e-01,1.392461625728929597e+01,3.417971783649911721e+00,1.389651687083761900e+01,1.500018211621181763e+00,1.387207201771250098e+01,2.700000000000000178e+00
2.164255727924717099e-01,1.392461625901810507e+01,3.415691681571912497e+00,1.389652066932328900e+01,1.500018199768646809e+00,1.387207201970331738e+01,2.700000000000000178e+00
2.166255727924719099e-01,1.392461626074247327e+01,3.413416783158743861e+00,1.389652445731983121e+01,1.500018187954310633e+00,1.387207202168909959e+01,2.700000000000000178e+00
2.168255727924721099e-01,1.392461626246226558e+01,3.411147076535255174e+00,1.389652823486066069e+01,1.500018176174762630e+00,1.387207202366971082e+01,2.700000000000000178e+00
2.170255727924723099e-01,1.392461626417770759e+01,3.408882549850043464e+00,1.389653200197937188e+01,1.500018164435232393e+00,1.387207202564537312e+01,2.700000000000000178e+00
2.172255727924725099e-01,1.392461626588865009e+01,3.406623191279354312e+00,1.389653575870911517e+01,1.500018152731627197e+00,1.387207202761593905e+01,2.700000000000000178e+00
2.174255727924727100e-01,1.392461626759518900e+01,3.404368989035206017e+00,1.389653950508308355e+01,1.500018141065311283e+00,1.387207202958151164e+01,2.700000000000000178e+00
2.176255727924729100e-01,1.392461626929737406e+01,3.402119931356367477e+00,1.389654324113437589e+01,1.500018129435375158e+00,1.387207203154214419e+01,2.700000000000000178e+00
2.178255727924731100e-01,1.392461627099518218e+01,3.399876006490798019e+00,1.389654696689581570e+01,1.500018117843410437e+00,1.387207203349780826e+01,2.700000000000000178e+00
2.180255727924733100e-01,1.392461627268854762e+01,3.397637202726342398e+00,1.389655068240012170e+01,1.500018106287143382e+00,1.387207203544843814e+01,2.700000000000000178e+00
2.182255727924735100e-01,1.392461627437751126e+01,3.395403508378809221e+00,1.389655438767994156e+01,1.500018094768847732e+00,1.387207203739407291e+01,2.700000000000000178e+00
2.184255727924737100e-01,1.392461627606214769e+01,3.393174911785330483e+00,1.389655808276788918e+01,1.500018083285567627e+00,1.387207203933479782e+01,2.700000000000000178e+00
2.186255727924739101e-01,1.392461627774241961e+01,3.390951401311877333e+00,1.389656176769626050e+01,1.500018071840258926e+00,1.387207204127057736e+01,2.700000000000000178e+00
2.188255727924741101e-01,1.392461627941840696e+01,3.388732965351167081e+00,1.389656544249743853e+01,1.500018060427919409e+00,1.387207204320149856e+01,2.700000000000000178e+00
2.190255727924743101e-01,1.392461628109005467e+01,3.386519592321152405e+00,1.389656910720344030e+01,1.500018049054460789e+00,1.387207204512748682e+01,2.700000000000000178e+00
2.192255727924745101e-01,1.392461628275732188e+01,3.384311270668920901e+00,1.389657276184627932e+01,1.500018037713516605e+00,1.387207204704851371e+01,2.700000000000000178e+00
2.194255727924747101e-01,1.392461628442045019e+01,3.382107988865151960e+00,1.389657640645804193e+01,1.500018026411908068e+00,1.387207204896482970e+01,2.700000000000000178e+00
2.196255727924749102e-01,1.392461628607918911e+01,3.379909735408149540e+00,1.389658004107022826e+01,1.500018015143041339e+00,1.387207205087617012e+01,2.700000000000000178e+00
2.198255727924751102e-01,1.392461628773374827e+01,3.377716498821969893e+00,1.389658366571470793e+01,1.500018003912828135e+00,1.387207205278275701e+01,2.700000000000000178e+00
2.200255727924753102e-01,1.392461628938397311e+01,3.375528267656583203e+00,1.389658728042285141e+01,1.500017992716266235e+00,1.387207205468442872e+01,2.700000000000000178e+00
2.202255727924755102e-01,1.392461629102988319e+01,3.373345030490364937e+00,1.389659088522609132e+01,1.500017981552446145e+00,1.387207205658122433e+01,2.700000000000000178e+00
2.204255727924757102e-01,1.392461629267159218e+01,3.371166775925507508e+00,1.389659448015574661e+01,1.500017970426597458e+00,1.387207205847323621e+01,2.700000000000000178e+00
2.206255727924759102e-01,1.392461629430920134e+01,3.368993492591110694e+00,1.389659806524313090e+01,1.500017959334627449e+00,1.387207206036058516e+01,2.700000000000000178e+00
2.208255727924761103e-01,1.392461629594260231e+01,3.366825169140676977e+00,1.389660164051910840e+01,1.500017948278127733e+00,1.387207206224315037e+01,2.700000000000000178e+00
2.210255727924763103e-01,1.392461629757158725e+01,3.364661794255471516e+00,1.389660520601446869e+01,1.500017937254369826e+00,1.387207206412073113e+01,2.700000000000000178e+00
2.212255727924765103e-01,1.392461629919658428e+01,3.362503356641785235e+00,1.389660876176039928e+01,1.500017926265854840e+00,1.387207206599375908e+01,2.700000000000000178e+00
2.214255727924767103e-01,1.392461630081736423e+01,3.360349845031368243e+00,1.389661230778732559e+01,1.500017915312582772e+00,1.387207206786200153e+01,2.700000000000000178e+00
2.216255727924769103e-01,1.392461630243402837e+01,3.358201248182523191e+00,1.389661584412593953e+01,1.500017904393189383e+00,1.387207206972556328e+01,2.700000000000000178e+00
2.218255727924771104e-01,1.392461630404643991e+01,3.356057554878065119e+00,1.389661937080658483e+01,1.500017893505400934e+00,1.387207207158430222e+01,2.700000000000000178e+00
2.220255727924773104e-01,1.392461630565480668e+01,3.353918753928020635e+00,1.389662288785974020e+01,1.500017882654674395e+00,1.387207207343844750e+01,2.700000000000000178e+00
2.222255727924775104e-01,1.392461630725895461e+01,3.351784834167040206e+00,1.389662639531548827e+01,1.500017871836234917e+00,1.387207207528781083e+01,2.700000000000000178e+00
2.224255727924777104e-01,1.392461630885908619e+01,3.349655784455825014e+00,1.389662989320406972e+01,1.500017861053947854e+00,1.387207207713259116e+01,2.700000000000000178e+00
2.226255727924779104e-01,1.392461631045511439e+01,3.347531593678399808e+00,1.389663338155548900e+01,1.500017850302356237e+00,1.387207207897270855e+01,2.700000000000000178e+00
2.228255727924781104e-01,1.392461631204701078e+01,3.345412250746718108e+00,1.389663686039949297e+01,1.500017839586007540e+00,1.387207208080814169e+01,2.700000000000000178e+00
2.230255727924783105e-01,1.392461631363479313e+01,3.343297744593679788e+00,1.389664032976595998e+01,1.500017828901491157e+00,1.387207208263890656e+01,2.700000000000000178e+00
2.232255727924785105e-01,1.392461631521858756e+01,3.341188064186853879e+00,1.389664378968457115e+01,1.500017818251308199e+00,1.387207208446512929e+01,2.700000000000000178e+00
2.234255727924787105e-01,1.392461631679833900e+01,3.339083198510313544e+00,1.389664724018485842e+01,1.500017807632957556e+00,1.387207208628675126e+01,2.700000000000000178e+00
2.236255727924789105e-01,1.392461631837397640e+01,3.336983136576763265e+00,1.389665068129615477e+01,1.500017797048258217e+00,1.387207208810371029e+01,2.700000000000000178e+00
2.238255727924791105e-01,1.392461631994570048e+01,3.334887867421541419e+00,1.389665411304797260e+01,1.500017786497210182e+00,1.387207208991620888e+01,2.700000000000000178e+00
2.240255727924793105e-01,1.392461632151333539e+01,3.332797380107750840e+00,1.389665753546935711e+01,1.500017775978221835e+00,1.387207209172406053e+01,2.700000000000000178e+00
2.242255727924795106e-01,1.392461632307685626e+01,3.330711663720005156e+00,1.389666094858937129e+01,1.500017765491065802e+00,1.387207209352724568e+01,2.700000000000000178e+00
2.244255727924797106e-01,1.392461632463651178e+01,3.328630707372576492e+00,1.389666435243720777e+01,1.500017755038243195e+00,1.387207209532603258e+01,2.700000000000000178e+00
2.246255727924799106e-01,1.392461632619225576e+01,3.326554500201823750e+00,1.389666774704175900e+01,1.500017744615661286e+00,1.387207209712035372e+01,2.700000000000000178e+00
2.248255727924801106e-01,1.392461632774385194e+01,3.324483031367504005e+00,1.389667113243153906e+01,1.500017734225366439e+00,1.387207209890998527e+01,2.700000000000000178e+00
2.250255727924803106e-01,1.392461632929158100e+01,3.322416290059941879e+00,1.389667450863542975e+01,1.500017723868722896e+00,1.387207210069520258e+01,2.700000000000000178e+00
2.252255727924805107e-01,1.392461633083537720e+01,3.320354265485439438e+00,1.389667787568195401e+01,1.500017713543911668e+00,1.387207210247595057e+01,2.700000000000000178e+00
2.254255727924807107e-01,1.392461633237518903e+01,3.318296946881203358e+00,1.389668123359955132e+01,1.500017703248886392e+00,1.387207210425217063e+01,2.700000000000000178e+00
2.256255727924809107e-01,1.392461633391110531e+01,3.316244323506902347e+00,1.389668458241654392e+01,1.500017692988421913e+00,1.387207210602395868e+01,2.700000000000000178e+00
2.258255727924811107e-01,1.392461633544303901e+01,3.314196384647446258e+00,1.389668792216117943e+01,1.500017682755924397e+00,1.387207210779122235e+01,2.700000000000000178e+00
2.260255727924813107e-01,1.392461633697113399e+01,3.312153119610775409e+00,1.389669125286166640e+01,1.500017672557078185e+00,1.387207210955411085e+01,2.700000000000000178e+00
2.262255727924815107e-01,1.392461633849531744e+01,3.310114517732035022e+00,1.389669457454595580e+01,1.500017662389836914e+00,1.387207211131255669e+01,2.700000000000000178e+00
2.264255727924817108e-01,1.392461634001564974e+01,3.308080568368776397e+00,1.389669788724203237e+01,1.500017652254427958e+00,1.387207211306660781e+01,2.700000000000000178e+00
2.266255727924819108e-01,1.392461634153213801e+01,3.306051260903134281e+00,1.389670119097769430e+01,1.500017642150169195e+00,1.387207211481628555e+01,2.700000000000000178e+00
2.268255727924821108e-01,1.392461634304468276e+01,3.304026584740612282e+00,1.389670448578059769e+01,1.500017632075696383e+00,1.387207211656148687e+01,2.700000000000000178e+00
2.270255727924823108e-01,1.392461634455343322e+01,3.302006529311271255e+00,1.389670777167848215e+01,1.500017622031464271e+00,1.387207211830236808e+01,2.700000000000000178e+00
2.272255727924825108e-01,1.392461634605829879e+01,3.299991084070882152e+00,1.389671104869870533e+01,1.500017612020883462e+00,1.387207212003882084e+01,2.700000000000000178e+00
2.274255727924827108e-01,1.392461634755939848e+01,3.297980238497401295e+00,1.389671431686887004e+01,1.500017602038496989e+00,1.387207212177099436e+01,2.700000000000000178e+00
2.276255727924829109e-01,1.392461634905664880e+01,3.295973982093035826e+00,1.389671757621610304e+01,1.500017592087260709e+00,1.387207212349878560e+01,2.700000000000000178e+00
2.278255727924831109e-01,1.392461635055003377e+01,3.293972304384861882e+00,1.389672082676765541e+01,1.500017582166265129e+00,1.387207212522218391e+01,2.700000000000000178e+00
2.280255727924833109e-01,1.392461635203975945e+01,3.291975194923417725e+00,1.389672406855078002e+01,1.500017572277556610e+00,1.387207212694140068e+01,2.700000000000000178e+00
2.282255727924835109e-01,1.392461635352558957e+01,3.289982643283875685e+00,1.389672730159226433e+01,1.500017562417497174e+00,1.387207212865619255e+01,2.700000000000000178e+00
2.284255727924837109e-01,1.392461635500771777e+01,3.287994639061673219e+00,1.389673052591918889e+01,1.500017552587678438e+00,1.387207213036676912e+01,2.700000000000000178e+00
2.286255727924839110e-01,1.392461635648601792e+01,3.286011171881717985e+00,1.389673374155825591e+01,1.500017542786054037e+00,1.387207213207298828e+01,2.700000000000000178e+00
2.288255727924841110e-01,1.392461635796066766e+01,3.284032231389284462e+00,1.389673694853624930e+01,1.500017533019217808e+00,1.387207213377504367e+01,2.700000000000000178e+00
2.290255727924843110e-01,1.392461635943140230e+01,3.282057807253458748e+00,1.389674014687961900e+01,1.500017523276028442e+00,1.387207213547265816e+01,2.700000000000000178e+00
2.292255727924845110e-01,1.392461636089859844e+01,3.280087889168285642e+00,1.389674333661513295e+01,1.500017513568309369e+00,1.387207213716621723e+01,2.700000000000000178e+00
2.294255727924847110e-01,1.392461636236193812e+01,3.278122466848532035e+00,1.389674651776896930e+01,1.500017503885601400e+00,1.387207213885540291e+01,2.700000000000000178e+00
2.296255727924849110e-01,1.392461636382163270e+01,3.276161530029475522e+00,1.389674969036755137e+01,1.500017494235407867e+00,1.387207214054043369e+01,2.700000000000000178e+00
2.298255727924851111e-01,1.392461636527766622e+01,3.274205068479976610e+00,1.389675285443715502e+01,1.500017484614318164e+00,1.387207214222128471e+01,2.700000000000000178e+00
2.300255727924853111e-01,1.392461636672994274e+01,3.272253071983103556e+00,1.389675601000376126e+01,1.500017475021877544e+00,1.387207214389786536e+01,2.700000000000000178e+00
2.302255727924855111e-01,1.392461636817850490e+01,3.270305530350505308e+00,1.389675915709345411e+01,1.500017465457631261e+00,1.387207214557022716e+01,2.700000000000000178e+00
2.304255727924857111e-01,1.392461636962358718e+01,3.268362433416807988e+00,1.389676229573233712e+01,1.500017455922943554e+00,1.387207214723859217e+01,2.700000000000000178e+00
2.306255727924859111e-01,1.392461637106484673e+01,3.266423771036723878e+00,1.389676542594593656e+01,1.500017446417359679e+00,1.387207214890261753e+01,2.700000000000000178e+00
2.308255727924861112e-01,1.392461637250247364e+01,3.264489533089883988e+00,1.389676854776016413e+01,1.500017436941107007e+00,1.387207215056251464e+01,2.700000000000000178e+00
2.310255727924863112e-01,1.392461637393644125e+01,3.262559709479173620e+00,1.389677166120061713e+01,1.500017427492593924e+00,1.387207215221823908e+01,2.700000000000000178e+00
2.312255727924865112e-01,1.392461637536685437e+01,3.260634290128976431e+00,1.389677476629295150e+01,1.500017418073639419e+00,1.387207215386989567e+01,2.700000000000000178e+00
2.314255727924867112e-01,1.392461637679363484e+01,3.258713264989703706e+00,1.389677786306253360e+01,1.500017408683106623e+00,1.387207215551742578e+01,2.700000000000000178e+00
2.316255727924869112e-01,1.392461637821682707e+01,3.256796624031794263e+00,1.389678095153477777e+01,1.500017399320995537e+00,1.387207215716086317e+01,2.700000000000000178e+00
2.318255727924871112e-01,1.392461637963637422e+01,3.254884357249899995e+00,1.389678403173490295e+01,1.500017389985714544e+00,1.387207215880014743e+01,2.700000000000000178e+00
2.320255727924873113e-01,1.392461638105235622e+01,3.252976454661793859e+00,1.389678710368813341e+01,1.500017380680446877e+00,1.387207216043536739e+01,2.700000000000000178e+00
2.322255727924875113e-01,1.392461638246480859e+01,3.251072906306588628e+00,1.389679016741956730e+01,1.500017371403146171e+00,1.387207216206656035e+01,2.700000000000000178e+00
2.324255727924877113e-01,1.392461638387363010e+01,3.249173702247207363e+00,1.389679322295413577e+01,1.500017362152448186e+00,1.387207216369361262e+01,2.700000000000000178e+00
2.326255727924879113e-01,1.392461638527894330e+01,3.247278832568679885e+00,1.389679627031686593e+01,1.500017352930626657e+00,1.387207216531666987e+01,2.700000000000000178e+00
2.328255727924881113e-01,1.392461638668068424e+01,3.245388287380576386e+00,1.389679930953244913e+01,1.500017343737226838e+00,1.387207216693565748e+01,2.700000000000000178e+00
2.330255727924883113e-01,1.392461638807882984e+01,3.243502056812864964e+00,1.389680234062563180e+01,1.500017334570429739e+00,1.387207216855054526e+01,2.700000000000000178e+00
2.332255727924885114e-01,1.392461638947355951e+01,3.241620131019160134e+00,1.389680536362119589e+01,1.500017325431599602e+00,1.387207217016153038e+01,2.700000000000000178e+00
2.334255727924887114e-01,1.392461639086472402e+01,3.239742500174029871e+00,1.389680837854349349e+01,1.500017316322100669e+00,1.387207217176845298e+01,2.700000000000000178e+00
2.336255727924889114e-01,1.392461639225241576e+01,3.237869154475447875e+00,1.389681138541714311e+01,1.500017307238067588e+00,1.387207217337141429e+01,2.700000000000000178e+00
2.338255727924891114e-01,1.392461639363653347e+01,3.236000084145459255e+00,1.389681438426636184e+01,1.500017298183138337e+00,1.387207217497030953e+01,2.700000000000000178e+00
2.340255727924893114e-01,1.392461639501721216e+01,3.234135279425421228e+00,1.389681737511557280e+01,1.500017289153220190e+00,1.387207217656527192e+01,2.700000000000000178e+00
2.342255727924895115e-01,1.392461639639438431e+01,3.232274730580361410e+00,1.389682035798892912e+01,1.500017280148540522e+00,1.387207217815623927e+01,2.700000000000000178e+00
2.344255727924897115e-01,1.392461639776814764e+01,3.230418427899053313e+00,1.389682333291050575e+01,1.500017271175238420e+00,1.387207217974330753e+01,2.700000000000000178e+00
2.346255727924899115e-01,1.392461639913847904e+01,3.228566361689359621e+00,1.389682629990441320e+01,1.500017262227629544e+00,1.387207218132646425e+01,2.700000000000000178e+00
2.348255727924901115e-01,1.392461640050527905e+01,3.226718522283194446e+00,1.389682925899442623e+01,1.500017253306168641e+00,1.387207218290559574e+01,2.700000000000000178e+00
2.350255727924903115e-01,1.392461640186867911e+01,3.224874900034087943e+00,1.389683221020452564e+01,1.500017244411537831e+00,1.387207218448085833e+01,2.700000000000000178e+00
2.352255727924905115e-01,1.392461640322866145e+01,3.223035485317654825e+00,1.389683515355846666e+01,1.500017235543054994e+00,1.387207218605220049e+01,2.700000000000000178e+00
2.354255727924907116e-01,1.392461640458522965e+01,3.221200268531013045e+00,1.389683808907987128e+01,1.500017226700947504e+00,1.387207218761965066e+01,2.700000000000000178e+00
2.356255727924909116e-01,1.392461640593831618e+01,3.219369240095787177e+00,1.389684101679226202e+01,1.500017217886806975e+00,1.387207218918314489e+01,2.700000000000000178e+00
2.358255727924911116e-01,1.392461640728803829e+01,3.217542390451372025e+00,1.389684393671929286e+01,1.500017209097222803e+00,1.387207219074279330e+01,2.700000000000000178e+00
2.360255727924913116e-01,1.392461640863439065e+01,3.215719710059987246e+00,1.389684684888434596e+01,1.500017200334923473e+00,1.387207219229858879e+01,2.700000000000000178e+00
2.362255727924915116e-01,1.392461640997726136e+01,3.213901189406552117e+00,1.389684975331065431e+01,1.500017191599226862e+00,1.387207219385042656e+01,2.700000000000000178e+00
2.364255727924917116e-01,1.392461641131693639e+01,3.212086819002176519e+00,1.389685265002172265e+01,1.500017182888996103e+00,1.387207219539858727e+01,2.700000000000000178e+00
2.366255727924919117e-01,1.392461641265320438e+01,3.210276589370669509e+00,1.389685553904053172e+01,1.500017174204685944e+00,1.387207219694287019e+01,2.700000000000000178e+00
2.368255727924921117e-01,1.392461641398602268e+01,3.208470491064432384e+00,1.389685842039010133e+01,1.500017165546751130e+00,1.387207219848323270e+01,2.700000000000000178e+00
2.370255727924923117e-01,1.392461641531554406e+01,3.206668514652942115e+00,1.389686129409358095e+01,1.500017156913827421e+00,1.387207220001981689e+01,2.700000000000000178e+00
2.372255727924925117e-01,1.392461641664176142e+01,3.204870650731307169e+00,1.389686416017385717e+01,1.500017148308643300e+00,1.387207220155262455e+01,2.700000000000000178e+00
2.374255727924927117e-01,1.392461641796471739e+01,3.203076889912372494e+00,1.389686701865387342e+01,1.500017139726423920e+00,1.387207220308170896e+01,2.700000000000000178e+00
2.376255727924929118e-01,1.392461641928436045e+01,3.201287222831110668e+00,1.389686986955626757e+01,1.500017131172171503e+00,1.387207220460699730e+01,2.700000000000000178e+00
2.378255727924931118e-01,1.392461642060048455e+01,3.199501640146658055e+00,1.389687271290353188e+01,1.500017122642020695e+00,1.387207220612830305e+01,2.700000000000000178e+00
2.380255727924933118e-01,1.392461642191340765e+01,3.197720132537826832e+00,1.389687554871858843e+01,1.500017114135971497e+00,1.387207220764594240e+01,2.700000000000000178e+00
2.382255727924935118e-01,1.392461642322309778e+01,3.195942690703445610e+00,1.389687837702387441e+01,1.500017105657207139e+00,1.387207220915987627e+01,2.700000000000000178e+00
2.384255727924937118e-01,1.392461642452945192e+01,3.194169305365504030e+00,1.389688119784174702e+01,1.500017097201862271e+00,1.387207221067001051e+01,2.700000000000000178e+00
2.386255727924939118e-01,1.392461642583260684e+01,3.192399967265084459e+00,1.389688401119469319e+01,1.500017088773120122e+00,1.387207221217648012e+01,2.700000000000000178e+00
2.388255727924941119e-01,1.392461642713241687e+01,3.190634667166733607e+00,1.389688681710481788e+01,1.500017080369161704e+00,1.387207221367913945e+01,2.700000000000000178e+00
2.390255727924943119e-01,1.392461642842903657e+01,3.188873395854309400e+00,1.389688961559448543e+01,1.500017071989077522e+00,1.387207221517815015e+01,2.700000000000000178e+00
2.392255727924945119e-01,1.392461642972241442e+01,3.187116144132695172e+00,1.389689240668575820e+01,1.500017063633549697e+00,1.387207221667344825e+01,2.700000000000000178e+00
2.394255727924947119e-01,1.392461643101252911e+01,3.185362902829484533e+00,1.389689519040062571e+01,1.500017055304624591e+00,1.387207221816502845e+01,2.700000000000000178e+00
2.396255727924949119e-01,1.392461643229939483e+01,3.183613662791649368e+00,1.389689796676111122e+01,1.500017046999573722e+00,1.387207221965290316e+01,2.700000000000000178e+00
2.398255727924951120e-01,1.392461643358316614e+01,3.181868414887758512e+00,1.389690073578919183e+01,1.500017038719306584e+00,1.387207222113721450e+01,2.700000000000000178e+00
2.400255727924953120e-01,1.392461643486359080e+01,3.180127150005239489e+00,1.389690349750642540e+01,1.500017030463595802e+00,1.387207222261773509e+01,2.700000000000000178e+00
2.402255727924955120e-01,1.392461643614080025e+01,3.178389859055493982e+00,1.389690625193471618e+01,1.500017022231304509e+00,1.387207222409457330e+01,2.700000000000000178e+00
2.404255727924957120e-01,1.392461643741487798e+01,3.176656532970601354e+00,1.389690899909576061e+01,1.500017014023569573e+00,1.387207222556783037e+01,2.700000000000000178e+00
2.406255727924959120e-01,1.392461643868577426e+01,3.174927162699193062e+00,1.389691173901109700e+01,1.500017005840618367e+00,1.387207222703744769e+01,2.700000000000000178e+00
2.408255727924961120e-01,1.392461643995357079e+01,3.173201739215318451e+00,1.389691447170228855e+01,1.500016997681314024e+00,1.387207222850350874e+01,2.700000000000000178e+00
2.410255727924963121e-01,1.392461644121807041e+01,3.171480253511827829e+00,1.389691719719057339e+01,1.500016989544747048e+00,1.387207222996583056e+01,2.700000000000000178e+00
2.412255727924965121e-01,1.392461644247952179e+01,3.169762696600451068e+00,1.389691991549753425e+01,1.500016981432963803e+00,1.387207223142464407e+01,2.700000000000000178e+00
2.414255727924967121e-01,1.392461644373780771e+01,3.168049059515368082e+00,1.389692262664429201e+01,1.500016973348010652e+00,1.387207223287984093e+01,2.700000000000000178e+00
2.416255727924969121e-01,1.392461644499289086e+01,3.166339333310879134e+00,1.389692533065209190e+01,1.500016965282611636e+00,1.387207223433139092e+01,2.700000000000000178e+00
2.418255727924971121e-01,1.392461644624496131e+01,3.164633509061405725e+00,1.389692802754214718e+01,1.500016957244724836e+00,1.387207223577947701e+01,2.700000000000000178e+00
2.420255727924973121e-01,1.392461644749372773e+01,3.162931577861287646e+00,1.389693071733529273e+01,1.500016949227983787e+00,1.387207223722380789e+01,2.700000000000000178e+00
2.422255727924975122e-01,1.392461644873955606e+01,3.161233530827118443e+00,1.389693340005283595e+01,1.500016941236253842e+00,1.387207223866476724e+01,2.700000000000000178e+00
2.424255727924977122e-01,1.392461644998215853e+01,3.159539359095092426e+00,1.389693607571540035e+01,1.500016933265897023e+00,1.387207224010204598e+01,2.700000000000000178e+00
2.426255727924979122e-01,1.392461645122177316e+01,3.157849053817226803e+00,1.389693874434403575e+01,1.500016925321233430e+00,1.387207224153589102e+01,2.700000000000000178e+00
2.428255727924981122e-01,1.392461645245816904e+01,3.156162606174347740e+00,1.389694140595928928e+01,1.500016917397942962e+00,1.387207224296607144e+01,2.700000000000000178e+00
2.430255727924983122e-01,1.392461645369166945e+01,3.154480007359596438e+00,1.389694406058213083e+01,1.500016909499436224e+00,1.387207224439291942e+01,2.700000000000000178e+00
2.432255727924985123e-01,1.392461645492190669e+01,3.152801248589132133e+00,1.389694670823283928e+01,1.500016901622757359e+00,1.387207224581606191e+01,2.700000000000000178e+00
2.434255727924987123e-01,1.392461645614920585e+01,3.151126321102832417e+00,1.389694934893224421e+01,1.500016893770634852e+00,1.387207224723582044e+01,2.700000000000000178e+00
2.436255727924989123e-01,1.392461645737337328e+01,3.149455216153424164e+00,1.389695198270064580e+01,1.500016885940112843e+00,1.387207224865202093e+01,2.700000000000000178e+00
2.438255727924991123e-01,1.392461645859455466e+01,3.147787925016843680e+00,1.389695460955860007e+01,1.500016878133237697e+00,1.387207225006479483e+01,2.700000000000000178e+00
2.440255727924993123e-01,1.392461645981266116e+01,3.146124438993332273e+00,1.389695722952630064e+01,1.500016870347735676e+00,1.387207225147404621e+01,2.700000000000000178e+00
2.442255727924995123e-01,1.392461646102766260e+01,3.144464749388290237e+00,1.389695984262401574e+01,1.500016862585425770e+00,1.387207225287976620e+01,2.700000000000000178e+00
2.444255727924997124e-01,1.392461646223978633e+01,3.142808847548146822e+00,1.389696244887209176e+01,1.500016854846990100e+00,1.387207225428216617e+01,2.700000000000000178e+00
2.446255727924999124e-01,1.392461646344885473e+01,3.141156724824951230e+00,1.389696504829051982e+01,1.500016847131064424e+00,1.387207225568107916e+01,2.700000000000000178e+00
2.448255727925001124e-01,1.392461646465499747e+01,3.139508372594027819e+00,1.389696764089946512e+01,1.500016839437193994e+00,1.387207225707663483e+01,2.700000000000000178e+00
2.450255727925003124e-01,1.392461646585806179e+01,3.137863782249697753e+00,1.389697022671874294e+01,1.500016831766970427e+00,1.387207225846867686e+01,2.700000000000000178e+00
2.452255727925005124e-01,1.392461646705812406e+01,3.136222945208589685e+00,1.389697280576834082e+01,1.500016824117437864e+00,1.387207225985728876e+01,2.700000000000000178e+00
2.454255727925007124e-01,1.392461646825515587e+01,3.134585852902612491e+00,1.389697537806806338e+01,1.500016816491552163e+00,1.387207226124243853e+01,2.700000000000000178e+00
2.456255727925009125e-01,1.392461646944928688e+01,3.132952496786129526e+00,1.389697794363782535e+01,1.500016808884993225e+00,1.387207226262425941e+01,2.700000000000000178e+00
2.458255727925011125e-01,1.392461647064049224e+01,3.131322868333933584e+00,1.389698050249724837e+01,1.500016801303900138e+00,1.387207226400272297e+01,2.700000000000000178e+00
2.460255727925013125e-01,1.392461647182871509e+01,3.129696959036508019e+00,1.389698305466596473e+01,1.500016793743498056e+00,1.387207226537777593e+01,2.700000000000000178e+00
2.462255727925015125e-01,1.392461647301390748e+01,3.128074760407882238e+00,1.389698560016347528e+01,1.500016786202650110e+00,1.387207226674937743e+01,2.700000000000000178e+00
2.464255727925017125e-01,1.392461647419622750e+01,3.126456263978194983e+00,1.389698813900940877e+01,1.500016778687950136e+00,1.387207226811767491e+01,2.700000000000000178e+00
2.466255727925019126e-01,1.392461647537555436e+01,3.124841461299245005e+00,1.389699067122309906e+01,1.500016771192349552e+00,1.387207226948256178e+01,2.700000000000000178e+00
2.468255727925021126e-01,1.392461647655208523e+01,3.123230343940799347e+00,1.389699319682406653e+01,1.500016763721305324e+00,1.387207227084422279e+01,2.700000000000000178e+00
2.470255727925023126e-01,1.392461647772567446e+01,3.121622903491568568e+00,1.389699571583155269e+01,1.500016756268905738e+00,1.387207227220252648e+01,2.700000000000000178e+00
2.472255727925025126e-01,1.392461647889629894e+01,3.120019131561625692e+00,1.389699822826468356e+01,1.500016748839016145e+00,1.387207227355743200e+01,2.700000000000000178e+00
2.474255727925027126e-01,1.392461648006401198e+01,3.118419019777640688e+00,1.389700073414270243e+01,1.500016741430044931e+00,1.387207227490901928e+01,2.700000000000000178e+00
2.476255727925029126e-01,1.392461648122887397e+01,3.116822559786625924e+00,1.389700323348473887e+01,1.500016734045402700e+00,1.387207227625732742e+01,2.700000000000000178e+00
2.478255727925031127e-01,1.392461648239074279e+01,3.115229743253770334e+00,1.389700572630975550e+01,1.500016726678268242e+00,1.387207227760223027e+01,2.700000000000000178e+00
2.480255727925033127e-01,1.392461648354986004e+01,3.113640561865592016e+00,1.389700821263685881e+01,1.500016719335235393e+00,1.387207227894395878e+01,2.700000000000000178e+00
2.482255727925035127e-01,1.392461648470609603e+01,3.112055007324226796e+00,1.389701069248491372e+01,1.500016712012438802e+00,1.387207228028239037e+01,2.700000000000000178e+00
2.484255727925037127e-01,1.392461648585943124e+01,3.110473071353382135e+00,1.389701316587270519e+01,1.500016704710105842e+00,1.387207228161750194e+01,2.700000000000000178e+00
2.486255727925039127e-01,1.392461648700991894e+01,3.108894745694195105e+00,1.389701563281903418e+01,1.500016697430282875e+00,1.387207228294935213e+01,2.700000000000000178e+00
2.488255727925041128e-01,1.392461648815756625e+01,3.107320022107492807e+00,1.389701809334267324e+01,1.500016690169559297e+00,1.387207228427795513e+01,2.700000000000000178e+00
2.490255727925043128e-01,1.392461648930241402e+01,3.105748892372624415e+00,1.389702054746223148e+01,1.500016682931573087e+00,1.387207228560333228e+01,2.700000000000000178e+00
2.492255727925045128e-01,1.392461649044438232e+01,3.104181348286865649e+00,1.389702299519627182e+01,1.500016675713823133e+00,1.387207228692543026e+01,2.700000000000000178e+00
2.494255727925047128e-01,1.392461649158354398e+01,3.102617381668076657e+00,1.389702543656337674e+01,1.500016668515854690e+00,1.387207228824430594e+01,2.700000000000000178e+00
2.496255727925049128e-01,1.392461649271994517e+01,3.101056984352913659e+00,1.389702787158200437e+01,1.500016661340396240e+00,1.387207228956000904e+01,2.700000000000000178e+00
2.498255727925051128e-01,1.392461649385343847e+01,3.099500148193342852e+00,1.389703030027045116e+01,1.500016654185174048e+00,1.387207229087240101e+01,2.700000000000000178e+00
2.500255727925053129e-01,1.392461649498418907e+01,3.097946865063878175e+00,1.389703272264718592e+01,1.500016647050870233e+00,1.387207229218163107e+01,2.700000000000000178e+00
2.502255727925055129e-01,1.392461649611209040e+01,3.096397126854282700e+00,1.389703513873039675e+01,1.500016639936802676e+00,1.387207229348761572e+01,2.700000000000000178e+00
2.504255727925057129e-01,1.392461649723723127e+01,3.094850925474010861e+00,1.389703754853833928e+01,1.500016632841607134e+00,1.387207229479042958e+01,2.700000000000000178e+00
2.506255727925059129e-01,1.392461649835965964e+01,3.093308252852627227e+00,1.389703995208921583e+01,1.500016625769148959e+00,1.387207229609013126e+01,2.700000000000000178e+00
2.508255727925061129e-01,1.392461649947922275e+01,3.091769100936334613e+00,1.389704234940100491e+01,1.500016618715108052e+00,1.387207229738655201e+01,2.700000000000000178e+00
2.510255727925063129e-01,1.392461650059609823e+01,3.090233461690098160e+00,1.389704474049185379e+01,1.500016611681076029e+00,1.387207229867988723e+01,2.700000000000000178e+00
2.512255727925065130e-01,1.392461650171023280e+01,3.088701327097528537e+00,1.389704712537965570e+01,1.500016604668871878e+00,1.387207229997008007e+01,2.700000000000000178e+00
2.514255727925067130e-01,1.392461650282150920e+01,3.087172689158916850e+00,1.389704950408220974e+01,1.500016597677131358e+00,1.387207230125700441e+01,2.700000000000000178e+00
2.516255727925069130e-01,1.392461650393016370e+01,3.085647539895694624e+00,1.389705187661761698e+01,1.500016590704944974e+00,1.387207230254091783e+01,2.700000000000000178e+00
2.518255727925071130e-01,1.392461650503596715e+01,3.084125871346298009e+00,1.389705424300339587e+01,1.500016583752312727e+00,1.387207230382157341e+01,2.700000000000000178e+00
2.520255727925073130e-01,1.392461650613909541e+01,3.082607675565519845e+00,1.389705660325745029e+01,1.500016576820371483e+00,1.387207230509915767e+01,2.700000000000000178e+00
2.522255727925075131e-01,1.392461650723949340e+01,3.081092944631969477e+00,1.389705895739740882e+01,1.500016569905938013e+00,1.387207230637361555e+01,2.700000000000000178e+00
2.524255727925077131e-01,1.392461650833726061e+01,3.079581670631197365e+00,1.389706130544092133e+01,1.500016563013105042e+00,1.387207230764503763e+01,2.700000000000000178e+00
2.526255727925079131e-01,1.392461650943226736e+01,3.078073845678423126e+00,1.389706364740541567e+01,1.500016556139371460e+00,1.387207230891331378e+01,2.700000000000000178e+00
2.528255727925081131e-01,1.392461651052456695e+01,3.076569461900623192e+00,1.389706598330843512e+01,1.500016549287011003e+00,1.387207231017847597e+01,2.700000000000000178e+00
2.530255727925083131e-01,1.392461651161417358e+01,3.075068511445353092e+00,1.389706831316741642e+01,1.500016542453067814e+00,1.387207231144055264e+01,2.700000000000000178e+00
2.532255727925085131e-01,1.392461651270112100e+01,3.073570986475718136e+00,1.389707063699975009e+01,1.500016535639588255e+00,1.387207231269958640e+01,2.700000000000000178e+00
2.534255727925087132e-01,1.392461651378533638e+01,3.072076879175237529e+00,1.389707295482268989e+01,1.500016528842252228e+00,1.387207231395548490e+01,2.700000000000000178e+00
2.536255727925089132e-01,1.392461651486694052e+01,3.070586181743813370e+00,1.389707526665357129e+01,1.500016522066516700e+00,1.387207231520838313e+01,2.700000000000000178e+00
2.538255727925091132e-01,1.392461651594587480e+01,3.069098886400112747e+00,1.389707757250951659e+01,1.500016515310335308e+00,1.387207231645822425e+01,2.700000000000000178e+00
2.540255727925093132e-01,1.392461651702219783e+01,3.067614985378238401e+00,1.389707987240774401e+01,1.500016508574844920e+00,1.387207231770505800e+01,2.700000000000000178e+00
2.542255727925095132e-01,1.392461651809579593e+01,3.066134470933399303e+00,1.389708216636520888e+01,1.500016501855725437e+00,1.387207231894877779e+01,2.700000000000000178e+00
2.544255727925097132e-01,1.392461651916677035e+01,3.064657335335843502e+00,1.389708445439902640e+01,1.500016495156842211e+00,1.387207232018949377e+01,2.700000000000000178e+00
2.546255727925099133e-01,1.392461652023515128e+01,3.063183570874411288e+00,1.389708673652615367e+01,1.500016488478422616e+00,1.387207232142721480e+01,2.700000000000000178e+00
2.548255727925101133e-01,1.392461652130085881e+01,3.061713169855027949e+00,1.389708901276349273e+01,1.500016481817056047e+00,1.387207232266189649e+01,2.700000000000000178e+00
2.550255727925103133e-01,1.392461652236401370e+01,3.060246124602019613e+00,1.389709128312794029e+01,1.500016475175470987e+00,1.387207232389362410e+01,2.700000000000000178e+00
2.552255727925105133e-01,1.392461652342449163e+01,3.058782427458564435e+00,1.389709354763619409e+01,1.500016468551848448e+00,1.387207232512229638e+01,2.700000000000000178e+00
2.554255727925107133e-01,1.392461652448240450e+01,3.057322070781047341e+00,1.389709580630509045e+01,1.500016461947325297e+00,1.387207232634801457e+01,2.700000000000000178e+00
2.556255727925109134e-01,1.392461652553765106e+01,3.055865046946912411e+00,1.389709805915118501e+01,1.500016455362356282e+00,1.387207232757068986e+01,2.700000000000000178e+00
2.558255727925111134e-01,1.392461652659034677e+01,3.054411348349222788e+00,1.389710030619123593e+01,1.500016448795577162e+00,1.387207232879042706e+01,2.700000000000000178e+00
2.560255727925113134e-01,1.392461652764047209e+01,3.052960967400113024e+00,1.389710254744180418e+01,1.500016442248124804e+00,1.387207233000721374e+01,2.700000000000000178e+00
2.562255727925115134e-01,1.392461652868799327e+01,3.051513896527419778e+00,1.389710478291936191e+01,1.500016435717952845e+00,1.387207233122101790e+01,2.700000000000000178e+00
2.564255727925117134e-01,1.392461652973296360e+01,3.050070128177198026e+00,1.389710701264039194e+01,1.500016429207335023e+00,1.387207233243188753e+01,2.700000000000000178e+00
2.566255727925119134e-01,1.392461653077546835e+01,3.048629654811797263e+00,1.389710923662142150e+01,1.500016422715589215e+00,1.387207233363991854e+01,2.700000000000000178e+00
2.568255727925121135e-01,1.392461653181517889e+01,3.047192468912757413e+00,1.389711145487843602e+01,1.500016416240669059e+00,1.387207233484477165e+01,2.700000000000000178e+00
2.570255727925123135e-01,1.392461653285254997e+01,3.045758562976367934e+00,1.389711366742821852e+01,1.500016409785075666e+00,1.387207233604691048e+01,2.700000000000000178e+00
2.572255727925125135e-01,1.392461653388722986e+01,3.044327929516937203e+00,1.389711587428663186e+01,1.500016403346990046e+00,1.387207233724598332e+01,2.700000000000000178e+00
2.574255727925127135e-01,1.392461653491948148e+01,3.042900561065845721e+00,1.389711807547011801e+01,1.500016396928913309e+00,1.387207233844225662e+01,2.700000000000000178e+00
2.576255727925129135e-01,1.392461653594918225e+01,3.041476450171388457e+00,1.389712027099472635e+01,1.500016390527662224e+00,1.387207233963559361e+01,2.700000000000000178e+00
2.578255727925131136e-01,1.392461653697630197e+01,3.040055589401673863e+00,1.389712246087647962e+01,1.500016384143009418e+00,1.387207234082598539e+01,2.700000000000000178e+00
2.580255727925133136e-01,1.392461653800101473e+01,3.038637971336295873e+00,1.389712464513151069e+01,1.500016377781093979e+00,1.387207234201359540e+01,2.700000000000000178e+00
2.582255727925135136e-01,1.392461653902310204e+01,3.037223588575506561e+00,1.389712682377572150e+01,1.500016371431911466e+00,1.387207234319821048e+01,2.700000000000000178e+00
2.584255727925137136e-01,1.392461654004267224e+01,3.035812433736750471e+00,1.389712899682504954e+01,1.500016365102055715e+00,1.387207234437993009e+01,2.700000000000000178e+00
2.586255727925139136e-01,1.392461654105986746e+01,3.034404499451829995e+00,1.389713116429547668e+01,1.500016358792663596e+00,1.387207234555891233e+01,2.700000000000000178e+00
2.588255727925141136e-01,1.392461654207454913e+01,3.032999778372200250e+00,1.389713332620273611e+01,1.500016352498278138e+00,1.387207234673500800e+01,2.700000000000000178e+00
2.590255727925143137e-01,1.392461654308662311e+01,3.031598263163852724e+00,1.389713548256248288e+01,1.500016346223219443e+00,1.387207234790813004e+01,2.700000000000000178e+00
2.592255727925145137e-01,1.392461654409634875e+01,3.030199946510182318e+00,1.389713763339069175e+01,1.500016339964076906e+00,1.387207234907853248e+01,2.700000000000000178e+00
2.594255727925147137e-01,1.392461654510351465e+01,3.028804821112089485e+00,1.389713977870279749e+01,1.500016333724261131e+00,1.387207235024601637e+01,2.700000000000000178e+00
2.596255727925149137e-01,1.392461654610824162e+01,3.027412879685833058e+00,1.389714191851453151e+01,1.500016327500588886e+00,1.387207235141068296e+01,2.700000000000000178e+00
2.598255727925151137e-01,1.392461654711063801e+01,3.026024114964685374e+00,1.389714405284154886e+01,1.500016321295788657e+00,1.387207235257266547e+01,2.700000000000000178e+00
2.600255727925153137e-01,1.392461654811040006e+01,3.024638519698609418e+00,1.389714618169906224e+01,1.500016315108496201e+00,1.387207235373164238e+01,2.700000000000000178e+00
2.602255727925155138e-01,1.392461654910773206e+01,3.023256086656096464e+00,1.389714830510273202e+01,1.500016308937802023e+00,1.387207235488782686e+01,2.700000000000000178e+00
2.604255727925157138e-01,1.392461655010276367e+01,3.021876808618022103e+00,1.389715042306809778e+01,1.500016302784388245e+00,1.387207235604135391e+01,2.700000000000000178e+00
2.606255727925159138e-01,1.392461655109521956e+01,3.020500678385649618e+00,1.389715253561024433e+01,1.500016296648027492e+00,1.387207235719193932e+01,2.700000000000000178e+00
2.608255727925161138e-01,1.392461655208535198e+01,3.019127688773912688e+00,1.389715464274470413e+01,1.500016290529401886e+00,1.387207235833984065e+01,2.700000000000000178e+00
2.610255727925163138e-01,1.392461655307302415e+01,3.017757832618055414e+00,1.389715674448660110e+01,1.500016284426237689e+00,1.387207235948491579e+01,2.700000000000000178e+00
2.612255727925165139e-01,1.392461655405828580e+01,3.016391102763294363e+00,1.389715884085118880e+01,1.500016278342855003e+00,1.387207236062722870e+01,2.700000000000000178e+00
2.614255727925167139e-01,1.392461655504106588e+01,3.015027492076649995e+00,1.389716093185355028e+01,1.500016272275161100e+00,1.387207236176669589e+01,2.700000000000000178e+00
2.616255727925169139e-01,1.392461655602159709e+01,3.013666993435331065e+00,1.389716301750899952e+01,1.500016266226111838e+00,1.387207236290356605e+01,2.700000000000000178e+00
2.618255727925171139e-01,1.392461655699961298e+01,3.012309599739880550e+00,1.389716509783239395e+01,1.500016260192523987e+00,1.387207236403755317e+01,2.700000000000000178e+00
2.620255727925173139e-01,1.392461655797527875e+01,3.010955303907458802e+00,1.389716717283883440e+01,1.500016254175534414e+00,1.387207236516884556e+01,2.700000000000000178e+00
2.622255727925175139e-01,1.392461655894858197e+01,3.009604098870699573e+00,1.389716924254326891e+01,1.500016248175825240e+00,1.387207236629740592e+01,2.700000000000000178e+00
2.624255727925177140e-01,1.392461655991945690e+01,3.008255977564057382e+00,1.389717130696057623e+01,1.500016242192714344e+00,1.387207236742319871e+01,2.700000000000000178e+00
2.626255727925179140e-01,1.392461656088805988e+01,3.006910932959075300e+00,1.389717336610575416e+01,1.500016236227111222e+00,1.387207236854635717e+01,2.700000000000000178e+00
2.628255727925181140e-01,1.392461656185419194e+01,3.005568958031926918e+00,1.389717541999342920e+01,1.500016230276742135e+00,1.387207236966669477e+01,2.700000000000000178e+00
2.630255727925183140e-01,1.392461656281794369e+01,3.004230045776955738e+00,1.389717746863843928e+01,1.500016224342971327e+00,1.387207237078429678e+01,2.700000000000000178e+00
2.632255727925185140e-01,1.392461656377953538e+01,3.002894189203391573e+00,1.389717951205567381e+01,1.500016218428754655e+00,1.387207237189939235e+01,2.700000000000000178e+00
2.634255727925187140e-01,1.392461656473851406e+01,3.001561381337837009e+00,1.389718155025944490e+01,1.500016212527270909e+00,1.387207237301151785e+01,2.700000000000000178e+00
2.636255727925189141e-01,1.392461656569545880e+01,3.000231615222905379e+00,1.389718358326488712e+01,1.500016206644431804e+00,1.387207237412127014e+01,2.700000000000000178e+00
2.638255727925191141e-01,1.392461656664984915e+01,2.998904883917271835e+00,1.389718561108605499e+01,1.500016200777736231e+00,1.387207237522811099e+01,2.700000000000000178e+00
2.640255727925193141e-01,1.392461656760199062e+01,2.997581180494225617e+00,1.389718763373777044e+01,1.500016194927184188e+00,1.387207237633235657e+01,2.700000000000000178e+00
2.642255727925195141e-01,1.392461656855179974e+01,2.996260498043626264e+00,1.389718965123445038e+01,1.500016189092548302e+00,1.387207237743392341e+01,2.700000000000000178e+00
2.644255727925197141e-01,1.392461656949928717e+01,2.994942829670216966e+00,1.389719166359055791e+01,1.500016183274510695e+00,1.387207237853282393e+01,2.700000000000000178e+00
2.646255727925199142e-01,1.392461657044448664e+01,2.993628168496544895e+00,1.389719367082045665e+01,1.500016177472843992e+00,1.387207237962908302e+01,2.700000000000000178e+00
2.648255727925201142e-01,1.392461657138732889e+01,2.992316507658968838e+00,1.389719567293846580e+01,1.500016171685956579e+00,1.387207238072265270e+01,2.700000000000000178e+00
2.650255727925203142e-01,1.392461657232801642e+01,2.991007840310154542e+00,1.389719766995902894e+01,1.500016165917486433e+00,1.387207238181372126e+01,2.700000000000000178e+00
2.652255727925205142e-01,1.392461657326622770e+01,2.989702159617815269e+00,1.389719966189610467e+01,1.500016160163568202e+00,1.387207238290196187e+01,2.700000000000000178e+00
2.654255727925207142e-01,1.392461657420222743e+01,2.988399458766220818e+00,1.389720164876418096e+01,1.500016154424429260e+00,1.387207238398764986e+01,2.700000000000000178e+00
2.656255727925209142e-01,1.392461657513596940e+01,2.987099730955587340e+00,1.389720363057728569e+01,1.500016148703480212e+00,1.387207238507074436e+01,2.700000000000000178e+00
2.658255727925211143e-01,1.392461657606736658e+01,2.985802969399702800e+00,1.389720560734949473e+01,1.500016142997310453e+00,1.387207238615115124e+01,2.700000000000000178e+00
2.660255727925213143e-01,1.392461657699662503e+01,2.984509167329619128e+00,1.389720757909505267e+01,1.500016137308421094e+00,1.387207238722907121e+01,2.700000000000000178e+00
2.662255727925215143e-01,1.392461657792358842e+01,2.983218317990949942e+00,1.389720954582782930e+01,1.500016131634765770e+00,1.387207238830437284e+01,2.700000000000000178e+00
2.664255727925217143e-01,1.392461657884824255e+01,2.981930414644775151e+00,1.389721150756181167e+01,1.500016125975889736e+00,1.387207238937701348e+01,2.700000000000000178e+00
2.666255727925219143e-01,1.392461657977066558e+01,2.980645450567934507e+00,1.389721346431097260e+01,1.500016120333384606e+00,1.387207239044709262e+01,2.700000000000000178e+00
2.668255727925221144e-01,1.392461658069087349e+01,2.979363419052576845e+00,1.389721541608922095e+01,1.500016114704976644e+00,1.387207239151461557e+01,2.700000000000000178e+00
2.670255727925223144e-01,1.392461658160879878e+01,2.978084313405853667e+00,1.389721736291030751e+01,1.500016109093849082e+00,1.387207239257952374e+01,2.700000000000000178e+00
2.672255727925225144e-01,1.392461658252457113e+01,2.976808126950145628e+00,1.389721930478817313e+01,1.500016103498410303e+00,1.387207239364193612e+01,2.700000000000000178e+00
2.674255727925227144e-01,1.392461658343806441e+01,2.975534853022735238e+00,1.389722124173645845e+01,1.500016097917523439e+00,1.387207239470173725e+01,2.700000000000000178e+00
2.676255727925229144e-01,1.392461658434928928e+01,2.974264484977451328e+00,1.389722317376884497e+01,1.500016092351643238e+00,1.387207239575894313e+01,2.700000000000000178e+00
2.678255727925231144e-01,1.392461658525836476e+01,2.972997016182691077e+00,1.389722510089913676e+01,1.500016086801451820e+00,1.387207239681366033e+01,2.700000000000000178e+00
2.680255727925233145e-01,1.392461658616532105e+01,2.971732440021126909e+00,1.389722702314092651e+01,1.500016081268540802e+00,1.387207239786593505e+01,2.700000000000000178e+00
2.682255727925235145e-01,1.392461658706987393e+01,2.970470749890369078e+00,1.389722894050758129e+01,1.500016075749499578e+00,1.387207239891545996e+01,2.700000000000000178e+00
2.684255727925237145e-01,1.392461658797236268e+01,2.969211939205722572e+00,1.389723085301294425e+01,1.500016070244328148e+00,1.387207239996259212e+01,2.700000000000000178e+00
2.686255727925239145e-01,1.392461658887254039e+01,2.967956001393910803e+00,1.389723276067023150e+01,1.500016064756209744e+00,1.387207240100708816e+01,2.700000000000000178e+00
2.688255727925241145e-01,1.392461658977067351e+01,2.966702929901072316e+00,1.389723466349316361e+01,1.500016059283325376e+00,1.387207240204921277e+01,2.700000000000000178e+00
2.690255727925243145e-01,1.392461659066649204e+01,2.965452718181900593e+00,1.389723656149491404e+01,1.500016053823401307e+00,1.387207240308869416e+01,2.700000000000000178e+00
2.692255727925245146e-01,1.392461659156030862e+01,2.964205359712776211e+00,1.389723845468909502e+01,1.500016048380302891e+00,1.387207240412583786e+01,2.700000000000000178e+00
2.694255727925247146e-01,1.392461659245182126e+01,2.962960847981376489e+00,1.389724034308873257e+01,1.500016042952438511e+00,1.387207240516035434e+01,2.700000000000000178e+00
2.696255727925249146e-01,1.392461659334112056e+01,2.961719176489919558e+00,1.389724222670721865e+01,1.500016037538671299e+00,1.387207240619233417e+01,2.700000000000000178e+00
2.698255727925251146e-01,1.392461659422845344e+01,2.960480338757131680e+00,1.389724410555799317e+01,1.500016032141274991e+00,1.387207240722202251e+01,2.700000000000000178e+00
2.700255727925253146e-01,1.392461659511353034e+01,2.959244328316316786e+00,1.389724597965402708e+01,1.500016026755474741e+00,1.387207240824912624e+01,2.700000000000000178e+00
2.702255727925255147e-01,1.392461659599637436e+01,2.958011138714297328e+00,1.389724784900838905e+01,1.500016021387864384e+00,1.387207240927367735e+01,2.700000000000000178e+00
2.704255727925257147e-01,1.392461659687723063e+01,2.956780763513818577e+00,1.389724971363449235e+01,1.500016016033669075e+00,1.387207241029591209e+01,2.700000000000000178e+00
2.706255727925259147e-01,1.392461659775582206e+01,2.955553196291114126e+00,1.389725157354512852e+01,1.500016010693570934e+00,1.387207241131556401e+01,2.700000000000000178e+00
2.708255727925261147e-01,1.392461659863242929e+01,2.954328430637886527e+00,1.389725342875354919e+01,1.500016005370071071e+00,1.387207241233289956e+01,2.700000000000000178e+00
2.710255727925263147e-01,1.392461659950683561e+01,2.953106460160989766e+00,1.389725527927258142e+01,1.500016000058394638e+00,1.387207241334772512e+01,2.700000000000000178e+00
2.712255727925265147e-01,1.392461660037914584e+01,2.951887278480515242e+00,1.389725712511524236e+01,1.500015994763316485e+00,1.387207241436012772e+01,2.700000000000000178e+00
2.714255727925267148e-01,1.392461660124939371e+01,2.950670879232073940e+00,1.389725896629445145e+01,1.500015989483017620e+00,1.387207241537015179e+01,2.700000000000000178e+00
2.716255727925269148e-01,1.392461660211738383e+01,2.949457256066478461e+00,1.389726080282287946e+01,1.500015984216588549e+00,1.387207241637759836e+01,2.700000000000000178e+00
2.718255727925271148e-01,1.392461660298334536e+01,2.948246402646389708e+00,1.389726263471359324e+01,1.500015978964256647e+00,1.387207241738269659e+01,2.700000000000000178e+00
2.720255727925273148e-01,1.392461660384716637e+01,2.947038312651893310e+00,1.389726446197923870e+01,1.500015973726249285e+00,1.387207241838533278e+01,2.700000000000000178e+00
2.722255727925275148e-01,1.392461660470892504e+01,2.945832979775773186e+00,1.389726628463263580e+01,1.500015968503021213e+00,1.387207241938559399e+01,2.700000000000000178e+00
2.724255727925277148e-01,1.392461660556869241e+01,2.944630397728124294e+00,1.389726810268653701e+01,1.500015963294345056e+00,1.387207242038355126e+01,2.700000000000000178e+00
2.726255727925279149e-01,1.392461660642634591e+01,2.943430560227812354e+00,1.389726991615349405e+01,1.500015958099993441e+00,1.387207242137907315e+01,2.700000000000000178e+00
2.728255727925281149e-01,1.392461660728173989e+01,2.942233461012673246e+00,1.389727172504600006e+01,1.500015952917692630e+00,1.387207242237202820e+01,2.700000000000000178e+00
2.730255727925283149e-01,1.392461660813531132e+01,2.941039093831277818e+00,1.389727352937698335e+01,1.500015947755173329e+00,1.387207242336283919e+01,2.700000000000000178e+00
2.732255727925285149e-01,1.392461660898674047e+01,2.939847452451216370e+00,1.389727532915876118e+01,1.500015942600612107e+00,1.387207242435120058e+01,2.700000000000000178e+00
2.734255727925287149e-01,1.392461660983602201e+01,2.938658530649920220e+00,1.389727712440376983e+01,1.500015937463558657e+00,1.387207242533709639e+01,2.700000000000000178e+00
2.736255727925289150e-01,1.392461661068333711e+01,2.937472322221948762e+00,1.389727891512467650e+01,1.500015932338556013e+00,1.387207242632071491e+01,2.700000000000000178e+00
2.738255727925291150e-01,1.392461661152852059e+01,2.936288820974012559e+00,1.389728070133372029e+01,1.500015927228560031e+00,1.387207242730189094e+01,2.700000000000000178e+00
2.740255727925293150e-01,1.392461661237175363e+01,2.935108020728316003e+00,1.389728248304346003e+01,1.500015922132888591e+00,1.387207242828080744e+01,2.700000000000000178e+00
2.742255727925295150e-01,1.392461661321292254e+01,2.933929915320669934e+00,1.389728426026611530e+01,1.500015917049267955e+00,1.387207242925735429e+01,2.700000000000000178e+00
2.744255727925297150e-01,1.392461661405202022e+01,2.932754498600504522e+00,1.389728603301399978e+01,1.500015911981790850e+00,1.387207243023151726e+01,2.700000000000000178e+00
2.746255727925299150e-01,1.392461661488911950e+01,2.931581764431417714e+00,1.389728780129943253e+01,1.500015906927501419e+00,1.387207243120337097e+01,2.700000000000000178e+00
2.748255727925301151e-01,1.392461661572417597e+01,2.930411706691859131e+00,1.389728956513463309e+01,1.500015901885944913e+00,1.387207243217287633e+01,2.700000000000000178e+00
2.750255727925303151e-01,1.392461661655722160e+01,2.929244319271811392e+00,1.389729132453178195e+01,1.500015896858485576e+00,1.387207243314006710e+01,2.700000000000000178e+00
2.752255727925305151e-01,1.392461661738829548e+01,2.928079596079561586e+00,1.389729307950303827e+01,1.500015891846715022e+00,1.387207243410497703e+01,2.700000000000000178e+00
2.754255727925307151e-01,1.392461661821724128e+01,2.926917531034139319e+00,1.389729483006044042e+01,1.500015886846767899e+00,1.387207243506745691e+01,2.700000000000000178e+00
2.756255727925309151e-01,1.392461661904436632e+01,2.925758118069015978e+00,1.389729657621629499e+01,1.500015881860690570e+00,1.387207243602779982e+01,2.700000000000000178e+00
2.758255727925311152e-01,1.392461661986939880e+01,2.924601351131900007e+00,1.389729831798242721e+01,1.500015876887800914e+00,1.387207243698575709e+01,2.700000000000000178e+00
2.760255727925313152e-01,1.392461662069235651e+01,2.923447224183132409e+00,1.389730005537080260e+01,1.500015871928326305e+00,1.387207243794133582e+01,2.700000000000000178e+00
2.762255727925315152e-01,1.392461662151347213e+01,2.922295731197926738e+00,1.389730178839363361e+01,1.500015866982266743e+00,1.387207243889476693e+01,2.700000000000000178e+00
2.764255727925317152e-01,1.392461662233256625e+01,2.921146866165746925e+00,1.389730351706265310e+01,1.500015862051895965e+00,1.387207243984587279e+01,2.700000000000000178e+00
2.766255727925319152e-01,1.392461662314958559e+01,2.920000623087179115e+00,1.389730524138972179e+01,1.500015857132211750e+00,1.387207244079460722e+01,2.700000000000000178e+00
2.768255727925321152e-01,1.392461662396478772e+01,2.918856995980623203e+00,1.389730696138689581e+01,1.500015852227988944e+00,1.387207244174122067e+01,2.700000000000000178e+00
2.770255727925323153e-01,1.392461662477795770e+01,2.917715978874873883e+00,1.389730867706581918e+01,1.500015847336044317e+00,1.387207244268549822e+01,2.700000000000000178e+00
2.772255727925325153e-01,1.392461662558911506e+01,2.916577565813758266e+00,1.389731038843827626e+01,1.500015842457059989e+00,1.387207244362747183e+01,2.700000000000000178e+00
2.774255727925327153e-01,1.392461662639843567e+01,2.915441750853612124e+00,1.389731209551618285e+01,1.500015837590126466e+00,1.387207244456731026e+01,2.700000000000000178e+00
2.776255727925329153e-01,1.392461662720574722e+01,2.914308528066261061e+00,1.389731379831106750e+01,1.500015832738654353e+00,1.387207244550483765e+01,2.700000000000000178e+00
2.778255727925331153e-01,1.392461662801101063e+01,2.913177891533928587e+00,1.389731549683451206e+01,1.500015827898778298e+00,1.387207244644002024e+01,2.700000000000000178e+00
2.780255727925333153e-01,1.392461662881449058e+01,2.912049835356407712e+00,1.389731719109845898e+01,1.500015823074136279e+00,1.387207244737311918e+01,2.700000000000000178e+00
2.782255727925335154e-01,1.392461662961585489e+01,2.910924353642912799e+00,1.389731888111418989e+01,1.500015818259953448e+00,1.387207244830381114e+01,2.700000000000000178e+00
2.784255727925337154e-01,1.392461663041548903e+01,2.909801440519434568e+00,1.389732056689356909e+01,1.500015813461914149e+00,1.387207244923247984e+01,2.700000000000000178e+00
2.786255727925339154e-01,1.392461663121304127e+01,2.908681090121883805e+00,1.389732224844785868e+01,1.500015808673879292e+00,1.387207245015876467e+01,2.700000000000000178e+00
2.788255727925341154e-01,1.392461663200872657e+01,2.907563296602456049e+00,1.389732392578869025e+01,1.500015803900623723e+00,1.387207245108290010e+01,2.700000000000000178e+00
2.790255727925343154e-01,1.392461663280254136e+01,2.906448054127723335e+00,1.389732559892754793e+01,1.500015799139646333e+00,1.387207245200486128e+01,2.700000000000000178e+00
2.792255727925345155e-01,1.392461663359432755e+01,2.905335356874306996e+00,1.389732726787564410e+01,1.500015794392083990e+00,1.387207245292450430e+01,2.700000000000000178e+00
2.794255727925347155e-01,1.392461663438430541e+01,2.904225199033386939e+00,1.389732893264465474e+01,1.500015789655890330e+00,1.387207245384205301e+01,2.700000000000000178e+00
2.796255727925349155e-01,1.392461663517230797e+01,2.903117574810269108e+00,1.389733059324569275e+01,1.500015784933111718e+00,1.387207245475732442e+01,2.700000000000000178e+00
2.798255727925351155e-01,1.392461663595846844e+01,2.902012478421319486e+00,1.389733224969022807e+01,1.500015780223748152e+00,1.387207245567047309e+01,2.700000000000000178e+00
2.800255727925353155e-01,1.392461663674280814e+01,2.900909904099039149e+00,1.389733390198955121e+01,1.500015775526208017e+00,1.387207245658150967e+01,2.700000000000000178e+00
2.802255727925355155e-01,1.392461663752514944e+01,2.899809846085903420e+00,1.389733555015472533e+01,1.500015770841628182e+00,1.387207245749025120e+01,2.700000000000000178e+00
2.804255727925357156e-01,1.392461663830564866e+01,2.898712298640220286e+00,1.389733719419708713e+01,1.500015766169781273e+00,1.387207245839686465e+01,2.700000000000000178e+00
2.806255727925359156e-01,1.392461663908421876e+01,2.897617256031813859e+00,1.389733883412775306e+01,1.500015761511122037e+00,1.387207245930126831e+01,2.700000000000000178e+00
2.808255727925361156e-01,1.392461663986105336e+01,2.896524712544475300e+00,1.389734046995802963e+01,1.500015756866105221e+00,1.387207246020364160e+01,2.700000000000000178e+00
2.810255727925363156e-01,1.392461664063582560e+01,2.895434662474376530e+00,1.389734210169872952e+01,1.500015752230865473e+00,1.387207246110367187e+01,2.700000000000000178e+00
2.812255727925365156e-01,1.392461664140886946e+01,2.894347100131023698e+00,1.389734372936120721e+01,1.500015747609495520e+00,1.387207246200168242e+01,2.700000000000000178e+00
2.814255727925367156e-01,1.392461664218003037e+01,2.893262019837570698e+00,1.389734535295638906e+01,1.500015742999039503e+00,1.387207246289753293e+01,2.700000000000000178e+00
2.816255727925369157e-01,1.392461664294933676e+01,2.892179415928801234e+00,1.389734697249527606e+01,1.500015738402908028e+00,1.387207246379123049e+01,2.700000000000000178e+00
2.818255727925371157e-01,1.392461664371669627e+01,2.891099282752488175e+00,1.389734858798870754e+01,1.500015733818145236e+00,1.387207246468271116e+01,2.700000000000000178e+00
2.820255727925373157e-01,1.392461664448235403e+01,2.890021614672580341e+00,1.389735019944791716e+01,1.500015729247024865e+00,1.387207246557220230e+01,2.700000000000000178e+00
2.822255727925375157e-01,1.392461664524615017e+01,2.888946406059950345e+00,1.389735180688360927e+01,1.500015724687273178e+00,1.387207246645954584e+01,2.700000000000000178e+00
2.824255727925377157e-01,1.392461664600797633e+01,2.887873651302709455e+00,1.389735341030658589e+01,1.500015720138890174e+00,1.387207246734464405e+01,2.700000000000000178e+00
2.826255727925379158e-01,1.392461664676808297e+01,2.886803344801603721e+00,1.389735500972786753e+01,1.500015715603467470e+00,1.387207246822773676e+01,2.700000000000000178e+00
2.828255727925381158e-01,1.392461664752638129e+01,2.885735480969150224e+00,1.389735660515820648e+01,1.500015711081687186e+00,1.387207246910873515e+01,2.700000000000000178e+00
2.830255727925383158e-01,1.392461664828274870e+01,2.884670054229723668e+00,1.389735819660823424e+01,1.500015706570366092e+00,1.387207246998753263e+01,2.700000000000000178e+00
2.832255727925385158e-01,1.392461664903737351e+01,2.883607059020822483e+00,1.389735978408886652e+01,1.500015702072460044e+00,1.387207247086430328e+01,2.700000000000000178e+00
2.834255727925387158e-01,1.392461664979019531e+01,2.882546489794982403e+00,1.389736136761075969e+01,1.500015697584558438e+00,1.387207247173899205e+01,2.700000000000000178e+00
2.836255727925389158e-01,1.392461665054128517e+01,2.881488341013013432e+00,1.389736294718462872e+01,1.500015693110071879e+00,1.387207247261167531e+01,2.700000000000000178e+00
2.838255727925391159e-01,1.392461665129046189e+01,2.880432607153539770e+00,1.389736452282096124e+01,1.500015688647408751e+00,1.387207247348216121e+01,2.700000000000000178e+00
2.840255727925393159e-01,1.392461665203786403e+01,2.879379282704222831e+00,1.389736609453043670e+01,1.500015684197705923e+00,1.387207247435059898e+01,2.700000000000000178e+00
2.842255727925395159e-01,1.392461665278338678e+01,2.878328362166973076e+00,1.389736766232360310e+01,1.500015679757098042e+00,1.387207247521688380e+01,2.700000000000000178e+00
2.844255727925397159e-01,1.392461665352730726e+01,2.877279840056007121e+00,1.389736922621118964e+01,1.500015675331724196e+00,1.387207247608128213e+01,2.700000000000000178e+00
2.846255727925399159e-01,1.392461665426932704e+01,2.876233710892933004e+00,1.389737078620348321e+01,1.500015670915217925e+00,1.387207247694351331e+01,2.700000000000000178e+00
2.848255727925401160e-01,1.392461665500963619e+01,2.875189969224711817e+00,1.389737234231109042e+01,1.500015666512581447e+00,1.387207247780375496e+01,2.700000000000000178e+00
2.850255727925403160e-01,1.392461665574801977e+01,2.874148609592768633e+00,1.389737389454426619e+01,1.500015662121541027e+00,1.387207247866179927e+01,2.700000000000000178e+00
2.852255727925405160e-01,1.392461665648473534e+01,2.873109626563222108e+00,1.389737544291367755e+01,1.500015657740959796e+00,1.387207247951790023e+01,2.700000000000000178e+00
2.854255727925407160e-01,1.392461665721971542e+01,2.872073014714366046e+00,1.389737698742963445e+01,1.500015653373566238e+00,1.387207248037199214e+01,2.700000000000000178e+00
2.856255727925409160e-01,1.392461665795290315e+01,2.871038768636806182e+00,1.389737852810238650e+01,1.500015649017996111e+00,1.387207248122402703e+01,2.700000000000000178e+00
2.858255727925411160e-01,1.392461665868428966e+01,2.870006882933510362e+00,1.389738006494230405e+01,1.500015644673339921e+00,1.387207248207398713e+01,2.700000000000000178e+00
2.860255727925413161e-01,1.392461665941398152e+01,2.868977352217289667e+00,1.389738159795972905e+01,1.500015640339825040e+00,1.387207248292197903e+01,2.700000000000000178e+00
2.862255727925415161e-01,1.392461666014181354e+01,2.867950171105667412e+00,1.389738312716476720e+01,1.500015636017451470e+00,1.387207248376784463e+01,2.700000000000000178e+00
2.864255727925417161e-01,1.392461666086800243e+01,2.866925334242536927e+00,1.389738465256786171e+01,1.500015631707583452e+00,1.387207248461178821e+01,2.700000000000000178e+00
2.866255727925419161e-01,1.392461666159250022e+01,2.865902836276578380e+00,1.389738617417914845e+01,1.500015627409993613e+00,1.387207248545378491e+01,2.700000000000000178e+00
2.868255727925421161e-01,1.392461666231516304e+01,2.864882671869669828e+00,1.389738769200866386e+01,1.500015623122180841e+00,1.387207248629366951e+01,2.700000000000000178e+00
2.870255727925423161e-01,1.392461666303610279e+01,2.863864835695349331e+00,1.389738920606661132e+01,1.500015618847100995e+00,1.387207248713156638e+01,2.700000000000000178e+00
2.872255727925425162e-01,1.392461666375535678e+01,2.862849322442285960e+00,1.389739071636313739e+01,1.500015614583844581e+00,1.387207248796751102e+01,2.700000000000000178e+00
2.874255727925427162e-01,1.392461666447282553e+01,2.861836126805434422e+00,1.389739222290824472e+01,1.500015610329455740e+00,1.387207248880140575e+01,2.700000000000000178e+00
2.876255727925429162e-01,1.392461666518861563e+01,2.860825243499305337e+00,1.389739372571202303e+01,1.500015606088936693e+00,1.387207248963335005e+01,2.700000000000000178e+00
2.878255727925431162e-01,1.392461666590284075e+01,2.859816667243595845e+00,1.389739522478465084e+01,1.500015601859331582e+00,1.387207249046346824e+01,2.700000000000000178e+00
2.880255727925433162e-01,1.392461666661508701e+01,2.858810392775217757e+00,1.389739672013565297e+01,1.500015597640185661e+00,1.387207249129134645e+01,2.700000000000000178e+00
2.882255727925435163e-01,1.392461666732581094e+01,2.857806414840563747e+00,1.389739821177545487e+01,1.500015593431726302e+00,1.387207249211743587e+01,2.700000000000000178e+00
2.884255727925437163e-01,1.392461666803470699e+01,2.856804728198774068e+00,1.389739969971362221e+01,1.500015589235317748e+00,1.387207249294142919e+01,2.700000000000000178e+00
2.886255727925439163e-01,1.392461666874200965e+01,2.855805327620172029e+00,1.389740118396035484e+01,1.500015585049368383e+00,1.387207249376357687e+01,2.700000000000000178e+00
2.888255727925441163e-01,1.392461666944759457e+01,2.854808207886820881e+00,1.389740266452527706e+01,1.500015580877288812e+00,1.387207249458373504e+01,2.700000000000000178e+00
2.890255727925443163e-01,1.392461667015145821e+01,2.853813363794221569e+00,1.389740414141834712e+01,1.500015576711575704e+00,1.387207249540191256e+01,2.700000000000000178e+00
2.892255727925445163e-01,1.392461667085358812e+01,2.852820790148395513e+00,1.389740561464926749e+01,1.500015572559959764e+00,1.387207249621809879e+01,2.700000000000000178e+00
2.894255727925447164e-01,1.392461667155414418e+01,2.851830481767266612e+00,1.389740708422794668e+01,1.500015568420167256e+00,1.387207249703244827e+01,2.700000000000000178e+00
2.896255727925449164e-01,1.392461667225297361e+01,2.850842433482026816e+00,1.389740855016401966e+01,1.500015564289924441e+00,1.387207249784481711e+01,2.700000000000000178e+00
2.898255727925451164e-01,1.392461667295017946e+01,2.849856640134544872e+00,1.389741001246728480e+01,1.500015560171050311e+00,1.387207249865529590e+01,2.700000000000000178e+00
2.900255727925453164e-01,1.392461667364566402e+01,2.848873096577738462e+00,1.389741147114732378e+01,1.500015556062862743e+00,1.387207249946378873e+01,2.700000000000000178e+00
2.902255727925455164e-01,1.392461667433949124e+01,2.847891797677386094e+00,1.389741292621386037e+01,1.500015551966498606e+00,1.387207250027038086e+01,2.700000000000000178e+00
2.904255727925457164e-01,1.392461667503171441e+01,2.846912738312843860e+00,1.389741437767655619e+01,1.500015547878319921e+00,1.387207250107510426e+01,2.700000000000000178e+00
2.906255727925459165e-01,1.392461667572209016e+01,2.845935913369967984e+00,1.389741582554478860e+01,1.500015543802419415e+00,1.387207250187772445e+01,2.700000000000000178e+00
2.908255727925461165e-01,1.392461667641101286e+01,2.844961317750709817e+00,1.389741726982846259e+01,1.500015539737887593e+00,1.387207250267863934e+01,2.700000000000000178e+00
2.910255727925463165e-01,1.392461667709824269e+01,2.843988946367535409e+00,1.389741871053691646e+01,1.500015535685179202e+00,1.387207250347760024e+01,2.700000000000000178e+00
2.912255727925465165e-01,1.392461667778386136e+01,2.843018794143431727e+00,1.389742014767973011e+01,1.500015531641338384e+00,1.387207250427469596e+01,2.700000000000000178e+00
2.914255727925467165e-01,1.392461667846775342e+01,2.842050856014899374e+00,1.389742158126629512e+01,1.500015527608638877e+00,1.387207250506981460e+01,2.700000000000000178e+00
2.916255727925469166e-01,1.392461667915016399e+01,2.841085126928441618e+00,1.389742301130626068e+01,1.500015523586853305e+00,1.387207250586318708e+01,2.700000000000000178e+00
2.918255727925471166e-01,1.392461667983080176e+01,2.840121601841620436e+00,1.389742443780881054e+01,1.500015519574617429e+00,1.387207250665455049e+01,2.700000000000000178e+00
2.920255727925473166e-01,1.392461668050985679e+01,2.839160275726165583e+00,1.389742586078345710e+01,1.500015515574204983e+00,1.387207250744406650e+01,2.700000000000000178e+00
2.922255727925475166e-01,1.392461668118730600e+01,2.838201143562278705e+00,1.389742728023959906e+01,1.500015511585161221e+00,1.387207250823172444e+01,2.700000000000000178e+00
2.924255727925477166e-01,1.392461668186314228e+01,2.837244200342250888e+00,1.389742869618654630e+01,1.500015507606804022e+00,1.387207250901752253e+01,2.700000000000000178e+00
2.926255727925479166e-01,1.392461668253729634e+01,2.836289441070633188e+00,1.389743010863360340e+01,1.500015503635950154e+00,1.387207250980138440e+01,2.700000000000000178e+00
2.928255727925481167e-01,1.392461668320983925e+01,2.835336860765243383e+00,1.389743151759000916e+01,1.500015499678056585e+00,1.387207251058338642e+01,2.700000000000000178e+00
2.930255727925483167e-01,1.392461668388097173e+01,2.834386454452657134e+00,1.389743292306529554e+01,1.500015495730394832e+00,1.387207251136372754e+01,2.700000000000000178e+00
2.932255727925485167e-01,1.392461668455024260e+01,2.833438217170184181e+00,1.389743432506822884e+01,1.500015491792964895e+00,1.387207251214195836e+01,2.700000000000000178e+00
2.934255727925487167e-01,1.392461668521812079e+01,2.832492143968919684e+00,1.389743572360848489e+01,1.500015487865994146e+00,1.387207251291854249e+01,2.700000000000000178e+00
2.936255727925489167e-01,1.392461668588434520e+01,2.831548229909139458e+00,1.389743711869494724e+01,1.500015483949709960e+00,1.387207251369323480e+01,2.700000000000000178e+00
2.938255727925491168e-01,1.392461668654892470e+01,2.830606470062584812e+00,1.389743851033680677e+01,1.500015480042293348e+00,1.387207251446602640e+01,2.700000000000000178e+00
2.940255727925493168e-01,1.392461668721191081e+01,2.829666859514565758e+00,1.389743989854320638e+01,1.500015476146245419e+00,1.387207251523698126e+01,2.700000000000000178e+00
2.942255727925495168e-01,1.392461668787322715e+01,2.828729393358142552e+00,1.389744128332318240e+01,1.500015472259519811e+00,1.387207251600602120e+01,2.700000000000000178e+00
2.944255727925497168e-01,1.392461668853314549e+01,2.827794066700770603e+00,1.389744266468603406e+01,1.500015468384845008e+00,1.387207251677341802e+01,2.700000000000000178e+00
2.946255727925499168e-01,1.392461668919134254e+01,2.826860874658557510e+00,1.389744404264054012e+01,1.500015464517218788e+00,1.387207251753884130e+01,2.700000000000000178e+00
2.948255727925501168e-01,1.392461668984815759e+01,2.825929812360943316e+00,1.389744541719597137e+01,1.500015460664144484e+00,1.387207251830264809e+01,2.700000000000000178e+00
2.950255727925503169e-01,1.392461669050329043e+01,2.825000874947150908e+00,1.389744678836104619e+01,1.500015456818573512e+00,1.387207251906451866e+01,2.700000000000000178e+00
2.952255727925505169e-01,1.392461669115687428e+01,2.824074057567190987e+00,1.389744815614489326e+01,1.500015452983461728e+00,1.387207251982459866e+01,2.700000000000000178e+00
2.954255727925507169e-01,1.392461669180890382e+01,2.823149355383531844e+00,1.389744952055641747e+01,1.500015449157217517e+00,1.387207252058288809e+01,2.700000000000000178e+00
2.956255727925509169e-01,1.392461669245929023e+01,2.822226763567391217e+00,1.389745088160439401e+01,1.500015445342114617e+00,1.387207252133928748e+01,2.700000000000000178e+00
2.958255727925511169e-01,1.392461669310834793e+01,2.821306277303284649e+00,1.389745223929804219e+01,1.500015441538153027e+00,1.387207252209411301e+01,2.700000000000000178e+00
2.960255727925513169e-01,1.392461669375565414e+01,2.820387891786515056e+00,1.389745359364579258e+01,1.500015437743286384e+00,1.387207252284695258e+01,2.700000000000000178e+00
2.962255727925515170e-01,1.392461669440148775e+01,2.819471602222233031e+00,1.389745494465676501e+01,1.500015433959106304e+00,1.387207252359807441e+01,2.700000000000000178e+00
2.964255727925517170e-01,1.392461669504576882e+01,2.818557403826143837e+00,1.389745629233965474e+01,1.500015430183793796e+00,1.387207252434740390e+01,2.700000000000000178e+00
2.966255727925519170e-01,1.392461669568860394e+01,2.817645291827333587e+00,1.389745763670332757e+01,1.500015426420759468e+00,1.387207252509504229e+01,2.700000000000000178e+00
2.968255727925521170e-01,1.392461669632974441e+01,2.816735261463557904e+00,1.389745897775636863e+01,1.500015422662499986e+00,1.387207252584075512e+01,2.700000000000000178e+00
2.970255727925523170e-01,1.392461669696946558e+01,2.815827307983611583e+00,1.389746031550769167e+01,1.500015418918110299e+00,1.387207252658480705e+01,2.700000000000000178e+00
2.972255727925525171e-01,1.392461669760768217e+01,2.814921426648366864e+00,1.389746164996592981e+01,1.500015415181451317e+00,1.387207252732711282e+01,2.700000000000000178e+00
2.974255727925527171e-01,1.392461669824419346e+01,2.814017612728207496e+00,1.389746298113953671e+01,1.500015411455706271e+00,1.387207252806748059e+01,2.700000000000000178e+00
2.976255727925529171e-01,1.392461669887945774e+01,2.813115861505202986e+00,1.389746430903763219e+01,1.500015407742466778e+00,1.387207252880636155e+01,2.700000000000000178e+00
2.978255727925531171e-01,1.392461669951299719e+01,2.812216168271236771e+00,1.389746563366837329e+01,1.500015404035138999e+00,1.387207252954328141e+01,2.700000000000000178e+00
2.980255727925533171e-01,1.392461670014512443e+01,2.811318528330349231e+00,1.389746695504066309e+01,1.500015400337360916e+00,1.387207253027855813e+01,2.700000000000000178e+00
2.982255727925535171e-01,1.392461670077571334e+01,2.810422936995604193e+00,1.389746827316290911e+01,1.500015396651633637e+00,1.387207253101205673e+01,2.700000000000000178e+00
2.984255727925537172e-01,1.392461670140483321e+01,2.809529389592475557e+00,1.389746958804375332e+01,1.500015392974773931e+00,1.387207253174385357e+01,2.700000000000000178e+00
2.986255727925539172e-01,1.392461670203239521e+01,2.808637881456407470e+00,1.389747089969163873e+01,1.500015389307236546e+00,1.387207253247385630e+01,2.700000000000000178e+00
2.988255727925541172e-01,1.392461670265858942e+01,2.807748407932992851e+00,1.389747220811520911e+01,1.500015385649703603e+00,1.387207253320225142e+01,2.700000000000000178e+00
2.990255727925543172e-01,1.392461670328316892e+01,2.806860964378248724e+00,1.389747351332274050e+01,1.500015382000356112e+00,1.387207253392880979e+01,2.700000000000000178e+00
2.992255727925545172e-01,1.392461670390635398e+01,2.805975546159819700e+00,1.389747481532285356e+01,1.500015378362149931e+00,1.387207253465373213e+01,2.700000000000000178e+00
2.994255727925547172e-01,1.392461670452800071e+01,2.805092148656490370e+00,1.389747611412382255e+01,1.500015374732356577e+00,1.387207253537688878e+01,2.700000000000000178e+00
2.996255727925549173e-01,1.392461670514820504e+01,2.804210767254857295e+00,1.389747740973417223e+01,1.500015371113249785e+00,1.387207253609836677e+01,2.700000000000000178e+00
2.998255727925551173e-01,1.392461670576683197e+01,2.803331397355051990e+00,1.389747870216211822e+01,1.500015367501418950e+00,1.387207253681804531e+01,2.700000000000000178e+00
3.000255727925553173e-01,1.392461670638407689e+01,2.802454034364290081e+00,1.389747999141617463e+01,1.500015363901866294e+00,1.387207253753610026e+01,2.700000000000000178e+00
3.002255727925555173e-01,1.392461670699980836e+01,2.801578673706189182e+00,1.389748127750459084e+01,1.500015360309589596e+00,1.387207253825241970e+01,2.700000000000000178e+00
3.004255727925557173e-01,1.392461670761418802e+01,2.800705310806872905e+00,1.389748256043576013e+01,1.500015356728454208e+00,1.387207253896715820e+01,2.700000000000000178e+00
3.006255727925559174e-01,1.392461670822699027e+01,2.799833941108587076e+00,1.389748384021779692e+01,1.500015353154140030e+00,1.387207253968008658e+01,2.700000000000000178e+00
3.008255727925561174e-01,1.392461670883830394e+01,2.798964560064335139e+00,1.389748511685898080e+01,1.500015349591421909e+00,1.387207254039129545e+01,2.700000000000000178e+00
3.010255727925563174e-01,1.392461670944834751e+01,2.798097163133173471e+00,1.389748639036779387e+01,1.500015346037116615e+00,1.387207254110100862e+01,2.700000000000000178e+00
3.012255727925565174e-01,1.392461671005669999e+01,2.797231745788400836e+00,1.389748766075197395e+01,1.500015342492361015e+00,1.387207254180880689e+01,2.700000000000000178e+00
3.014255727925567174e-01,1.392461671066382500e+01,2.796368303511040487e+00,1.389748892802018965e+01,1.500015338956700361e+00,1.387207254251514676e+01,2.700000000000000178e+00
3.016255727925569174e-01,1.392461671126939038e+01,2.795506831793920011e+00,1.389749019218026582e+01,1.500015335430589403e+00,1.387207254321969785e+01,2.700000000000000178e+00
3.018255727925571175e-01,1.392461671187360572e+01,2.794647326140863086e+00,1.389749145324053536e+01,1.500015331912436523e+00,1.387207254392268041e+01,2.700000000000000178e+00
3.020255727925573175e-01,1.392461671247629695e+01,2.793789782063166527e+00,1.389749271120892438e+01,1.500015328404515458e+00,1.387207254462390793e+01,2.700000000000000178e+00
3.022255727925575175e-01,1.392461671307751203e+01,2.792934195084989302e+00,1.389749396609356857e+01,1.500015324904779845e+00,1.387207254532343548e+01,2.700000000000000178e+00
3.024255727925577175e-01,1.392461671367741793e+01,2.792080560740660911e+00,1.389749521790267295e+01,1.500015321415503422e+00,1.387207254602143536e+01,2.700000000000000178e+00
3.026255727925579175e-01,1.392461671427578906e+01,2.791228874571924035e+00,1.389749646664407123e+01,1.500015317934867198e+00,1.387207254671767132e+01,2.700000000000000178e+00
3.028255727925581176e-01,1.392461671487287234e+01,2.790379132134132245e+00,1.389749771232600750e+01,1.500015314463098548e+00,1.387207254741239026e+01,2.700000000000000178e+00
3.030255727925583176e-01,1.392461671546842616e+01,2.789531328991065706e+00,1.389749895495621779e+01,1.500015311001561713e+00,1.387207254810536661e+01,2.700000000000000178e+00
3.032255727925585176e-01,1.392461671606257667e+01,2.788685460715908171e+00,1.389750019454284136e+01,1.500015307546163967e+00,1.387207254879671936e+01,2.700000000000000178e+00
3.034255727925587176e-01,1.392461671665528478e+01,2.787841522893468760e+00,1.389750143109373326e+01,1.500015304101452784e+00,1.387207254948639701e+01,2.700000000000000178e+00
3.036255727925589176e-01,1.392461671724672811e+01,2.786999511118386508e+00,1.389750266461698125e+01,1.500015300666746043e+00,1.387207255017458962e+01,2.700000000000000178e+00
3.038255727925591176e-01,1.392461671783662602e+01,2.786159420994177349e+00,1.389750389512023787e+01,1.500015297239542633e+00,1.387207255086101831e+01,2.700000000000000178e+00
3.040255727925593177e-01,1.392461671842525028e+01,2.785321248135687267e+00,1.389750512261162818e+01,1.500015293822116291e+00,1.387207255154595842e+01,2.700000000000000178e+00
3.042255727925595177e-01,1.392461671901239662e+01,2.784484988168738795e+00,1.389750634709881005e+01,1.500015290413330149e+00,1.387207255222919500e+01,2.700000000000000178e+00
3.044255727925597177e-01,1.392461671959818759e+01,2.783650636725903293e+00,1.389750756858972380e+01,1.500015287013411580e+00,1.387207255291086305e+01,2.700000000000000178e+00
3.046255727925599177e-01,1.392461672018256458e+01,2.782818189452422430e+00,1.389750878709210902e+01,1.500015283621678464e+00,1.387207255359089864e+01,2.700000000000000178e+00
3.048255727925601177e-01,1.392461672076553647e+01,2.781987642002211381e+00,1.389751000261376213e+01,1.500015280239040294e+00,1.387207255426929642e+01,2.700000000000000178e+00
3.050255727925603177e-01,1.392461672134713879e+01,2.781158990039290124e+00,1.389751121516248666e+01,1.500015276864360203e+00,1.387207255494612212e+01,2.700000000000000178e+00
3.052255727925605178e-01,1.392461672192735023e+01,2.780332229237694186e+00,1.389751242474598847e+01,1.500015273500594049e+00,1.387207255562133490e+01,2.700000000000000178e+00
3.054255727925607178e-01,1.392461672250622051e+01,2.779507355281935155e+00,1.389751363137201778e+01,1.500015270143649104e+00,1.387207255629498803e+01,2.700000000000000178e+00
3.056255727925609178e-01,1.392461672308376919e+01,2.778684363865531637e+00,1.389751483504831775e+01,1.500015266796708602e+00,1.387207255696710106e+01,2.700000000000000178e+00
3.058255727925611178e-01,1.392461672365976710e+01,2.777863250691987584e+00,1.389751603578232064e+01,1.500015263457498804e+00,1.387207255763745195e+01,2.700000000000000178e+00
3.060255727925613178e-01,1.392461672423450558e+01,2.777044011473811747e+00,1.389751723358197033e+01,1.500015260125337591e+00,1.387207255830632491e+01,2.700000000000000178e+00
3.062255727925615179e-01,1.392461672480786916e+01,2.776226641937082906e+00,1.389751842845474172e+01,1.500015256804317687e+00,1.387207255897361691e+01,2.700000000000000178e+00
3.064255727925617179e-01,1.392461672537993955e+01,2.775411137813170281e+00,1.389751962040832822e+01,1.500015253491028488e+00,1.387207255963938834e+01,2.700000000000000178e+00
3.066255727925619179e-01,1.392461672595058175e+01,2.774597494842956813e+00,1.389752080945021362e+01,1.500015250186834237e+00,1.387207256030352909e+01,2.700000000000000178e+00
3.068255727925621179e-01,1.392461672651985971e+01,2.773785708781656645e+00,1.389752199558799006e+01,1.500015246891507559e+00,1.387207256096608177e+01,2.700000000000000178e+00
3.070255727925623179e-01,1.392461672708792975e+01,2.772975775390126962e+00,1.389752317882937227e+01,1.500015243604821080e+00,1.387207256162722047e+01,2.700000000000000178e+00
3.072255727925625179e-01,1.392461672765442238e+01,2.772167690440693111e+00,1.389752435918148876e+01,1.500015240325410559e+00,1.387207256228657037e+01,2.700000000000000178e+00
3.074255727925627180e-01,1.392461672821970531e+01,2.771361449714285108e+00,1.389752553665224077e+01,1.500015237053503370e+00,1.387207256294449742e+01,2.700000000000000178e+00
3.076255727925629180e-01,1.392461672878364887e+01,2.770557049002036809e+00,1.389752671124892025e+01,1.500015233792282743e+00,1.387207256360086483e+01,2.700000000000000178e+00
3.078255727925631180e-01,1.392461672934633476e+01,2.769754484105610093e+00,1.389752788297910158e+01,1.500015230538110700e+00,1.387207256425577562e+01,2.700000000000000178e+00
3.080255727925633180e-01,1.392461672990750721e+01,2.768953750833951233e+00,1.389752905184989906e+01,1.500015227293260978e+00,1.387207256490895979e+01,2.700000000000000178e+00
3.082255727925635180e-01,1.392461673046745041e+01,2.768154845008089282e+00,1.389753021786908604e+01,1.500015224056369334e+00,1.387207256556070156e+01,2.700000000000000178e+00
3.084255727925637180e-01,1.392461673102610931e+01,2.767357762456106762e+00,1.389753138104393670e+01,1.500015220828800011e+00,1.387207256621095297e+01,2.700000000000000178e+00
3.086255727925639181e-01,1.392461673158326896e+01,2.766562499017239940e+00,1.389753254138164529e+01,1.500015217608734019e+00,1.387207256685949552e+01,2.700000000000000178e+00
3.088255727925641181e-01,1.392461673213931661e+01,2.765769050541423191e+00,1.389753369888990164e+01,1.500015214395943985e+00,1.387207256750671291e+01,2.700000000000000178e+00
3.090255727925643181e-01,1.392461673269383660e+01,2.764977412883945274e+00,1.389753485357563001e+01,1.500015211193158393e+00,1.387207256815219836e+01,2.700000000000000178e+00
3.092255727925645181e-01,1.392461673324724991e+01,2.764187581915557246e+00,1.389753600544659839e+01,1.500015207997648758e+00,1.387207256879636574e+01,2.700000000000000178e+00
3.094255727925647181e-01,1.392461673379927589e+01,2.763399553510621942e+00,1.389753715450973282e+01,1.500015204811006697e+00,1.387207256943894329e+01,2.700000000000000178e+00
3.096255727925649182e-01,1.392461673434994829e+01,2.762613323554732769e+00,1.389753830077239627e+01,1.500015201630958472e+00,1.387207257007995409e+01,2.700000000000000178e+00
3.098255727925651182e-01,1.392461673489936480e+01,2.761828887944381528e+00,1.389753944424189136e+01,1.500015198461369437e+00,1.387207257071951538e+01,2.700000000000000178e+00
3.100255727925653182e-01,1.392461673544750944e+01,2.761046242584680233e+00,1.389754058492542654e+01,1.500015195298601611e+00,1.387207257135758809e+01,2.700000000000000178e+00
3.102255727925655182e-01,1.392461673599433958e+01,2.760265383390342109e+00,1.389754172283017297e+01,1.500015192143564491e+00,1.387207257199414379e+01,2.700000000000000178e+00
3.104255727925657182e-01,1.392461673653996002e+01,2.759486306284172574e+00,1.389754285796337285e+01,1.500015188998531812e+00,1.387207257262928550e+01,2.700000000000000178e+00
3.106255727925659182e-01,1.392461673708404923e+01,2.758709007199059204e+00,1.389754399033192200e+01,1.500015185859410849e+00,1.387207257326269350e+01,2.700000000000000178e+00
3.108255727925661183e-01,1.392461673762708330e+01,2.757933482077332243e+00,1.389754511994338948e+01,1.500015182730066954e+00,1.387207257389484383e+01,2.700000000000000178e+00
3.110255727925663183e-01,1.392461673816871759e+01,2.757159726870838323e+00,1.389754624680456985e+01,1.500015179608681137e+00,1.387207257452538478e+01,2.700000000000000178e+00
3.112255727925665183e-01,1.392461673870904804e+01,2.756387737539622851e+00,1.389754737092267689e+01,1.500015176494116531e+00,1.387207257515442294e+01,2.700000000000000178e+00
3.114255727925667183e-01,1.392461673924815813e+01,2.755617510054497288e+00,1.389754849230483202e+01,1.500015173387964751e+00,1.387207257578204356e+01,2.700000000000000178e+00
3.116255727925669183e-01,1.392461673978593240e+01,2.754849040393036574e+00,1.389754961095800034e+01,1.500015170289316302e+00,1.387207257640811520e+01,2.700000000000000178e+00
3.118255727925671184e-01,1.392461674032255026e+01,2.754082324544041338e+00,1.389755072688935833e+01,1.500015167199990174e+00,1.387207257703283148e+01,2.700000000000000178e+00
3.120255727925673184e-01,1.392461674085787848e+01,2.753317358505677159e+00,1.389755184010584443e+01,1.500015164118849498e+00,1.387207257765605917e+01,2.700000000000000178e+00
3.122255727925675184e-01,1.392461674139180161e+01,2.752554138283652918e+00,1.389755295061432072e+01,1.500015161043393164e+00,1.387207257827768636e+01,2.700000000000000178e+00
3.124255727925677184e-01,1.392461674192456478e+01,2.751792659895484938e+00,1.389755405842198144e+01,1.500015157978623392e+00,1.387207257889794754e+01,2.700000000000000178e+00
3.126255727925679184e-01,1.392461674245609160e+01,2.751032919364345464e+00,1.389755516353573661e+01,1.500015154921129579e+00,1.387207257951676809e+01,2.700000000000000178e+00
3.128255727925681184e-01,1.392461674298631102e+01,2.750274912723023046e+00,1.389755626596246962e+01,1.500015151870229602e+00,1.387207258013409117e+01,2.700000000000000178e+00
3.130255727925683185e-01,1.392461674351529766e+01,2.749518636016688777e+00,1.389755736570914202e+01,1.500015148827287703e+00,1.387207258074998073e+01,2.700000000000000178e+00
3.132255727925685185e-01,1.392461674404305860e+01,2.748764085295835713e+00,1.389755846278267448e+01,1.500015145792531257e+00,1.387207258136444032e+01,2.700000000000000178e+00
3.134255727925687185e-01,1.392461674456957077e+01,2.748011256622148846e+00,1.389755955718991309e+01,1.500015142765278142e+00,1.387207258197746107e+01,2.700000000000000178e+00
3.136255727925689185e-01,1.392461674509475245e+01,2.747260146065489295e+00,1.389756064893764176e+01,1.500015139744846238e+00,1.387207258258895415e+01,2.700000000000000178e+00
3.138255727925691185e-01,1.392461674561881502e+01,2.746510749703583443e+00,1.389756173803290196e+01,1.500015136733964027e+00,1.387207258319912206e+01,2.700000000000000178e+00
3.140255727925693185e-01,1.392461674614148670e+01,2.745763063625689337e+00,1.389756282448225555e+01,1.500015133728084038e+00,1.387207258380771258e+01,2.700000000000000178e+00
3.142255727925695186e-01,1.392461674666292915e+01,2.745017083928231738e+00,1.389756390829264632e+01,1.500015130733345359e+00,1.387207258441487490e+01,2.700000000000000178e+00
3.144255727925697186e-01,1.392461674718336084e+01,2.744272806716958613e+00,1.389756498947107488e+01,1.500015127745882637e+00,1.387207258502082574e+01,2.700000000000000178e+00
3.146255727925699186e-01,1.392461674770246560e+01,2.743530228105090174e+00,1.389756606802400007e+01,1.500015124765013752e+00,1.387207258562525958e+01,2.700000000000000178e+00
3.148255727925701186e-01,1.392461674822030737e+01,2.742789344218037773e+00,1.389756714395825909e+01,1.500015121790738704e+00,1.387207258622823858e+01,2.700000000000000178e+00
3.150255727925703186e-01,1.392461674873689681e+01,2.742050151187085838e+00,1.389756821728051683e+01,1.500015118825785976e+00,1.387207258682975919e+01,2.700000000000000178e+00
3.152255727925705187e-01,1.392461674925226411e+01,2.741312645153293648e+00,1.389756928799758740e+01,1.500015115867199711e+00,1.387207258742987470e+01,2.700000000000000178e+00
3.154255727925707187e-01,1.392461674976649988e+01,2.740576822266140855e+00,1.389757035611617120e+01,1.500015112917253646e+00,1.387207258802866150e+01,2.700000000000000178e+00
3.156255727925709187e-01,1.392461675027939805e+01,2.739842678685694644e+00,1.389757142164277681e+01,1.500015109973901417e+00,1.387207258862591530e+01,2.700000000000000178e+00
3.158255727925711187e-01,1.392461675079112915e+01,2.739110210579140059e+00,1.389757248458423611e+01,1.500015107037597772e+00,1.387207258922181374e+01,2.700000000000000178e+00
3.160255727925713187e-01,1.392461675130174648e+01,2.738379414120660549e+00,1.389757354494716424e+01,1.500015104110616448e+00,1.387207258981640834e+01,2.700000000000000178e+00
3.162255727925715187e-01,1.392461675181105463e+01,2.737650285498673064e+00,1.389757460273806089e+01,1.500015101189546840e+00,1.387207259040949126e+01,2.700000000000000178e+00
3.164255727925717188e-01,1.392461675231922769e+01,2.736922820903234577e+00,1.389757565796359629e+01,1.500015098278481673e+00,1.387207259100125967e+01,2.700000000000000178e+00
3.166255727925719188e-01,1.392461675282615019e+01,2.736197016539050786e+00,1.389757671063035005e+01,1.500015095370599738e+00,1.387207259159157680e+01,2.700000000000000178e+00
3.168255727925721188e-01,1.392461675333183990e+01,2.735472868617081499e+00,1.389757776074478635e+01,1.500015092473631739e+00,1.387207259218048172e+01,2.700000000000000178e+00
3.170255727925723188e-01,1.392461675383641229e+01,2.734750373355939512e+00,1.389757880831361980e+01,1.500015089581893335e+00,1.387207259276807036e+01,2.700000000000000178e+00
3.172255727925725188e-01,1.392461675433986912e+01,2.734029526983910330e+00,1.389757985334334123e+01,1.500015086699704625e+00,1.387207259335435694e+01,2.700000000000000178e+00
3.174255727925727188e-01,1.392461675484192796e+01,2.733310325738244284e+00,1.389758089584019451e+01,1.500015083823200257e+00,1.387207259393905723e+01,2.700000000000000178e+00
3.176255727925729189e-01,1.392461675534301691e+01,2.732592765863405937e+00,1.389758193581104706e+01,1.500015080956018210e+00,1.387207259452259756e+01,2.700000000000000178e+00
3.178255727925731189e-01,1.392461675584272029e+01,2.731876843616853012e+00,1.389758297326200243e+01,1.500015078093838383e+00,1.387207259510456225e+01,2.700000000000000178e+00
3.180255727925733189e-01,1.392461675634135787e+01,2.731162555257926172e+00,1.389758400819977346e+01,1.500015075239844009e+00,1.387207259568528173e+01,2.700000000000000178e+00
3.182255727925735189e-01,1.392461675683892075e+01,2.730449897056878683e+00,1.389758504063081368e+01,1.500015072393352966e+00,1.387207259626473643e+01,2.700000000000000178e+00
3.184255727925737189e-01,1.392461675733510340e+01,2.729738865297432149e+00,1.389758607056120887e+01,1.500015069553455760e+00,1.387207259684261906e+01,2.700000000000000178e+00
3.186255727925739190e-01,1.392461675783020425e+01,2.729029456265637865e+00,1.389758709799765768e+01,1.500015066720834511e+00,1.387207259741923338e+01,2.700000000000000178e+00
3.188255727925741190e-01,1.392461675832410783e+01,2.728321666254011291e+00,1.389758812294642176e+01,1.500015063896626089e+00,1.387207259799446568e+01,2.700000000000000178e+00
3.190255727925743190e-01,1.392461675881695093e+01,2.727615491569060246e+00,1.389758914541397239e+01,1.500015061079466250e+00,1.387207259856845454e+01,2.700000000000000178e+00
3.192255727925745190e-01,1.392461675930861453e+01,2.726910928525569044e+00,1.389759016540656056e+01,1.500015058268672874e+00,1.387207259914108093e+01,2.700000000000000178e+00
3.194255727925747190e-01,1.392461675979902758e+01,2.726207973446715727e+00,1.389759118293042484e+01,1.500015055464018587e+00,1.387207259971226669e+01,2.700000000000000178e+00
3.196255727925749190e-01,1.392461676028825224e+01,2.725506622664215950e+00,1.389759219799191214e+01,1.500015052667777127e+00,1.387207260028207934e+01,2.700000000000000178e+00
3.198255727925751191e-01,1.392461676077652122e+01,2.724806872518326095e+00,1.389759321059753816e+01,1.500015049879493745e+00,1.387207260085075333e+01,2.700000000000000178e+00
3.200255727925753191e-01,1.392461676126344727e+01,2.724108719356991504e+00,1.389759422075318973e+01,1.500015047097122078e+00,1.387207260141791210e+01,2.700000000000000178e+00
3.202255727925755191e-01,1.392461676174936613e+01,2.723412159524630116e+00,1.389759522846546425e+01,1.500015044321798996e+00,1.387207260198386649e+01,2.700000000000000178e+00
3.204255727925757191e-01,1.392461676223395983e+01,2.722717189396802517e+00,1.389759623374028408e+01,1.500015041553524497e+00,1.387207260254831453e+01,2.700000000000000178e+00
3.206255727925759191e-01,1.392461676271751436e+01,2.722023805335519242e+00,1.389759723658410806e+01,1.500015038791843835e+00,1.387207260311154222e+01,2.700000000000000178e+00
3.208255727925761192e-01,1.392461676319993735e+01,2.721332003728419213e+00,1.389759823700307706e+01,1.500015036037439131e+00,1.387207260367345540e+01,2.700000000000000178e+00
3.210255727925763192e-01,1.392461676368125012e+01,2.720641780961802425e+00,1.389759923500337102e+01,1.500015033291219879e+00,1.387207260423408428e+01,2.700000000000000178e+00
3.212255727925765192e-01,1.392461676416148464e+01,2.719953133431579406e+00,1.389760023059117877e+01,1.500015030552049211e+00,1.387207260479344306e+01,2.700000000000000178e+00
3.214255727925767192e-01,1.392461676464036024e+01,2.719266057542375492e+00,1.389760122377241736e+01,1.500015027817426017e+00,1.387207260535127062e+01,2.700000000000000178e+00
3.216255727925769192e-01,1.392461676511830682e+01,2.718580549708423888e+00,1.389760221455359535e+01,1.500015025091443022e+00,1.387207260590798441e+01,2.700000000000000178e+00
3.218255727925771192e-01,1.392461676559509876e+01,2.717896606350718613e+00,1.389760320294058182e+01,1.500015022374327600e+00,1.387207260646336593e+01,2.700000000000000178e+00
3.220255727925773193e-01,1.392461676607077159e+01,2.717214223899431236e+00,1.389760418893957095e+01,1.500015019660395410e+00,1.387207260701745426e+01,2.700000000000000178e+00
3.222255727925775193e-01,1.392461676654531821e+01,2.716533398792372100e+00,1.389760517255657213e+01,1.500015016955785541e+00,1.387207260757022453e+01,2.700000000000000178e+00
3.224255727925777193e-01,1.392461676701863205e+01,2.715854127472562940e+00,1.389760615379758590e+01,1.500015014257087387e+00,1.387207260812160392e+01,2.700000000000000178e+00
3.226255727925779193e-01,1.392461676749093691e+01,2.715176406397893594e+00,1.389760713266885439e+01,1.500015011564983070e+00,1.387207260867177538e+01,2.700000000000000178e+00
3.228255727925781193e-01,1.392461676796213332e+01,2.714500232026995530e+00,1.389760810917630351e+01,1.500015008879927336e+00,1.387207260922067142e+01,2.700000000000000178e+00
3.230255727925783193e-01,1.392461676843219642e+01,2.713825600832350027e+00,1.389760908332591782e+01,1.500015006202374934e+00,1.387207260976825118e+01,2.700000000000000178e+00
3.232255727925785194e-01,1.392461676890122035e+01,2.713152509291775871e+00,1.389761005512376535e+01,1.500015003532325863e+00,1.387207261031462124e+01,2.700000000000000178e+00
3.234255727925787194e-01,1.392461676936897952e+01,2.712480953890445523e+00,1.389761102457566189e+01,1.500015000867506387e+00,1.387207261085954890e+01,2.700000000000000178e+00
3.236255727925789194e-01,1.392461676983579899e+01,2.711810931123428858e+00,1.389761199168785843e+01,1.500014998209053374e+00,1.387207261140335213e+01,2.700000000000000178e+00
3.238255727925791194e-01,1.392461677030154554e+01,2.711142437491969037e+00,1.389761295646612460e+01,1.500014995558558439e+00,1.387207261194591723e+01,2.700000000000000178e+00
3.240255727925793194e-01,1.392461677076601667e+01,2.710475469506536506e+00,1.389761391891621045e+01,1.500014992914202594e+00,1.387207261248703283e+01,2.700000000000000178e+00
3.242255727925795195e-01,1.392461677122946284e+01,2.709810023686092695e+00,1.389761487904431192e+01,1.500014990275076343e+00,1.387207261302694050e+01,2.700000000000000178e+00
3.244255727925797195e-01,1.392461677169177214e+01,2.709146096555425043e+00,1.389761583685619861e+01,1.500014987642771302e+00,1.387207261356553545e+01,2.700000000000000178e+00
3.246255727925799195e-01,1.392461677215311688e+01,2.708483684650108803e+00,1.389761679235783554e+01,1.500014985020698077e+00,1.387207261410299708e+01,2.700000000000000178e+00
3.248255727925801195e-01,1.392461677261335851e+01,2.707822784511601633e+00,1.389761774555507046e+01,1.500014982402490205e+00,1.387207261463918506e+01,2.700000000000000178e+00
3.250255727925803195e-01,1.392461677307245793e+01,2.707163392688953785e+00,1.389761869645360903e+01,1.500014979793149905e+00,1.387207261517404788e+01,2.700000000000000178e+00
3.252255727925805195e-01,1.392461677353051819e+01,2.706505505739705164e+00,1.389761964505947667e+01,1.500014977186992837e+00,1.387207261570770456e+01,2.700000000000000178e+00
3.254255727925807196e-01,1.392461677398750197e+01,2.705849120230311211e+00,1.389762059137834527e+01,1.500014974590385464e+00,1.387207261624011068e+01,2.700000000000000178e+00
3.256255727925809196e-01,1.392461677444336132e+01,2.705194232733944659e+00,1.389762153541606438e+01,1.500014971998552937e+00,1.387207261677122361e+01,2.700000000000000178e+00
3.258255727925811196e-01,1.392461677489815841e+01,2.704540839831708787e+00,1.389762247717840182e+01,1.500014969413314248e+00,1.387207261730110019e+01,2.700000000000000178e+00
3.260255727925813196e-01,1.392461677535195008e+01,2.703888938113227614e+00,1.389762341667123202e+01,1.500014966834896768e+00,1.387207261782979728e+01,2.700000000000000178e+00
3.262255727925815196e-01,1.392461677580460666e+01,2.703238524174271795e+00,1.389762435390012207e+01,1.500014964263527872e+00,1.387207261835719585e+01,2.700000000000000178e+00
3.264255727925817196e-01,1.392461677625621341e+01,2.702589594620012026e+00,1.389762528887090376e+01,1.500014961698980187e+00,1.387207261888335985e+01,2.700000000000000178e+00
3.266255727925819197e-01,1.392461677670679876e+01,2.701942146062156880e+00,1.389762622158936445e+01,1.500014959140798965e+00,1.387207261940834790e+01,2.700000000000000178e+00
3.268255727925821197e-01,1.392461677715630763e+01,2.701296175121503662e+00,1.389762715206113342e+01,1.500014956586255721e+00,1.387207261993208007e+01,2.700000000000000178e+00
3.270255727925823197e-01,1.392461677760479333e+01,2.700651678426488012e+00,1.389762808029189500e+01,1.500014954042171667e+00,1.387207262045462208e+01,2.700000000000000178e+00
3.272255727925825197e-01,1.392461677805211906e+01,2.700008652610504711e+00,1.389762900628724296e+01,1.500014951502407712e+00,1.387207262097583360e+01,2.700000000000000178e+00
3.274255727925827197e-01,1.392461677849846424e+01,2.699367094318402494e+00,1.389762993005297353e+01,1.500014948970147088e+00,1.387207262149590292e+01,2.700000000000000178e+00
3.276255727925829198e-01,1.392461677894375782e+01,2.698727000200732196e+00,1.389763085159470180e+01,1.500014946441751817e+00,1.387207262201474123e+01,2.700000000000000178e+00
3.278255727925831198e-01,1.392461677938799092e+01,2.698088366915599057e+00,1.389763177091798241e+01,1.500014943922678867e+00,1.387207262253236628e+01,2.700000000000000178e+00
3.280255727925833198e-01,1.392461677983120794e+01,2.697451191127882453e+00,1.389763268802851748e+01,1.500014941407016522e+00,1.387207262304879229e+01,2.700000000000000178e+00
3.282255727925835198e-01,1.392461678027333782e+01,2.696815469512199748e+00,1.389763360293179062e+01,1.500014938900449124e+00,1.387207262356397131e+01,2.700000000000000178e+00
3.284255727925837198e-01,1.392461678071445697e+01,2.696181198751071317e+00,1.389763451563347374e+01,1.500014936398656573e+00,1.387207262407797614e+01,2.700000000000000178e+00
3.286255727925839198e-01,1.392461678115456891e+01,2.695548375532638818e+00,1.389763542613910374e+01,1.500014933905504222e+00,1.387207262459080148e+01,2.700000000000000178e+00
3.288255727925841199e-01,1.392461678159354932e+01,2.694916996553279542e+00,1.389763633445418201e+01,1.500014931414625607e+00,1.387207262510233541e+01,2.700000000000000178e+00
3.290255727925843199e-01,1.392461678203171438e+01,2.694287058516428690e+00,1.389763724058444083e+01,1.500014928935343050e+00,1.387207262561288168e+01,2.700000000000000178e+00
3.292255727925845199e-01,1.392461678246867329e+01,2.693658558134613301e+00,1.389763814453508672e+01,1.500014926458788977e+00,1.387207262612205660e+01,2.700000000000000178e+00
3.294255727925847199e-01,1.392461678290449711e+01,2.693031492124867921e+00,1.389763904631168678e+01,1.500014923987691873e+00,1.387207262662993656e+01,2.700000000000000178e+00
3.296255727925849199e-01,1.392461678333953401e+01,2.692405857215546483e+00,1.389763994592003904e+01,1.500014921524098099e+00,1.387207262713685907e+01,2.700000000000000178e+00
3.298255727925851200e-01,1.392461678377347312e+01,2.691781650139032145e+00,1.389764084336533045e+01,1.500014919065279173e+00,1.387207262764252391e+01,2.700000000000000178e+00
3.300255727925853200e-01,1.392461678420627536e+01,2.691158867637753804e+00,1.389764173865295582e+01,1.500014916614418325e+00,1.387207262814689024e+01,2.700000000000000178e+00
3.302255727925855200e-01,1.392461678463821961e+01,2.690537506459551143e+00,1.389764263178864745e+01,1.500014914169241820e+00,1.387207262865023694e+01,2.700000000000000178e+00
3.304255727925857200e-01,1.392461678506909095e+01,2.689917563362835384e+00,1.389764352277761361e+01,1.500014911730659151e+00,1.387207262915234551e+01,2.700000000000000178e+00
3.306255727925859200e-01,1.392461678549890181e+01,2.689299035109517177e+00,1.389764441162524911e+01,1.500014909297760823e+00,1.387207262965322485e+01,2.700000000000000178e+00
3.308255727925861200e-01,1.392461678592773389e+01,2.688681918470478216e+00,1.389764529833707485e+01,1.500014906871228959e+00,1.387207263015296732e+01,2.700000000000000178e+00
3.310255727925863201e-01,1.392461678635566180e+01,2.688066210224658192e+00,1.389764618291853182e+01,1.500014904450836184e+00,1.387207263065164398e+01,2.700000000000000178e+00
3.312255727925865201e-01,1.392461678678244752e+01,2.687451907156920505e+00,1.389764706537475014e+01,1.500014902035900377e+00,1.387207263114901856e+01,2.700000000000000178e+00
3.314255727925867201e-01,1.392461678720825446e+01,2.686839006061030766e+00,1.389764794571125606e+01,1.500014899625966791e+00,1.387207263164525095e+01,2.700000000000000178e+00
3.316255727925869201e-01,1.392461678763311994e+01,2.686227503738433331e+00,1.389764882393335910e+01,1.500014897224673405e+00,1.387207263214038022e+01,2.700000000000000178e+00
3.318255727925871201e-01,1.392461678805689829e+01,2.685617396995297668e+00,1.389764970004633327e+01,1.500014894827700118e+00,1.387207263263426604e+01,2.700000000000000178e+00
3.320255727925873201e-01,1.392461678847973161e+01,2.685008682647539224e+00,1.389765057405553961e+01,1.500014892437548042e+00,1.387207263312704697e+01,2.700000000000000178e+00
3.322255727925875202e-01,1.392461678890167498e+01,2.684401357516181807e+00,1.389765144596639601e+01,1.500014890053307681e+00,1.387207263361877629e+01,2.700000000000000178e+00
3.324255727925877202e-01,1.392461678932246016e+01,2.683795418431281998e+00,1.389765231578387450e+01,1.500014887673160047e+00,1.387207263410918401e+01,2.700000000000000178e+00
3.326255727925879202e-01,1.392461678974231276e+01,2.683190862230707019e+00,1.389765318351343204e+01,1.500014885303244228e+00,1.387207263459850104e+01,2.700000000000000178e+00
3.328255727925881202e-01,1.392461679016126119e+01,2.682587685757475970e+00,1.389765404916044922e+01,1.500014882934237903e+00,1.387207263508675936e+01,2.700000000000000178e+00
3.330255727925883202e-01,1.392461679057917223e+01,2.681985885862369745e+00,1.389765491272991049e+01,1.500014880576145515e+00,1.387207263557382575e+01,2.700000000000000178e+00
3.332255727925885203e-01,1.392461679099598371e+01,2.681385459404829419e+00,1.389765577422709164e+01,1.500014878218053127e+00,1.387207263605963092e+01,2.700000000000000178e+00
3.334255727925887203e-01,1.392461679141202247e+01,2.680786403249662442e+00,1.389765663365740522e+01,1.500014875871784170e+00,1.387207263654450529e+01,2.700000000000000178e+00
3.336255727925889203e-01,1.392461679182702028e+01,2.680188714270417272e+00,1.389765749102584813e+01,1.500014873528016324e+00,1.387207263702817883e+01,2.700000000000000178e+00
3.338255727925891203e-01,1.392461679224094517e+01,2.679592389345425207e+00,1.389765834633756647e+01,1.500014871191524435e+00,1.387207263751062669e+01,2.700000000000000178e+00
3.340255727925893203e-01,1.392461679265396413e+01,2.678997425361800744e+00,1.389765919959789287e+01,1.500014868859125272e+00,1.387207263799201407e+01,2.700000000000000178e+00
3.342255727925895203e-01,1.392461679306611089e+01,2.678403819215725790e+00,1.389766005081196631e+01,1.500014866534229441e+00,1.387207263847236760e+01,2.700000000000000178e+00
3.344255727925897204e-01,1.392461679347711367e+01,2.677811567804656345e+00,1.389766089998471266e+01,1.500014864212971588e+00,1.387207263895142084e+01,2.700000000000000178e+00
3.346255727925899204e-01,1.392461679388722473e+01,2.677220668037815443e+00,1.389766174712146629e+01,1.500014861899899188e+00,1.387207263942942959e+01,2.700000000000000178e+00
3.348255727925901204e-01,1.392461679429649557e+01,2.676631116832055568e+00,1.389766259222738931e+01,1.500014859592511129e+00,1.387207263990645068e+01,2.700000000000000178e+00
3.350255727925903204e-01,1.392461679470476277e+01,2.676042911110511291e+00,1.389766343530740400e+01,1.500014857292171655e+00,1.387207264038230292e+01,2.700000000000000178e+00
3.352255727925905204e-01,1.392461679511192152e+01,2.675456047801758608e+00,1.389766427636654100e+01,1.500014854994105917e+00,1.387207264085689218e+01,2.700000000000000178e+00
3.354255727925907205e-01,1.392461679551822051e+01,2.674870523841839098e+00,1.389766511541006189e+01,1.500014852703316137e+00,1.387207264133047957e+01,2.700000000000000178e+00
3.356255727925909205e-01,1.392461679592362422e+01,2.674286336173076428e+00,1.389766595244299019e+01,1.500014850417983325e+00,1.387207264180300292e+01,2.700000000000000178e+00
3.358255727925911205e-01,1.392461679632797811e+01,2.673703481746610766e+00,1.389766678747023043e+01,1.500014848138789603e+00,1.387207264227433257e+01,2.700000000000000178e+00
3.360255727925913205e-01,1.392461679673141539e+01,2.673121957519795533e+00,1.389766762049690918e+01,1.500014845866417090e+00,1.387207264274459284e+01,2.700000000000000178e+00
3.362255727925915205e-01,1.392461679713391831e+01,2.672541760456061510e+00,1.389766845152807839e+01,1.500014843598364678e+00,1.387207264321376421e+01,2.700000000000000178e+00
3.364255727925917205e-01,1.392461679753550996e+01,2.671962887527181252e+00,1.389766928056871365e+01,1.500014841335541860e+00,1.387207264368186799e+01,2.700000000000000178e+00
3.366255727925919206e-01,1.392461679793612461e+01,2.671385335710918962e+00,1.389767010762373722e+01,1.500014839079540252e+00,1.387207264414884378e+01,2.700000000000000178e+00
3.368255727925921206e-01,1.392461679833577648e+01,2.670809101992289936e+00,1.389767093269815135e+01,1.500014836828540865e+00,1.387207264461471645e+01,2.700000000000000178e+00
3.370255727925923206e-01,1.392461679873464497e+01,2.670234183364002423e+00,1.389767175579707548e+01,1.500014834584135315e+00,1.387207264507964943e+01,2.700000000000000178e+00
3.372255727925925206e-01,1.392461679913234818e+01,2.669660576822972864e+00,1.389767257692509261e+01,1.500014832343595117e+00,1.387207264554325725e+01,2.700000000000000178e+00
3.374255727925927206e-01,1.392461679952920051e+01,2.669088279375751327e+00,1.389767339608741459e+01,1.500014830109194008e+00,1.387207264600587386e+01,2.700000000000000178e+00
3.376255727925929206e-01,1.392461679992512735e+01,2.668517288034841339e+00,1.389767421328892993e+01,1.500014827881159363e+00,1.387207264646740512e+01,2.700000000000000178e+00
3.378255727925931207e-01,1.392461680032019267e+01,2.667947599819186610e+00,1.389767502853456982e+01,1.500014825658581685e+00,1.387207264692793807e+01,2.700000000000000178e+00
3.380255727925933207e-01,1.392461680071430585e+01,2.667379211755711577e+00,1.389767584182916238e+01,1.500014823441233602e+00,1.387207264738735901e+01,2.700000000000000178e+00
3.382255727925935207e-01,1.392461680110747402e+01,2.666812120876126180e+00,1.389767665317758727e+01,1.500014821227523498e+00,1.387207264784568572e+01,2.700000000000000178e+00
3.384255727925937207e-01,1.392461680149961545e+01,2.666246324219513575e+00,1.389767746258458381e+01,1.500014819020861978e+00,1.387207264830284537e+01,2.700000000000000178e+00
3.386255727925939207e-01,1.392461680189104456e+01,2.665681818832964733e+00,1.389767827005536560e+01,1.500014816822385910e+00,1.387207264875913992e+01,2.700000000000000178e+00
3.388255727925941208e-01,1.392461680228151089e+01,2.665118601769497886e+00,1.389767907559452098e+01,1.500014814625956205e+00,1.387207264921432426e+01,2.700000000000000178e+00
3.390255727925943208e-01,1.392461680267093449e+01,2.664556670088071400e+00,1.389767987920678571e+01,1.500014812436347711e+00,1.387207264966831666e+01,2.700000000000000178e+00
3.392255727925945208e-01,1.392461680305962446e+01,2.663996020856664426e+00,1.389768068089726860e+01,1.500014810251968811e+00,1.387207265012142798e+01,2.700000000000000178e+00
3.394255727925947208e-01,1.392461680344724684e+01,2.663436651147456313e+00,1.389768148067044429e+01,1.500014808072592132e+00,1.387207265057332606e+01,2.700000000000000178e+00
3.396255727925949208e-01,1.392461680383395617e+01,2.662878558039484034e+00,1.389768227853126525e+01,1.500014805899354542e+00,1.387207265102416720e+01,2.700000000000000178e+00
3.398255727925951208e-01,1.392461680421991232e+01,2.662321738620897271e+00,1.389768307448463958e+01,1.500014803731801294e+00,1.387207265147409885e+01,2.700000000000000178e+00
3.400255727925953209e-01,1.392461680460486662e+01,2.661766189984874575e+00,1.389768386853510762e+01,1.500014801568795519e+00,1.387207265192289896e+01,2.700000000000000178e+00
3.402255727925955209e-01,1.392461680498896470e+01,2.661211909229950212e+00,1.389768466068755437e+01,1.500014799411246713e+00,1.387207265237068121e+01,2.700000000000000178e+00
3.404255727925957209e-01,1.392461680537212132e+01,2.660658893463888841e+00,1.389768545094660368e+01,1.500014797258927501e+00,1.387207265281737989e+01,2.700000000000000178e+00
3.406255727925959209e-01,1.392461680575430805e+01,2.660107139798769005e+00,1.389768623931699842e+01,1.500014795112065258e+00,1.387207265326296834e+01,2.700000000000000178e+00
3.408255727925961209e-01,1.392461680613573805e+01,2.659556645354719251e+00,1.389768702580360049e+01,1.500014792970887356e+00,1.387207265370765619e+01,2.700000000000000178e+00
3.410255727925963209e-01,1.392461680651626210e+01,2.659007407257294897e+00,1.389768781041099643e+01,1.500014790835621170e+00,1.387207265415129243e+01,2.700000000000000178e+00
3.412255727925965210e-01,1.392461680689578785e+01,2.658459422638943082e+00,1.389768859314380833e+01,1.500014788704902458e+00,1.387207265459378291e+01,2.700000000000000178e+00
3.414255727925967210e-01,1.392461680727457818e+01,2.657912688640714727e+00,1.389768937400689452e+01,1.500014786578958592e+00,1.387207265503539766e+01,2.700000000000000178e+00
3.416255727925969210e-01,1.392461680765238974e+01,2.657367202406495821e+00,1.389769015300471722e+01,1.500014784460063311e+00,1.387207265547588619e+01,2.700000000000000178e+00
3.418255727925971210e-01,1.392461680802932200e+01,2.656822961090659518e+00,1.389769093014204593e+01,1.500014782343441766e+00,1.387207265591535688e+01,2.700000000000000178e+00
3.420255727925973210e-01,1.392461680840535010e+01,2.656279961850529503e+00,1.389769170542342813e+01,1.500014780235233047e+00,1.387207265635378306e+01,2.700000000000000178e+00
3.422255727925975211e-01,1.392461680878051133e+01,2.655738201851374658e+00,1.389769247885356585e+01,1.500014778130434934e+00,1.387207265679118962e+01,2.700000000000000178e+00
3.424255727925977211e-01,1.392461680915483591e+01,2.655197678265026617e+00,1.389769325043708115e+01,1.500014776031093788e+00,1.387207265722762806e+01,2.700000000000000178e+00
3.426255727925979211e-01,1.392461680952827230e+01,2.654658388269547586e+00,1.389769402017853395e+01,1.500014773937664359e+00,1.387207265766302910e+01,2.700000000000000178e+00
3.428255727925981211e-01,1.392461680990076012e+01,2.654120329051902427e+00,1.389769478808245573e+01,1.500014771847418160e+00,1.387207265809734835e+01,2.700000000000000178e+00
3.430255727925983211e-01,1.392461681027246456e+01,2.653583497799125279e+00,1.389769555415355029e+01,1.500014769764220546e+00,1.387207265853073679e+01,2.700000000000000178e+00
3.432255727925985211e-01,1.392461681064327372e+01,2.653047891714351181e+00,1.389769631839629227e+01,1.500014767685115658e+00,1.387207265896308961e+01,2.700000000000000178e+00
3.434255727925987212e-01,1.392461681101317694e+01,2.652513507996595354e+00,1.389769708081518296e+01,1.500014765613286727e+00,1.387207265939439971e+01,2.700000000000000178e+00
3.436255727925989212e-01,1.392461681138223817e+01,2.651980343857183176e+00,1.389769784141488707e+01,1.500014763543731533e+00,1.387207265982472038e+01,2.700000000000000178e+00
3.438255727925991212e-01,1.392461681175057286e+01,2.651448396513878869e+00,1.389769860019998937e+01,1.500014761481679670e+00,1.387207266025417773e+01,2.700000000000000178e+00
3.440255727925993212e-01,1.392461681211791991e+01,2.650917663190417439e+00,1.389769935717473004e+01,1.500014759424630029e+00,1.387207266068251243e+01,2.700000000000000178e+00
3.442255727925995212e-01,1.392461681248432903e+01,2.650388141111824414e+00,1.389770011234370806e+01,1.500014757372127860e+00,1.387207266110976533e+01,2.700000000000000178e+00
3.444255727925997213e-01,1.392461681284994590e+01,2.649859827518612487e+00,1.389770086571154906e+01,1.500014755324173166e+00,1.387207266153608742e+01,2.700000000000000178e+00
3.446255727925999213e-01,1.392461681321470124e+01,2.649332719649763135e+00,1.389770161728263176e+01,1.500014753281220692e+00,1.387207266196141298e+01,2.700000000000000178e+00
3.448255727926001213e-01,1.392461681357872827e+01,2.648806814755481298e+00,1.389770236706156226e+01,1.500014751243952560e+00,1.387207266238586811e+01,2.700000000000000178e+00
3.450255727926003213e-01,1.392461681394175876e+01,2.648282110089310581e+00,1.389770311505253808e+01,1.500014749210549780e+00,1.387207266280919704e+01,2.700000000000000178e+00
3.452255727926005213e-01,1.392461681430402010e+01,2.647758602912196668e+00,1.389770386126020973e+01,1.500014747183513464e+00,1.387207266323160937e+01,2.700000000000000178e+00
3.454255727926007213e-01,1.392461681466541457e+01,2.647236290491731481e+00,1.389770460568887245e+01,1.500014745161251994e+00,1.387207266365302161e+01,2.700000000000000178e+00
3.456255727926009214e-01,1.392461681502588178e+01,2.646715170101150427e+00,1.389770534834294935e+01,1.500014743143992746e+00,1.387207266407336270e+01,2.700000000000000178e+00
3.458255727926011214e-01,1.392461681538564200e+01,2.646195239018732437e+00,1.389770608922701634e+01,1.500014741132872587e+00,1.387207266449287069e+01,2.700000000000000178e+00
3.460255727926013214e-01,1.392461681574452470e+01,2.645676494531872702e+00,1.389770682834535442e+01,1.500014739124480911e+00,1.387207266491136259e+01,2.700000000000000178e+00
3.462255727926015214e-01,1.392461681610246593e+01,2.645158933931895273e+00,1.389770756570221266e+01,1.500014737121546204e+00,1.387207266532877448e+01,2.700000000000000178e+00
3.464255727926017214e-01,1.392461681645971083e+01,2.644642554516760224e+00,1.389770830130220425e+01,1.500014735125205334e+00,1.387207266574535325e+01,2.700000000000000178e+00
3.466255727926019214e-01,1.392461681681609420e+01,2.644127353590842500e+00,1.389770903514957467e+01,1.500014733133411937e+00,1.387207266616093548e+01,2.700000000000000178e+00
3.468255727926021215e-01,1.392461681717150945e+01,2.643613328464045953e+00,1.389770976724856233e+01,1.500014731143210156e+00,1.387207266657541815e+01,2.700000000000000178e+00
3.470255727926023215e-01,1.392461681752627101e+01,2.643100476454106396e+00,1.389771049760375199e+01,1.500014729162558069e+00,1.387207266698910324e+01,2.700000000000000178e+00
3.472255727926025215e-01,1.392461681788013550e+01,2.642588794882455794e+00,1.389771122621928079e+01,1.500014727183724972e+00,1.387207266740176870e+01,2.700000000000000178e+00
3.474255727926027215e-01,1.392461681823315445e+01,2.642078281078775071e+00,1.389771195309948659e+01,1.500014725211258337e+00,1.387207266781344650e+01,2.700000000000000178e+00
3.476255727926029215e-01,1.392461681858536160e+01,2.641568932377836187e+00,1.389771267824871792e+01,1.500014723242202308e+00,1.387207266822418106e+01,2.700000000000000178e+00
3.478255727926031216e-01,1.392461681893674807e+01,2.641060746121142611e+00,1.389771340167123270e+01,1.500014721279057994e+00,1.387207266863396171e+01,2.700000000000000178e+00
3.480255727926033216e-01,1.392461681928729611e+01,2.640553719654202158e+00,1.389771412337128176e+01,1.500014719321143275e+00,1.387207266904276892e+01,2.700000000000000178e+00
3.482255727926035216e-01,1.392461681963697906e+01,2.640047850331379564e+00,1.389771484335314256e+01,1.500014717367093908e+00,1.387207266945058493e+01,2.700000000000000178e+00
3.484255727926037216e-01,1.392461681998595324e+01,2.639543135511879690e+00,1.389771556162118848e+01,1.500014715419183631e+00,1.387207266985755538e+01,2.700000000000000178e+00
3.486255727926039216e-01,1.392461682033409431e+01,2.639039572560163194e+00,1.389771627817956912e+01,1.500014713476048200e+00,1.387207267026355062e+01,2.700000000000000178e+00
3.488255727926041216e-01,1.392461682068132589e+01,2.638537158848002662e+00,1.389771699303242869e+01,1.500014711534959133e+00,1.387207267066851557e+01,2.700000000000000178e+00
3.490255727926043217e-01,1.392461682102789133e+01,2.638035891752118278e+00,1.389771770618421520e+01,1.500014709600691276e+00,1.387207267107268294e+01,2.700000000000000178e+00
3.492255727926045217e-01,1.392461682137368406e+01,2.637535768655571378e+00,1.389771841763902671e+01,1.500014707673017256e+00,1.387207267147594081e+01,2.700000000000000178e+00
3.494255727926047217e-01,1.392461682171841630e+01,2.637036786946711064e+00,1.389771912740081738e+01,1.500014705746934851e+00,1.387207267187801207e+01,2.700000000000000178e+00
3.496255727926049217e-01,1.392461682206253393e+01,2.636538944022040365e+00,1.389771983547415424e+01,1.500014703828583151e+00,1.387207267227933549e+01,2.700000000000000178e+00
3.498255727926051217e-01,1.392461682240574383e+01,2.636042237283194201e+00,1.389772054186299677e+01,1.500014701912050441e+00,1.387207267267962330e+01,2.700000000000000178e+00
3.500255727926053217e-01,1.392461682274829649e+01,2.635546664136958039e+00,1.389772124657168639e+01,1.500014700001884194e+00,1.387207267307911351e+01,2.700000000000000178e+00
3.502255727926055218e-01,1.392461682308987747e+01,2.635052221994953925e+00,1.389772194960408846e+01,1.500014698096947541e+00,1.387207267347750950e+01,2.700000000000000178e+00
3.504255727926057218e-01,1.392461682343088825e+01,2.634558908277573774e+00,1.389772265096477888e+01,1.500014696195648867e+00,1.387207267387520737e+01,2.700000000000000178e+00
3.506255727926059218e-01,1.392461682377088117e+01,2.634066720407398421e+00,1.389772335065740805e+01,1.500014694298897666e+00,1.387207267427175594e+01,2.700000000000000178e+00
3.508255727926061218e-01,1.392461682411018309e+01,2.633575655816354555e+00,1.389772404868643108e+01,1.500014692407148686e+00,1.387207267466748384e+01,2.700000000000000178e+00
3.510255727926063218e-01,1.392461682444863591e+01,2.633085711941324902e+00,1.389772474505578082e+01,1.500014690521084049e+00,1.387207267506223296e+01,2.700000000000000178e+00
3.512255727926065219e-01,1.392461682478633200e+01,2.632596886223122379e+00,1.389772543976968677e+01,1.500014688637520521e+00,1.387207267545609390e+01,2.700000000000000178e+00
3.514255727926067219e-01,1.392461682512330690e+01,2.632109176111112614e+00,1.389772613283222746e+01,1.500014686760778204e+00,1.387207267584911285e+01,2.700000000000000178e+00
3.516255727926069219e-01,1.392461682545937940e+01,2.631622579058946254e+00,1.389772682424733574e+01,1.500014684886309624e+00,1.387207267624109974e+01,2.700000000000000178e+00
3.518255727926071219e-01,1.392461682579468629e+01,2.631137092525911658e+00,1.389772751401921269e+01,1.500014683017980133e+00,1.387207267663219312e+01,2.700000000000000178e+00
3.520255727926073219e-01,1.392461682612925422e+01,2.630652713978387069e+00,1.389772820215190308e+01,1.500014681154652862e+00,1.387207267702241964e+01,2.700000000000000178e+00
3.522255727926075219e-01,1.392461682646305121e+01,2.630169440886491738e+00,1.389772888864946054e+01,1.500014679294963571e+00,1.387207267741174732e+01,2.700000000000000178e+00
3.524255727926077220e-01,1.392461682679599555e+01,2.629687270728619630e+00,1.389772957351580374e+01,1.500014677441185995e+00,1.387207267780009445e+01,2.700000000000000178e+00
3.526255727926079220e-01,1.392461682712828619e+01,2.629206200987082909e+00,1.389773025675519413e+01,1.500014675590136903e+00,1.387207267818766709e+01,2.700000000000000178e+00
3.528255727926081220e-01,1.392461682745971885e+01,2.628726229150506466e+00,1.389773093837141182e+01,1.500014673744772153e+00,1.387207267857425208e+01,2.700000000000000178e+00
3.530255727926083220e-01,1.392461682779046406e+01,2.628247352713737772e+00,1.389773161836863657e+01,1.500014671903272756e+00,1.387207267896001639e+01,2.700000000000000178e+00
3.532255727926085220e-01,1.392461682812029444e+01,2.627769569175030018e+00,1.389773229675062005e+01,1.500014670067002953e+00,1.387207267934474686e+01,2.700000000000000178e+00
3.534255727926087221e-01,1.392461682844950666e+01,2.627292876042631509e+00,1.389773297352165571e+01,1.500014668236417492e+00,1.387207267972873481e+01,2.700000000000000178e+00
3.536255727926089221e-01,1.392461682877775786e+01,2.626817270827954687e+00,1.389773364868540284e+01,1.500014666406741526e+00,1.387207268011163741e+01,2.700000000000000178e+00
3.538255727926091221e-01,1.392461682910545129e+01,2.626342751047390678e+00,1.389773432224616556e+01,1.500014664583659396e+00,1.387207268049385434e+01,2.700000000000000178e+00
3.540255727926093221e-01,1.392461682943224766e+01,2.625869314220512063e+00,1.389773499420754987e+01,1.500014662766261608e+00,1.387207268087505341e+01,2.700000000000000178e+00
3.542255727926095221e-01,1.392461682975831039e+01,2.625396957879853055e+00,1.389773566457371778e+01,1.500014660952047052e+00,1.387207268125539272e+01,2.700000000000000178e+00
3.544255727926097221e-01,1.392461683008365370e+01,2.624925679558033575e+00,1.389773633334857728e+01,1.500014659142379969e+00,1.387207268163488649e+01,2.700000000000000178e+00
3.546255727926099222e-01,1.392461683040826692e+01,2.624455476795280351e+00,1.389773700053604166e+01,1.500014657337487733e+00,1.387207268201352761e+01,2.700000000000000178e+00
3.548255727926101222e-01,1.392461683073201151e+01,2.623986347136856967e+00,1.389773766613987860e+01,1.500014655535096608e+00,1.387207268239118285e+01,2.700000000000000178e+00
3.550255727926103222e-01,1.392461683105506864e+01,2.623518288133698473e+00,1.389773833016413462e+01,1.500014653740436188e+00,1.387207268276802630e+01,2.700000000000000178e+00
3.552255727926105222e-01,1.392461683137739392e+01,2.623051297342257726e+00,1.389773899261273016e+01,1.500014651948276878e+00,1.387207268314400643e+01,2.700000000000000178e+00
3.554255727926107222e-01,1.392461683169887365e+01,2.622585372324371722e+00,1.389773965348938312e+01,1.500014650159073426e+00,1.387207268351902556e+01,2.700000000000000178e+00
3.556255727926109222e-01,1.392461683201969258e+01,2.622120510648226599e+00,1.389774031279811695e+01,1.500014648376463811e+00,1.387207268389325776e+01,2.700000000000000178e+00
3.558255727926111223e-01,1.392461683233979386e+01,2.621656709886341918e+00,1.389774097054277036e+01,1.500014646598401669e+00,1.387207268426664974e+01,2.700000000000000178e+00
3.560255727926113223e-01,1.392461683265909400e+01,2.621193967618255183e+00,1.389774162672711455e+01,1.500014644823068011e+00,1.387207268463912335e+01,2.700000000000000178e+00
3.562255727926115223e-01,1.392461683297764452e+01,2.620732281427156973e+00,1.389774228135499001e+01,1.500014643054555563e+00,1.387207268501072832e+01,2.700000000000000178e+00
3.564255727926117223e-01,1.392461683329547384e+01,2.620271648904264783e+00,1.389774293443031183e+01,1.500014641288544226e+00,1.387207268538148597e+01,2.700000000000000178e+00
3.566255727926119223e-01,1.392461683361253399e+01,2.619812067643830122e+00,1.389774358595680681e+01,1.500014639527080362e+00,1.387207268575135544e+01,2.700000000000000178e+00
3.568255727926121224e-01,1.392461683392888183e+01,2.619353535247912035e+00,1.389774423593836516e+01,1.500014637769481851e+00,1.387207268612038646e+01,2.700000000000000178e+00
3.570255727926123224e-01,1.392461683424449248e+01,2.618896049320987629e+00,1.389774488437872435e+01,1.500014636017795056e+00,1.387207268648857195e+01,2.700000000000000178e+00
3.572255727926125224e-01,1.392461683455939436e+01,2.618439607475773201e+00,1.389774553128174084e+01,1.500014634268609370e+00,1.387207268685591899e+01,2.700000000000000178e+00
3.574255727926127224e-01,1.392461683487341695e+01,2.617984207329748347e+00,1.389774617665100642e+01,1.500014632523516411e+00,1.387207268722226772e+01,2.700000000000000178e+00
3.576255727926129224e-01,1.392461683518691018e+01,2.617529846505127988e+00,1.389774682049059606e+01,1.500014630784107794e+00,1.387207268758797518e+01,2.700000000000000178e+00
3.578255727926131224e-01,1.392461683549956319e+01,2.617076522630617408e+00,1.389774746280400741e+01,1.500014629049474024e+00,1.387207268795271808e+01,2.700000000000000178e+00
3.580255727926133225e-01,1.392461683581150211e+01,2.616624233338311178e+00,1.389774810359512003e+01,1.500014627315977123e+00,1.387207268831662432e+01,2.700000000000000178e+00
3.582255727926135225e-01,1.392461683612272516e+01,2.616172976267703731e+00,1.389774874286762341e+01,1.500014625589756179e+00,1.387207268867969745e+01,2.700000000000000178e+00
3.584255727926137225e-01,1.392461683643314707e+01,2.615722749063553287e+00,1.389774938062518217e+01,1.500014623866718466e+00,1.387207268904185398e+01,2.700000000000000178e+00
3.586255727926139225e-01,1.392461683674292061e+01,2.615273549375482176e+00,1.389775001687164391e+01,1.500014622150047217e+00,1.387207268940324312e+01,2.700000000000000178e+00
3.588255727926141225e-01,1.392461683705204756e+01,2.614825374857637996e+00,1.389775065161079581e+01,1.500014620433375967e+00,1.387207268976387198e+01,2.700000000000000178e+00
3.590255727926143225e-01,1.392461683736036804e+01,2.614378223171834659e+00,1.389775128484610356e+01,1.500014618723980675e+00,1.387207269012357180e+01,2.700000000000000178e+00
3.592255727926145226e-01,1.392461683766791936e+01,2.613932091982466677e+00,1.389775191658129572e+01,1.500014617017086493e+00,1.387207269048238523e+01,2.700000000000000178e+00
3.594255727926147226e-01,1.392461683797481697e+01,2.613486978960793738e+00,1.389775254682021277e+01,1.500014615314967159e+00,1.387207269084043126e+01,2.700000000000000178e+00
3.596255727926149226e-01,1.392461683828096675e+01,2.613042881781665550e+00,1.389775317556636658e+01,1.500014613618759540e+00,1.387207269119761399e+01,2.700000000000000178e+00
3.598255727926151226e-01,1.392461683858649835e+01,2.612599798129351392e+00,1.389775380282358697e+01,1.500014611925735153e+00,1.387207269155405243e+01,2.700000000000000178e+00
3.600255727926153226e-01,1.392461683889123591e+01,2.612157725689548293e+00,1.389775442859534849e+01,1.500014610235439250e+00,1.387207269190958492e+01,2.700000000000000178e+00
3.602255727926155227e-01,1.392461683919526294e+01,2.611716662154170976e+00,1.389775505288537261e+01,1.500014608550600315e+00,1.387207269226429318e+01,2.700000000000000178e+00
3.604255727926157227e-01,1.392461683949866469e+01,2.611276605221597880e+00,1.389775567569737014e+01,1.500014606869171985e+00,1.387207269261826070e+01,2.700000000000000178e+00
3.606255727926159227e-01,1.392461683980123155e+01,2.610837552593900934e+00,1.389775629703477478e+01,1.500014605191381634e+00,1.387207269297127965e+01,2.700000000000000178e+00
3.608255727926161227e-01,1.392461684010315537e+01,2.610399501978263093e+00,1.389775691690135595e+01,1.500014603517911382e+00,1.387207269332353654e+01,2.700000000000000178e+00
3.610255727926163227e-01,1.392461684040433667e+01,2.609962451089607782e+00,1.389775753530062552e+01,1.500014601849215978e+00,1.387207269367493900e+01,2.700000000000000178e+00
3.612255727926165227e-01,1.392461684070490691e+01,2.609526397645556273e+00,1.389775815223630495e+01,1.500014600184385927e+00,1.387207269402561494e+01,2.700000000000000178e+00
3.614255727926167228e-01,1.392461684100478791e+01,2.609091339369392415e+00,1.389775876771195051e+01,1.500014598523421228e+00,1.387207269437548618e+01,2.700000000000000178e+00
3.616255727926169228e-01,1.392461684130383581e+01,2.608657273990458325e+00,1.389775938173090886e+01,1.500014596866321881e+00,1.387207269472441240e+01,2.700000000000000178e+00
3.618255727926171228e-01,1.392461684160221580e+01,2.608224199241564012e+00,1.389775999429698139e+01,1.500014595213542634e+00,1.387207269507255170e+01,2.700000000000000178e+00
3.620255727926173228e-01,1.392461684190009308e+01,2.607792112863328349e+00,1.389776060541383274e+01,1.500014593566447729e+00,1.387207269542008348e+01,2.700000000000000178e+00
3.622255727926175228e-01,1.392461684219708040e+01,2.607361012598835792e+00,1.389776121508467632e+01,1.500014591921171814e+00,1.387207269576660451e+01,2.700000000000000178e+00
3.624255727926177229e-01,1.392461684249338738e+01,2.606930896199586734e+00,1.389776182331325138e+01,1.500014590280215998e+00,1.387207269611233151e+01,2.700000000000000178e+00
3.626255727926179229e-01,1.392461684278898559e+01,2.606501761418282381e+00,1.389776243010301116e+01,1.500014588643580282e+00,1.387207269645724139e+01,2.700000000000000178e+00
3.628255727926181229e-01,1.392461684308408287e+01,2.606073606015662847e+00,1.389776303545770730e+01,1.500014587011946787e+00,1.387207269680153665e+01,2.700000000000000178e+00
3.630255727926183229e-01,1.392461684337834527e+01,2.605646427755685224e+00,1.389776363938053549e+01,1.500014585382359655e+00,1.387207269714488511e+01,2.700000000000000178e+00
3.632255727926185229e-01,1.392461684367205343e+01,2.605220224408731688e+00,1.389776424187526693e+01,1.500014583759366360e+00,1.387207269748756211e+01,2.700000000000000178e+00
3.634255727926187229e-01,1.392461684396487698e+01,2.604794993749885545e+00,1.389776484294503867e+01,1.500014582138192054e+00,1.387207269782925323e+01,2.700000000000000178e+00
3.636255727926189230e-01,1.392461684425708768e+01,2.604370733559168372e+00,1.389776544259366453e+01,1.500014580520883101e+00,1.387207269817021249e+01,2.700000000000000178e+00
3.638255727926191230e-01,1.392461684454871929e+01,2.603947441621849102e+00,1.389776604082458888e+01,1.500014578908348994e+00,1.387207269851048075e+01,2.700000000000000178e+00
3.640255727926193230e-01,1.392461684483950535e+01,2.603525115728296591e+00,1.389776663764103404e+01,1.500014577299225493e+00,1.387207269884979688e+01,2.700000000000000178e+00
3.642255727926195230e-01,1.392461684512975495e+01,2.603103753673532417e+00,1.389776723304678896e+01,1.500014575693967345e+00,1.387207269918846286e+01,2.700000000000000178e+00
3.644255727926197230e-01,1.392461684541929046e+01,2.602683353257746468e+00,1.389776782704507063e+01,1.500014574093711417e+00,1.387207269952630462e+01,2.700000000000000178e+00
3.646255727926199230e-01,1.392461684570817049e+01,2.602263912287103853e+00,1.389776841963941756e+01,1.500014572496183973e+00,1.387207269986338076e+01,2.700000000000000178e+00
3.648255727926201231e-01,1.392461684599632754e+01,2.601845428571200713e+00,1.389776901083315153e+01,1.500014570904340871e+00,1.387207270019962557e+01,2.700000000000000178e+00
3.650255727926203231e-01,1.392461684628393392e+01,2.601427899925039089e+00,1.389776960062991940e+01,1.500014569315226254e+00,1.387207270053520958e+01,2.700000000000000178e+00
3.652255727926205231e-01,1.392461684657070364e+01,2.601011324169841821e+00,1.389777018903279071e+01,1.500014567729294868e+00,1.387207270086984146e+01,2.700000000000000178e+00
3.654255727926207231e-01,1.392461684685697065e+01,2.600595699131201144e+00,1.389777077604555977e+01,1.500014566147683581e+00,1.387207270120387115e+01,2.700000000000000178e+00
3.656255727926209231e-01,1.392461684714237258e+01,2.600181022637595873e+00,1.389777136167124638e+01,1.500014564568800779e+00,1.387207270153692384e+01,2.700000000000000178e+00
3.658255727926211232e-01,1.392461684742729133e+01,2.599767292525403395e+00,1.389777194591354892e+01,1.500014562995602319e+00,1.387207270186938146e+01,2.700000000000000178e+00
3.660255727926213232e-01,1.392461684771146579e+01,2.599354506635012552e+00,1.389777252877567015e+01,1.500014561424904969e+00,1.387207270220098643e+01,2.700000000000000178e+00
3.662255727926215232e-01,1.392461684799500077e+01,2.598942662811456472e+00,1.389777311026098694e+01,1.500014559859664587e+00,1.387207270253184355e+01,2.700000000000000178e+00
3.664255727926217232e-01,1.392461684827788027e+01,2.598531758904542244e+00,1.389777369037292232e+01,1.500014558297380063e+00,1.387207270286193683e+01,2.700000000000000178e+00
3.666255727926219232e-01,1.392461684856012205e+01,2.598121792768770533e+00,1.389777426911481761e+01,1.500014556739870386e+00,1.387207270319129115e+01,2.700000000000000178e+00
3.668255727926221232e-01,1.392461684884170658e+01,2.597712762264182462e+00,1.389777484648999462e+01,1.500014555184634446e+00,1.387207270351987631e+01,2.700000000000000178e+00
3.670255727926223233e-01,1.392461684912260367e+01,2.597304665255737444e+00,1.389777542250176268e+01,1.500014553633718606e+00,1.387207270384766034e+01,2.700000000000000178e+00
3.672255727926225233e-01,1.392461684940280087e+01,2.596897499613034288e+00,1.389777599715342582e+01,1.500014552085531250e+00,1.387207270417464855e+01,2.700000000000000178e+00
3.674255727926227233e-01,1.392461684968233548e+01,2.596491263209955491e+00,1.389777657044832360e+01,1.500014550542118741e+00,1.387207270450086050e+01,2.700000000000000178e+00
3.676255727926229233e-01,1.392461684996135141e+01,2.596085953926725143e+00,1.389777714238993411e+01,1.500014549002571584e+00,1.387207270482644716e+01,2.700000000000000178e+00
3.678255727926231233e-01,1.392461685023964080e+01,2.595681569646899778e+00,1.389777771298133580e+01,1.500014547466435033e+00,1.387207270515120250e+01,2.700000000000000178e+00
3.680255727926233233e-01,1.392461685051735998e+01,2.595278108258775696e+00,1.389777828222595346e+01,1.500014545934391208e+00,1.387207270547527926e+01,2.700000000000000178e+00
3.682255727926235234e-01,1.392461685079436684e+01,2.594875567658156079e+00,1.389777885012696679e+01,1.500014544405530614e+00,1.387207270579854601e+01,2.700000000000000178e+00
3.684255727926237234e-01,1.392461685107071823e+01,2.594473945740169540e+00,1.389777941668765671e+01,1.500014542880762747e+00,1.387207270612104359e+01,2.700000000000000178e+00
3.686255727926239234e-01,1.392461685134645144e+01,2.594073240411099768e+00,1.389777998191135389e+01,1.500014541359860232e+00,1.387207270644281820e+01,2.700000000000000178e+00
3.688255727926241234e-01,1.392461685162144924e+01,2.593673449578171475e+00,1.389778054580119893e+01,1.500014539842368322e+00,1.387207270676375614e+01,2.700000000000000178e+00
3.690255727926243234e-01,1.392461685189594434e+01,2.593274571154382091e+00,1.389778110836066460e+01,1.500014538327377522e+00,1.387207270708408480e+01,2.700000000000000178e+00
3.692255727926245235e-01,1.392461685216974843e+01,2.592876603056953222e+00,1.389778166959279204e+01,1.500014536818525812e+00,1.387207270740361409e+01,2.700000000000000178e+00
3.694255727926247235e-01,1.392461685244289882e+01,2.592479543209428083e+00,1.389778222950087816e+01,1.500014535312629960e+00,1.387207270772239198e+01,2.700000000000000178e+00
3.696255727926249235e-01,1.392461685271543637e+01,2.592083389537656490e+00,1.389778278808815948e+01,1.500014533809235218e+00,1.387207270804045223e+01,2.700000000000000178e+00
3.698255727926251235e-01,1.392461685298737883e+01,2.591688139974841487e+00,1.389778334535785298e+01,1.500014532310842696e+00,1.387207270835781259e+01,2.700000000000000178e+00
3.700255727926253235e-01,1.392461685325869247e+01,2.591293792456247136e+00,1.389778390131317387e+01,1.500014530816088154e+00,1.387207270867443754e+01,2.700000000000000178e+00
3.702255727926255235e-01,1.392461685352926537e+01,2.590900344923809939e+00,1.389778445595720413e+01,1.500014529323152601e+00,1.387207270899021871e+01,2.700000000000000178e+00
3.704255727926257236e-01,1.392461685379929293e+01,2.590507795323801599e+00,1.389778500929327976e+01,1.500014527834537148e+00,1.387207270930535508e+01,2.700000000000000178e+00
3.706255727926259236e-01,1.392461685406859395e+01,2.590116141606774391e+00,1.389778556132444365e+01,1.500014526349104926e+00,1.387207270961965655e+01,2.700000000000000178e+00
3.708255727926261236e-01,1.392461685433740115e+01,2.589725381727753906e+00,1.389778611205406023e+01,1.500014524870266541e+00,1.387207270993336472e+01,2.700000000000000178e+00
3.710255727926263236e-01,1.392461685460550314e+01,2.589335513648052700e+00,1.389778666148514574e+01,1.500014523393247146e+00,1.387207271024626820e+01,2.700000000000000178e+00
3.712255727926265236e-01,1.392461685487305267e+01,2.588946535332186993e+00,1.389778720962095804e+01,1.500014521918956234e+00,1.387207271055851443e+01,2.700000000000000178e+00
3.714255727926267237e-01,1.392461685513996805e+01,2.588558444747578235e+00,1.389778775646460751e+01,1.500014520448303301e+00,1.387207271087001992e+01,2.700000000000000178e+00
3.716255727926269237e-01,1.392461685540632921e+01,2.588171239870027840e+00,1.389778830201925608e+01,1.500014518981970468e+00,1.387207271118087526e+01,2.700000000000000178e+00
3.718255727926271237e-01,1.392461685567192831e+01,2.587784918678721624e+00,1.389778884628786493e+01,1.500014517518593493e+00,1.387207271149086374e+01,2.700000000000000178e+00
3.720255727926273237e-01,1.392461685593688081e+01,2.587399479154222526e+00,1.389778938927366880e+01,1.500014516059763992e+00,1.387207271180010260e+01,2.700000000000000178e+00
3.722255727926275237e-01,1.392461685620133238e+01,2.587014919287954573e+00,1.389778993097990067e+01,1.500014514605027216e+00,1.387207271210874460e+01,2.700000000000000178e+00
3.724255727926277237e-01,1.392461685646517822e+01,2.586631237068814038e+00,1.389779047140963897e+01,1.500014513151199935e+00,1.387207271241668316e+01,2.700000000000000178e+00
3.726255727926279238e-01,1.392461685672834193e+01,2.586248430495844186e+00,1.389779101056585020e+01,1.500014511701238007e+00,1.387207271272382769e+01,2.700000000000000178e+00
3.728255727926281238e-01,1.392461685699098517e+01,2.585866497570730616e+00,1.389779154845176556e+01,1.500014510256960421e+00,1.387207271303036116e+01,2.700000000000000178e+00
3.730255727926283238e-01,1.392461685725289833e+01,2.585485436298414985e+00,1.389779208507030894e+01,1.500014508814729197e+00,1.387207271333606151e+01,2.700000000000000178e+00
3.732255727926285238e-01,1.392461685751431411e+01,2.585105244689826165e+00,1.389779262042478436e+01,1.500014507375453832e+00,1.387207271364116146e+01,2.700000000000000178e+00
3.734255727926287238e-01,1.392461685777501046e+01,2.584725920761675955e+00,1.389779315451799668e+01,1.500014505941180687e+00,1.387207271394544250e+01,2.700000000000000178e+00
3.736255727926289238e-01,1.392461685803525917e+01,2.584347462532568862e+00,1.389779368735331566e+01,1.500014504510318147e+00,1.387207271424917465e+01,2.700000000000000178e+00
3.738255727926291239e-01,1.392461685829477780e+01,2.583969868026922079e+00,1.389779421893350886e+01,1.500014503081729345e+00,1.387207271455208968e+01,2.700000000000000178e+00
3.740255727926293239e-01,1.392461685855363385e+01,2.583593135273552832e+00,1.389779474926167069e+01,1.500014501657233268e+00,1.387207271485423199e+01,2.700000000000000178e+00
3.742255727926295239e-01,1.392461685881200317e+01,2.583217262305929296e+00,1.389779527834102169e+01,1.500014500236147796e+00,1.387207271515578810e+01,2.700000000000000178e+00
3.744255727926297239e-01,1.392461685906979518e+01,2.582842247161026616e+00,1.389779580617450705e+01,1.500014498818927677e+00,1.387207271545667453e+01,2.700000000000000178e+00
3.746255727926299239e-01,1.392461685932701876e+01,2.582468087881785834e+00,1.389779633276516790e+01,1.500014497403981295e+00,1.387207271575688594e+01,2.700000000000000178e+00
3.748255727926301240e-01,1.392461685958353357e+01,2.582094782514464448e+00,1.389779685811583576e+01,1.500014495993809760e+00,1.387207271605629799e+01,2.700000000000000178e+00
3.750255727926303240e-01,1.392461685983948882e+01,2.581722329113089742e+00,1.389779738222968852e+01,1.500014494587503577e+00,1.387207271635504746e+01,2.700000000000000178e+00
3.752255727926305240e-01,1.392461686009488986e+01,2.581350725730190643e+00,1.389779790510973889e+01,1.500014493183925879e+00,1.387207271665315211e+01,2.700000000000000178e+00
3.754255727926307240e-01,1.392461686034962653e+01,2.580979970424368997e+00,1.389779842675890720e+01,1.500014491781485049e+00,1.387207271695049116e+01,2.700000000000000178e+00
3.756255727926309240e-01,1.392461686060381965e+01,2.580610061263959754e+00,1.389779894718020614e+01,1.500014490384273813e+00,1.387207271724718716e+01,2.700000000000000178e+00
3.758255727926311240e-01,1.392461686085733596e+01,2.580240996316355062e+00,1.389779946637651520e+01,1.500014488992519546e+00,1.387207271754311755e+01,2.700000000000000178e+00
3.760255727926313241e-01,1.392461686111033359e+01,2.579872773652237772e+00,1.389779998435100516e+01,1.500014487600310531e+00,1.387207271783842089e+01,2.700000000000000178e+00
3.762255727926315241e-01,1.392461686136282140e+01,2.579505391356223143e+00,1.389780050110659282e+01,1.500014486213558484e+00,1.387207271813312026e+01,2.700000000000000178e+00
3.764255727926317241e-01,1.392461686161461643e+01,2.579138847501947662e+00,1.389780101664606526e+01,1.500014484829989669e+00,1.387207271842703982e+01,2.700000000000000178e+00
3.766255727926319241e-01,1.392461686186589453e+01,2.578773140182906598e+00,1.389780153097251336e+01,1.500014483450058833e+00,1.387207271872033409e+01,2.700000000000000178e+00
3.768255727926321241e-01,1.392461686211657579e+01,2.578408267487088512e+00,1.389780204408884501e+01,1.500014482072629107e+00,1.387207271901294092e+01,2.700000000000000178e+00
3.770255727926323241e-01,1.392461686236666019e+01,2.578044227505191355e+00,1.389780255599799474e+01,1.500014480697245745e+00,1.387207271930486208e+01,2.700000000000000178e+00
3.772255727926325242e-01,1.392461686261624543e+01,2.577681018345482578e+00,1.389780306670287047e+01,1.500014479330047834e+00,1.387207271959618105e+01,2.700000000000000178e+00
3.774255727926327242e-01,1.392461686286505795e+01,2.577318638110077664e+00,1.389780357620627527e+01,1.500014477960348813e+00,1.387207271988663493e+01,2.700000000000000178e+00
3.776255727926329242e-01,1.392461686311341751e+01,2.576957084902363526e+00,1.389780408451133020e+01,1.500014476597471003e+00,1.387207272017653814e+01,2.700000000000000178e+00
3.778255727926331242e-01,1.392461686336111981e+01,2.576596356835286095e+00,1.389780459162075843e+01,1.500014475236412181e+00,1.387207272046568640e+01,2.700000000000000178e+00
3.780255727926333242e-01,1.392461686360841355e+01,2.576236452026674506e+00,1.389780509753769344e+01,1.500014473880582955e+00,1.387207272075433551e+01,2.700000000000000178e+00
3.782255727926335243e-01,1.392461686385506958e+01,2.575877368598015416e+00,1.389780560226482820e+01,1.500014472525890596e+00,1.387207272104225098e+01,2.700000000000000178e+00
3.784255727926337243e-01,1.392461686410105770e+01,2.575519104675402016e+00,1.389780610580495512e+01,1.500014471175518338e+00,1.387207272132940261e+01,2.700000000000000178e+00
3.786255727926339243e-01,1.392461686434658574e+01,2.575161658389334196e+00,1.389780660816120772e+01,1.500014469828101937e+00,1.387207272161600713e+01,2.700000000000000178e+00
3.788255727926341243e-01,1.392461686459141390e+01,2.574805027874205177e+00,1.389780710933614927e+01,1.500014468483868768e+00,1.387207272190181762e+01,2.700000000000000178e+00
3.790255727926343243e-01,1.392461686483587435e+01,2.574449211269209670e+00,1.389780760933300741e+01,1.500014467143500951e+00,1.387207272218716092e+01,2.700000000000000178e+00
3.792255727926345243e-01,1.392461686507967400e+01,2.574094206717182587e+00,1.389780810815432766e+01,1.500014465806088992e+00,1.387207272247175460e+01,2.700000000000000178e+00
3.794255727926347244e-01,1.392461686532286436e+01,2.573740012356300788e+00,1.389780860580303568e+01,1.500014464470496023e+00,1.387207272275563952e+01,2.700000000000000178e+00
3.796255727926349244e-01,1.392461686556545253e+01,2.573386626342918149e+00,1.389780910228190969e+01,1.500014463139905274e+00,1.387207272303883698e+01,2.700000000000000178e+00
3.798255727926351244e-01,1.392461686580746516e+01,2.573034046837285871e+00,1.389780959759383450e+01,1.500014461812270383e+00,1.387207272332136121e+01,2.700000000000000178e+00
3.800255727926353244e-01,1.392461686604905857e+01,2.572682271991728609e+00,1.389781009174179793e+01,1.500014460487363976e+00,1.387207272360337740e+01,2.700000000000000178e+00
3.802255727926355244e-01,1.392461686629008177e+01,2.572331299972388408e+00,1.389781058472846986e+01,1.500014459165413427e+00,1.387207272388472923e+01,2.700000000000000178e+00
3.804255727926357245e-01,1.392461686653046193e+01,2.571981128948936934e+00,1.389781107655654679e+01,1.500014457846418736e+00,1.387207272416534565e+01,2.700000000000000178e+00
3.806255727926359245e-01,1.392461686677026833e+01,2.571631757089229531e+00,1.389781156722888689e+01,1.500014456532426266e+00,1.387207272444529771e+01,2.700000000000000178e+00
3.808255727926361245e-01,1.392461686700955958e+01,2.571283182572843717e+00,1.389781205674841047e+01,1.500014455219570664e+00,1.387207272472464759e+01,2.700000000000000178e+00
3.810255727926363245e-01,1.392461686724824865e+01,2.570935403579877043e+00,1.389781254511773767e+01,1.500014453911262535e+00,1.387207272500329402e+01,2.700000000000000178e+00
3.812255727926365245e-01,1.392461686748657890e+01,2.570588418291550603e+00,1.389781303233993803e+01,1.500014452605682891e+00,1.387207272528149282e+01,2.700000000000000178e+00
3.814255727926367245e-01,1.392461686772408846e+01,2.570242224900372463e+00,1.389781351841731372e+01,1.500014451302604357e+00,1.387207272555878390e+01,2.700000000000000178e+00
3.816255727926369246e-01,1.392461686796115572e+01,2.569896821597974945e+00,1.389781400335300710e+01,1.500014450002026933e+00,1.387207272583553319e+01,2.700000000000000178e+00
3.818255727926371246e-01,1.392461686819773981e+01,2.569552206578794351e+00,1.389781448714967382e+01,1.500014448707588599e+00,1.387207272611172115e+01,2.700000000000000178e+00
3.820255727926373246e-01,1.392461686843371282e+01,2.569208378045528374e+00,1.389781496981000153e+01,1.500014447413605012e+00,1.387207272638720212e+01,2.700000000000000178e+00
3.822255727926375246e-01,1.392461686866917248e+01,2.568865334203657813e+00,1.389781545133682528e+01,1.500014446123714151e+00,1.387207272666208446e+01,2.700000000000000178e+00
3.824255727926377246e-01,1.392461686890402994e+01,2.568523073262214407e+00,1.389781593173277052e+01,1.500014444836551775e+00,1.387207272693626336e+01,2.700000000000000178e+00
3.826255727926379246e-01,1.392461686913837227e+01,2.568181593434400334e+00,1.389781641100063858e+01,1.500014443553254750e+00,1.387207272720984719e+01,2.700000000000000178e+00
3.828255727926381247e-01,1.392461686937225629e+01,2.567840892937561126e+00,1.389781688914325386e+01,1.500014442272231463e+00,1.387207272748287679e+01,2.700000000000000178e+00
3.830255727926383247e-01,1.392461686960548484e+01,2.567500969992800197e+00,1.389781736616308372e+01,1.500014440995073528e+00,1.387207272775516742e+01,2.700000000000000178e+00
3.832255727926385247e-01,1.392461686983825508e+01,2.567161822826379947e+00,1.389781784206308224e+01,1.500014439720189330e+00,1.387207272802690561e+01,2.700000000000000178e+00
3.834255727926387247e-01,1.392461687007045334e+01,2.566823449666931545e+00,1.389781831684576652e+01,1.500014438449397858e+00,1.387207272829798654e+01,2.700000000000000178e+00
3.836255727926389247e-01,1.392461687030202633e+01,2.566485848748156329e+00,1.389781879051387570e+01,1.500014437179515880e+00,1.387207272856835161e+01,2.700000000000000178e+00
3.838255727926391248e-01,1.392461687053314456e+01,2.566149018306473018e+00,1.389781926307018090e+01,1.500014435913726629e+00,1.387207272883818021e+01,2.700000000000000178e+00
3.840255727926393248e-01,1.392461687076373877e+01,2.565812956585620253e+00,1.389781973451731290e+01,1.500014434653394346e+00,1.387207272910738354e+01,2.700000000000000178e+00
3.842255727926395248e-01,1.392461687099375567e+01,2.565477661831106371e+00,1.389782020485792025e+01,1.500014433392834690e+00,1.387207272937592961e+01,2.700000000000000178e+00
3.844255727926397248e-01,1.392461687122335157e+01,2.565143132290198746e+00,1.389782067409477229e+01,1.500014432138641496e+00,1.387207272964396054e+01,2.700000000000000178e+00
3.846255727926399248e-01,1.392461687145230087e+01,2.564809366218965270e+00,1.389782114223037190e+01,1.500014430884220928e+00,1.387207272991126317e+01,2.700000000000000178e+00
3.848255727926401248e-01,1.392461687168073148e+01,2.564476361874284738e+00,1.389782160926746535e+01,1.500014429634120461e+00,1.387207273017795828e+01,2.700000000000000178e+00
3.850255727926403249e-01,1.392461687190865227e+01,2.564144117517059396e+00,1.389782207520867985e+01,1.500014428386066356e+00,1.387207273044405298e+01,2.700000000000000178e+00
3.852255727926405249e-01,1.392461687213602595e+01,2.563812631413286081e+00,1.389782254005667284e+01,1.500014427142559725e+00,1.387207273070952063e+01,2.700000000000000178e+00
3.854255727926407249e-01,1.392461687236289869e+01,2.563481901833172483e+00,1.389782300381409108e+01,1.500014425900417336e+00,1.387207273097439497e+01,2.700000000000000178e+00
3.856255727926409249e-01,1.392461687258926339e+01,2.563151927048675560e+00,1.389782346648354405e+01,1.500014424663049795e+00,1.387207273123867779e+01,2.700000000000000178e+00
3.858255727926411249e-01,1.392461687281505078e+01,2.562822705339385276e+00,1.389782392806761102e+01,1.500014423427046495e+00,1.387207273150229447e+01,2.700000000000000178e+00
3.860255727926413249e-01,1.392461687304035856e+01,2.562494234984307617e+00,1.389782438856896185e+01,1.500014422196045416e+00,1.387207273176534450e+01,2.700000000000000178e+00
3.862255727926415250e-01,1.392461687326510145e+01,2.562166514269121009e+00,1.389782484799016338e+01,1.500014420965271711e+00,1.387207273202774438e+01,2.700000000000000178e+00
3.864255727926417250e-01,1.392461687348937005e+01,2.561839541484650873e+00,1.389782530633386948e+01,1.500014419739727600e+00,1.387207273228958293e+01,2.700000000000000178e+00
3.866255727926419250e-01,1.392461687371311641e+01,2.561513314922469142e+00,1.389782576360266120e+01,1.500014418516684600e+00,1.387207273255081041e+01,2.700000000000000178e+00
3.868255727926421250e-01,1.392461687393628544e+01,2.561187832880035042e+00,1.389782621979904853e+01,1.500014417295005842e+00,1.387207273281138420e+01,2.700000000000000178e+00
3.870255727926423250e-01,1.392461687415901039e+01,2.560863093657588241e+00,1.389782667492571910e+01,1.500014416077874557e+00,1.387207273307142152e+01,2.700000000000000178e+00
3.872255727926425251e-01,1.392461687438128237e+01,2.560539095560996792e+00,1.389782712898528771e+01,1.500014414862789636e+00,1.387207273333092417e+01,2.700000000000000178e+00
3.874255727926427251e-01,1.392461687460281361e+01,2.560215836897945074e+00,1.389782758198000501e+01,1.500014413651342693e+00,1.387207273358960080e+01,2.700000000000000178e+00
3.876255727926429251e-01,1.392461687482399313e+01,2.559893315980428241e+00,1.389782803391281796e+01,1.500014412442624234e+00,1.387207273384784223e+01,2.700000000000000178e+00
3.878255727926431251e-01,1.392461687504463796e+01,2.559571531125709232e+00,1.389782848478610333e+01,1.500014411236179512e+00,1.387207273410545838e+01,2.700000000000000178e+00
3.880255727926433251e-01,1.392461687526476233e+01,2.559250480653882054e+00,1.389782893460242796e+01,1.500014410033827517e+00,1.387207273436247590e+01,2.700000000000000178e+00
3.882255727926435251e-01,1.392461687548444438e+01,2.558930162888199522e+00,1.389782938336441376e+01,1.500014408833294510e+00,1.387207273461896229e+01,2.700000000000000178e+00
3.884255727926437252e-01,1.392461687570358819e+01,2.558610576156959748e+00,1.389782983107449077e+01,1.500014407636172109e+00,1.387207273487482340e+01,2.700000000000000178e+00
3.886255727926439252e-01,1.392461687592207298e+01,2.558291718791776415e+00,1.389783027773507484e+01,1.500014406441096071e+00,1.387207273512995442e+01,2.700000000000000178e+00
3.888255727926441252e-01,1.392461687614019361e+01,2.557973589127914060e+00,1.389783072334895486e+01,1.500014405248975891e+00,1.387207273538462715e+01,2.700000000000000178e+00
3.890255727926443252e-01,1.392461687635778311e+01,2.557656185505661206e+00,1.389783116791852358e+01,1.500014404060493689e+00,1.387207273563869236e+01,2.700000000000000178e+00
3.892255727926445252e-01,1.392461687657488767e+01,2.557339506266924190e+00,1.389783161144629808e+01,1.500014402874285224e+00,1.387207273589218026e+01,2.700000000000000178e+00
3.894255727926447253e-01,1.392461687679152860e+01,2.557023549758057346e+00,1.389783205393481857e+01,1.500014401692169486e+00,1.387207273614512637e+01,2.700000000000000178e+00
3.896255727926449253e-01,1.392461687700756734e+01,2.556708314331445298e+00,1.389783249538645471e+01,1.500014400512554857e+00,1.387207273639738503e+01,2.700000000000000178e+00
3.898255727926451253e-01,1.392461687722317087e+01,2.556393798339850143e+00,1.389783293580383372e+01,1.500014399335213966e+00,1.387207273664913210e+01,2.700000000000000178e+00
3.900255727926453253e-01,1.392461687743829124e+01,2.556080000142086917e+00,1.389783337518942297e+01,1.500014398161056306e+00,1.387207273690031073e+01,2.700000000000000178e+00
3.902255727926455253e-01,1.392461687765278811e+01,2.555766918099100504e+00,1.389783381354555480e+01,1.500014396989399756e+00,1.387207273715077882e+01,2.700000000000000178e+00
3.904255727926457253e-01,1.392461687786692259e+01,2.555454550577533013e+00,1.389783425087493107e+01,1.500014395820699065e+00,1.387207273740080815e+01,2.700000000000000178e+00
3.906255727926459254e-01,1.392461687808061832e+01,2.555142895946685311e+00,1.389783468717999959e+01,1.500014394653362615e+00,1.387207273765031523e+01,2.700000000000000178e+00
3.908255727926461254e-01,1.392461687829360883e+01,2.554831952577823806e+00,1.389783512246287600e+01,1.500014393490801012e+00,1.387207273789903539e+01,2.700000000000000178e+00
3.910255727926463254e-01,1.392461687850630092e+01,2.554521718849586343e+00,1.389783555672648241e+01,1.500014392330740520e+00,1.387207273814737540e+01,2.700000000000000178e+00
3.912255727926465254e-01,1.392461687871835707e+01,2.554212193141976783e+00,1.389783598997289715e+01,1.500014391172953765e+00,1.387207273839499777e+01,2.700000000000000178e+00
3.914255727926467254e-01,1.392461687893002420e+01,2.553903373838547264e+00,1.389783642220483095e+01,1.500014390018122867e+00,1.387207273864214407e+01,2.700000000000000178e+00
3.916255727926469254e-01,1.392461687914115487e+01,2.553595259327400058e+00,1.389783685342454689e+01,1.500014388864883585e+00,1.387207273888868464e+01,2.700000000000000178e+00
3.918255727926471255e-01,1.392461687935179881e+01,2.553287848000362015e+00,1.389783728363455317e+01,1.500014387715054909e+00,1.387207273913465322e+01,2.700000000000000178e+00
3.920255727926473255e-01,1.392461687956191518e+01,2.552981138252846893e+00,1.389783771283719283e+01,1.500014386569091585e+00,1.387207273938000718e+01,2.700000000000000178e+00
3.922255727926475255e-01,1.392461687977162121e+01,2.552675128483707034e+00,1.389783814103502912e+01,1.500014385425174623e+00,1.387207273962488152e+01,2.700000000000000178e+00
3.924255727926477255e-01,1.392461687998083164e+01,2.552369817094524151e+00,1.389783856823034469e+01,1.500014384285123015e+00,1.387207273986917322e+01,2.700000000000000178e+00
3.926255727926479255e-01,1.392461688018954291e+01,2.552065202492663776e+00,1.389783899442559445e+01,1.500014383146435648e+00,1.387207274011288582e+01,2.700000000000000178e+00
3.928255727926481256e-01,1.392461688039774437e+01,2.551761283087015109e+00,1.389783941962313918e+01,1.500014382010704139e+00,1.387207274035600513e+01,2.700000000000000178e+00
3.930255727926483256e-01,1.392461688060557101e+01,2.551458057291267512e+00,1.389783984382551552e+01,1.500014380877473741e+00,1.387207274059867501e+01,2.700000000000000178e+00
3.932255727926485256e-01,1.392461688081276172e+01,2.551155523522372626e+00,1.389784026703481246e+01,1.500014379748108695e+00,1.387207274084062902e+01,2.700000000000000178e+00
3.934255727926487256e-01,1.392461688101949235e+01,2.550853680200412921e+00,1.389784068925366434e+01,1.500014378618743649e+00,1.387207274108204125e+01,2.700000000000000178e+00
3.936255727926489256e-01,1.392461688122587482e+01,2.550552525751574429e+00,1.389784111048447457e+01,1.500014377495062945e+00,1.387207274132302715e+01,2.700000000000000178e+00
3.938255727926491256e-01,1.392461688143173326e+01,2.550252058601673255e+00,1.389784153072945649e+01,1.500014376373883351e+00,1.387207274156341086e+01,2.700000000000000178e+00
3.940255727926493257e-01,1.392461688163702505e+01,2.549952277182218285e+00,1.389784194999097622e+01,1.500014375253613252e+00,1.387207274180315508e+01,2.700000000000000178e+00
3.942255727926495257e-01,1.392461688184187807e+01,2.549653179929594060e+00,1.389784236827146913e+01,1.500014374136526385e+00,1.387207274204237706e+01,2.700000000000000178e+00
3.944255727926497257e-01,1.392461688204634918e+01,2.549354765281357516e+00,1.389784278557335639e+01,1.500014373022168002e+00,1.387207274228113363e+01,2.700000000000000178e+00
3.946255727926499257e-01,1.392461688225018435e+01,2.549057031680034058e+00,1.389784320189872169e+01,1.500014371910992850e+00,1.387207274251918321e+01,2.700000000000000178e+00
3.948255727926501257e-01,1.392461688245371398e+01,2.548759977571244395e+00,1.389784361725025441e+01,1.500014370801181940e+00,1.387207274275683666e+01,2.700000000000000178e+00
3.950255727926503257e-01,1.392461688265667519e+01,2.548463601404213463e+00,1.389784403163001869e+01,1.500014369694326888e+00,1.387207274299386484e+01,2.700000000000000178e+00
3.952255727926505258e-01,1.392461688285915855e+01,2.548167901631320564e+00,1.389784444504038952e+01,1.500014368592019309e+00,1.387207274323032102e+01,2.700000000000000178e+00
3.954255727926507258e-01,1.392461688306133283e+01,2.547872876710436607e+00,1.389784485748389997e+01,1.500014367491985467e+00,1.387207274346639352e+01,2.700000000000000178e+00
3.956255727926509258e-01,1.392461688326288893e+01,2.547578525099448932e+00,1.389784526896255201e+01,1.500014366393543241e+00,1.387207274370177323e+01,2.700000000000000178e+00
3.958255727926511258e-01,1.392461688346397786e+01,2.547284845262770769e+00,1.389784567947882188e+01,1.500014365297147378e+00,1.387207274393660938e+01,2.700000000000000178e+00
3.960255727926513258e-01,1.392461688366465467e+01,2.546991835666871040e+00,1.389784608903503660e+01,1.500014364204389494e+00,1.387207274417095348e+01,2.700000000000000178e+00
3.962255727926515259e-01,1.392461688386475771e+01,2.546699494782404205e+00,1.389784649763332247e+01,1.500014363114132721e+00,1.387207274440465454e+01,2.700000000000000178e+00
3.964255727926517259e-01,1.392461688406450016e+01,2.546407821082990353e+00,1.389784690527619482e+01,1.500014362027513926e+00,1.387207274463790974e+01,2.700000000000000178e+00
3.966255727926519259e-01,1.392461688426380917e+01,2.546116813046314764e+00,1.389784731196590961e+01,1.500014360941349878e+00,1.387207274487065511e+01,2.700000000000000178e+00
3.968255727926521259e-01,1.392461688446263146e+01,2.545826469152319138e+00,1.389784771770467131e+01,1.500014359858596436e+00,1.387207274510283739e+01,2.700000000000000178e+00
3.970255727926523259e-01,1.392461688466104519e+01,2.545536787887194841e+00,1.389784812249479451e+01,1.500014358780163093e+00,1.387207274533453827e+01,2.700000000000000178e+00
3.972255727926525259e-01,1.392461688485887095e+01,2.545247767736424027e+00,1.389784852633841972e+01,1.500014357701729750e+00,1.387207274556557657e+01,2.700000000000000178e+00
3.974255727926527260e-01,1.392461688505628636e+01,2.544959407191825118e+00,1.389784892923795390e+01,1.500014356627843881e+00,1.387207274579611571e+01,2.700000000000000178e+00
3.976255727926529260e-01,1.392461688525323105e+01,2.544671704748445062e+00,1.389784933119564236e+01,1.500014355554412759e+00,1.387207274602612550e+01,2.700000000000000178e+00
3.978255727926531260e-01,1.392461688544989684e+01,2.544384658905076257e+00,1.389784973221385123e+01,1.500014354486211232e+00,1.387207274625577824e+01,2.700000000000000178e+00
3.980255727926533260e-01,1.392461688564590894e+01,2.544098268162070298e+00,1.389785013229449184e+01,1.500014353419373947e+00,1.387207274648469557e+01,2.700000000000000178e+00
3.982255727926535260e-01,1.392461688584147872e+01,2.543812531024864043e+00,1.389785053144005644e+01,1.500014352353218783e+00,1.387207274671310309e+01,2.700000000000000178e+00
3.984255727926537261e-01,1.392461688603665060e+01,2.543527446001786263e+00,1.389785092965279389e+01,1.500014351290019476e+00,1.387207274694103276e+01,2.700000000000000178e+00
3.986255727926539261e-01,1.392461688623131799e+01,2.543243011604233050e+00,1.389785132693480030e+01,1.500014350231822391e+00,1.387207274716837802e+01,2.700000000000000178e+00
3.988255727926541261e-01,1.392461688642553419e+01,2.542959226347860646e+00,1.389785172328837248e+01,1.500014349174080053e+00,1.387207274739520635e+01,2.700000000000000178e+00
3.990255727926543261e-01,1.392461688661942532e+01,2.542676088750810859e+00,1.389785211871584458e+01,1.500014348121112562e+00,1.387207274762162790e+01,2.700000000000000178e+00
3.992255727926545261e-01,1.392461688681277998e+01,2.542393597335360411e+00,1.389785251321926829e+01,1.500014347068599818e+00,1.387207274784743838e+01,2.700000000000000178e+00
3.994255727926547261e-01,1.392461688700564082e+01,2.542111750626163680e+00,1.389785290680084628e+01,1.500014346017906064e+00,1.387207274807268753e+01,2.700000000000000178e+00
3.996255727926549262e-01,1.392461688719814816e+01,2.541830547151552100e+00,1.389785329946291803e+01,1.500014344971077662e+00,1.387207274829751213e+01,2.700000000000000178e+00
3.998255727926551262e-01,1.392461688739018832e+01,2.541549985445272775e+00,1.389785369120759029e+01,1.500014343926977745e+00,1.387207274852178962e+01,2.700000000000000178e+00
4.000255727926553262e-01,1.392461688758173111e+01,2.541270064041594612e+00,1.389785408203703554e+01,1.500014342883787322e+00,1.387207274874549512e+01,2.700000000000000178e+00
4.002255727926555262e-01,1.392461688777290085e+01,2.540990781478203786e+00,1.389785447195350976e+01,1.500014341845144372e+00,1.387207274896875830e+01,2.700000000000000178e+00
4.004255727926557262e-01,1.392461688796362296e+01,2.540712136298463264e+00,1.389785486095916944e+01,1.500014340809457281e+00,1.387207274919149569e+01,2.700000000000000178e+00
4.006255727926559262e-01,1.392461688815391341e+01,2.540434127047802804e+00,1.389785524905617109e+01,1.500014339775361805e+00,1.387207274941373036e+01,2.700000000000000178e+00
4.008255727926561263e-01,1.392461688834367450e+01,2.540156752273805107e+00,1.389785563624663922e+01,1.500014338741721076e+00,1.387207274963536996e+01,2.700000000000000178e+00
4.010255727926563263e-01,1.392461688853294177e+01,2.539880010529275811e+00,1.389785602253270014e+01,1.500014337713082568e+00,1.387207274985643224e+01,2.700000000000000178e+00
4.012255727926565263e-01,1.392461688872200121e+01,2.539603900369526102e+00,1.389785640791686028e+01,1.500014336685808303e+00,1.387207275007721918e+01,2.700000000000000178e+00
4.014255727926567263e-01,1.392461688891041227e+01,2.539328420352842119e+00,1.389785679240078942e+01,1.500014335661035147e+00,1.387207275029728137e+01,2.700000000000000178e+00
4.016255727926569263e-01,1.392461688909851958e+01,2.539053569041024083e+00,1.389785717598701531e+01,1.500014334638080982e+00,1.387207275051696875e+01,2.700000000000000178e+00
4.018255727926571264e-01,1.392461688928616148e+01,2.538779344999418708e+00,1.389785755867747419e+01,1.500014333619901663e+00,1.387207275073612678e+01,2.700000000000000178e+00
4.020255727926573264e-01,1.392461688947333087e+01,2.538505746796666518e+00,1.389785794047438294e+01,1.500014332600358102e+00,1.387207275095473591e+01,2.700000000000000178e+00
4.022255727926575264e-01,1.392461688966013256e+01,2.538232773004093445e+00,1.389785832137986965e+01,1.500014331587181005e+00,1.387207275117289740e+01,2.700000000000000178e+00
4.024255727926577264e-01,1.392461688984650614e+01,2.537960422196432475e+00,1.389785870139607127e+01,1.500014330573776533e+00,1.387207275139056506e+01,2.700000000000000178e+00
4.026255727926579264e-01,1.392461689003243031e+01,2.537688692952318359e+00,1.389785908052505192e+01,1.500014329563782667e+00,1.387207275160771580e+01,2.700000000000000178e+00
4.028255727926581264e-01,1.392461689021790328e+01,2.537417583854433278e+00,1.389785945876896101e+01,1.500014328556517285e+00,1.387207275182433897e+01,2.700000000000000178e+00
4.030255727926583265e-01,1.392461689040295703e+01,2.537147093485872418e+00,1.389785983612991060e+01,1.500014327550843518e+00,1.387207275204047541e+01,2.700000000000000178e+00
4.032255727926585265e-01,1.392461689058758267e+01,2.536877220435032054e+00,1.389786021261002169e+01,1.500014326547443488e+00,1.387207275225611092e+01,2.700000000000000178e+00
4.034255727926587265e-01,1.392461689077165055e+01,2.536607963292703438e+00,1.389786058821124115e+01,1.500014325546089822e+00,1.387207275247111760e+01,2.700000000000000178e+00
4.036255727926589265e-01,1.392461689095540933e+01,2.536339320651991525e+00,1.389786096293591910e+01,1.500014324548374134e+00,1.387207275268574236e+01,2.700000000000000178e+00
4.038255727926591265e-01,1.392461689113889811e+01,2.536071291113637383e+00,1.389786133678617297e+01,1.500014323554296425e+00,1.387207275290003494e+01,2.700000000000000178e+00
4.040255727926593265e-01,1.392461689132178115e+01,2.535803873275886300e+00,1.389786170976380397e+01,1.500014322560218716e+00,1.387207275311364718e+01,2.700000000000000178e+00
4.042255727926595266e-01,1.392461689150428761e+01,2.535537065743605822e+00,1.389786208187105565e+01,1.500014321569778986e+00,1.387207275332680823e+01,2.700000000000000178e+00
4.044255727926597266e-01,1.392461689168643524e+01,2.535270867124038929e+00,1.389786245311007917e+01,1.500014320580021376e+00,1.387207275353954294e+01,2.700000000000000178e+00
4.046255727926599266e-01,1.392461689186803575e+01,2.535005276027180177e+00,1.389786282348269708e+01,1.500014319593674372e+00,1.387207275375166304e+01,2.700000000000000178e+00
4.048255727926601266e-01,1.392461689204919395e+01,2.534740291067128393e+00,1.389786319299111916e+01,1.500014318609828479e+00,1.387207275396326800e+01,2.700000000000000178e+00
4.050255727926603266e-01,1.392461689223012655e+01,2.534475910860186421e+00,1.389786356163758718e+01,1.500014317628938443e+00,1.387207275417457630e+01,2.700000000000000178e+00
4.052255727926605267e-01,1.392461689241056355e+01,2.534212134025289664e+00,1.389786392942393256e+01,1.500014316649867396e+00,1.387207275438532328e+01,2.700000000000000178e+00
4.054255727926607267e-01,1.392461689259042856e+01,2.533948959186751448e+00,1.389786429635211640e+01,1.500014315671023724e+00,1.387207275459542899e+01,2.700000000000000178e+00
4.056255727926609267e-01,1.392461689277008752e+01,2.533686384969844774e+00,1.389786466242449237e+01,1.500014314697637019e+00,1.387207275480526114e+01,2.700000000000000178e+00
4.058255727926611267e-01,1.392461689294922600e+01,2.533424410004054383e+00,1.389786502764285281e+01,1.500014313725614556e+00,1.387207275501450177e+01,2.700000000000000178e+00
4.060255727926613267e-01,1.392461689312790440e+01,2.533163032921958102e+00,1.389786539200922810e+01,1.500014312756320578e+00,1.387207275522321481e+01,2.700000000000000178e+00
4.062255727926615267e-01,1.392461689330621866e+01,2.532902252359745088e+00,1.389786575552581915e+01,1.500014311787481347e+00,1.387207275543149443e+01,2.700000000000000178e+00
4.064255727926617268e-01,1.392461689348412257e+01,2.532642066954928772e+00,1.389786611819455509e+01,1.500014310821370600e+00,1.387207275563929620e+01,2.700000000000000178e+00
4.066255727926619268e-01,1.392461689366172806e+01,2.532382475349418627e+00,1.389786648001758529e+01,1.500014309857988337e+00,1.387207275584673205e+01,2.700000000000000178e+00
4.068255727926621268e-01,1.392461689383876688e+01,2.532123476188897104e+00,1.389786684099660619e+01,1.500014308898016679e+00,1.387207275605353374e+01,2.700000000000000178e+00
4.070255727926623268e-01,1.392461689401548774e+01,2.531865068119567130e+00,1.389786720113392171e+01,1.500014307940773506e+00,1.387207275625993930e+01,2.700000000000000178e+00
4.072255727926625268e-01,1.392461689419178583e+01,2.531607249793208503e+00,1.389786756043145388e+01,1.500014306983302959e+00,1.387207275646586169e+01,2.700000000000000178e+00
4.074255727926627269e-01,1.392461689436778016e+01,2.531350019864376577e+00,1.389786791889125261e+01,1.500014306029697764e+00,1.387207275667141104e+01,2.700000000000000178e+00
4.076255727926629269e-01,1.392461689454307638e+01,2.531093376989924426e+00,1.389786827651497347e+01,1.500014305078138932e+00,1.387207275687620012e+01,2.700000000000000178e+00
4.078255727926631269e-01,1.392461689471815944e+01,2.530837319830103294e+00,1.389786863330503408e+01,1.500014304129535958e+00,1.387207275708070142e+01,2.700000000000000178e+00
4.080255727926633269e-01,1.392461689489288368e+01,2.530581847048551047e+00,1.389786898926333869e+01,1.500014303182069852e+00,1.387207275728478351e+01,2.700000000000000178e+00
4.082255727926635269e-01,1.392461689506713185e+01,2.530326957311120228e+00,1.389786934439175070e+01,1.500014302235967989e+00,1.387207275748832380e+01,2.700000000000000178e+00
4.084255727926637269e-01,1.392461689524092350e+01,2.530072649287103292e+00,1.389786969869217437e+01,1.500014301293731478e+00,1.387207275769133119e+01,2.700000000000000178e+00
4.086255727926639270e-01,1.392461689541436876e+01,2.529818921649378716e+00,1.389787005216676263e+01,1.500014300353313956e+00,1.387207275789393357e+01,2.700000000000000178e+00
4.088255727926641270e-01,1.392461689558742499e+01,2.529565773072458779e+00,1.389787040481741975e+01,1.500014299415397545e+00,1.387207275809608120e+01,2.700000000000000178e+00
4.090255727926643270e-01,1.392461689576007622e+01,2.529313202235881963e+00,1.389787075664607663e+01,1.500014298480891739e+00,1.387207275829775632e+01,2.700000000000000178e+00
4.092255727926645270e-01,1.392461689593232066e+01,2.529061207820169077e+00,1.389787110765472811e+01,1.500014297545249065e+00,1.387207275849894828e+01,2.700000000000000178e+00
4.094255727926647270e-01,1.392461689610416897e+01,2.528809788510975043e+00,1.389787145784529798e+01,1.500014296613016995e+00,1.387207275869968903e+01,2.700000000000000178e+00
4.096255727926649270e-01,1.392461689627572241e+01,2.528558942994940217e+00,1.389787180721981485e+01,1.500014295685105026e+00,1.387207275890006919e+01,2.700000000000000178e+00
4.098255727926651271e-01,1.392461689644672873e+01,2.528308669962190169e+00,1.389787215578000534e+01,1.500014294757420430e+00,1.387207275909982940e+01,2.700000000000000178e+00
4.100255727926653271e-01,1.392461689661747748e+01,2.528058968107363302e+00,1.389787250352809167e+01,1.500014293832691692e+00,1.387207275929927341e+01,2.700000000000000178e+00
4.102255727926655271e-01,1.392461689678760983e+01,2.527809836125751275e+00,1.389787285046561571e+01,1.500014292909327196e+00,1.387207275949802820e+01,2.700000000000000178e+00
4.104255727926657271e-01,1.392461689695757876e+01,2.527561272718312324e+00,1.389787319659498088e+01,1.500014291988918558e+00,1.387207275969656095e+01,2.700000000000000178e+00
4.106255727926659271e-01,1.392461689712704320e+01,2.527313276585753332e+00,1.389787354191774504e+01,1.500014291071693151e+00,1.387207275989452171e+01,2.700000000000000178e+00
4.108255727926661272e-01,1.392461689729618435e+01,2.527065846434297214e+00,1.389787388643603627e+01,1.500014290154922492e+00,1.387207276009209522e+01,2.700000000000000178e+00
4.110255727926663272e-01,1.392461689746487963e+01,2.526818980971988093e+00,1.389787423015163448e+01,1.500014289240198195e+00,1.387207276028915715e+01,2.700000000000000178e+00
4.112255727926665272e-01,1.392461689763317700e+01,2.526572678910180336e+00,1.389787457306647056e+01,1.500014288329793999e+00,1.387207276048575899e+01,2.700000000000000178e+00
4.114255727926667272e-01,1.392461689780114220e+01,2.526326938963160629e+00,1.389787491518253582e+01,1.500014287418707681e+00,1.387207276068195760e+01,2.700000000000000178e+00
4.116255727926669272e-01,1.392461689796870594e+01,2.526081759847177644e+00,1.389787525650163857e+01,1.500014286511486716e+00,1.387207276087769081e+01,2.700000000000000178e+00
4.118255727926671272e-01,1.392461689813583625e+01,2.525837140283056836e+00,1.389787559702566533e+01,1.500014285606312114e+00,1.387207276107293374e+01,2.700000000000000178e+00
4.120255727926673273e-01,1.392461689830255089e+01,2.525593078994964547e+00,1.389787593675650790e+01,1.500014284702956502e+00,1.387207276126768996e+01,2.700000000000000178e+00
4.122255727926675273e-01,1.392461689846900086e+01,2.525349574705904043e+00,1.389787627569619488e+01,1.500014283802784121e+00,1.387207276146211932e+01,2.700000000000000178e+00
4.124255727926677273e-01,1.392461689863497831e+01,2.525106626148350131e+00,1.389787661384642448e+01,1.500014282902611740e+00,1.387207276165601222e+01,2.700000000000000178e+00
4.126255727926679273e-01,1.392461689880070175e+01,2.524864232051190704e+00,1.389787695120924305e+01,1.500014282006532085e+00,1.387207276184958893e+01,2.700000000000000178e+00
4.128255727926681273e-01,1.392461689896581767e+01,2.524622391148777734e+00,1.389787728778619424e+01,1.500014281112498793e+00,1.387207276204249240e+01,2.700000000000000178e+00
4.130255727926683273e-01,1.392461689913078438e+01,2.524381102179326319e+00,1.389787762357963530e+01,1.500014280219602369e+00,1.387207276223518981e+01,2.700000000000000178e+00
4.132255727926685274e-01,1.392461689929530877e+01,2.524140363883052629e+00,1.389787795859104236e+01,1.500014279330571298e+00,1.387207276242737741e+01,2.700000000000000178e+00
4.134255727926687274e-01,1.392461689945933934e+01,2.523900175003948476e+00,1.389787829282232501e+01,1.500014278441540228e+00,1.387207276261900191e+01,2.700000000000000178e+00
4.136255727926689274e-01,1.392461689962309102e+01,2.523660534288696411e+00,1.389787862627548165e+01,1.500014277554782893e+00,1.387207276281029777e+01,2.700000000000000178e+00
4.138255727926691274e-01,1.392461689978643768e+01,2.523421440486194989e+00,1.389787895895222469e+01,1.500014276671208791e+00,1.387207276300111580e+01,2.700000000000000178e+00
4.140255727926693274e-01,1.392461689994937935e+01,2.523182892348502460e+00,1.389787929085446194e+01,1.500014275788771556e+00,1.387207276319145777e+01,2.700000000000000178e+00
4.142255727926695275e-01,1.392461690011192310e+01,2.522944888627260518e+00,1.389787962198396620e+01,1.500014274909062806e+00,1.387207276338135387e+01,2.700000000000000178e+00
4.144255727926697275e-01,1.392461690027417909e+01,2.522707428084045578e+00,1.389787995234272877e+01,1.500014274030945671e+00,1.387207276357089825e+01,2.700000000000000178e+00
4.146255727926699275e-01,1.392461690043601408e+01,2.522470509475780442e+00,1.389788028193241942e+01,1.500014273155102273e+00,1.387207276375995235e+01,2.700000000000000178e+00
4.148255727926701275e-01,1.392461690059756307e+01,2.522234131567400617e+00,1.389788061075501524e+01,1.500014272281077865e+00,1.387207276394866362e+01,2.700000000000000178e+00
4.150255727926703275e-01,1.392461690075850456e+01,2.521998293124670276e+00,1.389788093881201014e+01,1.500014271408190325e+00,1.387207276413670343e+01,2.700000000000000178e+00
4.152255727926705275e-01,1.392461690091931636e+01,2.521762992916695811e+00,1.389788126610567431e+01,1.500014270539622885e+00,1.387207276432455849e+01,2.700000000000000178e+00
4.154255727926707276e-01,1.392461690107970007e+01,2.521528229714497638e+00,1.389788159263752121e+01,1.500014269672647060e+00,1.387207276451191440e+01,2.700000000000000178e+00
4.156255727926709276e-01,1.392461690123967166e+01,2.521294002292986836e+00,1.389788191840941423e+01,1.500014268806808104e+00,1.387207276469880135e+01,2.700000000000000178e+00
4.158255727926711276e-01,1.392461690139920805e+01,2.521060309429012491e+00,1.389788224342311374e+01,1.500014267942106017e+00,1.387207276488518914e+01,2.700000000000000178e+00
4.160255727926713276e-01,1.392461690155851706e+01,2.520827149903272169e+00,1.389788256768057195e+01,1.500014267081496655e+00,1.387207276507129450e+01,2.700000000000000178e+00
4.162255727926715276e-01,1.392461690171738198e+01,2.520594522497628276e+00,1.389788289118342313e+01,1.500014266223615778e+00,1.387207276525688115e+01,2.700000000000000178e+00
4.164255727926717277e-01,1.392461690187594670e+01,2.520362425997788147e+00,1.389788321393360171e+01,1.500014265365962274e+00,1.387207276544211432e+01,2.700000000000000178e+00
4.166255727926719277e-01,1.392461690203403357e+01,2.520130859193169481e+00,1.389788353593271708e+01,1.500014264509673012e+00,1.387207276562681457e+01,2.700000000000000178e+00
4.168255727926721277e-01,1.392461690219180959e+01,2.519899820873526153e+00,1.389788385718267349e+01,1.500014263656794355e+00,1.387207276581113646e+01,2.700000000000000178e+00
4.170255727926723277e-01,1.392461690234925520e+01,2.519669309834393633e+00,1.389788417768524909e+01,1.500014262805734688e+00,1.387207276599506933e+01,2.700000000000000178e+00
4.172255727926725277e-01,1.392461690250631001e+01,2.519439324870915708e+00,1.389788449744215626e+01,1.500014261956721384e+00,1.387207276617854568e+01,2.700000000000000178e+00
4.174255727926727277e-01,1.392461690266293139e+01,2.519209864783144237e+00,1.389788481645511098e+01,1.500014261110663938e+00,1.387207276636153530e+01,2.700000000000000178e+00
4.176255727926729278e-01,1.392461690281932007e+01,2.518980928372691164e+00,1.389788513472610632e+01,1.500014260264151744e+00,1.387207276654423715e+01,2.700000000000000178e+00
4.178255727926731278e-01,1.392461690297538546e+01,2.518752514444797974e+00,1.389788545225677829e+01,1.500014259421959650e+00,1.387207276672654466e+01,2.700000000000000178e+00
4.180255727926733278e-01,1.392461690313099787e+01,2.518524621806999875e+00,1.389788576904873629e+01,1.500014258580222304e+00,1.387207276690834235e+01,2.700000000000000178e+00
4.182255727926735278e-01,1.392461690328630652e+01,2.518297249269583205e+00,1.389788608510393608e+01,1.500014257741668189e+00,1.387207276708977766e+01,2.700000000000000178e+00
4.184255727926737278e-01,1.392461690344116398e+01,2.518070395645356729e+00,1.389788640042392487e+01,1.500014256903114074e+00,1.387207276727070138e+01,2.700000000000000178e+00
4.186255727926739278e-01,1.392461690359568394e+01,2.517844059749596131e+00,1.389788671501056072e+01,1.500014256069107432e+00,1.387207276745123075e+01,2.700000000000000178e+00
4.188255727926741279e-01,1.392461690374990546e+01,2.517618240401436669e+00,1.389788702886562000e+01,1.500014255236919780e+00,1.387207276763140129e+01,2.700000000000000178e+00
4.190255727926743279e-01,1.392461690390363138e+01,2.517392936421864569e+00,1.389788734199069786e+01,1.500014254404277381e+00,1.387207276781101406e+01,2.700000000000000178e+00
4.192255727926745279e-01,1.392461690405717079e+01,2.517168146635683001e+00,1.389788765438775187e+01,1.500014253574590839e+00,1.387207276799038347e+01,2.700000000000000178e+00
4.194255727926747279e-01,1.392461690421026965e+01,2.516943869868610850e+00,1.389788796605829724e+01,1.500014252746041166e+00,1.387207276816924661e+01,2.700000000000000178e+00
4.196255727926749279e-01,1.392461690436310384e+01,2.516720104949367709e+00,1.389788827700416718e+01,1.500014251922493713e+00,1.387207276834779535e+01,2.700000000000000178e+00
4.198255727926751280e-01,1.392461690451548151e+01,2.516496850710436384e+00,1.389788858722697107e+01,1.500014251099173634e+00,1.387207276852582538e+01,2.700000000000000178e+00
4.200255727926753280e-01,1.392461690466755897e+01,2.516274105986065379e+00,1.389788889672851724e+01,1.500014250278582040e+00,1.387207276870350015e+01,2.700000000000000178e+00
4.202255727926755280e-01,1.392461690481932735e+01,2.516051869612816017e+00,1.389788920551053053e+01,1.500014249458899940e+00,1.387207276888080898e+01,2.700000000000000178e+00
4.204255727926757280e-01,1.392461690497062854e+01,2.515830140431843276e+00,1.389788951357456348e+01,1.500014248639445213e+00,1.387207276905757958e+01,2.700000000000000178e+00
4.206255727926759280e-01,1.392461690512157091e+01,2.515608917284230195e+00,1.389788982092239067e+01,1.500014247824083213e+00,1.387207276923394339e+01,2.700000000000000178e+00
4.208255727926761280e-01,1.392461690527224683e+01,2.515388199015920812e+00,1.389789012755582220e+01,1.500014247010085455e+00,1.387207276940998391e+01,2.700000000000000178e+00
4.210255727926763281e-01,1.392461690542262076e+01,2.515167984474870888e+00,1.389789043347649766e+01,1.500014246199043555e+00,1.387207276958566560e+01,2.700000000000000178e+00
4.212255727926765281e-01,1.392461690557259502e+01,2.514948272510793004e+00,1.389789073868601399e+01,1.500014245388683776e+00,1.387207276976088366e+01,2.700000000000000178e+00
4.214255727926767281e-01,1.392461690572215538e+01,2.514729061976944013e+00,1.389789104318603918e+01,1.500014244580597733e+00,1.387207276993563099e+01,2.700000000000000178e+00
4.216255727926769281e-01,1.392461690587152923e+01,2.514510351729750237e+00,1.389789134697846684e+01,1.500014243775694922e+00,1.387207277011013851e+01,2.700000000000000178e+00
4.218255727926771281e-01,1.392461690602055846e+01,2.514292140625578487e+00,1.389789165006483351e+01,1.500014242971701606e+00,1.387207277028423569e+01,2.700000000000000178e+00
4.220255727926773281e-01,1.392461690616920222e+01,2.514074427528274480e+00,1.389789195244675213e+01,1.500014242169527279e+00,1.387207277045789588e+01,2.700000000000000178e+00
4.222255727926775282e-01,1.392461690631732196e+01,2.513857211298883065e+00,1.389789225412577345e+01,1.500014241368035073e+00,1.387207277063097344e+01,2.700000000000000178e+00
4.224255727926777282e-01,1.392461690646526051e+01,2.513640490804070815e+00,1.389789255510386035e+01,1.500014240571090340e+00,1.387207277080381651e+01,2.700000000000000178e+00
4.226255727926779282e-01,1.392461690661279761e+01,2.513424264912673234e+00,1.389789285538249786e+01,1.500014239773008740e+00,1.387207277097619951e+01,2.700000000000000178e+00
4.228255727926781282e-01,1.392461690676003805e+01,2.513208532494361602e+00,1.389789315496338595e+01,1.500014238979019865e+00,1.387207277114823434e+01,2.700000000000000178e+00
4.230255727926783282e-01,1.392461690690696408e+01,2.512993292424626990e+00,1.389789345384821395e+01,1.500014238185485738e+00,1.387207277131989080e+01,2.700000000000000178e+00
4.232255727926785283e-01,1.392461690705347976e+01,2.512778543578790380e+00,1.389789375203849353e+01,1.500014237394452721e+00,1.387207277149108364e+01,2.700000000000000178e+00
4.234255727926787283e-01,1.392461690719973610e+01,2.512564284837488060e+00,1.389789404953602592e+01,1.500014236605693441e+00,1.387207277166195851e+01,2.700000000000000178e+00
4.236255727926789283e-01,1.392461690734562829e+01,2.512350515080554736e+00,1.389789434634237253e+01,1.500014235817388908e+00,1.387207277183241239e+01,2.700000000000000178e+00
4.238255727926791283e-01,1.392461690749116343e+01,2.512137233191930275e+00,1.389789464245913031e+01,1.500014235032267607e+00,1.387207277200245414e+01,2.700000000000000178e+00
4.240255727926793283e-01,1.392461690763629001e+01,2.511924438059415454e+00,1.389789493788788555e+01,1.500014234250102163e+00,1.387207277217203227e+01,2.700000000000000178e+00
4.242255727926795283e-01,1.392461690778119277e+01,2.511712128570903424e+00,1.389789523263045545e+01,1.500014233468164093e+00,1.387207277234132796e+01,2.700000000000000178e+00
4.244255727926797284e-01,1.392461690792571716e+01,2.511500303619474739e+00,1.389789552668832506e+01,1.500014232687817639e+00,1.387207277251019910e+01,2.700000000000000178e+00
4.246255727926799284e-01,1.392461690807003372e+01,2.511288962097504740e+00,1.389789582006326896e+01,1.500014231910427043e+00,1.387207277267879491e+01,2.700000000000000178e+00
4.248255727926801284e-01,1.392461690821381026e+01,2.511078102902680520e+00,1.389789611275655012e+01,1.500014231133263820e+00,1.387207277284680451e+01,2.700000000000000178e+00
4.250255727926803284e-01,1.392461690835738253e+01,2.510867724934984668e+00,1.389789640477014387e+01,1.500014230359283829e+00,1.387207277301454766e+01,2.700000000000000178e+00
4.252255727926805284e-01,1.392461690850061728e+01,2.510657827095349681e+00,1.389789669610548906e+01,1.500014229587350201e+00,1.387207277318190179e+01,2.700000000000000178e+00
4.254255727926807285e-01,1.392461690864349855e+01,2.510448408287961453e+00,1.389789698676418794e+01,1.500014228817462936e+00,1.387207277334884736e+01,2.700000000000000178e+00
4.256255727926809285e-01,1.392461690878608138e+01,2.510239467419668635e+00,1.389789727674792097e+01,1.500014228047575671e+00,1.387207277351543411e+01,2.700000000000000178e+00
4.258255727926811285e-01,1.392461690892823789e+01,2.510031003399562088e+00,1.389789756605810034e+01,1.500014227280644263e+00,1.387207277368154479e+01,2.700000000000000178e+00
4.260255727926813285e-01,1.392461690907012084e+01,2.509823015139566849e+00,1.389789785469650596e+01,1.500014226515304472e+00,1.387207277384733040e+01,2.700000000000000178e+00
4.262255727926815285e-01,1.392461690921169648e+01,2.509615501553885686e+00,1.389789814266468326e+01,1.500014225751556296e+00,1.387207277401275185e+01,2.700000000000000178e+00
4.264255727926817285e-01,1.392461690935303231e+01,2.509408461559946346e+00,1.389789842996426295e+01,1.500014224991446099e+00,1.387207277417786955e+01,2.700000000000000178e+00
4.266255727926819286e-01,1.392461690949392406e+01,2.509201894076074524e+00,1.389789871659665010e+01,1.500014224230881155e+00,1.387207277434249875e+01,2.700000000000000178e+00
4.268255727926821286e-01,1.392461690963449605e+01,2.508995798024051815e+00,1.389789900256353583e+01,1.500014223472362573e+00,1.387207277450675491e+01,2.700000000000000178e+00
4.270255727926823286e-01,1.392461690977480870e+01,2.508790172326715417e+00,1.389789928786652595e+01,1.500014222716572476e+00,1.387207277467070021e+01,2.700000000000000178e+00
4.272255727926825286e-01,1.392461690991473944e+01,2.508585015912460747e+00,1.389789957250708241e+01,1.500014221961691874e+00,1.387207277483419610e+01,2.700000000000000178e+00
4.274255727926827286e-01,1.392461691005437707e+01,2.508380327709240909e+00,1.389789985648684301e+01,1.500014221209994503e+00,1.387207277499735802e+01,2.700000000000000178e+00
4.276255727926829286e-01,1.392461691019359904e+01,2.508176106649253168e+00,1.389790013980729100e+01,1.500014220457387637e+00,1.387207277516004567e+01,2.700000000000000178e+00
4.278255727926831287e-01,1.392461691033266469e+01,2.507972351666003519e+00,1.389790042247019564e+01,1.500014219709328245e+00,1.387207277532252370e+01,2.700000000000000178e+00
4.280255727926833287e-01,1.392461691047135908e+01,2.507769061695066082e+00,1.389790070447687675e+01,1.500014218963087842e+00,1.387207277548457895e+01,2.700000000000000178e+00
4.282255727926835287e-01,1.392461691060973905e+01,2.507566235676844002e+00,1.389790098582900590e+01,1.500014218216165318e+00,1.387207277564626295e+01,2.700000000000000178e+00
4.284255727926837287e-01,1.392461691074769981e+01,2.507363872550854911e+00,1.389790126652798286e+01,1.500014217472198652e+00,1.387207277580747622e+01,2.700000000000000178e+00
4.286255727926839287e-01,1.392461691088543851e+01,2.507161971261642641e+00,1.389790154657552890e+01,1.500014216730278349e+00,1.387207277596841770e+01,2.700000000000000178e+00
4.288255727926841288e-01,1.392461691102284149e+01,2.506960530755106831e+00,1.389790182597308110e+01,1.500014215989722288e+00,1.387207277612896483e+01,2.700000000000000178e+00
4.290255727926843288e-01,1.392461691115992650e+01,2.506759549979906687e+00,1.389790210472219378e+01,1.500014215250985217e+00,1.387207277628914603e+01,2.700000000000000178e+00
4.292255727926845288e-01,1.392461691129662782e+01,2.506559027885712165e+00,1.389790238282435730e+01,1.500014214512930266e+00,1.387207277644888670e+01,2.700000000000000178e+00
4.294255727926847288e-01,1.392461691143302716e+01,2.506358963426122966e+00,1.389790266028110288e+01,1.500014213778968042e+00,1.387207277660827387e+01,2.700000000000000178e+00
4.296255727926849288e-01,1.392461691156919024e+01,2.506159355557158630e+00,1.389790293709410385e+01,1.500014213045687939e+00,1.387207277676737327e+01,2.700000000000000178e+00
4.298255727926851288e-01,1.392461691170505489e+01,2.505960203237010298e+00,1.389790321326476175e+01,1.500014212314454198e+00,1.387207277692611918e+01,2.700000000000000178e+00
4.300255727926853289e-01,1.392461691184051453e+01,2.505761505425649904e+00,1.389790348879449766e+01,1.500014211584584700e+00,1.387207277708441389e+01,2.700000000000000178e+00
4.302255727926855289e-01,1.392461691197572549e+01,2.505563261085541171e+00,1.389790376368497604e+01,1.500014210856988939e+00,1.387207277724240484e+01,2.700000000000000178e+00
4.304255727926857289e-01,1.392461691211065933e+01,2.505365469182784910e+00,1.389790403793770146e+01,1.500014210129393177e+00,1.387207277740006184e+01,2.700000000000000178e+00
4.306255727926859289e-01,1.392461691224525744e+01,2.505168128683759488e+00,1.389790431155407013e+01,1.500014209405890142e+00,1.387207277755733870e+01,2.700000000000000178e+00
4.308255727926861289e-01,1.392461691237954291e+01,2.504971238557962110e+00,1.389790458453563815e+01,1.500014208681932359e+00,1.387207277771424963e+01,2.700000000000000178e+00
4.310255727926863289e-01,1.392461691251349087e+01,2.504774797777859163e+00,1.389790485688387633e+01,1.500014207960703061e+00,1.387207277787076976e+01,2.700000000000000178e+00
4.312255727926865290e-01,1.392461691264708534e+01,2.504578805318448786e+00,1.389790512860026794e+01,1.500014207240383257e+00,1.387207277802688488e+01,2.700000000000000178e+00
4.314255727926867290e-01,1.392461691278045599e+01,2.504383260156630264e+00,1.389790539968639038e+01,1.500014206522791937e+00,1.387207277818272644e+01,2.700000000000000178e+00
4.316255727926869290e-01,1.392461691291349268e+01,2.504188161270716861e+00,1.389790567014366118e+01,1.500014205805655365e+00,1.387207277833817720e+01,2.700000000000000178e+00
4.318255727926871290e-01,1.392461691304624338e+01,2.503993507643115457e+00,1.389790593997359913e+01,1.500014205091019903e+00,1.387207277849329756e+01,2.700000000000000178e+00
4.320255727926873290e-01,1.392461691317862282e+01,2.503799298256859984e+00,1.389790620917756314e+01,1.500014204378885552e+00,1.387207277864798805e+01,2.700000000000000178e+00
4.322255727926875291e-01,1.392461691331072871e+01,2.503605532099438591e+00,1.389790647775718391e+01,1.500014203667888069e+00,1.387207277880235701e+01,2.700000000000000178e+00
4.324255727926877291e-01,1.392461691344257524e+01,2.503412208157962393e+00,1.389790674571389495e+01,1.500014202958027454e+00,1.387207277895641866e+01,2.700000000000000178e+00
4.326255727926879291e-01,1.392461691357408782e+01,2.503219325422799013e+00,1.389790701304912446e+01,1.500014202251350071e+00,1.387207277911009484e+01,2.700000000000000178e+00
4.328255727926881291e-01,1.392461691370526289e+01,2.503026882888961691e+00,1.389790727976433793e+01,1.500014201543081072e+00,1.387207277926338200e+01,2.700000000000000178e+00
4.330255727926883291e-01,1.392461691383612354e+01,2.502834879550531522e+00,1.389790754586097954e+01,1.500014200838222678e+00,1.387207277941630856e+01,2.700000000000000178e+00
4.332255727926885291e-01,1.392461691396674439e+01,2.502643314404918495e+00,1.389790781134054498e+01,1.500014200137229636e+00,1.387207277956893670e+01,2.700000000000000178e+00
4.334255727926887292e-01,1.392461691409706148e+01,2.502452186452750027e+00,1.389790807620454594e+01,1.500014199434417606e+00,1.387207277972121666e+01,2.700000000000000178e+00
4.336255727926889292e-01,1.392461691422707659e+01,2.502261494695578126e+00,1.389790834045433066e+01,1.500014198735698301e+00,1.387207277987314491e+01,2.700000000000000178e+00
4.338255727926891292e-01,1.392461691435676130e+01,2.502071238138476872e+00,1.389790860409137174e+01,1.500014198036978996e+00,1.387207278002469479e+01,2.700000000000000178e+00
4.340255727926893292e-01,1.392461691448615291e+01,2.501881415788273610e+00,1.389790886711709028e+01,1.500014197341670297e+00,1.387207278017589118e+01,2.700000000000000178e+00
4.342255727926895292e-01,1.392461691461521767e+01,2.501692026653966838e+00,1.389790912953297841e+01,1.500014196645224729e+00,1.387207278032672519e+01,2.700000000000000178e+00
4.344255727926897293e-01,1.392461691474410479e+01,2.501503069747039287e+00,1.389790939134054426e+01,1.500014195953099261e+00,1.387207278047732473e+01,2.700000000000000178e+00
4.346255727926899293e-01,1.392461691487251763e+01,2.501314544080032398e+00,1.389790965254093358e+01,1.500014195261201166e+00,1.387207278062739846e+01,2.700000000000000178e+00
4.348255727926901293e-01,1.392461691500086651e+01,2.501126448669179769e+00,1.389790991313603286e+01,1.500014194571349435e+00,1.387207278077736028e+01,2.700000000000000178e+00
4.350255727926903293e-01,1.392461691512874999e+01,2.500938782533077109e+00,1.389791017312677113e+01,1.500014193885590430e+00,1.387207278092680163e+01,2.700000000000000178e+00
4.352255727926905293e-01,1.392461691525637768e+01,2.500751544692797701e+00,1.389791043251492120e+01,1.500014193196875567e+00,1.387207278107594810e+01,2.700000000000000178e+00
4.354255727926907293e-01,1.392461691538372826e+01,2.500564734168997383e+00,1.389791069130174961e+01,1.500014192512253430e+00,1.387207278122476239e+01,2.700000000000000178e+00
4.356255727926909294e-01,1.392461691551077863e+01,2.500378349987310678e+00,1.389791094948872363e+01,1.500014191828995536e+00,1.387207278137323208e+01,2.700000000000000178e+00
4.358255727926911294e-01,1.392461691563746662e+01,2.500192391175339868e+00,1.389791120707716132e+01,1.500014191145282894e+00,1.387207278152128787e+01,2.700000000000000178e+00
4.360255727926913294e-01,1.392461691576395388e+01,2.500006856760593976e+00,1.389791146406862588e+01,1.500014190467027220e+00,1.387207278166909319e+01,2.700000000000000178e+00
4.362255727926915294e-01,1.392461691589013917e+01,2.499821745777035087e+00,1.389791172046442647e+01,1.500014189788544172e+00,1.387207278181654502e+01,2.700000000000000178e+00
4.364255727926917294e-01,1.392461691601595852e+01,2.499637057256057115e+00,1.389791197626590247e+01,1.500014189112334861e+00,1.387207278196358828e+01,2.700000000000000178e+00
4.366255727926919294e-01,1.392461691614156472e+01,2.499452790232974841e+00,1.389791223147462063e+01,1.500014188436580298e+00,1.387207278211036865e+01,2.700000000000000178e+00
4.368255727926921295e-01,1.392461691626690268e+01,2.499268943750618366e+00,1.389791248609190788e+01,1.500014187762417350e+00,1.387207278225683815e+01,2.700000000000000178e+00
4.370255727926923295e-01,1.392461691639184984e+01,2.499085516843794874e+00,1.389791274011901656e+01,1.500014187091210260e+00,1.387207278240286001e+01,2.700000000000000178e+00
4.372255727926925295e-01,1.392461691651655364e+01,2.498902508555448598e+00,1.389791299355751875e+01,1.500014186419548423e+00,1.387207278254858878e+01,2.700000000000000178e+00
4.374255727926927295e-01,1.392461691664100698e+01,2.498719917930452894e+00,1.389791324640876269e+01,1.500014185750842444e+00,1.387207278269402266e+01,2.700000000000000178e+00
4.376255727926929295e-01,1.392461691676517965e+01,2.498537744021825269e+00,1.389791349867408954e+01,1.500014185082136464e+00,1.387207278283912615e+01,2.700000000000000178e+00
4.378255727926931296e-01,1.392461691688908410e+01,2.498355985873655261e+00,1.389791375035492571e+01,1.500014184416613716e+00,1.387207278298391699e+01,2.700000000000000178e+00
4.380255727926933296e-01,1.392461691701258353e+01,2.498174642536557855e+00,1.389791400145245781e+01,1.500014183752682584e+00,1.387207278312825487e+01,2.700000000000000178e+00
4.382255727926935296e-01,1.392461691713594263e+01,2.497993713064426302e+00,1.389791425196836272e+01,1.500014183090115694e+00,1.387207278327240090e+01,2.700000000000000178e+00
4.384255727926937296e-01,1.392461691725897133e+01,2.497813196512802758e+00,1.389791450190379685e+01,1.500014182429140419e+00,1.387207278341617389e+01,2.700000000000000178e+00
4.386255727926939296e-01,1.392461691738171936e+01,2.497633091939672312e+00,1.389791475126017239e+01,1.500014181770211508e+00,1.387207278355961648e+01,2.700000000000000178e+00
4.388255727926941296e-01,1.392461691750420805e+01,2.497453398398622681e+00,1.389791500003889979e+01,1.500014181112646838e+00,1.387207278370275354e+01,2.700000000000000178e+00
4.390255727926943297e-01,1.392461691762628107e+01,2.497274114958137226e+00,1.389791524824117808e+01,1.500014180455082169e+00,1.387207278384542875e+01,2.700000000000000178e+00
4.392255727926945297e-01,1.392461691774824040e+01,2.497095240683029793e+00,1.389791549586862374e+01,1.500014179800245984e+00,1.387207278398793697e+01,2.700000000000000178e+00
4.394255727926947297e-01,1.392461691786981426e+01,2.496916774639519776e+00,1.389791574292233101e+01,1.500014179146774040e+00,1.387207278413001887e+01,2.700000000000000178e+00
4.396255727926949297e-01,1.392461691799115719e+01,2.496738715891973381e+00,1.389791598940382222e+01,1.500014178494438966e+00,1.387207278427182366e+01,2.700000000000000178e+00
4.398255727926951297e-01,1.392461691811216795e+01,2.496561063513153211e+00,1.389791623531434084e+01,1.500014177844832375e+00,1.387207278441324831e+01,2.700000000000000178e+00
4.400255727926953297e-01,1.392461691823282344e+01,2.496383816577672388e+00,1.389791648065519070e+01,1.500014177193861542e+00,1.387207278455427151e+01,2.700000000000000178e+00
4.402255727926955298e-01,1.392461691835331017e+01,2.496206974155168457e+00,1.389791672542787104e+01,1.500014176547210809e+00,1.387207278469507798e+01,2.700000000000000178e+00
4.404255727926957298e-01,1.392461691847354111e+01,2.496030535327685485e+00,1.389791696963367329e+01,1.500014175901696944e+00,1.387207278483557715e+01,2.700000000000000178e+00
4.406255727926959298e-01,1.392461691859357309e+01,2.495854499170018226e+00,1.389791721327398299e+01,1.500014175257547322e+00,1.387207278497584007e+01,2.700000000000000178e+00
4.408255727926961298e-01,1.392461691871323737e+01,2.495678864766237126e+00,1.389791745634990150e+01,1.500014174615216689e+00,1.387207278511568731e+01,2.700000000000000178e+00
4.410255727926963298e-01,1.392461691883263697e+01,2.495503631198381367e+00,1.389791769886293693e+01,1.500014173974022924e+00,1.387207278525521836e+01,2.700000000000000178e+00
4.412255727926965299e-01,1.392461691895164222e+01,2.495328797550159905e+00,1.389791794081422616e+01,1.500014173333738654e+00,1.387207278539431599e+01,2.700000000000000178e+00
4.414255727926967299e-01,1.392461691907056576e+01,2.495154362911753854e+00,1.389791818220544428e+01,1.500014172694818626e+00,1.387207278553328571e+01,2.700000000000000178e+00
4.416255727926969299e-01,1.392461691918915179e+01,2.494980326370897838e+00,1.389791842303761804e+01,1.500014172058172335e+00,1.387207278567186641e+01,2.700000000000000178e+00
4.418255727926971299e-01,1.392461691930741985e+01,2.494806687018975122e+00,1.389791866331205306e+01,1.500014171424027154e+00,1.387207278581008474e+01,2.700000000000000178e+00
4.420255727926973299e-01,1.392461691942538415e+01,2.494633443949414442e+00,1.389791890303015442e+01,1.500014170789199852e+00,1.387207278594795667e+01,2.700000000000000178e+00
4.422255727926975299e-01,1.392461691954311398e+01,2.494460596257638940e+00,1.389791914219320468e+01,1.500014170158010529e+00,1.387207278608554795e+01,2.700000000000000178e+00
4.424255727926977300e-01,1.392461691966060400e+01,2.494288143042604933e+00,1.389791938080259293e+01,1.500014169525229590e+00,1.387207278622285500e+01,2.700000000000000178e+00
4.426255727926979300e-01,1.392461691977778848e+01,2.494116083402621697e+00,1.389791961885945248e+01,1.500014168896996125e+00,1.387207278635980501e+01,2.700000000000000178e+00
4.428255727926981300e-01,1.392461691989475625e+01,2.493944416440776912e+00,1.389791985636523819e+01,1.500014168270354276e+00,1.387207278649650100e+01,2.700000000000000178e+00
4.430255727926983300e-01,1.392461692001149487e+01,2.493773141260185344e+00,1.389792009332124323e+01,1.500014167643030305e+00,1.387207278663291810e+01,2.700000000000000178e+00
4.432255727926985300e-01,1.392461692012777696e+01,2.493602256966032549e+00,1.389792032972849078e+01,1.500014167017070577e+00,1.387207278676884137e+01,2.700000000000000178e+00
4.434255727926987301e-01,1.392461692024396136e+01,2.493431762666622920e+00,1.389792056558862576e+01,1.500014166393839332e+00,1.387207278690461720e+01,2.700000000000000178e+00
4.436255727926989301e-01,1.392461692035984910e+01,2.493261657472298776e+00,1.389792080090274951e+01,1.500014165772654451e+00,1.387207278704004487e+01,2.700000000000000178e+00
4.438255727926991301e-01,1.392461692047545263e+01,2.493091940495732572e+00,1.389792103567215698e+01,1.500014165151242196e+00,1.387207278717515280e+01,2.700000000000000178e+00
4.440255727926993301e-01,1.392461692059080569e+01,2.492922610850222487e+00,1.389792126989816445e+01,1.500014164532558425e+00,1.387207278730996229e+01,2.700000000000000178e+00
4.442255727926995301e-01,1.392461692070587809e+01,2.492753667650607685e+00,1.389792150358197631e+01,1.500014163915693644e+00,1.387207278744444849e+01,2.700000000000000178e+00
4.444255727926997301e-01,1.392461692082054725e+01,2.492585110016808603e+00,1.389792173672479869e+01,1.500014163298146741e+00,1.387207278757848350e+01,2.700000000000000178e+00
4.446255727926999302e-01,1.392461692093509029e+01,2.492416937067924554e+00,1.389792196932813617e+01,1.500014162684692565e+00,1.387207278771235508e+01,2.700000000000000178e+00
4.448255727927001302e-01,1.392461692104938997e+01,2.492249147925916120e+00,1.389792220139314693e+01,1.500014162070328894e+00,1.387207278784593001e+01,2.700000000000000178e+00
4.450255727927003302e-01,1.392461692116346939e+01,2.492081741715266752e+00,1.389792243292112417e+01,1.500014161459603201e+00,1.387207278797924381e+01,2.700000000000000178e+00
4.452255727927005302e-01,1.392461692127715445e+01,2.491914717561842352e+00,1.389792266391316744e+01,1.500014160848422762e+00,1.387207278811212419e+01,2.700000000000000178e+00
4.454255727927007302e-01,1.392461692139061746e+01,2.491748074593966411e+00,1.389792289437067474e+01,1.500014160238833938e+00,1.387207278824473633e+01,2.700000000000000178e+00
4.456255727927009302e-01,1.392461692150387975e+01,2.491581811941685043e+00,1.389792312429495880e+01,1.500014159631064103e+00,1.387207278837709623e+01,2.700000000000000178e+00
4.458255727927011303e-01,1.392461692161688624e+01,2.491415928736087082e+00,1.389792335368713516e+01,1.500014159025795379e+00,1.387207278850917014e+01,2.700000000000000178e+00
4.460255727927013303e-01,1.392461692172953924e+01,2.491250424111945971e+00,1.389792358254844729e+01,1.500014158420754029e+00,1.387207278864083904e+01,2.700000000000000178e+00
4.462255727927015303e-01,1.392461692184197730e+01,2.491085297205716920e+00,1.389792381088023632e+01,1.500014157817304294e+00,1.387207278877225036e+01,2.700000000000000178e+00
4.464255727927017303e-01,1.392461692195419154e+01,2.490920547154913844e+00,1.389792403868374215e+01,1.500014157215218802e+00,1.387207278890339879e+01,2.700000000000000178e+00
4.466255727927019303e-01,1.392461692206616064e+01,2.490756173099538895e+00,1.389792426596016206e+01,1.500014156615407046e+00,1.387207278903425944e+01,2.700000000000000178e+00
4.468255727927021304e-01,1.392461692217784375e+01,2.490592174181493590e+00,1.389792449271071817e+01,1.500014156016277411e+00,1.387207278916478259e+01,2.700000000000000178e+00
4.470255727927023304e-01,1.392461692228927994e+01,2.490428549544121850e+00,1.389792471893665926e+01,1.500014155418284645e+00,1.387207278929502152e+01,2.700000000000000178e+00
4.472255727927025304e-01,1.392461692240038751e+01,2.490265298333368627e+00,1.389792494463913997e+01,1.500014154822338242e+00,1.387207278942488564e+01,2.700000000000000178e+00
4.474255727927027304e-01,1.392461692251137073e+01,2.490102419698122294e+00,1.389792516981962578e+01,1.500014154226846586e+00,1.387207278955458634e+01,2.700000000000000178e+00
4.476255727927029304e-01,1.392461692262197026e+01,2.489939912786812481e+00,1.389792539447904574e+01,1.500014153631582303e+00,1.387207278968386071e+01,2.700000000000000178e+00
4.478255727927031304e-01,1.392461692273239926e+01,2.489777776751097793e+00,1.389792561861878895e+01,1.500014153042229736e+00,1.387207278981291303e+01,2.700000000000000178e+00
4.480255727927033305e-01,1.392461692284254049e+01,2.489616010745596686e+00,1.389792584224003491e+01,1.500014152451512928e+00,1.387207278994163850e+01,2.700000000000000178e+00
4.482255727927035305e-01,1.392461692295236197e+01,2.489454613924992898e+00,1.389792606534396668e+01,1.500014151859886624e+00,1.387207279007000515e+01,2.700000000000000178e+00
4.484255727927037305e-01,1.392461692306198628e+01,2.489293585447114321e+00,1.389792628793184548e+01,1.500014151273262542e+00,1.387207279019813555e+01,2.700000000000000178e+00
4.486255727927039305e-01,1.392461692317138677e+01,2.489132924471525676e+00,1.389792651000492896e+01,1.500014150685728964e+00,1.387207279032599949e+01,2.700000000000000178e+00
4.488255727927041305e-01,1.392461692328050837e+01,2.488972630158504007e+00,1.389792673156428648e+01,1.500014150101605992e+00,1.387207279045354369e+01,2.700000000000000178e+00
4.490255727927043305e-01,1.392461692338931201e+01,2.488812701671995864e+00,1.389792695261119171e+01,1.500014149516800899e+00,1.387207279058072196e+01,2.700000000000000178e+00
4.492255727927045306e-01,1.392461692349805880e+01,2.488653138177023827e+00,1.389792717314700887e+01,1.500014148934951663e+00,1.387207279070780075e+01,2.700000000000000178e+00
4.494255727927047306e-01,1.392461692360646275e+01,2.488493938840208308e+00,1.389792739317268833e+01,1.500014148354921417e+00,1.387207279083449762e+01,2.700000000000000178e+00
4.496255727927049306e-01,1.392461692371458071e+01,2.488335102830896428e+00,1.389792761268948773e+01,1.500014147774663797e+00,1.387207279096086410e+01,2.700000000000000178e+00
4.498255727927051306e-01,1.392461692382244287e+01,2.488176629319875488e+00,1.389792783169863277e+01,1.500014147194633551e+00,1.387207279108693569e+01,2.700000000000000178e+00
4.500255727927053306e-01,1.392461692393009720e+01,2.488018517480023561e+00,1.389792805020131716e+01,1.500014146619378153e+00,1.387207279121276216e+01,2.700000000000000178e+00
4.502255727927055307e-01,1.392461692403751172e+01,2.487860766485162856e+00,1.389792826819874350e+01,1.500014146043440633e+00,1.387207279133830262e+01,2.700000000000000178e+00
4.504255727927057307e-01,1.392461692414464736e+01,2.487703375512864579e+00,1.389792848569204331e+01,1.500014145468412607e+00,1.387207279146352690e+01,2.700000000000000178e+00
4.506255727927059307e-01,1.392461692425152364e+01,2.487546343741241728e+00,1.389792870268238723e+01,1.500014144896113066e+00,1.387207279158844564e+01,2.700000000000000178e+00
4.508255727927061307e-01,1.392461692435816012e+01,2.487389670349101856e+00,1.389792891917102580e+01,1.500014144322904031e+00,1.387207279171308549e+01,2.700000000000000178e+00
4.510255727927063307e-01,1.392461692446459232e+01,2.487233354520410611e+00,1.389792913515913320e+01,1.500014143753332974e+00,1.387207279183747843e+01,2.700000000000000178e+00
4.512255727927065307e-01,1.392461692457072964e+01,2.487077395438344496e+00,1.389792935064776813e+01,1.500014143185580906e+00,1.387207279196153742e+01,2.700000000000000178e+00
4.514255727927067308e-01,1.392461692467666090e+01,2.486921792288684152e+00,1.389792956563824866e+01,1.500014142616464596e+00,1.387207279208534416e+01,2.700000000000000178e+00
4.516255727927069308e-01,1.392461692478236657e+01,2.486766544258964817e+00,1.389792978013166014e+01,1.500014142051441013e+00,1.387207279220889156e+01,2.700000000000000178e+00
4.518255727927071308e-01,1.392461692488774716e+01,2.486611650539027885e+00,1.389792999412913233e+01,1.500014141484371066e+00,1.387207279233206769e+01,2.700000000000000178e+00
4.520255727927073308e-01,1.392461692499301762e+01,2.486457110320385855e+00,1.389793020763197617e+01,1.500014140922303341e+00,1.387207279245509639e+01,2.700000000000000178e+00
4.522255727927075308e-01,1.392461692509806070e+01,2.486302922795414094e+00,1.389793042064123973e+01,1.500014140361599857e+00,1.387207279257785331e+01,2.700000000000000178e+00
4.524255727927077309e-01,1.392461692520264371e+01,2.486149087160193005e+00,1.389793063315791954e+01,1.500014139798622637e+00,1.387207279270011462e+01,2.700000000000000178e+00
4.526255727927079309e-01,1.392461692530712192e+01,2.485995602611282607e+00,1.389793084518344379e+01,1.500014139237919153e+00,1.387207279282222672e+01,2.700000000000000178e+00
4.528255727927081309e-01,1.392461692541131768e+01,2.485842468347144951e+00,1.389793105671879125e+01,1.500014138680171527e+00,1.387207279294401729e+01,2.700000000000000178e+00
4.530255727927083309e-01,1.392461692551532870e+01,2.485689683569078046e+00,1.389793126776525156e+01,1.500014138122878649e+00,1.387207279306558583e+01,2.700000000000000178e+00
4.532255727927085309e-01,1.392461692561907682e+01,2.485537247478208478e+00,1.389793147832384967e+01,1.500014137567632133e+00,1.387207279318685060e+01,2.700000000000000178e+00
4.534255727927087309e-01,1.392461692572259935e+01,2.485385159280066869e+00,1.389793168839577397e+01,1.500014137013067739e+00,1.387207279330785248e+01,2.700000000000000178e+00
4.536255727927089310e-01,1.392461692582578969e+01,2.485233418179919163e+00,1.389793189798207784e+01,1.500014136459185465e+00,1.387207279342847777e+01,2.700000000000000178e+00
4.538255727927091310e-01,1.392461692592884326e+01,2.485082023386642636e+00,1.389793210708407223e+01,1.500014135906894808e+00,1.387207279354892364e+01,2.700000000000000178e+00
4.540255727927093310e-01,1.392461692603165169e+01,2.484930974109075930e+00,1.389793231570275545e+01,1.500014135357560008e+00,1.387207279366909596e+01,2.700000000000000178e+00
4.542255727927095310e-01,1.392461692613429847e+01,2.484780269558083177e+00,1.389793252383939048e+01,1.500014134807543087e+00,1.387207279378905689e+01,2.700000000000000178e+00
4.544255727927097310e-01,1.392461692623664860e+01,2.484629908947582955e+00,1.389793273149493480e+01,1.500014134260709397e+00,1.387207279390868564e+01,2.700000000000000178e+00
4.546255727927099310e-01,1.392461692633868076e+01,2.484479891492619608e+00,1.389793293867054480e+01,1.500014133712056719e+00,1.387207279402795734e+01,2.700000000000000178e+00
4.548255727927101311e-01,1.392461692644052640e+01,2.484330216410151948e+00,1.389793314536739466e+01,1.500014133167724140e+00,1.387207279414699812e+01,2.700000000000000178e+00
4.550255727927103311e-01,1.392461692654217309e+01,2.484180882918764155e+00,1.389793335158664433e+01,1.500014132622936813e+00,1.387207279426580087e+01,2.700000000000000178e+00
4.552255727927105311e-01,1.392461692664359596e+01,2.484031890238584950e+00,1.389793355732938629e+01,1.500014132079741103e+00,1.387207279438434426e+01,2.700000000000000178e+00
4.554255727927107311e-01,1.392461692674480744e+01,2.483883237592441340e+00,1.389793376259671298e+01,1.500014131539273876e+00,1.387207279450264075e+01,2.700000000000000178e+00
4.556255727927109311e-01,1.392461692684572228e+01,2.483734924203623962e+00,1.389793396738968667e+01,1.500014130998579276e+00,1.387207279462059795e+01,2.700000000000000178e+00
4.558255727927111312e-01,1.392461692694639552e+01,2.483586949298574265e+00,1.389793417170947265e+01,1.500014130457657302e+00,1.387207279473826738e+01,2.700000000000000178e+00
4.560255727927113312e-01,1.392461692704676146e+01,2.483439312104239072e+00,1.389793437555707278e+01,1.500014129920145933e+00,1.387207279485559930e+01,2.700000000000000178e+00
4.562255727927115312e-01,1.392461692714699240e+01,2.483292011849143943e+00,1.389793457893378559e+01,1.500014129383771433e+00,1.387207279497275714e+01,2.700000000000000178e+00
4.564255727927117312e-01,1.392461692724705813e+01,2.483145047766462277e+00,1.389793478184065911e+01,1.500014128849443296e+00,1.387207279508971070e+01,2.700000000000000178e+00
4.566255727927119312e-01,1.392461692734687162e+01,2.482998419086483555e+00,1.389793498427878404e+01,1.500014128314205664e+00,1.387207279520637293e+01,2.700000000000000178e+00
4.568255727927121312e-01,1.392461692744636004e+01,2.482852125045837965e+00,1.389793518624907342e+01,1.500014127781923889e+00,1.387207279532267101e+01,2.700000000000000178e+00
4.570255727927123313e-01,1.392461692754573832e+01,2.482706164880017941e+00,1.389793538775291815e+01,1.500014127250551610e+00,1.387207279543881810e+01,2.700000000000000178e+00
4.572255727927125313e-01,1.392461692764476489e+01,2.482560537826408620e+00,1.389793558879113888e+01,1.500014126720316199e+00,1.387207279555457973e+01,2.700000000000000178e+00
4.574255727927127313e-01,1.392461692774351434e+01,2.482415243125076110e+00,1.389793578936488672e+01,1.500014126190080788e+00,1.387207279567002516e+01,2.700000000000000178e+00
4.576255727927129313e-01,1.392461692784219096e+01,2.482270280017905950e+00,1.389793598947546727e+01,1.500014125662573861e+00,1.387207279578536223e+01,2.700000000000000178e+00
4.578255727927131313e-01,1.392461692794062600e+01,2.482125647748278929e+00,1.389793618912377760e+01,1.500014125136203802e+00,1.387207279590041509e+01,2.700000000000000178e+00
4.580255727927133313e-01,1.392461692803884965e+01,2.481981345561391716e+00,1.389793638831092970e+01,1.500014124611197985e+00,1.387207279601521925e+01,2.700000000000000178e+00
4.582255727927135314e-01,1.392461692813684770e+01,2.481837372702836664e+00,1.389793658703800716e+01,1.500014124087556411e+00,1.387207279612976230e+01,2.700000000000000178e+00
4.584255727927137314e-01,1.392461692823455799e+01,2.481693728421180190e+00,1.389793678530601895e+01,1.500014123563232715e+00,1.387207279624397493e+01,2.700000000000000178e+00
4.586255727927139314e-01,1.392461692833201070e+01,2.481550411967468062e+00,1.389793698311602732e+01,1.500014123042774372e+00,1.387207279635789803e+01,2.700000000000000178e+00
4.588255727927141314e-01,1.392461692842922361e+01,2.481407422592497358e+00,1.389793718046920112e+01,1.500014122519814919e+00,1.387207279647154401e+01,2.700000000000000178e+00
4.590255727927143314e-01,1.392461692852631572e+01,2.481264759550235066e+00,1.389793737736663459e+01,1.500014122001402939e+00,1.387207279658502301e+01,2.700000000000000178e+00
4.592255727927145315e-01,1.392461692862311828e+01,2.481122422096444513e+00,1.389793757380928518e+01,1.500014121482990959e+00,1.387207279669818050e+01,2.700000000000000178e+00
4.594255727927147315e-01,1.392461692871974677e+01,2.480980409487418381e+00,1.389793776979829687e+01,1.500014120966625342e+00,1.387207279681112659e+01,2.700000000000000178e+00
4.596255727927149315e-01,1.392461692881621360e+01,2.480838720982281753e+00,1.389793796533475678e+01,1.500014120451396593e+00,1.387207279692387552e+01,2.700000000000000178e+00
4.598255727927151315e-01,1.392461692891235536e+01,2.480697355841024798e+00,1.389793816041955132e+01,1.500014119937304713e+00,1.387207279703625673e+01,2.700000000000000178e+00
4.600255727927153315e-01,1.392461692900827153e+01,2.480556313325298579e+00,1.389793835505387065e+01,1.500014119422075964e+00,1.387207279714838037e+01,2.700000000000000178e+00
4.602255727927155315e-01,1.392461692910401361e+01,2.480415592699692695e+00,1.389793854923876637e+01,1.500014118911394689e+00,1.387207279726029441e+01,2.700000000000000178e+00
4.604255727927157316e-01,1.392461692919956207e+01,2.480275193228715036e+00,1.389793874297527232e+01,1.500014118400486041e+00,1.387207279737197396e+01,2.700000000000000178e+00
4.606255727927159316e-01,1.392461692929482808e+01,2.480135114179857325e+00,1.389793893626437971e+01,1.500014117890941634e+00,1.387207279748333377e+01,2.700000000000000178e+00
4.608255727927161316e-01,1.392461692938987028e+01,2.479995354821689535e+00,1.389793912910718277e+01,1.500014117382306722e+00,1.387207279759443779e+01,2.700000000000000178e+00
4.610255727927163316e-01,1.392461692948475260e+01,2.479855914425053598e+00,1.389793932150478284e+01,1.500014116873671810e+00,1.387207279770534107e+01,2.700000000000000178e+00
4.612255727927165316e-01,1.392461692957937558e+01,2.479716792261776437e+00,1.389793951345811074e+01,1.500014116367538008e+00,1.387207279781595126e+01,2.700000000000000178e+00
4.614255727927167317e-01,1.392461692967379783e+01,2.479577987604795197e+00,1.389793970496825537e+01,1.500014115862768449e+00,1.387207279792633052e+01,2.700000000000000178e+00
4.616255727927169317e-01,1.392461692976794829e+01,2.479439499730406116e+00,1.389793989603618485e+01,1.500014115360500000e+00,1.387207279803639004e+01,2.700000000000000178e+00
4.618255727927171317e-01,1.392461692986192112e+01,2.479301327915556463e+00,1.389794008666307690e+01,1.500014114855730440e+00,1.387207279814623639e+01,2.700000000000000178e+00
4.620255727927173317e-01,1.392461692995572342e+01,2.479163471438856181e+00,1.389794027684989075e+01,1.500014114355053607e+00,1.387207279825588202e+01,2.700000000000000178e+00
4.622255727927175317e-01,1.392461693004930012e+01,2.479025929580248366e+00,1.389794046659765314e+01,1.500014113854376774e+00,1.387207279836525942e+01,2.700000000000000178e+00
4.624255727927177317e-01,1.392461693014257662e+01,2.478888701622147472e+00,1.389794065590728067e+01,1.500014113353927314e+00,1.387207279847430641e+01,2.700000000000000178e+00
4.626255727927179318e-01,1.392461693023574121e+01,2.478751786847599448e+00,1.389794084477996527e+01,1.500014112858480075e+00,1.387207279858320597e+01,2.700000000000000178e+00
4.628255727927181318e-01,1.392461693032863757e+01,2.478615184543020433e+00,1.389794103321664664e+01,1.500014112360759100e+00,1.387207279869179644e+01,2.700000000000000178e+00
4.630255727927183318e-01,1.392461693042135096e+01,2.478478893994466858e+00,1.389794122121836928e+01,1.500014111865084487e+00,1.387207279880017374e+01,2.700000000000000178e+00
4.632255727927185318e-01,1.392461693051386362e+01,2.478342914490403448e+00,1.389794140878614215e+01,1.500014111370774117e+00,1.387207279890830414e+01,2.700000000000000178e+00
4.634255727927187318e-01,1.392461693060619332e+01,2.478207245321465635e+00,1.389794159592098843e+01,1.500014110878282736e+00,1.387207279901622670e+01,2.700000000000000178e+00
4.636255727927189318e-01,1.392461693069817130e+01,2.478071885777914041e+00,1.389794178262376612e+01,1.500014110385563981e+00,1.387207279912375846e+01,2.700000000000000178e+00
4.638255727927191319e-01,1.392461693079006579e+01,2.477936835154523454e+00,1.389794196889575417e+01,1.500014109894209469e+00,1.387207279923116943e+01,2.700000000000000178e+00
4.640255727927193319e-01,1.392461693088162633e+01,2.477802092745919449e+00,1.389794215473769157e+01,1.500014109402400209e+00,1.387207279933821624e+01,2.700000000000000178e+00
4.642255727927195319e-01,1.392461693097305719e+01,2.477667657848824145e+00,1.389794234015078267e+01,1.500014108913319433e+00,1.387207279944509253e+01,2.700000000000000178e+00
4.644255727927197319e-01,1.392461693106436371e+01,2.477533529761507314e+00,1.389794252513602224e+01,1.500014108428104009e+00,1.387207279955180894e+01,2.700000000000000178e+00
4.646255727927199319e-01,1.392461693115538601e+01,2.477399707783618510e+00,1.389794270969428069e+01,1.500014107940387476e+00,1.387207279965820916e+01,2.700000000000000178e+00
4.648255727927201320e-01,1.392461693124610278e+01,2.477266191216388691e+00,1.389794289382650128e+01,1.500014107455626799e+00,1.387207279976426832e+01,2.700000000000000178e+00
4.650255727927203320e-01,1.392461693133677869e+01,2.477132979362553389e+00,1.389794307753397007e+01,1.500014106972685113e+00,1.387207279987024755e+01,2.700000000000000178e+00
4.652255727927205320e-01,1.392461693142699986e+01,2.477000071527564629e+00,1.389794326081726261e+01,1.500014106488606558e+00,1.387207279997574183e+01,2.700000000000000178e+00
4.654255727927207320e-01,1.392461693151720503e+01,2.476867467016656388e+00,1.389794344367779466e+01,1.500014106007029113e+00,1.387207280008118637e+01,2.700000000000000178e+00
4.656255727927209320e-01,1.392461693160718461e+01,2.476735165138133077e+00,1.389794362611634249e+01,1.500014105525679042e+00,1.387207280018636979e+01,2.700000000000000178e+00
4.658255727927211320e-01,1.392461693169698123e+01,2.476603165201962664e+00,1.389794380813392571e+01,1.500014105046147961e+00,1.387207280029133294e+01,2.700000000000000178e+00
4.660255727927213321e-01,1.392461693178653093e+01,2.476471466516996234e+00,1.389794398973149825e+01,1.500014104567071627e+00,1.387207280039601365e+01,2.700000000000000178e+00
4.662255727927215321e-01,1.392461693187592431e+01,2.476340068397734129e+00,1.389794417091007794e+01,1.500014104088677414e+00,1.387207280050050251e+01,2.700000000000000178e+00
4.664255727927217321e-01,1.392461693196504591e+01,2.476208970157078415e+00,1.389794435167054054e+01,1.500014103613693806e+00,1.387207280060468939e+01,2.700000000000000178e+00
4.666255727927219321e-01,1.392461693205395434e+01,2.476078171111364412e+00,1.389794453201394120e+01,1.500014103138028077e+00,1.387207280070863114e+01,2.700000000000000178e+00
4.668255727927221321e-01,1.392461693214272600e+01,2.475947670577812953e+00,1.389794471194129954e+01,1.500014102664636084e+00,1.387207280081239524e+01,2.700000000000000178e+00
4.670255727927223321e-01,1.392461693223122055e+01,2.475817467874303013e+00,1.389794489145351086e+01,1.500014102189652476e+00,1.387207280091585382e+01,2.700000000000000178e+00
4.672255727927225322e-01,1.392461693231962272e+01,2.475687562322275603e+00,1.389794507055160366e+01,1.500014101720580584e+00,1.387207280101917561e+01,2.700000000000000178e+00
4.674255727927227322e-01,1.392461693240774778e+01,2.475557953242288445e+00,1.389794524923648922e+01,1.500014101248552834e+00,1.387207280112219721e+01,2.700000000000000178e+00
4.676255727927229322e-01,1.392461693249566324e+01,2.475428639958584309e+00,1.389794542750913209e+01,1.500014100778344073e+00,1.387207280122497188e+01,2.700000000000000178e+00
4.678255727927231322e-01,1.392461693258337618e+01,2.475299621795674199e+00,1.389794560537048973e+01,1.500014100310636422e+00,1.387207280132750498e+01,2.700000000000000178e+00
4.680255727927233322e-01,1.392461693267075518e+01,2.475170898080190085e+00,1.389794578282145388e+01,1.500014099841337156e+00,1.387207280142968280e+01,2.700000000000000178e+00
4.682255727927235323e-01,1.392461693275815904e+01,2.475042468140391971e+00,1.389794595986323067e+01,1.500014099377040111e+00,1.387207280153183753e+01,2.700000000000000178e+00
4.684255727927237323e-01,1.392461693284529645e+01,2.474914331305560378e+00,1.389794613649658217e+01,1.500014098911606197e+00,1.387207280163370271e+01,2.700000000000000178e+00
4.686255727927239323e-01,1.392461693293217451e+01,2.474786486906835670e+00,1.389794631272246050e+01,1.500014098445262789e+00,1.387207280173526946e+01,2.700000000000000178e+00
4.688255727927241323e-01,1.392461693301897796e+01,2.474658934276433353e+00,1.389794648854194392e+01,1.500014097983239481e+00,1.387207280183673141e+01,2.700000000000000178e+00
4.690255727927243323e-01,1.392461693310546522e+01,2.474531672749172184e+00,1.389794666395573586e+01,1.500014097521898293e+00,1.387207280193784165e+01,2.700000000000000178e+00
4.692255727927245323e-01,1.392461693319183524e+01,2.474404701660426031e+00,1.389794683896504957e+01,1.500014097059874985e+00,1.387207280203879911e+01,2.700000000000000178e+00
4.694255727927247324e-01,1.392461693327794059e+01,2.474278020346768248e+00,1.389794701357061335e+01,1.500014096599443292e+00,1.387207280213946525e+01,2.700000000000000178e+00
4.696255727927249324e-01,1.392461693336383455e+01,2.474151628147126747e+00,1.389794718777348237e+01,1.500014096139693720e+00,1.387207280223987915e+01,2.700000000000000178e+00
4.698255727927251324e-01,1.392461693344963258e+01,2.474025524402001519e+00,1.389794736157462829e+01,1.500014095684036874e+00,1.387207280234017048e+01,2.700000000000000178e+00
4.700255727927253324e-01,1.392461693353512864e+01,2.473899708453311863e+00,1.389794753497485225e+01,1.500014095226333666e+00,1.387207280244012075e+01,2.700000000000000178e+00
4.702255727927255324e-01,1.392461693362049147e+01,2.473774179644178783e+00,1.389794770797524492e+01,1.500014094770449447e+00,1.387207280253990582e+01,2.700000000000000178e+00
4.704255727927257325e-01,1.392461693370564468e+01,2.473648937318327246e+00,1.389794788057660924e+01,1.500014094316156843e+00,1.387207280263945108e+01,2.700000000000000178e+00
4.706255727927259325e-01,1.392461693379063448e+01,2.473523980822840862e+00,1.389794805277999501e+01,1.500014093863001108e+00,1.387207280273880095e+01,2.700000000000000178e+00
4.708255727927261325e-01,1.392461693387526012e+01,2.473399309506049359e+00,1.389794822458608436e+01,1.500014093409617999e+00,1.387207280283775290e+01,2.700000000000000178e+00
4.710255727927263325e-01,1.392461693395973832e+01,2.473274922714361779e+00,1.389794839599603371e+01,1.500014092957371759e+00,1.387207280293652190e+01,2.700000000000000178e+00
4.712255727927265325e-01,1.392461693404413126e+01,2.473150819802444111e+00,1.389794856701080406e+01,1.500014092507399255e+00,1.387207280303517187e+01,2.700000000000000178e+00
4.714255727927267325e-01,1.392461693412836610e+01,2.473027000118304564e+00,1.389794873763127470e+01,1.500014092057881498e+00,1.387207280313364066e+01,2.700000000000000178e+00
4.716255727927269326e-01,1.392461693421240554e+01,2.472903463019834547e+00,1.389794890785830539e+01,1.500014091610182732e+00,1.387207280323186787e+01,2.700000000000000178e+00
4.718255727927271326e-01,1.392461693429616432e+01,2.472780207858565227e+00,1.389794907769274346e+01,1.500014091162711338e+00,1.387207280332978954e+01,2.700000000000000178e+00
4.720255727927273326e-01,1.392461693437969039e+01,2.472657233991228942e+00,1.389794924713549840e+01,1.500014090716831561e+00,1.387207280342744831e+01,2.700000000000000178e+00
4.722255727927275326e-01,1.392461693446314364e+01,2.472534540779639745e+00,1.389794941618773549e+01,1.500014090270497036e+00,1.387207280352500227e+01,2.700000000000000178e+00
4.724255727927277326e-01,1.392461693454628779e+01,2.472412127579373120e+00,1.389794958485005338e+01,1.500014089827573116e+00,1.387207280362220807e+01,2.700000000000000178e+00
4.726255727927279326e-01,1.392461693462930938e+01,2.472289993752039727e+00,1.389794975312357295e+01,1.500014089383739702e+00,1.387207280371926643e+01,2.700000000000000178e+00
4.728255727927281327e-01,1.392461693471215689e+01,2.472168138659830205e+00,1.389794992100915927e+01,1.500014088940588408e+00,1.387207280381611696e+01,2.700000000000000178e+00
4.730255727927283327e-01,1.392461693479480900e+01,2.472046561666874531e+00,1.389795008850765967e+01,1.500014088500847720e+00,1.387207280391273656e+01,2.700000000000000178e+00
4.732255727927285327e-01,1.392461693487719110e+01,2.471925262138928492e+00,1.389795025561991793e+01,1.500014088061107032e+00,1.387207280400905596e+01,2.700000000000000178e+00
4.734255727927287327e-01,1.392461693495946129e+01,2.471804239442718210e+00,1.389795042234698741e+01,1.500014087622503212e+00,1.387207280410523325e+01,2.700000000000000178e+00
4.736255727927289327e-01,1.392461693504152365e+01,2.471683492946677330e+00,1.389795058868971189e+01,1.500014087182989897e+00,1.387207280420117073e+01,2.700000000000000178e+00
4.738255727927291328e-01,1.392461693512348120e+01,2.471563022021023848e+00,1.389795075464901686e+01,1.500014086747114561e+00,1.387207280429696787e+01,2.700000000000000178e+00
4.740255727927293328e-01,1.392461693520508348e+01,2.471442826036396312e+00,1.389795092022559686e+01,1.500014086310557104e+00,1.387207280439238133e+01,2.700000000000000178e+00
4.742255727927295328e-01,1.392461693528655431e+01,2.471322904365865547e+00,1.389795108542053903e+01,1.500014085875136516e+00,1.387207280448763669e+01,2.700000000000000178e+00
4.744255727927297328e-01,1.392461693536796474e+01,2.471203256383958546e+00,1.389795125023480793e+01,1.500014085441534917e+00,1.387207280458279612e+01,2.700000000000000178e+00
4.746255727927299328e-01,1.392461693544911050e+01,2.471083881462569298e+00,1.389795141466907324e+01,1.500014085008842812e+00,1.387207280467765713e+01,2.700000000000000178e+00
4.748255727927301328e-01,1.392461693553003599e+01,2.470964778980826893e+00,1.389795157872431552e+01,1.500014084576378082e+00,1.387207280477227123e+01,2.700000000000000178e+00
4.750255727927303329e-01,1.392461693561083003e+01,2.470845948318272978e+00,1.389795174240143361e+01,1.500014084145959714e+00,1.387207280486672190e+01,2.700000000000000178e+00
4.752255727927305329e-01,1.392461693569139669e+01,2.470727388851467587e+00,1.389795190570125705e+01,1.500014083715768720e+00,1.387207280496090256e+01,2.700000000000000178e+00
4.754255727927307329e-01,1.392461693577186033e+01,2.470609099964108601e+00,1.389795206862476995e+01,1.500014083287396716e+00,1.387207280505496243e+01,2.700000000000000178e+00
4.756255727927309329e-01,1.392461693585198823e+01,2.470491081036990888e+00,1.389795223117264555e+01,1.500014082858797337e+00,1.387207280514864749e+01,2.700000000000000178e+00
4.758255727927311329e-01,1.392461693593196514e+01,2.470373331455362198e+00,1.389795239334591237e+01,1.500014082431334828e+00,1.387207280524215491e+01,2.700000000000000178e+00
4.760255727927313329e-01,1.392461693601182660e+01,2.470255850603138459e+00,1.389795255514546390e+01,1.500014082005463933e+00,1.387207280533551668e+01,2.700000000000000178e+00
4.762255727927315330e-01,1.392461693609151752e+01,2.470138637868344311e+00,1.389795271657214570e+01,1.500014081580502534e+00,1.387207280542867593e+01,2.700000000000000178e+00
4.764255727927317330e-01,1.392461693617088336e+01,2.470021692638119770e+00,1.389795287762667364e+01,1.500014081156450629e+00,1.387207280552147814e+01,2.700000000000000178e+00
4.766255727927319330e-01,1.392461693625019414e+01,2.469905014301683632e+00,1.389795303831013662e+01,1.500014080733762967e+00,1.387207280561419864e+01,2.700000000000000178e+00
4.768255727927321330e-01,1.392461693632931130e+01,2.469788602251427267e+00,1.389795319862332512e+01,1.500014080311302678e+00,1.387207280570668999e+01,2.700000000000000178e+00
4.770255727927323330e-01,1.392461693640833076e+01,2.469672455879019957e+00,1.389795335856713621e+01,1.500014079891116126e+00,1.387207280579905344e+01,2.700000000000000178e+00
4.772255727927325331e-01,1.392461693648695231e+01,2.469556574577234986e+00,1.389795351814215607e+01,1.500014079470247452e+00,1.387207280589099057e+01,2.700000000000000178e+00
4.774255727927327331e-01,1.392461693656556143e+01,2.469440957742021325e+00,1.389795367734964060e+01,1.500014079051197768e+00,1.387207280598288506e+01,2.700000000000000178e+00
4.776255727927329331e-01,1.392461693664391653e+01,2.469325604769012195e+00,1.389795383619017954e+01,1.500014078633057579e+00,1.387207280607449889e+01,2.700000000000000178e+00
4.778255727927331331e-01,1.392461693672211709e+01,2.469210515057125743e+00,1.389795399466471970e+01,1.500014078216509006e+00,1.387207280616592264e+01,2.700000000000000178e+00
4.780255727927333331e-01,1.392461693680023771e+01,2.469095688004866673e+00,1.389795415277420787e+01,1.500014077801097301e+00,1.387207280625723804e+01,2.700000000000000178e+00
4.782255727927335331e-01,1.392461693687809898e+01,2.468981123012685241e+00,1.389795431051930130e+01,1.500014077387504585e+00,1.387207280634826390e+01,2.700000000000000178e+00
4.784255727927337332e-01,1.392461693695577019e+01,2.468866819482117059e+00,1.389795446790095568e+01,1.500014076971183385e+00,1.387207280643906770e+01,2.700000000000000178e+00
4.786255727927339332e-01,1.392461693703326731e+01,2.468752776817667360e+00,1.389795462491996325e+01,1.500014076558727538e+00,1.387207280652966723e+01,2.700000000000000178e+00
4.788255727927341332e-01,1.392461693711051574e+01,2.468638994423201449e+00,1.389795478157714115e+01,1.500014076146044317e+00,1.387207280661998965e+01,2.700000000000000178e+00
4.790255727927343332e-01,1.392461693718762028e+01,2.468525471704901442e+00,1.389795493787344327e+01,1.500014075733588470e+00,1.387207280671013621e+01,2.700000000000000178e+00
4.792255727927345332e-01,1.392461693726460403e+01,2.468412208070322578e+00,1.389795509380967431e+01,1.500014075323861107e+00,1.387207280680013533e+01,2.700000000000000178e+00
4.794255727927347333e-01,1.392461693734138883e+01,2.468299202927367375e+00,1.389795524938664251e+01,1.500014074913678996e+00,1.387207280688991240e+01,2.700000000000000178e+00
4.796255727927349333e-01,1.392461693741805284e+01,2.468186455687430669e+00,1.389795540460523604e+01,1.500014074505997996e+00,1.387207280697952783e+01,2.700000000000000178e+00
4.798255727927351333e-01,1.392461693749438822e+01,2.468073965759830735e+00,1.389795555946609085e+01,1.500014074098544370e+00,1.387207280706878976e+01,2.700000000000000178e+00
4.800255727927353333e-01,1.392461693757071828e+01,2.467961732559679877e+00,1.389795571397036333e+01,1.500014073692909733e+00,1.387207280715801794e+01,2.700000000000000178e+00
4.802255727927355333e-01,1.392461693764674280e+01,2.467849755499718523e+00,1.389795586811860773e+01,1.500014073285910854e+00,1.387207280724690506e+01,2.700000000000000178e+00
4.804255727927357333e-01,1.392461693772265541e+01,2.467738033996158986e+00,1.389795602191177970e+01,1.500014072882095206e+00,1.387207280733565895e+01,2.700000000000000178e+00
4.806255727927359334e-01,1.392461693779830867e+01,2.467626567464952902e+00,1.389795617535060934e+01,1.500014072476915317e+00,1.387207280742412152e+01,2.700000000000000178e+00
4.808255727927361334e-01,1.392461693787399923e+01,2.467515355324461979e+00,1.389795632843619799e+01,1.500014072075828153e+00,1.387207280751258764e+01,2.700000000000000178e+00
4.810255727927363334e-01,1.392461693794929722e+01,2.467404396994445470e+00,1.389795648116894178e+01,1.500014071673149374e+00,1.387207280760063455e+01,2.700000000000000178e+00
4.812255727927365334e-01,1.392461693802457745e+01,2.467293691895052987e+00,1.389795663355004507e+01,1.500014071272516958e+00,1.387207280768863527e+01,2.700000000000000178e+00
4.814255727927367334e-01,1.392461693809964451e+01,2.467183239448881515e+00,1.389795678558010650e+01,1.500014070871884542e+00,1.387207280777639085e+01,2.700000000000000178e+00
4.816255727927369334e-01,1.392461693817447177e+01,2.467073039078868213e+00,1.389795693725994319e+01,1.500014070471479499e+00,1.387207280786387997e+01,2.700000000000000178e+00
4.818255727927371335e-01,1.392461693824921021e+01,2.466963090210652521e+00,1.389795708859046286e+01,1.500014070075167183e+00,1.387207280795125719e+01,2.700000000000000178e+00
4.820255727927373335e-01,1.392461693832360226e+01,2.466853392268951062e+00,1.389795723957230678e+01,1.500014069676581130e+00,1.387207280803824894e+01,2.700000000000000178e+00
4.822255727927375335e-01,1.392461693839799786e+01,2.466743944681571321e+00,1.389795739020657273e+01,1.500014069280950935e+00,1.387207280812522292e+01,2.700000000000000178e+00
4.824255727927377335e-01,1.392461693847224602e+01,2.466634746878503481e+00,1.389795754049391263e+01,1.500014068886457608e+00,1.387207280821201927e+01,2.700000000000000178e+00
4.826255727927379335e-01,1.392461693854622773e+01,2.466525798288440541e+00,1.389795769043505658e+01,1.500014068490600039e+00,1.387207280829851896e+01,2.700000000000000178e+00
4.828255727927381336e-01,1.392461693862008154e+01,2.466417098342272851e+00,1.389795784003089985e+01,1.500014068097925701e+00,1.387207280838486056e+01,2.700000000000000178e+00
4.830255727927383336e-01,1.392461693869382700e+01,2.466308646472792798e+00,1.389795798928231818e+01,1.500014067704569243e+00,1.387207280847106894e+01,2.700000000000000178e+00
4.832255727927385336e-01,1.392461693876726336e+01,2.466200442114398150e+00,1.389795813818985870e+01,1.500014067312577026e+00,1.387207280855693980e+01,2.700000000000000178e+00
4.834255727927387336e-01,1.392461693884063934e+01,2.466092484701386756e+00,1.389795828675458544e+01,1.500014066923313294e+00,1.387207280864272363e+01,2.700000000000000178e+00
4.836255727927389336e-01,1.392461693891376306e+01,2.465984773670755636e+00,1.389795843497713967e+01,1.500014066531321077e+00,1.387207280872822324e+01,2.700000000000000178e+00
4.838255727927391336e-01,1.392461693898667363e+01,2.465877308460473039e+00,1.389795858285828700e+01,1.500014066143876335e+00,1.387207280881347948e+01,2.700000000000000178e+00
4.840255727927393337e-01,1.392461693905950604e+01,2.465770088508570712e+00,1.389795873039901153e+01,1.500014065754385229e+00,1.387207280889863448e+01,2.700000000000000178e+00
4.842255727927395337e-01,1.392461693913219989e+01,2.465663113255957661e+00,1.389795887760001847e+01,1.500014065367167859e+00,1.387207280898362427e+01,2.700000000000000178e+00
4.844255727927397337e-01,1.392461693920467170e+01,2.465556382144345360e+00,1.389795902446200060e+01,1.500014064981996853e+00,1.387207280906836004e+01,2.700000000000000178e+00
4.846255727927399337e-01,1.392461693927705113e+01,2.465449894615771242e+00,1.389795917098589939e+01,1.500014064595916352e+00,1.387207280915297325e+01,2.700000000000000178e+00
4.848255727927401337e-01,1.392461693934923339e+01,2.465343650115257912e+00,1.389795931717239164e+01,1.500014064213019083e+00,1.387207280923736441e+01,2.700000000000000178e+00
4.850255727927403337e-01,1.392461693942127354e+01,2.465237648087986511e+00,1.389795946302231044e+01,1.500014063828302824e+00,1.387207280932158149e+01,2.700000000000000178e+00
4.852255727927405338e-01,1.392461693949313428e+01,2.465131887980644532e+00,1.389795960853639478e+01,1.500014063446997170e+00,1.387207280940559606e+01,2.700000000000000178e+00
4.854255727927407338e-01,1.392461693956484048e+01,2.465026369240150839e+00,1.389795975371549197e+01,1.500014063062735659e+00,1.387207280948942945e+01,2.700000000000000178e+00
4.856255727927409338e-01,1.392461693963624825e+01,2.464921091316397472e+00,1.389795989856016867e+01,1.500014062683703742e+00,1.387207280957293243e+01,2.700000000000000178e+00
4.858255727927411338e-01,1.392461693970762049e+01,2.464816053659861783e+00,1.389796004307148891e+01,1.500014062302170714e+00,1.387207280965636791e+01,2.700000000000000178e+00
4.860255727927413338e-01,1.392461693977881332e+01,2.464711255722443539e+00,1.389796018725008153e+01,1.500014061923820918e+00,1.387207280973960799e+01,2.700000000000000178e+00
4.862255727927415339e-01,1.392461693984981785e+01,2.464606696955944809e+00,1.389796033109673346e+01,1.500014061545243749e+00,1.387207280982262425e+01,2.700000000000000178e+00
4.864255727927417339e-01,1.392461693992068383e+01,2.464502376814831308e+00,1.389796047461226181e+01,1.500014061166893953e+00,1.387207280990548242e+01,2.700000000000000178e+00
4.866255727927419339e-01,1.392461693999135619e+01,2.464398294754955643e+00,1.389796061779733805e+01,1.500014060791272641e+00,1.387207280998811321e+01,2.700000000000000178e+00
4.868255727927421339e-01,1.392461694006193973e+01,2.464294450232852540e+00,1.389796076065287700e+01,1.500014060415423955e+00,1.387207281007062498e+01,2.700000000000000178e+00
4.870255727927423339e-01,1.392461694013230478e+01,2.464190842706393436e+00,1.389796090317948796e+01,1.500014060040939512e+00,1.387207281015289517e+01,2.700000000000000178e+00
4.872255727927425339e-01,1.392461694020244245e+01,2.464087471635027171e+00,1.389796104537795074e+01,1.500014059666455069e+00,1.387207281023491312e+01,2.700000000000000178e+00
4.874255727927427340e-01,1.392461694027248953e+01,2.463984336479672077e+00,1.389796118724913754e+01,1.500014059294244362e+00,1.387207281031680850e+01,2.700000000000000178e+00
4.876255727927429340e-01,1.392461694034237141e+01,2.463881436701013339e+00,1.389796132879374824e+01,1.500014058921351534e+00,1.387207281039851736e+01,2.700000000000000178e+00
4.878255727927431340e-01,1.392461694041207210e+01,2.463778771761482300e+00,1.389796147001251292e+01,1.500014058550050322e+00,1.387207281048001306e+01,2.700000000000000178e+00
4.880255727927433340e-01,1.392461694048172127e+01,2.463676341126311620e+00,1.389796161090632332e+01,1.500014058179885978e+00,1.387207281056143060e+01,2.700000000000000178e+00
4.882255727927435340e-01,1.392461694055111643e+01,2.463574144259707666e+00,1.389796175147577273e+01,1.500014057808584766e+00,1.387207281064256570e+01,2.700000000000000178e+00
4.884255727927437341e-01,1.392461694062034994e+01,2.463472180628493824e+00,1.389796189172160368e+01,1.500014057441376281e+00,1.387207281072351606e+01,2.700000000000000178e+00
4.886255727927439341e-01,1.392461694068953193e+01,2.463370449700416298e+00,1.389796203164480559e+01,1.500014057073030926e+00,1.387207281080439358e+01,2.700000000000000178e+00
4.888255727927441341e-01,1.392461694075844569e+01,2.463268950944581093e+00,1.389796217124578526e+01,1.500014056706731935e+00,1.387207281088496558e+01,2.700000000000000178e+00
4.890255727927443341e-01,1.392461694082710011e+01,2.463167683830977506e+00,1.389796231052539710e+01,1.500014056339296076e+00,1.387207281096525691e+01,2.700000000000000178e+00
4.892255727927445341e-01,1.392461694089567814e+01,2.463066647830466582e+00,1.389796244948450976e+01,1.500014055974361327e+00,1.387207281104544698e+01,2.700000000000000178e+00
4.894255727927447341e-01,1.392461694096420111e+01,2.462965842416551698e+00,1.389796258812389951e+01,1.500014055611700314e+00,1.387207281112555357e+01,2.700000000000000178e+00
4.896255727927449342e-01,1.392461694103249492e+01,2.462865267062213981e+00,1.389796272644416497e+01,1.500014055246992939e+00,1.387207281120540259e+01,2.700000000000000178e+00
4.898255727927451342e-01,1.392461694110069814e+01,2.462764921242810434e+00,1.389796286444614815e+01,1.500014054884331927e+00,1.387207281128513969e+01,2.700000000000000178e+00
4.900255727927453342e-01,1.392461694116863136e+01,2.462664804434120391e+00,1.389796300213043168e+01,1.500014054521898288e+00,1.387207281136457482e+01,2.700000000000000178e+00
4.902255727927455342e-01,1.392461694123647220e+01,2.462564916114013069e+00,1.389796313949793927e+01,1.500014054159237276e+00,1.387207281144389270e+01,2.700000000000000178e+00
4.904255727927457342e-01,1.392461694130416028e+01,2.462465255760338145e+00,1.389796327654929797e+01,1.500014053799986868e+00,1.387207281152303651e+01,2.700000000000000178e+00
4.906255727927459342e-01,1.392461694137164585e+01,2.462365822853249675e+00,1.389796341328523788e+01,1.500014053440281714e+00,1.387207281160194228e+01,2.700000000000000178e+00
4.908255727927461343e-01,1.392461694143901063e+01,2.462266616873142411e+00,1.389796354970653702e+01,1.500014053082395549e+00,1.387207281168071127e+01,2.700000000000000178e+00
4.910255727927463343e-01,1.392461694150621554e+01,2.462167637303043666e+00,1.389796368581391839e+01,1.500014052724282010e+00,1.387207281175928308e+01,2.700000000000000178e+00
4.912255727927465343e-01,1.392461694157325880e+01,2.462068883625620597e+00,1.389796382160807298e+01,1.500014052368442208e+00,1.387207281183767904e+01,2.700000000000000178e+00
4.914255727927467343e-01,1.392461694164017594e+01,2.461970355326335458e+00,1.389796395708978949e+01,1.500014052012375032e+00,1.387207281191591690e+01,2.700000000000000178e+00
4.916255727927469343e-01,1.392461694170692077e+01,2.461872051890018120e+00,1.389796409225977669e+01,1.500014051654943614e+00,1.387207281199395581e+01,2.700000000000000178e+00
4.918255727927471344e-01,1.392461694177351461e+01,2.461773972802949739e+00,1.389796422711870250e+01,1.500014051301604923e+00,1.387207281207182064e+01,2.700000000000000178e+00
4.920255727927473344e-01,1.392461694183993970e+01,2.461676117554176368e+00,1.389796436166730942e+01,1.500014050947584110e+00,1.387207281214948829e+01,2.700000000000000178e+00
4.922255727927475344e-01,1.392461694190624755e+01,2.461578485631700008e+00,1.389796449590638616e+01,1.500014050594700166e+00,1.387207281222701205e+01,2.700000000000000178e+00
4.924255727927477344e-01,1.392461694197244526e+01,2.461481076526810696e+00,1.389796462983663439e+01,1.500014050243180463e+00,1.387207281230440081e+01,2.700000000000000178e+00
4.926255727927479344e-01,1.392461694203840850e+01,2.461383889730750507e+00,1.389796476345865273e+01,1.500014049890751267e+00,1.387207281238153378e+01,2.700000000000000178e+00
4.928255727927481344e-01,1.392461694210417456e+01,2.461286924735572423e+00,1.389796489677318014e+01,1.500014049540595806e+00,1.387207281245844293e+01,2.700000000000000178e+00
4.930255727927483345e-01,1.392461694216989621e+01,2.461190181036465585e+00,1.389796502978110482e+01,1.500014049191122467e+00,1.387207281253527746e+01,2.700000000000000178e+00
4.932255727927485345e-01,1.392461694223540292e+01,2.461093658126768169e+00,1.389796516248295077e+01,1.500014048842103875e+00,1.387207281261187752e+01,2.700000000000000178e+00
4.934255727927487345e-01,1.392461694230082969e+01,2.460997355503447004e+00,1.389796529487955290e+01,1.500014048494676899e+00,1.387207281268836923e+01,2.700000000000000178e+00
4.936255727927489345e-01,1.392461694236607883e+01,2.460901272663108319e+00,1.389796542697154891e+01,1.500014048147704671e+00,1.387207281276466198e+01,2.700000000000000178e+00
4.938255727927491345e-01,1.392461694243115744e+01,2.460805409105381703e+00,1.389796555875963868e+01,1.500014047800959816e+00,1.387207281284075577e+01,2.700000000000000178e+00
4.940255727927493345e-01,1.392461694249613480e+01,2.460709764329158222e+00,1.389796569024458428e+01,1.500014047455806576e+00,1.387207281291671812e+01,2.700000000000000178e+00
4.942255727927495346e-01,1.392461694256088300e+01,2.460614337835033361e+00,1.389796582142697723e+01,1.500014047110880711e+00,1.387207281299243355e+01,2.700000000000000178e+00
4.944255727927497346e-01,1.392461694262555660e+01,2.460519129124472570e+00,1.389796595230768084e+01,1.500014046766636966e+00,1.387207281306804418e+01,2.700000000000000178e+00
4.946255727927499346e-01,1.392461694269008809e+01,2.460424137701622271e+00,1.389796608288729907e+01,1.500014046423757463e+00,1.387207281314349849e+01,2.700000000000000178e+00
4.948255727927501346e-01,1.392461694275435669e+01,2.460329363069613251e+00,1.389796621316642700e+01,1.500014046082014829e+00,1.387207281321865260e+01,2.700000000000000178e+00
4.950255727927503346e-01,1.392461694281852580e+01,2.460234804733328229e+00,1.389796634314591017e+01,1.500014045740272195e+00,1.387207281329368591e+01,2.700000000000000178e+00
4.952255727927505347e-01,1.392461694288260077e+01,2.460140462199278844e+00,1.389796647282646980e+01,1.500014045399893803e+00,1.387207281336860021e+01,2.700000000000000178e+00
4.954255727927507347e-01,1.392461694294650698e+01,2.460046334976235372e+00,1.389796660220872759e+01,1.500014045058605916e+00,1.387207281344332443e+01,2.700000000000000178e+00
4.956255727927509347e-01,1.392461694301030306e+01,2.459952422572170505e+00,1.389796673129337634e+01,1.500014044720956008e+00,1.387207281351791366e+01,2.700000000000000178e+00
4.958255727927511347e-01,1.392461694307395348e+01,2.459858724495473492e+00,1.389796686008116211e+01,1.500014044381714484e+00,1.387207281359233235e+01,2.700000000000000178e+00
4.960255727927513347e-01,1.392461694313739784e+01,2.459765240259391028e+00,1.389796698857263912e+01,1.500014044045201445e+00,1.387207281366651657e+01,2.700000000000000178e+00
4.962255727927515347e-01,1.392461694320071786e+01,2.459671969373592670e+00,1.389796711676859609e+01,1.500014043707324163e+00,1.387207281374055690e+01,2.700000000000000178e+00
4.964255727927517348e-01,1.392461694326385846e+01,2.459578911353271558e+00,1.389796724466966538e+01,1.500014043371265871e+00,1.387207281381438762e+01,2.700000000000000178e+00
4.966255727927519348e-01,1.392461694332695110e+01,2.459486065710265290e+00,1.389796737227666057e+01,1.500014043035889699e+00,1.387207281388814728e+01,2.700000000000000178e+00
4.968255727927521348e-01,1.392461694338976841e+01,2.459393431962334287e+00,1.389796749959005773e+01,1.500014042701195649e+00,1.387207281396161029e+01,2.700000000000000178e+00
4.970255727927523348e-01,1.392461694345252532e+01,2.459301009624381695e+00,1.389796762661068286e+01,1.500014042368547962e+00,1.387207281403498627e+01,2.700000000000000178e+00
4.972255727927525348e-01,1.392461694351513657e+01,2.459208798213307290e+00,1.389796775333921985e+01,1.500014042035218154e+00,1.387207281410819348e+01,2.700000000000000178e+00
4.974255727927527349e-01,1.392461694357754531e+01,2.459116797249576880e+00,1.389796787977622827e+01,1.500014041701888345e+00,1.387207281418117688e+01,2.700000000000000178e+00
4.976255727927529349e-01,1.392461694363982083e+01,2.459025006252894219e+00,1.389796800592247905e+01,1.500014041370150153e+00,1.387207281425399863e+01,2.700000000000000178e+00
4.978255727927531349e-01,1.392461694370202352e+01,2.458933424742760998e+00,1.389796813177866674e+01,1.500014041041367818e+00,1.387207281432672445e+01,2.700000000000000178e+00
4.980255727927533349e-01,1.392461694376403614e+01,2.458842052241119625e+00,1.389796825734539887e+01,1.500014040710539120e+00,1.387207281439923179e+01,2.700000000000000178e+00
4.982255727927535349e-01,1.392461694382592974e+01,2.458750888271208357e+00,1.389796838262340728e+01,1.500014040381074665e+00,1.387207281447160412e+01,2.700000000000000178e+00
4.984255727927537349e-01,1.392461694388767945e+01,2.458659932357193600e+00,1.389796850761331370e+01,1.500014040052974451e+00,1.387207281454380414e+01,2.700000000000000178e+00
4.986255727927539350e-01,1.392461694394928529e+01,2.458569184024430587e+00,1.389796863231577362e+01,1.500014039725328985e+00,1.387207281461583896e+01,2.700000000000000178e+00
4.988255727927541350e-01,1.392461694401068328e+01,2.458478642799227565e+00,1.389796875673143006e+01,1.500014039397910892e+00,1.387207281468763753e+01,2.700000000000000178e+00
4.990255727927543350e-01,1.392461694407204398e+01,2.458388308209286333e+00,1.389796888086107529e+01,1.500014039073448657e+00,1.387207281475937393e+01,2.700000000000000178e+00
4.992255727927545350e-01,1.392461694413319861e+01,2.458298179782979709e+00,1.389796900470523155e+01,1.500014038747394807e+00,1.387207281483088472e+01,2.700000000000000178e+00
4.994255727927547350e-01,1.392461694419424489e+01,2.458208257047000078e+00,1.389796912826466269e+01,1.500014038422250451e+00,1.387207281490226940e+01,2.700000000000000178e+00
4.996255727927549350e-01,1.392461694425515439e+01,2.458118539534815294e+00,1.389796925153998508e+01,1.500014038098470337e+00,1.387207281497348532e+01,2.700000000000000178e+00
4.998255727927551351e-01,1.392461694431593067e+01,2.458029026778499659e+00,1.389796937453185421e+01,1.500014037775599718e+00,1.387207281504454848e+01,2.700000000000000178e+00
5.000000000000000000e-01,1.392461694436911657e+01,2.457951126271013642e+00,1.389796948156701006e+01,1.500014037487517271e+00,1.387207281510668366e+01,2.700000000000000178e+00
