t_s,VS_V,GATE_V,VPROT_V,Q1_channel_A,Q2_gate_V,ENABLE_V
0.000000000000000000e+00,8.999995597318607210e+00,8.999995579047253003e+00,3.733356851147142705e-10,9.000185596897656592e-10,1.956389395991558477e-01,0.000000000000000000e+00
1.328000000000000025e-04,8.999995597318596552e+00,8.999995579047240568e+00,3.733356844076695444e-10,9.000185616762299741e-10,1.956389395991458002e-01,0.000000000000000000e+00
3.328000000000002289e-04,8.999995597318617868e+00,8.999995579047254779e+00,3.733356853105037339e-10,9.000185586743650613e-10,1.956389395991680047e-01,0.000000000000000000e+00
5.328000000000006993e-04,8.999995597318596552e+00,8.999995579047244121e+00,3.733356844538884680e-10,9.000185590551129886e-10,1.956389395991431357e-01,0.000000000000000000e+00
7.328000000000012238e-04,8.999995597318617868e+00,8.999995579047261884e+00,3.733356855271986880e-10,9.000185594465414719e-10,1.956389395991697810e-01,0.000000000000000000e+00
9.328000000000017484e-04,8.999995597318617868e+00,8.999995579047254779e+00,3.733356853105037339e-10,9.000185586743650613e-10,1.956389395991680047e-01,0.000000000000000000e+00
1.000017689528573525e-03,8.999995619328394980e+00,8.999995622659628935e+00,3.756750043648712036e-10,9.053923138781565466e-10,1.956408999548440164e-01,2.500000000000000000e+00
1.000863242143874019e-03,8.999948794126110485e+00,8.999908696544011377e+00,-4.233387841440575871e-09,7.871486904127700246e-10,1.417213255303244601e+00,2.500000000000000000e+00
1.005835323960385707e-03,8.999758523450134717e+00,9.007717244446899585e+00,3.846005774295824122e-07,8.788638558229755482e-10,8.925597888939080349e+00,2.500000000000000000e+00
1.112759303052416986e-03,8.999753015957576707e+00,8.998866454835789952e+00,-1.158313561457958316e-07,8.167918073296372584e-10,8.944718979992604346e+00,2.500000000000000000e+00
1.312759303052417510e-03,8.999753024075351604e+00,8.982244670796877273e+00,-1.269613060383485360e-07,8.169793870279121184e-10,8.944718991409628117e+00,2.500000000000000000e+00
1.512759303052418035e-03,8.999753032174593770e+00,8.965660436223373608e+00,-1.266819751122481554e-07,8.171668177568084789e-10,8.944719002810478159e+00,2.500000000000000000e+00
1.712759303052418559e-03,8.999753040255713543e+00,8.949113630272307773e+00,-1.263953071976302465e-07,8.173536851749135974e-10,8.944719014183219130e+00,2.500000000000000000e+00
1.912759303052419084e-03,8.999753048318597237e+00,8.932604145133588247e+00,-1.261094331415258285e-07,8.175400335108998478e-10,8.944719025528684142e+00,2.500000000000000000e+00
2.112759303052419609e-03,8.999753056363429593e+00,8.916131881460881203e+00,-1.258243028700657179e-07,8.177259019485113700e-10,8.944719036847654792e+00,2.500000000000000000e+00
2.312759303052420133e-03,8.999753064390088042e+00,8.899696745473800519e+00,-1.255398801542745172e-07,8.179113131848430186e-10,8.944719048140363782e+00,2.500000000000000000e+00
2.512759303052420658e-03,8.999753072398679166e+00,8.883298647051706354e+00,-1.252561405778162288e-07,8.180962880162477146e-10,8.944719059407198358e+00,2.500000000000000000e+00
2.712759303052421182e-03,8.999753080389279347e+00,8.866937498422187147e+00,-1.249730700375458530e-07,8.182808148011046310e-10,8.944719070648382342e+00,2.500000000000000000e+00
2.912759303052421707e-03,8.999753088361854836e+00,8.850613213237528143e+00,-1.246906568328592381e-07,8.184649247576600718e-10,8.944719081864016985e+00,2.500000000000000000e+00
3.112759303052422231e-03,8.999753096316457146e+00,8.834325706687373270e+00,-1.244088909629402580e-07,8.186486059969595892e-10,8.944719093054255055e+00,2.500000000000000000e+00
3.312759303052422756e-03,8.999753104253139568e+00,8.818074894896067661e+00,-1.241277661821012407e-07,8.188318702080578555e-10,8.944719104219213790e+00,2.500000000000000000e+00
3.512759303052423281e-03,8.999753112171914537e+00,8.801860694579113797e+00,-1.238472787662785861e-07,8.190147170555298235e-10,8.944719115358951811e+00,2.500000000000000000e+00
3.712759303052423805e-03,8.999753120072854884e+00,8.785683022868976622e+00,-1.235674256009501466e-07,8.191971598852266102e-10,8.944719126473582804e+00,2.500000000000000000e+00
3.912759303052424330e-03,8.999753127956100940e+00,8.769541797224270852e+00,-1.232882048508739877e-07,8.193791900540240217e-10,8.944719137563248879e+00,2.500000000000000000e+00
4.112759303052416181e-03,8.999753135821482175e+00,8.753436935361200710e+00,-1.230096141760073224e-07,8.195607998606985016e-10,8.944719148627831018e+00,2.500000000000000000e+00
4.312759303052408032e-03,8.999753143669153133e+00,8.737368355252490559e+00,-1.227316518096849829e-07,8.197419979077166623e-10,8.944719159667464226e+00,2.500000000000000000e+00
4.512759303052399883e-03,8.999753151499193748e+00,8.721335975048663869e+00,-1.224543162908047286e-07,8.199228015084319456e-10,8.944719170682267517e+00,2.500000000000000000e+00
4.712759303052391734e-03,8.999753159311513429e+00,8.705339713154453207e+00,-1.221776061673724637e-07,8.201031862615192070e-10,8.944719181672187602e+00,2.500000000000000000e+00
4.912759303052383585e-03,8.999753167106277374e+00,8.689379488139763907e+00,-1.219015194608628751e-07,8.202831723094219322e-10,8.944719192637387906e+00,2.500000000000000000e+00
5.112759303052375436e-03,8.999753174883467821e+00,8.673455218796547683e+00,-1.216260552751160309e-07,8.204627482849579691e-10,8.944719203577861322e+00,2.500000000000000000e+00
5.312759303052367287e-03,8.999753182643152272e+00,8.657566824099241387e+00,-1.213512117158657498e-07,8.206419211846194620e-10,8.944719214493716208e+00,2.500000000000000000e+00
5.512759303052359137e-03,8.999753190385364476e+00,8.641714223219265634e+00,-1.210769873415067424e-07,8.208206842016496467e-10,8.944719225384972106e+00,2.500000000000000000e+00
5.712759303052350988e-03,8.999753198110132857e+00,8.625897335464840054e+00,-1.208033811507738024e-07,8.209990493097062657e-10,8.944719236251691186e+00,2.500000000000000000e+00
5.912759303052342839e-03,8.999753205817489388e+00,8.610116080389015991e+00,-1.205303911837173403e-07,8.211770109387006578e-10,8.944719247093930292e+00,2.500000000000000000e+00
6.112759303052334690e-03,8.999753213507450056e+00,8.594370377705327968e+00,-1.202580163200273603e-07,8.213545754752612452e-10,8.944719257911692978e+00,2.500000000000000000e+00
6.312759303052326541e-03,8.999753221180121443e+00,8.578660147314703721e+00,-1.199862552925987686e-07,8.215317383420219811e-10,8.944719268705140891e+00,2.500000000000000000e+00
6.512759303052318392e-03,8.999753228835544405e+00,8.562985309297118874e+00,-1.197151064337118628e-07,8.217085031304025618e-10,8.944719279474291795e+00,2.500000000000000000e+00
6.712759303052310243e-03,8.999753236473669205e+00,8.547345783907218220e+00,-1.194445684949245438e-07,8.218848700165858404e-10,8.944719290219140362e+00,2.500000000000000000e+00
6.912759303052302094e-03,8.999753244094582882e+00,8.531741491596175564e+00,-1.191746401041892855e-07,8.220608324377605414e-10,8.944719300939764750e+00,2.500000000000000000e+00
7.112759303052293945e-03,8.999753251698404455e+00,8.516172352980532878e+00,-1.189053197600501123e-07,8.222364029571193385e-10,8.944719311636330161e+00,2.500000000000000000e+00
7.312759303052285796e-03,8.999753259285029117e+00,8.500638288861120273e+00,-1.186366061881811597e-07,8.224115808665426880e-10,8.944719322308726461e+00,2.500000000000000000e+00
7.512759303052277647e-03,8.999753266854545686e+00,8.485139220226425749e+00,-1.183684979735250040e-07,8.225863614870205891e-10,8.944719332957072666e+00,2.500000000000000000e+00
7.712759303052269498e-03,8.999753274407051862e+00,8.469675068221029335e+00,-1.181009939318708087e-07,8.227607463872580601e-10,8.944719343581448712e+00,2.500000000000000000e+00
7.912759303052262216e-03,8.999753281942458827e+00,8.454245754195497398e+00,-1.178340923773824778e-07,8.229347441426166591e-10,8.944719354181815518e+00,2.500000000000000000e+00
8.112759303052254067e-03,8.999753289460997507e+00,8.438851199651892898e+00,-1.175677920710204809e-07,8.231083434401243425e-10,8.944719364758396907e+00,2.500000000000000000e+00
8.312759303052245918e-03,8.999753296962584415e+00,8.423491326285956760e+00,-1.173020918616318510e-07,8.232815553725245875e-10,8.944719375311159126e+00,2.500000000000000000e+00
8.512759303052237769e-03,8.999753304447230207e+00,8.408166055971191710e+00,-1.170369901951689588e-07,8.234543789640354390e-10,8.944719385840100401e+00,2.500000000000000000e+00
8.712759303052229620e-03,8.999753311914970411e+00,8.392875310746847006e+00,-1.167724858096708740e-07,8.236268066930043253e-10,8.944719396345277573e+00,2.500000000000000000e+00
8.912759303052221471e-03,8.999753319365993320e+00,8.377619012840165524e+00,-1.165085771382006272e-07,8.237988535654669400e-10,8.944719406826903807e+00,2.500000000000000000e+00
9.112759303052213322e-03,8.999753326800185249e+00,8.362397084632069877e+00,-1.162452631702247513e-07,8.239705076619756492e-10,8.944719417284852980e+00,2.500000000000000000e+00
9.312759303052205173e-03,8.999753334217629686e+00,8.347209448700695589e+00,-1.159825424525322423e-07,8.241417786251535246e-10,8.944719427719247662e+00,2.500000000000000000e+00
9.512759303052197024e-03,8.999753341618303537e+00,8.332056027800577525e+00,-1.157204134687156431e-07,8.243126621114156127e-10,8.944719438130077194e+00,2.500000000000000000e+00
9.712759303052188875e-03,8.999753349002409308e+00,8.316936744838445250e+00,-1.154588751356353709e-07,8.244831548478266051e-10,8.944719448517572502e+00,2.500000000000000000e+00
9.912759303052180726e-03,8.999753356369815549e+00,8.301851522918989090e+00,-1.151979259487019045e-07,8.246532700345479520e-10,8.944719458881563057e+00,2.500000000000000000e+00
1.011275930305217258e-02,8.999753363720648380e+00,8.286800285288528300e+00,-1.149375646416249296e-07,8.248230006344299276e-10,8.944719469222278008e+00,2.500000000000000000e+00
1.031275930305216443e-02,8.999753371054904250e+00,8.271782955399627824e+00,-1.146777899247948518e-07,8.249923497205080645e-10,8.944719479539653406e+00,2.500000000000000000e+00
1.051275930305215628e-02,8.999753378372593815e+00,8.256799456833681106e+00,-1.144186004562926702e-07,8.251613178077783946e-10,8.944719489833749648e+00,2.500000000000000000e+00
1.071275930305214813e-02,8.999753385673848527e+00,8.241849713416964818e+00,-1.141599948900819303e-07,8.253299020671508741e-10,8.944719500104692855e+00,2.500000000000000000e+00
1.091275930305213998e-02,8.999753392958650622e+00,8.226933649079384736e+00,-1.139019718677310680e-07,8.254981113518138677e-10,8.944719510352502567e+00,2.500000000000000000e+00
1.111275930305213183e-02,8.999753400227106681e+00,8.212051187954534370e+00,-1.136445300528381918e-07,8.256659366154554987e-10,8.944719520577290695e+00,2.500000000000000000e+00
1.131275930305212368e-02,8.999753407479039069e+00,8.197202254349752693e+00,-1.133876683856080130e-07,8.258333814799886496e-10,8.944719530778895589e+00,2.500000000000000000e+00
1.151275930305211553e-02,8.999753414714735555e+00,8.182386772707673117e+00,-1.131313852283023811e-07,8.260004591862323518e-10,8.944719540957621007e+00,2.500000000000000000e+00
1.171275930305210738e-02,8.999753421934144626e+00,8.167604667682129005e+00,-1.128756798014898498e-07,8.261671530713544671e-10,8.944719551113418987e+00,2.500000000000000000e+00
1.191275930305209924e-02,8.999753429137227201e+00,8.152855864087463544e+00,-1.126205499335882712e-07,8.263334733505723392e-10,8.944719561246296635e+00,2.500000000000000000e+00
1.211275930305209109e-02,8.999753436324162692e+00,8.138140286892037167e+00,-1.123659949728957631e-07,8.264994241641830143e-10,8.944719571356412047e+00,2.500000000000000000e+00
1.231275930305208294e-02,8.999753443494741489e+00,8.123457861235932498e+00,-1.121120139030435030e-07,8.266649926542263532e-10,8.944719581443578704e+00,2.500000000000000000e+00
1.251275930305207479e-02,8.999753450649320641e+00,8.108808512437304827e+00,-1.118586043820348371e-07,8.268301911433376724e-10,8.944719591508194512e+00,2.500000000000000000e+00
1.271275930305206664e-02,8.999753457787752708e+00,8.094192165993588262e+00,-1.116057662357794941e-07,8.269950131839021775e-10,8.944719601550087162e+00,2.500000000000000000e+00
1.291275930305205849e-02,8.999753464910130063e+00,8.079608747551709769e+00,-1.113534974241973765e-07,8.271594723995977921e-10,8.944719611569393436e+00,2.500000000000000000e+00
1.311275930305205034e-02,8.999753472016401190e+00,8.065058182909989881e+00,-1.111017970822432755e-07,8.273235559460169041e-10,8.944719621566067147e+00,2.500000000000000000e+00
1.331275930305204219e-02,8.999753479106709975e+00,8.050540398062507208e+00,-1.108506637064578634e-07,8.274872694237413607e-10,8.944719631540293037e+00,2.500000000000000000e+00
1.351275930305203404e-02,8.999753486181004902e+00,8.036055319180935186e+00,-1.106000959237713644e-07,8.276506181487499388e-10,8.944719641491973405e+00,2.500000000000000000e+00
1.371275930305202589e-02,8.999753493239385449e+00,8.021602872568797338e+00,-1.103500929473274401e-07,8.278135976283798863e-10,8.944719651421255691e+00,2.500000000000000000e+00
1.391275930305201775e-02,8.999753500281819640e+00,8.007182984691706196e+00,-1.101006532094284326e-07,8.279762033801328462e-10,8.944719661328138116e+00,2.500000000000000000e+00
1.411275930305200960e-02,8.999753507308438927e+00,7.992795582204863969e+00,-1.098517752262360426e-07,8.281384489565359747e-10,8.944719671212764567e+00,2.500000000000000000e+00
1.431275930305200145e-02,8.999753514319237979e+00,7.978440591953970262e+00,-1.096034579463542131e-07,8.283003278591525003e-10,8.944719681075111950e+00,2.500000000000000000e+00
1.451275930305199330e-02,8.999753521314236338e+00,7.964117940910591997e+00,-1.093557000373487137e-07,8.284618422462223727e-10,8.944719690915228227e+00,2.500000000000000000e+00
1.471275930305198515e-02,8.999753528293391369e+00,7.949827556201373824e+00,-1.091085004189473270e-07,8.286229926903398643e-10,8.944719700733111623e+00,2.500000000000000000e+00
1.491275930305197700e-02,8.999753535256978410e+00,7.935569365169905964e+00,-1.088618575195919762e-07,8.287837827321026946e-10,8.944719710529037471e+00,2.500000000000000000e+00
1.511275930305196885e-02,8.999753542204707912e+00,7.921343295245809379e+00,-1.086157705757646744e-07,8.289442086953878724e-10,8.944719720302703792e+00,2.500000000000000000e+00
1.531275930305196070e-02,8.999753549136881858e+00,7.907149274078276946e+00,-1.083702380330515168e-07,8.291042694383949849e-10,8.944719730054462303e+00,2.500000000000000000e+00
1.551275930305195255e-02,8.999753556053423864e+00,7.892987229477915534e+00,-1.081252582382763700e-07,8.292639705888109336e-10,8.944719739784225965e+00,2.500000000000000000e+00
1.571275930305194440e-02,8.999753562954412089e+00,7.878857089388510815e+00,-1.078808306730613569e-07,8.294233194040140107e-10,8.944719749492101357e+00,2.500000000000000000e+00
1.591275930305193625e-02,8.999753569839789691e+00,7.864758781958642864e+00,-1.076369535790051350e-07,8.295823028464730919e-10,8.944719759178049401e+00,2.500000000000000000e+00
1.611275930305192811e-02,8.999753576709689895e+00,7.850692235467966462e+00,-1.073936259153768643e-07,8.297409286682337105e-10,8.944719768842210428e+00,2.500000000000000000e+00
1.631275930305191996e-02,8.999753583564126913e+00,7.836657378349639380e+00,-1.071508465447378220e-07,8.298991982956993498e-10,8.944719778484607531e+00,2.500000000000000000e+00
1.651275930305191181e-02,8.999753590403113179e+00,7.822654139211052460e+00,-1.069086141742024344e-07,8.300571140040005061e-10,8.944719788105269132e+00,2.500000000000000000e+00
1.671275930305190366e-02,8.999753597226687774e+00,7.808682446837324598e+00,-1.066669273017114134e-07,8.302146665181264068e-10,8.944719797704257402e+00,2.500000000000000000e+00
1.691275930305189551e-02,8.999753604034912868e+00,7.794742230145488726e+00,-1.064257850721926881e-07,8.303718716504881114e-10,8.944719807281659385e+00,2.500000000000000000e+00
1.711275930305188736e-02,8.999753610827696093e+00,7.780833418233486398e+00,-1.061851860455317339e-07,8.305287241037415677e-10,8.944719816837359616e+00,2.500000000000000000e+00
1.731275930305187921e-02,8.999753617605271927e+00,7.766955940331184749e+00,-1.059451292121154513e-07,8.306852183027159170e-10,8.944719826371626326e+00,2.500000000000000000e+00
1.751275930305187106e-02,8.999753624367579974e+00,7.753109725864770319e+00,-1.057056130905695069e-07,8.308413636308421488e-10,8.944719835884432868e+00,2.500000000000000000e+00
1.771275930305186291e-02,8.999753631114591812e+00,7.739294704403565817e+00,-1.054666363469961033e-07,8.309971556140922358e-10,8.944719845375749046e+00,2.500000000000000000e+00
1.791275930305185476e-02,8.999753637846513499e+00,7.725510805707520134e+00,-1.052281979859332953e-07,8.311526002088018630e-10,8.944719854845772034e+00,2.500000000000000000e+00
1.811275930305184662e-02,8.999753644563169175e+00,7.711757959622794090e+00,-1.049902970816197452e-07,8.313076976741631124e-10,8.944719864294375711e+00,2.500000000000000000e+00
1.831275930305183847e-02,8.999753651264713383e+00,7.698036096196228861e+00,-1.047529318931331650e-07,8.314624452878120915e-10,8.944719873721696857e+00,2.500000000000000000e+00
1.851275930305183032e-02,8.999753657951128361e+00,7.684345145628226348e+00,-1.045161015753582369e-07,8.316168475983157270e-10,8.944719883127770998e+00,2.500000000000000000e+00
1.871275930305182217e-02,8.999753664622597071e+00,7.670685038298357128e+00,-1.042798047358972963e-07,8.317709055916203695e-10,8.944719892512761561e+00,2.500000000000000000e+00
1.891275930305181402e-02,8.999753671279012934e+00,7.657055704695705955e+00,-1.040440402599159390e-07,8.319246254544546658e-10,8.944719901876583279e+00,2.500000000000000000e+00
1.911275930305180587e-02,8.999753677920390160e+00,7.643457075496958630e+00,-1.038088069869546087e-07,8.320780028805031120e-10,8.944719911219264574e+00,2.500000000000000000e+00
1.931275930305179772e-02,8.999753684546716315e+00,7.629889081526157746e+00,-1.035741037189793414e-07,8.322310411765823342e-10,8.944719920540812552e+00,2.500000000000000000e+00
1.951275930305178957e-02,8.999753691158250746e+00,7.616351653782179376e+00,-1.033399289645631505e-07,8.323837479134728150e-10,8.944719929841497219e+00,2.500000000000000000e+00
1.971275930305178142e-02,8.999753697754835358e+00,7.602844723401672944e+00,-1.031062819853498381e-07,8.325361261726804164e-10,8.944719939121187124e+00,2.500000000000000000e+00
1.991275930305177327e-02,8.999753704336594495e+00,7.589368221664134495e+00,-1.028731611620737979e-07,8.326881732132065212e-10,8.944719948379976415e+00,2.500000000000000000e+00
2.011275930305176513e-02,8.999753710903428683e+00,7.575922080028687056e+00,-1.026405656923221373e-07,8.328399096907965812e-10,8.944719957617840222e+00,2.500000000000000000e+00
2.031275930305175698e-02,8.999753717455527990e+00,7.562506230088309245e+00,-1.024084942619988627e-07,8.329913365049995862e-10,8.944719966834936642e+00,2.500000000000000000e+00
2.051275930305174883e-02,8.999753723992883536e+00,7.549120603613721059e+00,-1.021769456749456587e-07,8.331424621125924817e-10,8.944719976031297648e+00,2.500000000000000000e+00
2.071275930305174068e-02,8.999753730515502426e+00,7.535765132510285014e+00,-1.019459183806092112e-07,8.332933035541841005e-10,8.944719985206928570e+00,2.500000000000000000e+00
2.091275930305173253e-02,8.999753737023425515e+00,7.522439748859639508e+00,-1.017154116989481258e-07,8.334438749548958711e-10,8.944719994361873816e+00,2.500000000000000000e+00
2.111275930305172438e-02,8.999753743516688331e+00,7.509144384856578647e+00,-1.014854244578735210e-07,8.335941980140178361e-10,8.944720003496204441e+00,2.500000000000000000e+00
2.131275930305171623e-02,8.999753749995241137e+00,7.495878972879651769e+00,-1.012559552291253760e-07,8.337443055235835157e-10,8.944720012609883142e+00,2.500000000000000000e+00
2.151275930305170808e-02,8.999753756459380583e+00,7.482643445448339925e+00,-1.010270029381724906e-07,8.338942276193311073e-10,8.944720021703192359e+00,2.500000000000000000e+00
2.171275930305169993e-02,8.999753762908802912e+00,7.469437735231675646e+00,-1.007985665370065955e-07,8.340440111896164389e-10,8.944720030775879849e+00,2.500000000000000000e+00
2.191275930305169178e-02,8.999753769343746157e+00,7.456261775065942565e+00,-1.005706445450309071e-07,8.341937241190480355e-10,8.944720039828167657e+00,2.500000000000000000e+00
2.211275930305168363e-02,8.999753775764141039e+00,7.443115497921140467e+00,-1.003432360679199950e-07,8.343434414259459034e-10,8.944720048860020256e+00,2.500000000000000000e+00
2.231275930305167549e-02,8.999753782170133221e+00,7.429998836930463924e+00,-1.001163398902523072e-07,8.344932529398481650e-10,8.944720057871572649e+00,2.500000000000000000e+00
2.251275930305166734e-02,8.999753788561692502e+00,7.416911725372831832e+00,-9.988995476906684176e-08,8.346432950516940530e-10,8.944720066862842600e+00,2.500000000000000000e+00
2.271275930305165919e-02,8.999753794938882834e+00,7.403854096711424582e+00,-9.966407924711853410e-08,8.347937378253705853e-10,8.944720075833876294e+00,2.500000000000000000e+00
2.291275930305165104e-02,8.999753801301647371e+00,7.390825884496906362e+00,-9.943871279043048217e-08,8.349447864037872575e-10,8.944720084784638203e+00,2.500000000000000000e+00
2.311275930305164289e-02,8.999753807650069604e+00,7.377827022455110573e+00,-9.921385390399420600e-08,8.350967234011809869e-10,8.944720093715229581e+00,2.500000000000000000e+00
2.331275930305163474e-02,8.999753813984273876e+00,7.364857444464305125e+00,-9.898950132326340571e-08,8.352498958029045502e-10,8.944720102625778324e+00,2.500000000000000000e+00
2.351275930305162659e-02,8.999753820304105645e+00,7.351917084547567427e+00,-9.876565402680676768e-08,8.354047724992924931e-10,8.944720111516165417e+00,2.500000000000000000e+00
2.371275930305161844e-02,8.999753826609795837e+00,7.339005876883106794e+00,-9.854231063857397932e-08,8.355619253764976157e-10,8.944720120386612905e+00,2.500000000000000000e+00
2.391275930305161029e-02,8.999753832901207673e+00,7.326123755797564918e+00,-9.831946990251301214e-08,8.357221258070961917e-10,8.944720129237005324e+00,2.500000000000000000e+00
2.411275930305160214e-02,8.999753839178419312e+00,7.313270655759150252e+00,-9.809713071314750827e-08,8.358863329491748352e-10,8.944720138067427939e+00,2.500000000000000000e+00
2.431275930305159400e-02,8.999753845441540889e+00,7.300446511400242144e+00,-9.787529159127161822e-08,8.360557973791175315e-10,8.944720146878012201e+00,2.500000000000000000e+00
2.451275930305158585e-02,8.999753851690517337e+00,7.287651257473790167e+00,-9.765395143358589848e-08,8.362321166705195038e-10,8.944720155668719030e+00,2.500000000000000000e+00
2.471275930305157770e-02,8.999753857925492539e+00,7.274884828899304878e+00,-9.743310868149906295e-08,8.364173503365581559e-10,8.944720164439683430e+00,2.500000000000000000e+00
2.491275930305156955e-02,8.999753864146320836e+00,7.262147160742857821e+00,-9.721276186356935140e-08,8.366141269762727680e-10,8.944720173190791712e+00,2.500000000000000000e+00
2.511275930305156140e-02,8.999753870353197627e+00,7.249438188201158262e+00,-9.699290951064236314e-08,8.368258195307634812e-10,8.944720181922255264e+00,2.500000000000000000e+00
2.531275930305155325e-02,8.999753876546066067e+00,7.236757846634493063e+00,-9.677354997177737739e-08,8.370567590082386147e-10,8.944720190634024348e+00,2.500000000000000000e+00
2.551275930305154510e-02,8.999753882725036291e+00,7.224106071543882734e+00,-9.655468124355363110e-08,8.373124686225560118e-10,8.944720199326219756e+00,2.500000000000000000e+00
2.571275930305153695e-02,8.999753888889999942e+00,7.211482798567423913e+00,-9.633630152998679772e-08,8.376000324185735530e-10,8.944720207998738459e+00,2.500000000000000000e+00
2.591275930305152880e-02,8.999753895041134655e+00,7.198887963495772979e+00,-9.611840836261539881e-08,8.379285005215102427e-10,8.944720216651782962e+00,2.500000000000000000e+00
2.611275930305152065e-02,8.999753901178406679e+00,7.186321502266562078e+00,-9.590099928667633159e-08,8.383094504707625525e-10,8.944720225285339055e+00,2.500000000000000000e+00
2.631275930305151250e-02,8.999753907301810685e+00,7.173783350955475591e+00,-9.568407120961809343e-08,8.387576563403573680e-10,8.944720233899394302e+00,2.500000000000000000e+00
2.651275930305150436e-02,8.999753913411463913e+00,7.161273445782605940e+00,-9.546762062826510542e-08,8.392919826467025446e-10,8.944720242494090812e+00,2.500000000000000000e+00
2.671275930305149621e-02,8.999753919507256228e+00,7.148791723115013319e+00,-9.525164334595996668e-08,8.399364962402664381e-10,8.944720251069327333e+00,2.500000000000000000e+00
2.691275930305148806e-02,8.999753925589374148e+00,7.136338119463158769e+00,-9.503613426635464655e-08,8.407218976269343735e-10,8.944720259625292158e+00,2.500000000000000000e+00
2.711275930305147991e-02,8.999753931657803463e+00,7.123912571478835609e+00,-9.482108734327563678e-08,8.416872897167981121e-10,8.944720268162004828e+00,2.500000000000000000e+00
2.731275930305147176e-02,8.999753937712528185e+00,7.111515015959229302e+00,-9.460649498591912534e-08,8.428824897192702201e-10,8.944720276679452908e+00,2.500000000000000000e+00
2.751275930305146361e-02,8.999753943753541208e+00,7.099145389838056985e+00,-9.439234804046694037e-08,8.443709212811782933e-10,8.944720285177634622e+00,2.500000000000000000e+00
2.771275930305145546e-02,8.999753949780975759e+00,7.086803630198465598e+00,-9.417863487489716304e-08,8.462332646837715912e-10,8.944720293656722276e+00,2.500000000000000000e+00
2.791275930305144731e-02,8.999753955794801641e+00,7.074489674255672433e+00,-9.396534133735874476e-08,8.485721141212443754e-10,8.944720302116664357e+00,2.500000000000000000e+00
2.811275930305143916e-02,8.999753961795091683e+00,7.062203459375255399e+00,-9.375244958516727757e-08,8.515178549862241660e-10,8.944720310557556786e+00,2.500000000000000000e+00
2.831275930305143101e-02,8.999753967781831676e+00,7.049944923060932567e+00,-9.353993691462033517e-08,8.552360818319580888e-10,8.944720318979401341e+00,2.500000000000000000e+00
2.851275930305142287e-02,8.999753973754978986e+00,7.037714002957518922e+00,-9.332777549217651904e-08,8.599370238398536649e-10,8.944720327382173153e+00,2.500000000000000000e+00
2.871275930305141472e-02,8.999753979714581575e+00,7.025510636854103375e+00,-9.311592964600297035e-08,8.658873908734017596e-10,8.944720335765921959e+00,2.500000000000000000e+00
2.891275930305140657e-02,8.999753985660793987e+00,7.013334762670437428e+00,-9.290435486539510911e-08,8.734253954668886677e-10,8.944720344130825396e+00,2.500000000000000000e+00
2.911275930305139842e-02,8.999753991593395952e+00,7.001186318470367098e+00,-9.269299482195036906e-08,8.829796560681503178e-10,8.944720352476664971e+00,2.500000000000000000e+00
2.931275930305139027e-02,8.999753997512499382e+00,6.989065242462546124e+00,-9.248177844148405010e-08,8.950930685717133203e-10,8.944720360803579240e+00,2.500000000000000000e+00
2.951275930305138212e-02,8.999754003418145132e+00,6.976971472989426104e+00,-9.227061610867406528e-08,9.104529306627051751e-10,8.944720369111591296e+00,2.500000000000000000e+00
2.971275930305137397e-02,8.999754009310315439e+00,6.964904948531620121e+00,-9.205939470409000026e-08,9.299288117925642730e-10,8.944720377400731337e+00,2.500000000000000000e+00
2.991275930305136582e-02,8.999754015188807799e+00,6.952865607713494711e+00,-9.184797137405011048e-08,9.546203385376770493e-10,8.944720385670793306e+00,2.500000000000000000e+00
3.011275930305135767e-02,8.999754021053806952e+00,6.940853389289983078e+00,-9.163616597414467077e-08,9.859173006756492006e-10,8.944720393921969048e+00,2.500000000000000000e+00
3.031275930305134952e-02,8.999754026905229409e+00,6.928868232161862650e+00,-9.142375101194024823e-08,1.025575204681057075e-09,8.944720402154185734e+00,2.500000000000000000e+00
3.051275930305134138e-02,8.999754032742981025e+00,6.916910075363421839e+00,-9.121043973334863047e-08,1.075810381288494553e-09,8.944720410367381191e+00,2.500000000000000000e+00
3.071275930305133323e-02,8.999754038566784686e+00,6.904978858066372460e+00,-9.099587061288019951e-08,1.139419340020868254e-09,8.944720418561276531e+00,2.500000000000000000e+00
3.091275930305132508e-02,8.999754044376663487e+00,6.893074519583549886e+00,-9.077958769288019726e-08,1.219928791379028504e-09,8.944720426735898400e+00,2.500000000000000000e+00
3.111275930305131693e-02,8.999754050172404263e+00,6.881196999354241228e+00,-9.056101672201968997e-08,1.321783882673787996e-09,8.944720434891060279e+00,2.500000000000000000e+00
3.131275930305132960e-02,8.999754055953664178e+00,6.869346236963784769e+00,-9.033943452805162722e-08,1.450584313992788138e-09,8.944720443026429990e+00,2.500000000000000000e+00
3.151275930305139084e-02,8.999754061720253162e+00,6.857522172136052419e+00,-9.011393057498259388e-08,1.613380408616268730e-09,8.944720451141819240e+00,2.500000000000000000e+00
3.171275930305145208e-02,8.999754067471645413e+00,6.845724744724585697e+00,-8.988335958842395844e-08,1.819044085311224902e-09,8.944720459236714660e+00,2.500000000000000000e+00
3.191275930305151332e-02,8.999754073207368421e+00,6.833953894710067978e+00,-8.964628114864873128e-08,2.078733471479912004e-09,8.944720467310659728e+00,2.500000000000000000e+00
3.211275930305157456e-02,8.999754078926740064e+00,6.822209562221684287e+00,-8.940088466985319968e-08,2.406474426240267609e-09,8.944720475363004297e+00,2.500000000000000000e+00
3.231275930305163580e-02,8.999754084628831308e+00,6.810491687519633963e+00,-8.914489570042140222e-08,2.819888019776881408e-09,8.944720483392790911e+00,2.500000000000000000e+00
3.251275930305169704e-02,8.999754090312780619e+00,6.798800211000568083e+00,-8.887545833081957065e-08,3.341100122952809885e-09,8.944720491399198892e+00,2.500000000000000000e+00
3.271275930305175828e-02,8.999754095977042567e+00,6.787135073188363066e+00,-8.858898850483537825e-08,3.997877977759893933e-09,8.944720499380684586e+00,2.500000000000000000e+00
3.291275930305181951e-02,8.999754101619934943e+00,6.775496214739609613e+00,-8.828099074068975900e-08,4.825049721667899684e-09,8.944720507335583548e+00,2.500000000000000000e+00
3.311275930305188075e-02,8.999754107239333223e+00,6.763883576459505775e+00,-8.794582900604396447e-08,5.866276136818138003e-09,8.944720515261773031e+00,2.500000000000000000e+00
3.331275930305194199e-02,8.999754112832521358e+00,6.752297099269821246e+00,-8.757644200066718877e-08,7.176260972761833818e-09,8.944720523156551195e+00,2.500000000000000000e+00
3.351275930305200323e-02,8.999754118396095848e+00,6.740736724224441367e+00,-8.716398641928269956e-08,8.823506686442443635e-09,8.944720531016528753e+00,2.500000000000000000e+00
3.371275930305206447e-02,8.999754123925866267e+00,6.729202392527072973e+00,-8.669739368355919651e-08,1.089374827965719581e-08,8.944720538837513502e+00,2.500000000000000000e+00
3.391275930305212571e-02,8.999754129416423609e+00,6.717694045494577715e+00,-8.616281800332763865e-08,1.349422967504469251e-08,8.944720546614124856e+00,2.500000000000000000e+00
3.411275930305218695e-02,8.999754134861143839e+00,6.706211624579600183e+00,-8.554294802576959807e-08,1.675902611177681003e-08,8.944720554339751217e+00,2.500000000000000000e+00
3.431275930305224819e-02,8.999754140251617684e+00,6.694755071371314870e+00,-8.481615169935176203e-08,2.085566475661915198e-08,8.944720562005972653e+00,2.500000000000000000e+00
3.451275930305230943e-02,8.999754145577423259e+00,6.683324327578092472e+00,-8.395541325122071005e-08,2.599335506364010382e-08,8.944720569602386817e+00,2.500000000000000000e+00
3.471275930305237067e-02,8.999754150825657106e+00,6.671919335049022237e+00,-8.292701099797818419e-08,3.243321430122640160e-08,8.944720577116093807e+00,2.500000000000000000e+00
3.491275930305243191e-02,8.999754155979948322e+00,6.660540035750956100e+00,-8.168887739988154286e-08,4.050096407565738149e-08,8.944720584530744034e+00,2.500000000000000000e+00
3.511275930305249315e-02,8.999754161020122822e+00,6.649186371781754978e+00,-8.018856200968254307e-08,5.060268522230325643e-08,8.944720591826140321e+00,2.500000000000000000e+00
3.531275930305255439e-02,8.999754165920908378e+00,6.637858285364098165e+00,-7.836070651551715732e-08,6.324435542378302206e-08,8.944720598977056625e+00,2.500000000000000000e+00
3.551275930305261563e-02,8.999754170650779983e+00,6.626555718850370980e+00,-7.612391470403892923e-08,7.905606227257507327e-08,8.944720605951935966e+00,2.500000000000000000e+00
3.571275930305267687e-02,8.999754175170574300e+00,6.615278614708075544e+00,-7.337687566117325142e-08,9.882199094486032915e-08,8.944720612711638097e+00,2.500000000000000000e+00
3.591275930305273811e-02,8.999754179431663559e+00,6.604026915521802543e+00,-6.999356452129977481e-08,1.235175386072002795e-07,8.944720619207531698e+00,2.500000000000000000e+00
3.611275930305279935e-02,8.999754183373417149e+00,6.592800564006947361e+00,-6.581730760799966879e-08,1.543552178157251548e-07,8.944720625378979051e+00,2.500000000000000000e+00
3.631275930305286059e-02,8.999754186920721821e+00,6.581599502987915962e+00,-6.065344528296839608e-08,1.928413898711303805e-07,8.944720631150849144e+00,2.500000000000000000e+00
3.651275930305292183e-02,8.999754189979942254e+00,6.570423675396193097e+00,-5.426026973332426048e-08,2.408463321517588943e-07,8.944720636429503102e+00,2.500000000000000000e+00
3.671275930305298307e-02,8.999754192435245770e+00,6.559273024273397645e+00,-4.633784055001809446e-08,3.006907079787167109e-07,8.944720641099104697e+00,2.500000000000000000e+00
3.691275930305304431e-02,8.999754194142866481e+00,6.548147492762347532e+00,-3.651419063512225074e-08,3.752521955173956201e-07,8.944720645015836524e+00,2.500000000000000000e+00
3.711275930305310555e-02,8.999754194924671324e+00,6.537047024103108228e+00,-2.432832876152167561e-08,4.680968688357566990e-07,8.944720648001553087e+00,2.500000000000000000e+00
3.731275930305316679e-02,8.999754194559841380e+00,6.525971561617400774e+00,-9.209310864817985051e-09,5.836409403093894502e-07,8.944720649835387505e+00,2.500000000000000000e+00
3.751275930305322803e-02,8.999754192775435868e+00,6.514921048708500528e+00,9.549505195731194407e-09,7.273497048793435449e-07,8.944720650244338600e+00,2.500000000000000000e+00
3.771275930305328927e-02,8.999754189233678758e+00,6.503895428846904636e+00,3.282210155440460058e-08,9.059820171509749156e-07,8.944720648890561066e+00,2.500000000000000000e+00
3.791275930305335051e-02,8.999754183517149286e+00,6.492894645549481147e+00,6.168865257644898589e-08,1.127890431309594299e-06,8.944720645356545319e+00,2.500000000000000000e+00
3.811275930305341175e-02,8.999754175110561860e+00,6.481918642364825622e+00,9.748317999167700589e-08,1.403389300583235253e-06,8.944720639126874318e+00,2.500000000000000000e+00
3.831275930305347299e-02,8.999754163377875926e+00,6.470967362855545524e+00,1.418519462737314103e-07,1.745205737480160733e-06,8.944720629565374281e+00,2.500000000000000000e+00
3.851275930305353423e-02,8.999754147534932969e+00,6.460040750569752355e+00,1.968249213776281678e-07,2.169031456380346250e-06,8.944720615887701953e+00,2.500000000000000000e+00
3.871275930305359547e-02,8.999754126615799876e+00,6.449138749008576532e+00,2.649031470204018774e-07,2.694197247439679812e-06,8.944720597127693296e+00,2.500000000000000000e+00
3.891275930305365671e-02,8.999754099431585885e+00,6.438261301578395823e+00,3.491653975825531838e-07,3.344496269485596189e-06,8.944720572096169775e+00,2.500000000000000000e+00
3.911275930305371795e-02,8.999754064519972729e+00,6.427408351561446409e+00,4.533982213581830511e-07,4.149187610846824330e-06,8.944720539330468512e+00,2.500000000000000000e+00
3.931275930305377919e-02,8.999754020084717254e+00,6.416579842041582715e+00,5.822542563276314930e-07,5.144217789627617389e-06,8.944720497033891604e+00,2.500000000000000000e+00
3.951275930305384043e-02,8.999753963921174105e+00,6.405775715830437811e+00,7.414446669495221727e-07,6.373705167972938744e-06,8.944720443001289212e+00,2.500000000000000000e+00
3.971275930305390167e-02,8.999753893326291276e+00,6.394995915398880904e+00,9.379726597876258528e-07,7.891740799517021768e-06,8.944720374528927209e+00,2.500000000000000000e+00
3.991275930305396291e-02,8.999753804989493844e+00,6.384240382758499699e+00,1.180416336261362949e-06,9.764569167122392167e-06,8.944720288305418876e+00,2.500000000000000000e+00
4.011275930305402415e-02,8.999753694861460929e+00,6.373509059339420801e+00,1.479270634479364699e-06,1.207322371842578794e-05,8.944720180280461008e+00,2.500000000000000000e+00
4.031275930305408539e-02,8.999753557994655040e+00,6.362801885849886929e+00,1.847359827818720395e-06,1.491670522894237303e-05,8.944720045505288653e+00,2.500000000000000000e+00
4.051275930305414663e-02,8.999753388352765171e+00,6.352118802068058123e+00,2.300334001768022363e-06,1.841580591643182142e-05,8.944719877942091557e+00,2.500000000000000000e+00
4.071275930305420787e-02,8.999753178580927937e+00,6.341459746649150908e+00,2.857265113346924918e-06,2.271769888696398678e-05,8.944719670234205111e+00,2.500000000000000000e+00
4.091275930305426911e-02,8.999752919731534462e+00,6.330824656851297583e+00,3.541360671836262758e-06,2.800143101489493622e-05,8.944719413431823085e+00,2.500000000000000000e+00
4.111275930305433035e-02,8.999752600936453462e+00,6.320213468225892584e+00,4.380815733364779664e-06,3.448447745615251282e-05,8.944719096664082159e+00,2.500000000000000000e+00
4.131275930305439159e-02,8.999752209017399807e+00,6.309626114244961670e+00,5.409826739987234661e-06,4.243053751340779191e-05,8.944718706749464232e+00,2.500000000000000000e+00
4.151275930305445283e-02,8.999751728024273589e+00,6.299062525859906891e+00,6.669793709978511114e-06,5.215877394896466061e-05,8.944718227733901017e+00,2.500000000000000000e+00
4.171275930305451407e-02,8.999751138690138319e+00,6.288522630998166107e+00,8.210740288560432190e-06,6.405472033817758218e-05,8.944717640345682952e+00,2.500000000000000000e+00
4.191275930305457531e-02,8.999750417790146173e+00,6.278006353931872674e+00,1.009298407695418094e-05,7.858310269824326372e-05,8.944716921354197936e+00,2.500000000000000000e+00
4.211275930305463655e-02,8.999749537392030874e+00,6.267513614572365555e+00,1.238909226547460770e-05,9.630284067179296220e-05,8.944716042820232360e+00,2.500000000000000000e+00
4.231275930305469779e-02,8.999748463983300084e+00,6.257044327640318038e+00,1.518615966670730680e-05,1.178845083955929428e-04,8.944714971222980537e+00,2.500000000000000000e+00
4.251275930305475903e-02,8.999747157460999958e+00,6.246598401710796722e+00,1.858844745495914471e-05,1.441305430453054641e-04,8.944713666449519707e+00,2.500000000000000000e+00
4.271275930305482027e-02,8.999745569970617254e+00,6.236175738111717770e+00,2.272042086972010969e-05,1.759984870493540993e-04,8.944712080633435036e+00,2.500000000000000000e+00
4.291275930305488151e-02,8.999743644578643398e+00,6.225776229642214332e+00,2.773022234910736453e-05,2.146275344272405294e-04,8.944710156827056835e+00,2.500000000000000000e+00
4.311275930305494275e-02,8.999741313768790718e+00,6.215399759161932991e+00,3.379361248192502707e-05,2.613686180743092849e-04,8.944707827497300201e+00,2.500000000000000000e+00
4.331275930305500399e-02,8.999738497752536759e+00,6.205046197982626133e+00,4.111840421771547390e-05,3.178182194008734307e-04,8.944705012835784785e+00,2.500000000000000000e+00
4.351275930305506523e-02,8.999735102587521851e+00,6.194715404086846178e+00,4.994940527122219965e-05,3.858559986492362745e-04,8.944701618876758076e+00,2.500000000000000000e+00
4.371275930305512647e-02,8.999731018106666980e+00,6.184407220156027840e+00,6.057386908994270315e-05,4.676862299376315785e-04,8.944697535425699897e+00,2.500000000000000000e+00
4.391275930305518771e-02,8.999726115664769210e+00,6.174121471436830433e+00,7.332743541564219216e-05,5.658828749478279213e-04,8.944692633805358284e+00,2.500000000000000000e+00
4.411275930305524895e-02,8.999720245721389844e+00,6.163857963465604328e+00,8.860051723966850742e-05,6.834379414444816808e-04,8.944686764438015913e+00,2.500000000000000000e+00
4.431275930305531019e-02,8.999713235287494228e+00,6.153616479639959280e+00,1.068450615934546182e-04,8.238125476071785080e-04,8.944679754291506413e+00,2.500000000000000000e+00
4.451275930305537143e-02,8.999704885279898647e+00,6.143396778717085560e+00,1.285815775476812912e-04,9.909898519467053024e-04,8.944671404232970247e+00,2.500000000000000000e+00
4.471275930305543267e-02,8.999694967837037041e+00,6.133198592296235319e+00,1.544062867207669190e-04,1.189528720073735474e-03,8.944661486343994383e+00,2.500000000000000000e+00
4.491275930305549391e-02,8.999683223671368637e+00,6.123021622311515699e+00,1.849982114243015887e-04,1.424616696162783747e-03,8.944649741272289845e+00,2.500000000000000000e+00
4.511275930305555515e-02,8.999669359541067948e+00,6.112865538679955968e+00,2.211259748250549823e-04,1.702120541844119594e-03,8.944635875702783068e+00,2.500000000000000000e+00
4.531275930305561639e-02,8.999653045945652963e+00,6.102729977140290529e+00,2.636540497852768060e-04,2.028632328057812517e-03,8.944619560052640139e+00,2.500000000000000000e+00
4.551275930305567763e-02,8.999633915154472419e+00,6.092614537418088005e+00,3.135481615102025921e-04,2.411508834954341485e-03,8.944600426499263790e+00,2.500000000000000000e+00
4.571275930305573887e-02,8.999611559690119833e+00,6.082518781844709288e+00,3.718795272854603386e-04,2.858901866170555917e-03,8.944578067463300641e+00,2.500000000000000000e+00
4.591275930305580011e-02,8.999585531386603776e+00,6.072442234527949623e+00,4.398276098054279440e-04,3.379777046375063987e-03,8.944552034666569895e+00,2.500000000000000000e+00
4.611275930305586135e-02,8.999555341140364817e+00,6.062384381183673732e+00,5.186810707940537821e-04,3.983918769927555226e-03,8.944521838883025211e+00,2.500000000000000000e+00
4.631275930305592259e-02,8.999520459456785915e+00,6.052344669728912052e+00,6.098366431735294029e-04,4.681919224523101164e-03,8.944486950485318388e+00,2.500000000000000000e+00
4.651275930305598383e-02,8.999480317876018987e+00,6.042322511738089652e+00,7.147956932164303877e-04,5.485149834209737674e-03,8.944446800871055814e+00,2.500000000000000000e+00
4.671275930305604507e-02,8.999434311330324121e+00,6.032317284744069141e+00,8.351583199365681396e-04,6.405714055824490716e-03,8.944400784820651040e+00,2.500000000000000000e+00
4.691275930305610631e-02,8.999381801452061680e+00,6.022328335526363041e+00,9.726149319101957220e-04,7.456381169837406064e-03,8.944348263806146448e+00,2.500000000000000000e+00
4.711275930305616755e-02,8.999322120808066927e+00,6.012354984183800433e+00,1.128935352926293623e-03,8.650501554257228332e-03,8.944288570226671453e+00,2.500000000000000000e+00
4.731275930305622879e-02,8.999254577992900295e+00,6.002396529107764778e+00,1.305955621016997728e-03,1.000190476895840286e-02,8.944221012502879375e+00,2.500000000000000000e+00
4.751275930305629003e-02,8.999178463471666944e+00,5.992452252630888765e+00,1.505562763677071453e-03,1.152478265939121949e-02,8.944144880921315988e+00,2.500000000000000000e+00
4.771275930305635127e-02,8.999093056024173976e+00,5.982521427232359912e+00,1.729677936928278878e-03,1.323356045121701352e-02,8.944059454080111493e+00,2.500000000000000000e+00
4.791275930305641251e-02,8.998997629609453597e+00,5.972603322145660698e+00,1.980238403904923880e-03,1.514275943491427689e-02,8.943964005755274727e+00,2.500000000000000000e+00
4.811275930305647375e-02,8.998891460449986113e+00,5.962697210175500473e+00,2.259178891141994539e-03,1.726685527421223387e-02,8.943857811986660522e+00,2.500000000000000000e+00
4.831275930305653499e-02,8.998773834122772541e+00,5.952802374487581538e+00,2.568412893549925843e-03,1.962013618319780051e-02,8.943740158170877308e+00,2.500000000000000000e+00
4.851275930305659623e-02,8.998644052448041109e+00,5.942918115203432272e+00,2.909814498609269041e-03,2.221656516515596591e-02,8.943610345951636731e+00,2.500000000000000000e+00
4.871275930305665747e-02,8.998501439979198935e+00,5.933043755611477010e+00,3.285201267287330903e-03,2.506965023595203457e-02,8.943467699711446173e+00,2.500000000000000000e+00
4.891275930305671871e-02,8.998345349920791492e+00,5.923178647785146467e+00,3.696318650693916370e-03,2.819232608984600930e-02,8.943311572491008832e+00,2.500000000000000000e+00
4.911275930305677995e-02,8.998175169335738133e+00,5.913322177545579983e+00,4.144826335882160519e-03,3.159684999606204858e-02,8.943141351197802180e+00,2.500000000000000000e+00
4.931275930305684119e-02,8.997990323536255275e+00,5.903473768601140037e+00,4.632286819313982326e-03,3.529471401079509185e-02,8.942956460998093604e+00,2.500000000000000000e+00
4.951275930305690243e-02,8.997790279597571939e+00,5.893632885875824456e+00,5.160156395453273370e-03,3.929657476021641838e-02,8.942756368831595637e+00,2.500000000000000000e+00
4.971275930305696367e-02,8.997574548965065588e+00,5.883799037908632457e+00,5.729778651308409590e-03,4.361220133190990556e-02,8.942540586019244842e+00,2.500000000000000000e+00
4.991275930305702491e-02,8.997342689168894125e+00,5.873971778442368397e+00,6.342380448555268342e-03,4.825044102381614852e-02,8.942308669978270785e+00,2.500000000000000000e+00
5.011275930305708615e-02,8.997094304686957145e+00,5.864150707181029709e+00,6.999070297689586120e-03,5.321920214110054115e-02,8.942060225085420200e+00,2.500000000000000000e+00
5.031275930305714739e-02,8.996829047019621939e+00,5.854335469774842871e+00,7.700838954485555478e-03,5.852545251603191723e-02,8.941794902751686536e+00,2.500000000000000000e+00
5.051275930305720863e-02,8.996546614065765723e+00,5.844525757149575895e+00,8.448562015660916746e-03,6.417523204009545346e-02,8.941512400798213633e+00,2.500000000000000000e+00
5.071275930305726987e-02,8.996246748892421152e+00,5.834721304253196017e+00,9.243004258325537154e-03,7.017367728196322041e-02,8.941212462225655244e+00,2.500000000000000000e+00
5.091275930305733111e-02,8.995929238004558570e+00,5.824921888332146303e+00,1.008482544471536041e-02,7.652505613702276221e-02,8.940894873483504313e+00,2.500000000000000000e+00
5.111275930305739235e-02,8.995593909213646100e+00,5.815127326819009568e+00,1.097458731563331208e-02,8.323281045779573617e-02,8.940559462338155683e+00,2.500000000000000000e+00
5.131275930305745359e-02,8.995240629206803007e+00,5.805337474927816821e+00,1.191276150212506289e-02,9.029960468610886970e-02,8.940206095441425305e+00,2.500000000000000000e+00
5.151275930305751483e-02,8.994869300910407262e+00,5.795552223104081691e+00,1.289973809632918508e-02,9.772737860206448524e-02,8.939834675693486332e+00,2.500000000000000000e+00
5.171275930305757607e-02,8.994479860724998943e+00,5.785771494288228567e+00,1.393583466442748289e-02,1.055174026181477931e-01,8.939445139477150803e+00,2.500000000000000000e+00
5.191275930305763731e-02,8.994072275710909281e+00,5.775995241193701446e+00,1.502130548933868458e-02,1.136703340826095143e-01,8.939037453842690439e+00,2.500000000000000000e+00
5.211275930305769855e-02,8.993646540780051879e+00,5.766223443573245788e+00,1.615635088254924537e-02,1.221862734287517682e-01,8.938611613699027458e+00,2.500000000000000000e+00
5.231275930305775979e-02,8.993202675947747693e+00,5.756456105553199087e+00,1.734112642229725804e-02,1.310648191494188097e-01,8.938167639064754866e+00,2.500000000000000000e+00
5.251275930305782103e-02,8.992740723681199810e+00,5.746693253062180595e+00,1.857575201105007845e-02,1.403051208140442263e-01,8.937705572416057009e+00,2.500000000000000000e+00
5.271275930305788227e-02,8.992260746376686598e+00,5.736934931391455272e+00,1.986032066982620914e-02,1.499059295254263624e-01,8.937225476163179749e+00,2.500000000000000000e+00
5.291275930305794351e-02,8.991762823985729014e+00,5.727181202912201563e+00,2.119490701167868127e-02,1.598656453835416436e-01,8.936727430276047102e+00,2.500000000000000000e+00
5.311275930305800475e-02,8.991247051804405643e+00,5.717432144941627215e+00,2.257957536166838031e-02,1.701823617013005219e-01,8.936211530072997178e+00,2.500000000000000000e+00
5.331275930305806598e-02,8.990713538432032692e+00,5.707687847775736678e+00,2.401438750622328366e-02,1.808539058099554175e-01,8.935677884178973684e+00,2.500000000000000000e+00
5.351275930305812722e-02,8.990162403904864874e+00,5.697948412905564197e+00,2.549941007060571585e-02,1.918778763911226370e-01,8.935126612658715217e+00,2.500000000000000000e+00
5.371275930305818846e-02,8.989593778000905644e+00,5.688213951411526637e+00,2.703472153557144250e-02,2.032516773663988197e-01,8.934557845321160485e+00,2.500000000000000000e+00
5.391275930305824970e-02,8.989007798708763985e+00,5.678484582472369091e+00,2.862041892389818182e-02,2.149725485111368961e-01,8.933971720187928511e+00,2.500000000000000000e+00
5.411275930305831094e-02,8.988404610859772603e+00,5.668760432092285306e+00,3.025662417910231911e-02,2.270375928082755124e-01,8.933368382125078000e+00,2.500000000000000000e+00
5.431275930305837218e-02,8.987784364908673496e+00,5.659041631939102146e+00,3.194349027937815749e-02,2.394438008291981390e-01,8.932747981623482048e+00,2.500000000000000000e+00
5.451275930305843342e-02,8.987147215855731730e+00,5.649328318334704058e+00,3.368120713004083000e-02,2.521880722800187158e-01,8.932110673720679017e+00,2.500000000000000000e+00
5.471275930305849466e-02,8.986493322299688558e+00,5.639620631370479309e+00,3.547000728257150570e-02,2.652672349430318377e-01,8.931456617053569857e+00,2.500000000000000000e+00
5.491275930305855590e-02,8.985822845609957810e+00,5.629918714140541347e+00,3.731017152956896815e-02,2.786780612213641817e-01,8.930785973030452851e+00,2.500000000000000000e+00
5.511275930305861714e-02,8.985135949209665185e+00,5.620222712096692774e+00,3.920203442839648861e-02,2.924172824797990344e-01,8.930098905113803553e+00,2.500000000000000000e+00
5.531275930305867838e-02,8.984432797955538064e+00,5.610532772477871077e+00,4.114598981439935438e-02,3.064816014377207409e-01,8.929395578200079342e+00,2.500000000000000000e+00
5.551275930305873962e-02,8.983713557608311362e+00,5.600849043845914643e+00,4.314249635901976077e-02,3.208677027553523686e-01,8.928676158089954740e+00,2.500000000000000000e+00
5.571275930305880086e-02,8.982978394384485199e+00,5.591171675711893663e+00,4.519208322847159676e-02,3.355722620062451256e-01,8.927940811039993818e+00,2.500000000000000000e+00
5.591275930305886210e-02,8.982227474575358528e+00,5.581500818198235514e+00,4.729535592098321056e-02,3.505919532766235136e-01,8.927189703381548824e+00,2.500000000000000000e+00
5.611275930305892334e-02,8.981460964234880606e+00,5.571836621818543556e+00,4.945300233237775317e-02,3.659234554208099510e-01,8.926423001208581454e+00,2.500000000000000000e+00
5.631275930305898458e-02,8.980679028918798323e+00,5.562179237266789755e+00,5.166579913777288174e-02,3.815634572685491221e-01,8.925640870116692938e+00,2.500000000000000000e+00
5.651275930305904582e-02,8.979881833477231012e+00,5.552528815305777243e+00,5.393461854975008934e-02,3.975086617698142533e-01,8.924843474995688197e+00,2.500000000000000000e+00
5.671275930305910706e-02,8.979069541887367834e+00,5.542885506657702521e+00,5.626043555506456129e-02,4.137557893418337684e-01,8.924030979862219937e+00,2.500000000000000000e+00
5.691275930305916830e-02,8.978242317128149352e+00,5.533249461983555051e+00,5.864433569832069176e-02,4.303015803762120228e-01,8.923203547734434693e+00,2.500000000000000000e+00
5.711275930305922954e-02,8.977400321084196833e+00,5.523620831855647673e+00,6.108752353326337564e-02,4.471427971514305710e-01,8.922361340535882590e+00,2.500000000000000000e+00
5.731275930305929078e-02,8.976543714483986136e+00,5.513999766813730830e+00,6.359133183109740017e-02,4.642762250780521072e-01,8.921504519033682357e+00,2.500000000000000000e+00
5.751275930305935202e-02,8.975672656860956167e+00,5.504386417430826128e+00,6.615723168622658634e-02,4.816986734653792013e-01,8.920633242799599572e+00,2.500000000000000000e+00
5.771275930305941326e-02,8.974787306538962284e+00,5.494780934420955276e+00,6.878684364566151066e-02,4.994069758171058027e-01,8.919747670195532052e+00,2.500000000000000000e+00
5.791275930305947450e-02,8.973887820636184287e+00,5.485183468761237968e+00,7.148195003647876689e-02,5.173979897547891227e-01,8.918847958377408958e+00,2.500000000000000000e+00
5.811275930305953574e-02,8.972974355089966991e+00,5.475594171882151251e+00,7.424450864880981216e-02,5.356685965119627468e-01,8.917934263320006494e+00,2.500000000000000000e+00
5.831275930305959698e-02,8.972047064694253393e+00,5.466013195844428907e+00,7.707666800863827161e-02,5.542157001879903788e-01,8.917006739854445030e+00,2.500000000000000000e+00
5.851275930305965822e-02,8.971106103156900602e+00,5.456440693599292402e+00,7.998078446038454914e-02,5.730362266091670875e-01,8.916065541725489041e+00,2.500000000000000000e+00
5.871275930305971946e-02,8.970151623166206178e+00,5.446876819242114642e+00,8.295944135178670575e-02,5.921271219886712345e-01,8.915110821658103646e+00,2.500000000000000000e+00
5.891275930305978070e-02,8.969183776474091374e+00,5.437321728335631654e+00,8.601547064635585438e-02,6.114853512590663343e-01,8.914142731440662715e+00,2.500000000000000000e+00
5.911275930305984194e-02,8.968202713990784503e+00,5.427775578251942790e+00,8.915197734990076839e-02,6.311078961896843253e-01,8.913161422019648228e+00,2.500000000000000000e+00
5.931275930305990318e-02,8.967208585895104278e+00,5.418238528592733694e+00,9.237236720133995549e-02,6.509917531731321816e-01,8.912167043609985129e+00,2.500000000000000000e+00
5.951275930305996442e-02,8.966201541754193372e+00,5.408710741617062112e+00,9.568037818621041857e-02,6.711339308297414874e-01,8.911159745814790867e+00,2.500000000000000000e+00
5.971275930306002566e-02,8.965181730662719062e+00,5.399192382772487697e+00,9.908011649508857710e-02,6.915314472303393245e-01,8.910139677764631116e+00,2.500000000000000000e+00
5.991275930306008690e-02,8.964149301395728742e+00,5.389683621281208481e+00,1.025760977160021514e-01,7.121813268226340199e-01,8.909106988270421468e+00,2.500000000000000000e+00
6.011275930306014814e-02,8.963104402581691943e+00,5.380184630812124169e+00,1.061732941860528273e-01,7.330805969883904538e-01,8.908061825996488992e+00,2.500000000000000000e+00
6.031275930306020938e-02,8.962047182895441111e+00,5.370695590254284113e+00,1.098771896305327095e-01,7.542262841682862984e-01,8.907004339653614267e+00,2.500000000000000000e+00
6.051275930306027062e-02,8.960977791273997184e+00,5.361216684579122038e+00,1.136938424740278342e-01,7.756154095619631761e-01,8.905934678214917355e+00,2.500000000000000000e+00
6.071275930306033186e-02,8.959896377164815462e+00,5.351748105888836093e+00,1.176299594675859345e-01,7.972449841408497662e-01,8.904852991164117881e+00,2.500000000000000000e+00
6.091275930306039310e-02,8.958803090804970282e+00,5.342290054584911019e+00,1.216929817428205468e-01,8.191120030804519558e-01,8.903759428774886686e+00,2.500000000000000000e+00
6.111275930306045434e-02,8.957698083543373713e+00,5.332842740763190648e+00,1.258911858100052183e-01,8.412134393053847248e-01,8.902654142433114259e+00,2.500000000000000000e+00
6.131275930306051558e-02,8.956581508211211684e+00,5.323406385831206400e+00,1.302338027120338304e-01,8.635462360840335805e-01,8.901537285007460554e+00,2.500000000000000000e+00
6.151275930306057682e-02,8.955453519555138797e+00,5.313981224441650220e+00,1.347311593075609659e-01,8.861072983566700145e-01,8.900409011282702565e+00,2.500000000000000000e+00
6.171275930306063806e-02,8.954314274743826019e+00,5.304567506772431607e+00,1.393948467365175303e-01,9.088934826075778517e-01,8.899269478466440120e+00,2.500000000000000000e+00
6.191275930306069930e-02,8.953163933965951671e+00,5.295165501250857609e+00,1.442379224834091922e-01,9.319015848984868455e-01,8.898118846787248515e+00,2.500000000000000000e+00
6.211275930306076054e-02,8.952002661144712548e+00,5.285775497845699000e+00,1.492751542428978340e-01,9.551283265761725261e-01,8.896957280209434771e+00,2.500000000000000000e+00
6.231275930306082178e-02,8.950830624796095591e+00,5.276397812053584602e+00,1.545233162213782152e-01,9.785703371034308873e-01,8.895784947291609512e+00,2.500000000000000000e+00
6.251275930306086914e-02,8.949647999071199678e+00,5.267032789783366198e+00,1.600015517008794019e-01,1.002224133199476341e+00,8.894602022229284088e+00,2.500000000000000000e+00
6.271275930306079160e-02,8.948454965027057284e+00,5.257680813327751501e+00,1.657318200969181143e-01,1.026086093421955781e+00,8.893408686126148766e+00,2.500000000000000000e+00
6.291275930306071407e-02,8.947251712205481766e+00,5.248342308852507188e+00,1.717394526417219403e-01,1.050152426579668230e+00,8.892205128573435147e+00,2.500000000000000000e+00
6.311275930306063653e-02,8.946038440593291341e+00,5.239017755708352375e+00,1.780538491530708756e-01,1.074419132506395869e+00,8.890991549610770761e+00,2.500000000000000000e+00
6.331275930306055899e-02,8.944815363099916539e+00,5.229707698258206250e+00,1.847093598205158393e-01,1.098881952500718739e+00,8.889768162204639168e+00,2.500000000000000000e+00
6.351275930306048145e-02,8.943582708709204354e+00,5.220412760960102538e+00,1.917464122712078667e-01,1.123536306260525919e+00,8.888535195401223277e+00,2.500000000000000000e+00
6.371275930306040391e-02,8.942340726544722784e+00,5.211133667878999454e+00,1.992129674524185101e-01,1.148377210543657156e+00,8.887292898393125640e+00,2.500000000000000000e+00
6.391275930306032638e-02,8.941089691168494724e+00,5.201871268159867334e+00,2.071664216104325551e-01,1.173399173152549935e+00,8.886041545819921339e+00,2.500000000000000000e+00
6.411275930306024884e-02,8.939829909576189948e+00,5.192626569705928397e+00,2.156761210095732850e-01,1.198596052965125835e+00,8.884781444765810221e+00,2.500000000000000000e+00
6.431275930306017130e-02,8.938561730558756580e+00,5.183400784301259279e+00,2.248267290469846413e-01,1.223960872622491536e+00,8.883512944124529298e+00,2.500000000000000000e+00
6.451275930306009376e-02,8.937285557400045377e+00,5.174195388852183441e+00,2.347227947317362950e-01,1.249485564455500963e+00,8.882236447301597337e+00,2.500000000000000000e+00
6.471275930306001622e-02,8.936001865342401373e+00,5.165012209638273788e+00,2.454950361294588879e-01,1.275160620988209814e+00,8.880952429686173488e+00,2.500000000000000000e+00
6.491275930305993869e-02,8.934711225964608872e+00,5.155853539875579372e+00,2.573091014838206347e-01,1.300974607148113193e+00,8.879661463038043934e+00,2.500000000000000000e+00
6.511275930305986115e-02,8.933414341667090142e+00,5.146722305884632753e+00,2.703779465060212051e-01,1.326913470173451515e+00,8.878364249985564172e+00,2.500000000000000000e+00
6.531275930305978361e-02,8.932112095076751856e+00,5.137622304790101069e+00,2.849795237198817777e-01,1.352959550978034997e+00,8.877061673449052392e+00,2.500000000000000000e+00
6.551275930305970607e-02,8.930805620475487316e+00,5.128558547353535779e+00,3.014822726662416130e-01,1.379090154766039689e+00,8.875754868096155548e+00,2.500000000000000000e+00
6.571275930305962854e-02,8.929496407417856219e+00,5.119537753490065235e+00,3.203819188840497101e-01,1.405275477501987780e+00,8.874445323998330082e+00,2.500000000000000000e+00
6.591275930305955100e-02,8.928186449879559561e+00,5.110569061606073049e+00,3.423540703749586300e-01,1.431475621293500922e+00,8.873135035834151196e+00,2.500000000000000000e+00
6.611275930305947346e-02,8.926878454928983686e+00,5.101665012489871032e+00,3.683270170285486422e-01,1.457636418881719464e+00,8.871826711634179574e+00,2.500000000000000000e+00
6.631275930305939592e-02,8.925576115325913662e+00,5.092842815689822444e+00,3.995751246649164035e-01,1.483683979678332321e+00,8.870524045465353780e+00,2.500000000000000000e+00
6.651275930305931838e-02,8.924284413530402915e+00,5.084125718332899169e+00,4.378191283722956406e-01,1.509518609330029904e+00,8.869232021509780850e+00,2.500000000000000000e+00
6.671275930305924085e-02,8.923009836178586340e+00,5.075543861738609053e+00,4.852873133883928713e-01,1.535010525121812464e+00,8.867957128524588839e+00,2.500000000000000000e+00
6.691275930305916331e-02,8.921760243758781073e+00,5.067133377303361996e+00,5.446448480633110378e-01,1.560002476667108340e+00,8.866707229311650451e+00,2.500000000000000000e+00
6.711275930305908577e-02,8.920544091593699321e+00,5.058932309232877067e+00,6.186874835914046855e-01,1.584325348053710059e+00,8.865490781261536668e+00,2.500000000000000000e+00
6.731275930305900823e-02,8.919369008614170369e+00,5.050973568052784302e+00,7.098173070078280800e-01,1.607826596564663646e+00,8.864315414646011249e+00,2.500000000000000000e+00
6.751275930305893069e-02,8.918240397088899485e+00,5.043278315131182410e+00,8.195551453912741646e-01,1.630398246165839282e+00,8.863186532188404243e+00,2.500000000000000000e+00
6.771275930305885316e-02,8.917160944863161021e+00,5.035854074642658773e+00,9.484073417902001424e-01,1.651986610757461449e+00,8.862106821574808890e+00,2.500000000000000000e+00
6.791275930305877562e-02,8.916131187757265764e+00,5.028697976105167555e+00,1.096112784619224678e+00,1.672581023015055735e+00,8.861076818242773712e+00,2.500000000000000000e+00
6.811275930305869808e-02,8.915150441428774997e+00,5.021801599114029457e+00,1.262005701009476066e+00,1.692195195853742007e+00,8.860095837456789525e+00,2.500000000000000000e+00
6.831275930305862054e-02,8.914217489767521485e+00,5.015154430743794300e+00,1.445272822174070049e+00,1.710853463907483274e+00,8.859162662743145233e+00,2.500000000000000000e+00
6.851275930305854300e-02,8.913330919157871790e+00,5.008745492285116896e+00,1.645073541903734560e+00,1.728584106152567301e+00,8.858275880135281000e+00,2.500000000000000000e+00
6.871275930305846547e-02,8.912489241697686637e+00,5.002563904205546308e+00,1.860581053950118191e+00,1.745416885210602231e+00,8.857434001379006716e+00,2.500000000000000000e+00
6.891275930305838793e-02,8.911690936258212403e+00,4.996599045498853364e+00,2.090993422186653294e+00,1.761382227344540752e+00,8.856635504988618735e+00,2.500000000000000000e+00
6.911275930305831039e-02,8.910934465446164410e+00,4.990840597187371941e+00,2.335536122680567761e+00,1.776510883555829423e+00,8.855878853209899759e+00,2.500000000000000000e+00
6.931275930305823285e-02,8.910218286355584993e+00,4.985278558155438411e+00,2.593462593523768511e+00,1.790833714631219209e+00,8.855162502773968214e+00,2.500000000000000000e+00
6.951275930305815531e-02,8.909540859312883754e+00,4.979903253820316955e+00,2.864054303194766504e+00,1.804381516301987176e+00,8.854484913644393274e+00,2.500000000000000000e+00
6.971275930305807778e-02,8.908900655428750426e+00,4.974705341532196456e+00,3.146620627085797928e+00,1.817184868236495277e+00,8.853844556570916069e+00,2.500000000000000000e+00
6.991275930305800024e-02,8.908296163144802549e+00,4.969675813529995878e+00,3.440498590756686514e+00,1.829274003154409911e+00,8.853239919637795552e+00,2.500000000000000000e+00
7.011275930305792270e-02,8.907725893865254818e+00,4.964805997813450666e+00,3.745052502058196620e+00,1.840678694215284850e+00,8.852669513896795905e+00,2.500000000000000000e+00
7.031275930305784516e-02,8.907188386745234610e+00,4.960087557153514126e+00,4.059673488639150563e+00,1.851428159297483944e+00,8.852131878156715317e+00,2.500000000000000000e+00
7.051275930305776762e-02,8.906682212707794477e+00,4.955512486486572499e+00,4.383778955535241550e+00,1.861550980681840883e+00,8.851625583001462516e+00,2.500000000000000000e+00
7.071275930305769009e-02,8.906205977759338310e+00,4.951073108898972563e+00,4.716811976251290339e+00,1.871075038766889520e+00,8.851149234106253871e+00,2.500000000000000000e+00
7.091275930305761255e-02,8.905758325676039533e+00,4.946762070432934699e+00,5.058240629377514175e+00,1.880027458376730465e+00,8.850701474924733247e+00,2.500000000000000000e+00
7.111275930305753501e-02,8.905337940117348694e+00,4.942572333854198696e+00,5.407557291709390590e+00,1.888434566507953605e+00,8.850280988803053361e+00,2.500000000000000000e+00
7.131275930305745747e-02,8.904943546233875296e+00,4.938497171586480938e+00,5.764277897648939941e+00,1.896321860192415443e+00,8.849886500588159066e+00,2.500000000000000000e+00
7.151275930305737993e-02,8.904573911822607712e+00,4.934530157939923001e+00,6.127941173571198163e+00,1.903713983415627808e+00,8.849516777783282606e+00,2.500000000000000000e+00
7.171275930305730240e-02,8.904227848079356633e+00,4.930665160756888987e+00,6.498107854973545372e+00,1.910634712082696751e+00,8.849170631300671275e+00,2.500000000000000000e+00
7.191275930305722486e-02,8.903904210009875086e+00,4.926896332671400813e+00,6.874359893100003838e+00,1.917106945811610785e+00,8.848846915872764285e+00,2.500000000000000000e+00
7.211275930305714732e-02,8.903601896524522274e+00,4.923218101968836358e+00,7.256299657068493225e+00,1.923152706062751349e+00,8.848544530146947196e+00,2.500000000000000000e+00
7.231275930305706978e-02,8.903319850276902869e+00,4.919625163266590384e+00,7.643549136670718447e+00,1.928793139364415765e+00,8.848262416524148577e+00,2.500000000000000000e+00
7.245275930305701551e-02,8.903133932191714450e+00,4.917158141393812798e+00,7.917589978560622299e+00,1.932511167266056873e+00,8.848076454040958438e+00,2.500000000000000000e+00
7.251275930305699224e-02,8.904498282837408851e+00,4.917506409953974256e+00,8.032825370705278800e+00,1.904782889298985538e+00,8.849441000723507145e+00,2.500000000000000000e+00
7.271275930305691471e-02,8.916333197789990450e+00,4.924543779822473155e+00,8.293799514616610580e+00,1.667989682683810315e+00,8.861278729337396243e+00,2.500000000000000000e+00
7.291275930305683717e-02,8.922379845812550059e+00,4.923979974222679523e+00,8.381011842826506353e+00,1.547400008408430949e+00,8.867326933066561168e+00,2.500000000000000000e+00
7.311275930305675963e-02,8.923936835278951207e+00,4.918321468538612073e+00,8.406652385753591972e+00,1.516372615780710476e+00,8.868884331279531352e+00,2.500000000000000000e+00
7.331275930305668209e-02,8.924280562534583794e+00,4.911320271332018983e+00,8.417666493007221362e+00,1.509523585005354107e+00,8.869228150107234754e+00,2.500000000000000000e+00
7.351275930305660455e-02,8.924361865420673112e+00,4.904040698562911693e+00,8.425426055811662707e+00,1.507902802982016510e+00,8.869309475530064546e+00,2.500000000000000000e+00
7.371275930305652702e-02,8.924389968777477478e+00,4.896715644320386751e+00,8.432316135590179229e+00,1.507341838457705308e+00,8.869337587405260237e+00,2.500000000000000000e+00
7.391275930305644948e-02,8.924407030982825617e+00,4.889392041472004458e+00,8.438820063774389979e+00,1.507000883267210156e+00,8.869354655233452789e+00,2.500000000000000000e+00
7.411275930305637194e-02,8.924421194715588257e+00,4.882079078611302414e+00,8.445044875511218407e+00,1.506717742919363445e+00,8.869368823844940408e+00,2.500000000000000000e+00
7.431275930305629440e-02,8.924434044053677795e+00,4.874778667896205953e+00,8.451025178073194866e+00,1.506460859520529993e+00,8.869381677734764935e+00,2.500000000000000000e+00
7.451275930305621686e-02,8.924445944156573773e+00,4.867491355293760869e+00,8.456780868215659552e+00,1.506222952510142932e+00,8.869393582156757105e+00,2.500000000000000000e+00
7.471275930305613933e-02,8.924457033063829314e+00,4.860217417939113105e+00,8.462327812707304275e+00,1.506001265437134862e+00,8.869404675184824782e+00,2.500000000000000000e+00
7.491275930305606179e-02,8.924467399704452575e+00,4.852957062741341865e+00,8.467679912143969645e+00,1.505794020819166690e+00,8.869415045769583728e+00,2.500000000000000000e+00
7.511275930305598425e-02,8.924477116004027266e+00,4.845710463848446281e+00,8.472849623750343895e+00,1.505599780636430296e+00,8.869424765853969106e+00,2.500000000000000000e+00
7.531275930305590671e-02,8.924486243643286798e+00,4.838477771920975279e+00,8.477848195507572626e+00,1.505417311611836340e+00,8.869433897133577105e+00,2.500000000000000000e+00
7.551275930305582917e-02,8.924494836353652261e+00,4.831259118189669799e+00,8.482685828943676398e+00,1.505245539390671183e+00,8.869442493352771351e+00,2.500000000000000000e+00
7.571275930305575164e-02,8.924502941269780720e+00,4.824054617263350941e+00,8.487371810603223210e+00,1.505083521501092036e+00,8.869450601657527855e+00,2.500000000000000000e+00
7.591275930305567410e-02,8.924510599951561929e+00,4.816864369340416729e+00,8.491914622309584715e+00,1.504930426936425647e+00,8.869458263617769234e+00,2.500000000000000000e+00
7.611275930305559656e-02,8.924517849208758236e+00,4.809688462067463810e+00,8.496322034739733908e+00,1.504785519658980775e+00,8.869465516052091658e+00,2.500000000000000000e+00
7.631275930305551902e-02,8.924524721779709679e+00,4.802526972107553860e+00,8.500601187394970282e+00,1.504648145033797846e+00,8.869472391706711534e+00,2.500000000000000000e+00
7.651275930305544148e-02,8.924531246893494085e+00,4.795379966436203567e+00,8.504758657345044881e+00,1.504517718596162013e+00,8.869478919817728624e+00,2.500000000000000000e+00
7.671275930305536395e-02,8.924537450740599454e+00,4.788247503488253898e+00,8.508800518608071073e+00,1.504393716635831879e+00,8.869485126581945877e+00,2.500000000000000000e+00
7.691275930305528641e-02,8.924543356866664112e+00,4.781129634099171355e+00,8.512732393701487155e+00,1.504275668322634374e+00,8.869491035550639779e+00,2.500000000000000000e+00
7.711275930305520887e-02,8.924548986507074844e+00,4.774026402347345766e+00,8.516559498588861743e+00,1.504163149022133439e+00,8.869496667964313019e+00,2.500000000000000000e+00
7.731275930305513133e-02,8.924554358870338433e+00,4.766937846273121338e+00,8.520286682031702696e+00,1.504055774629250664e+00,8.869502043036076699e+00,2.500000000000000000e+00
7.751275930305505379e-02,8.924559491379104870e+00,4.759863998488990333e+00,8.523918460184640722e+00,1.503953196741576903e+00,8.869507178192787222e+00,2.500000000000000000e+00
7.771275930305497626e-02,8.924564399879002963e+00,4.752804886743799528e+00,8.527459047108234103e+00,1.503855098499570886e+00,8.869512089283851708e+00,2.500000000000000000e+00
7.791275930305489872e-02,8.924569098815879897e+00,4.745760534377830631e+00,8.530912381790690446e+00,1.503761191027024324e+00,8.869516790758618541e+00,2.500000000000000000e+00
7.811275930305482118e-02,8.924573601391340816e+00,4.738730960767046696e+00,8.534282152137659949e+00,1.503671210328320740e+00,8.869521295821838791e+00,2.500000000000000000e+00
7.831275930305474364e-02,8.924577919696000450e+00,4.731716181672338983e+00,8.537571816355436383e+00,1.503584914620660129e+00,8.869525616567056403e+00,2.500000000000000000e+00
7.851275930305466610e-02,8.924582064827079719e+00,4.724716209576616421e+00,8.540784622051127428e+00,1.503502081993701722e+00,8.869529764094142621e+00,2.500000000000000000e+00
7.871275930305458857e-02,8.924586046990066635e+00,4.717731053984477008e+00,8.543923623345996532e+00,1.503422508360245047e+00,8.869533748611038604e+00,2.500000000000000000e+00
7.891275930305451103e-02,8.924589875588392118e+00,4.710760721674611240e+00,8.546991696253041226e+00,1.503346005672938190e+00,8.869537579523433024e+00,2.500000000000000000e+00
7.911275930305443349e-02,8.924593559302143930e+00,4.703805216925753818e+00,8.549991552527373528e+00,1.503272400354262572e+00,8.869541265513504413e+00,2.500000000000000000e+00
7.931275930305435595e-02,8.924597106157861504e+00,4.696864541738813514e+00,8.552925752165823070e+00,1.503201531887953024e+00,8.869544814609723105e+00,2.500000000000000000e+00
7.951275930305427841e-02,8.924600523589811374e+00,4.689938696014088748e+00,8.555796714719813068e+00,1.503133251605277110e+00,8.869548234248130214e+00,2.500000000000000000e+00
7.971275930305420088e-02,8.924603818495064900e+00,4.683027677725759119e+00,8.558606729553739356e+00,1.503067421582272800e+00,8.869551531327477534e+00,2.500000000000000000e+00
7.991275930305412334e-02,8.924606997281280485e+00,4.676131483074322581e+00,8.561357965163521655e+00,1.503003913676138836e+00,8.869554712256944029e+00,2.500000000000000000e+00
8.011275930305404580e-02,8.924610065910641765e+00,4.669250106617712781e+00,8.564052477668896657e+00,1.502942608651892442e+00,8.869557783000146856e+00,2.500000000000000000e+00
8.031275930305396826e-02,8.924613029938875286e+00,4.662383541407554510e+00,8.566692218550317151e+00,1.502883395411117817e+00,8.869560749114167919e+00,2.500000000000000000e+00
8.051275930305389072e-02,8.924615894548857398e+00,4.655531779094475908e+00,8.569279041725977208e+00,1.502826170300522790e+00,8.869563615783102151e+00,2.500000000000000000e+00
8.071275930305381319e-02,8.924618664582880001e+00,4.648694810027439672e+00,8.571814710033132556e+00,1.502770836485751715e+00,8.869566387850431610e+00,2.500000000000000000e+00
8.091275930305373565e-02,8.924621344570192960e+00,4.641872623360740135e+00,8.574300901162731137e+00,1.502717303391364112e+00,8.869569069846491516e+00,2.500000000000000000e+00
8.111275930305365811e-02,8.924623938752064944e+00,4.635065207128524989e+00,8.576739213119399352e+00,1.502665486194700861e+00,8.869571666013554179e+00,2.500000000000000000e+00
8.131275930305358057e-02,8.924626451105410752e+00,4.628272548340876646e+00,8.579131169237770749e+00,1.502615305364997766e+00,8.869574180329511393e+00,2.500000000000000000e+00
8.151275930305350303e-02,8.924628885362322350e+00,4.621494633029348265e+00,8.581478222809145961e+00,1.502566686269119600e+00,8.869576616527346857e+00,2.500000000000000000e+00
8.171275930305342550e-02,8.924631245029674531e+00,4.614731446335556875e+00,8.583781761349381867e+00,1.502519558770018193e+00,8.869578978114775580e+00,2.500000000000000000e+00
8.191275930305334796e-02,8.924633533405915031e+00,4.607982972563772428e+00,8.586043110537129763e+00,1.502473856907272420e+00,8.869581268391051765e+00,2.500000000000000000e+00
8.211275930305327042e-02,8.924635753596433574e+00,4.601249195237844702e+00,8.588263537865788777e+00,1.502429518576491319e+00,8.869583490462305875e+00,2.500000000000000000e+00
8.231275930305319288e-02,8.924637908527600416e+00,4.594530097154109427e+00,8.590444256017942593e+00,1.502386485253737192e+00,8.869585647255622263e+00,2.500000000000000000e+00
8.251275930305311535e-02,8.924640000959971786e+00,4.587825660431575692e+00,8.592586426001357580e+00,1.502344701731999521e+00,8.869587741532205527e+00,2.500000000000000000e+00
8.271275930305303781e-02,8.924642033499599947e+00,4.581135866550662961e+00,8.594691160058914647e+00,1.502304115893366543e+00,8.869589775898747419e+00,2.500000000000000000e+00
8.291275930305296027e-02,8.924644008608956014e+00,4.574460696398390702e+00,8.596759524374116168e+00,1.502264678490519145e+00,8.869591752818330121e+00,2.500000000000000000e+00
8.311275930305288273e-02,8.924645928617133350e+00,4.567800130305527340e+00,8.598792541590121630e+00,1.502226342945505166e+00,8.869593674620590562e+00,2.500000000000000000e+00
8.331275930305280519e-02,8.924647795728384736e+00,4.561154148082784410e+00,8.600791193154424974e+00,1.502189065177162774e+00,8.869595543510319757e+00,2.500000000000000000e+00
8.351275930305272766e-02,8.924649612030668422e+00,4.554522729051434737e+00,8.602756421510688867e+00,1.502152803427861727e+00,8.869597361575976890e+00,2.500000000000000000e+00
8.371275930305265012e-02,8.924651379503290016e+00,4.547905852075813549e+00,8.604689132140558527e+00,1.502117518111617755e+00,8.869599130797356068e+00,2.500000000000000000e+00
8.391275930305257258e-02,8.924653100023999031e+00,4.541303495588781658e+00,8.606590195475362748e+00,1.502083171677895734e+00,8.869600853052652667e+00,2.500000000000000000e+00
8.411275930305249504e-02,8.924654775375504556e+00,4.534715637626566043e+00,8.608460448681892530e+00,1.502049728474958101e+00,8.869602530125012763e+00,2.500000000000000000e+00
8.431275930305241750e-02,8.924656407251212897e+00,4.528142255845094333e+00,8.610300697336684905e+00,1.502017154632994789e+00,8.869604163708252997e+00,2.500000000000000000e+00
8.451275930305233997e-02,8.924657997261139286e+00,4.521583327546858655e+00,8.612111716995611843e+00,1.501985417955893354e+00,8.869605755412779402e+00,2.500000000000000000e+00
8.471275930305226243e-02,8.924659546936789312e+00,4.515038829697901157e+00,8.613894254665463990e+00,1.501954487815964967e+00,8.869607306770468824e+00,2.500000000000000000e+00
8.491275930305218489e-02,8.924661057736065217e+00,4.508508738954032147e+00,8.615649030185821289e+00,1.501924335055264237e+00,8.869608819239577002e+00,2.500000000000000000e+00
8.511275930305210735e-02,8.924662531047539815e+00,4.501993031681970514e+00,8.617376737526193153e+00,1.501894931902370445e+00,8.869610294209023138e+00,2.500000000000000000e+00
8.531275930305202981e-02,8.924663968194634478e+00,4.495491683962693941e+00,8.619078046010244520e+00,1.501866251890987769e+00,8.869611733002539466e+00,2.500000000000000000e+00
8.551275930305195228e-02,8.924665370439580414e+00,4.489004671628920917e+00,8.620753601462556759e+00,1.501838269778090762e+00,8.869613136882666282e+00,2.500000000000000000e+00
8.571275930305187474e-02,8.924666738986593018e+00,4.482531970262705556e+00,8.622404027293089968e+00,1.501810961480259721e+00,8.869614507053920960e+00,2.500000000000000000e+00
8.591275930305179720e-02,8.924668074985561361e+00,4.476073555222095379e+00,8.624029925517143980e+00,1.501784304002512727e+00,8.869615844666462579e+00,2.500000000000000000e+00
8.611275930305171966e-02,8.924669379534693192e+00,4.469629401648442801e+00,8.625631877718602070e+00,1.501758275379870611e+00,8.869617150818781326e+00,2.500000000000000000e+00
8.631275930305164212e-02,8.924670653683749677e+00,4.463199484485619095e+00,8.627210445958759522e+00,1.501732854616193436e+00,8.869618426560878177e+00,2.500000000000000000e+00
8.651275930305156459e-02,8.924671898436621120e+00,4.456783778478902391e+00,8.628766173636570613e+00,1.501708021638478385e+00,8.869619672896901008e+00,2.500000000000000000e+00
8.671275930305148705e-02,8.924673114753604253e+00,4.450382258202219887e+00,8.630299586298139758e+00,1.501683757237742611e+00,8.869620890787381029e+00,2.500000000000000000e+00
8.691275930305140951e-02,8.924674303554162691e+00,4.443994898067106902e+00,8.631811192404892807e+00,1.501660043028323344e+00,8.869622081151995019e+00,2.500000000000000000e+00
8.711275930305133197e-02,8.924675465718562961e+00,4.437621672323614597e+00,8.633301484061439268e+00,1.501636861403085277e+00,8.869623244871247536e+00,2.500000000000000000e+00
8.731275930305125443e-02,8.924676602090606536e+00,4.431262555072153830e+00,8.634770937705299687e+00,1.501614195491583814e+00,8.869624382789133676e+00,2.500000000000000000e+00
8.751275930305117690e-02,8.924677713478681440e+00,4.424917520280724048e+00,8.636220014756103680e+00,1.501592029119819927e+00,8.869625495714245744e+00,2.500000000000000000e+00
8.771275930305109936e-02,8.924678800658448097e+00,4.418586541788497968e+00,8.637649162236170852e+00,1.501570346779999454e+00,8.869626584422420024e+00,2.500000000000000000e+00
8.791275930305102182e-02,8.924679864373800342e+00,4.412269593313734362e+00,8.639058813357051392e+00,1.501549133592789076e+00,8.869627649657756407e+00,2.500000000000000000e+00
8.811275930305094428e-02,8.924680905339053893e+00,4.405966648458837120e+00,8.640449388078359050e+00,1.501528375273665006e+00,8.869628692134732262e+00,2.500000000000000000e+00
8.831275930305086674e-02,8.924681924239937558e+00,4.399677680728721008e+00,8.641821293634009749e+00,1.501508058107901888e+00,8.869629712539259359e+00,2.500000000000000000e+00
8.851275930305078921e-02,8.924682921735069385e+00,4.393402663519583307e+00,8.643174925039089018e+00,1.501488168921014221e+00,8.869630711530106737e+00,2.500000000000000000e+00
8.871275930305071167e-02,8.924683898457928422e+00,4.387141570148900271e+00,8.644510665564958174e+00,1.501468695051016766e+00,8.869631689740915093e+00,2.500000000000000000e+00
8.891275930305063413e-02,8.924684855016968399e+00,4.380894373835906741e+00,8.645828887197689383e+00,1.501449624322276577e+00,8.869632647780289147e+00,2.500000000000000000e+00
8.911275930305055659e-02,8.924685791997669426e+00,4.374661047730491248e+00,8.647129951068466269e+00,1.501430945028232600e+00,8.869633586233856448e+00,2.500000000000000000e+00
8.931275930305047905e-02,8.924686709963339126e+00,4.368441564904426144e+00,8.648414207868315273e+00,1.501412645903201337e+00,8.869634505665059621e+00,2.500000000000000000e+00
8.951275930305040152e-02,8.924687609456013249e+00,4.362235898356264130e+00,8.649681998241556258e+00,1.501394716105323823e+00,8.869635406616074746e+00,2.500000000000000000e+00
8.971275930305032398e-02,8.924688490998155643e+00,4.356044021040539782e+00,8.650933653157897751e+00,1.501377145189735529e+00,8.869636289609500679e+00,2.500000000000000000e+00
8.991275930305024644e-02,8.924689355092199960e+00,4.349865905835020641e+00,8.652169494272749617e+00,1.501359923104701011e+00,8.869637155147882979e+00,2.500000000000000000e+00
9.011275930305016890e-02,8.924690202222702595e+00,4.343701525570376809e+00,8.653389834268590874e+00,1.501343040160008968e+00,8.869638003715913044e+00,2.500000000000000000e+00
9.031275930305009136e-02,8.924691032856708617e+00,4.337550853028549369e+00,8.654594977179179693e+00,1.501326487014466693e+00,8.869638835780751407e+00,2.500000000000000000e+00
9.051275930305001383e-02,8.924691847444464088e+00,4.331413860947082917e+00,8.655785218701153028e+00,1.501310254665213506e+00,8.869639651792741830e+00,2.500000000000000000e+00
9.071275930304993629e-02,8.924692646420307796e+00,4.325290522022721795e+00,8.656960846491486450e+00,1.501294334425665511e+00,8.869640452186361657e+00,2.500000000000000000e+00
9.091275930304985875e-02,8.924693430203125999e+00,4.319180808912259195e+00,8.658122140451652626e+00,1.501278717917102767e+00,8.869641237380578858e+00,2.500000000000000000e+00
9.111275930304978121e-02,8.924694199197466205e+00,4.313084694244904149e+00,8.659269372998874559e+00,1.501263397050024651e+00,8.869642007780049298e+00,2.500000000000000000e+00
9.131275930304970367e-02,8.924694953793594010e+00,4.307002150617032399e+00,8.660402809326026130e+00,1.501248364018010761e+00,8.869642763775139827e+00,2.500000000000000000e+00
9.151275930304962614e-02,8.924695694368637078e+00,4.300933150597463062e+00,8.661522707651075237e+00,1.501233611280440527e+00,8.869643505743079359e+00,2.500000000000000000e+00
9.171275930304954860e-02,8.924696421286766324e+00,4.294877666734895350e+00,8.662629319454493881e+00,1.501219131554307751e+00,8.869644234048127629e+00,2.500000000000000000e+00
9.191275930304947106e-02,8.924697134899961526e+00,4.288835671559279028e+00,8.663722889707353048e+00,1.501204917799441318e+00,8.869644949042344351e+00,2.500000000000000000e+00
9.211275930304939352e-02,8.924697835548212055e+00,4.282807137574324408e+00,8.664803657090791589e+00,1.501190963215549345e+00,8.869645651065816594e+00,2.500000000000000000e+00
9.231275930304931598e-02,8.924698523560682162e+00,4.276792037280590542e+00,8.665871854204798552e+00,1.501177261222437664e+00,8.869646340447793875e+00,2.500000000000000000e+00
9.251275930304923845e-02,8.924699199255101689e+00,4.270790343161458225e+00,8.666927707767877465e+00,1.501163805460919320e+00,8.869647017506087749e+00,2.500000000000000000e+00
9.271275930304916091e-02,8.924699862939460715e+00,4.264802027691376729e+00,8.667971438812282159e+00,1.501150589777125788e+00,8.869647682548764678e+00,2.500000000000000000e+00
9.291275930304908337e-02,8.924700514911236837e+00,4.258827063334170049e+00,8.669003262867304827e+00,1.501137608218186870e+00,8.869648335873362655e+00,2.500000000000000000e+00
9.311275930304900583e-02,8.924701155458730994e+00,4.252865422552794428e+00,8.670023390137208352e+00,1.501124855019043025e+00,8.869648977768289200e+00,2.500000000000000000e+00
9.331275930304892829e-02,8.924701784860969767e+00,4.246917077813272101e+00,8.671032025669918042e+00,1.501112324600399006e+00,8.869649608512622407e+00,2.500000000000000000e+00
9.351275930304885076e-02,8.924702403387939853e+00,4.240982001570712256e+00,8.672029369523299280e+00,1.501100011560765779e+00,8.869650228376420031e+00,2.500000000000000000e+00
9.371275930304877322e-02,8.924703011301456712e+00,4.235060166289722261e+00,8.673015616920855209e+00,1.501087910665773961e+00,8.869650837621579242e+00,2.500000000000000000e+00
9.391275930304869568e-02,8.924703608854995807e+00,4.229151544437087296e+00,8.673990958402750806e+00,1.501076016845445338e+00,8.869651436501627018e+00,2.500000000000000000e+00
9.411275930304861814e-02,8.924704196294266367e+00,4.223256108479437110e+00,8.674955579972342790e+00,1.501064325187144277e+00,8.869652025262341866e+00,2.500000000000000000e+00
9.431275930304854060e-02,8.924704773857465412e+00,4.217373830900580600e+00,8.675909663234030234e+00,1.501052830926028037e+00,8.869652604141995411e+00,2.500000000000000000e+00
9.451275930304846307e-02,8.924705341775453604e+00,4.211504684187292291e+00,8.676853385529037510e+00,1.501041529444592015e+00,8.869653173371476740e+00,2.500000000000000000e+00
9.471275930304838553e-02,8.924705900272133619e+00,4.205648640835852881e+00,8.677786920064805898e+00,1.501030416265848544e+00,8.869653733174784449e+00,2.500000000000000000e+00
9.491275930304830799e-02,8.924706449564819621e+00,4.199805673357984048e+00,8.678710436038750586e+00,1.501019487045368805e+00,8.869654283769270009e+00,2.500000000000000000e+00
9.511275930304823045e-02,8.924706989864093387e+00,4.193975754278362444e+00,8.679624098758591089e+00,1.501008737565371121e+00,8.869654825365575590e+00,2.500000000000000000e+00
9.531275930304815291e-02,8.924707521374676489e+00,4.188158856138460173e+00,8.680528069757068366e+00,1.500998163740860036e+00,8.869655358168481385e+00,2.500000000000000000e+00
9.551275930304807538e-02,8.924708044294906273e+00,4.182354951494956730e+00,8.681422506904567626e+00,1.500987761599390069e+00,8.869655882376367373e+00,2.500000000000000000e+00
9.571275930304799784e-02,8.924708558817533444e+00,4.176564012920156443e+00,8.682307564515548748e+00,1.500977527287432167e+00,8.869656398182044654e+00,2.500000000000000000e+00
9.591275930304792030e-02,8.924709065129709629e+00,4.170786013008651594e+00,8.683183393451546550e+00,1.500967457062643007e+00,8.869656905772716371e+00,2.500000000000000000e+00
9.611275930304784276e-02,8.924709563413166791e+00,4.165020924377583533e+00,8.684050141221408836e+00,1.500957547289772265e+00,8.869657405330160671e+00,2.500000000000000000e+00
9.631275930304776522e-02,8.924710053844444602e+00,4.159268719658067326e+00,8.684907952077182358e+00,1.500947794438843630e+00,8.869657897030959859e+00,2.500000000000000000e+00
9.651275930304768769e-02,8.924710536595121368e+00,4.153529371508561496e+00,8.685756967106891935e+00,1.500938195079697834e+00,8.869658381046747309e+00,2.500000000000000000e+00
9.671275930304761015e-02,8.924711011831908181e+00,4.147802852613581059e+00,8.686597324323807712e+00,1.500928745874944070e+00,8.869658857544269637e+00,2.500000000000000000e+00
9.691275930304753261e-02,8.924711479716895823e+00,4.142089135679745127e+00,8.687429158752456360e+00,1.500919443587463320e+00,8.869659326685672696e+00,2.500000000000000000e+00
9.711275930304745507e-02,8.924711940407535238e+00,4.136388193443333527e+00,8.688252602512527289e+00,1.500910285063355332e+00,8.869659788628446506e+00,2.500000000000000000e+00
9.731275930304737753e-02,8.924712394057161546e+00,4.130699998658866612e+00,8.689067784900103675e+00,1.500901267241943060e+00,8.869660243525967047e+00,2.500000000000000000e+00
9.751275930304730000e-02,8.924712840814581938e+00,4.125024524114865088e+00,8.689874832463804211e+00,1.500892387142357620e+00,8.869660691527082363e+00,2.500000000000000000e+00
9.771275930304722246e-02,8.924713280824960293e+00,4.119361742628859346e+00,8.690673869080729474e+00,1.500883641863765661e+00,8.869661132776991863e+00,2.500000000000000000e+00
9.791275930304714492e-02,8.924713714229154604e+00,4.113711627047385910e+00,8.691465016028670831e+00,1.500875028591053706e+00,8.869661567416605052e+00,2.500000000000000000e+00
9.811275930304706738e-02,8.924714141164303172e+00,4.108074150242924105e+00,8.692248392057374318e+00,1.500866544576638262e+00,8.869661995583093983e+00,2.500000000000000000e+00
9.831275930304698984e-02,8.924714561764124809e+00,4.102449285128612289e+00,8.693024113454601576e+00,1.500858187149106016e+00,8.869662417410207667e+00,2.500000000000000000e+00
9.851275930304691231e-02,8.924714976158611535e+00,4.096837004639494850e+00,8.693792294113423580e+00,1.500849953712986462e+00,8.869662833027982529e+00,2.500000000000000000e+00
9.871275930304683477e-02,8.924715384474154689e+00,4.091237281746996857e+00,8.694553045594787477e+00,1.500841841733063120e+00,8.869663242562845440e+00,2.500000000000000000e+00
9.891275930304675723e-02,8.924715786834154230e+00,4.085650089455248768e+00,8.695306477189038930e+00,1.500833848748243327e+00,8.869663646138221225e+00,2.500000000000000000e+00
9.911275930304667969e-02,8.924716183358539112e+00,4.080075400803766961e+00,8.696052695975254210e+00,1.500825972355187332e+00,8.869664043874088577e+00,2.500000000000000000e+00
9.931275930304660216e-02,8.924716574164325067e+00,4.074513188863582158e+00,8.696791806879486941e+00,1.500818210216266380e+00,8.869664435887477438e+00,2.500000000000000000e+00
9.951275930304652462e-02,8.924716959365332158e+00,4.068963426749729884e+00,8.697523912727890050e+00,1.500810560054333109e+00,8.869664822292261164e+00,2.500000000000000000e+00
9.971275930304644708e-02,8.924717339072580913e+00,4.063426087598073444e+00,8.698249114304807961e+00,1.500803019650220449e+00,8.869665203199483372e+00,2.500000000000000000e+00
9.991275930304636954e-02,8.924717713394251462e+00,4.057901144595129850e+00,8.698967510401184100e+00,1.500795586839558382e+00,8.869665578717352616e+00,2.500000000000000000e+00
1.001127593030462920e-01,8.924718082435830979e+00,4.052388570955195668e+00,8.699679197866828417e+00,1.500788259516184553e+00,8.869665948951386270e+00,2.500000000000000000e+00
1.003127593030462145e-01,8.924718446299849006e+00,4.046888339930799106e+00,8.700384271659748592e+00,1.500781035622139825e+00,8.869666314004144070e+00,2.500000000000000000e+00
1.005127593030461369e-01,8.924718805086810036e+00,4.041400424820025705e+00,8.701082824891933853e+00,1.500773913154944239e+00,8.869666673976169591e+00,2.500000000000000000e+00
1.007127593030460594e-01,8.924719158894291127e+00,4.035924798950373038e+00,8.701774948877144311e+00,1.500766890159638933e+00,8.869667028965054101e+00,2.500000000000000000e+00
1.009127593030459819e-01,8.924719507817652442e+00,4.030461435694000727e+00,8.702460733174421037e+00,1.500759964731059881e+00,8.869667379066198620e+00,2.500000000000000000e+00
1.011127593030459043e-01,8.924719851949811655e+00,4.025010308458909059e+00,8.703140265631773786e+00,1.500753135010427286e+00,8.869667724372545692e+00,2.500000000000000000e+00
1.013127593030458268e-01,8.924720191381423362e+00,4.019571390692949109e+00,8.703813632428184732e+00,1.500746399184208713e+00,8.869668064974769450e+00,2.500000000000000000e+00
1.015127593030457492e-01,8.924720526201083359e+00,4.014144655887859514e+00,8.704480918113597809e+00,1.500739755483436966e+00,8.869668400961495891e+00,2.500000000000000000e+00
1.017127593030456717e-01,8.924720856494962717e+00,4.008730077570288763e+00,8.705142205649593734e+00,1.500733202178707870e+00,8.869668732418922730e+00,2.500000000000000000e+00
1.019127593030455942e-01,8.924721182347500559e+00,4.003327629311039360e+00,8.705797576446444808e+00,1.500726737588138349e+00,8.869669059431524616e+00,2.500000000000000000e+00
1.021127593030455166e-01,8.924721503840876480e+00,3.997937284721217566e+00,8.706447110400866052e+00,1.500720360064406123e+00,8.869669382081482922e+00,2.500000000000000000e+00
1.023127593030454391e-01,8.924721821055454640e+00,3.992559017458477744e+00,8.707090885931510371e+00,1.500714068002025670e+00,8.869669700449202665e+00,2.500000000000000000e+00
1.025127593030453615e-01,8.924722134069593693e+00,3.987192801214061166e+00,8.707728980015172482e+00,1.500707859834847113e+00,8.869670014613072695e+00,2.500000000000000000e+00
1.027127593030452840e-01,8.924722442959923896e+00,3.981838609724607458e+00,8.708361468220212842e+00,1.500701734028098144e+00,8.869670324649733928e+00,2.500000000000000000e+00
1.029127593030452065e-01,8.924722747801139278e+00,3.976496416779287557e+00,8.708988424737521328e+00,1.500695689088843210e+00,8.869670630633903485e+00,2.500000000000000000e+00
1.031127593030451289e-01,8.924723048666331593e+00,3.971166196195910381e+00,8.709609922416493788e+00,1.500689723556888566e+00,8.869670932638708649e+00,2.500000000000000000e+00
1.033127593030450514e-01,8.924723345626922821e+00,3.965847921841894497e+00,8.710226032793446649e+00,1.500683836004100158e+00,8.869671230735578504e+00,2.500000000000000000e+00
1.035127593030449739e-01,8.924723638752414701e+00,3.960541567626828297e+00,8.710836826122426046e+00,1.500678025037132102e+00,8.869671524994046763e+00,2.500000000000000000e+00
1.037127593030448963e-01,8.924723928111179205e+00,3.955247107504935578e+00,8.711442371405087925e+00,1.500672289293561334e+00,8.869671815482494281e+00,2.500000000000000000e+00
1.039127593030448188e-01,8.924724213769586356e+00,3.949964515470860249e+00,8.712042736418890598e+00,1.500666627442114986e+00,8.869672102267324831e+00,2.500000000000000000e+00
1.041127593030447412e-01,8.924724495792835555e+00,3.944693765573153321e+00,8.712637987744074053e+00,1.500661038182215634e+00,8.869672385413764459e+00,2.500000000000000000e+00
1.043127593030446637e-01,8.924724774244483072e+00,3.939434831894834677e+00,8.713228190792454697e+00,1.500655520242617058e+00,8.869672664985372990e+00,2.500000000000000000e+00
1.045127593030445862e-01,8.924725049186720938e+00,3.934187688569964259e+00,8.713813409832379620e+00,1.500650072378221012e+00,8.869672941044369097e+00,2.500000000000000000e+00
1.047127593030445086e-01,8.924725320680206408e+00,3.928952309770425977e+00,8.714393708014975815e+00,1.500644693374852068e+00,8.869673213651433130e+00,2.500000000000000000e+00
1.049127593030444311e-01,8.924725588784557573e+00,3.923728669720972562e+00,8.714969147398258897e+00,1.500639382043573278e+00,8.869673482866202718e+00,2.500000000000000000e+00
1.051127593030443536e-01,8.924725853557770705e+00,3.918516742689582610e+00,8.715539788971581103e+00,1.500634137222050413e+00,8.869673748746690123e+00,2.500000000000000000e+00
1.053127593030442760e-01,8.924726115056751397e+00,3.913316502983211986e+00,8.716105692680130801e+00,1.500628957773869843e+00,8.869674011349820475e+00,2.500000000000000000e+00
1.055127593030441985e-01,8.924726373337076524e+00,3.908127924962101485e+00,8.716666917445937912e+00,1.500623842586946921e+00,8.869674270731181309e+00,2.500000000000000000e+00
1.057127593030441209e-01,8.924726628453271360e+00,3.902950983032245524e+00,8.717223521191646896e+00,1.500618790573298611e+00,8.869674526945333426e+00,2.500000000000000000e+00
1.059127593030440434e-01,8.924726880458516476e+00,3.897785651642141413e+00,8.717775560861404927e+00,1.500613800668588738e+00,8.869674780045457396e+00,2.500000000000000000e+00
1.061127593030439659e-01,8.924727129404681492e+00,3.892631905286984662e+00,8.718323092442593847e+00,1.500608871830081625e+00,8.869675030083454814e+00,2.500000000000000000e+00
1.063127593030438883e-01,8.924727375342978775e+00,3.887489718508738257e+00,8.718866170985755559e+00,1.500604003040507450e+00,8.869675277110548706e+00,2.500000000000000000e+00
1.065127593030438108e-01,8.924727618323307965e+00,3.882359065897693640e+00,8.719404850625181780e+00,1.500599193302605272e+00,8.869675521176656474e+00,2.500000000000000000e+00
1.067127593030437332e-01,8.924727858394357227e+00,3.877239922088075552e+00,8.719939184597533810e+00,1.500594441638440912e+00,8.869675762330478719e+00,2.500000000000000000e+00
1.069127593030436557e-01,8.924728095603930100e+00,3.872132261761203065e+00,8.720469225261934909e+00,1.500589747093044934e+00,8.869676000619842071e+00,2.500000000000000000e+00
1.071127593030435782e-01,8.924728329998854903e+00,3.867036059646471013e+00,8.720995024117549121e+00,1.500585108731002038e+00,8.869676236091585508e+00,2.500000000000000000e+00
1.073127593030435006e-01,8.924728561625004275e+00,3.861951290521152824e+00,8.721516631821948806e+00,1.500580525637360552e+00,8.869676468791601209e+00,2.500000000000000000e+00
1.075127593030434231e-01,8.924728790527176159e+00,3.856877929205908107e+00,8.722034098208697017e+00,1.500575996912857590e+00,8.869676698764704881e+00,2.500000000000000000e+00
1.077127593030433456e-01,8.924729016749255450e+00,3.851815950575922631e+00,8.722547472304212235e+00,1.500571521679830767e+00,8.869676926054795629e+00,2.500000000000000000e+00
1.079127593030432680e-01,8.924729240334331237e+00,3.846765329538585743e+00,8.723056802345325877e+00,1.500567099079489708e+00,8.869677150704974977e+00,2.500000000000000000e+00
1.081127593030431905e-01,8.924729461324536928e+00,3.841726041063174613e+00,8.723562135794134420e+00,1.500562728267595958e+00,8.869677372757394096e+00,2.500000000000000000e+00
1.083127593030431129e-01,8.924729679761178147e+00,3.836698060162484492e+00,8.724063519354476881e+00,1.500558408419010448e+00,8.869677592253367493e+00,2.500000000000000000e+00
1.085127593030430354e-01,8.924729895684649250e+00,3.831681361895322713e+00,8.724560998987739069e+00,1.500554138725647135e+00,8.869677809233314392e+00,2.500000000000000000e+00
1.087127593030429579e-01,8.924730109134651812e+00,3.826675921367573618e+00,8.725054619927545829e+00,1.500549918393517146e+00,8.869678023736941697e+00,2.500000000000000000e+00
1.089127593030428803e-01,8.924730320149926399e+00,3.821681713736345465e+00,8.725544426694197497e+00,1.500545746647503620e+00,8.869678235803014843e+00,2.500000000000000000e+00
1.091127593030428028e-01,8.924730528768677118e+00,3.816698714203246467e+00,8.726030463109577084e+00,1.500541622727951108e+00,8.869678445469743266e+00,2.500000000000000000e+00
1.093127593030427253e-01,8.924730735027903705e+00,3.811726898014880405e+00,8.726512772310968558e+00,1.500537545886572843e+00,8.869678652774133809e+00,2.500000000000000000e+00
1.095127593030426477e-01,8.924730938964511751e+00,3.806766240472158280e+00,8.726991396764420372e+00,1.500533515394863571e+00,8.869678857753125811e+00,2.500000000000000000e+00
1.097127593030425702e-01,8.924731140614028391e+00,3.801816716919953265e+00,8.727466378277975778e+00,1.500529530535231970e+00,8.869679060442242857e+00,2.500000000000000000e+00
1.099127593030424926e-01,8.924731340011831549e+00,3.796878302753621259e+00,8.727937758015164249e+00,1.500525590604866011e+00,8.869679260876889515e+00,2.500000000000000000e+00
1.101127593030424151e-01,8.924731537192165831e+00,3.791950973413776627e+00,8.728405576507048735e+00,1.500521694916415072e+00,8.869679459091306839e+00,2.500000000000000000e+00
1.103127593030423376e-01,8.924731732188933009e+00,3.787034704389902195e+00,8.728869873665336954e+00,1.500517842794579337e+00,8.869679655119430350e+00,2.500000000000000000e+00
1.105127593030422600e-01,8.924731925035118252e+00,3.782129471218962369e+00,8.729330688793712767e+00,1.500514033577246664e+00,8.869679848994238114e+00,2.500000000000000000e+00
1.107127593030421825e-01,8.924732115763298168e+00,3.777235249487604918e+00,8.729788060600016664e+00,1.500510266615492583e+00,8.869680040748329830e+00,2.500000000000000000e+00
1.109127593030421050e-01,8.924732304405171845e+00,3.772352014829141620e+00,8.730242027207591349e+00,1.500506541272216054e+00,8.869680230413413469e+00,2.500000000000000000e+00
1.111127593030420274e-01,8.924732490992179024e+00,3.767479742926620467e+00,8.730692626166824510e+00,1.500502856923276340e+00,8.869680418020951862e+00,2.500000000000000000e+00
1.113127593030419499e-01,8.924732675554762906e+00,3.762618409508867057e+00,8.731139894465384188e+00,1.500499212956583506e+00,8.869680603601377555e+00,2.500000000000000000e+00
1.115127593030418723e-01,8.924732858123149981e+00,3.757767990357151255e+00,8.731583868539948057e+00,1.500495608769824685e+00,8.869680787184956117e+00,2.500000000000000000e+00
1.117127593030417948e-01,8.924733038726687440e+00,3.752928461295315099e+00,8.732024584285772661e+00,1.500492043775466300e+00,8.869680968801025855e+00,2.500000000000000000e+00
1.119127593030417173e-01,8.924733217394370755e+00,3.748099798199985511e+00,8.732462077067419060e+00,1.500488517393023358e+00,8.869681148478600008e+00,2.500000000000000000e+00
1.121127593030416397e-01,8.924733394154539923e+00,3.743281976988841464e+00,8.732896381728943780e+00,1.500485029057472275e+00,8.869681326246032782e+00,2.500000000000000000e+00
1.123127593030415622e-01,8.924733569035071312e+00,3.738474973638898913e+00,8.733327532602675802e+00,1.500481578209701183e+00,8.869681502131214756e+00,2.500000000000000000e+00
1.125127593030414846e-01,8.924733742063301278e+00,3.733678764167087216e+00,8.733755563519778775e+00,1.500478164303103767e+00,8.869681676161487616e+00,2.500000000000000000e+00
1.127127593030414071e-01,8.924733913266162944e+00,3.728893324643968832e+00,8.734180507818905426e+00,1.500474786803806637e+00,8.869681848363800469e+00,2.500000000000000000e+00
1.129127593030413296e-01,8.924734082669868229e+00,3.724118631183496397e+00,8.734602398355999497e+00,1.500471445183165997e+00,8.869682018764374121e+00,2.500000000000000000e+00
1.131127593030412520e-01,8.924734250300209837e+00,3.719354659948229003e+00,8.735021267512534493e+00,1.500468138924134109e+00,8.869682187389010153e+00,2.500000000000000000e+00
1.133127593030411745e-01,8.924734416182730001e+00,3.714601387152814738e+00,8.735437147204399011e+00,1.500464867520122425e+00,8.869682354263265012e+00,2.500000000000000000e+00
1.135127593030410970e-01,8.924734580342320811e+00,3.709858789055104022e+00,8.735850068890803399e+00,1.500461630473637342e+00,8.869682519412037891e+00,2.500000000000000000e+00
1.137127593030410194e-01,8.924734742803364540e+00,3.705126841968844342e+00,8.736260063581442026e+00,1.500458427295370711e+00,8.869682682859721723e+00,2.500000000000000000e+00
1.139127593030409419e-01,8.924734903589902402e+00,3.700405522248041645e+00,8.736667161846446206e+00,1.500455257503745088e+00,8.869682844630375484e+00,2.500000000000000000e+00
1.141127593030408643e-01,8.924735062725510204e+00,3.695694806299497870e+00,8.737071393822576582e+00,1.500452120628551711e+00,8.869683004747578536e+00,2.500000000000000000e+00
1.143127593030407868e-01,8.924735220233349864e+00,3.690994670575582060e+00,8.737472789222263003e+00,1.500449016205266162e+00,8.869683163234503454e+00,2.500000000000000000e+00
1.145127593030407093e-01,8.924735376136265330e+00,3.686305091579140214e+00,8.737871377340441725e+00,1.500445943780505331e+00,8.869683320114006619e+00,2.500000000000000000e+00
1.147127593030406317e-01,8.924735530456587185e+00,3.681626045857335772e+00,8.738267187062541907e+00,1.500442902907707321e+00,8.869683475408427498e+00,2.500000000000000000e+00
1.149127593030405542e-01,8.924735683216137971e+00,3.676957510008743935e+00,8.738660246871065240e+00,1.500439893147358816e+00,8.869683629139595737e+00,2.500000000000000000e+00
1.151127593030404767e-01,8.924735834436662074e+00,3.672299460679498750e+00,8.739050584853725212e+00,1.500436914067904581e+00,8.869683781329273486e+00,2.500000000000000000e+00
1.153127593030403991e-01,8.924735984139232414e+00,3.667651874565946546e+00,8.739438228708980461e+00,1.500433965247111701e+00,8.869683931998538995e+00,2.500000000000000000e+00
1.155127593030403216e-01,8.924736132344566641e+00,3.663014728408546805e+00,8.739823205754316149e+00,1.500431046267749480e+00,8.869684081168113465e+00,2.500000000000000000e+00
1.157127593030402440e-01,8.924736279073323786e+00,3.658387998999374169e+00,8.740205542932249827e+00,1.500428156722136919e+00,8.869684228858670139e+00,2.500000000000000000e+00
1.159127593030401665e-01,8.924736424345379504e+00,3.653771663173794426e+00,8.740585266816818688e+00,1.500425296207822612e+00,8.869684375090098882e+00,2.500000000000000000e+00
1.161127593030400890e-01,8.924736568180726692e+00,3.649165697819487075e+00,8.740962403620169852e+00,1.500422464330313232e+00,8.869684519882405027e+00,2.500000000000000000e+00
1.163127593030400114e-01,8.924736710598544676e+00,3.644570079868674206e+00,8.741336979198734980e+00,1.500419660701481916e+00,8.869684663254762569e+00,2.500000000000000000e+00
1.165127593030399339e-01,8.924736851618034095e+00,3.639984786304282682e+00,8.741709019059204167e+00,1.500416884940477757e+00,8.869684805226391688e+00,2.500000000000000000e+00
1.167127593030398564e-01,8.924736991257919527e+00,3.635409794154651042e+00,8.742078548364888846e+00,1.500414136673043686e+00,8.869684945816015187e+00,2.500000000000000000e+00
1.169127593030397788e-01,8.924737129536657321e+00,3.630845080498682265e+00,8.742445591941118366e+00,1.500411415530379600e+00,8.869685085042116057e+00,2.500000000000000000e+00
1.171127593030397013e-01,8.924737266472273944e+00,3.626290622462185809e+00,8.742810174281286706e+00,1.500408721149142366e+00,8.869685222922711887e+00,2.500000000000000000e+00
1.173127593030396237e-01,8.924737402082682181e+00,3.621746397218255087e+00,8.743172319552602545e+00,1.500406053175538545e+00,8.869685359475738551e+00,2.500000000000000000e+00
1.175127593030395462e-01,8.924737536385205061e+00,3.617212381985396963e+00,8.743532051601452082e+00,1.500403411257821062e+00,8.869685494718526186e+00,2.500000000000000000e+00
1.177127593030394687e-01,8.924737669397252660e+00,3.612688554033947508e+00,8.743889393958630407e+00,1.500400795053792535e+00,8.869685628668477761e+00,2.500000000000000000e+00
1.179127593030393911e-01,8.924737801135744775e+00,3.608174890680218461e+00,8.744244369844876630e+00,1.500398204224438814e+00,8.869685761342541497e+00,2.500000000000000000e+00
1.181127593030393136e-01,8.924737931617126918e+00,3.603671369286166382e+00,8.744597002175995115e+00,1.500395638436657464e+00,8.869685892757159351e+00,2.500000000000000000e+00
1.183127593030392360e-01,8.924738060857880129e+00,3.599177967255931421e+00,8.744947313568555813e+00,1.500393097363712513e+00,8.869686022928823022e+00,2.500000000000000000e+00
1.185127593030391585e-01,8.924738188874179912e+00,3.594694662062308588e+00,8.745295326342779063e+00,1.500390580683415465e+00,8.869686151873718671e+00,2.500000000000000000e+00
1.187127593030390810e-01,8.924738315681716827e+00,3.590221431204307923e+00,8.745641062529848853e+00,1.500388088080171656e+00,8.869686279607545742e+00,2.500000000000000000e+00
1.189127593030390034e-01,8.924738441296245384e+00,3.585758252233718135e+00,8.745984543875929162e+00,1.500385619242706525e+00,8.869686406146067625e+00,2.500000000000000000e+00
1.191127593030389259e-01,8.924738565732827311e+00,3.581305102754784198e+00,8.746325791845874775e+00,1.500383173863838238e+00,8.869686531504351379e+00,2.500000000000000000e+00
1.193127593030388484e-01,8.924738689006707304e+00,3.576861960410914865e+00,8.746664827629357930e+00,1.500380751644343036e+00,8.869686655697655908e+00,2.500000000000000000e+00
1.195127593030387708e-01,8.924738811132733929e+00,3.572428802900008193e+00,8.747001672144090634e+00,1.500378352287953021e+00,8.869686778740819122e+00,2.500000000000000000e+00
1.197127593030386933e-01,8.924738932125313440e+00,3.568005607963617098e+00,8.747336346040754052e+00,1.500375975500674031e+00,8.869686900648275696e+00,2.500000000000000000e+00
1.199127593030386157e-01,8.924739051998862749e+00,3.563592353388954415e+00,8.747668869707490913e+00,1.500373620999425839e+00,8.869687021434444318e+00,2.500000000000000000e+00
1.201127593030385382e-01,8.924739170767576724e+00,3.559189017011813672e+00,8.747999263274110149e+00,1.500371288498399736e+00,8.869687141113525186e+00,2.500000000000000000e+00
1.203127593030384607e-01,8.924739288445215024e+00,3.554795576719136818e+00,8.748327546615255912e+00,1.500368977723383068e+00,8.869687259699290394e+00,2.500000000000000000e+00
1.205127593030383831e-01,8.924739405045599483e+00,3.550412010440715527e+00,8.748653739356138104e+00,1.500366688399708437e+00,8.869687377205563550e+00,2.500000000000000000e+00
1.207127593030383056e-01,8.924739520581944419e+00,3.546038296151542646e+00,8.748977860875209345e+00,1.500364420258620157e+00,8.869687493645564302e+00,2.500000000000000000e+00
1.209127593030382281e-01,8.924739635067751919e+00,3.541674411876614581e+00,8.749299930308971796e+00,1.500362173036364766e+00,8.869687609032819609e+00,2.500000000000000000e+00
1.211127593030381505e-01,8.924739748515834847e+00,3.537320335685270045e+00,8.749619966554986306e+00,1.500359946471917283e+00,8.869687723380126343e+00,2.500000000000000000e+00
1.213127593030380730e-01,8.924739860939203240e+00,3.532976045696568868e+00,8.749937988276338174e+00,1.500357740309709698e+00,8.869687836700514083e+00,2.500000000000000000e+00
1.215127593030379954e-01,8.924739972350263173e+00,3.528641520072569371e+00,8.750254013904861239e+00,1.500355554295992988e+00,8.869687949006399563e+00,2.500000000000000000e+00
1.217127593030379179e-01,8.924740082761545068e+00,3.524316737024536739e+00,8.750568061645072504e+00,1.500353388185203585e+00,8.869688060310314981e+00,2.500000000000000000e+00
1.219127593030378404e-01,8.924740192185286247e+00,3.520001674806632064e+00,8.750880149477778147e+00,1.500351241729958929e+00,8.869688170624508317e+00,2.500000000000000000e+00
1.221127593030377628e-01,8.924740300633532186e+00,3.515696311726208556e+00,8.751190295162738053e+00,1.500349114693108277e+00,8.869688279961025046e+00,2.500000000000000000e+00
1.223127593030376853e-01,8.924740408118097434e+00,3.511400626130798841e+00,8.751498516243479742e+00,1.500347006834545027e+00,8.869688388331693929e+00,2.500000000000000000e+00
1.225127593030376077e-01,8.924740514650702394e+00,3.507114596417541197e+00,8.751804830049366046e+00,1.500344917923939647e+00,8.869688495748244250e+00,2.500000000000000000e+00
1.227127593030375302e-01,8.924740620242751277e+00,3.502838201029353726e+00,8.752109253699627445e+00,1.500342847729370988e+00,8.869688602222080220e+00,2.500000000000000000e+00
1.229127593030374527e-01,8.924740724905660727e+00,3.498571418452006476e+00,8.752411804106641213e+00,1.500340796026421231e+00,8.869688707764627367e+00,2.500000000000000000e+00
1.231127593030373751e-01,8.924740828650403301e+00,3.494314227222557800e+00,8.752712497978372141e+00,1.500338762590899933e+00,8.869688812386867127e+00,2.500000000000000000e+00
1.233127593030372976e-01,8.924740931488139850e+00,3.490066605919961873e+00,8.753011351822404862e+00,1.500336747205892607e+00,8.869688916099976339e+00,2.500000000000000000e+00
1.235127593030372201e-01,8.924741033429555159e+00,3.485828533170881371e+00,8.753308381948350814e+00,1.500334749653347899e+00,8.869689018914632683e+00,2.500000000000000000e+00
1.237127593030371425e-01,8.924741134485390859e+00,3.481599987646874617e+00,8.753603604471178912e+00,1.500332769722035664e+00,8.869689120841588448e+00,2.500000000000000000e+00
1.239127593030370650e-01,8.924741234666017320e+00,3.477380948069173972e+00,8.753897035313707775e+00,1.500330807201862626e+00,8.869689221891215780e+00,2.500000000000000000e+00
1.241127593030369874e-01,8.924741333981772939e+00,3.473171393198672963e+00,8.754188690210352064e+00,1.500328861886600862e+00,8.869689322073872617e+00,2.500000000000000000e+00
1.243127593030369099e-01,8.924741432442884204e+00,3.468971301847380229e+00,8.754478584708976996e+00,1.500326933573205679e+00,8.869689421399778340e+00,2.500000000000000000e+00
1.245127593030368324e-01,8.924741530059348449e+00,3.464780652869209554e+00,8.754766734174401321e+00,1.500325022062270364e+00,8.869689519878951600e+00,2.500000000000000000e+00
1.247127593030367548e-01,8.924741626841052877e+00,3.460599425164160969e+00,8.755053153790882448e+00,1.500323127155297698e+00,8.869689617521274272e+00,2.500000000000000000e+00
1.249127593030366773e-01,8.924741722797621790e+00,3.456427597681215769e+00,8.755337858564509190e+00,1.500321248659020057e+00,8.869689714336379538e+00,2.500000000000000000e+00
1.251127593030367524e-01,8.924741817938706134e+00,3.452265149411096523e+00,8.755620863326397441e+00,1.500319386381988807e+00,8.869689810333929003e+00,2.500000000000000000e+00
1.253127593030369524e-01,8.924741912273795208e+00,3.448112059389806028e+00,8.755902182734999428e+00,1.500317540135483796e+00,8.869689905523420848e+00,2.500000000000000000e+00
1.255127593030371524e-01,8.924742005812104750e+00,3.443968306700122550e+00,8.756181831278549765e+00,1.500315709734422853e+00,8.869689999914061929e+00,2.500000000000000000e+00
1.257127593030373525e-01,8.924742098562711945e+00,3.439833870463836263e+00,8.756459823278008869e+00,1.500313894993723807e+00,8.869690093514947193e+00,2.500000000000000000e+00
1.259127593030375525e-01,8.924742190534882269e+00,3.435708729866115974e+00,8.756736172888162528e+00,1.500312095735125695e+00,8.869690186335354554e+00,2.500000000000000000e+00
1.261127593030377525e-01,8.924742281737364280e+00,3.431592864118092834e+00,8.757010894102039700e+00,1.500310311780594930e+00,8.869690278384030790e+00,2.500000000000000000e+00
1.263127593030379525e-01,8.924742372178874561e+00,3.427486252481606765e+00,8.757284000751910824e+00,1.500308542954599034e+00,8.869690369669694263e+00,2.500000000000000000e+00
1.265127593030381525e-01,8.924742461868138577e+00,3.423388874265241633e+00,8.757555506512114007e+00,1.500306789084788761e+00,8.869690460201084647e+00,2.500000000000000000e+00
1.267127593030383526e-01,8.924742550813638431e+00,3.419300708822148760e+00,8.757825424901028555e+00,1.500305049999724361e+00,8.869690549986689376e+00,2.500000000000000000e+00
1.269127593030385526e-01,8.924742639023769186e+00,3.415221735548670701e+00,8.758093769283568975e+00,1.500303325533877796e+00,8.869690639034910618e+00,2.500000000000000000e+00
1.271127593030387526e-01,8.924742726506813995e+00,3.411151933885050891e+00,8.758360552873478255e+00,1.500301615520584164e+00,8.869690727354029747e+00,2.500000000000000000e+00
1.273127593030389526e-01,8.924742813270947650e+00,3.407091283320367925e+00,8.758625788735006523e+00,1.500299919796816539e+00,8.869690814952228664e+00,2.500000000000000000e+00
1.275127593030391526e-01,8.924742899324192180e+00,3.403039763384601457e+00,8.758889489785543603e+00,1.500298238202958601e+00,8.869690901837547159e+00,2.500000000000000000e+00
1.277127593030393526e-01,8.924742984674510993e+00,3.398997353654672704e+00,8.759151668797466428e+00,1.500296570580985644e+00,8.869690988017945088e+00,2.500000000000000000e+00
1.279127593030395527e-01,8.924743069329595713e+00,3.394964033746169729e+00,8.759412338400503373e+00,1.500294916773555087e+00,8.869691073501121181e+00,2.500000000000000000e+00
1.281127593030397527e-01,8.924743153297281850e+00,3.390939783325297441e+00,8.759671511083341855e+00,1.500293276626734951e+00,8.869691158294921607e+00,2.500000000000000000e+00
1.283127593030399527e-01,8.924743236585021222e+00,3.386924582100968362e+00,8.759929199195537919e+00,1.500291649989776488e+00,8.869691242406792853e+00,2.500000000000000000e+00
1.285127593030401527e-01,8.924743319200555192e+00,3.382918409824810180e+00,8.760185414950111493e+00,1.500290036713522568e+00,8.869691325844495822e+00,2.500000000000000000e+00
1.287127593030403527e-01,8.924743401150957212e+00,3.378921246294793512e+00,8.760440170424780959e+00,1.500288436648133938e+00,8.869691408615096861e+00,2.500000000000000000e+00
1.289127593030405527e-01,8.924743482443691533e+00,3.374933071348464431e+00,8.760693477564306164e+00,1.500286849651502052e+00,8.869691490726074434e+00,2.500000000000000000e+00
1.291127593030407528e-01,8.924743563085867137e+00,3.370953864871781391e+00,8.760945348182154646e+00,1.500285275577425637e+00,8.869691572184546402e+00,2.500000000000000000e+00
1.293127593030409528e-01,8.924743643084639189e+00,3.366983606793683581e+00,8.761195793962274436e+00,1.500283714285615133e+00,8.869691652997667930e+00,2.500000000000000000e+00
1.295127593030411528e-01,8.924743722446958571e+00,3.363022277086390233e+00,8.761444826460904167e+00,1.500282165637599974e+00,8.869691733172388126e+00,2.500000000000000000e+00
1.297127593030413528e-01,8.924743801179648273e+00,3.359069855762887524e+00,8.761692457108607002e+00,1.500280629494227469e+00,8.869691812715547741e+00,2.500000000000000000e+00
1.299127593030415528e-01,8.924743879289602333e+00,3.355126322883817291e+00,8.761938697211679283e+00,1.500279105719982908e+00,8.869691891634049696e+00,2.500000000000000000e+00
1.301127593030417529e-01,8.924743956783403931e+00,3.351191658551587071e+00,8.762183557953722612e+00,1.500277594182989560e+00,8.869691969934466513e+00,2.500000000000000000e+00
1.303127593030419529e-01,8.924744033667748155e+00,3.347265842913988099e+00,8.762427050397883832e+00,1.500276094749096956e+00,8.869692047623514597e+00,2.500000000000000000e+00
1.305127593030421529e-01,8.924744109949113380e+00,3.343348856159668259e+00,8.762669185487940382e+00,1.500274607288474726e+00,8.869692124707663439e+00,2.500000000000000000e+00
1.307127593030423529e-01,8.924744185633993965e+00,3.339440678520916528e+00,8.762909974050376860e+00,1.500273131673793614e+00,8.869692201193428716e+00,2.500000000000000000e+00
1.309127593030425529e-01,8.924744260728619594e+00,3.335541290273903670e+00,8.763149426795541430e+00,1.500271667778633855e+00,8.869692277087031229e+00,2.500000000000000000e+00
1.311127593030427529e-01,8.924744335239291004e+00,3.331650671736893887e+00,8.763387554319631789e+00,1.500270215476120939e+00,8.869692352394782375e+00,2.500000000000000000e+00
1.313127593030429530e-01,8.924744409172214787e+00,3.327768803273651432e+00,8.763624367105776969e+00,1.500268774644382574e+00,8.869692427122894074e+00,2.500000000000000000e+00
1.315127593030431530e-01,8.924744482533450096e+00,3.323895665287637691e+00,8.763859875526128107e+00,1.500267345161773846e+00,8.869692501277441465e+00,2.500000000000000000e+00
1.317127593030433530e-01,8.924744555329084506e+00,3.320031238227546755e+00,8.764094089842771496e+00,1.500265926908923575e+00,8.869692574864501466e+00,2.500000000000000000e+00
1.319127593030435530e-01,8.924744627564857424e+00,3.316175502584548518e+00,8.764327020209462304e+00,1.500264519765323712e+00,8.869692647889820591e+00,2.500000000000000000e+00
1.321127593030437530e-01,8.924744699246849322e+00,3.312328438889672988e+00,8.764558676673468440e+00,1.500263123615923178e+00,8.869692720359500626e+00,2.500000000000000000e+00
1.323127593030439531e-01,8.924744770380687697e+00,3.308490027724940052e+00,8.764789069175721536e+00,1.500261738345898266e+00,8.869692792279153082e+00,2.500000000000000000e+00
1.325127593030441531e-01,8.924744840972051563e+00,3.304660249705687836e+00,8.765018207553922025e+00,1.500260363839515776e+00,8.869692863654474735e+00,2.500000000000000000e+00
1.327127593030443531e-01,8.924744911026616379e+00,3.300839085491412916e+00,8.765246101542825130e+00,1.500258999986954223e+00,8.869692934491148151e+00,2.500000000000000000e+00
1.329127593030445531e-01,8.924744980549945694e+00,3.297026515788166634e+00,8.765472760775743666e+00,1.500257646675436263e+00,8.869693004794727997e+00,2.500000000000000000e+00
1.331127593030447531e-01,8.924745049547494702e+00,3.293222521342368925e+00,8.765698194785933595e+00,1.500256303797186774e+00,8.869693074570694336e+00,2.500000000000000000e+00
1.333127593030449531e-01,8.924745118024603130e+00,3.289427082940374003e+00,8.765922413008093272e+00,1.500254971242839019e+00,8.869693143824372683e+00,2.500000000000000000e+00
1.335127593030451532e-01,8.924745185986672880e+00,3.285640181413552074e+00,8.766145424779468343e+00,1.500253648907573734e+00,8.869693212561188034e+00,2.500000000000000000e+00
1.337127593030453532e-01,8.924745253438965520e+00,3.281861797633448319e+00,8.766367239341215978e+00,1.500252336684525289e+00,8.869693280786391298e+00,2.500000000000000000e+00
1.339127593030455532e-01,8.924745320386636038e+00,3.278091912515034068e+00,8.766587865839474247e+00,1.500251034472057654e+00,8.869693348505153452e+00,2.500000000000000000e+00
1.341127593030457532e-01,8.924745386834848304e+00,3.274330507014200364e+00,8.766807313326763662e+00,1.500249742166488431e+00,8.869693415722636587e+00,2.500000000000000000e+00
1.343127593030459532e-01,8.924745452788659605e+00,3.270577562132164662e+00,8.767025590763088516e+00,1.500248459666863710e+00,8.869693482443906873e+00,2.500000000000000000e+00
1.345127593030461532e-01,8.924745518253029530e+00,3.266833058905648901e+00,8.767242707017343761e+00,1.500247186874503313e+00,8.869693548673931005e+00,2.500000000000000000e+00
1.347127593030463533e-01,8.924745583232990498e+00,3.263096978417001637e+00,8.767458670868347070e+00,1.500245923689135452e+00,8.869693614417743177e+00,2.500000000000000000e+00
1.349127593030465533e-01,8.924745647733228537e+00,3.259369301790237650e+00,8.767673491005810504e+00,1.500244670014581061e+00,8.869693679680034748e+00,2.500000000000000000e+00
1.351127593030467533e-01,8.924745711758674815e+00,3.255650010188738008e+00,8.767887176031736729e+00,1.500243425754888449e+00,8.869693744465731555e+00,2.500000000000000000e+00
1.353127593030469533e-01,8.924745775314118390e+00,3.251939084819897907e+00,8.768099734461499040e+00,1.500242190815242793e+00,8.869693808779652855e+00,2.500000000000000000e+00
1.355127593030471533e-01,8.924745838404202658e+00,3.248236506932160150e+00,8.768311174724793489e+00,1.500240965101966140e+00,8.869693872626418951e+00,2.500000000000000000e+00
1.357127593030473534e-01,8.924745901033473316e+00,3.244542257813016750e+00,8.768521505166864571e+00,1.500239748523426897e+00,8.869693936010595081e+00,2.500000000000000000e+00
1.359127593030475534e-01,8.924745963206579091e+00,3.240856318793641222e+00,8.768730734049553277e+00,1.500238540986856606e+00,8.869693998936838852e+00,2.500000000000000000e+00
1.361127593030477534e-01,8.924746024928030153e+00,3.237178671243851724e+00,8.768938869552428628e+00,1.500237342404716401e+00,8.869694061409653330e+00,2.500000000000000000e+00
1.363127593030479534e-01,8.924746086202244300e+00,3.233509296576754011e+00,8.769145919773485787e+00,1.500236152686056812e+00,8.869694123433468746e+00,2.500000000000000000e+00
1.365127593030481534e-01,8.924746147033665977e+00,3.229848176246010727e+00,8.769351892730682607e+00,1.500234971743566348e+00,8.869694185012731324e+00,2.500000000000000000e+00
1.367127593030483534e-01,8.924746207426547784e+00,3.226195291745578952e+00,8.769556796362389051e+00,1.500233799489706144e+00,8.869694246151704320e+00,2.500000000000000000e+00
1.369127593030485535e-01,8.924746267385257781e+00,3.222550624610198255e+00,8.769760638528838470e+00,1.500232635841257434e+00,8.869694306854752242e+00,2.500000000000000000e+00
1.371127593030487535e-01,8.924746326914110739e+00,3.218914156414360850e+00,8.769963427013049539e+00,1.500231480711818222e+00,8.869694367126200518e+00,2.500000000000000000e+00
1.373127593030489535e-01,8.924746386017124777e+00,3.215285868775415778e+00,8.770165169521300541e+00,1.500230334018169742e+00,8.869694426970063716e+00,2.500000000000000000e+00
1.375127593030491535e-01,8.924746444698495651e+00,3.211665743349236379e+00,8.770365873684641045e+00,1.500229195677320604e+00,8.869694486390555355e+00,2.500000000000000000e+00
1.377127593030493535e-01,8.924746502962298322e+00,3.208053761835036877e+00,8.770565547059600675e+00,1.500228065609462647e+00,8.869694545391741514e+00,2.500000000000000000e+00
1.379127593030495535e-01,8.924746560812618412e+00,3.204449905968913548e+00,8.770764197129160777e+00,1.500226943732741347e+00,8.869694603977722025e+00,2.500000000000000000e+00
1.381127593030497536e-01,8.924746618253399433e+00,3.200854157528280730e+00,8.770961831303527134e+00,1.500225829968030666e+00,8.869694662152438625e+00,2.500000000000000000e+00
1.383127593030499536e-01,8.924746675288531605e+00,3.197266498332335338e+00,8.771158456921124724e+00,1.500224724237568807e+00,8.869694719919790415e+00,2.500000000000000000e+00
1.385127593030501536e-01,8.924746731921963772e+00,3.193686910240473686e+00,8.771354081249461032e+00,1.500223626462457105e+00,8.869694777283728016e+00,2.500000000000000000e+00
1.387127593030503536e-01,8.924746788157580824e+00,3.190115375149928933e+00,8.771548711486051531e+00,1.500222536566980125e+00,8.869694834248150528e+00,2.500000000000000000e+00
1.389127593030505536e-01,8.924746843999002976e+00,3.186551874998141631e+00,8.771742354759165750e+00,1.500221454475195060e+00,8.869694890816663957e+00,2.500000000000000000e+00
1.391127593030507537e-01,8.924746899450079596e+00,3.182996391765680499e+00,8.771935018128626638e+00,1.500220380112295970e+00,8.869694946993137208e+00,2.500000000000000000e+00
1.393127593030509537e-01,8.924746954514599651e+00,3.179448907462505858e+00,8.772126708587197896e+00,1.500219313405750654e+00,8.869695002781361026e+00,2.500000000000000000e+00
1.395127593030511537e-01,8.924747009196076775e+00,3.175909404158432370e+00,8.772317433060008440e+00,1.500218254280753172e+00,8.869695058184850822e+00,2.500000000000000000e+00
1.397127593030513537e-01,8.924747063498168487e+00,3.172377863948450560e+00,8.772507198406785278e+00,1.500217202665680816e+00,8.869695113207265891e+00,2.500000000000000000e+00
1.399127593030515537e-01,8.924747117424447040e+00,3.168854268965833221e+00,8.772696011422324247e+00,1.500216158489592999e+00,8.869695167852196249e+00,2.500000000000000000e+00
1.401127593030517537e-01,8.924747170978474031e+00,3.165338601390121465e+00,8.772883878836823968e+00,1.500215121682458630e+00,8.869695222123189282e+00,2.500000000000000000e+00
1.403127593030519538e-01,8.924747224163654735e+00,3.161830843435797345e+00,8.773070807316921460e+00,1.500214092174246616e+00,8.869695276023662700e+00,2.500000000000000000e+00
1.405127593030521538e-01,8.924747276983545419e+00,3.158330977359377290e+00,8.773256803466471965e+00,1.500213069896744855e+00,8.869695329557179875e+00,2.500000000000000000e+00
1.407127593030523538e-01,8.924747329441441224e+00,3.154838985454539113e+00,8.773441873827209747e+00,1.500212054781968618e+00,8.869695382727041277e+00,2.500000000000000000e+00
1.409127593030525538e-01,8.924747381540756308e+00,3.151354850054625789e+00,8.773626024879659369e+00,1.500211046762160549e+00,8.869695435536659289e+00,2.500000000000000000e+00
1.411127593030527538e-01,8.924747433284771603e+00,3.147878553534502633e+00,8.773809263043469642e+00,1.500210045771382283e+00,8.869695487989327276e+00,2.500000000000000000e+00
1.413127593030529539e-01,8.924747484676856857e+00,3.144410078305567513e+00,8.773991594678591355e+00,1.500209051745059696e+00,8.869695540088407881e+00,2.500000000000000000e+00
1.415127593030531539e-01,8.924747535720184644e+00,3.140949406818031253e+00,8.774173026085755112e+00,1.500208064616799675e+00,8.869695591837091442e+00,2.500000000000000000e+00
1.417127593030533539e-01,8.924747586418016354e+00,3.137496521563403196e+00,8.774353563507075293e+00,1.500207084323847084e+00,8.869695643238632243e+00,2.500000000000000000e+00
1.419127593030535539e-01,8.924747636773451731e+00,3.134051405069257168e+00,8.774533213126973763e+00,1.500206110803446791e+00,8.869695694296137134e+00,2.500000000000000000e+00
1.421127593030537539e-01,8.924747686789661572e+00,3.130614039903491186e+00,8.774711981072645273e+00,1.500205143990797296e+00,8.869695745012784016e+00,2.500000000000000000e+00
1.423127593030539539e-01,8.924747736469702986e+00,3.127184408670329319e+00,8.774889873414847941e+00,1.500204183826781446e+00,8.869695795391637105e+00,2.500000000000000000e+00
1.425127593030541540e-01,8.924747785816750323e+00,3.123762494016085078e+00,8.775066896168604913e+00,1.500203230249098851e+00,8.869695845435870751e+00,2.500000000000000000e+00
1.427127593030543540e-01,8.924747834833677729e+00,3.120348278623678695e+00,8.775243055293488581e+00,1.500202283197040742e+00,8.869695895148360876e+00,2.500000000000000000e+00
1.429127593030545540e-01,8.924747883523567182e+00,3.116941745215065840e+00,8.775418356694805411e+00,1.500201342611717337e+00,8.869695944532196563e+00,2.500000000000000000e+00
1.431127593030547540e-01,8.924747931889339014e+00,3.113542876547479299e+00,8.775592806223871278e+00,1.500200408433784105e+00,8.869695993590299921e+00,2.500000000000000000e+00
1.433127593030549540e-01,8.924747979933979281e+00,3.110151655420731132e+00,8.775766409678697144e+00,1.500199480605488134e+00,8.869696042325665886e+00,2.500000000000000000e+00
1.435127593030551540e-01,8.924748027660328376e+00,3.106768064670846652e+00,8.775939172804626764e+00,1.500198559068167015e+00,8.869696090741129524e+00,2.500000000000000000e+00
1.437127593030553541e-01,8.924748075071262221e+00,3.103392087172735625e+00,8.776111101294818084e+00,1.500197643765886824e+00,8.869696138839588073e+00,2.500000000000000000e+00
1.439127593030555541e-01,8.924748122169527065e+00,3.100023705837371413e+00,8.776282200791097665e+00,1.500196734641576768e+00,8.869696186623773571e+00,2.500000000000000000e+00
1.441127593030557541e-01,8.924748168958016592e+00,3.096662903614886719e+00,8.776452476884411880e+00,1.500195831640667166e+00,8.869696234096595688e+00,2.500000000000000000e+00
1.443127593030559541e-01,8.924748215439459287e+00,3.093309663493952755e+00,8.776621935115285211e+00,1.500194934706769345e+00,8.869696281260779358e+00,2.500000000000000000e+00
1.445127593030561541e-01,8.924748261616510803e+00,3.089963968499740421e+00,8.776790580974518363e+00,1.500194043785995746e+00,8.869696328118990891e+00,2.500000000000000000e+00
1.447127593030563542e-01,8.924748307491960020e+00,3.086625801695197069e+00,8.776958419903795772e+00,1.500193158824913553e+00,8.869696374674015615e+00,2.500000000000000000e+00
1.449127593030565542e-01,8.924748353068462592e+00,3.083295146179446444e+00,8.777125457296286015e+00,1.500192279770089954e+00,8.869696420928523395e+00,2.500000000000000000e+00
1.451127593030567542e-01,8.924748398348659961e+00,3.079971985097651910e+00,8.777291698496506811e+00,1.500191406569001629e+00,8.869696466885155672e+00,2.500000000000000000e+00
1.453127593030569542e-01,8.924748443335097647e+00,3.076656301621636391e+00,8.777457148802083609e+00,1.500190539170034754e+00,8.869696512546457967e+00,2.500000000000000000e+00
1.455127593030571542e-01,8.924748488030397553e+00,3.073348078964604824e+00,8.777621813463438727e+00,1.500189677520438636e+00,8.869696557915052182e+00,2.500000000000000000e+00
1.457127593030573542e-01,8.924748532437126514e+00,3.070047300377265476e+00,8.777785697684400645e+00,1.500188821570418440e+00,8.869696602993517587e+00,2.500000000000000000e+00
1.459127593030575543e-01,8.924748576557803403e+00,3.066753949147673186e+00,8.777948806622958955e+00,1.500187971270634080e+00,8.869696647784383714e+00,2.500000000000000000e+00
1.461127593030577543e-01,8.924748620394838738e+00,3.063468008600870984e+00,8.778111145391591208e+00,1.500187126569244356e+00,8.869696692290045092e+00,2.500000000000000000e+00
1.463127593030579543e-01,8.924748663950886396e+00,3.060189462099025981e+00,8.778272719057854445e+00,1.500186287419182918e+00,8.869696736513175139e+00,2.500000000000000000e+00
1.465127593030581543e-01,8.924748707228195244e+00,3.056918293040756573e+00,8.778433532644788428e+00,1.500185453769063315e+00,8.869696780456026275e+00,2.500000000000000000e+00
1.467127593030583543e-01,8.924748750229213101e+00,3.053654484861445528e+00,8.778593591131567564e+00,1.500184625572956065e+00,8.869696824121039214e+00,2.500000000000000000e+00
1.469127593030585543e-01,8.924748792956359367e+00,3.050398021035715335e+00,8.778752899453797554e+00,1.500183802783112696e+00,8.869696867510649341e+00,2.500000000000000000e+00
1.471127593030587544e-01,8.924748835412055215e+00,3.047148885071995217e+00,8.778911462504140673e+00,1.500182985352466858e+00,8.869696910627272501e+00,2.500000000000000000e+00
1.473127593030589544e-01,8.924748877598581487e+00,3.043907060514687402e+00,8.779069285132823808e+00,1.500182173234861693e+00,8.869696953473198420e+00,2.500000000000000000e+00
1.475127593030591544e-01,8.924748919518174617e+00,3.040672530948127505e+00,8.779226372147840962e+00,1.500181366381866610e+00,8.869696996050665305e+00,2.500000000000000000e+00
1.477127593030593544e-01,8.924748961173214923e+00,3.037445279993513658e+00,8.779382728315624718e+00,1.500180564751190104e+00,8.869697038362060582e+00,2.500000000000000000e+00
1.479127593030595544e-01,8.924749002565913969e+00,3.034225291304616157e+00,8.779538358361524075e+00,1.500179768295993199e+00,8.869697080409595813e+00,2.500000000000000000e+00
1.481127593030597545e-01,8.924749043698563256e+00,3.031012548571650367e+00,8.779693266970291177e+00,1.500178976972165401e+00,8.869697122195562500e+00,2.500000000000000000e+00
1.483127593030599545e-01,8.924749084573345925e+00,3.027807035524776591e+00,8.779847458786177228e+00,1.500178190735596218e+00,8.869697163722163324e+00,2.500000000000000000e+00
1.485127593030601545e-01,8.924749125192382948e+00,3.024608735928231429e+00,8.780000938413763834e+00,1.500177409543084650e+00,8.869697204991506823e+00,2.500000000000000000e+00
1.487127593030603545e-01,8.924749165557864572e+00,3.021417633582972329e+00,8.780153710418140633e+00,1.500176633350292832e+00,8.869697246005793900e+00,2.500000000000000000e+00
1.489127593030605545e-01,8.924749205672043217e+00,3.018233712326173990e+00,8.780305779325539461e+00,1.500175862116748249e+00,8.869697286767280531e+00,2.500000000000000000e+00
1.491127593030607545e-01,8.924749245536908404e+00,3.015056956028783208e+00,8.780457149623636326e+00,1.500175095799022529e+00,8.869697327277956234e+00,2.500000000000000000e+00
1.493127593030609546e-01,8.924749285154510048e+00,3.011887348600931880e+00,8.780607825761856944e+00,1.500174334354142047e+00,8.869697367539879806e+00,2.500000000000000000e+00
1.495127593030611546e-01,8.924749324527081029e+00,3.008724873988009030e+00,8.780757812151927411e+00,1.500173577742089037e+00,8.869697407555282354e+00,2.500000000000000000e+00
1.497127593030613546e-01,8.924749363656571788e+00,3.005569516168756561e+00,8.780907113168350264e+00,1.500172825923755227e+00,8.869697447326126749e+00,2.500000000000000000e+00
1.499127593030615546e-01,8.924749402545065990e+00,3.002421259157748601e+00,8.781055733148701137e+00,1.500172078855484870e+00,8.869697486854487778e+00,2.500000000000000000e+00
1.501127593030617546e-01,8.924749441194492761e+00,2.999280087009349227e+00,8.781203676393849022e+00,1.500171336499533936e+00,8.869697526142310551e+00,2.500000000000000000e+00
1.503127593030619547e-01,8.924749479606866487e+00,2.996145983808685020e+00,8.781350947168643728e+00,1.500170598816112033e+00,8.869697565191605904e+00,2.500000000000000000e+00
1.505127593030621547e-01,8.924749517784185571e+00,2.993018933678244675e+00,8.781497549702180550e+00,1.500169865764746646e+00,8.869697604004375791e+00,2.500000000000000000e+00
1.507127593030623547e-01,8.924749555728356043e+00,2.989898920777557478e+00,8.781643488188127122e+00,1.500169137307921119e+00,8.869697642582535124e+00,2.500000000000000000e+00
1.509127593030625547e-01,8.924749593441321238e+00,2.986785929293886088e+00,8.781788766785242117e+00,1.500168413407209300e+00,8.869697680928021910e+00,2.500000000000000000e+00
1.511127593030627547e-01,8.924749630924964094e+00,2.983679943462852258e+00,8.781933389617355701e+00,1.500167694023730292e+00,8.869697719042731521e+00,2.500000000000000000e+00
1.513127593030629547e-01,8.924749668181252815e+00,2.980580947544575032e+00,8.782077360774309227e+00,1.500166979121786426e+00,8.869697756928637489e+00,2.500000000000000000e+00
1.515127593030631548e-01,8.924749705211940665e+00,2.977488925838651657e+00,8.782220684311793590e+00,1.500166268662951552e+00,8.869697794587484196e+00,2.500000000000000000e+00
1.517127593030633548e-01,8.924749742018873278e+00,2.974403862676948673e+00,8.782363364252180560e+00,1.500165562609481640e+00,8.869697832021133266e+00,2.500000000000000000e+00
1.519127593030635548e-01,8.924749778603983330e+00,2.971325742429525185e+00,8.782505404584387776e+00,1.500164860927952759e+00,8.869697869231513820e+00,2.500000000000000000e+00
1.521127593030637548e-01,8.924749814968944150e+00,2.968254549498305916e+00,8.782646809264544885e+00,1.500164163579711385e+00,8.869697906220300965e+00,2.500000000000000000e+00
1.523127593030639548e-01,8.924749851115649335e+00,2.965190268320826217e+00,8.782787582216386113e+00,1.500163470529969345e+00,8.869697942989406059e+00,2.500000000000000000e+00
1.525127593030641548e-01,8.924749887045816621e+00,2.962132883372059489e+00,8.782927727331138357e+00,1.500162781744165841e+00,8.869697979540532629e+00,2.500000000000000000e+00
1.527127593030643549e-01,8.924749922761206378e+00,2.959082379157508491e+00,8.783067248468405808e+00,1.500162097187285326e+00,8.869698015875455255e+00,2.500000000000000000e+00
1.529127593030645549e-01,8.924749958263504368e+00,2.956038740219331551e+00,8.783206149456171730e+00,1.500161416823630134e+00,8.869698051995859700e+00,2.500000000000000000e+00
1.531127593030647549e-01,8.924749993554570437e+00,2.953001951134889058e+00,8.783344434091244324e+00,1.500160740620231081e+00,8.869698087903609363e+00,2.500000000000000000e+00
1.533127593030649549e-01,8.924750028635910937e+00,2.949971996513816919e+00,8.783482106139441470e+00,1.500160068542754743e+00,8.869698123600217698e+00,2.500000000000000000e+00
1.535127593030651549e-01,8.924750063509375053e+00,2.946948861001241760e+00,8.783619169336212451e+00,1.500159400558686684e+00,8.869698159087525013e+00,2.500000000000000000e+00
1.537127593030653550e-01,8.924750098176534863e+00,2.943932529277290655e+00,8.783755627386520715e+00,1.500158736633693479e+00,8.869698194367119370e+00,2.500000000000000000e+00
1.539127593030655550e-01,8.924750132639086786e+00,2.940922986055694022e+00,8.783891483965414082e+00,1.500158076735488066e+00,8.869698229440704296e+00,2.500000000000000000e+00
1.541127593030657550e-01,8.924750166898583359e+00,2.937920216083325542e+00,8.784026742718337388e+00,1.500157420831101263e+00,8.869698264309823443e+00,2.500000000000000000e+00
1.543127593030659550e-01,8.924750200956644619e+00,2.934924204142080217e+00,8.784161407261430909e+00,1.500156768888928127e+00,8.869698298976102180e+00,2.500000000000000000e+00
1.545127593030661550e-01,8.924750234814968763e+00,2.931934935047353807e+00,8.784295481181745302e+00,1.500156120877591093e+00,8.869698333441251137e+00,2.500000000000000000e+00
1.547127593030663550e-01,8.924750268475085235e+00,2.928952393646815811e+00,8.784428968037591545e+00,1.500155476766167340e+00,8.869698367706794428e+00,2.500000000000000000e+00
1.549127593030665551e-01,8.924750301938466635e+00,2.925976564826406001e+00,8.784561871358695484e+00,1.500154836520778190e+00,8.869698401774211760e+00,2.500000000000000000e+00
1.551127593030667551e-01,8.924750335206809382e+00,2.923007433501486396e+00,8.784694194646782250e+00,1.500154200112319813e+00,8.869698435645199552e+00,2.500000000000000000e+00
1.553127593030669551e-01,8.924750368281589630e+00,2.920044984623847206e+00,8.784825941375553171e+00,1.500153567510778885e+00,8.869698469321249945e+00,2.500000000000000000e+00
1.555127593030671551e-01,8.924750401164269320e+00,2.917089203176654877e+00,8.784957114991071236e+00,1.500152938685005211e+00,8.869698502803812445e+00,2.500000000000000000e+00
1.557127593030673551e-01,8.924750433856431187e+00,2.914140074179949469e+00,8.785087718912025778e+00,1.500152313606122334e+00,8.869698536094476893e+00,2.500000000000000000e+00
1.559127593030675551e-01,8.924750466359554935e+00,2.911197582683492602e+00,8.785217756530288469e+00,1.500151692243889556e+00,8.869698569194724769e+00,2.500000000000000000e+00
1.561127593030677552e-01,8.924750498675081190e+00,2.908261713771933987e+00,8.785347231210643315e+00,1.500151074568520926e+00,8.869698602106014462e+00,2.500000000000000000e+00
1.563127593030679552e-01,8.924750530804455906e+00,2.905332452563257117e+00,8.785476146291479438e+00,1.500150460550912612e+00,8.869698634829779493e+00,2.500000000000000000e+00
1.565127593030681552e-01,8.924750562749210303e+00,2.902409784208148658e+00,8.785604505084931404e+00,1.500149850163779774e+00,8.869698667367558187e+00,2.500000000000000000e+00
1.567127593030683552e-01,8.924750594510651780e+00,2.899493693890864421e+00,8.785732310877062190e+00,1.500149243376426966e+00,8.869698699720661494e+00,2.500000000000000000e+00
1.569127593030685552e-01,8.924750626090276029e+00,2.896584166831105200e+00,8.785859566928111875e+00,1.500148640161796720e+00,8.869698731890592214e+00,2.500000000000000000e+00
1.571127593030687553e-01,8.924750657489472161e+00,2.893681188276310046e+00,8.785986276472984358e+00,1.500148040493058943e+00,8.869698763878741232e+00,2.500000000000000000e+00
1.573127593030689553e-01,8.924750688709648827e+00,2.890784743510768529e+00,8.786112442721270455e+00,1.500147444341564551e+00,8.869698795686517201e+00,2.500000000000000000e+00
1.575127593030691553e-01,8.924750719752148953e+00,2.887894817851635043e+00,8.786238068857533889e+00,1.500146851679119209e+00,8.869698827315270151e+00,2.500000000000000000e+00
1.577127593030693553e-01,8.924750750618306583e+00,2.885011396648264892e+00,8.786363158041474719e+00,1.500146262479802317e+00,8.869698858766332350e+00,2.500000000000000000e+00
1.579127593030695553e-01,8.924750781309553460e+00,2.882134465282323532e+00,8.786487713408535072e+00,1.500145676716329035e+00,8.869698890041142647e+00,2.500000000000000000e+00
1.581127593030697553e-01,8.924750811827118824e+00,2.879264009163564619e+00,8.786611738069796118e+00,1.500145094361869269e+00,8.869698921140939163e+00,2.500000000000000000e+00
1.583127593030699554e-01,8.924750842172461063e+00,2.876400013744170092e+00,8.786735235112166365e+00,1.500144515391184541e+00,8.869698952067167852e+00,2.500000000000000000e+00
1.585127593030701554e-01,8.924750872346814745e+00,2.873542464502806038e+00,8.786858207598809756e+00,1.500143939777444757e+00,8.869698982821079269e+00,2.500000000000000000e+00
1.587127593030703554e-01,8.924750902351425097e+00,2.870691346949468148e+00,8.786980658569419234e+00,1.500143367494501945e+00,8.869699013403922194e+00,2.500000000000000000e+00
1.589127593030705554e-01,8.924750932187629715e+00,2.867846646629466090e+00,8.787102591040200750e+00,1.500142798517799747e+00,8.869699043817034223e+00,2.500000000000000000e+00
1.591127593030707554e-01,8.924750961856789289e+00,2.865008349119916087e+00,8.787224008004368869e+00,1.500142232820735444e+00,8.869699074061772492e+00,2.500000000000000000e+00
1.593127593030709555e-01,8.924750991359982066e+00,2.862176440030634872e+00,8.787344912432015320e+00,1.500141670378752679e+00,8.869699104139227686e+00,2.500000000000000000e+00
1.595127593030711555e-01,8.924751020698536763e+00,2.859350905001516452e+00,8.787465307270828418e+00,1.500141111167295094e+00,8.869699134050733846e+00,2.500000000000000000e+00
1.597127593030713555e-01,8.924751049873792752e+00,2.856531729706011102e+00,8.787585195445947406e+00,1.500140555162488454e+00,8.869699163797621466e+00,2.500000000000000000e+00
1.599127593030715555e-01,8.924751078886835387e+00,2.853718899848809443e+00,8.787704579860172061e+00,1.500140002338412160e+00,8.869699193380988334e+00,2.500000000000000000e+00
1.601127593030717555e-01,8.924751107738943645e+00,2.850912401167493115e+00,8.787823463394344614e+00,1.500139452672556217e+00,8.869699222802111649e+00,2.500000000000000000e+00
1.603127593030719555e-01,8.924751136431275711e+00,2.848112219430628755e+00,8.787941848907584230e+00,1.500138906138772654e+00,8.869699252062158479e+00,2.500000000000000000e+00
1.605127593030721556e-01,8.924751164965099903e+00,2.845318340439994209e+00,8.788059739237127133e+00,1.500138362716143092e+00,8.869699281162398918e+00,2.500000000000000000e+00
1.607127593030723556e-01,8.924751193341529998e+00,2.842530750027651543e+00,8.788177137199115307e+00,1.500137822379883801e+00,8.869699310103941414e+00,2.500000000000000000e+00
1.609127593030725556e-01,8.924751221561706416e+00,2.839749434056829891e+00,8.788294045588218140e+00,1.500137285105893170e+00,8.869699338887945927e+00,2.500000000000000000e+00
1.611127593030727556e-01,8.924751249626844185e+00,2.836974378424824916e+00,8.788410467178355390e+00,1.500136750872343328e+00,8.869699367515613275e+00,2.500000000000000000e+00
1.613127593030729556e-01,8.924751277538065963e+00,2.834205569057273610e+00,8.788526404722411201e+00,1.500136219656042158e+00,8.869699395988082102e+00,2.500000000000000000e+00
1.615127593030731556e-01,8.924751305296577897e+00,2.831442991918127650e+00,8.788641860952694174e+00,1.500135691435616536e+00,8.869699424306547897e+00,2.500000000000000000e+00
1.617127593030733557e-01,8.924751332903348100e+00,2.828686632992686523e+00,8.788756838581228692e+00,1.500135166187192226e+00,8.869699452471996537e+00,2.500000000000000000e+00
1.619127593030735557e-01,8.924751360359605812e+00,2.825936478302305765e+00,8.788871340299849066e+00,1.500134643888713981e+00,8.869699480485651932e+00,2.500000000000000000e+00
1.621127593030737557e-01,8.924751387666390201e+00,2.823192513900152800e+00,8.788985368780164009e+00,1.500134124518581302e+00,8.869699508348562134e+00,2.500000000000000000e+00
1.623127593030739557e-01,8.924751414824955376e+00,2.820454725873194235e+00,8.789098926674071777e+00,1.500133608055648438e+00,8.869699536061974143e+00,2.500000000000000000e+00
1.625127593030741557e-01,8.924751441836130894e+00,2.817723100333639152e+00,8.789212016613655365e+00,1.500133094476950646e+00,8.869699563626735284e+00,2.500000000000000000e+00
1.627127593030743558e-01,8.924751468701156654e+00,2.814997623429183804e+00,8.789324641211754496e+00,1.500132583762479044e+00,8.869699591044073017e+00,2.500000000000000000e+00
1.629127593030745558e-01,8.924751495421050507e+00,2.812278281335413244e+00,8.789436803061763115e+00,1.500132075890405758e+00,8.869699618315017631e+00,2.500000000000000000e+00
1.631127593030747558e-01,8.924751521996961756e+00,2.809565060263509384e+00,8.789548504737920709e+00,1.500131570841176654e+00,8.869699645440721980e+00,2.500000000000000000e+00
1.633127593030749558e-01,8.924751548429760817e+00,2.806857946450533436e+00,8.789659748795582317e+00,1.500131068592509109e+00,8.869699672422054704e+00,2.500000000000000000e+00
1.635127593030751558e-01,8.924751574720607650e+00,2.804156926167623354e+00,8.789770537771397940e+00,1.500130569124166868e+00,8.869699699260177539e+00,2.500000000000000000e+00
1.637127593030753558e-01,8.924751600870507673e+00,2.801461985714364111e+00,8.789880874183340964e+00,1.500130072416368421e+00,8.869699725956104785e+00,2.500000000000000000e+00
1.639127593030755559e-01,8.924751626880414790e+00,2.798773111421408277e+00,8.789990760531019021e+00,1.500129578447513268e+00,8.869699752510786794e+00,2.500000000000000000e+00
1.641127593030757559e-01,8.924751652751391262e+00,2.796090289651014249e+00,8.790100199295764583e+00,1.500129087199638889e+00,8.869699778925301814e+00,2.500000000000000000e+00
1.643127593030759559e-01,8.924751678484419415e+00,2.793413506796474710e+00,8.790209192940753979e+00,1.500128598651372158e+00,8.869699805200617959e+00,2.500000000000000000e+00
1.645127593030761559e-01,8.924751704080458481e+00,2.790742749279886414e+00,8.790317743911373327e+00,1.500128112783613687e+00,8.869699831337708673e+00,2.500000000000000000e+00
1.647127593030763559e-01,8.924751729540542300e+00,2.788078003553343898e+00,8.790425854635222080e+00,1.500127629577718835e+00,8.869699857337604243e+00,2.500000000000000000e+00
1.649127593030765560e-01,8.924751754865550168e+00,2.785419256101633323e+00,8.790533527522265800e+00,1.500127149012087102e+00,8.869699883201192847e+00,2.500000000000000000e+00
1.651127593030767560e-01,8.924751780056586981e+00,2.782766493437432764e+00,8.790640764965111487e+00,1.500126671071257078e+00,8.869699908929581156e+00,2.500000000000000000e+00
1.653127593030769560e-01,8.924751805114535586e+00,2.780119702107104018e+00,8.790747569338963174e+00,1.500126195732264023e+00,8.869699934523650242e+00,2.500000000000000000e+00
1.655127593030771560e-01,8.924751830040277056e+00,2.777478868678934454e+00,8.790853943002048254e+00,1.500125722980328646e+00,8.869699959984288284e+00,2.500000000000000000e+00
1.657127593030773560e-01,8.924751854834759968e+00,2.774843979760169610e+00,8.790959888295633462e+00,1.500125252793168329e+00,8.869699985312445634e+00,2.500000000000000000e+00
1.659127593030775560e-01,8.924751879499073226e+00,2.772215021990724448e+00,8.791065407543877441e+00,1.500124785155776408e+00,8.869700010509221855e+00,2.500000000000000000e+00
1.661127593030777561e-01,8.924751904033882965e+00,2.769591982028867250e+00,8.791170503054573260e+00,1.500124320047234505e+00,8.869700035575270647e+00,2.500000000000000000e+00
1.663127593030779561e-01,8.924751928440274540e+00,2.766974846569497881e+00,8.791275177119043605e+00,1.500123857450944342e+00,8.869700060511686246e+00,2.500000000000000000e+00
1.665127593030781561e-01,8.924751952719155668e+00,2.764363602335853987e+00,8.791379432012233153e+00,1.500123397348943399e+00,8.869700085319381699e+00,2.500000000000000000e+00
1.667127593030783561e-01,8.924751976871270642e+00,2.761758236081827356e+00,8.791483269992621530e+00,1.500122939722132287e+00,8.869700109999110182e+00,2.500000000000000000e+00
1.669127593030785561e-01,8.924752000897674620e+00,2.759158734589309603e+00,8.791586693302992472e+00,1.500122484554367475e+00,8.869700134551910864e+00,2.500000000000000000e+00
1.671127593030787561e-01,8.924752024799206040e+00,2.756565084671732446e+00,8.791689704169993291e+00,1.500122031828595937e+00,8.869700158978647053e+00,2.500000000000000000e+00
1.673127593030789562e-01,8.924752048576568342e+00,2.753977273172656393e+00,8.791792304804337377e+00,1.500121581524581416e+00,8.869700183280006200e+00,2.500000000000000000e+00
1.675127593030791562e-01,8.924752072230829114e+00,2.751395286961969777e+00,8.791894497401489872e+00,1.500121133628226744e+00,8.869700207457078989e+00,2.500000000000000000e+00
1.677127593030793562e-01,8.924752095762803705e+00,2.748819112942278320e+00,8.791996284141053053e+00,1.500120688122024148e+00,8.869700231510666555e+00,2.500000000000000000e+00
1.679127593030795562e-01,8.924752119173264830e+00,2.746248738041953796e+00,8.792097667187521282e+00,1.500120244988693230e+00,8.869700255441552272e+00,2.500000000000000000e+00
1.681127593030797562e-01,8.924752142463121984e+00,2.743684149220950719e+00,8.792198648690106921e+00,1.500119804211180963e+00,8.869700279250640307e+00,2.500000000000000000e+00
1.683127593030799563e-01,8.924752165633169199e+00,2.741125333469009107e+00,8.792299230782788300e+00,1.500119365772889068e+00,8.869700302938740677e+00,2.500000000000000000e+00
1.685127593030801563e-01,8.924752188684232479e+00,2.738572277804743660e+00,8.792399415584650768e+00,1.500118929659265632e+00,8.869700326506666954e+00,2.500000000000000000e+00
1.687127593030803563e-01,8.924752211617184017e+00,2.736024969273721741e+00,8.792499205200060786e+00,1.500118495852348133e+00,8.869700349955312646e+00,2.500000000000000000e+00
1.689127593030805563e-01,8.924752234432734355e+00,2.733483394952481493e+00,8.792598601718585982e+00,1.500118064335993040e+00,8.869700373285370532e+00,2.500000000000000000e+00
1.691127593030807563e-01,8.924752257131768118e+00,2.730947541945873969e+00,8.792697607215304245e+00,1.500117635094284196e+00,8.869700396497744777e+00,2.500000000000000000e+00
1.693127593030809563e-01,8.924752279715082892e+00,2.728417397388908761e+00,8.792796223750716678e+00,1.500117208112442313e+00,8.869700419593225860e+00,2.500000000000000000e+00
1.695127593030811564e-01,8.924752302183394548e+00,2.725892948443620512e+00,8.792894453371086882e+00,1.500116783374096485e+00,8.869700442572536758e+00,2.500000000000000000e+00
1.697127593030813564e-01,8.924752324537614356e+00,2.723374182302366275e+00,8.792992298108570637e+00,1.500116360863330556e+00,8.869700465436586967e+00,2.500000000000000000e+00
1.699127593030815564e-01,8.924752346778403123e+00,2.720861086185215161e+00,8.793089759981070230e+00,1.500115940566274730e+00,8.869700488186049725e+00,2.500000000000000000e+00
1.701127593030817564e-01,8.924752368906569089e+00,2.718353647340257861e+00,8.793186840992689213e+00,1.500115522465193862e+00,8.869700510821724393e+00,2.500000000000000000e+00
1.703127593030819564e-01,8.924752390922851220e+00,2.715851853045144093e+00,8.793283543133794566e+00,1.500115106546900279e+00,8.869700533344357041e+00,2.500000000000000000e+00
1.705127593030821564e-01,8.924752412828077297e+00,2.713355690604254633e+00,8.793379868380833742e+00,1.500114692796614690e+00,8.869700555754780780e+00,2.500000000000000000e+00
1.707127593030823565e-01,8.924752434622968522e+00,2.710865147355358218e+00,8.793475818696800062e+00,1.500114281197284072e+00,8.869700578053720363e+00,2.500000000000000000e+00
1.709127593030825565e-01,8.924752456308178594e+00,2.708380210658574594e+00,8.793571396031174103e+00,1.500113871736402871e+00,8.869700600241818833e+00,2.500000000000000000e+00
1.711127593030827565e-01,8.924752477884561941e+00,2.705900867905880247e+00,8.793666602320124426e+00,1.500113464398054930e+00,8.869700622319960814e+00,2.500000000000000000e+00
1.713127593030829565e-01,8.924752499352733182e+00,2.703427106516241185e+00,8.793761439486528886e+00,1.500113059167006213e+00,8.869700644288737834e+00,2.500000000000000000e+00
1.715127593030831565e-01,8.924752520713585824e+00,2.700958913937720141e+00,8.793855909440278396e+00,1.500112656030978542e+00,8.869700666149055834e+00,2.500000000000000000e+00
1.717127593030833566e-01,8.924752541967702513e+00,2.698496277646299291e+00,8.793950014077960731e+00,1.500112254975647375e+00,8.869700687901497460e+00,2.500000000000000000e+00
1.719127593030835566e-01,8.924752563115829318e+00,2.696039185144947226e+00,8.794043755283619035e+00,1.500111855984869180e+00,8.869700709546819439e+00,2.500000000000000000e+00
1.721127593030837566e-01,8.924752584158682112e+00,2.693587623966071654e+00,8.794137134928240229e+00,1.500111459046365781e+00,8.869700731085732315e+00,2.500000000000000000e+00
1.723127593030839566e-01,8.924752605096923475e+00,2.691141581669175498e+00,8.794230154870342986e+00,1.500111064146040007e+00,8.869700752518902220e+00,2.500000000000000000e+00
1.725127593030841566e-01,8.924752625931329675e+00,2.688701045841440873e+00,8.794322816955741473e+00,1.500110671268885199e+00,8.869700773847108977e+00,2.500000000000000000e+00
1.727127593030843566e-01,8.924752646662605926e+00,2.686266004097998650e+00,8.794415123017856217e+00,1.500110280402850549e+00,8.869700795071056021e+00,2.500000000000000000e+00
1.729127593030845567e-01,8.924752667291221186e+00,2.683836444082524419e+00,8.794507074877625286e+00,1.500109891532702022e+00,8.869700816191230075e+00,2.500000000000000000e+00
1.731127593030847567e-01,8.924752687818061858e+00,2.681412353466161136e+00,8.794598674343873768e+00,1.500109504646616188e+00,8.869700837208501554e+00,2.500000000000000000e+00
1.733127593030849567e-01,8.924752708243820720e+00,2.678993719947783347e+00,8.794689923213246274e+00,1.500109119730495877e+00,8.869700858123575671e+00,2.500000000000000000e+00
1.735127593030851567e-01,8.924752728568982718e+00,2.676580531252470418e+00,8.794780823270221148e+00,1.500108736771380791e+00,8.869700878936939148e+00,2.500000000000000000e+00
1.737127593030853567e-01,8.924752748794302804e+00,2.674172775134126656e+00,8.794871376287469289e+00,1.500108355756083256e+00,8.869700899649346937e+00,2.500000000000000000e+00
1.739127593030855568e-01,8.924752768920509283e+00,2.671770439374026918e+00,8.794961584025847046e+00,1.500107976671188226e+00,8.869700920261536226e+00,2.500000000000000000e+00
1.741127593030857568e-01,8.924752788948145721e+00,2.669373511780626984e+00,8.795051448234314506e+00,1.500107599505327016e+00,8.869700940774047027e+00,2.500000000000000000e+00
1.743127593030859568e-01,8.924752808877888910e+00,2.666981980188822376e+00,8.795140970650312084e+00,1.500107224243720339e+00,8.869700961187556132e+00,2.500000000000000000e+00
1.745127593030861568e-01,8.924752828710357022e+00,2.664595832464575320e+00,8.795230152999584661e+00,1.500106850874772135e+00,8.869700981502692372e+00,2.500000000000000000e+00
1.747127593030863568e-01,8.924752848446161124e+00,2.662215056494317889e+00,8.795318996996561722e+00,1.500106479385522107e+00,8.869701001720066813e+00,2.500000000000000000e+00
1.749127593030865568e-01,8.924752868086118340e+00,2.659839640197454447e+00,8.795407504344410654e+00,1.500106109765283691e+00,8.869701021840494803e+00,2.500000000000000000e+00
1.751127593030867569e-01,8.924752887630594600e+00,2.657469571518255691e+00,8.795495676734757851e+00,1.500105741998595477e+00,8.869701041864347602e+00,2.500000000000000000e+00
1.753127593030869569e-01,8.924752907080359066e+00,2.655104838428696379e+00,8.795583515848180767e+00,1.500105376075680397e+00,8.869701061792399699e+00,2.500000000000000000e+00
1.755127593030871569e-01,8.924752926435974842e+00,2.652745428926841953e+00,8.795671023354211471e+00,1.500105011984032899e+00,8.869701081625214201e+00,2.500000000000000000e+00
1.757127593030873569e-01,8.924752945698072537e+00,2.650391331037625697e+00,8.795758200911494740e+00,1.500104649710237936e+00,8.869701101363419937e+00,2.500000000000000000e+00
1.759127593030875569e-01,8.924752964867270322e+00,2.648042532814196992e+00,8.795845050167569568e+00,1.500104289243608946e+00,8.869701121007647515e+00,2.500000000000000000e+00
1.761127593030877569e-01,8.924752983944149065e+00,2.645699022335806561e+00,8.795931572759251083e+00,1.500103930573231992e+00,8.869701140558474250e+00,2.500000000000000000e+00
1.763127593030879570e-01,8.924753002929193713e+00,2.643360787707709214e+00,8.796017770312674955e+00,1.500103573684555158e+00,8.869701160016386865e+00,2.500000000000000000e+00
1.765127593030881570e-01,8.924753021823120136e+00,2.641027817061881056e+00,8.796103644443361347e+00,1.500103218568256125e+00,8.869701179382108336e+00,2.500000000000000000e+00
1.767127593030883570e-01,8.924753040626558942e+00,2.638700098558902862e+00,8.796189196756268203e+00,1.500102865212284087e+00,8.869701198656260388e+00,2.500000000000000000e+00
1.769127593030885570e-01,8.924753059339943562e+00,2.636377620383551612e+00,8.796274428845825000e+00,1.500102513604588239e+00,8.869701217839294216e+00,2.500000000000000000e+00
1.771127593030887570e-01,8.924753077963876180e+00,2.634060370748071644e+00,8.796359342296190320e+00,1.500102163734709393e+00,8.869701236931808452e+00,2.500000000000000000e+00
1.773127593030889571e-01,8.924753096499085103e+00,2.631748337891933076e+00,8.796443938681214547e+00,1.500101815591051491e+00,8.869701255934531403e+00,2.500000000000000000e+00
1.775127593030891571e-01,8.924753114945962906e+00,2.629441510079201016e+00,8.796528219564534012e+00,1.500101469162018475e+00,8.869701274847855643e+00,2.500000000000000000e+00
1.777127593030893571e-01,8.924753133305108221e+00,2.627139875601051777e+00,8.796612186499666919e+00,1.500101124436014288e+00,8.869701293672386910e+00,2.500000000000000000e+00
1.779127593030895571e-01,8.924753151577064614e+00,2.624843422776866220e+00,8.796695841030068408e+00,1.500100781404171357e+00,8.869701312408672322e+00,2.500000000000000000e+00
1.781127593030897571e-01,8.924753169762370320e+00,2.622552139948238992e+00,8.796779184689293984e+00,1.500100440052619888e+00,8.869701331057253668e+00,2.500000000000000000e+00
1.783127593030899571e-01,8.924753187861700354e+00,2.620266015484416844e+00,8.796862219001154060e+00,1.500100100373401801e+00,8.869701349618804187e+00,2.500000000000000000e+00
1.785127593030901572e-01,8.924753205875424200e+00,2.617985037784334779e+00,8.796944945479330258e+00,1.500099762353329425e+00,8.869701368093691585e+00,2.500000000000000000e+00
1.787127593030903572e-01,8.924753223804229307e+00,2.615709195268070886e+00,8.797027365628062867e+00,1.500099425983989931e+00,8.869701386482615746e+00,2.500000000000000000e+00
1.789127593030905572e-01,8.924753241648582858e+00,2.613438476384881692e+00,8.797109480941836424e+00,1.500099091254242012e+00,8.869701404786043852e+00,2.500000000000000000e+00
1.791127593030907572e-01,8.924753259408996442e+00,2.611172869608696878e+00,8.797191292905605309e+00,1.500098758152262235e+00,8.869701423004483942e+00,2.500000000000000000e+00
1.793127593030909572e-01,8.924753277085940795e+00,2.608912363437466908e+00,8.797272802994873686e+00,1.500098426668728280e+00,8.869701441138413855e+00,2.500000000000000000e+00
1.795127593030911572e-01,8.924753294680160209e+00,2.606656946401145536e+00,8.797354012675768331e+00,1.500098096793408331e+00,8.869701459188584991e+00,2.500000000000000000e+00
1.797127593030913573e-01,8.924753312191855414e+00,2.604406607048214806e+00,8.797434923404805929e+00,1.500097768515615826e+00,8.869701477155189195e+00,2.500000000000000000e+00
1.799127593030915573e-01,8.924753329621779585e+00,2.602161333952667910e+00,8.797515536629861188e+00,1.500097441826028444e+00,8.869701495038992078e+00,2.500000000000000000e+00
1.801127593030917573e-01,8.924753346970348389e+00,2.599921115721707476e+00,8.797595853789003328e+00,1.500097116713050127e+00,8.869701512840400426e+00,2.500000000000000000e+00
1.803127593030919573e-01,8.924753364238052100e+00,2.597685940980872576e+00,8.797675876311453536e+00,1.500096793167585929e+00,8.869701530559924052e+00,2.500000000000000000e+00
1.805127593030921573e-01,8.924753381425462706e+00,2.595455798385772450e+00,8.797755605617442853e+00,1.500096471180995650e+00,8.869701548198118957e+00,2.500000000000000000e+00
1.807127593030923574e-01,8.924753398532997650e+00,2.593230676614640018e+00,8.797835043118086062e+00,1.500096150741001111e+00,8.869701565755422124e+00,2.500000000000000000e+00
1.809127593030925574e-01,8.924753415561220038e+00,2.591010564372906444e+00,8.797914190215731622e+00,1.500095831839644234e+00,8.869701583232380671e+00,2.500000000000000000e+00
1.811127593030927574e-01,8.924753432510579287e+00,2.588795450390468655e+00,8.797993048303879959e+00,1.500095514467147950e+00,8.869701600629465332e+00,2.500000000000000000e+00
1.813127593030929574e-01,8.924753449381526593e+00,2.586585323422200045e+00,8.798071618767195901e+00,1.500095198613280445e+00,8.869701617947109540e+00,2.500000000000000000e+00
1.815127593030931574e-01,8.924753466174660588e+00,2.584380172248970542e+00,8.798149902981810655e+00,1.500094884269174145e+00,8.869701635185935018e+00,2.500000000000000000e+00
1.817127593030933574e-01,8.924753482890318779e+00,2.582179985675755240e+00,8.798227902315128190e+00,1.500094571423915113e+00,8.869701652346268617e+00,2.500000000000000000e+00
1.819127593030935575e-01,8.924753499529000322e+00,2.579984752534382419e+00,8.798305618125951355e+00,1.500094260069772645e+00,8.869701669428616597e+00,2.500000000000000000e+00
1.821127593030937575e-01,8.924753516091243455e+00,2.577794461679726812e+00,8.798383051764821161e+00,1.500093950196969672e+00,8.869701686433517196e+00,2.500000000000000000e+00
1.823127593030939575e-01,8.924753532577540227e+00,2.575609101994108752e+00,8.798460204573695265e+00,1.500093641796183874e+00,8.869701703361460687e+00,2.500000000000000000e+00
1.825127593030941575e-01,8.924753548988229923e+00,2.573428662382327037e+00,8.798537077886088298e+00,1.500093334857410809e+00,8.869701720212804119e+00,2.500000000000000000e+00
1.827127593030943575e-01,8.924753565323843674e+00,2.571253131775418588e+00,8.798613673027476878e+00,1.500093029373374520e+00,8.869701736988060858e+00,2.500000000000000000e+00
1.829127593030945576e-01,8.924753581584846884e+00,2.569082499128340302e+00,8.798689991315024272e+00,1.500092725333161070e+00,8.869701753687717627e+00,2.500000000000000000e+00
1.831127593030947576e-01,8.924753597771687197e+00,2.566916753423192699e+00,8.798766034057573293e+00,1.500092422729721875e+00,8.869701770312202527e+00,2.500000000000000000e+00
1.833127593030949576e-01,8.924753613884776726e+00,2.564755883663596858e+00,8.798841802556102820e+00,1.500092121553507241e+00,8.869701786861952542e+00,2.500000000000000000e+00
1.835127593030951576e-01,8.924753629924587983e+00,2.562599878879397330e+00,8.798917298103491547e+00,1.500091821794740099e+00,8.869701803337424195e+00,2.500000000000000000e+00
1.837127593030953576e-01,8.924753645891552623e+00,2.560448728126758944e+00,8.798992521984555282e+00,1.500091523445689745e+00,8.869701819739070459e+00,2.500000000000000000e+00
1.839127593030955576e-01,8.924753661786100523e+00,2.558302420482850614e+00,8.799067475476363143e+00,1.500091226497488606e+00,8.869701836067303446e+00,2.500000000000000000e+00
1.841127593030957577e-01,8.924753677608759261e+00,2.556160945052317945e+00,8.799142159848031497e+00,1.500090930942178602e+00,8.869701852322661395e+00,2.500000000000000000e+00
1.843127593030959577e-01,8.924753693359889439e+00,2.554024290962213506e+00,8.799216576360983311e+00,1.500090636770210040e+00,8.869701868505513787e+00,2.500000000000000000e+00
1.845127593030961577e-01,8.924753709039812577e+00,2.551892447365234684e+00,8.799290726268793605e+00,1.500090343972487972e+00,8.869701884616173260e+00,2.500000000000000000e+00
1.847127593030963577e-01,8.924753724649100661e+00,2.549765403437730615e+00,8.799364610817434595e+00,1.500090052542418562e+00,8.869701900655220683e+00,2.500000000000000000e+00
1.849127593030965577e-01,8.924753740188199558e+00,2.547643148383205158e+00,8.799438231245261477e+00,1.500089762471134236e+00,8.869701916623109028e+00,2.500000000000000000e+00
1.851127593030967577e-01,8.924753755657334864e+00,2.545525671425077796e+00,8.799511588783078153e+00,1.500089473748857927e+00,8.869701932520055010e+00,2.500000000000000000e+00
1.853127593030969578e-01,8.924753771057076790e+00,2.543412961810946449e+00,8.799584684654375266e+00,1.500089186369450545e+00,8.869701948346639497e+00,2.500000000000000000e+00
1.855127593030971578e-01,8.924753786387860544e+00,2.541305008817064781e+00,8.799657520074935846e+00,1.500088900323589769e+00,8.869701964103288816e+00,2.500000000000000000e+00
1.857127593030973578e-01,8.924753801650043172e+00,2.539201801738936393e+00,8.799730096253359335e+00,1.500088615603317521e+00,8.869701979790376001e+00,2.500000000000000000e+00
1.859127593030975578e-01,8.924753816843995935e+00,2.537103329900241455e+00,8.799802414390764937e+00,1.500088332200675723e+00,8.869701995408266981e+00,2.500000000000000000e+00
1.861127593030977578e-01,8.924753831970180684e+00,2.535009582645912030e+00,8.799874475681157548e+00,1.500088050108615789e+00,8.869702010957432492e+00,2.500000000000000000e+00
1.863127593030979579e-01,8.924753847028966902e+00,2.532920549345477390e+00,8.799946281311271434e+00,1.500087769318042774e+00,8.869702026438234910e+00,2.500000000000000000e+00
1.865127593030981579e-01,8.924753862020704531e+00,2.530836219392285091e+00,8.800017832460632405e+00,1.500087489820998599e+00,8.869702041851029506e+00,2.500000000000000000e+00
1.867127593030983579e-01,8.924753876945935360e+00,2.528756582204277237e+00,8.800089130301811835e+00,1.500087211611571547e+00,8.869702057196365175e+00,2.500000000000000000e+00
1.869127593030985579e-01,8.924753891804861894e+00,2.526681627222535642e+00,8.800160176000161982e+00,1.500086934680211925e+00,8.869702072474435539e+00,2.500000000000000000e+00
1.871127593030987579e-01,8.924753906598004605e+00,2.524611343911982608e+00,8.800230970714153500e+00,1.500086659019189028e+00,8.869702087685778835e+00,2.500000000000000000e+00
1.873127593030989579e-01,8.924753921325772055e+00,2.522545721760084181e+00,8.800301515595352342e+00,1.500086384621909019e+00,8.869702102830791191e+00,2.500000000000000000e+00
1.875127593030991580e-01,8.924753935988432474e+00,2.520484750280218122e+00,8.800371811788304299e+00,1.500086111480186446e+00,8.869702117909749717e+00,2.500000000000000000e+00
1.877127593030993580e-01,8.924753950586408635e+00,2.518428419006639718e+00,8.800441860430806784e+00,1.500085839586290604e+00,8.869702132923087845e+00,2.500000000000000000e+00
1.879127593030995580e-01,8.924753965120070021e+00,2.516376717497419424e+00,8.800511662653883960e+00,1.500085568933855029e+00,8.869702147871160847e+00,2.500000000000000000e+00
1.881127593030997580e-01,8.924753979589864272e+00,2.514329635337093194e+00,8.800581219581870229e+00,1.500085299514466897e+00,8.869702162754428798e+00,2.500000000000000000e+00
1.883127593030999580e-01,8.924753993996061396e+00,2.512287162132083917e+00,8.800650532332111808e+00,1.500085031321304996e+00,8.869702177573159929e+00,2.500000000000000000e+00
1.885127593031001580e-01,8.924754008339114364e+00,2.510249287510636584e+00,8.800719602015767862e+00,1.500084764346865995e+00,8.869702192327807211e+00,2.500000000000000000e+00
1.887127593031003581e-01,8.924754022619294958e+00,2.508216001125362027e+00,8.800788429737076868e+00,1.500084498584101311e+00,8.869702207018654860e+00,2.500000000000000000e+00
1.889127593031005581e-01,8.924754036837059701e+00,2.506187292651470777e+00,8.800857016593930382e+00,1.500084234025962360e+00,8.869702221646150520e+00,2.500000000000000000e+00
1.891127593031007581e-01,8.924754050992731891e+00,2.504163151788711072e+00,8.800925363677681190e+00,1.500083970664718436e+00,8.869702236210626367e+00,2.500000000000000000e+00
1.893127593031009581e-01,8.924754065086631272e+00,2.502143568259676876e+00,8.800993472073079360e+00,1.500083708494912571e+00,8.869702250712402147e+00,2.500000000000000000e+00
1.895127593031011581e-01,8.924754079119237460e+00,2.500128531808731402e+00,8.801061342858890413e+00,1.500083447506767698e+00,8.869702265151957477e+00,2.500000000000000000e+00
1.897127593031013582e-01,8.924754093090768947e+00,2.498118032204637018e+00,8.801128977107044449e+00,1.500083187695963716e+00,8.869702279529516176e+00,2.500000000000000000e+00
1.899127593031015582e-01,8.924754107001565018e+00,2.496112059237890257e+00,8.801196375883442613e+00,1.500082929054087799e+00,8.869702293845415753e+00,2.500000000000000000e+00
1.901127593031017582e-01,8.924754120852089301e+00,2.494110602723274894e+00,8.801263540247800776e+00,1.500082671575228233e+00,8.869702308100126942e+00,2.500000000000000000e+00
1.903127593031019582e-01,8.924754134642642001e+00,2.492113652497728982e+00,8.801330471253480781e+00,1.500082415251426937e+00,8.869702322293948171e+00,2.500000000000000000e+00
1.905127593031021582e-01,8.924754148373482465e+00,2.490121198420626403e+00,8.801397169947648536e+00,1.500082160077226945e+00,8.869702336427142342e+00,2.500000000000000000e+00
1.907127593031023582e-01,8.924754162045093864e+00,2.488133230375539018e+00,8.801463637371591986e+00,1.500081906045124924e+00,8.869702350500199728e+00,2.500000000000000000e+00
1.909127593031025583e-01,8.924754175657700017e+00,2.486149738265637232e+00,8.801529874560308997e+00,1.500081653148754413e+00,8.869702364513333492e+00,2.500000000000000000e+00
1.911127593031027583e-01,8.924754189211693500e+00,2.484170712018531013e+00,8.801595882542892824e+00,1.500081401381294199e+00,8.869702378466952197e+00,2.500000000000000000e+00
1.913127593031029583e-01,8.924754202707388728e+00,2.482196141590363947e+00,8.801661662342214143e+00,1.500081150736832569e+00,8.869702392361361376e+00,2.500000000000000000e+00
1.915127593031031583e-01,8.924754216145137420e+00,2.480226016949881540e+00,8.801727214975631597e+00,1.500080901208320938e+00,8.869702406196925182e+00,2.500000000000000000e+00
1.917127593031033583e-01,8.924754229525214910e+00,2.478260328094203935e+00,8.801792541454210195e+00,1.500080652788710722e+00,8.869702419973913621e+00,2.500000000000000000e+00
1.919127593031035584e-01,8.924754242847956931e+00,2.476299065040027170e+00,8.801857642783410540e+00,1.500080405472317580e+00,8.869702433692664201e+00,2.500000000000000000e+00
1.921127593031037584e-01,8.924754256113754280e+00,2.474342217830109547e+00,8.801922519962770863e+00,1.500080159253229795e+00,8.869702447353571273e+00,2.500000000000000000e+00
1.923127593031039584e-01,8.924754269322869860e+00,2.472389776526127569e+00,8.801987173986098867e+00,1.500079914124626157e+00,8.869702460956906620e+00,2.500000000000000000e+00
1.925127593031041584e-01,8.924754282475646505e+00,2.470441731213102177e+00,8.802051605841533899e+00,1.500079670079912830e+00,8.869702474503004197e+00,2.500000000000000000e+00
1.927127593031043584e-01,8.924754295572324025e+00,2.468498071999996490e+00,8.802115816511351554e+00,1.500079427112495978e+00,8.869702487992109141e+00,2.500000000000000000e+00
1.929127593031045584e-01,8.924754308613339404e+00,2.466558789015316666e+00,8.802179806972416642e+00,1.500079185218055500e+00,8.869702501424665542e+00,2.500000000000000000e+00
1.931127593031047585e-01,8.924754321598955542e+00,2.464623872412349925e+00,8.802243578195804830e+00,1.500078944388405944e+00,8.869702514800938076e+00,2.500000000000000000e+00
1.933127593031049585e-01,8.924754334529392708e+00,2.462693312363916753e+00,8.802307131147200536e+00,1.500078704617635594e+00,8.869702528121132801e+00,2.500000000000000000e+00
1.935127593031051585e-01,8.924754347405077226e+00,2.460767099066551555e+00,8.802370466786513248e+00,1.500078465901196978e+00,8.869702541385704464e+00,2.500000000000000000e+00
1.937127593031053585e-01,8.924754360226362593e+00,2.458845222738713865e+00,8.802433586068509896e+00,1.500078228233405753e+00,8.869702554594988797e+00,2.500000000000000000e+00
1.939127593031055585e-01,8.924754372993390916e+00,2.456927673620660002e+00,8.802496489942218005e+00,1.500077991605621719e+00,8.869702567749142119e+00,2.500000000000000000e+00
1.941127593031057585e-01,8.924754385706499704e+00,2.455014441973397243e+00,8.802559179351458596e+00,1.500077756013297403e+00,8.869702580848491280e+00,2.500000000000000000e+00
1.943127593031059586e-01,8.924754398366047781e+00,2.453105518083246395e+00,8.802621655234474929e+00,1.500077521450975837e+00,8.869702593893407538e+00,2.500000000000000000e+00
1.945127593031061586e-01,8.924754410972369101e+00,2.451200892254441488e+00,8.802683918524463635e+00,1.500077287912063184e+00,8.869702606884219520e+00,2.500000000000000000e+00
1.947127593031063586e-01,8.924754423525683933e+00,2.449300554814512587e+00,8.802745970149119970e+00,1.500077055392239345e+00,8.869702619821161704e+00,2.500000000000000000e+00
1.949127593031065586e-01,8.924754436026228532e+00,2.447404496113562367e+00,8.802807811030932683e+00,1.500076823883318866e+00,8.869702632704456136e+00,2.500000000000000000e+00
1.951127593031067586e-01,8.924754448474418567e+00,2.445512706522140700e+00,8.802869442087187579e+00,1.500076593382118517e+00,8.869702645534534469e+00,2.500000000000000000e+00
1.953127593031069587e-01,8.924754460870447659e+00,2.443625176433301238e+00,8.802930864230058106e+00,1.500076363880680219e+00,8.869702658311583221e+00,2.500000000000000000e+00
1.955127593031071587e-01,8.924754473214639106e+00,2.441741896260923639e+00,8.802992078366452589e+00,1.500076135375138620e+00,8.869702671035929242e+00,2.500000000000000000e+00
1.957127593031073587e-01,8.924754485507333968e+00,2.439862856441149752e+00,8.803053085398326871e+00,1.500075907859582003e+00,8.869702683707920698e+00,2.500000000000000000e+00
1.959127593031075587e-01,8.924754497748709881e+00,2.437988047429439309e+00,8.803113886222419637e+00,1.500075681327871280e+00,8.869702696327731672e+00,2.500000000000000000e+00
1.961127593031077587e-01,8.924754509939100799e+00,2.436117459707040300e+00,8.803174481730492218e+00,1.500075455774322108e+00,8.869702708895699672e+00,2.500000000000000000e+00
1.963127593031079587e-01,8.924754522078833574e+00,2.434251083773181001e+00,8.803234872809390765e+00,1.500075231195069136e+00,8.869702721412153323e+00,2.500000000000000000e+00
1.965127593031081588e-01,8.924754534168098274e+00,2.432388910148678640e+00,8.803295060340872169e+00,1.500075007582154285e+00,8.869702733877282697e+00,2.500000000000000000e+00
1.967127593031083588e-01,8.924754546207266159e+00,2.430530929377253457e+00,8.803355045201891826e+00,1.500074784933303818e+00,8.869702746291471485e+00,2.500000000000000000e+00
1.969127593031085588e-01,8.924754558196442034e+00,2.428677132021582530e+00,8.803414828264340741e+00,1.500074563239650161e+00,8.869702758654815611e+00,2.500000000000000000e+00
1.971127593031087588e-01,8.924754570136036236e+00,2.426827508667804612e+00,8.803474410395402572e+00,1.500074342498010083e+00,8.869702770967723637e+00,2.500000000000000000e+00
1.973127593031089588e-01,8.924754582026269034e+00,2.424982049922360883e+00,8.803533792457388429e+00,1.500074122701789747e+00,8.869702783230428267e+00,2.500000000000000000e+00
1.975127593031091588e-01,8.924754593867497476e+00,2.423140746414519597e+00,8.803592975307802604e+00,1.500073903848260670e+00,8.869702795443290100e+00,2.500000000000000000e+00
1.977127593031093589e-01,8.924754605659838802e+00,2.421303588790142403e+00,8.803651959799397630e+00,1.500073685929464773e+00,8.869702807606413941e+00,2.500000000000000000e+00
1.979127593031095589e-01,8.924754617403678481e+00,2.419470567718921661e+00,8.803710746780302188e+00,1.500073468942446198e+00,8.869702819720201248e+00,2.500000000000000000e+00
1.981127593031097589e-01,8.924754629099210135e+00,2.417641673892635179e+00,8.803769337093770631e+00,1.500073252879701613e+00,8.869702831784842090e+00,2.500000000000000000e+00
1.983127593031099589e-01,8.924754640746735745e+00,2.415816898020818559e+00,8.803827731578579119e+00,1.500073037737365667e+00,8.869702843800640224e+00,2.500000000000000000e+00
1.985127593031101589e-01,8.924754652346457817e+00,2.413996230836694235e+00,8.803885931068668569e+00,1.500072823511345632e+00,8.869702855767799932e+00,2.500000000000000000e+00
1.987127593031103590e-01,8.924754663898628593e+00,2.412179663094029980e+00,8.803943936393595848e+00,1.500072610194138178e+00,8.869702867686575232e+00,2.500000000000000000e+00
1.989127593031105590e-01,8.924754675403676174e+00,2.410367185566755666e+00,8.804001748378302850e+00,1.500072397784151690e+00,8.869702879557397779e+00,2.500000000000000000e+00
1.991127593031107590e-01,8.924754686861616548e+00,2.408558789048687476e+00,8.804059367843066752e+00,1.500072186273428088e+00,8.869702891380283560e+00,2.500000000000000000e+00
1.993127593031109590e-01,8.924754698272822750e+00,2.406754464355681300e+00,8.804116795603816215e+00,1.500071975657647272e+00,8.869702903155605611e+00,2.500000000000000000e+00
1.995127593031111590e-01,8.924754709637493733e+00,2.404954202324286694e+00,8.804174032471877354e+00,1.500071765932943890e+00,8.869702914883575318e+00,2.500000000000000000e+00
1.997127593031113590e-01,8.924754720955935028e+00,2.403157993810896897e+00,8.804231079254298820e+00,1.500071557094088348e+00,8.869702926564485779e+00,2.500000000000000000e+00
1.999127593031115591e-01,8.924754732228402432e+00,2.401365829691506359e+00,8.804287936753679489e+00,1.500071349136078425e+00,8.869702938198599895e+00,2.500000000000000000e+00
2.001127593031117591e-01,8.924754743455098449e+00,2.399577700864909957e+00,8.804344605768104515e+00,1.500071142053457152e+00,8.869702949786127277e+00,2.500000000000000000e+00
2.003127593031119591e-01,8.924754754636149201e+00,2.397793598248560087e+00,8.804401087091376255e+00,1.500070935841904429e+00,8.869702961327195823e+00,2.500000000000000000e+00
2.005127593031121591e-01,8.924754765772114240e+00,2.396013512781515864e+00,8.804457381513225656e+00,1.500070730497782279e+00,8.869702972822359754e+00,2.500000000000000000e+00
2.007127593031123591e-01,8.924754776862883432e+00,2.394237435422371441e+00,8.804513489818525329e+00,1.500070526014724237e+00,8.869702984271512491e+00,2.500000000000000000e+00
2.009127593031125592e-01,8.924754787908856457e+00,2.392465357149667682e+00,8.804569412788609384e+00,1.500070322387955457e+00,8.869702995675059043e+00,2.500000000000000000e+00
2.011127593031127592e-01,8.924754798910333520e+00,2.390697268964495859e+00,8.804625151199987343e+00,1.500070119614974828e+00,8.869703007033299613e+00,2.500000000000000000e+00
2.013127593031129592e-01,8.924754809867444294e+00,2.388933161885090861e+00,8.804680705825214559e+00,1.500069917689415888e+00,8.869703018346365653e+00,2.500000000000000000e+00
2.015127593031131592e-01,8.924754820780382403e+00,2.387173026951685539e+00,8.804736077432693264e+00,1.500069716607185910e+00,8.869703029614449008e+00,2.500000000000000000e+00
2.017127593031133592e-01,8.924754831649597264e+00,2.385416855224486099e+00,8.804791266786729409e+00,1.500069516363964794e+00,8.869703040838009755e+00,2.500000000000000000e+00
2.019127593031135592e-01,8.924754842475055128e+00,2.383664637782904716e+00,8.804846274647221804e+00,1.500069316954750320e+00,8.869703052017005263e+00,2.500000000000000000e+00
2.021127593031137593e-01,8.924754853257152121e+00,2.381916365728460772e+00,8.804901101770354899e+00,1.500069118375222388e+00,8.869703063151847644e+00,2.500000000000000000e+00
2.023127593031139593e-01,8.924754863996003706e+00,2.380172030180183640e+00,8.804955748907955737e+00,1.500068920620833524e+00,8.869703074242645258e+00,2.500000000000000000e+00
2.025127593031141593e-01,8.924754874691977591e+00,2.378431622278899038e+00,8.805010216807996670e+00,1.500068723687718375e+00,8.869703085289767586e+00,2.500000000000000000e+00
2.027127593031143593e-01,8.924754885345160815e+00,2.376695133183874376e+00,8.805064506214410613e+00,1.500068527570874721e+00,8.869703096293299893e+00,2.500000000000000000e+00
2.029127593031145593e-01,8.924754895955926415e+00,2.374962554075682242e+00,8.805118617867075059e+00,1.500068332266437210e+00,8.869703107253620544e+00,2.500000000000000000e+00
2.031127593031147593e-01,8.924754906524281495e+00,2.373233876153536759e+00,8.805172552501973726e+00,1.500068137768721499e+00,8.869703118170745526e+00,2.500000000000000000e+00
2.033127593031149594e-01,8.924754917050584879e+00,2.371509090637573536e+00,8.805226310851070437e+00,1.500067944076363347e+00,8.869703129045023005e+00,2.500000000000000000e+00
2.035127593031151594e-01,8.924754927535065718e+00,2.369788188766328574e+00,8.805279893642683930e+00,1.500067751182086795e+00,8.869703139876694564e+00,2.500000000000000000e+00
2.037127593031153594e-01,8.924754937977958491e+00,2.368071161799216284e+00,8.805333301601008245e+00,1.500067559082253865e+00,8.869703150665989355e+00,2.500000000000000000e+00
2.039127593031155594e-01,8.924754948379366226e+00,2.366358001014696733e+00,8.805386535446407592e+00,1.500067367773681326e+00,8.869703161413013959e+00,2.500000000000000000e+00
2.041127593031157594e-01,8.924754958739526955e+00,2.364648697711387637e+00,8.805439595895450111e+00,1.500067177251139583e+00,8.869703172118009959e+00,2.500000000000000000e+00
2.043127593031159595e-01,8.924754969058771081e+00,2.362943243206827582e+00,8.805492483661080172e+00,1.500066987511900152e+00,8.869703182781313089e+00,2.500000000000000000e+00
2.045127593031161595e-01,8.924754979337146565e+00,2.361241628838144813e+00,8.805545199452151195e+00,1.500066798550506064e+00,8.869703193402960650e+00,2.500000000000000000e+00
2.047127593031163595e-01,8.924754989575012232e+00,2.359543845960325292e+00,8.805597743974201919e+00,1.500066610362637221e+00,8.869703203983327455e+00,2.500000000000000000e+00
2.049127593031165595e-01,8.924754999772599007e+00,2.357849885957720382e+00,8.805650117928438547e+00,1.500066422946019884e+00,8.869703214522637325e+00,2.500000000000000000e+00
2.051127593031167595e-01,8.924755009929901561e+00,2.356159740213369602e+00,8.805702322012963990e+00,1.500066236295424460e+00,8.869703225020892035e+00,2.500000000000000000e+00
2.053127593031169595e-01,8.924755020047244969e+00,2.354473400149729834e+00,8.805754356921921655e+00,1.500066050405393980e+00,8.869703235478413106e+00,2.500000000000000000e+00
2.055127593031171596e-01,8.924755030124821076e+00,2.352790857200605323e+00,8.805806223345799211e+00,1.500065865272972587e+00,8.869703245895395938e+00,2.500000000000000000e+00
2.057127593031173596e-01,8.924755040162933639e+00,2.351112102817174421e+00,8.805857921971574243e+00,1.500065680895886544e+00,8.869703256272146064e+00,2.500000000000000000e+00
2.059127593031175596e-01,8.924755050161612857e+00,2.349437128473354619e+00,8.805909453482469118e+00,1.500065497268451509e+00,8.869703266608700787e+00,2.500000000000000000e+00
2.061127593031177596e-01,8.924755060121276173e+00,2.347765925661086772e+00,8.805960818558308034e+00,1.500065314387711624e+00,8.869703276905472222e+00,2.500000000000000000e+00
2.063127593031179596e-01,8.924755070041886285e+00,2.346098485891908947e+00,8.806012017875172404e+00,1.500065132248437294e+00,8.869703287162428396e+00,2.500000000000000000e+00
2.065127593031181596e-01,8.924755079923809120e+00,2.344434800694734200e+00,8.806063052105772115e+00,1.500064950847900036e+00,8.869703297379935236e+00,2.500000000000000000e+00
2.067127593031183597e-01,8.924755089767128169e+00,2.342774861620449123e+00,8.806113921919193288e+00,1.500064770181097629e+00,8.869703307558079786e+00,2.500000000000000000e+00
2.069127593031185597e-01,8.924755099572129424e+00,2.341118660235997240e+00,8.806164627981072357e+00,1.500064590245756335e+00,8.869703317697148037e+00,2.500000000000000000e+00
2.071127593031187597e-01,8.924755109338903480e+00,2.339466188127760304e+00,8.806215170953628046e+00,1.500064411036873935e+00,8.869703327797234138e+00,2.500000000000000000e+00
2.073127593031189597e-01,8.924755119067780740e+00,2.337817436902867030e+00,8.806265551495682686e+00,1.500064232551039822e+00,8.869703337858666714e+00,2.500000000000000000e+00
2.075127593031191597e-01,8.924755128758915745e+00,2.336172398183763210e+00,8.806315770262536091e+00,1.500064054785298140e+00,8.869703347881610966e+00,2.500000000000000000e+00
2.077127593031193598e-01,8.924755138412338695e+00,2.334531063617434121e+00,8.806365827905977994e+00,1.500063877734646667e+00,8.869703357866082882e+00,2.500000000000000000e+00
2.079127593031195598e-01,8.924755148028474139e+00,2.332893424865510656e+00,8.806415725074728584e+00,1.500063701395674798e+00,8.869703367812521222e+00,2.500000000000000000e+00
2.081127593031197598e-01,8.924755157607334510e+00,2.331259473608909616e+00,8.806465462413900269e+00,1.500063525764971928e+00,8.869703377720936643e+00,2.500000000000000000e+00
2.083127593031199598e-01,8.924755167149230672e+00,2.329629201546963291e+00,8.806515040565438213e+00,1.500063350839582199e+00,8.869703387591648891e+00,2.500000000000000000e+00
2.085127593031201598e-01,8.924755176654246114e+00,2.328002600398884958e+00,8.806564460167910724e+00,1.500063176614503391e+00,8.869703397424729019e+00,2.500000000000000000e+00
2.087127593031203598e-01,8.924755186122574457e+00,2.326379661900642937e+00,8.806613721856558996e+00,1.500063003086552271e+00,8.869703407220383085e+00,2.500000000000000000e+00
2.089127593031205599e-01,8.924755195554487486e+00,2.324760377808311684e+00,8.806662826263481847e+00,1.500062830253000357e+00,8.869703416978877542e+00,2.500000000000000000e+00
2.091127593031207599e-01,8.924755204950042042e+00,2.323144739898035382e+00,8.806711774017372818e+00,1.500062658109527547e+00,8.869703426700279891e+00,2.500000000000000000e+00
2.093127593031209599e-01,8.924755214309513462e+00,2.321532739962458347e+00,8.806760565743774194e+00,1.500062486652268490e+00,8.869703436384854811e+00,2.500000000000000000e+00
2.095127593031211599e-01,8.924755223633145107e+00,2.319924369811533271e+00,8.806809202065107200e+00,1.500062315879404196e+00,8.869703446032861649e+00,2.500000000000000000e+00
2.097127593031213599e-01,8.924755232920949410e+00,2.318319621275913178e+00,8.806857683600467723e+00,1.500062145785250323e+00,8.869703455644303958e+00,2.500000000000000000e+00
2.099127593031215600e-01,8.924755242173183944e+00,2.316718486201785776e+00,8.806906010965917631e+00,1.500061976367305761e+00,8.869703465219444638e+00,2.500000000000000000e+00
2.101127593031217600e-01,8.924755251389976607e+00,2.315120956456961920e+00,8.806954184774291150e+00,1.500061807622387278e+00,8.869703474758406259e+00,2.500000000000000000e+00
2.103127593031219600e-01,8.924755260571608062e+00,2.313527023924722759e+00,8.807002205635441783e+00,1.500061639545947401e+00,8.869703484261487247e+00,2.500000000000000000e+00
2.105127593031221600e-01,8.924755269718147588e+00,2.311936680510867426e+00,8.807050074155736041e+00,1.500061472136849261e+00,8.869703493728749777e+00,2.500000000000000000e+00
2.107127593031223600e-01,8.924755278829840321e+00,2.310349918134513736e+00,8.807097790938966497e+00,1.500061305389408517e+00,8.869703503160433655e+00,2.500000000000000000e+00
2.109127593031225600e-01,8.924755287906897649e+00,2.308766728735810680e+00,8.807145356585595053e+00,1.500061139302033553e+00,8.869703512556757374e+00,2.500000000000000000e+00
2.111127593031227601e-01,8.924755296949319572e+00,2.307187104271617883e+00,8.807192771692907485e+00,1.500060973869722147e+00,8.869703521917728040e+00,2.500000000000000000e+00
2.113127593031229601e-01,8.924755305957402740e+00,2.305611036716323614e+00,8.807240036855569443e+00,1.500060809090655312e+00,8.869703531243638750e+00,2.500000000000000000e+00
2.115127593031231601e-01,8.924755314931291039e+00,2.304038518065318453e+00,8.807287152664802221e+00,1.500060644960512946e+00,8.869703540534631614e+00,2.500000000000000000e+00
2.117127593031233601e-01,8.924755323871178092e+00,2.302469540329469044e+00,8.807334119709162579e+00,1.500060481476111818e+00,8.869703549790909136e+00,2.500000000000000000e+00
2.119127593031235601e-01,8.924755332777206007e+00,2.300904095538292449e+00,8.807380938574091545e+00,1.500060318634496070e+00,8.869703559012613425e+00,2.500000000000000000e+00
2.121127593031237601e-01,8.924755341649508011e+00,2.299342175739032434e+00,8.807427609842083172e+00,1.500060156433164593e+00,8.869703568199874155e+00,2.500000000000000000e+00
2.123127593031239602e-01,8.924755350488327466e+00,2.297783772997085805e+00,8.807474134092800000e+00,1.500059994867342539e+00,8.869703577352941792e+00,2.500000000000000000e+00
2.125127593031241602e-01,8.924755359293728318e+00,2.296228879396578382e+00,8.807520511902758642e+00,1.500059833934756170e+00,8.869703586471878509e+00,2.500000000000000000e+00
2.127127593031243602e-01,8.924755368066005445e+00,2.294677487037334540e+00,8.807566743845937296e+00,1.500059673632222257e+00,8.869703595556984510e+00,2.500000000000000000e+00
2.129127593031245602e-01,8.924755376805155294e+00,2.293129588037148725e+00,8.807612830493175338e+00,1.500059513956330193e+00,8.869703604608258019e+00,2.500000000000000000e+00
2.131127593031247602e-01,8.924755385511433659e+00,2.291585174531809876e+00,8.807658772412548132e+00,1.500059354904578868e+00,8.869703613625949501e+00,2.500000000000000000e+00
2.133127593031249603e-01,8.924755394185028834e+00,2.290044238681089084e+00,8.807704570169239133e+00,1.500059196471738687e+00,8.869703622610256133e+00,2.500000000000000000e+00
2.135127593031251603e-01,8.924755402825995887e+00,2.288506772651623500e+00,8.807750224325589627e+00,1.500059038658037025e+00,8.869703631561229429e+00,2.500000000000000000e+00
2.137127593031253603e-01,8.924755411434645680e+00,2.286972768633685149e+00,8.807795735441299456e+00,1.500058881458471660e+00,8.869703640479189133e+00,2.500000000000000000e+00
2.139127593031255603e-01,8.924755420010981766e+00,2.285442218835629813e+00,8.807841104073153460e+00,1.500058724870086735e+00,8.869703649364124587e+00,2.500000000000000000e+00
2.141127593031257603e-01,8.924755428555270598e+00,2.283915115480374958e+00,8.807886330775163586e+00,1.500058568890153765e+00,8.869703658216320008e+00,2.500000000000000000e+00
2.143127593031259603e-01,8.924755437067569019e+00,2.282391450810683509e+00,8.807931416098629285e+00,1.500058413514580025e+00,8.869703667035835792e+00,2.500000000000000000e+00
2.145127593031261604e-01,8.924755445548068877e+00,2.280871217085788771e+00,8.807976360592100207e+00,1.500058258741319150e+00,8.869703675822851352e+00,2.500000000000000000e+00
2.147127593031263604e-01,8.924755453996974452e+00,2.279354406582851045e+00,8.808021164801443703e+00,1.500058104567870032e+00,8.869703684577581626e+00,2.500000000000000000e+00
2.149127593031265604e-01,8.924755462414394103e+00,2.277841011595739928e+00,8.808065829269766667e+00,1.500057950990822064e+00,8.869703693300134972e+00,2.500000000000000000e+00
2.151127593031267604e-01,8.924755470800505464e+00,2.276331024435686246e+00,8.808110354537529219e+00,1.500057798007446763e+00,8.869703701990687250e+00,2.500000000000000000e+00
2.153127593031269604e-01,8.924755479155354720e+00,2.274824437430507551e+00,8.808154741142493194e+00,1.500057645613424029e+00,8.869703710649289974e+00,2.500000000000000000e+00
2.155127593031271604e-01,8.924755487479286487e+00,2.273321242928814989e+00,8.808198989619921093e+00,1.500057493807844367e+00,8.869703719276289533e+00,2.500000000000000000e+00
2.157127593031273605e-01,8.924755495772231484e+00,2.271821433292066317e+00,8.808243100502119560e+00,1.500057342586387676e+00,8.869703727871616650e+00,2.500000000000000000e+00
2.159127593031275605e-01,8.924755504034484588e+00,2.270325000901948886e+00,8.808287074319107290e+00,1.500057191946552848e+00,8.869703736435560870e+00,2.500000000000000000e+00
2.161127593031277605e-01,8.924755512266195012e+00,2.268831938155257077e+00,8.808330911598138968e+00,1.500057041885611397e+00,8.869703744968290948e+00,2.500000000000000000e+00
2.163127593031279605e-01,8.924755520467371639e+00,2.267342237466395627e+00,8.808374612863881126e+00,1.500056892401289588e+00,8.869703753469806884e+00,2.500000000000000000e+00
2.165127593031281605e-01,8.924755528638288027e+00,2.265855891267208655e+00,8.808418178638444118e+00,1.500056743490176814e+00,8.869703761940375131e+00,2.500000000000000000e+00
2.167127593031283606e-01,8.924755536779098719e+00,2.264372892006898841e+00,8.808461609441517126e+00,1.500056595149999339e+00,8.869703770380164443e+00,2.500000000000000000e+00
2.169127593031285606e-01,8.924755544889819703e+00,2.262893232150318568e+00,8.808504905790044859e+00,1.500056447375982316e+00,8.869703778789189030e+00,2.500000000000000000e+00
2.171127593031287606e-01,8.924755552970749406e+00,2.261416904181109189e+00,8.808548068198525982e+00,1.500056300169035239e+00,8.869703787167747322e+00,2.500000000000000000e+00
2.173127593031289606e-01,8.924755561021850525e+00,2.259943900597960020e+00,8.808591097178998908e+00,1.500056153522336899e+00,8.869703795515800238e+00,2.500000000000000000e+00
2.175127593031291606e-01,8.924755569043409054e+00,2.258474213920593332e+00,8.808633993240903237e+00,1.500056007435205174e+00,8.869703803833644429e+00,2.500000000000000000e+00
2.177127593031293606e-01,8.924755577035542231e+00,2.257007836677898283e+00,8.808676756891385295e+00,1.500055861905593702e+00,8.869703812121388253e+00,2.500000000000000000e+00
2.179127593031295607e-01,8.924755584998319335e+00,2.255544761421553357e+00,8.808719388634937530e+00,1.500055716929409755e+00,8.869703820379113424e+00,2.500000000000000000e+00
2.181127593031297607e-01,8.924755592932024584e+00,2.254084980718696674e+00,8.808761888973796417e+00,1.500055572506198587e+00,8.869703828607100604e+00,2.500000000000000000e+00
2.183127593031299607e-01,8.924755600836554947e+00,2.252628487152662728e+00,8.808804258407441523e+00,1.500055428629366361e+00,8.869703836805237884e+00,2.500000000000000000e+00
2.185127593031301607e-01,8.924755608712276356e+00,2.251175273322893577e+00,8.808846497433403755e+00,1.500055285299822572e+00,8.869703844973908957e+00,2.500000000000000000e+00
2.187127593031303607e-01,8.924755616559204796e+00,2.249725331847881815e+00,8.808888606546389610e+00,1.500055142512792372e+00,8.869703853113124481e+00,2.500000000000000000e+00
2.189127593031305608e-01,8.924755624377540997e+00,2.248278655360480993e+00,8.808930586238885141e+00,1.500055000267138894e+00,8.869703861223090513e+00,2.500000000000000000e+00
2.191127593031307608e-01,8.924755632167345354e+00,2.246835236511570244e+00,8.808972437001033384e+00,1.500054858559678905e+00,8.869703869303858568e+00,2.500000000000000000e+00
2.193127593031309608e-01,8.924755639928775963e+00,2.245395067965914482e+00,8.809014159320570414e+00,1.500054717386774428e+00,8.869703877355597399e+00,2.500000000000000000e+00
2.195127593031311608e-01,8.924755647662047764e+00,2.243958142408084111e+00,8.809055753682898171e+00,1.500054576749334956e+00,8.869703885378523722e+00,2.500000000000000000e+00
2.197127593031313608e-01,8.924755655367061280e+00,2.242524452537143720e+00,8.809097220571075582e+00,1.500054436638492916e+00,8.869703893372534509e+00,2.500000000000000000e+00
2.199127593031315608e-01,8.924755663044248166e+00,2.241093991068574542e+00,8.809138560465951784e+00,1.500054297059250530e+00,8.869703901338066743e+00,2.500000000000000000e+00
2.201127593031317609e-01,8.924755670693535592e+00,2.239666750735280765e+00,8.809179773845906780e+00,1.500054158002967597e+00,8.869703909275047593e+00,2.500000000000000000e+00
2.203127593031319609e-01,8.924755678315099416e+00,2.238242724285561369e+00,8.809220861187039731e+00,1.500054019470326239e+00,8.869703917183651143e+00,2.500000000000000000e+00
2.205127593031321609e-01,8.924755685909099512e+00,2.236821904485140067e+00,8.809261822963348365e+00,1.500053881458143223e+00,8.869703925064046146e+00,2.500000000000000000e+00
2.207127593031323609e-01,8.924755693475685092e+00,2.235404284114034468e+00,8.809302659646492728e+00,1.500053743963690067e+00,8.869703932916381817e+00,2.500000000000000000e+00
2.209127593031325609e-01,8.924755701014905895e+00,2.233989855971331373e+00,8.809343371705660175e+00,1.500053606984238286e+00,8.869703940740699011e+00,2.500000000000000000e+00
2.211127593031327609e-01,8.924755708526976861e+00,2.232578612869932311e+00,8.809383959608119596e+00,1.500053470519105758e+00,8.869703948537225102e+00,2.500000000000000000e+00
2.213127593031329610e-01,8.924755716011899764e+00,2.231170547639798496e+00,8.809424423818745353e+00,1.500053334563290264e+00,8.869703956305958314e+00,2.500000000000000000e+00
2.215127593031331610e-01,8.924755723469930402e+00,2.229765653127385949e+00,8.809464764800249981e+00,1.500053199116109681e+00,8.869703964047165101e+00,2.500000000000000000e+00
2.217127593031333610e-01,8.924755730901081208e+00,2.228363922193748792e+00,8.809504983013169976e+00,1.500053064174153405e+00,8.869703971760847239e+00,2.500000000000000000e+00
2.219127593031335610e-01,8.924755738305499619e+00,2.226965347718302901e+00,8.809545078915782312e+00,1.500052929735147700e+00,8.869703979447157494e+00,2.500000000000000000e+00
2.221127593031337610e-01,8.924755745683473407e+00,2.225569922596663197e+00,8.809585052964287399e+00,1.500052795797955696e+00,8.869703987106385412e+00,2.500000000000000000e+00
2.223127593031339611e-01,8.924755753034865791e+00,2.224177639736972356e+00,8.809624905612666979e+00,1.500052662358029920e+00,8.869703994738395991e+00,2.500000000000000000e+00
2.225127593031341611e-01,8.924755760359929013e+00,2.222788492065502552e+00,8.809664637312733859e+00,1.500052529415142999e+00,8.869704002343443250e+00,2.500000000000000000e+00
2.227127593031343611e-01,8.924755767658899330e+00,2.221402472521538662e+00,8.809704248514462321e+00,1.500052396967248569e+00,8.869704009921768773e+00,2.500000000000000000e+00
2.229127593031345611e-01,8.924755774931652397e+00,2.220019574065958956e+00,8.809743739665153228e+00,1.500052265009344410e+00,8.869704017473246438e+00,2.500000000000000000e+00
2.231127593031347611e-01,8.924755782178417363e+00,2.218639789671887907e+00,8.809783111210458983e+00,1.500052133540521027e+00,8.869704024998100067e+00,2.500000000000000000e+00
2.233127593031349611e-01,8.924755789399339889e+00,2.217263112329372454e+00,8.809822363593724504e+00,1.500052002558959430e+00,8.869704032496485979e+00,2.500000000000000000e+00
2.235127593031351612e-01,8.924755796594551427e+00,2.215889535043700675e+00,8.809861497256337159e+00,1.500051872062158509e+00,8.869704039968532072e+00,2.500000000000000000e+00
2.237127593031353612e-01,8.924755803764121254e+00,2.214519050835583869e+00,8.809900512637462100e+00,1.500051742048299275e+00,8.869704047414312953e+00,2.500000000000000000e+00
2.239127593031355612e-01,8.924755810908166609e+00,2.213151652741647712e+00,8.809939410174402852e+00,1.500051612513516375e+00,8.869704054833944085e+00,2.500000000000000000e+00
2.241127593031357612e-01,8.924755818026822496e+00,2.211787333814966949e+00,8.809978190302231837e+00,1.500051483456900314e+00,8.869704062227564023e+00,2.500000000000000000e+00
2.243127593031359612e-01,8.924755825120225694e+00,2.210426087123293470e+00,8.810016853454090580e+00,1.500051354876404730e+00,8.869704069595309548e+00,2.500000000000000000e+00
2.245127593031361612e-01,8.924755832188393967e+00,2.209067905750087490e+00,8.810055400061024500e+00,1.500051226768391643e+00,8.869704076937194870e+00,2.500000000000000000e+00
2.247127593031363613e-01,8.924755839231560017e+00,2.207712782794287065e+00,8.810093830552240490e+00,1.500051099131951560e+00,8.869704084253468679e+00,2.500000000000000000e+00
2.249127593031365613e-01,8.924755846249786018e+00,2.206360711370780159e+00,8.810132145354746314e+00,1.500050971964810742e+00,8.869704091544178937e+00,2.500000000000000000e+00
2.251127593031367613e-01,8.924755853243242498e+00,2.205011684610403311e+00,8.810170344893665018e+00,1.500050845264922827e+00,8.869704098809506831e+00,2.500000000000000000e+00
2.253127593031369613e-01,8.924755860211893932e+00,2.203665695658287405e+00,8.810208429592050194e+00,1.500050719028422463e+00,8.869704106049415060e+00,2.500000000000000000e+00
2.255127593031371613e-01,8.924755867155990785e+00,2.202322737676152276e+00,8.810246399871175527e+00,1.500050593255764397e+00,8.869704113264155865e+00,2.500000000000000000e+00
2.257127593031373614e-01,8.924755874075543716e+00,2.200982803838680724e+00,8.810284256150206161e+00,1.500050467942401156e+00,8.869704120453741680e+00,2.500000000000000000e+00
2.259127593031375614e-01,8.924755880970764110e+00,2.199645887340349937e+00,8.810321998846362135e+00,1.500050343087877991e+00,8.869704127618383893e+00,2.500000000000000000e+00
2.261127593031377614e-01,8.924755887841667956e+00,2.198311981386455560e+00,8.810359628375016072e+00,1.500050218689921167e+00,8.869704134758098490e+00,2.500000000000000000e+00
2.263127593031379614e-01,8.924755894688455982e+00,2.196981079200775788e+00,8.810397145149636344e+00,1.500050094744665330e+00,8.869704141873091530e+00,2.500000000000000000e+00
2.265127593031381614e-01,8.924755901511190359e+00,2.195653174019488674e+00,8.810434549581689367e+00,1.500049971252565228e+00,8.869704148963423407e+00,2.500000000000000000e+00
2.267127593031383614e-01,8.924755908309931485e+00,2.194328259095871925e+00,8.810471842080801252e+00,1.500049848209528136e+00,8.869704156029165176e+00,2.500000000000000000e+00
2.269127593031385615e-01,8.924755915084814362e+00,2.193006327698741931e+00,8.810509023054640565e+00,1.500049725614871932e+00,8.869704163070435854e+00,2.500000000000000000e+00
2.271127593031387615e-01,8.924755921835961558e+00,2.191687373110508652e+00,8.810546092909202542e+00,1.500049603464503889e+00,8.869704170087363337e+00,2.500000000000000000e+00
2.273127593031389615e-01,8.924755928563520513e+00,2.190371388628916005e+00,8.810583052048412966e+00,1.500049481759106129e+00,8.869704177080118157e+00,2.500000000000000000e+00
2.275127593031391615e-01,8.924755935267530305e+00,2.189058367568791574e+00,8.810619900874382182e+00,1.500049360495722794e+00,8.869704184048716300e+00,2.500000000000000000e+00
2.277127593031393615e-01,8.924755941948136595e+00,2.187748303258938432e+00,8.810656639787412203e+00,1.500049239671398027e+00,8.869704190993315862e+00,2.500000000000000000e+00
2.279127593031395616e-01,8.924755948605341160e+00,2.186441189041603561e+00,8.810693269185966514e+00,1.500049119283403343e+00,8.869704197913916843e+00,2.500000000000000000e+00
2.281127593031397616e-01,8.924755955239431771e+00,2.185137018275483900e+00,8.810729789466762440e+00,1.500048999332648236e+00,8.869704204810805237e+00,2.500000000000000000e+00
2.283127593031399616e-01,8.924755961850326713e+00,2.183835784334265284e+00,8.810766201024485156e+00,1.500048879815039982e+00,8.869704211683904660e+00,2.500000000000000000e+00
2.285127593031401616e-01,8.924755968438271125e+00,2.182537480605348357e+00,8.810802504252309930e+00,1.500048760728986963e+00,8.869704218533463802e+00,2.500000000000000000e+00
2.287127593031403616e-01,8.924755975003309416e+00,2.181242100492606362e+00,8.810838699541427843e+00,1.500048642073807059e+00,8.869704225359527072e+00,2.500000000000000000e+00
2.289127593031405616e-01,8.924755981545493100e+00,2.179949637413808539e+00,8.810874787281298026e+00,1.500048523844498050e+00,8.869704232162142432e+00,2.500000000000000000e+00
2.291127593031407617e-01,8.924755988064983825e+00,2.178660084802433339e+00,8.810910767859571280e+00,1.500048406042196802e+00,8.869704238941483965e+00,2.500000000000000000e+00
2.293127593031409617e-01,8.924755994561881067e+00,2.177373436105304982e+00,8.810946641662212642e+00,1.500048288663720086e+00,8.869704245697635159e+00,2.500000000000000000e+00
2.295127593031411617e-01,8.924756001036284303e+00,2.176089684784803246e+00,8.810982409073439214e+00,1.500048171706112043e+00,8.869704252430707925e+00,2.500000000000000000e+00
2.297127593031413617e-01,8.924756007488261034e+00,2.174808824318667178e+00,8.811018070475604702e+00,1.500048055169372674e+00,8.869704259140773317e+00,2.500000000000000000e+00
2.299127593031415617e-01,8.924756013917900077e+00,2.173530848196721266e+00,8.811053626249469417e+00,1.500047939050773493e+00,8.869704265827918377e+00,2.500000000000000000e+00
2.301127593031417617e-01,8.924756020325315120e+00,2.172255749927852975e+00,8.811089076774004880e+00,1.500047823348040765e+00,8.869704272492256791e+00,2.500000000000000000e+00
2.303127593031419618e-01,8.924756026710690904e+00,2.170983523031017715e+00,8.811124422426543035e+00,1.500047708059582874e+00,8.869704279133975078e+00,2.500000000000000000e+00
2.305127593031421618e-01,8.924756033073931505e+00,2.169714161042389566e+00,8.811159663582545321e+00,1.500047593183808203e+00,8.869704285752982642e+00,2.500000000000000000e+00
2.307127593031423618e-01,8.924756039415308706e+00,2.168447657512798443e+00,8.811194800615938405e+00,1.500047478718670391e+00,8.869704292349544161e+00,2.500000000000000000e+00
2.309127593031425618e-01,8.924756045734875798e+00,2.167184006005775210e+00,8.811229833899027142e+00,1.500047364662577820e+00,8.869704298923718255e+00,2.500000000000000000e+00
2.311127593031427618e-01,8.924756052032661202e+00,2.165923200100914325e+00,8.811264763802176603e+00,1.500047251013711502e+00,8.869704305475536898e+00,2.500000000000000000e+00
2.313127593031429619e-01,8.924756058308851436e+00,2.164665233391061872e+00,8.811299590694371631e+00,1.500047137769342953e+00,8.869704312005183056e+00,2.500000000000000000e+00
2.315127593031431619e-01,8.924756064563416302e+00,2.163410099484717186e+00,8.811334314942731893e+00,1.500047024927653183e+00,8.869704318512640739e+00,2.500000000000000000e+00
2.317127593031433619e-01,8.924756070796570739e+00,2.162157792004611334e+00,8.811368936912900907e+00,1.500046912488414819e+00,8.869704324998112455e+00,2.500000000000000000e+00
2.319127593031435619e-01,8.924756077008410671e+00,2.160908304586096396e+00,8.811403456968770698e+00,1.500046800449354123e+00,8.869704331461694125e+00,2.500000000000000000e+00
2.321127593031437619e-01,8.924756083198948531e+00,2.159661630882071304e+00,8.811437875472597270e+00,1.500046688807287865e+00,8.869704337903412394e+00,2.500000000000000000e+00
2.323127593031439619e-01,8.924756089368266032e+00,2.158417764555902618e+00,8.811472192785140933e+00,1.500046577561533923e+00,8.869704344323340095e+00,2.500000000000000000e+00
2.325127593031441620e-01,8.924756095516492849e+00,2.157176699288877231e+00,8.811506409265446038e+00,1.500046466709363813e+00,8.869704350721614006e+00,2.500000000000000000e+00
2.327127593031443620e-01,8.924756101643806616e+00,2.155938428771677629e+00,8.811540525271011504e+00,1.500046356251459656e+00,8.869704357098408209e+00,2.500000000000000000e+00
2.329127593031445620e-01,8.924756107750166478e+00,2.154702946711844369e+00,8.811574541157771279e+00,1.500046246183956100e+00,8.869704363453683627e+00,2.500000000000000000e+00
2.331127593031447620e-01,8.924756113835734084e+00,2.153470246835519131e+00,8.811608457279929141e+00,1.500046136505034156e+00,8.869704369787603682e+00,2.500000000000000000e+00
2.333127593031449620e-01,8.924756119900596474e+00,2.152240322880930812e+00,8.811642273990115015e+00,1.500046027214466449e+00,8.869704376100260745e+00,2.500000000000000000e+00
2.335127593031451620e-01,8.924756125944750096e+00,2.151013168593364888e+00,8.811675991639674521e+00,1.500045918308615001e+00,8.869704382391647712e+00,2.500000000000000000e+00
2.337127593031453621e-01,8.924756131968377915e+00,2.149788777738411039e+00,8.811709610578164487e+00,1.500045809786797690e+00,8.869704388661954653e+00,2.500000000000000000e+00
2.339127593031455621e-01,8.924756137971559866e+00,2.148567144095799630e+00,8.811743131153605191e+00,1.500045701647650276e+00,8.869704394911250844e+00,2.500000000000000000e+00
2.341127593031457621e-01,8.924756143954358123e+00,2.147348261455943597e+00,8.811776553712544313e+00,1.500045593889126394e+00,8.869704401139609118e+00,2.500000000000000000e+00
2.343127593031459621e-01,8.924756149916905912e+00,2.146132123626256050e+00,8.811809878600035617e+00,1.500045486509861803e+00,8.869704407347166253e+00,2.500000000000000000e+00
2.345127593031461621e-01,8.924756155859236983e+00,2.144918724427201884e+00,8.811843106159470196e+00,1.500045379507582766e+00,8.869704413533952447e+00,2.500000000000000000e+00
2.347127593031463622e-01,8.924756161781450814e+00,2.143708057692651714e+00,8.811876236732837597e+00,1.500045272881152414e+00,8.869704419700065401e+00,2.500000000000000000e+00
2.349127593031465622e-01,8.924756167683598918e+00,2.142500117270554227e+00,8.811909270660565952e+00,1.500045166627160143e+00,8.869704425845565510e+00,2.500000000000000000e+00
2.351127593031467622e-01,8.924756173565908668e+00,2.141294897022525401e+00,8.811942208281690725e+00,1.500045060747424941e+00,8.869704431970680147e+00,2.500000000000000000e+00
2.353127593031469622e-01,8.924756179428205982e+00,2.140092390825388158e+00,8.811975049933552739e+00,1.500044955236717215e+00,8.869704438075228126e+00,2.500000000000000000e+00
2.355127593031471622e-01,8.924756185270846132e+00,2.138892592567840367e+00,8.812007795952252920e+00,1.500044850096401206e+00,8.869704444159571821e+00,2.500000000000000000e+00
2.357127593031473622e-01,8.924756191093795366e+00,2.137695496153166896e+00,8.812040446672254390e+00,1.500044745323066309e+00,8.869704450223686365e+00,2.500000000000000000e+00
2.359127593031475623e-01,8.924756196897124738e+00,2.136501095498497094e+00,8.812073002426636492e+00,1.500044640915803029e+00,8.869704456267626824e+00,2.500000000000000000e+00
2.361127593031477623e-01,8.924756202680883987e+00,2.135309384533788712e+00,8.812105463546926032e+00,1.500044536872792378e+00,8.869704462291460700e+00,2.500000000000000000e+00
2.363127593031479623e-01,8.924756208445220551e+00,2.134120357205231855e+00,8.812137830363301561e+00,1.500044433191533244e+00,8.869704468295324773e+00,2.500000000000000000e+00
2.365127593031481623e-01,8.924756214190210812e+00,2.132934007468978432e+00,8.812170103204522320e+00,1.500044329871798254e+00,8.869704474279302531e+00,2.500000000000000000e+00
2.367127593031483623e-01,8.924756219915897404e+00,2.131750329296950852e+00,8.812202282397793240e+00,1.500044226911086298e+00,8.869704480243440159e+00,2.500000000000000000e+00
2.369127593031485624e-01,8.924756225622422434e+00,2.130569316673658342e+00,8.812234368269002971e+00,1.500044124309397375e+00,8.869704486187879766e+00,2.500000000000000000e+00
2.371127593031487624e-01,8.924756231309862287e+00,2.129390963599619990e+00,8.812266361142514270e+00,1.500044022063775628e+00,8.869704492112690630e+00,2.500000000000000000e+00
2.373127593031489624e-01,8.924756236978199198e+00,2.128215264085752789e+00,8.812298261341425132e+00,1.500043920172856815e+00,8.869704498017862093e+00,2.500000000000000000e+00
2.375127593031491624e-01,8.924756242627617908e+00,2.127042212157768564e+00,8.812330069187291670e+00,1.500043818635731441e+00,8.869704503903589554e+00,2.500000000000000000e+00
2.377127593031493624e-01,8.924756248258114866e+00,2.125871801855284016e+00,8.812361785000380365e+00,1.500043717449216274e+00,8.869704509769855250e+00,2.500000000000000000e+00
2.379127593031495624e-01,8.924756253869865930e+00,2.124704027230079895e+00,8.812393409099506414e+00,1.500043616614220809e+00,8.869704515616840368e+00,2.500000000000000000e+00
2.381127593031497625e-01,8.924756259462911956e+00,2.123538882348159795e+00,8.812424941802150968e+00,1.500043516126424947e+00,8.869704521444591094e+00,2.500000000000000000e+00
2.383127593031499625e-01,8.924756265037240510e+00,2.122376361289458391e+00,8.812456383424356332e+00,1.500043415986283435e+00,8.869704527253093218e+00,2.500000000000000000e+00
2.385127593031501625e-01,8.924756270593080743e+00,2.121216458145303019e+00,8.812487734280907148e+00,1.500043316192659404e+00,8.869704533042582995e+00,2.500000000000000000e+00
2.387127593031503625e-01,8.924756276130436206e+00,2.120059167023514046e+00,8.812518994685088813e+00,1.500043216743279118e+00,8.869704538813056871e+00,2.500000000000000000e+00
2.389127593031505625e-01,8.924756281649337097e+00,2.118904482040489423e+00,8.812550164948930842e+00,1.500043117636096213e+00,8.869704544564550375e+00,2.500000000000000000e+00
2.391127593031507625e-01,8.924756287149909539e+00,2.117752397330577185e+00,8.812581245383164230e+00,1.500043018869746447e+00,8.869704550297194956e+00,2.500000000000000000e+00
2.393127593031509626e-01,8.924756292632213928e+00,2.116602907037923309e+00,8.812612236297034940e+00,1.500042920443320327e+00,8.869704556011038576e+00,2.500000000000000000e+00
2.395127593031511626e-01,8.924756298096376383e+00,2.115456005322559729e+00,8.812643137998652065e+00,1.500042822355453609e+00,8.869704561706219792e+00,2.500000000000000000e+00
2.397127593031513626e-01,8.924756303542450198e+00,2.114311686355414999e+00,8.812673950794698285e+00,1.500042724605009425e+00,8.869704567382798999e+00,2.500000000000000000e+00
2.399127593031515626e-01,8.924756308970424712e+00,2.113169944321692473e+00,8.812704674990399667e+00,1.500042627189941413e+00,8.869704573040749551e+00,2.500000000000000000e+00
2.401127593031517626e-01,8.924756314380452693e+00,2.112030773419073970e+00,8.812735310889951990e+00,1.500042530107975836e+00,8.869704578680238427e+00,2.500000000000000000e+00
2.403127593031519627e-01,8.924756319772731317e+00,2.110894167860079218e+00,8.812765858796169027e+00,1.500042433359794813e+00,8.869704584301459249e+00,2.500000000000000000e+00
2.405127593031521627e-01,8.924756325147049196e+00,2.109760121867267912e+00,8.812796319010338664e+00,1.500042336941987742e+00,8.869704589904195302e+00,2.500000000000000000e+00
2.407127593031523627e-01,8.924756330503685220e+00,2.108628629678515942e+00,8.812826691832739812e+00,1.500042240854099873e+00,8.869704595488741461e+00,2.500000000000000000e+00
2.409127593031525627e-01,8.924756335842703336e+00,2.107499685544638179e+00,8.812856977562340433e+00,1.500042145094766965e+00,8.869704601055156346e+00,2.500000000000000000e+00
2.411127593031527627e-01,8.924756341164025386e+00,2.106373283727628998e+00,8.812887176496651875e+00,1.500042049661715282e+00,8.869704606603360020e+00,2.500000000000000000e+00
2.413127593031529627e-01,8.924756346467914270e+00,2.105249418503253089e+00,8.812917288932156978e+00,1.500041954555172197e+00,8.869704612133615385e+00,2.500000000000000000e+00
2.415127593031531628e-01,8.924756351754364658e+00,2.104128084160956202e+00,8.812947315163889073e+00,1.500041859772409225e+00,8.869704617645924216e+00,2.500000000000000000e+00
2.417127593031533628e-01,8.924756357023394315e+00,2.103009275001979095e+00,8.812977255485712647e+00,1.500041765312516873e+00,8.869704623140304278e+00,2.500000000000000000e+00
2.419127593031535628e-01,8.924756362275140020e+00,2.101892985340957587e+00,8.813007110190232751e+00,1.500041671173903524e+00,8.869704628616881692e+00,2.500000000000000000e+00
2.421127593031537628e-01,8.924756367509672828e+00,2.100779209505233780e+00,8.813036879568912241e+00,1.500041577355432310e+00,8.869704634075748828e+00,2.500000000000000000e+00
2.423127593031539628e-01,8.924756372727081555e+00,2.099667941835565710e+00,8.813066563911748474e+00,1.500041483855738988e+00,8.869704639516985623e+00,2.500000000000000000e+00
2.425127593031541628e-01,8.924756377927296924e+00,2.098559176683806982e+00,8.813096163507687208e+00,1.500041390673231945e+00,8.869704644940517468e+00,2.500000000000000000e+00
2.427127593031543629e-01,8.924756383110560520e+00,2.097452908415543771e+00,8.813125678644484040e+00,1.500041297806319562e+00,8.869704650346594832e+00,2.500000000000000000e+00
2.429127593031545629e-01,8.924756388276861685e+00,2.096349131410028654e+00,8.813155109608521443e+00,1.500041205255456589e+00,8.869704655735207055e+00,2.500000000000000000e+00
2.431127593031547629e-01,8.924756393426264367e+00,2.095247840056736699e+00,8.813184456685096535e+00,1.500041113017459793e+00,8.869704661106423416e+00,2.500000000000000000e+00
2.433127593031549629e-01,8.924756398558841397e+00,2.094149028760114994e+00,8.813213720158323383e+00,1.500041021090510185e+00,8.869704666460304310e+00,2.500000000000000000e+00
2.435127593031551629e-01,8.924756403674733107e+00,2.093052691935713305e+00,8.813242900311037076e+00,1.500040929475972007e+00,8.869704671797014939e+00,2.500000000000000000e+00
2.437127593031553630e-01,8.924756408773900418e+00,2.091958824011720619e+00,8.813271997424923399e+00,1.500040838170434654e+00,8.869704677116491354e+00,2.500000000000000000e+00
2.439127593031555630e-01,8.924756413856474779e+00,2.090867419430471497e+00,8.813301011780543703e+00,1.500040747171851763e+00,8.869704682418877439e+00,2.500000000000000000e+00
2.441127593031557630e-01,8.924756418922509482e+00,2.089778472644555407e+00,8.813329943657109311e+00,1.500040656481587575e+00,8.869704687704237145e+00,2.500000000000000000e+00
2.443127593031559630e-01,8.924756423972073804e+00,2.088691978121840709e+00,8.813358793332845664e+00,1.500040566096231487e+00,8.869704692972616655e+00,2.500000000000000000e+00
2.445127593031561630e-01,8.924756429005189062e+00,2.087607930338599260e+00,8.813387561084745414e+00,1.500040476014874002e+00,8.869704698224058603e+00,2.500000000000000000e+00
2.447127593031563630e-01,8.924756434022034668e+00,2.086526323787567083e+00,8.813416247188635921e+00,1.500040386237515122e+00,8.869704703458740624e+00,2.500000000000000000e+00
2.449127593031565631e-01,8.924756439022461407e+00,2.085447152972504714e+00,8.813444851919099321e+00,1.500040296760516867e+00,8.869704708676513505e+00,2.500000000000000000e+00
2.451127593031567631e-01,8.924756444006870737e+00,2.084370412405386563e+00,8.813473375549953914e+00,1.500040207585243479e+00,8.869704713877773372e+00,2.500000000000000000e+00
2.453127593031569631e-01,8.924756448974966005e+00,2.083296096614793314e+00,8.813501818353358885e+00,1.500040118708966475e+00,8.869704719062232456e+00,2.500000000000000000e+00
2.455127593031571631e-01,8.924756453927100708e+00,2.082224200144753734e+00,8.813530180600739783e+00,1.500040030131003732e+00,8.869704724230240700e+00,2.500000000000000000e+00
2.457127593031573631e-01,8.924756458863154052e+00,2.081154717551137789e+00,8.813558462561935869e+00,1.500039941848626768e+00,8.869704729381691521e+00,2.500000000000000000e+00
2.459127593031575632e-01,8.924756463783269922e+00,2.080087643393699892e+00,8.813586664506173562e+00,1.500039853862972450e+00,8.869704734516703937e+00,2.500000000000000000e+00
2.461127593031577632e-01,8.924756468687478517e+00,2.079022972251522106e+00,8.813614786701302606e+00,1.500039766171084921e+00,8.869704739635329460e+00,2.500000000000000000e+00
2.463127593031579632e-01,8.924756473575905957e+00,2.077960698713148702e+00,8.813642829414142454e+00,1.500039678772736806e+00,8.869704744737690660e+00,2.500000000000000000e+00
2.465127593031581632e-01,8.924756478448546915e+00,2.076900817380650466e+00,8.813670792910311746e+00,1.500039591666336491e+00,8.869704749823780432e+00,2.500000000000000000e+00
2.467127593031583632e-01,8.924756483305513299e+00,2.075843322867207075e+00,8.813698677454510744e+00,1.500039504850292360e+00,8.869704754893716014e+00,2.500000000000000000e+00
2.469127593031585632e-01,8.924756488146813993e+00,2.074788209799585559e+00,8.813726483310118098e+00,1.500039418322785423e+00,8.869704759947502737e+00,2.500000000000000000e+00
2.471127593031587633e-01,8.924756492972509392e+00,2.073735472814798086e+00,8.813754210739501715e+00,1.500039332084952548e+00,8.869704764985208101e+00,2.500000000000000000e+00
2.473127593031589633e-01,8.924756497782709630e+00,2.072685106563665780e+00,8.813781860004073820e+00,1.500039246134065252e+00,8.869704770006935135e+00,2.500000000000000000e+00
2.475127593031591633e-01,8.924756502577499973e+00,2.071637105707996529e+00,8.813809431364092006e+00,1.500039160468304544e+00,8.869704775012777986e+00,2.500000000000000000e+00
2.477127593031593633e-01,8.924756507356864432e+00,2.070591464921307079e+00,8.813836925078655682e+00,1.500039075087670426e+00,8.869704780002715339e+00,2.500000000000000000e+00
2.479127593031595633e-01,8.924756512120925578e+00,2.069548178890444845e+00,8.813864341405890812e+00,1.500038989990798655e+00,8.869704784976878642e+00,2.500000000000000000e+00
2.481127593031597633e-01,8.924756516869715384e+00,2.068507242314117534e+00,8.813891680602846890e+00,1.500038905176097614e+00,8.869704789935296319e+00,2.500000000000000000e+00
2.483127593031599634e-01,8.924756521603287140e+00,2.067468649900487510e+00,8.813918942925482725e+00,1.500038820642885184e+00,8.869704794878019882e+00,2.500000000000000000e+00
2.485127593031601634e-01,8.924756526321727890e+00,2.066432396373217184e+00,8.813946128628773025e+00,1.500038736389797123e+00,8.869704799805141704e+00,2.500000000000000000e+00
2.487127593031603634e-01,8.924756531025085593e+00,2.065398476464545663e+00,8.813973237966573393e+00,1.500038652416378682e+00,8.869704804716711521e+00,2.500000000000000000e+00
2.489127593031605634e-01,8.924756535713408212e+00,2.064366884920822098e+00,8.814000271191824609e+00,1.500038568719219256e+00,8.869704809612771967e+00,2.500000000000000000e+00
2.491127593031607634e-01,8.924756540386756143e+00,2.063337616500588112e+00,8.814027228556168936e+00,1.500038485299455715e+00,8.869704814493385214e+00,2.500000000000000000e+00
2.493127593031609635e-01,8.924756545045239520e+00,2.062310665971527346e+00,8.814054110310580725e+00,1.500038402155496442e+00,8.869704819358679160e+00,2.500000000000000000e+00
2.495127593031611635e-01,8.924756549688797946e+00,2.061286028115219882e+00,8.814080916704732260e+00,1.500038319285977195e+00,8.869704824208572091e+00,2.500000000000000000e+00
2.497127593031613635e-01,8.924756554317529122e+00,2.060263697724202370e+00,8.814107647987368566e+00,1.500038236689078985e+00,8.869704829043172367e+00,2.500000000000000000e+00
2.499127593031615635e-01,8.924756558931578709e+00,2.059243669604185367e+00,8.814134304406275433e+00,1.500038154363892318e+00,8.869704833862629201e+00,2.500000000000000000e+00
2.501127593031617358e-01,8.924756563531094145e+00,2.058225938570419800e+00,8.814160886208219026e+00,1.500038072312008808e+00,8.869704838667086477e+00,2.500000000000000000e+00
2.503127593031619358e-01,8.924756568115858713e+00,2.057210499449502183e+00,8.814187393638833967e+00,1.500037990528426235e+00,8.869704843456331034e+00,2.500000000000000000e+00
2.505127593031621358e-01,8.924756572686035838e+00,2.056197347082454829e+00,8.814213826942870256e+00,1.500037909013599347e+00,8.869704848230529848e+00,2.500000000000000000e+00
2.507127593031623358e-01,8.924756577241801381e+00,2.055186476320417288e+00,8.814240186364164842e+00,1.500037827767755516e+00,8.869704852989848121e+00,2.500000000000000000e+00
2.509127593031625358e-01,8.924756581783030995e+00,2.054177882025939983e+00,8.814266472145270370e+00,1.500037746787711512e+00,8.869704857734175718e+00,2.500000000000000000e+00
2.511127593031627359e-01,8.924756586309905870e+00,2.053171559072183072e+00,8.814292684528151511e+00,1.500037666073239961e+00,8.869704862463693829e+00,2.500000000000000000e+00
2.513127593031629359e-01,8.924756590822461533e+00,2.052167502345785710e+00,8.814318823753470866e+00,1.500037585624568237e+00,8.869704867178429097e+00,2.500000000000000000e+00
2.515127593031631359e-01,8.924756595320717523e+00,2.051165706744487949e+00,8.814344890061075688e+00,1.500037505437830987e+00,8.869704871878413499e+00,2.500000000000000000e+00
2.517127593031633359e-01,8.924756599804750223e+00,2.050166167176592946e+00,8.814370883689818470e+00,1.500037425514392453e+00,8.869704876563718088e+00,2.500000000000000000e+00
2.519127593031635359e-01,8.924756604274589833e+00,2.049168878562011464e+00,8.814396804877576486e+00,1.500037345851978898e+00,8.869704881234371285e+00,2.500000000000000000e+00
2.521127593031637359e-01,8.924756608730396223e+00,2.048173835833543954e+00,8.814422653861363699e+00,1.500037266449908202e+00,8.869704885890543622e+00,2.500000000000000000e+00
2.523127593031639360e-01,8.924756613172117881e+00,2.047181033932479632e+00,8.814448430877042995e+00,1.500037187307270869e+00,8.869704890532174701e+00,2.500000000000000000e+00
2.525127593031641360e-01,8.924756617599776121e+00,2.046190467815650837e+00,8.814474136159603290e+00,1.500037108422702659e+00,8.869704895159294722e+00,2.500000000000000000e+00
2.527127593031643360e-01,8.924756622013561014e+00,2.045202132446857224e+00,8.814499769943257235e+00,1.500037029795748822e+00,8.869704899772093754e+00,2.500000000000000000e+00
2.529127593031645360e-01,8.924756626413396177e+00,2.044216022804197674e+00,8.814525332461068174e+00,1.500036951424135623e+00,8.869704904370486531e+00,2.500000000000000000e+00
2.531127593031647360e-01,8.924756630799427271e+00,2.043232133876078382e+00,8.814550823945213054e+00,1.500036873308545182e+00,8.869704908954627598e+00,2.500000000000000000e+00
2.533127593031649361e-01,8.924756635171677388e+00,2.042250460661455769e+00,8.814576244627055246e+00,1.500036795447385884e+00,8.869704913524545375e+00,2.500000000000000000e+00
2.535127593031651361e-01,8.924756639530160740e+00,2.041270998172095119e+00,8.814601594736869217e+00,1.500036717837929245e+00,8.869704918080243417e+00,2.500000000000000000e+00
2.537127593031653361e-01,8.924756643874987461e+00,2.040293741430718288e+00,8.814626874504098097e+00,1.500036640481539507e+00,8.869704922621847842e+00,2.500000000000000000e+00
2.539127593031655361e-01,8.924756648206114917e+00,2.039318685470028480e+00,8.814652084157231116e+00,1.500036563375488186e+00,8.869704927149307139e+00,2.500000000000000000e+00
2.541127593031657361e-01,8.924756652523750944e+00,2.038345825334759720e+00,8.814677223923943927e+00,1.500036486520684775e+00,8.869704931662834468e+00,2.500000000000000000e+00
2.543127593031659361e-01,8.924756656827854684e+00,2.037375156080376559e+00,8.814702294030901442e+00,1.500036409913946045e+00,8.869704936162380093e+00,2.500000000000000000e+00
2.545127593031661362e-01,8.924756661118461665e+00,2.036406672774263793e+00,8.814727294703855520e+00,1.500036333555954116e+00,8.869704940647991975e+00,2.500000000000000000e+00
2.547127593031663362e-01,8.924756665395687349e+00,2.035440370494038920e+00,8.814752226167744453e+00,1.500036257445344745e+00,8.869704945119780248e+00,2.500000000000000000e+00
2.549127593031665362e-01,8.924756669659494435e+00,2.034476244328879968e+00,8.814777088646511771e+00,1.500036181580071570e+00,8.869704949577716491e+00,2.500000000000000000e+00
2.551127593031667362e-01,8.924756673909994831e+00,2.033514289379195983e+00,8.814801882363326513e+00,1.500036105960134591e+00,8.869704954021901955e+00,2.500000000000000000e+00
2.553127593031669362e-01,8.924756678147227618e+00,2.032554500755361371e+00,8.814826607540361181e+00,1.500036030584851687e+00,8.869704958452388155e+00,2.500000000000000000e+00
2.555127593031671362e-01,8.924756682371272731e+00,2.031596873580527873e+00,8.814851264398999575e+00,1.500035955451721748e+00,8.869704962869247922e+00,2.500000000000000000e+00
2.557127593031673363e-01,8.924756686582119514e+00,2.030641402987871214e+00,8.814875853159671593e+00,1.500035880561654267e+00,8.869704967272470597e+00,2.500000000000000000e+00
2.559127593031675363e-01,8.924756690779874546e+00,2.029688084120730540e+00,8.814900374042034414e+00,1.500035805913285003e+00,8.869704971662171644e+00,2.500000000000000000e+00
2.561127593031677363e-01,8.924756694964536052e+00,2.028736912134019299e+00,8.814924827264711382e+00,1.500035731504567593e+00,8.869704976038343958e+00,2.500000000000000000e+00
2.563127593031679363e-01,8.924756699136228377e+00,2.027787882193599955e+00,8.814949213045712995e+00,1.500035657335047290e+00,8.869704980401117211e+00,2.500000000000000000e+00
2.565127593031681363e-01,8.924756703294963955e+00,2.026840989477411092e+00,8.814973531601909329e+00,1.500035583405178841e+00,8.869704984750503840e+00,2.500000000000000000e+00
2.567127593031683364e-01,8.924756707440700154e+00,2.025896229172629681e+00,8.814997783149479460e+00,1.500035509711551640e+00,8.869704989086457658e+00,2.500000000000000000e+00
2.569127593031685364e-01,8.924756711573634149e+00,2.024953596476803952e+00,8.815021967903780009e+00,1.500035436255075183e+00,8.869704993409177618e+00,2.500000000000000000e+00
2.571127593031687364e-01,8.924756715693687781e+00,2.024013086599639522e+00,8.815046086079176391e+00,1.500035363033703106e+00,8.869704997718594441e+00,2.500000000000000000e+00
2.573127593031689364e-01,8.924756719801088423e+00,2.023074694762013959e+00,8.815070137889355451e+00,1.500035290048799652e+00,8.869705002014930173e+00,2.500000000000000000e+00
2.575127593031691364e-01,8.924756723895661992e+00,2.022138416195143673e+00,8.815094123547002170e+00,1.500035217295362600e+00,8.869705006298008954e+00,2.500000000000000000e+00
2.577127593031693364e-01,8.924756727977600335e+00,2.021204246139154392e+00,8.815118043264128289e+00,1.500035144776347806e+00,8.869705010568035064e+00,2.500000000000000000e+00
2.579127593031695365e-01,8.924756732046917662e+00,2.020272179847289795e+00,8.815141897251761449e+00,1.500035072488572041e+00,8.869705014825004952e+00,2.500000000000000000e+00
2.581127593031697365e-01,8.924756736103628185e+00,2.019342212581478169e+00,8.815165685720280919e+00,1.500035000431807930e+00,8.869705019068948815e+00,2.500000000000000000e+00
2.583127593031699365e-01,8.924756740147882894e+00,2.018414339616671160e+00,8.815189408879060551e+00,1.500034928606510221e+00,8.869705023300017643e+00,2.500000000000000000e+00
2.585127593031701365e-01,8.924756744179527246e+00,2.017488556236282538e+00,8.815213066936694375e+00,1.500034857009268308e+00,8.869705027518053342e+00,2.500000000000000000e+00
2.587127593031703365e-01,8.924756748198817036e+00,2.016564857735869687e+00,8.815236660101151145e+00,1.500034785640082191e+00,8.869705031723311706e+00,2.500000000000000000e+00
2.589127593031705366e-01,8.924756752205746935e+00,2.015643239419764310e+00,8.815260188579371103e+00,1.500034714499633992e+00,8.869705035915789182e+00,2.500000000000000000e+00
2.591127593031707366e-01,8.924756756200272534e+00,2.014723696605275727e+00,8.815283652577470264e+00,1.500034643584967853e+00,8.869705040095450244e+00,2.500000000000000000e+00
2.593127593031709366e-01,8.924756760182525284e+00,2.013806224617671337e+00,8.815307052300957125e+00,1.500034572896311147e+00,8.869705044262412130e+00,2.500000000000000000e+00
2.595127593031711366e-01,8.924756764152547817e+00,2.012890818795635806e+00,8.815330387954423585e+00,1.500034502432072259e+00,8.869705048416733462e+00,2.500000000000000000e+00
2.597127593031713366e-01,8.924756768110308158e+00,2.011977474486620121e+00,8.815353659741569814e+00,1.500034432191796441e+00,8.869705052558373382e+00,2.500000000000000000e+00
2.599127593031715366e-01,8.924756772055923548e+00,2.011066187045804643e+00,8.815376867865614585e+00,1.500034362174574198e+00,8.869705056687458011e+00,2.500000000000000000e+00
2.601127593031717367e-01,8.924756775989481028e+00,2.010156951841271855e+00,8.815400012528705531e+00,1.500034292380632905e+00,8.869705060804065511e+00,2.500000000000000000e+00
2.603127593031719367e-01,8.924756779910930860e+00,2.009249764258219884e+00,8.815423093932182041e+00,1.500034222807016704e+00,8.869705064908153247e+00,2.500000000000000000e+00
2.605127593031721367e-01,8.924756783820372519e+00,2.008344619680090926e+00,8.815446112276825730e+00,1.500034153454180341e+00,8.869705068999826025e+00,2.500000000000000000e+00
2.607127593031723367e-01,8.924756787717848638e+00,2.007441513513651188e+00,8.815469067762384370e+00,1.500034084320986949e+00,8.869705073079117597e+00,2.500000000000000000e+00
2.609127593031725367e-01,8.924756791603341455e+00,2.006540441161611898e+00,8.815491960588067499e+00,1.500034015406754406e+00,8.869705077146013750e+00,2.500000000000000000e+00
2.611127593031727367e-01,8.924756795476969984e+00,2.005641398048412238e+00,8.815514790952205360e+00,1.500033946710345845e+00,8.869705081200637053e+00,2.500000000000000000e+00
2.613127593031729368e-01,8.924756799338819491e+00,2.004744379603822235e+00,8.815537559052428307e+00,1.500033878231533890e+00,8.869705085243078102e+00,2.500000000000000000e+00
2.615127593031731368e-01,8.924756803188726551e+00,2.003849381267736263e+00,8.815560265085450098e+00,1.500033809968044807e+00,8.869705089273166365e+00,2.500000000000000000e+00
2.617127593031733368e-01,8.924756807027073080e+00,2.002956398492950818e+00,8.815582909247467569e+00,1.500033741921924957e+00,8.869705093291285536e+00,2.500000000000000000e+00
2.619127593031735368e-01,8.924756810853494926e+00,2.002065426740299081e+00,8.815605491733627730e+00,1.500033674088399493e+00,8.869705097297076790e+00,2.500000000000000000e+00
2.621127593031737368e-01,8.924756814668382887e+00,2.001176461481235958e+00,8.815628012738637054e+00,1.500033606469060032e+00,8.869705101290927374e+00,2.500000000000000000e+00
2.623127593031739369e-01,8.924756818471628605e+00,2.000289498198377203e+00,8.815650472456264097e+00,1.500033539063224453e+00,8.869705105272737811e+00,2.500000000000000000e+00
2.625127593031741369e-01,8.924756822263255174e+00,1.999404532382406563e+00,8.815672871079510031e+00,1.500033471868846391e+00,8.869705109242522312e+00,2.500000000000000000e+00
2.627127593031743369e-01,8.924756826043326541e+00,1.998521559537257408e+00,8.815695208800729432e+00,1.500033404886607968e+00,8.869705113200344826e+00,2.500000000000000000e+00
2.629127593031745369e-01,8.924756829811945735e+00,1.997640575174149946e+00,8.815717485811548570e+00,1.500033338114917569e+00,8.869705117146319040e+00,2.500000000000000000e+00
2.631127593031747369e-01,8.924756833569125192e+00,1.996761574816097395e+00,8.815739702302844094e+00,1.500033271553320446e+00,8.869705121080453836e+00,2.500000000000000000e+00
2.633127593031749369e-01,8.924756837314799185e+00,1.995884553995513233e+00,8.815761858464654210e+00,1.500033205199315489e+00,8.869705125002683488e+00,2.500000000000000000e+00
2.635127593031751370e-01,8.924756841049193312e+00,1.995009508254859343e+00,8.815783954486445140e+00,1.500033139054494313e+00,8.869705128913233594e+00,2.500000000000000000e+00
2.637127593031753370e-01,8.924756844772236519e+00,1.994136433147349674e+00,8.815805990556853544e+00,1.500033073117037929e+00,8.869705132812036652e+00,2.500000000000000000e+00
2.639127593031755370e-01,8.924756848483960781e+00,1.993265324235081293e+00,8.815827966863826859e+00,1.500033007385809469e+00,8.869705136699122860e+00,2.500000000000000000e+00
2.641127593031757370e-01,8.924756852184476230e+00,1.992396177090798748e+00,8.815849883594674807e+00,1.500032941860581559e+00,8.869705140574605906e+00,2.500000000000000000e+00
2.643127593031759370e-01,8.924756855873772210e+00,1.991528987296610209e+00,8.815871740935877554e+00,1.500032876539762583e+00,8.869705144438475131e+00,2.500000000000000000e+00
2.645127593031761370e-01,8.924756859551900234e+00,1.990663750445216262e+00,8.815893539073329066e+00,1.500032811423579915e+00,8.869705148290780272e+00,2.500000000000000000e+00
2.647127593031763371e-01,8.924756863218878067e+00,1.989800462139909687e+00,8.815915278191972959e+00,1.500032746510441939e+00,8.869705152131549752e+00,2.500000000000000000e+00
2.649127593031765371e-01,8.924756866874815842e+00,1.988939117992615024e+00,8.815936958476365604e+00,1.500032681800803402e+00,8.869705155960874166e+00,2.500000000000000000e+00
2.651127593031767371e-01,8.924756870519724217e+00,1.988079713625589218e+00,8.815958580110176968e+00,1.500032617292845316e+00,8.869705159778785486e+00,2.500000000000000000e+00
2.653127593031769371e-01,8.924756874153532138e+00,1.987222244670649340e+00,8.815980143276398451e+00,1.500032552985658185e+00,8.869705163585207330e+00,2.500000000000000000e+00
2.655127593031771371e-01,8.924756877776559350e+00,1.986366706770273938e+00,8.816001648157477888e+00,1.500032488879469383e+00,8.869705167380454114e+00,2.500000000000000000e+00
2.657127593031773372e-01,8.924756881388480778e+00,1.985513095575640374e+00,8.816023094934791970e+00,1.500032424972005174e+00,8.869705171164211421e+00,2.500000000000000000e+00
2.659127593031775372e-01,8.924756884989609063e+00,1.984661406749452794e+00,8.816044483789507780e+00,1.500032361263720304e+00,8.869705174936784786e+00,2.500000000000000000e+00
2.661127593031777372e-01,8.924756888579894465e+00,1.983811635961491016e+00,8.816065814901838493e+00,1.500032297753705279e+00,8.869705178698131576e+00,2.500000000000000000e+00
2.663127593031779372e-01,8.924756892159374289e+00,1.982963778893013673e+00,8.816087088451359577e+00,1.500032234441277978e+00,8.869705182448285541e+00,2.500000000000000000e+00
2.665127593031781372e-01,8.924756895728096495e+00,1.982117831235121530e+00,8.816108304616916413e+00,1.500032171325528907e+00,8.869705186187301749e+00,2.500000000000000000e+00
2.667127593031783372e-01,8.924756899286064638e+00,1.981273788688549420e+00,8.816129463576821479e+00,1.500032108404866449e+00,8.869705189915169541e+00,2.500000000000000000e+00
2.669127593031785373e-01,8.924756902833289374e+00,1.980431646962877323e+00,8.816150565508548809e+00,1.500032045679517978e+00,8.869705193631919116e+00,2.500000000000000000e+00
2.671127593031787373e-01,8.924756906370065579e+00,1.979591401778741933e+00,8.816171610589174534e+00,1.500031983149710868e+00,8.869705197337831137e+00,2.500000000000000000e+00
2.673127593031789373e-01,8.924756909896009560e+00,1.978753048864680730e+00,8.816192598994639695e+00,1.500031920811807140e+00,8.869705201032536124e+00,2.500000000000000000e+00
2.675127593031791373e-01,8.924756913411552972e+00,1.977916583959947072e+00,8.816213530900810724e+00,1.500031858668762652e+00,8.869705204716458624e+00,2.500000000000000000e+00
2.677127593031793373e-01,8.924756916916484428e+00,1.977082002813417505e+00,8.816234406482424291e+00,1.500031796716939425e+00,8.869705208389387252e+00,2.500000000000000000e+00
2.679127593031795374e-01,8.924756920410978012e+00,1.976249301183411022e+00,8.816255225913797844e+00,1.500031734957246954e+00,8.869705212051499643e+00,2.500000000000000000e+00
2.681127593031797374e-01,8.924756923894920035e+00,1.975418474836584837e+00,8.816275989368474342e+00,1.500031673387411502e+00,8.869705215702680334e+00,2.500000000000000000e+00
2.683127593031799374e-01,8.924756927368527215e+00,1.974589519551753325e+00,8.816296697019474493e+00,1.500031612008115189e+00,8.869705219343149594e+00,2.500000000000000000e+00
2.685127593031801374e-01,8.924756930831698298e+00,1.973762431114969296e+00,8.816317349039026752e+00,1.500031550818448522e+00,8.869705222972811498e+00,2.500000000000000000e+00
2.687127593031803374e-01,8.924756934284554077e+00,1.972937205321459997e+00,8.816337945598936798e+00,1.500031489817047259e+00,8.869705226591769076e+00,2.500000000000000000e+00
2.689127593031805374e-01,8.924756937727108763e+00,1.972113837981215534e+00,8.816358486870003119e+00,1.500031429003684025e+00,8.869705230200064960e+00,2.500000000000000000e+00
2.691127593031807375e-01,8.924756941159435186e+00,1.971292324904455162e+00,8.816378973022835908e+00,1.500031368378131447e+00,8.869705233797755994e+00,2.500000000000000000e+00
2.693127593031809375e-01,8.924756944581417883e+00,1.970472661917374468e+00,8.816399404227054148e+00,1.500031307937661040e+00,8.869705237384726715e+00,2.500000000000000000e+00
2.695127593031811375e-01,8.924756947993286005e+00,1.969654844853625519e+00,8.816419780651877147e+00,1.500031247684319169e+00,8.869705240961211601e+00,2.500000000000000000e+00
2.697127593031813375e-01,8.924756951394993365e+00,1.968838869557918647e+00,8.816440102465675110e+00,1.500031187616286843e+00,8.869705244527160914e+00,2.500000000000000000e+00
2.699127593031815375e-01,8.924756954786595031e+00,1.968024731882055844e+00,8.816460369836418565e+00,1.500031127732654568e+00,8.869705248082645710e+00,2.500000000000000000e+00
2.701127593031817375e-01,8.924756958168064358e+00,1.967212427687682785e+00,8.816480582931333743e+00,1.500031068031830728e+00,8.869705251627618026e+00,2.500000000000000000e+00
2.703127593031819376e-01,8.924756961539484834e+00,1.966401952847475654e+00,8.816500741916959427e+00,1.500031008514952191e+00,8.869705255162173785e+00,2.500000000000000000e+00
2.705127593031821376e-01,8.924756964901019884e+00,1.965593303241619960e+00,8.816520846959411628e+00,1.500030949181791584e+00,8.869705258686478189e+00,2.500000000000000000e+00
2.707127593031823376e-01,8.924756968252406608e+00,1.964786474759677715e+00,8.816540898223991007e+00,1.500030890028483554e+00,8.869705262200266560e+00,2.500000000000000000e+00
2.709127593031825376e-01,8.924756971593911459e+00,1.963981463301047725e+00,8.816560895875522164e+00,1.500030831056619718e+00,8.869705265703810682e+00,2.500000000000000000e+00
2.711127593031827376e-01,8.924756974925507791e+00,1.963178264773882242e+00,8.816580840078152903e+00,1.500030772265972701e+00,8.869705269197073250e+00,2.500000000000000000e+00
2.713127593031829377e-01,8.924756978247250672e+00,1.962376875095654949e+00,8.816600730995512336e+00,1.500030713654950887e+00,8.869705272680125319e+00,2.500000000000000000e+00
2.715127593031831377e-01,8.924756981559152536e+00,1.961577290194065126e+00,8.816620568790494161e+00,1.500030655223099529e+00,8.869705276152965112e+00,2.500000000000000000e+00
2.717127593031833377e-01,8.924756984861227593e+00,1.960779506004623141e+00,8.816640353625480486e+00,1.500030596969054386e+00,8.869705279615621052e+00,2.500000000000000000e+00
2.719127593031835377e-01,8.924756988153577097e+00,1.959983518473598085e+00,8.816660085662226365e+00,1.500030538893497578e+00,8.869705283068187285e+00,2.500000000000000000e+00
2.721127593031837377e-01,8.924756991436108677e+00,1.959189323553247597e+00,8.816679765061882890e+00,1.500030480994155369e+00,8.869705286510573217e+00,2.500000000000000000e+00
2.723127593031839377e-01,8.924756994708992863e+00,1.958396917208292898e+00,8.816699391985078904e+00,1.500030423271709878e+00,8.869705289942952930e+00,2.500000000000000000e+00
2.725127593031841378e-01,8.924756997972227879e+00,1.957606295410673436e+00,8.816718966591800211e+00,1.500030365725706361e+00,8.869705293365322873e+00,2.500000000000000000e+00
2.727127593031843378e-01,8.924757001225856357e+00,1.956817454142486312e+00,8.816738489041396676e+00,1.500030308354098452e+00,8.869705296777720349e+00,2.500000000000000000e+00
2.729127593031845378e-01,8.924757004469883626e+00,1.956030389393799362e+00,8.816757959492694141e+00,1.500030251157795647e+00,8.869705300180170227e+00,2.500000000000000000e+00
2.731127593031847378e-01,8.924757007704375411e+00,1.955245097164420187e+00,8.816777378103989093e+00,1.500030194135661077e+00,8.869705303572720467e+00,2.500000000000000000e+00
2.733127593031849378e-01,8.924757010929209144e+00,1.954461573462951574e+00,8.816796745032739580e+00,1.500030137285875753e+00,8.869705306955262714e+00,2.500000000000000000e+00
2.735127593031851378e-01,8.924757014144656608e+00,1.953679814306715334e+00,8.816816060436311275e+00,1.500030080608894423e+00,8.869705310328056314e+00,2.500000000000000000e+00
2.737127593031853379e-01,8.924757017350602339e+00,1.952899815723138532e+00,8.816835324470915225e+00,1.500030024103807591e+00,8.869705313690996462e+00,2.500000000000000000e+00
2.739127593031855379e-01,8.924757020547128050e+00,1.952121573746832484e+00,8.816854537292714511e+00,1.500029967770387884e+00,8.869705317044159543e+00,2.500000000000000000e+00
2.741127593031857379e-01,8.924757023734262162e+00,1.951345084422311915e+00,8.816873699056936076e+00,1.500029911607725808e+00,8.869705320387582859e+00,2.500000000000000000e+00
2.743127593031859379e-01,8.924757026912095270e+00,1.950570343803587514e+00,8.816892809918481788e+00,1.500029855616048735e+00,8.869705323721349899e+00,2.500000000000000000e+00
2.745127593031861379e-01,8.924757030080535003e+00,1.949797347952225035e+00,8.816911870031439946e+00,1.500029799793082930e+00,8.869705327045368293e+00,2.500000000000000000e+00
2.747127593031863380e-01,8.924757033239666626e+00,1.949026092939361465e+00,8.816930879549602196e+00,1.500029744138373644e+00,8.869705330359732187e+00,2.500000000000000000e+00
2.749127593031865380e-01,8.924757036389555864e+00,1.948256574845472766e+00,8.816949838626035429e+00,1.500029688652830373e+00,8.869705333664501978e+00,2.500000000000000000e+00
2.751127593031867380e-01,8.924757039530211600e+00,1.947488789758353489e+00,8.816968747413314489e+00,1.500029633334861501e+00,8.869705336959684772e+00,2.500000000000000000e+00
2.753127593031869380e-01,8.924757042661687123e+00,1.946722733777215719e+00,8.816987606063385385e+00,1.500029578184239654e+00,8.869705340245342740e+00,2.500000000000000000e+00
2.755127593031871380e-01,8.924757045783987763e+00,1.945958403006784465e+00,8.817006414727783792e+00,1.500029523199373216e+00,8.869705343521481211e+00,2.500000000000000000e+00
2.757127593031873380e-01,8.924757048897181022e+00,1.945195793563178732e+00,8.817025173557350826e+00,1.500029468381171682e+00,8.869705346788160583e+00,2.500000000000000000e+00
2.759127593031875381e-01,8.924757052001265123e+00,1.944434901569704888e+00,8.817043882702426671e+00,1.500029413728498184e+00,8.869705350045389736e+00,2.500000000000000000e+00
2.761127593031877381e-01,8.924757055096213421e+00,1.943675723158641011e+00,8.817062542312889661e+00,1.500029359238624238e+00,8.869705353293134920e+00,2.500000000000000000e+00
2.763127593031879381e-01,8.924757058182171576e+00,1.942918254471904582e+00,8.817081152537943112e+00,1.500029304914278327e+00,8.869705356531547125e+00,2.500000000000000000e+00
2.765127593031881381e-01,8.924757061259215973e+00,1.942162491659965573e+00,8.817099713526399540e+00,1.500029250754096211e+00,8.869705359760700958e+00,2.500000000000000000e+00
2.767127593031883381e-01,8.924757064327105027e+00,1.941408430880472213e+00,8.817118225426280986e+00,1.500029196755122030e+00,8.869705362980353058e+00,2.500000000000000000e+00
2.769127593031885382e-01,8.924757067386105192e+00,1.940656068300949499e+00,8.817136688385442511e+00,1.500029142919174774e+00,8.869705366190775209e+00,2.500000000000000000e+00
2.771127593031887382e-01,8.924757070436262651e+00,1.939905400097971411e+00,8.817155102550916723e+00,1.500029089245117575e+00,8.869705369392010041e+00,2.500000000000000000e+00
2.773127593031889382e-01,8.924757073477460168e+00,1.939156422455476037e+00,8.817173468069274378e+00,1.500029035732040938e+00,8.869705372583952752e+00,2.500000000000000000e+00
2.775127593031891382e-01,8.924757076509870046e+00,1.938409131567159882e+00,8.817191785086686551e+00,1.500028982379262743e+00,8.869705375766763211e+00,2.500000000000000000e+00
2.777127593031893382e-01,8.924757079533447879e+00,1.937663523634315155e+00,8.817210053748604892e+00,1.500028929186782989e+00,8.869705378940402341e+00,2.500000000000000000e+00
2.779127593031895382e-01,8.924757082548250509e+00,1.936919594866156613e+00,8.817228274200088478e+00,1.500028876154601676e+00,8.869705382104926983e+00,2.500000000000000000e+00
2.781127593031897383e-01,8.924757085554190894e+00,1.936177341483573455e+00,8.817246446585569331e+00,1.500028823279990320e+00,8.869705385260255426e+00,2.500000000000000000e+00
2.783127593031899383e-01,8.924757088551491080e+00,1.935436759712497734e+00,8.817264571049172162e+00,1.500028770563176295e+00,8.869705388406606161e+00,2.500000000000000000e+00
2.785127593031901383e-01,8.924757091540033827e+00,1.934697845791022885e+00,8.817282647734153045e+00,1.500028718005523842e+00,8.869705391543856621e+00,2.500000000000000000e+00
2.787127593031903383e-01,8.924757094519977230e+00,1.933960595960134032e+00,8.817300676783681013e+00,1.500028665605441347e+00,8.869705394672180887e+00,2.500000000000000000e+00
2.789127593031905383e-01,8.924757097491296420e+00,1.933225006474446062e+00,8.817318658340127513e+00,1.500028613360882446e+00,8.869705397791538104e+00,2.500000000000000000e+00
2.791127593031907383e-01,8.924757100453932779e+00,1.932491073595216546e+00,8.817336592545332863e+00,1.500028561271619765e+00,8.869705400901887415e+00,2.500000000000000000e+00
2.793127593031909384e-01,8.924757103408044401e+00,1.931758793587430523e+00,8.817354479540933099e+00,1.500028509338790172e+00,8.869705404003372706e+00,2.500000000000000000e+00
2.795127593031911384e-01,8.924757106353544245e+00,1.931028162734981235e+00,8.817372319467645880e+00,1.500028457560802053e+00,8.869705407095917593e+00,2.500000000000000000e+00
2.797127593031913384e-01,8.924757109290597512e+00,1.930299177321971538e+00,8.817390112465972152e+00,1.500028405937655407e+00,8.869705410179680172e+00,2.500000000000000000e+00
2.799127593031915384e-01,8.924757112219053212e+00,1.929571833642812040e+00,8.817407858675808896e+00,1.500028354466849123e+00,8.869705413254514781e+00,2.500000000000000000e+00
2.801127593031917384e-01,8.924757115139181352e+00,1.928846128001686644e+00,8.817425558236612559e+00,1.500028303150656939e+00,8.869705416320700309e+00,2.500000000000000000e+00
2.803127593031919385e-01,8.924757118050768767e+00,1.928122056709357990e+00,8.817443211287235627e+00,1.500028251986805117e+00,8.869705419378000499e+00,2.500000000000000000e+00
2.805127593031921385e-01,8.924757120953977108e+00,1.927399616085070821e+00,8.817460817966187747e+00,1.500028200974838910e+00,8.869705422426608976e+00,2.500000000000000000e+00
2.807127593031923385e-01,8.924757123848831242e+00,1.926678802457614470e+00,8.817478378411356843e+00,1.500028150114530945e+00,8.869705425466527515e+00,2.500000000000000000e+00
2.809127593031925385e-01,8.924757126735313406e+00,1.925959612162776002e+00,8.817495892760200960e+00,1.500028099405426474e+00,8.869705428497747235e+00,2.500000000000000000e+00
2.811127593031927385e-01,8.924757129613515971e+00,1.925242041545001781e+00,8.817513361149760698e+00,1.500028048847070750e+00,8.869705431520356953e+00,2.500000000000000000e+00
2.813127593031929385e-01,8.924757132483403410e+00,1.924526086956503734e+00,8.817530783716350129e+00,1.500027998439009025e+00,8.869705434534330024e+00,2.500000000000000000e+00
2.815127593031931386e-01,8.924757135345032566e+00,1.923811744759709841e+00,8.817548160596142992e+00,1.500027948179877058e+00,8.869705437539723292e+00,2.500000000000000000e+00
2.817127593031933386e-01,8.924757138198392781e+00,1.923099011321905749e+00,8.817565491924513665e+00,1.500027898069902221e+00,8.869705440536517216e+00,2.500000000000000000e+00
2.819127593031935386e-01,8.924757141043595965e+00,1.922387883021615229e+00,8.817582777836529218e+00,1.500027848108402395e+00,8.869705443524836141e+00,2.500000000000000000e+00
2.821127593031937386e-01,8.924757143880659882e+00,1.921678356244116426e+00,8.817600018466837497e+00,1.500027798295150205e+00,8.869705446504692503e+00,2.500000000000000000e+00
2.823127593031939386e-01,8.924757146709454858e+00,1.920970427381886392e+00,8.817617213949368704e+00,1.500027748628781410e+00,8.869705449475951298e+00,2.500000000000000000e+00
2.825127593031941386e-01,8.924757149530208267e+00,1.920264092838257497e+00,8.817634364417887838e+00,1.500027699109523383e+00,8.869705452438852333e+00,2.500000000000000000e+00
2.827127593031943387e-01,8.924757152342840172e+00,1.919559349022142314e+00,8.817651470005380077e+00,1.500027649737148749e+00,8.869705455393305016e+00,2.500000000000000000e+00
2.829127593031945387e-01,8.924757155147448273e+00,1.918856192352114798e+00,8.817668530844645858e+00,1.500027600509838521e+00,8.869705458339423032e+00,2.500000000000000000e+00
2.831127593031947387e-01,8.924757157943981056e+00,1.918154619253884752e+00,8.817685547067837248e+00,1.500027551427820072e+00,8.869705461277147762e+00,2.500000000000000000e+00
2.833127593031949387e-01,8.924757160732500694e+00,1.917454626160279396e+00,8.817702518806626699e+00,1.500027502491548148e+00,8.869705464206534273e+00,2.500000000000000000e+00
2.835127593031951387e-01,8.924757163513078240e+00,1.916756209514846931e+00,8.817719446192459287e+00,1.500027453698749014e+00,8.869705467127664278e+00,2.500000000000000000e+00
2.837127593031953388e-01,8.924757166285642640e+00,1.916059365767035283e+00,8.817736329355934544e+00,1.500027405049422669e+00,8.869705470040461393e+00,2.500000000000000000e+00
2.839127593031955388e-01,8.924757169050245409e+00,1.915364091374478495e+00,8.817753168427554300e+00,1.500027356543341739e+00,8.869705472944986013e+00,2.500000000000000000e+00
2.841127593031957388e-01,8.924757171807035760e+00,1.914670382804473325e+00,8.817769963537173794e+00,1.500027308180733598e+00,8.869705475841376696e+00,2.500000000000000000e+00
2.843127593031959388e-01,8.924757174555846717e+00,1.913978236529011001e+00,8.817786714814214832e+00,1.500027259960234005e+00,8.869705478729475345e+00,2.500000000000000000e+00
2.845127593031961388e-01,8.924757177296955390e+00,1.913287649031573334e+00,8.817803422387777701e+00,1.500027211882752454e+00,8.869705481609560849e+00,2.500000000000000000e+00
2.847127593031963388e-01,8.924757180030077564e+00,1.912598616800663232e+00,8.817820086386220169e+00,1.500027163945333086e+00,8.869705484481338331e+00,2.500000000000000000e+00
2.849127593031965389e-01,8.924757182755511664e+00,1.911911136335251449e+00,8.817836706937818292e+00,1.500027116148658024e+00,8.869705487345122208e+00,2.500000000000000000e+00
2.851127593031967389e-01,8.924757185473104926e+00,1.911225204140520662e+00,8.817853284170114492e+00,1.500027068492954641e+00,8.869705490200754383e+00,2.500000000000000000e+00
2.853127593031969389e-01,8.924757188182962153e+00,1.910540816729682456e+00,8.817869818210281707e+00,1.500027020976858694e+00,8.869705493048332556e+00,2.500000000000000000e+00
2.855127593031971389e-01,8.924757190885136637e+00,1.909857970624402101e+00,8.817886309185196225e+00,1.500026973599233315e+00,8.869705495887920677e+00,2.500000000000000000e+00
2.857127593031973389e-01,8.924757193579571535e+00,1.909176662353209153e+00,8.817902757221050436e+00,1.500026926361442747e+00,8.869705498719461900e+00,2.500000000000000000e+00
2.859127593031975390e-01,8.924757196266426718e+00,1.908496888454554341e+00,8.817919162443754288e+00,1.500026879262804869e+00,8.869705501543110771e+00,2.500000000000000000e+00
2.861127593031977390e-01,8.924757198945542314e+00,1.907818645471979435e+00,8.817935524978764761e+00,1.500026832299454327e+00,8.869705504358714521e+00,2.500000000000000000e+00
2.863127593031979390e-01,8.924757201617074642e+00,1.907141929957705484e+00,8.817951844951096518e+00,1.500026785475938595e+00,8.869705507166427694e+00,2.500000000000000000e+00
2.865127593031981390e-01,8.924757204281046796e+00,1.906466738472617273e+00,8.817968122485284610e+00,1.500026738788619696e+00,8.869705509966271606e+00,2.500000000000000000e+00
2.867127593031983390e-01,8.924757206937368181e+00,1.905793067584589551e+00,8.817984357705423548e+00,1.500026692237270254e+00,8.869705512758152111e+00,2.500000000000000000e+00
2.869127593031985390e-01,8.924757209586246631e+00,1.905120913869468691e+00,8.818000550735337839e+00,1.500026645823027138e+00,8.869705515542294805e+00,2.500000000000000000e+00
2.871127593031987391e-01,8.924757212227602210e+00,1.904450273910629488e+00,8.818016701698239146e+00,1.500026599543389239e+00,8.869705518318605542e+00,2.500000000000000000e+00
2.873127593031989391e-01,8.924757214861406496e+00,1.903781144299379058e+00,8.818032810716907477e+00,1.500026553398811302e+00,8.869705521087055899e+00,2.500000000000000000e+00
2.875127593031991391e-01,8.924757217487792715e+00,1.903113521635652505e+00,8.818048877913881256e+00,1.500026507389065955e+00,8.869705523847796869e+00,2.500000000000000000e+00
2.877127593031993391e-01,8.924757220106645406e+00,1.902447402524043429e+00,8.818064903411071853e+00,1.500026461512788956e+00,8.869705526600688117e+00,2.500000000000000000e+00
2.879127593031995391e-01,8.924757222718202598e+00,1.901782783580151737e+00,8.818080887330138395e+00,1.500026415771117172e+00,8.869705529345987216e+00,2.500000000000000000e+00
2.881127593031997391e-01,8.924757225322313303e+00,1.901119661424929275e+00,8.818096829792157365e+00,1.500026370162231615e+00,8.869705532083541399e+00,2.500000000000000000e+00
2.883127593031999392e-01,8.924757227919064562e+00,1.900458032687716514e+00,8.818112730917938791e+00,1.500026324686814405e+00,8.869705534813428827e+00,2.500000000000000000e+00
2.885127593032001392e-01,8.924757230508513217e+00,1.899797894006455490e+00,8.818128590827814861e+00,1.500026279343273927e+00,8.869705537535716999e+00,2.500000000000000000e+00
2.887127593032003392e-01,8.924757233090558017e+00,1.899139242024336260e+00,8.818144409641602621e+00,1.500026234131155434e+00,8.869705540250299336e+00,2.500000000000000000e+00
2.889127593032005392e-01,8.924757235665346400e+00,1.898482073394248237e+00,8.818160187478881085e+00,1.500026189050458925e+00,8.869705542957332156e+00,2.500000000000000000e+00
2.891127593032007392e-01,8.924757238232885470e+00,1.897826384776049702e+00,8.818175924458737214e+00,1.500026144101184400e+00,8.869705545656811907e+00,2.500000000000000000e+00
2.893127593032009393e-01,8.924757240793171675e+00,1.897172172836086634e+00,8.818191620699890265e+00,1.500026099281740244e+00,8.869705548348745694e+00,2.500000000000000000e+00
2.895127593032011393e-01,8.924757243346276070e+00,1.896519434249526848e+00,8.818207276320492838e+00,1.500026054593263325e+00,8.869705551033193913e+00,2.500000000000000000e+00
2.897127593032013393e-01,8.924757245892140034e+00,1.895868165698380903e+00,8.818222891438535882e+00,1.500026010033707280e+00,8.869705553710112156e+00,2.500000000000000000e+00
2.899127593032015393e-01,8.924757248430807977e+00,1.895218363871295386e+00,8.818238466171401058e+00,1.500025965604208977e+00,8.869705556379537725e+00,2.500000000000000000e+00
2.901127593032017393e-01,8.924757250962361610e+00,1.894570025467091634e+00,8.818254000636203571e+00,1.500025921301357812e+00,8.869705559041552334e+00,2.500000000000000000e+00
2.903127593032019393e-01,8.924757253486784947e+00,1.893923147190482492e+00,8.818269494949541709e+00,1.500025877128337015e+00,8.869705561696145324e+00,2.500000000000000000e+00
2.905127593032021394e-01,8.924757256004154371e+00,1.893277725751850493e+00,8.818284949227773950e+00,1.500025833083100224e+00,8.869705564343387749e+00,2.500000000000000000e+00
2.907127593032023394e-01,8.924757258514379288e+00,1.892633757870810784e+00,8.818300363586612178e+00,1.500025789164283196e+00,8.869705566983190792e+00,2.500000000000000000e+00
2.909127593032025394e-01,8.924757261017576937e+00,1.891991240275213260e+00,8.818315738141603077e+00,1.500025745374159669e+00,8.869705569615677021e+00,2.500000000000000000e+00
2.911127593032027394e-01,8.924757263513750871e+00,1.891350169697759043e+00,8.818331073007907861e+00,1.500025701709773784e+00,8.869705572240849989e+00,2.500000000000000000e+00
2.913127593032029394e-01,8.924757266002879774e+00,1.890710542879953548e+00,8.818346368300074900e+00,1.500025658170216047e+00,8.869705574858688379e+00,2.500000000000000000e+00
2.915127593032031394e-01,8.924757268485009831e+00,1.890072356571742329e+00,8.818361624132423415e+00,1.500025614757532821e+00,8.869705577469231272e+00,2.500000000000000000e+00
2.917127593032033395e-01,8.924757270960226307e+00,1.889435607527921501e+00,8.818376840618951107e+00,1.500025571470359864e+00,8.869705580072576367e+00,2.500000000000000000e+00
2.919127593032035395e-01,8.924757273428427951e+00,1.888800292512997858e+00,8.818392017873051714e+00,1.500025528306650813e+00,8.869705582668615307e+00,2.500000000000000000e+00
2.921127593032037395e-01,8.924757275889753316e+00,1.888166408296813481e+00,8.818407156007898706e+00,1.500025485268452030e+00,8.869705585257491975e+00,2.500000000000000000e+00
2.923127593032039395e-01,8.924757278344234379e+00,1.887533951657889286e+00,8.818422255136287191e+00,1.500025442353944527e+00,8.869705587839234795e+00,2.500000000000000000e+00
2.925127593032041395e-01,8.924757280791748570e+00,1.886902919381428179e+00,8.818437315370427854e+00,1.500025399562673556e+00,8.869705590413721197e+00,2.500000000000000000e+00
2.927127593032043396e-01,8.924757283232565896e+00,1.886273308259288850e+00,8.818452336822524273e+00,1.500025356895321238e+00,8.869705592981233622e+00,2.500000000000000000e+00
2.929127593032045396e-01,8.924757285666423456e+00,1.885645115091488133e+00,8.818467319603991328e+00,1.500025314350068584e+00,8.869705595541496734e+00,2.500000000000000000e+00
2.931127593032047396e-01,8.924757288093504215e+00,1.885018336684983975e+00,8.818482263826115997e+00,1.500025271927370341e+00,8.869705598094688170e+00,2.500000000000000000e+00
2.933127593032049396e-01,8.924757290513797514e+00,1.884392969854105093e+00,8.818497169599721630e+00,1.500025229625634893e+00,8.869705600640815035e+00,2.500000000000000000e+00
2.935127593032051396e-01,8.924757292927383290e+00,1.883769011419177630e+00,8.818512037035349138e+00,1.500025187447135977e+00,8.869705603179955489e+00,2.500000000000000000e+00
2.937127593032053396e-01,8.924757295334176277e+00,1.883146458209499219e+00,8.818526866242994089e+00,1.500025145388235615e+00,8.869705605712013607e+00,2.500000000000000000e+00
2.939127593032055397e-01,8.924757297734235095e+00,1.882525307058805275e+00,8.818541657332506389e+00,1.500025103450070674e+00,8.869705608237058669e+00,2.500000000000000000e+00
2.941127593032057397e-01,8.924757300127643234e+00,1.881905554811960535e+00,8.818556410413123103e+00,1.500025061632641155e+00,8.869705610755170611e+00,2.500000000000000000e+00
2.943127593032059397e-01,8.924757302514427337e+00,1.881287198318561282e+00,8.818571125593910764e+00,1.500025019935492310e+00,8.869705613266377853e+00,2.500000000000000000e+00
2.945127593032061397e-01,8.924757304894470167e+00,1.880670234434738575e+00,8.818585802983404776e+00,1.500024978357259897e+00,8.869705615770561380e+00,2.500000000000000000e+00
2.947127593032063397e-01,8.924757307267856987e+00,1.880054660024893964e+00,8.818600442689890073e+00,1.500024936897034422e+00,8.869705618267811786e+00,2.500000000000000000e+00
2.949127593032065398e-01,8.924757309634726354e+00,1.879440471959702430e+00,8.818615044821298099e+00,1.500024895556862248e+00,8.869705620758260523e+00,2.500000000000000000e+00
2.951127593032067398e-01,8.924757311994977016e+00,1.878827667117105360e+00,8.818629609485167720e+00,1.500024854334697011e+00,8.869705623241816994e+00,2.500000000000000000e+00
2.953127593032069398e-01,8.924757314348664039e+00,1.878216242382319212e+00,8.818644136788543975e+00,1.500024813230083964e+00,8.869705625718527386e+00,2.500000000000000000e+00
2.955127593032071398e-01,8.924757316695812293e+00,1.877606194647153837e+00,8.818658626838368875e+00,1.500024772243250482e+00,8.869705628188425450e+00,2.500000000000000000e+00
2.957127593032073398e-01,8.924757319036464409e+00,1.876997520810960385e+00,8.818673079741060405e+00,1.500024731372832321e+00,8.869705630651550265e+00,2.500000000000000000e+00
2.959127593032075398e-01,8.924757321370520913e+00,1.876390217779918546e+00,8.818687495602606674e+00,1.500024690619284229e+00,8.869705633107797027e+00,2.500000000000000000e+00
2.961127593032077399e-01,8.924757323698187861e+00,1.875784282466291586e+00,8.818701874528887430e+00,1.500024649981924085e+00,8.869705635557386003e+00,2.500000000000000000e+00
2.963127593032079399e-01,8.924757326019376436e+00,1.875179711790908588e+00,8.818716216625178461e+00,1.500024609460524516e+00,8.869705638000224823e+00,2.500000000000000000e+00
2.965127593032081399e-01,8.924757328334097295e+00,1.874576502680774581e+00,8.818730521996521077e+00,1.500024569054630774e+00,8.869705640436313487e+00,2.500000000000000000e+00
2.967127593032083399e-01,8.924757330642393072e+00,1.873974652068852054e+00,8.818744790747601314e+00,1.500024528764015486e+00,8.869705642865703510e+00,2.500000000000000000e+00
2.969127593032085399e-01,8.924757332944320609e+00,1.873374156896697507e+00,8.818759022982817442e+00,1.500024488587314409e+00,8.869705645288458840e+00,2.500000000000000000e+00
2.971127593032087399e-01,8.924757335239839051e+00,1.872775014111665914e+00,8.818773218806017056e+00,1.500024448526119158e+00,8.869705647704524409e+00,2.500000000000000000e+00
2.973127593032089400e-01,8.924757337529074519e+00,1.872177220668746589e+00,8.818787378320912751e+00,1.500024408579065494e+00,8.869705650114044104e+00,2.500000000000000000e+00
2.975127593032091400e-01,8.924757339811909773e+00,1.871580773528189745e+00,8.818801501630808559e+00,1.500024368744334424e+00,8.869705652516890027e+00,2.500000000000000000e+00
2.977127593032093400e-01,8.924757342088430079e+00,1.870985669658772554e+00,8.818815588838576858e+00,1.500024329023062819e+00,8.869705654913149218e+00,2.500000000000000000e+00
2.979127593032095400e-01,8.924757344358708266e+00,1.870391906035241636e+00,8.818829640046896401e+00,1.500024289414795930e+00,8.869705657302892732e+00,2.500000000000000000e+00
2.981127593032097400e-01,8.924757346622639531e+00,1.869799479639927764e+00,8.818843655357913036e+00,1.500024249918851638e+00,8.869705659686022869e+00,2.500000000000000000e+00
2.983127593032099401e-01,8.924757348880401508e+00,1.869208387461545051e+00,8.818857634873641160e+00,1.500024210535457314e+00,8.869705662062719043e+00,2.500000000000000000e+00
2.985127593032101401e-01,8.924757351131857419e+00,1.868618626495461399e+00,8.818871578695647528e+00,1.500024171263021344e+00,8.869705664432830261e+00,2.500000000000000000e+00
2.987127593032103401e-01,8.924757353377115621e+00,1.868030193743229317e+00,8.818885486925154282e+00,1.500024132101771102e+00,8.869705666796487975e+00,2.500000000000000000e+00
2.989127593032105401e-01,8.924757355616193877e+00,1.867443086213722570e+00,8.818899359663033621e+00,1.500024093053298202e+00,8.869705669153695737e+00,2.500000000000000000e+00
2.991127593032107401e-01,8.924757357849136596e+00,1.866857300923134844e+00,8.818913197009976557e+00,1.500024054114192040e+00,8.869705671504497957e+00,2.500000000000000000e+00
2.993127593032109401e-01,8.924757360075826540e+00,1.866272834894439958e+00,8.818926999066016847e+00,1.500024015284679990e+00,8.869705673848786276e+00,2.500000000000000000e+00
2.995127593032111402e-01,8.924757362296444896e+00,1.865689685155587751e+00,8.818940765931197134e+00,1.500023976565671546e+00,8.869705676186731225e+00,2.500000000000000000e+00
2.997127593032113402e-01,8.924757364510941926e+00,1.865107848743237318e+00,8.818954497705080442e+00,1.500023937956484588e+00,8.869705678518293723e+00,2.500000000000000000e+00
2.999127593032115402e-01,8.924757366719296314e+00,1.864527322698807277e+00,8.818968194486924261e+00,1.500023899455527499e+00,8.869705680843450679e+00,2.500000000000000000e+00
3.001127593032117402e-01,8.924757368921662604e+00,1.863948104071903034e+00,8.818981856375646800e+00,1.500023861064619268e+00,8.869705683162356635e+00,2.500000000000000000e+00
3.003127593032119402e-01,8.924757371117896909e+00,1.863370189918596376e+00,8.818995483469816321e+00,1.500023822780576666e+00,8.869705685474865930e+00,2.500000000000000000e+00
3.005127593032121402e-01,8.924757373308080943e+00,1.862793577300767112e+00,8.819009075867638714e+00,1.500023784604763932e+00,8.869705687781062053e+00,2.500000000000000000e+00
3.007127593032123403e-01,8.924757375492351485e+00,1.862218263287774400e+00,8.819022633667206179e+00,1.500023746538545311e+00,8.869705690081090665e+00,2.500000000000000000e+00
3.009127593032125403e-01,8.924757377670518466e+00,1.861644244954904881e+00,8.819036156965994522e+00,1.500023708577600701e+00,8.869705692374749262e+00,2.500000000000000000e+00
3.011127593032127403e-01,8.924757379842688465e+00,1.861071519384895012e+00,8.819049645861333886e+00,1.500023670723749092e+00,8.869705694662147977e+00,2.500000000000000000e+00
3.013127593032129403e-01,8.924757382009005369e+00,1.860500083665877380e+00,8.819063100450286186e+00,1.500023632977672605e+00,8.869705696943439577e+00,2.500000000000000000e+00
3.015127593032131403e-01,8.924757384169334173e+00,1.859929934893370440e+00,8.819076520829458588e+00,1.500023595337779625e+00,8.869705699218480177e+00,2.500000000000000000e+00
3.017127593032133404e-01,8.924757386323765473e+00,1.859361070169730512e+00,8.819089907095136738e+00,1.500023557803842778e+00,8.869705701487362148e+00,2.500000000000000000e+00
3.019127593032135404e-01,8.924757388472201569e+00,1.858793486602156486e+00,8.819103259343451739e+00,1.500023520374043073e+00,8.869705703749991343e+00,2.500000000000000000e+00
3.021127593032137404e-01,8.924757390614830754e+00,1.858227181304421105e+00,8.819116577670005341e+00,1.500023483052018491e+00,8.869705706006561385e+00,2.500000000000000000e+00
3.023127593032139404e-01,8.924757392751519802e+00,1.857662151404108730e+00,8.819129862170184353e+00,1.500023445832084690e+00,8.869705708256931942e+00,2.500000000000000000e+00
3.025127593032141404e-01,8.924757394882455230e+00,1.857098394021243326e+00,8.819143112939238804e+00,1.500023408718561768e+00,8.869705710501293083e+00,2.500000000000000000e+00
3.027127593032143404e-01,8.924757397007523352e+00,1.856535906291197247e+00,8.819156330071884042e+00,1.500023371708721243e+00,8.869705712739529346e+00,2.500000000000000000e+00
3.029127593032145405e-01,8.924757399126738378e+00,1.855974685356100551e+00,8.819169513662483695e+00,1.500023334802790487e+00,8.869705714971656718e+00,2.500000000000000000e+00
3.031127593032147405e-01,8.924757401240224652e+00,1.855414728364763288e+00,8.819182663805342770e+00,1.500023298000087379e+00,8.869705717197806649e+00,2.500000000000000000e+00
3.033127593032149405e-01,8.924757403347953755e+00,1.854856032472095961e+00,8.819195780594103695e+00,1.500023261301976163e+00,8.869705719417941836e+00,2.500000000000000000e+00
3.035127593032151405e-01,8.924757405449822656e+00,1.854298594839434378e+00,8.819208864122289881e+00,1.500023224704591485e+00,8.869705721631964579e+00,2.500000000000000000e+00
3.037127593032153405e-01,8.924757407545984123e+00,1.853742412627575442e+00,8.819221914483300395e+00,1.500023188210889202e+00,8.869705723840022316e+00,2.500000000000000000e+00
3.039127593032155406e-01,8.924757409636459471e+00,1.853187483013919667e+00,8.819234931769999619e+00,1.500023151819505074e+00,8.869705726042147020e+00,2.500000000000000000e+00
3.041127593032157406e-01,8.924757411721206068e+00,1.852633803174332128e+00,8.819247916075036997e+00,1.500023115529756979e+00,8.869705728238287179e+00,2.500000000000000000e+00
3.043127593032159406e-01,8.924757413800323391e+00,1.852081370295254104e+00,8.819260867490752887e+00,1.500023079341872290e+00,8.869705730428551149e+00,2.500000000000000000e+00
3.045127593032161406e-01,8.924757415873715516e+00,1.851530181569632116e+00,8.819273786109098623e+00,1.500023043254259392e+00,8.869705732612837679e+00,2.500000000000000000e+00
3.047127593032163406e-01,8.924757417941430404e+00,1.850980234193815077e+00,8.819286672021855011e+00,1.500023007268509900e+00,8.869705734791194729e+00,2.500000000000000000e+00
3.049127593032165406e-01,8.924757420003563979e+00,1.850431525373783526e+00,8.819299525320449362e+00,1.500022971382350079e+00,8.869705736963725329e+00,2.500000000000000000e+00
3.051127593032167407e-01,8.924757422060082490e+00,1.849884052320644345e+00,8.819312346096014110e+00,1.500022935596916795e+00,8.869705739130386846e+00,2.500000000000000000e+00
3.053127593032169407e-01,8.924757424110945081e+00,1.849337812249865820e+00,8.819325134439305103e+00,1.500022899911073182e+00,8.869705741291143752e+00,2.500000000000000000e+00
3.055127593032171407e-01,8.924757426156320506e+00,1.848792802385736067e+00,8.819337890441023120e+00,1.500022864324591865e+00,8.869705743446170132e+00,2.500000000000000000e+00
3.057127593032173407e-01,8.924757428196114617e+00,1.848249019957899586e+00,8.819350614191250770e+00,1.500022828839064459e+00,8.869705745595368285e+00,2.500000000000000000e+00
3.059127593032175407e-01,8.924757430230348731e+00,1.847706462202055810e+00,8.819363305780035134e+00,1.500022793451080361e+00,8.869705747738761303e+00,2.500000000000000000e+00
3.061127593032177407e-01,8.924757432259074363e+00,1.847165126361151710e+00,8.819375965296991637e+00,1.500022758162231185e+00,8.869705749876393597e+00,2.500000000000000000e+00
3.063127593032179408e-01,8.924757434282225788e+00,1.846625009682437701e+00,8.819388592831497675e+00,1.500022722970470568e+00,8.869705752008208322e+00,2.500000000000000000e+00
3.065127593032181408e-01,8.924757436299920244e+00,1.846086109420076227e+00,8.819401188472669517e+00,1.500022687877617500e+00,8.869705754134324494e+00,2.500000000000000000e+00
3.067127593032183408e-01,8.924757438312147073e+00,1.845548422835758373e+00,8.819413752309241517e+00,1.500022652882080365e+00,8.869705756254727902e+00,2.500000000000000000e+00
3.069127593032185408e-01,8.924757440318954238e+00,1.845011947195836388e+00,8.819426284429811247e+00,1.500022617984996032e+00,8.869705758369464732e+00,2.500000000000000000e+00
3.071127593032187408e-01,8.924757442320332856e+00,1.844476679772567351e+00,8.819438784922557062e+00,1.500022583183863389e+00,8.869705760478531431e+00,2.500000000000000000e+00
3.073127593032189409e-01,8.924757444316155031e+00,1.843942617845488297e+00,8.819451253875332242e+00,1.500022548479137185e+00,8.869705762581800101e+00,2.500000000000000000e+00
3.075127593032191409e-01,8.924757446306696096e+00,1.843409758700480738e+00,8.819463691375965197e+00,1.500022513871954288e+00,8.869705764679540749e+00,2.500000000000000000e+00
3.077127593032193409e-01,8.924757448291792628e+00,1.842878099628236344e+00,8.819476097511692814e+00,1.500022479359358840e+00,8.869705766771600608e+00,2.500000000000000000e+00
3.079127593032195409e-01,8.924757450271508574e+00,1.842347637926690762e+00,8.819488472369652499e+00,1.500022444942942457e+00,8.869705768858034745e+00,2.500000000000000000e+00
3.081127593032197409e-01,8.924757452245909661e+00,1.841818370898649526e+00,8.819500816036669022e+00,1.500022410623159885e+00,8.869705770938917766e+00,2.500000000000000000e+00
3.083127593032199409e-01,8.924757454214990560e+00,1.841290295854602910e+00,8.819513128599259844e+00,1.500022376397964763e+00,8.869705773014239014e+00,2.500000000000000000e+00
3.085127593032201410e-01,8.924757456178660675e+00,1.840763410109402365e+00,8.819525410143635114e+00,1.500022342266902342e+00,8.869705775083906119e+00,2.500000000000000000e+00
3.087127593032203410e-01,8.924757458137090538e+00,1.840237710984978792e+00,8.819537660755827346e+00,1.500022308231336865e+00,8.869705777148098491e+00,2.500000000000000000e+00
3.089127593032205410e-01,8.924757460090249950e+00,1.839713195809302926e+00,8.819549880521586616e+00,1.500022274289904090e+00,8.869705779206782381e+00,2.500000000000000000e+00
3.091127593032207410e-01,8.924757462038087397e+00,1.839189861916456392e+00,8.819562069526202919e+00,1.500022240441694521e+00,8.869705781259904498e+00,2.500000000000000000e+00
3.093127593032209410e-01,8.924757463980650840e+00,1.838667706645221944e+00,8.819574227854905857e+00,1.500022206688299775e+00,8.869705783307512803e+00,2.500000000000000000e+00
3.095127593032211410e-01,8.924757465917963373e+00,1.838146727342254039e+00,8.819586355592612392e+00,1.500022173026763994e+00,8.869705785349639271e+00,2.500000000000000000e+00
3.097127593032213411e-01,8.924757467850110260e+00,1.837626921359030829e+00,8.819598452823882440e+00,1.500022139458906167e+00,8.869705787386356732e+00,2.500000000000000000e+00
3.099127593032215411e-01,8.924757469777047092e+00,1.837108286052790751e+00,8.819610519633048540e+00,1.500022105984726295e+00,8.869705789417629660e+00,2.500000000000000000e+00
3.101127593032217411e-01,8.924757471698777422e+00,1.836590818787348534e+00,8.819622556104201649e+00,1.500022072602178014e+00,8.869705791443470488e+00,2.500000000000000000e+00
3.103127593032219411e-01,8.924757473615224868e+00,1.836074516933241307e+00,8.819634562321114757e+00,1.500022039310806576e+00,8.869705793463783294e+00,2.500000000000000000e+00
3.105127593032221411e-01,8.924757475526691408e+00,1.835559377864595776e+00,8.819646538367415189e+00,1.500022006112658346e+00,8.869705795478880717e+00,2.500000000000000000e+00
3.107127593032223412e-01,8.924757477432903485e+00,1.835045398962999119e+00,8.819658484326209802e+00,1.500021973006141707e+00,8.869705797488499854e+00,2.500000000000000000e+00
3.109127593032225412e-01,8.924757479334038734e+00,1.834532577616786897e+00,8.819670400280639200e+00,1.500021939990347164e+00,8.869705799492800580e+00,2.500000000000000000e+00
3.111127593032227412e-01,8.924757481230027878e+00,1.834020911218539274e+00,8.819682286313405228e+00,1.500021907065047344e+00,8.869705801491724273e+00,2.500000000000000000e+00
3.113127593032229412e-01,8.924757483120917101e+00,1.833510397166868477e+00,8.819694142506884660e+00,1.500021874231379115e+00,8.869705803485317119e+00,2.500000000000000000e+00
3.115127593032231412e-01,8.924757485006717062e+00,1.833001032867251689e+00,8.819705968943400975e+00,1.500021841487978236e+00,8.869705805473591553e+00,2.500000000000000000e+00
3.117127593032233412e-01,8.924757486887488156e+00,1.832492815730033309e+00,8.819717765704920609e+00,1.500021808834162584e+00,8.869705807456604418e+00,2.500000000000000000e+00
3.119127593032235413e-01,8.924757488763182423e+00,1.831985743172554360e+00,8.819729532873028077e+00,1.500021776271069029e+00,8.869705809434309529e+00,2.500000000000000000e+00
3.121127593032237413e-01,8.924757490633819401e+00,1.831479812616034097e+00,8.819741270529188881e+00,1.500021743795969087e+00,8.869705811406726426e+00,2.500000000000000000e+00
3.123127593032239413e-01,8.924757492499500344e+00,1.830975021489928967e+00,8.819752978754655359e+00,1.500021711411591241e+00,8.869705813373958136e+00,2.500000000000000000e+00
3.125127593032241413e-01,8.924757494360148868e+00,1.830471367226726986e+00,8.819764657630248195e+00,1.500021679116343876e+00,8.869705815335931831e+00,2.500000000000000000e+00
3.127127593032243413e-01,8.924757496215766750e+00,1.829968847268410137e+00,8.819776307236598001e+00,1.500021646908635375e+00,8.869705817292642180e+00,2.500000000000000000e+00
3.129127593032245414e-01,8.924757498066465899e+00,1.829467459058364387e+00,8.819787927654243020e+00,1.500021614790284730e+00,8.869705819244204648e+00,2.500000000000000000e+00
3.131127593032247414e-01,8.924757499912201908e+00,1.828967200049301800e+00,8.819799518963220564e+00,1.500021582759700323e+00,8.869705821190580153e+00,2.500000000000000000e+00
3.133127593032249414e-01,8.924757501752969446e+00,1.828468067697073263e+00,8.819811081243452477e+00,1.500021550817109528e+00,8.869705823131759814e+00,2.500000000000000000e+00
3.135127593032251414e-01,8.924757503588802265e+00,1.827970059465174657e+00,8.819822614574558628e+00,1.500021518962057598e+00,8.869705825067779159e+00,2.500000000000000000e+00
3.137127593032253414e-01,8.924757505419771419e+00,1.827473172822342562e+00,8.819834119036007891e+00,1.500021487194089786e+00,8.869705826998702136e+00,2.500000000000000000e+00
3.139127593032255414e-01,8.924757507245821841e+00,1.826977405241984265e+00,8.819845594706862357e+00,1.500021455513888213e+00,8.869705828924491442e+00,2.500000000000000000e+00
3.141127593032257415e-01,8.924757509066949979e+00,1.826482754204259651e+00,8.819857041665999375e+00,1.500021423919861263e+00,8.869705830845131089e+00,2.500000000000000000e+00
3.143127593032259415e-01,8.924757510883244649e+00,1.825989217194746717e+00,8.819868459992163068e+00,1.500021392412008936e+00,8.869705832760711672e+00,2.500000000000000000e+00
3.145127593032261415e-01,8.924757512694691641e+00,1.825496791704586563e+00,8.819879849763601953e+00,1.500021360991468100e+00,8.869705834671218980e+00,2.500000000000000000e+00
3.147127593032263415e-01,8.924757514501237665e+00,1.825005475231038288e+00,8.819891211058543234e+00,1.500021329655510272e+00,8.869705836576606828e+00,2.500000000000000000e+00
3.149127593032265415e-01,8.924757516303028382e+00,1.824515265275739706e+00,8.819902543954937002e+00,1.500021298406409187e+00,8.869705838477010218e+00,2.500000000000000000e+00
3.151127593032267415e-01,8.924757518100017606e+00,1.824026159346778586e+00,8.819913848530358536e+00,1.500021267241891110e+00,8.869705840372393624e+00,2.500000000000000000e+00
3.153127593032269416e-01,8.924757519892184021e+00,1.823538154959053692e+00,8.819925124862269428e+00,1.500021236162410787e+00,8.869705842262728623e+00,2.500000000000000000e+00
3.155127593032271416e-01,8.924757521679552497e+00,1.823051249631246318e+00,8.819936373027731591e+00,1.500021205169105087e+00,8.869705844148043639e+00,2.500000000000000000e+00
3.157127593032273416e-01,8.924757523462142572e+00,1.822565440888235022e+00,8.819947593103778516e+00,1.500021174258563406e+00,8.869705846028368867e+00,2.500000000000000000e+00
3.159127593032275416e-01,8.924757525240067935e+00,1.822080726260978389e+00,8.819958785167083093e+00,1.500021143433968973e+00,8.869705847903800233e+00,2.500000000000000000e+00
3.161127593032277416e-01,8.924757527013175817e+00,1.821597103284874564e+00,8.819969949294048206e+00,1.500021112692138558e+00,8.869705849774200956e+00,2.500000000000000000e+00
3.163127593032279417e-01,8.924757528781615434e+00,1.821114569501535607e+00,8.819981085560879563e+00,1.500021082035118525e+00,8.869705851639706040e+00,2.500000000000000000e+00
3.165127593032281417e-01,8.924757530545329942e+00,1.820633122458162445e+00,8.819992194043612344e+00,1.500021051461772004e+00,8.869705853500274628e+00,2.500000000000000000e+00
3.167127593032283417e-01,8.924757532304367302e+00,1.820152759707575507e+00,8.820003274817846517e+00,1.500021020971871621e+00,8.869705855355944024e+00,2.500000000000000000e+00
3.169127593032285417e-01,8.924757534058619157e+00,1.819673478807494638e+00,8.820014327959169620e+00,1.500020990563143641e+00,8.869705857206609423e+00,2.500000000000000000e+00
3.171127593032287417e-01,8.924757535808316433e+00,1.819195277321544291e+00,8.820025353542879643e+00,1.500020960238316547e+00,8.869705859052512409e+00,2.500000000000000000e+00
3.173127593032289417e-01,8.924757537553377418e+00,1.818718152819312373e+00,8.820036351643917527e+00,1.500020929996708219e+00,8.869705860893549954e+00,2.500000000000000000e+00
3.175127593032291418e-01,8.924757539293690201e+00,1.818242102875233801e+00,8.820047322337016382e+00,1.500020899836044919e+00,8.869705862729626134e+00,2.500000000000000000e+00
3.177127593032293418e-01,8.924757541029489261e+00,1.817767125069460254e+00,8.820058265696809841e+00,1.500020869758827757e+00,8.869705864560977204e+00,2.500000000000000000e+00
3.179127593032295418e-01,8.924757542760620055e+00,1.817293216987353910e+00,8.820069181797643765e+00,1.500020839762100877e+00,8.869705866387439741e+00,2.500000000000000000e+00
3.181127593032297418e-01,8.924757544487205152e+00,1.816820376219880018e+00,8.820080070713544274e+00,1.500020809847910641e+00,8.869705868209143418e+00,2.500000000000000000e+00
3.183127593032299418e-01,8.924757546209121983e+00,1.816348600364550814e+00,8.820090932518338533e+00,1.500020780013301192e+00,8.869705870025963890e+00,2.500000000000000000e+00
3.185127593032301418e-01,8.924757547926505552e+00,1.815877887021926762e+00,8.820101767285704497e+00,1.500020750260773639e+00,8.869705871838037936e+00,2.500000000000000000e+00
3.187127593032303419e-01,8.924757549639375398e+00,1.815408233799457038e+00,8.820112575089071427e+00,1.500020720589191114e+00,8.869705873645390426e+00,2.500000000000000000e+00
3.189127593032305419e-01,8.924757551347648032e+00,1.814939638307729197e+00,8.820123356001570158e+00,1.500020690997189377e+00,8.869705875447923660e+00,2.500000000000000000e+00
3.191127593032307419e-01,8.924757553051449577e+00,1.814472098167603908e+00,8.820134110096139679e+00,1.500020661486814788e+00,8.869705877245772641e+00,2.500000000000000000e+00
3.193127593032309419e-01,8.924757554750733846e+00,1.814005611001237694e+00,8.820144837445530683e+00,1.500020632055793612e+00,8.869705879038898289e+00,2.500000000000000000e+00
3.195127593032311419e-01,8.924757556445532813e+00,1.813540174437254571e+00,8.820155538122193661e+00,1.500020602703898476e+00,8.869705880827325473e+00,2.500000000000000000e+00
3.197127593032313420e-01,8.924757558135803848e+00,1.813075786110149634e+00,8.820166212198408573e+00,1.500020573431584126e+00,8.869705882611013337e+00,2.500000000000000000e+00
3.199127593032315420e-01,8.924757559821566488e+00,1.812612443658744743e+00,8.820176859746169384e+00,1.500020544238850562e+00,8.869705884389984973e+00,2.500000000000000000e+00
3.201127593032317420e-01,8.924757561502934422e+00,1.812150144727757706e+00,8.820187480837388350e+00,1.500020515125243037e+00,8.869705886164346964e+00,2.500000000000000000e+00
3.203127593032319420e-01,8.924757563179882780e+00,1.811688886968061629e+00,8.820198075543595806e+00,1.500020486090761551e+00,8.869705887934085098e+00,2.500000000000000000e+00
3.205127593032321420e-01,8.924757564852340508e+00,1.811228668033192379e+00,8.820208643936165771e+00,1.500020457134496610e+00,8.869705889699121215e+00,2.500000000000000000e+00
3.207127593032323420e-01,8.924757566520392871e+00,1.810769485585493888e+00,8.820219186086275087e+00,1.500020428256220839e+00,8.869705891459540581e+00,2.500000000000000000e+00
3.209127593032325421e-01,8.924757568184041645e+00,1.810311337289137956e+00,8.820229702064830590e+00,1.500020399455479492e+00,8.869705893215352077e+00,2.500000000000000000e+00
3.211127593032327421e-01,8.924757569843313476e+00,1.809854220816392578e+00,8.820240191942575692e+00,1.500020370733182062e+00,8.869705894966571691e+00,2.500000000000000000e+00
3.213127593032329421e-01,8.924757571498249220e+00,1.809398133842690104e+00,8.820250655790035310e+00,1.500020342089101177e+00,8.869705896713252713e+00,2.500000000000000000e+00
3.215127593032331421e-01,8.924757573148733414e+00,1.808943074050319844e+00,8.820261093677356001e+00,1.500020313521190474e+00,8.869705898455279680e+00,2.500000000000000000e+00
3.217127593032333421e-01,8.924757574794876192e+00,1.808489039125580344e+00,8.820271505674737611e+00,1.500020285030586820e+00,8.869705900192755621e+00,2.500000000000000000e+00
3.219127593032335422e-01,8.924757576436713080e+00,1.808036026760896586e+00,8.820281891851985634e+00,1.500020256616835468e+00,8.869705901925717839e+00,2.500000000000000000e+00
3.221127593032337422e-01,8.924757578074146380e+00,1.807584034652979232e+00,8.820292252278665757e+00,1.500020228278799550e+00,8.869705903654073964e+00,2.500000000000000000e+00
3.223127593032339422e-01,8.924757579707335964e+00,1.807133060503585131e+00,8.820302587024315244e+00,1.500020200018525429e+00,8.869705905377978539e+00,2.500000000000000000e+00
3.225127593032341422e-01,8.924757581336196566e+00,1.806683102021398479e+00,8.820312896158032601e+00,1.500020171834194116e+00,8.869705907097351627e+00,2.500000000000000000e+00
3.227127593032343422e-01,8.924757582960788582e+00,1.806234156918466338e+00,8.820323179748866593e+00,1.500020143724441368e+00,8.869705908812253625e+00,2.500000000000000000e+00
3.229127593032345422e-01,8.924757584581143988e+00,1.805786222912866945e+00,8.820333437865549797e+00,1.500020115692905165e+00,8.869705910522711179e+00,2.500000000000000000e+00
3.231127593032347423e-01,8.924757586197188175e+00,1.805339297726987313e+00,8.820343670576743733e+00,1.500020087734355911e+00,8.869705912228656786e+00,2.500000000000000000e+00
3.233127593032349423e-01,8.924757587808946013e+00,1.804893379089849370e+00,8.820353877950642740e+00,1.500020059851749465e+00,8.869705913930117092e+00,2.500000000000000000e+00
3.235127593032351423e-01,8.924757589416488557e+00,1.804448464733663160e+00,8.820364060055542410e+00,1.500020032043948959e+00,8.869705915627154269e+00,2.500000000000000000e+00
3.237127593032353423e-01,8.924757591019835345e+00,1.804004552397640460e+00,8.820374216959320890e+00,1.500020004311181765e+00,8.869705917319798516e+00,2.500000000000000000e+00
3.239127593032355423e-01,8.924757592618986379e+00,1.803561639825276286e+00,8.820384348729684021e+00,1.500019976653447884e+00,8.869705919008039174e+00,2.500000000000000000e+00
3.241127593032357423e-01,8.924757594213922118e+00,1.803119724763217135e+00,8.820394455434234615e+00,1.500019949069155700e+00,8.869705920691872691e+00,2.500000000000000000e+00
3.243127593032359424e-01,8.924757595804654997e+00,1.802678804968605775e+00,8.820404537140175805e+00,1.500019921559214708e+00,8.869705922371293738e+00,2.500000000000000000e+00
3.245127593032361424e-01,8.924757597391156594e+00,1.802238878196044114e+00,8.820414593914644996e+00,1.500019894122488040e+00,8.869705924046293433e+00,2.500000000000000000e+00
3.247127593032363424e-01,8.924757598973574346e+00,1.801799942211491423e+00,8.820424625824633935e+00,1.500019866760339937e+00,8.869705925716997896e+00,2.500000000000000000e+00
3.249127593032365424e-01,8.924757600551881609e+00,1.801361994783047482e+00,8.820434632936832386e+00,1.500019839471406158e+00,8.869705927383403576e+00,2.500000000000000000e+00
3.251127593032367424e-01,8.924757602125948708e+00,1.800925033685035315e+00,8.820444615317621029e+00,1.500019812254777207e+00,8.869705929045364812e+00,2.500000000000000000e+00
3.253127593032369425e-01,8.924757603695887553e+00,1.800489056695358414e+00,8.820454573033350343e+00,1.500019785111135207e+00,8.869705930703000618e+00,2.500000000000000000e+00
3.255127593032371425e-01,8.924757605261815385e+00,1.800054061597884392e+00,8.820464506150150541e+00,1.500019758041617024e+00,8.869705932356426459e+00,2.500000000000000000e+00
3.257127593032373425e-01,8.924757606823574108e+00,1.799620046181730881e+00,8.820474414733888935e+00,1.500019731043948923e+00,8.869705934005491343e+00,2.500000000000000000e+00
3.259127593032375425e-01,8.924757608381220564e+00,1.799187008240294761e+00,8.820484298850246319e+00,1.500019704117221409e+00,8.869705935650246786e+00,2.500000000000000000e+00
3.261127593032377425e-01,8.924757609934850677e+00,1.798754945572491160e+00,8.820494158564715192e+00,1.500019677264390339e+00,8.869705937290785158e+00,2.500000000000000000e+00
3.263127593032379425e-01,8.924757611484370301e+00,1.798323855982071784e+00,8.820503993942558907e+00,1.500019650482045108e+00,8.869705938927017641e+00,2.500000000000000000e+00
3.265127593032381426e-01,8.924757613029880687e+00,1.797893737277511006e+00,8.820513805048944889e+00,1.500019623771549959e+00,8.869705940559049040e+00,2.500000000000000000e+00
3.267127593032383426e-01,8.924757614571200648e+00,1.797464587271806691e+00,8.820523591948646214e+00,1.500019597131768023e+00,8.869705942186687508e+00,2.500000000000000000e+00
3.269127593032385426e-01,8.924757616108664138e+00,1.797036403784143088e+00,8.820533354706455498e+00,1.500019570564063542e+00,8.869705943810281212e+00,2.500000000000000000e+00
3.271127593032387426e-01,8.924757617642031349e+00,1.796609184637178114e+00,8.820543093386861599e+00,1.500019544067754396e+00,8.869705945429583238e+00,2.500000000000000000e+00
3.273127593032389426e-01,8.924757619171469258e+00,1.796182927659392359e+00,8.820552808054230809e+00,1.500019517641703715e+00,8.869705947044760563e+00,2.500000000000000000e+00
3.275127593032391426e-01,8.924757620696814442e+00,1.795757630683768591e+00,8.820562498772469340e+00,1.500019491285911499e+00,8.869705948655653316e+00,2.500000000000000000e+00
3.277127593032393427e-01,8.924757622218253417e+00,1.795333291549497723e+00,8.820572165605668147e+00,1.500019465001287244e+00,8.869705950262449790e+00,2.500000000000000000e+00
3.279127593032395427e-01,8.924757623735690260e+00,1.794909908098483831e+00,8.820581808617482977e+00,1.500019438786011960e+00,8.869705951865048732e+00,2.500000000000000000e+00
3.281127593032397427e-01,8.924757625249155168e+00,1.794487478178105722e+00,8.820591427871470103e+00,1.500019412640540395e+00,8.869705953463489223e+00,2.500000000000000000e+00
3.283127593032399427e-01,8.924757626758655249e+00,1.794065999641962339e+00,8.820601023430958421e+00,1.500019386563963053e+00,8.869705955057762381e+00,2.500000000000000000e+00
3.285127593032401427e-01,8.924757628264245568e+00,1.793645470346433957e+00,8.820610595359060113e+00,1.500019360558326298e+00,8.869705956647942813e+00,2.500000000000000000e+00
3.287127593032403428e-01,8.924757629765906586e+00,1.793225888154932779e+00,8.820620143718745254e+00,1.500019334621356393e+00,8.869705958234002097e+00,2.500000000000000000e+00
3.289127593032405428e-01,8.924757631263695146e+00,1.792807250933619478e+00,8.820629668572799176e+00,1.500019308754190206e+00,8.869705959816000629e+00,2.500000000000000000e+00
3.291127593032407428e-01,8.924757632757470915e+00,1.792389556554646157e+00,8.820639169983751415e+00,1.500019282954099253e+00,8.869705961393790972e+00,2.500000000000000000e+00
3.293127593032409428e-01,8.924757634247518112e+00,1.791972802894516104e+00,8.820648648014136839e+00,1.500019257224266767e+00,8.869705962967668000e+00,2.500000000000000000e+00
3.295127593032411428e-01,8.924757635733532979e+00,1.791556987834844517e+00,8.820658102725893457e+00,1.500019231561736888e+00,8.869705964537320853e+00,2.500000000000000000e+00
3.297127593032413428e-01,8.924757637215783745e+00,1.791142109262131132e+00,8.820667534181266589e+00,1.500019205968555980e+00,8.869705966103023087e+00,2.500000000000000000e+00
3.299127593032415429e-01,8.924757638694153172e+00,1.790728165066762356e+00,8.820676942441965096e+00,1.500019180442677680e+00,8.869705967664652135e+00,2.500000000000000000e+00
3.301127593032417429e-01,8.924757640168662576e+00,1.790315153144545368e+00,8.820686327569610796e+00,1.500019154984556735e+00,8.869705969222239972e+00,2.500000000000000000e+00
3.303127593032419429e-01,8.924757641639299521e+00,1.789903071396465872e+00,8.820695689625685176e+00,1.500019129594420519e+00,8.869705970775761728e+00,2.500000000000000000e+00
3.305127593032421429e-01,8.924757643106161709e+00,1.789491917726834025e+00,8.820705028671490311e+00,1.500019104271132164e+00,8.869705972325327537e+00,2.500000000000000000e+00
3.307127593032423429e-01,8.924757644569252690e+00,1.789081690046213202e+00,8.820714344768083137e+00,1.500019079014919043e+00,8.869705973870930293e+00,2.500000000000000000e+00
3.309127593032425430e-01,8.924757646028469438e+00,1.788672386269558157e+00,8.820723637976334075e+00,1.500019053826235904e+00,8.869705975412479404e+00,2.500000000000000000e+00
3.311127593032427430e-01,8.924757647483900769e+00,1.788264004315111899e+00,8.820732908356943014e+00,1.500019028703945878e+00,8.869705976950051252e+00,2.500000000000000000e+00
3.313127593032429430e-01,8.924757648935532472e+00,1.787856542107765678e+00,8.820742155970519249e+00,1.500019003648048965e+00,8.869705978483644060e+00,2.500000000000000000e+00
3.315127593032431430e-01,8.924757650383472907e+00,1.787449997575819127e+00,8.820751380877384307e+00,1.500018978658999913e+00,8.869705980013355529e+00,2.500000000000000000e+00
3.317127593032433430e-01,8.924757651827670557e+00,1.787044368652548343e+00,8.820760583137756683e+00,1.500018953736343974e+00,8.869705981539144801e+00,2.500000000000000000e+00
3.319127593032435430e-01,8.924757653268033053e+00,1.786639653276385964e+00,8.820769762811485393e+00,1.500018928880081148e+00,8.869705983060914178e+00,2.500000000000000000e+00
3.321127593032437431e-01,8.924757654704709608e+00,1.786235849390120700e+00,8.820778919958433661e+00,1.500018904087710325e+00,8.869705984578807545e+00,2.500000000000000000e+00
3.323127593032439431e-01,8.924757656137654038e+00,1.785832954939786443e+00,8.820788054638333264e+00,1.500018879363324231e+00,8.869705986092794703e+00,2.500000000000000000e+00
3.325127593032441431e-01,8.924757657566965818e+00,1.785430967878601338e+00,8.820797166910631759e+00,1.500018854703057514e+00,8.869705987602959141e+00,2.500000000000000000e+00
3.327127593032443431e-01,8.924757658992421128e+00,1.785029886161699553e+00,8.820806256834446302e+00,1.500018830107137546e+00,8.869705989109089472e+00,2.500000000000000000e+00
3.329127593032445431e-01,8.924757660414261551e+00,1.784629707751618444e+00,8.820815324468991747e+00,1.500018805578065439e+00,8.869705990611423729e+00,2.500000000000000000e+00
3.331127593032447431e-01,8.924757661832456890e+00,1.784230430613432228e+00,8.820824369873188076e+00,1.500018781112885335e+00,8.869705992109929937e+00,2.500000000000000000e+00
3.333127593032449432e-01,8.924757663246964512e+00,1.783832052717608585e+00,8.820833393105782960e+00,1.500018756712734103e+00,8.869705993604570793e+00,2.500000000000000000e+00
3.335127593032451432e-01,8.924757664657800404e+00,1.783434572038554267e+00,8.820842394225284266e+00,1.500018732377384367e+00,8.869705995095349849e+00,2.500000000000000000e+00
3.337127593032453432e-01,8.924757666064955686e+00,1.783037986555185972e+00,8.820851373290194530e+00,1.500018708104562393e+00,8.869705996582277763e+00,2.500000000000000000e+00
3.339127593032455432e-01,8.924757667468492528e+00,1.782642294252919868e+00,8.820860330358618384e+00,1.500018683896996663e+00,8.869705998065402497e+00,2.500000000000000000e+00
3.341127593032457432e-01,8.924757668868407379e+00,1.782247493119483828e+00,8.820869265488719080e+00,1.500018659752413441e+00,8.869705999544724051e+00,2.500000000000000000e+00
3.343127593032459433e-01,8.924757670264710896e+00,1.781853581147352816e+00,8.820878178738315256e+00,1.500018635672631717e+00,8.869706001020261965e+00,2.500000000000000000e+00
3.345127593032461433e-01,8.924757671657429725e+00,1.781460556335898726e+00,8.820887070165110089e+00,1.500018611655832501e+00,8.869706002492034003e+00,2.500000000000000000e+00
3.347127593032463433e-01,8.924757673046469719e+00,1.781068416684695066e+00,8.820895939826570498e+00,1.500018587702243167e+00,8.869706003959946017e+00,2.500000000000000000e+00
3.349127593032465433e-01,8.924757674432024501e+00,1.780677160201501463e+00,8.820904787780245115e+00,1.500018563812091088e+00,8.869706005424198736e+00,2.500000000000000000e+00
3.351127593032467433e-01,8.924757675813994595e+00,1.780286784898350794e+00,8.820913614083190524e+00,1.500018539984921517e+00,8.869706006884683802e+00,2.500000000000000000e+00
3.353127593032469433e-01,8.924757677192292959e+00,1.779897288789191956e+00,8.820922418792333630e+00,1.500018516219824960e+00,8.869706008341326609e+00,2.500000000000000000e+00
3.355127593032471434e-01,8.924757678567161179e+00,1.779508669894637629e+00,8.820931201964741675e+00,1.500018492518620405e+00,8.869706009794359858e+00,2.500000000000000000e+00
3.357127593032473434e-01,8.924757679938398525e+00,1.779120926238392464e+00,8.820939963656966754e+00,1.500018468878351996e+00,8.869706011243588151e+00,2.500000000000000000e+00
3.359127593032475434e-01,8.924757681306108026e+00,1.778734055851014517e+00,8.820948703925560963e+00,1.500018445299929226e+00,8.869706012689112740e+00,2.500000000000000000e+00
3.361127593032477434e-01,8.924757682670371395e+00,1.778348056765424845e+00,8.820957422826889882e+00,1.500018421784943712e+00,8.869706014131011784e+00,2.500000000000000000e+00
3.363127593032479434e-01,8.924757684031039418e+00,1.777962927016576655e+00,8.820966120417098821e+00,1.500018398330212221e+00,8.869706015569144952e+00,2.500000000000000000e+00
3.365127593032481434e-01,8.924757685388225781e+00,1.777578664651646045e+00,8.820974796752141245e+00,1.500018374938690613e+00,8.869706017003620602e+00,2.500000000000000000e+00
3.367127593032483435e-01,8.924757686741950025e+00,1.777195267710341975e+00,8.820983451888118054e+00,1.500018351608105149e+00,8.869706018434463601e+00,2.500000000000000000e+00
3.369127593032485435e-01,8.924757688092169516e+00,1.776812734253676584e+00,8.820992085880373423e+00,1.500018328337773710e+00,8.869706019861620661e+00,2.500000000000000000e+00
3.371127593032487435e-01,8.924757689438909125e+00,1.776431062328985400e+00,8.821000698784597915e+00,1.500018305129742657e+00,8.869706021285127306e+00,2.500000000000000000e+00
3.373127593032489435e-01,8.924757690782122665e+00,1.776050249996580233e+00,8.821009290656185442e+00,1.500018281981965629e+00,8.869706022704937354e+00,2.500000000000000000e+00
3.375127593032491435e-01,8.924757692121938035e+00,1.775670295321607473e+00,8.821017861550270567e+00,1.500018258895124745e+00,8.869706024121171595e+00,2.500000000000000000e+00
3.377127593032493436e-01,8.924757693458337471e+00,1.775291196373404823e+00,8.821026411521962984e+00,1.500018235868992633e+00,8.869706025533821148e+00,2.500000000000000000e+00
3.379127593032495436e-01,8.924757694791265905e+00,1.774912951225603885e+00,8.821034940626011789e+00,1.500018212902659798e+00,8.869706026942825616e+00,2.500000000000000000e+00
3.381127593032497436e-01,8.924757696120796169e+00,1.774535557956325782e+00,8.821043448917132324e+00,1.500018189996353613e+00,8.869706028348263160e+00,2.500000000000000000e+00
3.383127593032499436e-01,8.924757697446860760e+00,1.774159014642415766e+00,8.821051936449869402e+00,1.500018167151210946e+00,8.869706029750064502e+00,2.500000000000000000e+00
3.385127593032501436e-01,8.924757698769585801e+00,1.773783319372164824e+00,8.821060403278766060e+00,1.500018144365640183e+00,8.869706031148352210e+00,2.500000000000000000e+00
3.387127593032503436e-01,8.924757700088850498e+00,1.773408470237324064e+00,8.821068849457830652e+00,1.500018121638277080e+00,8.869706032543012597e+00,2.500000000000000000e+00
3.389127593032505437e-01,8.924757701404784527e+00,1.773034465330054044e+00,8.821077275041281140e+00,1.500018098972304870e+00,8.869706033934171785e+00,2.500000000000000000e+00
3.391127593032507437e-01,8.924757702717322161e+00,1.772661302749389378e+00,8.821085680082992653e+00,1.500018076364312947e+00,8.869706035321765825e+00,2.500000000000000000e+00
3.393127593032509437e-01,8.924757704026486493e+00,1.772288980599401320e+00,8.821094064636582743e+00,1.500018053816575048e+00,8.869706036705810703e+00,2.500000000000000000e+00
3.395127593032511437e-01,8.924757705332293511e+00,1.771917496986868956e+00,8.821102428755786207e+00,1.500018031326590062e+00,8.869706038086341948e+00,2.500000000000000000e+00
3.397127593032513437e-01,8.924757706634752097e+00,1.771546850023221875e+00,8.821110772494016317e+00,1.500018008895494859e+00,8.869706039463343572e+00,2.500000000000000000e+00
3.399127593032515438e-01,8.924757707933927975e+00,1.771177037824254619e+00,8.821119095904570884e+00,1.500017986523744185e+00,8.869706040836902616e+00,2.500000000000000000e+00
3.401127593032517438e-01,8.924757709229686142e+00,1.770808058509735661e+00,8.821127399040403105e+00,1.500017964210428545e+00,8.869706042206871643e+00,2.500000000000000000e+00
3.403127593032519438e-01,8.924757710522179366e+00,1.770439910204967937e+00,8.821135681954707763e+00,1.500017941954865819e+00,8.869706043573415855e+00,2.500000000000000000e+00
3.405127593032521438e-01,8.924757711811341920e+00,1.770072591037495258e+00,8.821143944700088113e+00,1.500017919757056006e+00,8.869706044936457090e+00,2.500000000000000000e+00
3.407127593032523438e-01,8.924757713097248413e+00,1.769706099139625177e+00,8.821152187329362349e+00,1.500017897618590723e+00,8.869706046296073509e+00,2.500000000000000000e+00
3.409127593032525438e-01,8.924757714379827789e+00,1.769340432650275075e+00,8.821160409894890364e+00,1.500017875536286738e+00,8.869706047652195835e+00,2.500000000000000000e+00
3.411127593032527439e-01,8.924757715659058732e+00,1.768975589707894702e+00,8.821168612449097779e+00,1.500017853511963040e+00,8.869706049004809856e+00,2.500000000000000000e+00
3.413127593032529439e-01,8.924757716935136642e+00,1.768611568459494299e+00,8.821176795044188168e+00,1.500017831546074376e+00,8.869706050354100313e+00,2.500000000000000000e+00
3.415127593032531439e-01,8.924757718207892765e+00,1.768248367054120251e+00,8.821184957732112863e+00,1.500017809636801758e+00,8.869706051699909111e+00,2.500000000000000000e+00
3.417127593032533439e-01,8.924757719477467433e+00,1.767885983645798964e+00,8.821193100564926226e+00,1.500017787784145185e+00,8.869706053042362370e+00,2.500000000000000000e+00
3.419127593032535439e-01,8.924757720743706102e+00,1.767524416391734965e+00,8.821201223594185237e+00,1.500017765989241525e+00,8.869706054381325089e+00,2.500000000000000000e+00
3.421127593032537439e-01,8.924757722006706473e+00,1.767163663453858335e+00,8.821209326871564116e+00,1.500017744250499163e+00,8.869706055716893189e+00,2.500000000000000000e+00
3.423127593032539440e-01,8.924757723266479204e+00,1.766803722998520509e+00,8.821217410448491947e+00,1.500017722567690726e+00,8.869706057049052461e+00,2.500000000000000000e+00
3.425127593032541440e-01,8.924757724523061597e+00,1.766444593195872326e+00,8.821225474376266362e+00,1.500017700941498333e+00,8.869706058377866853e+00,2.500000000000000000e+00
3.427127593032543440e-01,8.924757725776490958e+00,1.766086272220649622e+00,8.821233518706016241e+00,1.500017679372831481e+00,8.869706059703366563e+00,2.500000000000000000e+00
3.429127593032545440e-01,8.924757727026683796e+00,1.765728758250332486e+00,8.821241543488699932e+00,1.500017657859643805e+00,8.869706061025462773e+00,2.500000000000000000e+00
3.431127593032547440e-01,8.924757728273679191e+00,1.765372049468844295e+00,8.821249548775153215e+00,1.500017636403072174e+00,8.869706062344203445e+00,2.500000000000000000e+00
3.433127593032549441e-01,8.924757729517471816e+00,1.765016144061235970e+00,8.821257534616103513e+00,1.500017615001297600e+00,8.869706063659579698e+00,2.500000000000000000e+00
3.435127593032551441e-01,8.924757730758061669e+00,1.764661040219249299e+00,8.821265501062029557e+00,1.500017593654547454e+00,8.869706064971586201e+00,2.500000000000000000e+00
3.437127593032553441e-01,8.924757731995594412e+00,1.764306736137659870e+00,8.821273448163491793e+00,1.500017572364185980e+00,8.869706066280381052e+00,2.500000000000000000e+00
3.439127593032555441e-01,8.924757733229933265e+00,1.763953230014821072e+00,8.821281375970583483e+00,1.500017551129303683e+00,8.869706067585818587e+00,2.500000000000000000e+00
3.441127593032557441e-01,8.924757734461064018e+00,1.763600520054287024e+00,8.821289284533397890e+00,1.500017529948763695e+00,8.869706068887888151e+00,2.500000000000000000e+00
3.443127593032559441e-01,8.924757735689116345e+00,1.763248604462551494e+00,8.821297173901987421e+00,1.500017508823248136e+00,8.869706070186724745e+00,2.500000000000000000e+00
3.445127593032561442e-01,8.924757736914100903e+00,1.762897481450959258e+00,8.821305044126155792e+00,1.500017487754348622e+00,8.869706071482324816e+00,2.500000000000000000e+00
3.447127593032563442e-01,8.924757738135840057e+00,1.762547149234206412e+00,8.821312895255495334e+00,1.500017466737745053e+00,8.869706072774524941e+00,2.500000000000000000e+00
3.449127593032565442e-01,8.924757739354573616e+00,1.762197606031151498e+00,8.821320727339609036e+00,1.500017445776848035e+00,8.869706074063556045e+00,2.500000000000000000e+00
3.451127593032567442e-01,8.924757740570111508e+00,1.761848850065661720e+00,8.821328540427805009e+00,1.500017424869383831e+00,8.869706075349242269e+00,2.500000000000000000e+00
3.453127593032569442e-01,8.924757741782659792e+00,1.761500879564414257e+00,8.821336334569478410e+00,1.500017404017171430e+00,8.869706076631773684e+00,2.500000000000000000e+00
3.455127593032571442e-01,8.924757742992076359e+00,1.761153692757998046e+00,8.821344109813525236e+00,1.500017383218164468e+00,8.869706077911020614e+00,2.500000000000000000e+00
3.457127593032573443e-01,8.924757744198394960e+00,1.760807287881983818e+00,8.821351866208997805e+00,1.500017362473727189e+00,8.869706079187004377e+00,2.500000000000000000e+00
3.459127593032575443e-01,8.924757745401684872e+00,1.760461663175258318e+00,8.821359603804715732e+00,1.500017341782495350e+00,8.869706080459815567e+00,2.500000000000000000e+00
3.461127593032577443e-01,8.924757746601915898e+00,1.760116816880394008e+00,8.821367322649340537e+00,1.500017321145833193e+00,8.869706081729400893e+00,2.500000000000000000e+00
3.463127593032579443e-01,8.924757747799070273e+00,1.759772747245421209e+00,8.821375022791380971e+00,1.500017300560557487e+00,8.869706082995753249e+00,2.500000000000000000e+00
3.465127593032581443e-01,8.924757748993174644e+00,1.759429452519652548e+00,8.821382704279267628e+00,1.500017280029169342e+00,8.869706084258902834e+00,2.500000000000000000e+00
3.467127593032583444e-01,8.924757750184287630e+00,1.759086930958781103e+00,8.821390367161253465e+00,1.500017259552123505e+00,8.869706085518904715e+00,2.500000000000000000e+00
3.469127593032585444e-01,8.924757751372379033e+00,1.758745180822275600e+00,8.821398011485440449e+00,1.500017239127146240e+00,8.869706086775730469e+00,2.500000000000000000e+00
3.471127593032587444e-01,8.924757752557360035e+00,1.758404200372140291e+00,8.821405637299731595e+00,1.500017218754010173e+00,8.869706088029289504e+00,2.500000000000000000e+00
3.473127593032589444e-01,8.924757753739440247e+00,1.758063987875090994e+00,8.821413244652031693e+00,1.500017198435216415e+00,8.869706089279793204e+00,2.500000000000000000e+00
3.475127593032591444e-01,8.924757754918502428e+00,1.757724541601080492e+00,8.821420833590099875e+00,1.500017178168036480e+00,8.869706090527126108e+00,2.500000000000000000e+00
3.477127593032593444e-01,8.924757756094582106e+00,1.757385859825410401e+00,8.821428404161393289e+00,1.500017157953152491e+00,8.869706091771320189e+00,2.500000000000000000e+00
3.479127593032595445e-01,8.924757757267673952e+00,1.757047940824981280e+00,8.821435956413386847e+00,1.500017137790791821e+00,8.869706093012373671e+00,2.500000000000000000e+00
3.481127593032597445e-01,8.924757758437754873e+00,1.756710782882896282e+00,8.821443490393365394e+00,1.500017117680044976e+00,8.869706094250267014e+00,2.500000000000000000e+00
3.483127593032599445e-01,8.924757759604942109e+00,1.756374384285066537e+00,8.821451006148480545e+00,1.500017097622276196e+00,8.869706095485115682e+00,2.500000000000000000e+00
3.485127593032601445e-01,8.924757760769114867e+00,1.756038743321311379e+00,8.821458503725688516e+00,1.500017077614984373e+00,8.869706096716788224e+00,2.500000000000000000e+00
3.487127593032603445e-01,8.924757761930361966e+00,1.755703858286002061e+00,8.821465983171977499e+00,1.500017057659306374e+00,8.869706097945387668e+00,2.500000000000000000e+00
3.489127593032605446e-01,8.924757763088644325e+00,1.755369727475167840e+00,8.821473444533980413e+00,1.500017037755469573e+00,8.869706099170871383e+00,2.500000000000000000e+00
3.491127593032607446e-01,8.924757764244008129e+00,1.755036349190944200e+00,8.821480887858415443e+00,1.500017017902791849e+00,8.869706100393287329e+00,2.500000000000000000e+00
3.493127593032609446e-01,8.924757765396476472e+00,1.754703721739417466e+00,8.821488313191741426e+00,1.500016998100818455e+00,8.869706101612649718e+00,2.500000000000000000e+00
3.495127593032611446e-01,8.924757766546029814e+00,1.754371843428919497e+00,8.821495720580248445e+00,1.500016978350913632e+00,8.869706102828951444e+00,2.500000000000000000e+00
3.497127593032613446e-01,8.924757767692616639e+00,1.754040712572522143e+00,8.821503110070166187e+00,1.500016958650803645e+00,8.869706104042133887e+00,2.500000000000000000e+00
3.499127593032615446e-01,8.924757768836371952e+00,1.753710327486958542e+00,8.821510481707594664e+00,1.500016939001852734e+00,8.869706105252333828e+00,2.500000000000000000e+00
3.501127593032617447e-01,8.924757769977162525e+00,1.753380686491663676e+00,8.821517835538520202e+00,1.500016919402924032e+00,8.869706106459425143e+00,2.500000000000000000e+00
3.503127593032619447e-01,8.924757771115178429e+00,1.753051787911956261e+00,8.821525171608696425e+00,1.500016899856063901e+00,8.869706107663583694e+00,2.500000000000000000e+00
3.505127593032621447e-01,8.924757772250236698e+00,1.752723630075725625e+00,8.821532489963788137e+00,1.500016880358089111e+00,8.869706108864642502e+00,2.500000000000000000e+00
3.507127593032623447e-01,8.924757773382435033e+00,1.752396211314434904e+00,8.821539790649453039e+00,1.500016860909681782e+00,8.869706110062692161e+00,2.500000000000000000e+00
3.509127593032625447e-01,8.924757774511789421e+00,1.752069529964164207e+00,8.821547073711029086e+00,1.500016841512433530e+00,8.869706111257745107e+00,2.500000000000000000e+00
3.511127593032627447e-01,8.924757775638262558e+00,1.751743584362950967e+00,8.821554339193834693e+00,1.500016822164297992e+00,8.869706112449772917e+00,2.500000000000000000e+00
3.513127593032629448e-01,8.924757776761936157e+00,1.751418372854865124e+00,8.821561587143047944e+00,1.500016802866639409e+00,8.869706113638853751e+00,2.500000000000000000e+00
3.515127593032631448e-01,8.924757777882760479e+00,1.751093893786231481e+00,8.821568817603738566e+00,1.500016783617866167e+00,8.869706114824936094e+00,2.500000000000000000e+00
3.517127593032633448e-01,8.924757779000771052e+00,1.750770145507811071e+00,8.821576030620784437e+00,1.500016764419342508e+00,8.869706116008057251e+00,2.500000000000000000e+00
3.519127593032635448e-01,8.924757780115918138e+00,1.750447126373229967e+00,8.821583226238923103e+00,1.500016745268794693e+00,8.869706117188169259e+00,2.500000000000000000e+00
3.521127593032637448e-01,8.924757781228333187e+00,1.750124834740941937e+00,8.821590404502941851e+00,1.500016726167814340e+00,8.869706118365400016e+00,2.500000000000000000e+00
3.523127593032639449e-01,8.924757782337840339e+00,1.749803268972278669e+00,8.821597565457182100e+00,1.500016707115946701e+00,8.869706119539582545e+00,2.500000000000000000e+00
3.525127593032641449e-01,8.924757783444663417e+00,1.749482427432490272e+00,8.821604709146178891e+00,1.500016688114101271e+00,8.869706120710930008e+00,2.500000000000000000e+00
3.527127593032643449e-01,8.924757784548631889e+00,1.749162308490358031e+00,8.821611835614161734e+00,1.500016669159776939e+00,8.869706121879278982e+00,2.500000000000000000e+00
3.529127593032645449e-01,8.924757785649886088e+00,1.748842910519462501e+00,8.821618944905349480e+00,1.500016650254337947e+00,8.869706123044769797e+00,2.500000000000000000e+00
3.531127593032647449e-01,8.924757786748253707e+00,1.748524231895125958e+00,8.821626037063577286e+00,1.500016631397102174e+00,8.869706124207230147e+00,2.500000000000000000e+00
3.533127593032649449e-01,8.924757787843946133e+00,1.748206270997525458e+00,8.821633112132957422e+00,1.500016612588069620e+00,8.869706125366869642e+00,2.500000000000000000e+00
3.535127593032651450e-01,8.924757788936775071e+00,1.747889026210732499e+00,8.821640170157113658e+00,1.500016593826330791e+00,8.869706126523501766e+00,2.500000000000000000e+00
3.537127593032653450e-01,8.924757790026934146e+00,1.747572495920820979e+00,8.821647211179749704e+00,1.500016575114159423e+00,8.869706127677316587e+00,2.500000000000000000e+00
3.539127593032655450e-01,8.924757791114338090e+00,1.747256678519575779e+00,8.821654235244432485e+00,1.500016556449054406e+00,8.869706128828237723e+00,2.500000000000000000e+00
3.541127593032657450e-01,8.924757792199093487e+00,1.746941572401364828e+00,8.821661242394577940e+00,1.500016537832834729e+00,8.869706129976364650e+00,2.500000000000000000e+00
3.543127593032659450e-01,8.924757793280992502e+00,1.746627175963905820e+00,8.821668232673317789e+00,1.500016519262544534e+00,8.869706131121493087e+00,2.500000000000000000e+00
3.545127593032661451e-01,8.924757794360232310e+00,1.746313487609270965e+00,8.821675206123934743e+00,1.500016500741139680e+00,8.869706132263820209e+00,2.500000000000000000e+00
3.547127593032663451e-01,8.924757795436711660e+00,1.746000505742691500e+00,8.821682162789405979e+00,1.500016482266119056e+00,8.869706133403244763e+00,2.500000000000000000e+00
3.549127593032665451e-01,8.924757796510547792e+00,1.745688228773087047e+00,8.821689102712756636e+00,1.500016463838619529e+00,8.869706134539883990e+00,2.500000000000000000e+00
3.551127593032667451e-01,8.924757797581698071e+00,1.745376655113233255e+00,8.821696025936629937e+00,1.500016445458868475e+00,8.869706135673695258e+00,2.500000000000000000e+00
3.553127593032669451e-01,8.924757798650110985e+00,1.745065783178592733e+00,8.821702932503759698e+00,1.500016427125046903e+00,8.869706136804625274e+00,2.500000000000000000e+00
3.555127593032671451e-01,8.924757799715811402e+00,1.744755611389771088e+00,8.821709822456634598e+00,1.500016408838519055e+00,8.869706137932711343e+00,2.500000000000000000e+00
3.557127593032673452e-01,8.924757800778863270e+00,1.744446138168596283e+00,8.821716695837766409e+00,1.500016390598375438e+00,8.869706139057997873e+00,2.500000000000000000e+00
3.559127593032675452e-01,8.924757801839296789e+00,1.744137361942431852e+00,8.821723552689457293e+00,1.500016372405980292e+00,8.869706140180523946e+00,2.500000000000000000e+00
3.561127593032677452e-01,8.924757802897016035e+00,1.743829281141925813e+00,8.821730393053867303e+00,1.500016354258605134e+00,8.869706141300209623e+00,2.500000000000000000e+00
3.563127593032679452e-01,8.924757803952095614e+00,1.743521894200213973e+00,8.821737216973104978e+00,1.500016336157614205e+00,8.869706142417104644e+00,2.500000000000000000e+00
3.565127593032681452e-01,8.924757805004544409e+00,1.743215199555549821e+00,8.821744024489028391e+00,1.500016318103462254e+00,8.869706143531237430e+00,2.500000000000000000e+00
3.567127593032683452e-01,8.924757806054355314e+00,1.742909195647641685e+00,8.821750815643602195e+00,1.500016300095012411e+00,8.869706144642591994e+00,2.500000000000000000e+00
3.569127593032685453e-01,8.924757807101478591e+00,1.742603880921510751e+00,8.821757590478416233e+00,1.500016282131809930e+00,8.869706145751116821e+00,2.500000000000000000e+00
3.571127593032687453e-01,8.924757808146084770e+00,1.742299253825863481e+00,8.821764349035166930e+00,1.500016264215901174e+00,8.869706146856984219e+00,2.500000000000000000e+00
3.573127593032689453e-01,8.924757809187948254e+00,1.741995312811130070e+00,8.821771091355257610e+00,1.500016246344330284e+00,8.869706147959972142e+00,2.500000000000000000e+00
3.575127593032691453e-01,8.924757810227269772e+00,1.741692056331851202e+00,8.821777817480130679e+00,1.500016228518461503e+00,8.869706149060283096e+00,2.500000000000000000e+00
3.577127593032693453e-01,8.924757811264043994e+00,1.741389482847132353e+00,8.821784527450947877e+00,1.500016210738976952e+00,8.869706150157906421e+00,2.500000000000000000e+00
3.579127593032695454e-01,8.924757812298114601e+00,1.741087590818639619e+00,8.821791221308890485e+00,1.500016193002920772e+00,8.869706151252689352e+00,2.500000000000000000e+00
3.581127593032697454e-01,8.924757813329664558e+00,1.740786378711126403e+00,8.821797899094960371e+00,1.500016175313930944e+00,8.869706152344818406e+00,2.500000000000000000e+00
3.583127593032699454e-01,8.924757814358610375e+00,1.740485844994169806e+00,8.821804560850088350e+00,1.500016157668596861e+00,8.869706153434202989e+00,2.500000000000000000e+00
3.585127593032701454e-01,8.924757815385026660e+00,1.740185988139106632e+00,8.821811206615084444e+00,1.500016140069419635e+00,8.869706154520924812e+00,2.500000000000000000e+00
3.587127593032703454e-01,8.924757816408810385e+00,1.739886806621873783e+00,8.821817836430540183e+00,1.500016122512533912e+00,8.869706155604877296e+00,2.500000000000000000e+00
3.589127593032705454e-01,8.924757817430066353e+00,1.739588298921349585e+00,8.821824450337047097e+00,1.500016105003396660e+00,8.869706156686167020e+00,2.500000000000000000e+00
3.591127593032707455e-01,8.924757818448744828e+00,1.739290463520376528e+00,8.821831048375003093e+00,1.500016087536550913e+00,8.869706157764737142e+00,2.500000000000000000e+00
3.593127593032709455e-01,8.924757819464879560e+00,1.738993298904980778e+00,8.821837630584841605e+00,1.500016070114497779e+00,8.869706158840639176e+00,2.500000000000000000e+00
3.595127593032711455e-01,8.924757820478502524e+00,1.738696803563764659e+00,8.821844197006702970e+00,1.500016052737692007e+00,8.869706159913890886e+00,2.500000000000000000e+00
3.597127593032713455e-01,8.924757821489588849e+00,1.738400975990029629e+00,8.821850747680770155e+00,1.500016035403859860e+00,8.869706160984469179e+00,2.500000000000000000e+00
3.599127593032715455e-01,8.924757822498166959e+00,1.738105814679667516e+00,8.821857282646911713e+00,1.500016018114820326e+00,8.869706162052407805e+00,2.500000000000000000e+00
3.601127593032717455e-01,8.924757823504183563e+00,1.737811318132007843e+00,8.821863801945092121e+00,1.500016000868981791e+00,8.869706163117644593e+00,2.500000000000000000e+00
3.603127593032719456e-01,8.924757824507711490e+00,1.737517484850305216e+00,8.821870305615057362e+00,1.500015983667935870e+00,8.869706164180264807e+00,2.500000000000000000e+00
3.605127593032721456e-01,8.924757825508656595e+00,1.737224313340671733e+00,8.821876793696434405e+00,1.500015966509636200e+00,8.869706165240172524e+00,2.500000000000000000e+00
3.607127593032723456e-01,8.924757826507223157e+00,1.736931802112195999e+00,8.821883266228883969e+00,1.500015949395219650e+00,8.869706166297564920e+00,2.500000000000000000e+00
3.609127593032725456e-01,8.924757827503290386e+00,1.736639949678601358e+00,8.821889723251775450e+00,1.500015932324231471e+00,8.869706167352324755e+00,2.500000000000000000e+00
3.611127593032727456e-01,8.924757828496819201e+00,1.736348754556132690e+00,8.821896164804355678e+00,1.500015915295989544e+00,8.869706168404416502e+00,2.500000000000000000e+00
3.613127593032729457e-01,8.924757829487850458e+00,1.736058215263947657e+00,8.821902590925942533e+00,1.500015898311630735e+00,8.869706169453881017e+00,2.500000000000000000e+00
3.615127593032731457e-01,8.924757830476464093e+00,1.735768330324602093e+00,8.821909001655631855e+00,1.500015881369336057e+00,8.869706170500787579e+00,2.500000000000000000e+00
3.617127593032733457e-01,8.924757831462603264e+00,1.735479098266331954e+00,8.821915397032379147e+00,1.500015864470924498e+00,8.869706171545093554e+00,2.500000000000000000e+00
3.619127593032735457e-01,8.924757832446234218e+00,1.735190517615596173e+00,8.821921777095093731e+00,1.500015847614349696e+00,8.869706172586759862e+00,2.500000000000000000e+00
3.621127593032737457e-01,8.924757833427513276e+00,1.734902586908755762e+00,8.821928141882631635e+00,1.500015830800748518e+00,8.869706173625944601e+00,2.500000000000000000e+00
3.623127593032739457e-01,8.924757834406252144e+00,1.734615304681897952e+00,8.821934491433445658e+00,1.500015814030348338e+00,8.869706174662459475e+00,2.500000000000000000e+00
3.625127593032741458e-01,8.924757835382628457e+00,1.734328669473344853e+00,8.821940825786331430e+00,1.500015797302239662e+00,8.869706175696476791e+00,2.500000000000000000e+00
3.627127593032743458e-01,8.924757836356508989e+00,1.734042679823369681e+00,8.821947144979668920e+00,1.500015780616195116e+00,8.869706176727870428e+00,2.500000000000000000e+00
3.629127593032745458e-01,8.924757837328003873e+00,1.733757334280341844e+00,8.821953449051786578e+00,1.500015763972669447e+00,8.869706177756748744e+00,2.500000000000000000e+00
3.631127593032747458e-01,8.924757838297075807e+00,1.733472631395802432e+00,8.821959738041011079e+00,1.500015747370298413e+00,8.869706178783077988e+00,2.500000000000000000e+00
3.633127593032749458e-01,8.924757839263767423e+00,1.733188569718513650e+00,8.821966011985391987e+00,1.500015730811128378e+00,8.869706179806897239e+00,2.500000000000000000e+00
3.635127593032751459e-01,8.924757840227993455e+00,1.732905147806783397e+00,8.821972270922946890e+00,1.500015714293567726e+00,8.869706180828119457e+00,2.500000000000000000e+00
3.637127593032753459e-01,8.924757841189826735e+00,1.732622364219354782e+00,8.821978514891698708e+00,1.500015697816024840e+00,8.869706181846822801e+00,2.500000000000000000e+00
3.639127593032755459e-01,8.924757842149324105e+00,1.732340217518588688e+00,8.821984743929387918e+00,1.500015681381682953e+00,8.869706182863060562e+00,2.500000000000000000e+00
3.641127593032757459e-01,8.924757843106421618e+00,1.732058706270077630e+00,8.821990958073733680e+00,1.500015664988723074e+00,8.869706183876770567e+00,2.500000000000000000e+00
3.643127593032759459e-01,8.924757844061067757e+00,1.731777829042978611e+00,8.821997157362355679e+00,1.500015648636690457e+00,8.869706184887899525e+00,2.500000000000000000e+00
3.645127593032761459e-01,8.924757845013402857e+00,1.731497584408697499e+00,8.822003341832834522e+00,1.500015632326267223e+00,8.869706185896591322e+00,2.500000000000000000e+00
3.647127593032763460e-01,8.924757845963386060e+00,1.731217970943361717e+00,8.822009511522479031e+00,1.500015616057225998e+00,8.869706186902806877e+00,2.500000000000000000e+00
3.649127593032765460e-01,8.924757846910990722e+00,1.730938987224614811e+00,8.822015666468635331e+00,1.500015599828884660e+00,8.869706187906523098e+00,2.500000000000000000e+00
3.651127593032767460e-01,8.924757847856206183e+00,1.730660631834586072e+00,8.822021806708480796e+00,1.500015583641470585e+00,8.869706188907713340e+00,2.500000000000000000e+00
3.653127593032769460e-01,8.924757848799083959e+00,1.730382903358832714e+00,8.822027932279093321e+00,1.500015567494529023e+00,8.869706189906441551e+00,2.500000000000000000e+00
3.655127593032771460e-01,8.924757849739632931e+00,1.730105800384728942e+00,8.822034043217467314e+00,1.500015551389424218e+00,8.869706190902716614e+00,2.500000000000000000e+00
3.657127593032773460e-01,8.924757850677934812e+00,1.729829321503789652e+00,8.822040139560604288e+00,1.500015535324109806e+00,8.869706191896623793e+00,2.500000000000000000e+00
3.659127593032775461e-01,8.924757851613794202e+00,1.729553465310121663e+00,8.822046221345155814e+00,1.500015519299040534e+00,8.869706192887953478e+00,2.500000000000000000e+00
3.661127593032777461e-01,8.924757852547459791e+00,1.729278230401852801e+00,8.822052288607871162e+00,1.500015503315580645e+00,8.869706193876968570e+00,2.500000000000000000e+00
3.663127593032779461e-01,8.924757853478636704e+00,1.729003615379374637e+00,8.822058341385240254e+00,1.500015487370546907e+00,8.869706194863377746e+00,2.500000000000000000e+00
3.665127593032781461e-01,8.924757854407586066e+00,1.728729618847062666e+00,8.822064379713840054e+00,1.500015471466213057e+00,8.869706195847417263e+00,2.500000000000000000e+00
3.667127593032783461e-01,8.924757855334235046e+00,1.728456239411886752e+00,8.822070403630039692e+00,1.500015455602806469e+00,8.869706196829048039e+00,2.500000000000000000e+00
3.669127593032785462e-01,8.924757856258617394e+00,1.728183475683500170e+00,8.822076413170130138e+00,1.500015439778735526e+00,8.869706197808286063e+00,2.500000000000000000e+00
3.671127593032787462e-01,8.924757857180667386e+00,1.727911326275564541e+00,8.822082408370272688e+00,1.500015423994227604e+00,8.869706198785065610e+00,2.500000000000000000e+00
3.673127593032789462e-01,8.924757858100468511e+00,1.727639789804510828e+00,8.822088389266543373e+00,1.500015408250646942e+00,8.869706199759471943e+00,2.500000000000000000e+00
3.675127593032791462e-01,8.924757859017994122e+00,1.727368864890434619e+00,8.822094355894929407e+00,1.500015392545947179e+00,8.869706200731478418e+00,2.500000000000000000e+00
3.677127593032793462e-01,8.924757859933222903e+00,1.727098550155480527e+00,8.822100308291306092e+00,1.500015376880128315e+00,8.869706201701069048e+00,2.500000000000000000e+00
3.679127593032795462e-01,8.924757860846106894e+00,1.726828844225352988e+00,8.822106246491413728e+00,1.500015361253190349e+00,8.869706202668192319e+00,2.500000000000000000e+00
3.681127593032797463e-01,8.924757861756773991e+00,1.726559745729066897e+00,8.822112170531003272e+00,1.500015345666497524e+00,8.869706203632972574e+00,2.500000000000000000e+00
3.683127593032799463e-01,8.924757862665241959e+00,1.726291253298249506e+00,8.822118080445756405e+00,1.500015330118685597e+00,8.869706204595438237e+00,2.500000000000000000e+00
3.685127593032801463e-01,8.924757863571477046e+00,1.726023365568536860e+00,8.822123976271011969e+00,1.500015314609981942e+00,8.869706205555546674e+00,2.500000000000000000e+00
3.687127593032803463e-01,8.924757864475424185e+00,1.725756081178576151e+00,8.822129858042156769e+00,1.500015299140159186e+00,8.869706206513241042e+00,2.500000000000000000e+00
3.689127593032805463e-01,8.924757865377161536e+00,1.725489398768849103e+00,8.822135725794584715e+00,1.500015283709672076e+00,8.869706207468610160e+00,2.500000000000000000e+00
3.691127593032807463e-01,8.924757866276687324e+00,1.725223316983418798e+00,8.822141579563441027e+00,1.500015268318065864e+00,8.869706208421639815e+00,2.500000000000000000e+00
3.693127593032809464e-01,8.924757867173939374e+00,1.724957834469835305e+00,8.822147419383783884e+00,1.500015252964431056e+00,8.869706209372282046e+00,2.500000000000000000e+00
3.695127593032811464e-01,8.924757868069001177e+00,1.724692949878352755e+00,8.822153245290682122e+00,1.500015237649677147e+00,8.869706210320615014e+00,2.500000000000000000e+00
3.697127593032813464e-01,8.924757868961783913e+00,1.724428661862486445e+00,8.822159057319016284e+00,1.500015222371985146e+00,8.869706211266542795e+00,2.500000000000000000e+00
3.699127593032815464e-01,8.924757869852447456e+00,1.724164969078689102e+00,8.822164855503636716e+00,1.500015207133856165e+00,8.869706212210241247e+00,2.500000000000000000e+00
3.701127593032817464e-01,8.924757870740902987e+00,1.723901870186231866e+00,8.822170639879235665e+00,1.500015191935290204e+00,8.869706213151598462e+00,2.500000000000000000e+00
3.703127593032819465e-01,8.924757871627150507e+00,1.723639363847925043e+00,8.822176410480457420e+00,1.500015176772649284e+00,8.869706214090637530e+00,2.500000000000000000e+00
3.705127593032821465e-01,8.924757872511175805e+00,1.723377448728702577e+00,8.822182167341706460e+00,1.500015161648889261e+00,8.869706215027337137e+00,2.500000000000000000e+00
3.707127593032823465e-01,8.924757873393030394e+00,1.723116123497476782e+00,8.822187910497591545e+00,1.500015146563328017e+00,8.869706215961739915e+00,2.500000000000000000e+00
3.709127593032825465e-01,8.924757874272748026e+00,1.722855386825986379e+00,8.822193639982383928e+00,1.500015131514373934e+00,8.869706216893888495e+00,2.500000000000000000e+00
3.711127593032827465e-01,8.924757875150268305e+00,1.722595237388234946e+00,8.822199355830322887e+00,1.500015116503618628e+00,8.869706217823727812e+00,2.500000000000000000e+00
3.713127593032829465e-01,8.924757876025619652e+00,1.722335673861348004e+00,8.822205058075503814e+00,1.500015101530607353e+00,8.869706218751272075e+00,2.500000000000000000e+00
3.715127593032831466e-01,8.924757876898901543e+00,1.722076694926456986e+00,8.822210746752146449e+00,1.500015086595567482e+00,8.869706219676640302e+00,2.500000000000000000e+00
3.717127593032833466e-01,8.924757877769907921e+00,1.721818299266870023e+00,8.822216421893999794e+00,1.500015071697362146e+00,8.869706220599605118e+00,2.500000000000000000e+00
3.719127593032835466e-01,8.924757878638780895e+00,1.721560485569215260e+00,8.822222083535073978e+00,1.500015056836218719e+00,8.869706221520326395e+00,2.500000000000000000e+00
3.721127593032837466e-01,8.924757879505536451e+00,1.721303252521591443e+00,8.822227731709098464e+00,1.500015042012819322e+00,8.869706222438809462e+00,2.500000000000000000e+00
3.723127593032839466e-01,8.924757880370131957e+00,1.721046598818106954e+00,8.822233366449800940e+00,1.500015027226027087e+00,8.869706223355017016e+00,2.500000000000000000e+00
3.725127593032841467e-01,8.924757881232642021e+00,1.720790523153352680e+00,8.822238987790761655e+00,1.500015012476524134e+00,8.869706224269027217e+00,2.500000000000000000e+00
3.727127593032843467e-01,8.924757882093011574e+00,1.720535024225155363e+00,8.822244595765456054e+00,1.500014997763628344e+00,8.869706225180769010e+00,2.500000000000000000e+00
3.729127593032845467e-01,8.924757882951238841e+00,1.720280100734508988e+00,8.822250190407304515e+00,1.500014983087112341e+00,8.869706226090263712e+00,2.500000000000000000e+00
3.731127593032847467e-01,8.924757883807439285e+00,1.720025751384452350e+00,8.822255771749720310e+00,1.500014968449022490e+00,8.869706226997614351e+00,2.500000000000000000e+00
3.733127593032849467e-01,8.924757884661399743e+00,1.719771974883883114e+00,8.822261339825757887e+00,1.500014953846175558e+00,8.869706227902609541e+00,2.500000000000000000e+00
3.735127593032851467e-01,8.924757885513331601e+00,1.719518769941850600e+00,8.822266894668732817e+00,1.500014939279253667e+00,8.869706228805460668e+00,2.500000000000000000e+00
3.737127593032853468e-01,8.924757886363167358e+00,1.719266135270624218e+00,8.822272436311582311e+00,1.500014924749621059e+00,8.869706229706094902e+00,2.500000000000000000e+00
3.739127593032855468e-01,8.924757887210853724e+00,1.719014069586123128e+00,8.822277964787314630e+00,1.500014910255458744e+00,8.869706230604474939e+00,2.500000000000000000e+00
3.741127593032857468e-01,8.924757888056541688e+00,1.718762571607470147e+00,8.822283480128799482e+00,1.500014895798130965e+00,8.869706231500730453e+00,2.500000000000000000e+00
3.743127593032859468e-01,8.924757888900129998e+00,1.718511640055509826e+00,8.822288982368801769e+00,1.500014881376500853e+00,8.869706232394785062e+00,2.500000000000000000e+00
3.745127593032861468e-01,8.924757889741586681e+00,1.718261273655051546e+00,8.822294471539990468e+00,1.500014866991250528e+00,8.869706233286587249e+00,2.500000000000000000e+00
3.747127593032863468e-01,8.924757890580995223e+00,1.718011471133016554e+00,8.822299947674999032e+00,1.500014852641697871e+00,8.869706234176234716e+00,2.500000000000000000e+00
3.749127593032865469e-01,8.924757891418357403e+00,1.717762231219988500e+00,8.822305410806350778e+00,1.500014838327842881e+00,8.869706235063715027e+00,2.500000000000000000e+00
3.751127593032867469e-01,8.924757892253715852e+00,1.717513552648099351e+00,8.822310860966483759e+00,1.500014824050595053e+00,8.869706235949079698e+00,2.500000000000000000e+00
3.753127593032869469e-01,8.924757893086907146e+00,1.717265434153075754e+00,8.822316298187642403e+00,1.500014809807225902e+00,8.869706236832167079e+00,2.500000000000000000e+00
3.755127593032871469e-01,8.924757893918156881e+00,1.717017874474310535e+00,8.822321722502216801e+00,1.500014795600236539e+00,8.869706237713202768e+00,2.500000000000000000e+00
3.757127593032873469e-01,8.924757894747285647e+00,1.716770872352328725e+00,8.822327133942257760e+00,1.500014781428490096e+00,8.869706238591993142e+00,2.500000000000000000e+00
3.759127593032875470e-01,8.924757895574417788e+00,1.716524426532268111e+00,8.822332532539904904e+00,1.500014767292441320e+00,8.869706239468687414e+00,2.500000000000000000e+00
3.761127593032877470e-01,8.924757896399516000e+00,1.716278535761073254e+00,8.822337918327088246e+00,1.500014753190953343e+00,8.869706240343234072e+00,2.500000000000000000e+00
3.763127593032879470e-01,8.924757897222548308e+00,1.716033198788262437e+00,8.822343291335743132e+00,1.500014739125163032e+00,8.869706241215602915e+00,2.500000000000000000e+00
3.765127593032881470e-01,8.924757898043626625e+00,1.715788414367055204e+00,8.822348651597707203e+00,1.500014725093933521e+00,8.869706242085905856e+00,2.500000000000000000e+00
3.767127593032883470e-01,8.924757898862679895e+00,1.715544181252889544e+00,8.822353999144700865e+00,1.500014711098174303e+00,8.869706242954070063e+00,2.500000000000000000e+00
3.769127593032885470e-01,8.924757899679686801e+00,1.715300498203844226e+00,8.822359334008337939e+00,1.500014697136748509e+00,8.869706243820084879e+00,2.500000000000000000e+00
3.771127593032887471e-01,8.924757900494723728e+00,1.715057363981468352e+00,8.822364656220225143e+00,1.500014683209883515e+00,8.869706244684010699e+00,2.500000000000000000e+00
3.773127593032889471e-01,8.924757901307689423e+00,1.714814777349177977e+00,8.822369965811750703e+00,1.500014669317579319e+00,8.869706245545760481e+00,2.500000000000000000e+00
3.775127593032891471e-01,8.924757902118681585e+00,1.714572737074285813e+00,8.822375262814359687e+00,1.500014655459608548e+00,8.869706246405423045e+00,2.500000000000000000e+00
3.777127593032893471e-01,8.924757902927753506e+00,1.714331241925868721e+00,8.822380547259413675e+00,1.500014641637335444e+00,8.869706247263057008e+00,2.500000000000000000e+00
3.779127593032895471e-01,8.924757903734809261e+00,1.714090290677348305e+00,8.822385819178013122e+00,1.500014627848486271e+00,8.869706248118570002e+00,2.500000000000000000e+00
3.781127593032897471e-01,8.924757904539887932e+00,1.713849882102392197e+00,8.822391078601361514e+00,1.500014614094197896e+00,8.869706248971992224e+00,2.500000000000000000e+00
3.783127593032899472e-01,8.924757905343032149e+00,1.713610014979366269e+00,8.822396325560468711e+00,1.500014600374925067e+00,8.869706249823371635e+00,2.500000000000000000e+00
3.785127593032901472e-01,8.924757906144130004e+00,1.713370688089225213e+00,8.822401560086357009e+00,1.500014586687484552e+00,8.869706250672594550e+00,2.500000000000000000e+00
3.787127593032903472e-01,8.924757906943275643e+00,1.713131900214251990e+00,8.822406782209849752e+00,1.500014573035741705e+00,8.869706251519756890e+00,2.500000000000000000e+00
3.789127593032905472e-01,8.924757907740563212e+00,1.712893650141689816e+00,8.822411991961805811e+00,1.500014559417877535e+00,8.869706252364954580e+00,2.500000000000000000e+00
3.791127593032907472e-01,8.924757908535777773e+00,1.712655936659424727e+00,8.822417189372860236e+00,1.500014545833664670e+00,8.869706253207970903e+00,2.500000000000000000e+00
3.793127593032909473e-01,8.924757909329130712e+00,1.712418758559263621e+00,8.822422374473735118e+00,1.500014532282648361e+00,8.869706254049020799e+00,2.500000000000000000e+00
3.795127593032911473e-01,8.924757910120460380e+00,1.712182114635417696e+00,8.822427547294884320e+00,1.500014518765510729e+00,8.869706254887939068e+00,2.500000000000000000e+00
3.797127593032913473e-01,8.924757910909900005e+00,1.711946003684784889e+00,8.822432707866902035e+00,1.500014505281342281e+00,8.869706255724853605e+00,2.500000000000000000e+00
3.799127593032915473e-01,8.924757911697390966e+00,1.711710424506884598e+00,8.822437856220080477e+00,1.500014491831507257e+00,8.869706256559721780e+00,2.500000000000000000e+00
3.801127593032917473e-01,8.924757912483022082e+00,1.711475375904747631e+00,8.822442992384766924e+00,1.500014478414641417e+00,8.869706257392614646e+00,2.500000000000000000e+00
3.803127593032919473e-01,8.924757913266684994e+00,1.711240856682813227e+00,8.822448116391162998e+00,1.500014465031654254e+00,8.869706258223441608e+00,2.500000000000000000e+00
3.805127593032921474e-01,8.924757914048480956e+00,1.711006865649154163e+00,8.822453228269422354e+00,1.500014451681636274e+00,8.869706259052289710e+00,2.500000000000000000e+00
3.807127593032923474e-01,8.924757914828244765e+00,1.710773401613884026e+00,8.822458328049551213e+00,1.500014438363677982e+00,8.869706259878999077e+00,2.500000000000000000e+00
3.809127593032925474e-01,8.924757915606148728e+00,1.710540463390256116e+00,8.822463415761589545e+00,1.500014425079370994e+00,8.869706260703747347e+00,2.500000000000000000e+00
3.811127593032927474e-01,8.924757916382191070e+00,1.710308049794045271e+00,8.822468491435428106e+00,1.500014411828487937e+00,8.869706261526525637e+00,2.500000000000000000e+00
3.813127593032929474e-01,8.924757917156354026e+00,1.710076159643779903e+00,8.822473555100962983e+00,1.500014398609664568e+00,8.869706262347314407e+00,2.500000000000000000e+00
3.815127593032931475e-01,8.924757917928557660e+00,1.709844791760493088e+00,8.822478606787742095e+00,1.500014385423810381e+00,8.869706263166042604e+00,2.500000000000000000e+00
3.817127593032933475e-01,8.924757918698926318e+00,1.709613944967682153e+00,8.822483646525601131e+00,1.500014372270925378e+00,8.869706263982838124e+00,2.500000000000000000e+00
3.819127593032935475e-01,8.924757919467408485e+00,1.709383618092239487e+00,8.822488674344086235e+00,1.500014359149645315e+00,8.869706264797637019e+00,2.500000000000000000e+00
3.821127593032937475e-01,8.924757920233926001e+00,1.709153809963611215e+00,8.822493690272604994e+00,1.500014346060879689e+00,8.869706265610364682e+00,2.500000000000000000e+00
3.823127593032939475e-01,8.924757920998660055e+00,1.708924519412803544e+00,8.822498694340623615e+00,1.500014333006220113e+00,8.869706266421205854e+00,2.500000000000000000e+00
3.825127593032941475e-01,8.924757921761521828e+00,1.708695745274592781e+00,8.822503686577510607e+00,1.500014319982255984e+00,8.869706267230069940e+00,2.500000000000000000e+00
3.827127593032943476e-01,8.924757922522568165e+00,1.708467486385552014e+00,8.822508667012616712e+00,1.500014306991261037e+00,8.869706268037017338e+00,2.500000000000000000e+00
3.829127593032945476e-01,8.924757923281626759e+00,1.708239741584839599e+00,8.822513635674937404e+00,1.500014294031188911e+00,8.869706268841872188e+00,2.500000000000000000e+00
3.831127593032947476e-01,8.924757924038939194e+00,1.708012509715441940e+00,8.822518592593702635e+00,1.500014281104313341e+00,8.869706269644877850e+00,2.500000000000000000e+00
3.833127593032949476e-01,8.924757924794413100e+00,1.707785789621902861e+00,8.822523537797978932e+00,1.500014268208815338e+00,8.869706270445943730e+00,2.500000000000000000e+00
3.835127593032951476e-01,8.924757925548028936e+00,1.707559580151678968e+00,8.822528471316605447e+00,1.500014255346513892e+00,8.869706271245044960e+00,2.500000000000000000e+00
3.837127593032953476e-01,8.924757926299706767e+00,1.707333880154530137e+00,8.822533393178451533e+00,1.500014242515135265e+00,8.869706272042112261e+00,2.500000000000000000e+00
3.839127593032955477e-01,8.924757927049697059e+00,1.707108688483499170e+00,8.822538303412450489e+00,1.500014229715134206e+00,8.869706272837385441e+00,2.500000000000000000e+00
3.841127593032957477e-01,8.924757927797768886e+00,1.706884003993520027e+00,8.822543202047215871e+00,1.500014216946283341e+00,8.869706273630637128e+00,2.500000000000000000e+00
3.843127593032959477e-01,8.924757928544044816e+00,1.706659825542663933e+00,8.822548089111418079e+00,1.500014204209946911e+00,8.869706274421989889e+00,2.500000000000000000e+00
3.845127593032961477e-01,8.924757929288514191e+00,1.706436151989855876e+00,8.822552964633651129e+00,1.500014191504305927e+00,8.869706275211440172e+00,2.500000000000000000e+00
3.847127593032963477e-01,8.924757930031136155e+00,1.706212982199172723e+00,8.822557828642374034e+00,1.500014178830269884e+00,8.869706275998940015e+00,2.500000000000000000e+00
3.849127593032965478e-01,8.924757930772010184e+00,1.705990315036117089e+00,8.822562681165994292e+00,1.500014166188748277e+00,8.869706276784585341e+00,2.500000000000000000e+00
3.851127593032967478e-01,8.924757931511017262e+00,1.705768149368167785e+00,8.822567522232892756e+00,1.500014153576785247e+00,8.869706277568267794e+00,2.500000000000000000e+00
3.853127593032969478e-01,8.924757932248219561e+00,1.705546484066431612e+00,8.822572351871258434e+00,1.500014140995972411e+00,8.869706278350040662e+00,2.500000000000000000e+00
3.855127593032971478e-01,8.924757932983634845e+00,1.705325318003581447e+00,8.822577170109363820e+00,1.500014128446537143e+00,8.869706279129932369e+00,2.500000000000000000e+00
3.857127593032973478e-01,8.924757933717344827e+00,1.705104650055289550e+00,8.822581976975332196e+00,1.500014115928024694e+00,8.869706279908015745e+00,2.500000000000000000e+00
3.859127593032975478e-01,8.924757934449152330e+00,1.704884479100071459e+00,8.822586772497064800e+00,1.500014103440207691e+00,8.869706280684097166e+00,2.500000000000000000e+00
3.861127593032977479e-01,8.924757935179277624e+00,1.704664804018369617e+00,8.822591556702692017e+00,1.500014090984223003e+00,8.869706281458396901e+00,2.500000000000000000e+00
3.863127593032979479e-01,8.924757935907571493e+00,1.704445623692826484e+00,8.822596329620042255e+00,1.500014078557796893e+00,8.869706282230763961e+00,2.500000000000000000e+00
3.865127593032981479e-01,8.924757936634115651e+00,1.704226937009752252e+00,8.822601091276876417e+00,1.500014066162748350e+00,8.869706283001287161e+00,2.500000000000000000e+00
3.867127593032983479e-01,8.924757937358799964e+00,1.704008742857765046e+00,8.822605841700935869e+00,1.500014053796803637e+00,8.869706283769840383e+00,2.500000000000000000e+00
3.869127593032985479e-01,8.924757938081828712e+00,1.703791040127142997e+00,8.822610580920034806e+00,1.500014041462691239e+00,8.869706284536645668e+00,2.500000000000000000e+00
3.871127593032987479e-01,8.924757938803095314e+00,1.703573827710931354e+00,8.822615308961614389e+00,1.500014029159046913e+00,8.869706285301591109e+00,2.500000000000000000e+00
3.873127593032989480e-01,8.924757939522534045e+00,1.703357104505284658e+00,8.822620025853215253e+00,1.500014016884506418e+00,8.869706286064610978e+00,2.500000000000000000e+00
3.875127593032991480e-01,8.924757940240343856e+00,1.703140869407711921e+00,8.822624731622408234e+00,1.500014004641116117e+00,8.869706286825906005e+00,2.500000000000000000e+00
3.877127593032993480e-01,8.924757940956277835e+00,1.702925121320066904e+00,8.822629426296373367e+00,1.500013992427057019e+00,8.869706287585220394e+00,2.500000000000000000e+00
3.879127593032995480e-01,8.924757941670559802e+00,1.702709859144338589e+00,8.822634109902567801e+00,1.500013980244148115e+00,8.869706288342790401e+00,2.500000000000000000e+00
3.881127593032997480e-01,8.924757942383109821e+00,1.702495081786651543e+00,8.822638782468196439e+00,1.500013968090115668e+00,8.869706289098525431e+00,2.500000000000000000e+00
3.883127593032999481e-01,8.924757943093917234e+00,1.702280788155787317e+00,8.822643444020327408e+00,1.500013955967688162e+00,8.869706289852427261e+00,2.500000000000000000e+00
3.885127593033001481e-01,8.924757943802891447e+00,1.702066977161298400e+00,8.822648094586124756e+00,1.500013943871863376e+00,8.869706290604392862e+00,2.500000000000000000e+00
3.887127593033003481e-01,8.924757944510300689e+00,1.701853647716880857e+00,8.822652734192587332e+00,1.500013931808780399e+00,8.869706291354702898e+00,2.500000000000000000e+00
3.889127593033005481e-01,8.924757945215892718e+00,1.701640798737295901e+00,8.822657362866664243e+00,1.500013919774346505e+00,8.869706292103092693e+00,2.500000000000000000e+00
3.891127593033007481e-01,8.924757945919862934e+00,1.701428429140657839e+00,8.822661980635279733e+00,1.500013907769471189e+00,8.869706292849766527e+00,2.500000000000000000e+00
3.893127593033009481e-01,8.924757946622060345e+00,1.701216537848059041e+00,8.822666587525063164e+00,1.500013895794381824e+00,8.869706293594571633e+00,2.500000000000000000e+00
3.895127593033011482e-01,8.924757947322563112e+00,1.701005123781908601e+00,8.822671183562887265e+00,1.500013883848396290e+00,8.869706294337587948e+00,2.500000000000000000e+00
3.897127593033013482e-01,8.924757948021380116e+00,1.700794185866979058e+00,8.822675768775383176e+00,1.500013871931287213e+00,8.869706295078815472e+00,2.500000000000000000e+00
3.899127593033015482e-01,8.924757948718463396e+00,1.700583723030818728e+00,8.822680343189114538e+00,1.500013860043736713e+00,8.869706295818224007e+00,2.500000000000000000e+00
3.901127593033017482e-01,8.924757949413899993e+00,1.700373734203571630e+00,8.822684906830666307e+00,1.500013848185517418e+00,8.869706296555886382e+00,2.500000000000000000e+00
3.903127593033019482e-01,8.924757950107601090e+00,1.700164218318045206e+00,8.822689459726325012e+00,1.500013836356401953e+00,8.869706297291715558e+00,2.500000000000000000e+00
3.905127593033021483e-01,8.924757950799657280e+00,1.699955174309344175e+00,8.822694001902663175e+00,1.500013824556845066e+00,8.869706298025803903e+00,2.500000000000000000e+00
3.907127593033023483e-01,8.924757951490038366e+00,1.699746601114312528e+00,8.822698533385862518e+00,1.500013812785482514e+00,8.869706298758128327e+00,2.500000000000000000e+00
3.909127593033025483e-01,8.924757952178714149e+00,1.699538497671956749e+00,8.822703054202223782e+00,1.500013801042769046e+00,8.869706299488655077e+00,2.500000000000000000e+00
3.911127593033027483e-01,8.924757952865792987e+00,1.699330862926169194e+00,8.822707564377873624e+00,1.500013789330296277e+00,8.869706300217483630e+00,2.500000000000000000e+00
3.913127593033029483e-01,8.924757953551146983e+00,1.699123695819279689e+00,8.822712063938926264e+00,1.500013777645563096e+00,8.869706300944494970e+00,2.500000000000000000e+00
3.915127593033031483e-01,8.924757954234877388e+00,1.698916995299778687e+00,8.822716552911424870e+00,1.500013765989478998e+00,8.869706301669786797e+00,2.500000000000000000e+00
3.917127593033033484e-01,8.924757954916929137e+00,1.698710760315121249e+00,8.822721031321307805e+00,1.500013754361361862e+00,8.869706302393309372e+00,2.500000000000000000e+00
3.919127593033035484e-01,8.924757955597296899e+00,1.698504989818816258e+00,8.822725499194433496e+00,1.500013742762575930e+00,8.869706303115057366e+00,2.500000000000000000e+00
3.921127593033037484e-01,8.924757956276037518e+00,1.698299682763006802e+00,8.822729956556740305e+00,1.500013731191529587e+00,8.869706303835076966e+00,2.500000000000000000e+00
3.923127593033039484e-01,8.924757956953142113e+00,1.698094838104295734e+00,8.822734403433861061e+00,1.500013719649359700e+00,8.869706304553371723e+00,2.500000000000000000e+00
3.925127593033041484e-01,8.924757957628626670e+00,1.697890454802443383e+00,8.822738839851583137e+00,1.500013708135611523e+00,8.869706305269955848e+00,2.500000000000000000e+00
3.927127593033043484e-01,8.924757958302459215e+00,1.697686531817389932e+00,8.822743265835462978e+00,1.500013696649602934e+00,8.869706305984788486e+00,2.500000000000000000e+00
3.929127593033045485e-01,8.924757958974678829e+00,1.697483068112720428e+00,8.822747681411117426e+00,1.500013685192698176e+00,8.869706306697922926e+00,2.500000000000000000e+00
3.931127593033047485e-01,8.924757959645274852e+00,1.697280062653535815e+00,8.822752086603969701e+00,1.500013673762623512e+00,8.869706307409339630e+00,2.500000000000000000e+00
3.933127593033049485e-01,8.924757960314206429e+00,1.697077514408178889e+00,8.822756481439460785e+00,1.500013662360743183e+00,8.869706308119001292e+00,2.500000000000000000e+00
3.935127593033051485e-01,8.924757960981583693e+00,1.696875422346994178e+00,8.822760865942962383e+00,1.500013650987511937e+00,8.869706308827018049e+00,2.500000000000000000e+00
3.937127593033053485e-01,8.924757961647273419e+00,1.696673785442486704e+00,8.822765240139709420e+00,1.500013639641792906e+00,8.869706309533249566e+00,2.500000000000000000e+00
3.939127593033055486e-01,8.924757962311360870e+00,1.696472602669557572e+00,8.822769604054991888e+00,1.500013628322676595e+00,8.869706310237788216e+00,2.500000000000000000e+00
3.941127593033057486e-01,8.924757962973908221e+00,1.696271873005060327e+00,8.822773957713941684e+00,1.500013617032664115e+00,8.869706310940705052e+00,2.500000000000000000e+00
3.943127593033059486e-01,8.924757963634808888e+00,1.696071595428995327e+00,8.822778301141594781e+00,1.500013605770618597e+00,8.869706311641873953e+00,2.500000000000000000e+00
3.945127593033061486e-01,8.924757964294146362e+00,1.695871768924668066e+00,8.822782634363042220e+00,1.500013594534721051e+00,8.869706312341394394e+00,2.500000000000000000e+00
3.947127593033063486e-01,8.924757964951865574e+00,1.695672392473603241e+00,8.822786957403206287e+00,1.500013583326790467e+00,8.869706313039200651e+00,2.500000000000000000e+00
3.949127593033065486e-01,8.924757965607987842e+00,1.695473465061490659e+00,8.822791270286964860e+00,1.500013572147054219e+00,8.869706313735326475e+00,2.500000000000000000e+00
3.951127593033067487e-01,8.924757966262545139e+00,1.695274985681978874e+00,8.822795573039183381e+00,1.500013560993693318e+00,8.869706314429793181e+00,2.500000000000000000e+00
3.953127593033069487e-01,8.924757966915491281e+00,1.695076953319887947e+00,8.822799865684574527e+00,1.500013549867844631e+00,8.869706315122561691e+00,2.500000000000000000e+00
3.955127593033071487e-01,8.924757967566888439e+00,1.694879366973656820e+00,8.822804148247858080e+00,1.500013538767916543e+00,8.869706315813685293e+00,2.500000000000000000e+00
3.957127593033073487e-01,8.924757968216660231e+00,1.694682225633702188e+00,8.822808420753684544e+00,1.500013527696182791e+00,8.869706316503101817e+00,2.500000000000000000e+00
3.959127593033075487e-01,8.924757968864939883e+00,1.694485528304173538e+00,8.822812683226560537e+00,1.500013516652643375e+00,8.869706317190930278e+00,2.500000000000000000e+00
3.961127593033077487e-01,8.924757969511649236e+00,1.694289273978029975e+00,8.822816935691088602e+00,1.500013505635024558e+00,8.869706317877101398e+00,2.500000000000000000e+00
3.963127593033079488e-01,8.924757970156790066e+00,1.694093461662244726e+00,8.822821178171610157e+00,1.500013494644008460e+00,8.869706318561618730e+00,2.500000000000000000e+00
3.965127593033081488e-01,8.924757970800312634e+00,1.693898090362111253e+00,8.822825410692447079e+00,1.500013483680504578e+00,8.869706319244425430e+00,2.500000000000000000e+00
3.967127593033083488e-01,8.924757971442385696e+00,1.693703159080287790e+00,8.822829633278084671e+00,1.500013472744512910e+00,8.869706319925693805e+00,2.500000000000000000e+00
3.969127593033085488e-01,8.924757972082822732e+00,1.693508666825949360e+00,8.822833845952725795e+00,1.500013461832850226e+00,8.869706320605239114e+00,2.500000000000000000e+00
3.971127593033087488e-01,8.924757972721682364e+00,1.693314612610834269e+00,8.822838048740466732e+00,1.500013450948699756e+00,8.869706321283119976e+00,2.500000000000000000e+00
3.973127593033089489e-01,8.924757973359104923e+00,1.693120995450070332e+00,8.822842241665513896e+00,1.500013440092061501e+00,8.869706321959474948e+00,2.500000000000000000e+00
3.975127593033091489e-01,8.924757973994951854e+00,1.692927814366326000e+00,8.822846424751711325e+00,1.500013429260889097e+00,8.869706322634170803e+00,2.500000000000000000e+00
3.977127593033093489e-01,8.924757974629272894e+00,1.692735068370097018e+00,8.822850598023206814e+00,1.500013418456319414e+00,8.869706323307244844e+00,2.500000000000000000e+00
3.979127593033095489e-01,8.924757975262027188e+00,1.692542756477987131e+00,8.822854761503995391e+00,1.500013407678352451e+00,8.869706323978666873e+00,2.500000000000000000e+00
3.981127593033097489e-01,8.924757975893262696e+00,1.692350877711485069e+00,8.822858915217977938e+00,1.500013396926533460e+00,8.869706324648484852e+00,2.500000000000000000e+00
3.983127593033099489e-01,8.924757976523052250e+00,1.692159431100715761e+00,8.822863059188918555e+00,1.500013386201544563e+00,8.869706325316771611e+00,2.500000000000000000e+00
3.985127593033101490e-01,8.924757977151269728e+00,1.691968415672676640e+00,8.822867193440433908e+00,1.500013375501794144e+00,8.869706325983399253e+00,2.500000000000000000e+00
3.987127593033103490e-01,8.924757977777957763e+00,1.691777830456722809e+00,8.822871317996224150e+00,1.500013364828419071e+00,8.869706326648408634e+00,2.500000000000000000e+00
3.989127593033105490e-01,8.924757978403167868e+00,1.691587674484059223e+00,8.822875432879946800e+00,1.500013354180737224e+00,8.869706327311853045e+00,2.500000000000000000e+00
3.991127593033107490e-01,8.924757979026924914e+00,1.691397946780114570e+00,8.822879538115326881e+00,1.500013343559885470e+00,8.869706327973760907e+00,2.500000000000000000e+00
3.993127593033109490e-01,8.924757979649035278e+00,1.691208646389054993e+00,8.822883633725567165e+00,1.500013332963590074e+00,8.869706328633931491e+00,2.500000000000000000e+00
3.995127593033111491e-01,8.924757980269735214e+00,1.691019772346751049e+00,8.822887719734275436e+00,1.500013322394124771e+00,8.869706329292613489e+00,2.500000000000000000e+00
3.997127593033113491e-01,8.924757980888950115e+00,1.690831323689248711e+00,8.822891796164901379e+00,1.500013311849670572e+00,8.869706329949723411e+00,2.500000000000000000e+00
3.999127593033115491e-01,8.924757981506642679e+00,1.690643299463831628e+00,8.822895863040564279e+00,1.500013301331819093e+00,8.869706330605222178e+00,2.500000000000000000e+00
4.001127593033117491e-01,8.924757982122848432e+00,1.690455698709192101e+00,8.822899920384685402e+00,1.500013290838296598e+00,8.869706331259148868e+00,2.500000000000000000e+00
4.003127593033119491e-01,8.924757982737634876e+00,1.690268520475627811e+00,8.822903968220362714e+00,1.500013280371604196e+00,8.869706331911572761e+00,2.500000000000000000e+00
4.005127593033121491e-01,8.924757983350865231e+00,1.690081763810499016e+00,8.822908006570710171e+00,1.500013269929468152e+00,8.869706332562355300e+00,2.500000000000000000e+00
4.007127593033123492e-01,8.924757983962630092e+00,1.689895427762551305e+00,8.822912035458891467e+00,1.500013259512797958e+00,8.869706333211587079e+00,2.500000000000000000e+00
4.009127593033125492e-01,8.924757984572991631e+00,1.689709511386970897e+00,8.822916054907889105e+00,1.500013249122048364e+00,8.869706333859330272e+00,2.500000000000000000e+00
4.011127593033127492e-01,8.924757985181825504e+00,1.689524013737939256e+00,8.822920064940550589e+00,1.500013238756082501e+00,8.869706334505462308e+00,2.500000000000000000e+00
4.013127593033129492e-01,8.924757985789192105e+00,1.689338933871320725e+00,8.822924065579909936e+00,1.500013228414900368e+00,8.869706335150047138e+00,2.500000000000000000e+00
4.015127593033131492e-01,8.924757986395110976e+00,1.689154270846555228e+00,8.822928056848732936e+00,1.500013218099638834e+00,8.869706335793098972e+00,2.500000000000000000e+00
4.017127593033133492e-01,8.924757986999592774e+00,1.688970023725473668e+00,8.822932038769797813e+00,1.500013207809161031e+00,8.869706336434621363e+00,2.500000000000000000e+00
4.019127593033135493e-01,8.924757987602593090e+00,1.688786191570861295e+00,8.822936011365859699e+00,1.500013197543694332e+00,8.869706337074591218e+00,2.500000000000000000e+00
4.021127593033137493e-01,8.924757988204147452e+00,1.688602773448521166e+00,8.822939974659515627e+00,1.500013187302556616e+00,8.869706337713024524e+00,2.500000000000000000e+00
4.023127593033139493e-01,8.924757988804257636e+00,1.688419768425955425e+00,8.822943928673376845e+00,1.500013177087339500e+00,8.869706338349937269e+00,2.500000000000000000e+00
4.025127593033141493e-01,8.924757989402966274e+00,1.688237175572717685e+00,8.822947873429995980e+00,1.500013166896906114e+00,8.869706338985359650e+00,2.500000000000000000e+00
4.027127593033143493e-01,8.924757990000236063e+00,1.688054993960474315e+00,8.822951808951854602e+00,1.500013156730574337e+00,8.869706339619257918e+00,2.500000000000000000e+00
4.029127593033145494e-01,8.924757990596040358e+00,1.687873222663061279e+00,8.822955735261372112e+00,1.500013146589253665e+00,8.869706340251614307e+00,2.500000000000000000e+00
4.031127593033147494e-01,8.924757991190380935e+00,1.687691860755193174e+00,8.822959652380898632e+00,1.500013136472489350e+00,8.869706340882423490e+00,2.500000000000000000e+00
4.033127593033149494e-01,8.924757991783350164e+00,1.687510907316661424e+00,8.822963560332741650e+00,1.500013126380736139e+00,8.869706341511774284e+00,2.500000000000000000e+00
4.035127593033151494e-01,8.924757992374850346e+00,1.687330361426984560e+00,8.822967459139128721e+00,1.500013116312175043e+00,8.869706342139581423e+00,2.500000000000000000e+00
4.037127593033153494e-01,8.924757992964996944e+00,1.687150222168136704e+00,8.822971348822354898e+00,1.500013106268625052e+00,8.869706342765944385e+00,2.500000000000000000e+00
4.039127593033155494e-01,8.924757993553678048e+00,1.686970488623641184e+00,8.822975229404445230e+00,1.500013096249631417e+00,8.869706343390769021e+00,2.500000000000000000e+00
4.041127593033157495e-01,8.924757994140930961e+00,1.686791159881311897e+00,8.822979100907447858e+00,1.500013086254739392e+00,8.869706344014080202e+00,2.500000000000000000e+00
4.043127593033159495e-01,8.924757994726782329e+00,1.686612235027387552e+00,8.822982963353483754e+00,1.500013076284176350e+00,8.869706344635909900e+00,2.500000000000000000e+00
4.045127593033161495e-01,8.924757995311297876e+00,1.686433713154467995e+00,8.822986816764496254e+00,1.500013066337487544e+00,8.869706345256322066e+00,2.500000000000000000e+00
4.047127593033163495e-01,8.924757995894367468e+00,1.686255593353004789e+00,8.822990661162334547e+00,1.500013056416037216e+00,8.869706345875204789e+00,2.500000000000000000e+00
4.049127593033165495e-01,8.924757996476042621e+00,1.686077874719349223e+00,8.822994496568872691e+00,1.500013046518233750e+00,8.869706346492609583e+00,2.500000000000000000e+00
4.051127593033167495e-01,8.924757997056268266e+00,1.685900556348091772e+00,8.822998323005844412e+00,1.500013036644077147e+00,8.869706347108493816e+00,2.500000000000000000e+00
4.053127593033169496e-01,8.924757997635133222e+00,1.685723637338906178e+00,8.823002140495098899e+00,1.500013026792657911e+00,8.869706347722928541e+00,2.500000000000000000e+00
4.055127593033171496e-01,8.924757998212689003e+00,1.685547116792618150e+00,8.823005949058256192e+00,1.500013016967386648e+00,8.869706348335983037e+00,2.500000000000000000e+00
4.057127593033173496e-01,8.924757998788734881e+00,1.685370993810894058e+00,8.823009748716913236e+00,1.500013007163715884e+00,8.869706348947442365e+00,2.500000000000000000e+00
4.059127593033175496e-01,8.924757999363487571e+00,1.685195267498426519e+00,8.823013539492734481e+00,1.500012997385965718e+00,8.869706349557528569e+00,2.500000000000000000e+00
4.061127593033177496e-01,8.924757999936796082e+00,1.685019936962326437e+00,8.823017321407061075e+00,1.500012987629588679e+00,8.869706350166092435e+00,2.500000000000000000e+00
4.063127593033179497e-01,8.924758000508816735e+00,1.684845001311287449e+00,8.823021094481532600e+00,1.500012977898904865e+00,8.869706350773284953e+00,2.500000000000000000e+00
4.065127593033181497e-01,8.924758001079442948e+00,1.684670459655784658e+00,8.823024858737428033e+00,1.500012968190731044e+00,8.869706351379011977e+00,2.500000000000000000e+00
4.067127593033183497e-01,8.924758001648664063e+00,1.684496311108325761e+00,8.823028614196129382e+00,1.500012958505749339e+00,8.869706351983245085e+00,2.500000000000000000e+00
4.069127593033185497e-01,8.924758002216570674e+00,1.684322554784068560e+00,8.823032360878933389e+00,1.500012948845323990e+00,8.869706352586085529e+00,2.500000000000000000e+00
4.071127593033187497e-01,8.924758002783081068e+00,1.684149189798574975e+00,8.823036098807074623e+00,1.500012939207863383e+00,8.869706353187456926e+00,2.500000000000000000e+00
4.073127593033189497e-01,8.924758003348168600e+00,1.683976215271231869e+00,8.823039828001686402e+00,1.500012929592230648e+00,8.869706353787329078e+00,2.500000000000000000e+00
4.075127593033191498e-01,8.924758003912037552e+00,1.683803630322778355e+00,8.823043548483981979e+00,1.500012920001609018e+00,8.869706354385897384e+00,2.500000000000000000e+00
4.077127593033193498e-01,8.924758004474552919e+00,1.683631434075626210e+00,8.823047260275023618e+00,1.500012910434406876e+00,8.869706354983037500e+00,2.500000000000000000e+00
4.079127593033195498e-01,8.924758005035632991e+00,1.683459625654634362e+00,8.823050963395701274e+00,1.500012900889032608e+00,8.869706355578662382e+00,2.500000000000000000e+00
4.081127593033197498e-01,8.924758005595352373e+00,1.683288204185592996e+00,8.823054657867075434e+00,1.500012891366850454e+00,8.869706356172850192e+00,2.500000000000000000e+00
4.083127593033199498e-01,8.924758006153840739e+00,1.683117168797148899e+00,8.823058343710124873e+00,1.500012881868542536e+00,8.869706356765735933e+00,2.500000000000000000e+00
4.085127593033201499e-01,8.924758006710952429e+00,1.682946518620582088e+00,8.823062020945620532e+00,1.500012872392517238e+00,8.869706357357156179e+00,2.500000000000000000e+00
4.087127593033203499e-01,8.924758007266634152e+00,1.682776252787530513e+00,8.823065689594303151e+00,1.500012862939001934e+00,8.869706357947071851e+00,2.500000000000000000e+00
4.089127593033205499e-01,8.924758007821123940e+00,1.682606370432544463e+00,8.823069349677037820e+00,1.500012853509588240e+00,8.869706358535719204e+00,2.500000000000000000e+00
4.091127593033207499e-01,8.924758008374208629e+00,1.682436870692436415e+00,8.823073001214456923e+00,1.500012844102229792e+00,8.869706359122885075e+00,2.500000000000000000e+00
4.093127593033209499e-01,8.924758008925952169e+00,1.682267752704809993e+00,8.823076644227176857e+00,1.500012834717153964e+00,8.869706359708633414e+00,2.500000000000000000e+00
4.095127593033211499e-01,8.924758009476416731e+00,1.682099015610475590e+00,8.823080278735879745e+00,1.500012825355497625e+00,8.869706360293026393e+00,2.500000000000000000e+00
4.097127593033213500e-01,8.924758010025639621e+00,1.681930658550804925e+00,8.823083904761094942e+00,1.500012816016578654e+00,8.869706360876103091e+00,2.500000000000000000e+00
4.099127593033215500e-01,8.924758010573452083e+00,1.681762680670451093e+00,8.823087522323213250e+00,1.500012806699260182e+00,8.869706361457687649e+00,2.500000000000000000e+00
4.101127593033217500e-01,8.924758011119980239e+00,1.681595081115914825e+00,8.823091131442691193e+00,1.500012797405133824e+00,8.869706362037918623e+00,2.500000000000000000e+00
4.103127593033219500e-01,8.924758011665174351e+00,1.681427859034129835e+00,8.823094732139969310e+00,1.500012788133062713e+00,8.869706362616735618e+00,2.500000000000000000e+00
4.105127593033221500e-01,8.924758012209135671e+00,1.681261013575557683e+00,8.823098324435312279e+00,1.500012778883956344e+00,8.869706363194243437e+00,2.500000000000000000e+00
4.107127593033223500e-01,8.924758012751775382e+00,1.681094543891851645e+00,8.823101908349014977e+00,1.500012769656450473e+00,8.869706363770360369e+00,2.500000000000000000e+00
4.109127593033225501e-01,8.924758013293118353e+00,1.680928449136402936e+00,8.823105483901324320e+00,1.500012760452136718e+00,8.869706364345097072e+00,2.500000000000000000e+00
4.111127593033227501e-01,8.924758013833150372e+00,1.680762728465525990e+00,8.823109051112375312e+00,1.500012751269423461e+00,8.869706364918446440e+00,2.500000000000000000e+00
4.113127593033229501e-01,8.924758014371867887e+00,1.680597381035515481e+00,8.823112610002262102e+00,1.500012742108538077e+00,8.869706365490408473e+00,2.500000000000000000e+00
4.115127593033231501e-01,8.924758014909336623e+00,1.680432406006630242e+00,8.823116160591093049e+00,1.500012732970844809e+00,8.869706366061052449e+00,2.500000000000000000e+00
4.117127593033233501e-01,8.924758015445510395e+00,1.680267802539998634e+00,8.823119702898896577e+00,1.500012723853615171e+00,8.869706366630325078e+00,2.500000000000000000e+00
4.119127593033235502e-01,8.924758015980419401e+00,1.680103569799137775e+00,8.823123236945599857e+00,1.500012714758895527e+00,8.869706367198258334e+00,2.500000000000000000e+00
4.121127593033237502e-01,8.924758016513971270e+00,1.679939706948477607e+00,8.823126762751110519e+00,1.500012705685776382e+00,8.869706367764752741e+00,2.500000000000000000e+00
4.123127593033239502e-01,8.924758017046389824e+00,1.679776213155089071e+00,8.823130280335373499e+00,1.500012696636076726e+00,8.869706368330048107e+00,2.500000000000000000e+00
4.125127593033241502e-01,8.924758017577484992e+00,1.679613087588351927e+00,8.823133789718143660e+00,1.500012687606840700e+00,8.869706368893943704e+00,2.500000000000000000e+00
4.127127593033243502e-01,8.924758018107263879e+00,1.679450329418114451e+00,8.823137290919138565e+00,1.500012678599432547e+00,8.869706369456443085e+00,2.500000000000000000e+00
4.129127593033245502e-01,8.924758018635817081e+00,1.679287937817553811e+00,8.823140783958091760e+00,1.500012669614534389e+00,8.869706370017652830e+00,2.500000000000000000e+00
4.131127593033247503e-01,8.924758019163109068e+00,1.679125911960570372e+00,8.823144268854706596e+00,1.500012660650327234e+00,8.869706370577521426e+00,2.500000000000000000e+00
4.133127593033249503e-01,8.924758019689138067e+00,1.678964251024233745e+00,8.823147745628498129e+00,1.500012651709084821e+00,8.869706371136054202e+00,2.500000000000000000e+00
4.135127593033251503e-01,8.924758020213870324e+00,1.678802954186253693e+00,8.823151214299118195e+00,1.500012642787623918e+00,8.869706371693217406e+00,2.500000000000000000e+00
4.137127593033253503e-01,8.924758020737415976e+00,1.678642020626376574e+00,8.823154674886074744e+00,1.500012633888900382e+00,8.869706372249124726e+00,2.500000000000000000e+00
4.139127593033255503e-01,8.924758021259725282e+00,1.678481449526726177e+00,8.823158127408829543e+00,1.500012625010640477e+00,8.869706372803721095e+00,2.500000000000000000e+00
4.141127593033257503e-01,8.924758021780679229e+00,1.678321240070136833e+00,8.823161571886675603e+00,1.500012616153298950e+00,8.869706373356885720e+00,2.500000000000000000e+00
4.143127593033259504e-01,8.924758022300517624e+00,1.678161391443166561e+00,8.823165008339142190e+00,1.500012607318694791e+00,8.869706373908865515e+00,2.500000000000000000e+00
4.145127593033261504e-01,8.924758022819078818e+00,1.678001902832822578e+00,8.823168436785410407e+00,1.500012598505691130e+00,8.869706374459493503e+00,2.500000000000000000e+00
4.147127593033263504e-01,8.924758023336398338e+00,1.677842773428291245e+00,8.823171857244837213e+00,1.500012589712241606e+00,8.869706375008812316e+00,2.500000000000000000e+00
4.149127593033265504e-01,8.924758023852474409e+00,1.677684002420362086e+00,8.823175269736568183e+00,1.500012580940619955e+00,8.869706375556811295e+00,2.500000000000000000e+00
4.151127593033267504e-01,8.924758024367344333e+00,1.677525589001978013e+00,8.823178674279768430e+00,1.500012572189689308e+00,8.869706376103529522e+00,2.500000000000000000e+00
4.153127593033269505e-01,8.924758024880953045e+00,1.677367532367565861e+00,8.823182070893569318e+00,1.500012563460813908e+00,8.869706376648922586e+00,2.500000000000000000e+00
4.155127593033271505e-01,8.924758025393323635e+00,1.677209831714163268e+00,8.823185459597029379e+00,1.500012554751720018e+00,8.869706377192997593e+00,2.500000000000000000e+00
4.157127593033273505e-01,8.924758025904569791e+00,1.677052486239859252e+00,8.823188840409219580e+00,1.500012546065136121e+00,8.869706377735880665e+00,2.500000000000000000e+00
4.159127593033275505e-01,8.924758026414485457e+00,1.676895495144355319e+00,8.823192213349011936e+00,1.500012537397878987e+00,8.869706378277365744e+00,2.500000000000000000e+00
4.161127593033277505e-01,8.924758026923239385e+00,1.676738857629327173e+00,8.823195578435386821e+00,1.500012528753131846e+00,8.869706378817612702e+00,2.500000000000000000e+00
4.163127593033279505e-01,8.924758027430865326e+00,1.676582572899129486e+00,8.823198935687287303e+00,1.500012520128393589e+00,8.869706379356660619e+00,2.500000000000000000e+00
4.165127593033281506e-01,8.924758027937137683e+00,1.676426640158413139e+00,8.823202285123359800e+00,1.500012511523209469e+00,8.869706379894283899e+00,2.500000000000000000e+00
4.167127593033283506e-01,8.924758028442235869e+00,1.676271058615816267e+00,8.823205626762515408e+00,1.500012502939171100e+00,8.869706380430667281e+00,2.500000000000000000e+00
4.169127593033285506e-01,8.924758028946200739e+00,1.676115827479003118e+00,8.823208960623444952e+00,1.500012494376960603e+00,8.869706380965848069e+00,2.500000000000000000e+00
4.171127593033287506e-01,8.924758029448948804e+00,1.675960945958987924e+00,8.823212286724876563e+00,1.500012485834758991e+00,8.869706381499735670e+00,2.500000000000000000e+00
4.173127593033289506e-01,8.924758029950478289e+00,1.675806413268700279e+00,8.823215605085364288e+00,1.500012477312338888e+00,8.869706382032335412e+00,2.500000000000000000e+00
4.175127593033291507e-01,8.924758030450815838e+00,1.675652228622846351e+00,8.823218915723526123e+00,1.500012468810155042e+00,8.869706382563677494e+00,2.500000000000000000e+00
4.177127593033293507e-01,8.924758030949991650e+00,1.675498391237443707e+00,8.823222218657891247e+00,1.500012460329799069e+00,8.869706383093779678e+00,2.500000000000000000e+00
4.179127593033295507e-01,8.924758031447954210e+00,1.675344900329777342e+00,8.823225513906997719e+00,1.500012451868997232e+00,8.869706383622609991e+00,2.500000000000000000e+00
4.181127593033297507e-01,8.924758031944696413e+00,1.675191755119858961e+00,8.823228801489168660e+00,1.500012443428886399e+00,8.869706384150143563e+00,2.500000000000000000e+00
4.183127593033299507e-01,8.924758032440337274e+00,1.675038954829067395e+00,8.823232081423009632e+00,1.500012435008557077e+00,8.869706384676501187e+00,2.500000000000000000e+00
4.185127593033301507e-01,8.924758032934720475e+00,1.674886498680451252e+00,8.823235353726699870e+00,1.500012426607781890e+00,8.869706385201542531e+00,2.500000000000000000e+00
4.187127593033303508e-01,8.924758033427972137e+00,1.674734385899140587e+00,8.823238618418558943e+00,1.500012418228607203e+00,8.869706385725377729e+00,2.500000000000000000e+00
4.189127593033305508e-01,8.924758033920079825e+00,1.674582615712133293e+00,8.823241875516933064e+00,1.500012409868986651e+00,8.869706386248005003e+00,2.500000000000000000e+00
4.191127593033307508e-01,8.924758034410984919e+00,1.674431187346990590e+00,8.823245125039964165e+00,1.500012401528692862e+00,8.869706386769355078e+00,2.500000000000000000e+00
4.193127593033309508e-01,8.924758034900708736e+00,1.674280100034397201e+00,8.823248367005827930e+00,1.500012393209317452e+00,8.869706387289458149e+00,2.500000000000000000e+00
4.195127593033311508e-01,8.924758035389290356e+00,1.674129353006583276e+00,8.823251601432689384e+00,1.500012384909268803e+00,8.869706387808353298e+00,2.500000000000000000e+00
4.197127593033313508e-01,8.924758035876720896e+00,1.673978945496405801e+00,8.823254828338550126e+00,1.500012376629911159e+00,8.869706388326022761e+00,2.500000000000000000e+00
4.199127593033315509e-01,8.924758036362970159e+00,1.673828876740005800e+00,8.823258047741479260e+00,1.500012368369652904e+00,8.869706388842443445e+00,2.500000000000000000e+00
4.201127593033317509e-01,8.924758036848103870e+00,1.673679145973399951e+00,8.823261259659455291e+00,1.500012360129630906e+00,8.869706389357682852e+00,2.500000000000000000e+00
4.203127593033319509e-01,8.924758037332045646e+00,1.673529752436118345e+00,8.823264464110414096e+00,1.500012351909390418e+00,8.869706389871662822e+00,2.500000000000000000e+00
4.205127593033321509e-01,8.924758037814815026e+00,1.673380695368473114e+00,8.823267661112215166e+00,1.500012343708249318e+00,8.869706390384402894e+00,2.500000000000000000e+00
4.207127593033323509e-01,8.924758038296470630e+00,1.673231974012772127e+00,8.823270850682789046e+00,1.500012335527344476e+00,8.869706390895958137e+00,2.500000000000000000e+00
4.209127593033325510e-01,8.924758038777014235e+00,1.673083587612782086e+00,8.823274032839869108e+00,1.500012327365311648e+00,8.869706391406339208e+00,2.500000000000000000e+00
4.211127593033327510e-01,8.924758039256388997e+00,1.672935535414151076e+00,8.823277207601226024e+00,1.500012319223515078e+00,8.869706391915483934e+00,2.500000000000000000e+00
4.213127593033329510e-01,8.924758039734625115e+00,1.672787816663898530e+00,8.823280374984555863e+00,1.500012311100817897e+00,8.869706392423424290e+00,2.500000000000000000e+00
4.215127593033331510e-01,8.924758040211708376e+00,1.672640430611775697e+00,8.823283535007538703e+00,1.500012302997674851e+00,8.869706392930135408e+00,2.500000000000000000e+00
4.217127593033333510e-01,8.924758040687699179e+00,1.672493376507882878e+00,8.823286687687794227e+00,1.500012294914085942e+00,8.869706393435697223e+00,2.500000000000000000e+00
4.219127593033335510e-01,8.924758041162546007e+00,1.672346653604212419e+00,8.823289833042894159e+00,1.500012286850051169e+00,8.869706393940045785e+00,2.500000000000000000e+00
4.221127593033337511e-01,8.924758041636238204e+00,1.672200261156302492e+00,8.823292971090388903e+00,1.500012278804888410e+00,8.869706394443166886e+00,2.500000000000000000e+00
4.223127593033339511e-01,8.924758042108841494e+00,1.672054198418080784e+00,8.823296101847754258e+00,1.500012270778825041e+00,8.869706394945136907e+00,2.500000000000000000e+00
4.225127593033341511e-01,8.924758042580318573e+00,1.671908464647652082e+00,8.823299225332446483e+00,1.500012262772543181e+00,8.869706395445918545e+00,2.500000000000000000e+00
4.227127593033343511e-01,8.924758043050672995e+00,1.671763059105797478e+00,8.823302341561829465e+00,1.500012254784905963e+00,8.869706395945513577e+00,2.500000000000000000e+00
4.229127593033345511e-01,8.924758043519894102e+00,1.671617981051785273e+00,8.823305450553235119e+00,1.500012246817050254e+00,8.869706396443898910e+00,2.500000000000000000e+00
4.231127593033347511e-01,8.924758043988003209e+00,1.671473229746986311e+00,8.823308552324080622e+00,1.500012238867157066e+00,8.869706396941118953e+00,2.500000000000000000e+00
4.233127593033349512e-01,8.924758044454966566e+00,1.671328804456231554e+00,8.823311646891554005e+00,1.500012230936590640e+00,8.869706397437115086e+00,2.500000000000000000e+00
4.235127593033351512e-01,8.924758044920947597e+00,1.671184704446619040e+00,8.823314734272983628e+00,1.500012223025578351e+00,8.869706397932073827e+00,2.500000000000000000e+00
4.237127593033353512e-01,8.924758045385795313e+00,1.671040928983921869e+00,8.823317814485452715e+00,1.500012215133438076e+00,8.869706398425828198e+00,2.500000000000000000e+00
4.239127593033355512e-01,8.924758045849479515e+00,1.670897477338045833e+00,8.823320887546021396e+00,1.500012207260169816e+00,8.869706398918355106e+00,2.500000000000000000e+00
4.241127593033357512e-01,8.924758046312090798e+00,1.670754348779396992e+00,8.823323953471932768e+00,1.500012199405318825e+00,8.869706399409743369e+00,2.500000000000000000e+00
4.243127593033359513e-01,8.924758046773551001e+00,1.670611542580137554e+00,8.823327012280177684e+00,1.500012191569339848e+00,8.869706399899911275e+00,2.500000000000000000e+00
4.245127593033361513e-01,8.924758047234004010e+00,1.670469058014739883e+00,8.823330063987796734e+00,1.500012183752232886e+00,8.869706400389020473e+00,2.500000000000000000e+00
4.247127593033363513e-01,8.924758047693341467e+00,1.670326894358260317e+00,8.823333108611706166e+00,1.500012175953770566e+00,8.869706400876937735e+00,2.500000000000000000e+00
4.249127593033365513e-01,8.924758048151602452e+00,1.670185050888476352e+00,8.823336146168898608e+00,1.500012168173725513e+00,8.869706401363719905e+00,2.500000000000000000e+00
4.251127593033367513e-01,8.924758048608735450e+00,1.670043526884147811e+00,8.823339176676141093e+00,1.500012160412779849e+00,8.869706401849311916e+00,2.500000000000000000e+00
4.253127593033369513e-01,8.924758049064756449e+00,1.669902321625404973e+00,8.823342200150332104e+00,1.500012152668887211e+00,8.869706402333724427e+00,2.500000000000000000e+00
4.255127593033371514e-01,8.924758049519779135e+00,1.669761434394827271e+00,8.823345216608325714e+00,1.500012144945458203e+00,8.869706402817072899e+00,2.500000000000000000e+00
4.257127593033373514e-01,8.924758049973693375e+00,1.669620864475770183e+00,8.823348226066833888e+00,1.500012137239082222e+00,8.869706403299247199e+00,2.500000000000000000e+00
4.259127593033375514e-01,8.924758050426577327e+00,1.669480611154190441e+00,8.823351228542550828e+00,1.500012129552033002e+00,8.869706403780334369e+00,2.500000000000000000e+00
4.261127593033377514e-01,8.924758050878310200e+00,1.669340673716076306e+00,8.823354224052126327e+00,1.500012121882946303e+00,8.869706404260204735e+00,2.500000000000000000e+00
4.263127593033379514e-01,8.924758051329007458e+00,1.669201051450969420e+00,8.823357212612210176e+00,1.500012114231367377e+00,8.869706404738971983e+00,2.500000000000000000e+00
4.265127593033381515e-01,8.924758051778610479e+00,1.669061743648319052e+00,8.823360194239389998e+00,1.500012106599115214e+00,8.869706405216589928e+00,2.500000000000000000e+00
4.267127593033383515e-01,8.924758052227209859e+00,1.668922749600046274e+00,8.823363168950244528e+00,1.500012098985052944e+00,8.869706405693133178e+00,2.500000000000000000e+00
4.269127593033385515e-01,8.924758052674711450e+00,1.668784068600083215e+00,8.823366136761244150e+00,1.500012091388498447e+00,8.869706406168518242e+00,2.500000000000000000e+00
4.271127593033387515e-01,8.924758053121193413e+00,1.668645699943086314e+00,8.823369097688814833e+00,1.500012083810361219e+00,8.869706406642819729e+00,2.500000000000000000e+00
4.273127593033389515e-01,8.924758053566579363e+00,1.668507642924820678e+00,8.823372051749410971e+00,1.500012076250641258e+00,8.869706407115964808e+00,2.500000000000000000e+00
4.275127593033391515e-01,8.924758054010903052e+00,1.668369896844079658e+00,8.823374998959428339e+00,1.500012068708201696e+00,8.869706407587980124e+00,2.500000000000000000e+00
4.277127593033393516e-01,8.924758054454200007e+00,1.668232461000863864e+00,8.823377939335198761e+00,1.500012061184179402e+00,8.869706408058911862e+00,2.500000000000000000e+00
4.279127593033395516e-01,8.924758054896429371e+00,1.668095334696037657e+00,8.823380872892927940e+00,1.500012053678347002e+00,8.869706408528713837e+00,2.500000000000000000e+00
4.281127593033397516e-01,8.924758055337633778e+00,1.667958517232230431e+00,8.823383799649027637e+00,1.500012046190704496e+00,8.869706408997426905e+00,2.500000000000000000e+00
4.283127593033399516e-01,8.924758055777791910e+00,1.667822007914498750e+00,8.823386719619572105e+00,1.500012038719660268e+00,8.869706409465029751e+00,2.500000000000000000e+00
4.285127593033401516e-01,8.924758056216957058e+00,1.667685806048333941e+00,8.823389632820859418e+00,1.500012031268170176e+00,8.869706409931584545e+00,2.500000000000000000e+00
4.287127593033403516e-01,8.924758056654983562e+00,1.667549910941435343e+00,8.823392539268896329e+00,1.500012023832596242e+00,8.869706410396933194e+00,2.500000000000000000e+00
4.289127593033405517e-01,8.924758057092029517e+00,1.667414321902889185e+00,8.823395438979863670e+00,1.500012016415894323e+00,8.869706410861239121e+00,2.500000000000000000e+00
4.291127593033407517e-01,8.924758057528075383e+00,1.667279038243616229e+00,8.823398331969812602e+00,1.500012009016245429e+00,8.869706411324484563e+00,2.500000000000000000e+00
4.293127593033409517e-01,8.924758057963011026e+00,1.667144059275149193e+00,8.823401218254653955e+00,1.500012001634331682e+00,8.869706411786559386e+00,2.500000000000000000e+00
4.295127593033411517e-01,8.924758058396990990e+00,1.667009384311699982e+00,8.823404097850499284e+00,1.500011994270835203e+00,8.869706412247619909e+00,2.500000000000000000e+00
4.297127593033413517e-01,8.924758058829906915e+00,1.666875012669151390e+00,8.823406970773170599e+00,1.500011986923937002e+00,8.869706412707548893e+00,2.500000000000000000e+00
4.299127593033415518e-01,8.924758059261797882e+00,1.666740943663411301e+00,8.823409837038621362e+00,1.500011979594319200e+00,8.869706413166397851e+00,2.500000000000000000e+00
4.301127593033417518e-01,8.924758059692724288e+00,1.666607176613758678e+00,8.823412696662714438e+00,1.500011972283346040e+00,8.869706413624221852e+00,2.500000000000000000e+00
4.303127593033419518e-01,8.924758060122625736e+00,1.666473710839247779e+00,8.823415549661213220e+00,1.500011964988971158e+00,8.869706414080953394e+00,2.500000000000000000e+00
4.305127593033421518e-01,8.924758060551434724e+00,1.666340545661581851e+00,8.823418396049868662e+00,1.500011957711876676e+00,8.869706414536537409e+00,2.500000000000000000e+00
4.307127593033423518e-01,8.924758060979264940e+00,1.666207680404610203e+00,8.823421235844477906e+00,1.500011950451835219e+00,8.869706414991082255e+00,2.500000000000000000e+00
4.309127593033425518e-01,8.924758061406109277e+00,1.666075114391950551e+00,8.823424069060733288e+00,1.500011943209301535e+00,8.869706415444580827e+00,2.500000000000000000e+00
4.311127593033427519e-01,8.924758061831891354e+00,1.665942846949599154e+00,8.823426895714211682e+00,1.500011935984048250e+00,8.869706415896954965e+00,2.500000000000000000e+00
4.313127593033429519e-01,8.924758062256742619e+00,1.665810877405589530e+00,8.823429715820681807e+00,1.500011928776984860e+00,8.869706416348346778e+00,2.500000000000000000e+00
4.315127593033431519e-01,8.924758062680570703e+00,1.665679205088917536e+00,8.823432529395551782e+00,1.500011921585837626e+00,8.869706416798647908e+00,2.500000000000000000e+00
4.317127593033433519e-01,8.924758063103404027e+00,1.665547829330124907e+00,8.823435336454435785e+00,1.500011914412425540e+00,8.869706417247892105e+00,2.500000000000000000e+00
4.319127593033435519e-01,8.924758063525223051e+00,1.665416749460145285e+00,8.823438137012862725e+00,1.500011907255839105e+00,8.869706417696066936e+00,2.500000000000000000e+00
4.321127593033437519e-01,8.924758063946063302e+00,1.665285964815166109e+00,8.823440931086231842e+00,1.500011900116305696e+00,8.869706418143202598e+00,2.500000000000000000e+00
4.323127593033439520e-01,8.924758064365883925e+00,1.665155474727336271e+00,8.823443718690008097e+00,1.500011892992915818e+00,8.869706418589256458e+00,2.500000000000000000e+00
4.325127593033441520e-01,8.924758064784693801e+00,1.665025278535801734e+00,8.823446499839500134e+00,1.500011885887943208e+00,8.869706419034246281e+00,2.500000000000000000e+00
4.327127593033443520e-01,8.924758065202555102e+00,1.664895375577571723e+00,8.823449274550142718e+00,1.500011878799568876e+00,8.869706419478225357e+00,2.500000000000000000e+00
4.329127593033445520e-01,8.924758065619442959e+00,1.664765765191814406e+00,8.823452042837237386e+00,1.500011871727110702e+00,8.869706419921165264e+00,2.500000000000000000e+00
4.331127593033447520e-01,8.924758066035325399e+00,1.664636446719752971e+00,8.823454804716014621e+00,1.500011864671932926e+00,8.869706420363057120e+00,2.500000000000000000e+00
4.333127593033449521e-01,8.924758066450205973e+00,1.664507419504047014e+00,8.823457560201640959e+00,1.500011857633126056e+00,8.869706420803881386e+00,2.500000000000000000e+00
4.335127593033451521e-01,8.924758066864152184e+00,1.664378682889273264e+00,8.823460309309409055e+00,1.500011850612054332e+00,8.869706421243707339e+00,2.500000000000000000e+00
4.337127593033453521e-01,8.924758067277064555e+00,1.664250236221060275e+00,8.823463052054501432e+00,1.500011843606216644e+00,8.869706421682451492e+00,2.500000000000000000e+00
4.339127593033455521e-01,8.924758067689092300e+00,1.664122078843971675e+00,8.823465788451935410e+00,1.500011836618568850e+00,8.869706422120243516e+00,2.500000000000000000e+00
4.341127593033457521e-01,8.924758068100103969e+00,1.663994210109047467e+00,8.823468518516859760e+00,1.500011829646382466e+00,8.869706422556962622e+00,2.500000000000000000e+00
4.343127593033459521e-01,8.924758068510122655e+00,1.663866629365689409e+00,8.823471242264220749e+00,1.500011822691931229e+00,8.869706422992631900e+00,2.500000000000000000e+00
4.345127593033461522e-01,8.924758068919226517e+00,1.663739335965067401e+00,8.823473959709144054e+00,1.500011815752941402e+00,8.869706423427329511e+00,2.500000000000000000e+00
4.347127593033463522e-01,8.924758069327319632e+00,1.663612329259418487e+00,8.823476670866536864e+00,1.500011808830322479e+00,8.869706423860957756e+00,2.500000000000000000e+00
4.349127593033465522e-01,8.924758069734437527e+00,1.663485608603729515e+00,8.823479375751297482e+00,1.500011801924983956e+00,8.869706424293552161e+00,2.500000000000000000e+00
4.351127593033467522e-01,8.924758070140656585e+00,1.663359173354110432e+00,8.823482074378370399e+00,1.500011795035334217e+00,8.869706424725196214e+00,2.500000000000000000e+00
4.353127593033469522e-01,8.924758070545903976e+00,1.663233022867066424e+00,8.823484766762581089e+00,1.500011788162737503e+00,8.869706425155808205e+00,2.500000000000000000e+00
4.355127593033471523e-01,8.924758070950185029e+00,1.663107156501484996e+00,8.823487452918723051e+00,1.500011781305829572e+00,8.869706425585391685e+00,2.500000000000000000e+00
4.357127593033473523e-01,8.924758071353515732e+00,1.662981573617330566e+00,8.823490132861671498e+00,1.500011774465292547e+00,8.869706426013975076e+00,2.500000000000000000e+00
4.359127593033475523e-01,8.924758071755888977e+00,1.662856273576377664e+00,8.823492806606049399e+00,1.500011767641353799e+00,8.869706426441537062e+00,2.500000000000000000e+00
4.361127593033477523e-01,8.924758072157313649e+00,1.662731255741881409e+00,8.823495474166616503e+00,1.500011760833785956e+00,8.869706426868098958e+00,2.500000000000000000e+00
4.363127593033479523e-01,8.924758072557811062e+00,1.662606519477247025e+00,8.823498135558086375e+00,1.500011754041679524e+00,8.869706427293676754e+00,2.500000000000000000e+00
4.365127593033481523e-01,8.924758072957288846e+00,1.662482064149251926e+00,8.823500790795009152e+00,1.500011747264579753e+00,8.869706427718176300e+00,2.500000000000000000e+00
4.367127593033483524e-01,8.924758073355935295e+00,1.662357889124818078e+00,8.823503439892071754e+00,1.500011740505669877e+00,8.869706428141791221e+00,2.500000000000000000e+00
4.369127593033485524e-01,8.924758073753613630e+00,1.662233993772847640e+00,8.823506082863778133e+00,1.500011733762221411e+00,8.869706428564375855e+00,2.500000000000000000e+00
4.371127593033487524e-01,8.924758074150366483e+00,1.662110377463084099e+00,8.823508719724699745e+00,1.500011727035143849e+00,8.869706428985985269e+00,2.500000000000000000e+00
4.373127593033489524e-01,8.924758074546142339e+00,1.661987039566985569e+00,8.823511350489217975e+00,1.500011720323072950e+00,8.869706429406560844e+00,2.500000000000000000e+00
4.375127593033491524e-01,8.924758074940987385e+00,1.661863979458166662e+00,8.823513975171884738e+00,1.500011713626918208e+00,8.869706429826148764e+00,2.500000000000000000e+00
4.377127593033493524e-01,8.924758075334885632e+00,1.661741196510084340e+00,8.823516593787102735e+00,1.500011706946906997e+00,8.869706430244733042e+00,2.500000000000000000e+00
4.379127593033495525e-01,8.924758075727989848e+00,1.661618690099530893e+00,8.823519206349310195e+00,1.500011700283266691e+00,8.869706430662469998e+00,2.500000000000000000e+00
4.381127593033497525e-01,8.924758076120033579e+00,1.661496459603040377e+00,8.823521812872694881e+00,1.500011693634405674e+00,8.869706431079084297e+00,2.500000000000000000e+00
4.383127593033499525e-01,8.924758076511205118e+00,1.661374504399395713e+00,8.823524413371671926e+00,1.500011687002370309e+00,8.869706431494781995e+00,2.500000000000000000e+00
4.385127593033501525e-01,8.924758076901451176e+00,1.661252823868386130e+00,8.823527007860514360e+00,1.500011680384886859e+00,8.869706431909488487e+00,2.500000000000000000e+00
4.387127593033503525e-01,8.924758077290759317e+00,1.661131417390994569e+00,8.823529596353475668e+00,1.500011673783774313e+00,8.869706432323209100e+00,2.500000000000000000e+00
4.389127593033505526e-01,8.924758077679165069e+00,1.661010284350782351e+00,8.823532178864690323e+00,1.500011667198350551e+00,8.869706432735965151e+00,2.500000000000000000e+00
4.391127593033507526e-01,8.924758078066654221e+00,1.660889424131649861e+00,8.823534755408358521e+00,1.500011660629070320e+00,8.869706433147758418e+00,2.500000000000000000e+00
4.393127593033509526e-01,8.924758078453216115e+00,1.660768836119585368e+00,8.823537325998636049e+00,1.500011654073659884e+00,8.869706433558562253e+00,2.500000000000000000e+00
4.395127593033511526e-01,8.924758078838927133e+00,1.660648519700875347e+00,8.823539890649668038e+00,1.500011647534847725e+00,8.869706433968469028e+00,2.500000000000000000e+00
4.397127593033513526e-01,8.924758079223757079e+00,1.660528474264315157e+00,8.823542449375439745e+00,1.500011641011951724e+00,8.869706434377434334e+00,2.500000000000000000e+00
4.399127593033515526e-01,8.924758079607620687e+00,1.660408699199487748e+00,8.823545002189943531e+00,1.500011634504062386e+00,8.869706434785381788e+00,2.500000000000000000e+00
4.401127593033517527e-01,8.924758079990537496e+00,1.660289193896685944e+00,8.823547549107223276e+00,1.500011628011407083e+00,8.869706435192323823e+00,2.500000000000000000e+00
4.403127593033519527e-01,8.924758080372612312e+00,1.660169957749370040e+00,8.823550090141285551e+00,1.500011621533531070e+00,8.869706435598374128e+00,2.500000000000000000e+00
4.405127593033521527e-01,8.924758080753775857e+00,1.660050990150726991e+00,8.823552625306009034e+00,1.500011615072025961e+00,8.869706436003449213e+00,2.500000000000000000e+00
4.407127593033523527e-01,8.924758081134072540e+00,1.659932290496045848e+00,8.823555154615275953e+00,1.500011608625982262e+00,8.869706436407614802e+00,2.500000000000000000e+00
4.409127593033525527e-01,8.924758081513433083e+00,1.659813858181820923e+00,8.823557678082959654e+00,1.500011602194035731e+00,8.869706436810783856e+00,2.500000000000000000e+00
4.411127593033527527e-01,8.924758081891972950e+00,1.659695692606232287e+00,8.823560195722892630e+00,1.500011595778232731e+00,8.869706437213084271e+00,2.500000000000000000e+00
4.413127593033529528e-01,8.924758082269551807e+00,1.659577793168562021e+00,8.823562707548834538e+00,1.500011589377436394e+00,8.869706437614366834e+00,2.500000000000000000e+00
4.415127593033531528e-01,8.924758082646251367e+00,1.659460159269366075e+00,8.823565213574486421e+00,1.500011582991646719e+00,8.869706438014718586e+00,2.500000000000000000e+00
4.417127593033533528e-01,8.924758083022100053e+00,1.659342790309951798e+00,8.823567713813696756e+00,1.500011576621318454e+00,8.869706438414162619e+00,2.500000000000000000e+00
4.419127593033535528e-01,8.924758083397010822e+00,1.659225685694491803e+00,8.823570208280060001e+00,1.500011570265087357e+00,8.869706438812617222e+00,2.500000000000000000e+00
4.421127593033537528e-01,8.924758083771052952e+00,1.659108844827353657e+00,8.823572696987193709e+00,1.500011563924317670e+00,8.869706439210149895e+00,2.500000000000000000e+00
4.423127593033539529e-01,8.924758084144285064e+00,1.658992267114220986e+00,8.823575179948845104e+00,1.500011557599464140e+00,8.869706439606822812e+00,2.500000000000000000e+00
4.425127593033541529e-01,8.924758084516565049e+00,1.658875951962501372e+00,8.823577657178505618e+00,1.500011551288480405e+00,8.869706440002492087e+00,2.500000000000000000e+00
4.427127593033543529e-01,8.924758084888026133e+00,1.658759898781238418e+00,8.823580128689762603e+00,1.500011544992730705e+00,8.869706440397285618e+00,2.500000000000000000e+00
4.429127593033545529e-01,8.924758085258583051e+00,1.658644106979846988e+00,8.823582594496105713e+00,1.500011538711760295e+00,8.869706440791116364e+00,2.500000000000000000e+00
4.431127593033547529e-01,8.924758085628299753e+00,1.658528575969655305e+00,8.823585054611031708e+00,1.500011532446251294e+00,8.869706441184062484e+00,2.500000000000000000e+00
4.433127593033549529e-01,8.924758085997122947e+00,1.658413305164041285e+00,8.823587509047978727e+00,1.500011526193929967e+00,8.869706441576063582e+00,2.500000000000000000e+00
4.435127593033551530e-01,8.924758086365153886e+00,1.658298293976442794e+00,8.823589957820388463e+00,1.500011519958206918e+00,8.869706441967219135e+00,2.500000000000000000e+00
4.437127593033553530e-01,8.924758086732206053e+00,1.658183541821784956e+00,8.823592400941578262e+00,1.500011513736581037e+00,8.869706442357344400e+00,2.500000000000000000e+00
4.439127593033555530e-01,8.924758087098444648e+00,1.658069048117455591e+00,8.823594838425021791e+00,1.500011507529052324e+00,8.869706442746604580e+00,2.500000000000000000e+00
4.441127593033557530e-01,8.924758087463855460e+00,1.657954812280416634e+00,8.823597270283897842e+00,1.500011501337212394e+00,8.869706443134978358e+00,2.500000000000000000e+00
4.443127593033559530e-01,8.924758087828376318e+00,1.657840833730673591e+00,8.823599696531603698e+00,1.500011495159242259e+00,8.869706443522417771e+00,2.500000000000000000e+00
4.445127593033561531e-01,8.924758088192039196e+00,1.657727111888741112e+00,8.823602117181312821e+00,1.500011488996506159e+00,8.869706443908947691e+00,2.500000000000000000e+00
4.447127593033563531e-01,8.924758088554863633e+00,1.657613646176239852e+00,8.823604532246308807e+00,1.500011482847185107e+00,8.869706444294585879e+00,2.500000000000000000e+00
4.449127593033565531e-01,8.924758088916824761e+00,1.657500436016229539e+00,8.823606941739706500e+00,1.500011476713780212e+00,8.869706444679305690e+00,2.500000000000000000e+00
4.451127593033567531e-01,8.924758089277919026e+00,1.657387480833150351e+00,8.823609345674721993e+00,1.500011470593335616e+00,8.869706445063108902e+00,2.500000000000000000e+00
4.453127593033569531e-01,8.924758089638208602e+00,1.657274780053078711e+00,8.823611744064457696e+00,1.500011464488125057e+00,8.869706445446061238e+00,2.500000000000000000e+00
4.455127593033571531e-01,8.924758089997606447e+00,1.657162333102933705e+00,8.823614136921950291e+00,1.500011458397693787e+00,8.869706445828063224e+00,2.500000000000000000e+00
4.457127593033573532e-01,8.924758090356284868e+00,1.657050139410731315e+00,8.823616524260412319e+00,1.500011452322041805e+00,8.869706446209301376e+00,2.500000000000000000e+00
4.459127593033575532e-01,8.924758090714000502e+00,1.656938198405866425e+00,8.823618906092690395e+00,1.500011446259804870e+00,8.869706446589518123e+00,2.500000000000000000e+00
4.461127593033577532e-01,8.924758091070884802e+00,1.656826509520239465e+00,8.823621282431844293e+00,1.500011440211665104e+00,8.869706446968860902e+00,2.500000000000000000e+00
4.463127593033579532e-01,8.924758091426973294e+00,1.656715072184765880e+00,8.823623653290887603e+00,1.500011434178077252e+00,8.869706447347352807e+00,2.500000000000000000e+00
4.465127593033581532e-01,8.924758091782241110e+00,1.656603885834611267e+00,8.823626018682650951e+00,1.500011428159496063e+00,8.869706447724979625e+00,2.500000000000000000e+00
4.467127593033583532e-01,8.924758092136608312e+00,1.656492949903098699e+00,8.823628378620096413e+00,1.500011422153875174e+00,8.869706448101652541e+00,2.500000000000000000e+00
4.469127593033585533e-01,8.924758092490222339e+00,1.656382263826575718e+00,8.823630733116093694e+00,1.500011416163488320e+00,8.869706448477517213e+00,2.500000000000000000e+00
4.471127593033587533e-01,8.924758092842955293e+00,1.656271827041758238e+00,8.823633082183464538e+00,1.500011410186289140e+00,8.869706448852456404e+00,2.500000000000000000e+00
4.473127593033589533e-01,8.924758093194883557e+00,1.656161638988204787e+00,8.823635425835021806e+00,1.500011404223869249e+00,8.869706449226534062e+00,2.500000000000000000e+00
4.475127593033591533e-01,8.924758093546003579e+00,1.656051699104847730e+00,8.823637764083464674e+00,1.500011398275546526e+00,8.869706449599762621e+00,2.500000000000000000e+00
4.477127593033593533e-01,8.924758093896233646e+00,1.655942006833095226e+00,8.823640096941627320e+00,1.500011392340866223e+00,8.869706449972044382e+00,2.500000000000000000e+00
4.479127593033595534e-01,8.924758094245712314e+00,1.655832561615499188e+00,8.823642424422169839e+00,1.500011386419828341e+00,8.869706450343526782e+00,2.500000000000000000e+00
4.481127593033597534e-01,8.924758094594359648e+00,1.655723362895397566e+00,8.823644746537803840e+00,1.500011380513342374e+00,8.869706450714131662e+00,2.500000000000000000e+00
4.483127593033599534e-01,8.924758094942154329e+00,1.655614410117659308e+00,8.823647063301137905e+00,1.500011374620498827e+00,8.869706451083830601e+00,2.500000000000000000e+00
4.485127593033601534e-01,8.924758095289149651e+00,1.655505702728464756e+00,8.823649374724778838e+00,1.500011368741752449e+00,8.869706451452683993e+00,2.500000000000000000e+00
4.487127593033603534e-01,8.924758095635356270e+00,1.655397240174852680e+00,8.823651680821336996e+00,1.500011362876648491e+00,8.869706451820693616e+00,2.500000000000000000e+00
4.489127593033605534e-01,8.924758095980747541e+00,1.655289021905925306e+00,8.823653981603367669e+00,1.500011357025641701e+00,8.869706452187843482e+00,2.500000000000000000e+00
4.491127593033607535e-01,8.924758096325327017e+00,1.655181047371392600e+00,8.823656277083395949e+00,1.500011351188277331e+00,8.869706452554131815e+00,2.500000000000000000e+00
4.493127593033609535e-01,8.924758096669140883e+00,1.655073316022111829e+00,8.823658567273907849e+00,1.500011345365237503e+00,8.869706452919604800e+00,2.500000000000000000e+00
4.495127593033611535e-01,8.924758097012077229e+00,1.654965827310046045e+00,8.823660852187311221e+00,1.500011339555157974e+00,8.869706453284150527e+00,2.500000000000000000e+00
4.497127593033613535e-01,8.924758097354237307e+00,1.654858580689020808e+00,8.823663131836115170e+00,1.500011333758948240e+00,8.869706453647873801e+00,2.500000000000000000e+00
4.499127593033615535e-01,8.924758097695610459e+00,1.654751575614010317e+00,8.823665406232679587e+00,1.500011327976153552e+00,8.869706454010762187e+00,2.500000000000000000e+00
4.501127593033617535e-01,8.924758098036186027e+00,1.654644811540762817e+00,8.823667675389344822e+00,1.500011322207683406e+00,8.869706454372803250e+00,2.500000000000000000e+00
4.503127593033619536e-01,8.924758098375971116e+00,1.654538287926712314e+00,8.823669939318566691e+00,1.500011316451946186e+00,8.869706454734005874e+00,2.500000000000000000e+00
4.505127593033621536e-01,8.924758098714894672e+00,1.654432004229565267e+00,8.823672198032468827e+00,1.500011310709396639e+00,8.869706455094299002e+00,2.500000000000000000e+00
4.507127593033623536e-01,8.924758099053152094e+00,1.654325959910253330e+00,8.823674451543547903e+00,1.500011304981853755e+00,8.869706455453874483e+00,2.500000000000000000e+00
4.509127593033625536e-01,8.924758099390503574e+00,1.654220154428755585e+00,8.823676699863803208e+00,1.500011299267271170e+00,8.869706455812499613e+00,2.500000000000000000e+00
4.511127593033627536e-01,8.924758099727140959e+00,1.654114587246718671e+00,8.823678943005713649e+00,1.500011293565648884e+00,8.869706456170362685e+00,2.500000000000000000e+00
4.513127593033629537e-01,8.924758100062893718e+00,1.654009257828717994e+00,8.823681180981216343e+00,1.500011287877896393e+00,8.869706456527291394e+00,2.500000000000000000e+00
4.515127593033631537e-01,8.924758100397939486e+00,1.653904165638393708e+00,8.823683413802674735e+00,1.500011282203104201e+00,8.869706456883470480e+00,2.500000000000000000e+00
4.517127593033633537e-01,8.924758100732219646e+00,1.653799310141327528e+00,8.823685641482104103e+00,1.500011276542636551e+00,8.869706457238828889e+00,2.500000000000000000e+00
4.519127593033635537e-01,8.924758101065641824e+00,1.653694690805054490e+00,8.823687864031606765e+00,1.500011270893764959e+00,8.869706457593284910e+00,2.500000000000000000e+00
4.521127593033637537e-01,8.924758101398332144e+00,1.653590307097005052e+00,8.823690081463286816e+00,1.500011265259445281e+00,8.869706457946962885e+00,2.500000000000000000e+00
4.523127593033639537e-01,8.924758101730223103e+00,1.653486158487373459e+00,8.823692293789221708e+00,1.500011259637403782e+00,8.869706458299795315e+00,2.500000000000000000e+00
4.525127593033641538e-01,8.924758102061431941e+00,1.653382244445875227e+00,8.823694501021330794e+00,1.500011254031051067e+00,8.869706458651894110e+00,2.500000000000000000e+00
4.527127593033643538e-01,8.924758102391731285e+00,1.653278564444334853e+00,8.823696703171670208e+00,1.500011248434930167e+00,8.869706459003037224e+00,2.500000000000000000e+00
4.529127593033645538e-01,8.924758102721355613e+00,1.653175117956292794e+00,8.823698900252143318e+00,1.500011242853133808e+00,8.869706459353460914e+00,2.500000000000000000e+00
4.531127593033647538e-01,8.924758103050120184e+00,1.653071904455057695e+00,8.823701092274662372e+00,1.500011237284525123e+00,8.869706459702969781e+00,2.500000000000000000e+00
4.533127593033649538e-01,8.924758103378232832e+00,1.652968923416061608e+00,8.823703279251200016e+00,1.500011231729104111e+00,8.869706460051792973e+00,2.500000000000000000e+00
4.535127593033651539e-01,8.924758103705508816e+00,1.652866174315813064e+00,8.823705461193554811e+00,1.500011226186416025e+00,8.869706460399726211e+00,2.500000000000000000e+00
4.537127593033653539e-01,8.924758104032040507e+00,1.652763656632023181e+00,8.823707638113551965e+00,1.500011220657825106e+00,8.869706460746867194e+00,2.500000000000000000e+00
4.539127593033655539e-01,8.924758104357799482e+00,1.652661369843396066e+00,8.823709810023014910e+00,1.500011215141057619e+00,8.869706461093196381e+00,2.500000000000000000e+00
4.541127593033657539e-01,8.924758104682814164e+00,1.652559313429939447e+00,8.823711976933742207e+00,1.500011209637477805e+00,8.869706461438726208e+00,2.500000000000000000e+00
4.543127593033659539e-01,8.924758105006969089e+00,1.652457486872676906e+00,8.823714138857416955e+00,1.500011204145948795e+00,8.869706461783355422e+00,2.500000000000000000e+00
4.545127593033661539e-01,8.924758105330516500e+00,1.652355889654139265e+00,8.823716295805855481e+00,1.500011198668744328e+00,8.869706462127330937e+00,2.500000000000000000e+00
4.547127593033663540e-01,8.924758105653252116e+00,1.652254521257743525e+00,8.823718447790671604e+00,1.500011193204727533e+00,8.869706462470443142e+00,2.500000000000000000e+00
4.549127593033665540e-01,8.924758105975241662e+00,1.652153381168646185e+00,8.823720594823555530e+00,1.500011187752534170e+00,8.869706462812773751e+00,2.500000000000000000e+00
4.551127593033667540e-01,8.924758106296410531e+00,1.652052468871719970e+00,8.823722736916138842e+00,1.500011182312164237e+00,8.869706463154225062e+00,2.500000000000000000e+00
4.553127593033669540e-01,8.924758106616904385e+00,1.651951783854057165e+00,8.823724874080042468e+00,1.500011176886573594e+00,8.869706463494967608e+00,2.500000000000000000e+00
4.555127593033671540e-01,8.924758106936554469e+00,1.651851325603681309e+00,8.823727006326771871e+00,1.500011171472579008e+00,8.869706463834811316e+00,2.500000000000000000e+00
4.557127593033673540e-01,8.924758107255629014e+00,1.651751093611408372e+00,8.823729133668003044e+00,1.500011166072226843e+00,8.869706464174035077e+00,2.500000000000000000e+00
4.559127593033675541e-01,8.924758107573829591e+00,1.651651087365267223e+00,8.823731256115147303e+00,1.500011160683470735e+00,8.869706464512345789e+00,2.500000000000000000e+00
4.561127593033677541e-01,8.924758107891312520e+00,1.651551306358827631e+00,8.823733373679738534e+00,1.500011155307902300e+00,8.869706464849887340e+00,2.500000000000000000e+00
4.563127593033679541e-01,8.924758108208028062e+00,1.651451750083414494e+00,8.823735486373225356e+00,1.500011149944839417e+00,8.869706465186615318e+00,2.500000000000000000e+00
4.565127593033681541e-01,8.924758108524093458e+00,1.651352418034167435e+00,8.823737594207083035e+00,1.500011144594736834e+00,8.869706465522652294e+00,2.500000000000000000e+00
4.567127593033683541e-01,8.924758108839371928e+00,1.651253309703751615e+00,8.823739697192722886e+00,1.500011139256457682e+00,8.869706465857861488e+00,2.500000000000000000e+00
4.569127593033685542e-01,8.924758109153879460e+00,1.651154424592343073e+00,8.823741795341389249e+00,1.500011133931138829e+00,8.869706466192251781e+00,2.500000000000000000e+00
4.571127593033687542e-01,8.924758109467729739e+00,1.651055762193421650e+00,8.823743888664635548e+00,1.500011128618552902e+00,8.869706466525933308e+00,2.500000000000000000e+00
4.573127593033689542e-01,8.924758109780729143e+00,1.650957322005374595e+00,8.823745977173654609e+00,1.500011123317790407e+00,8.869706466858728433e+00,2.500000000000000000e+00
4.575127593033691542e-01,8.924758110093119257e+00,1.650859103531197469e+00,8.823748060879802679e+00,1.500011118029988211e+00,8.869706467190862753e+00,2.500000000000000000e+00
4.577127593033693542e-01,8.924758110404724221e+00,1.650761106269914347e+00,8.823750139794238834e+00,1.500011112754691567e+00,8.869706467522169291e+00,2.500000000000000000e+00
4.579127593033695542e-01,8.924758110715620418e+00,1.650663329722219519e+00,8.823752213928392152e+00,1.500011107491445728e+00,8.869706467852724430e+00,2.500000000000000000e+00
4.581127593033697543e-01,8.924758111025756335e+00,1.650565773391145186e+00,8.823754283293343548e+00,1.500011102240478067e+00,8.869706468182478432e+00,2.500000000000000000e+00
4.583127593033699543e-01,8.924758111335238553e+00,1.650468436781041381e+00,8.823756347900348018e+00,1.500011097002243332e+00,8.869706468511527220e+00,2.500000000000000000e+00
4.585127593033701543e-01,8.924758111644006675e+00,1.650371319397184067e+00,8.823758407760527334e+00,1.500011091776514149e+00,8.869706468839819280e+00,2.500000000000000000e+00
4.587127593033703543e-01,8.924758111951957673e+00,1.650274420745927673e+00,8.823760462884978395e+00,1.500011086562608398e+00,8.869706469167251583e+00,2.500000000000000000e+00
4.589127593033705543e-01,8.924758112259235432e+00,1.650177740334950460e+00,8.823762513284867381e+00,1.500011081360526077e+00,8.869706469493968015e+00,2.500000000000000000e+00
4.591127593033707543e-01,8.924758112565781332e+00,1.650081277672840629e+00,8.823764558971234351e+00,1.500011076171631430e+00,8.869706469819908179e+00,2.500000000000000000e+00
4.593127593033709544e-01,8.924758112871632676e+00,1.649985032269460916e+00,8.823766599955201073e+00,1.500011070994105467e+00,8.869706470145107602e+00,2.500000000000000000e+00
4.595127593033711544e-01,8.924758113176782359e+00,1.649889003631353823e+00,8.823768636247775632e+00,1.500011065828175560e+00,8.869706470469564508e+00,2.500000000000000000e+00
4.597127593033713544e-01,8.924758113481187749e+00,1.649793191274766313e+00,8.823770667859866634e+00,1.500011060675433328e+00,8.869706470793234487e+00,2.500000000000000000e+00
4.599127593033715544e-01,8.924758113784880820e+00,1.649697594712790094e+00,8.823772694802544336e+00,1.500011055533832405e+00,8.869706471116145963e+00,2.500000000000000000e+00
4.601127593033717544e-01,8.924758114087943284e+00,1.649602213456778266e+00,8.823774717086763530e+00,1.500011050405419155e+00,8.869706471438384199e+00,2.500000000000000000e+00
4.603127593033719545e-01,8.924758114390245467e+00,1.649507047023351269e+00,8.823776734723312032e+00,1.500011045289056710e+00,8.869706471759821298e+00,2.500000000000000000e+00
4.605127593033721545e-01,8.924758114691824673e+00,1.649412094929132211e+00,8.823778747723197924e+00,1.500011040183608202e+00,8.869706472080489235e+00,2.500000000000000000e+00
4.607127593033723545e-01,8.924758114992698665e+00,1.649317356689701697e+00,8.823780756097260536e+00,1.500011035089755751e+00,8.869706472400414654e+00,2.500000000000000000e+00
4.609127593033725545e-01,8.924758115292910077e+00,1.649222831825210456e+00,8.823782759856298341e+00,1.500011030009545721e+00,8.869706472719627754e+00,2.500000000000000000e+00
4.611127593033727545e-01,8.924758115592450025e+00,1.649128519854044850e+00,8.823784759011219947e+00,1.500011024940477000e+00,8.869706473038126759e+00,2.500000000000000000e+00
4.613127593033729545e-01,8.924758115891204824e+00,1.649034420296561887e+00,8.823786753572727903e+00,1.500011019882549590e+00,8.869706473355799758e+00,2.500000000000000000e+00
4.615127593033731546e-01,8.924758116189378754e+00,1.648940532675676751e+00,8.823788743551618907e+00,1.500011014837582479e+00,8.869706473672847480e+00,2.500000000000000000e+00
4.617127593033733546e-01,8.924758116486747994e+00,1.648846856512480086e+00,8.823790728958547547e+00,1.500011009803301931e+00,8.869706473989054984e+00,2.500000000000000000e+00
4.619127593033735546e-01,8.924758116783468864e+00,1.648753391331275520e+00,8.823792709804344270e+00,1.500011004781754309e+00,8.869706474304566157e+00,2.500000000000000000e+00
4.621127593033737546e-01,8.924758117079512942e+00,1.648660136657089437e+00,8.823794686099637019e+00,1.500010999771802744e+00,8.869706474619359682e+00,2.500000000000000000e+00
4.623127593033739546e-01,8.924758117374834043e+00,1.648567092016176572e+00,8.823796657855023540e+00,1.500010994773674611e+00,8.869706474933384044e+00,2.500000000000000000e+00
4.625127593033741547e-01,8.924758117669506774e+00,1.648474256934677307e+00,8.823798625081243685e+00,1.500010989787142535e+00,8.869706475246726285e+00,2.500000000000000000e+00
4.627127593033743547e-01,8.924758117963454751e+00,1.648381630940909837e+00,8.823800587788799277e+00,1.500010984812433890e+00,8.869706475559295811e+00,2.500000000000000000e+00
4.629127593033745547e-01,8.924758118256711725e+00,1.648289213564005706e+00,8.823802545988318258e+00,1.500010979849093928e+00,8.869706475871133478e+00,2.500000000000000000e+00
4.631127593033747547e-01,8.924758118549304342e+00,1.648197004334080562e+00,8.823804499690387715e+00,1.500010974896667904e+00,8.869706476182267707e+00,2.500000000000000000e+00
4.633127593033749547e-01,8.924758118841277010e+00,1.648105002782400019e+00,8.823806448905564537e+00,1.500010969956747431e+00,8.869706476492728697e+00,2.500000000000000000e+00
4.635127593033751547e-01,8.924758119132452094e+00,1.648013208441376332e+00,8.823808393644140935e+00,1.500010965028195642e+00,8.869706476802365458e+00,2.500000000000000000e+00
4.637127593033753548e-01,8.924758119423049862e+00,1.647921620844099211e+00,8.823810333916819459e+00,1.500010960111012537e+00,8.869706477111376941e+00,2.500000000000000000e+00
4.639127593033755548e-01,8.924758119712906890e+00,1.647830239525193141e+00,8.823812269733947389e+00,1.500010955205652863e+00,8.869706477419605051e+00,2.500000000000000000e+00
4.641127593033757548e-01,8.924758120002106665e+00,1.647739064020117050e+00,8.823814201105973254e+00,1.500010950310979752e+00,8.869706477727136829e+00,2.500000000000000000e+00
4.643127593033759548e-01,8.924758120290711361e+00,1.647648093864211960e+00,8.823816128043326046e+00,1.500010945429039566e+00,8.869706478034027342e+00,2.500000000000000000e+00
4.645127593033761548e-01,8.924758120578553999e+00,1.647557328596074067e+00,8.823818050556344161e+00,1.500010940558240691e+00,8.869706478340122047e+00,2.500000000000000000e+00
4.647127593033763548e-01,8.924758120865751820e+00,1.647466767754417027e+00,8.823819968655355339e+00,1.500010935698128378e+00,8.869706478645523973e+00,2.500000000000000000e+00
4.649127593033765549e-01,8.924758121152343904e+00,1.647376410878099273e+00,8.823821882350744161e+00,1.500010930850066870e+00,8.869706478950284634e+00,2.500000000000000000e+00
4.651127593033767549e-01,8.924758121438143732e+00,1.647286257508420837e+00,8.823823791652706916e+00,1.500010926012464552e+00,8.869706479254208631e+00,2.500000000000000000e+00
4.653127593033769549e-01,8.924758121723368021e+00,1.647196307186418851e+00,8.823825696571640620e+00,1.500010921187595159e+00,8.869706479557518009e+00,2.500000000000000000e+00
4.655127593033771549e-01,8.924758122007906636e+00,1.647106559455527641e+00,8.823827597117759325e+00,1.500010916372275460e+00,8.869706479860097303e+00,2.500000000000000000e+00
4.657127593033773549e-01,8.924758122291789775e+00,1.647017013858479872e+00,8.823829493301287741e+00,1.500010911569233940e+00,8.869706480161982043e+00,2.500000000000000000e+00
4.659127593033775550e-01,8.924758122574997898e+00,1.646927669940958072e+00,8.823831385132333338e+00,1.500010906778015851e+00,8.869706480463159792e+00,2.500000000000000000e+00
4.661127593033777550e-01,8.924758122857520348e+00,1.646838527247977080e+00,8.823833272621200763e+00,1.500010901996120083e+00,8.869706480763603906e+00,2.500000000000000000e+00
4.663127593033779550e-01,8.924758123139449495e+00,1.646749585326819476e+00,8.823835155777976169e+00,1.500010897227411988e+00,8.869706481063415637e+00,2.500000000000000000e+00
4.665127593033781550e-01,8.924758123420648559e+00,1.646660843725232581e+00,8.823837034612797225e+00,1.500010892468253587e+00,8.869706481362456429e+00,2.500000000000000000e+00
4.667127593033783550e-01,8.924758123701254320e+00,1.646572301992327514e+00,8.823838909135799824e+00,1.500010887720463870e+00,8.869706481660863062e+00,2.500000000000000000e+00
4.669127593033785550e-01,8.924758123981213487e+00,1.646483959677270237e+00,8.823840779356967090e+00,1.500010882984952332e+00,8.869706481958578692e+00,2.500000000000000000e+00
4.671127593033787551e-01,8.924758124260479875e+00,1.646395816331014617e+00,8.823842645286516628e+00,1.500010878258990488e+00,8.869706482255569568e+00,2.500000000000000000e+00
4.673127593033789551e-01,8.924758124539147630e+00,1.646307871505728215e+00,8.823844506934296561e+00,1.500010873545534196e+00,8.869706482551917404e+00,2.500000000000000000e+00
4.675127593033791551e-01,8.924758124817152805e+00,1.646220124754406156e+00,8.823846364310430346e+00,1.500010868842309719e+00,8.869706482847563578e+00,2.500000000000000000e+00
4.677127593033793551e-01,8.924758125094481187e+00,1.646132575630647299e+00,8.823848217424831830e+00,1.500010864149771805e+00,8.869706483142492104e+00,2.500000000000000000e+00
4.679127593033795551e-01,8.924758125371194950e+00,1.646045223689604153e+00,8.823850066287521443e+00,1.500010859468829949e+00,8.869706483436768707e+00,2.500000000000000000e+00
4.681127593033797551e-01,8.924758125647235474e+00,1.645958068487283654e+00,8.823851910908345531e+00,1.500010854798802029e+00,8.869706483730327662e+00,2.500000000000000000e+00
4.683127593033799552e-01,8.924758125922700458e+00,1.645871109579995384e+00,8.823853751297338732e+00,1.500010850139460672e+00,8.869706484023279103e+00,2.500000000000000000e+00
4.685127593033801552e-01,8.924758126197435359e+00,1.645784346526558695e+00,8.823855587464215944e+00,1.500010845490578504e+00,8.869706484315456052e+00,2.500000000000000000e+00
4.687127593033803552e-01,8.924758126471600050e+00,1.645697778884896989e+00,8.823857419418965620e+00,1.500010840853519767e+00,8.869706484607025487e+00,2.500000000000000000e+00
4.689127593033805552e-01,8.924758126745096831e+00,1.645611406215309547e+00,8.823859247171380815e+00,1.500010836226920219e+00,8.869706484897889709e+00,2.500000000000000000e+00
4.691127593033807552e-01,8.924758127017957676e+00,1.645525228078974944e+00,8.823861070731284784e+00,1.500010831611007234e+00,8.869706485188078915e+00,2.500000000000000000e+00
4.693127593033809553e-01,8.924758127290187915e+00,1.645439244036728921e+00,8.823862890108486567e+00,1.500010827004871317e+00,8.869706485477591329e+00,2.500000000000000000e+00
4.695127593033811553e-01,8.924758127561782217e+00,1.645353453652648179e+00,8.823864705312709944e+00,1.500010822411013578e+00,8.869706485766434056e+00,2.500000000000000000e+00
4.697127593033813553e-01,8.924758127832792098e+00,1.645267856490045144e+00,8.823866516353746192e+00,1.500010817827387655e+00,8.869706486054651506e+00,2.500000000000000000e+00
4.699127593033815553e-01,8.924758128103144728e+00,1.645182452113882698e+00,8.823868323241253364e+00,1.500010813254448294e+00,8.869706486342183283e+00,2.500000000000000000e+00
4.701127593033817553e-01,8.924758128372818788e+00,1.645097240089589574e+00,8.823870125984960566e+00,1.500010808691286002e+00,8.869706486628983200e+00,2.500000000000000000e+00
4.703127593033819553e-01,8.924758128641922639e+00,1.645012219983986501e+00,8.823871924594502758e+00,1.500010804139492393e+00,8.869706486915175603e+00,2.500000000000000000e+00
4.705127593033821554e-01,8.924758128910356803e+00,1.644927391365492042e+00,8.823873719079561084e+00,1.500010799598840094e+00,8.869706487200669898e+00,2.500000000000000000e+00
4.707127593033823554e-01,8.924758129178217203e+00,1.644842753801968760e+00,8.823875509449816690e+00,1.500010795068419611e+00,8.869706487485547797e+00,2.500000000000000000e+00
4.709127593033825554e-01,8.924758129445406141e+00,1.644758306863641106e+00,8.823877295714760649e+00,1.500010790548230943e+00,8.869706487769713377e+00,2.500000000000000000e+00
4.711127593033827554e-01,8.924758129712083488e+00,1.644674050121313957e+00,8.823879077884084765e+00,1.500010786039865707e+00,8.869706488053328286e+00,2.500000000000000000e+00
4.713127593033829554e-01,8.924758129978034304e+00,1.644589983146336865e+00,8.823880855967228598e+00,1.500010781540368043e+00,8.869706488336181138e+00,2.500000000000000000e+00
4.715127593033831555e-01,8.924758130243370502e+00,1.644506105510750382e+00,8.823882629973782699e+00,1.500010777051556943e+00,8.869706488618380291e+00,2.500000000000000000e+00
4.717127593033833555e-01,8.924758130508120502e+00,1.644422416789797836e+00,8.823884399913259458e+00,1.500010772573659779e+00,8.869706488899954167e+00,2.500000000000000000e+00
4.719127593033835555e-01,8.924758130772252329e+00,1.644338916556621122e+00,8.823886165795155279e+00,1.500010768106676551e+00,8.869706489180877895e+00,2.500000000000000000e+00
4.721127593033837555e-01,8.924758131035799735e+00,1.644255604386938963e+00,8.823887927628913275e+00,1.500010763649925138e+00,8.869706489461172794e+00,2.500000000000000000e+00
4.723127593033839555e-01,8.924758131298696995e+00,1.644172479857540559e+00,8.823889685423933926e+00,1.500010759203405541e+00,8.869706489740782018e+00,2.500000000000000000e+00
4.725127593033841555e-01,8.924758131561022267e+00,1.644089542544497462e+00,8.823891439189743835e+00,1.500010754767117760e+00,8.869706490019780176e+00,2.500000000000000000e+00
4.727127593033843556e-01,8.924758131822727591e+00,1.644006792027797426e+00,8.823893188935686638e+00,1.500010750340834420e+00,8.869706490298126411e+00,2.500000000000000000e+00
4.729127593033845556e-01,8.924758132083805862e+00,1.643924227885839917e+00,8.823894934671098866e+00,1.500010745925237643e+00,8.869706490575802960e+00,2.500000000000000000e+00
4.731127593033847556e-01,8.924758132344257078e+00,1.643841849699693602e+00,8.823896676405297512e+00,1.500010741520100055e+00,8.869706490852816927e+00,2.500000000000000000e+00
4.733127593033849556e-01,8.924758132604173611e+00,1.643759657049642442e+00,8.823898414147739899e+00,1.500010737125194282e+00,8.869706491129257131e+00,2.500000000000000000e+00
4.735127593033851556e-01,8.924758132863411575e+00,1.643677649517811368e+00,8.823900147907595581e+00,1.500010732740065578e+00,8.869706491404981463e+00,2.500000000000000000e+00
4.737127593033853556e-01,8.924758133122114856e+00,1.643595826687839878e+00,8.823901877694293461e+00,1.500010728365396062e+00,8.869706491680137361e+00,2.500000000000000000e+00
4.739127593033855557e-01,8.924758133380130687e+00,1.643514188143560206e+00,8.823903603516926708e+00,1.500010724000503615e+00,8.869706491954564953e+00,2.500000000000000000e+00
4.741127593033857557e-01,8.924758133637636703e+00,1.643432733470051144e+00,8.823905325384858500e+00,1.500010719647434598e+00,8.869706492228448980e+00,2.500000000000000000e+00
4.743127593033859557e-01,8.924758133894544088e+00,1.643351462252983008e+00,8.823907043307290365e+00,1.500010715302778408e+00,8.869706492501691741e+00,2.500000000000000000e+00
4.745127593033861557e-01,8.924758134150813760e+00,1.643270374079296881e+00,8.823908757293320804e+00,1.500010710969036154e+00,8.869706492774266593e+00,2.500000000000000000e+00
4.747127593033863557e-01,8.924758134406504340e+00,1.643189468536343512e+00,8.823910467352233056e+00,1.500010706645070968e+00,8.869706493046219720e+00,2.500000000000000000e+00
4.749127593033865558e-01,8.924758134661562536e+00,1.643108745213102129e+00,8.823912173493138056e+00,1.500010702330882850e+00,8.869706493317504936e+00,2.500000000000000000e+00
4.751127593033867558e-01,8.924758134916066510e+00,1.643028203698972511e+00,8.823913875725104106e+00,1.500010698027381295e+00,8.869706493588200402e+00,2.500000000000000000e+00
4.753127593033869558e-01,8.924758135169968298e+00,1.642947843584945611e+00,8.823915574057350497e+00,1.500010693733884182e+00,8.869706493858259932e+00,2.500000000000000000e+00
4.755127593033871558e-01,8.924758135423335403e+00,1.642867664462148936e+00,8.823917268498895794e+00,1.500010689450846257e+00,8.869706494127749252e+00,2.500000000000000000e+00
4.757127593033873558e-01,8.924758135676061244e+00,1.642787665923215457e+00,8.823918959058783429e+00,1.500010685176448533e+00,8.869706494396558227e+00,2.500000000000000000e+00
4.759127593033875558e-01,8.924758135928216873e+00,1.642707847560750167e+00,8.823920645746129665e+00,1.500010680912282623e+00,8.869706494664761465e+00,2.500000000000000000e+00
4.761127593033877559e-01,8.924758136179805845e+00,1.642628208969514336e+00,8.823922328569874907e+00,1.500010676659258024e+00,8.869706494932360741e+00,2.500000000000000000e+00
4.763127593033879559e-01,8.924758136430753552e+00,1.642548749744664471e+00,8.823924007539012848e+00,1.500010672413964130e+00,8.869706495199285001e+00,2.500000000000000000e+00
4.765127593033881559e-01,8.924758136681159471e+00,1.642469469482381372e+00,8.823925682662547842e+00,1.500010668180721041e+00,8.869706495465633722e+00,2.500000000000000000e+00
4.767127593033883559e-01,8.924758136930989849e+00,1.642390367779111626e+00,8.823927353949459373e+00,1.500010663956345525e+00,8.869706495731364271e+00,2.500000000000000000e+00
4.769127593033885559e-01,8.924758137180241135e+00,1.642311444232741335e+00,8.823929021408655871e+00,1.500010659742201824e+00,8.869706495996483753e+00,2.500000000000000000e+00
4.771127593033887559e-01,8.924758137428977278e+00,1.642232698442618322e+00,8.823930685049054645e+00,1.500010655538289939e+00,8.869706496261050788e+00,2.500000000000000000e+00
4.773127593033889560e-01,8.924758137677081038e+00,1.642154130007657642e+00,8.823932344879539258e+00,1.500010651343245627e+00,8.869706496524944583e+00,2.500000000000000000e+00
4.775127593033891560e-01,8.924758137924531098e+00,1.642075738528058659e+00,8.823934000908906228e+00,1.500010647157523636e+00,8.869706496788159811e+00,2.500000000000000000e+00
4.777127593033893560e-01,8.924758138171508648e+00,1.641997523605652320e+00,8.823935653146149249e+00,1.500010642982942954e+00,8.869706497050858118e+00,2.500000000000000000e+00
4.779127593033895560e-01,8.924758138417846709e+00,1.641919484844463373e+00,8.823937301599956484e+00,1.500010638816547726e+00,8.869706497312886739e+00,2.500000000000000000e+00
4.781127593033897560e-01,8.924758138663692719e+00,1.641841621846351851e+00,8.823938946279223927e+00,1.500010634660839060e+00,8.869706497574389559e+00,2.500000000000000000e+00
4.783127593033899561e-01,8.924758138908885030e+00,1.641763934215438203e+00,8.823940587192650398e+00,1.500010630514225340e+00,8.869706497835199599e+00,2.500000000000000000e+00
4.785127593033901561e-01,8.924758139153574632e+00,1.641686421555309083e+00,8.823942224349101693e+00,1.500010626377616063e+00,8.869706498095478509e+00,2.500000000000000000e+00
4.787127593033903561e-01,8.924758139397678036e+00,1.641609083473683839e+00,8.823943857757253539e+00,1.500010622251011227e+00,8.869706498355125035e+00,2.500000000000000000e+00
4.789127593033905561e-01,8.924758139641205901e+00,1.641531919577571941e+00,8.823945487425842060e+00,1.500010618133956086e+00,8.869706498614165824e+00,2.500000000000000000e+00
4.791127593033907561e-01,8.924758139884206187e+00,1.641454929473586954e+00,8.823947113363557193e+00,1.500010614026223266e+00,8.869706498872647060e+00,2.500000000000000000e+00
4.793127593033909561e-01,8.924758140126574091e+00,1.641378112771130438e+00,8.823948735579042690e+00,1.500010609928040139e+00,8.869706499130458610e+00,2.500000000000000000e+00
4.795127593033911562e-01,8.924758140368480142e+00,1.641301469079198938e+00,8.823950354081070202e+00,1.500010605839406708e+00,8.869706499387772780e+00,2.500000000000000000e+00
4.797127593033913562e-01,8.924758140609666768e+00,1.641224998008157243e+00,8.823951968878089858e+00,1.500010601760095597e+00,8.869706499644331998e+00,2.500000000000000000e+00
4.799127593033915562e-01,8.924758140850489241e+00,1.641148699169872938e+00,8.823953579978940809e+00,1.500010597691243674e+00,8.869706499900493313e+00,2.500000000000000000e+00
4.801127593033917562e-01,8.924758141090658015e+00,1.641072572175579669e+00,8.823955187392066080e+00,1.500010593631031952e+00,8.869706500155967177e+00,2.500000000000000000e+00
4.803127593033919562e-01,8.924758141330265460e+00,1.640996616638914718e+00,8.823956791126098764e+00,1.500010589579233056e+00,8.869706500410844185e+00,2.500000000000000000e+00
4.805127593033921563e-01,8.924758141569343550e+00,1.640920832173092814e+00,8.823958391189540507e+00,1.500010585537665975e+00,8.869706500665163418e+00,2.500000000000000000e+00
4.807127593033923563e-01,8.924758141807817680e+00,1.640845218392949612e+00,8.823959987590946241e+00,1.500010581506330709e+00,8.869706500918837833e+00,2.500000000000000000e+00
4.809127593033925563e-01,8.924758142045767784e+00,1.640769774914033530e+00,8.823961580338824717e+00,1.500010577483408269e+00,8.869706501171952695e+00,2.500000000000000000e+00
4.811127593033927563e-01,8.924758142283140572e+00,1.640694501353456847e+00,8.823963169441725540e+00,1.500010573469808151e+00,8.869706501424460043e+00,2.500000000000000000e+00
4.813127593033929563e-01,8.924758142520065718e+00,1.640619397327535367e+00,8.823964754908105945e+00,1.500010569466894594e+00,8.869706501676487775e+00,2.500000000000000000e+00
4.815127593033931563e-01,8.924758142756351376e+00,1.640544462455338914e+00,8.823966336746346784e+00,1.500010565472393864e+00,8.869706501927836939e+00,2.500000000000000000e+00
4.817127593033933564e-01,8.924758142992143206e+00,1.640469696355538520e+00,8.823967914964967463e+00,1.500010561486305960e+00,8.869706502178656748e+00,2.500000000000000000e+00
4.819127593033935564e-01,8.924758143227400353e+00,1.640395098647867922e+00,8.823969489572334624e+00,1.500010557510904619e+00,8.869706502428917005e+00,2.500000000000000000e+00
4.821127593033937564e-01,8.924758143462019788e+00,1.640320668953148875e+00,8.823971060576772274e+00,1.500010553544143477e+00,8.869706502678495141e+00,2.500000000000000000e+00
4.823127593033939564e-01,8.924758143696202239e+00,1.640246406893084430e+00,8.823972627986833572e+00,1.500010549586022535e+00,8.869706502927611425e+00,2.500000000000000000e+00
4.825127593033941564e-01,8.924758143929807375e+00,1.640172312089893669e+00,8.823974191810716405e+00,1.500010545637906034e+00,8.869706503176111312e+00,2.500000000000000000e+00
4.827127593033943564e-01,8.924758144162810325e+00,1.640098384167042900e+00,8.823975752056741229e+00,1.500010541697974986e+00,8.869706503423977040e+00,2.500000000000000000e+00
4.829127593033945565e-01,8.924758144395276815e+00,1.640024622748700756e+00,8.823977308733288893e+00,1.500010537767821006e+00,8.869706503671276110e+00,2.500000000000000000e+00
4.831127593033947565e-01,8.924758144627267242e+00,1.639951027459858102e+00,8.823978861848663868e+00,1.500010533846534599e+00,8.869706503918060037e+00,2.500000000000000000e+00
4.833127593033949565e-01,8.924758144858756737e+00,1.639877597926230335e+00,8.823980411411124436e+00,1.500010529935934755e+00,8.869706504164316385e+00,2.500000000000000000e+00
4.835127593033951565e-01,8.924758145089635164e+00,1.639804333774325995e+00,8.823981957428877365e+00,1.500010526032156122e+00,8.869706504409919035e+00,2.500000000000000000e+00
4.837127593033953565e-01,8.924758145320023317e+00,1.639731234631738754e+00,8.823983499910227124e+00,1.500010522138836677e+00,8.869706504655006540e+00,2.500000000000000000e+00
4.839127593033955566e-01,8.924758145549839483e+00,1.639658300127070811e+00,8.823985038863284558e+00,1.500010518254157432e+00,8.869706504899481203e+00,2.500000000000000000e+00
4.841127593033957566e-01,8.924758145779144058e+00,1.639585529889568960e+00,8.823986574296338148e+00,1.500010514378800508e+00,8.869706505143419406e+00,2.500000000000000000e+00
4.843127593033959566e-01,8.924758146007956583e+00,1.639512923549561352e+00,8.823988106217553806e+00,1.500010510512083783e+00,8.869706505386826478e+00,2.500000000000000000e+00
4.845127593033961566e-01,8.924758146236209555e+00,1.639440480737426764e+00,8.823989634635058366e+00,1.500010506654689380e+00,8.869706505629640247e+00,2.500000000000000000e+00
4.847127593033963566e-01,8.924758146463902975e+00,1.639368201084728582e+00,8.823991159556937802e+00,1.500010502805480428e+00,8.869706505871867819e+00,2.500000000000000000e+00
4.849127593033965566e-01,8.924758146691113225e+00,1.639296084224477035e+00,8.823992680991338489e+00,1.500010498965821171e+00,8.869706506113580247e+00,2.500000000000000000e+00
4.851127593033967567e-01,8.924758146917758594e+00,1.639224129789389250e+00,8.823994198946415679e+00,1.500010495135029487e+00,8.869706506354686937e+00,2.500000000000000000e+00
4.853127593033969567e-01,8.924758147143906584e+00,1.639152337414218064e+00,8.823995713430159427e+00,1.500010491313105376e+00,8.869706506595271378e+00,2.500000000000000000e+00
4.855127593033971567e-01,8.924758147369555417e+00,1.639080706733971438e+00,8.823997224450778276e+00,1.500010487499366718e+00,8.869706506835319360e+00,2.500000000000000000e+00
4.857127593033973567e-01,8.924758147594618052e+00,1.639009237383871165e+00,8.823998732016093527e+00,1.500010483695177754e+00,8.869706507074750945e+00,2.500000000000000000e+00
4.859127593033975567e-01,8.924758147819211729e+00,1.638937929000802374e+00,8.824000236134290631e+00,1.500010479899628990e+00,8.869706507313683375e+00,2.500000000000000000e+00
4.861127593033977567e-01,8.924758148043300920e+00,1.638866781222543700e+00,8.824001736813320562e+00,1.500010476113175173e+00,8.869706507552074015e+00,2.500000000000000000e+00
4.863127593033979568e-01,8.924758148266825231e+00,1.638795793687291891e+00,8.824003234061084555e+00,1.500010472334906808e+00,8.869706507789871353e+00,2.500000000000000000e+00
4.865127593033981568e-01,8.924758148489853937e+00,1.638724966033860087e+00,8.824004727885665034e+00,1.500010468565960764e+00,8.869706508027139336e+00,2.500000000000000000e+00
4.867127593033983568e-01,8.924758148712374606e+00,1.638654297902615298e+00,8.824006218294934811e+00,1.500010464806109667e+00,8.869706508263865530e+00,2.500000000000000000e+00
4.869127593033985568e-01,8.924758148934355262e+00,1.638583788933894780e+00,8.824007705296812887e+00,1.500010461053761901e+00,8.869706508500019737e+00,2.500000000000000000e+00
4.871127593033987568e-01,8.924758149155888276e+00,1.638513438769260588e+00,8.824009188899294642e+00,1.500010457311191203e+00,8.869706508735699657e+00,2.500000000000000000e+00
4.873127593033989569e-01,8.924758149376842198e+00,1.638443247050991980e+00,8.824010669110112559e+00,1.500010453577488079e+00,8.869706508970761405e+00,2.500000000000000000e+00
4.875127593033991569e-01,8.924758149597279200e+00,1.638373213422351204e+00,8.824012145937263796e+00,1.500010449851743033e+00,8.869706509205283140e+00,2.500000000000000000e+00
4.877127593033993569e-01,8.924758149817291653e+00,1.638303337527520664e+00,8.824013619388569651e+00,1.500010446134638187e+00,8.869706509439343023e+00,2.500000000000000000e+00
4.879127593033995569e-01,8.924758150036675275e+00,1.638233619011074005e+00,8.824015089471794582e+00,1.500010442425264046e+00,8.869706509672742101e+00,2.500000000000000000e+00
4.881127593033997569e-01,8.924758150255653888e+00,1.638164057518333161e+00,8.824016556194822059e+00,1.500010438726349093e+00,8.869706509905705971e+00,2.500000000000000000e+00
4.883127593033999569e-01,8.924758150474092488e+00,1.638094652695856190e+00,8.824018019565400550e+00,1.500010435035846967e+00,8.869706510138097855e+00,2.500000000000000000e+00
4.885127593034001570e-01,8.924758150692015946e+00,1.638025404190651457e+00,8.824019479591344250e+00,1.500010431352848173e+00,8.869706510369944397e+00,2.500000000000000000e+00
4.887127593034003570e-01,8.924758150909445575e+00,1.637956311650740293e+00,8.824020936280343008e+00,1.500010427679399072e+00,8.869706510601261584e+00,2.500000000000000000e+00
4.889127593034005570e-01,8.924758151126390260e+00,1.637887374724573908e+00,8.824022389640244768e+00,1.500010424012998556e+00,8.869706510832067181e+00,2.500000000000000000e+00
4.891127593034007570e-01,8.924758151342816248e+00,1.637818593062640105e+00,8.824023839678591941e+00,1.500010420356602481e+00,8.869706511062318555e+00,2.500000000000000000e+00
4.893127593034009570e-01,8.924758151558780384e+00,1.637749966314147043e+00,8.824025286403287538e+00,1.500010416707709737e+00,8.869706511292081430e+00,2.500000000000000000e+00
4.895127593034011571e-01,8.924758151774204507e+00,1.637681494130640125e+00,8.824026729821870418e+00,1.500010413067684567e+00,8.869706511521270542e+00,2.500000000000000000e+00
4.897127593034013571e-01,8.924758151989090393e+00,1.637613176163808859e+00,8.824028169942000233e+00,1.500010409435617476e+00,8.869706511749891220e+00,2.500000000000000000e+00
4.899127593034015571e-01,8.924758152203525086e+00,1.637545012066449424e+00,8.824029606771437884e+00,1.500010405812645331e+00,8.869706511978034058e+00,2.500000000000000000e+00
4.901127593034017571e-01,8.924758152417469503e+00,1.637477001492134487e+00,8.824031040317715124e+00,1.500010402198086013e+00,8.869706512205649318e+00,2.500000000000000000e+00
4.903127593034019571e-01,8.924758152630943187e+00,1.637409144094848168e+00,8.824032470588480948e+00,1.500010398591712146e+00,8.869706512432763645e+00,2.500000000000000000e+00
4.905127593034021571e-01,8.924758152843885739e+00,1.637341439529655052e+00,8.824033897591290199e+00,1.500010394993523732e+00,8.869706512659318420e+00,2.500000000000000000e+00
4.907127593034023572e-01,8.924758153056334464e+00,1.637273887452939780e+00,8.824035321333713711e+00,1.500010391403975518e+00,8.869706512885349170e+00,2.500000000000000000e+00
4.909127593034025572e-01,8.924758153268300020e+00,1.637206487520965981e+00,8.824036741823386265e+00,1.500010387822158009e+00,8.869706513110864776e+00,2.500000000000000000e+00
4.911127593034027572e-01,8.924758153479782408e+00,1.637139239390330125e+00,8.824038159067749021e+00,1.500010384248525952e+00,8.869706513335865239e+00,2.500000000000000000e+00
4.913127593034029572e-01,8.924758153690836693e+00,1.637072142719405932e+00,8.824039573074406562e+00,1.500010380684443589e+00,8.869706513560412731e+00,2.500000000000000000e+00
4.915127593034031572e-01,8.924758153901336755e+00,1.637005197168293291e+00,8.824040983850700570e+00,1.500010377127409811e+00,8.869706513784370472e+00,2.500000000000000000e+00
4.917127593034033572e-01,8.924758154111385622e+00,1.636938402394678027e+00,8.824042391404287144e+00,1.500010373579698353e+00,8.869706514007852149e+00,2.500000000000000000e+00
4.919127593034035573e-01,8.924758154320912240e+00,1.636871758060562065e+00,8.824043795742580798e+00,1.500010370038353358e+00,8.869706514230772498e+00,2.500000000000000000e+00
4.921127593034037573e-01,8.924758154529977006e+00,1.636805263826091039e+00,8.824045196873003150e+00,1.500010366506785431e+00,8.869706514453200796e+00,2.500000000000000000e+00
4.923127593034039573e-01,8.924758154738597682e+00,1.636738919354437050e+00,8.824046594802993582e+00,1.500010362983402956e+00,8.869706514675163689e+00,2.500000000000000000e+00
4.925127593034041573e-01,8.924758154946696109e+00,1.636672724306183380e+00,8.824047989539959502e+00,1.500010359467751186e+00,8.869706514896570582e+00,2.500000000000000000e+00
4.927127593034043573e-01,8.924758155154286499e+00,1.636606678347433563e+00,8.824049381091262134e+00,1.500010355960739616e+00,8.869706515117441015e+00,2.500000000000000000e+00
4.929127593034045574e-01,8.924758155361372403e+00,1.636540781140626066e+00,8.824050769464303556e+00,1.500010352460321883e+00,8.869706515337773212e+00,2.500000000000000000e+00
4.931127593034047574e-01,8.924758155568106588e+00,1.636475032350658720e+00,8.824052154666532033e+00,1.500010348970135965e+00,8.869706515557725268e+00,2.500000000000000000e+00
4.933127593034049574e-01,8.924758155774279444e+00,1.636409431642968482e+00,8.824053536705196876e+00,1.500010345486316510e+00,8.869706515777085798e+00,2.500000000000000000e+00
4.935127593034051574e-01,8.924758155979951368e+00,1.636343978687198275e+00,8.824054915587559833e+00,1.500010342010682507e+00,8.869706515995915197e+00,2.500000000000000000e+00
4.937127593034053574e-01,8.924758156185186309e+00,1.636278673147874674e+00,8.824056291321026535e+00,1.500010338544143451e+00,8.869706516214282743e+00,2.500000000000000000e+00
4.939127593034055574e-01,8.924758156389991370e+00,1.636213514693305004e+00,8.824057663912901361e+00,1.500010335085562474e+00,8.869706516432184884e+00,2.500000000000000000e+00
4.941127593034057575e-01,8.924758156594254643e+00,1.636148502991978670e+00,8.824059033370408756e+00,1.500010331633802707e+00,8.869706516649520367e+00,2.500000000000000000e+00
4.943127593034059575e-01,8.924758156798057840e+00,1.636083637713651839e+00,8.824060399700742963e+00,1.500010328190910514e+00,8.869706516866365575e+00,2.500000000000000000e+00
4.945127593034061575e-01,8.924758157001408065e+00,1.636018918528833410e+00,8.824061762911236784e+00,1.500010324756885893e+00,8.869706517082722286e+00,2.500000000000000000e+00
4.947127593034063575e-01,8.924758157204269793e+00,1.635954345108387553e+00,8.824063123009130649e+00,1.500010321328772989e+00,8.869706517298569182e+00,2.500000000000000000e+00
4.949127593034065575e-01,8.924758157406698089e+00,1.635889917122933079e+00,8.824064480001535316e+00,1.500010317909527657e+00,8.869706517513948896e+00,2.500000000000000000e+00
4.951127593034067575e-01,8.924758157608643216e+00,1.635825634244759685e+00,8.824065833895746280e+00,1.500010314498467778e+00,8.869706517728822348e+00,2.500000000000000000e+00
4.953127593034069576e-01,8.924758157810096293e+00,1.635761496148706362e+00,8.824067184698824562e+00,1.500010311094456483e+00,8.869706517943166446e+00,2.500000000000000000e+00
4.955127593034071576e-01,8.924758158011124820e+00,1.635697502509071644e+00,8.824068532417973287e+00,1.500010307699085388e+00,8.869706518157059350e+00,2.500000000000000000e+00
4.957127593034073576e-01,8.924758158211748338e+00,1.635633652998797150e+00,8.824069877060349398e+00,1.500010304312127118e+00,8.869706518370517045e+00,2.500000000000000000e+00
4.959127593034075576e-01,8.924758158411808751e+00,1.635569947293756154e+00,8.824071218632980163e+00,1.500010300932217433e+00,8.869706518583384991e+00,2.500000000000000000e+00
4.961127593034077576e-01,8.924758158611432179e+00,1.635506385071108015e+00,8.824072557143052720e+00,1.500010297560038453e+00,8.869706518795789307e+00,2.500000000000000000e+00
4.963127593034079577e-01,8.924758158810581321e+00,1.635442966005690169e+00,8.824073892597644075e+00,1.500010294194908056e+00,8.869706519007687362e+00,2.500000000000000000e+00
4.965127593034081577e-01,8.924758159009330782e+00,1.635379689777385792e+00,8.824075225003781497e+00,1.500010290839099980e+00,8.869706519219162644e+00,2.500000000000000000e+00
4.967127593034083577e-01,8.924758159207573982e+00,1.635316556062436311e+00,8.824076554368547320e+00,1.500010287490795235e+00,8.869706519430092584e+00,2.500000000000000000e+00
4.969127593034085577e-01,8.924758159405344671e+00,1.635253564541193194e+00,8.824077880698952825e+00,1.500010284149539075e+00,8.869706519640530473e+00,2.500000000000000000e+00
4.971127593034087577e-01,8.924758159602706797e+00,1.635190714893251407e+00,8.824079204002041266e+00,1.500010280816468367e+00,8.869706519850526050e+00,2.500000000000000000e+00
4.973127593034089577e-01,8.924758159799583979e+00,1.635128006798212574e+00,8.824080524284786620e+00,1.500010277490446242e+00,8.869706520060010035e+00,2.500000000000000000e+00
4.975127593034091578e-01,8.924758159995951345e+00,1.635065439938343745e+00,8.824081841554137995e+00,1.500010274172609570e+00,8.869706520268957561e+00,2.500000000000000000e+00
4.977127593034093578e-01,8.924758160191990086e+00,1.635003013995193433e+00,8.824083155817204371e+00,1.500010270863185724e+00,8.869706520477546263e+00,2.500000000000000000e+00
4.979127593034095578e-01,8.924758160387499473e+00,1.634940728651111064e+00,8.824084467080828276e+00,1.500010267559673593e+00,8.869706520685577189e+00,2.500000000000000000e+00
4.981127593034097578e-01,8.924758160582619837e+00,1.634878583589498113e+00,8.824085775351948158e+00,1.500010264265256410e+00,8.869706520893187118e+00,2.500000000000000000e+00
4.983127593034099578e-01,8.924758160777225058e+00,1.634816578494344697e+00,8.824087080637449176e+00,1.500010260977660437e+00,8.869706521100262364e+00,2.500000000000000000e+00
4.985127593034101579e-01,8.924758160971483889e+00,1.634754713050917685e+00,8.824088382944326625e+00,1.500010257699159411e+00,8.869706521306961022e+00,2.500000000000000000e+00
4.987127593034103579e-01,8.924758161165183168e+00,1.634692986944443094e+00,8.824089682279387503e+00,1.500010254426570100e+00,8.869706521513069930e+00,2.500000000000000000e+00
4.989127593034105579e-01,8.924758161358425923e+00,1.634631399860830392e+00,8.824090978649504535e+00,1.500010251161711494e+00,8.869706521718688563e+00,2.500000000000000000e+00
4.991127593034107579e-01,8.924758161551270774e+00,1.634569951487393702e+00,8.824092272061562880e+00,1.500010247904356220e+00,8.869706521923891529e+00,2.500000000000000000e+00
4.993127593034109579e-01,8.924758161743710616e+00,1.634508641511608573e+00,8.824093562522424605e+00,1.500010244655413771e+00,8.869706522128653958e+00,2.500000000000000000e+00
4.995127593034111579e-01,8.924758161935692158e+00,1.634447469620982529e+00,8.824094850038862958e+00,1.500010241413519907e+00,8.869706522332934995e+00,2.500000000000000000e+00
4.997127593034113580e-01,8.924758162127202965e+00,1.634386435505381652e+00,8.824096134617677833e+00,1.500010238179356747e+00,8.869706522536715099e+00,2.500000000000000000e+00
4.999127593034115580e-01,8.924758162318289223e+00,1.634325538854570325e+00,8.824097416265706428e+00,1.500010234952014798e+00,8.869706522740045784e+00,2.500000000000000000e+00
5.000000000000000000e-01,8.924758162401829509e+00,1.634299018504613565e+00,8.824097974409497169e+00,1.500010233540024274e+00,8.869706522828918693e+00,2.500000000000000000e+00
