t_s,VS_V,GATE_V,VPROT_V,Q1_channel_A,Q2_gate_V,ENABLE_V
0.000000000000000000e+00,2.461789059241108747e-62,-1.181879351528234588e-53,-1.351677536347561878e-56,4.533541835328403997e-60,-1.179732831705557398e-57,0.000000000000000000e+00
2.000000000000000042e-08,-4.852412556066030673e-62,-1.181874089250322551e-53,-1.351677196057448497e-56,4.533580518871174901e-60,9.333872673210903344e-59,0.000000000000000000e+00
4.000000000000000084e-08,-1.294983204775841057e-61,-1.181868010553527745e-53,-1.351676809357431942e-56,4.536590854944980551e-60,1.016199983625030014e-57,0.000000000000000000e+00
8.000000000000000167e-08,-3.013457387949710084e-61,-1.181854514778425301e-53,-1.351675959914835172e-56,4.537084680105852321e-60,2.287580856079995393e-57,0.000000000000000000e+00
1.600000000000000033e-07,-6.501621311792422418e-61,-1.181824190068795407e-53,-1.351674071646358229e-56,4.537432520185648411e-60,3.401604854845332604e-57,0.000000000000000000e+00
3.200000000000000067e-07,-1.255548733342686575e-60,-1.181759431648709361e-53,-1.351670061625525957e-56,4.537367224247873247e-60,3.872231686185245592e-57,0.000000000000000000e+00
6.400000000000000134e-07,-2.065485404692184231e-60,-1.181627971233326997e-53,-1.351661931077401238e-56,4.537000402305601015e-60,3.993212883192906427e-57,0.000000000000000000e+00
1.280000000000000027e-06,-2.790612162203541304e-60,-1.181365474260991167e-53,-1.351645693900495155e-56,4.536653531255911792e-60,4.432072065623521084e-57,0.000000000000000000e+00
2.560000000000000054e-06,-3.093944760421223462e-60,-1.180841080211901170e-53,-1.351613253456656973e-56,4.536441084155377326e-60,5.518426638931152663e-57,0.000000000000000000e+00
4.560000000000000387e-06,-3.043597468211119435e-60,-1.180022187723530863e-53,-1.351562592182998844e-56,4.536287815120723233e-60,7.179264805587067369e-57,0.000000000000000000e+00
6.559999999999999873e-06,-2.996677215682427184e-60,-1.179203886621594730e-53,-1.351511964677327763e-56,4.536130774866628121e-60,8.775886736478168258e-57,0.000000000000000000e+00
8.279999999999998651e-06,-3.004873130248413819e-60,-1.178500632805526301e-53,-1.351468452728764834e-56,4.535979406220562795e-60,1.010264164113886659e-56,0.000000000000000000e+00
9.999999999999999124e-06,-3.031124297432222903e-60,-1.177797825067902675e-53,-1.351424966251377818e-56,4.535822134720646726e-60,1.138826864597451438e-56,0.000000000000000000e+00
1.002688019618252314e-05,6.574467551260735753e-05,6.489408312429685317e-05,3.867518434531966379e-09,1.048467591495031532e-08,6.564039732581561522e-05,0.000000000000000000e+00
1.008064058854757117e-05,3.454703071361384190e-04,3.410030539305039304e-04,2.032133888191858714e-08,1.961610226366267661e-08,3.447055914561116268e-04,0.000000000000000000e+00
1.017061409751892063e-05,1.288448843904692852e-03,1.271798089340651396e-03,7.578670216376822852e-08,3.300763506313211804e-08,1.284253284971761857e-03,0.000000000000000000e+00
1.025673204847852511e-05,2.696885544274151784e-03,2.662042812620585720e-03,1.586290740769622748e-07,4.380594969080088552e-08,2.685932840623286508e-03,0.000000000000000000e+00
1.040438141925068481e-05,6.047071238356791986e-03,5.968950503977954632e-03,3.556807624522552732e-07,5.858205271282255350e-08,6.014968046594234424e-03,0.000000000000000000e+00
1.058828521236870249e-05,1.149230602135889283e-02,1.134380131499535330e-02,6.759555578120441362e-07,7.196217365599590077e-08,1.141488219370533595e-02,0.000000000000000000e+00
1.077567452216301967e-05,1.810994425740803521e-02,1.787582480126904613e-02,1.065182840471129882e-06,8.124810629058648592e-08,1.796278322660198323e-02,0.000000000000000000e+00
1.102297529394732526e-05,2.793968844768513968e-02,2.757823551375884058e-02,1.643325339356332274e-06,8.914691109872946440e-08,2.766142551692082896e-02,0.000000000000000000e+00
1.127024546381447338e-05,3.858637387348669984e-02,3.808678603403009566e-02,2.269503629472855688e-06,9.370483330202114547e-08,3.813058457494016007e-02,0.000000000000000000e+00
1.159947474206692887e-05,5.348643274647895546e-02,5.279313346719018835e-02,3.145818571855034172e-06,9.696972412326018698e-08,5.271980830581877997e-02,0.000000000000000000e+00
1.211709657937065820e-05,7.771324508606290704e-02,7.670398197337392754e-02,4.570607955074187457e-06,9.847224522211914244e-08,7.628275154350416809e-02,0.000000000000000000e+00
1.306075770791722610e-05,1.227350730975569765e-01,1.211353190886460679e-01,7.218168637076912531e-06,9.844848938237588110e-08,1.195413601272206083e-01,0.000000000000000000e+00
1.476144275097641818e-05,2.044031976003518047e-01,2.017213770675676809e-01,1.202012496702377108e-05,9.652459305583768745e-08,1.962540455620598312e-01,0.000000000000000000e+00
1.676144275097641936e-05,3.004855684016402018e-01,2.965130513994260752e-01,1.766859784760946227e-05,9.442109105521623302e-08,2.836563919654563337e-01,0.000000000000000000e+00
1.876144275097642054e-05,3.965106909912051170e-01,3.912297504740745446e-01,2.331263974811037260e-05,9.282295394732326121e-08,3.680124738967995857e-01,0.000000000000000000e+00
2.076144275097642172e-05,4.925109991057744496e-01,4.859041242494869239e-01,2.895419635311540857e-05,9.151991858542124492e-08,4.494551393040936427e-01,0.000000000000000000e+00
2.276144275097642290e-05,5.885075303866666996e-01,5.805575590400735564e-01,3.459454189240162539e-05,9.039116365475163839e-08,5.281053627303559095e-01,0.000000000000000000e+00
2.476144275097642408e-05,6.845049891594189306e-01,6.751953035169052653e-01,4.023398880163024844e-05,8.939532322900511918e-08,6.040652822905326902e-01,0.000000000000000000e+00
2.676144275097642526e-05,7.805031718754891212e-01,7.698177488384255751e-01,4.587255991179781795e-05,8.851412909571809706e-08,6.774290642129482398e-01,0.000000000000000000e+00
2.876144275097642644e-05,8.765015749027954550e-01,8.644249810179513993e-01,5.151025973623685168e-05,8.773402728617929469e-08,7.482873965039019692e-01,0.000000000000000000e+00
3.076144275097642423e-05,9.725000320079820737e-01,9.590174196426007880e-01,5.714711253441342868e-05,8.704316668828315784e-08,8.167281634077699914e-01,0.000000000000000000e+00
3.276144275097642541e-05,1.068498527107861973e+00,1.053595654105523360e+00,6.278315251975375593e-05,8.643146828454795205e-08,8.828363581709788299e-01,0.000000000000000000e+00
3.476144275097642659e-05,1.164497068102413158e+00,1.148160365395366922e+00,6.841841909016325627e-05,8.589058400620963596e-08,9.466940985654130891e-01,0.000000000000000000e+00
3.676144275097642777e-05,1.260495657971780092e+00,1.242712401858438787e+00,7.405296106857013323e-05,8.541363896372167197e-08,1.008380801241667513e+00,0.000000000000000000e+00
3.876144275097642895e-05,1.356494295690713336e+00,1.337253022166632110e+00,7.968685052202515947e-05,8.499498812056249797e-08,1.067973524812777075e+00,0.000000000000000000e+00
4.076144275097643013e-05,1.452492979080917790e+00,1.431784476694619723e+00,8.532021581117556024e-05,8.463009633363771655e-08,1.125547660581938336e+00,0.000000000000000000e+00
4.276144275097643131e-05,1.548491705491565673e+00,1.526311428310629381e+00,9.095332232498467716e-05,8.431563341612657858e-08,1.181178503745651920e+00,0.000000000000000000e+00
4.476144275097643249e-05,1.644490471087447725e+00,1.620844518717183380e+00,9.658677511395422218e-05,8.405001736960793224e-08,1.234945109701753641e+00,0.000000000000000000e+00
4.676144275097643367e-05,1.740489268717618332e+00,1.715409483485004438e+00,1.022220367782938281e-04,8.383503686745785721e-08,1.286940113792802709e+00,0.000000000000000000e+00
4.876144275097643485e-05,1.836488082523995313e+00,1.810070618734168635e+00,1.078627607628478916e-04,8.368015153720209653e-08,1.337294970938312177e+00,0.000000000000000000e+00
5.076144275097643603e-05,1.932486874419626410e+00,1.904990427501238814e+00,1.135181802458677306e-04,8.361314517146833936e-08,1.386243337943726228e+00,0.000000000000000000e+00
5.276144275097643721e-05,2.028485552719005547e+00,2.000573235503452008e+00,1.192112678515980055e-04,8.370377633376557824e-08,1.434267383723063283e+00,0.000000000000000000e+00
5.476144275097643839e-05,2.124483994399701814e+00,2.097548171891456370e+00,1.249834501229451350e-04,8.398519972530049671e-08,1.481963926364699535e+00,0.000000000000000000e+00
5.586346749545086977e-05,2.177380383525225227e+00,2.151473042251112133e+00,1.281918604961362798e-04,8.383064401679130029e-08,1.507165791348566541e+00,0.000000000000000000e+00
5.710655460663085532e-05,2.237047792265557167e+00,2.212529344452205393e+00,1.318239600836143771e-04,8.345645402529910939e-08,1.534720968663036089e+00,0.000000000000000000e+00
5.852001924296945011e-05,2.304893342533657297e+00,2.282073678774762193e+00,1.359606709670108397e-04,8.291665815757243152e-08,1.565141725241590009e+00,0.000000000000000000e+00
6.013571232590651816e-05,2.382445847873201572e+00,2.361571801780148583e+00,1.406894493996507605e-04,8.224381798510593811e-08,1.598862327419875662e+00,0.000000000000000000e+00
6.213571232590651256e-05,2.478444985549579815e+00,2.459837956003683601e+00,1.465349751589847609e-04,8.140653878080383876e-08,1.639184053614947345e+00,0.000000000000000000e+00
6.413571232590650696e-05,2.574444178732483657e+00,2.557869082244952352e+00,1.523671407433708829e-04,8.061368870354579386e-08,1.678054360032191106e+00,0.000000000000000000e+00
6.613571232590650137e-05,2.670443407203814790e+00,2.655636248032250624e+00,1.581843027635902830e-04,7.988704280731395713e-08,1.715568685525750148e+00,0.000000000000000000e+00
6.813571232590649577e-05,2.766442660070134174e+00,2.753143194594377174e+00,1.639866743337427604e-04,7.923196688325306880e-08,1.751801365150175371e+00,0.000000000000000000e+00
7.013571232590649017e-05,2.862441931976942744e+00,2.850411100234721218e+00,1.697754592928646389e-04,7.864569395027443122e-08,1.786812830490558612e+00,0.000000000000000000e+00
7.213571232590648458e-05,2.958441220638403646e+00,2.947468353065464619e+00,1.755522710810610433e-04,7.812166074455673126e-08,1.820654687432472274e+00,0.000000000000000000e+00
7.413571232590647898e-05,3.054440525323445232e+00,3.044344649838325534e+00,1.813187974358264386e-04,7.765218539707019474e-08,1.853372957862892800e+00,0.000000000000000000e+00
7.613571232590647339e-05,3.150439846001044764e+00,3.141067994938162133e+00,1.870766298806372547e-04,7.722976757412736148e-08,1.885009964896147139e+00,0.000000000000000000e+00
7.813571232590646779e-05,3.246439182896116105e+00,3.237663410245588125e+00,1.928271904267287362e-04,7.684763017601348167e-08,1.915605387811689209e+00,0.000000000000000000e+00
8.013571232590646219e-05,3.342438536274597638e+00,3.334152569829112789e+00,1.985717108236109707e-04,7.649988156138709527e-08,1.945196855048736850e+00,0.000000000000000000e+00
8.213571232590645660e-05,3.438437906348249307e+00,3.430553895185651569e+00,2.043112379771733840e-04,7.618150366095477466e-08,1.973820289377566262e+00,0.000000000000000000e+00
8.413571232590645100e-05,3.534437293238681832e+00,3.526882854814194612e+00,2.100466509770285769e-04,7.588826912013901804e-08,2.001510120365544765e+00,0.000000000000000000e+00
8.613571232590644540e-05,3.630436696969936872e+00,3.623152333772481803e+00,2.157786820993484050e-04,7.561663693811393472e-08,2.028299424473476886e+00,0.000000000000000000e+00
8.813571232590643981e-05,3.726436117474378751e+00,3.719373006401415438e+00,2.215079379888633849e-04,7.536364862725797309e-08,2.054220024477119377e+00,0.000000000000000000e+00
9.013571232590643421e-05,3.822435554603905938e+00,3.815553681529494146e+00,2.272349192764800655e-04,7.512683409399700807e-08,2.079302565151032844e+00,0.000000000000000000e+00
9.213571232590642862e-05,3.918435008142995279e+00,3.911701608254782414e+00,2.329600379563443585e-04,7.490412964189507861e-08,2.103576574494021578e+00,0.000000000000000000e+00
9.413571232590642302e-05,4.014434477821091640e+00,4.007822739850618987e+00,2.386836323830284618e-04,7.469380845781525835e-08,2.127070515726726008e+00,0.000000000000000000e+00
9.613571232590641742e-05,4.110433963324239492e+00,4.103921957847529889e+00,2.444059800055566338e-04,7.449442256113325556e-08,2.149811833102569736e+00,0.000000000000000000e+00
9.813571232590641183e-05,4.206433464305096237e+00,4.200003260263748039e+00,2.501273080640497464e-04,7.430475444658579676e-08,2.171826993353865198e+00,0.000000000000000000e+00
1.001357123259064062e-04,4.302432980391548867e+00,4.296069918554315414e+00,2.558478025087148819e-04,7.412377706073058903e-08,2.193141523900371315e+00,0.000000000000000000e+00
1.021357123259064006e-04,4.398432511193783867e+00,4.392124607789494206e+00,2.615676153975246988e-04,7.395062098791704841e-08,2.213780048539155221e+00,0.000000000000000000e+00
1.041357123259063950e-04,4.494432056310312618e+00,4.488169514213137035e+00,2.672868710084646692e-04,7.378454715267768194e-08,2.233766321089204698e+00,0.000000000000000000e+00
1.061357123259063894e-04,4.590431615332957627e+00,4.584206423854376489e+00,2.730056708750986305e-04,7.362492464302317074e-08,2.253123257312495298e+00,0.000000000000000000e+00
1.081357123259063838e-04,4.686431187850559787e+00,4.680236795367887837e+00,2.787240979258935191e-04,7.347121229461794911e-08,2.271872965336801720e+00,0.000000000000000000e+00
1.101357123259063783e-04,4.782430773452423622e+00,4.776261819806985720e+00,2.844422198809806496e-04,7.332294353623591832e-08,2.290036774745080272e+00,0.000000000000000000e+00
1.121357123259063727e-04,4.878430371730650528e+00,4.872282469605774047e+00,2.901600920357018409e-04,7.317971408016266111e-08,2.307635264453201884e+00,0.000000000000000000e+00
1.141357123259063671e-04,4.974429982282219775e+00,4.968299538675143623e+00,2.958777595391863741e-04,7.304117159712131269e-08,2.324688289472226721e+00,0.000000000000000000e+00
1.161357123259063615e-04,5.070429604710477101e+00,5.064313675195310616e+00,3.015952592578952508e-04,7.290700726469978576e-08,2.341215006630892326e+00,0.000000000000000000e+00
1.181357123259063559e-04,5.166429238626446541e+00,5.160325408416282400e+00,3.073126212986560381e-04,7.277694895335695691e-08,2.357233899321553139e+00,0.000000000000000000e+00
1.201357123259063503e-04,5.262428883649645783e+00,5.256335170548021019e+00,3.130298702526600153e-04,7.265075538387399945e-08,2.372762801322390924e+00,0.000000000000000000e+00
1.221357123259063447e-04,5.358428539408746971e+00,5.352343314631675675e+00,3.187470262110760912e-04,7.252821124237307515e-08,2.387818919742336732e+00,0.000000000000000000e+00
1.241357123259063391e-04,5.454428205541845820e+00,5.448350129123863184e+00,3.244641055938762017e-04,7.240912366923701882e-08,2.402418857129327456e+00,0.000000000000000000e+00
1.261357123259063335e-04,5.550427881697222787e+00,5.544355849795666202e+00,3.301811218260655950e-04,7.229331852598441799e-08,2.416578632779493141e+00,0.000000000000000000e+00
1.281357123259063279e-04,5.646427567533001124e+00,5.640360669436996766e+00,3.358980858891941960e-04,7.218063802216789782e-08,2.430313703279251225e+00,0.000000000000000000e+00
1.301357123259063223e-04,5.742427262717531455e+00,5.736364745771119544e+00,3.416150067711576648e-04,7.207093820349452784e-08,2.443638982313231622e+00,0.000000000000000000e+00
1.321357123259063167e-04,5.838426966929215034e+00,5.832368207907561164e+00,3.473318918329384845e-04,7.196408741139137533e-08,2.456568859765537294e+00,0.000000000000000000e+00
1.341357123259063111e-04,5.934426679856610320e+00,5.928371161603549488e+00,3.530487471076360767e-04,7.185996431235963655e-08,2.469117220142465818e+00,0.000000000000000000e+00
1.361357123259063055e-04,6.030426401198144326e+00,6.024373693553219056e+00,3.587655775442473286e-04,7.175845691265170245e-08,2.481297460341560956e+00,0.000000000000000000e+00
1.381357123259062999e-04,6.126426130661998926e+00,6.120375874884676826e+00,3.644823872064305043e-04,7.165946122600352908e-08,2.493122506791887183e+00,0.000000000000000000e+00
1.401357123259062943e-04,6.222425867965855062e+00,6.216377764011087770e+00,3.701991794345579618e-04,7.156288045484515692e-08,2.504604831988449298e+00,0.000000000000000000e+00
1.421357123259062887e-04,6.318425612837015315e+00,6.312379408955775872e+00,3.759159569778784465e-04,7.146862411600007903e-08,2.515756470443275550e+00,0.000000000000000000e+00
1.441357123259062831e-04,6.414425365011611646e+00,6.408380849247415689e+00,3.816327221022447198e-04,7.137660747169594089e-08,2.526589034073031481e+00,0.000000000000000000e+00
1.461357123259062775e-04,6.510425124234807015e+00,6.504382117466684932e+00,3.873494766780363925e-04,7.128675084955293784e-08,2.537113727045421818e+00,0.000000000000000000e+00
1.481357123259062719e-04,6.606424890260468530e+00,6.600383240507490257e+00,3.930662222518590274e-04,7.119897911522787837e-08,2.547341360102116425e+00,0.000000000000000000e+00
1.501357123259062663e-04,6.702424662850759773e+00,6.696384240606021443e+00,3.987829601050488812e-04,7.111322139485842797e-08,2.557282364377525319e+00,0.000000000000000000e+00
1.521357123259062607e-04,6.798424441776055538e+00,6.792385136180943306e+00,4.044996913014449664e-04,7.102941054770717244e-08,2.566946804731624621e+00,0.000000000000000000e+00
1.541357123259062551e-04,6.894424226814663825e+00,6.888385942519210658e+00,4.102164167263849305e-04,7.094748299962816418e-08,2.576344392613640011e+00,0.000000000000000000e+00
1.561357123259062495e-04,6.990424017752506991e+00,6.984386672336211355e+00,4.159331371185599996e-04,7.086737828509992454e-08,2.585484498473390680e+00,0.000000000000000000e+00
1.581357123259062439e-04,7.086423814382830422e+00,7.080387336233468609e+00,4.216498530960454262e-04,7.078903886681420232e-08,2.594376163736309415e+00,0.000000000000000000e+00
1.601357123259062383e-04,7.182423616506184771e+00,7.176387943073105014e+00,4.273665651776021885e-04,7.071241005240924693e-08,2.603028112357882229e+00,0.000000000000000000e+00
1.621357123259062327e-04,7.278423423929998748e+00,7.272388500283789803e+00,4.330832738000816337e-04,7.063743953650281071e-08,2.611448761971591814e+00,0.000000000000000000e+00
1.641357123259062272e-04,7.374423236468337528e+00,7.368389014111285995e+00,4.387999793326820318e-04,7.056407748395887580e-08,2.619646234645375493e+00,0.000000000000000000e+00
1.661357123259062216e-04,7.470423053941984470e+00,7.464389489824009516e+00,4.445166820886483098e-04,7.049227615518738332e-08,2.627628367260467890e+00,0.000000000000000000e+00
1.681357123259062160e-04,7.566422876177642642e+00,7.560389931880679981e+00,4.502333823348146028e-04,7.042198994777759680e-08,2.635402721524783054e+00,0.000000000000000000e+00
1.701357123259062104e-04,7.662422703008306080e+00,7.656390344068936038e+00,4.559500802994981674e-04,7.035317518833128503e-08,2.642976593635713911e+00,0.000000000000000000e+00
1.721357123259062048e-04,7.758422534235267953e+00,7.752390730073552838e+00,4.616667765830242401e-04,7.034821768170385070e-08,2.650357063084896936e+00,0.000000000000000000e+00
1.741357123259061992e-04,7.854422369755401867e+00,7.848391092042789730e+00,4.673834710614363118e-04,7.028117793295152183e-08,2.657550894782513051e+00,0.000000000000000000e+00
1.761357123259061936e-04,7.950422209419471642e+00,7.944391432381101126e+00,4.731001637973884745e-04,7.021551792774083367e-08,2.664564635821665028e+00,0.000000000000000000e+00
1.781357123259061880e-04,8.046422053072404879e+00,8.040391753188243840e+00,4.788168548933681369e-04,7.015119932174407325e-08,2.671404606154843542e+00,0.000000000000000000e+00
1.801357123259061824e-04,8.142421900569400961e+00,8.136392056264471151e+00,4.845335444537064479e-04,7.008818542209027669e-08,2.678076906060024243e+00,0.000000000000000000e+00
1.821357123259061768e-04,8.238421751774570367e+00,8.232392343172266536e+00,4.902502325753129754e-04,7.002644103470956338e-08,2.684587422662223943e+00,0.000000000000000000e+00
1.841357123259061712e-04,8.334421606557830486e+00,8.328392615278971789e+00,4.959669193458426462e-04,6.996593227004410664e-08,2.690941836858568692e+00,0.000000000000000000e+00
1.861357123259061656e-04,8.430421464793521835e+00,8.424392873786205271e+00,5.016836048439539484e-04,6.990662637651468003e-08,2.697145630282355988e+00,0.000000000000000000e+00
1.881357123259061600e-04,8.526421326360576813e+00,8.520393119754279709e+00,5.074002891402351655e-04,6.984849207358756473e-08,2.703204092171115125e+00,0.000000000000000000e+00
1.901357123259061544e-04,8.622421191142008112e+00,8.616393354122260817e+00,5.131169722981951745e-04,6.979149902441861286e-08,2.709122326067266773e+00,0.000000000000000000e+00
1.921357123259061488e-04,8.718421059024846542e+00,8.712393577725388027e+00,5.188336543752113637e-04,6.973561805789785240e-08,2.714905256318391302e+00,0.000000000000000000e+00
1.941357123259061432e-04,8.814420929900414592e+00,8.808393791310097143e+00,5.245503354233753109e-04,6.968082100211603347e-08,2.720557634363638400e+00,0.000000000000000000e+00
1.961357123259061376e-04,8.910420803663329892e+00,8.904393995545422769e+00,5.302670154901412440e-04,6.962708071212020400e-08,2.726084044802983719e+00,0.000000000000000000e+00
1.981357123259061320e-04,9.006420680212446683e+00,9.000394191034375879e+00,5.359836946189829596e-04,6.957437109766928529e-08,2.731488911256535701e+00,0.000000000000000000e+00
2.001357123259061264e-04,9.102420559449818427e+00,9.096394378321729590e+00,5.417003728498400806e-04,6.952266676241158905e-08,2.736776502016184942e+00,0.000000000000000000e+00
2.021357123259061208e-04,9.198420441281038862e+00,9.192394557901815588e+00,5.474170502195701681e-04,6.947194333695172475e-08,2.741950935500089059e+00,0.000000000000000000e+00
2.041357123259061152e-04,9.294420325615028844e+00,9.288394730224670326e+00,5.531337267623048825e-04,6.942217720129484348e-08,2.747016185514913111e+00,0.000000000000000000e+00
2.061357123259061096e-04,9.390420212363849828e+00,9.384394895701261063e+00,5.588504025097542098e-04,6.937334562362451607e-08,2.751976086333304927e+00,0.000000000000000000e+00
2.081357123259061040e-04,9.486420101442723407e+00,9.480395054708152358e+00,5.645670774914771876e-04,6.932542639948024998e-08,2.756834337593268458e+00,0.000000000000000000e+00
2.101357123259060984e-04,9.582419992769771966e+00,9.576395207591229308e+00,5.702837517351016725e-04,6.927839835135785052e-08,2.761594509025182553e+00,0.000000000000000000e+00
2.121357123259060928e-04,9.678419886266167893e+00,9.672395354669294676e+00,5.760004252665335911e-04,6.923224074584233279e-08,2.766260045013325453e+00,0.000000000000000000e+00
2.141357123259060872e-04,9.774419781855639755e+00,9.768395496236559339e+00,5.817170981101043919e-04,6.918693370994155600e-08,2.770834268996544836e+00,0.000000000000000000e+00
2.161357123259060817e-04,9.870419679464587759e+00,9.864395632565367222e+00,5.874337702887311814e-04,6.914245775924143800e-08,2.775320387715057180e+00,0.000000000000000000e+00
2.181357123259060761e-04,9.966419579022227637e+00,9.960395763908588052e+00,5.931504418240601643e-04,6.909879438077304314e-08,2.779721495308133505e+00,0.000000000000000000e+00
2.201357123259060705e-04,1.006241948046006485e+01,1.005639589050110949e+01,5.988671127365539221e-04,6.905592522810088951e-08,2.784040577267297145e+00,0.000000000000000000e+00
2.221357123259060649e-04,1.015841938371200470e+01,1.015239601256167568e+01,6.045837830456023262e-04,6.901383281521233926e-08,2.788280514251289866e+00,0.000000000000000000e+00
2.241357123259060593e-04,1.025441928871442165e+01,1.024839613029453922e+01,6.103004527696209843e-04,6.897250021120626684e-08,2.792444085767105122e+00,0.000000000000000000e+00
2.261357123259060537e-04,1.035041919540572586e+01,1.034439624389038670e+01,6.160171219261083774e-04,6.893191076273730289e-08,2.796533973721230915e+00,0.000000000000000000e+00
2.281357123259060481e-04,1.044641910372667759e+01,1.044039635352788586e+01,6.217337905317382339e-04,6.889204853810504403e-08,2.800552765846984649e+00,0.000000000000000000e+00
2.301357123259060425e-04,1.054241901362006040e+01,1.053639645937446367e+01,6.274504586024078848e-04,6.885289796643156990e-08,2.804502959010875429e+00,0.000000000000000000e+00
2.321357123259060369e-04,1.063841892503047859e+01,1.063239656158709323e+01,6.331671261532865113e-04,6.881444397643932120e-08,2.808386962402939169e+00,0.000000000000000000e+00
2.341357123259060313e-04,1.073441883790482443e+01,1.072839666031364736e+01,6.388837931988974352e-04,6.877667196869552413e-08,2.812207100615809807e+00,0.000000000000000000e+00
2.361357123259060257e-04,1.083041875219161376e+01,1.082439675569304960e+01,6.446004597531287440e-04,6.873956767683431224e-08,2.815965616614509059e+00,0.000000000000000000e+00
2.381357123259060201e-04,1.092641866784118854e+01,1.092039684785619613e+01,6.503171258292904291e-04,6.870311736184575580e-08,2.819664674602810450e+00,0.000000000000000000e+00
2.401357123259060145e-04,1.102241858480567416e+01,1.101639693692658639e+01,6.560337914401531993e-04,6.866730759003125684e-08,2.823306362788756907e+00,0.000000000000000000e+00
2.421357123259060089e-04,1.111841850303896351e+01,1.111239702302089682e+01,6.617504565979849106e-04,6.863212539953700286e-08,2.826892696053069365e+00,0.000000000000000000e+00
2.441357123259060033e-04,1.121441842249652865e+01,1.120839710624937169e+01,6.674671213145755028e-04,6.859755810606493753e-08,2.830425618523737974e+00,0.000000000000000000e+00
2.461357123259060248e-04,1.131041834313522543e+01,1.130439718671612503e+01,6.731837856012572738e-04,6.856359341389506312e-08,2.833907006060147893e+00,0.000000000000000000e+00
2.481357123259060192e-04,1.140641826491360611e+01,1.140039726451990987e+01,6.789004494689524763e-04,6.853021938812986491e-08,2.837338668650536633e+00,0.000000000000000000e+00
2.501357123259060136e-04,1.150241818779155700e+01,1.149639733975421052e+01,6.846171129281800397e-04,6.849742437142758433e-08,2.840722352724602828e+00,0.000000000000000000e+00
2.521357123259060080e-04,1.159841811173066972e+01,1.159239741250797984e+01,6.903337759891021910e-04,6.846519709502452145e-08,2.844059743385593642e+00,0.000000000000000000e+00
2.541357123259060024e-04,1.169441803669345070e+01,1.168839748286524127e+01,6.960504386615023369e-04,6.843352662322388369e-08,2.847352466562934836e+00,0.000000000000000000e+00
2.561357123259059968e-04,1.179041796264401931e+01,1.178439755090612096e+01,7.017671009548474056e-04,6.840240207584002974e-08,2.850602091090703283e+00,0.000000000000000000e+00
2.581357123259059912e-04,1.188641788954767442e+01,1.188039761670671624e+01,7.074837628782834013e-04,6.837181323882113304e-08,2.853810130712037818e+00,0.000000000000000000e+00
2.601357123259059856e-04,1.198241781737098144e+01,1.197639768033949004e+01,7.132004244406599074e-04,6.834174981484864020e-08,2.856978046013642469e+00,0.000000000000000000e+00
2.621357123259059800e-04,1.207841774608155205e+01,1.207239774187332415e+01,7.189170856505344232e-04,6.831220203395993451e-08,2.860107246292111327e+00,0.000000000000000000e+00
2.641357123259059744e-04,1.217441767564815081e+01,1.216839780137386384e+01,7.246337465161950238e-04,6.828316020945912612e-08,2.863199091355017600e+00,0.000000000000000000e+00
2.661357123259059689e-04,1.227041760604081766e+01,1.226439785890389622e+01,7.303504070456855136e-04,6.825461509873953503e-08,2.866254893258773251e+00,0.000000000000000000e+00
2.681357123259059633e-04,1.236641753723056603e+01,1.236039791452325254e+01,7.360670672467995715e-04,6.822655743143890561e-08,2.869275917985079971e+00,0.000000000000000000e+00
2.701357123259059577e-04,1.246241746918934723e+01,1.245639796828898760e+01,7.417837271270941949e-04,6.819897840903976771e-08,2.872263387058749728e+00,0.000000000000000000e+00
2.721357123259059521e-04,1.255841740189004341e+01,1.255239802025558227e+01,7.475003866939020601e-04,6.817186931629137803e-08,2.875218479108753833e+00,0.000000000000000000e+00
2.741357123259059465e-04,1.265441733530671975e+01,1.264839807047534670e+01,7.532170459543591689e-04,6.814522171549874940e-08,2.878142331374741403e+00,0.000000000000000000e+00
2.761357123259059409e-04,1.275041726941402942e+01,1.274439811899801178e+01,7.589337049153799123e-04,6.811902736325592400e-08,2.881036041159781291e+00,0.000000000000000000e+00
2.781357123259059353e-04,1.284641720418792232e+01,1.284039816587158889e+01,7.646503635837106298e-04,6.809327821044597329e-08,2.883900667233417536e+00,0.000000000000000000e+00
2.801357123259059297e-04,1.294241713960490436e+01,1.293639821114179078e+01,7.703670219658963246e-04,6.806796648550772488e-08,2.886737231184024921e+00,0.000000000000000000e+00
2.821357123259059241e-04,1.303841707564245489e+01,1.303239825485258407e+01,7.760836800683156836e-04,6.804308458341346011e-08,2.889546718724812280e+00,0.000000000000000000e+00
2.841357123259059185e-04,1.313441701227845471e+01,1.312839829704575401e+01,7.818003378971551641e-04,6.801862487137988467e-08,2.892330080952983273e+00,0.000000000000000000e+00
2.861357123259059129e-04,1.323041694949220215e+01,1.322439833776203777e+01,7.875169954584797932e-04,6.799458027173521657e-08,2.895088235566287693e+00,0.000000000000000000e+00
2.881357123259059073e-04,1.332641688726330642e+01,1.332039837704013330e+01,7.932336527581726688e-04,6.797094351251864452e-08,2.897822068034715315e+00,0.000000000000000000e+00
2.901357123259059017e-04,1.342241682557229510e+01,1.341639841491742580e+01,7.989503098019813633e-04,6.794770776585856709e-08,2.900532432732788379e+00,0.000000000000000000e+00
2.921357123259058961e-04,1.351841676440013096e+01,1.351239845142960760e+01,8.046669665954971074e-04,6.792486625939453404e-08,2.903220154030978328e+00,0.000000000000000000e+00
2.941357123259058905e-04,1.361441670372838253e+01,1.360839848661094464e+01,8.103836231441702937e-04,6.790241230403282202e-08,2.905886027349472656e+00,0.000000000000000000e+00
2.961357123259058849e-04,1.371041664353971967e+01,1.370439852049487506e+01,8.161002794533476655e-04,6.788033954374661505e-08,2.908530820175249332e+00,0.000000000000000000e+00
2.981357123259058793e-04,1.380641658381712666e+01,1.380039855311329333e+01,8.218169355282317666e-04,6.785864156699794592e-08,2.911155273042165703e+00,0.000000000000000000e+00
3.001357123259058737e-04,1.390241652454424859e+01,1.389639858449699084e+01,8.275335913739067465e-04,6.783731232307133041e-08,2.913760100477791326e+00,0.000000000000000000e+00
3.021357123259058681e-04,1.399841646570517284e+01,1.399239861467551194e+01,8.332502469953325048e-04,6.781634567798455748e-08,2.916345991916362124e+00,0.000000000000000000e+00
3.041357123259058625e-04,1.409441640728476841e+01,1.408839864367756967e+01,8.389669023973695197e-04,6.779573594184462593e-08,2.918913612580331218e+00,0.000000000000000000e+00
3.061357123259058569e-04,1.419041634926824713e+01,1.418439867153067979e+01,8.446835575847573812e-04,6.777547706393605154e-08,2.921463604330094554e+00,0.000000000000000000e+00
3.081357123259058513e-04,1.428641629164147986e+01,1.428039869826155162e+01,8.504002125621416787e-04,6.775556371518831611e-08,2.923996586484696181e+00,0.000000000000000000e+00
3.101357123259058457e-04,1.438241623439064476e+01,1.437639872389577711e+01,8.561168673340530761e-04,6.773599017795284283e-08,2.926513156613016697e+00,0.000000000000000000e+00
3.121357123259058401e-04,1.447841617750277621e+01,1.447239874845845620e+01,8.618335219049485119e-04,6.771675123418141595e-08,2.929013891298099637e+00,0.000000000000000000e+00
3.141357123259058345e-04,1.457441612096473449e+01,1.456839877197322686e+01,8.675501762791521096e-04,6.769784155480351728e-08,2.931499346873058798e+00,0.000000000000000000e+00
3.161357123259058289e-04,1.467041606476456472e+01,1.466439879446366668e+01,8.732668304609410466e-04,6.767925592177093108e-08,2.933970060133519908e+00,0.000000000000000000e+00
3.181357123259058233e-04,1.476641600889020012e+01,1.476039881595205827e+01,8.789834844544723710e-04,6.766098950561350023e-08,2.936426549022399968e+00,0.000000000000000000e+00
3.201357123259058178e-04,1.486241595333028087e+01,1.485639883646024906e+01,8.847001382638347176e-04,6.764303722706088706e-08,2.938869313292773455e+00,0.000000000000000000e+00
3.221357123259058122e-04,1.495841589807369409e+01,1.495239885600924623e+01,8.904167918930257566e-04,6.762539425664293447e-08,2.941298835146145763e+00,0.000000000000000000e+00
3.241357123259058066e-04,1.505441584310973901e+01,1.504839887461941395e+01,8.961334453459645537e-04,6.760805601468966586e-08,2.943715579848980468e+00,0.000000000000000000e+00
3.261357123259058010e-04,1.515041578842833836e+01,1.514439889231074154e+01,9.018500986265081580e-04,6.759101781050880220e-08,2.946119996327571045e+00,0.000000000000000000e+00
3.281357123259057954e-04,1.524641573401927985e+01,1.524039890910211525e+01,9.075667517384089934e-04,6.757427511994151814e-08,2.948512517741145089e+00,0.000000000000000000e+00
3.301357123259057898e-04,1.534241567987318788e+01,1.533639892501233071e+01,9.132834046853751395e-04,6.755782350209571518e-08,2.950893562036471351e+00,0.000000000000000000e+00
3.321357123259057842e-04,1.543841562598071881e+01,1.543239894005932378e+01,9.190000574710270728e-04,6.754165865485717291e-08,2.953263532481289033e+00,0.000000000000000000e+00
3.341357123259057786e-04,1.553441557233306192e+01,1.552839895426071415e+01,9.247167100989297584e-04,6.752577630386724650e-08,2.955622818180268396e+00,0.000000000000000000e+00
3.361357123259057730e-04,1.563041551892148107e+01,1.562439896763337011e+01,9.304333625725673884e-04,6.751017239681189608e-08,2.957971794571923496e+00,0.000000000000000000e+00
3.381357123259057674e-04,1.572641546573765936e+01,1.572039898019378512e+01,9.361500148953668006e-04,6.749484279811035492e-08,2.960310823908876898e+00,0.000000000000000000e+00
3.401357123259057618e-04,1.582241541277369734e+01,1.581639899195811516e+01,9.418666670706996469e-04,6.747978348320415876e-08,2.962640255720879523e+00,0.000000000000000000e+00
3.421357123259057562e-04,1.591841536002178259e+01,1.591239900294186427e+01,9.475833191018658052e-04,6.746499064957944825e-08,2.964960427261297937e+00,0.000000000000000000e+00
3.441357123259057506e-04,1.601441530747457520e+01,1.600839901316031089e+01,9.532999709921173397e-04,6.745046027267775912e-08,2.967271663938584325e+00,0.000000000000000000e+00
3.461357123259057450e-04,1.611041525512465356e+01,1.610439902262796608e+01,9.590166227446289028e-04,6.743618891080771505e-08,2.969574279731725497e+00,0.000000000000000000e+00
3.481357123259057394e-04,1.620641520296516092e+01,1.620039903135925385e+01,9.647332743625381757e-04,6.742217262267757860e-08,2.971868577592189808e+00,0.000000000000000000e+00
3.501357123259057338e-04,1.630241515098968463e+01,1.629639903936842416e+01,9.704499258489400135e-04,6.740840796659597345e-08,2.974154849831133873e+00,0.000000000000000000e+00
3.521357123259057282e-04,1.639841509919145679e+01,1.639239904666876413e+01,9.761665772068418845e-04,6.739489122331576709e-08,2.976433378492211901e+00,0.000000000000000000e+00
3.541357123259057226e-04,1.649441504756420684e+01,1.648839905327346855e+01,9.818832284392161290e-04,6.738161922870133935e-08,2.978704435713058984e+00,0.000000000000000000e+00
3.561357123259057170e-04,1.659041499610206927e+01,1.658439905919557233e+01,9.875998795489955139e-04,6.736858831901670897e-08,2.980968284073007624e+00,0.000000000000000000e+00
3.581357123259057114e-04,1.668641494479919629e+01,1.668039906444758813e+01,9.933165305390523076e-04,6.735579533012625575e-08,2.983225176928415934e+00,0.000000000000000000e+00
3.601357123259057058e-04,1.678241489365009187e+01,1.677639906904185452e+01,9.990331814122195304e-04,6.734323682033860337e-08,2.985475358736872309e+00,0.000000000000000000e+00
3.621357123259057002e-04,1.687841484264907521e+01,1.687239907299003150e+01,1.004749832171261681e-03,6.733090979205158533e-08,2.987719065369173421e+00,0.000000000000000000e+00
3.641357123259056946e-04,1.697441479179107660e+01,1.696839907630389277e+01,1.010466482818923742e-03,6.731881091459612776e-08,2.989956524411667260e+00,0.000000000000000000e+00
3.661357123259056890e-04,1.707041474107121815e+01,1.706439907899493491e+01,1.016183133357906679e-03,6.730693730139236663e-08,2.992187955456758530e+00,0.000000000000000000e+00
3.681357123259056834e-04,1.716641469048444790e+01,1.716039908107401502e+01,1.021899783790846837e-03,6.729528567728237931e-08,2.994413570383306578e+00,0.000000000000000000e+00
3.701357123259056778e-04,1.726241464002610471e+01,1.725639908255196175e+01,1.027616434120352373e-03,6.728385337773090669e-08,2.996633573628072256e+00,0.000000000000000000e+00
3.721357123259056723e-04,1.735841458969169082e+01,1.735239908343933024e+01,1.033333084348990460e-03,6.727263729411347981e-08,2.998848162446819288e+00,0.000000000000000000e+00
3.741357123259056667e-04,1.745441453947690391e+01,1.744839908374647308e+01,1.039049734479290110e-03,6.726163459536138589e-08,3.001057527166555161e+00,0.000000000000000000e+00
3.761357123259056611e-04,1.755041448936754733e+01,1.754439908347854171e+01,1.044766384513432303e-03,6.725084245040591213e-08,3.003262451799455945e+00,0.000000000000000000e+00
3.781357123259056555e-04,1.764641443925314590e+01,1.764039908259081102e+01,1.050483034450476168e-03,6.724025808368949697e-08,3.005469341044854303e+00,0.000000000000000000e+00
3.801357123259056499e-04,1.774241438793900372e+01,1.773639908048095037e+01,1.056199684254814988e-03,6.722987816454306653e-08,3.007748090897621296e+00,0.000000000000000000e+00
3.821357123259056443e-04,1.783841429166816539e+01,1.783239905546969695e+01,1.061916332460106308e-03,6.720036799245932002e-08,3.012720860962614822e+00,0.000000000000000000e+00
3.841357123259056387e-04,1.793441391771257898e+01,1.792839888087139855e+01,1.067632971313868312e-03,6.719037015656681433e-08,3.033509782295400470e+00,0.000000000000000000e+00
3.861357123259056331e-04,1.803041290465283808e+01,1.802439831564832318e+01,1.073349586162354033e-03,6.718033768171594033e-08,3.087105363268442204e+00,0.000000000000000000e+00
3.881357123259056275e-04,1.812641124433733353e+01,1.812039725662802780e+01,1.079066171131442403e-03,6.717047573712164876e-08,3.167334297828084289e+00,0.000000000000000000e+00
3.901357123259056219e-04,1.822240921209220588e+01,1.821639582357608234e+01,1.084782733895290523e-03,6.717968537017782182e-08,3.259339813947967457e+00,0.000000000000000000e+00
3.921357123259056163e-04,1.831840705252956525e+01,1.831239418325776214e+01,1.090499284522949888e-03,6.717035000436410996e-08,3.354421868720564248e+00,0.000000000000000000e+00
3.941357123259056107e-04,1.841440488007314968e+01,1.840839243539988956e+01,1.096215828969622106e-03,6.716125428019026344e-08,3.449525629845860308e+00,0.000000000000000000e+00
3.961357123259056051e-04,1.851040272127120545e+01,1.850439061869245805e+01,1.101932369499479536e-03,6.715235817411624453e-08,3.544218585855611892e+00,0.000000000000000000e+00
3.981357123259055995e-04,1.860640057212205534e+01,1.860038874565875133e+01,1.107648906812140491e-03,6.714365247129094882e-08,3.638698541571699252e+00,0.000000000000000000e+00
4.001357123259055939e-04,1.870239842589985457e+01,1.869638682335694924e+01,1.113365441291095954e-03,6.713513639455825910e-08,3.733138645414960877e+00,0.000000000000000000e+00
4.021357123259055883e-04,1.879839627942535429e+01,1.879238485905478839e+01,1.119081973342004720e-03,6.712680844511709211e-08,3.827605299296093833e+00,0.000000000000000000e+00
4.041357123259055827e-04,1.889439413197666795e+01,1.888838286005256961e+01,1.124798503379255150e-03,6.711866534780952520e-08,3.922109184902348389e+00,0.000000000000000000e+00
4.061357123259055771e-04,1.899039198365402115e+01,1.898438083281781985e+01,1.130515031772200227e-03,6.711070332787727466e-08,4.016645846689177901e+00,0.000000000000000000e+00
4.081357123259055715e-04,1.908638983463700001e+01,1.908037878268228482e+01,1.136231558825871128e-03,6.710291899914011537e-08,4.111210581425988053e+00,0.000000000000000000e+00
4.101357123259055659e-04,1.918238768502587277e+01,1.917637671393625709e+01,1.141948084785889082e-03,6.709530891990667101e-08,4.205800720503804158e+00,0.000000000000000000e+00
4.121357123259055603e-04,1.927838553486590456e+01,1.927237463002940032e+01,1.147664609849941009e-03,6.708787042564168246e-08,4.300414759619654248e+00,0.000000000000000000e+00
4.141357123259055547e-04,1.937438338418320782e+01,1.936837253374924828e+01,1.153381134178016985e-03,6.708060046323183201e-08,4.395051579462448288e+00,0.000000000000000000e+00
4.161357123259055491e-04,1.947038123300031387e+01,1.946437042735619727e+01,1.159097657900126080e-03,6.707349692325337287e-08,4.489710153012758553e+00,0.000000000000000000e+00
4.181357123259055435e-04,1.956637908133907899e+01,1.956036831268533405e+01,1.164814181122088375e-03,6.706655714117104594e-08,4.584389494911043528e+00,0.000000000000000000e+00
4.201357123259055379e-04,1.966237692922114988e+01,1.965636619122759043e+01,1.170530703930148467e-03,6.705977884102765074e-08,4.679088670385384674e+00,0.000000000000000000e+00
4.221357123259055323e-04,1.975837477666697950e+01,1.975236406419414692e+01,1.176247226394633782e-03,6.705315996891059172e-08,4.773806802676187289e+00,0.000000000000000000e+00
4.241357123259055267e-04,1.985437262369556066e+01,1.984836193256908032e+01,1.181963748572945668e-03,6.704669835988497084e-08,4.868543072249376991e+00,0.000000000000000000e+00
4.261357123259055212e-04,1.995037047032476707e+01,1.994435979715254348e+01,1.187680270512013816e-03,6.704039190452704133e-08,4.963296712464829952e+00,0.000000000000000000e+00
4.281357123259055156e-04,2.004636831657133555e+01,2.004035765859542551e+01,1.193396792250267339e-03,6.703423882647996379e-08,5.058067004866815708e+00,0.000000000000000000e+00
4.301357123259055100e-04,2.014236616245037226e+01,2.013635551742697771e+01,1.199113313819201226e-03,6.702823712734229389e-08,5.152853275018713930e+00,0.000000000000000000e+00
4.321357123259055044e-04,2.023836400797679502e+01,2.023235337407898626e+01,1.204829835244756965e-03,6.702238503075719223e-08,5.247654888896136072e+00,0.000000000000000000e+00
4.341357123259054988e-04,2.033436185316471523e+01,2.032835122890363166e+01,1.210546356548333671e-03,6.701668081587897063e-08,5.342471249693662827e+00,0.000000000000000000e+00
4.361357123259054932e-04,2.043035969802676988e+01,2.042434908218776357e+01,1.216262877747598418e-03,6.701112253981733602e-08,5.437301794952992040e+00,0.000000000000000000e+00
4.381357123259054876e-04,2.052635754257532597e+01,2.052034693416620215e+01,1.221979398857245833e-03,6.700570859274890267e-08,5.532145993964746822e+00,0.000000000000000000e+00
4.401357123259054820e-04,2.062235538682187297e+01,2.061634478503095735e+01,1.227695919889521762e-03,6.700043742036143612e-08,5.627003345409447022e+00,0.000000000000000000e+00
4.421357123259054764e-04,2.071835323077760904e+01,2.071234263493974481e+01,1.233412440854706393e-03,6.699530719078694574e-08,5.721873375215142943e+00,0.000000000000000000e+00
4.441357123259054708e-04,2.081435107445253863e+01,2.080834048402151737e+01,1.239128961761428458e-03,6.699031646073549950e-08,5.816755634606517233e+00,0.000000000000000000e+00
4.461357123259054652e-04,2.091034891785689354e+01,2.090433833238314421e+01,1.244845482617048171e-03,6.698546362038371171e-08,5.911649698328607982e+00,0.000000000000000000e+00
4.481357123259054596e-04,2.100634676099932818e+01,2.100033618011177694e+01,1.250562003427786902e-03,6.698074700439704543e-08,6.006555163021625177e+00,0.000000000000000000e+00
4.501357123259054540e-04,2.110234460388918620e+01,2.109633402728058371e+01,1.256278524199060239e-03,6.697616544704132480e-08,6.101471645738271832e+00,0.000000000000000000e+00
4.521357123259054484e-04,2.119834244653465305e+01,2.119233187394966933e+01,1.261995044935524182e-03,6.697171700542625672e-08,6.196398782581294284e+00,0.000000000000000000e+00
4.541357123259054428e-04,2.129434028894387154e+01,2.128832972016943614e+01,1.267711565641268991e-03,6.696740051381766534e-08,6.291336227456110208e+00,0.000000000000000000e+00
4.561357123259054372e-04,2.139033813112435212e+01,2.138432756598182749e+01,1.273428086319890748e-03,6.696321430688101373e-08,6.386283650922717214e+00,0.000000000000000000e+00
4.581357123259054316e-04,2.148633597308325349e+01,2.148032541142205787e+01,1.279144606974589151e-03,6.695915727439327725e-08,6.481240739139970231e+00,0.000000000000000000e+00
4.601357123259054260e-04,2.158233381482744662e+01,2.157632325651991678e+01,1.284861127608241888e-03,6.695522780653107020e-08,6.576207192892287168e+00,0.000000000000000000e+00
4.621357123259054204e-04,2.167833165636353243e+01,2.167232110130072087e+01,1.290577648223458418e-03,6.695142451551561180e-08,6.671182726691444742e+00,0.000000000000000000e+00
4.641357123259054148e-04,2.177432949769780990e+01,2.176831894578609550e+01,1.296294168822625719e-03,6.694774606907927250e-08,6.766167067946458502e+00,0.000000000000000000e+00
4.661357123259054092e-04,2.187032733883589941e+01,2.186431678999421280e+01,1.302010689407921305e-03,6.694419119046557398e-08,6.861159956195180598e+00,0.000000000000000000e+00
4.681357123259054036e-04,2.196632517978412835e+01,2.196031463394170657e+01,1.307727209981424674e-03,6.694075854740688669e-08,6.956161142394176267e+00,0.000000000000000000e+00
4.701357123259053980e-04,2.206232302054777250e+01,2.205631247764234359e+01,1.313443730545037734e-03,6.693744691865788354e-08,7.051170388257082422e+00,0.000000000000000000e+00
4.721357123259053924e-04,2.215832086113191579e+01,2.215231032110820664e+01,1.319160251100554623e-03,6.693425502746208622e-08,7.146187465642759307e+00,0.000000000000000000e+00
4.741357123259053868e-04,2.225431870154176650e+01,2.224830816435030201e+01,1.324876771649697270e-03,6.693118137501841147e-08,7.241212155985978782e+00,0.000000000000000000e+00
4.761357123259053812e-04,2.235031654178220251e+01,2.234430600737830375e+01,1.330593292194100436e-03,6.692822512865959084e-08,7.336244249766949110e+00,0.000000000000000000e+00
4.781357123259053757e-04,2.244631438185741601e+01,2.244030385020040796e+01,1.336309812735299567e-03,6.692538467856223861e-08,7.431283546017199981e+00,0.000000000000000000e+00
4.801357123259053701e-04,2.254231222177232041e+01,2.253630169282488183e+01,1.342026333274827727e-03,6.692265919205908631e-08,7.526329851860591447e+00,0.000000000000000000e+00
4.821357123259053645e-04,2.263831006153079173e+01,2.263229953525842220e+01,1.347742853814112808e-03,6.692004711483789947e-08,7.621382982081790658e+00,0.000000000000000000e+00
4.841357123259053589e-04,2.273430790113705413e+01,2.272829737750761225e+01,1.353459374354567960e-03,6.691754744769795593e-08,7.716442758726136830e+00,0.000000000000000000e+00
4.861357123259053533e-04,2.283030574059501916e+01,2.282429521957838858e+01,1.359175894897558844e-03,6.691515919143853353e-08,7.811509010723490576e+00,0.000000000000000000e+00
4.881357123259053477e-04,2.292630357990872625e+01,2.292029306147651724e+01,1.364892415444430305e-03,6.691288106930315394e-08,7.906581573537232899e+00,0.000000000000000000e+00
4.901357123259053421e-04,2.302230141908153271e+01,2.301629090320682636e+01,1.370608935996462134e-03,6.691071208209109500e-08,8.001660288834187895e+00,0.000000000000000000e+00
4.921357123259053907e-04,2.311829925811708009e+01,2.311228874477424711e+01,1.376325456554930221e-03,6.690865089753472716e-08,8.096745004176861826e+00,0.000000000000000000e+00
4.941357123259054393e-04,2.321429709701846278e+01,2.320828658618298235e+01,1.382041977121058630e-03,6.690669662745563073e-08,8.191835572732916404e+00,0.000000000000000000e+00
4.961357123259054879e-04,2.331029493578917311e+01,2.330428442743751205e+01,1.387758497696077713e-03,6.690484821714193231e-08,8.286931853004023907e+00,0.000000000000000000e+00
4.981357123259055365e-04,2.340629277443220246e+01,2.340028226854169446e+01,1.393475018281172722e-03,6.690310444534830481e-08,8.382033708569236907e+00,0.000000000000000000e+00
5.001357123259055851e-04,2.350229061295067723e+01,2.349628010949941270e+01,1.399191538877519146e-03,6.690146442389632853e-08,8.477141007845011345e+00,0.000000000000000000e+00
5.021357123259056338e-04,2.359828845134765984e+01,2.359227795031443264e+01,1.404908059486278385e-03,6.689992709807413007e-08,8.572253623858639315e+00,0.000000000000000000e+00
5.041357123259056824e-04,2.369428628962567984e+01,2.368827579098990910e+01,1.410624580108564563e-03,6.689849130214753359e-08,8.667371434034393474e+00,0.000000000000000000e+00
5.061357123259057310e-04,2.379028412778773927e+01,2.378427363152941609e+01,1.416341100745508721e-03,6.689715620344927061e-08,8.762494319993441749e+00,0.000000000000000000e+00
5.081357123259057796e-04,2.388628196583632857e+01,2.388027147193596988e+01,1.422057621398198747e-03,6.689592085828977019e-08,8.857622167363157217e+00,0.000000000000000000e+00
5.101357123259058282e-04,2.398227980377359003e+01,2.397626931221219593e+01,1.427774142067692173e-03,6.689478421195715896e-08,8.952754865598189227e+00,0.000000000000000000e+00
5.121357123259058768e-04,2.407827764160236228e+01,2.407226715236136982e+01,1.433490662755076668e-03,6.689374543178416843e-08,9.047892307812299251e+00,0.000000000000000000e+00
5.141357123259059254e-04,2.417427547932504694e+01,2.416826499238629822e+01,1.439207183461402176e-03,6.689280335203662275e-08,9.143034390617330587e+00,0.000000000000000000e+00
5.161357123259059741e-04,2.427027331694415579e+01,2.426426283228988723e+01,1.444923704187716252e-03,6.689195725106955592e-08,9.238181013972520006e+00,0.000000000000000000e+00
5.181357123259060227e-04,2.436627115446140834e+01,2.436026067207424717e+01,1.450640224935011808e-03,6.689120607417109454e-08,9.333332081040371264e+00,0.000000000000000000e+00
5.201357123259060713e-04,2.446226899187909609e+01,2.445625851174201060e+01,1.456356745704303441e-03,6.689054893316281891e-08,9.428487498052504634e+00,0.000000000000000000e+00
5.221357123259061199e-04,2.455826682919957094e+01,2.455225635129584916e+01,1.462073266496600327e-03,6.688998493986630933e-08,9.523647174180659647e+00,0.000000000000000000e+00
5.241357123259061685e-04,2.465426466642438186e+01,2.464825419073762447e+01,1.467789787312855044e-03,6.688951320610314610e-08,9.618811021414026996e+00,0.000000000000000000e+00
5.261357123259062171e-04,2.475026250355585944e+01,2.474425203006996199e+01,1.473506308154058555e-03,6.688913301022836322e-08,9.713978954445272151e+00,0.000000000000000000e+00
5.281357123259062657e-04,2.484626034059576583e+01,2.484024986929491519e+01,1.479222829021159752e-03,6.688884335304123852e-08,9.809150890559529046e+00,0.000000000000000000e+00
5.301357123259063144e-04,2.494225817754621133e+01,2.493624770841487148e+01,1.484939349915118589e-03,6.688864329085220106e-08,9.904326749531135121e+00,0.000000000000000000e+00
5.321357123259063630e-04,2.503825601440838966e+01,2.503224554743128749e+01,1.490655870836833435e-03,6.688853226854973855e-08,9.999506453523405725e+00,0.000000000000000000e+00
5.341357123259064116e-04,2.513425385118452127e+01,2.512824338634664301e+01,1.496372391787255136e-03,6.688850923142197757e-08,1.009468992699647316e+01,0.000000000000000000e+00
5.361357123259064602e-04,2.523025168787607342e+01,2.522424122516264333e+01,1.502088912767281844e-03,6.688857334680164968e-08,1.018987709661595353e+01,0.000000000000000000e+00
5.381357123259065088e-04,2.532624952448474787e+01,2.532023906388122469e+01,1.507805433777817351e-03,6.688872394855494008e-08,1.028506789116884867e+01,0.000000000000000000e+00
5.401357123259065574e-04,2.542224736101238136e+01,2.541623690250444412e+01,1.513521954819765447e-03,6.688896025952573154e-08,1.038026224148225118e+01,0.000000000000000000e+00
5.421357123259066060e-04,2.551824519745998998e+01,2.551223474103355571e+01,1.519238475893975064e-03,6.688928133602445314e-08,1.047546008034519005e+01,0.000000000000000000e+00
5.441357123259066546e-04,2.561424303382948864e+01,2.560823257947069109e+01,1.524954997001340884e-03,6.688968662293959255e-08,1.057066134243667044e+01,0.000000000000000000e+00
5.461357123259067033e-04,2.571024087012206394e+01,2.570423041781723938e+01,1.530671518142705115e-03,6.689017506555927639e-08,1.066586596425388755e+01,0.000000000000000000e+00
5.481357123259067519e-04,2.580623870633922223e+01,2.580022825607490589e+01,1.536388039318923628e-03,6.689074610877199234e-08,1.076107388404625276e+01,0.000000000000000000e+00
5.501357123259068005e-04,2.590223654248255514e+01,2.589622609424547051e+01,1.542104560530847737e-03,6.689139886439932070e-08,1.085628504175128839e+01,0.000000000000000000e+00
5.521357123259068491e-04,2.599823437855306096e+01,2.599222393233013761e+01,1.547821081779290377e-03,6.689213283284090039e-08,1.095149937893291003e+01,0.000000000000000000e+00
5.541357123259068977e-04,2.609423221455204711e+01,2.608822177033038869e+01,1.553537603065072289e-03,6.689294718142946294e-08,1.104671683872401111e+01,0.000000000000000000e+00
5.561357123259069463e-04,2.619023005048123309e+01,2.618421960824812089e+01,1.559254124389033080e-03,6.689384113300889112e-08,1.114193736577093574e+01,0.000000000000000000e+00
5.581357123259069949e-04,2.628622788634129037e+01,2.628021744608419041e+01,1.564970645751943834e-03,6.689481396593421891e-08,1.123716090617870655e+01,0.000000000000000000e+00
5.601357123259070436e-04,2.638222572213387096e+01,2.637621528384041980e+01,1.570687167154627244e-03,6.689586506958278278e-08,1.133238740746218376e+01,0.000000000000000000e+00
5.621357123259070922e-04,2.647822355785971027e+01,2.647221312151770789e+01,1.576403688597845937e-03,6.689699388884307041e-08,1.142761681849540167e+01,0.000000000000000000e+00
5.641357123259071408e-04,2.657422139352028623e+01,2.656821095911769248e+01,1.582120210082397019e-03,6.689819936900320840e-08,1.152284908946667308e+01,0.000000000000000000e+00
5.661357123259071894e-04,2.667021922911660781e+01,2.666420879664154953e+01,1.587836731609045069e-03,6.689948101046283568e-08,1.161808417183263664e+01,0.000000000000000000e+00
5.681357123259072380e-04,2.676621706464993267e+01,2.676020663409068945e+01,1.593553253178565075e-03,6.690083820259928871e-08,1.171332201827629227e+01,0.000000000000000000e+00
5.701357123259072866e-04,2.686221490012090385e+01,2.685620447146589029e+01,1.599269774791685405e-03,6.690227033478990393e-08,1.180856258266512882e+01,0.000000000000000000e+00
5.721357123259073352e-04,2.695821273553084652e+01,2.695220230876862999e+01,1.604986296449171504e-03,6.690377651885626165e-08,1.190380582001316334e+01,0.000000000000000000e+00
5.741357123259073839e-04,2.705421057088085135e+01,2.704820014600016620e+01,1.610702818151769737e-03,6.690535647724260571e-08,1.199905168644234976e+01,0.000000000000000000e+00
5.761357123259074325e-04,2.715020840617168219e+01,2.714419798316138710e+01,1.616419339900197630e-03,6.690700909972591148e-08,1.209430013914633761e+01,0.000000000000000000e+00
5.781357123259074811e-04,2.724620624140435154e+01,2.724019582025343311e+01,1.622135861695183983e-03,6.690873433079502774e-08,1.218955113635643883e+01,0.000000000000000000e+00
5.801357123259075297e-04,2.734220407657980090e+01,2.733619365727739137e+01,1.627852383537447189e-03,6.691053111573808110e-08,1.228480463730802086e+01,0.000000000000000000e+00
5.821357123259075783e-04,2.743820191169870526e+01,2.743219149423406122e+01,1.633568905427682872e-03,6.691239884393240800e-08,1.238006060220833682e+01,0.000000000000000000e+00
5.841357123259076269e-04,2.753419974676270243e+01,2.752818933112520838e+01,1.639285427366639781e-03,6.691433729333340352e-08,1.247531899220707885e+01,0.000000000000000000e+00
5.861357123259076755e-04,2.763019758177193452e+01,2.762418716795110640e+01,1.645001949354971908e-03,6.691634546474034551e-08,1.257057976936444454e+01,0.000000000000000000e+00
5.881357123259077242e-04,2.772619541672736787e+01,2.772018500471283176e+01,1.650718471393375743e-03,6.691842296957517533e-08,1.266584289662512575e+01,0.000000000000000000e+00
5.901357123259077728e-04,2.782219325162989421e+01,2.781618284141141118e+01,1.656434993482538889e-03,6.692056925272638068e-08,1.276110833779015152e+01,0.000000000000000000e+00
5.921357123259078214e-04,2.791819108648056513e+01,2.791218067804800285e+01,1.662151515623151547e-03,6.692278359254899556e-08,1.285637605749091072e+01,0.000000000000000000e+00
5.941357123259078700e-04,2.801418892127985671e+01,2.800817851462321784e+01,1.667868037815867493e-03,6.692506554495381010e-08,1.295164602116322605e+01,0.000000000000000000e+00
5.961357123259079186e-04,2.811018675602841199e+01,2.810417635113780577e+01,1.673584560061342017e-03,6.692741427727355585e-08,1.304691819502385286e+01,0.000000000000000000e+00
5.981357123259079672e-04,2.820618459072763784e+01,2.820017418759327299e+01,1.679301082360271612e-03,6.692982973399708158e-08,1.314219254604768139e+01,0.000000000000000000e+00
6.001357123259080158e-04,2.830218242537776874e+01,2.829617202398997122e+01,1.685017604713277741e-03,6.693231091592366511e-08,1.323746904194334739e+01,0.000000000000000000e+00
6.021357123259080645e-04,2.839818025997920259e+01,2.839216986032840495e+01,1.690734127120986424e-03,6.693485743447524783e-08,1.333274765113293725e+01,0.000000000000000000e+00
6.041357123259081131e-04,2.849417809453333561e+01,2.848816769661006987e+01,1.696450649584078539e-03,6.693746884556261989e-08,1.342802834273190449e+01,0.000000000000000000e+00
6.061357123259081617e-04,2.859017592904105598e+01,2.858416553283594652e+01,1.702167172103198969e-03,6.694014453856311775e-08,1.352331108652752256e+01,0.000000000000000000e+00
6.081357123259082103e-04,2.868617376350196224e+01,2.868016336900575070e+01,1.707883694678912585e-03,6.694288384734292663e-08,1.361859585295863617e+01,0.000000000000000000e+00
6.101357123259082589e-04,2.878217159791727653e+01,2.877616120512078979e+01,1.713600217311873810e-03,6.694568660536859284e-08,1.371388261310000445e+01,0.000000000000000000e+00
6.121357123259083075e-04,2.887816943228805755e+01,2.887215904118223264e+01,1.719316740002724926e-03,6.694855197997284790e-08,1.380917133864238977e+01,0.000000000000000000e+00
6.141357123259083561e-04,2.897416726661449005e+01,2.896815687719034926e+01,1.725033262752049233e-03,6.695147952706648198e-08,1.390446200187452419e+01,0.000000000000000000e+00
6.161357123259084047e-04,2.907016510089727390e+01,2.906415471314595322e+01,1.730749785560458005e-03,6.695446891358258767e-08,1.399975457566769244e+01,0.000000000000000000e+00
6.181357123259084534e-04,2.916616293513691005e+01,2.916015254904962362e+01,1.736466308428544734e-03,6.695751947338735022e-08,1.409504903345882099e+01,0.000000000000000000e+00
6.201357123259085020e-04,2.926216076933405930e+01,2.925615038490211006e+01,1.742182831356907900e-03,6.696063065136925729e-08,1.419034534923524404e+01,0.000000000000000000e+00
6.221357123259085506e-04,2.935815860348951745e+01,2.935214822070429719e+01,1.747899354346149885e-03,6.696380211446140152e-08,1.428564349751952278e+01,0.000000000000000000e+00
6.241357123259085992e-04,2.945415643760382451e+01,2.944814605645679961e+01,1.753615877396852906e-03,6.696703341857457303e-08,1.438094345335452573e+01,0.000000000000000000e+00
6.261357123259086478e-04,2.955015427167709063e+01,2.954414389215983050e+01,1.759332400509569906e-03,6.697032400859725954e-08,1.447624519228912376e+01,0.000000000000000000e+00
6.281357123259086964e-04,2.964615210571007964e+01,2.964014172781423184e+01,1.765048923684887873e-03,6.697367344044025117e-08,1.457154869036570233e+01,0.000000000000000000e+00
6.301357123259087450e-04,2.974214993970368326e+01,2.973613956342096287e+01,1.770765446923396394e-03,6.697708110348088439e-08,1.466685392410641064e+01,0.000000000000000000e+00
6.321357123259087937e-04,2.983814777365815374e+01,2.983213739898037531e+01,1.776481970225644944e-03,6.698054677567455428e-08,1.476216087049974668e+01,0.000000000000000000e+00
6.341357123259088423e-04,2.993414560757406306e+01,2.992813523449312996e+01,1.782198493592196007e-03,6.698406973537629483e-08,1.485746950698917423e+01,0.000000000000000000e+00
6.361357123259088909e-04,3.003014344145177006e+01,3.002413306995963538e+01,1.787915017023594287e-03,6.698764981605265234e-08,1.495277981146066537e+01,0.000000000000000000e+00
6.381357123259089395e-04,3.012614127529189290e+01,3.012013090538060567e+01,1.793631540520398363e-03,6.699128651810326573e-08,1.504809176223168521e+01,0.000000000000000000e+00
6.401357123259089881e-04,3.022213910909474066e+01,3.021612874075643518e+01,1.799348064083143616e-03,6.699497923090547147e-08,1.514340533803950173e+01,0.000000000000000000e+00
6.421357123259090367e-04,3.031813694286118732e+01,3.031212657608804761e+01,1.805064587712392962e-03,6.699872756588121092e-08,1.523872051803123817e+01,0.000000000000000000e+00
6.441357123259090853e-04,3.041413477659158460e+01,3.040812441137588351e+01,1.810781111408676794e-03,6.700253135649703040e-08,1.533403728175234093e+01,0.000000000000000000e+00
6.461357123259091340e-04,3.051013261028604262e+01,3.050412224662011695e+01,1.816497635172505338e-03,6.700638982559681267e-08,1.542935560913679360e+01,0.000000000000000000e+00
6.481357123259091826e-04,3.060613044394519022e+01,3.060012008182145493e+01,1.822214159004417007e-03,6.701030269562480157e-08,1.552467548049805757e+01,0.000000000000000000e+00
6.501357123259092312e-04,3.070212827756965979e+01,3.069611791698060799e+01,1.827930682904946964e-03,6.701426957800293849e-08,1.561999687651904090e+01,0.000000000000000000e+00
6.521357123259092798e-04,3.079812611115963250e+01,3.079211575209781415e+01,1.833647206874596761e-03,6.701829002864201357e-08,1.571531977824252557e+01,0.000000000000000000e+00
6.541357123259093284e-04,3.089412394471573009e+01,3.088811358717377686e+01,1.839363730913894622e-03,6.702236365896396819e-08,1.581064416706309572e+01,0.000000000000000000e+00
6.561357123259093770e-04,3.099012177823817638e+01,3.098411142220876258e+01,1.845080255023337544e-03,6.702649013590189497e-08,1.590597002471768207e+01,0.000000000000000000e+00
6.581357123259094256e-04,3.108611961172752913e+01,3.108010925720341078e+01,1.850796779203440308e-03,6.703066879332197914e-08,1.600129733327794312e+01,0.000000000000000000e+00
6.601357123259094743e-04,3.118211744518387007e+01,3.117610709215785647e+01,1.856513303454685815e-03,6.703489952020191822e-08,1.609662607514130528e+01,0.000000000000000000e+00
6.621357123259095229e-04,3.127811527860831831e+01,3.127210492707328982e+01,1.862229827777615518e-03,6.703918187245250238e-08,1.619195623302464071e+01,0.000000000000000000e+00
6.641357123259095715e-04,3.137411311200080277e+01,3.136810276194971436e+01,1.867946352172697791e-03,6.704351546149567298e-08,1.628728778995437310e+01,0.000000000000000000e+00
6.661357123259096201e-04,3.147011094536146558e+01,3.146410059678732196e+01,1.873662876640406214e-03,6.704789984324222019e-08,1.638262072926053747e+01,0.000000000000000000e+00
6.681357123259096687e-04,3.156610877869127663e+01,3.156009843158714290e+01,1.879379401181262505e-03,6.705233462911408537e-08,1.647795503457010113e+01,0.000000000000000000e+00
6.701357123259097173e-04,3.166210661199003340e+01,3.165609626634904217e+01,1.885095925795715957e-03,6.705681959706666362e-08,1.657329068979807829e+01,0.000000000000000000e+00
6.721357123259097659e-04,3.175810444525825815e+01,3.175209410107359531e+01,1.890812450484253811e-03,6.706135402545498891e-08,1.666862767914263799e+01,0.000000000000000000e+00
6.741357123259098146e-04,3.185410227849645182e+01,3.184809193576136366e+01,1.896528975247358537e-03,6.706593791427906126e-08,1.676396598707776420e+01,0.000000000000000000e+00
6.761357123259098632e-04,3.195010011170472097e+01,3.194408977041249997e+01,1.902245500085486150e-03,6.707057076393851958e-08,1.685930559834650211e+01,0.000000000000000000e+00
6.781357123259099118e-04,3.204609794488383301e+01,3.204008760502784270e+01,1.907962024999130613e-03,6.707525235238875894e-08,1.695464649795579959e+01,0.000000000000000000e+00
6.801357123259099604e-04,3.214209577803368489e+01,3.213608543960733499e+01,1.913678549988727775e-03,6.707998201349596457e-08,1.704998867116901806e+01,0.000000000000000000e+00
6.821357123259100090e-04,3.223809361115511507e+01,3.223208327415188990e+01,1.919395075054768779e-03,6.708475952521553154e-08,1.714533210350181491e+01,0.000000000000000000e+00
6.841357123259100576e-04,3.233409144424778958e+01,3.232808110866121609e+01,1.925111600197671261e-03,6.708958477652515739e-08,1.724067678071436660e+01,0.000000000000000000e+00
6.861357123259101062e-04,3.243008927731241187e+01,3.242407894313606675e+01,1.930828125417910750e-03,6.709445721231332982e-08,1.733602268880807173e+01,0.000000000000000000e+00
6.881357123259101548e-04,3.252608711034927325e+01,3.252007677757678294e+01,1.936544650715933073e-03,6.709937638849083896e-08,1.743136981401872987e+01,0.000000000000000000e+00
6.901357123259102035e-04,3.262208494335849451e+01,3.261607461198355651e+01,1.942261176092175594e-03,6.710434219403538236e-08,1.752671814281153573e+01,0.000000000000000000e+00
6.921357123259102521e-04,3.271808277634077200e+01,3.271207244635712641e+01,1.947977701547102787e-03,6.710935418485775017e-08,1.762206766187676976e+01,0.000000000000000000e+00
6.941357123259103007e-04,3.281408060929583570e+01,3.280807028069728659e+01,1.953694227081121445e-03,6.711441202789103500e-08,1.771741835812329668e+01,0.000000000000000000e+00
6.961357123259103493e-04,3.291007844222472301e+01,3.290406811500509576e+01,1.959410752694709917e-03,6.711951539006832945e-08,1.781277021867606081e+01,0.000000000000000000e+00
6.981357123259103979e-04,3.300607627512698627e+01,3.300006594928017023e+01,1.965127278388256130e-03,6.712466393832272615e-08,1.790812323086859337e+01,0.000000000000000000e+00
7.001357123259104465e-04,3.310207410800334316e+01,3.309606378352327027e+01,1.970843804162216752e-03,6.712985756163192264e-08,1.800347738224115091e+01,0.000000000000000000e+00
7.021357123259104951e-04,3.319807194085384339e+01,3.319206161773450248e+01,1.976560330017003778e-03,6.713509548283980166e-08,1.809883266053443052e+01,0.000000000000000000e+00
7.041357123259105438e-04,3.329406977367919040e+01,3.328805945191461291e+01,1.982276855953065634e-03,6.714037792399096816e-08,1.819418905368657846e+01,0.000000000000000000e+00
7.061357123259105924e-04,3.339006760647933447e+01,3.338405728606360867e+01,1.987993381970803910e-03,6.714570410792930488e-08,1.828954654982763017e+01,0.000000000000000000e+00
7.081357123259106410e-04,3.348606543925416190e+01,3.348005512018141161e+01,1.993709908070611086e-03,6.715107414567711430e-08,1.838490513727612807e+01,0.000000000000000000e+00
7.101357123259106896e-04,3.358206327200450403e+01,3.357605295426890990e+01,1.999426434252934721e-03,6.715648726007827918e-08,1.848026480453605558e+01,0.000000000000000000e+00
7.121357123259107382e-04,3.367806110473071612e+01,3.367205078832649434e+01,2.005142960518191582e-03,6.716194356215510197e-08,1.857562554029167146e+01,0.000000000000000000e+00
7.141357123259107868e-04,3.377405893743285503e+01,3.376804862235426441e+01,2.010859486866777620e-03,6.716744260781837284e-08,1.867098733340385763e+01,0.000000000000000000e+00
7.161357123259108354e-04,3.387005677011079996e+01,3.386404645635215616e+01,2.016576013299076209e-03,6.717298417502348684e-08,1.876635017290657714e+01,0.000000000000000000e+00
7.181357123259108841e-04,3.396605460276505539e+01,3.396004429032070959e+01,2.022292539815502381e-03,6.717856759763662922e-08,1.886171404800412077e+01,0.000000000000000000e+00
7.201357123259109327e-04,3.406205243539608318e+01,3.405604212426042210e+01,2.028009066416468567e-03,6.718419320872470735e-08,1.895707894806692906e+01,0.000000000000000000e+00
7.221357123259109813e-04,3.415805026800389754e+01,3.415203995817136473e+01,2.033725593102356840e-03,6.718986023113160400e-08,1.905244486262781578e+01,0.000000000000000000e+00
7.241357123259110299e-04,3.425404810058873295e+01,3.424803779205380749e+01,2.039442119873561415e-03,6.719556844281271424e-08,1.914781178137930340e+01,0.000000000000000000e+00
7.261357123259110785e-04,3.435004593315084520e+01,3.434403562590805592e+01,2.045158646730473040e-03,6.720131773274573561e-08,1.924317969417023733e+01,0.000000000000000000e+00
7.281357123259111271e-04,3.444604376569048299e+01,3.444003345973438712e+01,2.050875173673480725e-03,6.720710776786376073e-08,1.933854859100256718e+01,0.000000000000000000e+00
7.301357123259111757e-04,3.454204159820809394e+01,3.453603129353329138e+01,2.056591700702980422e-03,6.721293810407757974e-08,1.943391846202850459e+01,0.000000000000000000e+00
7.321357123259112244e-04,3.463803943070335833e+01,3.463202912730449867e+01,2.062308227819322978e-03,6.721880885240949510e-08,1.952928929754661880e+01,0.000000000000000000e+00
7.341357123259112730e-04,3.473403726317729223e+01,3.472802696104905351e+01,2.068024755022934702e-03,6.722471923570338959e-08,1.962466108800093778e+01,0.000000000000000000e+00
7.361357123259113216e-04,3.483003509562933431e+01,3.482402479476644430e+01,2.073741282314146492e-03,6.723066936498156565e-08,1.972003382397527105e+01,0.000000000000000000e+00
7.381357123259113702e-04,3.492603292806006721e+01,3.492002262845730343e+01,2.079457809693355166e-03,6.723665879615481344e-08,1.981540749619309949e+01,0.000000000000000000e+00
7.401357123259114188e-04,3.502203076046964014e+01,3.501602046212179431e+01,2.085174337160926750e-03,6.724268741820083051e-08,1.991078209551331213e+01,0.000000000000000000e+00
7.421357123259114674e-04,3.511802859285798206e+01,3.511201829575988853e+01,2.090890864717213395e-03,6.724875467600810452e-08,2.000615761292780803e+01,0.000000000000000000e+00
7.441357123259115160e-04,3.521402642522586035e+01,3.520801612937240321e+01,2.096607392362615386e-03,6.725486079162124042e-08,2.010153403955993667e+01,0.000000000000000000e+00
7.461357123259115647e-04,3.531002425757309737e+01,3.530401396295919625e+01,2.102323920097474465e-03,6.726100509890642343e-08,2.019691136666023468e+01,0.000000000000000000e+00
7.481357123259116133e-04,3.540602208989961497e+01,3.540001179652022500e+01,2.108040447922134540e-03,6.726718737581904861e-08,2.029228958560499052e+01,0.000000000000000000e+00
7.501357123259116619e-04,3.550201992220652158e+01,3.549600963005660503e+01,2.113756975837006741e-03,6.727340751133681351e-08,2.038766868789497266e+01,0.000000000000000000e+00
7.521357123259117105e-04,3.559801775449319194e+01,3.559200746356778211e+01,2.119473503842400717e-03,6.727966528341511321e-08,2.048304866515009337e+01,0.000000000000000000e+00
7.541357123259117591e-04,3.569401558675994579e+01,3.568800529705410440e+01,2.125190031938675988e-03,6.728596024796473785e-08,2.057842950910990965e+01,0.000000000000000000e+00
7.561357123259118077e-04,3.579001341900771394e+01,3.578400313051651693e+01,2.130906560126228505e-03,6.729229229396338496e-08,2.067381121163100488e+01,0.000000000000000000e+00
7.581357123259118563e-04,3.588601125123577162e+01,3.588000096395434468e+01,2.136623088405352738e-03,6.729866119936644964e-08,2.076919376468250533e+01,0.000000000000000000e+00
7.601357123259119049e-04,3.598200908344407623e+01,3.597599879736759476e+01,2.142339616776383921e-03,6.730506674212932694e-08,2.086457716034637855e+01,0.000000000000000000e+00
7.621357123259119536e-04,3.607800691563382145e+01,3.607199663075748219e+01,2.148056145239724511e-03,6.731150858918510949e-08,2.095996139081582754e+01,0.000000000000000000e+00
7.641357123259120022e-04,3.617400474780468045e+01,3.616799446412370145e+01,2.153772673795685457e-03,6.731798640746688989e-08,2.105534644839056568e+01,0.000000000000000000e+00
7.661357123259120508e-04,3.627000257995662480e+01,3.626399229746626673e+01,2.159489202444595489e-03,6.732450030799697061e-08,2.115073232547665683e+01,0.000000000000000000e+00
7.681357123259120994e-04,3.636600041209028689e+01,3.635999013078584596e+01,2.165205731186819766e-03,6.733104962464153687e-08,2.124611901458483132e+01,0.000000000000000000e+00
7.701357123259121480e-04,3.646199824420515512e+01,3.645598796408196307e+01,2.170922260022650589e-03,6.733763435740058867e-08,2.134150650832694751e+01,0.000000000000000000e+00
7.721357123259121966e-04,3.655799607630188319e+01,3.655198579735530018e+01,2.176638788952451817e-03,6.734425461729642848e-08,2.143689479941634346e+01,0.000000000000000000e+00
7.741357123259122452e-04,3.665399390838064875e+01,3.664798363060607045e+01,2.182355317976552612e-03,6.735090940512833413e-08,2.153228388066439081e+01,0.000000000000000000e+00
7.761357123259122939e-04,3.674999174044173600e+01,3.674398146383457942e+01,2.188071847095289946e-03,6.735759927600781793e-08,2.162767374497935791e+01,0.000000000000000000e+00
7.781357123259123425e-04,3.684598957248497442e+01,3.683997929704070629e+01,2.193788376308969130e-03,6.736432334175646020e-08,2.172306438536411122e+01,0.000000000000000000e+00
7.801357123259123911e-04,3.694198740451069085e+01,3.693597713022479923e+01,2.199504905617924531e-03,6.737108171339656337e-08,2.181845579491531595e+01,0.000000000000000000e+00
7.821357123259124397e-04,3.703798523651907715e+01,3.703197496338707140e+01,2.205221435022479675e-03,6.737787450195042993e-08,2.191384796682123337e+01,0.000000000000000000e+00
7.841357123259124883e-04,3.713398306851010489e+01,3.712797279652752991e+01,2.210937964522942476e-03,6.738470093026194263e-08,2.200924089435996223e+01,0.000000000000000000e+00
7.861357123259125369e-04,3.722998090048403697e+01,3.722397062964647318e+01,2.216654494119638195e-03,6.739156088730879901e-08,2.210463457089837647e+01,0.000000000000000000e+00
7.881357123259125855e-04,3.732597873244070286e+01,3.731996846274374491e+01,2.222371023812863468e-03,6.739845437309099907e-08,2.220002898988991547e+01,0.000000000000000000e+00
7.901357123259126342e-04,3.742197656438138864e+01,3.741596629582067379e+01,2.228087553602999503e-03,6.740538105454163542e-08,2.229542414487484336e+01,0.000000000000000000e+00
7.921357123259126828e-04,3.751797439630518483e+01,3.751196412887637166e+01,2.233804083490293930e-03,6.741234070961610314e-08,2.239082002947521843e+01,0.000000000000000000e+00
7.941357123259127314e-04,3.761397222821199193e+01,3.760796196191077456e+01,2.239520613475041652e-03,6.741933322729209976e-08,2.248621663739641718e+01,0.000000000000000000e+00
7.961357123259127800e-04,3.770997006010234998e+01,3.770395979492444383e+01,2.245237143557573568e-03,6.742635849654732283e-08,2.258161396242554275e+01,0.000000000000000000e+00
7.981357123259128286e-04,3.780596789197685581e+01,3.779995762791801894e+01,2.250953673738223613e-03,6.743341585124795756e-08,2.267701199842946380e+01,0.000000000000000000e+00
8.001357123259128772e-04,3.790196572383516838e+01,3.789595546089117306e+01,2.256670204017265004e-03,6.744050551343860889e-08,2.277241073935243065e+01,0.000000000000000000e+00
8.021357123259129258e-04,3.799796355567784900e+01,3.799195329384449593e+01,2.262386734395025172e-03,6.744762726107467188e-08,2.286781017921664017e+01,0.000000000000000000e+00
8.041357123259129745e-04,3.809396138750420135e+01,3.808795112677731964e+01,2.268103264871753049e-03,6.745478065006693669e-08,2.296321031211873276e+01,0.000000000000000000e+00
8.061357123259130231e-04,3.818995921931496440e+01,3.818394895969040448e+01,2.273819795447782569e-03,6.746196568041540331e-08,2.305861113223125614e+01,0.000000000000000000e+00
8.081357123259130717e-04,3.828595705111055025e+01,3.827994679258419808e+01,2.279536326123427284e-03,6.746918235212007176e-08,2.315401263379957442e+01,0.000000000000000000e+00
8.101357123259131203e-04,3.838195488289040469e+01,3.837594462545817464e+01,2.285252856898940029e-03,6.747642988802482478e-08,2.324941481114011665e+01,0.000000000000000000e+00
8.121357123259131689e-04,3.847795271465481193e+01,3.847194245831264681e+01,2.290969387774622213e-03,6.748370862119656977e-08,2.334481765864090619e+01,0.000000000000000000e+00
8.141357123259132175e-04,3.857395054640466014e+01,3.856794029114850986e+01,2.296685918750808204e-03,6.749101821856839933e-08,2.344022117076016798e+01,0.000000000000000000e+00
8.161357123259132661e-04,3.866994837813895458e+01,3.866393812396482588e+01,2.302402449827721780e-03,6.749835845809570856e-08,2.353562534202272616e+01,0.000000000000000000e+00
8.181357123259133148e-04,3.876594620985841289e+01,3.875993595676229830e+01,2.308118981005682999e-03,6.750572911773389251e-08,2.363103016702246961e+01,0.000000000000000000e+00
8.201357123259133634e-04,3.886194404156307058e+01,3.885593378954101951e+01,2.313835512284972019e-03,6.751312997543834626e-08,2.372643564041881703e+01,0.000000000000000000e+00
8.221357123259134120e-04,3.895794187325289926e+01,3.895193162230096817e+01,2.319552043665862491e-03,6.752056092018676736e-08,2.382184175693630834e+01,0.000000000000000000e+00
8.241357123259134606e-04,3.905393970492825417e+01,3.904792945504253510e+01,2.325268575148649753e-03,6.752802184095685334e-08,2.391724851136396524e+01,0.000000000000000000e+00
8.261357123259135092e-04,3.914993753658917086e+01,3.914392728776578423e+01,2.330985106733608325e-03,6.753551240468169681e-08,2.401265589855356097e+01,0.000000000000000000e+00
8.281357123259135578e-04,3.924593536823583406e+01,3.923992512047091452e+01,2.336701638421020098e-03,6.754303261136129777e-08,2.410806391341909460e+01,0.000000000000000000e+00
8.301357123259136064e-04,3.934193319986832904e+01,3.933592295315803256e+01,2.342418170211159160e-03,6.755058212792874883e-08,2.420347255093551553e+01,0.000000000000000000e+00
8.321357123259136550e-04,3.943793103148688317e+01,3.943192078582737281e+01,2.348134702104306103e-03,6.755816084336174754e-08,2.429888180613799875e+01,0.000000000000000000e+00
8.341357123259137037e-04,3.953392886309084986e+01,3.952791861847835975e+01,2.353851234100690342e-03,6.756576853561568896e-08,2.439429167412001220e+01,0.000000000000000000e+00
8.361357123259137523e-04,3.962992669468139439e+01,3.962391645111214444e+01,2.359567766200644078e-03,6.757340531571287556e-08,2.448970215003502204e+01,0.000000000000000000e+00
8.381357123259138009e-04,3.972592452625827519e+01,3.971991428372853505e+01,2.365284298404416244e-03,6.758107062854179503e-08,2.458511322909237862e+01,0.000000000000000000e+00
8.401357123259138495e-04,3.982192235782097356e+01,3.981591211632702709e+01,2.371000830712237124e-03,6.758876425205784244e-08,2.468052490655752962e+01,0.000000000000000000e+00
8.421357123259138981e-04,3.991792018937024267e+01,3.991190994890838795e+01,2.376717363124411161e-03,6.759648640830562272e-08,2.477593717775270932e+01,0.000000000000000000e+00
8.441357123259139467e-04,4.001391802090667937e+01,4.000790778147323579e+01,2.382433895641231526e-03,6.760423676421822847e-08,2.487135003805462929e+01,0.000000000000000000e+00
8.461357123259139953e-04,4.010991585242937418e+01,4.010390561402069665e+01,2.388150428262901179e-03,6.761201498672875232e-08,2.496676348289231839e+01,0.000000000000000000e+00
8.481357123259140440e-04,4.020591368393893106e+01,4.019990344655136738e+01,2.393866960989709820e-03,6.761982118685949672e-08,2.506217750774925435e+01,0.000000000000000000e+00
8.501357123259140926e-04,4.030191151543479577e+01,4.029590127906474351e+01,2.399583493821879493e-03,6.762765492052125182e-08,2.515759210815988212e+01,0.000000000000000000e+00
8.521357123259141412e-04,4.039790934691824731e+01,4.039189911156211110e+01,2.405300026759737194e-03,6.763551629873632010e-08,2.525300727971188763e+01,0.000000000000000000e+00
8.541357123259141898e-04,4.049390717838848275e+01,4.048789694404271700e+01,2.411016559803488488e-03,6.764340509946009661e-08,2.534842301804138742e+01,0.000000000000000000e+00
8.561357123259142384e-04,4.058990500984594973e+01,4.058389477650698751e+01,2.416733092953407460e-03,6.765132087860337151e-08,2.544383931883555761e+01,0.000000000000000000e+00
8.581357123259142870e-04,4.068590284129081880e+01,4.067989260895512871e+01,2.422449626209751284e-03,6.765926374718844727e-08,2.553925617783034596e+01,0.000000000000000000e+00
8.601357123259143356e-04,4.078190067272275598e+01,4.077589044138684926e+01,2.428166159572747642e-03,6.766723359419302142e-08,2.563467359080947716e+01,0.000000000000000000e+00
8.621357123259143843e-04,4.087789850414262105e+01,4.087188827380299472e+01,2.433882693042691871e-03,6.767523030859479150e-08,2.573009155360545464e+01,0.000000000000000000e+00
8.641357123259144329e-04,4.097389633554951160e+01,4.096788610620270532e+01,2.439599226619773922e-03,6.768325333528224519e-08,2.582551006209590128e+01,0.000000000000000000e+00
8.661357123259144815e-04,4.106989416694403161e+01,4.106388393858659924e+01,2.445315760304271786e-03,6.769130300732228989e-08,2.592092911220604989e+01,0.000000000000000000e+00
8.681357123259145301e-04,4.116589199832642265e+01,4.115988177095495359e+01,2.451032294096440033e-03,6.769937854755880835e-08,2.601634869990627408e+01,0.000000000000000000e+00
8.701357123259145787e-04,4.126188982969704711e+01,4.125587960330814497e+01,2.456748827996540173e-03,6.770748062212561535e-08,2.611176882121189280e+01,0.000000000000000000e+00
8.721357123259146273e-04,4.135788766105535075e+01,4.135187743564563334e+01,2.462465362004776035e-03,6.771560834284429120e-08,2.620718947218141182e+01,0.000000000000000000e+00
8.741357123259146759e-04,4.145388549240131226e+01,4.144787526796741872e+01,2.468181896121383976e-03,6.772376237584865066e-08,2.630261064891735145e+01,0.000000000000000000e+00
8.761357123259147246e-04,4.154988332373562088e+01,4.154387310027419744e+01,2.473898430346639817e-03,6.773194161091566912e-08,2.639803234756584160e+01,0.000000000000000000e+00
8.781357123259147732e-04,4.164588115505802079e+01,4.163987093256575633e+01,2.479614964680761698e-03,6.774014649213455641e-08,2.649345456431422008e+01,0.000000000000000000e+00
8.801357123259148218e-04,4.174187898636868255e+01,4.173586876484228014e+01,2.485331499123994651e-03,6.774837690848301008e-08,2.658887729539190303e+01,0.000000000000000000e+00
8.821357123259148704e-04,4.183787681766767008e+01,4.183186659710384703e+01,2.491048033676570694e-03,6.775663241587182029e-08,2.668430053706922678e+01,0.000000000000000000e+00
8.841357123259149190e-04,4.193387464895518235e+01,4.192786442935065594e+01,2.496764568338731820e-03,6.776491312532328948e-08,2.677972428565704632e+01,0.000000000000000000e+00
8.861357123259149676e-04,4.202987248023136146e+01,4.202386226158287030e+01,2.502481103110716122e-03,6.777321881479281274e-08,2.687514853750599997e+01,0.000000000000000000e+00
8.881357123259150162e-04,4.212587031149599426e+01,4.211986009380029827e+01,2.508197637992736536e-03,6.778154915121348267e-08,2.697057328900562823e+01,0.000000000000000000e+00
8.901357123259150649e-04,4.222186814274915179e+01,4.221585792600305354e+01,2.513914172985026816e-03,6.778990435662990421e-08,2.706599853658447330e+01,0.000000000000000000e+00
8.921357123259151135e-04,4.231786597399079142e+01,4.231185575819108635e+01,2.519630708087806405e-03,6.779828398695286751e-08,2.716142427670909498e+01,0.000000000000000000e+00
8.941357123259151621e-04,4.241386380522168764e+01,4.240785359036521385e+01,2.525347243301346786e-03,6.780668804218237256e-08,2.725685050588447211e+01,0.000000000000000000e+00
8.961357123259152107e-04,4.250986163644157756e+01,4.250385142252517312e+01,2.531063778625853525e-03,6.781511641129611689e-08,2.735227722065164713e+01,0.000000000000000000e+00
8.981357123259152593e-04,4.260585946765044696e+01,4.259984925467097128e+01,2.536780314061547366e-03,6.782356898327179806e-08,2.744770441758844726e+01,0.000000000000000000e+00
9.001357123259153079e-04,4.270185729884812531e+01,4.269584708680244489e+01,2.542496849608636908e-03,6.783204553606481113e-08,2.754313209330857148e+01,0.000000000000000000e+00
9.021357123259153565e-04,4.279785513003510289e+01,4.279184491892011977e+01,2.548213385267371085e-03,6.784054584763055118e-08,2.763856024446196358e+01,0.000000000000000000e+00
9.041357123259154051e-04,4.289385296121113811e+01,4.288784275102377563e+01,2.553929921037951991e-03,6.784906991796901821e-08,2.773398886773281546e+01,0.000000000000000000e+00
9.061357123259154538e-04,4.298985079237682783e+01,4.298384058311401645e+01,2.559646456920631596e-03,6.785761763605790975e-08,2.782941795984077871e+01,0.000000000000000000e+00
9.081357123259155024e-04,4.308584862353175993e+01,4.307983841519043011e+01,2.565362992915600285e-03,6.786618889087492335e-08,2.792484751753851313e+01,0.000000000000000000e+00
9.101357123259155510e-04,4.318184645467589888e+01,4.317583624725299529e+01,2.571079529023068827e-03,6.787478346037545407e-08,2.802027753761266382e+01,0.000000000000000000e+00
9.121357123259155996e-04,4.327784428580974918e+01,4.327183407930225911e+01,2.576796065243280517e-03,6.788340101149259453e-08,2.811570801688359467e+01,0.000000000000000000e+00
9.141357123259156482e-04,4.337384211693307634e+01,4.336783191133800841e+01,2.582512601576434415e-03,6.789204198831555459e-08,2.821113895220361556e+01,0.000000000000000000e+00
9.161357123259156968e-04,4.346983994804606510e+01,4.346382974336044214e+01,2.588229138022750831e-03,6.790070572471051946e-08,2.830657034045766096e+01,0.000000000000000000e+00
9.181357123259157454e-04,4.356583777914904942e+01,4.355982757536990135e+01,2.593945674582458748e-03,6.790939266476669900e-08,2.840200217856263976e+01,0.000000000000000000e+00
9.201357123259157941e-04,4.366183561024183746e+01,4.365582540736622263e+01,2.599662211255756358e-03,6.791810203132797596e-08,2.849743446346631970e+01,0.000000000000000000e+00
9.221357123259158427e-04,4.375783344132428709e+01,4.375182323934926387e+01,2.605378748042839251e-03,6.792683404643895528e-08,2.859286719214745887e+01,0.000000000000000000e+00
9.241357123259158913e-04,4.385383127239672518e+01,4.384782107131935902e+01,2.611095284943934242e-03,6.793558859907733449e-08,2.868830036161579500e+01,0.000000000000000000e+00
9.261357123259159399e-04,4.394982910345896698e+01,4.394381890327635887e+01,2.616811821959236922e-03,6.794436546719850867e-08,2.878373396891070612e+01,0.000000000000000000e+00
9.281357123259159885e-04,4.404582693451153830e+01,4.403981673522077500e+01,2.622528359088977575e-03,6.795316442875787288e-08,2.887916801110198151e+01,0.000000000000000000e+00
9.301357123259160371e-04,4.414182476555414780e+01,4.413581456715236584e+01,2.628244896333344852e-03,6.796198559477772960e-08,2.897460248528792093e+01,0.000000000000000000e+00
9.321357123259160857e-04,4.423782259658679550e+01,4.423181239907112428e+01,2.633961433692537813e-03,6.797082885423577636e-08,2.907003738859603814e+01,0.000000000000000000e+00
9.341357123259161344e-04,4.433382042761033404e+01,4.432781023097793849e+01,2.639677971166810161e-03,6.797969398508740824e-08,2.916547271818325626e+01,0.000000000000000000e+00
9.361357123259161830e-04,4.442981825862366208e+01,4.442380806287172135e+01,2.645394508756295469e-03,6.798858087631032276e-08,2.926090847123271743e+01,0.000000000000000000e+00
9.381357123259162316e-04,4.452581608962740489e+01,4.451980589475309102e+01,2.651111046461227059e-03,6.799748941688221748e-08,2.935634464495709395e+01,0.000000000000000000e+00
9.401357123259162802e-04,4.462181392062201013e+01,4.461580372662252358e+01,2.656827584281829576e-03,6.800641949578078993e-08,2.945178123659630387e+01,0.000000000000000000e+00
9.421357123259163288e-04,4.471781175160649013e+01,4.471180155847905979e+01,2.662544122218241799e-03,6.801537100198373764e-08,2.954721824341590874e+01,0.000000000000000000e+00
9.441357123259163774e-04,4.481380958258177571e+01,4.480779939032361625e+01,2.668260660270712660e-03,6.802434393549106062e-08,2.964265566271010499e+01,0.000000000000000000e+00
9.461357123259164260e-04,4.490980741354817951e+01,4.490379722215652691e+01,2.673977198439455964e-03,6.803333796323585148e-08,2.973809349179889594e+01,0.000000000000000000e+00
9.481357123259164747e-04,4.500580524450488440e+01,4.499979505397701018e+01,2.679693736724614393e-03,6.804235297419580775e-08,2.983353172802713260e+01,0.000000000000000000e+00
9.501357123259165233e-04,4.510180307545227407e+01,4.509579288578544976e+01,2.685410275126403484e-03,6.805138896837092943e-08,2.992897036876658845e+01,0.000000000000000000e+00
9.521357123259165719e-04,4.519780090639048353e+01,4.519179071758200195e+01,2.691126813645023166e-03,6.806044594576121654e-08,3.002440941141418307e+01,0.000000000000000000e+00
9.541357123259166205e-04,4.529379873731986805e+01,4.528778854936702913e+01,2.696843352280683774e-03,6.806952357329976167e-08,3.011984885339203544e+01,0.000000000000000000e+00
9.561357123259166691e-04,4.538979656824007236e+01,4.538378638114019736e+01,2.702559891033554009e-03,6.807862196200886729e-08,3.021528869214633417e+01,0.000000000000000000e+00
9.581357123259167177e-04,4.548579439915144462e+01,4.547978421290185480e+01,2.708276429903841171e-03,6.808774077882162601e-08,3.031072892514837491e+01,0.000000000000000000e+00
9.601357123259167663e-04,4.558179223005382852e+01,4.557578204465186644e+01,2.713992968891724370e-03,6.809688024578264276e-08,3.040616954989300780e+01,0.000000000000000000e+00
9.621357123259168150e-04,4.567779006094722405e+01,4.567177987639024650e+01,2.719709507997388354e-03,6.810603969675810276e-08,3.050161056389906378e+01,0.000000000000000000e+00
9.641357123259168636e-04,4.577378789183139673e+01,4.576777770811676049e+01,2.725426047221004861e-03,6.811521968685951833e-08,3.059705196470862631e+01,0.000000000000000000e+00
9.661357123259169122e-04,4.586978572270738397e+01,4.586377553983247424e+01,2.731142586562819788e-03,6.812441977199767962e-08,3.069249374988824997e+01,0.000000000000000000e+00
9.681357123259169608e-04,4.596578355357444678e+01,4.595977337153669140e+01,2.736859126022973647e-03,6.813363973012798169e-08,3.078793591702561727e+01,0.000000000000000000e+00
9.701357123259170094e-04,4.606178138443279835e+01,4.605577120322958962e+01,2.742575665601660294e-03,6.814287967227272702e-08,3.088337846373197237e+01,0.000000000000000000e+00
9.721357123259170580e-04,4.615777921528273708e+01,4.615176903491148863e+01,2.748292205299077487e-03,6.815213937638731068e-08,3.097882138764099835e+01,0.000000000000000000e+00
9.741357123259171066e-04,4.625377704612372298e+01,4.624776686658188396e+01,2.754008745115374846e-03,6.816141873144943020e-08,3.107426468640758799e+01,0.000000000000000000e+00
9.761357123259171552e-04,4.634977487695623211e+01,4.634376469824125166e+01,2.759725285050761406e-03,6.817071795950369051e-08,3.116970835770946024e+01,0.000000000000000000e+00
9.781357123259172039e-04,4.644577270778054157e+01,4.643976252988987596e+01,2.765441825105430587e-03,6.818003650543857930e-08,3.126515239924560419e+01,0.000000000000000000e+00
9.801357123259172525e-04,4.654177053859671531e+01,4.653576036152783502e+01,2.771158365279563236e-03,6.818937448027639903e-08,3.136059680873607292e+01,0.000000000000000000e+00
9.821357123259173011e-04,4.663776836940396464e+01,4.663175819315436854e+01,2.776874905573291624e-03,6.819873188401714970e-08,3.145604158392107763e+01,0.000000000000000000e+00
9.841357123259173497e-04,4.673376620020305694e+01,4.672775602477025103e+01,2.782591445986835194e-03,6.820810827257162146e-08,3.155148672256312281e+01,0.000000000000000000e+00
9.861357123259173983e-04,4.682976403099421248e+01,4.682375385637569565e+01,2.788307986520383464e-03,6.821750397900672169e-08,3.164693222244460458e+01,0.000000000000000000e+00
9.881357123259174469e-04,4.692576186177675623e+01,4.691975168797005580e+01,2.794024527174069142e-03,6.822691878127784548e-08,3.174237808136728489e+01,0.000000000000000000e+00
9.901357123259174955e-04,4.702175969255108612e+01,4.701574951955375070e+01,2.799741067948090419e-03,6.823635245734038790e-08,3.183782429715400042e+01,0.000000000000000000e+00
9.921357123259175442e-04,4.711775752331767109e+01,4.711174735112725642e+01,2.805457608842646788e-03,6.824580500719434895e-08,3.193327086764737288e+01,0.000000000000000000e+00
9.941357123259175928e-04,4.721375535407645430e+01,4.720774518269050901e+01,2.811174149857905216e-03,6.825527598675051877e-08,3.202871779070903813e+01,0.000000000000000000e+00
9.961357123259176414e-04,4.730975318482698810e+01,4.730374301424308925e+01,2.816890690994010554e-03,6.826476595112040968e-08,3.212416506421951112e+01,0.000000000000000000e+00
9.981357123259176900e-04,4.740575101556944304e+01,4.739974084578518188e+01,2.822607232251143211e-03,6.827427423417020691e-08,3.221961268607888940e+01,0.000000000000000000e+00
1.000135712325917739e-03,4.750174884630412464e+01,4.749573867731709242e+01,2.828323773629490105e-03,6.828380116896681784e-08,3.231506065420635565e+01,0.000000000000000000e+00
1.002135712325917787e-03,4.759774667703047157e+01,4.759173650883828799e+01,2.834040315129185677e-03,6.829334642244333509e-08,3.241050896653872115e+01,0.000000000000000000e+00
1.004135712325917836e-03,4.769374450774947150e+01,4.768773434034977043e+01,2.839756856750456308e-03,6.830290977255515372e-08,3.250595762103274922e+01,0.000000000000000000e+00
1.006135712325917884e-03,4.778974233846071229e+01,4.778373217185109212e+01,2.845473398493442076e-03,6.831249144134687867e-08,3.260140661566191511e+01,0.000000000000000000e+00
1.008135712325917933e-03,4.788574016916452791e+01,4.787973000334265095e+01,2.851189940358331634e-03,6.832209131779620748e-08,3.269685594841845244e+01,0.000000000000000000e+00
1.010000000000000047e-03,4.797522395541709983e+01,4.796921379033199173e+01,2.856518579734968963e-03,6.833069765566079923e-08,3.278582877589644795e+01,0.000000000000000000e+00
1.010199999999999943e-03,4.798208343285598687e+01,4.797610806574976294e+01,2.856929034045734353e-03,5.303967798298003800e-08,3.279263947238678156e+01,0.000000000000000000e+00
1.010599999999999953e-03,4.799135681949453414e+01,4.798550558948806355e+01,2.857488321223161393e-03,3.235062528972321161e-08,3.280183423469375015e+01,0.000000000000000000e+00
1.011399999999999973e-03,4.799900971455735998e+01,4.799352719178416038e+01,2.857965040179081487e-03,1.520000503241192291e-08,3.280940362719687187e+01,0.000000000000000000e+00
1.012955516981694929e-03,4.800123009948642760e+01,4.799653592754832943e+01,2.858142170967843763e-03,1.002753624579355574e-08,3.281158750315173478e+01,0.000000000000000000e+00
1.014654741674580725e-03,4.800012343433994744e+01,4.799620289770889769e+01,2.858120359664745053e-03,1.227186230412513623e-08,3.281049015789216128e+01,0.000000000000000000e+00
1.016654741674580774e-03,4.799936884688380445e+01,4.799619786126631027e+01,2.858118166862355300e-03,1.374099978246334786e-08,3.280974513769535150e+01,0.000000000000000000e+00
1.018654741674580822e-03,4.799921680355015496e+01,4.799664883920887348e+01,2.858143526971744942e-03,1.391131998484951282e-08,3.280959556661135679e+01,0.000000000000000000e+00
1.020654741674580871e-03,4.799923014916051045e+01,4.799714954828925784e+01,2.858172163027659050e-03,1.374645641760707804e-08,3.280960886898390072e+01,0.000000000000000000e+00
1.022654741674580920e-03,4.799924886008548697e+01,4.799756319901548807e+01,2.858195866415598561e-03,1.359583745585979386e-08,3.280962731815085931e+01,0.000000000000000000e+00
1.024654741674580968e-03,4.799925447105520249e+01,4.799788894454488997e+01,2.858214538788022858e-03,1.349539935358023968e-08,3.280963283512662088e+01,0.000000000000000000e+00
1.026654741674581017e-03,4.799925482293524226e+01,4.799814870017529245e+01,2.858229446855470920e-03,1.342359878808707663e-08,3.280963317566271087e+01,0.000000000000000000e+00
1.028654741674581066e-03,4.799925445033867533e+01,4.799835846733865452e+01,2.858241512266421203e-03,1.336705657273284942e-08,3.280963280603789656e+01,0.000000000000000000e+00
1.030654741674581114e-03,4.799925429071461735e+01,4.799852852410098336e+01,2.858251321642124847e-03,1.332104349049956227e-08,3.280963264707505544e+01,0.000000000000000000e+00
1.032654741674581163e-03,4.799925427300797764e+01,4.799866638212463954e+01,2.858259301653781961e-03,1.328359200414297447e-08,3.280963262812987580e+01,0.000000000000000000e+00
1.034654741674581211e-03,4.799925428634352897e+01,4.799877807524569562e+01,2.858265794883694047e-03,1.325323895073893254e-08,3.280963263998533108e+01,0.000000000000000000e+00
1.036654741674581260e-03,4.799925429706511437e+01,4.799886854697734151e+01,2.858271082164411028e-03,1.322868170561264378e-08,3.280963264950162284e+01,0.000000000000000000e+00
1.038654741674581309e-03,4.799925430320192987e+01,4.799894182677461174e+01,2.858275392471544812e-03,1.320881504174309384e-08,3.280963265470475676e+01,0.000000000000000000e+00
1.040654741674581357e-03,4.799925430725298270e+01,4.799900118263418847e+01,2.858278911521554538e-03,1.319273734701198464e-08,3.280963265801601381e+01,0.000000000000000000e+00
1.042654741674581406e-03,4.799925431043163115e+01,4.799904926087180712e+01,2.858281789699236401e-03,1.317972309067272363e-08,3.280963266059765715e+01,0.000000000000000000e+00
1.044654741674581454e-03,4.799925431305226908e+01,4.799908820435981482e+01,2.858284148777859388e-03,1.316918663007982104e-08,3.280963266273405310e+01,0.000000000000000000e+00
1.046654741674581503e-03,4.799925431520141217e+01,4.799911974866628839e+01,2.858286087384281915e-03,1.316065545431399642e-08,3.280963266449052185e+01,0.000000000000000000e+00
1.048654741674581552e-03,4.799925431694748568e+01,4.799914529960374665e+01,2.858287685406376774e-03,1.315374775767708115e-08,3.280963266591841432e+01,0.000000000000000000e+00
1.050654741674581600e-03,4.799925431836114598e+01,4.799916599589786159e+01,2.858289007554346006e-03,1.314815356590059992e-08,3.280963266707433945e+01,0.000000000000000000e+00
1.052654741674581649e-03,4.799925431950529031e+01,4.799918275992380501e+01,2.858290106243883792e-03,1.314362352289322189e-08,3.280963266800972633e+01,0.000000000000000000e+00
1.054654741674581698e-03,4.799925432043236384e+01,4.799919633880828229e+01,2.858291023931862785e-03,1.313995490193065052e-08,3.280963266876770490e+01,0.000000000000000000e+00
1.056654741674581746e-03,4.799925432118313040e+01,4.799920733772325576e+01,2.858291795008303330e-03,1.313698361204984622e-08,3.280963266938151435e+01,0.000000000000000000e+00
1.058654741674581795e-03,4.799925432179136919e+01,4.799921624685970301e+01,2.858292447329217195e-03,1.313457731466627365e-08,3.280963266987882321e+01,0.000000000000000000e+00
1.060654741674581843e-03,4.799925432228426558e+01,4.799922346327272038e+01,2.858293003457996941e-03,1.313262809610193926e-08,3.280963267028185015e+01,0.000000000000000000e+00
1.062654741674581892e-03,4.799925432268334902e+01,4.799922930857705694e+01,2.858293481670996089e-03,1.313104969202782968e-08,3.280963267060814559e+01,0.000000000000000000e+00
1.064654741674581941e-03,4.799925432300645411e+01,4.799923404328148280e+01,2.858293896772104957e-03,1.312977093714806642e-08,3.280963267087228985e+01,0.000000000000000000e+00
1.066654741674581989e-03,4.799925432326823938e+01,4.799923787839866662e+01,2.858294260752510235e-03,1.312873554315530100e-08,3.280963267108630532e+01,0.000000000000000000e+00
1.068654741674582038e-03,4.799925432348029375e+01,4.799924098484888191e+01,2.858294583325071345e-03,1.312789676966019670e-08,3.280963267125968486e+01,0.000000000000000000e+00
1.070654741674582086e-03,4.799925432365220246e+01,4.799924350107797721e+01,2.858294872357227626e-03,1.312721720214682364e-08,3.280963267140025863e+01,0.000000000000000000e+00
1.072654741674582135e-03,4.799925432379095724e+01,4.799924553922653558e+01,2.858295134221573806e-03,1.312666686459351695e-08,3.280963267151362572e+01,0.000000000000000000e+00
1.074654741674582184e-03,4.799925432390374169e+01,4.799924719013004193e+01,2.858295374080008569e-03,1.312622122107143241e-08,3.280963267160585417e+01,0.000000000000000000e+00
1.076654741674582232e-03,4.799925432399493985e+01,4.799924852736400993e+01,2.858295596113591495e-03,1.312585995449921938e-08,3.280963267168040431e+01,0.000000000000000000e+00
1.078654741674582281e-03,4.799925432406912762e+01,4.799924961052568051e+01,2.858295803709048812e-03,1.312556752175453312e-08,3.280963267174108466e+01,0.000000000000000000e+00
1.080654741674582330e-03,4.799925432412851478e+01,4.799925048788742998e+01,2.858295999609542989e-03,1.312533071118338057e-08,3.280963267178955789e+01,0.000000000000000000e+00
1.082654741674582378e-03,4.799925432417702353e+01,4.799925119855203093e+01,2.858296186037164593e-03,1.312513886464472534e-08,3.280963267182922039e+01,0.000000000000000000e+00
1.084654741674582427e-03,4.799925432421620997e+01,4.799925177419124367e+01,2.858296364791717420e-03,1.312498343342127782e-08,3.280963267186124455e+01,0.000000000000000000e+00
1.086654741674582475e-03,4.799925432424814176e+01,4.799925224045999528e+01,2.858296537331092135e-03,1.312485753413028533e-08,3.280963267188737831e+01,0.000000000000000000e+00
1.088654741674582524e-03,4.799925432427399841e+01,4.799925261813832122e+01,2.858296704836152738e-03,1.312475572667892720e-08,3.280963267190853117e+01,0.000000000000000000e+00
1.090654741674582573e-03,4.799925432429503047e+01,4.799925292405838206e+01,2.858296868263417081e-03,1.312467301506359263e-08,3.280963267192574051e+01,0.000000000000000000e+00
1.092654741674582621e-03,4.799925432431184902e+01,4.799925317185382312e+01,2.858297028387639122e-03,1.312460617963751019e-08,3.280963267193947530e+01,0.000000000000000000e+00
1.094654741674582670e-03,4.799925432432539196e+01,4.799925337256838986e+01,2.858297185836402351e-03,1.312455188973160602e-08,3.280963267195052424e+01,0.000000000000000000e+00
1.096654741674582718e-03,4.799925432433628458e+01,4.799925353514739612e+01,2.858297341118041460e-03,1.312450803592213333e-08,3.280963267195939892e+01,0.000000000000000000e+00
1.098654741674582767e-03,4.799925432434545769e+01,4.799925366683697092e+01,2.858297494644332099e-03,1.312447250878534533e-08,3.280963267196693067e+01,0.000000000000000000e+00
1.100654741674582816e-03,4.799925432435304629e+01,4.799925377350587041e+01,2.858297646748774856e-03,1.312444364298670507e-08,3.280963267197317634e+01,0.000000000000000000e+00
1.102654741674582864e-03,4.799925432435868800e+01,4.799925385990732707e+01,2.858297797701479185e-03,1.312442021728088548e-08,3.280963267197773803e+01,0.000000000000000000e+00
1.104654741674582913e-03,4.799925432436354100e+01,4.799925392989290174e+01,2.858297947721321220e-03,1.312440134348946685e-08,3.280963267198173128e+01,0.000000000000000000e+00
1.106654741674582961e-03,4.799925432436727135e+01,4.799925398658110964e+01,2.858298096985513806e-03,1.312438613343402949e-08,3.280963267198475819e+01,0.000000000000000000e+00
1.108654741674583010e-03,4.799925432437028405e+01,4.799925403249862654e+01,2.858298245637640438e-03,1.312437369893615369e-08,3.280963267198720246e+01,0.000000000000000000e+00
1.110654741674583059e-03,4.799925432437307649e+01,4.799925406969222053e+01,2.858298393794013459e-03,1.312436370692893206e-08,3.280963267198953304e+01,0.000000000000000000e+00
1.112654741674583107e-03,4.799925432437510153e+01,4.799925409981884883e+01,2.858298541548791923e-03,1.312435549127854983e-08,3.280963267199117439e+01,0.000000000000000000e+00
1.114654741674583156e-03,4.799925432437677841e+01,4.799925412422149407e+01,2.858298688978292389e-03,1.312434894096270455e-08,3.280963267199254574e+01,0.000000000000000000e+00
1.116654741674583205e-03,4.799925432437814266e+01,4.799925414398768453e+01,2.858298836144315680e-03,1.312434338984758142e-08,3.280963267199366129e+01,0.000000000000000000e+00
1.118654741674583253e-03,4.799925432437934347e+01,4.799925415999842215e+01,2.858298983096927651e-03,1.312433928202239031e-08,3.280963267199466316e+01,0.000000000000000000e+00
1.120654741674583302e-03,4.799925432438008954e+01,4.799925417296691421e+01,2.858299129876657081e-03,1.312433595135331643e-08,3.280963267199524580e+01,0.000000000000000000e+00
1.122654741674583350e-03,4.799925432438060113e+01,4.799925418347130091e+01,2.858299276516358331e-03,1.312433295375114994e-08,3.280963267199563660e+01,0.000000000000000000e+00
1.124654741674583399e-03,4.799925432438135431e+01,4.799925419198020649e+01,2.858299423042662442e-03,1.312433084432740316e-08,3.280963267199628319e+01,0.000000000000000000e+00
1.126654741674583448e-03,4.799925432438185169e+01,4.799925419887232891e+01,2.858299569477089092e-03,1.312432895694826129e-08,3.280963267199670241e+01,0.000000000000000000e+00
1.128654741674583496e-03,4.799925432438211459e+01,4.799925420445482160e+01,2.858299715837091769e-03,1.312432729161372436e-08,3.280963267199688715e+01,0.000000000000000000e+00
1.130654741674583545e-03,4.799925432438205064e+01,4.799925420897638872e+01,2.858299862136801962e-03,1.312432607036839727e-08,3.280963267199676636e+01,0.000000000000000000e+00
1.132654741674583593e-03,4.799925432438274697e+01,4.799925421263959180e+01,2.858300008387736069e-03,1.312432518218997757e-08,3.280963267199742006e+01,0.000000000000000000e+00
1.134654741674583642e-03,4.799925432438292461e+01,4.799925421560640615e+01,2.858300154599093326e-03,1.312432429401155787e-08,3.280963267199756217e+01,0.000000000000000000e+00
1.136654741674583691e-03,4.799925432438314488e+01,4.799925421800960379e+01,2.858300300778422384e-03,1.312432373890004556e-08,3.280963267199774691e+01,0.000000000000000000e+00
1.138654741674583739e-03,4.799925432438327277e+01,4.799925421995616404e+01,2.858300446931799112e-03,1.312432307276623078e-08,3.280963267199786060e+01,0.000000000000000000e+00
1.140654741674583788e-03,4.799925432438325856e+01,4.799925422153275179e+01,2.858300593064148822e-03,1.312432262867702093e-08,3.280963267199782507e+01,0.000000000000000000e+00
1.142654741674583837e-03,4.799925432438370621e+01,4.799925422281025789e+01,2.858300739179503447e-03,1.312432229561011354e-08,3.280963267199825140e+01,0.000000000000000000e+00
1.144654741674583885e-03,4.799925432438399753e+01,4.799925422384496443e+01,2.858300885281059214e-03,1.312432207356550862e-08,3.280963267199852851e+01,0.000000000000000000e+00
1.146654741674583934e-03,4.799925432438401884e+01,4.799925422468287195e+01,2.858301031371429050e-03,1.312432185152090369e-08,3.280963267199853561e+01,0.000000000000000000e+00
1.148654741674583982e-03,4.799925432438382700e+01,4.799925422536136921e+01,2.858301177452738859e-03,1.312432174049860123e-08,3.280963267199833666e+01,0.000000000000000000e+00
1.150654741674584031e-03,4.799925432438367068e+01,4.799925422591093849e+01,2.858301323526720762e-03,1.312432162947629877e-08,3.280963267199817324e+01,0.000000000000000000e+00
1.152654741674584080e-03,4.799925432438405437e+01,4.799925422635660510e+01,2.858301469594798101e-03,1.312432129640939138e-08,3.280963267199855693e+01,0.000000000000000000e+00
1.154654741674584128e-03,4.799925432438423201e+01,4.799925422671746134e+01,2.858301615658055510e-03,1.312432140743169384e-08,3.280963267199872746e+01,0.000000000000000000e+00
1.156654741674584177e-03,4.799925432438396200e+01,4.799925422700936650e+01,2.858301761717392010e-03,1.312432118538708892e-08,3.280963267199844324e+01,0.000000000000000000e+00
1.158654741674584225e-03,4.799925432438416095e+01,4.799925422724619750e+01,2.858301907773598202e-03,1.312432118538708892e-08,3.280963267199864219e+01,0.000000000000000000e+00
1.160654741674584274e-03,4.799925432438385542e+01,4.799925422743756798e+01,2.858302053827218355e-03,1.312432129640939138e-08,3.280963267199832956e+01,0.000000000000000000e+00
1.162654741674584323e-03,4.799925432438374884e+01,4.799925422759270788e+01,2.858302199878779391e-03,1.312432118538708892e-08,3.280963267199821587e+01,0.000000000000000000e+00
1.164654741674584371e-03,4.799925432438382700e+01,4.799925422771853789e+01,2.858302345928672925e-03,1.312432107436478645e-08,3.280963267199830113e+01,0.000000000000000000e+00
1.166654741674584420e-03,4.799925432438389095e+01,4.799925422782047946e+01,2.858302491977208169e-03,1.312432107436478645e-08,3.280963267199837219e+01,0.000000000000000000e+00
1.168654741674584469e-03,4.799925432438380568e+01,4.799925422790290952e+01,2.858302638024633625e-03,1.312432118538708892e-08,3.280963267199827982e+01,0.000000000000000000e+00
1.170654741674584517e-03,4.799925432438366357e+01,4.799925422796959396e+01,2.858302784071161794e-03,1.312432085232018153e-08,3.280963267199814482e+01,0.000000000000000000e+00
1.172654741674584566e-03,4.799925432438391937e+01,4.799925422802396469e+01,2.858302930116989136e-03,1.312432096334248399e-08,3.280963267199838640e+01,0.000000000000000000e+00
1.174654741674584614e-03,4.799925432438382700e+01,4.799925422806770570e+01,2.858303076162210191e-03,1.312432085232018153e-08,3.280963267199829403e+01,0.000000000000000000e+00
1.176654741674584663e-03,4.799925432438398332e+01,4.799925422810338205e+01,2.858303222206972413e-03,1.312432096334248399e-08,3.280963267199845745e+01,0.000000000000000000e+00
1.178654741674584712e-03,4.799925432438384831e+01,4.799925422813200271e+01,2.858303368251332178e-03,1.312432107436478645e-08,3.280963267199832245e+01,0.000000000000000000e+00
1.180654741674584760e-03,4.799925432438387674e+01,4.799925422815533693e+01,2.858303514295390969e-03,1.312432096334248399e-08,3.280963267199834377e+01,0.000000000000000000e+00
1.182654741674584809e-03,4.799925432438359252e+01,4.799925422817392473e+01,2.858303660339176974e-03,1.312432096334248399e-08,3.280963267199806666e+01,0.000000000000000000e+00
1.184654741674584857e-03,4.799925432438379858e+01,4.799925422818940746e+01,2.858303806382786905e-03,1.312432085232018153e-08,3.280963267199827271e+01,0.000000000000000000e+00
1.186654741674584906e-03,4.799925432438389095e+01,4.799925422820187748e+01,2.858303952426225533e-03,1.312432096334248399e-08,3.280963267199837219e+01,0.000000000000000000e+00
1.188654741674584955e-03,4.799925432438399042e+01,4.799925422821201693e+01,2.858304098469528418e-03,1.312432085232018153e-08,3.280963267199845745e+01,0.000000000000000000e+00
1.190654741674585003e-03,4.799925432438402595e+01,4.799925422822018106e+01,2.858304244512717678e-03,1.312432096334248399e-08,3.280963267199848588e+01,0.000000000000000000e+00
1.192654741674585052e-03,4.799925432438384121e+01,4.799925422822657595e+01,2.858304390555805024e-03,1.312432085232018153e-08,3.280963267199831535e+01,0.000000000000000000e+00
1.194654741674585101e-03,4.799925432438377015e+01,4.799925422823184107e+01,2.858304536598827751e-03,1.312432096334248399e-08,3.280963267199825140e+01,0.000000000000000000e+00
1.196654741674585149e-03,4.799925432438395489e+01,4.799925422823633880e+01,2.858304682641806677e-03,1.312432107436478645e-08,3.280963267199842903e+01,0.000000000000000000e+00
1.198327370837292630e-03,4.799925432438411121e+01,4.799925422823947230e+01,2.858304804779642546e-03,1.312432096334248399e-08,3.280963267199857825e+01,0.000000000000000000e+00
1.199999999999999895e-03,4.799925432438391937e+01,4.799925422824175314e+01,2.858304926917429409e-03,1.312432118538708892e-08,3.280963267199837929e+01,0.000000000000000000e+00
