t_s,VS_V,GATE_V,VPROT_V,Q1_channel_A,Q2_gate_V,ENABLE_V
0.000000000000000000e+00,1.692453723764322859e+01,3.034603892988862128e+00,1.689874833079471728e+01,1.500016898260128073e+00,1.687054782269089515e+01,2.700000000000000178e+00
1.000000000000000062e-09,1.692453723764513995e+01,3.034603892990754836e+00,1.689874833079462846e+01,1.500016878741147863e+00,1.687054782269281361e+01,2.700000000000000178e+00
2.000000000000000125e-09,1.692453723764711881e+01,3.034603892992715490e+00,1.689874833079453964e+01,1.500016878720769498e+00,1.687054782269481024e+01,2.700000000000000178e+00
4.000000000000000249e-09,1.692453723765100904e+01,3.034603892996569741e+00,1.689874833079436200e+01,1.500016878549470078e+00,1.687054782269871467e+01,2.700000000000000178e+00
8.000000000000000498e-09,1.692453723765849105e+01,3.034603893003978037e+00,1.689874833079401739e+01,1.500016879586306473e+00,1.687054782270620734e+01,2.700000000000000178e+00
1.600000000000000100e-08,1.692453723767267704e+01,3.034603893018025023e+00,1.689874833079335659e+01,1.500016880572054401e+00,1.687054782272034004e+01,2.700000000000000178e+00
3.200000000000000199e-08,1.692453723769841645e+01,3.034603893043509082e+00,1.689874833079212380e+01,1.500016882115492667e+00,1.687054782274602971e+01,2.700000000000000178e+00
6.400000000000000399e-08,1.692453723774121954e+01,3.034603893085895177e+00,1.689874833078996019e+01,1.500016884754503899e+00,1.687054782278871556e+01,2.700000000000000178e+00
1.280000000000000080e-07,1.692453723780129948e+01,3.034603893145384479e+00,1.689874833078650340e+01,1.500016888365504286e+00,1.687054782284871735e+01,2.700000000000000178e+00
2.280000000000000034e-07,1.692453723785228448e+01,3.034603893195855662e+00,1.689874833078257765e+01,1.500016891599035285e+00,1.687054782289964194e+01,2.700000000000000178e+00
3.279999999999999725e-07,1.692453723787363984e+01,3.034603893216984538e+00,1.689874833077967864e+01,1.500016892996348661e+00,1.687054782292098665e+01,2.700000000000000178e+00
4.279999999999999679e-07,1.692453723788054631e+01,3.034603893223801307e+00,1.689874833077728766e+01,1.500016893555534248e+00,1.687054782292791089e+01,2.700000000000000178e+00
5.279999999999999634e-07,1.692453723788142739e+01,3.034603893224650406e+00,1.689874833077511340e+01,1.500016893715472754e+00,1.687054782292880617e+01,2.700000000000000178e+00
6.279999999999999589e-07,1.692453723788016617e+01,3.034603893223375870e+00,1.689874833077303151e+01,1.500016893781154659e+00,1.687054782292755561e+01,2.700000000000000178e+00
7.279999999999999544e-07,1.692453723787828324e+01,3.034603893221486270e+00,1.689874833077098160e+01,1.500016893774173354e+00,1.687054782292568333e+01,2.700000000000000178e+00
8.279999999999999498e-07,1.692453723787638609e+01,3.034603893219582904e+00,1.689874833076894234e+01,1.500016893781745964e+00,1.687054782292380750e+01,2.700000000000000178e+00
9.279999999999999453e-07,1.692453723787462749e+01,3.034603893217817205e+00,1.689874833076691374e+01,1.500016893811124685e+00,1.687054782292207378e+01,2.700000000000000178e+00
1.027999999999999941e-06,1.692453723787296838e+01,3.034603893216145654e+00,1.689874833076489224e+01,1.500016893833213016e+00,1.687054782292042532e+01,2.700000000000000178e+00
1.128000000000000042e-06,1.692453723787143005e+01,3.034603893214592674e+00,1.689874833076288496e+01,1.500016893855282696e+00,1.687054782291890120e+01,2.700000000000000178e+00
1.227999999999999932e-06,1.692453723786994502e+01,3.034603893213094761e+00,1.689874833076089189e+01,1.500016893884620117e+00,1.687054782291743038e+01,2.700000000000000178e+00
1.327999999999999821e-06,1.692453723786848130e+01,3.034603893211618164e+00,1.689874833075890592e+01,1.500016893913953764e+00,1.687054782291597732e+01,2.700000000000000178e+00
1.427999999999999711e-06,1.692453723786693232e+01,3.034603893210059855e+00,1.689874833075693772e+01,1.500016893950576469e+00,1.687054782291442834e+01,2.700000000000000178e+00
1.527999999999999601e-06,1.692453723786544373e+01,3.034603893208561942e+00,1.689874833075498017e+01,1.500016893965361753e+00,1.687054782291293975e+01,2.700000000000000178e+00
1.627999999999999490e-06,1.692453723786396225e+01,3.034603893207069358e+00,1.689874833075304394e+01,1.500016894009249979e+00,1.687054782291146893e+01,2.700000000000000178e+00
1.727999999999999380e-06,1.692453723786251985e+01,3.034603893205616298e+00,1.689874833075111482e+01,1.500016894024028158e+00,1.687054782291004074e+01,2.700000000000000178e+00
1.827999999999999269e-06,1.692453723786111652e+01,3.034603893204200542e+00,1.689874833074919636e+01,1.500016894046076521e+00,1.687054782290864807e+01,2.700000000000000178e+00
1.927999999999999159e-06,1.692453723785968833e+01,3.034603893202761693e+00,1.689874833074729210e+01,1.500016894097232489e+00,1.687054782290721988e+01,2.700000000000000178e+00
2.027999999999999048e-06,1.692453723785829922e+01,3.034603893201362368e+00,1.689874833074539495e+01,1.500016894104726495e+00,1.687054782290583432e+01,2.700000000000000178e+00
2.127999999999998938e-06,1.692453723785689945e+01,3.034603893199951941e+00,1.689874833074351557e+01,1.500016894141325885e+00,1.687054782290445232e+01,2.700000000000000178e+00
2.227999999999998828e-06,1.692453723785547837e+01,3.034603893198520197e+00,1.689874833074164684e+01,1.500016894163376913e+00,1.687054782290304544e+01,2.700000000000000178e+00
2.327999999999998717e-06,1.692453723785407504e+01,3.034603893197104885e+00,1.689874833073978877e+01,1.500016894185425276e+00,1.687054782290164567e+01,2.700000000000000178e+00
2.427999999999998607e-06,1.692453723785269659e+01,3.034603893195712221e+00,1.689874833073794491e+01,1.500016894222022001e+00,1.687054782290027433e+01,2.700000000000000178e+00
2.527999999999998496e-06,1.692453723785132524e+01,3.034603893194327107e+00,1.689874833073611171e+01,1.500016894244065480e+00,1.687054782289890653e+01,2.700000000000000178e+00
2.627999999999998386e-06,1.692453723784998232e+01,3.034603893192970414e+00,1.689874833073428917e+01,1.500016894258828781e+00,1.687054782289757426e+01,2.700000000000000178e+00
2.727999999999998276e-06,1.692453723784859321e+01,3.034603893191569313e+00,1.689874833073248439e+01,1.500016894309978754e+00,1.687054782289618871e+01,2.700000000000000178e+00
2.827999999999998165e-06,1.692453723784723607e+01,3.034603893190203738e+00,1.689874833073068672e+01,1.500016894317467431e+00,1.687054782289483512e+01,2.700000000000000178e+00
2.927999999999998055e-06,1.692453723784592867e+01,3.034603893188886126e+00,1.689874833072889970e+01,1.500016894339500473e+00,1.687054782289353483e+01,2.700000000000000178e+00
3.027999999999997944e-06,1.692453723784454311e+01,3.034603893187490353e+00,1.689874833072712690e+01,1.500016894383373600e+00,1.687054782289215993e+01,2.700000000000000178e+00
3.127999999999997834e-06,1.692453723784323216e+01,3.034603893186167856e+00,1.689874833072536120e+01,1.500016894390855615e+00,1.687054782289085963e+01,2.700000000000000178e+00
3.227999999999997724e-06,1.692453723784191055e+01,3.034603893184832479e+00,1.689874833072360616e+01,1.500016894420167501e+00,1.687054782288954513e+01,2.700000000000000178e+00
3.327999999999997613e-06,1.692453723784057473e+01,3.034603893183482892e+00,1.689874833072186888e+01,1.500016894449481608e+00,1.687054782288820576e+01,2.700000000000000178e+00
3.427999999999997503e-06,1.692453723783928865e+01,3.034603893182187040e+00,1.689874833072014226e+01,1.500016894471511320e+00,1.687054782288692678e+01,2.700000000000000178e+00
3.527999999999997392e-06,1.692453723783804165e+01,3.034603893180928935e+00,1.689874833071842630e+01,1.500016894486259300e+00,1.687054782288567623e+01,2.700000000000000178e+00
3.627999999999997282e-06,1.692453723783676978e+01,3.034603893179645517e+00,1.689874833071672100e+01,1.500016894530114886e+00,1.687054782288441857e+01,2.700000000000000178e+00
3.727999999999997172e-06,1.692453723783548369e+01,3.034603893178349665e+00,1.689874833071502636e+01,1.500016894537592460e+00,1.687054782288315380e+01,2.700000000000000178e+00
3.827999999999997061e-06,1.692453723783417985e+01,3.034603893177034273e+00,1.689874833071334947e+01,1.500016894581453153e+00,1.687054782288185351e+01,2.700000000000000178e+00
3.927999999999996951e-06,1.692453723783293640e+01,3.034603893175779277e+00,1.689874833071168325e+01,1.500016894596200689e+00,1.687054782288060295e+01,2.700000000000000178e+00
4.027999999999996840e-06,1.692453723783167874e+01,3.034603893174510514e+00,1.689874833071002769e+01,1.500016894625502362e+00,1.687054782287935240e+01,2.700000000000000178e+00
4.127999999999996730e-06,1.692453723783044950e+01,3.034603893173269729e+00,1.689874833070837568e+01,1.500016894625695318e+00,1.687054782287813026e+01,2.700000000000000178e+00
4.227999999999996620e-06,1.692453723782921315e+01,3.034603893172018729e+00,1.689874833070673787e+01,1.500016894662270062e+00,1.687054782287690458e+01,2.700000000000000178e+00
4.327999999999996509e-06,1.692453723782805497e+01,3.034603893170842781e+00,1.689874833070510718e+01,1.500016894684280899e+00,1.687054782287574639e+01,2.700000000000000178e+00
4.427999999999996399e-06,1.692453723782680441e+01,3.034603893169582456e+00,1.689874833070349425e+01,1.500016894713581239e+00,1.687054782287448873e+01,2.700000000000000178e+00
4.527999999999996288e-06,1.692453723782565334e+01,3.034603893168418942e+00,1.689874833070188487e+01,1.500016894735590300e+00,1.687054782287333410e+01,2.700000000000000178e+00
4.627999999999996178e-06,1.692453723782443831e+01,3.034603893167194588e+00,1.689874833070029325e+01,1.500016894764884867e+00,1.687054782287212973e+01,2.700000000000000178e+00
4.727999999999996068e-06,1.692453723782320196e+01,3.034603893165948918e+00,1.689874833069871229e+01,1.500016894794182765e+00,1.687054782287089338e+01,2.700000000000000178e+00
4.827999999999995957e-06,1.692453723782200825e+01,3.034603893164744104e+00,1.689874833069714199e+01,1.500016894816198487e+00,1.687054782286971033e+01,2.700000000000000178e+00
4.927999999999995847e-06,1.692453723782081099e+01,3.034603893163535737e+00,1.689874833069557880e+01,1.500016894823662517e+00,1.687054782286852728e+01,2.700000000000000178e+00
5.027999999999995736e-06,1.692453723781963504e+01,3.034603893162349131e+00,1.689874833069402627e+01,1.500016894860227046e+00,1.687054782286734422e+01,2.700000000000000178e+00
5.127999999999995626e-06,1.692453723781848751e+01,3.034603893161186949e+00,1.689874833069248083e+01,1.500016894867683970e+00,1.687054782286618604e+01,2.700000000000000178e+00
5.227999999999995516e-06,1.692453723781738972e+01,3.034603893160075394e+00,1.689874833069094251e+01,1.500016894882409080e+00,1.687054782286509536e+01,2.700000000000000178e+00
5.327999999999995405e-06,1.692453723781626351e+01,3.034603893158936749e+00,1.689874833068941484e+01,1.500016894918966059e+00,1.687054782286396915e+01,2.700000000000000178e+00
5.427999999999995295e-06,1.692453723781514796e+01,3.034603893157814536e+00,1.689874833068789783e+01,1.500016894940969125e+00,1.687054782286285359e+01,2.700000000000000178e+00
5.527999999999995184e-06,1.692453723781400043e+01,3.034603893156659904e+00,1.689874833068639504e+01,1.500016894962976632e+00,1.687054782286171317e+01,2.700000000000000178e+00
5.627999999999995074e-06,1.692453723781284936e+01,3.034603893155495946e+00,1.689874833068489934e+01,1.500016894984985916e+00,1.687054782286056209e+01,2.700000000000000178e+00
5.727999999999994964e-06,1.692453723781176222e+01,3.034603893154391496e+00,1.689874833068341431e+01,1.500016895006985873e+00,1.687054782285947496e+01,2.700000000000000178e+00
5.827999999999994853e-06,1.692453723781067154e+01,3.034603893153285270e+00,1.689874833068193638e+01,1.500016895021709873e+00,1.687054782285838073e+01,2.700000000000000178e+00
5.927999999999994743e-06,1.692453723780951336e+01,3.034603893152115983e+00,1.689874833068047266e+01,1.500016895058271738e+00,1.687054782285723320e+01,2.700000000000000178e+00
6.027999999999994632e-06,1.692453723780843688e+01,3.034603893151025744e+00,1.689874833067901960e+01,1.500016895072993517e+00,1.687054782285616383e+01,2.700000000000000178e+00
6.127999999999994522e-06,1.692453723780733910e+01,3.034603893149914189e+00,1.689874833067757720e+01,1.500016895102270320e+00,1.687054782285506960e+01,2.700000000000000178e+00
6.227999999999994412e-06,1.692453723780628749e+01,3.034603893148847042e+00,1.689874833067614546e+01,1.500016895116988547e+00,1.687054782285402865e+01,2.700000000000000178e+00
6.327999999999994301e-06,1.692453723780521813e+01,3.034603893147767462e+00,1.689874833067472082e+01,1.500016895131708550e+00,1.687054782285296284e+01,2.700000000000000178e+00
6.427999999999994191e-06,1.692453723780417718e+01,3.034603893146712750e+00,1.689874833067330329e+01,1.500016895153700736e+00,1.687054782285192545e+01,2.700000000000000178e+00
6.527999999999994080e-06,1.692453723780312558e+01,3.034603893145649600e+00,1.689874833067189641e+01,1.500016895168418296e+00,1.687054782285087029e+01,2.700000000000000178e+00
6.627999999999993970e-06,1.692453723780204911e+01,3.034603893144560693e+00,1.689874833067050020e+01,1.500016895204967504e+00,1.687054782284980092e+01,2.700000000000000178e+00
6.727999999999993859e-06,1.692453723780100106e+01,3.034603893143499320e+00,1.689874833066911108e+01,1.500016895219684843e+00,1.687054782284874577e+01,2.700000000000000178e+00
6.827999999999993749e-06,1.692453723779993524e+01,3.034603893142419739e+00,1.689874833066773263e+01,1.500016895234404846e+00,1.687054782284767995e+01,2.700000000000000178e+00
6.927999999999993639e-06,1.692453723779888719e+01,3.034603893141357922e+00,1.689874833066636128e+01,1.500016895256398142e+00,1.687054782284663546e+01,2.700000000000000178e+00
7.027999999999993528e-06,1.692453723779789954e+01,3.034603893140356945e+00,1.689874833066500059e+01,1.500016895271105932e+00,1.687054782284564070e+01,2.700000000000000178e+00
7.127999999999993418e-06,1.692453723779692609e+01,3.034603893139371955e+00,1.689874833066364701e+01,1.500016895293087016e+00,1.687054782284466370e+01,2.700000000000000178e+00
7.227999999999993307e-06,1.692453723779593133e+01,3.034603893138370978e+00,1.689874833066230764e+01,1.500016895322346944e+00,1.687054782284365828e+01,2.700000000000000178e+00
7.327999999999993197e-06,1.692453723779491170e+01,3.034603893137345132e+00,1.689874833066097537e+01,1.500016895337058731e+00,1.687054782284263510e+01,2.700000000000000178e+00
7.427999999999993087e-06,1.692453723779392760e+01,3.034603893136349484e+00,1.689874833065964665e+01,1.500016895344489898e+00,1.687054782284166166e+01,2.700000000000000178e+00
7.527999999999992976e-06,1.692453723779292574e+01,3.034603893135337849e+00,1.689874833065833215e+01,1.500016895366474978e+00,1.687054782284065979e+01,2.700000000000000178e+00
7.627999999999992866e-06,1.692453723779191677e+01,3.034603893134319108e+00,1.689874833065702830e+01,1.500016895403013528e+00,1.687054782283965082e+01,2.700000000000000178e+00
7.727999999999992755e-06,1.692453723779098240e+01,3.034603893133375419e+00,1.689874833065573156e+01,1.500016895410436479e+00,1.687054782283871646e+01,2.700000000000000178e+00
7.827999999999993492e-06,1.692453723779002317e+01,3.034603893132406416e+00,1.689874833065444193e+01,1.500016895425139385e+00,1.687054782283775367e+01,2.700000000000000178e+00
7.927999999999994229e-06,1.692453723778902486e+01,3.034603893131400554e+00,1.689874833065315940e+01,1.500016895439847842e+00,1.687054782283676246e+01,2.700000000000000178e+00
8.027999999999994965e-06,1.692453723778806207e+01,3.034603893130433327e+00,1.689874833065188753e+01,1.500016895476378398e+00,1.687054782283580678e+01,2.700000000000000178e+00
8.127999999999995702e-06,1.692453723778716679e+01,3.034603893129536267e+00,1.689874833065061921e+01,1.500016895476518508e+00,1.687054782283492216e+01,2.700000000000000178e+00
8.227999999999996439e-06,1.692453723778623598e+01,3.034603893128596130e+00,1.689874833064936155e+01,1.500016895491216751e+00,1.687054782283399135e+01,2.700000000000000178e+00
8.327999999999997175e-06,1.692453723778520924e+01,3.034603893127562735e+00,1.689874833064811455e+01,1.500016895527757521e+00,1.687054782283296106e+01,2.700000000000000178e+00
8.427999999999997912e-06,1.692453723778428554e+01,3.034603893126635032e+00,1.689874833064687820e+01,1.500016895549729945e+00,1.687054782283205157e+01,2.700000000000000178e+00
8.527999999999998648e-06,1.692453723778329433e+01,3.034603893125635832e+00,1.689874833064564896e+01,1.500016895549885598e+00,1.687054782283106036e+01,2.700000000000000178e+00
8.627999999999999385e-06,1.692453723778239549e+01,3.034603893124728113e+00,1.689874833064441972e+01,1.500016895557302776e+00,1.687054782283016152e+01,2.700000000000000178e+00
8.728000000000000122e-06,1.692453723778146468e+01,3.034603893123789753e+00,1.689874833064320470e+01,1.500016895593828892e+00,1.687054782282923071e+01,2.700000000000000178e+00
8.828000000000000858e-06,1.692453723778057295e+01,3.034603893122888696e+00,1.689874833064199677e+01,1.500016895615797097e+00,1.687054782282833898e+01,2.700000000000000178e+00
8.928000000000001595e-06,1.692453723777971319e+01,3.034603893122018281e+00,1.689874833064079596e+01,1.500016895623208724e+00,1.687054782282747212e+01,2.700000000000000178e+00
9.028000000000002332e-06,1.692453723777885699e+01,3.034603893121153195e+00,1.689874833063960224e+01,1.500016895645171378e+00,1.687054782282661947e+01,2.700000000000000178e+00
9.128000000000003068e-06,1.692453723777802210e+01,3.034603893120309426e+00,1.689874833063841564e+01,1.500016895652578564e+00,1.687054782282579168e+01,2.700000000000000178e+00
9.228000000000003805e-06,1.692453723777715524e+01,3.034603893119433682e+00,1.689874833063723614e+01,1.500016895674542994e+00,1.687054782282492127e+01,2.700000000000000178e+00
9.328000000000004542e-06,1.692453723777629193e+01,3.034603893118563267e+00,1.689874833063607085e+01,1.500016895696506314e+00,1.687054782282405085e+01,2.700000000000000178e+00
9.428000000000005278e-06,1.692453723777542152e+01,3.034603893117683970e+00,1.689874833063491266e+01,1.500016895718471188e+00,1.687054782282318399e+01,2.700000000000000178e+00
9.528000000000006015e-06,1.692453723777452979e+01,3.034603893116782913e+00,1.689874833063376158e+01,1.500016895733163436e+00,1.687054782282228516e+01,2.700000000000000178e+00
9.628000000000006751e-06,1.692453723777363450e+01,3.034603893115880524e+00,1.689874833063262116e+01,1.500016895755131863e+00,1.687054782282138632e+01,2.700000000000000178e+00
9.728000000000007488e-06,1.692453723777276053e+01,3.034603893114997675e+00,1.689874833063148429e+01,1.500016895755269530e+00,1.687054782282051590e+01,2.700000000000000178e+00
9.828000000000008225e-06,1.692453723777194341e+01,3.034603893114171669e+00,1.689874833063035453e+01,1.500016895784501925e+00,1.687054782281969878e+01,2.700000000000000178e+00
9.928000000000008961e-06,1.692453723777114050e+01,3.034603893113362094e+00,1.689874833062923187e+01,1.500016895784627824e+00,1.687054782281888876e+01,2.700000000000000178e+00
1.002800000000000970e-05,1.692453723777029850e+01,3.034603893112514772e+00,1.689874833062811277e+01,1.500016895799312078e+00,1.687054782281805032e+01,2.700000000000000178e+00
1.012800000000001043e-05,1.692453723776943519e+01,3.034603893111644357e+00,1.689874833062700432e+01,1.500016895828551355e+00,1.687054782281718701e+01,2.700000000000000178e+00
1.022800000000001117e-05,1.692453723776857899e+01,3.034603893110779271e+00,1.689874833062590653e+01,1.500016895843237830e+00,1.687054782281632725e+01,2.700000000000000178e+00
1.032800000000001191e-05,1.692453723776774765e+01,3.034603893109939055e+00,1.689874833062480874e+01,1.500016895836092878e+00,1.687054782281549237e+01,2.700000000000000178e+00
1.042800000000001264e-05,1.692453723776693408e+01,3.034603893109118822e+00,1.689874833062371806e+01,1.500016895865324607e+00,1.687054782281468590e+01,2.700000000000000178e+00
1.052800000000001338e-05,1.692453723776613828e+01,3.034603893108312800e+00,1.689874833062263448e+01,1.500016895880001977e+00,1.687054782281389009e+01,2.700000000000000178e+00
1.062800000000001412e-05,1.692453723776537799e+01,3.034603893107545858e+00,1.689874833062155801e+01,1.500016895901949310e+00,1.687054782281311560e+01,2.700000000000000178e+00
1.072800000000001485e-05,1.692453723776457153e+01,3.034603893106732730e+00,1.689874833062049220e+01,1.500016895916628012e+00,1.687054782281231624e+01,2.700000000000000178e+00
1.082800000000001559e-05,1.692453723776377572e+01,3.034603893105928485e+00,1.689874833061943349e+01,1.500016895938580896e+00,1.687054782281152754e+01,2.700000000000000178e+00
1.092800000000001633e-05,1.692453723776297281e+01,3.034603893105114913e+00,1.689874833061838544e+01,1.500016895953259599e+00,1.687054782281072107e+01,2.700000000000000178e+00
1.102800000000001706e-05,1.692453723776216279e+01,3.034603893104294681e+00,1.689874833061734449e+01,1.500016895960663232e+00,1.687054782280991461e+01,2.700000000000000178e+00
1.112800000000001780e-05,1.692453723776140606e+01,3.034603893103529515e+00,1.689874833061631065e+01,1.500016895989886301e+00,1.687054782280915788e+01,2.700000000000000178e+00
1.122800000000001854e-05,1.692453723776063512e+01,3.034603893102753691e+00,1.689874833061528747e+01,1.500016896004559008e+00,1.687054782280839049e+01,2.700000000000000178e+00
1.132800000000001927e-05,1.692453723775982510e+01,3.034603893101937011e+00,1.689874833061426429e+01,1.500016896004686240e+00,1.687054782280759468e+01,2.700000000000000178e+00
1.142800000000002001e-05,1.692453723775903285e+01,3.034603893101141647e+00,1.689874833061324111e+01,1.500016896019362056e+00,1.687054782280678822e+01,2.700000000000000178e+00
1.152800000000002075e-05,1.692453723775829744e+01,3.034603893100403571e+00,1.689874833061222503e+01,1.500016896026753033e+00,1.687054782280604215e+01,2.700000000000000178e+00
1.162800000000002148e-05,1.692453723775753360e+01,3.034603893099634853e+00,1.689874833061121961e+01,1.500016896055976767e+00,1.687054782280528187e+01,2.700000000000000178e+00
1.172800000000002222e-05,1.692453723775679819e+01,3.034603893098895000e+00,1.689874833061022485e+01,1.500016896070643924e+00,1.687054782280455711e+01,2.700000000000000178e+00
1.182800000000002296e-05,1.692453723775605923e+01,3.034603893098149374e+00,1.689874833060924075e+01,1.500016896099863883e+00,1.687054782280381104e+01,2.700000000000000178e+00
1.192800000000002369e-05,1.692453723775533447e+01,3.034603893097416627e+00,1.689874833060826020e+01,1.500016896092702057e+00,1.687054782280308629e+01,2.700000000000000178e+00
1.202800000000002443e-05,1.692453723775462748e+01,3.034603893096701643e+00,1.689874833060727966e+01,1.500016896107365438e+00,1.687054782280238285e+01,2.700000000000000178e+00
1.212800000000002517e-05,1.692453723775394181e+01,3.034603893096004867e+00,1.689874833060630976e+01,1.500016896129301669e+00,1.687054782280171139e+01,2.700000000000000178e+00
1.222800000000002590e-05,1.692453723775321350e+01,3.034603893095264571e+00,1.689874833060534343e+01,1.500016896136692868e+00,1.687054782280096532e+01,2.700000000000000178e+00
1.232800000000002664e-05,1.692453723775249586e+01,3.034603893094533600e+00,1.689874833060438419e+01,1.500016896158634427e+00,1.687054782280024057e+01,2.700000000000000178e+00
1.242800000000002738e-05,1.692453723775173557e+01,3.034603893093761773e+00,1.689874833060342851e+01,1.500016896158754776e+00,1.687054782279948384e+01,2.700000000000000178e+00
1.252800000000002811e-05,1.692453723775102858e+01,3.034603893093046345e+00,1.689874833060247994e+01,1.500016896180694115e+00,1.687054782279877330e+01,2.700000000000000178e+00
1.262800000000002885e-05,1.692453723775028251e+01,3.034603893092292282e+00,1.689874833060153847e+01,1.500016896195363492e+00,1.687054782279803788e+01,2.700000000000000178e+00
1.272800000000002959e-05,1.692453723774958618e+01,3.034603893091587956e+00,1.689874833060060055e+01,1.500016896195473182e+00,1.687054782279734511e+01,2.700000000000000178e+00
1.282800000000003032e-05,1.692453723774885432e+01,3.034603893090848103e+00,1.689874833059967330e+01,1.500016896224692253e+00,1.687054782279660259e+01,2.700000000000000178e+00
1.292800000000003106e-05,1.692453723774817931e+01,3.034603893090165094e+00,1.689874833059875314e+01,1.500016896232074570e+00,1.687054782279592757e+01,2.700000000000000178e+00
1.302800000000003180e-05,1.692453723774753982e+01,3.034603893089518056e+00,1.689874833059783654e+01,1.500016896239451336e+00,1.687054782279529164e+01,2.700000000000000178e+00
1.312800000000003253e-05,1.692453723774688612e+01,3.034603893088853255e+00,1.689874833059692349e+01,1.500016896254106502e+00,1.687054782279463794e+01,2.700000000000000178e+00
1.322800000000003327e-05,1.692453723774621821e+01,3.034603893088174242e+00,1.689874833059602111e+01,1.500016896276040068e+00,1.687054782279396292e+01,2.700000000000000178e+00
1.332800000000003401e-05,1.692453723774554319e+01,3.034603893087491233e+00,1.689874833059512227e+01,1.500016896290698565e+00,1.687054782279329501e+01,2.700000000000000178e+00
1.342800000000003474e-05,1.692453723774487173e+01,3.034603893086812221e+00,1.689874833059423054e+01,1.500016896305356173e+00,1.687054782279262355e+01,2.700000000000000178e+00
1.352800000000003548e-05,1.692453723774423935e+01,3.034603893086174065e+00,1.689874833059334591e+01,1.500016896320007564e+00,1.687054782279198761e+01,2.700000000000000178e+00
1.362800000000003622e-05,1.692453723774358920e+01,3.034603893085514592e+00,1.689874833059246839e+01,1.500016896327386107e+00,1.687054782279133747e+01,2.700000000000000178e+00
1.372800000000003695e-05,1.692453723774288932e+01,3.034603893084803161e+00,1.689874833059159087e+01,1.500016896327496907e+00,1.687054782279065179e+01,2.700000000000000178e+00
1.382800000000003769e-05,1.692453723774222141e+01,3.034603893084125925e+00,1.689874833059071690e+01,1.500016896342154293e+00,1.687054782278998744e+01,2.700000000000000178e+00
1.392800000000003843e-05,1.692453723774153929e+01,3.034603893083435810e+00,1.689874833058985359e+01,1.500016896364089636e+00,1.687054782278929110e+01,2.700000000000000178e+00
1.402800000000003916e-05,1.692453723774088559e+01,3.034603893082776338e+00,1.689874833058899029e+01,1.500016896371468400e+00,1.687054782278864096e+01,2.700000000000000178e+00
1.412800000000003990e-05,1.692453723774022123e+01,3.034603893082102655e+00,1.689874833058813408e+01,1.500016896393401300e+00,1.687054782278798370e+01,2.700000000000000178e+00
1.422800000000004064e-05,1.692453723773959240e+01,3.034603893081466275e+00,1.689874833058728498e+01,1.500016896400776290e+00,1.687054782278734777e+01,2.700000000000000178e+00
1.432800000000004137e-05,1.692453723773894225e+01,3.034603893080810355e+00,1.689874833058644299e+01,1.500016896415430123e+00,1.687054782278670118e+01,2.700000000000000178e+00
1.442800000000004211e-05,1.692453723773834895e+01,3.034603893080209502e+00,1.689874833058560100e+01,1.500016896415524048e+00,1.687054782278611853e+01,2.700000000000000178e+00
1.452800000000004285e-05,1.692453723773780183e+01,3.034603893079653503e+00,1.689874833058476966e+01,1.500016896437438518e+00,1.687054782278556786e+01,2.700000000000000178e+00
1.462800000000004358e-05,1.692453723773719432e+01,3.034603893079038883e+00,1.689874833058394188e+01,1.500016896459361870e+00,1.687054782278494258e+01,2.700000000000000178e+00
1.472800000000004432e-05,1.692453723773657259e+01,3.034603893078411385e+00,1.689874833058311765e+01,1.500016896459459570e+00,1.687054782278432796e+01,2.700000000000000178e+00
1.482800000000004506e-05,1.692453723773594021e+01,3.034603893077773229e+00,1.689874833058230408e+01,1.500016896474110961e+00,1.687054782278370979e+01,2.700000000000000178e+00
1.492800000000004579e-05,1.692453723773533270e+01,3.034603893077158610e+00,1.689874833058149406e+01,1.500016896481482842e+00,1.687054782278309517e+01,2.700000000000000178e+00
1.502800000000004653e-05,1.692453723773468965e+01,3.034603893076508019e+00,1.689874833058068759e+01,1.500016896488860052e+00,1.687054782278244858e+01,2.700000000000000178e+00
1.512800000000004727e-05,1.692453723773404661e+01,3.034603893075857428e+00,1.689874833057988823e+01,1.500016896503513220e+00,1.687054782278180554e+01,2.700000000000000178e+00
1.522800000000004800e-05,1.692453723773344976e+01,3.034603893075254799e+00,1.689874833057909242e+01,1.500016896518159060e+00,1.687054782278120157e+01,2.700000000000000178e+00
1.532800000000004705e-05,1.692453723773283158e+01,3.034603893074629521e+00,1.689874833057830728e+01,1.500016896547360146e+00,1.687054782278058696e+01,2.700000000000000178e+00
1.542800000000004609e-05,1.692453723773228802e+01,3.034603893074078851e+00,1.689874833057752213e+01,1.500016896547445855e+00,1.687054782278003984e+01,2.700000000000000178e+00
1.552800000000004513e-05,1.692453723773174090e+01,3.034603893073526404e+00,1.689874833057673698e+01,1.500016896532980093e+00,1.687054782277949627e+01,2.700000000000000178e+00
1.562800000000004417e-05,1.692453723773117602e+01,3.034603893072952641e+00,1.689874833057596248e+01,1.500016896576725101e+00,1.687054782277891718e+01,2.700000000000000178e+00
1.572800000000004322e-05,1.692453723773059338e+01,3.034603893072364666e+00,1.689874833057519155e+01,1.500016896576816805e+00,1.687054782277834875e+01,2.700000000000000178e+00
1.582800000000004226e-05,1.692453723772999297e+01,3.034603893071760705e+00,1.689874833057442416e+01,1.500016896576910952e+00,1.687054782277774123e+01,2.700000000000000178e+00
1.592800000000004130e-05,1.692453723772941032e+01,3.034603893071170511e+00,1.689874833057366388e+01,1.500016896606106709e+00,1.687054782277715503e+01,2.700000000000000178e+00
1.602800000000004034e-05,1.692453723772887031e+01,3.034603893070623837e+00,1.689874833057290715e+01,1.500016896606191974e+00,1.687054782277662568e+01,2.700000000000000178e+00
1.612800000000003939e-05,1.692453723772828411e+01,3.034603893070030534e+00,1.689874833057216108e+01,1.500016896613560080e+00,1.687054782277604303e+01,2.700000000000000178e+00
1.622800000000003843e-05,1.692453723772771568e+01,3.034603893069453218e+00,1.689874833057142212e+01,1.500016896642753839e+00,1.687054782277547105e+01,2.700000000000000178e+00
1.632800000000003747e-05,1.692453723772719343e+01,3.034603893068920311e+00,1.689874833057067960e+01,1.500016896635560926e+00,1.687054782277494880e+01,2.700000000000000178e+00
1.642800000000003651e-05,1.692453723772661434e+01,3.034603893068330560e+00,1.689874833056994419e+01,1.500016896650204545e+00,1.687054782277437326e+01,2.700000000000000178e+00
1.652800000000003556e-05,1.692453723772603524e+01,3.034603893067742586e+00,1.689874833056921233e+01,1.500016896664848165e+00,1.687054782277380127e+01,2.700000000000000178e+00
1.662800000000003460e-05,1.692453723772549168e+01,3.034603893067191915e+00,1.689874833056848402e+01,1.500016896664933874e+00,1.687054782277325415e+01,2.700000000000000178e+00
1.672800000000003364e-05,1.692453723772497653e+01,3.034603893066671887e+00,1.689874833056776282e+01,1.500016896686842571e+00,1.687054782277274256e+01,2.700000000000000178e+00
1.682800000000003268e-05,1.692453723772447560e+01,3.034603893066160740e+00,1.689874833056704873e+01,1.500016896701474201e+00,1.687054782277223808e+01,2.700000000000000178e+00
1.692800000000003173e-05,1.692453723772394270e+01,3.034603893065618951e+00,1.689874833056633818e+01,1.500016896701558577e+00,1.687054782277171228e+01,2.700000000000000178e+00
1.702800000000003077e-05,1.692453723772340624e+01,3.034603893065072278e+00,1.689874833056563475e+01,1.500016896723471493e+00,1.687054782277117937e+01,2.700000000000000178e+00
1.712800000000002981e-05,1.692453723772289820e+01,3.034603893064557578e+00,1.689874833056492776e+01,1.500016896708999736e+00,1.687054782277067133e+01,2.700000000000000178e+00
1.722800000000002885e-05,1.692453723772238661e+01,3.034603893064035329e+00,1.689874833056423142e+01,1.500016896730908877e+00,1.687054782277015619e+01,2.700000000000000178e+00
1.732800000000002790e-05,1.692453723772183594e+01,3.034603893063477997e+00,1.689874833056353864e+01,1.500016896745547612e+00,1.687054782276960196e+01,2.700000000000000178e+00
1.742800000000002694e-05,1.692453723772132079e+01,3.034603893062955748e+00,1.689874833056285297e+01,1.500016896752905060e+00,1.687054782276908682e+01,2.700000000000000178e+00
1.752800000000002598e-05,1.692453723772078078e+01,3.034603893062409075e+00,1.689874833056217085e+01,1.500016896774817976e+00,1.687054782276854326e+01,2.700000000000000178e+00
1.762800000000002502e-05,1.692453723772026564e+01,3.034603893061887270e+00,1.689874833056149228e+01,1.500016896774899244e+00,1.687054782276802811e+01,2.700000000000000178e+00
1.772800000000002407e-05,1.692453723771971852e+01,3.034603893061333046e+00,1.689874833056082082e+01,1.500016896789537535e+00,1.687054782276747389e+01,2.700000000000000178e+00
1.782800000000002311e-05,1.692453723771924246e+01,3.034603893060848545e+00,1.689874833056015291e+01,1.500016896789612808e+00,1.687054782276700138e+01,2.700000000000000178e+00
1.792800000000002215e-05,1.692453723771875929e+01,3.034603893060356938e+00,1.689874833055948500e+01,1.500016896796965593e+00,1.687054782276652176e+01,2.700000000000000178e+00
1.802800000000002119e-05,1.692453723771824059e+01,3.034603893059831581e+00,1.689874833055882419e+01,1.500016896818875178e+00,1.687054782276601017e+01,2.700000000000000178e+00
1.812800000000002024e-05,1.692453723771776808e+01,3.034603893059350632e+00,1.689874833055816694e+01,1.500016896826225965e+00,1.687054782276553055e+01,2.700000000000000178e+00
1.822800000000001928e-05,1.692453723771728136e+01,3.034603893058857249e+00,1.689874833055751679e+01,1.500016896833578528e+00,1.687054782276503673e+01,2.700000000000000178e+00
1.832800000000001832e-05,1.692453723771680529e+01,3.034603893058376745e+00,1.689874833055687020e+01,1.500016896848205494e+00,1.687054782276457132e+01,2.700000000000000178e+00
1.842800000000001736e-05,1.692453723771628660e+01,3.034603893057849167e+00,1.689874833055622716e+01,1.500016896855563608e+00,1.687054782276405618e+01,2.700000000000000178e+00
1.852800000000001641e-05,1.692453723771578211e+01,3.034603893057334467e+00,1.689874833055558412e+01,1.500016896848367587e+00,1.687054782276354459e+01,2.700000000000000178e+00
1.862800000000001545e-05,1.692453723771525631e+01,3.034603893056796675e+00,1.689874833055495529e+01,1.500016896884831308e+00,1.687054782276302234e+01,2.700000000000000178e+00
1.872800000000001449e-05,1.692453723771479090e+01,3.034603893056322832e+00,1.689874833055432646e+01,1.500016896877629069e+00,1.687054782276255338e+01,2.700000000000000178e+00
1.882800000000001353e-05,1.692453723771440011e+01,3.034603893055920931e+00,1.689874833055370118e+01,1.500016896877691464e+00,1.687054782276216613e+01,2.700000000000000178e+00
1.892800000000001258e-05,1.692453723771393470e+01,3.034603893055445312e+00,1.689874833055308301e+01,1.500016896906869457e+00,1.687054782276169718e+01,2.700000000000000178e+00
1.902800000000001162e-05,1.692453723771350127e+01,3.034603893055000334e+00,1.689874833055246484e+01,1.500016896906938735e+00,1.687054782276126019e+01,2.700000000000000178e+00
1.912800000000001066e-05,1.692453723771295060e+01,3.034603893054439006e+00,1.689874833055185022e+01,1.500016896921577914e+00,1.687054782276069886e+01,2.700000000000000178e+00
1.922800000000000971e-05,1.692453723771250296e+01,3.034603893053979817e+00,1.689874833055123915e+01,1.500016896914373454e+00,1.687054782276024767e+01,2.700000000000000178e+00
1.932800000000000875e-05,1.692453723771204466e+01,3.034603893053511303e+00,1.689874833055063164e+01,1.500016896921722465e+00,1.687054782275978226e+01,2.700000000000000178e+00
1.942800000000000779e-05,1.692453723771160057e+01,3.034603893053055668e+00,1.689874833055003123e+01,1.500016896950897127e+00,1.687054782275934883e+01,2.700000000000000178e+00
1.952800000000000683e-05,1.692453723771116003e+01,3.034603893052605361e+00,1.689874833054943437e+01,1.500016896943691336e+00,1.687054782275890474e+01,2.700000000000000178e+00
1.962800000000000588e-05,1.692453723771071239e+01,3.034603893052147505e+00,1.689874833054883752e+01,1.500016896951038570e+00,1.687054782275845710e+01,2.700000000000000178e+00
1.972800000000000492e-05,1.692453723771028251e+01,3.034603893051707857e+00,1.689874833054824421e+01,1.500016896958382917e+00,1.687054782275803078e+01,2.700000000000000178e+00
1.982800000000000396e-05,1.692453723770980289e+01,3.034603893051219803e+00,1.689874833054765446e+01,1.500016896973010549e+00,1.687054782275753695e+01,2.700000000000000178e+00
1.992800000000000300e-05,1.692453723770941210e+01,3.034603893050816126e+00,1.689874833054706826e+01,1.500016896973073388e+00,1.687054782275714260e+01,2.700000000000000178e+00
2.002800000000000205e-05,1.692453723770901775e+01,3.034603893050412005e+00,1.689874833054648917e+01,1.500016896987688142e+00,1.687054782275675180e+01,2.700000000000000178e+00
2.012800000000000109e-05,1.692453723770864826e+01,3.034603893050033196e+00,1.689874833054591363e+01,1.500016896995023163e+00,1.687054782275638587e+01,2.700000000000000178e+00
2.022800000000000013e-05,1.692453723770822194e+01,3.034603893049597101e+00,1.689874833054534520e+01,1.500016897009643246e+00,1.687054782275596665e+01,2.700000000000000178e+00
2.032799999999999917e-05,1.692453723770771390e+01,3.034603893049080625e+00,1.689874833054478032e+01,1.500016897024275320e+00,1.687054782275546216e+01,2.700000000000000178e+00
2.042799999999999822e-05,1.692453723770726981e+01,3.034603893048629875e+00,1.689874833054421543e+01,1.500016897024345486e+00,1.687054782275501452e+01,2.700000000000000178e+00
2.052799999999999726e-05,1.692453723770685059e+01,3.034603893048199108e+00,1.689874833054365411e+01,1.500016897031688501e+00,1.687054782275460241e+01,2.700000000000000178e+00
2.062799999999999630e-05,1.692453723770645624e+01,3.034603893047797207e+00,1.689874833054309988e+01,1.500016897039027075e+00,1.687054782275419385e+01,2.700000000000000178e+00
2.072799999999999534e-05,1.692453723770606544e+01,3.034603893047400192e+00,1.689874833054254566e+01,1.500016897039088803e+00,1.687054782275379949e+01,2.700000000000000178e+00
2.082799999999999439e-05,1.692453723770565333e+01,3.034603893046976530e+00,1.689874833054200209e+01,1.500016897068258803e+00,1.687054782275339093e+01,2.700000000000000178e+00
2.092799999999999343e-05,1.692453723770527318e+01,3.034603893046587064e+00,1.689874833054145853e+01,1.500016897061043242e+00,1.687054782275300724e+01,2.700000000000000178e+00
2.102799999999999247e-05,1.692453723770484686e+01,3.034603893046154521e+00,1.689874833054091852e+01,1.500016897068386479e+00,1.687054782275258091e+01,2.700000000000000178e+00
2.112799999999999151e-05,1.692453723770443474e+01,3.034603893045732637e+00,1.689874833054038206e+01,1.500016897090280077e+00,1.687054782275216880e+01,2.700000000000000178e+00
2.122799999999999056e-05,1.692453723770401197e+01,3.034603893045300094e+00,1.689874833053984915e+01,1.500016897097623536e+00,1.687054782275174247e+01,2.700000000000000178e+00
2.132799999999998960e-05,1.692453723770356788e+01,3.034603893044846235e+00,1.689874833053931980e+01,1.500016897097694146e+00,1.687054782275130194e+01,2.700000000000000178e+00
2.142799999999998864e-05,1.692453723770314511e+01,3.034603893044417244e+00,1.689874833053879044e+01,1.500016897090484802e+00,1.687054782275087561e+01,2.700000000000000178e+00
2.152799999999998768e-05,1.692453723770279339e+01,3.034603893044056200e+00,1.689874833053826109e+01,1.500016897090541201e+00,1.687054782275052389e+01,2.700000000000000178e+00
2.162799999999998673e-05,1.692453723770240970e+01,3.034603893043662737e+00,1.689874833053774239e+01,1.500016897119706094e+00,1.687054782275014020e+01,2.700000000000000178e+00
2.172799999999998577e-05,1.692453723770199758e+01,3.034603893043240852e+00,1.689874833053722725e+01,1.500016897127047777e+00,1.687054782274972808e+01,2.700000000000000178e+00
2.182799999999998481e-05,1.692453723770167073e+01,3.034603893042899792e+00,1.689874833053671210e+01,1.500016897134376803e+00,1.687054782274940123e+01,2.700000000000000178e+00
2.192799999999998385e-05,1.692453723770131191e+01,3.034603893042529865e+00,1.689874833053620051e+01,1.500016897148986450e+00,1.687054782274904596e+01,2.700000000000000178e+00
2.202799999999998290e-05,1.692453723770092822e+01,3.034603893042136402e+00,1.689874833053569603e+01,1.500016897156323470e+00,1.687054782274866227e+01,2.700000000000000178e+00
2.212799999999998194e-05,1.692453723770053742e+01,3.034603893041735834e+00,1.689874833053519509e+01,1.500016897170937558e+00,1.687054782274826792e+01,2.700000000000000178e+00
2.222799999999998098e-05,1.692453723770016794e+01,3.034603893041358802e+00,1.689874833053469771e+01,1.500016897156444484e+00,1.687054782274790199e+01,2.700000000000000178e+00
2.232799999999998002e-05,1.692453723769979845e+01,3.034603893040979994e+00,1.689874833053420389e+01,1.500016897185607156e+00,1.687054782274753251e+01,2.700000000000000178e+00
2.242799999999997907e-05,1.692453723769941831e+01,3.034603893040594080e+00,1.689874833053371006e+01,1.500016897178391373e+00,1.687054782274715592e+01,2.700000000000000178e+00
2.252799999999997811e-05,1.692453723769904173e+01,3.034603893040209499e+00,1.689874833053321623e+01,1.500016897185727283e+00,1.687054782274677578e+01,2.700000000000000178e+00
2.262799999999997715e-05,1.692453723769867580e+01,3.034603893039832467e+00,1.689874833053272596e+01,1.500016897185786124e+00,1.687054782274640985e+01,2.700000000000000178e+00
2.272799999999997619e-05,1.692453723769826723e+01,3.034603893039419464e+00,1.689874833053224279e+01,1.500016897207677946e+00,1.687054782274600129e+01,2.700000000000000178e+00
2.282799999999997524e-05,1.692453723769791196e+01,3.034603893039053091e+00,1.689874833053175962e+01,1.500016897200459276e+00,1.687054782274564602e+01,2.700000000000000178e+00
2.292799999999997428e-05,1.692453723769748919e+01,3.034603893038624101e+00,1.689874833053128356e+01,1.500016897215077805e+00,1.687054782274522680e+01,2.700000000000000178e+00
2.302799999999997332e-05,1.692453723769717655e+01,3.034603893038307909e+00,1.689874833053080749e+01,1.500016897215127099e+00,1.687054782274491771e+01,2.700000000000000178e+00
2.312799999999997237e-05,1.692453723769688168e+01,3.034603893038007705e+00,1.689874833053033143e+01,1.500016897215173728e+00,1.687054782274462994e+01,2.700000000000000178e+00
2.322799999999997141e-05,1.692453723769653706e+01,3.034603893037655542e+00,1.689874833052986247e+01,1.500016897244332403e+00,1.687054782274428888e+01,2.700000000000000178e+00
2.332799999999997045e-05,1.692453723769618534e+01,3.034603893037299827e+00,1.689874833052940062e+01,1.500016897244387692e+00,1.687054782274393361e+01,2.700000000000000178e+00
2.342799999999996949e-05,1.692453723769589047e+01,3.034603893036997846e+00,1.689874833052893877e+01,1.500016897237158808e+00,1.687054782274363518e+01,2.700000000000000178e+00
2.352799999999996854e-05,1.692453723769554230e+01,3.034603893036643907e+00,1.689874833052848047e+01,1.500016897259041748e+00,1.687054782274327991e+01,2.700000000000000178e+00
2.362799999999996758e-05,1.692453723769515861e+01,3.034603893036257549e+00,1.689874833052802572e+01,1.500016897251826187e+00,1.687054782274288911e+01,2.700000000000000178e+00
2.372799999999996662e-05,1.692453723769483531e+01,3.034603893035930700e+00,1.689874833052757097e+01,1.500016897259152993e+00,1.687054782274257647e+01,2.700000000000000178e+00
2.382799999999996566e-05,1.692453723769450846e+01,3.034603893035599853e+00,1.689874833052711622e+01,1.500016897266480465e+00,1.687054782274225317e+01,2.700000000000000178e+00
2.392799999999996471e-05,1.692453723769415674e+01,3.034603893035244138e+00,1.689874833052666503e+01,1.500016897273811933e+00,1.687054782274190146e+01,2.700000000000000178e+00
2.402799999999996375e-05,1.692453723769389029e+01,3.034603893034974131e+00,1.689874833052621739e+01,1.500016897273853900e+00,1.687054782274162790e+01,2.700000000000000178e+00
2.412799999999996279e-05,1.692453723769354923e+01,3.034603893034629518e+00,1.689874833052577685e+01,1.500016897303011243e+00,1.687054782274128684e+01,2.700000000000000178e+00
2.422799999999996183e-05,1.692453723769316198e+01,3.034603893034237831e+00,1.689874833052534342e+01,1.500016897317624442e+00,1.687054782274090314e+01,2.700000000000000178e+00
2.432799999999996088e-05,1.692453723769281027e+01,3.034603893033878563e+00,1.689874833052490999e+01,1.500016897303128260e+00,1.687054782274055853e+01,2.700000000000000178e+00
2.442799999999995992e-05,1.692453723769246565e+01,3.034603893033528177e+00,1.689874833052448011e+01,1.500016897317734799e+00,1.687054782274020326e+01,2.700000000000000178e+00
2.452799999999995896e-05,1.692453723769214946e+01,3.034603893033204880e+00,1.689874833052405378e+01,1.500016897325060938e+00,1.687054782273987996e+01,2.700000000000000178e+00
2.462799999999995800e-05,1.692453723769181906e+01,3.034603893032865152e+00,1.689874833052363101e+01,1.500016897332389743e+00,1.687054782273956022e+01,2.700000000000000178e+00
2.472799999999995705e-05,1.692453723769149931e+01,3.034603893032538302e+00,1.689874833052320824e+01,1.500016897325164855e+00,1.687054782273924403e+01,2.700000000000000178e+00
2.482799999999995609e-05,1.692453723769120799e+01,3.034603893032239874e+00,1.689874833052278547e+01,1.500016897332487220e+00,1.687054782273895626e+01,2.700000000000000178e+00
2.492799999999995513e-05,1.692453723769092022e+01,3.034603893031946331e+00,1.689874833052236980e+01,1.500016897339808919e+00,1.687054782273865783e+01,2.700000000000000178e+00
2.502799999999995417e-05,1.692453723769060758e+01,3.034603893031626587e+00,1.689874833052195413e+01,1.500016897339858435e+00,1.687054782273834164e+01,2.700000000000000178e+00
2.512799999999995322e-05,1.692453723769031626e+01,3.034603893031328159e+00,1.689874833052154202e+01,1.500016897354456979e+00,1.687054782273805742e+01,2.700000000000000178e+00
2.522799999999995226e-05,1.692453723768999296e+01,3.034603893030995536e+00,1.689874833052113345e+01,1.500016897361784673e+00,1.687054782273773768e+01,2.700000000000000178e+00
2.532799999999995130e-05,1.692453723768966611e+01,3.034603893030661581e+00,1.689874833052072844e+01,1.500016897369112590e+00,1.687054782273742148e+01,2.700000000000000178e+00
2.542799999999995034e-05,1.692453723768940677e+01,3.034603893030395128e+00,1.689874833052032699e+01,1.500016897376430069e+00,1.687054782273715858e+01,2.700000000000000178e+00
2.552799999999994939e-05,1.692453723768911900e+01,3.034603893030098476e+00,1.689874833051992553e+01,1.500016897376476255e+00,1.687054782273687081e+01,2.700000000000000178e+00
2.562799999999994843e-05,1.692453723768873530e+01,3.034603893029708566e+00,1.689874833051953118e+01,1.500016897398364746e+00,1.687054782273649423e+01,2.700000000000000178e+00
2.572799999999994747e-05,1.692453723768844398e+01,3.034603893029406585e+00,1.689874833051914038e+01,1.500016897391135640e+00,1.687054782273620646e+01,2.700000000000000178e+00
2.582799999999994651e-05,1.692453723768818818e+01,3.034603893029141908e+00,1.689874833051874603e+01,1.500016897398453120e+00,1.687054782273593645e+01,2.700000000000000178e+00
2.592799999999994556e-05,1.692453723768789686e+01,3.034603893028843480e+00,1.689874833051835523e+01,1.500016897405775262e+00,1.687054782273564513e+01,2.700000000000000178e+00
2.602799999999994460e-05,1.692453723768764817e+01,3.034603893028586352e+00,1.689874833051796443e+01,1.500016897398539495e+00,1.687054782273539644e+01,2.700000000000000178e+00
2.612799999999994364e-05,1.692453723768734264e+01,3.034603893028273269e+00,1.689874833051758074e+01,1.500016897420415996e+00,1.687054782273509801e+01,2.700000000000000178e+00
2.622799999999994268e-05,1.692453723768703355e+01,3.034603893027955301e+00,1.689874833051719705e+01,1.500016897413189332e+00,1.687054782273478537e+01,2.700000000000000178e+00
2.632799999999994173e-05,1.692453723768677065e+01,3.034603893027685295e+00,1.689874833051681691e+01,1.500016897420507478e+00,1.687054782273451536e+01,2.700000000000000178e+00
2.642799999999994077e-05,1.692453723768647578e+01,3.034603893027381538e+00,1.689874833051643677e+01,1.500016897420554773e+00,1.687054782273422404e+01,2.700000000000000178e+00
2.652799999999993981e-05,1.692453723768623064e+01,3.034603893027123966e+00,1.689874833051605663e+01,1.500016897420594741e+00,1.687054782273397535e+01,2.700000000000000178e+00
2.662799999999993885e-05,1.692453723768593932e+01,3.034603893026827315e+00,1.689874833051568004e+01,1.500016897435192842e+00,1.687054782273368758e+01,2.700000000000000178e+00
2.672799999999993790e-05,1.692453723768564799e+01,3.034603893026528887e+00,1.689874833051530700e+01,1.500016897449791387e+00,1.687054782273339626e+01,2.700000000000000178e+00
2.682799999999993694e-05,1.692453723768532825e+01,3.034603893026200261e+00,1.689874833051493752e+01,1.500016897449842457e+00,1.687054782273308007e+01,2.700000000000000178e+00
2.692799999999993598e-05,1.692453723768499785e+01,3.034603893025865862e+00,1.689874833051456804e+01,1.500016897449894415e+00,1.687054782273276032e+01,2.700000000000000178e+00
2.702799999999993502e-05,1.692453723768472074e+01,3.034603893025581645e+00,1.689874833051420566e+01,1.500016897464490517e+00,1.687054782273247611e+01,2.700000000000000178e+00
2.712799999999993407e-05,1.692453723768445073e+01,3.034603893025302757e+00,1.689874833051384329e+01,1.500016897464534038e+00,1.687054782273219544e+01,2.700000000000000178e+00
2.722799999999993311e-05,1.692453723768419493e+01,3.034603893025038079e+00,1.689874833051348446e+01,1.500016897471851074e+00,1.687054782273193965e+01,2.700000000000000178e+00
2.732799999999993215e-05,1.692453723768400309e+01,3.034603893024840016e+00,1.689874833051312564e+01,1.500016897471881938e+00,1.687054782273174780e+01,2.700000000000000178e+00
2.742799999999993120e-05,1.692453723768371532e+01,3.034603893024548693e+00,1.689874833051278102e+01,1.500016897508307245e+00,1.687054782273146358e+01,2.700000000000000178e+00
2.752799999999993024e-05,1.692453723768339557e+01,3.034603893024219623e+00,1.689874833051243286e+01,1.500016897493806400e+00,1.687054782273113673e+01,2.700000000000000178e+00
2.762799999999992928e-05,1.692453723768310780e+01,3.034603893023922971e+00,1.689874833051208469e+01,1.500016897493852586e+00,1.687054782273085607e+01,2.700000000000000178e+00
2.772799999999992832e-05,1.692453723768288754e+01,3.034603893023696042e+00,1.689874833051173653e+01,1.500016897493887669e+00,1.687054782273063225e+01,2.700000000000000178e+00
2.782799999999992737e-05,1.692453723768266016e+01,3.034603893023463339e+00,1.689874833051139191e+01,1.500016897501200042e+00,1.687054782273039777e+01,2.700000000000000178e+00
2.792799999999992641e-05,1.692453723768242568e+01,3.034603893023222199e+00,1.689874833051105085e+01,1.500016897501237567e+00,1.687054782273016329e+01,2.700000000000000178e+00
2.802799999999992545e-05,1.692453723768220186e+01,3.034603893022991716e+00,1.689874833051071334e+01,1.500016897508549274e+00,1.687054782272994302e+01,2.700000000000000178e+00
2.812799999999992449e-05,1.692453723768194962e+01,3.034603893022732368e+00,1.689874833051037939e+01,1.500016897523141601e+00,1.687054782272969078e+01,2.700000000000000178e+00
2.822799999999992354e-05,1.692453723768169027e+01,3.034603893022466359e+00,1.689874833051004188e+01,1.500016897515906944e+00,1.687054782272943143e+01,2.700000000000000178e+00
2.832799999999992258e-05,1.692453723768139184e+01,3.034603893022160381e+00,1.689874833050970793e+01,1.500016897530506599e+00,1.687054782272913300e+01,2.700000000000000178e+00
2.842799999999992162e-05,1.692453723768110763e+01,3.034603893021867282e+00,1.689874833050937752e+01,1.500016897537828298e+00,1.687054782272884523e+01,2.700000000000000178e+00
2.852799999999992066e-05,1.692453723768087670e+01,3.034603893021627918e+00,1.689874833050904712e+01,1.500016897537865379e+00,1.687054782272860720e+01,2.700000000000000178e+00
2.862799999999991971e-05,1.692453723768063156e+01,3.034603893021374343e+00,1.689874833050871672e+01,1.500016897537904903e+00,1.687054782272836562e+01,2.700000000000000178e+00
2.872799999999991875e-05,1.692453723768037577e+01,3.034603893021109666e+00,1.689874833050839342e+01,1.500016897552497896e+00,1.687054782272811693e+01,2.700000000000000178e+00
2.882799999999991779e-05,1.692453723768017326e+01,3.034603893020900500e+00,1.689874833050807013e+01,1.500016897545254579e+00,1.687054782272791442e+01,2.700000000000000178e+00
2.892799999999991683e-05,1.692453723767994234e+01,3.034603893020662913e+00,1.689874833050774683e+01,1.500016897552567396e+00,1.687054782272768350e+01,2.700000000000000178e+00
2.902799999999991588e-05,1.692453723767972207e+01,3.034603893020435539e+00,1.689874833050743064e+01,1.500016897559878881e+00,1.687054782272745967e+01,2.700000000000000178e+00
2.912799999999991492e-05,1.692453723767949469e+01,3.034603893020197951e+00,1.689874833050711445e+01,1.500016897559915741e+00,1.687054782272723585e+01,2.700000000000000178e+00
2.922799999999991396e-05,1.692453723767917495e+01,3.034603893019871101e+00,1.689874833050679825e+01,1.500016897574518504e+00,1.687054782272690900e+01,2.700000000000000178e+00
2.932799999999991300e-05,1.692453723767888718e+01,3.034603893019577558e+00,1.689874833050647851e+01,1.500016897560012330e+00,1.687054782272661768e+01,2.700000000000000178e+00
2.942799999999991205e-05,1.692453723767867046e+01,3.034603893019354182e+00,1.689874833050615877e+01,1.500016897560046969e+00,1.687054782272640097e+01,2.700000000000000178e+00
2.952799999999991109e-05,1.692453723767843954e+01,3.034603893019120147e+00,1.689874833050584257e+01,1.500016897574635522e+00,1.687054782272617359e+01,2.700000000000000178e+00
2.962799999999991013e-05,1.692453723767820861e+01,3.034603893018886112e+00,1.689874833050553349e+01,1.500016897574671715e+00,1.687054782272594977e+01,2.700000000000000178e+00
2.972799999999990917e-05,1.692453723767802387e+01,3.034603893018694709e+00,1.689874833050522440e+01,1.500016897581977648e+00,1.687054782272576503e+01,2.700000000000000178e+00
2.982799999999990822e-05,1.692453723767776452e+01,3.034603893018426923e+00,1.689874833050492242e+01,1.500016897596571086e+00,1.687054782272549858e+01,2.700000000000000178e+00
2.992799999999990726e-05,1.692453723767756912e+01,3.034603893018226639e+00,1.689874833050462044e+01,1.500016897603878130e+00,1.687054782272530673e+01,2.700000000000000178e+00
3.002799999999990630e-05,1.692453723767733464e+01,3.034603893017985055e+00,1.689874833050432201e+01,1.500016897603915655e+00,1.687054782272507936e+01,2.700000000000000178e+00
3.012799999999990534e-05,1.692453723767712148e+01,3.034603893017767007e+00,1.689874833050402714e+01,1.500016897611225586e+00,1.687054782272486975e+01,2.700000000000000178e+00
3.022799999999990439e-05,1.692453723767692608e+01,3.034603893017567167e+00,1.689874833050373226e+01,1.500016897611256894e+00,1.687054782272466724e+01,2.700000000000000178e+00
3.032799999999990343e-05,1.692453723767667384e+01,3.034603893017309595e+00,1.689874833050343739e+01,1.500016897618572820e+00,1.687054782272440789e+01,2.700000000000000178e+00
3.042799999999990247e-05,1.692453723767645712e+01,3.034603893017086218e+00,1.689874833050315317e+01,1.500016897633159596e+00,1.687054782272418407e+01,2.700000000000000178e+00
3.052799999999990151e-05,1.692453723767624751e+01,3.034603893016873499e+00,1.689874833050286540e+01,1.500016897633192903e+00,1.687054782272398512e+01,2.700000000000000178e+00
3.062799999999990395e-05,1.692453723767609830e+01,3.034603893016721621e+00,1.689874833050258118e+01,1.500016897640492397e+00,1.687054782272383591e+01,2.700000000000000178e+00
3.072799999999990638e-05,1.692453723767589935e+01,3.034603893016519560e+00,1.689874833050229341e+01,1.500016897625972012e+00,1.687054782272363695e+01,2.700000000000000178e+00
3.082799999999990881e-05,1.692453723767564355e+01,3.034603893016258436e+00,1.689874833050200920e+01,1.500016897647840297e+00,1.687054782272338116e+01,2.700000000000000178e+00
3.092799999999991124e-05,1.692453723767542328e+01,3.034603893016033282e+00,1.689874833050172853e+01,1.500016897647875380e+00,1.687054782272315734e+01,2.700000000000000178e+00
3.102799999999991367e-05,1.692453723767523144e+01,3.034603893015838327e+00,1.689874833050145142e+01,1.500016897647905800e+00,1.687054782272296194e+01,2.700000000000000178e+00
3.112799999999991610e-05,1.692453723767503604e+01,3.034603893015634934e+00,1.689874833050117431e+01,1.500016897647937331e+00,1.687054782272276654e+01,2.700000000000000178e+00
3.122799999999991853e-05,1.692453723767481222e+01,3.034603893015408005e+00,1.689874833050089720e+01,1.500016897655248593e+00,1.687054782272253917e+01,2.700000000000000178e+00
3.132799999999992096e-05,1.692453723767461682e+01,3.034603893015205944e+00,1.689874833050062009e+01,1.500016897655280124e+00,1.687054782272235087e+01,2.700000000000000178e+00
3.142799999999992339e-05,1.692453723767438234e+01,3.034603893014964360e+00,1.689874833050034653e+01,1.500016897669869564e+00,1.687054782272211995e+01,2.700000000000000178e+00
3.152799999999992582e-05,1.692453723767419760e+01,3.034603893014775178e+00,1.689874833050007652e+01,1.500016897662623139e+00,1.687054782272192810e+01,2.700000000000000178e+00
3.162799999999992825e-05,1.692453723767400220e+01,3.034603893014578446e+00,1.689874833049981007e+01,1.500016897677205696e+00,1.687054782272171494e+01,2.700000000000000178e+00
3.172799999999993068e-05,1.692453723767384233e+01,3.034603893014412357e+00,1.689874833049954006e+01,1.500016897677231453e+00,1.687054782272157283e+01,2.700000000000000178e+00
3.182799999999993311e-05,1.692453723767359008e+01,3.034603893014154785e+00,1.689874833049927716e+01,1.500016897684547601e+00,1.687054782272132769e+01,2.700000000000000178e+00
3.192799999999993554e-05,1.692453723767335561e+01,3.034603893013913645e+00,1.689874833049901426e+01,1.500016897684585127e+00,1.687054782272108966e+01,2.700000000000000178e+00
3.202799999999993798e-05,1.692453723767317442e+01,3.034603893013727571e+00,1.689874833049875491e+01,1.500016897684613992e+00,1.687054782272090847e+01,2.700000000000000178e+00
3.212799999999994041e-05,1.692453723767302165e+01,3.034603893013568587e+00,1.689874833049849556e+01,1.500016897699190555e+00,1.687054782272075215e+01,2.700000000000000178e+00
3.222799999999994284e-05,1.692453723767281915e+01,3.034603893013361198e+00,1.689874833049823977e+01,1.500016897699222973e+00,1.687054782272053899e+01,2.700000000000000178e+00
3.232799999999994527e-05,1.692453723767256335e+01,3.034603893013104070e+00,1.689874833049798752e+01,1.500016897699262941e+00,1.687054782272028675e+01,2.700000000000000178e+00
3.242799999999994770e-05,1.692453723767236085e+01,3.034603893012900233e+00,1.689874833049773528e+01,1.500016897692018736e+00,1.687054782272009135e+01,2.700000000000000178e+00
3.252799999999995013e-05,1.692453723767221518e+01,3.034603893012751907e+00,1.689874833049748304e+01,1.500016897706593744e+00,1.687054782271994569e+01,2.700000000000000178e+00
3.262799999999995256e-05,1.692453723767208018e+01,3.034603893012610687e+00,1.689874833049723080e+01,1.500016897706615726e+00,1.687054782271980713e+01,2.700000000000000178e+00
3.272799999999995499e-05,1.692453723767185281e+01,3.034603893012377984e+00,1.689874833049698211e+01,1.500016897713927877e+00,1.687054782271957976e+01,2.700000000000000178e+00
3.282799999999995742e-05,1.692453723767168938e+01,3.034603893012208342e+00,1.689874833049672986e+01,1.500016897692126427e+00,1.687054782271941278e+01,2.700000000000000178e+00
3.292799999999995985e-05,1.692453723767149754e+01,3.034603893012009834e+00,1.689874833049648117e+01,1.500016897721261122e+00,1.687054782271922804e+01,2.700000000000000178e+00
3.302799999999996228e-05,1.692453723767131635e+01,3.034603893011822429e+00,1.689874833049623604e+01,1.500016897728566168e+00,1.687054782271904685e+01,2.700000000000000178e+00
3.312799999999996471e-05,1.692453723767115292e+01,3.034603893011657672e+00,1.689874833049599090e+01,1.500016897714040010e+00,1.687054782271887987e+01,2.700000000000000178e+00
3.322799999999996714e-05,1.692453723767098595e+01,3.034603893011486253e+00,1.689874833049574576e+01,1.500016897721342612e+00,1.687054782271873066e+01,2.700000000000000178e+00
3.332799999999996957e-05,1.692453723767075502e+01,3.034603893011248665e+00,1.689874833049550773e+01,1.500016897735931609e+00,1.687054782271850684e+01,2.700000000000000178e+00
3.342799999999997200e-05,1.692453723767054896e+01,3.034603893011034170e+00,1.689874833049526970e+01,1.500016897728688736e+00,1.687054782271829723e+01,2.700000000000000178e+00
3.352799999999997444e-05,1.692453723767036777e+01,3.034603893010848097e+00,1.689874833049503167e+01,1.500016897735993782e+00,1.687054782271810538e+01,2.700000000000000178e+00
3.362799999999997687e-05,1.692453723767020790e+01,3.034603893010685560e+00,1.689874833049479008e+01,1.500016897736019095e+00,1.687054782271793840e+01,2.700000000000000178e+00
3.372799999999997930e-05,1.692453723767004092e+01,3.034603893010514142e+00,1.689874833049455916e+01,1.500016897750597655e+00,1.687054782271776787e+01,2.700000000000000178e+00
3.382799999999998173e-05,1.692453723766981710e+01,3.034603893010283215e+00,1.689874833049433178e+01,1.500016897757909584e+00,1.687054782271755116e+01,2.700000000000000178e+00
3.392799999999998416e-05,1.692453723766962526e+01,3.034603893010083375e+00,1.689874833049410441e+01,1.500016897765216628e+00,1.687054782271737352e+01,2.700000000000000178e+00
3.402799999999998659e-05,1.692453723766939433e+01,3.034603893009845343e+00,1.689874833049387703e+01,1.500016897757977752e+00,1.687054782271713194e+01,2.700000000000000178e+00
3.412799999999998902e-05,1.692453723766926643e+01,3.034603893009713005e+00,1.689874833049364966e+01,1.500016897750722222e+00,1.687054782271700049e+01,2.700000000000000178e+00
3.422799999999999145e-05,1.692453723766910656e+01,3.034603893009545139e+00,1.689874833049342229e+01,1.500016897758024381e+00,1.687054782271685127e+01,2.700000000000000178e+00
3.432799999999999388e-05,1.692453723766900708e+01,3.034603893009443443e+00,1.689874833049319491e+01,1.500016897758040146e+00,1.687054782271674469e+01,2.700000000000000178e+00
3.442799999999999631e-05,1.692453723766884721e+01,3.034603893009276909e+00,1.689874833049297465e+01,1.500016897779893998e+00,1.687054782271658482e+01,2.700000000000000178e+00
3.452799999999999874e-05,1.692453723766868734e+01,3.034603893009107267e+00,1.689874833049275082e+01,1.500016897765368507e+00,1.687054782271642850e+01,2.700000000000000178e+00
3.462800000000000117e-05,1.692453723766853102e+01,3.034603893008942954e+00,1.689874833049253056e+01,1.500016897779945735e+00,1.687054782271626507e+01,2.700000000000000178e+00
3.472800000000000360e-05,1.692453723766836760e+01,3.034603893008772868e+00,1.689874833049231739e+01,1.500016897787248338e+00,1.687054782271610520e+01,2.700000000000000178e+00
3.482800000000000603e-05,1.692453723766817220e+01,3.034603893008571251e+00,1.689874833049210068e+01,1.500016897780003688e+00,1.687054782271591336e+01,2.700000000000000178e+00
3.492800000000000847e-05,1.692453723766802298e+01,3.034603893008415376e+00,1.689874833049189107e+01,1.500016897794579807e+00,1.687054782271575704e+01,2.700000000000000178e+00
3.502800000000001090e-05,1.692453723766784535e+01,3.034603893008233300e+00,1.689874833049167790e+01,1.500016897794608228e+00,1.687054782271558295e+01,2.700000000000000178e+00
3.512800000000001333e-05,1.692453723766766061e+01,3.034603893008047226e+00,1.689874833049146829e+01,1.500016897794637316e+00,1.687054782271539821e+01,2.700000000000000178e+00
3.522800000000001576e-05,1.692453723766753626e+01,3.034603893007918440e+00,1.689874833049125158e+01,1.500016897772829427e+00,1.687054782271526676e+01,2.700000000000000178e+00
3.532800000000001819e-05,1.692453723766736573e+01,3.034603893007745246e+00,1.689874833049104197e+01,1.500016897794684168e+00,1.687054782271508913e+01,2.700000000000000178e+00
3.542800000000002062e-05,1.692453723766724849e+01,3.034603893007620457e+00,1.689874833049083236e+01,1.500016897787427528e+00,1.687054782271498610e+01,2.700000000000000178e+00
3.552800000000002305e-05,1.692453723766714546e+01,3.034603893007514763e+00,1.689874833049061920e+01,1.500016897787443959e+00,1.687054782271487241e+01,2.700000000000000178e+00
3.562800000000002548e-05,1.692453723766695362e+01,3.034603893007316255e+00,1.689874833049042024e+01,1.500016897831130569e+00,1.687054782271468056e+01,2.700000000000000178e+00
3.572800000000002791e-05,1.692453723766680440e+01,3.034603893007162601e+00,1.689874833049021419e+01,1.500016897809326677e+00,1.687054782271453490e+01,2.700000000000000178e+00
3.582800000000003034e-05,1.692453723766663032e+01,3.034603893006980080e+00,1.689874833049000813e+01,1.500016897809354877e+00,1.687054782271435371e+01,2.700000000000000178e+00
3.592800000000003277e-05,1.692453723766643847e+01,3.034603893006785569e+00,1.689874833048980562e+01,1.500016897809385297e+00,1.687054782271417253e+01,2.700000000000000178e+00
3.602800000000003520e-05,1.692453723766628215e+01,3.034603893006623032e+00,1.689874833048959957e+01,1.500016897809410388e+00,1.687054782271401976e+01,2.700000000000000178e+00
3.612800000000003763e-05,1.692453723766609386e+01,3.034603893006426301e+00,1.689874833048940062e+01,1.500016897823993167e+00,1.687054782271382436e+01,2.700000000000000178e+00
3.622800000000004006e-05,1.692453723766594820e+01,3.034603893006272646e+00,1.689874833048920166e+01,1.500016897824016926e+00,1.687054782271366449e+01,2.700000000000000178e+00
3.632800000000004249e-05,1.692453723766582740e+01,3.034603893006142084e+00,1.689874833048900271e+01,1.500016897816761396e+00,1.687054782271355435e+01,2.700000000000000178e+00
3.642800000000004493e-05,1.692453723766569595e+01,3.034603893006006192e+00,1.689874833048880731e+01,1.500016897831334184e+00,1.687054782271342646e+01,2.700000000000000178e+00
3.652800000000004736e-05,1.692453723766556095e+01,3.034603893005866748e+00,1.689874833048861547e+01,1.500016897838632124e+00,1.687054782271330566e+01,2.700000000000000178e+00
3.662800000000004979e-05,1.692453723766539397e+01,3.034603893005691777e+00,1.689874833048842717e+01,1.500016897838658991e+00,1.687054782271313158e+01,2.700000000000000178e+00
3.672800000000005222e-05,1.692453723766524476e+01,3.034603893005534125e+00,1.689874833048823888e+01,1.500016897838683860e+00,1.687054782271297526e+01,2.700000000000000178e+00
3.682800000000005465e-05,1.692453723766507423e+01,3.034603893005357378e+00,1.689874833048805058e+01,1.500016897831435436e+00,1.687054782271279407e+01,2.700000000000000178e+00
3.692800000000005708e-05,1.692453723766497475e+01,3.034603893005253905e+00,1.689874833048786229e+01,1.500016897838727381e+00,1.687054782271270881e+01,2.700000000000000178e+00
3.702800000000005951e-05,1.692453723766488238e+01,3.034603893005157094e+00,1.689874833048767400e+01,1.500016897846018216e+00,1.687054782271262354e+01,2.700000000000000178e+00
3.712800000000006194e-05,1.692453723766468343e+01,3.034603893004955033e+00,1.689874833048748926e+01,1.500016897853325704e+00,1.687054782271241749e+01,2.700000000000000178e+00
3.722800000000006437e-05,1.692453723766455909e+01,3.034603893004826691e+00,1.689874833048730451e+01,1.500016897853345466e+00,1.687054782271230025e+01,2.700000000000000178e+00
3.732800000000006680e-05,1.692453723766439921e+01,3.034603893004660158e+00,1.689874833048712688e+01,1.500016897860647624e+00,1.687054782271213682e+01,2.700000000000000178e+00
3.742800000000006923e-05,1.692453723766427487e+01,3.034603893004531372e+00,1.689874833048693858e+01,1.500016897846115693e+00,1.687054782271200537e+01,2.700000000000000178e+00
3.752800000000007166e-05,1.692453723766413987e+01,3.034603893004391928e+00,1.689874833048675740e+01,1.500016897860689147e+00,1.687054782271185971e+01,2.700000000000000178e+00
3.762800000000007409e-05,1.692453723766398710e+01,3.034603893004231168e+00,1.689874833048657976e+01,1.500016897875266153e+00,1.687054782271171760e+01,2.700000000000000178e+00
3.772800000000007652e-05,1.692453723766383789e+01,3.034603893004072184e+00,1.689874833048639857e+01,1.500016897853463149e+00,1.687054782271156483e+01,2.700000000000000178e+00
3.782800000000007896e-05,1.692453723766368157e+01,3.034603893003904318e+00,1.689874833048622094e+01,1.500016897875316779e+00,1.687054782271141207e+01,2.700000000000000178e+00
3.792800000000008139e-05,1.692453723766356077e+01,3.034603893003773756e+00,1.689874833048604330e+01,1.500016897860785292e+00,1.687054782271128417e+01,2.700000000000000178e+00
3.802800000000008382e-05,1.692453723766340090e+01,3.034603893003605890e+00,1.689874833048586922e+01,1.500016897875363187e+00,1.687054782271113496e+01,2.700000000000000178e+00
3.812800000000008625e-05,1.692453723766329432e+01,3.034603893003491315e+00,1.689874833048569158e+01,1.500016897868105215e+00,1.687054782271104258e+01,2.700000000000000178e+00
3.822800000000008868e-05,1.692453723766313800e+01,3.034603893003328778e+00,1.689874833048551039e+01,1.500016897860854348e+00,1.687054782271088271e+01,2.700000000000000178e+00
3.832800000000009111e-05,1.692453723766299944e+01,3.034603893003182229e+00,1.689874833048533631e+01,1.500016897875429134e+00,1.687054782271073705e+01,2.700000000000000178e+00
3.842800000000009354e-05,1.692453723766295326e+01,3.034603893003128494e+00,1.689874833048515868e+01,1.500016897868161392e+00,1.687054782271068731e+01,2.700000000000000178e+00
3.852800000000009597e-05,1.692453723766281115e+01,3.034603893002976616e+00,1.689874833048498459e+01,1.500016897890012801e+00,1.687054782271055231e+01,2.700000000000000178e+00
3.862800000000009840e-05,1.692453723766269036e+01,3.034603893002844277e+00,1.689874833048481406e+01,1.500016897882757494e+00,1.687054782271042797e+01,2.700000000000000178e+00
3.872800000000010083e-05,1.692453723766257667e+01,3.034603893002717268e+00,1.689874833048464353e+01,1.500016897882777256e+00,1.687054782271031073e+01,2.700000000000000178e+00
3.882800000000010326e-05,1.692453723766248785e+01,3.034603893002615571e+00,1.689874833048447300e+01,1.500016897882792799e+00,1.687054782271022546e+01,2.700000000000000178e+00
3.892800000000010569e-05,1.692453723766236351e+01,3.034603893002477903e+00,1.689874833048430602e+01,1.500016897897366031e+00,1.687054782271011177e+01,2.700000000000000178e+00
3.902800000000010812e-05,1.692453723766224982e+01,3.034603893002352670e+00,1.689874833048413549e+01,1.500016897882833655e+00,1.687054782270999098e+01,2.700000000000000178e+00
3.912800000000011055e-05,1.692453723766211482e+01,3.034603893002204344e+00,1.689874833048396852e+01,1.500016897897408441e+00,1.687054782270984177e+01,2.700000000000000178e+00
3.922800000000011299e-05,1.692453723766199403e+01,3.034603893002070230e+00,1.689874833048380154e+01,1.500016897904705271e+00,1.687054782270972098e+01,2.700000000000000178e+00
3.932800000000011542e-05,1.692453723766185902e+01,3.034603893001923680e+00,1.689874833048364167e+01,1.500016897912003877e+00,1.687054782270957887e+01,2.700000000000000178e+00
3.942800000000011785e-05,1.692453723766176310e+01,3.034603893001816655e+00,1.689874833048348535e+01,1.500016897912020530e+00,1.687054782270949005e+01,2.700000000000000178e+00
3.952800000000012028e-05,1.692453723766169560e+01,3.034603893001739827e+00,1.689874833048332547e+01,1.500016897904756341e+00,1.687054782270941899e+01,2.700000000000000178e+00
3.962800000000012271e-05,1.692453723766153928e+01,3.034603893001578623e+00,1.689874833048316560e+01,1.500016897912057612e+00,1.687054782270927333e+01,2.700000000000000178e+00
3.972800000000012514e-05,1.692453723766140783e+01,3.034603893001439179e+00,1.689874833048300928e+01,1.500016897919355108e+00,1.687054782270914544e+01,2.700000000000000178e+00
3.982800000000012757e-05,1.692453723766134033e+01,3.034603893001364128e+00,1.689874833048285652e+01,1.500016897919366654e+00,1.687054782270906728e+01,2.700000000000000178e+00
3.992800000000013000e-05,1.692453723766124440e+01,3.034603893001260655e+00,1.689874833048270020e+01,1.500016897919382863e+00,1.687054782270896780e+01,2.700000000000000178e+00
4.002800000000013243e-05,1.692453723766114493e+01,3.034603893001151853e+00,1.689874833048254743e+01,1.500016897926675696e+00,1.687054782270887188e+01,2.700000000000000178e+00
4.012800000000013486e-05,1.692453723766101703e+01,3.034603893001012409e+00,1.689874833048239466e+01,1.500016897912145319e+00,1.687054782270874753e+01,2.700000000000000178e+00
4.022800000000013729e-05,1.692453723766085005e+01,3.034603893000838770e+00,1.689874833048224190e+01,1.500016897919448366e+00,1.687054782270857700e+01,2.700000000000000178e+00
4.032800000000013972e-05,1.692453723766075413e+01,3.034603893000733521e+00,1.689874833048208913e+01,1.500016897926740533e+00,1.687054782270848463e+01,2.700000000000000178e+00
4.042800000000014215e-05,1.692453723766064755e+01,3.034603893000620722e+00,1.689874833048193992e+01,1.500016897934034033e+00,1.687054782270837805e+01,2.700000000000000178e+00
4.052800000000014458e-05,1.692453723766052676e+01,3.034603893000491937e+00,1.689874833048179426e+01,1.500016897941330196e+00,1.687054782270825726e+01,2.700000000000000178e+00
4.062800000000014701e-05,1.692453723766039886e+01,3.034603893000356045e+00,1.689874833048164859e+01,1.500016897941351068e+00,1.687054782270812225e+01,2.700000000000000178e+00
4.072800000000014945e-05,1.692453723766022122e+01,3.034603893000168640e+00,1.689874833048150293e+01,1.500016897941380156e+00,1.687054782270794107e+01,2.700000000000000178e+00
4.082800000000015188e-05,1.692453723766010043e+01,3.034603893000039854e+00,1.689874833048135727e+01,1.500016897941400140e+00,1.687054782270782383e+01,2.700000000000000178e+00
4.092800000000015431e-05,1.692453723765992990e+01,3.034603892999859553e+00,1.689874833048121161e+01,1.500016897941428340e+00,1.687054782270765330e+01,2.700000000000000178e+00
4.102800000000015674e-05,1.692453723765980911e+01,3.034603892999728991e+00,1.689874833048106950e+01,1.500016897948724504e+00,1.687054782270752540e+01,2.700000000000000178e+00
4.112800000000015917e-05,1.692453723765970608e+01,3.034603892999617969e+00,1.689874833048092384e+01,1.500016897934189908e+00,1.687054782270743658e+01,2.700000000000000178e+00
4.122800000000016160e-05,1.692453723765964924e+01,3.034603892999555352e+00,1.689874833048078173e+01,1.500016897948751371e+00,1.687054782270737974e+01,2.700000000000000178e+00
4.132800000000016403e-05,1.692453723765958529e+01,3.034603892999485630e+00,1.689874833048063962e+01,1.500016897941486294e+00,1.687054782270731934e+01,2.700000000000000178e+00
4.142800000000016646e-05,1.692453723765948226e+01,3.034603892999369723e+00,1.689874833048049751e+01,1.500016897941504279e+00,1.687054782270720565e+01,2.700000000000000178e+00
4.152800000000016889e-05,1.692453723765938278e+01,3.034603892999260477e+00,1.689874833048035896e+01,1.500016897956073070e+00,1.687054782270710263e+01,2.700000000000000178e+00
4.162800000000017132e-05,1.692453723765930107e+01,3.034603892999169439e+00,1.689874833048022040e+01,1.500016897956087281e+00,1.687054782270701736e+01,2.700000000000000178e+00
4.172800000000017375e-05,1.692453723765921580e+01,3.034603892999074848e+00,1.689874833048007829e+01,1.500016897941549798e+00,1.687054782270694631e+01,2.700000000000000178e+00
4.182800000000017618e-05,1.692453723765908435e+01,3.034603892998933627e+00,1.689874833047993974e+01,1.500016897963399654e+00,1.687054782270682196e+01,2.700000000000000178e+00
4.192800000000017861e-05,1.692453723765895646e+01,3.034603892998797736e+00,1.689874833047980474e+01,1.500016897956144790e+00,1.687054782270668341e+01,2.700000000000000178e+00
4.202800000000018104e-05,1.692453723765886409e+01,3.034603892998695596e+00,1.689874833047966973e+01,1.500016897963436735e+00,1.687054782270658748e+01,2.700000000000000178e+00
4.212800000000018348e-05,1.692453723765883566e+01,3.034603892998656516e+00,1.689874833047953473e+01,1.500016897963442508e+00,1.687054782270654840e+01,2.700000000000000178e+00
4.222800000000018591e-05,1.692453723765872553e+01,3.034603892998538388e+00,1.689874833047940328e+01,1.500016897963461160e+00,1.687054782270644182e+01,2.700000000000000178e+00
4.232800000000018834e-05,1.692453723765859053e+01,3.034603892998393615e+00,1.689874833047927183e+01,1.500016897970759322e+00,1.687054782270631392e+01,2.700000000000000178e+00
4.242800000000019077e-05,1.692453723765843066e+01,3.034603892998227526e+00,1.689874833047914393e+01,1.500016897970785301e+00,1.687054782270614695e+01,2.700000000000000178e+00
4.252800000000019320e-05,1.692453723765834539e+01,3.034603892998132935e+00,1.689874833047901248e+01,1.500016897963523999e+00,1.687054782270606168e+01,2.700000000000000178e+00
4.262800000000019563e-05,1.692453723765827434e+01,3.034603892998055663e+00,1.689874833047887748e+01,1.500016897963535989e+00,1.687054782270599773e+01,2.700000000000000178e+00
4.272800000000019806e-05,1.692453723765817131e+01,3.034603892997945085e+00,1.689874833047874603e+01,1.500016897970829044e+00,1.687054782270589115e+01,2.700000000000000178e+00
4.282800000000020049e-05,1.692453723765807894e+01,3.034603892997841612e+00,1.689874833047861813e+01,1.500016897970845031e+00,1.687054782270579878e+01,2.700000000000000178e+00
4.292800000000020292e-05,1.692453723765797946e+01,3.034603892997732366e+00,1.689874833047849378e+01,1.500016897985413822e+00,1.687054782270569930e+01,2.700000000000000178e+00
4.302800000000020535e-05,1.692453723765794038e+01,3.034603892997683960e+00,1.689874833047836589e+01,1.500016897985421371e+00,1.687054782270566378e+01,2.700000000000000178e+00
4.312800000000020778e-05,1.692453723765784801e+01,3.034603892997580488e+00,1.689874833047823799e+01,1.500016897978161401e+00,1.687054782270556785e+01,2.700000000000000178e+00
4.322800000000021021e-05,1.692453723765772011e+01,3.034603892997446373e+00,1.689874833047811720e+01,1.500016897992734410e+00,1.687054782270545061e+01,2.700000000000000178e+00
4.332800000000021264e-05,1.692453723765760998e+01,3.034603892997324692e+00,1.689874833047798930e+01,1.500016897978201147e+00,1.687054782270534758e+01,2.700000000000000178e+00
4.342800000000021507e-05,1.692453723765751050e+01,3.034603892997217667e+00,1.689874833047786495e+01,1.500016897985493758e+00,1.687054782270523390e+01,2.700000000000000178e+00
4.352800000000021750e-05,1.692453723765741813e+01,3.034603892997115526e+00,1.689874833047774416e+01,1.500016897992785481e+00,1.687054782270513797e+01,2.700000000000000178e+00
4.362800000000021994e-05,1.692453723765734708e+01,3.034603892997036922e+00,1.689874833047762337e+01,1.500016897992797693e+00,1.687054782270507758e+01,2.700000000000000178e+00
4.372800000000022237e-05,1.692453723765727602e+01,3.034603892996956542e+00,1.689874833047750258e+01,1.500016897992810350e+00,1.687054782270500652e+01,2.700000000000000178e+00
4.382800000000022480e-05,1.692453723765718010e+01,3.034603892996849517e+00,1.689874833047737823e+01,1.500016897985550601e+00,1.687054782270491771e+01,2.700000000000000178e+00
4.392800000000022723e-05,1.692453723765708062e+01,3.034603892996740271e+00,1.689874833047726099e+01,1.500016898000119614e+00,1.687054782270481468e+01,2.700000000000000178e+00
4.402800000000022966e-05,1.692453723765694562e+01,3.034603892996595498e+00,1.689874833047714731e+01,1.500016898000142040e+00,1.687054782270467257e+01,2.700000000000000178e+00
4.412800000000023209e-05,1.692453723765681772e+01,3.034603892996459606e+00,1.689874833047703362e+01,1.500016898007439092e+00,1.687054782270454112e+01,2.700000000000000178e+00
4.422800000000023452e-05,1.692453723765676088e+01,3.034603892996393437e+00,1.689874833047691993e+01,1.500016898000173349e+00,1.687054782270448783e+01,2.700000000000000178e+00
4.432800000000023695e-05,1.692453723765667206e+01,3.034603892996295293e+00,1.689874833047680980e+01,1.500016898014740585e+00,1.687054782270439901e+01,2.700000000000000178e+00
4.442800000000023938e-05,1.692453723765660101e+01,3.034603892996211361e+00,1.689874833047669611e+01,1.500016898007477506e+00,1.687054782270432796e+01,2.700000000000000178e+00
4.452800000000024181e-05,1.692453723765652995e+01,3.034603892996130980e+00,1.689874833047658598e+01,1.500016898014766120e+00,1.687054782270425335e+01,2.700000000000000178e+00
4.462800000000024424e-05,1.692453723765643048e+01,3.034603892996027064e+00,1.689874833047647229e+01,1.500016898014782107e+00,1.687054782270414321e+01,2.700000000000000178e+00
4.472800000000024667e-05,1.692453723765634166e+01,3.034603892995930696e+00,1.689874833047636216e+01,1.500016898014796984e+00,1.687054782270406150e+01,2.700000000000000178e+00
4.482800000000024910e-05,1.692453723765623863e+01,3.034603892995821450e+00,1.689874833047625202e+01,1.500016898014814082e+00,1.687054782270396203e+01,2.700000000000000178e+00
4.492800000000025153e-05,1.692453723765617468e+01,3.034603892995749952e+00,1.689874833047614544e+01,1.500016898014825184e+00,1.687054782270388742e+01,2.700000000000000178e+00
4.502800000000025397e-05,1.692453723765610718e+01,3.034603892995674901e+00,1.689874833047603531e+01,1.500016898022112688e+00,1.687054782270383058e+01,2.700000000000000178e+00
4.512800000000025640e-05,1.692453723765606455e+01,3.034603892995621610e+00,1.689874833047592517e+01,1.500016898014844946e+00,1.687054782270378794e+01,2.700000000000000178e+00
4.522800000000025883e-05,1.692453723765597573e+01,3.034603892995524799e+00,1.689874833047581859e+01,1.500016898022135781e+00,1.687054782270368491e+01,2.700000000000000178e+00
4.532800000000026126e-05,1.692453723765591533e+01,3.034603892995458629e+00,1.689874833047571201e+01,1.500016898022146217e+00,1.687054782270363518e+01,2.700000000000000178e+00
4.542800000000026369e-05,1.692453723765588336e+01,3.034603892995419550e+00,1.689874833047560188e+01,1.500016898014876254e+00,1.687054782270358899e+01,2.700000000000000178e+00
4.552800000000026612e-05,1.692453723765577678e+01,3.034603892995304975e+00,1.689874833047549529e+01,1.500016898022169975e+00,1.687054782270348952e+01,2.700000000000000178e+00
4.562800000000026855e-05,1.692453723765567375e+01,3.034603892995194396e+00,1.689874833047538871e+01,1.500016898022187295e+00,1.687054782270339359e+01,2.700000000000000178e+00
4.572800000000027098e-05,1.692453723765560625e+01,3.034603892995117569e+00,1.689874833047528213e+01,1.500016898036750979e+00,1.687054782270331543e+01,2.700000000000000178e+00
4.582800000000027341e-05,1.692453723765549967e+01,3.034603892995001218e+00,1.689874833047517555e+01,1.500016898022217049e+00,1.687054782270321596e+01,2.700000000000000178e+00
4.592800000000027584e-05,1.692453723765541085e+01,3.034603892994904850e+00,1.689874833047507252e+01,1.500016898036783841e+00,1.687054782270313424e+01,2.700000000000000178e+00
4.602800000000027827e-05,1.692453723765533979e+01,3.034603892994824470e+00,1.689874833047496594e+01,1.500016898029520540e+00,1.687054782270306319e+01,2.700000000000000178e+00
4.612800000000028070e-05,1.692453723765527940e+01,3.034603892994752972e+00,1.689874833047485581e+01,1.500016898014979727e+00,1.687054782270300635e+01,2.700000000000000178e+00
4.622800000000028313e-05,1.692453723765522255e+01,3.034603892994688579e+00,1.689874833047475633e+01,1.500016898036817592e+00,1.687054782270294240e+01,2.700000000000000178e+00
4.632800000000028556e-05,1.692453723765514439e+01,3.034603892994602425e+00,1.689874833047465330e+01,1.500016898036830693e+00,1.687054782270285358e+01,2.700000000000000178e+00
4.642800000000028800e-05,1.692453723765507334e+01,3.034603892994523822e+00,1.689874833047454672e+01,1.500016898022290990e+00,1.687054782270279318e+01,2.700000000000000178e+00
4.652800000000029043e-05,1.692453723765494900e+01,3.034603892994393703e+00,1.689874833047445080e+01,1.500016898051415026e+00,1.687054782270266173e+01,2.700000000000000178e+00
4.662800000000029286e-05,1.692453723765486018e+01,3.034603892994296892e+00,1.689874833047435487e+01,1.500016898044154168e+00,1.687054782270256936e+01,2.700000000000000178e+00
4.672800000000029529e-05,1.692453723765477491e+01,3.034603892994204077e+00,1.689874833047425540e+01,1.500016898036892643e+00,1.687054782270249476e+01,2.700000000000000178e+00
4.682800000000029772e-05,1.692453723765471452e+01,3.034603892994136132e+00,1.689874833047415592e+01,1.500016898029627122e+00,1.687054782270243791e+01,2.700000000000000178e+00
4.692800000000030015e-05,1.692453723765465412e+01,3.034603892994068186e+00,1.689874833047405289e+01,1.500016898036913737e+00,1.687054782270238107e+01,2.700000000000000178e+00
4.702800000000030258e-05,1.692453723765462925e+01,3.034603892994034435e+00,1.689874833047394986e+01,1.500016898029642887e+00,1.687054782270234909e+01,2.700000000000000178e+00
4.712800000000030501e-05,1.692453723765458307e+01,3.034603892993980701e+00,1.689874833047384683e+01,1.500016898036927282e+00,1.687054782270229936e+01,2.700000000000000178e+00
4.722800000000030744e-05,1.692453723765451912e+01,3.034603892993910979e+00,1.689874833047374736e+01,1.500016898044213898e+00,1.687054782270223185e+01,2.700000000000000178e+00
4.732800000000030987e-05,1.692453723765442675e+01,3.034603892993807062e+00,1.689874833047365499e+01,1.500016898058781800e+00,1.687054782270213238e+01,2.700000000000000178e+00
4.742800000000031230e-05,1.692453723765429530e+01,3.034603892993671614e+00,1.689874833047356262e+01,1.500016898058802894e+00,1.687054782270200803e+01,2.700000000000000178e+00
4.752800000000031473e-05,1.692453723765422424e+01,3.034603892993594787e+00,1.689874833047347025e+01,1.500016898058814885e+00,1.687054782270194409e+01,2.700000000000000178e+00
4.762800000000031716e-05,1.692453723765413898e+01,3.034603892993497976e+00,1.689874833047337788e+01,1.500016898044278069e+00,1.687054782270185171e+01,2.700000000000000178e+00
4.772800000000031959e-05,1.692453723765409279e+01,3.034603892993442464e+00,1.689874833047328195e+01,1.500016898051562464e+00,1.687054782270181263e+01,2.700000000000000178e+00
4.782800000000032202e-05,1.692453723765399687e+01,3.034603892993338992e+00,1.689874833047318603e+01,1.500016898051578451e+00,1.687054782270170961e+01,2.700000000000000178e+00
4.792800000000032446e-05,1.692453723765392226e+01,3.034603892993256835e+00,1.689874833047309011e+01,1.500016898044315372e+00,1.687054782270164210e+01,2.700000000000000178e+00
4.802800000000032689e-05,1.692453723765382989e+01,3.034603892993156471e+00,1.689874833047299774e+01,1.500016898058882830e+00,1.687054782270155684e+01,2.700000000000000178e+00
4.812800000000032932e-05,1.692453723765380502e+01,3.034603892993126273e+00,1.689874833047290537e+01,1.500016898066163451e+00,1.687054782270153552e+01,2.700000000000000178e+00
4.822800000000033175e-05,1.692453723765373752e+01,3.034603892993049445e+00,1.689874833047281655e+01,1.500016898073451399e+00,1.687054782270146447e+01,2.700000000000000178e+00
4.832800000000033418e-05,1.692453723765370199e+01,3.034603892993004592e+00,1.689874833047273128e+01,1.500016898073458060e+00,1.687054782270143249e+01,2.700000000000000178e+00
4.842800000000033661e-05,1.692453723765363094e+01,3.034603892992918883e+00,1.689874833047264602e+01,1.500016898066195425e+00,1.687054782270136144e+01,2.700000000000000178e+00
4.852800000000033904e-05,1.692453723765356344e+01,3.034603892992840279e+00,1.689874833047255720e+01,1.500016898058931680e+00,1.687054782270129394e+01,2.700000000000000178e+00
4.862800000000034147e-05,1.692453723765349238e+01,3.034603892992758123e+00,1.689874833047247193e+01,1.500016898073496252e+00,1.687054782270122288e+01,2.700000000000000178e+00
4.872800000000034390e-05,1.692453723765343199e+01,3.034603892992686625e+00,1.689874833047238667e+01,1.500016898080783312e+00,1.687054782270116249e+01,2.700000000000000178e+00
4.882800000000034633e-05,1.692453723765335383e+01,3.034603892992602692e+00,1.689874833047230496e+01,1.500016898073520455e+00,1.687054782270108078e+01,2.700000000000000178e+00
4.892800000000034876e-05,1.692453723765326501e+01,3.034603892992507657e+00,1.689874833047221969e+01,1.500016898066259152e+00,1.687054782270099551e+01,2.700000000000000178e+00
4.902800000000035119e-05,1.692453723765319751e+01,3.034603892992429053e+00,1.689874833047213443e+01,1.500016898073547322e+00,1.687054782270092801e+01,2.700000000000000178e+00
4.912800000000035362e-05,1.692453723765313356e+01,3.034603892992357554e+00,1.689874833047204916e+01,1.500016898073558202e+00,1.687054782270087117e+01,2.700000000000000178e+00
4.922800000000035605e-05,1.692453723765313001e+01,3.034603892992350449e+00,1.689874833047196745e+01,1.500016898080835492e+00,1.687054782270085340e+01,2.700000000000000178e+00
4.932800000000035849e-05,1.692453723765305895e+01,3.034603892992273622e+00,1.689874833047188574e+01,1.500016898073571525e+00,1.687054782270078945e+01,2.700000000000000178e+00
4.942800000000036092e-05,1.692453723765297369e+01,3.034603892992179031e+00,1.689874833047180402e+01,1.500016898080861916e+00,1.687054782270070419e+01,2.700000000000000178e+00
4.952800000000036335e-05,1.692453723765290263e+01,3.034603892992102203e+00,1.689874833047171876e+01,1.500016898073597948e+00,1.687054782270061892e+01,2.700000000000000178e+00
4.962800000000036578e-05,1.692453723765283513e+01,3.034603892992025376e+00,1.689874833047164060e+01,1.500016898088161632e+00,1.687054782270054787e+01,2.700000000000000178e+00
4.972800000000036821e-05,1.692453723765273921e+01,3.034603892991921459e+00,1.689874833047156244e+01,1.500016898080901884e+00,1.687054782270045905e+01,2.700000000000000178e+00
4.982800000000037064e-05,1.692453723765263618e+01,3.034603892991810881e+00,1.689874833047148783e+01,1.500016898080919203e+00,1.687054782270035957e+01,2.700000000000000178e+00
4.991400000000018652e-05,1.692453723765262197e+01,3.034603892991791785e+00,1.689874833047141678e+01,1.500016898072311200e+00,1.687054782270035247e+01,2.700000000000000178e+00
4.999999999999999562e-05,1.692453723765261131e+01,3.034603892991773133e+00,1.689874833047133862e+01,1.500016898071248050e+00,1.687054782270026010e+01,2.700000000000000178e+00
5.000009999999999584e-05,1.692453723765249762e+01,3.034603892991612373e+00,1.689874833047133507e+01,1.500016890191488983e+00,1.687054782268875286e+01,2.430000000001829807e+00
5.000029999999999628e-05,1.692453723765222051e+01,3.034603892990997753e+00,1.689874833047133151e+01,1.500016898981144209e+00,1.687054782260718966e+01,1.890000000005489067e+00
5.000065000000000043e-05,1.692453723765078877e+01,3.034603892987180362e+00,1.689874833047132796e+01,1.500016901054117113e+00,1.687054782204361558e+01,9.450000000027443114e-01
5.000100000000001137e-05,1.692453723764708684e+01,3.034603892977338013e+00,1.689874833047132796e+01,1.500016900250166429e+00,1.687054782062324776e+01,0.000000000000000000e+00
5.000107000000001626e-05,1.692453723764593931e+01,3.034603892974372386e+00,1.689874833047132796e+01,1.500016891591172907e+00,1.687054782020599220e+01,0.000000000000000000e+00
5.000121000000001928e-05,1.692453723764342399e+01,3.034603892967707939e+00,1.689874833047132441e+01,1.500016884747793711e+00,1.687054781926131497e+01,0.000000000000000000e+00
5.000149000000002531e-05,1.692453723763714635e+01,3.034603892950753057e+00,1.689874833047131730e+01,1.500016892342735275e+00,1.687054781687284333e+01,0.000000000000000000e+00
5.000205000000003738e-05,1.692453723761961726e+01,3.034603892902552058e+00,1.689874833047130309e+01,1.500016894702852710e+00,1.687054781028310657e+01,0.000000000000000000e+00
5.000317000000006152e-05,1.692453723756868911e+01,3.034603892756693178e+00,1.689874833047126756e+01,1.500016891960971321e+00,1.687054779150238204e+01,0.000000000000000000e+00
5.000541000000010980e-05,1.692453723742531579e+01,3.034603892314661877e+00,1.689874833047113611e+01,1.500016885184228599e+00,1.687054774073202523e+01,0.000000000000000000e+00
5.000989000000020636e-05,1.692453723706307755e+01,3.034603891060756453e+00,1.689874833047057123e+01,1.500016863834774394e+00,1.687054762230183513e+01,0.000000000000000000e+00
5.001885000000039948e-05,1.692453723627872364e+01,3.034603887901123898e+00,1.689874833046807368e+01,1.500016818614229752e+00,1.687054740012354515e+01,0.000000000000000000e+00
5.003040206794279638e-05,1.692453723531471255e+01,3.034603883415240677e+00,1.689874833046224012e+01,1.500016763314066859e+00,1.687054717710759277e+01,0.000000000000000000e+00
5.005002684589465831e-05,1.692453723389092346e+01,3.034603875757709623e+00,1.689874833044635238e+01,1.500016681841907840e+00,1.687054693199285893e+01,0.000000000000000000e+00
5.008025614839146678e-05,1.692453723215229999e+01,3.034603864477867230e+00,1.689874833040989088e+01,1.500016583558521077e+00,1.687054676013099552e+01,0.000000000000000000e+00
5.014071475338507694e-05,1.692453722986791220e+01,3.034603844080816515e+00,1.689874833030763313e+01,1.500016458075341674e+00,1.687054676748615023e+01,0.000000000000000000e+00
5.024071475338507938e-05,1.692453722827752927e+01,3.034603814936329247e+00,1.689874833009682575e+01,1.500016379903854391e+00,1.687054714091065932e+01,0.000000000000000000e+00
5.034071475338508181e-05,1.692453722828373230e+01,3.034603788898066590e+00,1.689874832987339204e+01,1.500016395184944784e+00,1.687054763013736292e+01,0.000000000000000000e+00
5.044071475338508424e-05,1.692453722911457348e+01,3.034603763853991776e+00,1.689874832966463813e+01,1.500016457521235802e+00,1.687054810050784681e+01,0.000000000000000000e+00
5.054071475338508667e-05,1.692453723034450874e+01,3.034603738595715416e+00,1.689874832948615335e+01,1.500016541349465271e+00,1.687054851170063330e+01,0.000000000000000000e+00
5.064071475338508910e-05,1.692453723177242964e+01,3.034603712574150958e+00,1.689874832934596327e+01,1.500016634535743965e+00,1.687054885502395862e+01,0.000000000000000000e+00
5.074071475338509153e-05,1.692453723331755455e+01,3.034603685576899412e+00,1.689874832924808956e+01,1.500016732157062771e+00,1.687054913012310919e+01,0.000000000000000000e+00
5.084071475338509396e-05,1.692453723495534135e+01,3.034603657519666431e+00,1.689874832919473846e+01,1.500016832654413657e+00,1.687054933829703174e+01,0.000000000000000000e+00
5.094071475338509639e-05,1.692453723668401011e+01,3.034603628347917414e+00,1.689874832918747316e+01,1.500016935861198775e+00,1.687054948086796102e+01,0.000000000000000000e+00
5.104071475338509882e-05,1.692453723851014757e+01,3.034603598001579972e+00,1.689874832922770764e+01,1.500017042048114702e+00,1.687054955884496366e+01,0.000000000000000000e+00
5.114071475338510125e-05,1.692453724044263197e+01,3.034603566404689534e+00,1.689874832931695181e+01,1.500017151662793813e+00,1.687054957291681134e+01,0.000000000000000000e+00
5.124071475338510368e-05,1.692453724249106628e+01,3.034603533463168468e+00,1.689874832945689320e+01,1.500017265184626858e+00,1.687054952352800541e+01,0.000000000000000000e+00
5.134071475338510611e-05,1.692453724466566101e+01,3.034603499063321053e+00,1.689874832964941831e+01,1.500017383117707714e+00,1.687054941095800586e+01,0.000000000000000000e+00
5.144071475338510854e-05,1.692453724697815431e+01,3.034603463069569518e+00,1.689874832989665521e+01,1.500017505983880506e+00,1.687054923538006435e+01,0.000000000000000000e+00
5.154071475338511097e-05,1.692453724944165927e+01,3.034603425319311043e+00,1.689874833020101264e+01,1.500017634476293882e+00,1.687054899690328114e+01,0.000000000000000000e+00
5.164071475338511341e-05,1.692453725207180071e+01,3.034603385617022475e+00,1.689874833056521553e+01,1.500017769329287987e+00,1.687054869561353954e+01,0.000000000000000000e+00
5.174071475338511584e-05,1.692453725488729432e+01,3.034603343725326141e+00,1.689874833099236184e+01,1.500017911450667984e+00,1.687054833162847700e+01,0.000000000000000000e+00
5.184071475338511827e-05,1.692453725791110486e+01,3.034603299353370698e+00,1.689874833148603628e+01,1.500018062032539845e+00,1.687054790518530467e+01,0.000000000000000000e+00
5.194071475338512070e-05,1.692453726117193114e+01,3.034603252141097940e+00,1.689874833205043103e+01,1.500018222509952093e+00,1.687054741678830894e+01,0.000000000000000000e+00
5.204071475338512313e-05,1.692453726470646558e+01,3.034603201638395475e+00,1.689874833269048438e+01,1.500018394753110718e+00,1.687054686746262178e+01,0.000000000000000000e+00
5.214071475338512556e-05,1.692453726856316720e+01,3.034603147278313706e+00,1.689874833341216487e+01,1.500018581304110032e+00,1.687054625920298889e+01,0.000000000000000000e+00
5.224071475338512799e-05,1.692453727280866715e+01,3.034603088344948851e+00,1.689874833422282663e+01,1.500018785643524977e+00,1.687054559579605595e+01,0.000000000000000000e+00
5.234071475338513042e-05,1.692453727753985859e+01,3.034603023942142652e+00,1.689874833513183816e+01,1.500019012922495287e+00,1.687054488440493216e+01,0.000000000000000000e+00
5.244071475338513285e-05,1.692453728290709947e+01,3.034602952981284130e+00,1.689874833615170857e+01,1.500019271266703758e+00,1.687054413883203807e+01,0.000000000000000000e+00
5.254071475338513528e-05,1.692453728916474986e+01,3.034602874237057435e+00,1.689874833730018366e+01,1.500019574539874778e+00,1.687054338688975719e+01,0.000000000000000000e+00
5.264071475338513771e-05,1.692453729678917895e+01,3.034602786576265476e+00,1.689874833860470460e+01,1.500019948973887463e+00,1.687054268938823043e+01,0.000000000000000000e+00
5.274071475338514014e-05,1.692453730680850299e+01,3.034602689633885575e+00,1.689874834011327565e+01,1.500020451605668548e+00,1.687054220003862781e+01,0.000000000000000000e+00
5.284071475338514257e-05,1.692453732238143616e+01,3.034602586683665670e+00,1.689874834193463116e+01,1.500021259764995119e+00,1.687054250580645487e+01,0.000000000000000000e+00
5.294071475338514500e-05,1.692453742385908200e+01,3.034602612177522918e+00,1.689874834559110894e+01,1.500026951971732636e+00,1.687056326491581260e+01,0.000000000000000000e+00
5.304071475338514744e-05,1.692453852742717046e+01,3.034604329160347280e+00,1.689874836894963295e+01,1.500089702182008322e+00,1.687082537302681118e+01,0.000000000000000000e+00
5.314071475338514987e-05,1.692454084209031251e+01,3.034608182959297462e+00,1.689874843846208563e+01,1.500220105197636267e+00,1.687126211706803858e+01,0.000000000000000000e+00
5.324071475338515230e-05,1.692454415652522925e+01,3.034613636528946667e+00,1.689874857925652307e+01,1.500404439446847649e+00,1.687173914867319979e+01,0.000000000000000000e+00
5.334071475338515473e-05,1.692454809917504832e+01,3.034619739547338657e+00,1.689874880916956457e+01,1.500620111108449617e+00,1.687214051362100165e+01,0.000000000000000000e+00
5.344071475338515716e-05,1.692455207214262103e+01,3.034625160355644002e+00,1.689874913299594184e+01,1.500832138246400049e+00,1.687232090236161852e+01,0.000000000000000000e+00
5.354071475338515959e-05,1.692455520400147506e+01,3.034628107885426918e+00,1.689874953609596631e+01,1.500990781555049391e+00,1.687208987343694488e+01,0.000000000000000000e+00
5.362023072975888511e-05,1.692455690450637817e+01,3.034628204949011199e+00,1.689874989791794846e+01,1.501068720875762930e+00,1.687162665816481422e+01,0.000000000000000000e+00
5.370900179158289724e-05,1.692455812669290793e+01,3.034626268933862558e+00,1.689875032739566407e+01,1.501115036091765109e+00,1.687092471313108888e+01,0.000000000000000000e+00
5.379885098436884398e-05,1.692455890725771894e+01,3.034622838314624538e+00,1.689875077644957102e+01,1.501134618386283925e+00,1.687011415146098514e+01,0.000000000000000000e+00
5.386559910799802758e-05,1.692455931195651075e+01,3.034619702915619222e+00,1.689875111467839730e+01,1.501138743659666375e+00,1.686948009143963745e+01,0.000000000000000000e+00
5.392293783117604959e-05,1.692455959636557594e+01,3.034616792206528579e+00,1.689875140635082573e+01,1.501138557177402078e+00,1.686892472299084389e+01,0.000000000000000000e+00
5.398206383678385352e-05,1.692455985891870185e+01,3.034613681074635583e+00,1.689875170711642838e+01,1.501136584728592238e+00,1.686834518299388819e+01,0.000000000000000000e+00
5.404716070911586852e-05,1.692456012936459331e+01,3.034610189460337892e+00,1.689875203763033795e+01,1.501133370381012133e+00,1.686770407692479878e+01,0.000000000000000000e+00
5.411366522327190235e-05,1.692456039443221272e+01,3.034606580890454541e+00,1.689875237428993771e+01,1.501129494363169004e+00,1.686704606350718549e+01,0.000000000000000000e+00
5.418457897446250429e-05,1.692456066986963847e+01,3.034602700064243042e+00,1.689875273196213357e+01,1.501125020538464749e+00,1.686634043082627699e+01,0.000000000000000000e+00
5.425461826523430311e-05,1.692456093739876977e+01,3.034598835219773694e+00,1.689875308380003816e+01,1.501120424330157910e+00,1.686563827549191075e+01,0.000000000000000000e+00
5.432877921078697111e-05,1.692456121750302600e+01,3.034594706284001742e+00,1.689875345474392887e+01,1.501115468883226667e+00,1.686488859621694658e+01,0.000000000000000000e+00
5.441404560330860947e-05,1.692456153674635644e+01,3.034589911080186386e+00,1.689875387916972116e+01,1.501109731745986497e+00,1.686401906519376226e+01,0.000000000000000000e+00
5.451404560330861190e-05,1.692456190822908724e+01,3.034584223387442048e+00,1.689875437410402270e+01,1.501103002228741490e+00,1.686298952301309484e+01,0.000000000000000000e+00
5.461404560330861434e-05,1.692456227705578087e+01,3.034578462899896412e+00,1.689875486598707965e+01,1.501096300877669876e+00,1.686194742235439747e+01,0.000000000000000000e+00
5.471404560330861677e-05,1.692456264350316175e+01,3.034572622645033135e+00,1.689875535483327340e+01,1.501089643456945621e+00,1.686089110066857799e+01,0.000000000000000000e+00
5.481404560330861920e-05,1.692456300776710165e+01,3.034566659214591233e+00,1.689875584066294678e+01,1.501083043361617797e+00,1.685980629970281086e+01,0.000000000000000000e+00
5.491404560330862163e-05,1.692456336993508970e+01,3.034560545014918898e+00,1.689875632350139156e+01,1.501076506301944669e+00,1.685869291324744523e+01,0.000000000000000000e+00
5.501404560330862406e-05,1.692456373003660275e+01,3.034554277087905039e+00,1.689875680337650365e+01,1.501070032551988565e+00,1.685755364312089100e+01,0.000000000000000000e+00
5.511404560330862649e-05,1.692456408810101465e+01,3.034547865032315439e+00,1.689875728031703872e+01,1.501063621458606612e+00,1.685639067565391969e+01,0.000000000000000000e+00
5.521404560330862892e-05,1.692456444419694606e+01,3.034541319558192285e+00,1.689875775435235283e+01,1.501057274533416530e+00,1.685520490829726370e+01,0.000000000000000000e+00
5.531404560330863135e-05,1.692456479847980333e+01,3.034534648310848848e+00,1.689875822551386619e+01,1.501050998372097212e+00,1.685399621666495307e+01,0.000000000000000000e+00
5.541404560330863378e-05,1.692456515143320672e+01,3.034527859769342584e+00,1.689875869384141893e+01,1.501044818260563796e+00,1.685276383129715683e+01,0.000000000000000000e+00
5.551404560330863621e-05,1.692456550690472383e+01,3.034521013063460781e+00,1.689875915944450568e+01,1.501038947383133815e+00,1.685150660819706658e+01,0.000000000000000000e+00
5.561404560330863864e-05,1.692456587083589881e+01,3.034514221111762389e+00,1.689875962255565867e+01,1.501033709713647246e+00,1.685022315928429748e+01,0.000000000000000000e+00
5.571404560330864107e-05,1.692456624173298607e+01,3.034507520344544851e+00,1.689876008341285996e+01,1.501029001828573683e+00,1.684891188957826458e+01,0.000000000000000000e+00
5.581404560330864350e-05,1.692456661637643123e+01,3.034500912421139507e+00,1.689876054219550028e+01,1.501024625738136997e+00,1.684757100128099694e+01,0.000000000000000000e+00
5.591404560330864593e-05,1.692456699191497194e+01,3.034494382174251381e+00,1.689876099901136897e+01,1.501020410352901013e+00,1.684619848625632343e+01,0.000000000000000000e+00
5.601404560330864837e-05,1.692456736632452419e+01,3.034487905311075373e+00,1.689876145390823581e+01,1.501016236862321884e+00,1.684479211288592992e+01,0.000000000000000000e+00
5.611404560330865080e-05,1.692456773831654715e+01,3.034481452086392750e+00,1.689876190689159330e+01,1.501012032142581720e+00,1.684334939708359258e+01,0.000000000000000000e+00
5.621404560330865323e-05,1.692456810713214210e+01,3.034474989260915301e+00,1.689876235794049464e+01,1.501007755687000511e+00,1.684186756315852662e+01,0.000000000000000000e+00
5.631404560330865566e-05,1.692456847236361028e+01,3.034468481214688040e+00,1.689876280701937006e+01,1.501003388501098934e+00,1.684034349638213612e+01,0.000000000000000000e+00
5.641404560330865809e-05,1.692456883382945421e+01,3.034461890554088104e+00,1.689876325408609503e+01,1.500998925163827602e+00,1.683877368638992422e+01,0.000000000000000000e+00
5.651404560330866052e-05,1.692456919149222117e+01,3.034455178355287774e+00,1.689876369909729803e+01,1.500994368910386179e+00,1.683715415911215274e+01,0.000000000000000000e+00
5.661404560330866295e-05,1.692456954540609360e+01,3.034448304116287964e+00,1.689876414201174271e+01,1.500989728321902250e+00,1.683548039399842722e+01,0.000000000000000000e+00
5.671404560330866538e-05,1.692456989568291803e+01,3.034441225455813296e+00,1.689876458279239202e+01,1.500985015121683031e+00,1.683374722231266318e+01,0.000000000000000000e+00
5.681404560330866781e-05,1.692457024246931852e+01,3.034433897576941153e+00,1.689876502140768721e+01,1.500980243031828421e+00,1.683194870095034545e+01,0.000000000000000000e+00
5.691404560330867024e-05,1.692457058593139863e+01,3.034426272496053123e+00,1.689876545783224415e+01,1.500975426715164263e+00,1.683007795433702469e+01,0.000000000000000000e+00
5.701404560330867267e-05,1.692457092624418991e+01,3.034418298016296589e+00,1.689876589204717661e+01,1.500970581314908125e+00,1.682812697427271331e+01,0.000000000000000000e+00
5.711404560330867510e-05,1.692457126358521435e+01,3.034409916401753282e+00,1.689876632404021706e+01,1.500965722125554125e+00,1.682608636368638955e+01,0.000000000000000000e+00
5.721404560330867753e-05,1.692457159813027801e+01,3.034401062675457617e+00,1.689876675380572379e+01,1.500960864529981453e+00,1.682394500455802344e+01,0.000000000000000000e+00
5.731404560330867996e-05,1.692457193005170168e+01,3.034391662423781888e+00,1.689876718134462052e+01,1.500956023936270034e+00,1.682168962177996363e+01,0.000000000000000000e+00
5.741404560330868240e-05,1.692457225951811495e+01,3.034381628927893981e+00,1.689876760666441413e+01,1.500951216191672932e+00,1.681930420185275921e+01,0.000000000000000000e+00
5.751404560330868483e-05,1.692457258669580256e+01,3.034370859353221928e+00,1.689876802977923731e+01,1.500946457683794755e+00,1.681676920536865438e+01,0.000000000000000000e+00
5.761404560330868726e-05,1.692457291175131573e+01,3.034359229588095008e+00,1.689876845071007594e+01,1.500941766083962570e+00,1.681406048065395709e+01,0.000000000000000000e+00
5.771404560330868969e-05,1.692457323485591658e+01,3.034346587100682502e+00,1.689876886948518120e+01,1.500937160937759085e+00,1.681114773461771605e+01,0.000000000000000000e+00
5.781404560330869212e-05,1.692457355619159642e+01,3.034332740816343854e+00,1.689876928614077300e+01,1.500932664845889164e+00,1.680799233119977742e+01,0.000000000000000000e+00
5.791404560330869455e-05,1.692457387596058282e+01,3.034317446398816287e+00,1.689876970072215556e+01,1.500928304956163917e+00,1.680454404058153273e+01,0.000000000000000000e+00
5.801404560330869698e-05,1.692457419439874400e+01,3.034300384230578462e+00,1.689877011328541911e+01,1.500924115302020301e+00,1.680073610129189632e+01,0.000000000000000000e+00
5.811404560330869941e-05,1.692457451179657468e+01,3.034281125428276660e+00,1.689877052390000500e+01,1.500920140439639727e+00,1.679647747979479533e+01,0.000000000000000000e+00
5.821404560330870184e-05,1.692457482853368944e+01,3.034259077577827313e+00,1.689877093265254615e+01,1.500916441109958921e+00,1.679164031317892380e+01,0.000000000000000000e+00
5.831404560330870427e-05,1.692457514513550620e+01,3.034233394931437733e+00,1.689877133965280009e+01,1.500913103867784315e+00,1.678603879946584954e+01,0.000000000000000000e+00
5.841404560330870670e-05,1.692457546237203303e+01,3.034202824726425884e+00,1.689877174504295354e+01,1.500910257704524797e+00,1.677939257142060825e+01,0.000000000000000000e+00
5.851404560330870913e-05,1.692457578144530217e+01,3.034165420482913600e+00,1.689877214901253666e+01,1.500908105132942483e+00,1.677125576211349411e+01,0.000000000000000000e+00
5.861404560330871156e-05,1.692457610429197246e+01,3.034118064314082819e+00,1.689877255182426552e+01,1.500906973604849703e+00,1.676090582033733867e+01,0.000000000000000000e+00
5.871404560330871399e-05,1.692457643383743005e+01,3.034055877111110355e+00,1.689877295385819522e+01,1.500907371193070716e+00,1.674722977269181712e+01,0.000000000000000000e+00
5.881404560330871642e-05,1.692457677323614007e+01,3.033972486005319880e+00,1.689877335568125716e+01,1.500909918646912367e+00,1.672893069748478823e+01,0.000000000000000000e+00
5.891404560330871886e-05,1.692457712202542552e+01,3.033863826160136501e+00,1.689877375811571270e+01,1.500914841053975657e+00,1.670578200194146135e+01,0.000000000000000000e+00
5.898034565115030831e-05,1.692457735597794866e+01,3.033778652672605602e+00,1.689877402569321774e+01,1.500919186369808367e+00,1.668845165044865908e+01,0.000000000000000000e+00
5.905235342116987597e-05,1.692457760912004616e+01,3.033677255784400284e+00,1.689877431742539216e+01,1.500924441190637726e+00,1.666869320709607294e+01,0.000000000000000000e+00
5.912836794885003883e-05,1.692457787266980773e+01,3.033563925759776403e+00,1.689877462696311738e+01,1.500930146907653917e+00,1.664735089815975755e+01,0.000000000000000000e+00
5.922836794885004126e-05,1.692457821235889170e+01,3.033410033511239945e+00,1.689877503687048943e+01,1.500937441528851224e+00,1.661897918166290111e+01,0.000000000000000000e+00
5.932836794885004369e-05,1.692457854563870967e+01,3.033253740553894406e+00,1.689877544987058400e+01,1.500944360167989045e+00,1.659046439803992001e+01,0.000000000000000000e+00
5.942836794885004612e-05,1.692457887513531745e+01,3.033096611204906257e+00,1.689877586589504332e+01,1.500950944218325311e+00,1.656189721362349232e+01,0.000000000000000000e+00
5.952836794885004855e-05,1.692457920323320764e+01,3.032939310328072402e+00,1.689877628485485772e+01,1.500957288639809040e+00,1.653332460188365260e+01,0.000000000000000000e+00
5.962836794885005098e-05,1.692457953157922645e+01,3.032782092517352979e+00,1.689877670667389964e+01,1.500963474905090855e+00,1.650477223489286871e+01,0.000000000000000000e+00
5.972836794885005342e-05,1.692457986112022894e+01,3.032625055946316817e+00,1.689877713129498105e+01,1.500969554203446465e+00,1.647625407046444224e+01,0.000000000000000000e+00
5.982836794885005585e-05,1.692458019232584121e+01,3.032468244365772225e+00,1.689877755867518161e+01,1.500975553145966312e+00,1.644777748790287220e+01,0.000000000000000000e+00
5.992836794885005828e-05,1.692458052539801372e+01,3.032311681271748327e+00,1.689877798877988724e+01,1.500981483792783067e+00,1.641934630577337373e+01,0.000000000000000000e+00
6.002836794885006071e-05,1.692458086040883458e+01,3.032155380515164644e+00,1.689877842157864052e+01,1.500987351086882970e+00,1.639096249306271602e+01,0.000000000000000000e+00
6.012836794885006314e-05,1.692458119737430877e+01,3.031999350240672353e+00,1.689877885704284211e+01,1.500993156997122213e+00,1.636262707519922088e+01,0.000000000000000000e+00
6.022836794885006557e-05,1.692458153628838602e+01,3.031843595031527450e+00,1.689877929514472044e+01,1.500998902451214700e+00,1.633434059008880013e+01,0.000000000000000000e+00
6.032836794885006800e-05,1.692458187713696560e+01,3.031688117320578968e+00,1.689877973585691961e+01,1.501004588037897713e+00,1.630610331463664764e+01,0.000000000000000000e+00
6.042836794885007043e-05,1.692458221990329648e+01,3.031532918297330070e+00,1.689878017915236441e+01,1.501010214302963108e+00,1.627791538015253181e+01,0.000000000000000000e+00
6.052836794885007286e-05,1.692458256456947652e+01,3.031377998449383160e+00,1.689878062500418565e+01,1.501015781684285066e+00,1.624977683402584461e+01,0.000000000000000000e+00
6.062836794885007529e-05,1.692458291111722701e+01,3.031223357868838342e+00,1.689878107338574154e+01,1.501021290699647848e+00,1.622168767425545965e+01,0.000000000000000000e+00
6.072836794885007772e-05,1.692458325952792819e+01,3.031068996421357298e+00,1.689878152427058922e+01,1.501026741776400275e+00,1.619364786938771061e+01,0.000000000000000000e+00
6.082836794885008015e-05,1.692458360978277909e+01,3.030914913840227598e+00,1.689878197763249545e+01,1.501032135397711631e+00,1.616565737019604398e+01,0.000000000000000000e+00
6.092836794885008258e-05,1.692458396186309955e+01,3.030761109778948192e+00,1.689878243344542241e+01,1.501037472000259498e+00,1.613771611616975576e+01,0.000000000000000000e+00
6.102836794885008501e-05,1.692458431575036215e+01,3.030607583841903985e+00,1.689878289168353831e+01,1.501042752049760454e+00,1.610982403972085208e+01,0.000000000000000000e+00
6.112836794885008744e-05,1.692458467142574463e+01,3.030454335604026994e+00,1.689878335232121387e+01,1.501047975936223189e+00,1.608198106927376259e+01,0.000000000000000000e+00
6.122836794885008988e-05,1.692458502887062366e+01,3.030301364623399607e+00,1.689878381533300100e+01,1.501053144117612703e+00,1.605418713071076553e+01,0.000000000000000000e+00
6.132836794885009231e-05,1.692458538806606683e+01,3.030148670447724069e+00,1.689878428069365057e+01,1.501058256995213114e+00,1.602644214824697499e+01,0.000000000000000000e+00
6.142836794885009474e-05,1.692458574899319856e+01,3.029996252618716746e+00,1.689878474837808398e+01,1.501063314934807602e+00,1.599874604498547193e+01,0.000000000000000000e+00
6.152836794885009717e-05,1.692458611163958437e+01,3.029844110788870282e+00,1.689878521836156722e+01,1.501068318846102700e+00,1.597109878168734021e+01,0.000000000000000000e+00
6.162836794885009960e-05,1.692458647598198240e+01,3.029692244479397889e+00,1.689878569061940894e+01,1.501073268566786467e+00,1.594350025099348223e+01,0.000000000000000000e+00
6.172836794885010203e-05,1.692458684199762686e+01,3.029540653173607989e+00,1.689878616512703147e+01,1.501078164369391121e+00,1.591595036634894100e+01,0.000000000000000000e+00
6.182836794885010446e-05,1.692458720966754626e+01,3.029389336370058583e+00,1.689878664185999213e+01,1.501083006596934499e+00,1.588844904705176120e+01,0.000000000000000000e+00
6.192836794885010689e-05,1.692458757897449217e+01,3.029238293586870245e+00,1.689878712079403300e+01,1.501087795705961403e+00,1.586099621362669154e+01,0.000000000000000000e+00
6.202836794885010932e-05,1.692458794990140802e+01,3.029087524352941596e+00,1.689878760190509865e+01,1.501092532158708526e+00,1.583359178668357359e+01,0.000000000000000000e+00
6.212836794885011175e-05,1.692458832243106670e+01,3.028937028201090786e+00,1.689878808516931485e+01,1.501097216329526862e+00,1.580623568673546409e+01,0.000000000000000000e+00
6.222836794885011418e-05,1.692458869654604214e+01,3.028786804664871379e+00,1.689878857056299566e+01,1.501101848636316349e+00,1.577892783420077194e+01,0.000000000000000000e+00
6.232836794885011661e-05,1.692458907222882658e+01,3.028636853277712149e+00,1.689878905806263276e+01,1.501106429467893300e+00,1.575166814941455939e+01,0.000000000000000000e+00
6.242836794885011904e-05,1.692458944946200461e+01,3.028487173572881108e+00,1.689878954764488839e+01,1.501110959198544093e+00,1.572445655263353004e+01,0.000000000000000000e+00
6.252836794885012147e-05,1.692458982822816793e+01,3.028337765083483735e+00,1.689879003928660595e+01,1.501115438209854602e+00,1.569729296404156038e+01,0.000000000000000000e+00
6.262836794885012391e-05,1.692459020851011431e+01,3.028188627342669914e+00,1.689879053296478162e+01,1.501119866825195936e+00,1.567017730375505558e+01,0.000000000000000000e+00
6.272836794885012634e-05,1.692459059029072677e+01,3.028039759883573545e+00,1.689879102865658211e+01,1.501124245455250472e+00,1.564310949183183830e+01,0.000000000000000000e+00
6.282836794885012877e-05,1.692459097355305531e+01,3.027891162239391143e+00,1.689879152633934822e+01,1.501128574459760001e+00,1.561608944827809076e+01,0.000000000000000000e+00
6.292836794885013120e-05,1.692459135828022809e+01,3.027742833943298351e+00,1.689879202599057706e+01,1.501132854191191246e+00,1.558911709305662541e+01,0.000000000000000000e+00
6.302836794885013363e-05,1.692459174445543013e+01,3.027594774528471699e+00,1.689879252758794337e+01,1.501137085009287331e+00,1.556219234609406499e+01,0.000000000000000000e+00
6.312836794885013606e-05,1.692459213206226210e+01,3.027446983528444324e+00,1.689879303110926045e+01,1.501141267237354748e+00,1.553531512728799768e+01,0.000000000000000000e+00
6.322836794885013849e-05,1.692459252108412926e+01,3.027299460476508219e+00,1.689879353653253702e+01,1.501145401322428796e+00,1.550848535651308424e+01,0.000000000000000000e+00
6.332836794885014092e-05,1.692459291150468914e+01,3.027152204906193411e+00,1.689879404383591677e+01,1.501149487529608528e+00,1.548170295362719351e+01,0.000000000000000000e+00
6.342836794885014335e-05,1.692459330330774847e+01,3.027005216351179584e+00,1.689879455299771038e+01,1.501153526262212878e+00,1.545496783847752376e+01,0.000000000000000000e+00
6.352836794885014578e-05,1.692459369647721346e+01,3.026858494345255224e+00,1.689879506399638842e+01,1.501157517828956678e+00,1.542827993090635275e+01,0.000000000000000000e+00
6.362836794885014821e-05,1.692459409099710754e+01,3.026712038422373130e+00,1.689879557681057776e+01,1.501161462611288577e+00,1.540163915075657997e+01,0.000000000000000000e+00
6.372836794885015064e-05,1.692459448685163892e+01,3.026565848116743673e+00,1.689879609141907579e+01,1.501165360961514317e+00,1.537504541787728840e+01,0.000000000000000000e+00
6.382836794885015307e-05,1.692459488402502998e+01,3.026419922962670039e+00,1.689879660780082915e+01,1.501169213202822039e+00,1.534849865212808595e+01,0.000000000000000000e+00
6.392836794885015550e-05,1.692459528250171275e+01,3.026274262494768497e+00,1.689879712593493011e+01,1.501173019643800011e+00,1.532199877338496918e+01,0.000000000000000000e+00
6.402836794885015793e-05,1.692459568226616184e+01,3.026128866247840499e+00,1.689879764580063792e+01,1.501176780694872370e+00,1.529554570154470383e+01,0.000000000000000000e+00
6.412836794885016037e-05,1.692459608330299048e+01,3.025983733756969496e+00,1.689879816737736107e+01,1.501180496635453832e+00,1.526913935652938292e+01,0.000000000000000000e+00
6.422836794885016280e-05,1.692459648559698948e+01,3.025838864557595098e+00,1.689879869064465368e+01,1.501184167832215532e+00,1.524277965829129400e+01,0.000000000000000000e+00
6.432836794885016523e-05,1.692459688913310245e+01,3.025694258185504637e+00,1.689879921558223685e+01,1.501187794622673488e+00,1.521646652681693190e+01,0.000000000000000000e+00
6.442836794885016766e-05,1.692459729389613798e+01,3.025549914176552946e+00,1.689879974216997738e+01,1.501191377307954378e+00,1.519019988213088368e+01,0.000000000000000000e+00
6.452836794885017009e-05,1.692459769987116758e+01,3.025405832067121104e+00,1.689880027038789478e+01,1.501194916261865853e+00,1.516397964430112211e+01,0.000000000000000000e+00
6.462836794885017252e-05,1.692459810704351497e+01,3.025262011394106665e+00,1.689880080021613651e+01,1.501198411741720751e+00,1.513780573344179992e+01,0.000000000000000000e+00
6.472836794885017495e-05,1.692459851539845417e+01,3.025118451694624788e+00,1.689880133163502052e+01,1.501201864113940854e+00,1.511167806971696059e+01,0.000000000000000000e+00
6.482836794885017738e-05,1.692459892492134088e+01,3.024975152506192089e+00,1.689880186462500333e+01,1.501205273723060341e+00,1.508559657334518533e+01,0.000000000000000000e+00
6.492836794885017981e-05,1.692459933559771557e+01,3.024832113366864750e+00,1.689880239916668714e+01,1.501208640848048281e+00,1.505956116460261107e+01,0.000000000000000000e+00
6.502836794885018224e-05,1.692459974741318618e+01,3.024689333815154590e+00,1.689880293524081978e+01,1.501211965818738170e+00,1.503357176382637306e+01,0.000000000000000000e+00
6.512836794885018467e-05,1.692460016035355963e+01,3.024546813390186273e+00,1.689880347282828765e+01,1.501215248943043701e+00,1.500762829141814159e+01,0.000000000000000000e+00
6.522836794885018710e-05,1.692460057440461085e+01,3.024404551631572957e+00,1.689880401191013704e+01,1.501218490557911567e+00,1.498173066784908158e+01,0.000000000000000000e+00
6.532836794885018953e-05,1.692460098955237768e+01,3.024262548079811541e+00,1.689880455246753499e+01,1.501221690956499932e+00,1.495587881366258998e+01,0.000000000000000000e+00
6.542836794885019196e-05,1.692460140578292282e+01,3.024120802276208941e+00,1.689880509448179779e+01,1.501224850431847946e+00,1.493007264947973667e+01,0.000000000000000000e+00
6.552836794885019440e-05,1.692460182308234451e+01,3.023979313763162757e+00,1.689880563793439094e+01,1.501227969342318058e+00,1.490431209600381379e+01,0.000000000000000000e+00
6.562836794885019683e-05,1.692460224143687242e+01,3.023838082084695067e+00,1.689880618280690072e+01,1.501231047936893548e+00,1.487859707403032594e+01,0.000000000000000000e+00
6.572836794885019926e-05,1.692460266083286058e+01,3.023697106787204714e+00,1.689880672908106973e+01,1.501234086558794756e+00,1.485292750445660381e+01,0.000000000000000000e+00
6.582836794885020169e-05,1.692460308125676249e+01,3.023556387420632596e+00,1.689880727673876493e+01,1.501237085477961752e+00,1.482730330829910770e+01,0.000000000000000000e+00
6.592836794885020412e-05,1.692460350269520930e+01,3.023415923540508921e+00,1.689880782576199181e+01,1.501240044999891499e+00,1.480172440671847589e+01,0.000000000000000000e+00
6.602836794885020655e-05,1.692460392513484635e+01,3.023275714711094686e+00,1.689880837613289088e+01,1.501242965421523801e+00,1.477619072106245213e+01,0.000000000000000000e+00
6.612836794885020898e-05,1.692460434856240070e+01,3.023135760510886616e+00,1.689880892783374122e+01,1.501245847037705916e+00,1.475070217293126085e+01,0.000000000000000000e+00
6.622836794885021141e-05,1.692460477296480192e+01,3.022996060541732533e+00,1.689880948084694623e+01,1.501248690132579000e+00,1.472525868428787810e+01,0.000000000000000000e+00
6.632836794885021384e-05,1.692460519832906485e+01,3.022856614443579559e+00,1.689881003515504787e+01,1.501251494984688239e+00,1.469986017763652519e+01,0.000000000000000000e+00
6.642836794885021627e-05,1.692460562464171758e+01,3.022717421948078353e+00,1.689881059074068048e+01,1.501254261764529696e+00,1.467450656895346306e+01,0.000000000000000000e+00
6.652836794885021870e-05,1.692460605189006628e+01,3.022578482895682761e+00,1.689881114758665959e+01,1.501256990946755687e+00,1.464919778841211695e+01,0.000000000000000000e+00
6.662836794885022113e-05,1.692460648006203527e+01,3.022439797308433374e+00,1.689881170567591795e+01,1.501259682688309782e+00,1.462393376507007048e+01,0.000000000000000000e+00
6.672836794885022356e-05,1.692460690914526822e+01,3.022301365513389459e+00,1.689881226499150557e+01,1.501262337232312394e+00,1.459871443057757290e+01,0.000000000000000000e+00
6.682836794885022599e-05,1.692460733912716364e+01,3.022163188343361284e+00,1.689881282551660746e+01,1.501264954820376918e+00,1.457353972226700556e+01,0.000000000000000000e+00
6.692836794885022843e-05,1.692460776999563521e+01,3.022025267464942822e+00,1.689881338723450455e+01,1.501267535513463480e+00,1.454840958725851152e+01,0.000000000000000000e+00
6.702836794885023086e-05,1.692460820173883462e+01,3.021887605914382657e+00,1.689881395012858789e+01,1.501270079433329352e+00,1.452332398885164544e+01,0.000000000000000000e+00
6.712836794885023329e-05,1.692460863434537188e+01,3.021750208976002661e+00,1.689881451418233027e+01,1.501272586466187109e+00,1.449828291684891290e+01,0.000000000000000000e+00
6.722836794885023572e-05,1.692460906780475938e+01,3.021613085619631711e+00,1.689881507937927552e+01,1.501275056291718091e+00,1.447328640436027314e+01,0.000000000000000000e+00
6.732836794885023815e-05,1.692460950210754334e+01,3.021476250847903611e+00,1.689881564570297812e+01,1.501277488183889508e+00,1.444833455514727838e+01,0.000000000000000000e+00
6.742836794885024058e-05,1.692460993724596108e+01,3.021339729523423667e+00,1.689881621313696058e+01,1.501279880892763874e+00,1.442342758803731506e+01,0.000000000000000000e+00
6.752836794885024301e-05,1.692461037321544737e+01,3.021203562594748426e+00,1.689881678166459622e+01,1.501282232050341614e+00,1.439856590886943977e+01,0.000000000000000000e+00
6.762836794885024544e-05,1.692461081001619760e+01,3.021067817196503746e+00,1.689881735126893858e+01,1.501284537713254874e+00,1.437375022663585078e+01,0.000000000000000000e+00
6.772836794885024787e-05,1.692461124765613789e+01,3.020932602983906090e+00,1.689881792193244081e+01,1.501286791302791634e+00,1.434898174015975592e+01,0.000000000000000000e+00
6.782836794885025030e-05,1.692461168615584910e+01,3.020798098445582891e+00,1.689881849363650446e+01,1.501288981959983060e+00,1.432426243651573294e+01,0.000000000000000000e+00
6.792836794885025273e-05,1.692461212555691574e+01,3.020664593079656957e+00,1.689881906636071918e+01,1.501291091946290512e+00,1.429959556467153625e+01,0.000000000000000000e+00
6.802836794885025516e-05,1.692461256593478680e+01,3.020532554563231553e+00,1.689881964008167259e+01,1.501293092614971902e+00,1.427498638014618315e+01,0.000000000000000000e+00
6.812836794885025759e-05,1.692461300742053609e+01,3.020402734830427427e+00,1.689882021477097851e+01,1.501294937840958577e+00,1.425044330076647014e+01,0.000000000000000000e+00
6.822836794885026002e-05,1.692461345023603059e+01,3.020276335716948868e+00,1.689882079039215412e+01,1.501296554203896738e+00,1.422597966870796959e+01,0.000000000000000000e+00
6.832836794885026245e-05,1.692461389475112199e+01,3.020155263678728996e+00,1.689882136689554670e+01,1.501297825701108479e+00,1.420161636948406958e+01,0.000000000000000000e+00
6.842836794885026489e-05,1.692461434157651468e+01,3.020042513247232385e+00,1.689882194421031159e+01,1.501298571596967335e+00,1.417738558290225370e+01,0.000000000000000000e+00
6.852836794885026732e-05,1.692461479171420535e+01,3.019942727308501329e+00,1.689882252223166859e+01,1.501298514385052130e+00,1.415333586195461102e+01,0.000000000000000000e+00
6.862836794885026975e-05,1.692461524679790941e+01,3.019862981632070564e+00,1.689882310080107430e+01,1.501297237402973606e+00,1.412953841928346499e+01,0.000000000000000000e+00
6.872836794885027218e-05,1.692461570947146399e+01,3.019813817612185591e+00,1.689882367967593879e+01,1.501294132582328800e+00,1.410609376148228833e+01,0.000000000000000000e+00
6.882836794885027461e-05,1.692461618396723821e+01,3.019810482036468180e+00,1.689882425848466951e+01,1.501288345297995264e+00,1.408313653294539591e+01,0.000000000000000000e+00
6.892836794885027704e-05,1.692461667694424321e+01,3.019874213136489960e+00,1.689882483666305646e+01,1.501278732238298774e+00,1.406083490354692955e+01,0.000000000000000000e+00
6.902836794885027947e-05,1.692461719860679636e+01,3.020033258472919258e+00,1.689882541337028599e+01,1.501263856433581845e+00,1.403938021219357069e+01,0.000000000000000000e+00
6.912836794885028190e-05,1.692461776401238183e+01,3.020323204090157976e+00,1.689882598738892483e+01,1.501242044627738803e+00,1.401896475188359581e+01,0.000000000000000000e+00
6.922836794885028433e-05,1.692461839430144011e+01,3.020786260214459062e+00,1.689882655702269076e+01,1.501211517293536080e+00,1.399975139615985320e+01,0.000000000000000000e+00
6.932836794885028676e-05,1.692461911742471514e+01,3.021469447443191125e+00,1.689882712001456611e+01,1.501170568473037648e+00,1.398184534335962681e+01,0.000000000000000000e+00
6.942836794885028919e-05,1.692461996795177370e+01,3.022422039224562429e+00,1.689882767350897552e+01,1.501117744274591548e+00,1.396527964782413456e+01,0.000000000000000000e+00
6.952836794885029162e-05,1.692462098579800056e+01,3.023692886593563944e+00,1.689882821407099200e+01,1.501051963458653438e+00,1.395001958378534290e+01,0.000000000000000000e+00
6.962836794885029405e-05,1.692462221410050205e+01,3.025328211376757892e+00,1.689882873775717087e+01,1.500972550573785425e+00,1.393598111658239169e+01,0.000000000000000000e+00
6.972836794885029648e-05,1.692462369676360012e+01,3.027370173440238510e+00,1.689882924021751620e+01,1.500879191137791890e+00,1.392305359649725993e+01,0.000000000000000000e+00
6.982836794885029892e-05,1.692462547622752211e+01,3.029856207191600426e+00,1.689882971680360413e+01,1.500771842653349397e+00,1.391111861989075571e+01,0.000000000000000000e+00
6.992836794885030135e-05,1.692462759182248888e+01,3.032818938250882557e+00,1.689883016266390925e+01,1.500650637974984214e+00,1.390006202572428684e+01,0.000000000000000000e+00
7.002836794885030378e-05,1.692463007881295312e+01,3.036286452376517619e+00,1.689883057281733869e+01,1.500515804280183385e+00,1.388977983186486220e+01,0.000000000000000000e+00
7.012836794885030621e-05,1.692463296804251272e+01,3.040282733696588302e+00,1.689883094220452975e+01,1.500367605936078208e+00,1.388018023265284384e+01,0.000000000000000000e+00
7.022836794885030864e-05,1.692463628600572534e+01,3.044828154581717516e+00,1.689883126572106065e+01,1.500206309930282700e+00,1.387118350535386924e+01,0.000000000000000000e+00
7.032836794885031107e-05,1.692464005517280867e+01,3.049939952798395026e+00,1.689883153823768325e+01,1.500032167479132816e+00,1.386272098434919897e+01,0.000000000000000000e+00
7.042836794885031350e-05,1.692464429443208118e+01,3.055632666070771553e+00,1.689883175461231346e+01,1.499845406626080457e+00,1.385473371731908188e+01,0.000000000000000000e+00
7.052836794885031593e-05,1.692464901956078549e+01,3.061918513718899781e+00,1.689883190969702653e+01,1.499646230501627153e+00,1.384717109913044553e+01,0.000000000000000000e+00
7.062836794885031836e-05,1.692465424367540550e+01,3.068807725084267357e+00,1.689883199834221372e+01,1.499434818748393017e+00,1.383998961357181301e+01,0.000000000000000000e+00
7.072836794885032079e-05,1.692465997750062456e+01,3.076305826916306163e+00,1.689883201542169289e+01,1.499211843678292633e+00,1.383303998768487908e+01,0.000000000000000000e+00
7.082836794885032322e-05,1.692466622878178129e+01,3.084421489623050405e+00,1.689883195584478770e+01,1.498976704918242087e+00,1.382649872597719032e+01,0.000000000000000000e+00
7.092836794885032565e-05,1.692467300451283307e+01,3.093161781992786796e+00,1.689883181449296501e+01,1.498729660514653172e+00,1.382026841534722728e+01,0.000000000000000000e+00
7.102836794885032808e-05,1.692468031134883688e+01,3.102531768050514227e+00,1.689883158620948578e+01,1.498470831044736329e+00,1.381429507649536781e+01,0.000000000000000000e+00
7.112836794885033051e-05,1.692468815486672540e+01,3.112535201470397972e+00,1.689883126583808703e+01,1.498200354439056525e+00,1.380855531394300506e+01,0.000000000000000000e+00
7.122836794885033294e-05,1.692469653943625474e+01,3.123174922797985253e+00,1.689883084823712167e+01,1.497918348299782210e+00,1.380303171496458248e+01,0.000000000000000000e+00
7.132836794885033538e-05,1.692470546841576606e+01,3.134453027424915383e+00,1.689883032827936304e+01,1.497624908951455058e+00,1.379770803927691958e+01,0.000000000000000000e+00
7.142836794885033781e-05,1.692471494437861068e+01,3.146370963966174106e+00,1.689882970084921610e+01,1.497320117357662017e+00,1.379256949408697253e+01,0.000000000000000000e+00
7.152836794885034024e-05,1.692472496929102377e+01,3.158929612531623743e+00,1.689882896084056441e+01,1.497004043857918187e+00,1.378760286618843622e+01,0.000000000000000000e+00
7.162836794885034267e-05,1.692473554464334740e+01,3.172129351242915174e+00,1.689882810315546635e+01,1.496676750927679267e+00,1.378279634803977771e+01,0.000000000000000000e+00
7.172836794885034510e-05,1.692474667154852952e+01,3.185970113208055121e+00,1.689882712270337350e+01,1.496338294698763782e+00,1.377813934028689147e+01,0.000000000000000000e+00
7.182836794885034753e-05,1.692475835081883773e+01,3.200451435738126627e+00,1.689882601440055865e+01,1.495988725909364936e+00,1.377362229147794181e+01,0.000000000000000000e+00
7.192836794885034996e-05,1.692477058302755921e+01,3.215572503202128285e+00,1.689882477316958997e+01,1.495628090282315359e+00,1.376923656621742964e+01,0.000000000000000000e+00
7.202836794885035239e-05,1.692478336856109777e+01,3.231332184552401454e+00,1.689882339393873067e+01,1.495256428762014922e+00,1.376497433326158948e+01,0.000000000000000000e+00
7.212836794885035482e-05,1.692479670766343247e+01,3.247729066320391045e+00,1.689882187164131011e+01,1.494873777805429516e+00,1.376082846967269369e+01,0.000000000000000000e+00
7.222836794885035725e-05,1.692481060047465391e+01,3.264761481734151705e+00,1.689882020121494222e+01,1.494480169376826817e+00,1.375679247849510567e+01,0.000000000000000000e+00
7.232836794885035968e-05,1.692482504706454094e+01,3.282427536498952581e+00,1.689881837760071193e+01,1.494075631185194819e+00,1.375286041782673152e+01,0.000000000000000000e+00
7.242836794885036211e-05,1.692484004746258108e+01,3.300725131695490866e+00,1.689881639574219108e+01,1.493660186588275263e+00,1.374902683948813298e+01,0.000000000000000000e+00
7.252836794885036454e-05,1.692485560168375258e+01,3.319651984177464765e+00,1.689881425058442233e+01,1.493233854696505603e+00,1.374528673580611660e+01,0.000000000000000000e+00
7.262836794885036697e-05,1.692487170975211086e+01,3.339205644794255967e+00,1.689881193707281071e+01,1.492796650483497523e+00,1.374163549328262945e+01,0.000000000000000000e+00
7.272836794885036941e-05,1.692488837172129479e+01,3.359383514713397911e+00,1.689880945015192992e+01,1.492348584644445086e+00,1.373806885212284001e+01,0.000000000000000000e+00
7.282836794885037184e-05,1.692490558769327080e+01,3.380182860079214091e+00,1.689880678476426468e+01,1.491889663691605250e+00,1.373458287077312079e+01,0.000000000000000000e+00
7.292836794885037427e-05,1.692492335783454394e+01,3.401600825208381806e+00,1.689880393584888552e+01,1.491419889951788980e+00,1.373117389475323336e+01,0.000000000000000000e+00
7.302836794885037670e-05,1.692494168239130303e+01,3.423634444497037688e+00,1.689880089834007393e+01,1.490939261542067573e+00,1.372783852918139758e+01,0.000000000000000000e+00
7.312836794885037913e-05,1.692496056170267238e+01,3.446280653188041221e+00,1.689879766716586218e+01,1.490447772294605233e+00,1.372457361448884328e+01,0.000000000000000000e+00
7.322836794885038156e-05,1.692497999621343396e+01,3.469536297128919422e+00,1.689879423724653762e+01,1.489945411786056217e+00,1.372137620489237797e+01,0.000000000000000000e+00
7.332836794885038399e-05,1.692499998648488457e+01,3.493398141631430587e+00,1.689879060349306883e+01,1.489432165273353759e+00,1.371824354926401490e+01,0.000000000000000000e+00
7.342836794885038642e-05,1.692502053320500366e+01,3.517862879531486353e+00,1.689878676080552466e+01,1.488908013674173691e+00,1.371517307408483788e+01,0.000000000000000000e+00
7.352836794885038885e-05,1.692504163719847909e+01,3.542927138535282072e+00,1.689878270407137251e+01,1.488372933448488089e+00,1.371216236822302292e+01,0.000000000000000000e+00
7.362836794885039128e-05,1.692506329943500276e+01,3.568587487924703705e+00,1.689877842816379427e+01,1.487826896719750547e+00,1.370920916930600164e+01,0.000000000000000000e+00
7.372836794885039371e-05,1.692508552103776154e+01,3.594840444689416437e+00,1.689877392793993494e+01,1.487269871036432489e+00,1.370631135149176316e+01,0.000000000000000000e+00
7.382836794885039614e-05,1.692510830329084470e+01,3.621682479142048106e+00,1.689876919823906931e+01,1.486701819420482851e+00,1.370346691447490528e+01,0.000000000000000000e+00
7.392836794885039857e-05,1.692513164764699241e+01,3.649110020068774052e+00,1.689876423388076887e+01,1.486122700280281705e+00,1.370067397357890826e+01,0.000000000000000000e+00
7.402836794885040100e-05,1.692515555573415398e+01,3.677119459458797035e+00,1.689875902966299392e+01,1.485532467370895615e+00,1.369793075080957401e+01,0.000000000000000000e+00
7.412836794885040344e-05,1.692518002936209243e+01,3.705707156853825346e+00,1.689875358036016095e+01,1.484931069700991868e+00,1.369523556676252163e+01,0.000000000000000000e+00
7.422836794885040587e-05,1.692520507052897827e+01,3.734869443352990981e+00,1.689874788072113887e+01,1.484318451461250854e+00,1.369258683328707882e+01,0.000000000000000000e+00
7.432836794885040830e-05,1.692523068142732612e+01,3.764602625304149797e+00,1.689874192546721332e+01,1.483694551955182961e+00,1.368998304682514089e+01,0.000000000000000000e+00
7.442836794885041073e-05,1.692525686445019417e+01,3.794902987710630171e+00,1.689873570929000479e+01,1.483059305564451869e+00,1.368742278235131593e+01,0.000000000000000000e+00
7.452836794885041316e-05,1.692528362219680815e+01,3.825766797377865291e+00,1.689872922684934409e+01,1.482412641628711558e+00,1.368490468785111602e+01,0.000000000000000000e+00
7.462836794885041559e-05,1.692531095747841619e+01,3.857190305823229082e+00,1.689872247277108741e+01,1.481754484367491020e+00,1.368242747928111491e+01,0.000000000000000000e+00
7.472836794885041802e-05,1.692533887332397313e+01,3.889169751969035360e+00,1.689871544164488526e+01,1.481084752746608890e+00,1.367998993596149226e+01,0.000000000000000000e+00
7.482836794885042045e-05,1.692536737298593863e+01,3.921701364637220077e+00,1.689870812802192646e+01,1.480403360533784296e+00,1.367759089635813652e+01,0.000000000000000000e+00
7.492836794885042288e-05,1.692539645994585484e+01,3.954781364861750248e+00,1.689870052641259690e+01,1.479710216009940016e+00,1.367522925421346436e+01,0.000000000000000000e+00
7.502836794885042531e-05,1.692542613792005568e+01,3.988405968034025140e+00,1.689869263128409571e+01,1.479005222039725176e+00,1.367290395499458100e+01,0.000000000000000000e+00
7.512836794885042774e-05,1.692545641086536179e+01,4.022571385894600837e+00,1.689868443705801226e+01,1.478288275829911180e+00,1.367061399262730603e+01,0.000000000000000000e+00
7.522836794885043017e-05,1.692548728298508109e+01,4.057273828383562098e+00,1.689867593810783930e+01,1.477559268912268964e+00,1.366835840648771949e+01,0.000000000000000000e+00
7.532836794885043260e-05,1.692551875873455813e+01,4.092509505359958055e+00,1.689866712875642207e+01,1.476818087000158819e+00,1.366613627862811953e+01,0.000000000000000000e+00
7.542836794885043503e-05,1.692555084282752631e+01,4.128274628201552332e+00,1.689865800327335776e+01,1.476064609811758022e+00,1.366394673121813064e+01,0.000000000000000000e+00
7.552836794885043746e-05,1.692558354024223277e+01,4.164565411292938002e+00,1.689864855587233450e+01,1.475298711055203160e+00,1.366178892417713975e+01,0.000000000000000000e+00
7.562836794885043990e-05,1.692561685622760592e+01,4.201378073410672265e+00,1.689863878070839931e+01,1.474520258254230054e+00,1.365966205298402869e+01,0.000000000000000000e+00
7.572836794885044233e-05,1.692565079630950464e+01,4.238708839012998553e+00,1.689862867187518347e+01,1.473729112565999255e+00,1.365756534664763500e+01,0.000000000000000000e+00
7.582836794885044476e-05,1.692568536629775267e+01,4.276553939441844143e+00,1.689861822340202480e+01,1.472925128648175486e+00,1.365549806582528625e+01,0.000000000000000000e+00
7.592836794885044719e-05,1.692572057229276439e+01,4.314909614042234054e+00,1.689860742925104375e+01,1.472108154574515160e+00,1.365345950107466777e+01,0.000000000000000000e+00
7.602836794885044962e-05,1.692575642069261832e+01,4.353772111205779893e+00,1.689859628331414854e+01,1.471278031623361127e+00,1.365144897122843659e+01,0.000000000000000000e+00
7.612836794885045205e-05,1.692579291820027265e+01,4.393137689343304508e+00,1.689858477940996195e+01,1.470434594142023599e+00,1.364946582188385982e+01,0.000000000000000000e+00
7.622836794885045448e-05,1.692583007183132793e+01,4.433002617791901301e+00,1.689857291128064887e+01,1.469577669333471004e+00,1.364750942399408373e+01,0.000000000000000000e+00
7.632836794885045691e-05,1.692586788892146288e+01,4.473363177660065304e+00,1.689856067258870809e+01,1.468707077168537989e+00,1.364557917255560326e+01,0.000000000000000000e+00
7.642836794885045934e-05,1.692590637713496449e+01,4.514215662616472002e+00,1.689854805691361150e+01,1.467822630044459453e+00,1.364367448538403238e+01,0.000000000000000000e+00
7.652836794885046177e-05,1.692594554447286015e+01,4.555556379624754015e+00,1.689853505774841835e+01,1.466924132764209077e+00,1.364179480196978744e+01,0.000000000000000000e+00
7.662836794885046420e-05,1.692598539928161472e+01,4.597381649628745848e+00,1.689852166849627224e+01,1.466011382239341021e+00,1.363993958240925153e+01,0.000000000000000000e+00
7.672836794885046663e-05,1.692602595026220058e+01,4.639687808191293783e+00,1.689850788246681290e+01,1.465084167345165778e+00,1.363810830640347582e+01,0.000000000000000000e+00
7.682836794885046906e-05,1.692606720647972907e+01,4.682471206089866556e+00,1.689849369287243874e+01,1.464142268520335355e+00,1.363630047232411080e+01,0.000000000000000000e+00
7.692836794885047149e-05,1.692610917737291842e+01,4.725728209870956320e+00,1.689847909282453742e+01,1.463185457794480504e+00,1.363451559633276133e+01,0.000000000000000000e+00
7.702836794885047393e-05,1.692615187276464184e+01,4.769455202367200108e+00,1.689846407532957429e+01,1.462213498392035405e+00,1.363275321156124065e+01,0.000000000000000000e+00
7.712836794885047636e-05,1.692619530287204554e+01,4.813648583178066431e+00,1.689844863328505653e+01,1.461226144530591409e+00,1.363101286733801665e+01,0.000000000000000000e+00
7.722836794885047879e-05,1.692623947831800990e+01,4.858304769118067412e+00,1.689843275947538714e+01,1.460223141063934582e+00,1.362929412846348676e+01,0.000000000000000000e+00
7.732836794885048122e-05,1.692628441014261043e+01,4.903420194633357987e+00,1.689841644656760167e+01,1.459204223318901761e+00,1.362759657452929574e+01,0.000000000000000000e+00
7.742836794885048365e-05,1.692633010981489861e+01,4.948991312188876002e+00,1.689839968710698059e+01,1.458169116841972812e+00,1.362591979927899644e+01,0.000000000000000000e+00
7.752836794885048608e-05,1.692637658924560995e+01,4.995014592628397310e+00,1.689838247351249123e+01,1.457117536916999079e+00,1.362426341000501218e+01,0.000000000000000000e+00
7.762836794885048851e-05,1.692642386080003192e+01,5.041486525508517502e+00,1.689836479807216918e+01,1.456049188479664469e+00,1.362262702698191319e+01,0.000000000000000000e+00
7.772836794885049094e-05,1.692647193731183819e+01,5.088403619408848222e+00,1.689834665293824756e+01,1.454963765555214561e+00,1.362101028293368898e+01,0.000000000000000000e+00
7.782836794885049337e-05,1.692652083209700109e+01,5.135762402219015144e+00,1.689832803012222229e+01,1.453860951172530225e+00,1.361941282253071250e+01,0.000000000000000000e+00
7.792836794885049580e-05,1.692657055896878049e+01,5.183559421404858369e+00,1.689830892148970065e+01,1.452740416764652265e+00,1.361783430191648137e+01,0.000000000000000000e+00
7.802836794885049823e-05,1.692662113225317810e+01,5.231791244254408113e+00,1.689828931875510776e+01,1.451601821921518320e+00,1.361627438826050707e+01,0.000000000000000000e+00
7.812836794885050066e-05,1.692667256680503129e+01,5.280454458105114490e+00,1.689826921347622957e+01,1.450444814043583053e+00,1.361473275933863469e+01,0.000000000000000000e+00
7.822836794885050309e-05,1.692672487802476411e+01,5.329545670553359038e+00,1.689824859704855697e+01,1.449269027852515324e+00,1.361320910313423127e+01,0.000000000000000000e+00
7.832836794885050552e-05,1.692677808187604782e+01,5.379061509647590000e+00,1.689822746069942738e+01,1.448074084911567638e+00,1.361170311746490924e+01,0.000000000000000000e+00
7.842836794885050795e-05,1.692683219490437452e+01,5.428998624066096568e+00,1.689820579548198509e+01,1.446859593337368466e+00,1.361021450962815038e+01,0.000000000000000000e+00
7.852836794885051039e-05,1.692688723425600017e+01,5.479353683279740928e+00,1.689818359226893563e+01,1.445625147215606976e+00,1.360874299606847870e+01,0.000000000000000000e+00
7.862836794885051282e-05,1.692694321769806010e+01,5.530123377701299248e+00,1.689816084174607980e+01,1.444370326135085536e+00,1.360728830206049444e+01,0.000000000000000000e+00
7.872836794885051525e-05,1.692700016363981774e+01,5.581304418822288227e+00,1.689813753440560617e+01,1.443094694716329007e+00,1.360585016141509840e+01,0.000000000000000000e+00
7.882836794885051768e-05,1.692705809115424032e+01,5.632893539337106681e+00,1.689811366053914554e+01,1.441797801960148284e+00,1.360442831619565851e+01,0.000000000000000000e+00
7.892836794885052011e-05,1.692711702000136142e+01,5.684887493256724156e+00,1.689808921023059085e+01,1.440479180837837658e+00,1.360302251645511262e+01,0.000000000000000000e+00
7.902836794885052254e-05,1.692717697065191729e+01,5.737283056011107440e+00,1.689806417334866495e+01,1.439138347672012541e+00,1.360163251998591250e+01,0.000000000000000000e+00
7.912836794885052497e-05,1.692723796431264915e+01,5.790077024542353179e+00,1.689803853953917923e+01,1.437774801380559575e+00,1.360025809208516634e+01,0.000000000000000000e+00
7.922836794885052740e-05,1.692730002295266090e+01,5.843266217388520367e+00,1.689801229821703643e+01,1.436388023049358198e+00,1.359889900533162965e+01,0.000000000000000000e+00
7.932836794885052983e-05,1.692736316933079621e+01,5.896847474758739160e+00,1.689798543855789603e+01,1.434977475011510295e+00,1.359755503937781995e+01,0.000000000000000000e+00
7.942836794885053226e-05,1.692742742702464653e+01,5.950817658600697335e+00,1.689795794948957663e+01,1.433542600371506603e+00,1.359622598075365651e+01,0.000000000000000000e+00
7.952836794885053469e-05,1.692749282046075621e+01,6.005173652660586114e+00,1.689792981968306762e+01,1.432082822093934560e+00,1.359491162268080444e+01,0.000000000000000000e+00
7.962836794885053712e-05,1.692755937494603913e+01,6.059912362535974317e+00,1.689790103754326367e+01,1.430597542369697051e+00,1.359361176489894518e+01,0.000000000000000000e+00
7.972836794885053955e-05,1.692762711670107123e+01,6.115030715722722832e+00,1.689787159119927651e+01,1.429086141641122021e+00,1.359232621350373194e+01,0.000000000000000000e+00
7.982836794885054198e-05,1.692769607289489286e+01,6.170525661656061978e+00,1.689784146849437718e+01,1.427547977824365599e+00,1.359105478079412066e+01,0.000000000000000000e+00
7.992836794885054442e-05,1.692776627168134596e+01,6.226394171746141737e+00,1.689781065697556173e+01,1.425982385445299983e+00,1.358979728512904472e+01,0.000000000000000000e+00
8.002836794885054685e-05,1.692783774223751081e+01,6.282633239409129544e+00,1.689777914388267632e+01,1.424388674594141424e+00,1.358855355079650096e+01,0.000000000000000000e+00
8.012836794885054928e-05,1.692791051480347164e+01,6.339239880093288981e+00,1.689774691613711255e+01,1.422766130062697698e+00,1.358732340788765036e+01,0.000000000000000000e+00
8.022836794885055171e-05,1.692798462072458676e+01,6.396211131301702046e+00,1.689771396033002304e+01,1.421114010161945940e+00,1.358610669218314193e+01,0.000000000000000000e+00
8.032836794885055414e-05,1.692806009249584775e+01,6.453544052611452919e+00,1.689768026271006462e+01,1.419431545678355722e+00,1.358490324504858116e+01,0.000000000000000000e+00
8.042836794885055657e-05,1.692813696380796173e+01,6.511235725689245690e+00,1.689764580917061920e+01,1.417717938765233221e+00,1.358371291333542352e+01,0.000000000000000000e+00
8.052836794885055900e-05,1.692821526959616918e+01,6.569283254304716380e+00,1.689761058523648884e+01,1.415972361717968031e+00,1.358253554929276774e+01,0.000000000000000000e+00
8.062836794885056143e-05,1.692829504609152380e+01,6.627683764341490757e+00,1.689757457604999757e+01,1.414193955560411275e+00,1.358137101048703954e+01,0.000000000000000000e+00
8.072836794885056386e-05,1.692837633087468774e+01,6.686434403806292615e+00,1.689753776635653892e+01,1.412381828915279636e+00,1.358021915972814142e+01,0.000000000000000000e+00
8.082836794885056629e-05,1.692845916293250852e+01,6.745532342836563444e+00,1.689750014048943427e+01,1.410535056401817755e+00,1.357907986500586439e+01,0.000000000000000000e+00
8.092836794885056872e-05,1.692854358271763004e+01,6.804974773707163749e+00,1.689746168235419788e+01,1.408652677266397868e+00,1.357795299943245126e+01,0.000000000000000000e+00
8.102836794885057115e-05,1.692862963221102035e+01,6.864758910836179062e+00,1.689742237541205228e+01,1.406733693729460111e+00,1.357683844119261884e+01,0.000000000000000000e+00
8.112836794885057358e-05,1.692871735498792418e+01,6.924881990790590969e+00,1.689738220266273672e+01,1.404777069383377430e+00,1.357573607350279055e+01,0.000000000000000000e+00
8.122836794885057601e-05,1.692880679628738960e+01,6.985341272292165726e+00,1.689734114662654818e+01,1.402781727473838558e+00,1.357464578457659599e+01,0.000000000000000000e+00
8.132836794885057845e-05,1.692889800308525849e+01,7.046134036223637764e+00,1.689729918932552266e+01,1.400746548897394028e+00,1.357356746759929145e+01,0.000000000000000000e+00
8.142836794885058088e-05,1.692899102417130308e+01,7.107257585636050479e+00,1.689725631226379221e+01,1.398670370395247442e+00,1.357250102070861431e+01,0.000000000000000000e+00
8.152836794885058331e-05,1.692908591023060083e+01,7.168709245757489690e+00,1.689721249640702538e+01,1.396551982528523528e+00,1.357144634698525110e+01,0.000000000000000000e+00
8.162836794885058574e-05,1.692918271392905183e+01,7.230486364003346544e+00,1.689716772216090490e+01,1.394390127384065980e+00,1.357040335444879808e+01,0.000000000000000000e+00
8.172836794885058817e-05,1.692928149000379179e+01,7.292586309988949189e+00,1.689712196934858213e+01,1.392183496367151330e+00,1.356937195606339586e+01,0.000000000000000000e+00
8.182836794885059060e-05,1.692938229535872807e+01,7.355006475544975331e+00,1.689707521718707994e+01,1.389930727753647011e+00,1.356835206975159380e+01,0.000000000000000000e+00
8.192836794885059303e-05,1.692948518916516321e+01,7.417744274735779797e+00,1.689702744426250902e+01,1.387630404052514921e+00,1.356734361841591152e+01,0.000000000000000000e+00
8.202836794885059546e-05,1.692959023296840826e+01,7.480797143881571465e+00,1.689697862850415433e+01,1.385281049447736113e+00,1.356634652996850576e+01,0.000000000000000000e+00
8.212836794885059789e-05,1.692969749080005570e+01,7.544162541584392478e+00,1.689692874715725068e+01,1.382881126839445196e+00,1.356536073737131076e+01,0.000000000000000000e+00
8.222836794885060032e-05,1.692980702929711612e+01,7.607837948759090807e+00,1.689687777675439051e+01,1.380429034651441178e+00,1.356438617868291452e+01,0.000000000000000000e+00
8.232836794885060275e-05,1.692991891782780556e+01,7.671820868669257720e+00,1.689682569308556026e+01,1.377923103943498484e+00,1.356342279711688015e+01,0.000000000000000000e+00
8.242836794885060518e-05,1.693003322862469062e+01,7.736108826968954411e+00,1.689677247116661718e+01,1.375361594627818818e+00,1.356247054110910000e+01,0.000000000000000000e+00
8.252836794885060761e-05,1.693015003692569920e+01,7.800699371750796196e+00,1.689671808520619578e+01,1.372742692121036168e+00,1.356152936439447920e+01,0.000000000000000000e+00
8.262836794885061004e-05,1.693026942112344813e+01,7.865590073600988497e+00,1.689666250857087348e+01,1.370064503274807999e+00,1.356059922609450297e+01,0.000000000000000000e+00
8.272836794885061247e-05,1.693039146292352726e+01,7.930778525662061540e+00,1.689660571374859543e+01,1.367325052538022501e+00,1.355968009081657044e+01,0.000000000000000000e+00
8.282836794885061491e-05,1.693051624751261031e+01,7.996262343704199083e+00,1.689654767231010268e+01,1.364522277280922902e+00,1.355877192876472215e+01,0.000000000000000000e+00
8.292836794885061734e-05,1.693064386373630015e+01,8.062039166205257956e+00,1.689648835486837442e+01,1.361654023488941156e+00,1.355787471586156734e+01,0.000000000000000000e+00
8.302836794885061977e-05,1.693077440428806923e+01,8.128106654440836465e+00,1.689642773103589590e+01,1.358718040669152582e+00,1.355698843388323738e+01,0.000000000000000000e+00
8.312836794885062220e-05,1.693090796591049951e+01,8.194462492585701696e+00,1.689636576937959234e+01,1.355711976660363804e+00,1.355611307060849136e+01,0.000000000000000000e+00
8.322836794885062463e-05,1.693104464960825695e+01,8.261104387826106787e+00,1.689630243737332549e+01,1.352633372063146711e+00,1.355524861998048713e+01,0.000000000000000000e+00
8.332836794885062706e-05,1.693118456087498913e+01,8.328030070485256786e+00,1.689623770134777558e+01,1.349479654333122447e+00,1.355439508228688794e+01,0.000000000000000000e+00
8.342836794885062949e-05,1.693132780993487074e+01,8.395237294162722463e+00,1.689617152643754849e+01,1.346248131464610420e+00,1.355355246435140160e+01,0.000000000000000000e+00
8.352836794885063192e-05,1.693147451199924447e+01,8.462723835888256829e+00,1.689610387652528090e+01,1.342935985199090299e+00,1.355272077974582601e+01,0.000000000000000000e+00
8.362836794885063435e-05,1.693162478754056366e+01,8.530487496292357363e+00,1.689603471418256220e+01,1.339540263736284764e+00,1.355190004901784029e+01,0.000000000000000000e+00
8.372836794885063678e-05,1.693177876258346970e+01,8.598526099793422972e+00,1.689596400060752046e+01,1.336057874275301538e+00,1.355109029993933056e+01,0.000000000000000000e+00
8.382836794885063921e-05,1.693193656901620869e+01,8.666837494804756403e+00,1.689589169555873482e+01,1.332485574621357971e+00,1.355029156777437649e+01,0.000000000000000000e+00
8.392836794885064164e-05,1.693209834492214938e+01,8.735419553961270012e+00,1.689581775728530388e+01,1.328819964345596016e+00,1.354950389556985080e+01,0.000000000000000000e+00
8.402836794885064407e-05,1.693226423493403843e+01,8.804270174368490132e+00,1.689574214245276096e+01,1.325057475533967466e+00,1.354872733446788757e+01,0.000000000000000000e+00
8.412836794885064650e-05,1.693243439061251721e+01,8.873387277875520951e+00,1.689566480606455201e+01,1.321194362564674485e+00,1.354796194404408105e+01,0.000000000000000000e+00
8.422836794885064894e-05,1.693260897085060179e+01,8.942768811373557725e+00,1.689558570137878490e+01,1.317226691386866211e+00,1.354720779267103126e+01,0.000000000000000000e+00
8.432836794885065137e-05,1.693278814230662022e+01,9.012412747122574785e+00,1.689550477981983079e+01,1.313150327856337674e+00,1.354646495791268634e+01,0.000000000000000000e+00
8.442836794885065380e-05,1.693297280602380894e+01,9.082280174044871757e+00,1.689542195367038246e+01,1.308843526439295912e+00,1.354432893814465189e+01,0.000000000000000000e+00
8.452836794885065623e-05,1.693316233137230498e+01,9.152134211786922435e+00,1.689533720768301706e+01,1.304615789325000330e+00,1.353392048484508337e+01,0.000000000000000000e+00
8.462836794885065866e-05,1.693335636678217426e+01,9.221774648094745785e+00,1.689525051648000797e+01,1.300338881848434047e+00,1.351898767481496222e+01,0.000000000000000000e+00
8.472836794885066109e-05,1.693355458718728457e+01,9.291082212739702584e+00,1.689516185595497433e+01,1.296018052699292378e+00,1.350206410641007793e+01,0.000000000000000000e+00
8.482836794885066352e-05,1.693375670326275184e+01,9.359986029367265203e+00,1.689507120285264818e+01,1.291651567361949970e+00,1.348393112072039202e+01,0.000000000000000000e+00
8.492836794885066595e-05,1.693396248433827012e+01,9.428442056664188442e+00,1.689497853342308176e+01,1.287235284762989540e+00,1.346497644472891153e+01,0.000000000000000000e+00
8.502836794885066838e-05,1.693417176384092926e+01,9.496421681122530600e+00,1.689488382270431899e+01,1.282764796879229729e+00,1.344543398240667642e+01,0.000000000000000000e+00
8.512836794885067081e-05,1.693438359127754467e+01,9.563910356581621031e+00,1.689478708764551129e+01,1.278378446793829060e+00,1.342566166141129003e+01,0.000000000000000000e+00
8.522836794885067324e-05,1.693459875157823902e+01,9.630890431838135868e+00,1.689468826369944310e+01,1.273762306037629521e+00,1.340529383485339210e+01,0.000000000000000000e+00
8.532836794885067567e-05,1.693481742410726554e+01,9.697351728453456943e+00,1.689458731183657747e+01,1.269088998419600767e+00,1.338468861705509028e+01,0.000000000000000000e+00
8.542836794885067810e-05,1.693503960042909640e+01,9.763287651826789926e+00,1.689448420094044323e+01,1.264356406902891861e+00,1.336388500749961317e+01,0.000000000000000000e+00
8.552836794885068053e-05,1.693526524112575160e+01,9.828693871501698709e+00,1.689437890132883169e+01,1.259560402672391222e+00,1.334292089029899131e+01,0.000000000000000000e+00
8.562836794885068296e-05,1.693549432386151921e+01,9.893567681446707951e+00,1.689427138268281325e+01,1.254697178694007764e+00,1.332182719754297295e+01,0.000000000000000000e+00
8.572836794885068540e-05,1.693572685201888106e+01,9.957907602641656197e+00,1.689416161353710777e+01,1.249763551436132714e+00,1.330062853989206673e+01,0.000000000000000000e+00
8.582836794885068783e-05,1.693596285130843526e+01,1.002171311370431539e+01,1.689404956126050195e+01,1.244756853446907119e+00,1.327934486859073360e+01,0.000000000000000000e+00
8.592836794885069026e-05,1.693620236424397163e+01,1.008498445659868281e+01,1.689393519214769768e+01,1.239674757408513628e+00,1.325799256943724558e+01,0.000000000000000000e+00
8.602836794885069269e-05,1.693644544547497333e+01,1.014772249096309409e+01,1.689381847150526283e+01,1.234515130449632681e+00,1.323658525047805057e+01,0.000000000000000000e+00
8.612836794885069512e-05,1.693669215849346088e+01,1.020992858205097065e+01,1.689369936370593095e+01,1.229275933713616542e+00,1.321513432494212026e+01,0.000000000000000000e+00
8.622836794885069755e-05,1.693694257349456933e+01,1.027160451286381715e+01,1.689357783221367271e+01,1.223955158803425203e+00,1.319364944995629685e+01,0.000000000000000000e+00
8.632836794885069998e-05,1.693719676604628788e+01,1.033275241417714518e+01,1.689345383958776381e+01,1.218550789087544217e+00,1.317213886187257543e+01,0.000000000000000000e+00
8.642836794885070241e-05,1.693745481628344507e+01,1.039337470807947206e+01,1.689332734747308251e+01,1.213060776355396442e+00,1.315060963609888489e+01,0.000000000000000000e+00
8.652836794885070484e-05,1.693771680842734284e+01,1.045347406189409689e+01,1.689319831658187354e+01,1.207483026866326803e+00,1.312906789089758774e+01,0.000000000000000000e+00
8.662836794885070727e-05,1.693798283050596254e+01,1.051305335020125042e+01,1.689306670667015098e+01,1.201815392428182694e+00,1.310751894899750170e+01,0.000000000000000000e+00
8.672836794885070970e-05,1.693825297419758513e+01,1.057211562326357068e+01,1.689293247651065499e+01,1.196055664296128196e+00,1.308596746703413771e+01,0.000000000000000000e+00
8.682836794885071213e-05,1.693852733475144845e+01,1.063066408057320267e+01,1.689279558386353841e+01,1.190201569090792333e+00,1.306441754016823609e+01,0.000000000000000000e+00
8.692836794885071456e-05,1.693880601095971272e+01,1.068870204854020223e+01,1.689265598544525204e+01,1.184250764966368052e+00,1.304287278735285582e+01,0.000000000000000000e+00
8.702836794885071699e-05,1.693908910516349309e+01,1.074623296155886898e+01,1.689251363689599117e+01,1.178200838621133562e+00,1.302133642136361225e+01,0.000000000000000000e+00
8.712836794885071943e-05,1.693937672328431887e+01,1.080326034585443651e+01,1.689236849274590924e+01,1.172049302394213566e+00,1.299981130672821728e+01,0.000000000000000000e+00
8.722836794885072186e-05,1.693966897487476686e+01,1.085978780563455715e+01,1.689222050638003125e+01,1.165793591351125924e+00,1.297830000796316163e+01,0.000000000000000000e+00
8.732836794885072429e-05,1.693996597318438191e+01,1.091581901116474285e+01,1.689206963000196993e+01,1.159431060414077397e+00,1.295680482998924177e+01,0.000000000000000000e+00
8.742836794885072672e-05,1.694026783523892021e+01,1.097135768846047377e+01,1.689191581459633795e+01,1.152958981363870095e+00,1.293532785219059100e+01,0.000000000000000000e+00
8.752836794885072915e-05,1.694057468193176064e+01,1.102640761034605887e+01,1.689175900988991685e+01,1.146374539924754687e+00,1.291387095727377599e+01,0.000000000000000000e+00
8.762836794885073158e-05,1.694088663812534890e+01,1.108097258867369028e+01,1.689159916431141539e+01,1.139674832489642187e+00,1.289243585584556229e+01,0.000000000000000000e+00
8.772836794885073401e-05,1.694120383276282382e+01,1.113505646753420919e+01,1.689143622494980335e+01,1.132856862808731657e+00,1.287102410744732950e+01,0.000000000000000000e+00
8.782836794885073644e-05,1.694152639898922530e+01,1.118866311731879470e+01,1.689127013751118156e+01,1.125917538669508389e+00,1.284963713863964507e+01,0.000000000000000000e+00
8.792836794885073887e-05,1.694185447428149871e+01,1.124179642951371960e+01,1.689110084627407815e+01,1.118853668243458443e+00,1.282827625861894738e+01,0.000000000000000000e+00
8.802836794885074130e-05,1.694218820058821251e+01,1.129446031213085355e+01,1.689092829404308915e+01,1.111661956295679543e+00,1.280694267276079934e+01,0.000000000000000000e+00
8.812836794885074373e-05,1.694252772447800481e+01,1.134665868568999691e+01,1.689075242210078187e+01,1.104339000284272787e+00,1.278563749441178032e+01,0.000000000000000000e+00
8.822836794885074616e-05,1.694287319729677321e+01,1.139839547968292521e+01,1.689057317015786808e+01,1.096881286381641951e+00,1.276436175519671323e+01,0.000000000000000000e+00
8.832836794885074859e-05,1.694322477533464166e+01,1.144967462946030246e+01,1.689039047630138768e+01,1.089285184909737136e+00,1.274311641406298712e+01,0.000000000000000000e+00
8.842836794885075102e-05,1.694358262000195836e+01,1.150050007348975889e+01,1.689020427694098458e+01,1.081546946084507965e+00,1.272190236524553342e+01,0.000000000000000000e+00
8.852836794885075346e-05,1.694394689801486109e+01,1.155087575094182917e+01,1.689001450675305094e+01,1.073662695180981341e+00,1.270072044530640554e+01,0.000000000000000000e+00
8.862836794885075589e-05,1.694431778159103885e+01,1.160080559956667656e+01,1.688982109862270065e+01,1.065628427560958214e+00,1.267957143937983844e+01,0.000000000000000000e+00
8.872836794885075832e-05,1.694469544865541266e+01,1.165029355382885790e+01,1.688962398358345851e+01,1.057440003568138387e+00,1.265845608673053491e+01,0.000000000000000000e+00
8.882836794885076075e-05,1.694508008305678004e+01,1.169934354327280523e+01,1.688942309075452997e+01,1.049093143040021658e+00,1.263737508571937340e+01,0.000000000000000000e+00
8.892836794885076318e-05,1.694547187479533079e+01,1.174795949109450888e+01,1.688921834727555549e+01,1.040583419592978176e+00,1.261632909825470783e+01,0.000000000000000000e+00
8.902836794885076561e-05,1.694587102026174819e+01,1.179614531289869994e+01,1.688900967823872179e+01,1.031906254683525592e+00,1.259531875379684607e+01,0.000000000000000000e+00
8.912836794885076804e-05,1.694627772248810160e+01,1.184390491562299630e+01,1.688879700661806993e+01,1.023056911303008354e+00,1.257434465297313331e+01,0.000000000000000000e+00
8.922836794885077047e-05,1.694669219141219330e+01,1.189124219661431603e+01,1.688858025319592215e+01,1.014030487424242954e+00,1.255340737085494141e+01,0.000000000000000000e+00
8.932836794885077290e-05,1.694711464415435742e+01,1.193816104284204727e+01,1.688835933648622145e+01,1.004821909056893281e+00,1.253250745993701187e+01,0.000000000000000000e+00
8.942836794885077533e-05,1.694754530530855519e+01,1.198466533023720437e+01,1.688813417265462746e+01,9.954259229276958276e-01,1.251164545285863738e+01,0.000000000000000000e+00
8.952836794885077776e-05,1.694798440724795086e+01,1.203075892314643269e+01,1.688790467543531193e+01,9.858370890490993910e-01,1.249082186489747670e+01,0.000000000000000000e+00
8.962836794885078019e-05,1.694843219044626892e+01,1.207644567389221635e+01,1.688767075604411971e+01,9.760497725154692050e-01,1.247003719626561136e+01,0.000000000000000000e+00
8.972836794885078262e-05,1.694888890381503188e+01,1.212172942243059737e+01,1.688743232308802789e+01,9.660581350811017209e-01,1.244929193423122982e+01,0.000000000000000000e+00
8.982836794885078505e-05,1.694935480505753844e+01,1.216661399609933447e+01,1.688718928247070394e+01,9.558561265138030283e-01,1.242858655508814536e+01,0.000000000000000000e+00
8.992836794885078748e-05,1.694983016104210094e+01,1.221110320945206773e+01,1.688694153729389669e+01,9.454374749897910268e-01,1.240792152599373210e+01,0.000000000000000000e+00
9.002836794885078992e-05,1.695031524819297175e+01,1.225520086417061094e+01,1.688668898775450344e+01,9.347956775642772831e-01,1.238729730668960727e+01,0.000000000000000000e+00
9.012836794885079235e-05,1.695081035290226268e+01,1.229891074905309267e+01,1.688643153103707917e+01,9.239239896921214168e-01,1.236671435112260298e+01,0.000000000000000000e+00
9.022836794885079478e-05,1.695131577196264772e+01,1.234223664007270216e+01,1.688616906120154226e+01,9.128154144978248841e-01,1.234617310897823117e+01,0.000000000000000000e+00
9.032836794885079721e-05,1.695183181302261133e+01,1.238518230050427960e+01,1.688590146906579292e+01,9.014626913004860631e-01,1.232567402713911342e+01,0.000000000000000000e+00
9.042836794885079964e-05,1.695235879506551058e+01,1.242775148111595307e+01,1.688562864208304148e+01,8.898582835614659015e-01,1.230521755107945125e+01,0.000000000000000000e+00
9.052836794885080207e-05,1.695289704891295202e+01,1.246994792042263178e+01,1.688535046421351637e+01,8.779943663861913272e-01,1.228480412620470297e+01,0.000000000000000000e+00
9.062836794885080450e-05,1.695344691775484591e+01,1.251177534500048161e+01,1.688506681579030655e+01,8.658628132018586498e-01,1.226443419914609834e+01,0.000000000000000000e+00
9.072836794885080693e-05,1.695400875770686255e+01,1.255323746986003464e+01,1.688477757337897955e+01,8.534551816259219326e-01,1.224410821901782320e+01,0.000000000000000000e+00
9.082836794885080936e-05,1.695458293839693553e+01,1.259433799887688288e+01,1.688448260963066971e+01,8.407626989402402495e-01,1.222382663864428665e+01,0.000000000000000000e+00
9.092836794885081179e-05,1.695516984358118151e+01,1.263508062527790443e+01,1.688418179312840195e+01,8.277762467055174156e-01,1.220358991576315866e+01,0.000000000000000000e+00
9.102836794885081422e-05,1.695576987179105899e+01,1.267546903218257803e+01,1.688387498822620358e+01,8.144863446106698213e-01,1.218339851421104392e+01,0.000000000000000000e+00
9.112836794885081665e-05,1.695638343701263295e+01,1.271550689319822780e+01,1.688356205488075901e+01,8.008831336227728581e-01,1.216325290509668733e+01,0.000000000000000000e+00
9.122836794885081908e-05,1.695701096939716024e+01,1.275519787306658515e+01,1.688324284847530166e+01,7.869563587435604024e-01,1.214315356796480749e+01,0.000000000000000000e+00
9.132836794885082151e-05,1.695765291600366709e+01,1.279454562836065179e+01,1.688291721963546621e+01,7.726953508051008779e-01,1.212310099195475033e+01,0.000000000000000000e+00
9.142836794885082395e-05,1.695830974157076199e+01,1.283355380822763081e+01,1.688258501403691270e+01,7.580890083093776433e-01,1.210309567695419020e+01,0.000000000000000000e+00
9.152836794885082638e-05,1.695898192931539228e+01,1.287222605517419716e+01,1.688224607220460172e+01,7.431257788685055043e-01,1.208313813474841858e+01,0.000000000000000000e+00
9.162836794885082881e-05,1.695966998175219231e+01,1.291056600588662739e+01,1.688190022930378476e+01,7.277936410907535070e-01,1.206322889016141175e+01,0.000000000000000000e+00
9.172836794885083124e-05,1.696037442152471186e+01,1.294857729207587482e+01,1.688154731492297955e+01,7.120800871540142740e-01,1.204336848218213873e+01,0.000000000000000000e+00
9.182836794885083367e-05,1.696109579223371711e+01,1.298626354133201843e+01,1.688118715284953453e+01,6.959721072114620766e-01,1.202355746506357548e+01,0.000000000000000000e+00
9.192836794885083610e-05,1.696183465924274003e+01,1.302362837796724548e+01,1.688081956083889068e+01,6.794561767531408503e-01,1.200379640937624259e+01,0.000000000000000000e+00
9.202836794885083853e-05,1.696259161042870289e+01,1.306067542381481772e+01,1.688044435037925695e+01,6.625182484346708867e-01,1.198408590298620879e+01,0.000000000000000000e+00
9.212836794885084096e-05,1.696336725683396907e+01,1.309740829893982905e+01,1.688006132645455892e+01,6.451437513849294092e-01,1.196442655191526327e+01,0.000000000000000000e+00
9.222836794885084339e-05,1.696416223315522132e+01,1.313383062219705621e+01,1.687967028730967911e+01,6.273176006948891770e-01,1.194481898102068840e+01,0.000000000000000000e+00
9.232836794885084582e-05,1.696497719797989490e+01,1.316994601154675948e+01,1.687927102422408510e+01,6.090242226457940333e-01,1.192526383440664262e+01,0.000000000000000000e+00
9.242836794885084825e-05,1.696581283364194093e+01,1.320575808400083950e+01,1.687886332130257827e+01,5.902476020120868139e-01,1.190576177544087599e+01,0.000000000000000000e+00
9.252836794885085068e-05,1.696666984552172153e+01,1.324127045502518918e+01,1.687844695529552297e+01,5.709713605029870243e-01,1.188631348620361550e+01,0.000000000000000000e+00
9.262836794885085311e-05,1.696754896054331141e+01,1.327648673715336081e+01,1.687802169546602471e+01,5.511788795358282256e-01,1.186691966612373506e+01,0.000000000000000000e+00
9.272836794885085554e-05,1.696845092453243353e+01,1.331141053747748337e+01,1.687758730352844339e+01,5.308534839751513079e-01,1.184758102946824820e+01,0.000000000000000000e+00
9.282836794885085797e-05,1.696937649797276038e+01,1.334604545355815830e+01,1.687714353369192821e+01,5.099787105267696852e-01,1.182829830122620862e+01,0.000000000000000000e+00
9.292836794885086041e-05,1.697032932462333221e+01,1.338039789655391409e+01,1.687668998474419269e+01,4.880494608162140313e-01,1.180907440827547461e+01,0.000000000000000000e+00
9.302836794885086284e-05,1.697130774830340627e+01,1.341446903557258530e+01,1.687622649829571486e+01,4.660390233271050064e-01,1.178990901632042743e+01,0.000000000000000000e+00
9.312836794885086527e-05,1.697231176653366447e+01,1.344826164546975988e+01,1.687575284144262255e+01,4.434338482483324295e-01,1.177080138765395034e+01,0.000000000000000000e+00
9.322836794885086770e-05,1.697334192056720426e+01,1.348177901309741067e+01,1.687526875350350863e+01,4.202242385128844293e-01,1.175175200851762725e+01,0.000000000000000000e+00
9.332836794885087013e-05,1.697439887294472527e+01,1.351502452104712937e+01,1.687477396324759127e+01,3.964059478422631844e-01,1.173276149014603220e+01,0.000000000000000000e+00
9.342836794885087256e-05,1.697548323007035620e+01,1.354800147270974975e+01,1.687426819664174360e+01,3.719813500748813118e-01,1.171383038379767783e+01,0.000000000000000000e+00
9.352836794885087499e-05,1.697659544401917131e+01,1.358071299537968457e+01,1.687375118214322356e+01,3.469617698087764657e-01,1.169495908374202742e+01,0.000000000000000000e+00
9.362836794885087742e-05,1.697773573014177728e+01,1.361316195886413283e+01,1.687322265615613048e+01,3.213707241872255649e-01,1.167614774530674637e+01,0.000000000000000000e+00
9.372836794885087985e-05,1.697890397473479496e+01,1.364535088420805664e+01,1.687268236979291558e+01,2.952480519566883510e-01,1.165739619312712705e+01,0.000000000000000000e+00
9.382836794885088228e-05,1.698009962119493821e+01,1.367728183109549356e+01,1.687213009758841054e+01,2.686549243416263555e-01,1.163870380805914451e+01,0.000000000000000000e+00
9.392836794885088471e-05,1.698132152929305150e+01,1.370895625862551448e+01,1.687156564861339803e+01,2.416796191209001077e-01,1.162006938743066087e+01,0.000000000000000000e+00
9.402836794885088714e-05,1.698256780678894984e+01,1.374037485869434860e+01,1.687098888025855814e+01,2.144436963814131403e-01,1.160149097789641814e+01,0.000000000000000000e+00
9.412836794885088957e-05,1.698383456986625717e+01,1.377153634059284570e+01,1.687039976869204239e+01,1.872862551644391138e-01,1.158296509198794055e+01,0.000000000000000000e+00
9.422836794885089200e-05,1.698511939939583471e+01,1.380244082138921691e+01,1.686979824758427071e+01,1.599360619914600157e-01,1.156448833614860661e+01,0.000000000000000000e+00
9.432836794885089444e-05,1.698641751702085756e+01,1.383308606540787800e+01,1.686918439482997201e+01,1.329162693328258260e-01,1.154605635324442936e+01,0.000000000000000000e+00
9.442836794885089687e-05,1.698772090331050322e+01,1.386346659628846467e+01,1.686855849657813522e+01,1.067558772841635806e-01,1.152766067763822022e+01,0.000000000000000000e+00
9.452836794885089930e-05,1.698902144058975239e+01,1.389357683781114972e+01,1.686792091295335183e+01,8.146977354256304538e-02,1.150929399162645694e+01,0.000000000000000000e+00
9.462836794885090173e-05,1.699030344261944592e+01,1.392340369167508207e+01,1.686727246634624322e+01,5.850329859495156937e-02,1.149094018995351973e+01,0.000000000000000000e+00
9.472836794885090416e-05,1.699153299827393226e+01,1.395291598700200630e+01,1.686661505249165316e+01,4.089256609677791032e-02,1.147256540072173081e+01,0.000000000000000000e+00
9.482836794885090659e-05,1.699267897502110358e+01,1.398208528284765073e+01,1.686595071115776179e+01,2.793080887530907663e-02,1.145413858446722699e+01,0.000000000000000000e+00
9.492836794885090902e-05,1.699372030425045921e+01,1.401089308392508848e+01,1.686528124246408922e+01,1.866729571387290565e-02,1.143563880513095654e+01,0.000000000000000000e+00
9.502836794885091145e-05,1.699464646630770304e+01,1.403933132128911687e+01,1.686460810338969196e+01,1.223212655946512295e-02,1.141705570004918258e+01,0.000000000000000000e+00
9.512836794885091388e-05,1.699545567244728872e+01,1.406740055203559159e+01,1.686393241034762269e+01,7.878049591321878431e-03,1.139838764674694360e+01,0.000000000000000000e+00
9.522836794885091631e-05,1.699615246452849249e+01,1.409510758231785132e+01,1.686325498323349592e+01,5.000625115023221712e-03,1.137963935036668062e+01,0.000000000000000000e+00
9.532836794885091874e-05,1.699674543173053820e+01,1.412246320623670393e+01,1.686257640299605498e+01,3.137178625618158856e-03,1.136081955171206204e+01,0.000000000000000000e+00
9.542836794885092117e-05,1.699724532614246542e+01,1.414948033975410624e+01,1.686189706877830474e+01,1.950453113112038395e-03,1.134193913753000338e+01,0.000000000000000000e+00
9.552836794885092360e-05,1.699766365761404785e+01,1.417617262924185262e+01,1.686121724769073182e+01,1.204712741375957297e-03,1.132300973278540823e+01,0.000000000000000000e+00
9.562836794885092603e-05,1.699801174110174529e+01,1.420255350816293571e+01,1.686053711459592819e+01,7.408387317208997569e-04,1.130404274743005999e+01,0.000000000000000000e+00
9.572836794885092847e-05,1.699830011783914330e+01,1.422863562397374793e+01,1.685985678193575055e+01,4.544218166091518185e-04,1.128504879832057206e+01,0.000000000000000000e+00
9.582836794885093090e-05,1.699853825618216163e+01,1.425443054200252391e+01,1.685917632100396801e+01,2.784606864532357395e-04,1.126603741159002858e+01,0.000000000000000000e+00
9.592836794885093333e-05,1.699873444437117342e+01,1.427994863939663617e+01,1.685849577653132769e+01,1.706871994224257172e-04,1.124701691731369380e+01,0.000000000000000000e+00
9.602836794885093576e-05,1.699889580402908251e+01,1.430519911864190341e+01,1.685781517637943239e+01,1.047725531636845009e-04,1.122799446501602638e+01,0.000000000000000000e+00
9.612836794885093819e-05,1.699902837203815054e+01,1.433019008879986167e+01,1.685713453782925697e+01,6.446526488856907378e-05,1.120897610749347528e+01,0.000000000000000000e+00
9.622836794885094062e-05,1.699913721520894683e+01,1.435492867922157956e+01,1.685645387158495012e+01,3.979590152913825563e-05,1.118996691727319259e+01,0.000000000000000000e+00
9.632836794885094305e-05,1.699922655524899184e+01,1.437942116346271426e+01,1.685577318428745386e+01,2.467244453097094947e-05,1.117097111317312041e+01,0.000000000000000000e+00
9.642836794885094548e-05,1.699929989088898807e+01,1.440367308038423921e+01,1.685509248007642213e+01,1.538000027453967355e-05,1.115199218381088286e+01,0.000000000000000000e+00
9.652836794885094791e-05,1.699936011025949156e+01,1.442768934559249061e+01,1.685441176155386955e+01,9.654562022815005307e-06,1.113303300116233174e+01,0.000000000000000000e+00
9.662836794885095034e-05,1.699940959052623768e+01,1.445147435026746052e+01,1.685373103037607834e+01,6.115777090198726285e-06,1.111409592119577461e+01,0.000000000000000000e+00
9.672836794885095277e-05,1.699945028409800329e+01,1.447503204668631760e+01,1.685305028761627355e+01,3.920962337200517567e-06,1.109518287091722044e+01,0.000000000000000000e+00
9.682836794885095520e-05,1.699948379198930226e+01,1.449836602102940120e+01,1.685236953398676718e+01,2.554543902133499245e-06,1.107629542243095599e+01,0.000000000000000000e+00
9.692836794885095763e-05,1.699951142553159045e+01,1.452147955464244333e+01,1.685168876997519760e+01,1.700503962309696249e-06,1.105743485523038494e+01,0.000000000000000000e+00
9.702836794885096006e-05,1.699953425786104688e+01,1.454437567517813079e+01,1.685100799592823151e+01,1.164405216941277743e-06,1.103860220816561721e+01,0.000000000000000000e+00
9.712836794885096249e-05,1.699955316662422433e+01,1.456705719903792406e+01,1.685032721210325235e+01,8.262468726705218813e-07,1.101979832254594704e+01,0.000000000000000000e+00
9.722836794885096493e-05,1.699956886924909938e+01,1.458952676644699942e+01,1.684964641870043778e+01,6.119243858571099537e-07,1.100102387773869417e+01,0.000000000000000000e+00
9.732836794885096736e-05,1.699958195198802002e+01,1.461178687036580115e+01,1.684896561588275432e+01,4.752400661889311095e-07,1.098227942048285399e+01,0.000000000000000000e+00
9.742836794885096979e-05,1.699959289377676086e+01,1.463383988026190430e+01,1.684828480378858373e+01,3.874744608778346588e-07,1.096356538897186894e+01,0.000000000000000000e+00
9.752836794885097222e-05,1.699960208580408150e+01,1.465568806163762972e+01,1.684760398253973435e+01,3.306755177179265814e-07,1.094488213260821041e+01,0.000000000000000000e+00
9.762836794885097465e-05,1.699960984754273241e+01,1.467733359204968124e+01,1.684692315224655346e+01,2.934883506500174377e-07,1.092622992818738226e+01,0.000000000000000000e+00
9.772836794885097708e-05,1.699961643986956616e+01,1.469877857424333278e+01,1.684624231301133079e+01,2.688828490138295280e-07,1.090760899314512145e+01,0.000000000000000000e+00
9.782836794885097951e-05,1.699962207579800832e+01,1.472002504692886049e+01,1.684556146493045148e+01,2.522490109013730830e-07,1.088901949639538103e+01,0.000000000000000000e+00
9.792836794885098194e-05,1.699962692925014807e+01,1.474107499360527918e+01,1.684488060809590593e+01,2.407643782675883415e-07,1.087046156719018342e+01,0.000000000000000000e+00
9.802836794885098437e-05,1.699963114222596872e+01,1.476193034980108543e+01,1.684419974259631658e+01,2.326591109214071196e-07,1.085193530236234416e+01,0.000000000000000000e+00
9.812836794885098680e-05,1.699963483066305159e+01,1.478259301284897731e+01,1.684351886851749214e+01,2.257423826479421081e-07,1.083344091660626418e+01,0.000000000000000000e+00
9.822836794885098923e-05,1.699963808921319597e+01,1.480306483640644721e+01,1.684283798594335124e+01,2.215328133159388813e-07,1.081497816757885566e+01,0.000000000000000000e+00
9.832836794885099166e-05,1.699964099515796079e+01,1.482334764279015715e+01,1.684215709495580526e+01,2.180713715438375999e-07,1.079654723324124532e+01,0.000000000000000000e+00
9.842836794885099409e-05,1.699964361159591419e+01,1.484344322506860436e+01,1.684147619563519882e+01,2.151951449813616080e-07,1.077814813000482630e+01,0.000000000000000000e+00
9.852836794885099652e-05,1.699964599004749388e+01,1.486335334937773389e+01,1.684079528806049808e+01,2.126677265124055083e-07,1.075978086230341191e+01,0.000000000000000000e+00
9.862836794885099896e-05,1.699964817258101490e+01,1.488307975702714714e+01,1.684011437230945063e+01,2.103746504777959103e-07,1.074144542504460631e+01,0.000000000000000000e+00
9.872836794885100139e-05,1.699965019354905849e+01,1.490262416631092712e+01,1.683943344845870982e+01,2.082528503255520747e-07,1.072314180520588422e+01,0.000000000000000000e+00
9.882836794885100382e-05,1.699965208100591241e+01,1.492198827403039907e+01,1.683875251658393069e+01,2.062434586169725748e-07,1.070486998326758687e+01,0.000000000000000000e+00
9.892836794885100625e-05,1.699965385786470407e+01,1.494117375676812287e+01,1.683807157675982324e+01,2.043198605861107353e-07,1.068662993438641529e+01,0.000000000000000000e+00
9.902836794885100868e-05,1.699965554284178992e+01,1.496018227195212624e+01,1.683739062906021999e+01,2.024320525373379809e-07,1.066842162935483884e+01,0.000000000000000000e+00
9.912836794885101111e-05,1.699965715122754517e+01,1.497901545874750440e+01,1.683670967355814696e+01,2.006670871690374724e-07,1.065024503538542078e+01,0.000000000000000000e+00
9.922836794885101354e-05,1.699965869551652986e+01,1.499767493881451053e+01,1.683602871032580239e+01,1.988628669236103264e-07,1.063210011675320743e+01,0.000000000000000000e+00
9.932836794885101597e-05,1.699966018592035510e+01,1.501616231694073633e+01,1.683534773943464558e+01,1.971291468672031755e-07,1.061398683531950127e+01,0.000000000000000000e+00
9.942836794885101840e-05,1.699966163078731540e+01,1.503447918158629903e+01,1.683466676095540038e+01,1.954144529803247821e-07,1.059590515096134489e+01,0.000000000000000000e+00
9.952836794885102083e-05,1.699966303694473524e+01,1.505262710534926818e+01,1.683398577495806592e+01,1.937184158362637021e-07,1.057785502192293769e+01,0.000000000000000000e+00
9.962836794885102326e-05,1.699966440997857120e+01,1.507060764536963404e+01,1.683330478151195209e+01,1.920081016959507281e-07,1.055983640510338262e+01,0.000000000000000000e+00
9.972836794885102569e-05,1.699966575446074657e+01,1.508842234367555868e+01,1.683262378068570442e+01,1.903688474635956140e-07,1.054184925629163416e+01,0.000000000000000000e+00
9.982836794885102812e-05,1.699966707413613065e+01,1.510607272749732566e+01,1.683194277254730409e+01,1.887309203085774101e-07,1.052389353036044994e+01,0.000000000000000000e+00
9.992836794885103055e-05,1.699966837207396608e+01,1.512356030953681163e+01,1.683126175716406792e+01,1.871050681334640586e-07,1.050596918142430525e+01,0.000000000000000000e+00
1.000283679488510330e-04,1.699966965079218184e+01,1.514088658821503230e+01,1.683058073460269100e+01,1.854722893601667977e-07,1.048807616296976519e+01,0.000000000000000000e+00
1.001283679488510354e-04,1.699967091235819083e+01,1.515805304789008545e+01,1.682989970492925380e+01,1.839328199471079728e-07,1.047021442796200574e+01,0.000000000000000000e+00
1.002283679488510378e-04,1.699967215847223301e+01,1.517506115906427056e+01,1.682921866820917600e+01,1.823111703269653106e-07,1.045238392893346457e+01,0.000000000000000000e+00
1.003283679488510403e-04,1.699967339053399584e+01,1.519191237856412791e+01,1.682853762450730883e+01,1.807548188348384599e-07,1.043458461805553839e+01,0.000000000000000000e+00
1.004283679488510427e-04,1.699967460969827471e+01,1.520860814971761243e+01,1.682785657388787470e+01,1.791838234732612278e-07,1.041681644719900390e+01,0.000000000000000000e+00
1.005283679488510451e-04,1.699967581691942797e+01,1.522514990251282185e+01,1.682717551641453113e+01,1.776818430165860718e-07,1.039907936798301691e+01,0.000000000000000000e+00
1.006283679488510476e-04,1.699967701298877998e+01,1.524153905375484364e+01,1.682649445215032458e+01,1.761526254862033625e-07,1.038137333181687616e+01,0.000000000000000000e+00
1.007283679488510500e-04,1.699967819856387052e+01,1.525777700720778896e+01,1.682581338115772240e+01,1.746335793195719077e-07,1.036369828993336384e+01,0.000000000000000000e+00
1.008283679488510524e-04,1.699967937419302189e+01,1.527386515373303943e+01,1.682513230349862710e+01,1.731370099788964723e-07,1.034605419341724897e+01,0.000000000000000000e+00
1.009283679488510549e-04,1.699968054033546494e+01,1.528980487142469613e+01,1.682445121923436915e+01,1.716664272122248036e-07,1.032844099322918474e+01,0.000000000000000000e+00
1.010283679488510573e-04,1.699968169737770296e+01,1.530559752573814514e+01,1.682377012842571418e+01,1.701902407058586419e-07,1.031085864022570675e+01,0.000000000000000000e+00
1.011283679488510597e-04,1.699968284564649323e+01,1.532124446961388387e+01,1.682308903113287357e+01,1.687398759886438171e-07,1.029330708517566073e+01,0.000000000000000000e+00
1.012283679488510622e-04,1.699968398541975034e+01,1.533674704359950702e+01,1.682240792741551516e+01,1.673408307201196266e-07,1.027578627877442941e+01,0.000000000000000000e+00
1.013283679488510646e-04,1.699968511693588269e+01,1.535210657597059125e+01,1.682172681733273478e+01,1.658784230251786340e-07,1.025829617165651797e+01,0.000000000000000000e+00
1.014283679488510670e-04,1.699968624040039344e+01,1.536732438284414570e+01,1.682104570094311313e+01,1.644739742179268660e-07,1.024083671440518728e+01,0.000000000000000000e+00
1.015283679488510694e-04,1.699968735599208003e+01,1.538240176829388872e+01,1.682036457830468379e+01,1.630821980236341062e-07,1.022340785756161097e+01,0.000000000000000000e+00
1.016283679488510719e-04,1.699968846386789423e+01,1.539734002446279604e+01,1.681968344947494032e+01,1.616565291351346190e-07,1.020600955163261148e+01,0.000000000000000000e+00
1.017283679488510743e-04,1.699968956416654819e+01,1.541214043167182268e+01,1.681900231451087535e+01,1.603150218965065932e-07,1.018864174709704429e+01,0.000000000000000000e+00
1.018283679488510767e-04,1.699969065701221282e+01,1.542680425853080273e+01,1.681832117346893796e+01,1.589529612100459843e-07,1.017130439441213952e+01,0.000000000000000000e+00
1.019283679488510792e-04,1.699969174251686610e+01,1.544133276204497029e+01,1.681764002640506916e+01,1.575909926443408438e-07,1.015399744401835136e+01,0.000000000000000000e+00
1.020283679488510816e-04,1.699969282078244248e+01,1.545572718772030107e+01,1.681695887337469131e+01,1.562504964858213441e-07,1.013672084634410275e+01,0.000000000000000000e+00
1.021283679488510840e-04,1.699969389190238900e+01,1.546998876966762104e+01,1.681627771443274355e+01,1.549601130190758624e-07,1.011947455180957967e+01,0.000000000000000000e+00
1.022283679488510865e-04,1.699969495596369029e+01,1.548411873070922873e+01,1.681559654963362860e+01,1.536236516885836068e-07,1.010225851083123771e+01,0.000000000000000000e+00
1.023283679488510889e-04,1.699969601304741929e+01,1.549811828247808343e+01,1.681491537903127309e+01,1.523329377084436942e-07,1.008507267382439032e+01,0.000000000000000000e+00
1.024283679488510913e-04,1.699969706323005170e+01,1.551198862552055147e+01,1.681423420267910984e+01,1.510398456305850345e-07,1.006791699120685024e+01,0.000000000000000000e+00
1.025283679488510938e-04,1.699969810658401670e+01,1.552573094939588216e+01,1.681355302063006363e+01,1.497526906368840116e-07,1.005079141340143778e+01,0.000000000000000000e+00
1.026283679488510962e-04,1.699969914317823338e+01,1.553934643277539429e+01,1.681287183293660092e+01,1.485143802937294311e-07,1.003369589083858315e+01,0.000000000000000000e+00
1.027283679488510986e-04,1.699970017307935066e+01,1.555283624354427374e+01,1.681219063965068727e+01,1.472419371151278966e-07,1.001663037395950795e+01,0.000000000000000000e+00
1.028283679488511010e-04,1.699970119635127830e+01,1.556620153889424429e+01,1.681150944082382637e+01,1.460039301681703705e-07,9.999594813217633771e+00,0.000000000000000000e+00
1.029283679488511035e-04,1.699970221305603602e+01,1.557944346542298142e+01,1.681082823650703162e+01,1.447584889735509250e-07,9.982589159081241448e+00,0.000000000000000000e+00
1.030283679488511059e-04,1.699970322325383165e+01,1.559256315922896796e+01,1.681014702675087946e+01,1.435576487129885948e-07,9.965613362035318445e+00,0.000000000000000000e+00
1.031283679488511083e-04,1.699970422700348394e+01,1.560556174600693069e+01,1.680946581160545961e+01,1.423441587378171391e-07,9.948667372583665625e+00,0.000000000000000000e+00
1.032283679488511108e-04,1.699970522436245446e+01,1.561844034114050039e+01,1.680878459112040346e+01,1.411343253099328621e-07,9.931751141250657611e+00,0.000000000000000000e+00
1.033283679488511132e-04,1.699970621538681925e+01,1.563120004979561095e+01,1.680810336534490901e+01,1.399751928254922007e-07,9.914864618582640787e+00,0.000000000000000000e+00
1.034283679488511156e-04,1.699970720013213210e+01,1.564384196701594298e+01,1.680742213432769105e+01,1.387704486044416541e-07,9.898007755150512565e+00,0.000000000000000000e+00
1.035283679488511181e-04,1.699970817865251149e+01,1.565636717780848919e+01,1.680674089811704519e+01,1.376243879691596561e-07,9.881180501550204553e+00,0.000000000000000000e+00
1.036283679488511205e-04,1.699970915100166380e+01,1.566877675724025387e+01,1.680605965676080871e+01,1.364493546762712839e-07,9.864382808405196101e+00,0.000000000000000000e+00
1.037283679488511229e-04,1.699971011723198799e+01,1.568107177052222134e+01,1.680537841030640323e+01,1.353535963588559099e-07,9.847614626366979707e+00,0.000000000000000000e+00
1.038283679488511254e-04,1.699971107739601095e+01,1.569325327310675355e+01,1.680469715880078141e+01,1.341976661184407504e-07,9.830875906117867657e+00,0.000000000000000000e+00
1.039283679488511278e-04,1.699971203154498056e+01,1.570532231076717444e+01,1.680401590229048736e+01,1.330629643414571461e-07,9.814166598370906769e+00,0.000000000000000000e+00
1.040283679488511302e-04,1.699971297972954076e+01,1.571727991968866789e+01,1.680333464082163886e+01,1.319691689261048850e-07,9.797486653871827045e+00,0.000000000000000000e+00
1.041283679488511326e-04,1.699971392200002640e+01,1.572912712655735845e+01,1.680265337443991669e+01,1.308611567718553914e-07,9.780836023400519608e+00,0.000000000000000000e+00
1.042283679488511351e-04,1.699971485840614704e+01,1.574086494864384278e+01,1.680197210319060730e+01,1.297931861155010580e-07,9.764214657771971062e+00,0.000000000000000000e+00
1.043283679488511375e-04,1.699971578899705449e+01,1.575249439388882067e+01,1.680129082711854949e+01,1.286907688746730116e-07,9.747622507837448325e+00,0.000000000000000000e+00
1.044283679488511399e-04,1.699971671382138538e+01,1.576401646098795517e+01,1.680060954626819125e+01,1.276146953110846027e-07,9.731059524485671020e+00,0.000000000000000000e+00
1.045283679488511424e-04,1.699971763292717952e+01,1.577543213947459400e+01,1.679992826068357559e+01,1.265742616551879252e-07,9.714525658643792028e+00,0.000000000000000000e+00
1.046283679488511448e-04,1.699971854636233459e+01,1.578674240980595833e+01,1.679924697040833337e+01,1.255073355521663103e-07,9.698020861278937588e+00,0.000000000000000000e+00
1.047283679488511472e-04,1.699971945417393115e+01,1.579794824344117288e+01,1.679856567548570112e+01,1.244726295090980983e-07,9.681545083398502172e+00,0.000000000000000000e+00
1.048283679488511497e-04,1.699972035640884371e+01,1.580905060292629294e+01,1.679788437595850326e+01,1.234334822131089027e-07,9.665098276051772075e+00,0.000000000000000000e+00
1.049283679488511521e-04,1.699972125311330728e+01,1.582005044197230248e+01,1.679720307186919115e+01,1.224210314232365704e-07,9.648680390330452994e+00,0.000000000000000000e+00
1.050283679488511545e-04,1.699972214433329398e+01,1.583094870553875033e+01,1.679652176325981472e+01,1.214055139753256185e-07,9.632291377369904595e+00,0.000000000000000000e+00
1.051283679488511570e-04,1.699972303011433539e+01,1.584174632991049414e+01,1.679584045017204019e+01,1.203868589261247735e-07,9.615931188349939873e+00,0.000000000000000000e+00
1.052283679488511594e-04,1.699972391050138398e+01,1.585244424277691166e+01,1.679515913264715721e+01,1.194121637126954738e-07,9.599599774495503723e+00,0.000000000000000000e+00
1.053283679488511618e-04,1.699972478553915778e+01,1.586304336331097709e+01,1.679447781072606816e+01,1.184112794205827157e-07,9.583297087077873755e+00,0.000000000000000000e+00
1.054283679488511642e-04,1.699972565527197332e+01,1.587354460224641883e+01,1.679379648444929529e+01,1.174255928881873245e-07,9.567023077415282017e+00,0.000000000000000000e+00
1.055283679488511667e-04,1.699972651974360005e+01,1.588394886195314371e+01,1.679311515385700915e+01,1.164732567060511315e-07,9.550777696873579359e+00,0.000000000000000000e+00
1.056283679488511691e-04,1.699972737899736330e+01,1.589425703651372501e+01,1.679243381898900367e+01,1.155379590056515582e-07,9.534560896867086299e+00,0.000000000000000000e+00
1.057283679488511715e-04,1.699972823307664882e+01,1.590447001180219289e+01,1.679175247988468556e+01,1.145573455541004648e-07,9.518372628859868456e+00,0.000000000000000000e+00
1.058283679488511740e-04,1.699972908202381205e+01,1.591458866555210605e+01,1.679107113658313111e+01,1.136385913425019822e-07,9.502212844365269362e+00,0.000000000000000000e+00
1.059283679488511764e-04,1.699972992588138254e+01,1.592461386743714691e+01,1.679038978912302937e+01,1.126827533226570921e-07,9.486081494947939063e+00,0.000000000000000000e+00
1.060283679488511788e-04,1.699973076469109401e+01,1.593454647913957523e+01,1.678970843754273545e+01,1.117821830654008863e-07,9.469978532223446877e+00,0.000000000000000000e+00
1.061283679488511813e-04,1.699973159849456295e+01,1.594438735442616917e+01,1.678902708188023851e+01,1.108528440152412031e-07,9.453903907859594113e+00,0.000000000000000000e+00
1.062283679488511837e-04,1.699973242733292622e+01,1.595413733921887633e+01,1.678834572217319021e+01,1.099659123204865807e-07,9.437857573576774683e+00,0.000000000000000000e+00
1.063283679488511861e-04,1.699973325124720702e+01,1.596379727166799611e+01,1.678766435845888694e+01,1.090387107827162083e-07,9.421839481148861495e+00,0.000000000000000000e+00
1.064283679488511885e-04,1.699973407027762207e+01,1.597336798221836496e+01,1.678698299077428757e+01,1.081596900098791281e-07,9.405849582403131848e+00,0.000000000000000000e+00
1.065283679488511910e-04,1.699973488446437031e+01,1.598285029368547505e+01,1.678630161915600283e+01,1.072716540873042135e-07,9.389887829221654769e+00,0.000000000000000000e+00
1.066283679488511934e-04,1.699973569384708583e+01,1.599224502132069681e+01,1.678562024364032368e+01,1.064095682956622824e-07,9.373954173541260815e+00,0.000000000000000000e+00
1.067283679488511958e-04,1.699973649846530321e+01,1.600155297288293355e+01,1.678493886426319293e+01,1.055226873380998853e-07,9.358048567354543934e+00,0.000000000000000000e+00
1.068283679488511983e-04,1.699973729835777192e+01,1.601077494870418860e+01,1.678425748106023008e+01,1.046832111273321431e-07,9.342170962709728244e+00,0.000000000000000000e+00
1.069283679488512007e-04,1.699973809356337640e+01,1.601991174176102462e+01,1.678357609406671713e+01,1.038211231707553139e-07,9.326321311712074902e+00,0.000000000000000000e+00
1.070283679488512031e-04,1.699973888412020173e+01,1.602896413773688877e+01,1.678289470331763411e+01,1.030133620072426481e-07,9.310499566523420256e+00,0.000000000000000000e+00
1.071283679488512056e-04,1.699973967006655684e+01,1.603793291509457575e+01,1.678221330884761286e+01,1.021603040773921833e-07,9.294705679363689299e+00,0.000000000000000000e+00
1.072283679488512080e-04,1.699974045144012891e+01,1.604681884513756174e+01,1.678153191069096906e+01,1.013041827924165972e-07,9.278939602510495988e+00,0.000000000000000000e+00
1.073283679488512104e-04,1.699974122827783773e+01,1.605562269207377568e+01,1.678085050888173768e+01,1.005396885189746570e-07,9.263201288299434566e+00,0.000000000000000000e+00
1.074283679488512129e-04,1.699974200061708984e+01,1.606434521308807817e+01,1.678016910345358781e+01,9.969045028368483941e-08,9.247490689125783092e+00,0.000000000000000000e+00
1.075283679488512153e-04,1.699974276849427923e+01,1.607298715839748482e+01,1.677948769443992916e+01,9.890483987362586049e-08,9.231807757443393214e+00,0.000000000000000000e+00
1.076283679488512177e-04,1.699974353194587451e+01,1.608154927132116185e+01,1.677880628187381973e+01,9.808543913192302455e-08,9.216152445766173429e+00,0.000000000000000000e+00
1.077283679488512201e-04,1.699974429100764439e+01,1.609003228833866217e+01,1.677812486578805462e+01,9.731704872506519166e-08,9.200524706667758679e+00,0.000000000000000000e+00
1.078283679488512226e-04,1.699974504571541090e+01,1.609843693915732032e+01,1.677744344621509498e+01,9.652209248534049379e-08,9.184924492782556626e+00,0.000000000000000000e+00
1.079283679488512250e-04,1.699974579610463010e+01,1.610676394677148693e+01,1.677676202318712484e+01,9.577206414035366322e-08,9.169351756805724563e+00,0.000000000000000000e+00
1.080283679488512274e-04,1.699974654221041348e+01,1.611501402752357492e+01,1.677608059673601204e+01,9.496569591815884337e-08,9.153806451493595731e+00,0.000000000000000000e+00
1.081283679488512299e-04,1.699974728406723656e+01,1.612318789116318385e+01,1.677539916689335442e+01,9.424228547549873269e-08,9.138288529663608273e+00,0.000000000000000000e+00
1.082283679488512323e-04,1.699974802170972765e+01,1.613128624091250884e+01,1.677471773369043717e+01,9.347004009674364511e-08,9.122797944195529141e+00,0.000000000000000000e+00
1.083283679488512347e-04,1.699974875517198214e+01,1.613930977352168128e+01,1.677403629715827194e+01,9.271817241751634242e-08,9.107334648031038427e+00,0.000000000000000000e+00
1.084283679488512372e-04,1.699974948448784318e+01,1.614725917932938515e+01,1.677335485732758258e+01,9.198605899207734637e-08,9.091898594174327997e+00,0.000000000000000000e+00
1.085283679488512396e-04,1.699975020969068140e+01,1.615513514232022629e+01,1.677267341422881231e+01,9.127485520177280875e-08,9.076489735692163663e+00,0.000000000000000000e+00
1.086283679488512420e-04,1.699975093081400246e+01,1.616293834018726372e+01,1.677199196789209523e+01,9.048371860109760689e-08,9.061108025714773362e+00,0.000000000000000000e+00
1.087283679488512445e-04,1.699975164789035631e+01,1.617066944438127152e+01,1.677131051834734521e+01,8.983186688960032029e-08,9.045753417435060229e+00,0.000000000000000000e+00
1.088283679488512469e-04,1.699975236095260556e+01,1.617832912017708225e+01,1.677062906562415634e+01,8.910667409489647639e-08,9.030425864110117828e+00,0.000000000000000000e+00
1.089283679488512493e-04,1.699975307003322911e+01,1.618591802672505509e+01,1.676994760975185272e+01,8.837644244197306875e-08,9.015125319060812714e+00,0.000000000000000000e+00
1.090283679488512517e-04,1.699975377516403086e+01,1.619343681710612159e+01,1.676926615075951332e+01,8.769127954333377772e-08,8.999851735671667186e+00,0.000000000000000000e+00
1.091283679488512542e-04,1.699975447637685733e+01,1.620088613839104497e+01,1.676858468867592578e+01,8.699435602443905680e-08,8.984605067391912669e+00,0.000000000000000000e+00
1.092283679488512566e-04,1.699975517370330280e+01,1.620826663169335191e+01,1.676790322352962193e+01,8.631058565078397748e-08,8.969385267735388467e+00,0.000000000000000000e+00
1.093283679488512590e-04,1.699975586717439313e+01,1.621557893222236757e+01,1.676722175534887782e+01,8.562969977532475241e-08,8.954192290280420963e+00,0.000000000000000000e+00
1.094283679488512615e-04,1.699975655682128206e+01,1.622282366934129172e+01,1.676654028416168529e+01,8.494137099246401590e-08,8.939026088670757986e+00,0.000000000000000000e+00
1.095283679488512639e-04,1.699975724267445187e+01,1.623000146661646781e+01,1.676585880999580880e+01,8.429346468052933972e-08,8.923886616614989720e+00,0.000000000000000000e+00
1.096283679488512663e-04,1.699975792476426051e+01,1.623711294187310017e+01,1.676517733287874634e+01,8.363833611801929635e-08,8.908773827887253915e+00,0.000000000000000000e+00
1.097283679488512688e-04,1.699975860312108011e+01,1.624415870724909183e+01,1.676449585283772237e+01,8.295589010165471677e-08,8.893687676327601821e+00,0.000000000000000000e+00
1.098283679488512712e-04,1.699975927777463625e+01,1.625113936924294578e+01,1.676381436989973750e+01,8.230475817549987028e-08,8.878628115841511459e+00,0.000000000000000000e+00
1.099283679488512736e-04,1.699975994875439866e+01,1.625805552876788340e+01,1.676313288409154012e+01,8.169065876528769365e-08,8.863595100400445403e+00,0.000000000000000000e+00
1.100283679488512761e-04,1.699976061608987266e+01,1.626490778120431813e+01,1.676245139543961926e+01,8.102958354294642618e-08,8.848588584042330396e+00,0.000000000000000000e+00
1.101283679488512785e-04,1.699976127980997020e+01,1.627169671644728410e+01,1.676176990397022593e+01,8.041004928571737764e-08,8.833608520871077729e+00,0.000000000000000000e+00
1.102283679488512809e-04,1.699976193994350027e+01,1.627842291895955285e+01,1.676108840970936953e+01,7.977242730272671167e-08,8.818654865057233394e+00,0.000000000000000000e+00
1.103283679488512833e-04,1.699976259651906219e+01,1.628508696782072462e+01,1.676040691268282501e+01,7.915639316236067202e-08,8.803727570838010053e+00,0.000000000000000000e+00
1.104283679488512858e-04,1.699976324956492135e+01,1.629168943677588999e+01,1.675972541291611861e+01,7.853371131183450871e-08,8.788826592517345659e+00,0.000000000000000000e+00
1.105283679488512882e-04,1.699976389910903762e+01,1.629823089428368732e+01,1.675904391043455988e+01,7.793942052858326974e-08,8.773951884466020701e+00,0.000000000000000000e+00
1.106283679488512906e-04,1.699976454517947744e+01,1.630471190356938394e+01,1.675836240526319543e+01,7.729668857758831280e-08,8.759103401122235510e+00,0.000000000000000000e+00
1.107283679488512931e-04,1.699976518780347945e+01,1.631113302266540543e+01,1.675768089742688005e+01,7.673101018457195721e-08,8.744281096990796698e+00,0.000000000000000000e+00
1.108283679488512955e-04,1.699976582700845285e+01,1.631749480446541511e+01,1.675699938695020919e+01,7.614025218649622673e-08,8.729484926644238030e+00,0.000000000000000000e+00
1.109283679488512979e-04,1.699976646282149773e+01,1.632379779676894671e+01,1.675631787385756155e+01,7.555189959762564911e-08,8.714714844722447395e+00,0.000000000000000000e+00
1.110283679488513004e-04,1.699976709526947261e+01,1.633004254232822205e+01,1.675563635817309205e+01,7.496338766399546216e-08,8.699970805932856877e+00,0.000000000000000000e+00
1.111283679488513028e-04,1.699976772437897665e+01,1.633622957889458505e+01,1.675495483992072820e+01,7.437165921997390683e-08,8.685252765050496038e+00,0.000000000000000000e+00
1.112283679488513052e-04,1.699976835017606192e+01,1.634235943926223555e+01,1.675427331912418794e+01,7.383223213364153992e-08,8.670560676917885345e+00,0.000000000000000000e+00
1.113283679488513077e-04,1.699976897268708598e+01,1.634843265131873835e+01,1.675359179580695823e+01,7.325532078161778315e-08,8.655894496445872832e+00,0.000000000000000000e+00
1.114283679488513101e-04,1.699976959193799075e+01,1.635444973808624525e+01,1.675291026999232002e+01,7.269810486931760352e-08,8.641254178613127834e+00,0.000000000000000000e+00
1.115283679488513125e-04,1.699977020795427052e+01,1.636041121776592178e+01,1.675222874170333043e+01,7.214720285086961837e-08,8.626639678466068162e+00,0.000000000000000000e+00
1.116283679488513149e-04,1.699977082076150126e+01,1.636631760378497091e+01,1.675154721096283339e+01,7.158452056121866747e-08,8.612050951119584852e+00,0.000000000000000000e+00
1.117283679488513174e-04,1.699977143038476868e+01,1.637216940483688532e+01,1.675086567779347035e+01,7.103227783744614499e-08,8.597487951756454194e+00,0.000000000000000000e+00
1.118283679488513198e-04,1.699977203684893112e+01,1.637796712492703222e+01,1.675018414221767671e+01,7.050993078294709449e-08,8.582950635627739189e+00,0.000000000000000000e+00
1.119283679488513222e-04,1.699977264017882206e+01,1.638371126341643702e+01,1.674950260425767468e+01,6.999136284435714117e-08,8.568438958053064880e+00,0.000000000000000000e+00
1.120283679488513247e-04,1.699977324039904758e+01,1.638940231506371958e+01,1.674882106393547687e+01,6.943510597046120836e-08,8.553952874420403418e+00,0.000000000000000000e+00
1.121283679488513271e-04,1.699977383753387272e+01,1.639504077006607474e+01,1.674813952127290761e+01,6.893839626931352882e-08,8.539492340186104258e+00,0.000000000000000000e+00
1.122283679488513295e-04,1.699977443160749147e+01,1.640062711410306662e+01,1.674745797629156741e+01,6.839604443920066501e-08,8.525057310875176597e+00,0.000000000000000000e+00
1.123283679488513320e-04,1.699977502264371765e+01,1.640616182837642256e+01,1.674677642901287555e+01,6.785839523626435721e-08,8.510647742081047795e+00,0.000000000000000000e+00
1.124283679488513344e-04,1.699977561066610221e+01,1.641164538965078989e+01,1.674609487945805242e+01,6.737981925186709020e-08,8.496263589465733901e+00,0.000000000000000000e+00
1.125283679488513368e-04,1.699977619569822096e+01,1.641707827029800271e+01,1.674541332764811230e+01,6.685214182233778502e-08,8.481904808760187819e+00,0.000000000000000000e+00
1.126283679488513393e-04,1.699977677776332996e+01,1.642246093833369258e+01,1.674473177360389897e+01,6.637761654215701412e-08,8.467571355763944041e+00,0.000000000000000000e+00
1.127283679488513417e-04,1.699977735688474922e+01,1.642779385746097276e+01,1.674405021734602528e+01,6.584050374347505397e-08,8.453263186345576941e+00,0.000000000000000000e+00
1.128283679488513441e-04,1.699977793308485730e+01,1.643307748710284599e+01,1.674336865889495840e+01,6.538253199961374662e-08,8.438980256441769967e+00,0.000000000000000000e+00
1.129283679488513465e-04,1.699977850638650168e+01,1.643831228245065290e+01,1.674268709827094881e+01,6.488645468150089357e-08,8.424722522058674556e+00,0.000000000000000000e+00
1.130283679488513490e-04,1.699977907681226696e+01,1.644349869449861146e+01,1.674200553549406578e+01,6.439298999572073967e-08,8.410489939271291959e+00,0.000000000000000000e+00
1.131283679488513514e-04,1.699977964438415157e+01,1.644863717007993742e+01,1.674132397058419386e+01,6.392817097911063229e-08,8.396282464223091324e+00,0.000000000000000000e+00
1.132283679488513538e-04,1.699978020912442389e+01,1.645372815191035443e+01,1.674064240356102928e+01,6.343146724541171011e-08,8.382100053126976036e+00,0.000000000000000000e+00
1.133283679488513563e-04,1.699978077105482299e+01,1.645877207862153568e+01,1.673996083444409777e+01,6.296188201360131131e-08,8.367942662264455933e+00,0.000000000000000000e+00
1.134283679488513587e-04,1.699978133019688897e+01,1.646376938480043961e+01,1.673927926325274385e+01,6.251755166331030011e-08,8.353810247985979487e+00,0.000000000000000000e+00
1.135283679488513611e-04,1.699978188657231826e+01,1.646872050102798113e+01,1.673859769000612729e+01,6.204461275305384049e-08,8.339702766711347692e+00,0.000000000000000000e+00
1.136283679488513636e-04,1.699978244020225659e+01,1.647362585391257639e+01,1.673791611472323027e+01,6.158508028542009072e-08,8.325620174929008854e+00,0.000000000000000000e+00
1.137283679488513660e-04,1.699978299110773605e+01,1.647848586612868260e+01,1.673723453742286793e+01,6.114749090402327170e-08,8.311562429196458268e+00,0.000000000000000000e+00
1.138283679488513684e-04,1.699978353930978514e+01,1.648330095645362192e+01,1.673655295812367072e+01,6.067966801248658726e-08,8.297529486140440724e+00,0.000000000000000000e+00
1.139283679488513709e-04,1.699978408482915526e+01,1.648807153980227014e+01,1.673587137684410209e+01,6.022369997138454778e-08,8.283521302456595237e+00,0.000000000000000000e+00
1.140283679488513733e-04,1.699978462768631715e+01,1.649279802726214683e+01,1.673518979360246206e+01,5.980164829999523590e-08,8.269537834909511886e+00,0.000000000000000000e+00
1.141283679488513757e-04,1.699978516790165628e+01,1.649748082612926225e+01,1.673450820841687658e+01,5.936662686445437487e-08,8.255579040332879259e+00,0.000000000000000000e+00
1.142283679488513781e-04,1.699978570549534851e+01,1.650212033994289484e+01,1.673382662130530463e+01,5.892866103418548107e-08,8.241644875629432931e+00,0.000000000000000000e+00
1.143283679488513806e-04,1.699978624048737075e+01,1.650671696852099046e+01,1.673314503228553463e+01,5.849855999606745627e-08,8.227735297770848888e+00,0.000000000000000000e+00
1.144283679488513830e-04,1.699978677289741213e+01,1.651127110799203734e+01,1.673246344137520225e+01,5.809778702570156383e-08,8.213850263797773721e+00,0.000000000000000000e+00
1.145283679488513854e-04,1.699978730274536076e+01,1.651578315083272130e+01,1.673178184859175843e+01,5.765106275701370464e-08,8.199989730820181677e+00,0.000000000000000000e+00
1.146283679488513879e-04,1.699978783005036931e+01,1.652025348589653220e+01,1.673110025395253331e+01,5.727320995241313994e-08,8.186153656016541547e+00,0.000000000000000000e+00
1.147283679488513903e-04,1.699978835483224415e+01,1.652468249845454196e+01,1.673041865747464385e+01,5.680476886094076860e-08,8.172341996635093864e+00,0.000000000000000000e+00
1.148283679488513927e-04,1.699978887710965481e+01,1.652907057021792880e+01,1.672973705917509335e+01,5.641988581883694565e-08,8.158554709992086984e+00,0.000000000000000000e+00
1.149283679488513952e-04,1.699978939690171131e+01,1.653341807938012309e+01,1.672905545907071811e+01,5.603075625693065831e-08,8.144791753473377582e+00,0.000000000000000000e+00
1.150283679488513976e-04,1.699978991422734609e+01,1.653772540064565888e+01,1.672837385717818037e+01,5.560353624756153579e-08,8.131053084533702346e+00,0.000000000000000000e+00
1.151283679488514000e-04,1.699979042910496574e+01,1.654199290526002741e+01,1.672769225351400735e+01,5.521944662634226120e-08,8.117338660696384878e+00,0.000000000000000000e+00
1.152283679488514025e-04,1.699979094155320780e+01,1.654622096104598938e+01,1.672701064809456639e+01,5.482204817885971693e-08,8.103648439554032024e+00,0.000000000000000000e+00
1.153283679488514049e-04,1.699979145159026217e+01,1.655040993243103742e+01,1.672632904093607920e+01,5.443877207356173642e-08,8.089982378767844651e+00,0.000000000000000000e+00
1.154283679488514073e-04,1.699979195923451414e+01,1.655456018048250755e+01,1.672564743205460402e+01,5.401568603513595690e-08,8.076340436068223383e+00,0.000000000000000000e+00
1.155283679488514097e-04,1.699979246450357451e+01,1.655867206293292426e+01,1.672496582146607480e+01,5.366843980336710729e-08,8.062722569253768512e+00,0.000000000000000000e+00
1.156283679488514122e-04,1.699979296741558699e+01,1.656274593421778363e+01,1.672428420918624781e+01,5.324014701324486509e-08,8.049128736192608713e+00,0.000000000000000000e+00
1.157283679488514146e-04,1.699979346798790303e+01,1.656678214549831551e+01,1.672360259523076920e+01,5.290195984053447376e-08,8.035558894820917786e+00,0.000000000000000000e+00
1.158283679488514170e-04,1.699979396623815475e+01,1.657078104469901447e+01,1.672292097961511459e+01,5.252908991115745607e-08,8.022013003144097709e+00,0.000000000000000000e+00
1.159283679488514195e-04,1.699979446218394941e+01,1.657474297653412521e+01,1.672223936235462460e+01,5.214803391884181849e-08,8.008491019236364750e+00,0.000000000000000000e+00
1.160283679488514219e-04,1.699979495584222633e+01,1.657866828253397173e+01,1.672155774346450485e+01,5.179446582737057270e-08,7.994992901240062899e+00,0.000000000000000000e+00
1.161283679488514243e-04,1.699979544723014158e+01,1.658255730107964254e+01,1.672087612295980108e+01,5.141355188809093590e-08,7.981518607366542284e+00,0.000000000000000000e+00
1.162283679488514268e-04,1.699979593636463093e+01,1.658641036742907815e+01,1.672019450085543468e+01,5.105984790532147599e-08,7.968068095895660008e+00,0.000000000000000000e+00
1.163283679488514292e-04,1.699979642326224649e+01,1.659022781374501321e+01,1.671951287716620271e+01,5.072585124166195669e-08,7.954641325175590083e+00,0.000000000000000000e+00
1.164283679488514316e-04,1.699979690793976772e+01,1.659400996912736659e+01,1.671883125190673880e+01,5.035906652794963634e-08,7.941238253623378540e+00,0.000000000000000000e+00
1.165283679488514340e-04,1.699979739041374316e+01,1.659775715963836618e+01,1.671814962509155222e+01,5.000383943021269317e-08,7.927858839724439832e+00,0.000000000000000000e+00
1.166283679488514365e-04,1.699979787070031989e+01,1.660146970832940028e+01,1.671746799673503148e+01,4.968099989732799315e-08,7.914503042032383640e+00,0.000000000000000000e+00
1.167283679488514389e-04,1.699979834881585816e+01,1.660514793527245558e+01,1.671678636685140162e+01,4.931047969947144338e-08,7.901170819169507809e+00,0.000000000000000000e+00
1.168283679488514413e-04,1.699979882477622439e+01,1.660879215758389904e+01,1.671610473545478825e+01,4.897703834161326597e-08,7.887862129826109125e+00,0.000000000000000000e+00
1.169283679488514438e-04,1.699979929859732408e+01,1.661240268945381970e+01,1.671542310255917485e+01,4.864946109850443179e-08,7.874576932760943393e+00,0.000000000000000000e+00
1.170283679488514462e-04,1.699979977029494194e+01,1.661597984217307911e+01,1.671474146817840989e+01,4.830028066393765585e-08,7.861315186800999832e+00,0.000000000000000000e+00
1.171283679488514486e-04,1.699980023988474898e+01,1.661952392415937041e+01,1.671405983232622106e+01,4.798926225846322779e-08,7.848076850841487762e+00,0.000000000000000000e+00
1.172283679488514511e-04,1.699980070738227056e+01,1.662303524098377139e+01,1.671337819501619748e+01,4.762667163427103389e-08,7.834861883845723796e+00,0.000000000000000000e+00
1.173283679488514535e-04,1.699980117280256309e+01,1.662651409539462577e+01,1.671269655626182882e+01,4.734084785296133191e-08,7.821670244844786346e+00,0.000000000000000000e+00
1.174283679488514559e-04,1.699980163616107021e+01,1.662996078734950345e+01,1.671201491607645195e+01,4.700783851063761176e-08,7.808501892938281230e+00,0.000000000000000000e+00
1.175283679488514584e-04,1.699980209747288384e+01,1.663337561403555043e+01,1.671133327447330785e+01,4.670680475715727198e-08,7.795356787293574286e+00,0.000000000000000000e+00
1.176283679488514608e-04,1.699980255675295027e+01,1.663675886989711472e+01,1.671065163146547761e+01,4.635944045316975348e-08,7.782234887145925484e+00,0.000000000000000000e+00
1.177283679488514632e-04,1.699980301401610561e+01,1.664011084665982310e+01,1.670996998706595349e+01,4.605385342526524539e-08,7.769136151798480938e+00,0.000000000000000000e+00
1.178283679488514656e-04,1.699980346927689823e+01,1.664343183335605403e+01,1.670928834128760343e+01,4.575706483156416482e-08,7.756060540622019772e+00,0.000000000000000000e+00
1.179283679488514681e-04,1.699980392254989781e+01,1.664672211635126686e+01,1.670860669414316746e+01,4.544210766010969849e-08,7.743008013055220573e+00,0.000000000000000000e+00
1.180283679488514705e-04,1.699980437384964915e+01,1.664998197936784763e+01,1.670792504564526837e+01,4.513545506790173079e-08,7.729978528604538823e+00,0.000000000000000000e+00
1.181283679488514729e-04,1.699980482319029562e+01,1.665321170350686586e+01,1.670724339580642237e+01,4.484107113400526146e-08,7.716972046843778799e+00,0.000000000000000000e+00
1.182283679488514754e-04,1.699980527058611912e+01,1.665641156727635774e+01,1.670656174463901777e+01,4.452897656159748863e-08,7.703988527414585619e+00,0.000000000000000000e+00
1.183283679488514778e-04,1.699980571605117063e+01,1.665958184661245056e+01,1.670588009215533987e+01,4.424128799418447500e-08,7.691027930025954973e+00,0.000000000000000000e+00
1.184283679488514802e-04,1.699980615959935193e+01,1.666272281490393681e+01,1.670519843836756024e+01,4.395764272024926811e-08,7.678090214454339701e+00,0.000000000000000000e+00
1.185283679488514827e-04,1.699980660124461096e+01,1.666583474301678436e+01,1.670451678328771550e+01,4.363525196726669719e-08,7.665175340543690652e+00,0.000000000000000000e+00
1.186283679488514851e-04,1.699980704100052620e+01,1.666891789931451129e+01,1.670383512692776051e+01,4.336598488641207894e-08,7.652283268205045452e+00,0.000000000000000000e+00
1.187283679488514875e-04,1.699980747888054466e+01,1.667197254968249709e+01,1.670315346929952938e+01,4.310358531212088451e-08,7.639413957416659962e+00,0.000000000000000000e+00
1.188283679488514900e-04,1.699980791489831233e+01,1.667499895755418038e+01,1.670247181041473539e+01,4.278351309339178954e-08,7.626567368224280052e+00,0.000000000000000000e+00
1.189283679488514924e-04,1.699980834906705951e+01,1.667799738392832865e+01,1.670179015028500658e+01,4.253869251291675369e-08,7.613743460740463931e+00,0.000000000000000000e+00
1.190283679488514948e-04,1.699980878140024743e+01,1.668096808739644032e+01,1.670110848892183952e+01,4.222254357255650348e-08,7.600942195145158564e+00,0.000000000000000000e+00
1.191283679488514972e-04,1.699980921191072625e+01,1.668391132415918321e+01,1.670042682633664199e+01,4.195955094488112991e-08,7.588163531684790186e+00,0.000000000000000000e+00
1.192283679488514997e-04,1.699980964061140654e+01,1.668682734805259926e+01,1.669974516254071872e+01,4.170485157217740380e-08,7.575407430672846054e+00,0.000000000000000000e+00
1.193283679488515021e-04,1.699981006751535162e+01,1.668971641057078870e+01,1.669906349754525010e+01,4.143007537038556620e-08,7.562673852489947279e+00,0.000000000000000000e+00
1.194283679488515045e-04,1.699981049263539745e+01,1.669257876088554582e+01,1.669838183136132059e+01,4.113501975155919865e-08,7.549962757583326578e+00,0.000000000000000000e+00
1.195283679488515070e-04,1.699981091598393235e+01,1.669541464586532342e+01,1.669770016399992585e+01,4.090307356707789666e-08,7.537274106466581358e+00,0.000000000000000000e+00
1.196283679488515094e-04,1.699981133757368212e+01,1.669822431010155839e+01,1.669701849547194783e+01,4.062085734446441165e-08,7.524607859720395808e+00,0.000000000000000000e+00
1.197283679488515118e-04,1.699981175741708128e+01,1.670100799592643526e+01,1.669633682578816902e+01,4.037579753868314469e-08,7.511963977991783281e+00,0.000000000000000000e+00
1.198283679488515143e-04,1.699981217552645063e+01,1.670376594343441212e+01,1.669565515495927599e+01,4.009644394287192881e-08,7.499342421994261265e+00,0.000000000000000000e+00
1.199283679488515167e-04,1.699981259191384098e+01,1.670649839050128804e+01,1.669497348299586292e+01,3.986980992576327765e-08,7.486743152507564503e+00,0.000000000000000000e+00
1.200283679488515191e-04,1.699981300659158734e+01,1.670920557280949836e+01,1.669429180990840678e+01,3.960296229843507376e-08,7.474166130378140593e+00,0.000000000000000000e+00
1.201283679488515216e-04,1.699981341957168013e+01,1.671188772386290466e+01,1.669361013570730634e+01,3.935554709899591330e-08,7.461611316518472314e+00,0.000000000000000000e+00
1.202283679488515240e-04,1.699981383086600317e+01,1.671454507500994069e+01,1.669292846040284672e+01,3.909628190634784062e-08,7.449078671907169102e+00,0.000000000000000000e+00
1.203283679488515264e-04,1.699981424048633016e+01,1.671717785546174539e+01,1.669224678400524198e+01,3.885308896833805647e-08,7.436568157588991035e+00,0.000000000000000000e+00
1.204283679488515288e-04,1.699981464844428203e+01,1.671978629231296409e+01,1.669156510652458891e+01,3.861545294636670178e-08,7.424079734674635667e+00,0.000000000000000000e+00
1.205283679488515313e-04,1.699981505475155075e+01,1.672237061056151219e+01,1.669088342797090263e+01,3.836062004158868888e-08,7.411613364340926324e+00,0.000000000000000000e+00
1.206283679488515337e-04,1.699981545941962224e+01,1.672493103312730867e+01,1.669020174835410586e+01,3.812360990784746662e-08,7.399169007830454170e+00,0.000000000000000000e+00
1.207283679488515361e-04,1.699981586245992560e+01,1.672746778087149622e+01,1.668952006768402896e+01,3.789980373980483819e-08,7.386746626451627940e+00,0.000000000000000000e+00
1.208283679488515386e-04,1.699981626388378686e+01,1.672998107261567213e+01,1.668883838597040636e+01,3.764939754402618632e-08,7.374346181578597559e+00,0.000000000000000000e+00
1.209283679488515410e-04,1.699981666370234024e+01,1.673247112515988988e+01,1.668815670322288014e+01,3.741844981086650535e-08,7.361967634651017001e+00,0.000000000000000000e+00
1.210283679488515434e-04,1.699981706192665953e+01,1.673493815330194323e+01,1.668747501945101774e+01,3.718325214396855927e-08,7.349610947174147313e+00,0.000000000000000000e+00
1.211283679488515459e-04,1.699981745856779369e+01,1.673738236985632710e+01,1.668679333466429071e+01,3.695668765457682525e-08,7.337276080718796223e+00,0.000000000000000000e+00
1.212283679488515483e-04,1.699981785363661047e+01,1.673980398567187322e+01,1.668611164887208531e+01,3.676380994077632636e-08,7.324962996921067671e+00,0.000000000000000000e+00
1.213283679488515507e-04,1.699981824714427248e+01,1.674220320965208941e+01,1.668542996208368123e+01,3.647878535351090079e-08,7.312671657482788135e+00,0.000000000000000000e+00
1.214283679488515532e-04,1.699981863910100088e+01,1.674458024876603446e+01,1.668474827430831553e+01,3.630351674832610342e-08,7.300402024170156601e+00,0.000000000000000000e+00
1.215283679488515556e-04,1.699981902951765278e+01,1.674693530807498476e+01,1.668406658555509381e+01,3.607250009807216884e-08,7.288154058815248248e+00,0.000000000000000000e+00
1.216283679488515580e-04,1.699981941840491828e+01,1.674926859074663810e+01,1.668338489583305773e+01,3.583282004449017677e-08,7.275927723315134266e+00,0.000000000000000000e+00
1.217283679488515604e-04,1.699981980577310736e+01,1.675158029806986448e+01,1.668270320515117078e+01,3.561643335814324018e-08,7.263722979631594967e+00,0.000000000000000000e+00
1.218283679488515629e-04,1.699982019163249092e+01,1.675387062947479322e+01,1.668202151351831475e+01,3.542266177603003996e-08,7.251539789791342727e+00,0.000000000000000000e+00
1.219283679488515653e-04,1.699982057599354945e+01,1.675613978255090331e+01,1.668133982094327195e+01,3.519370828097834192e-08,7.239378115886243137e+00,0.000000000000000000e+00
1.220283679488515677e-04,1.699982095886639399e+01,1.675838795306173523e+01,1.668065812743475362e+01,3.497257006213061459e-08,7.227237920072579591e+00,0.000000000000000000e+00
1.221283679488515566e-04,1.699982134026098279e+01,1.676061533496090661e+01,1.667997643300140354e+01,3.479882176860016330e-08,7.215119164571254906e+00,0.000000000000000000e+00
1.222283679488515590e-04,1.699982172018749793e+01,1.676282212041362030e+01,1.667929473765176596e+01,3.458176467407980681e-08,7.203021811668040009e+00,0.000000000000000000e+00
1.223283679488515615e-04,1.699982209865593674e+01,1.676500849980891417e+01,1.667861304139431056e+01,3.436056320027525146e-08,7.190945823713102314e+00,0.000000000000000000e+00
1.224283679488515639e-04,1.699982247567588090e+01,1.676717466177512250e+01,1.667793134423743950e+01,3.417101085423368545e-08,7.178891163120663776e+00,0.000000000000000000e+00
1.225283679488515663e-04,1.699982285125729220e+01,1.676932079320106084e+01,1.667724964618946260e+01,3.395509939885243966e-08,7.166857792369750513e+00,0.000000000000000000e+00
1.226283679488515688e-04,1.699982322540972746e+01,1.677144707924700029e+01,1.667656794725862213e+01,3.376314253178414049e-08,7.154845674003269096e+00,0.000000000000000000e+00
1.227283679488515712e-04,1.699982359814280741e+01,1.677355370336357510e+01,1.667588624745308934e+01,3.356909572538313569e-08,7.142854770628457750e+00,0.000000000000000000e+00
1.228283679488515736e-04,1.699982396946616348e+01,1.677564084730798299e+01,1.667520454678094666e+01,3.337003950942829533e-08,7.130885044916670523e+00,0.000000000000000000e+00
1.229283679488515761e-04,1.699982433938917836e+01,1.677770869115691710e+01,1.667452284525020190e+01,3.316245747453372417e-08,7.118936459603094846e+00,0.000000000000000000e+00
1.230283679488515785e-04,1.699982470792096123e+01,1.677975741332218362e+01,1.667384114286881314e+01,3.301997714144633278e-08,7.107008977486597878e+00,0.000000000000000000e+00
1.231283679488515809e-04,1.699982507507114349e+01,1.678178719057168067e+01,1.667315943964462477e+01,3.278469093426217285e-08,7.095102561430461030e+00,0.000000000000000000e+00
1.232283679488515834e-04,1.699982544084872060e+01,1.678379819803637574e+01,1.667247773558543855e+01,3.261184169933706301e-08,7.083217174361117863e+00,0.000000000000000000e+00
1.233283679488515858e-04,1.699982580526272713e+01,1.678579060923030752e+01,1.667179603069898519e+01,3.242845436624008926e-08,7.071352779268753608e+00,0.000000000000000000e+00
1.234283679488515882e-04,1.699982616832221538e+01,1.678776459606503124e+01,1.667111432499291013e+01,3.225863662303929402e-08,7.059509339207171053e+00,0.000000000000000000e+00
1.235283679488515906e-04,1.699982653003638333e+01,1.678972032886516885e+01,1.667043261847478064e+01,3.203939419327284099e-08,7.047686817293882910e+00,0.000000000000000000e+00
1.236283679488515931e-04,1.699982689041382145e+01,1.679165797637881496e+01,1.666975091115212138e+01,3.188104277795922314e-08,7.035885176709200550e+00,0.000000000000000000e+00
1.237283679488515955e-04,1.699982724946338664e+01,1.679357770579694176e+01,1.666906920303237527e+01,3.170782991723797295e-08,7.024104380697066219e+00,0.000000000000000000e+00
1.238283679488515979e-04,1.699982760719403529e+01,1.679547968276710179e+01,1.666838749412290355e+01,3.151058181050103713e-08,7.012344392564806128e+00,0.000000000000000000e+00
1.239283679488516004e-04,1.699982796361411985e+01,1.679736407140314469e+01,1.666770578443101769e+01,3.135256015918130856e-08,7.000605175682303560e+00,0.000000000000000000e+00
1.240283679488516028e-04,1.699982831873245459e+01,1.679923103430601827e+01,1.666702407396394747e+01,3.116994551355389831e-08,6.988886693482953660e+00,0.000000000000000000e+00
1.241283679488516052e-04,1.699982867255743457e+01,1.680108073257240164e+01,1.666634236272885872e+01,3.098158099512637875e-08,6.977188909462808120e+00,0.000000000000000000e+00
1.242283679488516077e-04,1.699982902509746907e+01,1.680291332581102282e+01,1.666566065073286396e+01,3.082836433354607664e-08,6.965511787180768799e+00,0.000000000000000000e+00
1.243283679488516101e-04,1.699982937636099223e+01,1.680472897215625849e+01,1.666497893798299401e+01,3.064755996207146893e-08,6.953855290258609045e+00,0.000000000000000000e+00
1.244283679488516125e-04,1.699982972635626055e+01,1.680652782828110148e+01,1.666429722448621931e+01,3.046734656231286920e-08,6.942219382380666381e+00,0.000000000000000000e+00
1.245283679488516150e-04,1.699983007509151278e+01,1.680831004941137152e+01,1.666361551024945342e+01,3.030286443994612000e-08,6.930604027293876257e+00,0.000000000000000000e+00
1.246283679488516174e-04,1.699983042257478871e+01,1.681007578933730784e+01,1.666293379527954599e+01,3.015451779941891175e-08,6.919009188807518917e+00,0.000000000000000000e+00
1.247283679488516198e-04,1.699983076881430222e+01,1.681182520043031658e+01,1.666225207958326848e+01,2.996912978892041224e-08,6.907434830793530267e+00,0.000000000000000000e+00
1.248283679488516222e-04,1.699983111381794743e+01,1.681355843365240332e+01,1.666157036316734263e+01,2.982046060084897476e-08,6.895880917185870373e+00,0.000000000000000000e+00
1.249283679488516247e-04,1.699983145759384229e+01,1.681527563857193286e+01,1.666088864603842268e+01,2.965223183659659867e-08,6.884347411981016407e+00,0.000000000000000000e+00
1.250283679488516271e-04,1.699983180014968198e+01,1.681697696337364079e+01,1.666020692820310600e+01,2.950949065660957160e-08,6.872834279237206800e+00,0.000000000000000000e+00
1.251283679488516295e-04,1.699983214149353827e+01,1.681866255487575756e+01,1.665952520966791894e+01,2.931780962445174055e-08,6.861341483075134029e+00,0.000000000000000000e+00
1.252283679488516320e-04,1.699983248163287541e+01,1.682033255853650644e+01,1.665884349043934876e+01,2.918793295947352817e-08,6.849868987676899224e+00,0.000000000000000000e+00
1.253283679488516344e-04,1.699983282057542411e+01,1.682198711847176398e+01,1.665816177052380809e+01,2.904209941978486142e-08,6.838416757286788439e+00,0.000000000000000000e+00
1.254283679488516368e-04,1.699983315832901098e+01,1.682362637746710021e+01,1.665748004992763498e+01,2.886693592496492045e-08,6.826984756210999983e+00,0.000000000000000000e+00
1.255283679488516393e-04,1.699983349490105766e+01,1.682525047698685583e+01,1.665679832865713195e+01,2.871940377180415283e-08,6.815572948817054666e+00,0.000000000000000000e+00
1.256283679488516417e-04,1.699983383029907813e+01,1.682685955718844184e+01,1.665611660671853755e+01,2.856462366640499795e-08,6.804181299534211469e+00,0.000000000000000000e+00
1.257283679488516441e-04,1.699983416453034835e+01,1.682845375693358747e+01,1.665543488411803352e+01,2.842702209737701935e-08,6.792809772853018124e+00,0.000000000000000000e+00
1.258283679488516466e-04,1.699983449760244980e+01,1.683003321380289563e+01,1.665475316086173763e+01,2.826449821413667962e-08,6.781458333325814714e+00,0.000000000000000000e+00
1.259283679488516490e-04,1.699983482952246661e+01,1.683159806410282400e+01,1.665407143695572856e+01,2.814202776368901482e-08,6.770126945565797527e+00,0.000000000000000000e+00
1.260283679488516514e-04,1.699983516029786301e+01,1.683314844288350898e+01,1.665338971240600330e+01,2.797437975710082014e-08,6.758815574247795332e+00,0.000000000000000000e+00
1.261283679488516538e-04,1.699983548993565208e+01,1.683468448394432215e+01,1.665270798721851975e+01,2.782362309994290683e-08,6.747524184107399847e+00,0.000000000000000000e+00
1.262283679488516563e-04,1.699983581844302094e+01,1.683620631984988947e+01,1.665202626139917541e+01,2.768576426448454697e-08,6.736252739941433809e+00,0.000000000000000000e+00
1.263283679488516587e-04,1.699983614582688674e+01,1.683771408193850050e+01,1.665134453495382161e+01,2.756227668321287183e-08,6.725001206607483795e+00,0.000000000000000000e+00
1.264283679488516611e-04,1.699983647209452187e+01,1.683920790033702630e+01,1.665066280788824571e+01,2.740697263581282073e-08,6.713769549024368288e+00,0.000000000000000000e+00
1.265283679488516636e-04,1.699983679725263030e+01,1.684068790396679915e+01,1.664998108020818890e+01,2.728521994455057609e-08,6.702557732171147364e+00,0.000000000000000000e+00
1.266283679488516660e-04,1.699983712130828550e+01,1.684215422056039202e+01,1.664929935191933197e+01,2.713863711534258982e-08,6.691365721087975338e+00,0.000000000000000000e+00
1.267283679488516684e-04,1.699983744426825893e+01,1.684360697666870621e+01,1.664861762302729886e+01,2.698051121408084896e-08,6.680193480875362688e+00,0.000000000000000000e+00
1.268283679488516709e-04,1.699983776613919062e+01,1.684504629767242889e+01,1.664793589353768155e+01,2.687956124347579134e-08,6.669040976694186718e+00,0.000000000000000000e+00
1.269283679488516733e-04,1.699983808692788756e+01,1.684647230779507154e+01,1.664725416345600095e+01,2.672518945034951798e-08,6.657908173765951787e+00,0.000000000000000000e+00
1.270283679488516757e-04,1.699983840664099333e+01,1.684788513011125843e+01,1.664657243278774246e+01,2.660461737025165974e-08,6.646795037372345227e+00,0.000000000000000000e+00
1.271283679488516782e-04,1.699983872528510176e+01,1.684928488655835110e+01,1.664589070153833106e+01,2.647376040609827896e-08,6.635701532855280860e+00,0.000000000000000000e+00
1.272283679488516806e-04,1.699983904286687775e+01,1.685067169794773179e+01,1.664520896971313491e+01,2.634474391416397054e-08,6.624627625616883897e+00,0.000000000000000000e+00
1.273283679488516830e-04,1.699983935939272328e+01,1.685204568397285030e+01,1.664452723731747597e+01,2.619013622640053995e-08,6.613573281119099256e+00,0.000000000000000000e+00
1.274283679488516854e-04,1.699983967486906877e+01,1.685340696322174736e+01,1.664384550435664423e+01,2.607207638671837913e-08,6.602538464883902058e+00,0.000000000000000000e+00
1.275283679488516879e-04,1.699983998930228779e+01,1.685475565318605007e+01,1.664316377083586573e+01,2.595177706066209566e-08,6.591523142493084464e+00,0.000000000000000000e+00
1.276283679488516903e-04,1.699984030269869706e+01,1.685609187027184319e+01,1.664248203676032034e+01,2.581889632646827692e-08,6.580527279588157086e+00,0.000000000000000000e+00
1.277283679488516927e-04,1.699984061506446054e+01,1.685741572980866820e+01,1.664180030213513461e+01,2.569021725906672771e-08,6.569550841870227309e+00,0.000000000000000000e+00
1.278283679488516952e-04,1.699984092640602285e+01,1.685872734606170553e+01,1.664111856696540670e+01,2.557874961839345929e-08,6.558593795100274626e+00,0.000000000000000000e+00
1.279283679488516976e-04,1.699984123672953018e+01,1.686002683223964027e+01,1.664043683125616369e+01,2.543437455093666699e-08,6.547656105098489832e+00,0.000000000000000000e+00
1.280283679488517000e-04,1.699984154604087649e+01,1.686131430050261315e+01,1.663975509501240424e+01,2.534640175522184791e-08,6.536737737744235943e+00,0.000000000000000000e+00
1.281283679488517025e-04,1.699984185434622219e+01,1.686258986197655574e+01,1.663907335823907729e+01,2.522859454678894053e-08,6.525838658976494067e+00,0.000000000000000000e+00
1.282283679488517049e-04,1.699984216165181650e+01,1.686385362676097799e+01,1.663839162094107138e+01,2.510178837011878272e-08,6.514958834793554310e+00,0.000000000000000000e+00
1.283283679488517073e-04,1.699984246796359244e+01,1.686510570393674158e+01,1.663770988312323951e+01,2.497634107867519049e-08,6.504098231252565476e+00,0.000000000000000000e+00
1.284283679488517097e-04,1.699984277328731963e+01,1.686634620157567355e+01,1.663702814479039915e+01,2.486526759493123961e-08,6.493256814469543947e+00,0.000000000000000000e+00
1.285283679488517122e-04,1.699984307762882096e+01,1.686757522675082299e+01,1.663634640594731806e+01,2.475363103382477448e-08,6.482434550619537994e+00,0.000000000000000000e+00
1.286283679488517146e-04,1.699984338099404013e+01,1.686879288554693090e+01,1.663566466659870358e+01,2.461883100157713500e-08,6.471631405936587811e+00,0.000000000000000000e+00
1.287283679488517170e-04,1.699984368338865082e+01,1.686999928306661545e+01,1.663498292674924528e+01,2.451701058836519564e-08,6.460847346713224582e+00,0.000000000000000000e+00
1.288283679488517195e-04,1.699984398481846171e+01,1.687119452344257553e+01,1.663430118640357591e+01,2.441391425134220583e-08,6.450082339300820422e+00,0.000000000000000000e+00
1.289283679488517219e-04,1.699984428528915714e+01,1.687237870984412780e+01,1.663361944556628558e+01,2.430761986138563202e-08,6.439336350109194917e+00,0.000000000000000000e+00
1.290283679488517243e-04,1.699984458480651028e+01,1.687355194448854689e+01,1.663293770424191109e+01,2.416866562438002575e-08,6.428609345606780323e+00,0.000000000000000000e+00
1.291283679488517268e-04,1.699984488337582533e+01,1.687471432864500542e+01,1.663225596243497506e+01,2.407771884649356764e-08,6.417901292319938555e+00,0.000000000000000000e+00
1.292283679488517292e-04,1.699984518100279018e+01,1.687586596264976535e+01,1.663157422014993614e+01,2.396867893050824705e-08,6.407212156833708150e+00,0.000000000000000000e+00
1.293283679488517316e-04,1.699984547769286891e+01,1.687700694591029560e+01,1.663089247739122101e+01,2.385363273571527998e-08,6.396541905791179872e+00,0.000000000000000000e+00
1.294283679488517341e-04,1.699984577345149361e+01,1.687813737691498162e+01,1.663021073416321727e+01,2.377049482249482537e-08,6.385890505893474511e+00,0.000000000000000000e+00
1.295283679488517365e-04,1.699984606828419942e+01,1.687925735324348508e+01,1.662952899047025923e+01,2.364324414028118326e-08,6.375257923899890322e+00,0.000000000000000000e+00
1.296283679488517389e-04,1.699984636219634027e+01,1.688036697157236787e+01,1.662884724631665279e+01,2.355030703782290402e-08,6.364644126627494458e+00,0.000000000000000000e+00
1.297283679488517413e-04,1.699984665519309246e+01,1.688146632768367894e+01,1.662816550170665764e+01,2.343953861561054453e-08,6.354049080951020834e+00,0.000000000000000000e+00
1.298283679488517438e-04,1.699984694727970691e+01,1.688255551647472785e+01,1.662748375664449796e+01,2.334505941337106094e-08,6.343472753803036213e+00,0.000000000000000000e+00
1.299283679488517462e-04,1.699984723846162638e+01,1.688363463196733605e+01,1.662680201113436240e+01,2.324037981504822881e-08,6.332915112173965078e+00,0.000000000000000000e+00
1.300283679488517486e-04,1.699984752874404492e+01,1.688470376731294564e+01,1.662612026518038633e+01,2.311768859675211729e-08,6.322376123111564716e+00,0.000000000000000000e+00
1.301283679488517511e-04,1.699984781813189727e+01,1.688576301480062014e+01,1.662543851878668733e+01,2.303760882060856829e-08,6.311855753720800877e+00,0.000000000000000000e+00
1.302283679488517535e-04,1.699984810663033841e+01,1.688681246586783757e+01,1.662475677195733326e+01,2.296026196946243658e-08,6.301353971164269652e+00,0.000000000000000000e+00
1.303283679488517559e-04,1.699984839424461214e+01,1.688785221110743606e+01,1.662407502469634579e+01,2.282428632205402153e-08,6.290870742661947901e+00,0.000000000000000000e+00
1.304283679488517584e-04,1.699984868097957857e+01,1.688888234027309565e+01,1.662339327700772529e+01,2.273520838258491494e-08,6.280406035490626593e+00,0.000000000000000000e+00
1.305283679488517608e-04,1.699984896684028257e+01,1.688990294229013855e+01,1.662271152889542947e+01,2.263643508748636179e-08,6.269959816984406409e+00,0.000000000000000000e+00
1.306283679488517632e-04,1.699984925183154516e+01,1.689091410526075521e+01,1.662202978036338408e+01,2.254859757244709328e-08,6.259532054534184375e+00,0.000000000000000000e+00
1.307283679488517657e-04,1.699984953595832948e+01,1.689191591647346158e+01,1.662134803141547934e+01,2.247356969964364737e-08,6.249122715587914101e+00,0.000000000000000000e+00
1.308283679488517681e-04,1.699984981922569460e+01,1.689290846241144095e+01,1.662066628205553798e+01,2.233503670900915949e-08,6.238731767650504523e+00,0.000000000000000000e+00
1.309283679488517705e-04,1.699985010163807075e+01,1.689389182875408935e+01,1.661998453228740047e+01,2.229114148821764729e-08,6.228359178282960151e+00,0.000000000000000000e+00
1.310283679488517729e-04,1.699985038320053832e+01,1.689486610039323722e+01,1.661930278211482559e+01,2.216456504444686004e-08,6.218004915103620078e+00,0.000000000000000000e+00
1.311283679488517754e-04,1.699985066391773358e+01,1.689583136143389197e+01,1.661862103154156856e+01,2.207543664534128425e-08,6.207668945786894099e+00,0.000000000000000000e+00
1.312283679488517778e-04,1.699985094379447403e+01,1.689678769520394042e+01,1.661793928057132774e+01,2.198879414661014664e-08,6.197351238063889767e+00,0.000000000000000000e+00
1.313283679488517802e-04,1.699985122283524674e+01,1.689773518426040511e+01,1.661725752920779087e+01,2.191011946872656324e-08,6.187051759721737376e+00,0.000000000000000000e+00
1.314283679488517827e-04,1.699985150104485498e+01,1.689867391039807742e+01,1.661657577745458880e+01,2.181858285710269740e-08,6.176770478604185044e+00,0.000000000000000000e+00
1.315283679488517851e-04,1.699985177842789597e+01,1.689960395465529075e+01,1.661589402531532755e+01,2.172440544123688255e-08,6.166507362610949450e+00,0.000000000000000000e+00
1.316283679488517875e-04,1.699985205498881058e+01,1.690052539732081627e+01,1.661521227279357760e+01,2.162419299178708343e-08,6.156262379697698961e+00,0.000000000000000000e+00
1.317283679488517900e-04,1.699985233073212143e+01,1.690143831794111051e+01,1.661453051989288099e+01,2.154352346517285355e-08,6.146035497876215281e+00,0.000000000000000000e+00
1.318283679488517924e-04,1.699985260566237599e+01,1.690234279532773343e+01,1.661384876661675492e+01,2.148492719844519172e-08,6.135826685214200715e+00,0.000000000000000000e+00
1.319283679488517948e-04,1.699985287978406845e+01,1.690323890756409142e+01,1.661316701296865972e+01,2.138324073364117339e-08,6.125635909835151161e+00,0.000000000000000000e+00
1.320283679488517973e-04,1.699985315310151179e+01,1.690412673201052129e+01,1.661248525895204864e+01,2.130858911542077294e-08,6.115463139918114521e+00,0.000000000000000000e+00
1.321283679488517997e-04,1.699985342561914337e+01,1.690500634531297663e+01,1.661180350457032517e+01,2.121044923031334406e-08,6.105308343697888773e+00,0.000000000000000000e+00
1.322283679488518021e-04,1.699985369734124419e+01,1.690587782340864464e+01,1.661112174982687506e+01,2.113510505497018244e-08,6.095171489464697778e+00,0.000000000000000000e+00
1.323283679488518045e-04,1.699985396827214856e+01,1.690674124153251512e+01,1.661043999472504140e+01,2.104278315484542361e-08,6.085052545564268556e+00,0.000000000000000000e+00
1.324283679488518070e-04,1.699985423841610199e+01,1.690759667422402046e+01,1.660975823926814954e+01,2.098857809773591043e-08,6.074951480397631443e+00,0.000000000000000000e+00
1.325283679488518094e-04,1.699985450777740326e+01,1.690844419533422638e+01,1.660907648345947507e+01,2.088856274062855789e-08,6.064868262421107659e+00,0.000000000000000000e+00
1.326283679488518118e-04,1.699985477636032272e+01,1.690928387803143806e+01,1.660839472730227939e+01,2.081000660680842884e-08,6.054802860146234700e+00,0.000000000000000000e+00
1.327283679488518143e-04,1.699985504416894955e+01,1.691011579480619176e+01,1.660771297079978837e+01,2.073053606554964290e-08,6.044755242139427054e+00,0.000000000000000000e+00
1.328283679488518167e-04,1.699985531120742976e+01,1.691094001747996600e+01,1.660703121395519233e+01,2.063143941799516767e-08,6.034725377022174264e+00,0.000000000000000000e+00
1.329283679488518191e-04,1.699985557747970688e+01,1.691175661720895462e+01,1.660634945677166385e+01,2.056987721821279536e-08,6.024713233470697205e+00,0.000000000000000000e+00
1.330283679488518216e-04,1.699985584299002639e+01,1.691256566449319010e+01,1.660566769925233999e+01,2.049563802009046753e-08,6.014718780216343319e+00,0.000000000000000000e+00
1.331283679488518240e-04,1.699985610774238864e+01,1.691336722917988311e+01,1.660498594140034001e+01,2.043982672006450230e-08,6.004741986044932034e+00,0.000000000000000000e+00
1.332283679488518264e-04,1.699985637174090414e+01,1.691416138047166484e+01,1.660430418321872281e+01,2.033175261484387875e-08,5.994782819797062068e+00,0.000000000000000000e+00
1.333283679488518289e-04,1.699985663498937427e+01,1.691494818692917335e+01,1.660362242471055438e+01,2.027504120150069866e-08,5.984841250367575860e+00,0.000000000000000000e+00
1.334283679488518313e-04,1.699985689749183848e+01,1.691572771648105800e+01,1.660294066587885098e+01,2.019691214272256730e-08,5.974917246705991225e+00,0.000000000000000000e+00
1.335283679488518337e-04,1.699985715925224028e+01,1.691650003642780931e+01,1.660225890672661819e+01,2.013865865735375849e-08,5.965010777816150522e+00,0.000000000000000000e+00
1.336283679488518361e-04,1.699985742027450542e+01,1.691726521344719103e+01,1.660157714725680123e+01,2.002929547217924267e-08,5.955121812756130062e+00,0.000000000000000000e+00
1.337283679488518386e-04,1.699985768056221147e+01,1.691802331359873435e+01,1.660089538747236659e+01,1.999776724770363501e-08,5.945250320637864405e+00,0.000000000000000000e+00
1.338283679488518410e-04,1.699985794011951512e+01,1.691877440233530550e+01,1.660021362737620620e+01,1.989830378246182363e-08,5.935396270627983917e+00,0.000000000000000000e+00
1.339283679488518434e-04,1.699985819895008987e+01,1.691951854450157455e+01,1.659953186697120486e+01,1.981997233002630310e-08,5.925559631946624606e+00,0.000000000000000000e+00
1.340283679488518459e-04,1.699985845705747067e+01,1.692025580434185983e+01,1.659885010626024382e+01,1.978720770567932163e-08,5.915740373867754975e+00,0.000000000000000000e+00
1.341283679488518483e-04,1.699985871444578223e+01,1.692098624551037034e+01,1.659816834524613327e+01,1.967099064192900926e-08,5.905938465719705377e+00,0.000000000000000000e+00
1.342283679488518507e-04,1.699985897111842803e+01,1.692170993106878996e+01,1.659748658393169407e+01,1.964032284029748610e-08,5.896153876883884593e+00,0.000000000000000000e+00
1.343283679488518532e-04,1.699985922707926278e+01,1.692242692349849875e+01,1.659680482231969734e+01,1.954924278013692174e-08,5.886386576795782588e+00,0.000000000000000000e+00
1.344283679488518556e-04,1.699985948233187827e+01,1.692313728470174183e+01,1.659612306041289997e+01,1.947507982658081005e-08,5.876636534944214674e+00,0.000000000000000000e+00
1.345283679488518580e-04,1.699985973687984497e+01,1.692384107600839727e+01,1.659544129821404113e+01,1.943369712376075142e-08,5.866903720871427197e+00,0.000000000000000000e+00
1.346283679488518605e-04,1.699985999072669429e+01,1.692453835818142949e+01,1.659475953572581730e+01,1.936413740466491618e-08,5.857188104173037146e+00,0.000000000000000000e+00
1.347283679488518629e-04,1.699986024387605710e+01,1.692522919142267668e+01,1.659407777295091435e+01,1.931694840195952168e-08,5.847489654498051692e+00,0.000000000000000000e+00
1.348283679488518653e-04,1.699986049633164598e+01,1.692591363537784588e+01,1.659339600989196839e+01,1.922061831916010988e-08,5.837808341548746505e+00,0.000000000000000000e+00
1.349283679488518677e-04,1.699986074809678627e+01,1.692659174913918818e+01,1.659271424655162264e+01,1.916494851705863312e-08,5.828144135080192356e+00,0.000000000000000000e+00
1.350283679488518702e-04,1.699986099917492410e+01,1.692726359125330404e+01,1.659203248293248123e+01,1.910159014295587099e-08,5.818497004900559766e+00,0.000000000000000000e+00
1.351283679488518726e-04,1.699986124956950562e+01,1.692792921972571918e+01,1.659135071903713055e+01,1.905437535532072957e-08,5.808866920870967121e+00,0.000000000000000000e+00
1.352283679488518750e-04,1.699986149928416523e+01,1.692858869202681049e+01,1.659066895486811433e+01,1.895837356546969943e-08,5.799253852905596140e+00,0.000000000000000000e+00
1.353283679488518775e-04,1.699986174832216435e+01,1.692924206509370322e+01,1.658998719042797632e+01,1.891427708899939830e-08,5.789657770971023965e+00,0.000000000000000000e+00
1.354283679488518799e-04,1.699986199668673237e+01,1.692988939533697135e+01,1.658930542571922473e+01,1.884544431618451199e-08,5.780078645086437206e+00,0.000000000000000000e+00
1.355283679488518823e-04,1.699986224438128346e+01,1.693053073864651736e+01,1.658862366074435357e+01,1.880990035951768391e-08,5.770516445323843335e+00,0.000000000000000000e+00
1.356283679488518848e-04,1.699986249140941297e+01,1.693116615039723527e+01,1.658794189550581422e+01,1.871574276113285862e-08,5.760971141807925022e+00,0.000000000000000000e+00
1.357283679488518872e-04,1.699986273777405188e+01,1.693179568544773161e+01,1.658726013000606159e+01,1.868513496705581645e-08,5.751442704715070242e+00,0.000000000000000000e+00
1.358283679488518896e-04,1.699986298347860725e+01,1.693241939815276353e+01,1.658657836424750087e+01,1.860863693692316190e-08,5.741931104274502040e+00,0.000000000000000000e+00
1.359283679488518921e-04,1.699986322852640797e+01,1.693303734236362956e+01,1.658589659823253371e+01,1.854532832856747859e-08,5.732436310767609733e+00,0.000000000000000000e+00
1.360283679488518945e-04,1.699986347292053068e+01,1.693364957143298355e+01,1.658521483196354041e+01,1.848927502767772069e-08,5.722958294527657586e+00,0.000000000000000000e+00
1.361283679488518969e-04,1.699986371666430429e+01,1.693425613822143205e+01,1.658453306544286576e+01,1.842676164431900077e-08,5.713497025940229790e+00,0.000000000000000000e+00
1.362283679488518993e-04,1.699986395976075215e+01,1.693485709509926807e+01,1.658385129867284391e+01,1.837242297186847395e-08,5.704052475442578540e+00,0.000000000000000000e+00
1.363283679488519018e-04,1.699986420221299710e+01,1.693545249395275931e+01,1.658316953165578767e+01,1.832465970630359209e-08,5.694624613523949996e+00,0.000000000000000000e+00
1.364283679488519042e-04,1.699986444402431829e+01,1.693604238618988589e+01,1.658248776439398142e+01,1.825752088402410322e-08,5.685213410725524774e+00,0.000000000000000000e+00
1.365283679488519066e-04,1.699986468519768579e+01,1.693662682274190701e+01,1.658180599688969181e+01,1.820778852690274618e-08,5.675818837639894809e+00,0.000000000000000000e+00
1.366283679488519091e-04,1.699986492573632191e+01,1.693720585407004720e+01,1.658112422914516060e+01,1.814302358349451083e-08,5.666440864911546527e+00,0.000000000000000000e+00
1.367283679488519115e-04,1.699986516564313277e+01,1.693777953016764570e+01,1.658044246116261888e+01,1.809949973230473574e-08,5.657079463236158290e+00,0.000000000000000000e+00
1.368283679488519139e-04,1.699986540492116660e+01,1.693834790056651940e+01,1.657976069294426935e+01,1.805757102180116647e-08,5.647734603361008965e+00,0.000000000000000000e+00
1.369283679488519164e-04,1.699986564357362795e+01,1.693891101434194724e+01,1.657907892449228981e+01,1.796277079857411252e-08,5.638406256084902424e+00,0.000000000000000000e+00
1.370283679488519188e-04,1.699986588160318846e+01,1.693946892011177852e+01,1.657839715580885809e+01,1.795877740962126268e-08,5.629094392257372625e+00,0.000000000000000000e+00
1.371283679488519212e-04,1.699986611901305267e+01,1.694002166604837001e+01,1.657771538689610580e+01,1.789088710513198066e-08,5.619798982779670382e+00,0.000000000000000000e+00
1.372283679488519237e-04,1.699986635580613381e+01,1.694056929987617011e+01,1.657703361775615392e+01,1.782296918384496109e-08,5.610519998603888503e+00,0.000000000000000000e+00
1.373283679488519261e-04,1.699986659198520300e+01,1.694111186887844411e+01,1.657635184839111275e+01,1.778181862865935159e-08,5.601257410732953801e+00,0.000000000000000000e+00
1.374283679488519285e-04,1.699986682755325162e+01,1.694164941990174356e+01,1.657567007880306775e+01,1.772011606893109104e-08,5.592011190220970818e+00,0.000000000000000000e+00
1.375283679488519309e-04,1.699986706251309343e+01,1.694218199935909297e+01,1.657498830899408304e+01,1.768331228668706956e-08,5.582781308172696022e+00,0.000000000000000000e+00
1.376283679488519334e-04,1.699986729686758125e+01,1.694270965323432776e+01,1.657430653896620498e+01,1.761981219261521403e-08,5.573567735743664819e+00,0.000000000000000000e+00
1.377283679488519358e-04,1.699986753061953237e+01,1.694323242708652799e+01,1.657362476872146573e+01,1.757677620117803485e-08,5.564370444140079641e+00,0.000000000000000000e+00
1.378283679488519382e-04,1.699986776377187780e+01,1.694375036605380558e+01,1.657294299826186545e+01,1.751766362523277110e-08,5.555189404618813498e+00,0.000000000000000000e+00
1.379283679488519407e-04,1.699986799632732470e+01,1.694426351485592974e+01,1.657226122758939724e+01,1.746009375969137523e-08,5.546024588487036056e+00,0.000000000000000000e+00
1.380283679488519431e-04,1.699986822828851629e+01,1.694477191779876080e+01,1.657157945670604349e+01,1.744608918441414858e-08,5.536875967102240281e+00,0.000000000000000000e+00
1.381283679488519455e-04,1.699986845965837290e+01,1.694527561878006594e+01,1.657089768561374754e+01,1.738842358989245440e-08,5.527743511872541760e+00,0.000000000000000000e+00
1.382283679488519480e-04,1.699986869043959459e+01,1.694577466129081600e+01,1.657021591431443852e+01,1.731054188880420952e-08,5.518627194256064072e+00,0.000000000000000000e+00
1.383283679488519504e-04,1.699986892063470734e+01,1.694626908841841129e+01,1.656953414281004555e+01,1.729515516912805140e-08,5.509526985760924589e+00,0.000000000000000000e+00
1.384283679488519528e-04,1.699986915024668477e+01,1.694675894285502693e+01,1.656885237110245868e+01,1.721379941366230071e-08,5.500442857945752273e+00,0.000000000000000000e+00
1.385283679488519552e-04,1.699986937927787523e+01,1.694724426689402463e+01,1.656817059919357149e+01,1.720030817775608512e-08,5.491374782418532163e+00,0.000000000000000000e+00
1.386283679488519577e-04,1.699986960773111733e+01,1.694772510244105135e+01,1.656748882708524206e+01,1.713985667284312342e-08,5.482322730837626779e+00,0.000000000000000000e+00
1.387283679488519601e-04,1.699986983560886600e+01,1.694820149101204976e+01,1.656680705477932491e+01,1.711309424723417294e-08,5.473286674910854188e+00,0.000000000000000000e+00
1.388283679488519625e-04,1.699987006291402025e+01,1.694867347374152544e+01,1.656612528227763548e+01,1.704567823002101079e-08,5.464266586396194114e+00,0.000000000000000000e+00
1.389283679488519650e-04,1.699987028964896041e+01,1.694914109138095171e+01,1.656544350958199630e+01,1.699955412548526112e-08,5.455262437100746098e+00,0.000000000000000000e+00
1.390283679488519674e-04,1.699987051581623732e+01,1.694960438430580751e+01,1.656476173669421570e+01,1.699001692112567241e-08,5.446274198881356554e+00,0.000000000000000000e+00
1.391283679488519698e-04,1.699987074141854038e+01,1.695006339251932559e+01,1.656407996361605584e+01,1.691240211765254742e-08,5.437301843644466004e+00,0.000000000000000000e+00
1.392283679488519723e-04,1.699987096645832096e+01,1.695051815565358311e+01,1.656339819034928240e+01,1.685479536495115838e-08,5.428345343345686302e+00,0.000000000000000000e+00
1.393283679488519747e-04,1.699987119093795584e+01,1.695096871297300112e+01,1.656271641689565399e+01,1.683558062404166833e-08,5.419404669989845935e+00,0.000000000000000000e+00
1.394283679488519771e-04,1.699987141486002784e+01,1.695141510338098456e+01,1.656203464325689723e+01,1.679518887853781450e-08,5.410479795631216504e+00,0.000000000000000000e+00
1.395283679488519796e-04,1.699987163822708069e+01,1.695185736542102006e+01,1.656135286943472451e+01,1.675600910799879273e-08,5.401570692373148574e+00,0.000000000000000000e+00
1.396283679488519820e-04,1.699987186104161196e+01,1.695229553727991245e+01,1.656067109543083404e+01,1.669094626399747483e-08,5.392677332368020160e+00,0.000000000000000000e+00
1.397283679488519844e-04,1.699987208330586697e+01,1.695272965678998389e+01,1.655998932124691336e+01,1.667589455411899735e-08,5.383799687816902768e+00,0.000000000000000000e+00
1.398283679488519868e-04,1.699987230502236457e+01,1.695315976143510994e+01,1.655930754688462514e+01,1.661963663912580103e-08,5.374937730970065886e+00,0.000000000000000000e+00
1.399283679488519893e-04,1.699987252619342826e+01,1.695358588835156866e+01,1.655862577234562849e+01,1.658386541980583218e-08,5.366091434126357917e+00,0.000000000000000000e+00
1.400283679488519917e-04,1.699987274682156979e+01,1.695400807433343360e+01,1.655794399763155411e+01,1.652772868565577369e-08,5.357260769633530373e+00,0.000000000000000000e+00
1.401283679488519941e-04,1.699987296690907002e+01,1.695442635583327728e+01,1.655726222274403980e+01,1.651873504648904145e-08,5.348445709887761801e+00,0.000000000000000000e+00
1.402283679488519966e-04,1.699987318645844780e+01,1.695484076896832093e+01,1.655658044768466652e+01,1.644080482865462045e-08,5.339646227334009509e+00,0.000000000000000000e+00
1.403283679488519990e-04,1.699987340547167491e+01,1.695525134951829216e+01,1.655589867245506142e+01,1.646025571400144827e-08,5.330862294465148032e+00,0.000000000000000000e+00
1.404283679488520014e-04,1.699987362395146917e+01,1.695565813293666935e+01,1.655521689705676991e+01,1.636930319071083773e-08,5.322093883823203697e+00,0.000000000000000000e+00
1.405283679488520039e-04,1.699987384189988404e+01,1.695606115434499017e+01,1.655453512149136941e+01,1.635088381357618914e-08,5.313340967997802977e+00,0.000000000000000000e+00
1.406283679488520063e-04,1.699987405931925366e+01,1.695646044854217394e+01,1.655385334576040890e+01,1.631516613476158284e-08,5.304603519627115737e+00,0.000000000000000000e+00
1.407283679488520087e-04,1.699987427621199387e+01,1.695685605000545593e+01,1.655317156986541249e+01,1.624866052818418893e-08,5.295881511397503516e+00,0.000000000000000000e+00
1.408283679488520112e-04,1.699987449258004801e+01,1.695724799289075335e+01,1.655248979380791496e+01,1.622872408679754130e-08,5.287174916042926220e+00,0.000000000000000000e+00
1.409283679488520136e-04,1.699987470842584614e+01,1.695763631104083657e+01,1.655180801758941200e+01,1.618951867010665069e-08,5.278483706345804549e+00,0.000000000000000000e+00
1.410283679488520160e-04,1.699987492375160514e+01,1.695802103798472871e+01,1.655112624121139930e+01,1.615493941398149502e-08,5.269807855136207309e+00,0.000000000000000000e+00
1.411283679488520184e-04,1.699987513855937848e+01,1.695840220694033817e+01,1.655044446467536190e+01,1.612908456793959999e-08,5.261147335291876281e+00,0.000000000000000000e+00
1.412283679488520209e-04,1.699987535285159979e+01,1.695877985082056227e+01,1.654976268798275285e+01,1.606625410488504713e-08,5.252502119738645447e+00,0.000000000000000000e+00
1.413283679488520233e-04,1.699987556663022303e+01,1.695915400223099923e+01,1.654908091113502877e+01,1.604591393089549456e-08,5.243872181449527048e+00,0.000000000000000000e+00
1.414283679488520257e-04,1.699987577989764276e+01,1.695952469347884417e+01,1.654839913413362140e+01,1.599489526937780681e-08,5.235257493445523380e+00,0.000000000000000000e+00
1.415283679488520282e-04,1.699987599265575966e+01,1.695989195656965265e+01,1.654771735697996249e+01,1.597164178690491099e-08,5.226658028794627597e+00,0.000000000000000000e+00
1.416283679488520306e-04,1.699987620490670182e+01,1.696025582321376746e+01,1.654703557967546601e+01,1.594697943141376584e-08,5.218073760612453427e+00,0.000000000000000000e+00
1.417283679488520330e-04,1.699987641665253335e+01,1.696061632482848935e+01,1.654635380222152818e+01,1.592021595109294196e-08,5.209504662061878122e+00,0.000000000000000000e+00
1.418283679488520355e-04,1.699987662789560261e+01,1.696097349254227993e+01,1.654567202461952391e+01,1.585303771589607891e-08,5.200950706353276942e+00,0.000000000000000000e+00
1.419283679488520379e-04,1.699987683863787424e+01,1.696132735719345774e+01,1.654499024687083875e+01,1.583705241947619413e-08,5.192411866743809057e+00,0.000000000000000000e+00
1.420283679488520403e-04,1.699987704888139817e+01,1.696167794933583295e+01,1.654430846897682628e+01,1.580192143801895099e-08,5.183888116537817226e+00,0.000000000000000000e+00
1.421283679488520428e-04,1.699987725862806087e+01,1.696202529923960256e+01,1.654362669093884008e+01,1.577716279843599523e-08,5.175379429086419236e+00,0.000000000000000000e+00
1.422283679488520452e-04,1.699987746788027465e+01,1.696236943689818233e+01,1.654294491275820178e+01,1.571652069598528101e-08,5.166885777788206013e+00,0.000000000000000000e+00
1.423283679488520476e-04,1.699987767663978744e+01,1.696271039202383335e+01,1.654226313443624008e+01,1.569506777321372226e-08,5.158407136087928002e+00,0.000000000000000000e+00
1.424283679488520500e-04,1.699987788490868468e+01,1.696304819405613529e+01,1.654158135597426238e+01,1.565329418862226873e-08,5.149943477477416209e+00,0.000000000000000000e+00
1.425283679488520525e-04,1.699987809268893102e+01,1.696338287216176965e+01,1.654089957737357608e+01,1.563725027242668375e-08,5.141494775495033309e+00,0.000000000000000000e+00
1.426283679488520549e-04,1.699987829998241651e+01,1.696371445523703869e+01,1.654021779863545660e+01,1.559444767762485640e-08,5.133061003725699400e+00,0.000000000000000000e+00
1.427283679488520573e-04,1.699987850679127632e+01,1.696404297191252297e+01,1.653953601976118293e+01,1.555507456174609615e-08,5.124642135801063425e+00,0.000000000000000000e+00
1.428283679488520598e-04,1.699987871311731880e+01,1.696436845055249876e+01,1.653885424075202337e+01,1.555932427343975633e-08,5.116238145398854797e+00,0.000000000000000000e+00
1.429283679488520622e-04,1.699987891896256542e+01,1.696469091926043049e+01,1.653817246160921783e+01,1.549651246213201716e-08,5.107849006243377232e+00,0.000000000000000000e+00
1.430283679488520646e-04,1.699987912432886716e+01,1.696501040587798315e+01,1.653749068233400976e+01,1.548357872471761709e-08,5.099474692105063767e+00,0.000000000000000000e+00
1.431283679488520671e-04,1.699987932921819223e+01,1.696532693799091263e+01,1.653680890292762484e+01,1.544220928906270274e-08,5.091115176800593112e+00,0.000000000000000000e+00
1.432283679488520695e-04,1.699987953363235249e+01,1.696564054292880286e+01,1.653612712339128876e+01,1.541902255874916250e-08,5.082770434192646292e+00,0.000000000000000000e+00
1.433283679488520719e-04,1.699987973757337301e+01,1.696595124776977670e+01,1.653544534372619523e+01,1.538114743904195336e-08,5.074440438190104707e+00,0.000000000000000000e+00
1.434283679488520744e-04,1.699987994104306210e+01,1.696625907933980670e+01,1.653476356393354507e+01,1.536184640604787432e-08,5.066125162747614930e+00,0.000000000000000000e+00
1.435283679488520768e-04,1.699988014404334180e+01,1.696656406421826802e+01,1.653408178401450712e+01,1.530690238449317064e-08,5.057824581865791203e+00,0.000000000000000000e+00
1.436283679488520792e-04,1.699988034657590319e+01,1.696686622873692940e+01,1.653340000397027154e+01,1.530760090906468918e-08,5.049538669590804219e+00,0.000000000000000000e+00
1.437283679488520816e-04,1.699988054864271447e+01,1.696716559898609589e+01,1.653271822380198941e+01,1.525057716222910642e-08,5.041267400014820765e+00,0.000000000000000000e+00
1.438283679488520841e-04,1.699988075024554135e+01,1.696746220081349321e+01,1.653203644351081536e+01,1.523271417336324873e-08,5.033010747275421082e+00,0.000000000000000000e+00
1.439283679488520865e-04,1.699988095138622768e+01,1.696775605982838542e+01,1.653135466309788981e+01,1.521128950576766670e-08,5.024768685555832448e+00,0.000000000000000000e+00
1.440283679488520889e-04,1.699988115206661377e+01,1.696804720140304923e+01,1.653067288256433898e+01,1.516382991395559543e-08,5.016541189084732011e+00,0.000000000000000000e+00
1.441283679488520914e-04,1.699988135228843333e+01,1.696833565067429461e+01,1.652999110191127485e+01,1.513154504473313011e-08,5.008328232136122438e+00,0.000000000000000000e+00
1.442283679488520938e-04,1.699988155205330642e+01,1.696862143254618971e+01,1.652930932113981655e+01,1.512434166794918156e-08,5.000129789029169380e+00,0.000000000000000000e+00
1.443283679488520962e-04,1.699988175136322610e+01,1.696890457169457633e+01,1.652862754025105829e+01,1.508377261982829509e-08,4.991945834128673987e+00,0.000000000000000000e+00
1.444283679488520987e-04,1.699988195021972004e+01,1.696918509256448004e+01,1.652794575924609788e+01,1.508715563591778164e-08,4.983776341844118107e+00,0.000000000000000000e+00
1.445283679488521011e-04,1.699988214862466762e+01,1.696946301937699886e+01,1.652726397812599757e+01,1.504096058813075842e-08,4.975621286630419249e+00,0.000000000000000000e+00
1.446283679488521035e-04,1.699988234657978836e+01,1.696973837612859271e+01,1.652658219689183383e+01,1.502289159738268154e-08,4.967480642987342598e+00,0.000000000000000000e+00
1.447283679488521060e-04,1.699988254408681243e+01,1.697001118659350638e+01,1.652590041554466183e+01,1.498321289261639322e-08,4.959354385459590731e+00,0.000000000000000000e+00
1.448283679488521084e-04,1.699988274114732789e+01,1.697028147432522971e+01,1.652521863408552605e+01,1.494826373793500807e-08,4.951242488636557582e+00,0.000000000000000000e+00
1.449283679488521108e-04,1.699988293776312531e+01,1.697054926266066488e+01,1.652453685251547455e+01,1.493980794631255549e-08,4.943144927152632206e+00,0.000000000000000000e+00
1.450283679488521132e-04,1.699988313393588513e+01,1.697081457472049948e+01,1.652385507083552696e+01,1.490222198419210997e-08,4.935061675686769789e+00,0.000000000000000000e+00
1.451283679488521157e-04,1.699988332966723448e+01,1.697107743341133812e+01,1.652317328904670646e+01,1.487680437173288794e-08,4.926992708962480094e+00,0.000000000000000000e+00
1.452283679488521181e-04,1.699988352495873301e+01,1.697133786142723011e+01,1.652249150715002912e+01,1.487058481908221097e-08,4.918938001747763522e+00,0.000000000000000000e+00
1.453283679488521205e-04,1.699988371981222457e+01,1.697159588125481733e+01,1.652180972514648971e+01,1.483373629485029710e-08,4.910897528855351801e+00,0.000000000000000000e+00
1.454283679488521230e-04,1.699988391422925815e+01,1.697185151517023272e+01,1.652112794303707588e+01,1.479100328327653813e-08,4.902871265142065837e+00,0.000000000000000000e+00
1.455283679488521254e-04,1.699988410821140761e+01,1.697210478524419131e+01,1.652044616082277528e+01,1.479002020854380817e-08,4.894859185509056410e+00,0.000000000000000000e+00
1.456283679488521278e-04,1.699988430176035692e+01,1.697235571334393001e+01,1.651976437850455781e+01,1.475550584495444184e-08,4.886861264901817492e+00,0.000000000000000000e+00
1.457283679488521303e-04,1.699988449487766218e+01,1.697260432113357354e+01,1.651908259608338625e+01,1.472931898671703266e-08,4.878877478309862070e+00,0.000000000000000000e+00
1.458283679488521327e-04,1.699988468756497539e+01,1.697285063007781147e+01,1.651840081356021628e+01,1.469529184450202308e-08,4.870907800766875795e+00,0.000000000000000000e+00
1.459283679488521351e-04,1.699988487982383845e+01,1.697309466144191603e+01,1.651771903093599647e+01,1.467382046427267994e-08,4.862952207350428324e+00,0.000000000000000000e+00
1.460283679488521376e-04,1.699988507165583584e+01,1.697333643629482225e+01,1.651703724821167185e+01,1.467775007091276507e-08,4.855010673182075465e+00,0.000000000000000000e+00
1.461283679488521400e-04,1.699988526306252012e+01,1.697357597551044606e+01,1.651635546538816257e+01,1.463942747581548076e-08,4.847083173427156666e+00,0.000000000000000000e+00
1.462283679488521424e-04,1.699988545404545803e+01,1.697381329977017828e+01,1.651567368246639234e+01,1.462133344953819858e-08,4.839169683294826108e+00,0.000000000000000000e+00
1.463283679488521448e-04,1.699988564460610618e+01,1.697404842956281001e+01,1.651499189944727064e+01,1.459054391195202527e-08,4.831270178037799568e+00,0.000000000000000000e+00
1.464283679488521473e-04,1.699988583474601000e+01,1.697428138518899132e+01,1.651431011633170343e+01,1.457813961214249332e-08,4.823384632952506301e+00,0.000000000000000000e+00
1.465283679488521497e-04,1.699988602446684993e+01,1.697451218676200568e+01,1.651362833312057177e+01,1.452630188358838836e-08,4.815513023379055291e+00,0.000000000000000000e+00
1.466283679488521521e-04,1.699988621376989428e+01,1.697474085420628143e+01,1.651294654981478160e+01,1.452136272339643597e-08,4.807655324700606414e+00,0.000000000000000000e+00
1.467283679488521546e-04,1.699988640265668138e+01,1.697496740726396780e+01,1.651226476641520691e+01,1.452362530240947081e-08,4.799811512343985953e+00,0.000000000000000000e+00
1.468283679488521570e-04,1.699988659112894140e+01,1.697519186549625658e+01,1.651158298292270743e+01,1.446175648678327263e-08,4.791981561779516952e+00,0.000000000000000000e+00
1.469283679488521594e-04,1.699988677918785029e+01,1.697541424827943146e+01,1.651090119933816069e+01,1.446620576106560918e-08,4.784165448520223407e+00,0.000000000000000000e+00
1.470283679488521619e-04,1.699988696683514178e+01,1.697563457481457405e+01,1.651021941566240869e+01,1.440938221519694196e-08,4.776363148122849900e+00,0.000000000000000000e+00
1.471283679488521643e-04,1.699988715407211259e+01,1.697585286412209626e+01,1.650953763189630408e+01,1.441578617589200917e-08,4.768574636186767357e+00,0.000000000000000000e+00
1.472283679488521667e-04,1.699988734090024067e+01,1.697606913504796111e+01,1.650885584804069239e+01,1.439542693382200866e-08,4.760799888354585896e+00,0.000000000000000000e+00
1.473283679488521692e-04,1.699988752732102881e+01,1.697628340626379284e+01,1.650817406409639077e+01,1.436395138942891947e-08,4.753038880311848402e+00,0.000000000000000000e+00
1.474283679488521716e-04,1.699988771333597271e+01,1.697649569626865684e+01,1.650749228006421987e+01,1.431868948409409370e-08,4.745291587786970133e+00,0.000000000000000000e+00
1.475283679488521740e-04,1.699988789894628738e+01,1.697670602338877899e+01,1.650681049594500749e+01,1.431873636326130850e-08,4.737557986550876343e+00,0.000000000000000000e+00
1.476283679488521764e-04,1.699988808415334773e+01,1.697691440578183020e+01,1.650612871173957075e+01,1.433152299612494573e-08,4.729838052417352223e+00,0.000000000000000000e+00
1.477283679488521789e-04,1.699988826895895144e+01,1.697712086144015231e+01,1.650544692744868414e+01,1.425416620848274363e-08,4.722131761243268500e+00,0.000000000000000000e+00
1.478283679488521813e-04,1.699988845336409327e+01,1.697732540818501690e+01,1.650476514307315767e+01,1.427084744820561468e-08,4.714439088927239396e+00,0.000000000000000000e+00
1.479283679488521837e-04,1.699988863737038258e+01,1.697752806367657996e+01,1.650408335861377296e+01,1.424015558249003277e-08,4.706760011411011746e+00,0.000000000000000000e+00
1.480283679488521862e-04,1.699988882097905218e+01,1.697772884540913552e+01,1.650340157407131514e+01,1.423421558399695641e-08,4.699094504678367201e+00,0.000000000000000000e+00
1.481283679488521886e-04,1.699988900419166882e+01,1.697792777071767034e+01,1.650271978944654805e+01,1.419574802152823167e-08,4.691442544755755506e+00,0.000000000000000000e+00
1.482283679488521910e-04,1.699988918700945817e+01,1.697812485677447114e+01,1.650203800474023907e+01,1.419323200635425053e-08,4.683804107711566189e+00,0.000000000000000000e+00
1.483283679488521935e-04,1.699988936943380580e+01,1.697832012059393492e+01,1.650135621995315205e+01,1.419464110141710478e-08,4.676179169656547785e+00,0.000000000000000000e+00
1.484283679488521959e-04,1.699988955146620384e+01,1.697851357903410729e+01,1.650067443508601883e+01,1.412542327550170285e-08,4.668567706743676382e+00,0.000000000000000000e+00
1.485283679488521983e-04,1.699988973310769680e+01,1.697870524879431287e+01,1.649999265013959970e+01,1.413806627326152920e-08,4.660969695167525018e+00,0.000000000000000000e+00
1.486283679488522008e-04,1.699988991435986208e+01,1.697889514642271536e+01,1.649931086511461942e+01,1.410893696318638035e-08,4.653385111165185606e+00,0.000000000000000000e+00
1.487283679488522032e-04,1.699989009522387207e+01,1.697908328831196911e+01,1.649862908001181339e+01,1.409003702601552277e-08,4.645813931015254639e+00,0.000000000000000000e+00
1.488283679488522056e-04,1.699989027570115852e+01,1.697926969070442738e+01,1.649794729483189926e+01,1.405357441530696860e-08,4.638256131038422936e+00,0.000000000000000000e+00
1.489283679488522080e-04,1.699989045579283342e+01,1.697945436969041211e+01,1.649726550957560178e+01,1.406684488336473748e-08,4.630711687596791748e+00,0.000000000000000000e+00
1.490283679488522105e-04,1.699989063550038537e+01,1.697963734121417545e+01,1.649658372424362440e+01,1.402214069856633216e-08,4.623180577094551325e+00,0.000000000000000000e+00
1.491283679488522129e-04,1.699989081482500808e+01,1.697981862107043582e+01,1.649590193883667766e+01,1.401561419700492195e-08,4.615662775977208199e+00,0.000000000000000000e+00
1.492283679488522153e-04,1.699989099376796275e+01,1.697999822490796618e+01,1.649522015335545078e+01,1.401205551587736409e-08,4.608158260731852529e+00,0.000000000000000000e+00
1.493283679488522178e-04,1.699989117233062430e+01,1.698017616823187126e+01,1.649453836780063298e+01,1.396824597654777733e-08,4.600667007887196291e+00,0.000000000000000000e+00
1.494283679488522202e-04,1.699989135051417222e+01,1.698035246640265683e+01,1.649385658217290995e+01,1.395679108395775359e-08,4.593188994013122084e+00,0.000000000000000000e+00
1.495283679488522226e-04,1.699989152831987127e+01,1.698052713463915708e+01,1.649317479647296025e+01,1.394013349198530705e-08,4.585724195720935370e+00,0.000000000000000000e+00
1.496283679488522251e-04,1.699989170574900044e+01,1.698070018801989178e+01,1.649249301070145535e+01,1.392314713521969338e-08,4.578272589663189507e+00,0.000000000000000000e+00
1.497283679488522275e-04,1.699989188280274632e+01,1.698087164148289574e+01,1.649181122485905604e+01,1.390951120949779352e-08,4.570834152533546302e+00,0.000000000000000000e+00
1.498283679488522299e-04,1.699989205948234883e+01,1.698104150982863914e+01,1.649112943894642669e+01,1.390127607470148519e-08,4.563408861066803546e+00,0.000000000000000000e+00
1.499283679488522323e-04,1.699989223578918285e+01,1.698120980772166888e+01,1.649044765296421744e+01,1.386952047655043430e-08,4.555996692038965179e+00,0.000000000000000000e+00
1.500283679488522348e-04,1.699989241172444565e+01,1.698137654968986254e+01,1.648976586691307133e+01,1.385632572570294485e-08,4.548597622266795426e+00,0.000000000000000000e+00
1.501283679488522372e-04,1.699989258728916752e+01,1.698154175012552969e+01,1.648908408079363141e+01,1.384364856082953565e-08,4.541211628607773498e+00,0.000000000000000000e+00
1.502283679488522396e-04,1.699989276248462744e+01,1.698170542328929145e+01,1.648840229460653006e+01,1.381822892221329369e-08,4.533838687960470182e+00,0.000000000000000000e+00
1.503283679488522421e-04,1.699989293731196582e+01,1.698186758330918167e+01,1.648772050835240677e+01,1.383720951708689029e-08,4.526478777264071773e+00,0.000000000000000000e+00
1.504283679488522445e-04,1.699989311177263218e+01,1.698202824418476098e+01,1.648703872203186904e+01,1.378742378599362439e-08,4.519131873498720253e+00,0.000000000000000000e+00
1.505283679488522469e-04,1.699989328586757864e+01,1.698218741978266877e+01,1.648635693564553861e+01,1.377167740956863895e-08,4.511797953684702378e+00,0.000000000000000000e+00
1.506283679488522494e-04,1.699989345959810905e+01,1.698234512384380679e+01,1.648567514919403365e+01,1.375844471684928294e-08,4.504476994883165553e+00,0.000000000000000000e+00
1.507283679488522518e-04,1.699989363296525724e+01,1.698250136998003867e+01,1.648499336267795456e+01,1.374970193257496476e-08,4.497168974195483671e+00,0.000000000000000000e+00
1.508283679488522542e-04,1.699989380597018851e+01,1.698265617167862729e+01,1.648431157609790887e+01,1.373661850934126960e-08,4.489873868763534226e+00,0.000000000000000000e+00
1.509283679488522567e-04,1.699989397861416407e+01,1.698280954230220985e+01,1.648362978945447921e+01,1.371411292860891251e-08,4.482591655769615713e+00,0.000000000000000000e+00
1.510283679488522591e-04,1.699989415089816802e+01,1.698296149508821529e+01,1.648294800274826599e+01,1.371004426653499308e-08,4.475322312436006200e+00,0.000000000000000000e+00
1.511283679488522615e-04,1.699989432282360724e+01,1.698311204315432477e+01,1.648226621597984121e+01,1.367526494822079997e-08,4.468065816025601933e+00,0.000000000000000000e+00
1.512283679488522639e-04,1.699989449439151556e+01,1.698326119949471291e+01,1.648158442914978394e+01,1.365152826893201166e-08,4.460822143841010501e+00,0.000000000000000000e+00
1.513283679488522664e-04,1.699989466560284512e+01,1.698340897698282959e+01,1.648090264225868040e+01,1.366193649876557004e-08,4.453591273224832392e+00,0.000000000000000000e+00
1.514283679488522688e-04,1.699989483645890687e+01,1.698355538837526524e+01,1.648022085530709191e+01,1.363760937511671045e-08,4.446373181559976295e+00,0.000000000000000000e+00
1.515283679488522712e-04,1.699989500696072398e+01,1.698370044630881637e+01,1.647953906829557624e+01,1.361457374615682170e-08,4.439167846268989415e+00,0.000000000000000000e+00
1.516283679488522737e-04,1.699989517710948306e+01,1.698384416330458890e+01,1.647885728122469828e+01,1.361673934718865553e-08,4.431975244814394088e+00,0.000000000000000000e+00
1.517283679488522761e-04,1.699989534690628901e+01,1.698398655176747951e+01,1.647817549409499449e+01,1.356866680124468871e-08,4.424795354698392025e+00,0.000000000000000000e+00
1.518283679488522785e-04,1.699989551635210816e+01,1.698412762398617915e+01,1.647749370690703330e+01,1.358660642325482115e-08,4.417628153462764828e+00,0.000000000000000000e+00
1.519283679488522810e-04,1.699989568544821594e+01,1.698426739213810777e+01,1.647681191966134406e+01,1.355576295658522668e-08,4.410473618689215058e+00,0.000000000000000000e+00
1.520283679488522834e-04,1.699989585419560001e+01,1.698440586828701626e+01,1.647613013235846324e+01,1.354538239906055708e-08,4.403331727998705425e+00,0.000000000000000000e+00
1.521283679488522858e-04,1.699989602259527999e+01,1.698454306438401318e+01,1.647544834499892730e+01,1.353211331878156898e-08,4.396202459051719913e+00,0.000000000000000000e+00
1.522283679488522883e-04,1.699989619064837854e+01,1.698467899227077282e+01,1.647476655758325492e+01,1.351595005361083679e-08,4.389085789548262895e+00,0.000000000000000000e+00
1.523283679488522907e-04,1.699989635835580870e+01,1.698481366367857248e+01,1.647408477011198258e+01,1.351309988906201909e-08,4.381981697227485206e+00,0.000000000000000000e+00
1.524283679488522931e-04,1.699989652571887433e+01,1.698494709023225369e+01,1.647340298258561830e+01,1.349718903309593543e-08,4.374890159868198403e+00,0.000000000000000000e+00
1.525283679488522955e-04,1.699989669273865189e+01,1.698507928344782059e+01,1.647272119500467724e+01,1.348693326463923370e-08,4.367811155288204183e+00,0.000000000000000000e+00
1.526283679488522980e-04,1.699989685941603312e+01,1.698521025473365142e+01,1.647203940736966388e+01,1.346592212736474892e-08,4.360744661344258866e+00,0.000000000000000000e+00
1.527283679488523004e-04,1.699989702575213002e+01,1.698534001539352900e+01,1.647135761968107559e+01,1.343310335188974136e-08,4.353690655932411779e+00,0.000000000000000000e+00
1.528283679488523028e-04,1.699989719174783076e+01,1.698546857662607934e+01,1.647067583193942397e+01,1.344652514334576665e-08,4.346649116987480355e+00,0.000000000000000000e+00
1.529283679488523053e-04,1.699989735740434682e+01,1.698559594952794072e+01,1.646999404414519930e+01,1.342641375856601371e-08,4.339620022483568818e+00,0.000000000000000000e+00
1.530283679488523077e-04,1.699989752272272625e+01,1.698572214509243494e+01,1.646931225629888829e+01,1.339548158507675168e-08,4.332603350433453571e+00,0.000000000000000000e+00
1.531283679488523101e-04,1.699989768770379683e+01,1.698584717420948564e+01,1.646863046840098121e+01,1.342072977750241591e-08,4.325599078888512139e+00,0.000000000000000000e+00
1.532283679488523126e-04,1.699989785234877360e+01,1.698597104767078747e+01,1.646794868045195415e+01,1.339440650061085591e-08,4.318607185939253412e+00,0.000000000000000000e+00
1.533283679488523150e-04,1.699989801665856959e+01,1.698609377616634575e+01,1.646726689245227604e+01,1.336193874990065922e-08,4.311627649714512067e+00,0.000000000000000000e+00
1.534283679488523174e-04,1.699989818063408009e+01,1.698621537028731154e+01,1.646658510440243361e+01,1.339054642168768794e-08,4.304660448381739002e+00,0.000000000000000000e+00
1.535283679488523199e-04,1.699989834427662672e+01,1.698633584052954149e+01,1.646590331630286741e+01,1.332860916081202163e-08,4.297705560147303316e+00,0.000000000000000000e+00
1.536283679488523223e-04,1.699989850758680276e+01,1.698645519728749775e+01,1.646522152815406770e+01,1.335226917920095957e-08,4.290762963255346563e+00,0.000000000000000000e+00
1.537283679488523247e-04,1.699989867056580550e+01,1.698657345086307302e+01,1.646453973995647502e+01,1.331656226954969213e-08,4.283832635988970239e+00,0.000000000000000000e+00
1.538283679488523271e-04,1.699989883321444140e+01,1.698669061146000558e+01,1.646385795171055832e+01,1.333104912570881595e-08,4.276914556669243694e+00,0.000000000000000000e+00
1.539283679488523296e-04,1.699989899553400008e+01,1.698680668919161718e+01,1.646317616341675105e+01,1.328573276393463232e-08,4.270008703655964410e+00,0.000000000000000000e+00
1.540283679488523320e-04,1.699989915752512104e+01,1.698692169407260266e+01,1.646249437507551860e+01,1.331066029619520918e-08,4.263115055346469617e+00,0.000000000000000000e+00
1.541283679488523344e-04,1.699989931918900155e+01,1.698703563602932576e+01,1.646181258668729086e+01,1.328691029423012537e-08,4.256233590176792703e+00,0.000000000000000000e+00
1.542283679488523369e-04,1.699989948052659372e+01,1.698714852489450422e+01,1.646113079825250125e+01,1.325483522940373859e-08,4.249364286620764375e+00,0.000000000000000000e+00
1.543283679488523393e-04,1.699989964153875377e+01,1.698726037040936276e+01,1.646044900977159031e+01,1.325367199322968759e-08,4.242507123190129903e+00,0.000000000000000000e+00
1.544283679488523417e-04,1.699989980222632013e+01,1.698737118222508968e+01,1.645976722124499148e+01,1.326311993565809644e-08,4.235662078434522471e+00,0.000000000000000000e+00
1.545283679488523442e-04,1.699989996259050073e+01,1.698748096990549428e+01,1.645908543267310975e+01,1.321022258249371362e-08,4.228829130941807790e+00,0.000000000000000000e+00
1.546283679488523466e-04,1.699990012263194217e+01,1.698758974292288570e+01,1.645840364405638923e+01,1.322464143749257914e-08,4.222008259337098224e+00,0.000000000000000000e+00
1.547283679488523490e-04,1.699990028235163919e+01,1.698769751066353706e+01,1.645772185539524557e+01,1.323766521399427631e-08,4.215199442283561915e+00,0.000000000000000000e+00
1.548283679488523515e-04,1.699990044175081039e+01,1.698780428242914553e+01,1.645704006669007669e+01,1.317117298560432914e-08,4.208402658482267356e+00,0.000000000000000000e+00
1.549283679488523539e-04,1.699990060083009880e+01,1.698791006743147491e+01,1.645635827794130535e+01,1.319308726155377087e-08,4.201617886671273894e+00,0.000000000000000000e+00
1.550283679488523563e-04,1.699990075959067326e+01,1.698801487480028882e+01,1.645567648914933301e+01,1.315594796991170767e-08,4.194845105626742843e+00,0.000000000000000000e+00
1.551283679488523587e-04,1.699990091803315551e+01,1.698811871357728620e+01,1.645499470031456823e+01,1.316534053996676334e-08,4.188084294161708243e+00,0.000000000000000000e+00
1.552283679488523612e-04,1.699990107615850121e+01,1.698822159272307175e+01,1.645431291143740538e+01,1.316413147933737093e-08,4.181335431126951718e+00,0.000000000000000000e+00
1.553283679488523636e-04,1.699990123396762343e+01,1.698832352111478627e+01,1.645363112251824589e+01,1.315837741544534367e-08,4.174598495410537069e+00,0.000000000000000000e+00
1.554283679488523660e-04,1.699990139146161283e+01,1.698842450754900568e+01,1.645294933355746636e+01,1.311503144973968915e-08,4.167873465937971034e+00,0.000000000000000000e+00
1.555283679488523685e-04,1.699990154864113734e+01,1.698852456073777617e+01,1.645226754455546825e+01,1.312260389241259873e-08,4.161160321671554030e+00,0.000000000000000000e+00
1.556283679488523709e-04,1.699990170550726276e+01,1.698862368931528266e+01,1.645158575551262459e+01,1.309913644220728202e-08,4.154459041611112013e+00,0.000000000000000000e+00
1.557283679488523733e-04,1.699990186206075649e+01,1.698872190183405451e+01,1.645090396642932618e+01,1.309835565010963876e-08,4.147769604793221987e+00,0.000000000000000000e+00
1.558283679488523758e-04,1.699990201830246406e+01,1.698881920676796398e+01,1.645022217730594960e+01,1.310550173938551666e-08,4.141091990291564606e+00,0.000000000000000000e+00
1.559283679488523782e-04,1.699990217423335537e+01,1.698891561251304338e+01,1.644954038814286790e+01,1.308814256972823387e-08,4.134426177216887766e+00,0.000000000000000000e+00
1.560283679488523806e-04,1.699990232985431149e+01,1.698901112738766273e+01,1.644885859894044700e+01,1.307618230361740075e-08,4.127772144716697511e+00,0.000000000000000000e+00
1.561283679488523831e-04,1.699990248516619573e+01,1.698910575963286718e+01,1.644817680969905638e+01,1.306722394178727598e-08,4.121129871975325543e+00,0.000000000000000000e+00
1.562283679488523855e-04,1.699990264016990693e+01,1.698919951741400425e+01,1.644749502041905487e+01,1.304088367848343921e-08,4.114499338213867929e+00,0.000000000000000000e+00
1.563283679488523879e-04,1.699990279486615918e+01,1.698929240881934888e+01,1.644681323110080839e+01,1.304630470322365454e-08,4.107880522689924874e+00,0.000000000000000000e+00
1.564283679488523903e-04,1.699990294925588685e+01,1.698938444186371299e+01,1.644613144174466868e+01,1.302700067262740902e-08,4.101273404697922231e+00,0.000000000000000000e+00
1.565283679488523928e-04,1.699990310333982890e+01,1.698947562448644177e+01,1.644544965235099809e+01,1.303943350516867383e-08,4.094677963568654988e+00,0.000000000000000000e+00
1.566283679488523952e-04,1.699990325711898720e+01,1.698956596455569112e+01,1.644476786292013770e+01,1.301954857813036881e-08,4.088094178669645196e+00,0.000000000000000000e+00
1.567283679488523976e-04,1.699990341059420729e+01,1.698965546986556419e+01,1.644408607345243922e+01,1.300875576704108028e-08,4.081522029404725416e+00,0.000000000000000000e+00
1.568283679488524001e-04,1.699990356376626366e+01,1.698974414813773848e+01,1.644340428394824016e+01,1.298634111357443999e-08,4.074961495213981877e+00,0.000000000000000000e+00
1.569283679488524025e-04,1.699990371663590238e+01,1.698983200702199881e+01,1.644272249440788869e+01,1.299308000080046099e-08,4.068412555573789113e+00,0.000000000000000000e+00
1.570283679488524049e-04,1.699990386920404717e+01,1.698991905409915049e+01,1.644204070483171165e+01,1.295618537455744956e-08,4.061875189996909441e+00,0.000000000000000000e+00
1.571283679488524074e-04,1.699990402147130908e+01,1.699000529687732097e+01,1.644135891522005721e+01,1.298816756922782645e-08,4.055349378031979590e+00,0.000000000000000000e+00
1.572283679488524098e-04,1.699990417343883209e+01,1.699009074279832632e+01,1.644067712557324157e+01,1.294933596462932712e-08,4.048835099264275428e+00,0.000000000000000000e+00
1.573283679488524122e-04,1.699990432510743688e+01,1.699017539923354647e+01,1.643999533589159512e+01,1.292862586432796945e-08,4.042332333314785586e+00,0.000000000000000000e+00
1.574283679488524147e-04,1.699990447647763148e+01,1.699025927348424148e+01,1.643931354617545537e+01,1.294523552242132780e-08,4.035841059840157286e+00,0.000000000000000000e+00
1.575283679488524171e-04,1.699990462755042131e+01,1.699034237278708659e+01,1.643863175642513852e+01,1.293325660456368098e-08,4.029361258533482371e+00,0.000000000000000000e+00
1.576283679488524195e-04,1.699990477832658797e+01,1.699042470431070129e+01,1.643794996664096431e+01,1.292408852160420452e-08,4.022892909123422456e+00,0.000000000000000000e+00
1.577283679488524219e-04,1.699990492880692727e+01,1.699050627515732970e+01,1.643726817682324182e+01,1.290066883874452230e-08,4.016435991374514458e+00,0.000000000000000000e+00
1.578283679488524244e-04,1.699990507899219594e+01,1.699058709236361864e+01,1.643658638697228724e+01,1.289194984099850672e-08,4.009990485086918355e+00,0.000000000000000000e+00
1.579283679488524268e-04,1.699990522888312938e+01,1.699066716290019841e+01,1.643590459708842033e+01,1.291474877040954539e-08,4.003556370096479355e+00,0.000000000000000000e+00
1.580283679488524292e-04,1.699990537848076855e+01,1.699074649367612366e+01,1.643522280717193240e+01,1.286395676092233487e-08,3.997133626274939733e+00,0.000000000000000000e+00
1.581283679488524317e-04,1.699990552778559660e+01,1.699082509153231513e+01,1.643454101722314320e+01,1.289185744268728229e-08,3.990722233529021779e+00,0.000000000000000000e+00
1.582283679488524341e-04,1.699990567679861186e+01,1.699090296324988714e+01,1.643385922724234405e+01,1.286119827303977559e-08,3.984322171801418566e+00,0.000000000000000000e+00
1.583283679488524365e-04,1.699990582552046803e+01,1.699098011554520227e+01,1.643317743722984048e+01,1.286251738452648397e-08,3.977933421069924869e+00,0.000000000000000000e+00
1.584283679488524390e-04,1.699990597395197867e+01,1.699105655507358037e+01,1.643249564718592381e+01,1.284979625482129961e-08,3.971555961347820851e+00,0.000000000000000000e+00
1.585283679488524414e-04,1.699990612209385787e+01,1.699113228842787393e+01,1.643181385711088538e+01,1.283712208755005690e-08,3.965189772683582969e+00,0.000000000000000000e+00
1.586283679488524438e-04,1.699990626994694054e+01,1.699120732214050022e+01,1.643113206700502005e+01,1.284018014136023567e-08,3.958834835161058940e+00,0.000000000000000000e+00
1.587283679488524463e-04,1.699990641751193721e+01,1.699128166268368645e+01,1.643045027686861914e+01,1.281801276231675502e-08,3.952491128899120465e+00,0.000000000000000000e+00
1.588283679488524487e-04,1.699990656478959750e+01,1.699135531646915709e+01,1.642976848670196333e+01,1.281130510011330159e-08,3.946158634051764480e+00,0.000000000000000000e+00
1.589283679488524511e-04,1.699990671178072432e+01,1.699142828984969711e+01,1.642908669650533682e+01,1.281846678802267547e-08,3.939837330808106497e+00,0.000000000000000000e+00
1.590283679488524535e-04,1.699990685848603178e+01,1.699150058911955696e+01,1.642840490627902028e+01,1.280284647742213622e-08,3.933527199392144347e+00,0.000000000000000000e+00
1.591283679488524560e-04,1.699990700490635476e+01,1.699157222051455562e+01,1.642772311602328728e+01,1.277275396560639820e-08,3.927228220062926489e+00,0.000000000000000000e+00
1.592283679488524584e-04,1.699990715104214800e+01,1.699164319021119596e+01,1.642704132573842202e+01,1.280342010190338442e-08,3.920940373113970256e+00,0.000000000000000000e+00
1.593283679488524608e-04,1.699990729689454838e+01,1.699171350433246985e+01,1.642635953542468030e+01,1.275964858771239108e-08,3.914663638874272600e+00,0.000000000000000000e+00
1.594283679488524633e-04,1.699990744246411012e+01,1.699178316894183283e+01,1.642567774508234280e+01,1.276237371339306037e-08,3.908397997706973825e+00,0.000000000000000000e+00
1.595283679488524657e-04,1.699990758775146560e+01,1.699185219004635528e+01,1.642499595471167950e+01,1.275891142737961559e-08,3.902143430009989089e+00,0.000000000000000000e+00
1.596283679488524681e-04,1.699990773275744971e+01,1.699192057359934793e+01,1.642431416431295332e+01,1.275540131850938508e-08,3.895899916216021275e+00,0.000000000000000000e+00
1.597283679488524706e-04,1.699990787748278009e+01,1.699198832549798155e+01,1.642363237388642361e+01,1.274439978549146701e-08,3.889667436792227040e+00,0.000000000000000000e+00
1.598283679488524730e-04,1.699990802192823836e+01,1.699205545158598341e+01,1.642295058343235326e+01,1.273358743447694508e-08,3.883445972240312294e+00,0.000000000000000000e+00
1.599283679488524754e-04,1.699990816609443200e+01,1.699212195765136357e+01,1.642226879295100161e+01,1.273882915819868344e-08,3.877235503096241764e+00,0.000000000000000000e+00
1.600283679488524778e-04,1.699990830998214264e+01,1.699218784942991434e+01,1.642158700244262093e+01,1.272544791763863259e-08,3.871036009930525434e+00,0.000000000000000000e+00
1.601283679488524803e-04,1.699990845359202041e+01,1.699225313260311410e+01,1.642090521190746699e+01,1.272495131487971776e-08,3.864847473347858831e+00,0.000000000000000000e+00
1.602283679488524827e-04,1.699990859692483625e+01,1.699231781280129638e+01,1.642022342134578494e+01,1.270359759053540927e-08,3.858669873987278898e+00,0.000000000000000000e+00
1.603283679488524851e-04,1.699990873998124385e+01,1.699238189560186285e+01,1.641954163075782702e+01,1.270090263516543416e-08,3.852503192521931297e+00,0.000000000000000000e+00
1.604283679488524876e-04,1.699990888276202128e+01,1.699244538653085357e+01,1.641885984014383837e+01,1.269843902251821532e-08,3.846347409659193417e+00,0.000000000000000000e+00
1.605283679488524900e-04,1.699990902526776537e+01,1.699250829106268057e+01,1.641817804950406412e+01,1.269991620200805471e-08,3.840202506140342198e+00,0.000000000000000000e+00
1.606283679488524924e-04,1.699990916749927194e+01,1.699257061462202856e+01,1.641749625883873875e+01,1.267268734395088359e-08,3.834068462740845451e+00,0.000000000000000000e+00
1.607283679488524949e-04,1.699990930945715562e+01,1.699263236258240184e+01,1.641681446814811096e+01,1.267893451339929811e-08,3.827945260269951078e+00,0.000000000000000000e+00
1.608283679488524973e-04,1.699990945114203811e+01,1.699269354026789713e+01,1.641613267743241522e+01,1.268623273098512527e-08,3.821832879570818520e+00,0.000000000000000000e+00
1.609283679488524997e-04,1.699990959255489642e+01,1.699275415295510072e+01,1.641545088669188246e+01,1.265457758026222734e-08,3.815731301520755014e+00,0.000000000000000000e+00
1.610283679488525022e-04,1.699990973369621017e+01,1.699281420586907032e+01,1.641476909592674360e+01,1.266067631289224948e-08,3.809640507030372270e+00,0.000000000000000000e+00
1.611283679488525046e-04,1.699990987456660463e+01,1.699287370418721110e+01,1.641408730513723313e+01,1.265726556898272293e-08,3.803560477044142463e+00,0.000000000000000000e+00
1.612283679488525070e-04,1.699991001516676192e+01,1.699293265303976597e+01,1.641340551432358552e+01,1.265493823621177683e-08,3.797491192540205507e+00,0.000000000000000000e+00
1.613283679488525094e-04,1.699991015549737483e+01,1.699299105750939987e+01,1.641272372348601749e+01,1.263489424196961863e-08,3.791432634530352619e+00,0.000000000000000000e+00
1.614283679488525119e-04,1.699991029555923205e+01,1.699304892263216260e+01,1.641204193262475641e+01,1.263611087987115411e-08,3.785384784059973917e+00,0.000000000000000000e+00
1.615283679488525143e-04,1.699991043535282742e+01,1.699310625339573733e+01,1.641136014174002611e+01,1.264646140586300760e-08,3.779347622207654300e+00,0.000000000000000000e+00
1.616283679488525167e-04,1.699991057487904911e+01,1.699316305474397382e+01,1.641067835083203974e+01,1.260204623987348782e-08,3.773321130085794284e+00,0.000000000000000000e+00
1.617283679488525192e-04,1.699991071413840515e+01,1.699321933157295561e+01,1.640999655990102113e+01,1.262060528306463425e-08,3.767305288839733812e+00,0.000000000000000000e+00
1.618283679488525216e-04,1.699991085313154215e+01,1.699327508873469483e+01,1.640931476894718344e+01,1.261534793295382428e-08,3.761300079648288275e+00,0.000000000000000000e+00
1.619283679488525240e-04,1.699991099185922394e+01,1.699333033103664192e+01,1.640863297797073983e+01,1.259333679004548401e-08,3.755305483723619275e+00,0.000000000000000000e+00
1.620283679488525265e-04,1.699991113032196210e+01,1.699338506324020059e+01,1.640795118697190702e+01,1.260477816567018294e-08,3.749321482310809639e+00,0.000000000000000000e+00
1.621283679488525289e-04,1.699991126852057732e+01,1.699343929006465714e+01,1.640726939595088751e+01,1.257509499308362422e-08,3.743348056688391878e+00,0.000000000000000000e+00
1.622283679488525313e-04,1.699991140645560606e+01,1.699349301618392971e+01,1.640658760490789092e+01,1.256734047383467612e-08,3.737385188167638539e+00,0.000000000000000000e+00
1.623283679488525338e-04,1.699991154412756700e+01,1.699354624622835175e+01,1.640590581384313751e+01,1.259276136145182079e-08,3.731432858092866400e+00,0.000000000000000000e+00
1.624283679488525362e-04,1.699991168153736254e+01,1.699359898478828512e+01,1.640522402275681912e+01,1.257388348996357763e-08,3.725491047841669623e+00,0.000000000000000000e+00
1.625283679488525386e-04,1.699991181868547940e+01,1.699365123640900777e+01,1.640454223164913827e+01,1.256354867362752259e-08,3.719559738824160799e+00,0.000000000000000000e+00
1.626283679488525410e-04,1.699991195557274537e+01,1.699370300559554536e+01,1.640386044052028680e+01,1.252591810829706276e-08,3.713638912483603338e+00,0.000000000000000000e+00
1.627283679488525435e-04,1.699991209219937005e+01,1.699375429680742755e+01,1.640317864937048498e+01,1.256280848793700500e-08,3.707728550295416259e+00,0.000000000000000000e+00
1.628283679488525459e-04,1.699991222856633755e+01,1.699380511446796760e+01,1.640249685819991043e+01,1.254123951910379731e-08,3.701828633768507348e+00,0.000000000000000000e+00
1.629283679488525483e-04,1.699991236467421629e+01,1.699385546295723515e+01,1.640181506700876923e+01,1.253103687481882389e-08,3.695939144444048807e+00,0.000000000000000000e+00
1.630283679488525508e-04,1.699991250052361025e+01,1.699390534661449337e+01,1.640113327579724611e+01,1.252070702673080405e-08,3.690060063895820086e+00,0.000000000000000000e+00
1.631283679488525532e-04,1.699991263611507719e+01,1.699395476973884911e+01,1.640045148456554003e+01,1.254103274006546087e-08,3.684191373730127061e+00,0.000000000000000000e+00
1.632283679488525556e-04,1.699991277144931701e+01,1.699400373659031160e+01,1.639976969331383572e+01,1.251939871216301015e-08,3.678333055585883749e+00,0.000000000000000000e+00
1.633283679488525581e-04,1.699991290652693721e+01,1.699405225138933417e+01,1.639908790204232147e+01,1.251268991198095648e-08,3.672485091134351176e+00,0.000000000000000000e+00
1.634283679488525605e-04,1.699991304134844583e+01,1.699410031831639145e+01,1.639840611075118559e+01,1.251090314680070037e-08,3.666647462079057895e+00,0.000000000000000000e+00
1.635283679488525629e-04,1.699991317591459961e+01,1.699414794151451602e+01,1.639772431944061282e+01,1.250225614701783172e-08,3.660820150156101072e+00,0.000000000000000000e+00
1.636283679488525654e-04,1.699991331022606289e+01,1.699419512508882946e+01,1.639704252811077723e+01,1.247325767672613495e-08,3.655003137133723712e+00,0.000000000000000000e+00
1.637283679488525678e-04,1.699991344428325135e+01,1.699424187310404832e+01,1.639636073676186712e+01,1.248911360440807528e-08,3.649196404812168559e+00,0.000000000000000000e+00
1.638283679488525702e-04,1.699991357808674763e+01,1.699428818958878296e+01,1.639567894539407078e+01,1.250391368223802147e-08,3.643399935023951208e+00,0.000000000000000000e+00
1.639283679488525726e-04,1.699991371163736531e+01,1.699433407853535272e+01,1.639499715400755875e+01,1.249162648320201185e-08,3.637613709633912507e+00,0.000000000000000000e+00
1.640283679488525751e-04,1.699991384493574387e+01,1.699437954389894401e+01,1.639431536260249800e+01,1.246078076833079251e-08,3.631837710538757591e+00,0.000000000000000000e+00
1.641283679488525775e-04,1.699991397798227055e+01,1.699442458959619984e+01,1.639363357117906617e+01,1.246194594739513661e-08,3.626071919666914223e+00,0.000000000000000000e+00
1.642283679488525799e-04,1.699991411077742853e+01,1.699446921950777067e+01,1.639295177973744799e+01,1.247821693195483306e-08,3.620316318978826775e+00,0.000000000000000000e+00
1.643283679488525824e-04,1.699991424332215217e+01,1.699451343748143017e+01,1.639226998827779980e+01,1.245385655712638595e-08,3.614570890467254216e+00,0.000000000000000000e+00
1.644283679488525848e-04,1.699991437561676477e+01,1.699455724732537121e+01,1.639158819680030277e+01,1.246263714449469262e-08,3.608835616156143900e+00,0.000000000000000000e+00
1.645283679488525872e-04,1.699991450766198398e+01,1.699460065281570209e+01,1.639090640530512033e+01,1.245207201239217909e-08,3.603110478101585024e+00,0.000000000000000000e+00
1.646283679488525897e-04,1.699991463945837111e+01,1.699464365769192042e+01,1.639022461379241236e+01,1.243326006039602305e-08,3.597395458391224654e+00,0.000000000000000000e+00
1.647283679488525921e-04,1.699991477100648396e+01,1.699468626565924367e+01,1.638954282226234938e+01,1.243688466101566803e-08,3.591690539144329009e+00,0.000000000000000000e+00
1.648283679488525945e-04,1.699991490230686253e+01,1.699472848038821482e+01,1.638886103071509837e+01,1.244779171405419049e-08,3.585995702511736383e+00,0.000000000000000000e+00
1.649283679488525970e-04,1.699991503336026710e+01,1.699477030551734558e+01,1.638817923915081565e+01,1.241914737715177353e-08,3.580310930676029901e+00,0.000000000000000000e+00
1.650283679488525994e-04,1.699991516416720927e+01,1.699481174464957434e+01,1.638749744756966109e+01,1.240393224244407122e-08,3.574636205851026372e+00,0.000000000000000000e+00
1.651283679488526018e-04,1.699991529472810470e+01,1.699485280135370502e+01,1.638681565597180168e+01,1.243103678327805994e-08,3.568971510281847781e+00,0.000000000000000000e+00
1.652283679488526042e-04,1.699991542504367104e+01,1.699489347916802018e+01,1.638613386435738661e+01,1.240286326420481089e-08,3.563316826245290780e+00,0.000000000000000000e+00
1.653283679488526067e-04,1.699991555511435593e+01,1.699493378159604262e+01,1.638545207272657578e+01,1.240154376414004389e-08,3.557672136049179201e+00,0.000000000000000000e+00
1.654283679488526091e-04,1.699991568494085925e+01,1.699497371211029062e+01,1.638477028107952904e+01,1.240462188523139275e-08,3.552037422032858771e+00,0.000000000000000000e+00
1.655283679488526115e-04,1.699991581452379563e+01,1.699501327415096341e+01,1.638408848941638141e+01,1.237983571211742628e-08,3.546412666566750360e+00,0.000000000000000000e+00
1.656283679488526140e-04,1.699991594386355231e+01,1.699505247112518447e+01,1.638340669773729985e+01,1.240164709814806088e-08,3.540797852052213202e+00,0.000000000000000000e+00
1.657283679488526164e-04,1.699991607296072971e+01,1.699509130640942089e+01,1.638272490604243359e+01,1.239622121618211281e-08,3.535192960921913041e+00,0.000000000000000000e+00
1.658283679488526188e-04,1.699991620181591401e+01,1.699512978334908908e+01,1.638204311433193183e+01,1.239614760839558016e-08,3.529597975639519714e+00,0.000000000000000000e+00
1.659283679488526213e-04,1.699991633042973405e+01,1.699516790525878562e+01,1.638136132260593669e+01,1.236578159313772574e-08,3.524012878699724016e+00,0.000000000000000000e+00
1.660283679488526237e-04,1.699991645880257352e+01,1.699520567542091243e+01,1.638067953086460093e+01,1.239062377700328454e-08,3.518437652627892209e+00,0.000000000000000000e+00
1.661283679488526261e-04,1.699991658693513230e+01,1.699524309708983338e+01,1.637999773910806312e+01,1.237111410534730283e-08,3.512872279980574497e+00,0.000000000000000000e+00
1.662283679488526286e-04,1.699991671482787226e+01,1.699528017348814402e+01,1.637931594733646889e+01,1.237970695400214538e-08,3.507316743344907284e+00,0.000000000000000000e+00
1.663283679488526310e-04,1.699991684248141866e+01,1.699531690780914417e+01,1.637863415554995683e+01,1.235491428608348485e-08,3.501771025338933807e+00,0.000000000000000000e+00
1.664283679488526334e-04,1.699991696989618362e+01,1.699535330321620563e+01,1.637795236374867613e+01,1.235606097993446895e-08,3.496235108611206677e+00,0.000000000000000000e+00
1.665283679488526358e-04,1.699991709707288834e+01,1.699538936284444901e+01,1.637727057193275826e+01,1.235930446874533573e-08,3.490708975841210204e+00,0.000000000000000000e+00
1.666283679488526383e-04,1.699991722401195560e+01,1.699542508979874356e+01,1.637658878010233821e+01,1.233069654715812646e-08,3.485192609738756442e+00,0.000000000000000000e+00
1.667283679488526407e-04,1.699991735071391474e+01,1.699546048715574642e+01,1.637590698825756519e+01,1.234957119899959821e-08,3.479685993044291603e+00,0.000000000000000000e+00
1.668283679488526431e-04,1.699991747717941237e+01,1.699549555796455280e+01,1.637522519639857066e+01,1.235378790931385140e-08,3.474189108528848102e+00,0.000000000000000000e+00
1.669283679488526456e-04,1.699991760340893876e+01,1.699553030524484853e+01,1.637454340452548252e+01,1.233645882670053595e-08,3.468701938993790979e+00,0.000000000000000000e+00
1.670283679488526480e-04,1.699991772940294510e+01,1.699556473198840933e+01,1.637386161263843931e+01,1.233845123294052826e-08,3.463224467270785034e+00,0.000000000000000000e+00
1.671283679488526504e-04,1.699991785516207798e+01,1.699559884116042241e+01,1.637317982073757250e+01,1.232449903243448830e-08,3.457756676222027092e+00,0.000000000000000000e+00
1.672283679488526529e-04,1.699991798068676729e+01,1.699563263569730154e+01,1.637249802882300642e+01,1.231449536787110333e-08,3.452298548739770379e+00,0.000000000000000000e+00
1.673283679488526553e-04,1.699991810597753528e+01,1.699566611850858422e+01,1.637181623689487964e+01,1.231045168581523797e-08,3.446850067746593194e+00,0.000000000000000000e+00
1.674283679488526577e-04,1.699991823103484734e+01,1.699569929247651601e+01,1.637113444495332715e+01,1.233293892011211312e-08,3.441411216195170653e+00,0.000000000000000000e+00
1.675283679488526602e-04,1.699991835585940692e+01,1.699573216045864044e+01,1.637045265299846264e+01,1.231156698811020078e-08,3.435981977068531812e+00,0.000000000000000000e+00
1.676283679488526626e-04,1.699991848045164744e+01,1.699576472528435644e+01,1.636977086103041401e+01,1.229649590483994359e-08,3.430562333379508111e+00,0.000000000000000000e+00
1.677283679488526650e-04,1.699991860481203432e+01,1.699579698975677644e+01,1.636908906904931271e+01,1.231991750283434328e-08,3.425152268170974512e+00,0.000000000000000000e+00
1.678283679488526674e-04,1.699991872894129585e+01,1.699582895665502136e+01,1.636840727705527243e+01,1.229385379608594064e-08,3.419751764516000492e+00,0.000000000000000000e+00
1.679283679488526699e-04,1.699991885283975179e+01,1.699586062872991121e+01,1.636772548504842106e+01,1.230183335754198026e-08,3.414360805517174136e+00,0.000000000000000000e+00
1.680283679488526723e-04,1.699991897650802386e+01,1.699589200870876482e+01,1.636704369302887585e+01,1.227076143472949354e-08,3.408979374307219423e+00,0.000000000000000000e+00
1.681283679488526747e-04,1.699991909994652417e+01,1.699592309929191458e+01,1.636636190099676114e+01,1.227702747796932670e-08,3.403607454048458436e+00,0.000000000000000000e+00
1.682283679488526772e-04,1.699991922315574300e+01,1.699595390315553445e+01,1.636568010895219771e+01,1.229870591479276243e-08,3.398245027933028517e+00,0.000000000000000000e+00
1.683283679488526796e-04,1.699991934613623812e+01,1.699598442295181400e+01,1.636499831689530637e+01,1.228828666599568464e-08,3.392892079182832976e+00,0.000000000000000000e+00
1.684283679488526820e-04,1.699991946888861349e+01,1.699601466130805250e+01,1.636431652482618659e+01,1.225284745887122995e-08,3.387548591049474478e+00,0.000000000000000000e+00
1.685283679488526845e-04,1.699991959141320663e+01,1.699604462082589151e+01,1.636363473274497338e+01,1.226871934600914926e-08,3.382214546813835376e+00,0.000000000000000000e+00
1.686283679488526869e-04,1.699991971371061084e+01,1.699607430408452657e+01,1.636295294065177330e+01,1.226273282917134111e-08,3.376889929786640376e+00,0.000000000000000000e+00
1.687283679488526893e-04,1.699991983578137678e+01,1.699610371363910843e+01,1.636227114854670006e+01,1.225256035519706188e-08,3.371574723308022214e+00,0.000000000000000000e+00
1.688283679488526918e-04,1.699991995762578156e+01,1.699613285201956359e+01,1.636158935642986734e+01,1.225958146111594260e-08,3.366268910747274745e+00,0.000000000000000000e+00
1.689283679488526942e-04,1.699992007924450377e+01,1.699616172173465145e+01,1.636090756430139237e+01,1.227190044028603211e-08,3.360972475503498202e+00,0.000000000000000000e+00
1.690283679488526966e-04,1.699992020063815801e+01,1.699619032526952722e+01,1.636022577216137819e+01,1.223015744233890700e-08,3.355685401005013890e+00,0.000000000000000000e+00
1.691283679488526990e-04,1.699992032180690771e+01,1.699621866508369550e+01,1.635954398000993848e+01,1.225338600030489999e-08,3.350407670709014685e+00,0.000000000000000000e+00
1.692283679488527015e-04,1.699992044275143499e+01,1.699624674361700372e+01,1.635886218784717627e+01,1.224522197529331891e-08,3.345139268102403030e+00,0.000000000000000000e+00
1.693283679488527039e-04,1.699992056347236158e+01,1.699627456328657260e+01,1.635818039567319460e+01,1.220722870010071404e-08,3.339880176701218506e+00,0.000000000000000000e+00
1.694283679488527063e-04,1.699992068396981537e+01,1.699630212648363070e+01,1.635749860348812490e+01,1.226118939712250722e-08,3.334630380050100040e+00,0.000000000000000000e+00
1.695283679488527088e-04,1.699992080424464902e+01,1.699632943558243525e+01,1.635681681129204890e+01,1.221850859378648124e-08,3.329389861723511590e+00,0.000000000000000000e+00
1.696283679488527112e-04,1.699992092429716806e+01,1.699635649293153605e+01,1.635613501908507672e+01,1.221451126354189398e-08,3.324158605324375682e+00,0.000000000000000000e+00
1.697283679488527136e-04,1.699992104412793381e+01,1.699638330085956284e+01,1.635545322686731140e+01,1.222010009849228140e-08,3.318936594484825253e+00,0.000000000000000000e+00
1.698283679488527161e-04,1.699992116373727669e+01,1.699640986167177203e+01,1.635477143463886662e+01,1.223871470834581032e-08,3.313723812865696061e+00,0.000000000000000000e+00
1.699283679488527185e-04,1.699992128312587170e+01,1.699643617765471149e+01,1.635408964239982765e+01,1.220378001431932091e-08,3.308520244157040491e+00,0.000000000000000000e+00
1.700283679488527209e-04,1.699992140229402082e+01,1.699646225107122532e+01,1.635340785015030463e+01,1.221955212016290204e-08,3.303325872077320202e+00,0.000000000000000000e+00
1.701283679488527233e-04,1.699992152124233158e+01,1.699648808416517198e+01,1.635272605789039702e+01,1.221844986298847857e-08,3.298140680374111788e+00,0.000000000000000000e+00
1.702283679488527258e-04,1.699992163997138661e+01,1.699651367915931033e+01,1.635204426562019719e+01,1.218692149973499284e-08,3.292964652823650251e+00,0.000000000000000000e+00
1.703283679488527282e-04,1.699992175848129961e+01,1.699653903825324264e+01,1.635136247333981530e+01,1.221668374795648049e-08,3.287797773230376919e+00,0.000000000000000000e+00
1.704283679488527306e-04,1.699992187677279531e+01,1.699656416363017186e+01,1.635068068104933658e+01,1.219085421499954691e-08,3.282640025427941755e+00,0.000000000000000000e+00
1.705283679488527331e-04,1.699992199484625743e+01,1.699658905745029358e+01,1.634999888874886054e+01,1.219238224270391413e-08,3.277491393278229914e+00,0.000000000000000000e+00
1.706283679488527355e-04,1.699992211270220110e+01,1.699661372185512320e+01,1.634931709643848308e+01,1.219054374113071049e-08,3.272351860671767643e+00,0.000000000000000000e+00
1.707283679488527379e-04,1.699992223034115213e+01,1.699663815896643726e+01,1.634863530411829657e+01,1.217934145203436458e-08,3.267221411527549080e+00,0.000000000000000000e+00
1.708283679488527404e-04,1.699992234776342315e+01,1.699666237088495890e+01,1.634795351178840406e+01,1.219225112536470590e-08,3.262100029792764477e+00,0.000000000000000000e+00
1.709283679488527428e-04,1.699992246496950088e+01,1.699668635969320007e+01,1.634727171944889079e+01,1.218538656089229733e-08,3.256987699443137707e+00,0.000000000000000000e+00
1.710283679488527452e-04,1.699992258196001060e+01,1.699671012745524123e+01,1.634658992709984915e+01,1.217577341727782425e-08,3.251884404482853874e+00,0.000000000000000000e+00
1.711283679488527477e-04,1.699992269873540707e+01,1.699673367621500120e+01,1.634590813474136084e+01,1.214702113894183810e-08,3.246790128944164522e+00,0.000000000000000000e+00
1.712283679488527501e-04,1.699992281529585370e+01,1.699675700799552658e+01,1.634522634237353245e+01,1.218039305528328953e-08,3.241704856887277497e+00,0.000000000000000000e+00
1.713283679488527525e-04,1.699992293164189761e+01,1.699678012480363520e+01,1.634454454999644923e+01,1.217763392902249109e-08,3.236628572400910286e+00,0.000000000000000000e+00
1.714283679488527549e-04,1.699992304777423868e+01,1.699680302862865489e+01,1.634386275761019292e+01,1.215947109667325776e-08,3.231561259602060865e+00,0.000000000000000000e+00
1.715283679488527574e-04,1.699992316369319667e+01,1.699682572143888137e+01,1.634318096521485586e+01,1.216427589212365490e-08,3.226502902635411729e+00,0.000000000000000000e+00
1.716283679488527598e-04,1.699992327939926540e+01,1.699684820518577055e+01,1.634249917281052333e+01,1.216013026383855333e-08,3.221453485673831274e+00,0.000000000000000000e+00
1.717283679488527622e-04,1.699992339489283566e+01,1.699687048180187787e+01,1.634181738039728060e+01,1.213972186664413755e-08,3.216412992918030511e+00,0.000000000000000000e+00
1.718283679488527647e-04,1.699992351017422010e+01,1.699689255320152270e+01,1.634113558797522003e+01,1.217117609475515394e-08,3.211381408596571063e+00,0.000000000000000000e+00
1.719283679488527671e-04,1.699992362524412570e+01,1.699691442128399999e+01,1.634045379554441269e+01,1.213564559954249944e-08,3.206358716966288824e+00,0.000000000000000000e+00
1.720283679488527695e-04,1.699992374010292551e+01,1.699693608792878052e+01,1.633977200310495093e+01,1.212820124885105599e-08,3.201344902311468843e+00,0.000000000000000000e+00
1.721283679488527720e-04,1.699992385475094636e+01,1.699695755499737260e+01,1.633909021065692357e+01,1.215196376858074245e-08,3.196339948944129539e+00,0.000000000000000000e+00
1.722283679488527744e-04,1.699992396918880644e+01,1.699697882433613216e+01,1.633840841820039813e+01,1.212496519853445420e-08,3.191343841204308696e+00,0.000000000000000000e+00
1.723283679488527768e-04,1.699992408341677219e+01,1.699699989777251830e+01,1.633772662573546697e+01,1.213536240940449318e-08,3.186356563459347591e+00,0.000000000000000000e+00
1.724283679488527793e-04,1.699992419743536587e+01,1.699702077711786785e+01,1.633704483326220469e+01,1.212815908813169585e-08,3.181378100104468309e+00,0.000000000000000000e+00
1.725283679488527817e-04,1.699992431124509196e+01,1.699704146416744877e+01,1.633636304078069301e+01,1.213075323525103499e-08,3.176408435562449561e+00,0.000000000000000000e+00
1.726283679488527841e-04,1.699992442484630573e+01,1.699706196069864816e+01,1.633568124829101365e+01,1.212223971203130191e-08,3.171447554283427728e+00,0.000000000000000000e+00
1.727283679488527865e-04,1.699992453823941574e+01,1.699708226847238635e+01,1.633499945579323764e+01,1.210595795830826660e-08,3.166495440745080714e+00,0.000000000000000000e+00
1.728283679488527890e-04,1.699992465142484477e+01,1.699710238923393746e+01,1.633431766328746093e+01,1.213847625192165935e-08,3.161552079452535580e+00,0.000000000000000000e+00
1.729283679488527914e-04,1.699992476440328204e+01,1.699712232471410189e+01,1.633363587077373325e+01,1.208931227347775916e-08,3.156617454938529299e+00,0.000000000000000000e+00
1.730283679488527938e-04,1.699992487717485901e+01,1.699714207662386301e+01,1.633295407825215406e+01,1.212193634358982308e-08,3.151691551762588084e+00,0.000000000000000000e+00
1.731283679488527963e-04,1.699992498974004462e+01,1.699716164666091345e+01,1.633227228572278378e+01,1.211072958584580306e-08,3.146774354511872041e+00,0.000000000000000000e+00
1.732283679488527987e-04,1.699992510209935404e+01,1.699718103650690892e+01,1.633159049318570410e+01,1.209977432137243625e-08,3.141865847800805689e+00,0.000000000000000000e+00
1.733283679488528011e-04,1.699992521425312830e+01,1.699720024782701699e+01,1.633090870064099676e+01,1.212829967012218901e-08,3.136966016270812396e+00,0.000000000000000000e+00
1.734283679488528036e-04,1.699992532620194652e+01,1.699721928227299728e+01,1.633022690808871857e+01,1.209925892808882963e-08,3.132074844590694518e+00,0.000000000000000000e+00
1.735283679488528060e-04,1.699992543794614619e+01,1.699723814147963097e+01,1.632954511552895482e+01,1.210727557099389173e-08,3.127192317456117365e+00,0.000000000000000000e+00
1.736283679488528084e-04,1.699992554948630286e+01,1.699725682706784369e+01,1.632886332296176590e+01,1.205983043983671621e-08,3.122318419590014216e+00,0.000000000000000000e+00
1.737283679488528109e-04,1.699992566082240941e+01,1.699727534064009760e+01,1.632818153038724773e+01,1.212905612058001736e-08,3.117453135741718562e+00,0.000000000000000000e+00
1.738283679488528133e-04,1.699992577195536825e+01,1.699729368378977057e+01,1.632749973780544295e+01,1.208095656846097654e-08,3.112596450688430494e+00,0.000000000000000000e+00
1.739283679488528157e-04,1.699992588288532502e+01,1.699731185809065082e+01,1.632681794521643326e+01,1.209187339146211571e-08,3.107748349233498075e+00,0.000000000000000000e+00
1.740283679488528181e-04,1.699992599361273093e+01,1.699732986510393573e+01,1.632613615262028972e+01,1.209988717554288939e-08,3.102908816207390785e+00,0.000000000000000000e+00
1.741283679488528206e-04,1.699992610413808336e+01,1.699734770637634185e+01,1.632545436001707984e+01,1.208886188375224435e-08,3.098077836467493462e+00,0.000000000000000000e+00
1.742283679488528230e-04,1.699992621446179797e+01,1.699736538344042813e+01,1.632477256740686755e+01,1.208111952144541590e-08,3.093255394897780342e+00,0.000000000000000000e+00
1.743283679488528254e-04,1.699992632458424424e+01,1.699738289781379308e+01,1.632409077478972392e+01,1.207207636633178538e-08,3.088441476408951836e+00,0.000000000000000000e+00
1.744283679488528279e-04,1.699992643450588048e+01,1.699740025100066987e+01,1.632340898216571645e+01,1.206638594597464476e-08,3.083636065938441639e+00,0.000000000000000000e+00
1.745283679488528303e-04,1.699992654422699800e+01,1.699741744449045910e+01,1.632272718953491975e+01,1.208543387587468487e-08,3.078839148450110308e+00,0.000000000000000000e+00
1.746283679488528327e-04,1.699992665374819367e+01,1.699743447976079835e+01,1.632204539689737999e+01,1.205774299850581599e-08,3.074050708934706222e+00,0.000000000000000000e+00
1.747283679488528352e-04,1.699992676306964867e+01,1.699745135827284415e+01,1.632136360425317889e+01,1.208160690935322634e-08,3.069270732409088431e+00,0.000000000000000000e+00
1.748283679488528376e-04,1.699992687219199183e+01,1.699746808147683552e+01,1.632068181160236975e+01,1.206046823520878775e-08,3.064499203917030457e+00,0.000000000000000000e+00
1.749283679488528400e-04,1.699992698111550382e+01,1.699748465080794801e+01,1.632000001894502716e+01,1.207460603724896941e-08,3.059736108528372078e+00,0.000000000000000000e+00
1.750283679488528425e-04,1.699992708984055412e+01,1.699750106768827607e+01,1.631931822628121154e+01,1.206797869968134762e-08,3.054981431339456321e+00,0.000000000000000000e+00
1.751283679488528449e-04,1.699992719836772892e+01,1.699751733352812266e+01,1.631863643361097616e+01,1.205175600982322237e-08,3.050235157473142777e+00,0.000000000000000000e+00
1.752283679488528473e-04,1.699992730669729823e+01,1.699753344972295821e+01,1.631795464093439563e+01,1.206111804874510085e-08,3.045497272078268480e+00,0.000000000000000000e+00
1.753283679488528497e-04,1.699992741482970970e+01,1.699754941765619165e+01,1.631727284825152324e+01,1.204570110324709731e-08,3.040767760330102654e+00,0.000000000000000000e+00
1.754283679488528522e-04,1.699992752276535057e+01,1.699756523869847058e+01,1.631659105556241940e+01,1.204432970025592908e-08,3.036046607430031408e+00,0.000000000000000000e+00
1.755283679488528546e-04,1.699992763050447664e+01,1.699758091420670070e+01,1.631590926286715870e+01,1.206874239434441165e-08,3.031333798605467145e+00,0.000000000000000000e+00
1.756283679488528570e-04,1.699992773804776647e+01,1.699759644552801774e+01,1.631522747016578023e+01,1.201569344022601626e-08,3.026629319110348604e+00,0.000000000000000000e+00
1.757283679488528595e-04,1.699992784539531243e+01,1.699761183399308706e+01,1.631454567745836215e+01,1.206812366705278805e-08,3.021933154224088369e+00,0.000000000000000000e+00
1.758283679488528619e-04,1.699992795254788902e+01,1.699762708092486818e+01,1.631386388474494709e+01,1.203174992969735513e-08,3.017245289252766582e+00,0.000000000000000000e+00
1.759283679488528643e-04,1.699992805950561703e+01,1.699764218762980050e+01,1.631318209202560254e+01,1.203486185707980383e-08,3.012565709527804003e+00,0.000000000000000000e+00
1.760283679488528668e-04,1.699992816626889791e+01,1.699765715540417688e+01,1.631250029930038181e+01,1.203261529303389921e-08,3.007894400406802227e+00,0.000000000000000000e+00
1.761283679488528692e-04,1.699992827283817221e+01,1.699767198553230330e+01,1.631181850656934529e+01,1.204013191924424575e-08,3.003231347273279894e+00,0.000000000000000000e+00
1.762283679488528716e-04,1.699992837921393729e+01,1.699768667928742261e+01,1.631113671383254271e+01,1.200867560946505819e-08,2.998576535536626508e+00,0.000000000000000000e+00
1.763283679488528741e-04,1.699992848539635659e+01,1.699770123792840337e+01,1.631045492109004158e+01,1.203714128372723735e-08,2.993929950631719628e+00,0.000000000000000000e+00
1.764283679488528765e-04,1.699992859138597368e+01,1.699771566270519685e+01,1.630977312834189519e+01,1.202928109900192055e-08,2.989291578019503959e+00,0.000000000000000000e+00
1.765283679488528789e-04,1.699992869718315802e+01,1.699772995485485438e+01,1.630909133558815682e+01,1.202898544661046287e-08,2.984661403186464668e+00,0.000000000000000000e+00
1.766283679488528813e-04,1.699992880278832885e+01,1.699774411560341747e+01,1.630840954282887267e+01,1.200900084930012213e-08,2.980039411644773040e+00,0.000000000000000000e+00
1.767283679488528838e-04,1.699992890820175617e+01,1.699775814616470271e+01,1.630772775006411024e+01,1.203845886865728687e-08,2.975425588932053778e+00,0.000000000000000000e+00
1.768283679488528862e-04,1.699992901342400131e+01,1.699777204774311201e+01,1.630704595729391215e+01,1.200597157802185677e-08,2.970819920611776688e+00,0.000000000000000000e+00
1.769283679488528886e-04,1.699992911845529164e+01,1.699778582152976725e+01,1.630636416451834236e+01,1.202038274472627677e-08,2.966222392272592323e+00,0.000000000000000000e+00
1.770283679488528911e-04,1.699992922329609968e+01,1.699779946870650704e+01,1.630568237173744350e+01,1.201727517496919972e-08,2.961632989528846238e+00,0.000000000000000000e+00
1.771283679488528935e-04,1.699992932794679845e+01,1.699781299044375515e+01,1.630500057895126886e+01,1.199939134166605470e-08,2.957051698020229935e+00,0.000000000000000000e+00
1.772283679488528959e-04,1.699992943240765086e+01,1.699782638789955413e+01,1.630431878615988239e+01,1.202950086764964510e-08,2.952478503411681388e+00,0.000000000000000000e+00
1.773283679488528984e-04,1.699992953667915785e+01,1.699783966222337028e+01,1.630363699336331607e+01,1.199700772058776010e-08,2.947913391393699456e+00,0.000000000000000000e+00
1.774283679488529008e-04,1.699992964076168889e+01,1.699785281455317332e+01,1.630295520056163028e+01,1.200400825962510964e-08,2.943356347681957530e+00,0.000000000000000000e+00
1.775283679488529032e-04,1.699992974465557793e+01,1.699786584601648087e+01,1.630227340775487477e+01,1.200133920020718392e-08,2.938807358017308857e+00,0.000000000000000000e+00
1.776283679488529057e-04,1.699992984836127619e+01,1.699787875773050771e+01,1.630159161494309572e+01,1.199955607100733346e-08,2.934266408165944640e+00,0.000000000000000000e+00
1.777283679488529081e-04,1.699992995187911404e+01,1.699789155080165415e+01,1.630090982212634643e+01,1.199625249137525884e-08,2.929733483919057413e+00,0.000000000000000000e+00
1.778283679488529105e-04,1.699993005520948230e+01,1.699790422632666775e+01,1.630022802930468018e+01,1.199771365589796801e-08,2.925208571093050658e+00,0.000000000000000000e+00
1.779283679488529129e-04,1.699993015835279664e+01,1.699791678539210693e+01,1.629954623647813605e+01,1.198989507678049904e-08,2.920691655529367381e+00,0.000000000000000000e+00
1.780283679488529154e-04,1.699993026130920271e+01,1.699792922907290915e+01,1.629886444364677089e+01,1.201139079864965709e-08,2.916182723094228990e+00,0.000000000000000000e+00
1.781283679488529178e-04,1.699993036407937197e+01,1.699794155843730437e+01,1.629818265081061668e+01,1.196353324739440893e-08,2.911681759679345838e+00,0.000000000000000000e+00
1.782283679488529202e-04,1.699993046666349628e+01,1.699795377454054801e+01,1.629750085796974091e+01,1.199694688036601065e-08,2.907188751200884269e+00,0.000000000000000000e+00
1.783283679488529227e-04,1.699993056906205169e+01,1.699796587843002982e+01,1.629681906512417555e+01,1.197236945693624932e-08,2.902703683600170947e+00,0.000000000000000000e+00
1.784283679488529251e-04,1.699993067127529400e+01,1.699797787114204084e+01,1.629613727227396680e+01,1.197045104706084828e-08,2.898226542843169717e+00,0.000000000000000000e+00
1.785283679488529275e-04,1.699993077330358204e+01,1.699798975370365284e+01,1.629545547941917150e+01,1.197860519108751021e-08,2.893757314920725854e+00,0.000000000000000000e+00
1.786283679488529300e-04,1.699993087514733858e+01,1.699800152713342172e+01,1.629477368655982517e+01,1.197094476323989909e-08,2.889295985848524317e+00,0.000000000000000000e+00
1.787283679488529324e-04,1.699993097680700416e+01,1.699801319244013342e+01,1.629409189369597399e+01,1.195939625109332383e-08,2.884842541666965410e+00,0.000000000000000000e+00
1.788283679488529348e-04,1.699993107828267824e+01,1.699802475062138640e+01,1.629341010082767482e+01,1.200118898703195214e-08,2.880396968440775751e+00,0.000000000000000000e+00
1.789283679488529373e-04,1.699993117957500743e+01,1.699803620266893844e+01,1.629272830795495608e+01,1.196522911306452386e-08,2.875959252259869814e+00,0.000000000000000000e+00
1.790283679488529397e-04,1.699993128068433279e+01,1.699804754956339181e+01,1.629204651507786394e+01,1.195489440775077128e-08,2.871529379238418223e+00,0.000000000000000000e+00
1.791283679488529421e-04,1.699993138161087458e+01,1.699805879227545091e+01,1.629136472219644816e+01,1.197315477319271793e-08,2.867107335514993416e+00,0.000000000000000000e+00
1.792283679488529445e-04,1.699993148235506624e+01,1.699806993176811787e+01,1.629068292931074780e+01,1.195862428526872634e-08,2.862693107252919589e+00,0.000000000000000000e+00
1.793283679488529470e-04,1.699993158291726303e+01,1.699808096899545973e+01,1.629000113642080549e+01,1.196764576327780105e-08,2.858286680639857913e+00,0.000000000000000000e+00
1.794283679488529494e-04,1.699993168329788773e+01,1.699809190490277189e+01,1.628931934352666389e+01,1.196326276931003463e-08,2.853888041887942428e+00,0.000000000000000000e+00
1.795283679488529518e-04,1.699993178349717127e+01,1.699810274042518188e+01,1.628863755062836560e+01,1.196094481792364661e-08,2.849497177233499379e+00,0.000000000000000000e+00
1.796283679488529543e-04,1.699993188351560391e+01,1.699811347649149695e+01,1.628795575772594617e+01,1.195525897723648256e-08,2.845114072937420246e+00,0.000000000000000000e+00
1.797283679488529567e-04,1.699993198335343081e+01,1.699812411401986267e+01,1.628727396481945178e+01,1.195689269817279410e-08,2.840738715284643945e+00,0.000000000000000000e+00
1.798283679488529591e-04,1.699993208301112801e+01,1.699813465392159628e+01,1.628659217190891439e+01,1.192660195603600926e-08,2.836371090584562715e+00,0.000000000000000000e+00
1.799283679488529616e-04,1.699993218248884475e+01,1.699814509709729293e+01,1.628591037899439087e+01,1.196496454691775568e-08,2.832011185170438594e+00,0.000000000000000000e+00
1.800283679488529640e-04,1.699993228178710325e+01,1.699815544444200555e+01,1.628522858607590607e+01,1.193326004678141317e-08,2.827658985400042013e+00,0.000000000000000000e+00
1.801283679488529664e-04,1.699993238090613801e+01,1.699816569684006495e+01,1.628454679315350617e+01,1.195628163142004041e-08,2.823314477655004318e+00,0.000000000000000000e+00
1.802283679488529688e-04,1.699993247984634337e+01,1.699817585516917262e+01,1.628386500022722672e+01,1.194879123422865064e-08,2.818977648341130404e+00,0.000000000000000000e+00
1.803283679488529713e-04,1.699993257860818474e+01,1.699818592029915720e+01,1.628318320729711033e+01,1.193584511782752600e-08,2.814648483888352537e+00,0.000000000000000000e+00
1.804283679488529737e-04,1.699993267719189305e+01,1.699819589309054280e+01,1.628250141436319609e+01,1.194386806124825284e-08,2.810326970750328002e+00,0.000000000000000000e+00
1.805283679488529761e-04,1.699993277559790883e+01,1.699820577439703939e+01,1.628181962142550887e+01,1.192024878804431864e-08,2.806013095404874313e+00,0.000000000000000000e+00
1.806283679488529786e-04,1.699993287382639906e+01,1.699821556506231701e+01,1.628113782848410906e+01,1.195209528570551072e-08,2.801706844353428316e+00,0.000000000000000000e+00
1.807283679488529810e-04,1.699993297187798547e+01,1.699822526592577532e+01,1.628045603553900733e+01,1.190886059210249925e-08,2.797408204121722974e+00,0.000000000000000000e+00
1.808283679488529834e-04,1.699993306975262541e+01,1.699823487781475606e+01,1.627977424259027117e+01,1.195281171262330133e-08,2.793117161258648729e+00,0.000000000000000000e+00
1.809283679488529859e-04,1.699993316745102589e+01,1.699824440155354210e+01,1.627909244963790769e+01,1.190468926215437762e-08,2.788833702337615073e+00,0.000000000000000000e+00
1.810283679488529883e-04,1.699993326497326152e+01,1.699825383795443301e+01,1.627841065668197729e+01,1.194352042266366709e-08,2.784557813955121475e+00,0.000000000000000000e+00
1.811283679488529907e-04,1.699993336231984031e+01,1.699826318782562140e+01,1.627772886372250127e+01,1.192151355411397162e-08,2.780289482731779671e+00,0.000000000000000000e+00
1.812283679488529932e-04,1.699993345949100387e+01,1.699827245196573955e+01,1.627704707075951873e+01,1.193239060337525359e-08,2.776028695311592465e+00,0.000000000000000000e+00
1.813283679488529956e-04,1.699993355648720694e+01,1.699828163116751512e+01,1.627636527779306519e+01,1.191794246624411358e-08,2.771775438362361399e+00,0.000000000000000000e+00
1.814283679488529980e-04,1.699993365330875505e+01,1.699829072621558268e+01,1.627568348482317973e+01,1.191573814618429594e-08,2.767529698575315500e+00,0.000000000000000000e+00
1.815283679488530004e-04,1.699993374995600703e+01,1.699829973788737547e+01,1.627500169184988721e+01,1.191347179241297738e-08,2.763291462665244502e+00,0.000000000000000000e+00
1.816283679488530029e-04,1.699993384642918670e+01,1.699830866695248233e+01,1.627431989887323027e+01,1.190726672817277176e-08,2.759060717370266147e+00,0.000000000000000000e+00
1.817283679488530053e-04,1.699993394272864577e+01,1.699831751417383074e+01,1.627363810589324444e+01,1.193060319981675832e-08,2.754837449452089082e+00,0.000000000000000000e+00
1.818283679488530077e-04,1.699993403885500598e+01,1.699832628030960535e+01,1.627295631290994393e+01,1.188668724561026124e-08,2.750621645696066153e+00,0.000000000000000000e+00
1.819283679488530102e-04,1.699993413480821758e+01,1.699833496610599681e+01,1.627227451992339269e+01,1.192787660309058140e-08,2.746413292910224513e+00,0.000000000000000000e+00
1.820283679488530126e-04,1.699993423058887387e+01,1.699834357230712811e+01,1.627159272693359782e+01,1.189395940071058533e-08,2.742212377926575684e+00,0.000000000000000000e+00
1.821283679488530150e-04,1.699993432619711342e+01,1.699835209964666305e+01,1.627091093394060550e+01,1.190275078499780648e-08,2.738018887599925399e+00,0.000000000000000000e+00
1.822283679488530175e-04,1.699993442163325597e+01,1.699836054885302872e+01,1.627022914094445483e+01,1.192731347021691590e-08,2.733832808808483783e+00,0.000000000000000000e+00
1.823283679488530199e-04,1.699993451689784862e+01,1.699836892064918814e+01,1.626954734794516000e+01,1.190513115867375404e-08,2.729654128453886663e+00,0.000000000000000000e+00
1.824283679488530223e-04,1.699993461199122535e+01,1.699837721575044114e+01,1.626886555494275655e+01,1.188395465367975135e-08,2.725482833460702636e+00,0.000000000000000000e+00
1.825283679488530248e-04,1.699993470691351760e+01,1.699838543486391629e+01,1.626818376193728355e+01,1.190546011775595048e-08,2.721318910776392208e+00,0.000000000000000000e+00
1.826283679488530272e-04,1.699993480166526894e+01,1.699839357869263523e+01,1.626750196892876588e+01,1.188823131603733430e-08,2.717162347371906428e+00,0.000000000000000000e+00
1.827283679488530296e-04,1.699993489624652199e+01,1.699840164793027597e+01,1.626682017591724616e+01,1.190502435521878510e-08,2.713013130240714332e+00,0.000000000000000000e+00
1.828283679488530320e-04,1.699993499065784874e+01,1.699840964326740078e+01,1.626613838290274217e+01,1.188352927172786622e-08,2.708871246399813693e+00,0.000000000000000000e+00
1.829283679488530345e-04,1.699993508489938421e+01,1.699841756538532778e+01,1.626545658988529652e+01,1.191286727597606898e-08,2.704736682888677635e+00,0.000000000000000000e+00
1.830283679488530369e-04,1.699993517897169681e+01,1.699842541496168025e+01,1.626477479686492700e+01,1.187897344379074127e-08,2.700609426770136601e+00,0.000000000000000000e+00
1.831283679488530393e-04,1.699993527287490025e+01,1.699843319266504693e+01,1.626409300384166556e+01,1.188739073842981497e-08,2.696489465129416452e+00,0.000000000000000000e+00
1.832283679488530418e-04,1.699993536660935689e+01,1.699844089915972134e+01,1.626341121081554419e+01,1.188421988596033430e-08,2.692376785074838352e+00,0.000000000000000000e+00
1.833283679488530442e-04,1.699993546017551793e+01,1.699844853510395382e+01,1.626272941778659131e+01,1.188193310408536263e-08,2.688271373737561198e+00,0.000000000000000000e+00
1.834283679488530466e-04,1.699993555357362496e+01,1.699845610114897809e+01,1.626204762475483889e+01,1.187948059366839004e-08,2.684173218271292072e+00,0.000000000000000000e+00
1.835283679488530491e-04,1.699993564680401548e+01,1.699846359794003092e+01,1.626136583172031180e+01,1.187669501634402991e-08,2.680082305852549140e+00,0.000000000000000000e+00
1.836283679488530515e-04,1.699993573986689910e+01,1.699847102611629879e+01,1.626068403868304202e+01,1.188884846126114780e-08,2.675998623680343691e+00,0.000000000000000000e+00
1.837283679488530539e-04,1.699993583276269860e+01,1.699847838631196595e+01,1.626000224564306151e+01,1.188829126808066405e-08,2.671922158976551387e+00,0.000000000000000000e+00
1.838283679488530564e-04,1.699993592549182964e+01,1.699848567915555719e+01,1.625932045260038095e+01,1.185548020865567764e-08,2.667852898985626275e+00,0.000000000000000000e+00
1.839283679488530588e-04,1.699993601805435262e+01,1.699849290526752554e+01,1.625863865955504650e+01,1.188847628674771784e-08,2.663790830974182455e+00,0.000000000000000000e+00
1.840283679488530612e-04,1.699993611045092834e+01,1.699850006526596857e+01,1.625795686650707239e+01,1.186012593690222161e-08,2.659735942231962191e+00,0.000000000000000000e+00
1.841283679488530636e-04,1.699993620268159944e+01,1.699850715975976456e+01,1.625727507345650125e+01,1.187746578867887592e-08,2.655688220070531180e+00,0.000000000000000000e+00
1.842283679488530661e-04,1.699993629474678869e+01,1.699851418935474356e+01,1.625659328040334373e+01,1.185880232901226350e-08,2.651647651824273311e+00,0.000000000000000000e+00
1.843283679488530685e-04,1.699993638664673767e+01,1.699852115464933178e+01,1.625591148734763536e+01,1.186177303602597988e-08,2.647614224849773379e+00,0.000000000000000000e+00
1.844283679488530709e-04,1.699993647838174837e+01,1.699852805623746121e+01,1.625522969428939746e+01,1.186464010372034750e-08,2.643587926525978737e+00,0.000000000000000000e+00
1.845283679488530734e-04,1.699993656995207658e+01,1.699853489470690704e+01,1.625454790122866200e+01,1.186839823641427927e-08,2.639568744254161103e+00,0.000000000000000000e+00
1.846283679488530758e-04,1.699993666135836179e+01,1.699854167064217236e+01,1.625386610816545030e+01,1.184541445486964051e-08,2.635556665458201664e+00,0.000000000000000000e+00
1.847283679488530782e-04,1.699993675260062531e+01,1.699854838461902418e+01,1.625318431509979789e+01,1.187848497341548182e-08,2.631551677583579441e+00,0.000000000000000000e+00
1.848283679488530807e-04,1.699993684367932545e+01,1.699855503721067862e+01,1.625250252203171542e+01,1.183977238472522231e-08,2.627553768098413123e+00,0.000000000000000000e+00
1.849283679488530831e-04,1.699993693459465050e+01,1.699856162898329259e+01,1.625182072896123842e+01,1.186441445089059243e-08,2.623562924492693682e+00,0.000000000000000000e+00
1.850283679488530855e-04,1.699993702534703743e+01,1.699856816049920383e+01,1.625113893588838465e+01,1.184799919284884595e-08,2.619579134278769317e+00,0.000000000000000000e+00
1.851283679488530880e-04,1.699993711593666035e+01,1.699857463231342791e+01,1.625045714281318610e+01,1.185454048813205929e-08,2.615602384990791229e+00,0.000000000000000000e+00
1.852283679488530904e-04,1.699993720636388161e+01,1.699858104497758049e+01,1.624977534973567472e+01,1.186851419920920137e-08,2.611632664185123076e+00,0.000000000000000000e+00
1.853283679488530928e-04,1.699993729662902808e+01,1.699858739903776339e+01,1.624909355665586475e+01,1.186792919494195075e-08,2.607669959440087837e+00,0.000000000000000000e+00
1.854283679488530952e-04,1.699993738673248700e+01,1.699859369503607454e+01,1.624841176357377392e+01,1.185321138463812929e-08,2.603714258356029987e+00,0.000000000000000000e+00
1.855283679488530977e-04,1.699993747667449639e+01,1.699859993350766274e+01,1.624772997048943068e+01,1.184035916534931232e-08,2.599765548555040162e+00,0.000000000000000000e+00
1.856283679488531001e-04,1.699993756645533693e+01,1.699860611498362317e+01,1.624704817740285989e+01,1.185324205454918456e-08,2.595823817681138124e+00,0.000000000000000000e+00
1.857283679488531025e-04,1.699993765607530349e+01,1.699861223999032589e+01,1.624636638431408286e+01,1.183638798085695498e-08,2.591889053852156621e+00,0.000000000000000000e+00
1.858283679488531050e-04,1.699993774553461989e+01,1.699861830904815463e+01,1.624568459122312802e+01,1.185161924155408997e-08,2.587961244774573899e+00,0.000000000000000000e+00
1.859283679488531074e-04,1.699993783483362364e+01,1.699862432267374857e+01,1.624500279813001669e+01,1.185944439874297984e-08,2.584040378197239640e+00,0.000000000000000000e+00
1.860283679488531098e-04,1.699993792397284054e+01,1.699863028138056364e+01,1.624432100503476661e+01,1.184994175007503259e-08,2.580126441901018808e+00,0.000000000000000000e+00
1.861283679488531123e-04,1.699993801295238782e+01,1.699863618567413326e+01,1.624363921193740623e+01,1.182890738138375752e-08,2.576219423695119026e+00,0.000000000000000000e+00
1.862283679488531147e-04,1.699993810177251774e+01,1.699864203605650559e+01,1.624295741883796040e+01,1.185358125543878316e-08,2.572319311416988441e+00,0.000000000000000000e+00
1.863283679488531171e-04,1.699993819043369569e+01,1.699864783302655979e+01,1.624227562573644335e+01,1.183614631306006970e-08,2.568426092932573290e+00,0.000000000000000000e+00
1.864283679488531196e-04,1.699993827893615261e+01,1.699865357707677660e+01,1.624159383263287992e+01,1.183524778181066495e-08,2.564539756136272608e+00,0.000000000000000000e+00
1.865283679488531220e-04,1.699993836728017627e+01,1.699865926869566124e+01,1.624091203952729145e+01,1.183735254262074932e-08,2.560660288951919661e+00,0.000000000000000000e+00
1.866283679488531244e-04,1.699993845546591587e+01,1.699866490836611277e+01,1.624023024641970281e+01,1.185885770138561668e-08,2.556787679333261565e+00,0.000000000000000000e+00
1.867283679488531268e-04,1.699993854349384748e+01,1.699867049656863571e+01,1.623954845331012464e+01,1.182192077564536703e-08,2.552921915265295993e+00,0.000000000000000000e+00
1.868283679488531293e-04,1.699993863136421623e+01,1.699867603377805381e+01,1.623886666019859604e+01,1.184598671932768355e-08,2.549062984764534967e+00,0.000000000000000000e+00
1.869283679488531317e-04,1.699993871907746623e+01,1.699868152046602177e+01,1.623818486708511699e+01,1.181085743096055296e-08,2.545210875880456136e+00,0.000000000000000000e+00
1.870283679488531341e-04,1.699993880663362589e+01,1.699868695709693611e+01,1.623750307396972303e+01,1.183751055511272909e-08,2.541365576695976181e+00,0.000000000000000000e+00
1.871283679488531366e-04,1.699993889403299718e+01,1.699869234413299068e+01,1.623682128085243548e+01,1.182896672280442374e-08,2.537527075329342630e+00,0.000000000000000000e+00
1.872283679488531390e-04,1.699993898127613789e+01,1.699869768203370057e+01,1.623613948773326499e+01,1.181960410101545733e-08,2.533695359935379088e+00,0.000000000000000000e+00
1.873283679488531414e-04,1.699993906836313329e+01,1.699870297125105623e+01,1.623545769461223998e+01,1.183763531642512135e-08,2.529870418706241963e+00,0.000000000000000000e+00
1.874283679488531439e-04,1.699993915529435284e+01,1.699870821223506567e+01,1.623477590148937466e+01,1.182424852474994736e-08,2.526052239873758154e+00,0.000000000000000000e+00
1.875283679488531463e-04,1.699993924206998486e+01,1.699871340543014142e+01,1.623409410836469391e+01,1.182331987870099965e-08,2.522240811710691588e+00,0.000000000000000000e+00
1.876283679488531487e-04,1.699993932869027802e+01,1.699871855127663878e+01,1.623341231523822259e+01,1.184294015632580965e-08,2.518436122532861532e+00,0.000000000000000000e+00
1.877283679488531512e-04,1.699993941515571194e+01,1.699872365021312604e+01,1.623273052210996781e+01,1.182597789139983036e-08,2.514638160701456293e+00,0.000000000000000000e+00
1.878283679488531536e-04,1.699993950146665256e+01,1.699872870267284242e+01,1.623204872897995088e+01,1.180339523343398866e-08,2.510846914624960569e+00,0.000000000000000000e+00
1.879283679488531560e-04,1.699993958762313540e+01,1.699873370908323977e+01,1.623136693584819312e+01,1.181428457841526836e-08,2.507062372761442504e+00,0.000000000000000000e+00
1.880283679488531584e-04,1.699993967362550151e+01,1.699873866986936477e+01,1.623068514271471585e+01,1.181805267536084614e-08,2.503284523621985613e+00,0.000000000000000000e+00
1.881283679488531609e-04,1.699993975947403513e+01,1.699874358545235253e+01,1.623000334957953683e+01,1.181106029646272759e-08,2.499513355773306245e+00,0.000000000000000000e+00
1.882283679488531633e-04,1.699993984516907020e+01,1.699874845624953679e+01,1.622932155644267738e+01,1.181933120819600447e-08,2.495748857841213919e+00,0.000000000000000000e+00
1.883283679488531657e-04,1.699993993071083409e+01,1.699875328267383168e+01,1.622863976330415170e+01,1.181133033045789205e-08,2.491991018514029932e+00,0.000000000000000000e+00
1.884283679488531682e-04,1.699994001609957195e+01,1.699875806513429666e+01,1.622795797016397401e+01,1.180702086100993142e-08,2.488239826546731592e+00,0.000000000000000000e+00
1.885283679488531706e-04,1.699994010133567102e+01,1.699876280403745454e+01,1.622727617702216918e+01,1.180490891150576260e-08,2.484495270765417096e+00,0.000000000000000000e+00
1.886283679488531730e-04,1.699994018641936933e+01,1.699876749978487211e+01,1.622659438387875497e+01,1.181878175882111748e-08,2.480757340071741979e+00,0.000000000000000000e+00
1.887283679488531755e-04,1.699994027135096175e+01,1.699877215277480147e+01,1.622591259073374204e+01,1.180470524109189512e-08,2.477026023448344993e+00,0.000000000000000000e+00
1.888283679488531779e-04,1.699994035613073962e+01,1.699877676340185673e+01,1.622523079758715170e+01,1.179203945600448833e-08,2.473301309964506700e+00,0.000000000000000000e+00
1.889283679488531803e-04,1.699994044075882016e+01,1.699878133205592690e+01,1.622454900443900883e+01,1.181083977841446142e-08,2.469583188782158878e+00,0.000000000000000000e+00
1.890283679488531828e-04,1.699994052523556576e+01,1.699878585912446027e+01,1.622386721128932408e+01,1.181148170936729969e-08,2.465871649163150714e+00,0.000000000000000000e+00
1.891283679488531852e-04,1.699994060956136366e+01,1.699879034499239694e+01,1.622318541813810810e+01,1.177381347972072945e-08,2.462166680476439495e+00,0.000000000000000000e+00
1.892283679488531876e-04,1.699994069373630623e+01,1.699879479003850591e+01,1.622250362498538934e+01,1.180228265118543618e-08,2.458468272205915461e+00,0.000000000000000000e+00
1.893283679488531900e-04,1.699994077776071677e+01,1.699879919463974431e+01,1.622182183183117488e+01,1.178332256768221953e-08,2.454776413959825376e+00,0.000000000000000000e+00
1.894283679488531925e-04,1.699994086163472318e+01,1.699880355916811681e+01,1.622114003867549314e+01,1.180782285836734502e-08,2.451091095480033566e+00,0.000000000000000000e+00
1.895283679488531949e-04,1.699994094535890454e+01,1.699880788399538645e+01,1.622045824551834770e+01,1.177752892433936438e-08,2.447412306653270697e+00,0.000000000000000000e+00
1.896283679488531973e-04,1.699994102893329284e+01,1.699881216948665497e+01,1.621977645235976340e+01,1.178434386184257221e-08,2.443740037521708430e+00,0.000000000000000000e+00
1.897283679488531998e-04,1.699994111235816874e+01,1.699881641600478588e+01,1.621909465919975091e+01,1.178225525477749613e-08,2.440074278296400223e+00,0.000000000000000000e+00
1.898283679488532022e-04,1.699994119563366013e+01,1.699882062390840431e+01,1.621841286603833865e+01,1.179863345912579575e-08,2.436415019370668844e+00,0.000000000000000000e+00
1.899283679488532046e-04,1.699994127876028926e+01,1.699882479355515486e+01,1.621773107287552307e+01,1.176640110345239520e-08,2.432762251335718773e+00,0.000000000000000000e+00
1.900283679488532071e-04,1.699994136173802062e+01,1.699882892529624456e+01,1.621704927971133969e+01,1.180860728644539392e-08,2.429115964996062083e+00,0.000000000000000000e+00
1.901283679488532095e-04,1.699994144456734091e+01,1.699883301948316472e+01,1.621636748654578142e+01,1.176449171413906924e-08,2.425476151388558321e+00,0.000000000000000000e+00
1.902283679488532119e-04,1.699994152724820040e+01,1.699883707646008091e+01,1.621568569337888377e+01,1.180179268200909348e-08,2.421842801800885958e+00,0.000000000000000000e+00
1.903283679488532143e-04,1.699994160978109647e+01,1.699884109657193676e+01,1.621500390021065741e+01,1.178981512417465183e-08,2.418215907793905828e+00,0.000000000000000000e+00
1.904283679488532168e-04,1.699994169216621387e+01,1.699884508015834328e+01,1.621432210704110943e+01,1.177327318968579561e-08,2.414595461224055661e+00,0.000000000000000000e+00
1.905283679488532192e-04,1.699994177440360232e+01,1.699884902755541205e+01,1.621364031387025761e+01,1.176829220184139047e-08,2.410981454268831037e+00,0.000000000000000000e+00
1.906283679488532216e-04,1.699994185649358158e+01,1.699885293909723671e+01,1.621295852069812682e+01,1.178401481949364893e-08,2.407373879454785204e+00,0.000000000000000000e+00
1.907283679488532241e-04,1.699994193843634704e+01,1.699885681511439017e+01,1.621227672752472060e+01,1.177917097194836060e-08,2.403772729687177367e+00,0.000000000000000000e+00
1.908283679488532265e-04,1.699994202023211898e+01,1.699886065593430473e+01,1.621159493435005317e+01,1.177115857564636769e-08,2.400177998282898351e+00,0.000000000000000000e+00
1.909283679488532289e-04,1.699994210188099331e+01,1.699886446188086708e+01,1.621091314117414584e+01,1.177789796247274978e-08,2.396589679005968421e+00,0.000000000000000000e+00
1.910283679488532314e-04,1.699994218338325069e+01,1.699886823327636520e+01,1.621023134799701637e+01,1.178843800353490678e-08,2.393007766106672207e+00,0.000000000000000000e+00
1.911283679488532338e-04,1.699994226473913983e+01,1.699887197043983278e+01,1.620954955481866122e+01,1.175592642677081301e-08,2.389432254363635266e+00,0.000000000000000000e+00
1.912283679488532362e-04,1.699994234594869624e+01,1.699887567368606511e+01,1.620886776163910881e+01,1.176510308620315470e-08,2.385863139129685173e+00,0.000000000000000000e+00
1.913283679488532387e-04,1.699994242701205849e+01,1.699887934332743811e+01,1.620818596845837334e+01,1.177736963509090629e-08,2.382300416382198804e+00,0.000000000000000000e+00
1.914283679488532411e-04,1.699994250792965289e+01,1.699888297967546791e+01,1.620750417527645837e+01,1.174697616956876800e-08,2.378744082777833668e+00,0.000000000000000000e+00
1.915283679488532435e-04,1.699994258870123431e+01,1.699888658303469313e+01,1.620682238209339232e+01,1.178199887652553457e-08,2.375194135710771981e+00,0.000000000000000000e+00
1.916283679488532459e-04,1.699994266932718290e+01,1.699889015371091006e+01,1.620614058890917875e+01,1.175749203552456379e-08,2.371650573378545346e+00,0.000000000000000000e+00
1.917283679488532484e-04,1.699994274980753062e+01,1.699889369200483813e+01,1.620545879572382830e+01,1.175298644517930313e-08,2.368113394851123488e+00,0.000000000000000000e+00
1.918283679488532508e-04,1.699994283014220642e+01,1.699889719821345935e+01,1.620477700253736941e+01,1.178307862392813377e-08,2.364582600147339342e+00,0.000000000000000000e+00
1.919283679488532532e-04,1.699994291033157623e+01,1.699890067263486060e+01,1.620409520934979497e+01,1.174578326268438389e-08,2.361058190318249039e+00,0.000000000000000000e+00
1.920283679488532557e-04,1.699994299037549084e+01,1.699890411556027914e+01,1.620341341616113340e+01,1.177295669285705060e-08,2.357540167536150477e+00,0.000000000000000000e+00
1.921283679488532581e-04,1.699994307027406748e+01,1.699890752728078169e+01,1.620273162297138825e+01,1.174181876728574991e-08,2.354028535193072535e+00,0.000000000000000000e+00
1.922283679488532605e-04,1.699994315002721379e+01,1.699891090808310068e+01,1.620204982978057728e+01,1.175578356882311937e-08,2.350523298006475414e+00,0.000000000000000000e+00
1.923283679488532630e-04,1.699994322963498306e+01,1.699891425825210689e+01,1.620136803658871827e+01,1.176574099259752870e-08,2.347024462134824851e+00,0.000000000000000000e+00
1.924283679488532654e-04,1.699994330909751739e+01,1.699891757807138859e+01,1.620068624339581120e+01,1.173732086523493479e-08,2.343532035302636984e+00,0.000000000000000000e+00
1.925283679488532678e-04,1.699994338841455388e+01,1.699892086781893852e+01,1.620000445020188096e+01,1.176066893870952867e-08,2.340046026935710621e+00,0.000000000000000000e+00
1.926283679488532703e-04,1.699994346758614228e+01,1.699892412777256467e+01,1.619932265700693463e+01,1.175133368391811928e-08,2.336566448309106647e+00,0.000000000000000000e+00
1.927283679488532727e-04,1.699994354661203388e+01,1.699892735820641576e+01,1.619864086381098645e+01,1.175636993311357514e-08,2.333093312706249201e+00,0.000000000000000000e+00
1.928283679488532751e-04,1.699994362549216476e+01,1.699893055939276820e+01,1.619795907061403284e+01,1.172851871178437477e-08,2.329626635592543238e+00,0.000000000000000000e+00
1.929283679488532775e-04,1.699994370422620094e+01,1.699893373159954990e+01,1.619727727741610579e+01,1.175212843707029720e-08,2.326166434802571459e+00,0.000000000000000000e+00
1.930283679488532800e-04,1.699994378281401808e+01,1.699893687509446139e+01,1.619659548421720885e+01,1.175150882160025390e-08,2.322712730743959675e+00,0.000000000000000000e+00
1.931283679488532824e-04,1.699994386125544565e+01,1.699893999014241075e+01,1.619591369101735623e+01,1.173141575550040727e-08,2.319265546617289786e+00,0.000000000000000000e+00
1.932283679488532848e-04,1.699994393954992944e+01,1.699894307700364493e+01,1.619523189781656214e+01,1.175550026766281064e-08,2.315824908654240843e+00,0.000000000000000000e+00
1.933283679488532873e-04,1.699994401769729890e+01,1.699894613593921378e+01,1.619455010461482658e+01,1.172722105535761727e-08,2.312390846376398912e+00,0.000000000000000000e+00
1.934283679488532897e-04,1.699994409569694653e+01,1.699894916720478832e+01,1.619386831141216732e+01,1.172545344152453595e-08,2.308963392873646825e+00,0.000000000000000000e+00
1.935283679488532921e-04,1.699994417354831100e+01,1.699895217105447642e+01,1.619318651820860566e+01,1.176381822509675601e-08,2.305542585106530318e+00,0.000000000000000000e+00
1.936283679488532946e-04,1.699994425125115427e+01,1.699895514774270211e+01,1.619250472500413451e+01,1.173219629779786999e-08,2.302128464232861660e+00,0.000000000000000000e+00
1.937283679488532970e-04,1.699994432880448514e+01,1.699895809751680886e+01,1.619182293179878229e+01,1.176162112148659844e-08,2.298721075959200277e+00,0.000000000000000000e+00
1.938283679488532994e-04,1.699994440620799807e+01,1.699896102062686509e+01,1.619114113859254545e+01,1.172078537003962140e-08,2.295320470922942668e+00,0.000000000000000000e+00
1.939283679488533019e-04,1.699994448346054199e+01,1.699896391731596879e+01,1.619045934538544884e+01,1.175589933732901216e-08,2.291926705101685613e+00,0.000000000000000000e+00
1.940283679488533043e-04,1.699994456056141701e+01,1.699896678782812742e+01,1.618977755217749603e+01,1.172199773358251207e-08,2.288539840257614699e+00,0.000000000000000000e+00
1.941283679488533067e-04,1.699994463750939389e+01,1.699896963240252390e+01,1.618909575896870123e+01,1.173676195120876287e-08,2.285159944414185240e+00,0.000000000000000000e+00
1.942283679488533091e-04,1.699994471430359155e+01,1.699897245127823453e+01,1.618841396575906444e+01,1.172143668237701775e-08,2.281787092371557080e+00,0.000000000000000000e+00
1.943283679488533116e-04,1.699994479094259958e+01,1.699897524469039922e+01,1.618773217254860697e+01,1.173609148752419173e-08,2.278421366259545167e+00,0.000000000000000000e+00
1.944283679488533140e-04,1.699994486742520650e+01,1.699897801287369958e+01,1.618705037933733593e+01,1.173172223256635505e-08,2.275062856134145939e+00,0.000000000000000000e+00
1.945283679488533164e-04,1.699994494374994147e+01,1.699898075605938175e+01,1.618636858612525842e+01,1.171803973298857215e-08,2.271711660617291351e+00,0.000000000000000000e+00
1.946283679488533189e-04,1.699994501991507789e+01,1.699898347447638969e+01,1.618568679291238865e+01,1.172692207229708572e-08,2.268367887584391340e+00,0.000000000000000000e+00
1.947283679488533213e-04,1.699994509591883940e+01,1.699898616835204734e+01,1.618500499969873019e+01,1.171045155290428852e-08,2.265031654902021074e+00,0.000000000000000000e+00
1.948283679488533237e-04,1.699994517175920450e+01,1.699898883791072635e+01,1.618432320648430434e+01,1.172300867491316012e-08,2.261703091218095985e+00,0.000000000000000000e+00
1.949283679488533262e-04,1.699994524743402735e+01,1.699899148337531329e+01,1.618364141326911465e+01,1.172460564746735656e-08,2.258382336807990498e+00,0.000000000000000000e+00
1.950283679488533286e-04,1.699994532294102356e+01,1.699899410496650631e+01,1.618295962005317179e+01,1.171195718185913393e-08,2.255069544479048282e+00,0.000000000000000000e+00
1.951283679488533310e-04,1.699994539827745754e+01,1.699899670290209031e+01,1.618227782683648641e+01,1.172586647224527212e-08,2.251764880536037516e+00,0.000000000000000000e+00
1.952283679488533335e-04,1.699994547344060081e+01,1.699899927739871686e+01,1.618159603361906562e+01,1.171271424293962582e-08,2.248468525811305518e+00,0.000000000000000000e+00
1.953283679488533359e-04,1.699994554842740158e+01,1.699900182867047249e+01,1.618091424040092363e+01,1.172112512604073231e-08,2.245180676760643479e+00,0.000000000000000000e+00
1.954283679488533383e-04,1.699994562323435332e+01,1.699900435692871881e+01,1.618023244718207110e+01,1.173464431181159284e-08,2.241901546628028541e+00,0.000000000000000000e+00
1.955283679488533407e-04,1.699994569785792820e+01,1.699900686238389724e+01,1.617955065396250802e+01,1.171512384323669664e-08,2.238631366681710588e+00,0.000000000000000000e+00
1.956283679488533432e-04,1.699994577229420400e+01,1.699900934524425722e+01,1.617886886074224151e+01,1.170477775813694166e-08,2.235370387521815161e+00,0.000000000000000000e+00
1.957283679488533456e-04,1.699994584653871499e+01,1.699901180571433557e+01,1.617818706752129643e+01,1.172454150433210884e-08,2.232118880461691823e+00,0.000000000000000000e+00
1.958283679488533480e-04,1.699994592058686393e+01,1.699901424399811489e+01,1.617750527429966567e+01,1.170812152784250770e-08,2.228877138983717643e+00,0.000000000000000000e+00
1.959283679488533505e-04,1.699994599443349941e+01,1.699901666029628444e+01,1.617682348107736701e+01,1.169885269214354651e-08,2.225645480268048537e+00,0.000000000000000000e+00
1.960283679488533529e-04,1.699994606807300102e+01,1.699901905480775000e+01,1.617614168785441819e+01,1.173305969048854536e-08,2.222424246794346914e+00,0.000000000000000000e+00
1.961283679488533553e-04,1.699994614149970573e+01,1.699902142773136760e+01,1.617545989463080502e+01,1.169428084923929134e-08,2.219213808014260714e+00,0.000000000000000000e+00
1.962283679488533578e-04,1.699994621470700196e+01,1.699902377926099462e+01,1.617477810140655237e+01,1.169962565716886616e-08,2.216014562089225315e+00,0.000000000000000000e+00
1.963283679488533602e-04,1.699994628768782334e+01,1.699902610958912419e+01,1.617409630818167088e+01,1.173544286747763010e-08,2.212826937691493967e+00,0.000000000000000000e+00
1.964283679488533626e-04,1.699994636043493657e+01,1.699902841890878591e+01,1.617341451495614990e+01,1.167158752979347014e-08,2.209651395859859591e+00,0.000000000000000000e+00
1.965283679488533651e-04,1.699994643293993946e+01,1.699903070740643329e+01,1.617273272173002141e+01,1.172086111500547645e-08,2.206488431900348601e+00,0.000000000000000000e+00
1.966283679488533675e-04,1.699994650519424155e+01,1.699903297526967805e+01,1.617205092850328541e+01,1.170299537833763281e-08,2.203338577324004177e+00,0.000000000000000000e+00
1.967283679488533699e-04,1.699994657718836777e+01,1.699903522268256140e+01,1.617136913527594544e+01,1.169291180547205045e-08,2.200202401804621566e+00,0.000000000000000000e+00
1.968283679488533723e-04,1.699994664891231722e+01,1.699903744982817244e+01,1.617068734204800506e+01,1.168564259246274162e-08,2.197080515142555868e+00,0.000000000000000000e+00
1.969283679488533748e-04,1.699994672035513332e+01,1.699903965688570295e+01,1.617000554881948560e+01,1.171317867698640214e-08,2.193973569213386376e+00,0.000000000000000000e+00
1.970283679488533772e-04,1.699994679150535504e+01,1.699904184403476393e+01,1.616932375559038704e+01,1.168376465021658817e-08,2.190882259879810334e+00,0.000000000000000000e+00
1.971283679488533796e-04,1.699994686235031338e+01,1.699904401144947386e+01,1.616864196236072004e+01,1.171018751411345704e-08,2.187807328838138332e+00,0.000000000000000000e+00
1.972283679488533821e-04,1.699994693287693792e+01,1.699904615930537233e+01,1.616796016913048817e+01,1.168675223262027885e-08,2.184749565371243207e+00,0.000000000000000000e+00
1.973283679488533845e-04,1.699994700307079398e+01,1.699904828777304999e+01,1.616727837589970562e+01,1.169767654962683423e-08,2.181709807969774317e+00,0.000000000000000000e+00
1.974283679488533869e-04,1.699994707291679674e+01,1.699905039702198550e+01,1.616659658266837241e+01,1.168910432336467409e-08,2.178688945785999032e+00,0.000000000000000000e+00
1.975283679488533894e-04,1.699994714239888793e+01,1.699905248722002327e+01,1.616591478943649918e+01,1.168018798347603138e-08,2.175687919873940501e+00,0.000000000000000000e+00
1.976283679488533918e-04,1.699994721149971610e+01,1.699905455853124181e+01,1.616523299620409304e+01,1.169064445250000972e-08,2.172707724169419485e+00,0.000000000000000000e+00
1.977283679488533942e-04,1.699994728020105228e+01,1.699905661111839805e+01,1.616455120297116466e+01,1.169673696788109396e-08,2.169749406158691940e+00,0.000000000000000000e+00
1.978283679488533967e-04,1.699994734848378997e+01,1.699905864514293086e+01,1.616386940973771402e+01,1.168220614689019499e-08,2.166814067179670289e+00,0.000000000000000000e+00
1.979283679488533991e-04,1.699994741632730566e+01,1.699906066076158950e+01,1.616318761650375890e+01,1.168970273357494705e-08,2.163902862297010010e+00,0.000000000000000000e+00
1.980283679488534015e-04,1.699994748371019782e+01,1.699906265813126183e+01,1.616250582326929930e+01,1.167455218609170231e-08,2.161016999692947138e+00,0.000000000000000000e+00
1.981283679488534039e-04,1.699994755060964735e+01,1.699906463740447649e+01,1.616182403003434942e+01,1.170187274857070747e-08,2.158157739509825923e+00,0.000000000000000000e+00
1.982283679488534064e-04,1.699994761700202517e+01,1.699906659873383674e+01,1.616114223679890216e+01,1.166943155994637493e-08,2.155326392085844311e+00,0.000000000000000000e+00
1.983283679488534088e-04,1.699994768286228108e+01,1.699906854226737707e+01,1.616046044356297529e+01,1.170123456462057732e-08,2.152524315522986953e+00,0.000000000000000000e+00
1.984283679488534112e-04,1.699994774816458332e+01,1.699907046815297562e+01,1.615977865032656169e+01,1.166665891672025168e-08,2.149752912534333760e+00,0.000000000000000000e+00
1.985283679488534137e-04,1.699994781288162571e+01,1.699907237653366465e+01,1.615909685708968269e+01,1.169046548454844014e-08,2.147013626519691520e+00,0.000000000000000000e+00
1.986283679488534161e-04,1.699994787698529564e+01,1.699907426755207496e+01,1.615841506385234183e+01,1.167920174460768123e-08,2.144307936831847172e+00,0.000000000000000000e+00
1.987283679488534185e-04,1.699994794044653545e+01,1.699907614134872702e+01,1.615773327061453557e+01,1.167070182161999981e-08,2.141637353202269445e+00,0.000000000000000000e+00
1.988283679488534210e-04,1.699994800323512933e+01,1.699907799806025466e+01,1.615705147737628167e+01,1.167427715609292704e-08,2.139003409311502679e+00,0.000000000000000000e+00
1.989283679488534234e-04,1.699994806532021485e+01,1.699907983782189902e+01,1.615636968413758012e+01,1.167762084253176624e-08,2.136407655505879077e+00,0.000000000000000000e+00
1.990283679488534258e-04,1.699994812667031141e+01,1.699908166076825111e+01,1.615568789089843094e+01,1.164669971576159924e-08,2.133851650678863621e+00,0.000000000000000000e+00
1.991283679488534283e-04,1.699994818725287260e+01,1.699908346702802220e+01,1.615500609765885898e+01,1.169387256472198544e-08,2.131336953357197750e+00,0.000000000000000000e+00
1.992283679488534307e-04,1.699994824703533780e+01,1.699908525673142989e+01,1.615432430441885003e+01,1.166934271434882930e-08,2.128865112056212539e+00,0.000000000000000000e+00
1.993283679488534331e-04,1.699994830598462059e+01,1.699908703000541266e+01,1.615364251117841476e+01,1.166390667384220592e-08,2.126437654987012316e+00,0.000000000000000000e+00
1.994283679488534355e-04,1.699994836406733967e+01,1.699908878697355874e+01,1.615296071793756383e+01,1.167426821879757881e-08,2.124056079226838811e+00,0.000000000000000000e+00
1.995283679488534380e-04,1.699994842125046191e+01,1.699909052776090945e+01,1.615227892469629367e+01,1.164598129044236430e-08,2.121721839484023597e+00,0.000000000000000000e+00
1.996283679488534404e-04,1.699994847750075877e+01,1.699909225248699940e+01,1.615159713145462561e+01,1.169275956613979872e-08,2.119436336608532478e+00,0.000000000000000000e+00
1.997283679488534428e-04,1.699994853278577622e+01,1.699909396127275230e+01,1.615091533821255609e+01,1.165889415566390142e-08,2.117200906021681206e+00,0.000000000000000000e+00
1.998283679488534453e-04,1.699994858707351142e+01,1.699909565423605784e+01,1.615023354497008157e+01,1.165105198430715916e-08,2.115016806247409953e+00,0.000000000000000000e+00
1.999283679488534477e-04,1.699994864033277864e+01,1.699909733149351609e+01,1.614955175172721624e+01,1.166694332810358503e-08,2.112885207742131399e+00,0.000000000000000000e+00
2.000283679488534501e-04,1.699994869253352192e+01,1.699909899316075368e+01,1.614886995848397078e+01,1.167530658263693510e-08,2.110807182221811296e+00,0.000000000000000000e+00
2.001283679488534526e-04,1.699994874364716324e+01,1.699910063935388038e+01,1.614818816524033096e+01,1.164479623838587941e-08,2.108783692683990907e+00,0.000000000000000000e+00
2.002283679488534550e-04,1.699994879364621170e+01,1.699910227018458286e+01,1.614750637199632166e+01,1.165384649892686753e-08,2.106815584314071010e+00,0.000000000000000000e+00
2.003283679488534574e-04,1.699994884250531868e+01,1.699910388576687481e+01,1.614682457875193933e+01,1.166411411901435713e-08,2.104903576453551750e+00,0.000000000000000000e+00
2.004283679488534598e-04,1.699994889020104694e+01,1.699910548621322448e+01,1.614614278550719106e+01,1.166657034867846221e-08,2.103048255783434684e+00,0.000000000000000000e+00
2.005283679488534623e-04,1.699994893671209084e+01,1.699910707163633106e+01,1.614546099226207687e+01,1.164485746718568748e-08,2.101250070854995933e+00,0.000000000000000000e+00
2.006283679488534647e-04,1.699994898201928706e+01,1.699910864214719197e+01,1.614477919901660741e+01,1.165560681304356194e-08,2.099509328068162262e+00,0.000000000000000000e+00
2.007283679488534671e-04,1.699994902610611547e+01,1.699911019785734467e+01,1.614409740577079688e+01,1.168258817463296850e-08,2.097826189166206667e+00,0.000000000000000000e+00
2.008283679488534696e-04,1.699994906895893720e+01,1.699911173888050442e+01,1.614341561252462753e+01,1.164374111017885127e-08,2.096200670279519507e+00,0.000000000000000000e+00
2.009283679488534720e-04,1.699994911056639069e+01,1.699911326532699007e+01,1.614273381927811712e+01,1.165393567759132054e-08,2.094632642515844800e+00,0.000000000000000000e+00
2.010283679488534744e-04,1.699994915092025138e+01,1.699911477731023624e+01,1.614205202603126565e+01,1.165293142535439586e-08,2.093121834062983133e+00,0.000000000000000000e+00
2.011283679488534769e-04,1.699994919001514049e+01,1.699911627494336130e+01,1.614137023278408378e+01,1.165326993235460407e-08,2.091667833732658188e+00,0.000000000000000000e+00
2.012283679488534793e-04,1.699994922784862794e+01,1.699911775833992778e+01,1.614068843953657151e+01,1.163102017476269623e-08,2.090270095849349197e+00,0.000000000000000000e+00
2.013283679488534817e-04,1.699994926442113652e+01,1.699911922761411276e+01,1.614000664628873238e+01,1.163489454780730625e-08,2.088927946360642274e+00,0.000000000000000000e+00
2.014283679488534842e-04,1.699994929973598090e+01,1.699912068288004718e+01,1.613932485304058417e+01,1.166265561902690706e-08,2.087640590026797582e+00,0.000000000000000000e+00
2.015283679488534866e-04,1.699994933379949913e+01,1.699912212425448033e+01,1.613864305979213043e+01,1.166799754037661785e-08,2.086407118531452554e+00,0.000000000000000000e+00
2.016283679488534890e-04,1.699994936662099576e+01,1.699912355185553636e+01,1.613796126654335694e+01,1.162621410255582077e-08,2.085226519346165652e+00,0.000000000000000000e+00
2.017283679488534914e-04,1.699994939821191053e+01,1.699912496579899823e+01,1.613727947329428858e+01,1.165116714219038840e-08,2.084097685176323544e+00,0.000000000000000000e+00
2.018283679488534939e-04,1.699994942858663904e+01,1.699912636620363671e+01,1.613659768004492179e+01,1.163797402892186028e-08,2.083019423820151594e+00,0.000000000000000000e+00
2.019283679488534963e-04,1.699994945776173338e+01,1.699912775318746938e+01,1.613591588679526723e+01,1.164919027907274085e-08,2.081990468271511574e+00,0.000000000000000000e+00
2.020283679488534987e-04,1.699994948575628939e+01,1.699912912687064193e+01,1.613523409354532490e+01,1.163789653535474145e-08,2.081009486912357431e+00,0.000000000000000000e+00
2.021283679488535012e-04,1.699994951259142084e+01,1.699913048737379384e+01,1.613455230029510545e+01,1.165167126671029507e-08,2.080075093647715256e+00,0.000000000000000000e+00
2.022283679488535036e-04,1.699994953829028077e+01,1.699913183481892176e+01,1.613387050704460179e+01,1.161418250461565549e-08,2.079185857854042752e+00,0.000000000000000000e+00
2.023283679488535060e-04,1.699994956287726211e+01,1.699913316932504870e+01,1.613318871379383879e+01,1.166780375094766953e-08,2.078340314024798907e+00,0.000000000000000000e+00
2.024283679488535085e-04,1.699994958637908127e+01,1.699913449101691043e+01,1.613250692054280222e+01,1.161935384019763262e-08,2.077536971018265177e+00,0.000000000000000000e+00
2.025283679488535109e-04,1.699994960882317230e+01,1.699913580001505764e+01,1.613182512729150986e+01,1.163278204319162512e-08,2.076774320822375230e+00,0.000000000000000000e+00
2.026283679488535133e-04,1.699994963023820560e+01,1.699913709644083326e+01,1.613114333403997236e+01,1.165363144872699763e-08,2.076050846777842906e+00,0.000000000000000000e+00
2.027283679488535158e-04,1.699994965065427621e+01,1.699913838041909386e+01,1.613046154078817906e+01,1.161963988915992729e-08,2.075365031209657651e+00,0.000000000000000000e+00
2.028283679488535182e-04,1.699994967010175273e+01,1.699913965207113620e+01,1.612977974753614419e+01,1.163641341617172031e-08,2.074715362433869892e+00,0.000000000000000000e+00
2.029283679488535206e-04,1.699994968861180311e+01,1.699914091151909545e+01,1.612909795428387838e+01,1.163480342625256014e-08,2.074100341124379909e+00,0.000000000000000000e+00
2.030283679488535230e-04,1.699994970621617085e+01,1.699914215888615132e+01,1.612841616103137454e+01,1.161098842072938453e-08,2.073518486031391106e+00,0.000000000000000000e+00
2.031283679488535255e-04,1.699994972294641471e+01,1.699914339429196630e+01,1.612773436777865399e+01,1.164169832756911660e-08,2.072968339056594722e+00,0.000000000000000000e+00
2.032283679488535279e-04,1.699994973883480043e+01,1.699914461785960285e+01,1.612705257452570962e+01,1.161398399673885251e-08,2.072448469701353879e+00,0.000000000000000000e+00
2.033283679488535303e-04,1.699994975391302887e+01,1.699914582970841082e+01,1.612637078127255919e+01,1.164827684307923050e-08,2.071957478905659400e+00,0.000000000000000000e+00
2.034283679488535328e-04,1.699994976821307802e+01,1.699914702995921800e+01,1.612568898801919559e+01,1.162468210580414052e-08,2.071494002309768767e+00,0.000000000000000000e+00
2.035283679488535352e-04,1.699994978176643912e+01,1.699914821873142046e+01,1.612500719476562594e+01,1.162724622139066355e-08,2.071056712967067170e+00,0.000000000000000000e+00
2.036283679488535376e-04,1.699994979460415578e+01,1.699914939614266274e+01,1.612432540151186444e+01,1.163841384377306554e-08,2.070644323546298793e+00,0.000000000000000000e+00
2.037283679488535401e-04,1.699994980675710821e+01,1.699915056231176180e+01,1.612364360825790399e+01,1.161863094623072357e-08,2.070255588060196494e+00,0.000000000000000000e+00
2.038283679488535425e-04,1.699994981825520668e+01,1.699915171735411690e+01,1.612296181500376235e+01,1.163799334680248876e-08,2.069889303158409355e+00,0.000000000000000000e+00
2.039283679488535449e-04,1.699994982912803110e+01,1.699915286138636006e+01,1.612228002174943597e+01,1.162089954820366700e-08,2.069544309026370321e+00,0.000000000000000000e+00
2.040283679488535474e-04,1.699994983940435489e+01,1.699915399452299880e+01,1.612159822849492485e+01,1.160120774446049552e-08,2.069219489926658717e+00,0.000000000000000000e+00
2.041283679488535498e-04,1.699994984911195317e+01,1.699915511687549596e+01,1.612091643524025031e+01,1.163505838897016531e-08,2.068913774422084018e+00,0.000000000000000000e+00
2.042283679488535522e-04,1.699994985827830263e+01,1.699915622855817787e+01,1.612023464198540523e+01,1.161082796574675058e-08,2.068626135317748194e+00,0.000000000000000000e+00
2.043283679488535546e-04,1.699994986692948373e+01,1.699915732967947335e+01,1.611955284873040384e+01,1.162877424909503077e-08,2.068355589354176516e+00,0.000000000000000000e+00
2.044283679488535571e-04,1.699994987509135669e+01,1.699915842035143854e+01,1.611887105547524257e+01,1.162127796772161048e-08,2.068101196688296284e+00,0.000000000000000000e+00
2.045283679488535595e-04,1.699994988278830021e+01,1.699915950068101367e+01,1.611818926221992854e+01,1.161607113275842096e-08,2.067862060188051743e+00,0.000000000000000000e+00
2.046283679488535619e-04,1.699994989004423118e+01,1.699916057077627585e+01,1.611750746896447239e+01,1.162617055405767985e-08,2.067637324573842861e+00,0.000000000000000000e+00
2.047283679488535644e-04,1.699994989688201841e+01,1.699916163074358266e+01,1.611682567570886349e+01,1.159937243477848767e-08,2.067426175428596302e+00,0.000000000000000000e+00
2.048283679488535668e-04,1.699994990332345779e+01,1.699916268068638203e+01,1.611614388245312313e+01,1.162215265693156141e-08,2.067227838102447812e+00,0.000000000000000000e+00
2.049283679488535692e-04,1.699994990938956363e+01,1.699916372070759252e+01,1.611546208919725132e+01,1.162100074503236158e-08,2.067041576532997027e+00,0.000000000000000000e+00
2.050283679488535717e-04,1.699994991510064324e+01,1.699916475091033163e+01,1.611478029594124806e+01,1.161697157914254319e-08,2.066866691999876160e+00,0.000000000000000000e+00
2.051283679488535741e-04,1.699994992047587061e+01,1.699916577139453011e+01,1.611409850268512045e+01,1.161704465957313914e-08,2.066702521830361405e+00,0.000000000000000000e+00
2.052283679488535765e-04,1.699994992553370210e+01,1.699916678225985578e+01,1.611341670942887561e+01,1.159914209125645357e-08,2.066548438072488558e+00,0.000000000000000000e+00
2.053283679488535790e-04,1.699994993029171297e+01,1.699916778360441683e+01,1.611273491617251707e+01,1.162145810140735591e-08,2.066403846147490952e+00,0.000000000000000000e+00
2.054283679488535814e-04,1.699994993476675731e+01,1.699916877552583472e+01,1.611205312291604130e+01,1.158946985602149482e-08,2.066268183494113231e+00,0.000000000000000000e+00
2.055283679488535838e-04,1.699994993897456652e+01,1.699916975811855480e+01,1.611137132965945895e+01,1.159102980263782001e-08,2.066140918213728028e+00,0.000000000000000000e+00
2.056283679488535862e-04,1.699994994293027162e+01,1.699917073147643265e+01,1.611068953640277357e+01,1.161221904744103028e-08,2.066021547726561103e+00,0.000000000000000000e+00
2.057283679488535887e-04,1.699994994664838543e+01,1.699917169569337005e+01,1.611000774314599226e+01,1.159546175744097241e-08,2.065909597444477441e+00,0.000000000000000000e+00
2.058283679488535911e-04,1.699994995014258947e+01,1.699917265086108387e+01,1.610932594988911859e+01,1.159992610300086824e-08,2.065804619467034087e+00,0.000000000000000000e+00
2.059283679488535935e-04,1.699994995342579074e+01,1.699917359707007591e+01,1.610864415663216320e+01,1.161220514189764685e-08,2.065706191306103001e+00,0.000000000000000000e+00
2.060283679488535960e-04,1.699994995651046281e+01,1.699917453441128856e+01,1.610796236337511189e+01,1.157517584560174839e-08,2.065613914643299687e+00,0.000000000000000000e+00
2.061283679488535984e-04,1.699994995940801701e+01,1.699917546297122684e+01,1.610728057011797887e+01,1.159972448649959631e-08,2.065527414122047212e+00,0.000000000000000000e+00
2.062283679488536008e-04,1.699994996212957687e+01,1.699917638283790566e+01,1.610659877686077479e+01,1.161461760101900609e-08,2.065446336179243225e+00,0.000000000000000000e+00
2.063283679488536033e-04,1.699994996468561581e+01,1.699917729409778389e+01,1.610591698360349611e+01,1.159251253324278252e-08,2.065370347915949090e+00,0.000000000000000000e+00
2.064283679488536057e-04,1.699994996708582917e+01,1.699917819683496845e+01,1.610523519034614637e+01,1.160100654429285782e-08,2.065299136009498326e+00,0.000000000000000000e+00
2.065283679488536081e-04,1.699994996933959257e+01,1.699917909113436565e+01,1.610455339708872557e+01,1.159116719273711738e-08,2.065232405668559146e+00,0.000000000000000000e+00
2.066283679488536106e-04,1.699994997145563147e+01,1.699917997707795791e+01,1.610387160383124439e+01,1.160180798653875911e-08,2.065169879629831229e+00,0.000000000000000000e+00
2.067283679488536130e-04,1.699994997344231606e+01,1.699918085474828189e+01,1.610318981057370635e+01,1.159890605784141826e-08,2.065111297198066076e+00,0.000000000000000000e+00
2.068283679488536154e-04,1.699994997530745522e+01,1.699918172422664142e+01,1.610250801731610792e+01,1.157045093069797304e-08,2.065056413327900131e+00,0.000000000000000000e+00
2.069283679488536178e-04,1.699994997705830713e+01,1.699918258559174689e+01,1.610182622405845621e+01,1.159213042223328216e-08,2.065004997747760029e+00,0.000000000000000000e+00
2.070283679488536203e-04,1.699994997870185642e+01,1.699918343892291972e+01,1.610114443080076185e+01,1.160130153055050073e-08,2.064956834125198704e+00,0.000000000000000000e+00
2.071283679488536227e-04,1.699994998024476800e+01,1.699918428429895556e+01,1.610046263754302132e+01,1.157905757387389656e-08,2.064911719272013002e+00,0.000000000000000000e+00
2.072283679488536251e-04,1.699994998169308502e+01,1.699918512179667474e+01,1.609978084428524170e+01,1.159409804274424971e-08,2.064869462388469579e+00,0.000000000000000000e+00
2.073283679488536276e-04,1.699994998305261618e+01,1.699918595149171097e+01,1.609909905102741945e+01,1.157705634136085848e-08,2.064829884346098154e+00,0.000000000000000000e+00
2.074283679488536300e-04,1.699994998432874382e+01,1.699918677345888085e+01,1.609841725776956878e+01,1.161148466266581636e-08,2.064792817006892101e+00,0.000000000000000000e+00
2.075283679488536324e-04,1.699994998552682191e+01,1.699918758777427996e+01,1.609773546451167903e+01,1.156974541172139936e-08,2.064758102578546861e+00,0.000000000000000000e+00
2.076283679488536349e-04,1.699994998665154355e+01,1.699918839451063590e+01,1.609705367125376085e+01,1.157935866635817490e-08,2.064725593002921578e+00,0.000000000000000000e+00
2.077283679488536373e-04,1.699994998770739940e+01,1.699918919374026061e+01,1.609637187799582136e+01,1.157873374957318902e-08,2.064695149378501959e+00,0.000000000000000000e+00
2.078283679488536397e-04,1.699994998869862428e+01,1.699918998553519600e+01,1.609569008473786056e+01,1.158635729026080696e-08,2.064666641413805515e+00,0.000000000000000000e+00
2.079283679488536422e-04,1.699994998962932868e+01,1.699919076996690848e+01,1.609500829147988199e+01,1.157714471511361864e-08,2.064639946911198898e+00,0.000000000000000000e+00
2.080283679488536446e-04,1.699994999050326072e+01,1.699919154710560321e+01,1.609432649822188921e+01,1.158440901538604351e-08,2.064614951279057919e+00,0.000000000000000000e+00
2.081283679488536470e-04,1.699994999132388784e+01,1.699919231702026323e+01,1.609364470496388222e+01,1.157616094649149829e-08,2.064591547071835009e+00,0.000000000000000000e+00
2.082283679488536494e-04,1.699994999209441815e+01,1.699919307977920724e+01,1.609296291170587168e+01,1.160054644011587754e-08,2.064569633556105899e+00,0.000000000000000000e+00
2.083283679488536519e-04,1.699994999281823382e+01,1.699919383545226381e+01,1.609228111844785047e+01,1.157452148015103432e-08,2.064549116302020870e+00,0.000000000000000000e+00
2.084283679488536543e-04,1.699994999349803138e+01,1.699919458410516881e+01,1.609159932518982572e+01,1.158299564596454445e-08,2.064529906797019976e+00,0.000000000000000000e+00
2.085283679488536567e-04,1.699994999413667429e+01,1.699919532580495485e+01,1.609091753193179741e+01,1.156516818423547477e-08,2.064511922083774209e+00,0.000000000000000000e+00
2.086283679488536592e-04,1.699994999473673474e+01,1.699919606061747501e+01,1.609023573867377266e+01,1.155500034544232335e-08,2.064495084418038751e+00,0.000000000000000000e+00
2.087283679488536616e-04,1.699994999530043316e+01,1.699919678860662842e+01,1.608955394541575856e+01,1.158674473034082553e-08,2.064479320947075536e+00,0.000000000000000000e+00
2.088283679488536640e-04,1.699994999583027067e+01,1.699919750983864830e+01,1.608887215215775512e+01,1.158516918509100435e-08,2.064464563407822695e+00,0.000000000000000000e+00
2.089283679488536665e-04,1.699994999632840376e+01,1.699919822437713179e+01,1.608819035889975524e+01,1.155546661135709030e-08,2.064450747841895861e+00,0.000000000000000000e+00
2.090283679488536689e-04,1.699994999679665497e+01,1.699919893228423007e+01,1.608750856564177312e+01,1.157580514776768155e-08,2.064437814328166532e+00,0.000000000000000000e+00
2.091283679488536713e-04,1.699994999723698896e+01,1.699919963362292563e+01,1.608682677238381231e+01,1.157143492136469831e-08,2.064425706732002652e+00,0.000000000000000000e+00
2.092283679488536738e-04,1.699994999765110748e+01,1.699920032845453477e+01,1.608614497912586927e+01,1.157699153209179599e-08,2.064414372468780456e+00,0.000000000000000000e+00
2.093283679488536762e-04,1.699994999804065188e+01,1.699920101684057627e+01,1.608546318586794754e+01,1.156887419195840039e-08,2.064403762282287502e+00,0.000000000000000000e+00
2.094283679488536786e-04,1.699994999840705745e+01,1.699920169884077481e+01,1.608478139261005424e+01,1.158923185196059080e-08,2.064393830036364008e+00,0.000000000000000000e+00
2.095283679488536810e-04,1.699994999875211121e+01,1.699920237451744143e+01,1.608409959935217870e+01,1.154158643656977290e-08,2.064384532519936144e+00,0.000000000000000000e+00
2.096283679488536835e-04,1.699994999907688609e+01,1.699920304392790271e+01,1.608341780609434579e+01,1.157758033887290594e-08,2.064375829262377948e+00,0.000000000000000000e+00
2.097283679488536859e-04,1.699994999938273210e+01,1.699920370713156004e+01,1.608273601283654131e+01,1.155751136461269368e-08,2.064367682362301615e+00,0.000000000000000000e+00
2.098283679488536883e-04,1.699994999967073639e+01,1.699920436418573644e+01,1.608205421957877590e+01,1.156753945408262041e-08,2.064360056325350357e+00,0.000000000000000000e+00
2.099283679488536908e-04,1.699994999994211753e+01,1.699920501514856497e+01,1.608137242632104602e+01,1.156273668478924321e-08,2.064352917912951391e+00,0.000000000000000000e+00
2.100283679488536932e-04,1.699995000019778146e+01,1.699920566007651601e+01,1.608069063306336588e+01,1.158573412207708486e-08,2.064346235999659385e+00,0.000000000000000000e+00
2.101283679488536956e-04,1.699995000043892901e+01,1.699920629902724301e+01,1.608000883980572127e+01,1.154801934633020721e-08,2.064339981440333815e+00,0.000000000000000000e+00
2.102283679488536981e-04,1.699995000066635242e+01,1.699920693205597644e+01,1.607932704654811928e+01,1.155061327140494143e-08,2.064334126944342707e+00,0.000000000000000000e+00
2.103283679488537005e-04,1.699995000088082620e+01,1.699920755921721494e+01,1.607864525329057415e+01,1.157823048547612643e-08,2.064328646958623281e+00,0.000000000000000000e+00
2.104283679488537029e-04,1.699995000108333087e+01,1.699920818056683203e+01,1.607796346003307164e+01,1.154989714979848259e-08,2.064323517557934196e+00,0.000000000000000000e+00
2.105283679488537053e-04,1.699995000127450240e+01,1.699920879615851632e+01,1.607728166677562243e+01,1.155231107996534945e-08,2.064318716341218440e+00,0.000000000000000000e+00
2.106283679488537078e-04,1.699995000145496604e+01,1.699920940604550168e+01,1.607659987351823361e+01,1.157764933923388639e-08,2.064314222335277726e+00,0.000000000000000000e+00
2.107283679488537102e-04,1.699995000162560999e+01,1.699921001028219081e+01,1.607591808026090163e+01,1.155243115058546266e-08,2.064310015904452733e+00,0.000000000000000000e+00
2.108283679488537126e-04,1.699995000178697069e+01,1.699921060892082991e+01,1.607523628700363005e+01,1.155629064664154271e-08,2.064306078665206101e+00,0.000000000000000000e+00
2.109283679488537151e-04,1.699995000193957040e+01,1.699921120201318203e+01,1.607455449374641887e+01,1.156706974647647712e-08,2.064302393406796554e+00,0.000000000000000000e+00
2.110283679488537175e-04,1.699995000208397045e+01,1.699921178961105639e+01,1.607387270048927519e+01,1.155532783347901216e-08,2.064298944016888626e+00,0.000000000000000000e+00
2.111283679488537199e-04,1.699995000222079966e+01,1.699921237176655708e+01,1.607319090723218835e+01,1.152795905956516265e-08,2.064295715411715193e+00,0.000000000000000000e+00
2.112283679488537224e-04,1.699995000235022857e+01,1.699921294852813958e+01,1.607250911397517967e+01,1.156515819222825314e-08,2.064292693470131113e+00,0.000000000000000000e+00
2.113283679488537248e-04,1.699995000247290022e+01,1.699921351994749230e+01,1.607182732071823850e+01,1.155018922172068585e-08,2.064289864973232191e+00,0.000000000000000000e+00
2.114283679488537272e-04,1.699995000258923383e+01,1.699921408607400508e+01,1.607114552746137193e+01,1.154855558405110116e-08,2.064287217546286968e+00,0.000000000000000000e+00
2.115283679488537297e-04,1.699995000269968415e+01,1.699921464695732709e+01,1.607046373420457996e+01,1.153113421414886375e-08,2.064284739605174224e+00,0.000000000000000000e+00
2.116283679488537321e-04,1.699995000280439328e+01,1.699921520264477337e+01,1.606978194094787682e+01,1.157101076065814027e-08,2.064282420305658228e+00,0.000000000000000000e+00
2.117283679488537345e-04,1.699995000290395097e+01,1.699921575318637679e+01,1.606910014769124828e+01,1.154441750528256705e-08,2.064280249497016051e+00,0.000000000000000000e+00
2.118283679488537369e-04,1.699995000299865922e+01,1.699921629862959449e+01,1.606841835443470146e+01,1.153896969641188264e-08,2.064278217677058436e+00,0.000000000000000000e+00
2.119283679488537394e-04,1.699995000308864235e+01,1.699921683902080360e+01,1.606773656117824345e+01,1.154785653212364593e-08,2.064276315950901441e+00,0.000000000000000000e+00
2.120283679488537418e-04,1.699995000317428051e+01,1.699921737440732983e+01,1.606705476792187071e+01,1.154957224303032604e-08,2.064274535992589144e+00,0.000000000000000000e+00
2.121283679488537442e-04,1.699995000325579753e+01,1.699921790483543305e+01,1.606637297466558323e+01,1.155187395740497891e-08,2.064272870008450944e+00,0.000000000000000000e+00
2.122283679488537467e-04,1.699995000333350248e+01,1.699921843035189539e+01,1.606569118140938812e+01,1.154061282648832787e-08,2.064271310703328588e+00,0.000000000000000000e+00
2.123283679488537491e-04,1.699995000340759788e+01,1.699921895100182567e+01,1.606500938815328894e+01,1.154554238325111726e-08,2.064269851248552001e+00,0.000000000000000000e+00
2.124283679488537515e-04,1.699995000347838214e+01,1.699921946683087270e+01,1.606432759489728568e+01,1.153812853593727539e-08,2.064268485252342522e+00,0.000000000000000000e+00
2.125283679488537540e-04,1.699995000354612529e+01,1.699921997788465333e+01,1.606364580164137124e+01,1.152622164379835112e-08,2.064267206731837945e+00,0.000000000000000000e+00
2.126283679488537564e-04,1.699995000361082376e+01,1.699922048420578591e+01,1.606296400838556337e+01,1.154721987473017464e-08,2.064266010086661218e+00,0.000000000000000000e+00
2.127283679488537588e-04,1.699995000367268005e+01,1.699922098583871133e+01,1.606228221512985854e+01,1.155093887206248837e-08,2.064264890074968051e+00,0.000000000000000000e+00
2.128283679488537613e-04,1.699995000373195708e+01,1.699922148282743706e+01,1.606160042187424963e+01,1.152363834910907769e-08,2.064263841790390686e+00,0.000000000000000000e+00
2.129283679488537637e-04,1.699995000378851984e+01,1.699922197521288325e+01,1.606091862861875796e+01,1.155389667273354348e-08,2.064262860640178054e+00,0.000000000000000000e+00
2.130283679488537661e-04,1.699995000384289767e+01,1.699922246304023687e+01,1.606023683536336577e+01,1.152593545605817837e-08,2.064261942326125698e+00,0.000000000000000000e+00
2.131283679488537685e-04,1.699995000389505151e+01,1.699922294635097586e+01,1.605955504210808016e+01,1.152825052086470237e-08,2.064261082824602411e+00,0.000000000000000000e+00
2.132283679488537710e-04,1.699995000394514832e+01,1.699922342518674157e+01,1.605887324885290113e+01,1.152562181805372177e-08,2.064260278369710377e+00,0.000000000000000000e+00
2.133283679488537734e-04,1.699995000399333023e+01,1.699922389958963365e+01,1.605819145559783578e+01,1.152641787571795362e-08,2.064259525436580311e+00,0.000000000000000000e+00
2.134283679488537758e-04,1.699995000403956169e+01,1.699922436959952421e+01,1.605750966234288768e+01,1.153933512632043801e-08,2.064258820725816790e+00,0.000000000000000000e+00
2.135283679488537783e-04,1.699995000408419799e+01,1.699922483525893924e+01,1.605682786908804971e+01,1.152174580743015042e-08,2.064258161149600923e+00,0.000000000000000000e+00
2.136283679488537807e-04,1.699995000412719293e+01,1.699922529660707937e+01,1.605614607583332898e+01,1.151882578209750818e-08,2.064257543817443974e+00,0.000000000000000000e+00
2.137283679488537831e-04,1.699995000416860336e+01,1.699922575368366395e+01,1.605546428257872904e+01,1.152474182752882825e-08,2.064256966023980233e+00,0.000000000000000000e+00
2.138283679488537856e-04,1.699995000420858204e+01,1.699922620652876404e+01,1.605478248932424989e+01,1.151905562601918120e-08,2.064256425237164905e+00,0.000000000000000000e+00
2.139283679488537880e-04,1.699995000424709346e+01,1.699922665518066367e+01,1.605410069606989509e+01,1.153252551788774838e-08,2.064255919086887658e+00,0.000000000000000000e+00
2.140283679488537904e-04,1.699995000428435787e+01,1.699922709967925982e+01,1.605341890281566819e+01,1.153018730493116095e-08,2.064255445355031249e+00,0.000000000000000000e+00
2.141283679488537929e-04,1.699995000432037173e+01,1.699922754006287207e+01,1.605273710956156563e+01,1.152824091743553936e-08,2.064255001965318748e+00,0.000000000000000000e+00
2.142283679488537953e-04,1.699995000435527714e+01,1.699922797636974181e+01,1.605205531630759452e+01,1.152834552820003466e-08,2.064254586974550776e+00,0.000000000000000000e+00
2.143283679488537977e-04,1.699995000438912029e+01,1.699922840863778006e+01,1.605137352305374776e+01,1.151765813278693429e-08,2.064254198563870268e+00,0.000000000000000000e+00
2.144283679488538001e-04,1.699995000442189763e+01,1.699922883690394926e+01,1.605069172980003245e+01,1.150530168358976368e-08,2.064253835030849693e+00,0.000000000000000000e+00
2.145283679488538026e-04,1.699995000445360560e+01,1.699922926120473576e+01,1.605000993654645924e+01,1.154412679338356895e-08,2.064253494782089859e+00,0.000000000000000000e+00
2.146283679488538050e-04,1.699995000448454263e+01,1.699922968157832059e+01,1.604932814329301394e+01,1.151938394672313848e-08,2.064253176326514172e+00,0.000000000000000000e+00
2.147283679488538074e-04,1.699995000451454885e+01,1.699923009806014207e+01,1.604864635003970719e+01,1.152773410062479797e-08,2.064252878268084679e+00,0.000000000000000000e+00
2.148283679488538099e-04,1.699995000454373795e+01,1.699923051068659774e+01,1.604796455678653544e+01,1.151289949485878594e-08,2.064252599300473001e+00,0.000000000000000000e+00
2.149283679488538123e-04,1.699995000457212058e+01,1.699923091949306553e+01,1.604728276353350580e+01,1.152061634979162363e-08,2.064252338200883052e+00,0.000000000000000000e+00
2.150283679488538147e-04,1.699995000459977490e+01,1.699923132451522889e+01,1.604660097028061116e+01,1.150926434712040702e-08,2.064252093824903156e+00,0.000000000000000000e+00
2.151283679488538172e-04,1.699995000462664763e+01,1.699923172578748520e+01,1.604591917702786930e+01,1.153200010484134452e-08,2.064251865101271122e+00,0.000000000000000000e+00
2.152283679488538196e-04,1.699995000465297323e+01,1.699923212334591938e+01,1.604523738377526243e+01,1.149621117746413290e-08,2.064251651027667833e+00,0.000000000000000000e+00
2.153283679488538220e-04,1.699995000467859896e+01,1.699923251722369244e+01,1.604455559052280478e+01,1.151344478089733059e-08,2.064251450665540055e+00,0.000000000000000000e+00
2.154283679488538245e-04,1.699995000470367046e+01,1.699923290745565652e+01,1.604387379727049279e+01,1.151309747537965222e-08,2.064251263136781311e+00,0.000000000000000000e+00
2.155283679488538269e-04,1.699995000472809537e+01,1.699923329407481631e+01,1.604319200401833001e+01,1.151942707888764517e-08,2.064251087619257241e+00,0.000000000000000000e+00
2.156283679488538293e-04,1.699995000475200868e+01,1.699923367711508959e+01,1.604251021076632355e+01,1.152745190968751388e-08,2.064250923343746713e+00,0.000000000000000000e+00
2.157283679488538317e-04,1.699995000477548146e+01,1.699923405661012055e+01,1.604182841751445920e+01,1.149585110438167135e-08,2.064250769590212364e+00,0.000000000000000000e+00
2.158283679488538342e-04,1.699995000479833251e+01,1.699923443259168820e+01,1.604114662426275117e+01,1.151454634418236367e-08,2.064250625684493912e+00,0.000000000000000000e+00
2.159283679488538366e-04,1.699995000482066843e+01,1.699923480509255924e+01,1.604046483101120657e+01,1.152779366409006911e-08,2.064250490995899412e+00,0.000000000000000000e+00
2.160283679488538390e-04,1.699995000484269880e+01,1.699923517414626772e+01,1.603978303775981118e+01,1.149428691116227697e-08,2.064250364934244963e+00,0.000000000000000000e+00
2.161283679488538415e-04,1.699995000486417140e+01,1.699923553978295132e+01,1.603910124450857921e+01,1.153329343139830598e-08,2.064250246946666145e+00,0.000000000000000000e+00
2.162283679488538439e-04,1.699995000488526742e+01,1.699923590203521684e+01,1.603841945125750712e+01,1.150905656888134843e-08,2.064250136516172951e+00,0.000000000000000000e+00
2.163283679488538463e-04,1.699995000490595132e+01,1.699923626093408657e+01,1.603773765800659135e+01,1.150433270868944646e-08,2.064250033158661068e+00,0.000000000000000000e+00
2.164283679488538488e-04,1.699995000492621600e+01,1.699923661651063611e+01,1.603705586475583544e+01,1.150728159982072896e-08,2.064249936421050258e+00,0.000000000000000000e+00
2.165283679488538512e-04,1.699995000494609343e+01,1.699923696879548984e+01,1.603637407150524297e+01,1.152068251908389129e-08,2.064249845879339240e+00,0.000000000000000000e+00
2.166283679488538536e-04,1.699995000496564757e+01,1.699923731781955638e+01,1.603569227825481747e+01,1.151089198958565873e-08,2.064249761136699668e+00,0.000000000000000000e+00
2.167283679488538561e-04,1.699995000498490683e+01,1.699923766361303024e+01,1.603501048500455539e+01,1.150257894488859733e-08,2.064249681821716642e+00,0.000000000000000000e+00
2.168283679488538585e-04,1.699995000500384279e+01,1.699923800620558012e+01,1.603432869175446029e+01,1.150593947896183522e-08,2.064249607586690516e+00,0.000000000000000000e+00
2.169283679488538609e-04,1.699995000502241282e+01,1.699923834562663671e+01,1.603364689850453928e+01,1.151665207643759459e-08,2.064249538106182946e+00,0.000000000000000000e+00
2.170283679488538633e-04,1.699995000504070930e+01,1.699923868190577636e+01,1.603296510525478524e+01,1.150126804905227118e-08,2.064249473075715713e+00,0.000000000000000000e+00
2.171283679488538658e-04,1.699995000505868603e+01,1.699923901507198210e+01,1.603228331200520174e+01,1.149918776865987979e-08,2.064249412210222623e+00,0.000000000000000000e+00
2.172283679488538682e-04,1.699995000507638565e+01,1.699923934515407709e+01,1.603160151875578876e+01,1.150617831569000771e-08,2.064249355242939288e+00,0.000000000000000000e+00
2.173283679488538706e-04,1.699995000509383303e+01,1.699923967218067489e+01,1.603091972550654987e+01,1.151076195471389951e-08,2.064249301924196978e+00,0.000000000000000000e+00
2.174283679488538731e-04,1.699995000511099619e+01,1.699923999618007997e+01,1.603023793225749216e+01,1.152333328757748632e-08,2.064249252020259107e+00,0.000000000000000000e+00
2.175283679488538755e-04,1.699995000512809540e+01,1.699924031718175854e+01,1.602955613900859788e+01,1.148135686523943377e-08,2.064249205312608026e+00,0.000000000000000000e+00
2.176283679488538779e-04,1.699995000514482513e+01,1.699924063521126172e+01,1.602887434575988479e+01,1.151204917504422554e-08,2.064249161596215743e+00,0.000000000000000000e+00
2.177283679488538804e-04,1.699995000516130617e+01,1.699924095029659910e+01,1.602819255251135644e+01,1.151670989130160194e-08,2.064249120679594540e+00,0.000000000000000000e+00
2.178283679488538828e-04,1.699995000517760957e+01,1.699924126246550671e+01,1.602751075926300572e+01,1.149126382937737390e-08,2.064249082383465606e+00,0.000000000000000000e+00
2.179283679488538852e-04,1.699995000519368205e+01,1.699924157174491413e+01,1.602682896601483620e+01,1.150451781062322709e-08,2.064249046539929466e+00,0.000000000000000000e+00
2.180283679488538877e-04,1.699995000520948096e+01,1.699924187816131038e+01,1.602614717276685141e+01,1.150164979923928854e-08,2.064249012991851373e+00,0.000000000000000000e+00
2.181283679488538901e-04,1.699995000522512001e+01,1.699924218174156110e+01,1.602546537951904781e+01,1.150054138032707840e-08,2.064248981592307075e+00,0.000000000000000000e+00
2.182283679488538925e-04,1.699995000524046773e+01,1.699924248251115344e+01,1.602478358627142896e+01,1.150472733746354947e-08,2.064248952203528553e+00,0.000000000000000000e+00
2.183283679488538949e-04,1.699995000525558453e+01,1.699924278049646631e+01,1.602410179302399840e+01,1.151033290902603312e-08,2.064248924696786780e+00,0.000000000000000000e+00
2.184283679488538974e-04,1.699995000527065159e+01,1.699924307572420190e+01,1.602341999977674902e+01,1.149160819280403700e-08,2.064248898951717592e+00,0.000000000000000000e+00
2.185283679488538998e-04,1.699995000528548417e+01,1.699924336821889170e+01,1.602273820652968794e+01,1.148860720445732397e-08,2.064248874855295846e+00,0.000000000000000000e+00
2.186283679488539022e-04,1.699995000530021372e+01,1.699924365800674408e+01,1.602205641328281160e+01,1.148292841368636630e-08,2.064248852302053905e+00,0.000000000000000000e+00
2.187283679488539047e-04,1.699995000531465195e+01,1.699924394511137038e+01,1.602137462003613066e+01,1.150021031182113518e-08,2.064248831192946554e+00,0.000000000000000000e+00
2.188283679488539071e-04,1.699995000532888412e+01,1.699924422955804815e+01,1.602069282678964157e+01,1.150036066377424504e-08,2.064248811435571263e+00,0.000000000000000000e+00
2.189283679488539095e-04,1.699995000534294221e+01,1.699924451137173165e+01,1.602001103354334788e+01,1.149426559488020416e-08,2.064248792943367050e+00,0.000000000000000000e+00
2.190283679488539120e-04,1.699995000535688305e+01,1.699924479057720106e+01,1.601932924029724958e+01,1.150738995758793237e-08,2.064248775635358690e+00,0.000000000000000000e+00
2.191283679488539144e-04,1.699995000537073864e+01,1.699924506719874628e+01,1.601864744705133958e+01,1.148523490202002506e-08,2.064248759435725056e+00,0.000000000000000000e+00
2.192283679488539168e-04,1.699995000538442014e+01,1.699924534125964115e+01,1.601796565380562853e+01,1.149714257131506656e-08,2.064248744273390557e+00,0.000000000000000000e+00
2.193283679488539193e-04,1.699995000539792400e+01,1.699924561278345791e+01,1.601728386056010933e+01,1.148144460061395478e-08,2.064248730081905236e+00,0.000000000000000000e+00
2.194283679488539217e-04,1.699995000541121115e+01,1.699924588179351659e+01,1.601660206731479619e+01,1.149292375157706658e-08,2.064248716799045980e+00,0.000000000000000000e+00
2.195283679488539241e-04,1.699995000542454449e+01,1.699924614831479985e+01,1.601592027406966778e+01,1.146242539773467684e-08,2.064248704366884901e+00,0.000000000000000000e+00
2.196283679488539265e-04,1.699995000543748347e+01,1.699924641236726330e+01,1.601523848082475610e+01,1.151799017273802406e-08,2.064248692730495272e+00,0.000000000000000000e+00
2.197283679488539290e-04,1.699995000545052903e+01,1.699924667397727163e+01,1.601455668758003270e+01,1.145929162671421864e-08,2.064248681839381483e+00,0.000000000000000000e+00
2.198283679488539314e-04,1.699995000546343249e+01,1.699924693316587110e+01,1.601387489433550826e+01,1.146514005956333904e-08,2.064248671645597888e+00,0.000000000000000000e+00
2.199283679488539338e-04,1.699995000547595581e+01,1.699924718995370654e+01,1.601319310109119698e+01,1.150340198097232758e-08,2.064248662104231968e+00,0.000000000000000000e+00
2.200283679488539363e-04,1.699995000548841162e+01,1.699924744436511759e+01,1.601251130784708465e+01,1.147591266459357939e-08,2.064248653173793357e+00,0.000000000000000000e+00
2.201283679488539387e-04,1.699995000550080348e+01,1.699924769642187883e+01,1.601182951460317838e+01,1.148133804695916638e-08,2.064248644815163125e+00,0.000000000000000000e+00
2.202283679488539411e-04,1.699995000551306745e+01,1.699924794614545576e+01,1.601114772135947817e+01,1.148014674989816797e-08,2.064248636991655950e+00,0.000000000000000000e+00
2.203283679488539436e-04,1.699995000552500457e+01,1.699924819355607042e+01,1.601046592811599112e+01,1.150575074104764894e-08,2.064248629668795409e+00,0.000000000000000000e+00
2.204283679488539460e-04,1.699995000553696300e+01,1.699924843867742297e+01,1.600978413487270657e+01,1.147463105088952773e-08,2.064248622814849554e+00,0.000000000000000000e+00
2.205283679488539484e-04,1.699995000554885038e+01,1.699924868153004454e+01,1.600910234162963164e+01,1.147108458221524074e-08,2.064248616399710023e+00,0.000000000000000000e+00
2.206283679488539509e-04,1.699995000556062763e+01,1.699924892213478245e+01,1.600842054838676276e+01,1.147022318792600970e-08,2.064248610395236661e+00,0.000000000000000000e+00
2.207283679488539533e-04,1.699995000557222369e+01,1.699924916051194046e+01,1.600773875514410705e+01,1.148361691849508759e-08,2.064248604775047014e+00,0.000000000000000000e+00
2.208283679488539557e-04,1.699995000558380198e+01,1.699924939668325052e+01,1.600705696190166094e+01,1.147169417792248680e-08,2.064248599514704630e+00,0.000000000000000000e+00
2.209283679488539581e-04,1.699995000559522040e+01,1.699924963066829164e+01,1.600637516865942445e+01,1.146796008155703817e-08,2.064248594591020058e+00,0.000000000000000000e+00
2.210283679488539606e-04,1.699995000560642922e+01,1.699924986248695191e+01,1.600569337541740467e+01,1.148404626949428575e-08,2.064248589982370596e+00,0.000000000000000000e+00
2.211283679488539630e-04,1.699995000561755631e+01,1.699925009215979088e+01,1.600501158217560160e+01,1.148055328581421008e-08,2.064248585668707392e+00,0.000000000000000000e+00
2.212283679488539654e-04,1.699995000562864789e+01,1.699925031970724376e+01,1.600432978893400815e+01,1.146175551691719363e-08,2.064248581631185075e+00,0.000000000000000000e+00
2.213283679488539679e-04,1.699995000563960801e+01,1.699925054514849165e+01,1.600364799569263141e+01,1.146121678119449427e-08,2.064248577852031197e+00,0.000000000000000000e+00
2.214283679488539703e-04,1.699995000565039760e+01,1.699925076850255934e+01,1.600296620245147139e+01,1.146886771663524485e-08,2.064248574314656359e+00,0.000000000000000000e+00
2.215283679488539727e-04,1.699995000566103442e+01,1.699925098978872384e+01,1.600228440921053163e+01,1.147460154671264831e-08,2.064248571003585830e+00,0.000000000000000000e+00
2.216283679488539752e-04,1.699995000567159664e+01,1.699925120902678799e+01,1.600160261596980860e+01,1.147550923730200623e-08,2.064248567904401810e+00,0.000000000000000000e+00
2.217283679488539776e-04,1.699995000568213754e+01,1.699925142623608210e+01,1.600092082272930227e+01,1.145419978310080467e-08,2.064248565003588887e+00,0.000000000000000000e+00
2.218283679488539800e-04,1.699995000569254344e+01,1.699925164143441592e+01,1.600023902948901622e+01,1.146626660286642618e-08,2.064248562288337752e+00,0.000000000000000000e+00
2.219283679488539824e-04,1.699995000570280723e+01,1.699925185464058686e+01,1.599955723624895398e+01,1.147256956102182812e-08,2.064248559746752143e+00,0.000000000000000000e+00
2.220283679488539849e-04,1.699995000571302839e+01,1.699925206587352378e+01,1.599887544300910847e+01,1.146305222965438020e-08,2.064248557367810655e+00,0.000000000000000000e+00
2.221283679488539873e-04,1.699995000572309678e+01,1.699925227515057102e+01,1.599819364976948854e+01,1.146427211495826270e-08,2.064248555140986596e+00,0.000000000000000000e+00
2.222283679488539897e-04,1.699995000573302661e+01,1.699925248249012455e+01,1.599751185653009244e+01,1.146625175363347182e-08,2.064248553056558855e+00,0.000000000000000000e+00
2.223283679488539922e-04,1.699995000574297066e+01,1.699925268791113453e+01,1.599683006329092017e+01,1.145893116505369846e-08,2.064248551105547946e+00,0.000000000000000000e+00
2.224283679488539946e-04,1.699995000575281168e+01,1.699925289143095597e+01,1.599614827005197526e+01,1.146159062104246118e-08,2.064248549279307454e+00,0.000000000000000000e+00
2.225283679488539970e-04,1.699995000576262782e+01,1.699925309306735954e+01,1.599546647681325240e+01,1.145706804428492376e-08,2.064248547569920156e+00,0.000000000000000000e+00
2.226283679488539995e-04,1.699995000577224502e+01,1.699925329283649234e+01,1.599478468357476046e+01,1.146482142555527162e-08,2.064248545969741500e+00,0.000000000000000000e+00
2.227283679488540019e-04,1.699995000578173077e+01,1.699925349075633108e+01,1.599410289033649057e+01,1.146038267063609339e-08,2.064248544471827707e+00,0.000000000000000000e+00
2.228283679488540043e-04,1.699995000579116677e+01,1.699925368684441906e+01,1.599342109709845339e+01,1.145572628424851302e-08,2.064248543069706621e+00,0.000000000000000000e+00
2.229283679488540068e-04,1.699995000580059568e+01,1.699925388111803315e+01,1.599273930386064357e+01,1.145559078152835752e-08,2.064248541757303101e+00,0.000000000000000000e+00
2.230283679488540092e-04,1.699995000580984694e+01,1.699925407359287277e+01,1.599205751062306291e+01,1.146494887915849858e-08,2.064248540528698328e+00,0.000000000000000000e+00
2.231283679488540116e-04,1.699995000581905913e+01,1.699925426428631425e+01,1.599137571738571140e+01,1.145214281739193041e-08,2.064248539378659153e+00,0.000000000000000000e+00
2.232283679488540140e-04,1.699995000582814342e+01,1.699925445321437323e+01,1.599069392414859259e+01,1.145847813854850017e-08,2.064248538302062563e+00,0.000000000000000000e+00
2.233283679488540165e-04,1.699995000583719928e+01,1.699925464039413825e+01,1.599001213091170115e+01,1.145233968768977206e-08,2.064248537294314012e+00,0.000000000000000000e+00
2.234283679488540189e-04,1.699995000584612370e+01,1.699925482584093928e+01,1.598933033767504774e+01,1.145330610907713265e-08,2.064248536350903329e+00,0.000000000000000000e+00
2.235283679488540213e-04,1.699995000585493088e+01,1.699925500957088786e+01,1.598864854443862704e+01,1.145901065702226163e-08,2.064248535467717360e+00,0.000000000000000000e+00
2.236283679488540238e-04,1.699995000586369898e+01,1.699925519160039045e+01,1.598796675120243549e+01,1.144521560858535736e-08,2.064248534640984900e+00,0.000000000000000000e+00
2.237283679488540262e-04,1.699995000587231075e+01,1.699925537194450698e+01,1.598728495796648019e+01,1.145336661623197472e-08,2.064248533866969382e+00,0.000000000000000000e+00
2.238283679488540286e-04,1.699995000588091187e+01,1.699925555061950178e+01,1.598660316473075937e+01,1.145196937279990834e-08,2.064248533142434283e+00,0.000000000000000000e+00
2.239283679488540311e-04,1.699995000588950944e+01,1.699925572764124482e+01,1.598592137149527481e+01,1.144596961655253153e-08,2.064248532464221242e+00,0.000000000000000000e+00
2.240283679488540335e-04,1.699995000589790095e+01,1.699925590302360234e+01,1.598523957826003361e+01,1.145516045908401281e-08,2.064248531829179001e+00,0.000000000000000000e+00
2.241283679488540359e-04,1.699995000590625338e+01,1.699925607678282446e+01,1.598455778502502511e+01,1.144077496628703727e-08,2.064248531234696316e+00,0.000000000000000000e+00
2.242283679488540384e-04,1.699995000591456673e+01,1.699925624893365139e+01,1.598387599179024754e+01,1.143702796357892737e-08,2.064248530678172600e+00,0.000000000000000000e+00
2.243283679488540408e-04,1.699995000592277705e+01,1.699925641949100452e+01,1.598319419855571510e+01,1.144900488303512986e-08,2.064248530157124506e+00,0.000000000000000000e+00
2.244283679488540432e-04,1.699995000593091632e+01,1.699925658846963472e+01,1.598251240532142603e+01,1.145271127933611410e-08,2.064248529669315602e+00,0.000000000000000000e+00
2.245283679488540456e-04,1.699995000593894545e+01,1.699925675588379903e+01,1.598183061208737321e+01,1.145332956253852785e-08,2.064248529212564520e+00,0.000000000000000000e+00
2.246283679488540481e-04,1.699995000594702432e+01,1.699925692174929281e+01,1.598114881885355665e+01,1.142671143816720303e-08,2.064248528785054049e+00,0.000000000000000000e+00
2.247283679488540505e-04,1.699995000595484740e+01,1.699925708607828412e+01,1.598046702561998700e+01,1.145110811728855538e-08,2.064248528384606374e+00,0.000000000000000000e+00
2.248283679488540529e-04,1.699995000596262074e+01,1.699925724888641909e+01,1.597978523238665716e+01,1.144418407261760251e-08,2.064248528009690276e+00,0.000000000000000000e+00
2.249283679488540554e-04,1.699995000597040473e+01,1.699925741018801517e+01,1.597910343915357601e+01,1.144749264825328794e-08,2.064248527658726573e+00,0.000000000000000000e+00
2.250283679488540578e-04,1.699995000597814254e+01,1.699925756999662596e+01,1.597842164592073111e+01,1.142994010550069106e-08,2.064248527330123650e+00,0.000000000000000000e+00
2.251283679488540602e-04,1.699995000598577377e+01,1.699925772832581927e+01,1.597773985268813313e+01,1.144046563039680109e-08,2.064248527022407131e+00,0.000000000000000000e+00
2.252283679488540627e-04,1.699995000599331973e+01,1.699925788518942227e+01,1.597705805945577673e+01,1.143338376752289776e-08,2.064248526734254519e+00,0.000000000000000000e+00
2.253283679488540651e-04,1.699995000600068806e+01,1.699925804060027446e+01,1.597637626622366902e+01,1.145774058963766606e-08,2.064248526464312228e+00,0.000000000000000000e+00
2.254283679488540675e-04,1.699995000600817008e+01,1.699925819457363474e+01,1.597569447299180290e+01,1.143125794023092112e-08,2.064248526211709844e+00,0.000000000000000000e+00
2.255283679488540700e-04,1.699995000601541761e+01,1.699925834712095352e+01,1.597501267976018724e+01,1.143956823712599657e-08,2.064248525974990756e+00,0.000000000000000000e+00
2.256283679488540724e-04,1.699995000602276107e+01,1.699925849825728363e+01,1.597433088652881317e+01,1.142952699151322804e-08,2.064248525753463070e+00,0.000000000000000000e+00
2.257283679488540748e-04,1.699995000602991979e+01,1.699925864799369180e+01,1.597364909329769134e+01,1.145771863497735410e-08,2.064248525545894886e+00,0.000000000000000000e+00
2.258283679488540772e-04,1.699995000603711404e+01,1.699925879634491466e+01,1.597296730006681642e+01,1.143466604736076420e-08,2.064248525351591645e+00,0.000000000000000000e+00
2.259283679488540797e-04,1.699995000604416617e+01,1.699925894332233511e+01,1.597228550683618664e+01,1.143873440412335185e-08,2.064248525169543491e+00,0.000000000000000000e+00
2.260283679488540821e-04,1.699995000605120410e+01,1.699925908893945703e+01,1.597160371360580911e+01,1.143156028171610217e-08,2.064248524999078960e+00,0.000000000000000000e+00
2.261283679488540845e-04,1.699995000605811768e+01,1.699925923320840582e+01,1.597092192037568559e+01,1.144774330885667268e-08,2.064248524839349841e+00,0.000000000000000000e+00
2.262283679488540870e-04,1.699995000606498152e+01,1.699925937614219862e+01,1.597024012714580721e+01,1.142716415936106955e-08,2.064248524689749509e+00,0.000000000000000000e+00
2.263283679488540894e-04,1.699995000607177431e+01,1.699925951775283295e+01,1.596955833391618285e+01,1.144082004134183705e-08,2.064248524549604724e+00,0.000000000000000000e+00
2.264283679488540918e-04,1.699995000607854578e+01,1.699925965805304173e+01,1.596887654068680540e+01,1.142135774845343121e-08,2.064248524418362152e+00,0.000000000000000000e+00
2.265283679488540943e-04,1.699995000608523554e+01,1.699925979705455603e+01,1.596819474745768197e+01,1.143253786084486023e-08,2.064248524295388520e+00,0.000000000000000000e+00
2.266283679488540967e-04,1.699995000609182583e+01,1.699925993476893282e+01,1.596751295422880723e+01,1.142900843409400125e-08,2.064248524180142930e+00,0.000000000000000000e+00
2.267283679488540991e-04,1.699995000609837703e+01,1.699926007120870253e+01,1.596683116100018651e+01,1.142348096672129998e-08,2.064248524072189284e+00,0.000000000000000000e+00
2.268283679488541016e-04,1.699995000610475770e+01,1.699926020638483948e+01,1.596614936777182159e+01,1.143617200938251699e-08,2.064248523970929838e+00,0.000000000000000000e+00
2.269283679488541040e-04,1.699995000611124496e+01,1.699926034031076938e+01,1.596546757454370535e+01,1.142145247823300735e-08,2.064248523876208274e+00,0.000000000000000000e+00
2.270283679488541064e-04,1.699995000611763274e+01,1.699926047299673471e+01,1.596478578131584314e+01,1.142147534882731463e-08,2.064248523787399314e+00,0.000000000000000000e+00
2.271283679488541088e-04,1.699995000612387130e+01,1.699926060445377374e+01,1.596410398808824382e+01,1.143462019514984718e-08,2.064248523704085514e+00,0.000000000000000000e+00
2.272283679488541113e-04,1.699995000613029816e+01,1.699926073469561061e+01,1.596342219486089142e+01,1.140066147042873013e-08,2.064248523626236675e+00,0.000000000000000000e+00
2.273283679488541137e-04,1.699995000613650475e+01,1.699926086373090683e+01,1.596274040163379837e+01,1.142746991478205132e-08,2.064248523553120052e+00,0.000000000000000000e+00
2.274283679488541161e-04,1.699995000614261897e+01,1.699926099157158887e+01,1.596205860840696644e+01,1.143325731312039295e-08,2.064248523484538467e+00,0.000000000000000000e+00
2.275283679488541186e-04,1.699995000614873675e+01,1.699926111822931318e+01,1.596137681518039031e+01,1.142358729833148345e-08,2.064248523420309844e+00,0.000000000000000000e+00
2.276283679488541210e-04,1.699995000615481189e+01,1.699926124371490843e+01,1.596069502195406642e+01,1.141142141891648976e-08,2.064248523360101117e+00,0.000000000000000000e+00
2.277283679488541234e-04,1.699995000616074137e+01,1.699926136803826537e+01,1.596001322872800010e+01,1.141713676378053322e-08,2.064248523303563232e+00,0.000000000000000000e+00
2.278283679488541259e-04,1.699995000616663887e+01,1.699926149121104402e+01,1.595933143550219491e+01,1.142446801050134297e-08,2.064248523250571843e+00,0.000000000000000000e+00
2.279283679488541283e-04,1.699995000617260033e+01,1.699926161324468410e+01,1.595864964227664196e+01,1.139535404925950957e-08,2.064248523200985730e+00,0.000000000000000000e+00
2.280283679488541307e-04,1.699995000617843743e+01,1.699926173414807806e+01,1.595796784905135546e+01,1.142307839985257090e-08,2.064248523154412318e+00,0.000000000000000000e+00
2.281283679488541332e-04,1.699995000618423546e+01,1.699926185393263367e+01,1.595728605582632831e+01,1.141137775939604637e-08,2.064248523110737921e+00,0.000000000000000000e+00
2.282283679488541356e-04,1.699995000618989494e+01,1.699926197260777627e+01,1.595660426260156051e+01,1.141707645091472045e-08,2.064248523069685426e+00,0.000000000000000000e+00
2.283283679488541380e-04,1.699995000619555086e+01,1.699926209018476797e+01,1.595592246937705205e+01,1.140941607857826057e-08,2.064248523031213089e+00,0.000000000000000000e+00
2.284283679488541404e-04,1.699995000620112151e+01,1.699926220667304122e+01,1.595524067615281005e+01,1.141611519206442438e-08,2.064248522995074886e+00,0.000000000000000000e+00
2.285283679488541429e-04,1.699995000620671348e+01,1.699926232208358456e+01,1.595455888292882030e+01,1.139190375365473074e-08,2.064248522961228183e+00,0.000000000000000000e+00
2.286283679488541453e-04,1.699995000621214558e+01,1.699926243642505597e+01,1.595387708970509877e+01,1.142282388122417558e-08,2.064248522929354124e+00,0.000000000000000000e+00
2.287283679488541477e-04,1.699995000621757768e+01,1.699926254970849726e+01,1.595319529648164192e+01,1.141266484094849432e-08,2.064248522899476690e+00,0.000000000000000000e+00
2.288283679488541502e-04,1.699995000622298491e+01,1.699926266194342972e+01,1.595251350325844442e+01,1.141096062085011908e-08,2.064248522871434233e+00,0.000000000000000000e+00
2.289283679488541526e-04,1.699995000622838504e+01,1.699926277313981515e+01,1.595183171003550981e+01,1.140897135099017135e-08,2.064248522845152145e+00,0.000000000000000000e+00
2.290283679488541550e-04,1.699995000623366437e+01,1.699926288330641455e+01,1.595114991681283989e+01,1.141268837767661637e-08,2.064248522820387954e+00,0.000000000000000000e+00
2.291283679488541575e-04,1.699995000623891528e+01,1.699926299245327499e+01,1.595046812359043109e+01,1.141335964627288035e-08,2.064248522797144325e+00,0.000000000000000000e+00
2.292283679488541599e-04,1.699995000624412000e+01,1.699926310058991774e+01,1.594978633036829052e+01,1.140958602596775506e-08,2.064248522775303130e+00,0.000000000000000000e+00
2.293283679488541623e-04,1.699995000624925723e+01,1.699926320772538091e+01,1.594910453714641640e+01,1.141459352038687314e-08,2.064248522754754234e+00,0.000000000000000000e+00
2.294283679488541648e-04,1.699995000625446195e+01,1.699926331387023737e+01,1.594842274392480164e+01,1.139044772391351046e-08,2.064248522735554481e+00,0.000000000000000000e+00
2.295283679488541672e-04,1.699995000625942509e+01,1.699926341903119820e+01,1.594774095070345865e+01,1.142347794136355787e-08,2.064248522717306855e+00,0.000000000000000000e+00
2.296283679488541696e-04,1.699995000626439889e+01,1.699926352321894640e+01,1.594705915748238212e+01,1.140297309354387778e-08,2.064248522700193433e+00,0.000000000000000000e+00
2.297283679488541720e-04,1.699995000626933006e+01,1.699926362644228917e+01,1.594637736426157026e+01,1.140040095659600183e-08,2.064248522684095200e+00,0.000000000000000000e+00
2.298283679488541745e-04,1.699995000627432873e+01,1.699926372871107105e+01,1.594569557104102486e+01,1.139976177344514952e-08,2.064248522669059227e+00,0.000000000000000000e+00
2.299283679488541769e-04,1.699995000627914266e+01,1.699926383003229446e+01,1.594501377782074947e+01,1.140730615523111169e-08,2.064248522654771989e+00,0.000000000000000000e+00
2.300283679488541793e-04,1.699995000628398856e+01,1.699926393041616279e+01,1.594433198460074230e+01,1.139970548513780102e-08,2.064248522641394246e+00,0.000000000000000000e+00
2.301283679488541818e-04,1.699995000628887709e+01,1.699926402987130203e+01,1.594365019138099981e+01,1.138296906733060609e-08,2.064248522628877147e+00,0.000000000000000000e+00
2.302283679488541842e-04,1.699995000629355602e+01,1.699926412840494194e+01,1.594296839816152911e+01,1.140696950785446973e-08,2.064248522616924930e+00,0.000000000000000000e+00
2.303283679488541866e-04,1.699995000629816744e+01,1.699926422602605314e+01,1.594228660494233196e+01,1.141218067268745529e-08,2.064248522605629077e+00,0.000000000000000000e+00
2.304283679488541891e-04,1.699995000630291742e+01,1.699926432274483901e+01,1.594160481172339416e+01,1.138254959731632709e-08,2.064248522595156565e+00,0.000000000000000000e+00
2.305283679488541915e-04,1.699995000630746489e+01,1.699926441856730364e+01,1.594092301850473170e+01,1.140450928138747599e-08,2.064248522585124590e+00,0.000000000000000000e+00
2.306283679488541939e-04,1.699995000631196618e+01,1.699926451350288659e+01,1.594024122528634280e+01,1.140391323040113036e-08,2.064248522575643285e+00,0.000000000000000000e+00
2.307283679488541964e-04,1.699995000631656339e+01,1.699926460756059399e+01,1.593955943206821679e+01,1.138671312794770074e-08,2.064248522566835220e+00,0.000000000000000000e+00
2.308283679488541988e-04,1.699995000632100073e+01,1.699926470074695217e+01,1.593887763885036435e+01,1.140288510836917624e-08,2.064248522558395749e+00,0.000000000000000000e+00
2.309283679488542012e-04,1.699995000632547004e+01,1.699926479307123017e+01,1.593819584563278013e+01,1.138558136659639786e-08,2.064248522550498066e+00,0.000000000000000000e+00
2.310283679488542036e-04,1.699995000632990383e+01,1.699926488454086027e+01,1.593751405241546770e+01,1.139192035148894888e-08,2.064248522543040032e+00,0.000000000000000000e+00
2.311283679488542061e-04,1.699995000633418840e+01,1.699926497516295854e+01,1.593683225919843771e+01,1.141358088596611253e-08,2.064248522535872432e+00,0.000000000000000000e+00
2.312283679488542085e-04,1.699995000633846942e+01,1.699926506494653466e+01,1.593615046598167417e+01,1.139103147917985837e-08,2.064248522529133822e+00,0.000000000000000000e+00
2.313283679488542109e-04,1.699995000634280018e+01,1.699926515389956450e+01,1.593546867276517531e+01,1.137403229933831028e-08,2.064248522522835749e+00,0.000000000000000000e+00
2.314283679488542134e-04,1.699995000634695685e+01,1.699926524202816935e+01,1.593478687954896422e+01,1.141261732340304036e-08,2.064248522516735740e+00,0.000000000000000000e+00
2.315283679488542158e-04,1.699995000635120945e+01,1.699926532934193446e+01,1.593410508633301781e+01,1.138168642667025665e-08,2.064248522511090478e+00,0.000000000000000000e+00
2.316283679488542182e-04,1.699995000635539810e+01,1.699926541584749273e+01,1.593342329311734318e+01,1.138212923912362839e-08,2.064248522505719663e+00,0.000000000000000000e+00
2.317283679488542207e-04,1.699995000635945175e+01,1.699926550155179328e+01,1.593274149990194921e+01,1.140565078494581996e-08,2.064248522500522931e+00,0.000000000000000000e+00
2.318283679488542231e-04,1.699995000636356579e+01,1.699926558646320984e+01,1.593205970668682170e+01,1.138553559765220768e-08,2.064248522495691240e+00,0.000000000000000000e+00
2.319283679488542255e-04,1.699995000636763010e+01,1.699926567058865956e+01,1.593137791347197307e+01,1.139352903689605512e-08,2.064248522491088700e+00,0.000000000000000000e+00
2.320283679488542279e-04,1.699995000637172637e+01,1.699926575393592643e+01,1.593069612025739445e+01,1.137027874631435509e-08,2.064248522486786364e+00,0.000000000000000000e+00
2.321283679488542304e-04,1.699995000637568054e+01,1.699926583651096479e+01,1.593001432704309472e+01,1.138767188879619141e-08,2.064248522482596826e+00,0.000000000000000000e+00
2.322283679488542328e-04,1.699995000637963116e+01,1.699926591832161549e+01,1.592933253382907388e+01,1.139362443280944603e-08,2.064248522478632886e+00,0.000000000000000000e+00
2.323283679488542352e-04,1.699995000638363507e+01,1.699926599937565541e+01,1.592865074061532127e+01,1.136516536437426339e-08,2.064248522474952274e+00,0.000000000000000000e+00
2.324283679488542377e-04,1.699995000638748621e+01,1.699926607967875114e+01,1.592796894740185110e+01,1.138877622763878605e-08,2.064248522471332947e+00,0.000000000000000000e+00
2.325283679488542401e-04,1.699995000639135512e+01,1.699926615923882167e+01,1.592728715418865804e+01,1.138325689264974017e-08,2.064248522467937441e+00,0.000000000000000000e+00
2.326283679488542425e-04,1.699995000639522402e+01,1.699926623806284098e+01,1.592660536097573676e+01,1.137668775852418435e-08,2.064248522464732893e+00,0.000000000000000000e+00
2.327283679488542450e-04,1.699995000639899345e+01,1.699926631615707606e+01,1.592592356776309437e+01,1.138270055989210050e-08,2.064248522461603841e+00,0.000000000000000000e+00
2.328283679488542474e-04,1.699995000640266696e+01,1.699926639352788982e+01,1.592524177455073620e+01,1.139308491993062944e-08,2.064248522458560053e+00,0.000000000000000000e+00
2.329283679488542498e-04,1.699995000640635823e+01,1.699926647018307690e+01,1.592455998133864981e+01,1.137031610531913373e-08,2.064248522455701007e+00,0.000000000000000000e+00
2.330283679488542523e-04,1.699995000640995713e+01,1.699926654612821153e+01,1.592387818812684586e+01,1.139361172075581408e-08,2.064248522452904133e+00,0.000000000000000000e+00
2.331283679488542547e-04,1.699995000641359510e+01,1.699926662137092137e+01,1.592319639491531369e+01,1.136726271444565839e-08,2.064248522450292000e+00,0.000000000000000000e+00
2.332283679488542571e-04,1.699995000641714782e+01,1.699926669591673800e+01,1.592251460170406219e+01,1.137776986515071087e-08,2.064248522447741152e+00,0.000000000000000000e+00
2.333283679488542595e-04,1.699995000642066501e+01,1.699926676977227658e+01,1.592183280849309135e+01,1.137322935829132575e-08,2.064248522445288003e+00,0.000000000000000000e+00
2.334283679488542620e-04,1.699995000642424969e+01,1.699926684294490897e+01,1.592115101528239229e+01,1.136710953142383573e-08,2.064248522443031142e+00,0.000000000000000000e+00
2.335283679488542644e-04,1.699995000642771714e+01,1.699926691543989321e+01,1.592046922207197390e+01,1.137319166621963973e-08,2.064248522440776057e+00,0.000000000000000000e+00
2.336283679488542668e-04,1.699995000643118104e+01,1.699926698726391905e+01,1.591978742886184151e+01,1.137594091149551900e-08,2.064248522438638211e+00,0.000000000000000000e+00
2.337283679488542693e-04,1.699995000643468401e+01,1.699926705842359453e+01,1.591910563565198267e+01,1.135983426769904270e-08,2.064248522436651356e+00,0.000000000000000000e+00
2.338283679488542717e-04,1.699995000643802001e+01,1.699926712892371938e+01,1.591842384244240804e+01,1.136782448729611872e-08,2.064248522434606770e+00,0.000000000000000000e+00
2.339283679488542741e-04,1.699995000644124232e+01,1.699926719877067782e+01,1.591774204923312119e+01,1.139897365387554373e-08,2.064248522432547084e+00,0.000000000000000000e+00
2.340283679488542766e-04,1.699995000644467424e+01,1.699926726797274057e+01,1.591706025602410257e+01,1.135020086251437021e-08,2.064248522430799149e+00,0.000000000000000000e+00
2.341283679488542790e-04,1.699995000644792853e+01,1.699926733653314059e+01,1.591637846281537172e+01,1.138110594656183139e-08,2.064248522428961508e+00,0.000000000000000000e+00
2.342283679488542814e-04,1.699995000645120058e+01,1.699926740445911477e+01,1.591569666960692153e+01,1.137420910235498184e-08,2.064248522427236665e+00,0.000000000000000000e+00
2.343283679488542839e-04,1.699995000645445131e+01,1.699926747175650021e+01,1.591501487639874668e+01,1.135775742899802765e-08,2.064248522425577548e+00,0.000000000000000000e+00
2.344283679488542863e-04,1.699995000645759902e+01,1.699926753843022809e+01,1.591433308319085782e+01,1.138195904193395336e-08,2.064248522423892673e+00,0.000000000000000000e+00
2.345283679488542887e-04,1.699995000646076804e+01,1.699926760448720842e+01,1.591365128998325140e+01,1.136576258109478488e-08,2.064248522422311716e+00,0.000000000000000000e+00
2.346283679488542911e-04,1.699995000646397258e+01,1.699926766993335647e+01,1.591296949677592387e+01,1.135923091699631016e-08,2.064248522420846221e+00,0.000000000000000000e+00
2.347283679488542936e-04,1.699995000646713805e+01,1.699926773477358566e+01,1.591228770356887878e+01,1.136164315407306447e-08,2.064248522419420695e+00,0.000000000000000000e+00
2.348283679488542960e-04,1.699995000647023247e+01,1.699926779901329610e+01,1.591160591036211969e+01,1.136493088527146256e-08,2.064248522417992504e+00,0.000000000000000000e+00
2.349283679488542984e-04,1.699995000647327714e+01,1.699926786265819700e+01,1.591092411715564303e+01,1.136825544811870259e-08,2.064248522416590070e+00,0.000000000000000000e+00
2.350283679488543009e-04,1.699995000647633603e+01,1.699926792571446654e+01,1.591024232394944704e+01,1.134888072407136406e-08,2.064248522415267573e+00,0.000000000000000000e+00
2.351283679488543033e-04,1.699995000647939492e+01,1.699926798818729523e+01,1.590956053074353171e+01,1.134970098459753274e-08,2.064248522414006359e+00,0.000000000000000000e+00
2.352283679488543057e-04,1.699995000648230814e+01,1.699926805008085751e+01,1.590887873753791126e+01,1.137010419149930840e-08,2.064248522412661657e+00,0.000000000000000000e+00
2.353283679488543082e-04,1.699995000648526755e+01,1.699926811140192129e+01,1.590819694433257148e+01,1.136543859026062364e-08,2.064248522411427089e+00,0.000000000000000000e+00
2.354283679488543106e-04,1.699995000648821986e+01,1.699926817215564157e+01,1.590751515112751413e+01,1.136405222701419859e-08,2.064248522410234266e+00,0.000000000000000000e+00
2.355283679488543130e-04,1.699995000649117927e+01,1.699926823234725148e+01,1.590683335792274278e+01,1.135062430157596225e-08,2.064248522409112496e+00,0.000000000000000000e+00
2.356283679488543155e-04,1.699995000649402144e+01,1.699926829198116707e+01,1.590615156471825919e+01,1.136816335511880993e-08,2.064248522407927666e+00,0.000000000000000000e+00
2.357283679488543179e-04,1.699995000649686006e+01,1.699926835106293410e+01,1.590546977151405628e+01,1.135764574056175036e-08,2.064248522406789021e+00,0.000000000000000000e+00
2.358283679488543203e-04,1.699995000649971288e+01,1.699926840959801666e+01,1.590478797831013935e+01,1.135464910984040898e-08,2.064248522405714326e+00,0.000000000000000000e+00
2.359283679488543227e-04,1.699995000650252663e+01,1.699926846759135302e+01,1.590410618510650664e+01,1.134389682189151927e-08,2.064248522404655617e+00,0.000000000000000000e+00
2.360283679488543252e-04,1.699995000650530486e+01,1.699926852504792762e+01,1.590342439190315993e+01,1.136103675025701421e-08,2.064248522403604014e+00,0.000000000000000000e+00
2.361283679488543276e-04,1.699995000650803334e+01,1.699926858197249757e+01,1.590274259870010631e+01,1.136171429161336732e-08,2.064248522402560404e+00,0.000000000000000000e+00
2.362283679488543300e-04,1.699995000651076538e+01,1.699926863837032798e+01,1.590206080549733336e+01,1.135243221650483747e-08,2.064248522401558539e+00,0.000000000000000000e+00
2.363283679488543325e-04,1.699995000651344768e+01,1.699926869424612974e+01,1.590137901229484463e+01,1.135432656229617976e-08,2.064248522400555785e+00,0.000000000000000000e+00
2.364283679488543349e-04,1.699995000651614063e+01,1.699926874960494416e+01,1.590069721909264544e+01,1.135210495051275359e-08,2.064248522399609875e+00,0.000000000000000000e+00
2.365283679488543373e-04,1.699995000651878740e+01,1.699926880445102739e+01,1.590001542589073047e+01,1.135969504573175470e-08,2.064248522398653307e+00,0.000000000000000000e+00
2.366283679488543398e-04,1.699995000652146260e+01,1.699926885878989680e+01,1.589933363268910504e+01,1.134718141670987279e-08,2.064248522397770458e+00,0.000000000000000000e+00
2.367283679488543422e-04,1.699995000652405963e+01,1.699926891262551720e+01,1.589865183948776917e+01,1.135763944004608561e-08,2.064248522396853858e+00,0.000000000000000000e+00
2.368283679488543446e-04,1.699995000652662114e+01,1.699926896596271675e+01,1.589797004628671928e+01,1.134670288283068373e-08,2.064248522395938146e+00,0.000000000000000000e+00
2.369283679488543471e-04,1.699995000652920396e+01,1.699926901880628449e+01,1.589728825308595717e+01,1.134277255454563260e-08,2.064248522395090824e+00,0.000000000000000000e+00
2.370283679488543495e-04,1.699995000653170862e+01,1.699926907116044816e+01,1.589660645988548282e+01,1.135250396466780387e-08,2.064248522394205310e+00,0.000000000000000000e+00
2.371283679488543519e-04,1.699995000653418842e+01,1.699926912303002879e+01,1.589592466668529980e+01,1.136791330513808873e-08,2.064248522393321572e+00,0.000000000000000000e+00
2.372283679488543543e-04,1.699995000653673571e+01,1.699926917442008190e+01,1.589524287348539922e+01,1.133004953746130639e-08,2.064248522392553298e+00,0.000000000000000000e+00
2.373283679488543568e-04,1.699995000653918709e+01,1.699926922533387952e+01,1.589456108028578996e+01,1.135484850589563166e-08,2.064248522391722851e+00,0.000000000000000000e+00
2.374283679488543592e-04,1.699995000654165977e+01,1.699926927577671876e+01,1.589387928708646491e+01,1.133966817667975135e-08,2.064248522390948359e+00,0.000000000000000000e+00
2.375283679488543616e-04,1.699995000654400812e+01,1.699926932575188232e+01,1.589319749388743475e+01,1.135678753816371511e-08,2.064248522390080609e+00,0.000000000000000000e+00
2.376283679488543641e-04,1.699995000654644173e+01,1.699926937526522863e+01,1.589251570068868702e+01,1.133258453744900862e-08,2.064248522389335427e+00,0.000000000000000000e+00
2.377283679488543665e-04,1.699995000654876520e+01,1.699926942431952526e+01,1.589183390749023772e+01,1.136124203049426740e-08,2.064248522388517415e+00,0.000000000000000000e+00
2.378283679488543689e-04,1.699995000655121657e+01,1.699926947292090063e+01,1.589115211429206731e+01,1.131816684818431895e-08,2.064248522387856610e+00,0.000000000000000000e+00
2.379283679488543714e-04,1.699995000655352939e+01,1.699926952107157874e+01,1.589047032109419000e+01,1.134127730617606744e-08,2.064248522387091000e+00,0.000000000000000000e+00
2.380283679488543738e-04,1.699995000655582089e+01,1.699926956877644457e+01,1.588978852789660401e+01,1.134254454249195021e-08,2.064248522386337825e+00,0.000000000000000000e+00
2.381283679488543762e-04,1.699995000655819766e+01,1.699926961604035469e+01,1.588910673469930579e+01,1.133580540546574866e-08,2.064248522385702778e+00,0.000000000000000000e+00
2.382283679488543787e-04,1.699995000656043587e+01,1.699926966286605534e+01,1.588842494150229712e+01,1.133521104756951559e-08,2.064248522384954931e+00,0.000000000000000000e+00
2.383283679488543811e-04,1.699995000656269895e+01,1.699926970925868019e+01,1.588774314830557977e+01,1.134000596203499356e-08,2.064248522384258600e+00,0.000000000000000000e+00
2.384283679488543835e-04,1.699995000656480926e+01,1.699926975522123129e+01,1.588706135510915907e+01,1.136430305415103703e-08,2.064248522383443252e+00,0.000000000000000000e+00
2.385283679488543859e-04,1.699995000656709365e+01,1.699926980075947469e+01,1.588637956191302436e+01,1.132721658136937037e-08,2.064248522382827744e+00,0.000000000000000000e+00
2.386283679488543884e-04,1.699995000656933897e+01,1.699926984587592571e+01,1.588569776871717565e+01,1.133024282728989363e-08,2.064248522382207796e+00,0.000000000000000000e+00
2.387283679488543908e-04,1.699995000657149191e+01,1.699926989057437510e+01,1.588501597552161826e+01,1.133644603190653299e-08,2.064248522381519457e+00,0.000000000000000000e+00
2.388283679488543932e-04,1.699995000657363420e+01,1.699926993485922111e+01,1.588433418232635930e+01,1.134517932377399063e-08,2.064248522380852435e+00,0.000000000000000000e+00
2.389283679488543957e-04,1.699995000657582978e+01,1.699926997873483714e+01,1.588365238913138811e+01,1.132669566472621625e-08,2.064248522380263573e+00,0.000000000000000000e+00
2.390283679488543981e-04,1.699995000657793298e+01,1.699927002220356798e+01,1.588297059593671179e+01,1.134613628051006629e-08,2.064248522379613426e+00,0.000000000000000000e+00
2.391283679488544005e-04,1.699995000658003264e+01,1.699927006527003570e+01,1.588228880274232679e+01,1.133733817937354615e-08,2.064248522378989037e+00,0.000000000000000000e+00
2.392283679488544030e-04,1.699995000658207900e+01,1.699927010793759052e+01,1.588160700954822957e+01,1.132891269683966584e-08,2.064248522378335338e+00,0.000000000000000000e+00
2.393283679488544054e-04,1.699995000658406497e+01,1.699927015021008714e+01,1.588092521635442900e+01,1.134212246345356334e-08,2.064248522377646999e+00,0.000000000000000000e+00
2.394283679488544078e-04,1.699995000658608646e+01,1.699927019209169998e+01,1.588024342316091975e+01,1.132542162829430765e-08,2.064248522377024386e+00,0.000000000000000000e+00
2.395283679488544103e-04,1.699995000658809730e+01,1.699927023358578992e+01,1.587956162996769827e+01,1.132197294251291453e-08,2.064248522376414208e+00,0.000000000000000000e+00
2.396283679488544127e-04,1.699995000659008682e+01,1.699927027469550112e+01,1.587887983677476988e+01,1.133131466435344237e-08,2.064248522375811135e+00,0.000000000000000000e+00
2.397283679488544151e-04,1.699995000659211541e+01,1.699927031542499378e+01,1.587819804358213815e+01,1.133828370081246817e-08,2.064248522375267569e+00,0.000000000000000000e+00
2.398283679488544175e-04,1.699995000659410138e+01,1.699927035577735879e+01,1.587751625038979242e+01,1.131332266757212324e-08,2.064248522374700023e+00,0.000000000000000000e+00
2.399283679488544200e-04,1.699995000659608735e+01,1.699927039575649701e+01,1.587683445719774156e+01,1.132134191950129321e-08,2.064248522374160899e+00,0.000000000000000000e+00
2.400283679488544224e-04,1.699995000659807332e+01,1.699927043536555260e+01,1.587615266400598557e+01,1.132550025984002673e-08,2.064248522373655526e+00,0.000000000000000000e+00
2.401283679488544248e-04,1.699995000660005928e+01,1.699927047460820262e+01,1.587547087081452091e+01,1.131798171849496271e-08,2.064248522373169692e+00,0.000000000000000000e+00
2.402283679488544273e-04,1.699995000660188182e+01,1.699927051348674567e+01,1.587478907762335645e+01,1.132755408916885642e-08,2.064248522372538197e+00,0.000000000000000000e+00
2.403283679488544297e-04,1.699995000660373279e+01,1.699927055200591042e+01,1.587410728443248331e+01,1.133169322264926393e-08,2.064248522371963546e+00,0.000000000000000000e+00
2.404283679488544321e-04,1.699995000660559441e+01,1.699927059016863495e+01,1.587342549124189794e+01,1.131541568777372220e-08,2.064248522371422645e+00,0.000000000000000000e+00
2.405283679488544346e-04,1.699995000660743472e+01,1.699927062797805988e+01,1.587274369805160923e+01,1.131464064108023138e-08,2.064248522370879968e+00,0.000000000000000000e+00
2.406283679488544370e-04,1.699995000660929279e+01,1.699927066543785870e+01,1.587206190486161361e+01,1.131427662670603240e-08,2.064248522370377259e+00,0.000000000000000000e+00
2.407283679488544394e-04,1.699995000661100164e+01,1.699927070254988948e+01,1.587138011167191998e+01,1.134315547046682582e-08,2.064248522369752870e+00,0.000000000000000000e+00
2.408283679488544419e-04,1.699995000661285616e+01,1.699927073931944577e+01,1.587069831848251233e+01,1.129863438920075680e-08,2.064248522369292793e+00,0.000000000000000000e+00
2.409283679488544443e-04,1.699995000661461475e+01,1.699927077574787049e+01,1.587001652529340312e+01,1.133331301028661642e-08,2.064248522368765215e+00,0.000000000000000000e+00
2.410283679488544467e-04,1.699995000661639821e+01,1.699927081183959743e+01,1.586933473210457812e+01,1.130829607731698161e-08,2.064248522368283822e+00,0.000000000000000000e+00
2.411283679488544491e-04,1.699995000661800759e+01,1.699927084759623241e+01,1.586865293891606044e+01,1.133248889173543716e-08,2.064248522367651439e+00,0.000000000000000000e+00
2.412283679488544516e-04,1.699995000661971289e+01,1.699927088302258937e+01,1.586797114572783407e+01,1.131059504388964854e-08,2.064248522367130967e+00,0.000000000000000000e+00
2.413283679488544540e-04,1.699995000662144662e+01,1.699927091812132218e+01,1.586728935253990258e+01,1.131498436612865532e-08,2.064248522366660232e+00,0.000000000000000000e+00
2.414283679488544564e-04,1.699995000662312350e+01,1.699927095289483248e+01,1.586660755935226597e+01,1.131620161465285435e-08,2.064248522366157523e+00,0.000000000000000000e+00
2.415283679488544589e-04,1.699995000662470446e+01,1.699927098734580611e+01,1.586592576616492778e+01,1.132840429796111437e-08,2.064248522365570437e+00,0.000000000000000000e+00
2.416283679488544613e-04,1.699995000662639200e+01,1.699927102147852409e+01,1.586524397297788092e+01,1.130730639675725513e-08,2.064248522365116578e+00,0.000000000000000000e+00
2.417283679488544637e-04,1.699995000662810796e+01,1.699927105529586058e+01,1.586456217979112715e+01,1.131069402027229387e-08,2.064248522364709792e+00,0.000000000000000000e+00
2.418283679488544662e-04,1.699995000662966760e+01,1.699927108879922599e+01,1.586388038660467537e+01,1.133108631923285259e-08,2.064248522364169780e+00,0.000000000000000000e+00
2.419283679488544686e-04,1.699995000663134448e+01,1.699927112199317847e+01,1.586319859341850957e+01,1.130232668566932830e-08,2.064248522363764771e+00,0.000000000000000000e+00
2.420283679488544710e-04,1.699995000663294320e+01,1.699927115487935936e+01,1.586251680023264932e+01,1.133331636871126591e-08,2.064248522363307359e+00,0.000000000000000000e+00
2.421283679488544734e-04,1.699995000663459876e+01,1.699927118746197152e+01,1.586183500704708038e+01,1.129974519509246988e-08,2.064248522362920113e+00,0.000000000000000000e+00
2.422283679488544759e-04,1.699995000663618683e+01,1.699927121974249289e+01,1.586115321386181343e+01,1.131781288132849284e-08,2.064248522362492011e+00,0.000000000000000000e+00
2.423283679488544783e-04,1.699995000663770739e+01,1.699927125172385445e+01,1.586047142067684490e+01,1.132160459826891952e-08,2.064248522362005289e+00,0.000000000000000000e+00
2.424283679488544807e-04,1.699995000663925637e+01,1.699927128340955917e+01,1.585978962749217125e+01,1.131060611836431917e-08,2.064248522361565641e+00,0.000000000000000000e+00
2.425283679488544832e-04,1.699995000664083733e+01,1.699927131480233200e+01,1.585910783430779425e+01,1.131352020400377967e-08,2.064248522361177507e+00,0.000000000000000000e+00
2.426283679488544856e-04,1.699995000664237566e+01,1.699927134590414113e+01,1.585842604112371212e+01,1.131550700361749762e-08,2.064248522360768057e+00,0.000000000000000000e+00
2.427283679488544880e-04,1.699995000664388556e+01,1.699927137671795307e+01,1.585774424793992132e+01,1.130157875617321395e-08,2.064248522360344396e+00,0.000000000000000000e+00
2.428283679488544905e-04,1.699995000664542033e+01,1.699927140724698305e+01,1.585706245475642895e+01,1.130036678120838189e-08,2.064248522359966032e+00,0.000000000000000000e+00
2.429283679488544929e-04,1.699995000664694089e+01,1.699927143749346214e+01,1.585638066157323145e+01,1.130426774409443169e-08,2.064248522359585891e+00,0.000000000000000000e+00
2.430283679488544953e-04,1.699995000664840816e+01,1.699927146745963213e+01,1.585569886839033416e+01,1.130567697793516402e-08,2.064248522359176441e+00,0.000000000000000000e+00
2.431283679488544978e-04,1.699995000664981859e+01,1.699927149714819308e+01,1.585501707520773707e+01,1.131147384092479058e-08,2.064248522358714588e+00,0.000000000000000000e+00
2.432283679488545002e-04,1.699995000665124323e+01,1.699927152656218610e+01,1.585433528202543485e+01,1.129938312360856401e-08,2.064248522358298032e+00,0.000000000000000000e+00
2.433283679488545026e-04,1.699995000665261458e+01,1.699927155570377835e+01,1.585365348884342929e+01,1.130546681271660248e-08,2.064248522357841509e+00,0.000000000000000000e+00
2.434283679488545050e-04,1.699995000665404632e+01,1.699927158457583687e+01,1.585297169566172393e+01,1.130019944284299527e-08,2.064248522357466697e+00,0.000000000000000000e+00
2.435283679488545075e-04,1.699995000665540701e+01,1.699927161318025526e+01,1.585228990248031877e+01,1.131968360712498622e-08,2.064248522357035931e+00,0.000000000000000000e+00
2.436283679488545099e-04,1.699995000665682454e+01,1.699927164152033399e+01,1.585160810929920316e+01,1.129795043630643647e-08,2.064248522356671778e+00,0.000000000000000000e+00
2.437283679488545123e-04,1.699995000665814260e+01,1.699927166959750835e+01,1.585092631611838954e+01,1.130027360574104023e-08,2.064248522356231241e+00,0.000000000000000000e+00
2.438283679488545148e-04,1.699995000665947131e+01,1.699927169741484079e+01,1.585024452293787434e+01,1.131165031087455475e-08,2.064248522355812021e+00,0.000000000000000000e+00
2.439283679488545172e-04,1.699995000666081779e+01,1.699927172497482530e+01,1.584956272975765756e+01,1.130261076398575426e-08,2.064248522355429216e+00,0.000000000000000000e+00
2.440283679488545196e-04,1.699995000666219624e+01,1.699927175228020104e+01,1.584888093657773922e+01,1.129458077064882104e-08,2.064248522355100590e+00,0.000000000000000000e+00
2.441283679488545221e-04,1.699995000666358180e+01,1.699927177933297529e+01,1.584819914339811575e+01,1.127998927596962631e-08,2.064248522354787951e+00,0.000000000000000000e+00
2.442283679488545245e-04,1.699995000666482525e+01,1.699927180613437727e+01,1.584751735021879604e+01,1.130231311319285226e-08,2.064248522354356297e+00,0.000000000000000000e+00
2.443283679488545269e-04,1.699995000666608647e+01,1.699927183268794906e+01,1.584683555703977831e+01,1.130282312189478944e-08,2.064248522353955728e+00,0.000000000000000000e+00
2.444283679488545294e-04,1.699995000666746137e+01,1.699927185899674953e+01,1.584615376386104835e+01,1.127379306575804208e-08,2.064248522353687498e+00,0.000000000000000000e+00
2.445283679488545318e-04,1.699995000666861600e+01,1.699927188506065434e+01,1.584547197068262570e+01,1.130983162678234066e-08,2.064248522353207882e+00,0.000000000000000000e+00
2.446283679488545342e-04,1.699995000666994116e+01,1.699927191088438860e+01,1.584479017750449437e+01,1.127927434785291894e-08,2.064248522352913007e+00,0.000000000000000000e+00
2.447283679488545366e-04,1.699995000667112777e+01,1.699927193646807666e+01,1.584410838432667212e+01,1.130579710406642846e-08,2.064248522352490234e+00,0.000000000000000000e+00
2.448283679488545391e-04,1.699995000667237832e+01,1.699927196181554123e+01,1.584342659114914298e+01,1.128697335595063578e-08,2.064248522352151838e+00,0.000000000000000000e+00
2.449283679488545415e-04,1.699995000667365019e+01,1.699927198692879671e+01,1.584274479797191582e+01,1.128071491773852131e-08,2.064248522351844528e+00,0.000000000000000000e+00
2.450283679488545439e-04,1.699995000667493983e+01,1.699927201180965852e+01,1.584206300479498530e+01,1.128675533590417501e-08,2.064248522351569193e+00,0.000000000000000000e+00
2.451283679488545464e-04,1.699995000667604117e+01,1.699927203645903973e+01,1.584138121161835500e+01,1.130496241064093965e-08,2.064248522351121551e+00,0.000000000000000000e+00
2.452283679488545488e-04,1.699995000667729883e+01,1.699927206088137055e+01,1.584069941844201423e+01,1.126919924043789933e-08,2.064248522350849768e+00,0.000000000000000000e+00
2.453283679488545512e-04,1.699995000667840372e+01,1.699927208507657639e+01,1.584001762526598611e+01,1.130317056619034588e-08,2.064248522350443871e+00,0.000000000000000000e+00
2.454283679488545537e-04,1.699995000667952638e+01,1.699927210904799324e+01,1.583933583209025997e+01,1.130452115249980238e-08,2.064248522350063730e+00,0.000000000000000000e+00
2.455283679488545561e-04,1.699995000668076273e+01,1.699927213279843841e+01,1.583865403891482870e+01,1.128011309359244763e-08,2.064248522349807935e+00,0.000000000000000000e+00
2.456283679488545585e-04,1.699995000668197775e+01,1.699927215632891730e+01,1.583797224573969231e+01,1.128073098821680276e-08,2.064248522349550363e+00,0.000000000000000000e+00
2.457283679488545610e-04,1.699995000668311818e+01,1.699927217964095405e+01,1.583729045256486145e+01,1.129887641782012508e-08,2.064248522349230619e+00,0.000000000000000000e+00
2.458283679488545634e-04,1.699995000668423017e+01,1.699927220273709239e+01,1.583660865939032725e+01,1.129051888093535183e-08,2.064248522348891335e+00,0.000000000000000000e+00
2.459283679488545658e-04,1.699995000668539902e+01,1.699927222562014961e+01,1.583592686621608969e+01,1.126979559673557674e-08,2.064248522348626658e+00,0.000000000000000000e+00
2.460283679488545682e-04,1.699995000668651102e+01,1.699927224829113825e+01,1.583524507304215412e+01,1.129476737138368492e-08,2.064248522348318460e+00,0.000000000000000000e+00
2.461283679488545707e-04,1.699995000668763367e+01,1.699927227075216507e+01,1.583456327986852230e+01,1.129236451569148869e-08,2.064248522348028914e+00,0.000000000000000000e+00
2.462283679488545731e-04,1.699995000668874212e+01,1.699927229300546827e+01,1.583388148669518891e+01,1.128408605444164436e-08,2.064248522347739367e+00,0.000000000000000000e+00
2.463283679488545755e-04,1.699995000668982925e+01,1.699927231505285619e+01,1.583319969352215750e+01,1.128421836527060407e-08,2.064248522347441828e+00,0.000000000000000000e+00
2.464283679488545780e-04,1.699995000669087020e+01,1.699927233689589912e+01,1.583251790034942807e+01,1.128525528582002835e-08,2.064248522347109649e+00,0.000000000000000000e+00
2.465283679488545804e-04,1.699995000669193601e+01,1.699927235853693475e+01,1.583183610717700240e+01,1.129412924294470599e-08,2.064248522346822767e+00,0.000000000000000000e+00
2.466283679488545828e-04,1.699995000669299827e+01,1.699927237997751917e+01,1.583115431400487871e+01,1.129605947669531929e-08,2.064248522346543879e+00,0.000000000000000000e+00
2.467283679488545853e-04,1.699995000669405698e+01,1.699927240121991545e+01,1.583047252083304635e+01,1.126888587998919888e-08,2.064248522346268544e+00,0.000000000000000000e+00
2.468283679488545877e-04,1.699995000669509082e+01,1.699927242226546298e+01,1.582979072766151596e+01,1.127789603372342242e-08,2.064248522345979886e+00,0.000000000000000000e+00
2.469283679488545901e-04,1.699995000669604295e+01,1.699927244311592744e+01,1.582910893449028933e+01,1.127917487186991252e-08,2.064248522345628167e+00,0.000000000000000000e+00
2.470283679488545926e-04,1.699995000669705547e+01,1.699927246377347956e+01,1.582842714131936468e+01,1.127967869107848742e-08,2.064248522345345727e+00,0.000000000000000000e+00
2.471283679488545950e-04,1.699995000669805734e+01,1.699927248424010529e+01,1.582774534814874379e+01,1.127911589127172931e-08,2.064248522345060621e+00,0.000000000000000000e+00
2.472283679488545974e-04,1.699995000669909828e+01,1.699927250451742822e+01,1.582706355497841777e+01,1.126997251077455076e-08,2.064248522344833248e+00,0.000000000000000000e+00
2.473283679488545998e-04,1.699995000670014278e+01,1.699927252460722826e+01,1.582638176180839373e+01,1.126653872973726322e-08,2.064248522344616532e+00,0.000000000000000000e+00
2.474283679488546023e-04,1.699995000670112688e+01,1.699927254451035452e+01,1.582569996863867168e+01,1.127596677141795567e-08,2.064248522344353631e+00,0.000000000000000000e+00
2.475283679488546047e-04,1.699995000670204703e+01,1.699927256422907007e+01,1.582501817546925338e+01,1.127609616791147573e-08,2.064248522344038328e+00,0.000000000000000000e+00
2.476283679488546071e-04,1.699995000670299561e+01,1.699927258376550654e+01,1.582433638230013706e+01,1.127388937760542831e-08,2.064248522343762104e+00,0.000000000000000000e+00
2.477283679488546096e-04,1.699995000670391221e+01,1.699927260312096067e+01,1.582365458913132450e+01,1.127643198262084923e-08,2.064248522343475223e+00,0.000000000000000000e+00
2.478283679488546120e-04,1.699995000670489631e+01,1.699927262229779501e+01,1.582297279596281037e+01,1.126882476221169327e-08,2.064248522343264725e+00,0.000000000000000000e+00
2.479283679488546144e-04,1.699995000670585554e+01,1.699927264129707183e+01,1.582229100279459466e+01,1.126546414487172854e-08,2.064248522343039127e+00,0.000000000000000000e+00
2.480283679488546169e-04,1.699995000670682899e+01,1.699927266012084814e+01,1.582160920962668271e+01,1.128059970434414083e-08,2.064248522342831293e+00,0.000000000000000000e+00
2.481283679488546193e-04,1.699995000670777046e+01,1.699927267877021819e+01,1.582092741645907630e+01,1.127769133635325716e-08,2.064248522342611913e+00,0.000000000000000000e+00
2.482283679488546217e-04,1.699995000670873324e+01,1.699927269724706491e+01,1.582024562329176476e+01,1.125646187372097984e-08,2.064248522342421843e+00,0.000000000000000000e+00
2.483283679488546242e-04,1.699995000670959655e+01,1.699927271555237240e+01,1.581956383012475875e+01,1.126769977322084060e-08,2.064248522342138514e+00,0.000000000000000000e+00
2.484283679488546266e-04,1.699995000671050249e+01,1.699927273368857072e+01,1.581888203695805473e+01,1.127466736638993439e-08,2.064248522341912029e+00,0.000000000000000000e+00
2.485283679488546290e-04,1.699995000671142265e+01,1.699927275165699214e+01,1.581820024379165091e+01,1.126261714445853102e-08,2.064248522341704195e+00,0.000000000000000000e+00
2.486283679488546314e-04,1.699995000671232859e+01,1.699927276945895827e+01,1.581751845062554729e+01,1.126773513382417491e-08,2.064248522341494585e+00,0.000000000000000000e+00
2.487283679488546339e-04,1.699995000671313861e+01,1.699927278709553136e+01,1.581683665745975276e+01,1.127531376599044677e-08,2.064248522341192604e+00,0.000000000000000000e+00
2.488283679488546363e-04,1.699995000671401257e+01,1.699927280456935819e+01,1.581615486429425488e+01,1.125585968875242315e-08,2.064248522340967007e+00,0.000000000000000000e+00
2.489283679488546387e-04,1.699995000671481193e+01,1.699927282188098587e+01,1.581547307112906608e+01,1.128205284750549708e-08,2.064248522340680125e+00,0.000000000000000000e+00
2.490283679488546412e-04,1.699995000671567524e+01,1.699927283903257802e+01,1.581479127796417750e+01,1.125898754783527522e-08,2.064248522340464298e+00,0.000000000000000000e+00
2.491283679488546436e-04,1.699995000671651013e+01,1.699927285602542781e+01,1.581410948479959266e+01,1.127378551624147462e-08,2.064248522340229819e+00,0.000000000000000000e+00
2.492283679488546460e-04,1.699995000671732370e+01,1.699927287286088529e+01,1.581342769163530448e+01,1.125348864094988244e-08,2.064248522339990011e+00,0.000000000000000000e+00
2.493283679488546485e-04,1.699995000671814793e+01,1.699927288954035376e+01,1.581274589847131828e+01,1.125609913610325918e-08,2.064248522339767966e+00,0.000000000000000000e+00
2.494283679488546509e-04,1.699995000671902545e+01,1.699927290606591157e+01,1.581206410530764295e+01,1.126675869267401708e-08,2.064248522339610759e+00,0.000000000000000000e+00
2.495283679488546533e-04,1.699995000671976086e+01,1.699927292243781451e+01,1.581138231214426959e+01,1.126360438252760332e-08,2.064248522339320324e+00,0.000000000000000000e+00
2.496283679488546558e-04,1.699995000672065260e+01,1.699927293865907885e+01,1.581070051898119289e+01,1.125346579811115078e-08,2.064248522339197756e+00,0.000000000000000000e+00
2.497283679488546582e-04,1.699995000672146617e+01,1.699927295473016287e+01,1.581001872581842349e+01,1.126538182183445258e-08,2.064248522339008574e+00,0.000000000000000000e+00
2.498283679488546606e-04,1.699995000672226908e+01,1.699927297065225318e+01,1.580933693265595430e+01,1.126279797203366684e-08,2.064248522338813174e+00,0.000000000000000000e+00
2.499283679488546630e-04,1.699995000672303647e+01,1.699927298642692364e+01,1.580865513949379064e+01,1.127458743033216138e-08,2.064248522338591130e+00,0.000000000000000000e+00
2.500283679488546655e-04,1.699995000672388912e+01,1.699927300205610692e+01,1.580797334633193074e+01,1.125680862412714589e-08,2.064248522338466785e+00,0.000000000000000000e+00
2.501283679488546679e-04,1.699995000672467071e+01,1.699927301754031816e+01,1.580729155317037105e+01,1.124576820554779033e-08,2.064248522338282044e+00,0.000000000000000000e+00
2.502283679488546703e-04,1.699995000672545942e+01,1.699927303288145808e+01,1.580660976000911155e+01,1.124118564899134753e-08,2.064248522338114178e+00,0.000000000000000000e+00
2.503283679488546728e-04,1.699995000672614154e+01,1.699927304807986772e+01,1.580592796684815760e+01,1.126483969993152812e-08,2.064248522337843283e+00,0.000000000000000000e+00
2.504283679488546752e-04,1.699995000672685563e+01,1.699927306313773201e+01,1.580524617368751272e+01,1.125820123237808446e-08,2.064248522337607028e+00,0.000000000000000000e+00
2.505283679488546776e-04,1.699995000672763723e+01,1.699927307805664967e+01,1.580456438052716805e+01,1.125013843195077357e-08,2.064248522337452485e+00,0.000000000000000000e+00
2.506283679488546801e-04,1.699995000672838685e+01,1.699927309283722110e+01,1.580388258736712714e+01,1.126239210225143950e-08,2.064248522337268632e+00,0.000000000000000000e+00
2.507283679488546825e-04,1.699995000672908674e+01,1.699927310748056186e+01,1.580320079420739177e+01,1.125841875282418414e-08,2.064248522337049252e+00,0.000000000000000000e+00
2.508283679488546849e-04,1.699995000672982215e+01,1.699927312198879292e+01,1.580251900104795482e+01,1.124518181350175894e-08,2.064248522336875169e+00,0.000000000000000000e+00
2.509283679488546874e-04,1.699995000673054690e+01,1.699927313636277404e+01,1.580183720788881985e+01,1.124438392396953645e-08,2.064248522336701086e+00,0.000000000000000000e+00
2.510283679488546898e-04,1.699995000673126455e+01,1.699927315060364563e+01,1.580115541472999219e+01,1.124130527552225089e-08,2.064248522336522562e+00,0.000000000000000000e+00
2.511283679488546922e-04,1.699995000673196799e+01,1.699927316471276129e+01,1.580047362157146829e+01,1.125757523312564956e-08,2.064248522336338709e+00,0.000000000000000000e+00
2.512283679488546946e-04,1.699995000673269985e+01,1.699927317869152077e+01,1.579979182841324814e+01,1.124933213247913955e-08,2.064248522336197489e+00,0.000000000000000000e+00
2.513283679488546971e-04,1.699995000673331802e+01,1.699927319254002001e+01,1.579911003525533175e+01,1.125294235571061563e-08,2.064248522335945246e+00,0.000000000000000000e+00
2.514283679488546995e-04,1.699995000673401080e+01,1.699927320626092353e+01,1.579842824209771557e+01,1.123163403948801431e-08,2.064248522335783598e+00,0.000000000000000000e+00
2.515283679488547019e-04,1.699995000673467516e+01,1.699927321985482109e+01,1.579774644894040669e+01,1.125080428820979250e-08,2.064248522335605074e+00,0.000000000000000000e+00
2.516283679488547044e-04,1.699995000673535728e+01,1.699927323332288864e+01,1.579706465578340158e+01,1.124479714897930194e-08,2.064248522335442537e+00,0.000000000000000000e+00
2.517283679488547068e-04,1.699995000673609979e+01,1.699927324666675688e+01,1.579638286262670377e+01,1.124247589467941566e-08,2.064248522335349278e+00,0.000000000000000000e+00
2.518283679488547092e-04,1.699995000673674994e+01,1.699927325988672422e+01,1.579570106947031150e+01,1.124379830907962230e-08,2.064248522335168090e+00,0.000000000000000000e+00
2.519283679488547117e-04,1.699995000673739298e+01,1.699927327298401636e+01,1.579501927631422120e+01,1.124858423073860081e-08,2.064248522334994895e+00,0.000000000000000000e+00
2.520283679488547141e-04,1.699995000673801826e+01,1.699927328595996912e+01,1.579433748315843289e+01,1.124208470759668899e-08,2.064248522334811931e+00,0.000000000000000000e+00
2.521283679488547165e-04,1.699995000673861512e+01,1.699927329881572646e+01,1.579365569000295189e+01,1.126051213384826610e-08,2.064248522334601432e+00,0.000000000000000000e+00
2.522283679488547189e-04,1.699995000673927947e+01,1.699927331155295462e+01,1.579297389684776931e+01,1.123086143528517766e-08,2.064248522334467317e+00,0.000000000000000000e+00
2.523283679488547214e-04,1.699995000673992962e+01,1.699927332417225756e+01,1.579229210369289405e+01,1.124035642341425500e-08,2.064248522334329650e+00,0.000000000000000000e+00
2.524283679488547238e-04,1.699995000674052648e+01,1.699927333667450213e+01,1.579161031053832964e+01,1.125248932920541733e-08,2.064248522334142244e+00,0.000000000000000000e+00
2.525283679488547262e-04,1.699995000674119794e+01,1.699927334906141496e+01,1.579092851738406544e+01,1.123062701169352806e-08,2.064248522334040992e+00,0.000000000000000000e+00
2.526283679488547287e-04,1.699995000674184809e+01,1.699927336133355738e+01,1.579024672423010500e+01,1.124744636316066249e-08,2.064248522333925528e+00,0.000000000000000000e+00
2.527283679488547311e-04,1.699995000674245205e+01,1.699927337349205558e+01,1.578956493107644832e+01,1.123729925778249594e-08,2.064248522333770985e+00,0.000000000000000000e+00
2.528283679488547335e-04,1.699995000674308443e+01,1.699927338553811396e+01,1.578888313792309717e+01,1.123638762590140061e-08,2.064248522333645752e+00,0.000000000000000000e+00
2.529283679488547360e-04,1.699995000674368129e+01,1.699927339747258159e+01,1.578820134477004800e+01,1.123731127594673751e-08,2.064248522333494762e+00,0.000000000000000000e+00
2.530283679488547384e-04,1.699995000674419288e+01,1.699927340929607311e+01,1.578751955161730791e+01,1.124725693135708582e-08,2.064248522333262059e+00,0.000000000000000000e+00
2.531283679488547408e-04,1.699995000674471513e+01,1.699927342101028316e+01,1.578683775846487336e+01,1.124414628073111544e-08,2.064248522333051561e+00,0.000000000000000000e+00
2.532283679488547433e-04,1.699995000674532974e+01,1.699927343261665058e+01,1.578615596531273901e+01,1.122776807638281582e-08,2.064248522332938762e+00,0.000000000000000000e+00
2.533283679488547457e-04,1.699995000674588042e+01,1.699927344411524999e+01,1.578547417216090665e+01,1.123449150375321892e-08,2.064248522332765567e+00,0.000000000000000000e+00
2.534283679488547481e-04,1.699995000674649503e+01,1.699927345550756641e+01,1.578479237900937804e+01,1.122044299139979273e-08,2.064248522332673197e+00,0.000000000000000000e+00
2.535283679488547505e-04,1.699995000674705281e+01,1.699927346679415763e+01,1.578411058585816029e+01,1.124374821026563609e-08,2.064248522332526647e+00,0.000000000000000000e+00
2.536283679488547530e-04,1.699995000674769230e+01,1.699927347797697763e+01,1.578342879270724097e+01,1.121680801019486751e-08,2.064248522332466251e+00,0.000000000000000000e+00
2.537283679488547554e-04,1.699995000674827850e+01,1.699927348905612590e+01,1.578274699955663252e+01,1.122691997701430466e-08,2.064248522332358782e+00,0.000000000000000000e+00
2.538283679488547578e-04,1.699995000674883272e+01,1.699927350003252258e+01,1.578206520640632604e+01,1.123029405580844298e-08,2.064248522332226443e+00,0.000000000000000000e+00
2.539283679488547603e-04,1.699995000674939050e+01,1.699927351090732941e+01,1.578138341325632688e+01,1.124130999397010555e-08,2.064248522332103875e+00,0.000000000000000000e+00
2.540283679488547627e-04,1.699995000674999446e+01,1.699927352168174011e+01,1.578070162010662969e+01,1.123068948949423884e-08,2.064248522332030156e+00,0.000000000000000000e+00
2.541283679488547651e-04,1.699995000675053447e+01,1.699927353235585770e+01,1.578001982695723981e+01,1.122752094073753426e-08,2.064248522331897817e+00,0.000000000000000000e+00
2.542283679488547676e-04,1.699995000675102119e+01,1.699927354293105708e+01,1.577933803380815903e+01,1.123160350835483712e-08,2.064248522331721070e+00,0.000000000000000000e+00
2.543283679488547700e-04,1.699995000675160384e+01,1.699927355340907908e+01,1.577865624065937666e+01,1.121357623423691052e-08,2.064248522331646463e+00,0.000000000000000000e+00
2.544283679488547724e-04,1.699995000675212253e+01,1.699927356378953647e+01,1.577797444751090516e+01,1.124625609305596186e-08,2.064248522331505242e+00,0.000000000000000000e+00
2.545283679488547749e-04,1.699995000675271228e+01,1.699927357407436901e+01,1.577729265436273387e+01,1.120566681112045160e-08,2.064248522331447511e+00,0.000000000000000000e+00
2.546283679488547773e-04,1.699995000675320256e+01,1.699927358426341328e+01,1.577661086121487344e+01,1.123007620229543591e-08,2.064248522331292968e+00,0.000000000000000000e+00
2.547283679488547797e-04,1.699995000675369639e+01,1.699927359435859131e+01,1.577592906806731676e+01,1.122461434910348999e-08,2.064248522331157965e+00,0.000000000000000000e+00
2.548283679488547821e-04,1.699995000675420087e+01,1.699927360436035428e+01,1.577524727492006740e+01,1.122559434296732661e-08,2.064248522331042501e+00,0.000000000000000000e+00
2.549283679488547846e-04,1.699995000675476575e+01,1.699927361426988881e+01,1.577456548177312001e+01,1.121101381174050005e-08,2.064248522330984770e+00,0.000000000000000000e+00
2.550283679488547870e-04,1.699995000675520629e+01,1.699927362408702081e+01,1.577388368862647994e+01,1.123183140938621705e-08,2.064248522330806246e+00,0.000000000000000000e+00
2.551283679488547894e-04,1.699995000675561485e+01,1.699927363381273437e+01,1.577320189548014895e+01,1.123697029870029951e-08,2.064248522330608182e+00,0.000000000000000000e+00
2.552283679488547919e-04,1.699995000675608381e+01,1.699927364344871705e+01,1.577252010233412349e+01,1.122618181748080701e-08,2.064248522330469626e+00,0.000000000000000000e+00
2.553283679488547943e-04,1.699995000675653856e+01,1.699927365299578952e+01,1.577183830918840179e+01,1.122845011414241867e-08,2.064248522330323965e+00,0.000000000000000000e+00
2.554283679488547967e-04,1.699995000675696843e+01,1.699927366245441362e+01,1.577115651604298563e+01,1.122187906488214537e-08,2.064248522330166757e+00,0.000000000000000000e+00
2.555283679488547992e-04,1.699995000675743384e+01,1.699927367182554150e+01,1.577047472289787677e+01,1.122088055804937312e-08,2.064248522330049518e+00,0.000000000000000000e+00
2.556283679488548016e-04,1.699995000675794898e+01,1.699927368111033132e+01,1.576979292975306812e+01,1.121800888292945331e-08,2.064248522329984681e+00,0.000000000000000000e+00
2.557283679488548040e-04,1.699995000675844636e+01,1.699927369030915614e+01,1.576911113660856500e+01,1.120593318137963479e-08,2.064248522329904745e+00,0.000000000000000000e+00
2.558283679488548065e-04,1.699995000675890111e+01,1.699927369942246713e+01,1.576842934346437097e+01,1.121369130885341292e-08,2.064248522329791058e+00,0.000000000000000000e+00
2.559283679488548089e-04,1.699995000675935586e+01,1.699927370845141184e+01,1.576774755032048780e+01,1.122656315133419014e-08,2.064248522329675595e+00,0.000000000000000000e+00
2.560283679488548113e-04,1.699995000675991719e+01,1.699927371739770265e+01,1.576706575717690129e+01,1.120791567887913232e-08,2.064248522329681812e+00,0.000000000000000000e+00
2.561283679488548137e-04,1.699995000676033996e+01,1.699927372626018851e+01,1.576638396403362208e+01,1.121612797083670898e-08,2.064248522329552138e+00,0.000000000000000000e+00
2.562283679488548162e-04,1.699995000676077694e+01,1.699927373504082695e+01,1.576570217089065373e+01,1.122180792734184251e-08,2.064248522329439339e+00,0.000000000000000000e+00
2.563283679488548186e-04,1.699995000676129919e+01,1.699927374374083300e+01,1.576502037774798914e+01,1.121022405459193294e-08,2.064248522329418911e+00,0.000000000000000000e+00
2.564283679488548210e-04,1.699995000676179657e+01,1.699927375236008587e+01,1.576433858460563009e+01,1.121777484791586232e-08,2.064248522329368285e+00,0.000000000000000000e+00
2.565283679488548235e-04,1.699995000676227619e+01,1.699927376089927478e+01,1.576365679146357834e+01,1.122253118213123457e-08,2.064248522329317659e+00,0.000000000000000000e+00
2.566283679488548259e-04,1.699995000676273449e+01,1.699927376935954015e+01,1.576297499832183036e+01,1.120249817909702017e-08,2.064248522329240387e+00,0.000000000000000000e+00
2.567283679488548283e-04,1.699995000676320345e+01,1.699927377774180925e+01,1.576229320518038612e+01,1.120847051283568874e-08,2.064248522329181768e+00,0.000000000000000000e+00
2.568283679488548308e-04,1.699995000676361556e+01,1.699927378604602524e+01,1.576161141203925808e+01,1.122590528868094850e-08,2.064248522329080515e+00,0.000000000000000000e+00
2.569283679488548332e-04,1.699995000676405255e+01,1.699927379427338536e+01,1.576092961889842670e+01,1.120369469420623432e-08,2.064248522329007685e+00,0.000000000000000000e+00
2.570283679488548356e-04,1.699995000676445756e+01,1.699927380242453268e+01,1.576024782575790617e+01,1.120722820102670880e-08,2.064248522328901103e+00,0.000000000000000000e+00
2.571283679488548381e-04,1.699995000676480572e+01,1.699927381049988639e+01,1.575956603261769118e+01,1.121461606912177444e-08,2.064248522328747448e+00,0.000000000000000000e+00
2.572283679488548405e-04,1.699995000676521073e+01,1.699927381850070063e+01,1.575888423947778350e+01,1.121112230828558154e-08,2.064248522328646196e+00,0.000000000000000000e+00
2.573283679488548429e-04,1.699995000676556600e+01,1.699927382642707840e+01,1.575820244633818312e+01,1.121128342940203027e-08,2.064248522328509416e+00,0.000000000000000000e+00
2.574283679488548453e-04,1.699995000676592838e+01,1.699927383428001093e+01,1.575752065319889006e+01,1.120767861850779923e-08,2.064248522328378854e+00,0.000000000000000000e+00
2.575283679488548478e-04,1.699995000676637247e+01,1.699927384206113601e+01,1.575683886005989720e+01,1.119278963956915618e-08,2.064248522328336222e+00,0.000000000000000000e+00
2.576283679488548502e-04,1.699995000676678814e+01,1.699927384977012323e+01,1.575615706692121520e+01,1.122487444660258404e-08,2.064248522328266944e+00,0.000000000000000000e+00
2.577283679488548526e-04,1.699995000676714341e+01,1.699927385740739894e+01,1.575547527378284407e+01,1.121655879288141477e-08,2.064248522328144375e+00,0.000000000000000000e+00
2.578283679488548551e-04,1.699995000676751644e+01,1.699927386497417103e+01,1.575479348064477492e+01,1.120404455323686932e-08,2.064248522328045787e+00,0.000000000000000000e+00
2.579283679488548575e-04,1.699995000676789658e+01,1.699927387247112165e+01,1.575411168750701130e+01,1.120905931961679869e-08,2.064248522327954305e+00,0.000000000000000000e+00
2.580283679488548599e-04,1.699995000676823409e+01,1.699927387989817973e+01,1.575342989436955499e+01,1.120251086339507651e-08,2.064248522327826407e+00,0.000000000000000000e+00
2.581283679488548624e-04,1.699995000676858936e+01,1.699927388725678412e+01,1.575274810123240066e+01,1.119873824229067338e-08,2.064248522327720714e+00,0.000000000000000000e+00
2.582283679488548648e-04,1.699995000676893042e+01,1.699927389454711957e+01,1.575206630809556252e+01,1.121954296134930473e-08,2.064248522327598145e+00,0.000000000000000000e+00
2.583283679488548672e-04,1.699995000676933898e+01,1.699927390177016662e+01,1.575138451495902814e+01,1.119929682324993792e-08,2.064248522327558177e+00,0.000000000000000000e+00
2.584283679488548697e-04,1.699995000676971912e+01,1.699927390892653278e+01,1.575070272182279751e+01,1.119611903188655333e-08,2.064248522327490676e+00,0.000000000000000000e+00
2.585283679488548721e-04,1.699995000677001755e+01,1.699927391601592674e+01,1.575002092868687598e+01,1.121005277493480889e-08,2.064248522327346791e+00,0.000000000000000000e+00
2.586283679488548745e-04,1.699995000677044032e+01,1.699927392304058316e+01,1.574933913555125642e+01,1.119711218189323176e-08,2.064248522327326363e+00,0.000000000000000000e+00
2.587283679488548769e-04,1.699995000677078849e+01,1.699927392999963871e+01,1.574865734241595305e+01,1.121563336647923848e-08,2.064248522327233992e+00,0.000000000000000000e+00
2.588283679488548794e-04,1.699995000677117218e+01,1.699927393689456423e+01,1.574797554928095522e+01,1.119991624443095191e-08,2.064248522327190472e+00,0.000000000000000000e+00
2.589283679488548818e-04,1.699995000677159496e+01,1.699927394372603118e+01,1.574729375614625049e+01,1.117896608615609466e-08,2.064248522327184254e+00,0.000000000000000000e+00
2.590283679488548842e-04,1.699995000677187207e+01,1.699927395049341072e+01,1.574661196301186372e+01,1.121108367252432458e-08,2.064248522327033264e+00,0.000000000000000000e+00
2.591283679488548867e-04,1.699995000677222023e+01,1.699927395719850765e+01,1.574593016987778249e+01,1.119413942096691983e-08,2.064248522326955104e+00,0.000000000000000000e+00
2.592283679488548891e-04,1.699995000677263235e+01,1.699927396384198985e+01,1.574524837674400501e+01,1.119351888956288121e-08,2.064248522326948887e+00,0.000000000000000000e+00
2.593283679488548915e-04,1.699995000677300894e+01,1.699927397042375787e+01,1.574456658361053307e+01,1.119468523436140117e-08,2.064248522326912472e+00,0.000000000000000000e+00
2.594283679488548940e-04,1.699995000677340329e+01,1.699927397694500186e+01,1.574388479047736666e+01,1.119018749884403974e-08,2.064248522326896484e+00,0.000000000000000000e+00
2.595283679488548964e-04,1.699995000677368040e+01,1.699927398340490825e+01,1.574320299734451289e+01,1.120925019471030737e-08,2.064248522326769475e+00,0.000000000000000000e+00
2.596283679488548988e-04,1.699995000677400725e+01,1.699927398980545590e+01,1.574252120421196821e+01,1.120064924142738505e-08,2.064248522326693980e+00,0.000000000000000000e+00
2.597283679488549013e-04,1.699995000677435897e+01,1.699927399614684376e+01,1.574183941107972906e+01,1.119345982569797116e-08,2.064248522326650459e+00,0.000000000000000000e+00
2.598283679488549037e-04,1.699995000677472845e+01,1.699927400242974684e+01,1.574115761794779367e+01,1.118758297113942035e-08,2.064248522326627366e+00,0.000000000000000000e+00
2.599283679488549061e-04,1.699995000677504464e+01,1.699927400865409410e+01,1.574047582481616914e+01,1.119030548779598178e-08,2.064248522326549207e+00,0.000000000000000000e+00
2.600283679488549085e-04,1.699995000677536794e+01,1.699927401482108280e+01,1.573979403168484659e+01,1.118689865742261702e-08,2.064248522326474600e+00,0.000000000000000000e+00
2.601283679488549110e-04,1.699995000677562373e+01,1.699927402093063478e+01,1.573911223855383135e+01,1.119920339798241571e-08,2.064248522326343149e+00,0.000000000000000000e+00
2.602283679488549134e-04,1.699995000677599677e+01,1.699927402698429546e+01,1.573843044542312519e+01,1.119061091015005616e-08,2.064248522326342261e+00,0.000000000000000000e+00
2.603283679488549158e-04,1.699995000677635204e+01,1.699927403298193695e+01,1.573774865229272457e+01,1.118296893976022943e-08,2.064248522326313839e+00,0.000000000000000000e+00
2.604283679488549183e-04,1.699995000677665757e+01,1.699927403892374045e+01,1.573706685916263304e+01,1.119807940819228520e-08,2.064248522326248114e+00,0.000000000000000000e+00
2.605283679488549207e-04,1.699995000677699863e+01,1.699927404481070781e+01,1.573638506603284704e+01,1.119213799416485244e-08,2.064248522326216140e+00,0.000000000000000000e+00
2.606283679488549231e-04,1.699995000677731838e+01,1.699927405064323338e+01,1.573570327290336834e+01,1.118691572710162063e-08,2.064248522326172619e+00,0.000000000000000000e+00
2.607283679488549256e-04,1.699995000677759904e+01,1.699927405642153033e+01,1.573502147977419874e+01,1.118965722857190315e-08,2.064248522326085578e+00,0.000000000000000000e+00
2.608283679488549280e-04,1.699995000677788681e+01,1.699927406214631986e+01,1.573433968664533644e+01,1.118570447378175459e-08,2.064248522326011859e+00,0.000000000000000000e+00
2.609283679488549304e-04,1.699995000677818524e+01,1.699927406781805317e+01,1.573365789351678146e+01,1.118226719554193949e-08,2.064248522325961233e+00,0.000000000000000000e+00
2.610283679488549329e-04,1.699995000677845525e+01,1.699927407343715657e+01,1.573297610038853556e+01,1.118655867937690118e-08,2.064248522325883073e+00,0.000000000000000000e+00
2.611283679488549353e-04,1.699995000677872525e+01,1.699927407900433352e+01,1.573229430726059874e+01,1.118392323196104599e-08,2.064248522325801360e+00,0.000000000000000000e+00
2.612283679488549377e-04,1.699995000677905210e+01,1.699927408452032296e+01,1.573161251413296569e+01,1.118152886947498814e-08,2.064248522325775603e+00,0.000000000000000000e+00
2.613283679488549401e-04,1.699995000677931145e+01,1.699927408998477318e+01,1.573093072100564171e+01,1.119397924354004203e-08,2.064248522325697444e+00,0.000000000000000000e+00
2.614283679488549426e-04,1.699995000677961698e+01,1.699927409539893119e+01,1.573024892787862328e+01,1.117743461676035110e-08,2.064248522325672575e+00,0.000000000000000000e+00
2.615283679488549450e-04,1.699995000677986923e+01,1.699927410076269041e+01,1.572956713475191393e+01,1.118284356782517364e-08,2.064248522325584645e+00,0.000000000000000000e+00
2.616283679488549474e-04,1.699995000678012502e+01,1.699927410607680045e+01,1.572888534162550833e+01,1.118099207664258188e-08,2.064248522325503821e+00,0.000000000000000000e+00
2.617283679488549499e-04,1.699995000678039148e+01,1.699927411134171251e+01,1.572820354849940827e+01,1.118636450136989424e-08,2.064248522325433655e+00,0.000000000000000000e+00
2.618283679488549523e-04,1.699995000678068990e+01,1.699927411655835741e+01,1.572752175537361730e+01,1.117699729991095126e-08,2.064248522325405233e+00,0.000000000000000000e+00
2.619283679488549547e-04,1.699995000678095280e+01,1.699927412172622354e+01,1.572683996224813185e+01,1.117479314638458732e-08,2.064248522325341284e+00,0.000000000000000000e+00
2.620283679488549572e-04,1.699995000678124413e+01,1.699927412684649752e+01,1.572615816912296083e+01,1.118685374890127093e-08,2.064248522325310198e+00,0.000000000000000000e+00
2.621283679488549596e-04,1.699995000678156387e+01,1.699927413191963410e+01,1.572547637599809534e+01,1.117673276151975870e-08,2.064248522325313751e+00,0.000000000000000000e+00
2.622283679488549620e-04,1.699995000678179125e+01,1.699927413694528155e+01,1.572479458287353893e+01,1.118086206952639827e-08,2.064248522325223156e+00,0.000000000000000000e+00
2.623283679488549644e-04,1.699995000678197954e+01,1.699927414192418951e+01,1.572411278974928983e+01,1.118457962356877999e-08,2.064248522325089930e+00,0.000000000000000000e+00
2.624283679488549669e-04,1.699995000678228507e+01,1.699927414685762628e+01,1.572343099662534449e+01,1.118042108894101716e-08,2.064248522325090818e+00,0.000000000000000000e+00
2.625283679488549693e-04,1.699995000678259061e+01,1.699927415174526146e+01,1.572274920350170646e+01,1.117571321596066980e-08,2.064248522325080160e+00,0.000000000000000000e+00
2.626283679488549717e-04,1.699995000678287127e+01,1.699927415658752849e+01,1.572206741037838285e+01,1.117766734726188815e-08,2.064248522325056179e+00,0.000000000000000000e+00
2.627283679488549742e-04,1.699995000678318391e+01,1.699927416138560687e+01,1.572138561725536121e+01,1.116428277603276342e-08,2.064248522325058843e+00,0.000000000000000000e+00
2.628283679488549766e-04,1.699995000678345036e+01,1.699927416613896725e+01,1.572070382413264866e+01,1.117929326888145170e-08,2.064248522325030422e+00,0.000000000000000000e+00
2.629283679488549790e-04,1.699995000678367774e+01,1.699927417084807502e+01,1.572002203101024342e+01,1.117897502345144289e-08,2.064248522324962032e+00,0.000000000000000000e+00
2.630283679488549815e-04,1.699995000678396906e+01,1.699927417551393560e+01,1.571934023788814017e+01,1.115590286815404397e-08,2.064248522324959367e+00,0.000000000000000000e+00
2.631283679488549839e-04,1.699995000678417512e+01,1.699927418013594860e+01,1.571865844476635310e+01,1.119747797262427014e-08,2.064248522324882984e+00,0.000000000000000000e+00
2.632283679488549863e-04,1.699995000678444512e+01,1.699927418471562390e+01,1.571797665164487157e+01,1.117251061111268484e-08,2.064248522324866997e+00,0.000000000000000000e+00
2.633283679488549888e-04,1.699995000678466894e+01,1.699927418925284783e+01,1.571729485852370090e+01,1.117560524677152500e-08,2.064248522324806601e+00,0.000000000000000000e+00
2.634283679488549912e-04,1.699995000678494961e+01,1.699927419374840909e+01,1.571661306540283753e+01,1.117026565689016593e-08,2.064248522324813706e+00,0.000000000000000000e+00
2.635283679488549936e-04,1.699995000678517343e+01,1.699927419820196306e+01,1.571593127228228148e+01,1.117109540982319515e-08,2.064248522324755086e+00,0.000000000000000000e+00
2.636283679488549960e-04,1.699995000678541501e+01,1.699927420261426647e+01,1.571524947916202919e+01,1.117070688727572758e-08,2.064248522324720447e+00,0.000000000000000000e+00
2.637283679488549985e-04,1.699995000678560686e+01,1.699927420698548630e+01,1.571456768604208598e+01,1.118362771834746638e-08,2.064248522324636959e+00,0.000000000000000000e+00
2.638283679488550009e-04,1.699995000678589463e+01,1.699927421131688732e+01,1.571388589292245008e+01,1.115873923818178071e-08,2.064248522324645840e+00,0.000000000000000000e+00
2.639283679488550033e-04,1.699995000678618950e+01,1.699927421560837715e+01,1.571320409980312149e+01,1.116153969249467082e-08,2.064248522324672486e+00,0.000000000000000000e+00
2.640283679488550058e-04,1.699995000678640622e+01,1.699927421985966092e+01,1.571252230668410377e+01,1.117752093660051571e-08,2.064248522324616530e+00,0.000000000000000000e+00
2.641283679488550082e-04,1.699995000678660872e+01,1.699927422407170496e+01,1.571184051356539335e+01,1.117016101837009501e-08,2.064248522324555246e+00,0.000000000000000000e+00
2.642283679488550106e-04,1.699995000678683610e+01,1.699927422824477574e+01,1.571115872044699024e+01,1.116852382798683152e-08,2.064248522324523272e+00,0.000000000000000000e+00
2.643283679488550131e-04,1.699995000678711321e+01,1.699927423237956603e+01,1.571047692732889267e+01,1.115068004597929985e-08,2.064248522324544588e+00,0.000000000000000000e+00
2.644283679488550155e-04,1.699995000678735124e+01,1.699927423647577740e+01,1.570979513421110241e+01,1.115305378607267528e-08,2.064248522324521495e+00,0.000000000000000000e+00
2.645283679488550179e-04,1.699995000678751111e+01,1.699927424053358749e+01,1.570911334109362656e+01,1.118289513768466747e-08,2.064248522324424684e+00,0.000000000000000000e+00
2.646283679488550204e-04,1.699995000678778467e+01,1.699927424455455238e+01,1.570843154797645269e+01,1.115993858435970765e-08,2.064248522324444224e+00,0.000000000000000000e+00
2.647283679488550228e-04,1.699995000678800849e+01,1.699927424853804681e+01,1.570774975485958613e+01,1.115703712750715226e-08,2.064248522324414914e+00,0.000000000000000000e+00
2.648283679488550252e-04,1.699995000678818968e+01,1.699927425248431589e+01,1.570706796174302866e+01,1.116687828317530773e-08,2.064248522324344748e+00,0.000000000000000000e+00
2.649283679488550276e-04,1.699995000678842771e+01,1.699927425639458534e+01,1.570638616862678028e+01,1.114562603321544998e-08,2.064248522324336754e+00,0.000000000000000000e+00
2.650283679488550301e-04,1.699995000678861246e+01,1.699927426026830446e+01,1.570570437551083742e+01,1.115156939013317583e-08,2.064248522324275470e+00,0.000000000000000000e+00
2.651283679488550325e-04,1.699995000678877943e+01,1.699927426410616960e+01,1.570502258239521076e+01,1.117005399287052114e-08,2.064248522324202639e+00,0.000000000000000000e+00
2.652283679488550349e-04,1.699995000678899615e+01,1.699927426790871010e+01,1.570434078927988786e+01,1.116462172712218148e-08,2.064248522324183988e+00,0.000000000000000000e+00
2.653283679488550374e-04,1.699995000678908852e+01,1.699927427167508398e+01,1.570365899616487582e+01,1.117177783616085662e-08,2.064248522324043655e+00,0.000000000000000000e+00
2.654283679488550398e-04,1.699995000678925194e+01,1.699927427540705338e+01,1.570297720305016753e+01,1.116215739282999664e-08,2.064248522323973489e+00,0.000000000000000000e+00
2.655283679488550422e-04,1.699995000678938695e+01,1.699927427910430211e+01,1.570229540993577011e+01,1.117218770274597262e-08,2.064248522323876678e+00,0.000000000000000000e+00
2.656283679488550447e-04,1.699995000678957524e+01,1.699927428276759400e+01,1.570161361682168177e+01,1.115810083218704563e-08,2.064248522323833157e+00,0.000000000000000000e+00
2.657283679488550471e-04,1.699995000678979906e+01,1.699927428639735538e+01,1.570093182370789719e+01,1.114893724563081889e-08,2.064248522323838486e+00,0.000000000000000000e+00
2.658283679488550495e-04,1.699995000678998380e+01,1.699927428999307466e+01,1.570025003059442703e+01,1.115932504736072417e-08,2.064248522323799406e+00,0.000000000000000000e+00
2.659283679488550520e-04,1.699995000679022539e+01,1.699927429355596331e+01,1.569956823748125530e+01,1.113815359388148352e-08,2.064248522323813617e+00,0.000000000000000000e+00
2.660283679488550544e-04,1.699995000679048474e+01,1.699927429708599291e+01,1.569888644436839442e+01,1.115091127767975365e-08,2.064248522323844703e+00,0.000000000000000000e+00
2.661283679488550568e-04,1.699995000679070500e+01,1.699927430058333755e+01,1.569820465125584086e+01,1.115391753958583365e-08,2.064248522323849144e+00,0.000000000000000000e+00
2.662283679488550592e-04,1.699995000679090396e+01,1.699927430404823170e+01,1.569752285814359460e+01,1.114713718552984290e-08,2.064248522323834933e+00,0.000000000000000000e+00
2.663283679488550617e-04,1.699995000679114554e+01,1.699927430748119050e+01,1.569684106503165921e+01,1.114504602495181018e-08,2.064248522323853585e+00,0.000000000000000000e+00
2.664283679488550641e-04,1.699995000679137647e+01,1.699927431088217133e+01,1.569615927192002580e+01,1.114037478933127545e-08,2.064248522323878454e+00,0.000000000000000000e+00
2.665283679488550665e-04,1.699995000679158252e+01,1.699927431425161473e+01,1.569547747880870325e+01,1.114761158382826522e-08,2.064248522323870461e+00,0.000000000000000000e+00
2.666283679488550690e-04,1.699995000679178148e+01,1.699927431758997898e+01,1.569479568569769157e+01,1.115213593694264205e-08,2.064248522323858914e+00,0.000000000000000000e+00
2.667283679488550714e-04,1.699995000679202306e+01,1.699927432089777213e+01,1.569411389258698897e+01,1.113932135421435987e-08,2.064248522323891777e+00,0.000000000000000000e+00
2.668283679488550738e-04,1.699995000679223622e+01,1.699927432417493023e+01,1.569343209947659368e+01,1.114555800429961607e-08,2.064248522323903323e+00,0.000000000000000000e+00
2.669283679488550763e-04,1.699995000679243162e+01,1.699927432742168421e+01,1.569275030636650570e+01,1.114170777860579165e-08,2.064248522323897994e+00,0.000000000000000000e+00
2.670283679488550787e-04,1.699995000679253110e+01,1.699927433063751181e+01,1.569206851325673036e+01,1.115695155706752928e-08,2.064248522323795854e+00,0.000000000000000000e+00
2.671283679488550811e-04,1.699995000679271939e+01,1.699927433382439190e+01,1.569138672014726055e+01,1.114006603630812720e-08,2.064248522323778978e+00,0.000000000000000000e+00
2.672283679488550836e-04,1.699995000679282597e+01,1.699927433698104196e+01,1.569070492703809983e+01,1.114944825353347824e-08,2.064248522323693713e+00,0.000000000000000000e+00
2.673283679488550860e-04,1.699995000679300006e+01,1.699927434010896121e+01,1.569002313392924286e+01,1.114122125112082529e-08,2.064248522323674173e+00,0.000000000000000000e+00
2.674283679488550884e-04,1.699995000679317414e+01,1.699927434320785125e+01,1.568934134082069676e+01,1.113725708878909870e-08,2.064248522323652857e+00,0.000000000000000000e+00
2.675283679488550908e-04,1.699995000679340507e+01,1.699927434627845813e+01,1.568865954771245619e+01,1.113016956377776978e-08,2.064248522323696378e+00,0.000000000000000000e+00
2.676283679488550933e-04,1.699995000679350809e+01,1.699927434931990788e+01,1.568797775460452826e+01,1.114191702789035787e-08,2.064248522323607560e+00,0.000000000000000000e+00
2.677283679488550957e-04,1.699995000679366441e+01,1.699927435233352213e+01,1.568729596149690941e+01,1.115047587596507128e-08,2.064248522323574697e+00,0.000000000000000000e+00
2.678283679488550981e-04,1.699995000679384205e+01,1.699927435531949627e+01,1.568661416838959966e+01,1.114126563228623468e-08,2.064248522323563151e+00,0.000000000000000000e+00
2.679283679488551006e-04,1.699995000679399126e+01,1.699927435827755673e+01,1.568593237528259543e+01,1.113615460957007031e-08,2.064248522323532953e+00,0.000000000000000000e+00
2.680283679488551030e-04,1.699995000679412271e+01,1.699927436120815116e+01,1.568525058217590207e+01,1.114235290144982571e-08,2.064248522323484103e+00,0.000000000000000000e+00
2.681283679488551054e-04,1.699995000679426838e+01,1.699927436411155313e+01,1.568456878906951246e+01,1.113799286134309341e-08,2.064248522323453017e+00,0.000000000000000000e+00
2.682283679488551079e-04,1.699995000679440338e+01,1.699927436698796512e+01,1.568388699596343727e+01,1.114487191422597334e-08,2.064248522323403279e+00,0.000000000000000000e+00
2.683283679488551103e-04,1.699995000679457746e+01,1.699927436983810836e+01,1.568320520285766762e+01,1.114105652177954653e-08,2.064248522323402391e+00,0.000000000000000000e+00
2.684283679488551127e-04,1.699995000679476931e+01,1.699927437266197217e+01,1.568252340975220704e+01,1.114837561155823664e-08,2.064248522323412161e+00,0.000000000000000000e+00
2.685283679488551152e-04,1.699995000679498602e+01,1.699927437545977327e+01,1.568184161664705201e+01,1.113041822597971020e-08,2.064248522323452129e+00,0.000000000000000000e+00
2.686283679488551176e-04,1.699995000679512103e+01,1.699927437823120258e+01,1.568115982354220783e+01,1.114543835001313710e-08,2.064248522323419266e+00,0.000000000000000000e+00
2.687283679488551200e-04,1.699995000679529511e+01,1.699927438097749288e+01,1.568047803043767097e+01,1.112776956690986196e-08,2.064248522323413049e+00,0.000000000000000000e+00
2.688283679488551224e-04,1.699995000679546564e+01,1.699927438369838839e+01,1.567979623733344674e+01,1.114293413095879259e-08,2.064248522323413049e+00,0.000000000000000000e+00
2.689283679488551249e-04,1.699995000679566104e+01,1.699927438639413424e+01,1.567911444422952627e+01,1.113268810470913195e-08,2.064248522323435253e+00,0.000000000000000000e+00
2.690283679488551273e-04,1.699995000679587420e+01,1.699927438906496135e+01,1.567843265112591489e+01,1.112610079068154789e-08,2.064248522323485879e+00,0.000000000000000000e+00
2.691283679488551297e-04,1.699995000679600921e+01,1.699927439171075960e+01,1.567775085802260904e+01,1.112318992468885881e-08,2.064248522323452129e+00,0.000000000000000000e+00
2.692283679488551322e-04,1.699995000679608737e+01,1.699927439433156806e+01,1.567706906491962116e+01,1.114577735661370639e-08,2.064248522323364199e+00,0.000000000000000000e+00
2.693283679488551346e-04,1.699995000679622592e+01,1.699927439692839215e+01,1.567638727181694236e+01,1.113550610054581114e-08,2.064248522323334889e+00,0.000000000000000000e+00
2.694283679488551370e-04,1.699995000679637158e+01,1.699927439950142372e+01,1.567570547871456910e+01,1.112872888286986495e-08,2.064248522323314461e+00,0.000000000000000000e+00
2.695283679488551395e-04,1.699995000679654567e+01,1.699927440205066276e+01,1.567502368561249959e+01,1.111816955168265508e-08,2.064248522323326895e+00,0.000000000000000000e+00
2.696283679488551419e-04,1.699995000679674817e+01,1.699927440457658534e+01,1.567434189251074095e+01,1.112558578597599990e-08,2.064248522323368640e+00,0.000000000000000000e+00
2.697283679488551443e-04,1.699995000679691515e+01,1.699927440707889303e+01,1.567366009940929139e+01,1.112191833074760439e-08,2.064248522323380186e+00,0.000000000000000000e+00
2.698283679488551468e-04,1.699995000679701462e+01,1.699927440955776703e+01,1.567297830630814914e+01,1.112896869104318398e-08,2.064248522323325119e+00,0.000000000000000000e+00
2.699283679488551492e-04,1.699995000679718160e+01,1.699927441201403866e+01,1.567229651320731598e+01,1.113206157810076036e-08,2.064248522323333113e+00,0.000000000000000000e+00
2.700283679488551516e-04,1.699995000679732371e+01,1.699927441444738463e+01,1.567161472010679546e+01,1.113124539764420717e-08,2.064248522323320678e+00,0.000000000000000000e+00
2.701283679488551540e-04,1.699995000679749779e+01,1.699927441685854035e+01,1.567093292700658225e+01,1.112641126455038432e-08,2.064248522323341106e+00,0.000000000000000000e+00
2.702283679488551565e-04,1.699995000679762924e+01,1.699927441924720029e+01,1.567025113390667634e+01,1.112488151600032893e-08,2.064248522323318902e+00,0.000000000000000000e+00
2.703283679488551589e-04,1.699995000679777490e+01,1.699927442161365931e+01,1.566956934080707953e+01,1.113388767293166381e-08,2.064248522323313573e+00,0.000000000000000000e+00
2.704283679488551613e-04,1.699995000679790280e+01,1.699927442395809862e+01,1.566888754770779002e+01,1.112429953709082042e-08,2.064248522323298474e+00,0.000000000000000000e+00
2.705283679488551638e-04,1.699995000679801294e+01,1.699927442628075980e+01,1.566820575460881315e+01,1.113246178574556211e-08,2.064248522323260282e+00,0.000000000000000000e+00
2.706283679488551662e-04,1.699995000679815504e+01,1.699927442858236759e+01,1.566752396151014537e+01,1.111461167546679008e-08,2.064248522323265611e+00,0.000000000000000000e+00
2.707283679488551686e-04,1.699995000679823676e+01,1.699927443086213330e+01,1.566684216841178667e+01,1.113634909288840902e-08,2.064248522323199886e+00,0.000000000000000000e+00
2.708283679488551711e-04,1.699995000679837531e+01,1.699927443312133590e+01,1.566616037531373706e+01,1.112472602926573018e-08,2.064248522323201662e+00,0.000000000000000000e+00
2.709283679488551735e-04,1.699995000679849610e+01,1.699927443535942118e+01,1.566547858221599654e+01,1.113803207997143829e-08,2.064248522323183899e+00,0.000000000000000000e+00
2.710283679488551759e-04,1.699995000679865242e+01,1.699927443757691492e+01,1.566479678911855977e+01,1.111798225705840082e-08,2.064248522323198998e+00,0.000000000000000000e+00
2.711283679488551784e-04,1.699995000679878743e+01,1.699927443977374608e+01,1.566411499602143387e+01,1.111551814481082090e-08,2.064248522323191892e+00,0.000000000000000000e+00
2.712283679488551808e-04,1.699995000679887269e+01,1.699927444194990045e+01,1.566343320292461527e+01,1.113064349023140664e-08,2.064248522323144819e+00,0.000000000000000000e+00
2.713283679488551832e-04,1.699995000679902546e+01,1.699927444410616673e+01,1.566275140982810399e+01,1.111230832351317588e-08,2.064248522323160806e+00,0.000000000000000000e+00
2.714283679488551856e-04,1.699995000679920309e+01,1.699927444624294992e+01,1.566206961673189824e+01,1.110411063098837303e-08,2.064248522323204327e+00,0.000000000000000000e+00
2.715283679488551881e-04,1.699995000679929902e+01,1.699927444835947909e+01,1.566138782363600868e+01,1.112799155600363576e-08,2.064248522323170576e+00,0.000000000000000000e+00
2.716283679488551905e-04,1.699995000679946244e+01,1.699927445045680585e+01,1.566070603054042643e+01,1.111831160471865587e-08,2.064248522323203439e+00,0.000000000000000000e+00
2.717283679488551929e-04,1.699995000679966495e+01,1.699927445253488756e+01,1.566002423744514971e+01,1.111145792043188862e-08,2.064248522323275381e+00,0.000000000000000000e+00
2.718283679488551954e-04,1.699995000679975732e+01,1.699927445459313802e+01,1.565934244435018385e+01,1.111479308590901383e-08,2.064248522323233637e+00,0.000000000000000000e+00
2.719283679488551978e-04,1.699995000679983548e+01,1.699927445663209369e+01,1.565866065125552709e+01,1.112823808102625378e-08,2.064248522323175017e+00,0.000000000000000000e+00
2.720283679488552002e-04,1.699995000679999890e+01,1.699927445865277065e+01,1.565797885816117585e+01,1.111526254371497657e-08,2.064248522323214985e+00,0.000000000000000000e+00
2.721283679488552027e-04,1.699995000680018720e+01,1.699927446065488112e+01,1.565729706506713548e+01,1.111956540733594068e-08,2.064248522323278046e+00,0.000000000000000000e+00
2.722283679488552051e-04,1.699995000680030799e+01,1.699927446263832920e+01,1.565661527197340952e+01,1.111933295439015978e-08,2.064248522323273605e+00,0.000000000000000000e+00
2.723283679488552075e-04,1.699995000680049984e+01,1.699927446460393554e+01,1.565593347887998732e+01,1.110716849050952248e-08,2.064248522323343771e+00,0.000000000000000000e+00
2.724283679488552099e-04,1.699995000680058865e+01,1.699927446655062013e+01,1.565525168578687776e+01,1.112688705062758743e-08,2.064248522323313573e+00,0.000000000000000000e+00
2.725283679488552124e-04,1.699995000680068102e+01,1.699927446847916812e+01,1.565456989269407551e+01,1.112016537185844811e-08,2.064248522323285151e+00,0.000000000000000000e+00
2.726283679488552148e-04,1.699995000680080537e+01,1.699927447039005912e+01,1.565388809960157701e+01,1.110876046706010811e-08,2.064248522323293145e+00,0.000000000000000000e+00
2.727283679488552172e-04,1.699995000680093682e+01,1.699927447228326471e+01,1.565320630650939471e+01,1.112178044104794594e-08,2.064248522323305579e+00,0.000000000000000000e+00
2.728283679488552197e-04,1.699995000680105051e+01,1.699927447415900517e+01,1.565252451341751438e+01,1.110098538092962883e-08,2.064248522323291368e+00,0.000000000000000000e+00
2.729283679488552221e-04,1.699995000680112156e+01,1.699927447601723784e+01,1.565184272032595025e+01,1.111914177398531933e-08,2.064248522323246071e+00,0.000000000000000000e+00
2.730283679488552245e-04,1.699995000680123880e+01,1.699927447785850276e+01,1.565116092723469521e+01,1.111796121833208417e-08,2.064248522323238966e+00,0.000000000000000000e+00
2.731283679488552270e-04,1.699995000680139157e+01,1.699927447968280703e+01,1.565047913414374570e+01,1.110471931076162377e-08,2.064248522323272717e+00,0.000000000000000000e+00
2.732283679488552294e-04,1.699995000680149815e+01,1.699927448148983444e+01,1.564979734105311060e+01,1.111584280177879691e-08,2.064248522323262947e+00,0.000000000000000000e+00
2.733283679488552318e-04,1.699995000680165091e+01,1.699927448328057267e+01,1.564911554796277748e+01,1.110752984034846236e-08,2.064248522323303803e+00,0.000000000000000000e+00
2.734283679488552343e-04,1.699995000680177171e+01,1.699927448505450656e+01,1.564843375487275345e+01,1.111623690319696323e-08,2.064248522323315349e+00,0.000000000000000000e+00
2.735283679488552367e-04,1.699995000680184276e+01,1.699927448681183861e+01,1.564775196178304206e+01,1.110555458705420051e-08,2.064248522323271828e+00,0.000000000000000000e+00
2.736283679488552391e-04,1.699995000680194579e+01,1.699927448855309819e+01,1.564707016869363976e+01,1.111906020034858500e-08,2.064248522323264723e+00,0.000000000000000000e+00
2.737283679488552415e-04,1.699995000680210566e+01,1.699927449027854109e+01,1.564638837560453943e+01,1.110578404239781491e-08,2.064248522323318902e+00,0.000000000000000000e+00
2.738283679488552440e-04,1.699995000680224067e+01,1.699927449198786178e+01,1.564570658251575175e+01,1.110215194777275372e-08,2.064248522323343771e+00,0.000000000000000000e+00
2.739283679488552464e-04,1.699995000680231882e+01,1.699927449368124854e+01,1.564502478942727670e+01,1.112268771530366962e-08,2.064248522323316237e+00,0.000000000000000000e+00
2.740283679488552488e-04,1.699995000680245383e+01,1.699927449535905311e+01,1.564434299633910186e+01,1.108730368626353879e-08,2.064248522323346435e+00,0.000000000000000000e+00
2.741283679488552513e-04,1.699995000680250712e+01,1.699927449702090243e+01,1.564366120325124321e+01,1.111247108220858593e-08,2.064248522323298474e+00,0.000000000000000000e+00
2.742283679488552537e-04,1.699995000680257817e+01,1.699927449866734719e+01,1.564297941016369364e+01,1.111807260145702969e-08,2.064248522323263835e+00,0.000000000000000000e+00
2.743283679488552561e-04,1.699995000680266344e+01,1.699927450029861831e+01,1.564229761707645139e+01,1.111135011777619752e-08,2.064248522323251400e+00,0.000000000000000000e+00
2.744283679488552586e-04,1.699995000680272739e+01,1.699927450191467315e+01,1.564161582398952000e+01,1.110686245753278456e-08,2.064248522323219426e+00,0.000000000000000000e+00
2.745283679488552610e-04,1.699995000680288726e+01,1.699927450351630753e+01,1.564093403090288881e+01,1.108993988307993561e-08,2.064248522323277157e+00,0.000000000000000000e+00
2.746283679488552634e-04,1.699995000680296542e+01,1.699927450510267235e+01,1.564025223781657026e+01,1.109708813729071153e-08,2.064248522323254953e+00,0.000000000000000000e+00
2.747283679488552659e-04,1.699995000680304358e+01,1.699927450667430406e+01,1.563957044473056435e+01,1.111367595174606038e-08,2.064248522323236301e+00,0.000000000000000000e+00
2.748283679488552683e-04,1.699995000680313240e+01,1.699927450823142649e+01,1.563888865164486752e+01,1.110329056475123366e-08,2.064248522323222090e+00,0.000000000000000000e+00
2.749283679488552707e-04,1.699995000680325674e+01,1.699927450977452636e+01,1.563820685855947623e+01,1.109496364226636445e-08,2.064248522323245183e+00,0.000000000000000000e+00
2.750283679488552731e-04,1.699995000680335266e+01,1.699927451130308498e+01,1.563752506547440291e+01,1.111787645280415404e-08,2.064248522323248736e+00,0.000000000000000000e+00
2.751283679488552756e-04,1.699995000680346635e+01,1.699927451281783419e+01,1.563684327238963157e+01,1.109916150654477462e-08,2.064248522323268276e+00,0.000000000000000000e+00
2.752283679488552780e-04,1.699995000680361201e+01,1.699927451431877756e+01,1.563616147930517108e+01,1.110430142281515487e-08,2.064248522323322454e+00,0.000000000000000000e+00
2.753283679488552804e-04,1.699995000680364754e+01,1.699927451580510507e+01,1.563547968622102324e+01,1.111158862143746262e-08,2.064248522323267387e+00,0.000000000000000000e+00
2.754283679488552829e-04,1.699995000680372215e+01,1.699927451727786476e+01,1.563479789313717916e+01,1.109176381297594105e-08,2.064248522323252288e+00,0.000000000000000000e+00
2.755283679488552853e-04,1.699995000680381807e+01,1.699927451873726980e+01,1.563411610005364416e+01,1.110300415496645599e-08,2.064248522323252288e+00,0.000000000000000000e+00
2.756283679488552877e-04,1.699995000680392110e+01,1.699927452018329532e+01,1.563343430697041825e+01,1.109438124702322170e-08,2.064248522323264723e+00,0.000000000000000000e+00
2.757283679488552902e-04,1.699995000680405255e+01,1.699927452161620067e+01,1.563275251388749965e+01,1.108768452051656084e-08,2.064248522323305579e+00,0.000000000000000000e+00
2.758283679488552926e-04,1.699995000680413071e+01,1.699927452303522202e+01,1.563207072080488658e+01,1.109030350887607597e-08,2.064248522323293145e+00,0.000000000000000000e+00
2.759283679488552950e-04,1.699995000680424440e+01,1.699927452444135767e+01,1.563138892772258792e+01,1.109481398420264497e-08,2.064248522323321566e+00,0.000000000000000000e+00
2.760283679488552975e-04,1.699995000680436164e+01,1.699927452583479948e+01,1.563070713464059835e+01,1.109391320475161535e-08,2.064248522323357093e+00,0.000000000000000000e+00
2.761283679488552999e-04,1.699995000680443979e+01,1.699927452721481558e+01,1.563002534155891787e+01,1.109498365403638331e-08,2.064248522323346435e+00,0.000000000000000000e+00
2.762283679488553023e-04,1.699995000680447532e+01,1.699927452858164401e+01,1.562934354847754648e+01,1.109799158127700025e-08,2.064248522323296697e+00,0.000000000000000000e+00
2.763283679488553047e-04,1.699995000680460677e+01,1.699927452993677690e+01,1.562866175539648239e+01,1.107361213836810521e-08,2.064248522323338442e+00,0.000000000000000000e+00
2.764283679488553072e-04,1.699995000680473112e+01,1.699927453127920529e+01,1.562797996231572917e+01,1.109475408767046645e-08,2.064248522323383739e+00,0.000000000000000000e+00
2.765283679488553096e-04,1.699995000680483059e+01,1.699927453260890786e+01,1.562729816923528148e+01,1.108138522609714016e-08,2.064248522323400614e+00,0.000000000000000000e+00
2.766283679488553120e-04,1.699995000680494783e+01,1.699927453392660937e+01,1.562661637615514465e+01,1.109888261852098879e-08,2.064248522323440582e+00,0.000000000000000000e+00
2.767283679488553145e-04,1.699995000680498691e+01,1.699927453523153531e+01,1.562593458307531691e+01,1.108915270719990076e-08,2.064248522323394397e+00,0.000000000000000000e+00
2.768283679488553169e-04,1.699995000680502599e+01,1.699927453652444953e+01,1.562525278999580003e+01,1.109573866120427965e-08,2.064248522323357093e+00,0.000000000000000000e+00
2.769283679488553193e-04,1.699995000680513257e+01,1.699927453780562914e+01,1.562457099691659401e+01,1.109677152943966405e-08,2.064248522323381962e+00,0.000000000000000000e+00
2.770283679488553218e-04,1.699995000680521784e+01,1.699927453907477570e+01,1.562388920383769886e+01,1.109229569307146335e-08,2.064248522323389068e+00,0.000000000000000000e+00
2.771283679488553242e-04,1.699995000680529955e+01,1.699927454033235819e+01,1.562320741075911634e+01,1.109679356736670286e-08,2.064248522323386403e+00,0.000000000000000000e+00
2.772283679488553266e-04,1.699995000680542034e+01,1.699927454157841211e+01,1.562252561768083403e+01,1.108115654790964300e-08,2.064248522323429036e+00,0.000000000000000000e+00
2.773283679488553291e-04,1.699995000680552693e+01,1.699927454281288419e+01,1.562184382460286436e+01,1.108177241637697819e-08,2.064248522323452129e+00,0.000000000000000000e+00
2.774283679488553315e-04,1.699995000680554469e+01,1.699927454403525928e+01,1.562116203152520377e+01,1.109144143196516552e-08,2.064248522323388180e+00,0.000000000000000000e+00
2.775283679488553339e-04,1.699995000680563706e+01,1.699927454524704373e+01,1.562048023844785050e+01,1.108811303884849053e-08,2.064248522323408608e+00,0.000000000000000000e+00
2.776283679488553363e-04,1.699995000680570456e+01,1.699927454644769043e+01,1.561979844537080808e+01,1.109369640595048168e-08,2.064248522323396173e+00,0.000000000000000000e+00
2.777283679488553388e-04,1.699995000680585022e+01,1.699927454763753687e+01,1.561911665229407298e+01,1.107903702113333111e-08,2.064248522323467228e+00,0.000000000000000000e+00
2.778283679488553412e-04,1.699995000680590351e+01,1.699927454881572331e+01,1.561843485921764696e+01,1.108791877757475675e-08,2.064248522323444135e+00,0.000000000000000000e+00
2.779283679488553436e-04,1.699995000680594259e+01,1.699927454998301002e+01,1.561775306614153358e+01,1.109112521269217666e-08,2.064248522323401502e+00,0.000000000000000000e+00
2.780283679488553461e-04,1.699995000680608115e+01,1.699927455114019992e+01,1.561707127306572573e+01,1.107398611699395019e-08,2.064248522323467228e+00,0.000000000000000000e+00
2.781283679488553485e-04,1.699995000680613089e+01,1.699927455228595718e+01,1.561638947999023230e+01,1.110218175726096490e-08,2.064248522323450352e+00,0.000000000000000000e+00
2.782283679488553509e-04,1.699995000680621260e+01,1.699927455342131211e+01,1.561570768691504085e+01,1.107369759778542573e-08,2.064248522323455681e+00,0.000000000000000000e+00
2.783283679488553534e-04,1.699995000680633694e+01,1.699927455454651692e+01,1.561502589384016026e+01,1.107580724357681845e-08,2.064248522323510748e+00,0.000000000000000000e+00
2.784283679488553558e-04,1.699995000680646484e+01,1.699927455566128742e+01,1.561434410076558699e+01,1.108672489924522608e-08,2.064248522323569368e+00,0.000000000000000000e+00
2.785283679488553582e-04,1.699995000680649326e+01,1.699927455676507293e+01,1.561366230769132990e+01,1.108470493171864746e-08,2.064248522323536505e+00,0.000000000000000000e+00
2.786283679488553607e-04,1.699995000680662116e+01,1.699927455785921637e+01,1.561298051461736947e+01,1.106227193181652524e-08,2.064248522323596902e+00,0.000000000000000000e+00
2.787283679488553631e-04,1.699995000680657853e+01,1.699927455894207284e+01,1.561229872154372877e+01,1.108515357284289848e-08,2.064248522323478774e+00,0.000000000000000000e+00
2.788283679488553655e-04,1.699995000680658208e+01,1.699927456001522330e+01,1.561161692847039362e+01,1.107308053582833907e-08,2.064248522323409496e+00,0.000000000000000000e+00
2.789283679488553679e-04,1.699995000680662827e+01,1.699927456107866774e+01,1.561093513539736755e+01,1.107698455182770658e-08,2.064248522323391732e+00,0.000000000000000000e+00
2.790283679488553704e-04,1.699995000680673840e+01,1.699927456213265486e+01,1.561025334232464701e+01,1.106044877907663704e-08,2.064248522323436141e+00,0.000000000000000000e+00
2.791283679488553728e-04,1.699995000680679169e+01,1.699927456317637819e+01,1.560957154925224799e+01,1.109635247575901928e-08,2.064248522323421930e+00,0.000000000000000000e+00
2.792283679488553752e-04,1.699995000680693380e+01,1.699927456421134764e+01,1.560888975618015451e+01,1.106805694317536393e-08,2.064248522323490320e+00,0.000000000000000000e+00
2.793283679488553777e-04,1.699995000680707236e+01,1.699927456523656488e+01,1.560820796310836833e+01,1.107029790059499419e-08,2.064248522323566704e+00,0.000000000000000000e+00
2.794283679488553801e-04,1.699995000680719315e+01,1.699927456625223954e+01,1.560752617003688769e+01,1.106666416839097167e-08,2.064248522323619994e+00,0.000000000000000000e+00
2.795283679488553825e-04,1.699995000680728552e+01,1.699927456725836095e+01,1.560684437696571791e+01,1.107170952141522946e-08,2.064248522323651969e+00,0.000000000000000000e+00
2.796283679488553850e-04,1.699995000680736723e+01,1.699927456825517780e+01,1.560616258389486077e+01,1.107084504625710508e-08,2.064248522323660850e+00,0.000000000000000000e+00
2.797283679488553874e-04,1.699995000680744539e+01,1.699927456924268654e+01,1.560548079082431450e+01,1.108589983700447590e-08,2.064248522323684831e+00,0.000000000000000000e+00
2.798283679488553898e-04,1.699995000680753066e+01,1.699927457022114297e+01,1.560479899775406665e+01,1.104407609808788493e-08,2.064248522323703483e+00,0.000000000000000000e+00
2.799283679488553923e-04,1.699995000680754487e+01,1.699927457118999996e+01,1.560411720468413677e+01,1.108369848679124914e-08,2.064248522323654633e+00,0.000000000000000000e+00
2.800283679488553947e-04,1.699995000680764434e+01,1.699927457215055426e+01,1.560343541161451064e+01,1.105905553244745931e-08,2.064248522323701707e+00,0.000000000000000000e+00
2.801283679488553971e-04,1.699995000680764079e+01,1.699927457310148071e+01,1.560275361854519893e+01,1.107948277567771811e-08,2.064248522323643975e+00,0.000000000000000000e+00
2.802283679488553995e-04,1.699995000680769053e+01,1.699927457404406894e+01,1.560207182547619631e+01,1.107203051464722421e-08,2.064248522323632429e+00,0.000000000000000000e+00
2.803283679488554020e-04,1.699995000680775448e+01,1.699927457497805960e+01,1.560139003240750455e+01,1.105856470284827253e-08,2.064248522323635093e+00,0.000000000000000000e+00
2.804283679488554044e-04,1.699995000680777935e+01,1.699927457590316138e+01,1.560070823933912010e+01,1.107550870460549675e-08,2.064248522323595125e+00,0.000000000000000000e+00
2.805283679488554068e-04,1.699995000680782553e+01,1.699927457681967624e+01,1.560002644627104296e+01,1.106460900679451242e-08,2.064248522323586243e+00,0.000000000000000000e+00
2.806283679488554093e-04,1.699995000680790724e+01,1.699927457772760064e+01,1.559934465320327313e+01,1.106224703506519802e-08,2.064248522323604895e+00,0.000000000000000000e+00
2.807283679488554117e-04,1.699995000680801027e+01,1.699927457862761671e+01,1.559866286013581238e+01,1.106104619008618783e-08,2.064248522323656410e+00,0.000000000000000000e+00
2.808283679488554141e-04,1.699995000680812041e+01,1.699927457951924836e+01,1.559798106706866427e+01,1.106835223474433860e-08,2.064248522323707924e+00,0.000000000000000000e+00
2.809283679488554166e-04,1.699995000680819857e+01,1.699927458040245654e+01,1.559729927400182525e+01,1.106234345793488671e-08,2.064248522323731905e+00,0.000000000000000000e+00
2.810283679488554190e-04,1.699995000680833357e+01,1.699927458127778479e+01,1.559661748093529354e+01,1.105021549263618397e-08,2.064248522323810064e+00,0.000000000000000000e+00
2.811283679488554214e-04,1.699995000680836199e+01,1.699927458214439113e+01,1.559593568786907447e+01,1.107574948422396233e-08,2.064248522323782531e+00,0.000000000000000000e+00
2.812283679488554239e-04,1.699995000680840462e+01,1.699927458300352967e+01,1.559525389480315738e+01,1.105144808999369843e-08,2.064248522323770096e+00,0.000000000000000000e+00
2.813283679488554263e-04,1.699995000680844015e+01,1.699927458385450407e+01,1.559457210173755648e+01,1.106472516387846383e-08,2.064248522323747892e+00,0.000000000000000000e+00
2.814283679488554287e-04,1.699995000680849344e+01,1.699927458469755237e+01,1.559389030867226467e+01,1.106461453015405993e-08,2.064248522323747892e+00,0.000000000000000000e+00
2.815283679488554311e-04,1.699995000680859292e+01,1.699927458553293746e+01,1.559320851560727839e+01,1.105835242820596420e-08,2.064248522323792301e+00,0.000000000000000000e+00
2.816283679488554336e-04,1.699995000680862489e+01,1.699927458636009447e+01,1.559252672254260474e+01,1.105329930362053403e-08,2.064248522323778978e+00,0.000000000000000000e+00
2.817283679488554360e-04,1.699995000680867463e+01,1.699927458717978723e+01,1.559184492947823664e+01,1.106389438398913683e-08,2.064248522323780755e+00,0.000000000000000000e+00
2.818283679488554384e-04,1.699995000680875279e+01,1.699927458799201929e+01,1.559116313641417939e+01,1.105375688204013329e-08,2.064248522323807400e+00,0.000000000000000000e+00
2.819283679488554409e-04,1.699995000680883450e+01,1.699927458879700382e+01,1.559048134335043123e+01,1.105923533306629736e-08,2.064248522323830493e+00,0.000000000000000000e+00
2.820283679488554433e-04,1.699995000680894819e+01,1.699927458959453830e+01,1.558979955028699216e+01,1.105125579936583335e-08,2.064248522323898882e+00,0.000000000000000000e+00
2.821283679488554457e-04,1.699995000680901569e+01,1.699927459038454103e+01,1.558911775722386572e+01,1.105893437935989709e-08,2.064248522323913093e+00,0.000000000000000000e+00
2.822283679488554482e-04,1.699995000680909740e+01,1.699927459116753425e+01,1.558843596416104660e+01,1.104581481836675039e-08,2.064248522323949508e+00,0.000000000000000000e+00
2.823283679488554506e-04,1.699995000680911517e+01,1.699927459194274704e+01,1.558775417109854367e+01,1.107021779800376748e-08,2.064248522323921087e+00,0.000000000000000000e+00
2.824283679488554530e-04,1.699995000680923951e+01,1.699927459271149388e+01,1.558707237803634449e+01,1.105191352324119691e-08,2.064248522323997470e+00,0.000000000000000000e+00
2.825283679488554555e-04,1.699995000680928570e+01,1.699927459347245318e+01,1.558639058497445262e+01,1.105658137268150654e-08,2.064248522323992141e+00,0.000000000000000000e+00
2.826283679488554579e-04,1.699995000680934965e+01,1.699927459422663034e+01,1.558570879191287162e+01,1.106224561953084162e-08,2.064248522324012569e+00,0.000000000000000000e+00
2.827283679488554603e-04,1.699995000680940649e+01,1.699927459497376958e+01,1.558502699885159792e+01,1.104711497279531329e-08,2.064248522324025004e+00,0.000000000000000000e+00
2.828283679488554627e-04,1.699995000680950596e+01,1.699927459571437183e+01,1.558434520579063332e+01,1.104749600133736465e-08,2.064248522324073853e+00,0.000000000000000000e+00
2.829283679488554652e-04,1.699995000680950952e+01,1.699927459644739258e+01,1.558366341272998312e+01,1.105626717956553762e-08,2.064248522324034774e+00,0.000000000000000000e+00
2.830283679488554676e-04,1.699995000680961965e+01,1.699927459717417833e+01,1.558298161966963669e+01,1.103684926784254117e-08,2.064248522324100499e+00,0.000000000000000000e+00
2.831283679488554700e-04,1.699995000680965873e+01,1.699927459789385864e+01,1.558229982660959934e+01,1.105485497587821442e-08,2.064248522324094282e+00,0.000000000000000000e+00
2.832283679488554725e-04,1.699995000680973689e+01,1.699927459860723644e+01,1.558161803354987285e+01,1.104468239088163273e-08,2.064248522324127144e+00,0.000000000000000000e+00
2.833283679488554749e-04,1.699995000680982926e+01,1.699927459931382145e+01,1.558093624049045545e+01,1.104278263275304539e-08,2.064248522324176882e+00,0.000000000000000000e+00
2.834283679488554773e-04,1.699995000680992874e+01,1.699927460001429225e+01,1.558025444743134713e+01,1.104178121158483350e-08,2.064248522324228396e+00,0.000000000000000000e+00
2.835283679488554798e-04,1.699995000680997492e+01,1.699927460070790630e+01,1.557957265437255145e+01,1.105633892772850402e-08,2.064248522324226620e+00,0.000000000000000000e+00
2.836283679488554822e-04,1.699995000680998203e+01,1.699927460139490165e+01,1.557889086131406664e+01,1.105004124313246905e-08,2.064248522324191981e+00,0.000000000000000000e+00
2.837283679488554846e-04,1.699995000681002466e+01,1.699927460207558738e+01,1.557820906825588914e+01,1.105194555317545735e-08,2.064248522324196422e+00,0.000000000000000000e+00
2.838283679488554870e-04,1.699995000681010637e+01,1.699927460275019087e+01,1.557752727519802605e+01,1.105474256579697112e-08,2.064248522324233726e+00,0.000000000000000000e+00
2.839283679488554895e-04,1.699995000681020585e+01,1.699927460341891461e+01,1.557684548214047027e+01,1.104385083383618849e-08,2.064248522324292345e+00,0.000000000000000000e+00
2.840283679488554919e-04,1.699995000681023072e+01,1.699927460408121860e+01,1.557616368908322535e+01,1.105573088633349244e-08,2.064248522324273694e+00,0.000000000000000000e+00
2.841283679488554943e-04,1.699995000681028401e+01,1.699927460473719876e+01,1.557548189602628597e+01,1.104671096263665220e-08,2.064248522324295010e+00,0.000000000000000000e+00
2.842283679488554968e-04,1.699995000681035151e+01,1.699927460538729918e+01,1.557480010296965567e+01,1.104583061128927568e-08,2.064248522324329649e+00,0.000000000000000000e+00
2.843283679488554992e-04,1.699995000681035862e+01,1.699927460603099050e+01,1.557411830991333979e+01,1.105316779770326718e-08,2.064248522324295010e+00,0.000000000000000000e+00
2.844283679488555016e-04,1.699995000681037283e+01,1.699927460666878787e+01,1.557343651685733477e+01,1.105409491719555604e-08,2.064248522324271029e+00,0.000000000000000000e+00
2.845283679488555041e-04,1.699995000681048651e+01,1.699927460730124551e+01,1.557275472380162995e+01,1.104125305073644370e-08,2.064248522324342083e+00,0.000000000000000000e+00
2.846283679488555065e-04,1.699995000681059309e+01,1.699927460792757827e+01,1.557207293074623422e+01,1.104386246342237143e-08,2.064248522324407809e+00,0.000000000000000000e+00
2.847283679488555089e-04,1.699995000681067125e+01,1.699927460854820893e+01,1.557139113769114935e+01,1.104730965040268131e-08,2.064248522324444224e+00,0.000000000000000000e+00
2.848283679488555114e-04,1.699995000681073520e+01,1.699927460916315525e+01,1.557070934463637712e+01,1.105159141978617754e-08,2.064248522324466428e+00,0.000000000000000000e+00
2.849283679488555138e-04,1.699995000681086310e+01,1.699927460977272631e+01,1.557002755158190688e+01,1.103483435183072459e-08,2.064248522324554358e+00,0.000000000000000000e+00
2.850283679488555162e-04,1.699995000681086665e+01,1.699927461037583143e+01,1.556934575852775637e+01,1.105540764489987282e-08,2.064248522324517054e+00,0.000000000000000000e+00
2.851283679488555186e-04,1.699995000681093060e+01,1.699927461097354353e+01,1.556866396547390963e+01,1.103311689232278070e-08,2.064248522324541923e+00,0.000000000000000000e+00
2.852283679488555211e-04,1.699995000681096968e+01,1.699927461156556774e+01,1.556798217242037197e+01,1.103348912234736190e-08,2.064248522324545476e+00,0.000000000000000000e+00
2.853283679488555235e-04,1.699995000681103718e+01,1.699927461215240498e+01,1.556730037936714517e+01,1.104189914502562431e-08,2.064248522324572122e+00,0.000000000000000000e+00
2.854283679488555259e-04,1.699995000681108692e+01,1.699927461273377816e+01,1.556661858631422746e+01,1.103655938861081154e-08,2.064248522324584556e+00,0.000000000000000000e+00
2.855283679488555284e-04,1.699995000681104784e+01,1.699927461330917211e+01,1.556593679326162416e+01,1.104665078854871751e-08,2.064248522324509061e+00,0.000000000000000000e+00
2.856283679488555308e-04,1.699995000681110824e+01,1.699927461387990135e+01,1.556525500020932284e+01,1.102104629779887546e-08,2.064248522324535706e+00,0.000000000000000000e+00
2.857283679488555332e-04,1.699995000681121127e+01,1.699927461444545784e+01,1.556457320715733061e+01,1.102530461372097648e-08,2.064248522324603208e+00,0.000000000000000000e+00
2.858283679488555357e-04,1.699995000681126101e+01,1.699927461500551829e+01,1.556389141410564747e+01,1.103764674104112942e-08,2.064248522324617419e+00,0.000000000000000000e+00
2.859283679488555381e-04,1.699995000681131074e+01,1.699927461556059072e+01,1.556320962105427341e+01,1.103616970032916811e-08,2.064248522324624524e+00,0.000000000000000000e+00
2.860283679488555405e-04,1.699995000681132495e+01,1.699927461611019197e+01,1.556252782800321022e+01,1.104277183583413091e-08,2.064248522324601431e+00,0.000000000000000000e+00
2.861283679488555430e-04,1.699995000681144575e+01,1.699927461665535233e+01,1.556184603495245788e+01,1.102819752185624225e-08,2.064248522324684920e+00,0.000000000000000000e+00
2.862283679488555454e-04,1.699995000681142443e+01,1.699927461719448374e+01,1.556116424190202174e+01,1.105088978659019006e-08,2.064248522324640511e+00,0.000000000000000000e+00
2.863283679488555478e-04,1.699995000681149548e+01,1.699927461772939452e+01,1.556048244885189291e+01,1.103782137912290295e-08,2.064248522324673374e+00,0.000000000000000000e+00
2.864283679488555502e-04,1.699995000681157009e+01,1.699927461825932440e+01,1.555980065580206606e+01,1.102548391473945344e-08,2.064248522324708901e+00,0.000000000000000000e+00
2.865283679488555527e-04,1.699995000681164115e+01,1.699927461878403889e+01,1.555911886275255362e+01,1.103574040484112118e-08,2.064248522324744428e+00,0.000000000000000000e+00
2.866283679488555551e-04,1.699995000681170509e+01,1.699927461930420236e+01,1.555843706970335205e+01,1.103938934710058106e-08,2.064248522324774626e+00,0.000000000000000000e+00
2.867283679488555575e-04,1.699995000681176904e+01,1.699927461981938492e+01,1.555775527665446134e+01,1.103649374667448058e-08,2.064248522324805712e+00,0.000000000000000000e+00
2.868283679488555600e-04,1.699995000681180457e+01,1.699927462032954040e+01,1.555707348360587794e+01,1.103433694416011690e-08,2.064248522324803936e+00,0.000000000000000000e+00
2.869283679488555624e-04,1.699995000681180812e+01,1.699927462083491392e+01,1.555639169055760540e+01,1.103288208015307248e-08,2.064248522324774626e+00,0.000000000000000000e+00
2.870283679488555648e-04,1.699995000681185076e+01,1.699927462133578970e+01,1.555570989750964195e+01,1.103936361768198537e-08,2.064248522324782620e+00,0.000000000000000000e+00
2.871283679488555673e-04,1.699995000681191826e+01,1.699927462183237736e+01,1.555502810446198403e+01,1.101737082120912703e-08,2.064248522324819923e+00,0.000000000000000000e+00
2.872283679488555697e-04,1.699995000681197510e+01,1.699927462232442466e+01,1.555434631141463342e+01,1.101787300283874060e-08,2.064248522324840351e+00,0.000000000000000000e+00
2.873283679488555721e-04,1.699995000681197865e+01,1.699927462281142709e+01,1.555366451836759545e+01,1.103366789600990217e-08,2.064248522324815482e+00,0.000000000000000000e+00
2.874283679488555746e-04,1.699995000681197865e+01,1.699927462329388561e+01,1.555298272532087012e+01,1.103557881187988698e-08,2.064248522324780843e+00,0.000000000000000000e+00
2.875283679488555770e-04,1.699995000681205326e+01,1.699927462377234377e+01,1.555230093227445387e+01,1.103807614755147881e-08,2.064248522324821700e+00,0.000000000000000000e+00
2.876283679488555794e-04,1.699995000681215274e+01,1.699927462424674474e+01,1.555161913922834138e+01,1.101206495435214094e-08,2.064248522324890978e+00,0.000000000000000000e+00
2.877283679488555818e-04,1.699995000681223800e+01,1.699927462471659467e+01,1.555093734618254331e+01,1.103037841621024029e-08,2.064248522324951374e+00,0.000000000000000000e+00
2.878283679488555843e-04,1.699995000681221669e+01,1.699927462518135357e+01,1.555025555313705965e+01,1.104216429403948041e-08,2.064248522324899859e+00,0.000000000000000000e+00
2.879283679488555867e-04,1.699995000681233037e+01,1.699927462564260949e+01,1.554957376009187797e+01,1.101808341785748269e-08,2.064248522324986013e+00,0.000000000000000000e+00
2.880283679488555891e-04,1.699995000681240853e+01,1.699927462609930728e+01,1.554889196704700183e+01,1.102377639172757995e-08,2.064248522325036639e+00,0.000000000000000000e+00
2.881283679488555916e-04,1.699995000681248669e+01,1.699927462655191590e+01,1.554821017400243477e+01,1.102279337250600122e-08,2.064248522325088153e+00,0.000000000000000000e+00
2.882283679488555940e-04,1.699995000681251867e+01,1.699927462699994507e+01,1.554752838095818035e+01,1.102248398110461380e-08,2.064248522325091706e+00,0.000000000000000000e+00
2.883283679488555964e-04,1.699995000681253643e+01,1.699927462744388151e+01,1.554684658791423679e+01,1.102277513709282175e-08,2.064248522325083712e+00,0.000000000000000000e+00
2.884283679488555989e-04,1.699995000681258617e+01,1.699927462788398813e+01,1.554616479487060055e+01,1.101635271893997015e-08,2.064248522325107693e+00,0.000000000000000000e+00
2.885283679488556013e-04,1.699995000681256485e+01,1.699927462831949398e+01,1.554548300182727694e+01,1.103243427169608992e-08,2.064248522325063284e+00,0.000000000000000000e+00
2.886283679488556037e-04,1.699995000681258972e+01,1.699927462875118778e+01,1.554480120878426241e+01,1.103452348938382954e-08,2.064248522325060620e+00,0.000000000000000000e+00
2.887283679488556062e-04,1.699995000681260748e+01,1.699927462917879595e+01,1.554411941574155520e+01,1.101538485426267755e-08,2.064248522325050850e+00,0.000000000000000000e+00
2.888283679488556086e-04,1.699995000681266433e+01,1.699927462960258850e+01,1.554343762269915885e+01,1.101863419949999923e-08,2.064248522325084600e+00,0.000000000000000000e+00
2.889283679488556110e-04,1.699995000681274959e+01,1.699927463002277861e+01,1.554275582965706981e+01,1.101513621981631275e-08,2.064248522325141444e+00,0.000000000000000000e+00
2.890283679488556134e-04,1.699995000681282775e+01,1.699927463043910691e+01,1.554207403661529519e+01,1.101948138293451507e-08,2.064248522325198287e+00,0.000000000000000000e+00
2.891283679488556159e-04,1.699995000681288460e+01,1.699927463085156276e+01,1.554139224357382609e+01,1.101711921691617135e-08,2.064248522325230262e+00,0.000000000000000000e+00
2.892283679488556183e-04,1.699995000681294499e+01,1.699927463125994009e+01,1.554071045053266786e+01,1.101535607173076414e-08,2.064248522325266677e+00,0.000000000000000000e+00
2.893283679488556207e-04,1.699995000681291657e+01,1.699927463166391917e+01,1.554002865749182227e+01,1.103606775409993190e-08,2.064248522325204505e+00,0.000000000000000000e+00
2.894283679488556232e-04,1.699995000681298407e+01,1.699927463206482159e+01,1.553934686445128399e+01,1.101357402499836269e-08,2.064248522325250690e+00,0.000000000000000000e+00
2.895283679488556256e-04,1.699995000681303736e+01,1.699927463246208248e+01,1.553866507141105124e+01,1.101344343501509115e-08,2.064248522325280888e+00,0.000000000000000000e+00
2.896283679488556280e-04,1.699995000681305513e+01,1.699927463285545315e+01,1.553798327837112581e+01,1.100660873554204500e-08,2.064248522325268453e+00,0.000000000000000000e+00
2.897283679488556305e-04,1.699995000681302315e+01,1.699927463324468846e+01,1.553730148533151478e+01,1.101493349309201619e-08,2.064248522325213386e+00,0.000000000000000000e+00
2.898283679488556329e-04,1.699995000681306223e+01,1.699927463363059488e+01,1.553661969229221462e+01,1.103102248434240096e-08,2.064248522325235591e+00,0.000000000000000000e+00
2.899283679488556353e-04,1.699995000681309776e+01,1.699927463401309069e+01,1.553593789925322177e+01,1.101123220381694523e-08,2.064248522325241808e+00,0.000000000000000000e+00
2.900283679488556378e-04,1.699995000681319013e+01,1.699927463439225050e+01,1.553525610621453978e+01,1.101375957102135317e-08,2.064248522325309310e+00,0.000000000000000000e+00
2.901283679488556402e-04,1.699995000681325408e+01,1.699927463476797840e+01,1.553457431317616866e+01,1.102406677055967066e-08,2.064248522325347501e+00,0.000000000000000000e+00
2.902283679488556426e-04,1.699995000681330737e+01,1.699927463514029569e+01,1.553389252013810129e+01,1.099121965664195955e-08,2.064248522325375923e+00,0.000000000000000000e+00
2.903283679488556450e-04,1.699995000681332158e+01,1.699927463550894302e+01,1.553321072710035544e+01,1.103167074356647959e-08,2.064248522325372370e+00,0.000000000000000000e+00
2.904283679488556475e-04,1.699995000681335000e+01,1.699927463587420462e+01,1.553252893406290980e+01,1.100713589718971264e-08,2.064248522325377699e+00,0.000000000000000000e+00
2.905283679488556499e-04,1.699995000681341395e+01,1.699927463623655655e+01,1.553184714102577324e+01,1.100485536031925449e-08,2.064248522325420332e+00,0.000000000000000000e+00
2.906283679488556523e-04,1.699995000681341040e+01,1.699927463659475535e+01,1.553116534798894754e+01,1.101046157025997729e-08,2.064248522325396351e+00,0.000000000000000000e+00
2.907283679488556548e-04,1.699995000681346724e+01,1.699927463695007290e+01,1.553048355495243449e+01,1.101649046986175051e-08,2.064248522325430102e+00,0.000000000000000000e+00
2.908283679488556572e-04,1.699995000681355251e+01,1.699927463730223920e+01,1.552980176191622697e+01,1.101570587525024791e-08,2.064248522325489610e+00,0.000000000000000000e+00
2.909283679488556596e-04,1.699995000681354895e+01,1.699927463765068936e+01,1.552911996888033030e+01,1.100819191357516047e-08,2.064248522325467405e+00,0.000000000000000000e+00
2.910283679488556621e-04,1.699995000681353474e+01,1.699927463799572891e+01,1.552843817584474451e+01,1.100845450907605994e-08,2.064248522325428326e+00,0.000000000000000000e+00
2.911283679488556645e-04,1.699995000681364132e+01,1.699927463833839170e+01,1.552775638280946602e+01,1.100178909085869350e-08,2.064248522325514479e+00,0.000000000000000000e+00
2.912283679488556669e-04,1.699995000681365553e+01,1.699927463867733834e+01,1.552707458977450017e+01,1.101749863563483700e-08,2.064248522325504709e+00,0.000000000000000000e+00
2.913283679488556694e-04,1.699995000681375146e+01,1.699927463901387270e+01,1.552639279673984340e+01,1.100445706780917021e-08,2.064248522325584645e+00,0.000000000000000000e+00
2.914283679488556718e-04,1.699995000681373725e+01,1.699927463934643512e+01,1.552571100370549750e+01,1.101382837709330431e-08,2.064248522325546453e+00,0.000000000000000000e+00
2.915283679488556742e-04,1.699995000681387580e+01,1.699927463967711105e+01,1.552502921067145181e+01,1.099437113571966051e-08,2.064248522325662805e+00,0.000000000000000000e+00
2.916283679488556766e-04,1.699995000681386159e+01,1.699927464000355926e+01,1.552434741763772230e+01,1.101191590691108502e-08,2.064248522325632607e+00,0.000000000000000000e+00
2.917283679488556791e-04,1.699995000681381896e+01,1.699927464032680291e+01,1.552366562460430188e+01,1.101537974723676427e-08,2.064248522325575763e+00,0.000000000000000000e+00
2.918283679488556815e-04,1.699995000681389712e+01,1.699927464064789717e+01,1.552298383157119233e+01,1.099732990783586217e-08,2.064248522325637047e+00,0.000000000000000000e+00
2.919283679488556839e-04,1.699995000681391844e+01,1.699927464096553464e+01,1.552230203853839186e+01,1.100889246430369894e-08,2.064248522325642377e+00,0.000000000000000000e+00
2.920283679488556864e-04,1.699995000681400725e+01,1.699927464128074561e+01,1.552162024550589337e+01,1.098443078162425479e-08,2.064248522325702773e+00,0.000000000000000000e+00
2.921283679488556888e-04,1.699995000681401081e+01,1.699927464159246782e+01,1.552093845247370929e+01,1.100413810073419540e-08,2.064248522325684121e+00,0.000000000000000000e+00
2.922283679488556912e-04,1.699995000681403567e+01,1.699927464190126969e+01,1.552025665944183785e+01,1.100244589880006174e-08,2.064248522325691226e+00,0.000000000000000000e+00
2.923283679488556937e-04,1.699995000681406765e+01,1.699927464220735018e+01,1.551957486641027373e+01,1.100115376573285175e-08,2.064248522325698332e+00,0.000000000000000000e+00
2.924283679488556961e-04,1.699995000681411028e+01,1.699927464251072706e+01,1.551889307337901869e+01,1.100025809330773541e-08,2.064248522325716984e+00,0.000000000000000000e+00
2.925283679488556985e-04,1.699995000681415647e+01,1.699927464281138612e+01,1.551821128034807096e+01,1.099976162932669865e-08,2.064248522325748070e+00,0.000000000000000000e+00
2.926283679488557010e-04,1.699995000681422042e+01,1.699927464310911063e+01,1.551752948731743587e+01,1.099969576534576277e-08,2.064248522325789814e+00,0.000000000000000000e+00
2.927283679488557034e-04,1.699995000681428436e+01,1.699927464340411021e+01,1.551684769428711341e+01,1.100003049758768725e-08,2.064248522325831559e+00,0.000000000000000000e+00
2.928283679488557058e-04,1.699995000681441226e+01,1.699927464369691421e+01,1.551616590125709827e+01,1.098613466865572263e-08,2.064248522325938140e+00,0.000000000000000000e+00
2.929283679488557082e-04,1.699995000681441581e+01,1.699927464398619037e+01,1.551548410822739577e+01,1.100913801788117041e-08,2.064248522325922153e+00,0.000000000000000000e+00
2.930283679488557107e-04,1.699995000681439095e+01,1.699927464427271673e+01,1.551480231519800235e+01,1.101071786524521201e-08,2.064248522325872415e+00,0.000000000000000000e+00
2.931283679488557131e-04,1.699995000681448332e+01,1.699927464455732107e+01,1.551412052216891801e+01,1.099075078170308473e-08,2.064248522325947022e+00,0.000000000000000000e+00
2.932283679488557155e-04,1.699995000681454727e+01,1.699927464483917205e+01,1.551343872914014455e+01,1.100756785721301867e-08,2.064248522325989654e+00,0.000000000000000000e+00
2.933283679488557180e-04,1.699995000681456858e+01,1.699927464511803521e+01,1.551275693611168371e+01,1.100299665268700267e-08,2.064248522325988766e+00,0.000000000000000000e+00
2.934283679488557204e-04,1.699995000681470003e+01,1.699927464539496569e+01,1.551207514308352842e+01,1.099870780563172445e-08,2.064248522326100677e+00,0.000000000000000000e+00
2.935283679488557228e-04,1.699995000681477819e+01,1.699927464566912505e+01,1.551139335005568221e+01,1.099482666022666422e-08,2.064248522326157520e+00,0.000000000000000000e+00
2.936283679488557253e-04,1.699995000681488477e+01,1.699927464594104265e+01,1.551071155702813975e+01,1.098399834975616329e-08,2.064248522326243673e+00,0.000000000000000000e+00
2.937283679488557277e-04,1.699995000681488122e+01,1.699927464620967754e+01,1.551002976400091349e+01,1.100275714982501540e-08,2.064248522326226798e+00,0.000000000000000000e+00
2.938283679488557301e-04,1.699995000681490964e+01,1.699927464647607422e+01,1.550934797097399276e+01,1.098546451028248327e-08,2.064248522326238344e+00,0.000000000000000000e+00
2.939283679488557325e-04,1.699995000681492741e+01,1.699927464673974598e+01,1.550866617794738289e+01,1.099039950713809333e-08,2.064248522326233903e+00,0.000000000000000000e+00
2.940283679488557350e-04,1.699995000681494162e+01,1.699927464700114399e+01,1.550798438492108211e+01,1.099566895867987171e-08,2.064248522326229462e+00,0.000000000000000000e+00
2.941283679488557374e-04,1.699995000681498070e+01,1.699927464726029314e+01,1.550730259189509042e+01,1.100126856279359799e-08,2.064248522326249891e+00,0.000000000000000000e+00
2.942283679488557398e-04,1.699995000681504465e+01,1.699927464751720763e+01,1.550662079886940958e+01,1.098536780985703842e-08,2.064248522326290747e+00,0.000000000000000000e+00
2.943283679488557423e-04,1.699995000681505175e+01,1.699927464777156771e+01,1.550593900584403961e+01,1.099167071250128913e-08,2.064248522326283641e+00,0.000000000000000000e+00
2.944283679488557447e-04,1.699995000681511925e+01,1.699927464802394539e+01,1.550525721281897162e+01,1.097643606562392904e-08,2.064248522326334268e+00,0.000000000000000000e+00
2.945283679488557471e-04,1.699995000681516188e+01,1.699927464827381129e+01,1.550457541979421805e+01,1.099795091108468625e-08,2.064248522326361801e+00,0.000000000000000000e+00
2.946283679488557496e-04,1.699995000681518675e+01,1.699927464852115833e+01,1.550389362676977179e+01,1.098345561723057529e-08,2.064248522326363577e+00,0.000000000000000000e+00
2.947283679488557520e-04,1.699995000681521162e+01,1.699927464876623873e+01,1.550321183374563994e+01,1.099112081903719229e-08,2.064248522326372459e+00,0.000000000000000000e+00
2.948283679488557544e-04,1.699995000681528268e+01,1.699927464900932250e+01,1.550253004072181717e+01,1.099180318986370253e-08,2.064248522326425750e+00,0.000000000000000000e+00
2.949283679488557569e-04,1.699995000681530755e+01,1.699927464925010057e+01,1.550184824769829994e+01,1.098554841538756932e-08,2.064248522326439961e+00,0.000000000000000000e+00
2.950283679488557593e-04,1.699995000681532886e+01,1.699927464948837397e+01,1.550116645467509358e+01,1.098693777623616086e-08,2.064248522326447066e+00,0.000000000000000000e+00
2.951283679488557617e-04,1.699995000681538571e+01,1.699927464972487101e+01,1.550048466165219629e+01,1.098131155452541918e-08,2.064248522326485258e+00,0.000000000000000000e+00
2.952283679488557641e-04,1.699995000681543900e+01,1.699927464995909432e+01,1.549980286862960810e+01,1.097601928790048476e-08,2.064248522326519897e+00,0.000000000000000000e+00
2.953283679488557666e-04,1.699995000681546031e+01,1.699927465019102257e+01,1.549912107560733254e+01,1.099289181905049873e-08,2.064248522326526114e+00,0.000000000000000000e+00
2.954283679488557690e-04,1.699995000681549939e+01,1.699927465042114605e+01,1.549843928258536430e+01,1.096637403108502440e-08,2.064248522326553648e+00,0.000000000000000000e+00
2.955283679488557714e-04,1.699995000681547808e+01,1.699927465064849486e+01,1.549775748956371224e+01,1.099119570358020326e-08,2.064248522326521673e+00,0.000000000000000000e+00
2.956283679488557739e-04,1.699995000681547808e+01,1.699927465087382927e+01,1.549707569654236750e+01,1.098720911474337925e-08,2.064248522326503910e+00,0.000000000000000000e+00
2.957283679488557763e-04,1.699995000681544610e+01,1.699927465109663061e+01,1.549639390352132828e+01,1.097631899260598232e-08,2.064248522326460389e+00,0.000000000000000000e+00
2.958283679488557787e-04,1.699995000681537505e+01,1.699927465131712978e+01,1.549571211050060171e+01,1.099487101363649799e-08,2.064248522326384006e+00,0.000000000000000000e+00
2.959283679488557812e-04,1.699995000681543900e+01,1.699927465153639616e+01,1.549503031748018245e+01,1.098449872727336185e-08,2.064248522326431967e+00,0.000000000000000000e+00
2.960283679488557836e-04,1.699995000681546031e+01,1.699927465175313657e+01,1.549434852446007405e+01,1.098177404568190241e-08,2.064248522326441737e+00,0.000000000000000000e+00
2.961283679488557860e-04,1.699995000681547097e+01,1.699927465196804732e+01,1.549366673144027473e+01,1.097931814908470471e-08,2.064248522326436408e+00,0.000000000000000000e+00
2.962283679488557885e-04,1.699995000681555624e+01,1.699927465218166489e+01,1.549298493842078273e+01,1.097705162877993246e-08,2.064248522326507462e+00,0.000000000000000000e+00
2.963283679488557909e-04,1.699995000681554203e+01,1.699927465239269608e+01,1.549230314540160691e+01,1.099699359352612760e-08,2.064248522326482593e+00,0.000000000000000000e+00
2.964283679488557933e-04,1.699995000681558466e+01,1.699927465260219961e+01,1.549162135238273486e+01,1.096622759266807634e-08,2.064248522326511903e+00,0.000000000000000000e+00
2.965283679488557957e-04,1.699995000681564861e+01,1.699927465280967454e+01,1.549093955936417721e+01,1.098669108468008915e-08,2.064248522326561641e+00,0.000000000000000000e+00
2.966283679488557982e-04,1.699995000681574453e+01,1.699927465301560048e+01,1.549025776634591978e+01,1.095644996951250505e-08,2.064248522326640689e+00,0.000000000000000000e+00
2.967283679488558006e-04,1.699995000681578361e+01,1.699927465321920295e+01,1.548957597332797675e+01,1.097748211775773086e-08,2.064248522326673552e+00,0.000000000000000000e+00
2.968283679488558030e-04,1.699995000681575164e+01,1.699927465342046062e+01,1.548889418031034637e+01,1.099158358774943167e-08,2.064248522326630919e+00,0.000000000000000000e+00
2.969283679488558055e-04,1.699995000681580137e+01,1.699927465362022261e+01,1.548821238729302507e+01,1.097679985795352309e-08,2.064248522326677104e+00,0.000000000000000000e+00
2.970283679488558079e-04,1.699995000681588309e+01,1.699927465381819758e+01,1.548753059427600931e+01,1.096955468127269739e-08,2.064248522326742830e+00,0.000000000000000000e+00
2.971283679488558103e-04,1.699995000681597901e+01,1.699927465401437132e+01,1.548684880125930619e+01,1.096984958426361345e-08,2.064248522326822766e+00,0.000000000000000000e+00
2.972283679488558128e-04,1.699995000681606072e+01,1.699927465420917017e+01,1.548616700824291215e+01,1.097762220014786294e-08,2.064248522326892044e+00,0.000000000000000000e+00
2.973283679488558152e-04,1.699995000681605006e+01,1.699927465440138263e+01,1.548548521522682897e+01,1.097122384607907009e-08,2.064248522326869839e+00,0.000000000000000000e+00
2.974283679488558176e-04,1.699995000681604651e+01,1.699927465459179032e+01,1.548480342221105488e+01,1.097236607128238006e-08,2.064248522326854740e+00,0.000000000000000000e+00
2.975283679488558201e-04,1.699995000681611756e+01,1.699927465478091193e+01,1.548412162919558455e+01,1.096642085474108796e-08,2.064248522326916024e+00,0.000000000000000000e+00
2.976283679488558225e-04,1.699995000681614954e+01,1.699927465496795165e+01,1.548343983618043396e+01,1.098260984933041584e-08,2.064248522326926683e+00,0.000000000000000000e+00
2.977283679488558249e-04,1.699995000681619928e+01,1.699927465515342107e+01,1.548275804316559245e+01,1.097720084275444208e-08,2.064248522326970203e+00,0.000000000000000000e+00
2.978283679488558273e-04,1.699995000681625612e+01,1.699927465533753335e+01,1.548207625015105116e+01,1.096471563544199057e-08,2.064248522327018165e+00,0.000000000000000000e+00
2.979283679488558298e-04,1.699995000681627744e+01,1.699927465551957795e+01,1.548139445713682782e+01,1.097436194696932432e-08,2.064248522327023494e+00,0.000000000000000000e+00
2.980283679488558322e-04,1.699995000681633073e+01,1.699927465570006646e+01,1.548071266412291003e+01,1.096968432756639800e-08,2.064248522327066127e+00,0.000000000000000000e+00
2.981283679488558346e-04,1.699995000681634494e+01,1.699927465587869690e+01,1.548003087110930487e+01,1.097255611370862027e-08,2.064248522327062574e+00,0.000000000000000000e+00
2.982283679488558371e-04,1.699995000681633783e+01,1.699927465605549770e+01,1.547934907809601057e+01,1.097569679586740676e-08,2.064248522327043922e+00,0.000000000000000000e+00
2.983283679488558395e-04,1.699995000681636625e+01,1.699927465623074241e+01,1.547866728508303069e+01,1.097906585090235865e-08,2.064248522327062574e+00,0.000000000000000000e+00
2.984283679488558419e-04,1.699995000681633783e+01,1.699927465640389457e+01,1.547798549207035457e+01,1.097546675765670443e-08,2.064248522327020829e+00,0.000000000000000000e+00
2.985283679488558444e-04,1.699995000681635560e+01,1.699927465657572867e+01,1.547730369905798753e+01,1.095750851165533390e-08,2.064248522327032376e+00,0.000000000000000000e+00
2.986283679488558468e-04,1.699995000681637336e+01,1.699927465674597826e+01,1.547662190604593313e+01,1.097616275647084194e-08,2.064248522327030599e+00,0.000000000000000000e+00
2.987283679488558492e-04,1.699995000681641244e+01,1.699927465691488138e+01,1.547594011303418426e+01,1.095863511046957228e-08,2.064248522327054580e+00,0.000000000000000000e+00
2.988283679488558517e-04,1.699995000681646218e+01,1.699927465708244156e+01,1.547525832002274448e+01,1.097768428937051510e-08,2.064248522327095436e+00,0.000000000000000000e+00
2.989283679488558541e-04,1.699995000681653678e+01,1.699927465724865883e+01,1.547457652701161379e+01,1.096782661913486834e-08,2.064248522327155833e+00,0.000000000000000000e+00
2.990283679488558565e-04,1.699995000681656521e+01,1.699927465741302512e+01,1.547389473400079396e+01,1.097279306305765090e-08,2.064248522327170043e+00,0.000000000000000000e+00
2.991283679488558589e-04,1.699995000681657586e+01,1.699927465757578204e+01,1.547321294099028322e+01,1.096344401374516053e-08,2.064248522327167379e+00,0.000000000000000000e+00
2.992283679488558614e-04,1.699995000681662560e+01,1.699927465773721735e+01,1.547253114798008333e+01,1.096884055806768288e-08,2.064248522327206459e+00,0.000000000000000000e+00
2.993283679488558638e-04,1.699995000681671087e+01,1.699927465789755487e+01,1.547184935497018898e+01,1.095257015637507436e-08,2.064248522327291724e+00,0.000000000000000000e+00
2.994283679488558662e-04,1.699995000681677837e+01,1.699927465805629012e+01,1.547116756196060727e+01,1.096563909119829816e-08,2.064248522327345903e+00,0.000000000000000000e+00
2.995283679488558687e-04,1.699995000681686719e+01,1.699927465821345507e+01,1.547048576895132932e+01,1.095711044118985455e-08,2.064248522327429392e+00,0.000000000000000000e+00
2.996283679488558711e-04,1.699995000681688850e+01,1.699927465836873708e+01,1.546980397594236578e+01,1.097068694222436136e-08,2.064248522327436497e+00,0.000000000000000000e+00
2.997283679488558735e-04,1.699995000681692403e+01,1.699927465852267972e+01,1.546912218293371311e+01,1.096263219091397900e-08,2.064248522327456925e+00,0.000000000000000000e+00
2.998283679488558760e-04,1.699995000681689206e+01,1.699927465867473586e+01,1.546844038992537307e+01,1.096940660527678801e-08,2.064248522327410740e+00,0.000000000000000000e+00
2.999141839744279519e-04,1.699995000681684232e+01,1.699927465880393740e+01,1.546785530226323502e+01,1.096822105361994204e-08,2.064248522327358337e+00,0.000000000000000000e+00
3.000000000000000279e-04,1.699995000681686719e+01,1.699927465893269130e+01,1.546727021460131901e+01,1.095740734258221494e-08,2.064248522327371660e+00,0.000000000000000000e+00
