t_s,VS_V,GATE_V,VPROT_V,Q1_channel_A,Q2_gate_V,ENABLE_V
0.000000000000000000e+00,1.399999314995953625e+01,1.399999312191606293e+01,3.916715823955858704e-03,1.517108216830820311e-09,3.013777658311936891e-01,0.000000000000000000e+00
1.328000000000000025e-04,1.399999314995941724e+01,1.399999312191593681e+01,3.916715823955758957e-03,1.517108105808517848e-09,3.013777658311429519e-01,0.000000000000000000e+00
3.328000000000002289e-04,1.399999314995945277e+01,1.399999312191597589e+01,3.916715823955621914e-03,1.517108105808517848e-09,3.013777658311838081e-01,0.000000000000000000e+00
5.328000000000006993e-04,1.399999314995949362e+01,1.399999312191601497e+01,3.916715823955488340e-03,1.517108105808517848e-09,3.013777658312086771e-01,0.000000000000000000e+00
7.328000000000012238e-04,1.399999314995941546e+01,1.399999312191593503e+01,3.916715823955346960e-03,1.517108105808517848e-09,3.013777658311429519e-01,0.000000000000000000e+00
9.328000000000017484e-04,1.399999314995945277e+01,1.399999312191597589e+01,3.916715823955212519e-03,1.517108105808517848e-09,3.013777658311838081e-01,0.000000000000000000e+00
1.000017166524985604e-03,1.399999317206046712e+01,1.399999316631066648e+01,3.916715826336170797e-03,1.522550974186742678e-09,3.013795031861210560e-01,2.700000000000000178e+00
1.001309043541709657e-03,1.399985486894569497e+01,1.399973632600522322e+01,3.916702022848993735e-03,1.282660200274676754e-09,5.787737334383921350e+00,2.700000000000000178e+00
1.003166135039864704e-03,1.399964824890897219e+01,1.400175886163349581e+01,3.916807185981151067e-03,1.881190314634295646e-09,1.390480827132117447e+01,2.700000000000000178e+00
1.036808370737425525e-03,1.399960981716097841e+01,1.399741487870144674e+01,3.916580002029116693e-03,1.390178860916080339e-09,1.394707014409374679e+01,2.700000000000000178e+00
1.236808370737426050e-03,1.399960983036607409e+01,1.397101869340009195e+01,3.915200198255919251e-03,1.475805588846412775e-09,1.394707133503842122e+01,2.700000000000000178e+00
1.436808370737426574e-03,1.399960984348240522e+01,1.394468287604032852e+01,3.913823653476517124e-03,1.620344303177034817e-09,1.394707135116807173e+01,2.700000000000000178e+00
1.636808370737427099e-03,1.399960985656399615e+01,1.391840722893498139e+01,3.912450427689356629e-03,1.864165710685483646e-09,1.394707136725400787e+01,2.700000000000000178e+00
1.836808370737427623e-03,1.399960986960726395e+01,1.389219158323099812e+01,3.911080630527901530e-03,2.275114208138973027e-09,1.394707138329365392e+01,2.700000000000000178e+00
2.036808370737427931e-03,1.399960988260691508e+01,1.386603578595032182e+01,3.909714453273391808e-03,2.967052270541614689e-09,1.394707139928229545e+01,2.700000000000000178e+00
2.236808370737428456e-03,1.399960989555311563e+01,1.383993969183791606e+01,3.908352223156829307e-03,4.130840336458163620e-09,1.394707141521034899e+01,2.700000000000000178e+00
2.436808370737428980e-03,1.399960990843013953e+01,1.381390316061331269e+01,3.906994494725248186e-03,6.086013137895918135e-09,1.394707143106231229e+01,2.700000000000000178e+00
2.636808370737429505e-03,1.399960992121134673e+01,1.378792605461577558e+01,3.905642202539048868e-03,9.366865949544944669e-09,1.394707144681159861e+01,2.700000000000000178e+00
2.836808370737430030e-03,1.399960993385242958e+01,1.376200823745049462e+01,3.904296915987842675e-03,1.486568157460510520e-08,1.394707146241395712e+01,2.700000000000000178e+00
3.036808370737430554e-03,1.399960994627872957e+01,1.373614957325171915e+01,3.902961263826523926e-03,2.407070265331157088e-08,1.394707147779474177e+01,2.700000000000000178e+00
3.236808370737431079e-03,1.399960995836694799e+01,1.371034992672662334e+01,3.901639640485484242e-03,3.946098903195860430e-08,1.394707149283068581e+01,2.700000000000000178e+00
3.436808370737431603e-03,1.399960996991095286e+01,1.368460916293812701e+01,3.900339379473799668e-03,6.516065509387658494e-08,1.394707150731560930e+01,2.700000000000000178e+00
3.636808370737432128e-03,1.399960998056895356e+01,1.365892714715755574e+01,3.899072700116224064e-03,1.080212645998557264e-07,1.394707152090776603e+01,2.700000000000000178e+00
3.836808370737432652e-03,1.399960998977323179e+01,1.363330374490691455e+01,3.897859932643448627e-03,1.794097692631169139e-07,1.394707153303939506e+01,2.700000000000000178e+00
4.036808370737427105e-03,1.399960999658343574e+01,1.360773882182675720e+01,3.896734852989077597e-03,2.981569380278159542e-07,1.394707154277007710e+01,2.700000000000000178e+00
4.236808370737418956e-03,1.399960999944472739e+01,1.358223224347929126e+01,3.895753493247346676e-03,4.954106479493347592e-07,1.394707154854487818e+01,2.700000000000000178e+00
4.436808370737410807e-03,1.399960999578834731e+01,1.355678387515971295e+01,3.895008667159427680e-03,8.226086698481793746e-07,1.394707154779484171e+01,2.700000000000000178e+00
4.636808370737402658e-03,1.399960998138045198e+01,1.353139358144761495e+01,3.894653872800689885e-03,1.364546692084189772e-06,1.394707153628582219e+01,2.700000000000000178e+00
4.836808370737394509e-03,1.399960994925434754e+01,1.350606122562457045e+01,3.894942544491671564e-03,2.260743341975235410e-06,1.394707150705059995e+01,2.700000000000000178e+00
5.036808370737386360e-03,1.399960988797165307e+01,1.348078666863212050e+01,3.896292360309593344e-03,3.740267622953652449e-06,1.394707144864991655e+01,2.700000000000000178e+00
5.236808370737378211e-03,1.399960977879730173e+01,1.345556976740813404e+01,3.899390319106160741e-03,6.178316850458109855e-06,1.394707134234725920e+01,2.700000000000000178e+00
5.436808370737370062e-03,1.399960959112822145e+01,1.343041037224846868e+01,3.905363906515722967e-03,1.018775476568922755e-05,1.394707115753717375e+01,2.700000000000000178e+00
5.636808370737361913e-03,1.399960927513361142e+01,1.340530832243046255e+01,3.916058912562648750e-03,1.676648859194607155e-05,1.394707084438500644e+01,2.700000000000000178e+00
5.836808370737353764e-03,1.399960874997666416e+01,1.338026343955007036e+01,3.934488425169109863e-03,2.753334001304175160e-05,1.394707032204766861e+01,2.700000000000000178e+00
6.036808370737345615e-03,1.399960788509936371e+01,1.335527551674223723e+01,3.965554742173325008e-03,4.510280457226123474e-05,1.394706945995691783e+01,2.700000000000000178e+00
6.236808370737337466e-03,1.399960647075331899e+01,1.333034430199218967e+01,4.017202873663281576e-03,7.367513978417949971e-05,1.394706804834805247e+01,2.700000000000000178e+00
6.436808370737329317e-03,1.399960417211523556e+01,1.330546947257387913e+01,4.102249668162819864e-03,1.199551440048685080e-04,1.394706575237160173e+01,2.700000000000000178e+00
6.636808370737321168e-03,1.399960045883582360e+01,1.328065059638918299e+01,4.241257273947252049e-03,1.945627704588170914e-04,1.394706204163678187e+01,2.700000000000000178e+00
6.836808370737313019e-03,1.399959449876573281e+01,1.325588707509710673e+01,4.466995416613620852e-03,3.141609227600428156e-04,1.394705608392908402e+01,2.700000000000000178e+00
7.036808370737304870e-03,1.399958500118603766e+01,1.323117806296566812e+01,4.831272859301545021e-03,5.045940369929891034e-04,1.394704658842829659e+01,2.700000000000000178e+00
7.236808370737296721e-03,1.399956999205398667e+01,1.320652235551188625e+01,5.415212895066217301e-03,8.053874273931116434e-04,1.394703158093659034e+01,2.700000000000000178e+00
7.436808370737288572e-03,1.399954650338040807e+01,1.318191824576125448e+01,6.344374915630357839e-03,1.275964916166105745e-03,1.394700809323096635e+01,2.700000000000000178e+00
7.636808370737280423e-03,1.399951016401472081e+01,1.315736335338320906e+01,7.810413380642716556e-03,2.003838882085329232e-03,1.394697175381562992e+01,2.700000000000000178e+00
7.836808370737273141e-03,1.399945469402271314e+01,1.313285444869850416e+01,1.010107873241081894e-02,3.114727892729263203e-03,1.394691628225885083e+01,2.700000000000000178e+00
8.036808370737264992e-03,1.399937133365355457e+01,1.310838731808391344e+01,1.364008484142032081e-02,4.783980129875908816e-03,1.394683291811317183e+01,2.700000000000000178e+00
8.236808370737256843e-03,1.399924828161423385e+01,1.308395675138682712e+01,1.903742468663638387e-02,7.247805617155211877e-03,1.394670985914297567e+01,2.700000000000000178e+00
8.436808370737248694e-03,1.399907026932641685e+01,1.305955676201995175e+01,2.714888481086259395e-02,1.081178099978874485e-02,1.394653183554415321e+01,2.700000000000000178e+00
8.636808370737240545e-03,1.399881843981746776e+01,1.303518116409406069e+01,3.914078802079602737e-02,1.585325213990262938e-02,1.394627998882139153e+01,2.700000000000000178e+00
8.836808370737232396e-03,1.399847070391001758e+01,1.301082459902810307e+01,5.655281128520477790e-02,2.281418220199871172e-02,1.394593222800175170e+01,2.700000000000000178e+00
9.036808370737224247e-03,1.399800268679856963e+01,1.298648401672533481e+01,8.134902384405000297e-02,3.218218804696704183e-02,1.394546417628345303e+01,2.700000000000000178e+00
9.236808370737216098e-03,1.399738925174979620e+01,1.296216048097060103e+01,1.159463032436501700e-01,4.446003779387908139e-02,1.394485069485641304e+01,2.700000000000000178e+00
9.436808370737207949e-03,1.399660642837563174e+01,1.293786102921696113e+01,1.632109768169681674e-01,6.012706869476147631e-02,1.394406781133139184e+01,2.700000000000000178e+00
9.636808370737199800e-03,1.399563344344165472e+01,1.291360023762715770e+01,2.264189519564306363e-01,7.959857118184388014e-02,1.394309475071597149e+01,2.700000000000000178e+00
9.836808370737191651e-03,1.399445451080827141e+01,1.288940116664431201e+01,3.091806284649848968e-01,1.031900070788012158e-01,1.394191572550655955e+01,2.700000000000000178e+00
1.003680837073718350e-02,1.399306010158999669e+01,1.286529548889303243e+01,4.153376872399415221e-01,1.310916351967108540e-01,1.394052120595814159e+01,2.700000000000000178e+00
1.023680837073717535e-02,1.399144755317994004e+01,1.284132277946024914e+01,5.488427310718878571e-01,1.633563638873880564e-01,1.393890852916543110e+01,2.700000000000000178e+00
1.043680837073716720e-02,1.398962102642347816e+01,1.281752911009866303e+01,7.136339214262265029e-01,1.999006379396774946e-01,1.393708185623919960e+01,2.700000000000000178e+00
1.063680837073715905e-02,1.398759093241267948e+01,1.279396518552964146e+01,9.135154780989767076e-01,2.405159260413540778e-01,1.393505159905840074e+01,2.700000000000000178e+00
1.083680837073715091e-02,1.398537300257370930e+01,1.277068428128206712e+01,1.152052132269785201e+00,2.848873339379736080e-01,1.393283349028434870e+01,2.700000000000000178e+00
1.103680837073714276e-02,1.398298717502455624e+01,1.274774020684398401e+01,1.432482406943847764e+00,3.326158844517976831e-01,1.393044746962869240e+01,2.700000000000000178e+00
1.123680837073713461e-02,1.398045643776139713e+01,1.272518545424975045e+01,1.757652719654990259e+00,3.832416550323785032e-01,1.392791652694504201e+01,2.700000000000000178e+00
1.143680837073712646e-02,1.397780572630406759e+01,1.270306962640717963e+01,2.129972135797658872e+00,4.362658222046320589e-01,1.392526559978369427e+01,2.700000000000000178e+00
1.163680837073711831e-02,1.397506093379693581e+01,1.268143818458761274e+01,2.551386199304897406e+00,4.911704546370856406e-01,1.392252058341009580e+01,2.700000000000000178e+00
1.183680837073711016e-02,1.397224806154098786e+01,1.266033151755519981e+01,3.023367503419837288e+00,5.474354965692214137e-01,1.391970748126599666e+01,2.700000000000000178e+00
1.203680837073710201e-02,1.396939251763971690e+01,1.263978431018357718e+01,3.546920353900544054e+00,6.045527886564627806e-01,1.391685170355613010e+01,2.700000000000000178e+00
1.223680837073709386e-02,1.396651855954706001e+01,1.261982517834140261e+01,4.122596857546536597e+00,6.620372109679237838e-01,1.391397750974894620e+01,2.700000000000000178e+00
1.243680837073708571e-02,1.396364886984258114e+01,1.260047653177719873e+01,4.750521910158118644e+00,7.194351618255723224e-01,1.391110758431533867e+01,2.700000000000000178e+00
1.263680837073707756e-02,1.396080425156264582e+01,1.258175462627456476e+01,5.430424783883331941e+00,7.763306460770991180e-01,1.390826273203323638e+01,2.700000000000000178e+00
1.283680837073706942e-02,1.395800342833028118e+01,1.256366976813598413e+01,6.161675274204794661e+00,8.323492679422770379e-01,1.390546167809978861e+01,2.700000000000000178e+00
1.303680837073706127e-02,1.395526293446853394e+01,1.254622663699387530e+01,6.943322636961084982e+00,8.871604247711957214e-01,1.390272095823416620e+01,2.700000000000000178e+00
1.323680837073705312e-02,1.395259708079013805e+01,1.252942469659581626e+01,7.774135810791895196e+00,9.404779878948374972e-01,1.390005488446336557e+01,2.700000000000000178e+00
1.343680837073704497e-02,1.395001798241153068e+01,1.251325866621886362e+01,8.652643675140884838e+00,9.920597434822866489e-01,1.389747557293751967e+01,2.700000000000000178e+00
1.363680837073703682e-02,1.394753563594566437e+01,1.249771902930056910e+01,9.577174333147823404e+00,1.041705846393824686e+00,1.389499302112814227e+01,2.700000000000000178e+00
1.383680837073702867e-02,1.394515803451939107e+01,1.248279255945211474e+01,1.054589262891786206e+01,1.089256518015190522e+00,1.389261522285424455e+01,2.700000000000000178e+00
1.403680837073702052e-02,1.394289131016558514e+01,1.246846284692880857e+01,1.155683530851083951e+01,1.134589197045897890e+00,1.389034831068573439e+01,2.700000000000000178e+00
1.423680837073701237e-02,1.394073989445824324e+01,1.245471081216150289e+01,1.260794341263142293e+01,1.177615325817896519e+00,1.388819671659121191e+01,2.700000000000000178e+00
1.438680837073700626e-02,1.393920380240476042e+01,1.244476316728959731e+01,1.342135628670327030e+01,1.208335321165350251e+00,1.388666049709865113e+01,2.700000000000000178e+00
1.443680837073700422e-02,1.395109074096960278e+01,1.245354111937348840e+01,1.367639820561337949e+01,9.660956699990492780e-01,1.389854760770316489e+01,2.700000000000000178e+00
1.463680837073699607e-02,1.399735876465128115e+01,1.247971386620100986e+01,1.398831894576932733e+01,4.464095881689900125e-02,1.394482018001345836e+01,2.700000000000000178e+00
1.483680837073698792e-02,1.399955298195433429e+01,1.245906681593606002e+01,1.399933285921094672e+01,1.141593487318459665e-03,1.394701465267094065e+01,2.700000000000000178e+00
1.503680837073697978e-02,1.399960857442387052e+01,1.243623964486614852e+01,1.399960112680240343e+01,4.018250729131978005e-05,1.394707025424437852e+01,2.700000000000000178e+00
1.523680837073697163e-02,1.399960981062019805e+01,1.241340807935342383e+01,1.399960696908113533e+01,1.591845852999540512e-05,1.394707149319388684e+01,2.700000000000000178e+00
1.543680837073696348e-02,1.399960984636363825e+01,1.239062737677928006e+01,1.399960718920376657e+01,1.543529151604161598e-05,1.394707153154303825e+01,2.700000000000000178e+00
1.563680837073695706e-02,1.399960985864282570e+01,1.236789864235389835e+01,1.399960729558705630e+01,1.541631831969425548e-05,1.394707154641921321e+01,2.700000000000000178e+00
1.583680837073694891e-02,1.399960987045077587e+01,1.234522178131364356e+01,1.399960739341674731e+01,1.540616881356982049e-05,1.394707156081817523e+01,2.700000000000000178e+00
1.603680837073694077e-02,1.399960988219046243e+01,1.232259667568739658e+01,1.399960748515066911e+01,1.539687104923359584e-05,1.394707157514295481e+01,2.700000000000000178e+00
1.623680837073693262e-02,1.399960989387260391e+01,1.230002320736205412e+01,1.399960757142588363e+01,1.538820629320980515e-05,1.394707158940428648e+01,2.700000000000000178e+00
1.643680837073692447e-02,1.399960990550139783e+01,1.227750125850338847e+01,1.399960765277503683e+01,1.538009496471204329e-05,1.394707160360638021e+01,2.700000000000000178e+00
1.663680837073691632e-02,1.399960991708036673e+01,1.225503071152397538e+01,1.399960772966319311e+01,1.537247021587972995e-05,1.394707161775278337e+01,2.700000000000000178e+00
1.683680837073690817e-02,1.399960992861223907e+01,1.223261144912523868e+01,1.399960780249888259e+01,1.536527383905195165e-05,1.394707163184621912e+01,2.700000000000000178e+00
1.703680837073690002e-02,1.399960994009974868e+01,1.221024335426808349e+01,1.399960787164221721e+01,1.535845467515173368e-05,1.394707164588944970e+01,2.700000000000000178e+00
1.723680837073689187e-02,1.399960995154499699e+01,1.218792631017271866e+01,1.399960793741145615e+01,1.535197384328057524e-05,1.394707165988457831e+01,2.700000000000000178e+00
1.743680837073688372e-02,1.399960996294991844e+01,1.216566020032139228e+01,1.399960800008949136e+01,1.534579109829792287e-05,1.394707167383355539e+01,2.700000000000000178e+00
1.763680837073687557e-02,1.399960997431598209e+01,1.214344490847723357e+01,1.399960805992798818e+01,1.533987756374699529e-05,1.394707168773787487e+01,2.700000000000000178e+00
1.783680837073686742e-02,1.399960998564477777e+01,1.212128031865315059e+01,1.399960811715206432e+01,1.533420413579733577e-05,1.394707170159913900e+01,2.700000000000000178e+00
1.803680837073685927e-02,1.399960999693752228e+01,1.209916631513814345e+01,1.399960817196355123e+01,1.532874807708139997e-05,1.394707171541856106e+01,2.700000000000000178e+00
1.823680837073685113e-02,1.399961000819543422e+01,1.207710278247777502e+01,1.399960822454359999e+01,1.532348801447369624e-05,1.394707172919739158e+01,2.700000000000000178e+00
1.843680837073684298e-02,1.399961001941915661e+01,1.205508960548838182e+01,1.399960827505547556e+01,1.531840484858548734e-05,1.394707174293626295e+01,2.700000000000000178e+00
1.863680837073683483e-02,1.399961003060995957e+01,1.203312666923850038e+01,1.399960832364714669e+01,1.531348334538051859e-05,1.394707175663649679e+01,2.700000000000000178e+00
1.883680837073682668e-02,1.399961004176843460e+01,1.201121385907265626e+01,1.399960837045226114e+01,1.530870781607518438e-05,1.394707177029865974e+01,2.700000000000000178e+00
1.903680837073681853e-02,1.399961005289514837e+01,1.198935106058344680e+01,1.399960841559216185e+01,1.530406575511733536e-05,1.394707178392335223e+01,2.700000000000000178e+00
1.923680837073681038e-02,1.399961006399097307e+01,1.196753815962500944e+01,1.399960845917747676e+01,1.529954715806525201e-05,1.394707179751144821e+01,2.700000000000000178e+00
1.943680837073680223e-02,1.399961007505635457e+01,1.194577504231582488e+01,1.399960850130916334e+01,1.529514065623516217e-05,1.394707181106341487e+01,2.700000000000000178e+00
1.963680837073679408e-02,1.399961008609181690e+01,1.192406159503854113e+01,1.399960854207929728e+01,1.529083829154842533e-05,1.394707182457979755e+01,2.700000000000000178e+00
1.983680837073678593e-02,1.399961009709780591e+01,1.190239770442066281e+01,1.399960858157224841e+01,1.528663005956332199e-05,1.394707183806103146e+01,2.700000000000000178e+00
2.003680837073677778e-02,1.399961010807475326e+01,1.188078325736700691e+01,1.399960861986554050e+01,1.528251095805899240e-05,1.394707185150756956e+01,2.700000000000000178e+00
2.023680837073676964e-02,1.399961011902310659e+01,1.185921814103342697e+01,1.399960865703033086e+01,1.527847439319884870e-05,1.394707186491989681e+01,2.700000000000000178e+00
2.043680837073676149e-02,1.399961012994310217e+01,1.183770224282700134e+01,1.399960869313215284e+01,1.527451217953057494e-05,1.394707187829822637e+01,2.700000000000000178e+00
2.063680837073675334e-02,1.399961014083503308e+01,1.181623545041765766e+01,1.399960872823142921e+01,1.527062022432801314e-05,1.394707189164288508e+01,2.700000000000000178e+00
2.083680837073674519e-02,1.399961015169930612e+01,1.179481765172694807e+01,1.399960876238402818e+01,1.526679488961235620e-05,1.394707190495429039e+01,2.700000000000000178e+00
2.103680837073673704e-02,1.399961016253622326e+01,1.177344873494205402e+01,1.399960879564182292e+01,1.526302867205231450e-05,1.394707191823275139e+01,2.700000000000000178e+00
2.123680837073672889e-02,1.399961017334590707e+01,1.175212858849431541e+01,1.399960882805244111e+01,1.525932111690053716e-05,1.394707193147840130e+01,2.700000000000000178e+00
2.143680837073672074e-02,1.399961018412863112e+01,1.173085710106894197e+01,1.399960885966044621e+01,1.525566631244146265e-05,1.394707194469153322e+01,2.700000000000000178e+00
2.163680837073671259e-02,1.399961019488479330e+01,1.170963416161618298e+01,1.399960889050716695e+01,1.525206448604876641e-05,1.394707195787256460e+01,2.700000000000000178e+00
2.183680837073670444e-02,1.399961020561439184e+01,1.168845965933173048e+01,1.399960892063108098e+01,1.524850699752278160e-05,1.394707197102149898e+01,2.700000000000000178e+00
2.203680837073669629e-02,1.399961021631764879e+01,1.166733348367344014e+01,1.399960895006796413e+01,1.524499407423718367e-05,1.394707198413856553e+01,2.700000000000000178e+00
2.223680837073668815e-02,1.399961022699481639e+01,1.164625552433535915e+01,1.399960897885123323e+01,1.524152185083949007e-05,1.394707199722403246e+01,2.700000000000000178e+00
2.243680837073668000e-02,1.399961023764605450e+01,1.162522567127690820e+01,1.399960900701203137e+01,1.523809146419807803e-05,1.394707201027807741e+01,2.700000000000000178e+00
2.263680837073667185e-02,1.399961024827139511e+01,1.160424381470141064e+01,1.399960903457949790e+01,1.523469700259738602e-05,1.394707202330073059e+01,2.700000000000000178e+00
2.283680837073666370e-02,1.399961025887128940e+01,1.158330984505976602e+01,1.399960906158116813e+01,1.523133960290579125e-05,1.394707203629248049e+01,2.700000000000000178e+00
2.303680837073665555e-02,1.399961026944558640e+01,1.156242365307399922e+01,1.399960908804243864e+01,1.522801380815508310e-05,1.394707204925316368e+01,2.700000000000000178e+00
2.323680837073664740e-02,1.399961027999452590e+01,1.154158512967874906e+01,1.399960911398740393e+01,1.522472120996098965e-05,1.394707206218305373e+01,2.700000000000000178e+00
2.343680837073663925e-02,1.399961029051830330e+01,1.152079416608703077e+01,1.399960913943868057e+01,1.522145794297102839e-05,1.394707207508233004e+01,2.700000000000000178e+00
2.363680837073663110e-02,1.399961030101705362e+01,1.150005065375412983e+01,1.399960916441736813e+01,1.521822582617460284e-05,1.394707208795117559e+01,2.700000000000000178e+00
2.383680837073662295e-02,1.399961031149071111e+01,1.147935448437928940e+01,1.399960918894344530e+01,1.521501872048247606e-05,1.394707210078950155e+01,2.700000000000000178e+00
2.403680837073661480e-02,1.399961032193952271e+01,1.145870554991558343e+01,1.399960921303577699e+01,1.521183730801567435e-05,1.394707211359759924e+01,2.700000000000000178e+00
2.423680837073660665e-02,1.399961033236364116e+01,1.143810374254123552e+01,1.399960923671193491e+01,1.520868227089522406e-05,1.394707212637561433e+01,2.700000000000000178e+00
2.443680837073659851e-02,1.399961034276312333e+01,1.141754895470597653e+01,1.399960925998877492e+01,1.520555201750539709e-05,1.394707213912361787e+01,2.700000000000000178e+00
2.463680837073659036e-02,1.399961035313805802e+01,1.139704107909119735e+01,1.399960928288192541e+01,1.520244450148311444e-05,1.394707215184172000e+01,2.700000000000000178e+00
2.483680837073658221e-02,1.399961036348848253e+01,1.137658000864660757e+01,1.399960930540642856e+01,1.519935790383897256e-05,1.394707216452995979e+01,2.700000000000000178e+00
2.503680837073657406e-02,1.399961037381470597e+01,1.135616563652212996e+01,1.399960932757642773e+01,1.519629199719929602e-05,1.394707217718866055e+01,2.700000000000000178e+00
2.523680837073656591e-02,1.399961038411668568e+01,1.133579785615222768e+01,1.399960934940510171e+01,1.519324928267451469e-05,1.394707218981780095e+01,2.700000000000000178e+00
2.543680837073655776e-02,1.399961039439444122e+01,1.131547656118496370e+01,1.399960937090521540e+01,1.519022430329641793e-05,1.394707220241739876e+01,2.700000000000000178e+00
2.563680837073654961e-02,1.399961040464813067e+01,1.129520164554136485e+01,1.399960939208873789e+01,1.518721933280176017e-05,1.394707221498763339e+01,2.700000000000000178e+00
2.583680837073654146e-02,1.399961041487793878e+01,1.127497300335291897e+01,1.399960941296709116e+01,1.518423209745378699e-05,1.394707222752870557e+01,2.700000000000000178e+00
2.603680837073653331e-02,1.399961042508382469e+01,1.125479052901811805e+01,1.399960943355099374e+01,1.518126305199984927e-05,1.394707224004057444e+01,2.700000000000000178e+00
2.623680837073652516e-02,1.399961043526583815e+01,1.123465411716635209e+01,1.399960945385076982e+01,1.517830878583481535e-05,1.394707225252331462e+01,2.700000000000000178e+00
2.643680837073651702e-02,1.399961044542414790e+01,1.121456366265634053e+01,1.399960947387610233e+01,1.517537248219014145e-05,1.394707226497708774e+01,2.700000000000000178e+00
2.663680837073650887e-02,1.399961045555886940e+01,1.119451906060958279e+01,1.399960949363638996e+01,1.517245277682377491e-05,1.394707227740205013e+01,2.700000000000000178e+00
2.683680837073650072e-02,1.399961046566989964e+01,1.117452020637979437e+01,1.399960951314027824e+01,1.516954762337263674e-05,1.394707228979807923e+01,2.700000000000000178e+00
2.703680837073649257e-02,1.399961047575763118e+01,1.115456699553566011e+01,1.399960953239645178e+01,1.516665838607877959e-05,1.394707230216560134e+01,2.700000000000000178e+00
2.723680837073648442e-02,1.399961048582177092e+01,1.113465932391341795e+01,1.399960955141261465e+01,1.516378370070015080e-05,1.394707231450432516e+01,2.700000000000000178e+00
2.743680837073647627e-02,1.399961049586261375e+01,1.111479708757748064e+01,1.399960957019659169e+01,1.516092265774204861e-05,1.394707232681456333e+01,2.700000000000000178e+00
2.763680837073646812e-02,1.399961050588009392e+01,1.109498018283072263e+01,1.399960958875558781e+01,1.515807480245712213e-05,1.394707233909626254e+01,2.700000000000000178e+00
2.783680837073645997e-02,1.399961051587448857e+01,1.107520850621041220e+01,1.399960960709675639e+01,1.515524195383477490e-05,1.394707235134970702e+01,2.700000000000000178e+00
2.803680837073645182e-02,1.399961052584574617e+01,1.105548195449436477e+01,1.399960962522659358e+01,1.515242115601722617e-05,1.394707236357485414e+01,2.700000000000000178e+00
2.823680837073644367e-02,1.399961053579384895e+01,1.103580042469720190e+01,1.399960964315138057e+01,1.514961240900447592e-05,1.394707237577170744e+01,2.700000000000000178e+00
2.843680837073643553e-02,1.399961054571895147e+01,1.101616381404318190e+01,1.399960966087731329e+01,1.514681684966490138e-05,1.394707238794042503e+01,2.700000000000000178e+00
2.863680837073642738e-02,1.399961055562119583e+01,1.099657202002893364e+01,1.399960967841022530e+01,1.514403425062482711e-05,1.394707240008116322e+01,2.700000000000000178e+00
2.883680837073641923e-02,1.399961056550052696e+01,1.097702494035875098e+01,1.399960969575559311e+01,1.514126324764220044e-05,1.394707241219388294e+01,2.700000000000000178e+00
2.903680837073641108e-02,1.399961057535695907e+01,1.095752247298753446e+01,1.399960971291873335e+01,1.513850293122231960e-05,1.394707242427861260e+01,2.700000000000000178e+00
2.923680837073640293e-02,1.399961058519071244e+01,1.093806451609203023e+01,1.399960972990485963e+01,1.513575421085988637e-05,1.394707243633556715e+01,2.700000000000000178e+00
2.943680837073639478e-02,1.399961059500177285e+01,1.091865096806907509e+01,1.399960974671883740e+01,1.513301708655490074e-05,1.394707244836475013e+01,2.700000000000000178e+00
2.963680837073638663e-02,1.399961060479020247e+01,1.089928172758309977e+01,1.399960976336529406e+01,1.513029087618633639e-05,1.394707246036624504e+01,2.700000000000000178e+00
2.983680837073637848e-02,1.399961061455612210e+01,1.087995669350198114e+01,1.399960977984885169e+01,1.512757512500684243e-05,1.394707247234018688e+01,2.700000000000000178e+00
3.003680837073637033e-02,1.399961062429945358e+01,1.086067576492988707e+01,1.399960979617368295e+01,1.512486960564274341e-05,1.394707248428649571e+01,2.700000000000000178e+00
3.023680837073636218e-02,1.399961063402045092e+01,1.084143884120836709e+01,1.399960981234409907e+01,1.512217477284139022e-05,1.394707249620544509e+01,2.700000000000000178e+00
3.043680837073635403e-02,1.399961064371896846e+01,1.082224582190464979e+01,1.399960982836395651e+01,1.511948903498705477e-05,1.394707250809689292e+01,2.700000000000000178e+00
3.063680837073634589e-02,1.399961065339513588e+01,1.080309660680721784e+01,1.399960984423712418e+01,1.511681330157443881e-05,1.394707251996098307e+01,2.700000000000000178e+00
3.083680837073633774e-02,1.399961066304919832e+01,1.078399109594313110e+01,1.399960985996741947e+01,1.511414848209824413e-05,1.394707253179798379e+01,2.700000000000000178e+00
3.103680837073632959e-02,1.399961067268088044e+01,1.076492918956215838e+01,1.399960987555809666e+01,1.511149366706376895e-05,1.394707254360762505e+01,2.700000000000000178e+00
3.123680837073632144e-02,1.399961068229054817e+01,1.074591078814253109e+01,1.399960989101287367e+01,1.510884771960263606e-05,1.394707255539027280e+01,2.700000000000000178e+00
3.143680837073637574e-02,1.399961069187799900e+01,1.072693579239313522e+01,1.399960990633489644e+01,1.510620950284646824e-05,1.394707256714574228e+01,2.700000000000000178e+00
3.163680837073643698e-02,1.399961070144346564e+01,1.070800410326046759e+01,1.399960992152731265e+01,1.510358129053201992e-05,1.394707257887428753e+01,2.700000000000000178e+00
3.183680837073649822e-02,1.399961071098701026e+01,1.068911562188641362e+01,1.399960993659326824e+01,1.510096126366988756e-05,1.394707259057596715e+01,2.700000000000000178e+00
3.203680837073655946e-02,1.399961072050853517e+01,1.067027024966624360e+01,1.399960995153557342e+01,1.509835078650212381e-05,1.394707260225070655e+01,2.700000000000000178e+00
3.223680837073662070e-02,1.399961073000834233e+01,1.065146788820511681e+01,1.399960996635719468e+01,1.509575031377607957e-05,1.394707261389881126e+01,2.700000000000000178e+00
3.243680837073668194e-02,1.399961073948622037e+01,1.063270843933283594e+01,1.399960998106068466e+01,1.509315757175500039e-05,1.394707262552008409e+01,2.700000000000000178e+00
3.263680837073674318e-02,1.399961074894221902e+01,1.061399180512455764e+01,1.399960999564874520e+01,1.509057210569153540e-05,1.394707263711458722e+01,2.700000000000000178e+00
3.283680837073680442e-02,1.399961075837674684e+01,1.059531788785321282e+01,1.399961001012411010e+01,1.508799664406978991e-05,1.394707264868274166e+01,2.700000000000000178e+00
3.303680837073686566e-02,1.399961076778940239e+01,1.057668659002534994e+01,1.399961002448892700e+01,1.508542732153728139e-05,1.394707266022414238e+01,2.700000000000000178e+00
3.323680837073692690e-02,1.399961077718064040e+01,1.055809781435861971e+01,1.399961003874586396e+01,1.508286891294119414e-05,1.394707267173928145e+01,2.700000000000000178e+00
3.343680837073698814e-02,1.399961078655026725e+01,1.053955146381759356e+01,1.399961005289698512e+01,1.508031778030272108e-05,1.394707268322794924e+01,2.700000000000000178e+00
3.363680837073704938e-02,1.399961079589844992e+01,1.052104744156995508e+01,1.399961006694464594e+01,1.507777324150083587e-05,1.394707269469035005e+01,2.700000000000000178e+00
3.383680837073711062e-02,1.399961080522510670e+01,1.050258565101080777e+01,1.399961008089089276e+01,1.507523734289861750e-05,1.394707270612638794e+01,2.700000000000000178e+00
3.403680837073717186e-02,1.399961081453043121e+01,1.048416599574901120e+01,1.399961009473785012e+01,1.507270962974871509e-05,1.394707271753628852e+01,2.700000000000000178e+00
3.423680837073723310e-02,1.399961082381441990e+01,1.046578837962233699e+01,1.399961010848753595e+01,1.507018851043540053e-05,1.394707272892004291e+01,2.700000000000000178e+00
3.443680837073729434e-02,1.399961083307707810e+01,1.044745270667956838e+01,1.399961012214175327e+01,1.506767557657440193e-05,1.394707274027767419e+01,2.700000000000000178e+00
3.463680837073735558e-02,1.399961084231853903e+01,1.042915888119152790e+01,1.399961013570255552e+01,1.506517037341836840e-05,1.394707275160933158e+01,2.700000000000000178e+00
3.483680837073741682e-02,1.399961085153884177e+01,1.041090680764043164e+01,1.399961014917167113e+01,1.506267267359362449e-05,1.394707276291505949e+01,2.700000000000000178e+00
3.503680837073747806e-02,1.399961086073800409e+01,1.039269639074566598e+01,1.399961016255089419e+01,1.506018224972649477e-05,1.394707277419488634e+01,2.700000000000000178e+00
3.523680837073753930e-02,1.399961086991614323e+01,1.037452753543505501e+01,1.399961017584190692e+01,1.505769932919065468e-05,1.394707278544894002e+01,2.700000000000000178e+00
3.543680837073760054e-02,1.399961087907309576e+01,1.035640014684714494e+01,1.399961018904627963e+01,1.505522277511772700e-05,1.394707279667707134e+01,2.700000000000000178e+00
3.563680837073766178e-02,1.399961088820923649e+01,1.033831413033443702e+01,1.399961020216576024e+01,1.505275486124446616e-05,1.394707280787966930e+01,2.700000000000000178e+00
3.583680837073772302e-02,1.399961089732439667e+01,1.032026939147365496e+01,1.399961021520185689e+01,1.505029285908676684e-05,1.394707281905656338e+01,2.700000000000000178e+00
3.603680837073778426e-02,1.399961090641869887e+01,1.030226583606672541e+01,1.399961022815600309e+01,1.504783858763403259e-05,1.394707283020788680e+01,2.700000000000000178e+00
3.623680837073784550e-02,1.399961091549206138e+01,1.028430337009947770e+01,1.399961024102970519e+01,1.504538886365480721e-05,1.394707284133359515e+01,2.700000000000000178e+00
3.643680837073790674e-02,1.399961092454478440e+01,1.026638189980613092e+01,1.399961025382437718e+01,1.504294868936995044e-05,1.394707285243396377e+01,2.700000000000000178e+00
3.663680837073796798e-02,1.399961093357672404e+01,1.024850133162850163e+01,1.399961026654138152e+01,1.504051465417433064e-05,1.394707286350888253e+01,2.700000000000000178e+00
3.683680837073802922e-02,1.399961094258806860e+01,1.023066157220914540e+01,1.399961027918214285e+01,1.503808857705735136e-05,1.394707287455854328e+01,2.700000000000000178e+00
3.703680837073809046e-02,1.399961095157869551e+01,1.021286252840111963e+01,1.399961029174781046e+01,1.503566863902960904e-05,1.394707288558282521e+01,2.700000000000000178e+00
3.723680837073815170e-02,1.399961096054874332e+01,1.019510410727997574e+01,1.399961030423967046e+01,1.503325484009110369e-05,1.394707289658189886e+01,2.700000000000000178e+00
3.743680837073821294e-02,1.399961096949838613e+01,1.017738621613609240e+01,1.399961031665912081e+01,1.503084877185756341e-05,1.394707290755593831e+01,2.700000000000000178e+00
3.763680837073827418e-02,1.399961097842732727e+01,1.015970876246322518e+01,1.399961032900699287e+01,1.502844770584488288e-05,1.394707291850465047e+01,2.700000000000000178e+00
3.783680837073833542e-02,1.399961098733592912e+01,1.014207165396670263e+01,1.399961034128477699e+01,1.502605368841614109e-05,1.394707292942841192e+01,2.700000000000000178e+00
3.803680837073839666e-02,1.399961099622424676e+01,1.012447479856553478e+01,1.399961035349359229e+01,1.502366649219766259e-05,1.394707294032729550e+01,2.700000000000000178e+00
3.823680837073845790e-02,1.399961100509216649e+01,1.010691810438992100e+01,1.399961036563432160e+01,1.502128588981577195e-05,1.394707295120118218e+01,2.700000000000000178e+00
3.843680837073851914e-02,1.399961101393978957e+01,1.008940147978286106e+01,1.399961037770811778e+01,1.501891165389679372e-05,1.394707296205019631e+01,2.700000000000000178e+00
3.863680837073858038e-02,1.399961102276716396e+01,1.007192483327794541e+01,1.399961038971603067e+01,1.501654423918807879e-05,1.394707297287440539e+01,2.700000000000000178e+00
3.883680837073864162e-02,1.399961103157427011e+01,1.005448807364933472e+01,1.399961040165904258e+01,1.501418182670022361e-05,1.394707298367377568e+01,2.700000000000000178e+00
3.903680837073870286e-02,1.399961104036131765e+01,1.003709110985509767e+01,1.399961041353815538e+01,1.501182646279630717e-05,1.394707299444854876e+01,2.700000000000000178e+00
3.923680837073876410e-02,1.399961104912828525e+01,1.001973385107318038e+01,1.399961042535435496e+01,1.500947655586060137e-05,1.394707300519870508e+01,2.700000000000000178e+00
3.943680837073882534e-02,1.399961105787515869e+01,1.000241620666841946e+01,1.399961043710850106e+01,1.500713369750883430e-05,1.394707301592423221e+01,2.700000000000000178e+00
3.963680837073888658e-02,1.399961106660195043e+01,9.985138086244109701e+00,1.399961044880147654e+01,1.500479652349895332e-05,1.394707302662516746e+01,2.700000000000000178e+00
3.983680837073894782e-02,1.399961107530898019e+01,9.967899399586974241e+00,1.399961046043435076e+01,1.500246571595198475e-05,1.394707303730184300e+01,2.700000000000000178e+00
4.003680837073900906e-02,1.399961108399598864e+01,9.950700056695799489e+00,1.399961047200773478e+01,1.500014218436263036e-05,1.394707304795398883e+01,2.700000000000000178e+00
4.023680837073907030e-02,1.399961109266308057e+01,9.933539967772940571e+00,1.399961048352253634e+01,1.499782320024678484e-05,1.394707305858174351e+01,2.700000000000000178e+00
4.043680837073913154e-02,1.399961110131047981e+01,9.916419043234347086e+00,1.399961049497969867e+01,1.499551217420957983e-05,1.394707306918531842e+01,2.700000000000000178e+00
4.063680837073919278e-02,1.399961110993804070e+01,9.899337193683937386e+00,1.399961050637989857e+01,1.499320546827220824e-05,1.394707307976460520e+01,2.700000000000000178e+00
4.083680837073925401e-02,1.399961111854586804e+01,9.882294329944528499e+00,1.399961051772395315e+01,1.499090421930304728e-05,1.394707309031970155e+01,2.700000000000000178e+00
4.103680837073931525e-02,1.399961112713396183e+01,9.865290363036173460e+00,1.399961052901249126e+01,1.498861001891782507e-05,1.394707310085060925e+01,2.700000000000000178e+00
4.123680837073937649e-02,1.399961113570248017e+01,9.848325204191020532e+00,1.399961054024645435e+01,1.498632127550081350e-05,1.394707311135751304e+01,2.700000000000000178e+00
4.143680837073943773e-02,1.399961114425147102e+01,9.831398764830398207e+00,1.399961055142651034e+01,1.498403844379936345e-05,1.394707312184047332e+01,2.700000000000000178e+00
4.163680837073949897e-02,1.399961115278087576e+01,9.814510956581901979e+00,1.399961056255324898e+01,1.498176197856082581e-05,1.394707313229942436e+01,2.700000000000000178e+00
4.183680837073956021e-02,1.399961116129071215e+01,9.797661691276793761e+00,1.399961057362740746e+01,1.497949074291682336e-05,1.394707314273439991e+01,2.700000000000000178e+00
4.203680837073962145e-02,1.399961116978114184e+01,9.780850880949298443e+00,1.399961058464967500e+01,1.497722541898838244e-05,1.394707315314558826e+01,2.700000000000000178e+00
4.223680837073968269e-02,1.399961117825215062e+01,9.764078437831086532e+00,1.399961059562074439e+01,1.497496486990712583e-05,1.394707316353296456e+01,2.700000000000000178e+00
4.243680837073974393e-02,1.399961118670387883e+01,9.747344274355057792e+00,1.399961060654127998e+01,1.497271159678348340e-05,1.394707317389668333e+01,2.700000000000000178e+00
4.263680837073980517e-02,1.399961119513621099e+01,9.730648303160503332e+00,1.399961061741166546e+01,1.497046446274907794e-05,1.394707318423665043e+01,2.700000000000000178e+00
4.283680837073986641e-02,1.399961120354930344e+01,9.713990437075338491e+00,1.399961062823279434e+01,1.496822051194612868e-05,1.394707319455301686e+01,2.700000000000000178e+00
4.303680837073992765e-02,1.399961121194309754e+01,9.697370589129443275e+00,1.399961063900511427e+01,1.496598383710079361e-05,1.394707320484574353e+01,2.700000000000000178e+00
4.323680837073998889e-02,1.399961122031782068e+01,9.680788672557985919e+00,1.399961064972924518e+01,1.496375330134469550e-05,1.394707321511506848e+01,2.700000000000000178e+00
4.343680837074005013e-02,1.399961122867335028e+01,9.664244600776228822e+00,1.399961066040579638e+01,1.496152731306210626e-05,1.394707322536086380e+01,2.700000000000000178e+00
4.363680837074011137e-02,1.399961123700968457e+01,9.647738287424820314e+00,1.399961067103514445e+01,1.495930655437405221e-05,1.394707323558315970e+01,2.700000000000000178e+00
4.383680837074017261e-02,1.399961124532710421e+01,9.631269646320923528e+00,1.399961068161809941e+01,1.495709216214891057e-05,1.394707324578223506e+01,2.700000000000000178e+00
4.403680837074023385e-02,1.399961125362536052e+01,9.614838591483378494e+00,1.399961069215491705e+01,1.495488277214462869e-05,1.394707325595786074e+01,2.700000000000000178e+00
4.423680837074029509e-02,1.399961126190485494e+01,9.598445037121278389e+00,1.399961070264641982e+01,1.495268043072428554e-05,1.394707326611042930e+01,2.700000000000000178e+00
4.443680837074035633e-02,1.399961127016531925e+01,9.582088897654298165e+00,1.399961071309287597e+01,1.495048240940377582e-05,1.394707327623969384e+01,2.700000000000000178e+00
4.463680837074041757e-02,1.399961127840691510e+01,9.565770087689426049e+00,1.399961072349489832e+01,1.494828893555677496e-05,1.394707328634583021e+01,2.700000000000000178e+00
4.483680837074047881e-02,1.399961128662979881e+01,9.549488522028852344e+00,1.399961073385301091e+01,1.494610228292003740e-05,1.394707329642899651e+01,2.700000000000000178e+00
4.503680837074054005e-02,1.399961129483369859e+01,9.533244115672173891e+00,1.399961074416745532e+01,1.494392017775680870e-05,1.394707330648893517e+01,2.700000000000000178e+00
4.523680837074060129e-02,1.399961130301901235e+01,9.517036783805318478e+00,1.399961075443900782e+01,1.494174443905649241e-05,1.394707331652604410e+01,2.700000000000000178e+00
4.543680837074066253e-02,1.399961131118551805e+01,9.500866441813325736e+00,1.399961076466793486e+01,1.493957256570865866e-05,1.394707332654011900e+01,2.700000000000000178e+00
4.563680837074072377e-02,1.399961131933343772e+01,9.484733005265624683e+00,1.399961077485474448e+01,1.493740569458168466e-05,1.394707333653140502e+01,2.700000000000000178e+00
4.583680837074078501e-02,1.399961132746272519e+01,9.468636389930894737e+00,1.399961078499985234e+01,1.493524587203864940e-05,1.394707334649983821e+01,2.700000000000000178e+00
4.603680837074084625e-02,1.399961133557340354e+01,9.452576511788009839e+00,1.399961079510365103e+01,1.493309082434279844e-05,1.394707335644546298e+01,2.700000000000000178e+00
4.623680837074090749e-02,1.399961134366565041e+01,9.436553286970982057e+00,1.399961080516668588e+01,1.493094214310985990e-05,1.394707336636847650e+01,2.700000000000000178e+00
4.643680837074096873e-02,1.399961135173929172e+01,9.420566631836377880e+00,1.399961081518927841e+01,1.492879573561367579e-05,1.394707337626871180e+01,2.700000000000000178e+00
4.663680837074102997e-02,1.399961135979456550e+01,9.404616462912681385e+00,1.399961082517183719e+01,1.492665614932775497e-05,1.394707338614639802e+01,2.700000000000000178e+00
4.683680837074109121e-02,1.399961136783147886e+01,9.388702696939409620e+00,1.399961083511478144e+01,1.492452361162577290e-05,1.394707339600157248e+01,2.700000000000000178e+00
4.703680837074115245e-02,1.399961137584993587e+01,9.372825250823400012e+00,1.399961084501843089e+01,1.492239402978157159e-05,1.394707340583413391e+01,2.700000000000000178e+00
4.723680837074121369e-02,1.399961138385015857e+01,9.356984041676231101e+00,1.399961085488329005e+01,1.492027126914763357e-05,1.394707341564432745e+01,2.700000000000000178e+00
4.743680837074127493e-02,1.399961139183195868e+01,9.341178986785859450e+00,1.399961086470952765e+01,1.491815146437147632e-05,1.394707342543196482e+01,2.700000000000000178e+00
4.763680837074133617e-02,1.399961139979562752e+01,9.325410003642524259e+00,1.399961087449772457e+01,1.491603757131088059e-05,1.394707343519735332e+01,2.700000000000000178e+00
4.783680837074139741e-02,1.399961140774118995e+01,9.309677009918461366e+00,1.399961088424823075e+01,1.491393072683422361e-05,1.394707344494052492e+01,2.700000000000000178e+00
4.803680837074145865e-02,1.399961141566843281e+01,9.293979923469388282e+00,1.399961089396120784e+01,1.491182592872064561e-05,1.394707345466126114e+01,2.700000000000000178e+00
4.823680837074151989e-02,1.399961142357763144e+01,9.278318662337536438e+00,1.399961090363715677e+01,1.490972817919100635e-05,1.394707346435987105e+01,2.700000000000000178e+00
4.843680837074158113e-02,1.399961143146891374e+01,9.262693144774937437e+00,1.399961091327650919e+01,1.490763588662957773e-05,1.394707347403647013e+01,2.700000000000000178e+00
4.863680837074164237e-02,1.399961143934202745e+01,9.247103289188158826e+00,1.399961092287930597e+01,1.490554927841003519e-05,1.394707348369083277e+01,2.700000000000000178e+00
4.883680837074170361e-02,1.399961144719710937e+01,9.231549014188841440e+00,1.399961093244607468e+01,1.490346426180622075e-05,1.394707349332309754e+01,2.700000000000000178e+00
4.903680837074176485e-02,1.399961145503435489e+01,9.216030238573384992e+00,1.399961094197712441e+01,1.490138674853369594e-05,1.394707350293347403e+01,2.700000000000000178e+00
4.923680837074182609e-02,1.399961146285359170e+01,9.200546881327015925e+00,1.399961095147272871e+01,1.489931173637160100e-05,1.394707351252179528e+01,2.700000000000000178e+00
4.943680837074188733e-02,1.399961147065514133e+01,9.185098861602526199e+00,1.399961096093327839e+01,1.489724559178284835e-05,1.394707352208839524e+01,2.700000000000000178e+00
4.963680837074194857e-02,1.399961147843872489e+01,9.169686098749489034e+00,1.399961097035892443e+01,1.489518149355717469e-05,1.394707353163298436e+01,2.700000000000000178e+00
4.983680837074200981e-02,1.399961148620458928e+01,9.154308512302989698e+00,1.399961097975007540e+01,1.489312421654176433e-05,1.394707354115585574e+01,2.700000000000000178e+00
5.003680837074207105e-02,1.399961149395274163e+01,9.138966021980539978e+00,1.399961098910701907e+01,1.489107148699986283e-05,1.394707355065698806e+01,2.700000000000000178e+00
5.023680837074213229e-02,1.399961150168310553e+01,9.123658547681971598e+00,1.399961099842998991e+01,1.488902194068941753e-05,1.394707356013633870e+01,2.700000000000000178e+00
5.043680837074219353e-02,1.399961150939589949e+01,9.108386009478392609e+00,1.399961100771932365e+01,1.488697898821556009e-05,1.394707356959412436e+01,2.700000000000000178e+00
5.063680837074225477e-02,1.399961151709108265e+01,9.093148327651228158e+00,1.399961101697528854e+01,1.488494194745726418e-05,1.394707357903032019e+01,2.700000000000000178e+00
5.083680837074231601e-02,1.399961152476863901e+01,9.077945422634147832e+00,1.399961102619811371e+01,1.488290718043572269e-05,1.394707358844491196e+01,2.700000000000000178e+00
5.103680837074237725e-02,1.399961153242868228e+01,9.062777215057387536e+00,1.399961103538814378e+01,1.488087787038239185e-05,1.394707359783803469e+01,2.700000000000000178e+00
5.123680837074243849e-02,1.399961154007124264e+01,9.047643625734982820e+00,1.399961104454559901e+01,1.487885401729727164e-05,1.394707360720970790e+01,2.700000000000000178e+00
5.143680837074249973e-02,1.399961154769633076e+01,9.032544575648250529e+00,1.399961105367072101e+01,1.487683539380668662e-05,1.394707361655997246e+01,2.700000000000000178e+00
5.163680837074256097e-02,1.399961155530400525e+01,9.017479985976466494e+00,1.399961106276380285e+01,1.487482040829490870e-05,1.394707362588887989e+01,2.700000000000000178e+00
5.183680837074262221e-02,1.399961156289433006e+01,9.002449778064155694e+00,1.399961107182507014e+01,1.487281110712501686e-05,1.394707363519651011e+01,2.700000000000000178e+00
5.203680837074268345e-02,1.399961157046737625e+01,8.987453873444616548e+00,1.399961108085482131e+01,1.487080703554966021e-05,1.394707364448293951e+01,2.700000000000000178e+00
5.223680837074274469e-02,1.399961157802295908e+01,8.972492193822402484e+00,1.399961108985314695e+01,1.486880614720575977e-05,1.394707365374800290e+01,2.700000000000000178e+00
5.243680837074280593e-02,1.399961158556142671e+01,8.957564661089499225e+00,1.399961109882047161e+01,1.486681048845639452e-05,1.394707366299204665e+01,2.700000000000000178e+00
5.263680837074286717e-02,1.399961159308265657e+01,8.942671197305438469e+00,1.399961110775691964e+01,1.486482142354361713e-05,1.394707367221495176e+01,2.700000000000000178e+00
5.283680837074292841e-02,1.399961160058672682e+01,8.927811724721360420e+00,1.399961111666283564e+01,1.486283463236759417e-05,1.394707368141682124e+01,2.700000000000000178e+00
5.303680837074298965e-02,1.399961160807366767e+01,8.912986165759120283e+00,1.399961112553833686e+01,1.486085420765448362e-05,1.394707369059769597e+01,2.700000000000000178e+00
5.323680837074305089e-02,1.399961161554345779e+01,8.898194443011028909e+00,1.399961113438360094e+01,1.485887742092018016e-05,1.394707369975752975e+01,2.700000000000000178e+00
5.343680837074311213e-02,1.399961162299622508e+01,8.883436479247084350e+00,1.399961114319896538e+01,1.485690700064878911e-05,1.394707370889650377e+01,2.700000000000000178e+00
5.363680837074317337e-02,1.399961163043197487e+01,8.868712197426306787e+00,1.399961115198464512e+01,1.485493953623517882e-05,1.394707371801461093e+01,2.700000000000000178e+00
5.383680837074323461e-02,1.399961163785067697e+01,8.854021520674944412e+00,1.399961116074070944e+01,1.485297730141610373e-05,1.394707372711182103e+01,2.700000000000000178e+00
5.403680837074329585e-02,1.399961164525254453e+01,8.839364372299142403e+00,1.399961116946761308e+01,1.485101915932318661e-05,1.394707373618837387e+01,2.700000000000000178e+00
5.423680837074335709e-02,1.399961165263744078e+01,8.824740675767973386e+00,1.399961117816536671e+01,1.484906510995642748e-05,1.394707374524412913e+01,2.700000000000000178e+00
5.443680837074341833e-02,1.399961166000551316e+01,8.810150354732755318e+00,1.399961118683420302e+01,1.484711719967890531e-05,1.394707375427925378e+01,2.700000000000000178e+00
5.463680837074347957e-02,1.399961166735681495e+01,8.795593333028177696e+00,1.399961119547445954e+01,1.484517338212754112e-05,1.394707376329378867e+01,2.700000000000000178e+00
5.483680837074354081e-02,1.399961167469122003e+01,8.781069534651152253e+00,1.399961120408607584e+01,1.484323388467601035e-05,1.394707377228764145e+01,2.700000000000000178e+00
5.503680837074360205e-02,1.399961168200888473e+01,8.766578883775224540e+00,1.399961121266943564e+01,1.484129916207166389e-05,1.394707378126095598e+01,2.700000000000000178e+00
5.523680837074366329e-02,1.399961168930985878e+01,8.752121304747861430e+00,1.399961122122472190e+01,1.483936807744612452e-05,1.394707379021381932e+01,2.700000000000000178e+00
5.543680837074372453e-02,1.399961169659422389e+01,8.737696722088099222e+00,1.399961122975212291e+01,1.483744313190982211e-05,1.394707379914629364e+01,2.700000000000000178e+00
5.563680837074378577e-02,1.399961170386193565e+01,8.723305060487666296e+00,1.399961123825177722e+01,1.483552250647335313e-05,1.394707380805835051e+01,2.700000000000000178e+00
5.583680837074384701e-02,1.399961171111295677e+01,8.708946244796328173e+00,1.399961124672381807e+01,1.483360415477363858e-05,1.394707381694996506e+01,2.700000000000000178e+00
5.603680837074390825e-02,1.399961171834751639e+01,8.694620200072028737e+00,1.399961125516857052e+01,1.483169239691051189e-05,1.394707382582137711e+01,2.700000000000000178e+00
5.623680837074396949e-02,1.399961172556559674e+01,8.680326851511095398e+00,1.399961126358616426e+01,1.482978541389456950e-05,1.394707383467257245e+01,2.700000000000000178e+00
5.643680837074403073e-02,1.399961173276710014e+01,8.666066124489027800e+00,1.399961127197671118e+01,1.482788115936273243e-05,1.394707384350346757e+01,2.700000000000000178e+00
5.663680837074409197e-02,1.399961173995223795e+01,8.651837944555298421e+00,1.399961128034043867e+01,1.482598372604115866e-05,1.394707385231427210e+01,2.700000000000000178e+00
5.683680837074415321e-02,1.399961174712096401e+01,8.637642237426785385e+00,1.399961128867755455e+01,1.482408856645633932e-05,1.394707386110495761e+01,2.700000000000000178e+00
5.703680837074421445e-02,1.399961175427323212e+01,8.623478928983210778e+00,1.399961129698806772e+01,1.482219772697135340e-05,1.394707386987548503e+01,2.700000000000000178e+00
5.723680837074427569e-02,1.399961176140924124e+01,8.609347945286735637e+00,1.399961130527227660e+01,1.482031348132295534e-05,1.394707387862606218e+01,2.700000000000000178e+00
5.743680837074433693e-02,1.399961176852897182e+01,8.595249212558291774e+00,1.399961131353038724e+01,1.481843128203763627e-05,1.394707388735666420e+01,2.700000000000000178e+00
5.763680837074439817e-02,1.399961177563245940e+01,8.581182657200049135e+00,1.399961132176248491e+01,1.481655590396258049e-05,1.394707389606735148e+01,2.700000000000000178e+00
5.783680837074445941e-02,1.399961178271964357e+01,8.567148205767450619e+00,1.399961132996866375e+01,1.481468348174530547e-05,1.394707390475808140e+01,2.700000000000000178e+00
5.803680837074452065e-02,1.399961178979068244e+01,8.553145784987298939e+00,1.399961133814917602e+01,1.481281674386991654e-05,1.394707391342899072e+01,2.700000000000000178e+00
5.823680837074458189e-02,1.399961179684568613e+01,8.539175321752839665e+00,1.399961134630428639e+01,1.481095318922598381e-05,1.394707392208021801e+01,2.700000000000000178e+00
5.843680837074464313e-02,1.399961180388447168e+01,8.525236743123874916e+00,1.399961135443390958e+01,1.480909463680291083e-05,1.394707393071157853e+01,2.700000000000000178e+00
5.863680837074470437e-02,1.399961181090717588e+01,8.511329976344057968e+00,1.399961136253831562e+01,1.480723904023761861e-05,1.394707393932323392e+01,2.700000000000000178e+00
5.883680837074476561e-02,1.399961181791391596e+01,8.497454948798004892e+00,1.399961137061770344e+01,1.480538821851951070e-05,1.394707394791529431e+01,2.700000000000000178e+00
5.903680837074482685e-02,1.399961182490462086e+01,8.483611588054982278e+00,1.399961137867211747e+01,1.480354239902226254e-05,1.394707395648769754e+01,2.700000000000000178e+00
5.923680837074488809e-02,1.399961183187936342e+01,8.469799821833927211e+00,1.399961138670174599e+01,1.480170089962484781e-05,1.394707396504053065e+01,2.700000000000000178e+00
5.943680837074494933e-02,1.399961183883811522e+01,8.456019578019745353e+00,1.399961139470674176e+01,1.479986190133786295e-05,1.394707397357377410e+01,2.700000000000000178e+00
5.963680837074501057e-02,1.399961184578109119e+01,8.442270784678497009e+00,1.399961140268726467e+01,1.479802972426114138e-05,1.394707398208764459e+01,2.700000000000000178e+00
5.983680837074507181e-02,1.399961185270816166e+01,8.428553370023704971e+00,1.399961141064342485e+01,1.479619959354749881e-05,1.394707399058202846e+01,2.700000000000000178e+00
6.003680837074513305e-02,1.399961185961942611e+01,8.414867262449693186e+00,1.399961141857536084e+01,1.479437560192309320e-05,1.394707399905703049e+01,2.700000000000000178e+00
6.023680837074519429e-02,1.399961186651493072e+01,8.401212390496210602e+00,1.399961142648323609e+01,1.479255547565117013e-05,1.394707400751269333e+01,2.700000000000000178e+00
6.043680837074525553e-02,1.399961187339470925e+01,8.387588682867550105e+00,1.399961143436716249e+01,1.479074012422643136e-05,1.394707401594907559e+01,2.700000000000000178e+00
6.063680837074531677e-02,1.399961188025873504e+01,8.373996068447221219e+00,1.399961144222729104e+01,1.478892704653844703e-05,1.394707402436615951e+01,2.700000000000000178e+00
6.083680837074537801e-02,1.399961188710712001e+01,8.360434476271544568e+00,1.399961145006370877e+01,1.478712056268705055e-05,1.394707403276404989e+01,2.700000000000000178e+00
6.103680837074543925e-02,1.399961189393982863e+01,8.346903835533554528e+00,1.399961145787656314e+01,1.478531726206711028e-05,1.394707404114272720e+01,2.700000000000000178e+00
6.123680837074550048e-02,1.399961190075699946e+01,8.333404075588395798e+00,1.399961146566607439e+01,1.478351714467862621e-05,1.394707404950234597e+01,2.700000000000000178e+00
6.143680837074556172e-02,1.399961190755856144e+01,8.319935125958565436e+00,1.399961147343224788e+01,1.478172157476365101e-05,1.394707405784282450e+01,2.700000000000000178e+00
6.163680837074562296e-02,1.399961191434456786e+01,8.306496916331079561e+00,1.399961148117520615e+01,1.477993032494850922e-05,1.394707406616424805e+01,2.700000000000000178e+00
6.183680837074568420e-02,1.399961192111517327e+01,8.293089376540541124e+00,1.399961148889520501e+01,1.477814407735422719e-05,1.394707407446675695e+01,2.700000000000000178e+00
6.203680837074574544e-02,1.399961192787026931e+01,8.279712436587045588e+00,1.399961149659224091e+01,1.477636124036507681e-05,1.394707408275026062e+01,2.700000000000000178e+00
6.223680837074580668e-02,1.399961193460999631e+01,8.266366026640284304e+00,1.399961150426655543e+01,1.477458204135473352e-05,1.394707409101490825e+01,2.700000000000000178e+00
6.243680837074586792e-02,1.399961194133429920e+01,8.253050077019681297e+00,1.399961151191810771e+01,1.477280943618097808e-05,1.394707409926065544e+01,2.700000000000000178e+00
6.263680837074583896e-02,1.399961194804321529e+01,8.239764518198562371e+00,1.399961151954711269e+01,1.477103842262295075e-05,1.394707410748753240e+01,2.700000000000000178e+00
6.283680837074576142e-02,1.399961195473682629e+01,8.226509280812381419e+00,1.399961152715361123e+01,1.476927332078048494e-05,1.394707411569565458e+01,2.700000000000000178e+00
6.303680837074568388e-02,1.399961196141518727e+01,8.213284295670796098e+00,1.399961153473790354e+01,1.476751026530109812e-05,1.394707412388506462e+01,2.700000000000000178e+00
6.323680837074560634e-02,1.399961196807835151e+01,8.200089493720456701e+00,1.399961154229999138e+01,1.476575243941624649e-05,1.394707413205582469e+01,2.700000000000000178e+00
6.343680837074552881e-02,1.399961197472617513e+01,8.186924806078213379e+00,1.399961154983979483e+01,1.476399961575225461e-05,1.394707414020780689e+01,2.700000000000000178e+00
6.363680837074545127e-02,1.399961198135880913e+01,8.173790164008821080e+00,1.399961155735772955e+01,1.476224701946193818e-05,1.394707414834116399e+01,2.700000000000000178e+00
6.383680837074537373e-02,1.399961198797646666e+01,8.160685498938596183e+00,1.399961156485382219e+01,1.476050374549231492e-05,1.394707415645612869e+01,2.700000000000000178e+00
6.403680837074529619e-02,1.399961199457895411e+01,8.147610742457947808e+00,1.399961157232814557e+01,1.475876160839106888e-05,1.394707416455249316e+01,2.700000000000000178e+00
6.423680837074521865e-02,1.399961200116630522e+01,8.134565826299303026e+00,1.399961157978073700e+01,1.475702333664230537e-05,1.394707417263032134e+01,2.700000000000000178e+00
6.443680837074514112e-02,1.399961200773869052e+01,8.121550682355440642e+00,1.399961158721181675e+01,1.475529120398277882e-05,1.394707418068977844e+01,2.700000000000000178e+00
6.463680837074506358e-02,1.399961201429601765e+01,8.108565242684520058e+00,1.399961159462147009e+01,1.475356089031265583e-05,1.394707418873078275e+01,2.700000000000000178e+00
6.483680837074498604e-02,1.399961202083842693e+01,8.095609439487013503e+00,1.399961160200978405e+01,1.475183421462133992e-05,1.394707419675348525e+01,2.700000000000000178e+00
6.503680837074490850e-02,1.399961202736585086e+01,8.082683205123908365e+00,1.399961160937680482e+01,1.475011322327191010e-05,1.394707420475781845e+01,2.700000000000000178e+00
6.523680837074483096e-02,1.399961203387845465e+01,8.069786472109738540e+00,1.399961161672280063e+01,1.474839541515393648e-05,1.394707421274396530e+01,2.700000000000000178e+00
6.543680837074475343e-02,1.399961204037608908e+01,8.056919173117222499e+00,1.399961162404761694e+01,1.474668169976212084e-05,1.394707422071177660e+01,2.700000000000000178e+00
6.563680837074467589e-02,1.399961204685890515e+01,8.044081240960863965e+00,1.399961163135151665e+01,1.474497412345954217e-05,1.394707422866142110e+01,2.700000000000000178e+00
6.583680837074459835e-02,1.399961205332695791e+01,8.031272608624780318e+00,1.399961163863466673e+01,1.474326768402534071e-05,1.394707423659295209e+01,2.700000000000000178e+00
6.603680837074452081e-02,1.399961205978028822e+01,8.018493209229788476e+00,1.399961164589710094e+01,1.474156533731729724e-05,1.394707424450642819e+01,2.700000000000000178e+00
6.623680837074444328e-02,1.399961206621879484e+01,8.005742976061085869e+00,1.399961165313878553e+01,1.473986753808276262e-05,1.394707425240173215e+01,2.700000000000000178e+00
6.643680837074436574e-02,1.399961207264264829e+01,7.993021842549872247e+00,1.399961166035999227e+01,1.473817428632173687e-05,1.394707426027906472e+01,2.700000000000000178e+00
6.663680837074428820e-02,1.399961207905191785e+01,7.980329742281732308e+00,1.399961166756082243e+01,1.473648489991319366e-05,1.394707426813849338e+01,2.700000000000000178e+00
6.683680837074421066e-02,1.399961208544641345e+01,7.967666608991468280e+00,1.399961167474120494e+01,1.473479755986772943e-05,1.394707427597984584e+01,2.700000000000000178e+00
6.703680837074413312e-02,1.399961209182641042e+01,7.955032376576771647e+00,1.399961168190135297e+01,1.473311635891150218e-05,1.394707428380339209e+01,2.700000000000000178e+00
6.723680837074405559e-02,1.399961209819182706e+01,7.942426979071763427e+00,1.399961168904137132e+01,1.473143834118673112e-05,1.394707429160906109e+01,2.700000000000000178e+00
6.743680837074397805e-02,1.399961210454267402e+01,7.929850350665813785e+00,1.399961169616126355e+01,1.472976350669341628e-05,1.394707429939688481e+01,2.700000000000000178e+00
6.763680837074390051e-02,1.399961211087904722e+01,7.917302425698222734e+00,1.399961170326123217e+01,1.472809253755258396e-05,1.394707430716694141e+01,2.700000000000000178e+00
6.783680837074382297e-02,1.399961211720096443e+01,7.904783138652973662e+00,1.399961171034127361e+01,1.472642634325893596e-05,1.394707431491927352e+01,2.700000000000000178e+00
6.803680837074374543e-02,1.399961212350844697e+01,7.892292424177696830e+00,1.399961171740154597e+01,1.472476378694409505e-05,1.394707432265390779e+01,2.700000000000000178e+00
6.823680837074366790e-02,1.399961212980151259e+01,7.879830217051180696e+00,1.399961172444205637e+01,1.472310418648703489e-05,1.394707433037086730e+01,2.700000000000000178e+00
6.843680837074359036e-02,1.399961213608022348e+01,7.867396452225053238e+00,1.399961173146297888e+01,1.472144845138245728e-05,1.394707433807022490e+01,2.700000000000000178e+00
6.863680837074351282e-02,1.399961214234464002e+01,7.854991064770668885e+00,1.399961173846440232e+01,1.471979794587241486e-05,1.394707434575204630e+01,2.700000000000000178e+00
6.883680837074343528e-02,1.399961214859470360e+01,7.842613989934978491e+00,1.399961174544624498e+01,1.471815198783588130e-05,1.394707435341628532e+01,2.700000000000000178e+00
6.903680837074335774e-02,1.399961215483052612e+01,7.830265163090531999e+00,1.399961175240883193e+01,1.471650739404140040e-05,1.394707436106304854e+01,2.700000000000000178e+00
6.923680837074328021e-02,1.399961216105213246e+01,7.817944519777120682e+00,1.399961175935210989e+01,1.471486780246777926e-05,1.394707436869236794e+01,2.700000000000000178e+00
6.943680837074320267e-02,1.399961216725952617e+01,7.805651995655263242e+00,1.399961176627624226e+01,1.471323071200458799e-05,1.394707437630427727e+01,2.700000000000000178e+00
6.963680837074312513e-02,1.399961217345270903e+01,7.793387526561608603e+00,1.399961177318115979e+01,1.471159862376225647e-05,1.394707438389876053e+01,2.700000000000000178e+00
6.983680837074304759e-02,1.399961217963181070e+01,7.781151048462685793e+00,1.399961178006710405e+01,1.470996994612505659e-05,1.394707439147595807e+01,2.700000000000000178e+00
7.003680837074297005e-02,1.399961218579672995e+01,7.768942497471050146e+00,1.399961178693401465e+01,1.470834467909298837e-05,1.394707439903580237e+01,2.700000000000000178e+00
7.023680837074289252e-02,1.399961219194767104e+01,7.756761809851403733e+00,1.399961179378212783e+01,1.470672441428177990e-05,1.394707440657846931e+01,2.700000000000000178e+00
7.043680837074281498e-02,1.399961219808450608e+01,7.744608922007923724e+00,1.399961180061140809e+01,1.470510710532835219e-05,1.394707441410385584e+01,2.700000000000000178e+00
7.063680837074273744e-02,1.399961220420732211e+01,7.732483770491859865e+00,1.399961180742196554e+01,1.470349320698005613e-05,1.394707442161205435e+01,2.700000000000000178e+00
7.083680837074265990e-02,1.399961221031618308e+01,7.720386292001737871e+00,1.399961181421390144e+01,1.470188249186321627e-05,1.394707442910313766e+01,2.700000000000000178e+00
7.103680837074258236e-02,1.399961221641114939e+01,7.708316423376555093e+00,1.399961182098728507e+01,1.470027791583561338e-05,1.394707443657718038e+01,2.700000000000000178e+00
7.123680837074250483e-02,1.399961222249213399e+01,7.696274101603292728e+00,1.399961182774219282e+01,1.469867493142373860e-05,1.394707444403408125e+01,2.700000000000000178e+00
7.143680837074242729e-02,1.399961222855922927e+01,7.684259263814524843e+00,1.399961183447866553e+01,1.469707422074861825e-05,1.394707445147396108e+01,2.700000000000000178e+00
7.163680837074234975e-02,1.399961223461256488e+01,7.672271847283534285e+00,1.399961184119686131e+01,1.469548146815213840e-05,1.394707445889694242e+01,2.700000000000000178e+00
7.183680837074227221e-02,1.399961224065210530e+01,7.660311789426179629e+00,1.399961184789684410e+01,1.469389030717138667e-05,1.394707446630300396e+01,2.700000000000000178e+00
7.203680837074219467e-02,1.399961224667770665e+01,7.648379027801659902e+00,1.399961185457851620e+01,1.469230187467474025e-05,1.394707447369200182e+01,2.700000000000000178e+00
7.223680837074211714e-02,1.399961225268973131e+01,7.636473500112269441e+00,1.399961186124221335e+01,1.469071980864100624e-05,1.394707448106431968e+01,2.700000000000000178e+00
7.243680837074203960e-02,1.399961225868792880e+01,7.624595144192296559e+00,1.399961186788781298e+01,1.468913842472829856e-05,1.394707448841970709e+01,2.700000000000000178e+00
7.263680837074196206e-02,1.399961226467238262e+01,7.612743898036128165e+00,1.399961187451538080e+01,1.468756181566277519e-05,1.394707449575825287e+01,2.700000000000000178e+00
7.283680837074188452e-02,1.399961227064325797e+01,7.600919699769669968e+00,1.399961188112516730e+01,1.468598838982870802e-05,1.394707450308012042e+01,2.700000000000000178e+00
7.303680837074180698e-02,1.399961227660047847e+01,7.589122487662469219e+00,1.399961188771708898e+01,1.468441928409447428e-05,1.394707451038525470e+01,2.700000000000000178e+00
7.323680837074172945e-02,1.399961228254411516e+01,7.577352200118438574e+00,1.399961189429131281e+01,1.468285245209699497e-05,1.394707451767372675e+01,2.700000000000000178e+00
7.343680837074165191e-02,1.399961228847419825e+01,7.565608775690231269e+00,1.399961190084782992e+01,1.468129062232037541e-05,1.394707452494558453e+01,2.700000000000000178e+00
7.363680837074157437e-02,1.399961229439067090e+01,7.553892153074093230e+00,1.399961190738670602e+01,1.467973129365418572e-05,1.394707453220076943e+01,2.700000000000000178e+00
7.383680837074149683e-02,1.399961230029362902e+01,7.542202271091258403e+00,1.399961191390803350e+01,1.467817514821945224e-05,1.394707453943937381e+01,2.700000000000000178e+00
7.403680837074141929e-02,1.399961230618322894e+01,7.530539068713021145e+00,1.399961192041197400e+01,1.467662514187395573e-05,1.394707454666157886e+01,2.700000000000000178e+00
7.423680837074134176e-02,1.399961231205936230e+01,7.518902485050739770e+00,1.399961192689850087e+01,1.467507740926521365e-05,1.394707455386727801e+01,2.700000000000000178e+00
7.443680837074126422e-02,1.399961231792209837e+01,7.507292459348459346e+00,1.399961193336772958e+01,1.467353240514057688e-05,1.394707456105653520e+01,2.700000000000000178e+00
7.463680837074118668e-02,1.399961232377132880e+01,7.495708930994676500e+00,1.399961193981958019e+01,1.467199149374209810e-05,1.394707456822926872e+01,2.700000000000000178e+00
7.483680837074110914e-02,1.399961232960727742e+01,7.484151839515230442e+00,1.399961194625427474e+01,1.467045512981712818e-05,1.394707457538569706e+01,2.700000000000000178e+00
7.503680837074103160e-02,1.399961233542997441e+01,7.472621124574652995e+00,1.399961195267190561e+01,1.466892103962891269e-05,1.394707458252585930e+01,2.700000000000000178e+00
7.523680837074095407e-02,1.399961234123926168e+01,7.461116725970397212e+00,1.399961195907236267e+01,1.466739036004582886e-05,1.394707458964960978e+01,2.700000000000000178e+00
7.543680837074087653e-02,1.399961234703536306e+01,7.449638583644691892e+00,1.399961196545589459e+01,1.466586422793625388e-05,1.394707459675716876e+01,2.700000000000000178e+00
7.563680837074079899e-02,1.399961235281819683e+01,7.438186637663827483e+00,1.399961197182246941e+01,1.466434014218975790e-05,1.394707460384846698e+01,2.700000000000000178e+00
7.583680837074072145e-02,1.399961235858796726e+01,7.426760828245110524e+00,1.399961197817223102e+01,1.466282242290617432e-05,1.394707461092372114e+01,2.700000000000000178e+00
7.603680837074064391e-02,1.399961236434438128e+01,7.415361095735553576e+00,1.399961198450506217e+01,1.466130561311729252e-05,1.394707461798263637e+01,2.700000000000000178e+00
7.623680837074056638e-02,1.399961237008774262e+01,7.403987380623511250e+00,1.399961199082123997e+01,1.465979266868089326e-05,1.394707462502552708e+01,2.700000000000000178e+00
7.643680837074048884e-02,1.399961237581797135e+01,7.392639623524285497e+00,1.399961199712067561e+01,1.465828358959697653e-05,1.394707463205231335e+01,2.700000000000000178e+00
7.663680837074041130e-02,1.399961238153506571e+01,7.381317765198188496e+00,1.399961200340344902e+01,1.465677769374451600e-05,1.394707463906301115e+01,2.700000000000000178e+00
7.683680837074033376e-02,1.399961238723928858e+01,7.370021746538324869e+00,1.399961200966982844e+01,1.465527589061821345e-05,1.394707464605788516e+01,2.700000000000000178e+00
7.703680837074025622e-02,1.399961239293031845e+01,7.358751508558429855e+00,1.399961201591955451e+01,1.465377636122866534e-05,1.394707465303661920e+01,2.700000000000000178e+00
7.723680837074017869e-02,1.399961239860839157e+01,7.347506992429619466e+00,1.399961202215287770e+01,1.465228092456527520e-05,1.394707465999945661e+01,2.700000000000000178e+00
7.743680837074010115e-02,1.399961240427357545e+01,7.336288139450070744e+00,1.399961202836988150e+01,1.465078958062804304e-05,1.394707466694647735e+01,2.700000000000000178e+00
7.763680837074002361e-02,1.399961240992574574e+01,7.325094891035386802e+00,1.399961203457048065e+01,1.464930096517491620e-05,1.394707467387755706e+01,2.700000000000000178e+00
7.783680837073994607e-02,1.399961241556498415e+01,7.313927188759303810e+00,1.399961204075481547e+01,1.464781462345854379e-05,1.394707468079278634e+01,2.700000000000000178e+00
7.803680837073986853e-02,1.399961242119153049e+01,7.302784974306189447e+00,1.399961204692310623e+01,1.464633419345773291e-05,1.394707468769240499e+01,2.700000000000000178e+00
7.823680837073979100e-02,1.399961242680502060e+01,7.291668189511801401e+00,1.399961205307506873e+01,1.464485444557794835e-05,1.394707469457607907e+01,2.700000000000000178e+00
7.843680837073971346e-02,1.399961243240582753e+01,7.280576776344580558e+00,1.399961205921102447e+01,1.464338151890842710e-05,1.394707470144414785e+01,2.700000000000000178e+00
7.863680837073963592e-02,1.399961243799383936e+01,7.269510676892199541e+00,1.399961206533098057e+01,1.464190881961258128e-05,1.394707470829654206e+01,2.700000000000000178e+00
7.883680837073955838e-02,1.399961244356909873e+01,7.258469833373209390e+00,1.399961207143496900e+01,1.464044157728494611e-05,1.394707471513330255e+01,2.700000000000000178e+00
7.903680837073948084e-02,1.399961244913166958e+01,7.247454188161090549e+00,1.399961207752305725e+01,1.463897751818876714e-05,1.394707472195448084e+01,2.700000000000000178e+00
7.923680837073940331e-02,1.399961245468137072e+01,7.236463683737754948e+00,1.399961208359516007e+01,1.463751527808199171e-05,1.394707472875992949e+01,2.700000000000000178e+00
7.943680837073932577e-02,1.399961246021855743e+01,7.225498262724305398e+00,1.399961208965160786e+01,1.463605667595402338e-05,1.394707473554999311e+01,2.700000000000000178e+00
7.963680837073924823e-02,1.399961246574311247e+01,7.214557867873331531e+00,1.399961209569230824e+01,1.463460307604691479e-05,1.394707474232456512e+01,2.700000000000000178e+00
7.983680837073917069e-02,1.399961247125490971e+01,7.203642442068201923e+00,1.399961210171718129e+01,1.463315015826083254e-05,1.394707474908352474e+01,2.700000000000000178e+00
8.003680837073909315e-02,1.399961247675432574e+01,7.192751928318935839e+00,1.399961210772660536e+01,1.463170406168501358e-05,1.394707475582726097e+01,2.700000000000000178e+00
8.023680837073901562e-02,1.399961248224102839e+01,7.181886269766531328e+00,1.399961211372032110e+01,1.463025864723022096e-05,1.394707476255544698e+01,2.700000000000000178e+00
8.043680837073893808e-02,1.399961248771528410e+01,7.171045409692913708e+00,1.399961211969857722e+01,1.462881709812791087e-05,1.394707476926834921e+01,2.700000000000000178e+00
8.063680837073886054e-02,1.399961249317704848e+01,7.160229291495500803e+00,1.399961212566135949e+01,1.462737986912543420e-05,1.394707477596593570e+01,2.700000000000000178e+00
8.083680837073878300e-02,1.399961249862633572e+01,7.149437858703937998e+00,1.399961213160871587e+01,1.462594514123338740e-05,1.394707478264821354e+01,2.700000000000000178e+00
8.103680837073870546e-02,1.399961250406318491e+01,7.138671054982359543e+00,1.399961213754073874e+01,1.462451291445177048e-05,1.394707478931524491e+01,2.700000000000000178e+00
8.123680837073862793e-02,1.399961250948758540e+01,7.127928824112562012e+00,1.399961214345739080e+01,1.462308455302263610e-05,1.394707479596702626e+01,2.700000000000000178e+00
8.143680837073855039e-02,1.399961251489962422e+01,7.117211110019783682e+00,1.399961214935881415e+01,1.462166051169333514e-05,1.394707480260363575e+01,2.700000000000000178e+00
8.163680837073847285e-02,1.399961252029939729e+01,7.106517856743534978e+00,1.399961215524511537e+01,1.462023988096916582e-05,1.394707480922519416e+01,2.700000000000000178e+00
8.183680837073839531e-02,1.399961252568675718e+01,7.095849008466041496e+00,1.399961216111615414e+01,1.461882197872910183e-05,1.394707481583153985e+01,2.700000000000000178e+00
8.203680837073831777e-02,1.399961253106190817e+01,7.085204509476171530e+00,1.399961216697223598e+01,1.461740635022579227e-05,1.394707482242291086e+01,2.700000000000000178e+00
8.223680837073824024e-02,1.399961253642467085e+01,7.074584304206409158e+00,1.399961217281314063e+01,1.461599345020658802e-05,1.394707482899910644e+01,2.700000000000000178e+00
8.243680837073816270e-02,1.399961254177516423e+01,7.063988337207607771e+00,1.399961217863899421e+01,1.461458464291354176e-05,1.394707483556026339e+01,2.700000000000000178e+00
8.263680837073808516e-02,1.399961254711358727e+01,7.053416553165050118e+00,1.399961218445003297e+01,1.461318015572032891e-05,1.394707484210658777e+01,2.700000000000000178e+00
8.283680837073800762e-02,1.399961255243972857e+01,7.042868896885357444e+00,1.399961219024612191e+01,1.461177703276916873e-05,1.394707484863787705e+01,2.700000000000000178e+00
8.303680837073793009e-02,1.399961255775379243e+01,7.032345313301332723e+00,1.399961219602740492e+01,1.461037936678621918e-05,1.394707485515433731e+01,2.700000000000000178e+00
8.323680837073785255e-02,1.399961256305563317e+01,7.021845747469910748e+00,1.399961220179380916e+01,1.460898306504532229e-05,1.394707486165581933e+01,2.700000000000000178e+00
8.343680837073777501e-02,1.399961256834542134e+01,7.011370144580861385e+00,1.399961220754553892e+01,1.460759040128323250e-05,1.394707486814252384e+01,2.700000000000000178e+00
8.363680837073769747e-02,1.399961257362310363e+01,7.000918449935646493e+00,1.399961221328251959e+01,1.460620046600524802e-05,1.394707487461439221e+01,2.700000000000000178e+00
8.383680837073761993e-02,1.399961257888885058e+01,6.990490608967512287e+00,1.399961221900496788e+01,1.460481485082709696e-05,1.394707488107158966e+01,2.700000000000000178e+00
8.403680837073754240e-02,1.399961258414244547e+01,6.980086567240459061e+00,1.399961222471264932e+01,1.460343241888040211e-05,1.394707488751392432e+01,2.700000000000000178e+00
8.423680837073746486e-02,1.399961258938411035e+01,6.969706270442673102e+00,1.399961223040587299e+01,1.460205294279148802e-05,1.394707489394160937e+01,2.700000000000000178e+00
8.443680837073738732e-02,1.399961259461374929e+01,6.959349664370074073e+00,1.399961223608455718e+01,1.460067460357095115e-05,1.394707490035455955e+01,2.700000000000000178e+00
8.463680837073730978e-02,1.399961259983154882e+01,6.949016694959145646e+00,1.399961224174885466e+01,1.459930103919759858e-05,1.394707490675297912e+01,2.700000000000000178e+00
8.483680837073723224e-02,1.399961260503738991e+01,6.938707308262829443e+00,1.399961224739868193e+01,1.459793179492407944e-05,1.394707491313674019e+01,2.700000000000000178e+00
8.503680837073715471e-02,1.399961261023138448e+01,6.928421450457898700e+00,1.399961225303418644e+01,1.459656550650834106e-05,1.394707491950596534e+01,2.700000000000000178e+00
8.523680837073707717e-02,1.399961261541350233e+01,6.918159067842054810e+00,1.399961225865535219e+01,1.459520149182935711e-05,1.394707492586064035e+01,2.700000000000000178e+00
8.543680837073699963e-02,1.399961262058372746e+01,6.907920106839219088e+00,1.399961226426221828e+01,1.459384020563447848e-05,1.394707493220073324e+01,2.700000000000000178e+00
8.563680837073692209e-02,1.399961262574222332e+01,6.897704513994677100e+00,1.399961226985489482e+01,1.459248255741840694e-05,1.394707493852643232e+01,2.700000000000000178e+00
8.583680837073684455e-02,1.399961263088896679e+01,6.887512235977177433e+00,1.399961227543342979e+01,1.459112786506011616e-05,1.394707494483771981e+01,2.700000000000000178e+00
8.603680837073676702e-02,1.399961263602392769e+01,6.877343219573168298e+00,1.399961228099780186e+01,1.458977749280165881e-05,1.394707495113456375e+01,2.700000000000000178e+00
8.623680837073668948e-02,1.399961264114719484e+01,6.867197411694795584e+00,1.399961228654811229e+01,1.458842871215892956e-05,1.394707495741706893e+01,2.700000000000000178e+00
8.643680837073661194e-02,1.399961264625869184e+01,6.857074759366121874e+00,1.399961229208432378e+01,1.458708175050560385e-05,1.394707496368514654e+01,2.700000000000000178e+00
8.663680837073653440e-02,1.399961265135851285e+01,6.846975209744945445e+00,1.399961229760652870e+01,1.458573956369946245e-05,1.394707496993891738e+01,2.700000000000000178e+00
8.683680837073645686e-02,1.399961265644677511e+01,6.836898710109468702e+00,1.399961230311485316e+01,1.458440078749845270e-05,1.394707497617848801e+01,2.700000000000000178e+00
8.703680837073637933e-02,1.399961266152343953e+01,6.826845207843131647e+00,1.399961230860929717e+01,1.458306383028684650e-05,1.394707498240383714e+01,2.700000000000000178e+00
8.723680837073630179e-02,1.399961266658841197e+01,6.816814650462774239e+00,1.399961231408975948e+01,1.458173164792242460e-05,1.394707498861487061e+01,2.700000000000000178e+00
8.743680837073622425e-02,1.399961267164191803e+01,6.806806985598984561e+00,1.399961231955651719e+01,1.458040082980005536e-05,1.394707499481182289e+01,2.700000000000000178e+00
8.763680837073614671e-02,1.399961267668387066e+01,6.796822161007338714e+00,1.399961232500947617e+01,1.457907410440384410e-05,1.394707500099461228e+01,2.700000000000000178e+00
8.783680837073606917e-02,1.399961268171437290e+01,6.786860124558214302e+00,1.399961233044876074e+01,1.457775169910746627e-05,1.394707500716335247e+01,2.700000000000000178e+00
8.803680837073599164e-02,1.399961268673326309e+01,6.776920824239219598e+00,1.399961233587425724e+01,1.457642929381108843e-05,1.394707501331787824e+01,2.700000000000000178e+00
8.823680837073591410e-02,1.399961269174072065e+01,6.767004208165387169e+00,1.399961234128609355e+01,1.457511280023027211e-05,1.394707501945838324e+01,2.700000000000000178e+00
8.843680837073583656e-02,1.399961269673680242e+01,6.757110224556737599e+00,1.399961234668440646e+01,1.457379721614415757e-05,1.394707502558492074e+01,2.700000000000000178e+00
8.863680837073575902e-02,1.399961270172150485e+01,6.747238821770705108e+00,1.399961235206917465e+01,1.457248640690522734e-05,1.394707503169749785e+01,2.700000000000000178e+00
8.883680837073568148e-02,1.399961270669477642e+01,6.737389948257814787e+00,1.399961235744037857e+01,1.457117673453467432e-05,1.394707503779608082e+01,2.700000000000000178e+00
8.903680837073560395e-02,1.399961271165675392e+01,6.727563552606414810e+00,1.399961236279818344e+01,1.456987092751660384e-05,1.394707504388078867e+01,2.700000000000000178e+00
8.923680837073552641e-02,1.399961271660733431e+01,6.717759583513471355e+00,1.399961236814246490e+01,1.456856830372998957e-05,1.394707504995154679e+01,2.700000000000000178e+00
8.943680837073544887e-02,1.399961272154666148e+01,6.707977989795433693e+00,1.399961237347340415e+01,1.456726863580115605e-05,1.394707505600848840e+01,2.700000000000000178e+00
8.963680837073537133e-02,1.399961272647468746e+01,6.698218720375245461e+00,1.399961237879099940e+01,1.456597146898275241e-05,1.394707506205158154e+01,2.700000000000000178e+00
8.983680837073529379e-02,1.399961273139146556e+01,6.688481724322891786e+00,1.399961238409526842e+01,1.456467725802212954e-05,1.394707506808088482e+01,2.700000000000000178e+00
9.003680837073521626e-02,1.399961273629700997e+01,6.678766950794058133e+00,1.399961238938625208e+01,1.456338623029296286e-05,1.394707507409641067e+01,2.700000000000000178e+00
9.023680837073513872e-02,1.399961274119139354e+01,6.669074349066576701e+00,1.399961239466404450e+01,1.456209884054260328e-05,1.394707508009824259e+01,2.700000000000000178e+00
9.043680837073506118e-02,1.399961274607458961e+01,6.659403868540355376e+00,1.399961239992867412e+01,1.456081349715532269e-05,1.394707508608635749e+01,2.700000000000000178e+00
9.063680837073498364e-02,1.399961275094664970e+01,6.649755458734082580e+00,1.399961240518011962e+01,1.455953270124155097e-05,1.394707509206082108e+01,2.700000000000000178e+00
9.083680837073490610e-02,1.399961275580758802e+01,6.640129069264963491e+00,1.399961241041848226e+01,1.455825349694350734e-05,1.394707509802163514e+01,2.700000000000000178e+00
9.103680837073482857e-02,1.399961276065742943e+01,6.630524649882397092e+00,1.399961241564377090e+01,1.455697656638221815e-05,1.394707510396885830e+01,2.700000000000000178e+00
9.123680837073475103e-02,1.399961276549620592e+01,6.620942150441587515e+00,1.399961242085607971e+01,1.455570304642606061e-05,1.394707510990250299e+01,2.700000000000000178e+00
9.143680837073467349e-02,1.399961277032391749e+01,6.611381520916949306e+00,1.399961242605536427e+01,1.455443180020665750e-05,1.394707511582258519e+01,2.700000000000000178e+00
9.163680837073459595e-02,1.399961277514061742e+01,6.601842711397176267e+00,1.399961243124169563e+01,1.455316532883443870e-05,1.394707512172916353e+01,2.700000000000000178e+00
9.183680837073451841e-02,1.399961277994634479e+01,6.592325672070828091e+00,1.399961243641516617e+01,1.455189999433059711e-05,1.394707512762227886e+01,2.700000000000000178e+00
9.203680837073444088e-02,1.399961278474110138e+01,6.582830353261194922e+00,1.399961244157574036e+01,1.455063897992658895e-05,1.394707513350194006e+01,2.700000000000000178e+00
9.223680837073436334e-02,1.399961278952489785e+01,6.573356705392665589e+00,1.399961244672347860e+01,1.454938046663301066e-05,1.394707513936817556e+01,2.700000000000000178e+00
9.243680837073428580e-02,1.399961279429783012e+01,6.563904679009939791e+00,1.399961245185850345e+01,1.454812490919721313e-05,1.394707514522106528e+01,2.700000000000000178e+00
9.263680837073420826e-02,1.399961279905977030e+01,6.554474224757258050e+00,1.399961245698066925e+01,1.454687208024552092e-05,1.394707515106050266e+01,2.700000000000000178e+00
9.283680837073413072e-02,1.399961280381094930e+01,6.545065293410742058e+00,1.399961246209019805e+01,1.454562266189896036e-05,1.394707515688672217e+01,2.700000000000000178e+00
9.303680837073405319e-02,1.399961280855122503e+01,6.535677835844568406e+00,1.399961246718704366e+01,1.454437506254180335e-05,1.394707516269958170e+01,2.700000000000000178e+00
9.323680837073397565e-02,1.399961281328062235e+01,6.526311803050638183e+00,1.399961247227121852e+01,1.454312950954772532e-05,1.394707516849911144e+01,2.700000000000000178e+00
9.343680837073389811e-02,1.399961281799927626e+01,6.516967146126769528e+00,1.399961247734280256e+01,1.454188850402715616e-05,1.394707517428546595e+01,2.700000000000000178e+00
9.363680837073382057e-02,1.399961282270715301e+01,6.507643816292491223e+00,1.399961248240181177e+01,1.454064931749599054e-05,1.394707518005860258e+01,2.700000000000000178e+00
9.383680837073374303e-02,1.399961282740432900e+01,6.498341764869135950e+00,1.399961248744837405e+01,1.453941331419628114e-05,1.394707518581859951e+01,2.700000000000000178e+00
9.403680837073366550e-02,1.399961283209075091e+01,6.489060943292674466e+00,1.399961249248238637e+01,1.453818163099640515e-05,1.394707519156541942e+01,2.700000000000000178e+00
9.423680837073358796e-02,1.399961283676647561e+01,6.479801303112187050e+00,1.399961249750397307e+01,1.453694994779652916e-05,1.394707519729913336e+01,2.700000000000000178e+00
9.443680837073351042e-02,1.399961284143149953e+01,6.470562795986156246e+00,1.399961250251310219e+01,1.453572303944383748e-05,1.394707520301971648e+01,2.700000000000000178e+00
9.463680837073343288e-02,1.399961284608597722e+01,6.461345373680901893e+00,1.399961250751000108e+01,1.453449772270687390e-05,1.394707520872735174e+01,2.700000000000000178e+00
9.483680837073335534e-02,1.399961285072972395e+01,6.452148988068874935e+00,1.399961251249437311e+01,1.453327786293812096e-05,1.394707521442185261e+01,2.700000000000000178e+00
9.503680837073327781e-02,1.399961285536294220e+01,6.442973591148432710e+00,1.399961251746659485e+01,1.453205732104834169e-05,1.394707522010343048e+01,2.700000000000000178e+00
9.523680837073320027e-02,1.399961285998556804e+01,6.433819135012543988e+00,1.399961252242649401e+01,1.453084155400574673e-05,1.394707522577201253e+01,2.700000000000000178e+00
9.543680837073312273e-02,1.399961286459767251e+01,6.424685571870123901e+00,1.399961252737417539e+01,1.452962987968930975e-05,1.394707523142769290e+01,2.700000000000000178e+00
9.563680837073304519e-02,1.399961286919914016e+01,6.415572854032652650e+00,1.399961253230961056e+01,1.452841684113082010e-05,1.394707523707035790e+01,2.700000000000000178e+00
9.583680837073296765e-02,1.399961287379023211e+01,6.406480933927533705e+00,1.399961253723295584e+01,1.452720971428789198e-05,1.394707524270026333e+01,2.700000000000000178e+00
9.603680837073289012e-02,1.399961287837077073e+01,6.397409764086191331e+00,1.399961254214413131e+01,1.452600577067642007e-05,1.394707524831725109e+01,2.700000000000000178e+00
9.623680837073281258e-02,1.399961288294085726e+01,6.388359297156491756e+00,1.399961254704320268e+01,1.452480319130700082e-05,1.394707525392141712e+01,2.700000000000000178e+00
9.643680837073273504e-02,1.399961288750051658e+01,6.379329485884447593e+00,1.399961255193026943e+01,1.452360334042168688e-05,1.394707525951279870e+01,2.700000000000000178e+00
9.663680837073265750e-02,1.399961289204980908e+01,6.370320283127033356e+00,1.399961255680532268e+01,1.452240599064680282e-05,1.394707526509145623e+01,2.700000000000000178e+00
9.683680837073257996e-02,1.399961289658870278e+01,6.361331641847759677e+00,1.399961256166839796e+01,1.452121182410337497e-05,1.394707527065736663e+01,2.700000000000000178e+00
9.703680837073250243e-02,1.399961290111718881e+01,6.352363515122530835e+00,1.399961256651948105e+01,1.452001970392302610e-05,1.394707527621052634e+01,2.700000000000000178e+00
9.723680837073242489e-02,1.399961290563536664e+01,6.343415856129253072e+00,1.399961257135866255e+01,1.451883031222678255e-05,1.394707528175104017e+01,2.700000000000000178e+00
9.743680837073234735e-02,1.399961291014326648e+01,6.334488618152837702e+00,1.399961257618597976e+01,1.451764592275139876e-05,1.394707528727893830e+01,2.700000000000000178e+00
9.763680837073226981e-02,1.399961291464083857e+01,6.325581754589308048e+00,1.399961258100143624e+01,1.451646267014439218e-05,1.394707529279418168e+01,2.700000000000000178e+00
9.783680837073219227e-02,1.399961291912813977e+01,6.316695218939865519e+00,1.399961258580506751e+01,1.451528260076884180e-05,1.394707529829683601e+01,2.700000000000000178e+00
9.803680837073211474e-02,1.399961292360521092e+01,6.307828964806539318e+00,1.399961259059695173e+01,1.451410412300901953e-05,1.394707530378693683e+01,2.700000000000000178e+00
9.823680837073203720e-02,1.399961292807204671e+01,6.298982945900877262e+00,1.399961259537708180e+01,1.451292837373330258e-05,1.394707530926449834e+01,2.700000000000000178e+00
9.843680837073195966e-02,1.399961293252875372e+01,6.290157116049488906e+00,1.399961260014553588e+01,1.451175762667844538e-05,1.394707531472961648e+01,2.700000000000000178e+00
9.863680837073188212e-02,1.399961293697524312e+01,6.281351429158045896e+00,1.399961260490229442e+01,1.451058756174461450e-05,1.394707532018222551e+01,2.700000000000000178e+00
9.883680837073180458e-02,1.399961294141157175e+01,6.272565839262523646e+00,1.399961260964738230e+01,1.450942068004223984e-05,1.394707532562237340e+01,2.700000000000000178e+00
9.903680837073172705e-02,1.399961294583780713e+01,6.263800300494519746e+00,1.399961261438093452e+01,1.450825538995559327e-05,1.394707533105012409e+01,2.700000000000000178e+00
9.923680837073164951e-02,1.399961295025389596e+01,6.255054767095065138e+00,1.399961261910281962e+01,1.450709396522142924e-05,1.394707533646545450e+01,2.700000000000000178e+00
9.943680837073157197e-02,1.399961295465998212e+01,6.246329193402576863e+00,1.399961262381324190e+01,1.450593572371872142e-05,1.394707534186850495e+01,2.700000000000000178e+00
9.963680837073149443e-02,1.399961295905587200e+01,6.237623533862569403e+00,1.399961262851201482e+01,1.450477930120541714e-05,1.394707534725907649e+01,2.700000000000000178e+00
9.983680837073141690e-02,1.399961296344190842e+01,6.228937743027953999e+00,1.399961263319951499e+01,1.450362492505519185e-05,1.394707535263752618e+01,2.700000000000000178e+00
1.000368083707313394e-01,1.399961296781781783e+01,6.220271775553254834e+00,1.399961263787543686e+01,1.450247464163112454e-05,1.394707535800358755e+01,2.700000000000000178e+00
1.002368083707312618e-01,1.399961297218381162e+01,6.211625586195699711e+00,1.399961264254004156e+01,1.450132549507543445e-05,1.394707536335746845e+01,2.700000000000000178e+00
1.004368083707311843e-01,1.399961297653971926e+01,6.202999129812232226e+00,1.399961264719311416e+01,1.450018021387222689e-05,1.394707536869901077e+01,2.700000000000000178e+00
1.006368083707311067e-01,1.399961298088574502e+01,6.194392361366027444e+00,1.399961265183493353e+01,1.449903584216372110e-05,1.394707537402842767e+01,2.700000000000000178e+00
1.008368083707310292e-01,1.399961298522183739e+01,6.185805235927403167e+00,1.399961265646536113e+01,1.449789601792872418e-05,1.394707537934565877e+01,2.700000000000000178e+00
1.010368083707309517e-01,1.399961298954809941e+01,6.177237708660522131e+00,1.399961266108462254e+01,1.449675846743048169e-05,1.394707538465082131e+01,2.700000000000000178e+00
1.012368083707308741e-01,1.399961299386448310e+01,6.168689734840117289e+00,1.399961266569260232e+01,1.449562319066899363e-05,1.394707538994387797e+01,2.700000000000000178e+00
1.014368083707307966e-01,1.399961299817096183e+01,6.160161269840053855e+00,1.399961267028935730e+01,1.449448859602853190e-05,1.394707539522478790e+01,2.700000000000000178e+00
1.016368083707307191e-01,1.399961300246768126e+01,6.151652269130184258e+00,1.399961267487492300e+01,1.449336036785098258e-05,1.394707540049372874e+01,2.700000000000000178e+00
1.018368083707306415e-01,1.399961300675456677e+01,6.143162688295148222e+00,1.399961267944930654e+01,1.449223373128916137e-05,1.394707540575060278e+01,2.700000000000000178e+00
1.020368083707305640e-01,1.399961301103159350e+01,6.134692483007575525e+00,1.399961268401255055e+01,1.449110686735366471e-05,1.394707541099541714e+01,2.700000000000000178e+00
1.022368083707304864e-01,1.399961301529899238e+01,6.126241609044626557e+00,1.399961268856479002e+01,1.448998546038637869e-05,1.394707541622838498e+01,2.700000000000000178e+00
1.024368083707304089e-01,1.399961301955651294e+01,6.117810022289031480e+00,1.399961269310585088e+01,1.448886496291379444e-05,1.394707542144927714e+01,2.700000000000000178e+00
1.026368083707303314e-01,1.399961302380436479e+01,6.109397678726262271e+00,1.399961269763590899e+01,1.448774742129899096e-05,1.394707542665829791e+01,2.700000000000000178e+00
1.028368083707302538e-01,1.399961302804247509e+01,6.101004534432845183e+00,1.399961270215491282e+01,1.448663215342094190e-05,1.394707543185539045e+01,2.700000000000000178e+00
1.030368083707301763e-01,1.399961303227102682e+01,6.092630545588289870e+00,1.399961270666307023e+01,1.448552029614802450e-05,1.394707543704072528e+01,2.700000000000000178e+00
1.032368083707300987e-01,1.399961303648987609e+01,6.084275668481333277e+00,1.399961271116019645e+01,1.448441207685391419e-05,1.394707544221418161e+01,2.700000000000000178e+00
1.034368083707300212e-01,1.399961304069908685e+01,6.075939859490056882e+00,1.399961271564646026e+01,1.448330385755980387e-05,1.394707544737581628e+01,2.700000000000000178e+00
1.036368083707299437e-01,1.399961304489869995e+01,6.067623075089225715e+00,1.399961272012180835e+01,1.448219973099185154e-05,1.394707545252568437e+01,2.700000000000000178e+00
1.038368083707298661e-01,1.399961304908869941e+01,6.059325271863789553e+00,1.399961272458628336e+01,1.448109742341330275e-05,1.394707545766376811e+01,2.700000000000000178e+00
1.040368083707297886e-01,1.399961305326919714e+01,6.051046406499251518e+00,1.399961272904001142e+01,1.447999784431885928e-05,1.394707546279018295e+01,2.700000000000000178e+00
1.042368083707297111e-01,1.399961305744005635e+01,6.042786435767221853e+00,1.399961273348285751e+01,1.447889985684014391e-05,1.394707546790480635e+01,2.700000000000000178e+00
1.044368083707296335e-01,1.399961306160143693e+01,6.034545316545846028e+00,1.399961273791496730e+01,1.447780573471391108e-05,1.394707547300778927e+01,2.700000000000000178e+00
1.046368083707295560e-01,1.399961306575336017e+01,6.026323005812455946e+00,1.399961274233641184e+01,1.447671274945605546e-05,1.394707547809917614e+01,2.700000000000000178e+00
1.048368083707294784e-01,1.399961306989579768e+01,6.018119460638345686e+00,1.399961274674708100e+01,1.447562453904538415e-05,1.394707548317892787e+01,2.700000000000000178e+00
1.050368083707294009e-01,1.399961307402882582e+01,6.009934638194018852e+00,1.399961275114713288e+01,1.447453928449249361e-05,1.394707548824712973e+01,2.700000000000000178e+00
1.052368083707293234e-01,1.399961307815227762e+01,6.001768495746085286e+00,1.399961275553644491e+01,1.447345198357652407e-05,1.394707549330362539e+01,2.700000000000000178e+00
1.054368083707292458e-01,1.399961308226644086e+01,5.993620990668529380e+00,1.399961275991524090e+01,1.447237082174979150e-05,1.394707549834869553e+01,2.700000000000000178e+00
1.056368083707291683e-01,1.399961308637117163e+01,5.985492080422345929e+00,1.399961276428340007e+01,1.447129056941776071e-05,1.394707550338221402e+01,2.700000000000000178e+00
1.058368083707290908e-01,1.399961309046654279e+01,5.977381722570553890e+00,1.399961276864103077e+01,1.447021304556983523e-05,1.394707550840425192e+01,2.700000000000000178e+00
1.060368083707290132e-01,1.399961309455251879e+01,5.969289874765556725e+00,1.399961277298806017e+01,1.446913938707439229e-05,1.394707551341477902e+01,2.700000000000000178e+00
1.062368083707289357e-01,1.399961309862921333e+01,5.961216494766435225e+00,1.399961277732465170e+01,1.446806732019467745e-05,1.394707551841391791e+01,2.700000000000000178e+00
1.064368083707288581e-01,1.399961310269660153e+01,5.953161540423005604e+00,1.399961278165076806e+01,1.446699616280966438e-05,1.394707552340164369e+01,2.700000000000000178e+00
1.066368083707287806e-01,1.399961310675467452e+01,5.945124969681836902e+00,1.399961278596639325e+01,1.446592932552448474e-05,1.394707552837795106e+01,2.700000000000000178e+00
1.068368083707287031e-01,1.399961311080355131e+01,5.937106740587947407e+00,1.399961279027168359e+01,1.446486430722870864e-05,1.394707553334296612e+01,2.700000000000000178e+00
1.070368083707286255e-01,1.399961311484317505e+01,5.929106811277862654e+00,1.399961279456655383e+01,1.446380338165909052e-05,1.394707553829664448e+01,2.700000000000000178e+00
1.072368083707285480e-01,1.399961311887360260e+01,5.921125139987691632e+00,1.399961279885109988e+01,1.446274382033152506e-05,1.394707554323902698e+01,2.700000000000000178e+00
1.074368083707284705e-01,1.399961312289479665e+01,5.913161685046906868e+00,1.399961280312529865e+01,1.446168539587233681e-05,1.394707554817010831e+01,2.700000000000000178e+00
1.076368083707283929e-01,1.399961312690668791e+01,5.905216404881199921e+00,1.399961280738907021e+01,1.446062856302887667e-05,1.394707555308981206e+01,2.700000000000000178e+00
1.078368083707283154e-01,1.399961313090962278e+01,5.897289258008314050e+00,1.399961281164276095e+01,1.445957673240627628e-05,1.394707555799847754e+01,2.700000000000000178e+00
1.080368083707282378e-01,1.399961313490329573e+01,5.889380203047144491e+00,1.399961281588607420e+01,1.445852558390470222e-05,1.394707556289581518e+01,2.700000000000000178e+00
1.082368083707281603e-01,1.399961313888791636e+01,5.881489198693780729e+00,1.399961282011920360e+01,1.445747943762398791e-05,1.394707556778204172e+01,2.700000000000000178e+00
1.084368083707280828e-01,1.399961314286339764e+01,5.873616203771258704e+00,1.399961282434214738e+01,1.445643306396959815e-05,1.394707557265706299e+01,2.700000000000000178e+00
1.086368083707280052e-01,1.399961314682984082e+01,5.865761177166208817e+00,1.399961282855493749e+01,1.445538964617298916e-05,1.394707557752100868e+01,2.700000000000000178e+00
1.088368083707279277e-01,1.399961315078723878e+01,5.857924077871227375e+00,1.399961283275759527e+01,1.445434963898151182e-05,1.394707558237384681e+01,2.700000000000000178e+00
1.090368083707278501e-01,1.399961315473551515e+01,5.850104864966432672e+00,1.399961283695005854e+01,1.445331008653738536e-05,1.394707558721552942e+01,2.700000000000000178e+00
1.092368083707277726e-01,1.399961315867488310e+01,5.842303497635626286e+00,1.399961284113252979e+01,1.445227485419309232e-05,1.394707559204625369e+01,2.700000000000000178e+00
1.094368083707276951e-01,1.399961316260523958e+01,5.834519935150026981e+00,1.399961284530494687e+01,1.445124121346452739e-05,1.394707559686594323e+01,2.700000000000000178e+00
1.096368083707276175e-01,1.399961316652664678e+01,5.826754136870113676e+00,1.399961284946733464e+01,1.445021030122006778e-05,1.394707560167464422e+01,2.700000000000000178e+00
1.098368083707275400e-01,1.399961317043904785e+01,5.819006062263365919e+00,1.399961285361969310e+01,1.444918098059133627e-05,1.394707560647232292e+01,2.700000000000000178e+00
1.100368083707274625e-01,1.399961317434253516e+01,5.811275670860934994e+00,1.399961285776207021e+01,1.444815416107303463e-05,1.394707561125906459e+01,2.700000000000000178e+00
1.102368083707273849e-01,1.399961317823712470e+01,5.803562922316094053e+00,1.399961286189451215e+01,1.444712984266516287e-05,1.394707561603488877e+01,2.700000000000000178e+00
1.104368083707273074e-01,1.399961318212278627e+01,5.795867776357075840e+00,1.399961286601701183e+01,1.444610779799404554e-05,1.394707562079977414e+01,2.700000000000000178e+00
1.106368083707272298e-01,1.399961318599966553e+01,5.788190192815926061e+00,1.399961287012968114e+01,1.444508848180703353e-05,1.394707562555387526e+01,2.700000000000000178e+00
1.108368083707271523e-01,1.399961318986757242e+01,5.780530131608419886e+00,1.399961287423237799e+01,1.444407052986207418e-05,1.394707563029700026e+01,2.700000000000000178e+00
1.110368083707270748e-01,1.399961319372675028e+01,5.772887552741468475e+00,1.399961287832529777e+01,1.444305621589592192e-05,1.394707563502939607e+01,2.700000000000000178e+00
1.112368083707269972e-01,1.399961319757709077e+01,5.765262416316178751e+00,1.399961288240839608e+01,1.444204326617182232e-05,1.394707563975096321e+01,2.700000000000000178e+00
1.114368083707269197e-01,1.399961320141865251e+01,5.757654682525168433e+00,1.399961288648169955e+01,1.444103349967917893e-05,1.394707564446176917e+01,2.700000000000000178e+00
1.116368083707268422e-01,1.399961320525145325e+01,5.750064311645903814e+00,1.399961289054524194e+01,1.444002600692328997e-05,1.394707564916181930e+01,2.700000000000000178e+00
1.118368083707267646e-01,1.399961320907546991e+01,5.742491264054288891e+00,1.399961289459903035e+01,1.443901874154107645e-05,1.394707565385110648e+01,2.700000000000000178e+00
1.120368083707266871e-01,1.399961321289077176e+01,5.734935500211646442e+00,1.399961289864309322e+01,1.443801716050074901e-05,1.394707565852971420e+01,2.700000000000000178e+00
1.122368083707266095e-01,1.399961321669741388e+01,5.727396980676179972e+00,1.399961290267755132e+01,1.443701557946042158e-05,1.394707566319768155e+01,2.700000000000000178e+00
1.124368083707265320e-01,1.399961322049532875e+01,5.719875666090503685e+00,1.399961290670229630e+01,1.443601672690419946e-05,1.394707566785496589e+01,2.700000000000000178e+00
1.126368083707264545e-01,1.399961322428461052e+01,5.712371517185039771e+00,1.399961291071741520e+01,1.443502060283208266e-05,1.394707567250165248e+01,2.700000000000000178e+00
1.128368083707263769e-01,1.399961322806508868e+01,5.704884494781861548e+00,1.399961291472282277e+01,1.443402516088099219e-05,1.394707567713757612e+01,2.700000000000000178e+00
1.130368083707262994e-01,1.399961323183712203e+01,5.697414559797293165e+00,1.399961291871877478e+01,1.443303381165605970e-05,1.394707568176310453e+01,2.700000000000000178e+00
1.132368083707262219e-01,1.399961323560054183e+01,5.689961673223679739e+00,1.399961292270518065e+01,1.443204450879420619e-05,1.394707568637806894e+01,2.700000000000000178e+00
1.134368083707261443e-01,1.399961323935521484e+01,5.682525796164245691e+00,1.399961292668190538e+01,1.443105543330602814e-05,1.394707569098234501e+01,2.700000000000000178e+00
1.136368083707260668e-01,1.399961324310145017e+01,5.675106889793717357e+00,1.399961293064920476e+01,1.443007295165443793e-05,1.394707569557624716e+01,2.700000000000000178e+00
1.138368083707259892e-01,1.399961324683905239e+01,5.667704915377848707e+00,1.399961293460699530e+01,1.442908796889241785e-05,1.394707570015957820e+01,2.700000000000000178e+00
1.140368083707259117e-01,1.399961325056826134e+01,5.660319834274329054e+00,1.399961293855543865e+01,1.442810798835125752e-05,1.394707570473258684e+01,2.700000000000000178e+00
1.142368083707258342e-01,1.399961325428882830e+01,5.652951607925466249e+00,1.399961294249432520e+01,1.442712868993112352e-05,1.394707570929502616e+01,2.700000000000000178e+00
1.144368083707257566e-01,1.399961325800094869e+01,5.645600197870186854e+00,1.399961294642381660e+01,1.442615439373184927e-05,1.394707571384709333e+01,2.700000000000000178e+00
1.146368083707256791e-01,1.399961326170464382e+01,5.638265565722326400e+00,1.399961295034399811e+01,1.442518055227992591e-05,1.394707571838882743e+01,2.700000000000000178e+00
1.148368083707256015e-01,1.399961326539979289e+01,5.630947673191236902e+00,1.399961295425472940e+01,1.442420762032270432e-05,1.394707572292009701e+01,2.700000000000000178e+00
1.150368083707255240e-01,1.399961326908655579e+01,5.623646482077568010e+00,1.399961295815614903e+01,1.442323832634428982e-05,1.394707572744107438e+01,2.700000000000000178e+00
1.152368083707254465e-01,1.399961327276496270e+01,5.616361954259505573e+00,1.399961296204831918e+01,1.442227153347630519e-05,1.394707573195179329e+01,2.700000000000000178e+00
1.154368083707253689e-01,1.399961327643483600e+01,5.609094051704065720e+00,1.399961296593109772e+01,1.442130565010302234e-05,1.394707573645207077e+01,2.700000000000000178e+00
1.156368083707252914e-01,1.399961328009647410e+01,5.601842736469301087e+00,1.399961296980470316e+01,1.442034385945589747e-05,1.394707574094223013e+01,2.700000000000000178e+00
1.158368083707252139e-01,1.399961328374964786e+01,5.594607970700087307e+00,1.399961297366897206e+01,1.441938320567714982e-05,1.394707574542202266e+01,2.700000000000000178e+00
1.160368083707251363e-01,1.399961328739452249e+01,5.587389716620640101e+00,1.399961297752408917e+01,1.441842459826148115e-05,1.394707574989163845e+01,2.700000000000000178e+00
1.162368083707250588e-01,1.399961329103109797e+01,5.580187936554233730e+00,1.399961298137003674e+01,1.441746758246154059e-05,1.394707575435106683e+01,2.700000000000000178e+00
1.164368083707249812e-01,1.399961329465934234e+01,5.573002592898190777e+00,1.399961298520674191e+01,1.441651488676143344e-05,1.394707575880029005e+01,2.700000000000000178e+00
1.166368083707249037e-01,1.399961329827931067e+01,5.565833648141759404e+00,1.399961298903434503e+01,1.441556241843500175e-05,1.394707576323936493e+01,2.700000000000000178e+00
1.168368083707248262e-01,1.399961330189100650e+01,5.558681064854138043e+00,1.399961299285283189e+01,1.441461176909797359e-05,1.394707576766829504e+01,2.700000000000000178e+00
1.170368083707247486e-01,1.399961330549454175e+01,5.551544805694529572e+00,1.399961299666226466e+01,1.441366543986077886e-05,1.394707577208720295e+01,2.700000000000000178e+00
1.172368083707246711e-01,1.399961330908980628e+01,5.544424833408296394e+00,1.399961300046260249e+01,1.441272002011828590e-05,1.394707577649597141e+01,2.700000000000000178e+00
1.174368083707245936e-01,1.399961331267675924e+01,5.537321110823373971e+00,1.399961300425378496e+01,1.441177550987049472e-05,1.394707578089457911e+01,2.700000000000000178e+00
1.176368083707245160e-01,1.399961331625574701e+01,5.530233600857785703e+00,1.399961300803613717e+01,1.441083554709621239e-05,1.394707578528336356e+01,2.700000000000000178e+00
1.178368083707244385e-01,1.399961331982638235e+01,5.523162266503224060e+00,1.399961301180933049e+01,1.440989626644295640e-05,1.394707578966194994e+01,2.700000000000000178e+00
1.180368083707243609e-01,1.399961332338889974e+01,5.516107070844047833e+00,1.399961301557357984e+01,1.440895948690013029e-05,1.394707579403057984e+01,2.700000000000000178e+00
1.182368083707242834e-01,1.399961332694327432e+01,5.509067977047216402e+00,1.399961301932883906e+01,1.440802452634670772e-05,1.394707579838921774e+01,2.700000000000000178e+00
1.184368083707242059e-01,1.399961333048957890e+01,5.502044948366191512e+00,1.399961302307521116e+01,1.440709274902474135e-05,1.394707580273795422e+01,2.700000000000000178e+00
1.186368083707241283e-01,1.399961333402776020e+01,5.495037948134464223e+00,1.399961302681268016e+01,1.440616097170277499e-05,1.394707580707673600e+01,2.700000000000000178e+00
1.188368083707240508e-01,1.399961333755789283e+01,5.488046939768803867e+00,1.399961303054124251e+01,1.440523305973329116e-05,1.394707581140564656e+01,2.700000000000000178e+00
1.190368083707239732e-01,1.399961334108003008e+01,5.481071886772036272e+00,1.399961303426101722e+01,1.440430719412688632e-05,1.394707581572472854e+01,2.700000000000000178e+00
1.192368083707238957e-01,1.399961334459407247e+01,5.474112752729886289e+00,1.399961303797188172e+01,1.440338496649928857e-05,1.394707582003390200e+01,2.700000000000000178e+00
1.194368083707238182e-01,1.399961334810006797e+01,5.467169501309617097e+00,1.399961304167392662e+01,1.440246205675066449e-05,1.394707582433321669e+01,2.700000000000000178e+00
1.196368083707237406e-01,1.399961335159810716e+01,5.460242096263523415e+00,1.399961304536721229e+01,1.440154187548614573e-05,1.394707582862276496e+01,2.700000000000000178e+00
1.198368083707236631e-01,1.399961335508801952e+01,5.453330501424733967e+00,1.399961304905161086e+01,1.440062305846367963e-05,1.394707583290237451e+01,2.700000000000000178e+00
1.200368083707235856e-01,1.399961335857019051e+01,5.446434680709669074e+00,1.399961305272744028e+01,1.439970833416737150e-05,1.394707583717244681e+01,2.700000000000000178e+00
1.202368083707235080e-01,1.399961336204421691e+01,5.439554598119799245e+00,1.399961305639434705e+01,1.439879451936576515e-05,1.394707584143256973e+01,2.700000000000000178e+00
1.204368083707234305e-01,1.399961336551048241e+01,5.432690217733655125e+00,1.399961306005272021e+01,1.439788411516929045e-05,1.394707584568313763e+01,2.700000000000000178e+00
1.206368083707233529e-01,1.399961336896878983e+01,5.425841503712607761e+00,1.399961306370238212e+01,1.439697462046751752e-05,1.394707584992396043e+01,2.700000000000000178e+00
1.208368083707232754e-01,1.399961337241911252e+01,5.419008420307608986e+00,1.399961306734326349e+01,1.439606785424984992e-05,1.394707585415501150e+01,2.700000000000000178e+00
1.210368083707231979e-01,1.399961337586158194e+01,5.412190931832868479e+00,1.399961307097556151e+01,1.439516063328483142e-05,1.394707585837643293e+01,2.700000000000000178e+00
1.212368083707231203e-01,1.399961337929627625e+01,5.405389002711780577e+00,1.399961307459928861e+01,1.439425955140904989e-05,1.394707586258829402e+01,2.700000000000000178e+00
1.214368083707230428e-01,1.399961338272301070e+01,5.398602597425454341e+00,1.399961307821433643e+01,1.439335665054386482e-05,1.394707586679042244e+01,2.700000000000000178e+00
1.216368083707229653e-01,1.399961338614204465e+01,5.391831680544914462e+00,1.399961308182091102e+01,1.439245806977851316e-05,1.394707587098308821e+01,2.700000000000000178e+00
1.218368083707228877e-01,1.399961338955325374e+01,5.385076216721232711e+00,1.399961308541891825e+01,1.439156108062888961e-05,1.394707587516616165e+01,2.700000000000000178e+00
1.220368083707228102e-01,1.399961339295663620e+01,5.378336170686850437e+00,1.399961308900834211e+01,1.439066568309499417e-05,1.394707587933963566e+01,2.700000000000000178e+00
1.222368083707227326e-01,1.399961339635229507e+01,5.371611507253471807e+00,1.399961309258927855e+01,1.438977528778195847e-05,1.394707588350364169e+01,2.700000000000000178e+00
1.224368083707226551e-01,1.399961339974021257e+01,5.364902191311998081e+00,1.399961309616180749e+01,1.438888352822687011e-05,1.394707588765814421e+01,2.700000000000000178e+00
1.226368083707225776e-01,1.399961340312030700e+01,5.358208187837437464e+00,1.399961309972573531e+01,1.438799472452956252e-05,1.394707589180308283e+01,2.700000000000000178e+00
1.228368083707225000e-01,1.399961340649276131e+01,5.351529461881619376e+00,1.399961310328129471e+01,1.438710842194268480e-05,1.394707589593862096e+01,2.700000000000000178e+00
1.230368083707224225e-01,1.399961340985750091e+01,5.344865978576250676e+00,1.399961310682843063e+01,1.438622302885050885e-05,1.394707590006471243e+01,2.700000000000000178e+00
1.232368083707223450e-01,1.399961341321448494e+01,5.338217703131158842e+00,1.399961311036709866e+01,1.438533945474773645e-05,1.394707590418131282e+01,2.700000000000000178e+00
1.234368083707222674e-01,1.399961341656396741e+01,5.331584600841947186e+00,1.399961311389752083e+01,1.438446020074479748e-05,1.394707590828867083e+01,2.700000000000000178e+00
1.236368083707221899e-01,1.399961341990565522e+01,5.324966637076193443e+00,1.399961311741948400e+01,1.438357958249980584e-05,1.394707591238650757e+01,2.700000000000000178e+00
1.238368083707221123e-01,1.399961342323984326e+01,5.318363777286248428e+00,1.399961312093315691e+01,1.438270578546507750e-05,1.394707591647512679e+01,2.700000000000000178e+00
1.240368083707220348e-01,1.399961342656636099e+01,5.311775986996400079e+00,1.399961312443851646e+01,1.438183039681462105e-05,1.394707592055434553e+01,2.700000000000000178e+00
1.242368083707219573e-01,1.399961342988527591e+01,5.305203231818952148e+00,1.399961312793555912e+01,1.438095750927459449e-05,1.394707592462425083e+01,2.700000000000000178e+00
1.244368083707218797e-01,1.399961343319659868e+01,5.298645477434877016e+00,1.399961313142431152e+01,1.438008575860294513e-05,1.394707592868484092e+01,2.700000000000000178e+00
1.246368083707218022e-01,1.399961343650043410e+01,5.292102689609724742e+00,1.399961313490487491e+01,1.437921901015215553e-05,1.394707593273623658e+01,2.700000000000000178e+00
1.248368083707217246e-01,1.399961343979669337e+01,5.285574834186596682e+00,1.399961313837719246e+01,1.437835067008563783e-05,1.394707593677834900e+01,2.700000000000000178e+00
1.250368083707217026e-01,1.399961344308533562e+01,5.279061877082125598e+00,1.399961314184118599e+01,1.437748596799792722e-05,1.394707594081114266e+01,2.700000000000000178e+00
1.252368083707219026e-01,1.399961344636664506e+01,5.272563784297106260e+00,1.399961314529715395e+01,1.437662444914167281e-05,1.394707594483490887e+01,2.700000000000000178e+00
1.254368083707221027e-01,1.399961344964036236e+01,5.266080521911622014e+00,1.399961314874488316e+01,1.437576293028541841e-05,1.394707594884938473e+01,2.700000000000000178e+00
1.256368083707223027e-01,1.399961345290656389e+01,5.259612056067959784e+00,1.399961315218441271e+01,1.437490436728694476e-05,1.394707595285466084e+01,2.700000000000000178e+00
1.258368083707225027e-01,1.399961345616543085e+01,5.253158353001562197e+00,1.399961315561589004e+01,1.437404830539890099e-05,1.394707595685090951e+01,2.700000000000000178e+00
1.260368083707227027e-01,1.399961345941672519e+01,5.246719379018665919e+00,1.399961315903919434e+01,1.437319178876350634e-05,1.394707596083789980e+01,2.700000000000000178e+00
1.262368083707229027e-01,1.399961346266072582e+01,5.240295100504821946e+00,1.399961316245449261e+01,1.437233959222794510e-05,1.394707596481591949e+01,2.700000000000000178e+00
1.264368083707231027e-01,1.399961346589728528e+01,5.233885483918572668e+00,1.399961316586169424e+01,1.437148989680281375e-05,1.394707596878482647e+01,2.700000000000000178e+00
1.266368083707233028e-01,1.399961346912649773e+01,5.227490495798724268e+00,1.399961316926091470e+01,1.437064020137768239e-05,1.394707597274471489e+01,2.700000000000000178e+00
1.268368083707235028e-01,1.399961347234818199e+01,5.221110102759523031e+00,1.399961317265193195e+01,1.436979232494195458e-05,1.394707597669540533e+01,2.700000000000000178e+00
1.270368083707237028e-01,1.399961347556267555e+01,5.214744271491023930e+00,1.399961317603509592e+01,1.436894831385870930e-05,1.394707598063723886e+01,2.700000000000000178e+00
1.272368083707239028e-01,1.399961347876974749e+01,5.208392968757105557e+00,1.399961317941021832e+01,1.436810407540178858e-05,1.394707598456999342e+01,2.700000000000000178e+00
1.274368083707241028e-01,1.399961348196957189e+01,5.202056161398416201e+00,1.399961318277740574e+01,1.436726415704470128e-05,1.394707598849384667e+01,2.700000000000000178e+00
1.276368083707243029e-01,1.399961348516198001e+01,5.195733816337043898e+00,1.399961318613657468e+01,1.436642355656658765e-05,1.394707599240862628e+01,2.700000000000000178e+00
1.278368083707245029e-01,1.399961348834714947e+01,5.189425900552699034e+00,1.399961318948785127e+01,1.436558613931993023e-05,1.394707599631451878e+01,2.700000000000000178e+00
1.280368083707247029e-01,1.399961349152513357e+01,5.183132381134725186e+00,1.399961319283130656e+01,1.436475145055737812e-05,1.394707600021158989e+01,2.700000000000000178e+00
1.282368083707249029e-01,1.399961349469575644e+01,5.176853225215360510e+00,1.399961319616676647e+01,1.436391744391585235e-05,1.394707600409965309e+01,2.700000000000000178e+00
1.284368083707251029e-01,1.399961349785920461e+01,5.170588400015112995e+00,1.399961319949442284e+01,1.436308571101108100e-05,1.394707600797889846e+01,2.700000000000000178e+00
1.286368083707253029e-01,1.399961350101539992e+01,5.164337872824611431e+00,1.399961320281421173e+01,1.436225488760101143e-05,1.394707601184925849e+01,2.700000000000000178e+00
1.288368083707255030e-01,1.399961350416443295e+01,5.158101611013134580e+00,1.399961320612619708e+01,1.436142770216974895e-05,1.394707601571082733e+01,2.700000000000000178e+00
1.290368083707257030e-01,1.399961350730624687e+01,5.151879582024293747e+00,1.399961320943035581e+01,1.436060097148583736e-05,1.394707601956356235e+01,2.700000000000000178e+00
1.292368083707259030e-01,1.399961351044097668e+01,5.145671753372815793e+00,1.399961321272679271e+01,1.435977856090175919e-05,1.394707602340757902e+01,2.700000000000000178e+00
1.294368083707261030e-01,1.399961351356843764e+01,5.139478092649117258e+00,1.399961321601536746e+01,1.435895615031768102e-05,1.394707602724271034e+01,2.700000000000000178e+00
1.296368083707263030e-01,1.399961351668875587e+01,5.133298567518765232e+00,1.399961321929622571e+01,1.435813328498625197e-05,1.394707603106908067e+01,2.700000000000000178e+00
1.298368083707265030e-01,1.399961351980203261e+01,5.127133145719031226e+00,1.399961322256940299e+01,1.435731451238098089e-05,1.394707603488680370e+01,2.700000000000000178e+00
1.300368083707267031e-01,1.399961352290810446e+01,5.120981795064929898e+00,1.399961322583472523e+01,1.435649983250186779e-05,1.394707603869571244e+01,2.700000000000000178e+00
1.302368083707269031e-01,1.399961352600722897e+01,5.114844483442052336e+00,1.399961322909254591e+01,1.435568560737010557e-05,1.394707604249606980e+01,2.700000000000000178e+00
1.304368083707271031e-01,1.399961352909916457e+01,5.108721178809222607e+00,1.399961323234257904e+01,1.435487229173304513e-05,1.394707604628764130e+01,2.700000000000000178e+00
1.306368083707273031e-01,1.399961353218408888e+01,5.102611849193921856e+00,1.399961323558503601e+01,1.435405943084333558e-05,1.394707605007059747e+01,2.700000000000000178e+00
1.308368083707275031e-01,1.399961353526193264e+01,5.096516462704263617e+00,1.399961323881976583e+01,1.435325066267978400e-05,1.394707605384488680e+01,2.700000000000000178e+00
1.310368083707277032e-01,1.399961353833271183e+01,5.090434987518552390e+00,1.399961324204684665e+01,1.435244416825298686e-05,1.394707605761051816e+01,2.700000000000000178e+00
1.312368083707279032e-01,1.399961354139663605e+01,5.084367391887377075e+00,1.399961324526650053e+01,1.435163903806824237e-05,1.394707606136770828e+01,2.700000000000000178e+00
1.314368083707281032e-01,1.399961354445345485e+01,5.078313644133861438e+00,1.399961324847847166e+01,1.435083504475187510e-05,1.394707606511621556e+01,2.700000000000000178e+00
1.316368083707283032e-01,1.399961354750338138e+01,5.072273712653972311e+00,1.399961325168293769e+01,1.435003377991961315e-05,1.394707606885624607e+01,2.700000000000000178e+00
1.318368083707285032e-01,1.399961355054618828e+01,5.066247565912405548e+00,1.399961325487977604e+01,1.434923160559264943e-05,1.394707607258758308e+01,2.700000000000000178e+00
1.320368083707287032e-01,1.399961355358216331e+01,5.060235172450278540e+00,1.399961325806913237e+01,1.434843534298124723e-05,1.394707607631051438e+01,2.700000000000000178e+00
1.322368083707289033e-01,1.399961355661127271e+01,5.054236500877328453e+00,1.399961326125110084e+01,1.434763817087514326e-05,1.394707608002502397e+01,2.700000000000000178e+00
1.324368083707291033e-01,1.399961355963338860e+01,5.048251519877398508e+00,1.399961326442548604e+01,1.434684372725314461e-05,1.394707608373096264e+01,2.700000000000000178e+00
1.326368083707293033e-01,1.399961356264852164e+01,5.042280198203457964e+00,1.399961326759231106e+01,1.434605132999422494e-05,1.394707608742835880e+01,2.700000000000000178e+00
1.328368083707295033e-01,1.399961356565686899e+01,5.036322504684759060e+00,1.399961327075180328e+01,1.434526006960368250e-05,1.394707609111742208e+01,2.700000000000000178e+00
1.330368083707297033e-01,1.399961356865835249e+01,5.030378408220491870e+00,1.399961327390386323e+01,1.434447176507092081e-05,1.394707609479805832e+01,2.700000000000000178e+00
1.332368083707299034e-01,1.399961357165303966e+01,5.024447877765063630e+00,1.399961327704856728e+01,1.434368482478021178e-05,1.394707609847035101e+01,2.700000000000000178e+00
1.334368083707301034e-01,1.399961357464081679e+01,5.018530882366371237e+00,1.399961328018581064e+01,1.434289947610523086e-05,1.394707610213419002e+01,2.700000000000000178e+00
1.336368083707303034e-01,1.399961357762178160e+01,5.012627391132666865e+00,1.399961328331569810e+01,1.434211526429862715e-05,1.394707610578967127e+01,2.700000000000000178e+00
1.338368083707305034e-01,1.399961358059591099e+01,5.006737373243019817e+00,1.399961328643819769e+01,1.434133150723937433e-05,1.394707610943678411e+01,2.700000000000000178e+00
1.340368083707307034e-01,1.399961358356327068e+01,5.000860797946552694e+00,1.399961328955336981e+01,1.434055275240098126e-05,1.394707611307557471e+01,2.700000000000000178e+00
1.342368083707309034e-01,1.399961358652393884e+01,4.994997634567007516e+00,1.399961329266132104e+01,1.433977445230993908e-05,1.394707611670615321e+01,2.700000000000000178e+00
1.344368083707311035e-01,1.399961358947775203e+01,4.989147852491305102e+00,1.399961329576187019e+01,1.433899683433992323e-05,1.394707612032834909e+01,2.700000000000000178e+00
1.346368083707313035e-01,1.399961359242485770e+01,4.983311421182016865e+00,1.399961329885515759e+01,1.433822285434871446e-05,1.394707612394230800e+01,2.700000000000000178e+00
1.348368083707315035e-01,1.399961359536521854e+01,4.977488310167937691e+00,1.399961330194117792e+01,1.433744978385220747e-05,1.394707612754800508e+01,2.700000000000000178e+00
1.350368083707317035e-01,1.399961359829891805e+01,4.971678489045460836e+00,1.399961330502000223e+01,1.433667875971877947e-05,1.394707613114551847e+01,2.700000000000000178e+00
1.352368083707319035e-01,1.399961360122589937e+01,4.965881927485569669e+00,1.399961330809156834e+01,1.433590955457475502e-05,1.394707613473479491e+01,2.700000000000000178e+00
1.354368083707321035e-01,1.399961360414619804e+01,4.960098595227821150e+00,1.399961331115592422e+01,1.433514171367278323e-05,1.394707613831588411e+01,2.700000000000000178e+00
1.356368083707323036e-01,1.399961360705987090e+01,4.954328462078407824e+00,1.399961331421312138e+01,1.433437614650756586e-05,1.394707614188883404e+01,2.700000000000000178e+00
1.358368083707325036e-01,1.399961360996683979e+01,4.948571497918277551e+00,1.399961331726311897e+01,1.433361194358440116e-05,1.394707614545357366e+01,2.700000000000000178e+00
1.360368083707327036e-01,1.399961361286717221e+01,4.942827672678062001e+00,1.399961332030591343e+01,1.433285069651901722e-05,1.394707614901018289e+01,2.700000000000000178e+00
1.362368083707329036e-01,1.399961361576086105e+01,4.937096956380430335e+00,1.399961332334158470e+01,1.433208853995893151e-05,1.394707615255865107e+01,2.700000000000000178e+00
1.364368083707331036e-01,1.399961361864803422e+01,4.931379319107922932e+00,1.399961332637022693e+01,1.433132933925662655e-05,1.394707615609910434e+01,2.700000000000000178e+00
1.366368083707333037e-01,1.399961362152857980e+01,4.925674731007745777e+00,1.399961332939170511e+01,1.433057195754372515e-05,1.394707615963144498e+01,2.700000000000000178e+00
1.368368083707335037e-01,1.399961362440247292e+01,4.919983162299656598e+00,1.399961333240602457e+01,1.432981684956757817e-05,1.394707616315563925e+01,2.700000000000000178e+00
1.370368083707337037e-01,1.399961362726992142e+01,4.914304583267755433e+00,1.399961333541339492e+01,1.432906265108613297e-05,1.394707616667190742e+01,2.700000000000000178e+00
1.372368083707339037e-01,1.399961363013074944e+01,4.908638964269150584e+00,1.399961333841363320e+01,1.432831095371511765e-05,1.394707617018007006e+01,2.700000000000000178e+00
1.374368083707341037e-01,1.399961363298509021e+01,4.902986275720402354e+00,1.399961334140687619e+01,1.432756084795983043e-05,1.394707617368027641e+01,2.700000000000000178e+00
1.376368083707343037e-01,1.399961363583291529e+01,4.897346488115648988e+00,1.399961334439310612e+01,1.432681210644659586e-05,1.394707617717248915e+01,2.700000000000000178e+00
1.378368083707345038e-01,1.399961363867415010e+01,4.891719572009573191e+00,1.399961334737226437e+01,1.432606336493336130e-05,1.394707618065663901e+01,2.700000000000000178e+00
1.380368083707347038e-01,1.399961364150903265e+01,4.886105498024274851e+00,1.399961335034452681e+01,1.432532053513568826e-05,1.394707618413296757e+01,2.700000000000000178e+00
1.382368083707349038e-01,1.399961364433742617e+01,4.880504236849843025e+00,1.399961335330983481e+01,1.432457725059066433e-05,1.394707618760135226e+01,2.700000000000000178e+00
1.384368083707351038e-01,1.399961364715931822e+01,4.874915759247316238e+00,1.399961335626818126e+01,1.432383351129828952e-05,1.394707619106176466e+01,2.700000000000000178e+00
1.386368083707353038e-01,1.399961364997471591e+01,4.869340036035364250e+00,1.399961335921950401e+01,1.432309409210574813e-05,1.394707619451423142e+01,2.700000000000000178e+00
1.388368083707355038e-01,1.399961365278377734e+01,4.863777038105521200e+00,1.399961336216401087e+01,1.432235512766055763e-05,1.394707619795890352e+01,2.700000000000000178e+00
1.390368083707357039e-01,1.399961365558643145e+01,4.858226736425554471e+00,1.399961336510162013e+01,1.432161820957844611e-05,1.394707620139571702e+01,2.700000000000000178e+00
1.392368083707359039e-01,1.399961365838262140e+01,4.852689102012053723e+00,1.399961336803228029e+01,1.432088424735411536e-05,1.394707620482462040e+01,2.700000000000000178e+00
1.394368083707361039e-01,1.399961366117251771e+01,4.847164105956190738e+00,1.399961337095617608e+01,1.432015028512978461e-05,1.394707620824579308e+01,2.700000000000000178e+00
1.396368083707363039e-01,1.399961366395594098e+01,4.841651719410165811e+00,1.399961337387311033e+01,1.431941814189485740e-05,1.394707621165904676e+01,2.700000000000000178e+00
1.398368083707365039e-01,1.399961366673310437e+01,4.836151913596136609e+00,1.399961337678335482e+01,1.431868713552830741e-05,1.394707621506460526e+01,2.700000000000000178e+00
1.400368083707367040e-01,1.399961366950387998e+01,4.830664659803937333e+00,1.399961337968666264e+01,1.431796022188791540e-05,1.394707621846233181e+01,2.700000000000000178e+00
1.402368083707369040e-01,1.399961367226834774e+01,4.825189929383811638e+00,1.399961338258321319e+01,1.431723330824752338e-05,1.394707622185233298e+01,2.700000000000000178e+00
1.404368083707371040e-01,1.399961367502655207e+01,4.819727693756473030e+00,1.399961338547303669e+01,1.431650935046491213e-05,1.394707622523463719e+01,2.700000000000000178e+00
1.406368083707373040e-01,1.399961367777836685e+01,4.814277924404290587e+00,1.399961338835602120e+01,1.431578516530862544e-05,1.394707622860912721e+01,2.700000000000000178e+00
1.408368083707375040e-01,1.399961368052390220e+01,4.808840592874946474e+00,1.399961339123225557e+01,1.431506279914174229e-05,1.394707623197591850e+01,2.700000000000000178e+00
1.410368083707377040e-01,1.399961368326319366e+01,4.803415670782287705e+00,1.399961339410178240e+01,1.431434179721691180e-05,1.394707623533504837e+01,2.700000000000000178e+00
1.412368083707379041e-01,1.399961368599631939e+01,4.798003129804524036e+00,1.399961339696464258e+01,1.431362557013926562e-05,1.394707623868659319e+01,2.700000000000000178e+00
1.414368083707381041e-01,1.399961368872317102e+01,4.792602941685585094e+00,1.399961339982080588e+01,1.431290775144589134e-05,1.394707624203045526e+01,2.700000000000000178e+00
1.416368083707383041e-01,1.399961369144373791e+01,4.787215078228201470e+00,1.399961340267022969e+01,1.431219243386294693e-05,1.394707624536662749e+01,2.700000000000000178e+00
1.418368083707385041e-01,1.399961369415816748e+01,4.781839511315448377e+00,1.399961340551303834e+01,1.431147984476410784e-05,1.394707624869524842e+01,2.700000000000000178e+00
1.420368083707387041e-01,1.399961369686634249e+01,4.776476212871254567e+00,1.399961340834918211e+01,1.431076657354424242e-05,1.394707625201622747e+01,2.700000000000000178e+00
1.422368083707389042e-01,1.399961369956831803e+01,4.771125154899587884e+00,1.399961341117865210e+01,1.431005512131378055e-05,1.394707625532959838e+01,2.700000000000000178e+00
1.424368083707391042e-01,1.399961370226424506e+01,4.765786309463803327e+00,1.399961341400159398e+01,1.430934844393050298e-05,1.394707625863552813e+01,2.700000000000000178e+00
1.426368083707393042e-01,1.399961370495384827e+01,4.760459648691080403e+00,1.399961341681780524e+01,1.430864131179987453e-05,1.394707626193374317e+01,2.700000000000000178e+00
1.428368083707395042e-01,1.399961370763745983e+01,4.755145144774028942e+00,1.399961341962757366e+01,1.430793531653762329e-05,1.394707626522457211e+01,2.700000000000000178e+00
1.430368083707397042e-01,1.399961371031486124e+01,4.749842769966400091e+00,1.399961342243067186e+01,1.430723182238580193e-05,1.394707626850780890e+01,2.700000000000000178e+00
1.432368083707399042e-01,1.399961371298618396e+01,4.744552496586335266e+00,1.399961342522725616e+01,1.430652923772868235e-05,1.394707627178357967e+01,2.700000000000000178e+00
1.434368083707401043e-01,1.399961371565137824e+01,4.739274297015213300e+00,1.399961342801728037e+01,1.430582847206096631e-05,1.394707627505185243e+01,2.700000000000000178e+00
1.436368083707403043e-01,1.399961371831051871e+01,4.734008143697489679e+00,1.399961343080081733e+01,1.430512975275632925e-05,1.394707627831268759e+01,2.700000000000000178e+00
1.438368083707405043e-01,1.399961372096366574e+01,4.728754009139939818e+00,1.399961343357792209e+01,1.430443239769374486e-05,1.394707628156615442e+01,2.700000000000000178e+00
1.440368083707407043e-01,1.399961372361067014e+01,4.723511865912789709e+00,1.399961343634843480e+01,1.430373708899423946e-05,1.394707628481211614e+01,2.700000000000000178e+00
1.442368083707409043e-01,1.399961372625170952e+01,4.718281686646996320e+00,1.399961343911256328e+01,1.430304314453678671e-05,1.394707628805073973e+01,2.700000000000000178e+00
1.444368083707411043e-01,1.399961372888659028e+01,4.713063444039304883e+00,1.399961344187011036e+01,1.430234988220036030e-05,1.394707629128184934e+01,2.700000000000000178e+00
1.446368083707413044e-01,1.399961373151551136e+01,4.707857110844648751e+00,1.399961344462126966e+01,1.430165866622701287e-05,1.394707629450562791e+01,2.700000000000000178e+00
1.448368083707415044e-01,1.399961373413842125e+01,4.702662659886770236e+00,1.399961344736600743e+01,1.430096813237469178e-05,1.394707629772203816e+01,2.700000000000000178e+00
1.450368083707417044e-01,1.399961373675541054e+01,4.697480064043823234e+00,1.399961345010438585e+01,1.430028100912750233e-05,1.394707630093117778e+01,2.700000000000000178e+00
1.452368083707419044e-01,1.399961373936637266e+01,4.692309296254164153e+00,1.399961345283629655e+01,1.429959502274869010e-05,1.394707630413294197e+01,2.700000000000000178e+00
1.454368083707421044e-01,1.399961374197145858e+01,4.687150329533272597e+00,1.399961345556195447e+01,1.429890903636987787e-05,1.394707630732747994e+01,2.700000000000000178e+00
1.456368083707423045e-01,1.399961374457046581e+01,4.682003136942737953e+00,1.399961345828110026e+01,1.429822532372782007e-05,1.394707631051458741e+01,2.700000000000000178e+00
1.458368083707425045e-01,1.399961374716363238e+01,4.676867691609036370e+00,1.399961346099395243e+01,1.429754615855927113e-05,1.394707631369451661e+01,2.700000000000000178e+00
1.460368083707427045e-01,1.399961374975084993e+01,4.671743966725376396e+00,1.399961346370047188e+01,1.429686517440131865e-05,1.394707631686716098e+01,2.700000000000000178e+00
1.462368083707429045e-01,1.399961375233215577e+01,4.666631935539564680e+00,1.399961346640068705e+01,1.429618555448541883e-05,1.394707632003254894e+01,2.700000000000000178e+00
1.464368083707431045e-01,1.399961375490757831e+01,4.661531571364985638e+00,1.399961346909457305e+01,1.429550957254832610e-05,1.394707632319072133e+01,2.700000000000000178e+00
1.466368083707433045e-01,1.399961375747708381e+01,4.656442847571444332e+00,1.399961347178214943e+01,1.429483472747961059e-05,1.394707632634165861e+01,2.700000000000000178e+00
1.468368083707435046e-01,1.399961376004085345e+01,4.651365737596912631e+00,1.399961347446358140e+01,1.429416101927927230e-05,1.394707632948551890e+01,2.700000000000000178e+00
1.470368083707437046e-01,1.399961376259858525e+01,4.646300214930779049e+00,1.399961347713860782e+01,1.429348685633158311e-05,1.394707633262203217e+01,2.700000000000000178e+00
1.472368083707439046e-01,1.399961376515061851e+01,4.641246253130162813e+00,1.399961347980747384e+01,1.429281769560475368e-05,1.394707633575151284e+01,2.700000000000000178e+00
1.474368083707441046e-01,1.399961376769679688e+01,4.636203825810625290e+00,1.399961348247012793e+01,1.429214694326219615e-05,1.394707633887382947e+01,2.700000000000000178e+00
1.476368083707443046e-01,1.399961377023715592e+01,4.631172906644632548e+00,1.399961348512652926e+01,1.429147960152477026e-05,1.394707634198899804e+01,2.700000000000000178e+00
1.478368083707445046e-01,1.399961377277168673e+01,4.626153469368505355e+00,1.399961348777673109e+01,1.429081294190837070e-05,1.394707634509704164e+01,2.700000000000000178e+00
1.480368083707447047e-01,1.399961377530046569e+01,4.621145487779628525e+00,1.399961349042076542e+01,1.429014810128137469e-05,1.394707634819801712e+01,2.700000000000000178e+00
1.482368083707449047e-01,1.399961377782343774e+01,4.616148935729948555e+00,1.399961349305863578e+01,1.428948348802805413e-05,1.394707635129188539e+01,2.700000000000000178e+00
1.484368083707451047e-01,1.399961378034065440e+01,4.611163787134741732e+00,1.399961349569032443e+01,1.428882228537986521e-05,1.394707635437868554e+01,2.700000000000000178e+00
1.486368083707453047e-01,1.399961378285221869e+01,4.606190015966028284e+00,1.399961349831596102e+01,1.428816244697372895e-05,1.394707635745854546e+01,2.700000000000000178e+00
1.488368083707455047e-01,1.399961378535797962e+01,4.601227596266694420e+00,1.399961350093541945e+01,1.428750442755699623e-05,1.394707636053129818e+01,2.700000000000000178e+00
1.490368083707457048e-01,1.399961378785798161e+01,4.596276502117520479e+00,1.399961350354872991e+01,1.428684709026128985e-05,1.394707636359700231e+01,2.700000000000000178e+00
1.492368083707459048e-01,1.399961379035233833e+01,4.591336707677845297e+00,1.399961350615601674e+01,1.428619179932866246e-05,1.394707636665576445e+01,2.700000000000000178e+00
1.494368083707461048e-01,1.399961379284100182e+01,4.586408187154802363e+00,1.399961350875722310e+01,1.428553787263808772e-05,1.394707636970754550e+01,2.700000000000000178e+00
1.496368083707463048e-01,1.399961379532398986e+01,4.581490914820165017e+00,1.399961351135237742e+01,1.428488508281589020e-05,1.394707637275236500e+01,2.700000000000000178e+00
1.498368083707465048e-01,1.399961379780138593e+01,4.576584865003864522e+00,1.399961351394153297e+01,1.428423479410412256e-05,1.394707637579031534e+01,2.700000000000000178e+00
1.500368083707467048e-01,1.399961380027297508e+01,4.571690012090085631e+00,1.399961351652453168e+01,1.428358450539235491e-05,1.394707637882117623e+01,2.700000000000000178e+00
1.502368083707469049e-01,1.399961380273902378e+01,4.566806330526750557e+00,1.399961351910160978e+01,1.428293671779101714e-05,1.394707638184521947e+01,2.700000000000000178e+00
1.504368083707471049e-01,1.399961380519937038e+01,4.561933794816091847e+00,1.399961352167261275e+01,1.428228779332130216e-05,1.394707638486229051e+01,2.700000000000000178e+00
1.506368083707473049e-01,1.399961380765416052e+01,4.557072379516897698e+00,1.399961352423765248e+01,1.428164455319347326e-05,1.394707638787253501e+01,2.700000000000000178e+00
1.508368083707475049e-01,1.399961381010328232e+01,4.552222059255917941e+00,1.399961352679669879e+01,1.428099926670256536e-05,1.394707639087583928e+01,2.700000000000000178e+00
1.510368083707477049e-01,1.399961381254682280e+01,4.547382808709604873e+00,1.399961352934978542e+01,1.428035693606943823e-05,1.394707639387230635e+01,2.700000000000000178e+00
1.512368083707479050e-01,1.399961381498489921e+01,4.542554602610906045e+00,1.399961353189701008e+01,1.427971665179939009e-05,1.394707639686203748e+01,2.700000000000000178e+00
1.514368083707481050e-01,1.399961381741733035e+01,4.537737415755096926e+00,1.399961353443824841e+01,1.427907659490301739e-05,1.394707639984486214e+01,2.700000000000000178e+00
1.516368083707483050e-01,1.399961381984421038e+01,4.532931222993171971e+00,1.399961353697354838e+01,1.427843994861177634e-05,1.394707640282089045e+01,2.700000000000000178e+00
1.518368083707485050e-01,1.399961382226550377e+01,4.528135999234196518e+00,1.399961353950290999e+01,1.427780284757318441e-05,1.394707640579007091e+01,2.700000000000000178e+00
1.520368083707487050e-01,1.399961382468133309e+01,4.523351719442101349e+00,1.399961354202642916e+01,1.427716847501869779e-05,1.394707640875253496e+01,2.700000000000000178e+00
1.522368083707489050e-01,1.399961382709168944e+01,4.518578358641476278e+00,1.399961354454412366e+01,1.427653546670626383e-05,1.394707641170827905e+01,2.700000000000000178e+00
1.524368083707491051e-01,1.399961382949642541e+01,4.513815891910140543e+00,1.399961354705584604e+01,1.427590200364647899e-05,1.394707641465716996e+01,2.700000000000000178e+00
1.526368083707493051e-01,1.399961383189580921e+01,4.509064294395386696e+00,1.399961354956185922e+01,1.427527217856550124e-05,1.394707641759945638e+01,2.700000000000000178e+00
1.528368083707495051e-01,1.399961383428954598e+01,4.504323541270826681e+00,1.399961355206186830e+01,1.427464212611084804e-05,1.394707642053485763e+01,2.700000000000000178e+00
1.530368083707497051e-01,1.399961383667797143e+01,4.499593607799186046e+00,1.399961355455619660e+01,1.427401457476662472e-05,1.394707642346371657e+01,2.700000000000000178e+00
1.532368083707499051e-01,1.399961383906089729e+01,4.494874469284725116e+00,1.399961355704469312e+01,1.427338884241180494e-05,1.394707642638583778e+01,2.700000000000000178e+00
1.534368083707501051e-01,1.399961384143838572e+01,4.490166101090305339e+00,1.399961355952736675e+01,1.427276356480433606e-05,1.394707642930128877e+01,2.700000000000000178e+00
1.536368083707503052e-01,1.399961384381041540e+01,4.485468478636265743e+00,1.399961356200428853e+01,1.427213874194421805e-05,1.394707643221005888e+01,2.700000000000000178e+00
1.538368083707505052e-01,1.399961384617711957e+01,4.480781577395495319e+00,1.399961356447547622e+01,1.427151823918393347e-05,1.394707643511227246e+01,2.700000000000000178e+00
1.540368083707507052e-01,1.399961384853833835e+01,4.476105372899950474e+00,1.399961356694086589e+01,1.427089682692894712e-05,1.394707643800778207e+01,2.700000000000000178e+00
1.542368083707509052e-01,1.399961385089413923e+01,4.471439840738866245e+00,1.399961356940044865e+01,1.427027837053174153e-05,1.394707644089665877e+01,2.700000000000000178e+00
1.544368083707511052e-01,1.399961385324465368e+01,4.466784956553488506e+00,1.399961357185445543e+01,1.426965945938718505e-05,1.394707644377902334e+01,2.700000000000000178e+00
1.546368083707513053e-01,1.399961385558978400e+01,4.462140696045233668e+00,1.399961357430272280e+01,1.426904236723203212e-05,1.394707644665479407e+01,2.700000000000000178e+00
1.548368083707515053e-01,1.399961385792955149e+01,4.457507034961471604e+00,1.399961357674525786e+01,1.426842914042936172e-05,1.394707644952399583e+01,2.700000000000000178e+00
1.550368083707517053e-01,1.399961386026395083e+01,4.452883949115424400e+00,1.399961357918211391e+01,1.426781454938463867e-05,1.394707645238661620e+01,2.700000000000000178e+00
1.552368083707519053e-01,1.399961386259301577e+01,4.448271414371951948e+00,1.399961358161327141e+01,1.426720268682402093e-05,1.394707645524269424e+01,2.700000000000000178e+00
1.554368083707521053e-01,1.399961386491688664e+01,4.443669406649917164e+00,1.399961358403890799e+01,1.426659218850545585e-05,1.394707645809238272e+01,2.700000000000000178e+00
1.556368083707523053e-01,1.399961386723534140e+01,4.439077901922436453e+00,1.399961358645879272e+01,1.426598282705526799e-05,1.394707646093544362e+01,2.700000000000000178e+00
1.558368083707525054e-01,1.399961386954849907e+01,4.434496876219309769e+00,1.399961358887303042e+01,1.426537619408918545e-05,1.394707646377201549e+01,2.700000000000000178e+00
1.560368083707527054e-01,1.399961387185638628e+01,4.429926305624647398e+00,1.399961359128168858e+01,1.426476842425472569e-05,1.394707646660212497e+01,2.700000000000000178e+00
1.562368083707529054e-01,1.399961387415904035e+01,4.425366166277035163e+00,1.399961359368480451e+01,1.426416088179394137e-05,1.394707646942580936e+01,2.700000000000000178e+00
1.564368083707531054e-01,1.399961387645638311e+01,4.420816434371158010e+00,1.399961359608221656e+01,1.426355925104871858e-05,1.394707647224299407e+01,2.700000000000000178e+00
1.566368083707533054e-01,1.399961387874851759e+01,4.416277086151922937e+00,1.399961359847413789e+01,1.426295534656674135e-05,1.394707647505377857e+01,2.700000000000000178e+00
1.568368083707535054e-01,1.399961388103535143e+01,4.411748097924226286e+00,1.399961360086041218e+01,1.426235417056886945e-05,1.394707647785808469e+01,2.700000000000000178e+00
1.570368083707537055e-01,1.399961388331715106e+01,4.407229446036588172e+00,1.399961360324131476e+01,1.426175595042877831e-05,1.394707648065617711e+01,2.700000000000000178e+00
1.572368083707539055e-01,1.399961388559357367e+01,4.402721106906204440e+00,1.399961360561653478e+01,1.426115568392560817e-05,1.394707648344770767e+01,2.700000000000000178e+00
1.574368083707541055e-01,1.399961388786490879e+01,4.398223056992812907e+00,1.399961360798632803e+01,1.426056155651167501e-05,1.394707648623297835e+01,2.700000000000000178e+00
1.576368083707543055e-01,1.399961389013098767e+01,4.393735272815329829e+00,1.399961361035055774e+01,1.425996447323996108e-05,1.394707648901182218e+01,2.700000000000000178e+00
1.578368083707545055e-01,1.399961389239190623e+01,4.389257730943389113e+00,1.399961361270930560e+01,1.425937057319970336e-05,1.394707649178432796e+01,2.700000000000000178e+00
1.580368083707547056e-01,1.399961389464767691e+01,4.384790408001758344e+00,1.399961361506260360e+01,1.425877621841209475e-05,1.394707649455052412e+01,2.700000000000000178e+00
1.582368083707549056e-01,1.399961389689832458e+01,4.380333280667721318e+00,1.399961361741041976e+01,1.425818550160329323e-05,1.394707649731042487e+01,2.700000000000000178e+00
1.584368083707551056e-01,1.399961389914377463e+01,4.375886325671528354e+00,1.399961361975272389e+01,1.425759546691551805e-05,1.394707650006397692e+01,2.700000000000000178e+00
1.586368083707553056e-01,1.399961390138409634e+01,4.371449519797510952e+00,1.399961362208962790e+01,1.425700520485406741e-05,1.394707650281124245e+01,2.700000000000000178e+00
1.588368083707555056e-01,1.399961390361938030e+01,4.367022839882562124e+00,1.399961362442115309e+01,1.425641789865039755e-05,1.394707650555230494e+01,2.700000000000000178e+00
1.590368083707557056e-01,1.399961390584954479e+01,4.362606262818227165e+00,1.399961362674721244e+01,1.425583263880980667e-05,1.394707650828709156e+01,2.700000000000000178e+00
1.592368083707559057e-01,1.399961390807455608e+01,4.358199765544604531e+00,1.399961362906783613e+01,1.425524828846391756e-05,1.394707651101558277e+01,2.700000000000000178e+00
1.594368083707561057e-01,1.399961391029456159e+01,4.353803325057547191e+00,1.399961363138314852e+01,1.425466439286537934e-05,1.394707651373791002e+01,2.700000000000000178e+00
1.596368083707563057e-01,1.399961391250941212e+01,4.349416918403878007e+00,1.399961363369300393e+01,1.425408186150889378e-05,1.394707651645394009e+01,2.700000000000000178e+00
1.598368083707565057e-01,1.399961391471936167e+01,4.345040522686564266e+00,1.399961363599764042e+01,1.425350114914181177e-05,1.394707651916392166e+01,2.700000000000000178e+00
1.600368083707567057e-01,1.399961391692413137e+01,4.340674115055651150e+00,1.399961363829679684e+01,1.425292089152208064e-05,1.394707652186759006e+01,2.700000000000000178e+00
1.602368083707569058e-01,1.399961391912388109e+01,4.336317672715766847e+00,1.399961364059060287e+01,1.425234336238645483e-05,1.394707652456509805e+01,2.700000000000000178e+00
1.604368083707571058e-01,1.399961392131865701e+01,4.331971172923105406e+00,1.399961364287915444e+01,1.425176719749288168e-05,1.394707652725648650e+01,2.700000000000000178e+00
1.606368083707573058e-01,1.399961392350838096e+01,4.327634592986663087e+00,1.399961364516235562e+01,1.425119012310460676e-05,1.394707652994169855e+01,2.700000000000000178e+00
1.608368083707575058e-01,1.399961392569317553e+01,4.323307910265649312e+00,1.399961364744031478e+01,1.425061668669513892e-05,1.394707653262084790e+01,2.700000000000000178e+00
1.610368083707577058e-01,1.399961392787297854e+01,4.318991102175763430e+00,1.399961364971295907e+01,1.425004461452772375e-05,1.394707653529387947e+01,2.700000000000000178e+00
1.612368083707579058e-01,1.399961393004771715e+01,4.314684146177443225e+00,1.399961365198029384e+01,1.424947072337090503e-05,1.394707653796071867e+01,2.700000000000000178e+00
1.614368083707581059e-01,1.399961393221760275e+01,4.310387019782683460e+00,1.399961365424242032e+01,1.424890297130332328e-05,1.394707654062158220e+01,2.700000000000000178e+00
1.616368083707583059e-01,1.399961393438244173e+01,4.306099700560118038e+00,1.399961365649922662e+01,1.424833385499368887e-05,1.394707654327627644e+01,2.700000000000000178e+00
1.618368083707585059e-01,1.399961393654233177e+01,4.301822166128014047e+00,1.399961365875081576e+01,1.424776382918935269e-05,1.394707654592490975e+01,2.700000000000000178e+00
1.620368083707587059e-01,1.399961393869735105e+01,4.297554394153946689e+00,1.399961366099722149e+01,1.424719744136382360e-05,1.394707654856754964e+01,2.700000000000000178e+00
1.622368083707589059e-01,1.399961394084740363e+01,4.293296362357283513e+00,1.399961366323832124e+01,1.424663423676975071e-05,1.394707655120411616e+01,2.700000000000000178e+00
1.624368083707591059e-01,1.399961394299258544e+01,4.289048048508282918e+00,1.399961366547432462e+01,1.424606807631789707e-05,1.394707655383469636e+01,2.700000000000000178e+00
1.626368083707593060e-01,1.399961394513293556e+01,4.284809430428444088e+00,1.399961366770517124e+01,1.424550714546057861e-05,1.394707655645934352e+01,2.700000000000000178e+00
1.628368083707595060e-01,1.399961394726827457e+01,4.280580485988653372e+00,1.399961366993072431e+01,1.424494575985590927e-05,1.394707655907786759e+01,2.700000000000000178e+00
1.630368083707597060e-01,1.399961394939878367e+01,4.276361193110084891e+00,1.399961367215115793e+01,1.424438482899859082e-05,1.394707656169046572e+01,2.700000000000000178e+00
1.632368083707599060e-01,1.399961395152447530e+01,4.272151529767476141e+00,1.399961367436648452e+01,1.424382753612007946e-05,1.394707656429713794e+01,2.700000000000000178e+00
1.634368083707601060e-01,1.399961395364528371e+01,4.267951473984225252e+00,1.399961367657664724e+01,1.424326910637319088e-05,1.394707656689783271e+01,2.700000000000000178e+00
1.636368083707603061e-01,1.399961395576129597e+01,4.263761003831063157e+00,1.399961367878171714e+01,1.424271340511040762e-05,1.394707656949263352e+01,2.700000000000000178e+00
1.638368083707605061e-01,1.399961395787236107e+01,4.259580097430882617e+00,1.399961368098156633e+01,1.424215838596865069e-05,1.394707657208140539e+01,2.700000000000000178e+00
1.640368083707607061e-01,1.399961395997864777e+01,4.255408732956917461e+00,1.399961368317635824e+01,1.424160382157424465e-05,1.394707657466430106e+01,2.700000000000000178e+00
1.642368083707609061e-01,1.399961396208020048e+01,4.251246888629379050e+00,1.399961368536612483e+01,1.424105130354291759e-05,1.394707657724137029e+01,2.700000000000000178e+00
1.644368083707611061e-01,1.399961396417699255e+01,4.247094542725037059e+00,1.399961368755083058e+01,1.424050174136937130e-05,1.394707657981259885e+01,2.700000000000000178e+00
1.646368083707613061e-01,1.399961396626885701e+01,4.242951673563973181e+00,1.399961368973037601e+01,1.423995058758009691e-05,1.394707658237781978e+01,2.700000000000000178e+00
1.648368083707615062e-01,1.399961396835605854e+01,4.238818259519010923e+00,1.399961369190493699e+01,1.423940261702227872e-05,1.394707658493729419e+01,2.700000000000000178e+00
1.650368083707617062e-01,1.399961397043839106e+01,4.234694279008403228e+00,1.399961369407436607e+01,1.423885487383813597e-05,1.394707658749082313e+01,2.700000000000000178e+00
1.652368083707619062e-01,1.399961397251605177e+01,4.230579710505409707e+00,1.399961369623884622e+01,1.423830917701707222e-05,1.394707659003860023e+01,2.700000000000000178e+00
1.654368083707621062e-01,1.399961397458898382e+01,4.226474532527793038e+00,1.399961369839831882e+01,1.423776507181173656e-05,1.394707659258057753e+01,2.700000000000000178e+00
1.656368083707623062e-01,1.399961397665710727e+01,4.222378723642748355e+00,1.399961370055273058e+01,1.423722119398007635e-05,1.394707659511668396e+01,2.700000000000000178e+00
1.658368083707625062e-01,1.399961397872052515e+01,4.218292262474985677e+00,1.399961370270215077e+01,1.423667799826944247e-05,1.394707659764700836e+01,2.700000000000000178e+00
1.660368083707627063e-01,1.399961398077932273e+01,4.214215127682689577e+00,1.399961370484666112e+01,1.423613775841658935e-05,1.394707660017164663e+01,2.700000000000000178e+00
1.662368083707629063e-01,1.399961398283333835e+01,4.210147297976337910e+00,1.399961370698614971e+01,1.423559683644270990e-05,1.394707660269044069e+01,2.700000000000000178e+00
1.664368083707631063e-01,1.399961398488271946e+01,4.206088752125349828e+00,1.399961370912070890e+01,1.423505932507396210e-05,1.394707660520354509e+01,2.700000000000000178e+00
1.666368083707633063e-01,1.399961398692738612e+01,4.202039468941181077e+00,1.399961371125030141e+01,1.423452067683683708e-05,1.394707660771086744e+01,2.700000000000000178e+00
1.668368083707635063e-01,1.399961398896735432e+01,4.197999427283363616e+00,1.399961371337493254e+01,1.423398498445749283e-05,1.394707661021243794e+01,2.700000000000000178e+00
1.670368083707637064e-01,1.399961399100275372e+01,4.193968606059851112e+00,1.399961371549471068e+01,1.423344997419917490e-05,1.394707661270839161e+01,2.700000000000000178e+00
1.672368083707639064e-01,1.399961399303349729e+01,4.189946984226913251e+00,1.399961371760953810e+01,1.423291723767761141e-05,1.394707661519862896e+01,2.700000000000000178e+00
1.674368083707641064e-01,1.399961399505955484e+01,4.185934540788999847e+00,1.399961371971949475e+01,1.423238313691399526e-05,1.394707661768314644e+01,2.700000000000000178e+00
1.676368083707643064e-01,1.399961399708096543e+01,4.181931254800474562e+00,1.399961372182446162e+01,1.423185335625021253e-05,1.394707662016195471e+01,2.700000000000000178e+00
1.678368083707645064e-01,1.399961399909778592e+01,4.177937105359463388e+00,1.399961372392463588e+01,1.423132175659702625e-05,1.394707662263513903e+01,2.700000000000000178e+00
1.680368083707647064e-01,1.399961400111003762e+01,4.173952071615301129e+00,1.399961372601995002e+01,1.423079334017529618e-05,1.394707662510271007e+01,2.700000000000000178e+00
1.682368083707649065e-01,1.399961400311777027e+01,4.169976132761178178e+00,1.399961372811047688e+01,1.423026697011664510e-05,1.394707662756472111e+01,2.700000000000000178e+00
1.684368083707651065e-01,1.399961400512077780e+01,4.166009268041741542e+00,1.399961373019601218e+01,1.422974082743166946e-05,1.394707663002097497e+01,2.700000000000000178e+00
1.686368083707653065e-01,1.399961400711920056e+01,4.162051456748566913e+00,1.399961373227674066e+01,1.422921445737301838e-05,1.394707663247160490e+01,2.700000000000000178e+00
1.688368083707655065e-01,1.399961400911318599e+01,4.158102678217115766e+00,1.399961373435275114e+01,1.422869127054582350e-05,1.394707663491676364e+01,2.700000000000000178e+00
1.690368083707657065e-01,1.399961401110257775e+01,4.154162911832751881e+00,1.399961373642390683e+01,1.422816831109230407e-05,1.394707663735630376e+01,2.700000000000000178e+00
1.692368083707659066e-01,1.399961401308735809e+01,4.150232137026798718e+00,1.399961373849022017e+01,1.422764512426510919e-05,1.394707663979020218e+01,2.700000000000000178e+00
1.694368083707661066e-01,1.399961401506769576e+01,4.146310333278320215e+00,1.399961374055181551e+01,1.422712580279039685e-05,1.394707664221864185e+01,2.700000000000000178e+00
1.696368083707663066e-01,1.399961401704349129e+01,4.142397480113624297e+00,1.399961374260861824e+01,1.422660579919465818e-05,1.394707664464150909e+01,2.700000000000000178e+00
1.698368083707665066e-01,1.399961401901473756e+01,4.138493557106599496e+00,1.399961374466066388e+01,1.422608647771994583e-05,1.394707664705880745e+01,2.700000000000000178e+00
1.700368083707667066e-01,1.399961402098147190e+01,4.134598543874029808e+00,1.399961374670790981e+01,1.422556897523463704e-05,1.394707664947057602e+01,2.700000000000000178e+00
1.702368083707669066e-01,1.399961402294382040e+01,4.130712420080410396e+00,1.399961374875049813e+01,1.422505465598078445e-05,1.394707665187694090e+01,2.700000000000000178e+00
1.704368083707671067e-01,1.399961402490159124e+01,4.126835165439038278e+00,1.399961375078826542e+01,1.422454056410060730e-05,1.394707665427771381e+01,2.700000000000000178e+00
1.706368083707673067e-01,1.399961402685500111e+01,4.122966759707543005e+00,1.399961375282143905e+01,1.422402715434145648e-05,1.394707665667312213e+01,2.700000000000000178e+00
1.708368083707675067e-01,1.399961402880387773e+01,4.119107182691950975e+00,1.399961375484981296e+01,1.422351442670333199e-05,1.394707665906297933e+01,2.700000000000000178e+00
1.710368083707677067e-01,1.399961403074828503e+01,4.115256414242777439e+00,1.399961375687350618e+01,1.422300283593358472e-05,1.394707666144736891e+01,2.700000000000000178e+00
1.712368083707679067e-01,1.399961403268825499e+01,4.111414434255496353e+00,1.399961375889247606e+01,1.422249283677956555e-05,1.394707666382630684e+01,2.700000000000000178e+00
1.714368083707681067e-01,1.399961403462377874e+01,4.107581222670406262e+00,1.399961376090677412e+01,1.422198397449392360e-05,1.394707666619980913e+01,2.700000000000000178e+00
1.716368083707683068e-01,1.399961403655506409e+01,4.103756759476532068e+00,1.399961376291656734e+01,1.422147806806606241e-05,1.394707666856806938e+01,2.700000000000000178e+00
1.718368083707685068e-01,1.399961403848169894e+01,4.099941024707875137e+00,1.399961376492150400e+01,1.422097079739614855e-05,1.394707667093067371e+01,2.700000000000000178e+00
1.720368083707687068e-01,1.399961404040413626e+01,4.096133998446447322e+00,1.399961376692198023e+01,1.422046580046298914e-05,1.394707667328809109e+01,2.700000000000000178e+00
1.722368083707689068e-01,1.399961404232205986e+01,4.092335660812318032e+00,1.399961376891770470e+01,1.421996194039820693e-05,1.394707667564000886e+01,2.700000000000000178e+00
1.724368083707691068e-01,1.399961404423567757e+01,4.088545991980655714e+00,1.399961377090888170e+01,1.421945898982812651e-05,1.394707667798662243e+01,2.700000000000000178e+00
1.726368083707693069e-01,1.399961404614485438e+01,4.084764972163502428e+00,1.399961377289540820e+01,1.421895581188437063e-05,1.394707668032780745e+01,2.700000000000000178e+00
1.728368083707695069e-01,1.399961404804970755e+01,4.080992581622697735e+00,1.399961377487733749e+01,1.421845558979839552e-05,1.394707668266368472e+01,2.700000000000000178e+00
1.730368083707697069e-01,1.399961404995027969e+01,4.077228800663127650e+00,1.399961377685472463e+01,1.421795855094387662e-05,1.394707668499429687e+01,2.700000000000000178e+00
1.732368083707699069e-01,1.399961405184638430e+01,4.073473609636534931e+00,1.399961377882745239e+01,1.421745832885790151e-05,1.394707668731945915e+01,2.700000000000000178e+00
1.734368083707701069e-01,1.399961405373830559e+01,4.069726988939126322e+00,1.399961378079574281e+01,1.421696219949808437e-05,1.394707668963945935e+01,2.700000000000000178e+00
1.736368083707703069e-01,1.399961405562579486e+01,4.065988919009253522e+00,1.399961378275934898e+01,1.421646652488561813e-05,1.394707669195404875e+01,2.700000000000000178e+00
1.738368083707705070e-01,1.399961405750899601e+01,4.062259380329816594e+00,1.399961378471849294e+01,1.421596925865742378e-05,1.394707669426337482e+01,2.700000000000000178e+00
1.740368083707707070e-01,1.399961405938793568e+01,4.058538353434091306e+00,1.399961378667309297e+01,1.421547676727641374e-05,1.394707669656747484e+01,2.700000000000000178e+00
1.742368083707709070e-01,1.399961406126256946e+01,4.054825818894543410e+00,1.399961378862314731e+01,1.421498427589540370e-05,1.394707669886629020e+01,2.700000000000000178e+00
1.744368083707711070e-01,1.399961406313296663e+01,4.051121757330363948e+00,1.399961379056877853e+01,1.421449201188806910e-05,1.394707670115990261e+01,2.700000000000000178e+00
1.746368083707713070e-01,1.399961406499900107e+01,4.047426149402531870e+00,1.399961379250981075e+01,1.421400111212278716e-05,1.394707670344819128e+01,2.700000000000000178e+00
1.748368083707715070e-01,1.399961406686089305e+01,4.043738975819081816e+00,1.399961379444641452e+01,1.421351294084161054e-05,1.394707670573136937e+01,2.700000000000000178e+00
1.750368083707717071e-01,1.399961406871835834e+01,4.040060217327267722e+00,1.399961379637844772e+01,1.421302181370265316e-05,1.394707670800915800e+01,2.700000000000000178e+00
1.752368083707719071e-01,1.399961407057175045e+01,4.036389854723793746e+00,1.399961379830610930e+01,1.421253546141088009e-05,1.394707671028191065e+01,2.700000000000000178e+00
1.754368083707721071e-01,1.399961407242083666e+01,4.032727868847016950e+00,1.399961380022924295e+01,1.421205115548218600e-05,1.394707671254940884e+01,2.700000000000000178e+00
1.756368083707723071e-01,1.399961407426573246e+01,4.029074240578216504e+00,1.399961380214799078e+01,1.421156594005879015e-05,1.394707671481176270e+01,2.700000000000000178e+00
1.758368083707725071e-01,1.399961407610642894e+01,4.025428950844379017e+00,1.399961380406230482e+01,1.421108186150377151e-05,1.394707671706895802e+01,2.700000000000000178e+00
1.760368083707727072e-01,1.399961407794290658e+01,4.021791980613746986e+00,1.399961380597215488e+01,1.421060028405918274e-05,1.394707671932098947e+01,2.700000000000000178e+00
1.762368083707729072e-01,1.399961407977521866e+01,4.018163310899023344e+00,1.399961380787765286e+01,1.421011802449356765e-05,1.394707672156790501e+01,2.700000000000000178e+00
1.764368083707731072e-01,1.399961408160332255e+01,4.014542922756497489e+00,1.399961380977868508e+01,1.420963712917000521e-05,1.394707672380965846e+01,2.700000000000000178e+00
1.766368083707733072e-01,1.399961408342722713e+01,4.010930797282672877e+00,1.399961381167531727e+01,1.420915782546217088e-05,1.394707672604627291e+01,2.700000000000000178e+00
1.768368083707735072e-01,1.399961408524700524e+01,4.007326915615110785e+00,1.399961381356758494e+01,1.420867988599638920e-05,1.394707672827782652e+01,2.700000000000000178e+00
1.770368083707737072e-01,1.399961408706265864e+01,4.003731258953447281e+00,1.399961381545552541e+01,1.420820194653060753e-05,1.394707673050430508e+01,2.700000000000000178e+00
1.772368083707739073e-01,1.399961408887408076e+01,4.000143808521856137e+00,1.399961381733900190e+01,1.420772673554893117e-05,1.394707673272562509e+01,2.700000000000000178e+00
1.774368083707741073e-01,1.399961409068139240e+01,3.996564545587693029e+00,1.399961381921817072e+01,1.420725084244622849e-05,1.394707673494188960e+01,2.700000000000000178e+00
1.776368083707743073e-01,1.399961409248467703e+01,3.992993451465541632e+00,1.399961382109306562e+01,1.420677790520130657e-05,1.394707673715320340e+01,2.700000000000000178e+00
1.778368083707745073e-01,1.399961409428372505e+01,3.989430507513460178e+00,1.399961382296354451e+01,1.420630360371433198e-05,1.394707673935933911e+01,2.700000000000000178e+00
1.780368083707747073e-01,1.399961409607869456e+01,3.985875695129265761e+00,1.399961382482969263e+01,1.420583225808513816e-05,1.394707674156046728e+01,2.700000000000000178e+00
1.782368083707749074e-01,1.399961409786968147e+01,3.982328995753672718e+00,1.399961382669162546e+01,1.420536273144534789e-05,1.394707674375669626e+01,2.700000000000000178e+00
1.784368083707751074e-01,1.399961409965643355e+01,3.978790390872710248e+00,1.399961382854915826e+01,1.420489206793718040e-05,1.394707674594775959e+01,2.700000000000000178e+00
1.786368083707753074e-01,1.399961410143914087e+01,3.975259862010789735e+00,1.399961383040242069e+01,1.420442276867106557e-05,1.394707674813385267e+01,2.700000000000000178e+00
1.788368083707755074e-01,1.399961410321775546e+01,3.971737390734087825e+00,1.399961383225136835e+01,1.420395574314170517e-05,1.394707675031493999e+01,2.700000000000000178e+00
1.790368083707757074e-01,1.399961410499237680e+01,3.968222958657838362e+00,1.399961383409613092e+01,1.420348871761234477e-05,1.394707675249110856e+01,2.700000000000000178e+00
1.792368083707759074e-01,1.399961410676298534e+01,3.964716547432701521e+00,1.399961383593663200e+01,1.420302351107238792e-05,1.394707675466235131e+01,2.700000000000000178e+00
1.794368083707761075e-01,1.399961410852947097e+01,3.961218138753201057e+00,1.399961383777281831e+01,1.420255898665345740e-05,1.394707675682855452e+01,2.700000000000000178e+00
1.796368083707763075e-01,1.399961411029195446e+01,3.957727714354021042e+00,1.399961383960478578e+01,1.420209605385025498e-05,1.394707675898984256e+01,2.700000000000000178e+00
1.798368083707765075e-01,1.399961411205048734e+01,3.954245256015767040e+00,1.399961384143259480e+01,1.420163448528910521e-05,1.394707676114627581e+01,2.700000000000000178e+00
1.800368083707767075e-01,1.399961411380486709e+01,3.950770745554038843e+00,1.399961384325605707e+01,1.420117337147530634e-05,1.394707676329764467e+01,2.700000000000000178e+00
1.802368083707769075e-01,1.399961411555531754e+01,3.947304164831040296e+00,1.399961384507535556e+01,1.420071339452988468e-05,1.394707676544417474e+01,2.700000000000000178e+00
1.804368083707771075e-01,1.399961411730174277e+01,3.943845495748843355e+00,1.399961384689044053e+01,1.420025500920019113e-05,1.394707676758577897e+01,2.700000000000000178e+00
1.806368083707773076e-01,1.399961411904421560e+01,3.940394720251271909e+00,1.399961384870135817e+01,1.419979707861784846e-05,1.394707676972252308e+01,2.700000000000000178e+00
1.808368083707775076e-01,1.399961412078268985e+01,3.936951820322851958e+00,1.399961385050807650e+01,1.419933983015653212e-05,1.394707677185437866e+01,2.700000000000000178e+00
1.810368083707777076e-01,1.399961412251718151e+01,3.933516777989746860e+00,1.399961385231059374e+01,1.419888440068461932e-05,1.394707677398135104e+01,2.700000000000000178e+00
1.812368083707779076e-01,1.399961412424779006e+01,3.930089575317860628e+00,1.399961385410906445e+01,1.419842806171800476e-05,1.394707677610354146e+01,2.700000000000000178e+00
1.814368083707781076e-01,1.399961412597435029e+01,3.926670194416430171e+00,1.399961385590325946e+01,1.419797467860917095e-05,1.394707677822079006e+01,2.700000000000000178e+00
1.816368083707783077e-01,1.399961412769703628e+01,3.923258617433466267e+00,1.399961385769336353e+01,1.419752265974238981e-05,1.394707678033327447e+01,2.700000000000000178e+00
1.818368083707785077e-01,1.399961412941572725e+01,3.919854826557044536e+00,1.399961385947928783e+01,1.419707064087560866e-05,1.394707678244087568e+01,2.700000000000000178e+00
1.820368083707787077e-01,1.399961413113059372e+01,3.916458804019031792e+00,1.399961386126119756e+01,1.419661907675617840e-05,1.394707678454376065e+01,2.700000000000000178e+00
1.822368083707789077e-01,1.399961413284148115e+01,3.913070532089663711e+00,1.399961386303890087e+01,1.419617046849452890e-05,1.394707678664178374e+01,2.700000000000000178e+00
1.824368083707791077e-01,1.399961413454846415e+01,3.909689993078702130e+00,1.399961386481251147e+01,1.419572186023287941e-05,1.394707678873501600e+01,2.700000000000000178e+00
1.826368083707793077e-01,1.399961413625156581e+01,3.906317169338278994e+00,1.399961386658205775e+01,1.419527370671858080e-05,1.394707679082348761e+01,2.700000000000000178e+00
1.828368083707795078e-01,1.399961413795082166e+01,3.902952043259798387e+00,1.399961386834752552e+01,1.419482759956736118e-05,1.394707679290723945e+01,2.700000000000000178e+00
1.830368083707797078e-01,1.399961413964611445e+01,3.899594597278253971e+00,1.399961387010884728e+01,1.419438262928451877e-05,1.394707679498614361e+01,2.700000000000000178e+00
1.832368083707799078e-01,1.399961414133754189e+01,3.896244813863176670e+00,1.399961387186613138e+01,1.419393606738594826e-05,1.394707679706030845e+01,2.700000000000000178e+00
1.834368083707801078e-01,1.399961414302519991e+01,3.892902675523012945e+00,1.399961387361943110e+01,1.419349337083986029e-05,1.394707679912982812e+01,2.700000000000000178e+00
1.836368083707803078e-01,1.399961414470894461e+01,3.889568164812694739e+00,1.399961387536862389e+01,1.419305135641479865e-05,1.394707680119456050e+01,2.700000000000000178e+00
1.838368083707805078e-01,1.399961414638885238e+01,3.886241264324496125e+00,1.399961387711377014e+01,1.419261002411076333e-05,1.394707680325459442e+01,2.700000000000000178e+00
1.840368083707807079e-01,1.399961414806487170e+01,3.882921956690018384e+00,1.399961387885485919e+01,1.419216778231202625e-05,1.394707680530986771e+01,2.700000000000000178e+00
1.842368083707809079e-01,1.399961414973712515e+01,3.879610224578283084e+00,1.399961388059197631e+01,1.419172895111842081e-05,1.394707680736051714e+01,2.700000000000000178e+00
1.844368083707811079e-01,1.399961415140563759e+01,3.876306050702910344e+00,1.399961388232516057e+01,1.419129057467216626e-05,1.394707680940655159e+01,2.700000000000000178e+00
1.846368083707813079e-01,1.399961415307019585e+01,3.873009417812272481e+00,1.399961388405420770e+01,1.419085333509428892e-05,1.394707681144777744e+01,2.700000000000000178e+00
1.848368083707815079e-01,1.399961415473103621e+01,3.869720308694153399e+00,1.399961388577931309e+01,1.419041768713213969e-05,1.394707681348441852e+01,2.700000000000000178e+00
1.850368083707817080e-01,1.399961415638802542e+01,3.866438706181054563e+00,1.399961388750042346e+01,1.418998067492793780e-05,1.394707681551635936e+01,2.700000000000000178e+00
1.852368083707819080e-01,1.399961415804131803e+01,3.863164593138287639e+00,1.399961388921762229e+01,1.418954707332886755e-05,1.394707681754374207e+01,2.700000000000000178e+00
1.854368083707821080e-01,1.399961415969076661e+01,3.859897952473774208e+00,1.399961389093080477e+01,1.418911278960877098e-05,1.394707681956642809e+01,2.700000000000000178e+00
1.856368083707823080e-01,1.399961416133653991e+01,3.856638767132271717e+00,1.399961389264008815e+01,1.418868146174645517e-05,1.394707682158458795e+01,2.700000000000000178e+00
1.858368083707825080e-01,1.399961416297852246e+01,3.853387020098884896e+00,1.399961389434540671e+01,1.418825036125781480e-05,1.394707682359810441e+01,2.700000000000000178e+00
1.860368083707827080e-01,1.399961416461664854e+01,3.850142694399014243e+00,1.399961389604671780e+01,1.418781789652712177e-05,1.394707682560691708e+01,2.700000000000000178e+00
1.862368083707829081e-01,1.399961416625114019e+01,3.846905773094154046e+00,1.399961389774417420e+01,1.418738906977523584e-05,1.394707682761125156e+01,2.700000000000000178e+00
1.864368083707831081e-01,1.399961416788189439e+01,3.843676239283963181e+00,1.399961389943769596e+01,1.418696160726540256e-05,1.394707682961100481e+01,2.700000000000000178e+00
1.866368083707833081e-01,1.399961416950892712e+01,3.840454076110186854e+00,1.399961390112733639e+01,1.418653323526086751e-05,1.394707683160619816e+01,2.700000000000000178e+00
1.868368083707835081e-01,1.399961417113220286e+01,3.837239266752001665e+00,1.399961390281304396e+01,1.418610600012470968e-05,1.394707683359678718e+01,2.700000000000000178e+00
1.870368083707837081e-01,1.399961417275184239e+01,3.834031794425377893e+00,1.399961390449488974e+01,1.418568194822000805e-05,1.394707683558290334e+01,2.700000000000000178e+00
1.872368083707839082e-01,1.399961417436772315e+01,3.830831642385180480e+00,1.399961390617281332e+01,1.418525744156795554e-05,1.394707683756442584e+01,2.700000000000000178e+00
1.874368083707841082e-01,1.399961417597994462e+01,3.827638793923071159e+00,1.399961390784691773e+01,1.418483270754222758e-05,1.394707683954145061e+01,2.700000000000000178e+00
1.876368083707843082e-01,1.399961417758847482e+01,3.824453232371710865e+00,1.399961390951714968e+01,1.418440933775855228e-05,1.394707684151395810e+01,2.700000000000000178e+00
1.878368083707845082e-01,1.399961417919331552e+01,3.821274941099730427e+00,1.399961391118348786e+01,1.418398801433795597e-05,1.394707684348193588e+01,2.700000000000000178e+00
1.880368083707847082e-01,1.399961418079456976e+01,3.818103903514519004e+00,1.399961391284604240e+01,1.418356828253308777e-05,1.394707684544550830e+01,2.700000000000000178e+00
1.882368083707849082e-01,1.399961418239212563e+01,3.814940103062348431e+00,1.399961391450475112e+01,1.418314764123351779e-05,1.394707684740454923e+01,2.700000000000000178e+00
1.884368083707851083e-01,1.399961418398604351e+01,3.811783523223630787e+00,1.399961391615963713e+01,1.418272927367070224e-05,1.394707684935912972e+01,2.700000000000000178e+00
1.886368083707853083e-01,1.399961418557626658e+01,3.808634147522183433e+00,1.399961391781064535e+01,1.418231067873421125e-05,1.394707685130919472e+01,2.700000000000000178e+00
1.888368083707855083e-01,1.399961418716291917e+01,3.805491959514361255e+00,1.399961391945792855e+01,1.418189322066609748e-05,1.394707685325486501e+01,2.700000000000000178e+00
1.890368083707857083e-01,1.399961418874601193e+01,3.802356942795498185e+00,1.399961392110144764e+01,1.418147712684003636e-05,1.394707685519616014e+01,2.700000000000000178e+00
1.892368083707859083e-01,1.399961419032536725e+01,3.799229080998873798e+00,1.399961392274104632e+01,1.418106239725602791e-05,1.394707685713288825e+01,2.700000000000000178e+00
1.894368083707861083e-01,1.399961419190115386e+01,3.796108357795777266e+00,1.399961392437691110e+01,1.418064812241937034e-05,1.394707685906524119e+01,2.700000000000000178e+00
1.896368083707863084e-01,1.399961419347332736e+01,3.792994756892901442e+00,1.399961392600900467e+01,1.418023407495638821e-05,1.394707686099316746e+01,2.700000000000000178e+00
1.898368083707865084e-01,1.399961419504197480e+01,3.789888262036075872e+00,1.399961392763737855e+01,1.417982184648280963e-05,1.394707686291675408e+01,2.700000000000000178e+00
1.900368083707867084e-01,1.399961419660693274e+01,3.786788857010778386e+00,1.399961392926187997e+01,1.417941052750393283e-05,1.394707686483584830e+01,2.700000000000000178e+00
1.902368083707869084e-01,1.399961419816844099e+01,3.783696525630656726e+00,1.399961393088276296e+01,1.417900034539343324e-05,1.394707686675067748e+01,2.700000000000000178e+00
1.904368083707871084e-01,1.399961419972632726e+01,3.780611251754162794e+00,1.399961393249986230e+01,1.417859061803028453e-05,1.394707686866107643e+01,2.700000000000000178e+00
1.906368083707873085e-01,1.399961420128065193e+01,3.777533019271526626e+00,1.399961393411321886e+01,1.417818270965653937e-05,1.394707687056711265e+01,2.700000000000000178e+00
1.908368083707875085e-01,1.399961420283148783e+01,3.774461812116221004e+00,1.399961393572292323e+01,1.417777411916176789e-05,1.394707687246885897e+01,2.700000000000000178e+00
1.910368083707877085e-01,1.399961420437871062e+01,3.771397614252803621e+00,1.399961393732880843e+01,1.417736962139315438e-05,1.394707687436618038e+01,2.700000000000000178e+00
1.912368083707879085e-01,1.399961420592242511e+01,3.768340409684460823e+00,1.399961393893106987e+01,1.417696307726146188e-05,1.394707687625920478e+01,2.700000000000000178e+00
1.914368083707881085e-01,1.399961420746266150e+01,3.765290182451265011e+00,1.399961394052963648e+01,1.417655926161387470e-05,1.394707687814795172e+01,2.700000000000000178e+00
1.916368083707883085e-01,1.399961420899935227e+01,3.762246916628161131e+00,1.399961394212452781e+01,1.417615408172423486e-05,1.394707688003235724e+01,2.700000000000000178e+00
1.918368083707885086e-01,1.399961421053248500e+01,3.759210596327873244e+00,1.399961394371566215e+01,1.417575140294502489e-05,1.394707688191241246e+01,2.700000000000000178e+00
1.920368083707887086e-01,1.399961421206218759e+01,3.756181205699345327e+00,1.399961394530321712e+01,1.417534872416581493e-05,1.394707688378824351e+01,2.700000000000000178e+00
1.922368083707889086e-01,1.399961421358839608e+01,3.753158728925594101e+00,1.399961394688707905e+01,1.417494922861806117e-05,1.394707688565979531e+01,2.700000000000000178e+00
1.924368083707891086e-01,1.399961421511108028e+01,3.750143150228358202e+00,1.399961394846728702e+01,1.417454814145457931e-05,1.394707688752703056e+01,2.700000000000000178e+00
1.926368083707893086e-01,1.399961421663033079e+01,3.747134453863029346e+00,1.399961395004387654e+01,1.417414864590682555e-05,1.394707688939005230e+01,2.700000000000000178e+00
1.928368083707895086e-01,1.399961421814606410e+01,3.744132624125153797e+00,1.399961395161678013e+01,1.417375165146950167e-05,1.394707689124876637e+01,2.700000000000000178e+00
1.930368083707897087e-01,1.399961421965844899e+01,3.741137645340338658e+00,1.399961395318618429e+01,1.417335374753747601e-05,1.394707689310334864e+01,2.700000000000000178e+00
1.932368083707899087e-01,1.399961422116721721e+01,3.738149501874378888e+00,1.399961395475180304e+01,1.417295720784750301e-05,1.394707689495353797e+01,2.700000000000000178e+00
1.934368083707901087e-01,1.399961422267264055e+01,3.735168178127193261e+00,1.399961395631390992e+01,1.417256112290488090e-05,1.394707689679959550e+01,2.700000000000000178e+00
1.936368083707903087e-01,1.399961422417460533e+01,3.732193658534377345e+00,1.399961395787239660e+01,1.417216594745696057e-05,1.394707689864141997e+01,2.700000000000000178e+00
1.938368083707905087e-01,1.399961422567313463e+01,3.729225927568396770e+00,1.399961395942726838e+01,1.417177236362476833e-05,1.394707690047903448e+01,2.700000000000000178e+00
1.940368083707907088e-01,1.399961422716830661e+01,3.726264969734004673e+00,1.399961396097866206e+01,1.417137855241890065e-05,1.394707690231251895e+01,2.700000000000000178e+00
1.942368083707909088e-01,1.399961422865998628e+01,3.723310769572183432e+00,1.399961396252636092e+01,1.417098656020243652e-05,1.394707690414173484e+01,2.700000000000000178e+00
1.944368083707911088e-01,1.399961423014830686e+01,3.720363311660432437e+00,1.399961396407054615e+01,1.417059593222802505e-05,1.394707690596682781e+01,2.700000000000000178e+00
1.946368083707913088e-01,1.399961423163319729e+01,3.717422580613103378e+00,1.399961396561114846e+01,1.417020575900096446e-05,1.394707690778771614e+01,2.700000000000000178e+00
1.948368083707915088e-01,1.399961423311472331e+01,3.714488561076922046e+00,1.399961396714820339e+01,1.416981672264228109e-05,1.394707690960447444e+01,2.700000000000000178e+00
1.950368083707917088e-01,1.399961423459284404e+01,3.711561237732532881e+00,1.399961396868174113e+01,1.416942700416257139e-05,1.394707691141706363e+01,2.700000000000000178e+00
1.952368083707919089e-01,1.399961423606759148e+01,3.708640595302099552e+00,1.399961397021170662e+01,1.416904024154064246e-05,1.394707691322551923e+01,2.700000000000000178e+00
1.954368083707921089e-01,1.399961423753900469e+01,3.705726618532614758e+00,1.399961397173817979e+01,1.416865461578709073e-05,1.394707691502987323e+01,2.700000000000000178e+00
1.956368083707923089e-01,1.399961423900707480e+01,3.702819292213014979e+00,1.399961397326116774e+01,1.416826808053883724e-05,1.394707691683012563e+01,2.700000000000000178e+00
1.958368083707925089e-01,1.399961424047183023e+01,3.699918601166639398e+00,1.399961397478067404e+01,1.416788359165366273e-05,1.394707691862630661e+01,2.700000000000000178e+00
1.960368083707927089e-01,1.399961424193319104e+01,3.697024530248732344e+00,1.399961397629664361e+01,1.416749887539481279e-05,1.394707692041833447e+01,2.700000000000000178e+00
1.962368083707929090e-01,1.399961424339117144e+01,3.694137064350393462e+00,1.399961397780905514e+01,1.416711643287271727e-05,1.394707692220623407e+01,2.700000000000000178e+00
1.964368083707931090e-01,1.399961424484578743e+01,3.691256188397948446e+00,1.399961397931796903e+01,1.416673239873489365e-05,1.394707692399000898e+01,2.700000000000000178e+00
1.966368083707933090e-01,1.399961424629718820e+01,3.688381887350799193e+00,1.399961398082350250e+01,1.416635109308117535e-05,1.394707692576981728e+01,2.700000000000000178e+00
1.968368083707935090e-01,1.399961424774524943e+01,3.685514146203777042e+00,1.399961398232551169e+01,1.416597206116421148e-05,1.394707692754553641e+01,2.700000000000000178e+00
1.970368083707937090e-01,1.399961424919003683e+01,3.682652949983803659e+00,1.399961398382412803e+01,1.416559211975254584e-05,1.394707692931723919e+01,2.700000000000000178e+00
1.972368083707939090e-01,1.399961425063151665e+01,3.679798283756730903e+00,1.399961398531927159e+01,1.416521308783558197e-05,1.394707693108488833e+01,2.700000000000000178e+00
1.974368083707941091e-01,1.399961425206958054e+01,3.676950132614564826e+00,1.399961398681086244e+01,1.416483382854494266e-05,1.394707693284837724e+01,2.700000000000000178e+00
1.976368083707943091e-01,1.399961425350451627e+01,3.674108481694441597e+00,1.399961398829914572e+01,1.416445797985943500e-05,1.394707693460798836e+01,2.700000000000000178e+00
1.978368083707945091e-01,1.399961425493611245e+01,3.671273316156711708e+00,1.399961398978394911e+01,1.416408190380025189e-05,1.394707693636352097e+01,2.700000000000000178e+00
1.980368083707947091e-01,1.399961425636442591e+01,3.668444621205467993e+00,1.399961399126532413e+01,1.416370560036739334e-05,1.394707693811503013e+01,2.700000000000000178e+00
1.982368083707949091e-01,1.399961425778952773e+01,3.665622382061569873e+00,1.399961399274334539e+01,1.416333111592393834e-05,1.394707693986259578e+01,2.700000000000000178e+00
1.984368083707951091e-01,1.399961425921138769e+01,3.662806584001447430e+00,1.399961399421793473e+01,1.416295935996458866e-05,1.394707694160618239e+01,2.700000000000000178e+00
1.986368083707953092e-01,1.399961426062989212e+01,3.659997212321232318e+00,1.399961399568907083e+01,1.416258419340010732e-05,1.394707694334567805e+01,2.700000000000000178e+00
1.988368083707955092e-01,1.399961426204528436e+01,3.657194252354515118e+00,1.399961399715691179e+01,1.416221175531973131e-05,1.394707694508133144e+01,2.700000000000000178e+00
1.990368083707957092e-01,1.399961426345743831e+01,3.654397689469704336e+00,1.399961399862134570e+01,1.416184295521816239e-05,1.394707694681301291e+01,2.700000000000000178e+00
1.992368083707959092e-01,1.399961426486627403e+01,3.651607509064247026e+00,1.399961400008236545e+01,1.416147097188513726e-05,1.394707694854064428e+01,2.700000000000000178e+00
1.994368083707961092e-01,1.399961426627199046e+01,3.648823696572135677e+00,1.399961400154006164e+01,1.416110376339929644e-05,1.394707695026442984e+01,2.700000000000000178e+00
1.996368083707963093e-01,1.399961426767435491e+01,3.646046237461372908e+00,1.399961400299431880e+01,1.416073223481362220e-05,1.394707695198414399e+01,2.700000000000000178e+00
1.998368083707965093e-01,1.399961426907368178e+01,3.643275117231295823e+00,1.399961400444533588e+01,1.416036593582248315e-05,1.394707695370009404e+01,2.700000000000000178e+00
2.000368083707967093e-01,1.399961427046973661e+01,3.640510321414364370e+00,1.399961400589295835e+01,1.415999895471031778e-05,1.394707695541204373e+01,2.700000000000000178e+00
2.002368083707969093e-01,1.399961427186266150e+01,3.637751835577909709e+00,1.399961400733729100e+01,1.415963401996123139e-05,1.394707695712014761e+01,2.700000000000000178e+00
2.004368083707971093e-01,1.399961427325229657e+01,3.634999645318810035e+00,1.399961400877822015e+01,1.415926772097009234e-05,1.394707695882423870e+01,2.700000000000000178e+00
2.006368083707973093e-01,1.399961427463887631e+01,3.632253736271192857e+00,1.399961401021592522e+01,1.415890301359468140e-05,1.394707696052455859e+01,2.700000000000000178e+00
2.008368083707975094e-01,1.399961427602220532e+01,3.629514094100112498e+00,1.399961401165023567e+01,1.415853989783499856e-05,1.394707696222091187e+01,2.700000000000000178e+00
2.010368083707977094e-01,1.399961427740246478e+01,3.626780704498945074e+00,1.399961401308133802e+01,1.415817678207531571e-05,1.394707696391348328e+01,2.700000000000000178e+00
2.012368083707979094e-01,1.399961427877954279e+01,3.624053553201645794e+00,1.399961401450911680e+01,1.415781412106298376e-05,1.394707696560215382e+01,2.700000000000000178e+00
2.014368083707981094e-01,1.399961428015349973e+01,3.621332625968290309e+00,1.399961401593361110e+01,1.415745418853475712e-05,1.394707696728699986e+01,2.700000000000000178e+00
2.016368083707983094e-01,1.399961428152427878e+01,3.618617908594965904e+00,1.399961401735480493e+01,1.415709311913815327e-05,1.394707696896795746e+01,2.700000000000000178e+00
2.018368083707985094e-01,1.399961428289195453e+01,3.615909386908906065e+00,1.399961401877273204e+01,1.415673591509403195e-05,1.394707697064510477e+01,2.700000000000000178e+00
2.020368083707987095e-01,1.399961428425642218e+01,3.613207046769200570e+00,1.399961402018733736e+01,1.415637598256580532e-05,1.394707697231833521e+01,2.700000000000000178e+00
2.022368083707989095e-01,1.399961428561784516e+01,3.610510874072257348e+00,1.399961402159872570e+01,1.415601877852168400e-05,1.394707697398781399e+01,2.700000000000000178e+00
2.024368083707991095e-01,1.399961428697616661e+01,3.607820854735637184e+00,1.399961402300689528e+01,1.415566134710388724e-05,1.394707697565348958e+01,2.700000000000000178e+00
2.026368083707993095e-01,1.399961428833133148e+01,3.605136974719735488e+00,1.399961402441178215e+01,1.415530414305976592e-05,1.394707697731530693e+01,2.700000000000000178e+00
2.028368083707995095e-01,1.399961428968355115e+01,3.602459220012160568e+00,1.399961402581354797e+01,1.415494898537872359e-05,1.394707697897348098e+01,2.700000000000000178e+00
2.030368083707997096e-01,1.399961429103253607e+01,3.599787576633312280e+00,1.399961402721194759e+01,1.415459519193973392e-05,1.394707698062771861e+01,2.700000000000000178e+00
2.032368083707999096e-01,1.399961429237849941e+01,3.597122030635325096e+00,1.399961402860720305e+01,1.415424026163236704e-05,1.394707698227824189e+01,2.700000000000000178e+00
2.034368083708001096e-01,1.399961429372142163e+01,3.594462568102186228e+00,1.399961402999927707e+01,1.415388760506175458e-05,1.394707698392502770e+01,2.700000000000000178e+00
2.036368083708003096e-01,1.399961429506121569e+01,3.591809175149839550e+00,1.399961403138807725e+01,1.415353517586481757e-05,1.394707698556798903e+01,2.700000000000000178e+00
2.038368083708005096e-01,1.399961429639797750e+01,3.589161837927760335e+00,1.399961403277370486e+01,1.415318479303095955e-05,1.394707698720722711e+01,2.700000000000000178e+00
2.040368083708007096e-01,1.399961429773170352e+01,3.586520542611771223e+00,1.399961403415615635e+01,1.415283441019710153e-05,1.394707698884274372e+01,2.700000000000000178e+00
2.042368083708009097e-01,1.399961429906229249e+01,3.583885275414199878e+00,1.399961403553533046e+01,1.415248448211059440e-05,1.394707699047442517e+01,2.700000000000000178e+00
2.044368083708011097e-01,1.399961430039003574e+01,3.581256022578549914e+00,1.399961403691152739e+01,1.415213660038716625e-05,1.394707699210258411e+01,2.700000000000000178e+00
2.046368083708013097e-01,1.399961430171457977e+01,3.578632770377559780e+00,1.399961403828438478e+01,1.415178849129006267e-05,1.394707699372685106e+01,2.700000000000000178e+00
2.048368083708015097e-01,1.399961430303615373e+01,3.576015505115479165e+00,1.399961403965416551e+01,1.415143992744560819e-05,1.394707699534747647e+01,2.700000000000000178e+00
2.050368083708017097e-01,1.399961430435472387e+01,3.573404213129717899e+00,1.399961404102077367e+01,1.415109386471158359e-05,1.394707699696439995e+01,2.700000000000000178e+00
2.052368083708019098e-01,1.399961430567030085e+01,3.570798880786376639e+00,1.399961404238427676e+01,1.415074780197755899e-05,1.394707699857765526e+01,2.700000000000000178e+00
2.054368083708021098e-01,1.399961430698285092e+01,3.568199494484782797e+00,1.399961404374460194e+01,1.415040310348558705e-05,1.394707700018721042e+01,2.700000000000000178e+00
2.056368083708023098e-01,1.399961430829235987e+01,3.565606040654965891e+00,1.399961404510175456e+01,1.415005908711464144e-05,1.394707700179303878e+01,2.700000000000000178e+00
2.058368083708025098e-01,1.399961430959889874e+01,3.563018505756021970e+00,1.399961404645580387e+01,1.414971552549104672e-05,1.394707700339521850e+01,2.700000000000000178e+00
2.060368083708027098e-01,1.399961431090250485e+01,3.560436876280681506e+00,1.399961404780679253e+01,1.414937287336215377e-05,1.394707700499379222e+01,2.700000000000000178e+00
2.062368083708029098e-01,1.399961431220311070e+01,3.557861138749287555e+00,1.399961404915465302e+01,1.414903067598061170e-05,1.394707700658869776e+01,2.700000000000000178e+00
2.064368083708031099e-01,1.399961431350081753e+01,3.555291279717682329e+00,1.399961405049947238e+01,1.414869097970949952e-05,1.394707700818002749e+01,2.700000000000000178e+00
2.066368083708033099e-01,1.399961431479542462e+01,3.552727285770854948e+00,1.399961405184107477e+01,1.414834923707530834e-05,1.394707700976759313e+01,2.700000000000000178e+00
2.068368083708035099e-01,1.399961431608717355e+01,3.550169143518499659e+00,1.399961405317967511e+01,1.414800931343052071e-05,1.394707701135163092e+01,2.700000000000000178e+00
2.070368083708037099e-01,1.399961431737594175e+01,3.547616839609997630e+00,1.399961405451515617e+01,1.414767166352248751e-05,1.394707701293201296e+01,2.700000000000000178e+00
2.072368083708039099e-01,1.399961431866179673e+01,3.545070360713124202e+00,1.399961405584760499e+01,1.414733333149342798e-05,1.394707701450882453e+01,2.700000000000000178e+00
2.074368083708041099e-01,1.399961431994472782e+01,3.542529693541049074e+00,1.399961405717698781e+01,1.414699750057479832e-05,1.394707701608204609e+01,2.700000000000000178e+00
2.076368083708043100e-01,1.399961432122463023e+01,3.539994824825856590e+00,1.399961405850324425e+01,1.414665939591941424e-05,1.394707701765157637e+01,2.700000000000000178e+00
2.078368083708045100e-01,1.399961432250169224e+01,3.537465741335788394e+00,1.399961405982650042e+01,1.414632401974813547e-05,1.394707701921760368e+01,2.700000000000000178e+00
2.080368083708047100e-01,1.399961432377586590e+01,3.534942429868558111e+00,1.399961406114675100e+01,1.414599000781890936e-05,1.394707702078008005e+01,2.700000000000000178e+00
2.082368083708049100e-01,1.399961432504707126e+01,3.532424877248753869e+00,1.399961406246390538e+01,1.414565531376865692e-05,1.394707702233893798e+01,2.700000000000000178e+00
2.084368083708051100e-01,1.399961432631538827e+01,3.529913070334767866e+00,1.399961406377804529e+01,1.414532152921310626e-05,1.394707702389424853e+01,2.700000000000000178e+00
2.086368083708053101e-01,1.399961432758079916e+01,3.527406996011313467e+00,1.399961406508916717e+01,1.414498842677858192e-05,1.394707702544599925e+01,2.700000000000000178e+00
2.088368083708055101e-01,1.399961432884334478e+01,3.524906641195718393e+00,1.399961406639724082e+01,1.414465782545448747e-05,1.394707702699422747e+01,2.700000000000000178e+00
2.090368083708057101e-01,1.399961433010306422e+01,3.522411992835996042e+00,1.399961406770241368e+01,1.414432722413039301e-05,1.394707702853897757e+01,2.700000000000000178e+00
2.092368083708059101e-01,1.399961433135987576e+01,3.519923037907459751e+00,1.399961406900453120e+01,1.414399753230100032e-05,1.394707703008016964e+01,2.700000000000000178e+00
2.094368083708061101e-01,1.399961433261381849e+01,3.517439763416295495e+00,1.399961407030365201e+01,1.414366738572425675e-05,1.394707703161784984e+01,2.700000000000000178e+00
2.096368083708063101e-01,1.399961433386478760e+01,3.514962156398296678e+00,1.399961407159968196e+01,1.414333837601589039e-05,1.394707703315189740e+01,2.700000000000000178e+00
2.098368083708065102e-01,1.399961433511297848e+01,3.512490203919863774e+00,1.399961407289281645e+01,1.414301050317590125e-05,1.394707703468252546e+01,2.700000000000000178e+00
2.100368083708067102e-01,1.399961433635830410e+01,3.510023893073915602e+00,1.399961407418297377e+01,1.414268240296223667e-05,1.394707703620964701e+01,2.700000000000000178e+00
2.102368083708069102e-01,1.399961433760082308e+01,3.507563210986048841e+00,1.399961407547016456e+01,1.414235657648532651e-05,1.394707703773332064e+01,2.700000000000000178e+00
2.104368083708071102e-01,1.399961433884048212e+01,3.505108144810472393e+00,1.399961407675442082e+01,1.414202802152431104e-05,1.394707703925348774e+01,2.700000000000000178e+00
2.106368083708073102e-01,1.399961434007740557e+01,3.502658681728769707e+00,1.399961407803574964e+01,1.414170606039988343e-05,1.394707704077028332e+01,2.700000000000000178e+00
2.108368083708075102e-01,1.399961434131142290e+01,3.500214808954496437e+00,1.399961407931409951e+01,1.414138091604399960e-05,1.394707704228353151e+01,2.700000000000000178e+00
2.110368083708077103e-01,1.399961434254255366e+01,3.497776513727483660e+00,1.399961408058943491e+01,1.414105599906179123e-05,1.394707704379324831e+01,2.700000000000000178e+00
2.112368083708079103e-01,1.399961434377106073e+01,3.495343783319164288e+00,1.399961408186200629e+01,1.414073494743206538e-05,1.394707704529971437e+01,2.700000000000000178e+00
2.114368083708081103e-01,1.399961434499662616e+01,3.492916605029486643e+00,1.399961408313151878e+01,1.414041321368131321e-05,1.394707704680259930e+01,2.700000000000000178e+00
2.116368083708083103e-01,1.399961434621931389e+01,3.490494966185269554e+00,1.399961408439804700e+01,1.414008943356748205e-05,1.394707704830198125e+01,2.700000000000000178e+00
2.118368083708085103e-01,1.399961434743943300e+01,3.488078854149345709e+00,1.399961408566186982e+01,1.413977065567451064e-05,1.394707704979816043e+01,2.700000000000000178e+00
2.120368083708087104e-01,1.399961434865654297e+01,3.485668256300052725e+00,1.399961408692257159e+01,1.413944983141846023e-05,1.394707705129069808e+01,2.700000000000000178e+00
2.122368083708089104e-01,1.399961434987099906e+01,3.483263160057137764e+00,1.399961408818048270e+01,1.413913173564651515e-05,1.394707705277995480e+01,2.700000000000000178e+00
2.124368083708091104e-01,1.399961435108279950e+01,3.480863552865616661e+00,1.399961408943562269e+01,1.413881386724824551e-05,1.394707705426593058e+01,2.700000000000000178e+00
2.126368083708093104e-01,1.399961435229166007e+01,3.478469422195195282e+00,1.399961409068772156e+01,1.413849622622365132e-05,1.394707705574833234e+01,2.700000000000000178e+00
2.128368083708095104e-01,1.399961435349782946e+01,3.476080755548439871e+00,1.399961409193700490e+01,1.413817881257273257e-05,1.394707705722742652e+01,2.700000000000000178e+00
2.130368083708097104e-01,1.399961435470117088e+01,3.473697540454599331e+00,1.399961409318333949e+01,1.413786208104284015e-05,1.394707705870306924e+01,2.700000000000000178e+00
2.132368083708099105e-01,1.399961435590177494e+01,3.471319764471894054e+00,1.399961409442681415e+01,1.413754603163397405e-05,1.394707706017535109e+01,2.700000000000000178e+00
2.134368083708101105e-01,1.399961435709970736e+01,3.468947415187189520e+00,1.399961409566749815e+01,1.413723157384083606e-05,1.394707706164434136e+01,2.700000000000000178e+00
2.136368083708103105e-01,1.399961435829491307e+01,3.466580480214971782e+00,1.399961409690535064e+01,1.413691757079504896e-05,1.394707706310999207e+01,2.700000000000000178e+00
2.138368083708105105e-01,1.399961435948734589e+01,3.464218947198189458e+00,1.399961409814030944e+01,1.413660356774926186e-05,1.394707706457224106e+01,2.700000000000000178e+00
2.140368083708107105e-01,1.399961436067713194e+01,3.461862803808797295e+00,1.399961409937248469e+01,1.413629252056125551e-05,1.394707706603123398e+01,2.700000000000000178e+00
2.142368083708109106e-01,1.399961436186411134e+01,3.459512037746057977e+00,1.399961410060175382e+01,1.413597988175752107e-05,1.394707706748681098e+01,2.700000000000000178e+00
2.144368083708111106e-01,1.399961436304839069e+01,3.457166636735865328e+00,1.399961410182821453e+01,1.413566747032746207e-05,1.394707706893906440e+01,2.700000000000000178e+00
2.146368083708113106e-01,1.399961436422996464e+01,3.454826588536028531e+00,1.399961410305184728e+01,1.413535687788680661e-05,1.394707707038800493e+01,2.700000000000000178e+00
2.148368083708115106e-01,1.399961436540891491e+01,3.452491880929520196e+00,1.399961410427273734e+01,1.413504764968820382e-05,1.394707707183371781e+01,2.700000000000000178e+00
2.150368083708117106e-01,1.399961436658506564e+01,3.450162501727775055e+00,1.399961410549069996e+01,1.413473978573165368e-05,1.394707707327601298e+01,2.700000000000000178e+00
2.152368083708119106e-01,1.399961436775859802e+01,3.447838438768750624e+00,1.399961410670596251e+01,1.413442942066467367e-05,1.394707707471508584e+01,2.700000000000000178e+00
2.154368083708121107e-01,1.399961436892956179e+01,3.445519679920224565e+00,1.399961410791849303e+01,1.413412314832385164e-05,1.394707707615099146e+01,2.700000000000000178e+00
2.156368083708123107e-01,1.399961437009759635e+01,3.443206213076508870e+00,1.399961410912801618e+01,1.413381642123567872e-05,1.394707707758335680e+01,2.700000000000000178e+00
2.158368083708125107e-01,1.399961437126312092e+01,3.440898026160743139e+00,1.399961411033492986e+01,1.413350878465280402e-05,1.394707707901260640e+01,2.700000000000000178e+00
2.160368083708127107e-01,1.399961437242601114e+01,3.438595107121058536e+00,1.399961411153907243e+01,1.413320342180668376e-05,1.394707708043861771e+01,2.700000000000000178e+00
2.162368083708129107e-01,1.399961437358616934e+01,3.436297443935281581e+00,1.399961411274037104e+01,1.413289851370791439e-05,1.394707708186130191e+01,2.700000000000000178e+00
2.164368083708131107e-01,1.399961437474372872e+01,3.434005024610452761e+00,1.399961411393894295e+01,1.413259542459854856e-05,1.394707708328078510e+01,2.700000000000000178e+00
2.166368083708133108e-01,1.399961437589861291e+01,3.431717837175236152e+00,1.399961411513476506e+01,1.413229006175242830e-05,1.394707708469699803e+01,2.700000000000000178e+00
2.168368083708135108e-01,1.399961437705098888e+01,3.429435869694046790e+00,1.399961411632792974e+01,1.413199015587451868e-05,1.394707708611010943e+01,2.700000000000000178e+00
2.170368083708137108e-01,1.399961437820061505e+01,3.427159110244012208e+00,1.399961411751827001e+01,1.413168615727045108e-05,1.394707708751987418e+01,2.700000000000000178e+00
2.172368083708139108e-01,1.399961437934755359e+01,3.424887546945653227e+00,1.399961411870578054e+01,1.413138488715048879e-05,1.394707708892635090e+01,2.700000000000000178e+00
2.174368083708141108e-01,1.399961438049199103e+01,3.422621167946206633e+00,1.399961411989072246e+01,1.413108270753582474e-05,1.394707709032974208e+01,2.700000000000000178e+00
2.176368083708143109e-01,1.399961438163377281e+01,3.420359961403244498e+00,1.399961412107283643e+01,1.413078439327364322e-05,1.394707709172988608e+01,2.700000000000000178e+00
2.178368083708145109e-01,1.399961438277293446e+01,3.418103915515725344e+00,1.399961412225226987e+01,1.413048426002205815e-05,1.394707709312681665e+01,2.700000000000000178e+00
2.180368083708147109e-01,1.399961438390949553e+01,3.415853018507319483e+00,1.399961412342896594e+01,1.413018571838620119e-05,1.394707709452055688e+01,2.700000000000000178e+00
2.182368083708149109e-01,1.399961438504346134e+01,3.413607258624356433e+00,1.399961412460297971e+01,1.412988717675034422e-05,1.394707709591111922e+01,2.700000000000000178e+00
2.184368083708151109e-01,1.399961438617490117e+01,3.411366624144483328e+00,1.399961412577433784e+01,1.412959068147756625e-05,1.394707709729856404e+01,2.700000000000000178e+00
2.186368083708153109e-01,1.399961438730377417e+01,3.409131103369469340e+00,1.399961412694302965e+01,1.412929304933641106e-05,1.394707709868286294e+01,2.700000000000000178e+00
2.188368083708155110e-01,1.399961438842998440e+01,3.406900684627430120e+00,1.399961412810894856e+01,1.412899769093201030e-05,1.394707710006391821e+01,2.700000000000000178e+00
2.190368083708157110e-01,1.399961438955360116e+01,3.404675356275220555e+00,1.399961412927217808e+01,1.412870165040658321e-05,1.394707710144178847e+01,2.700000000000000178e+00
2.192368083708159110e-01,1.399961439067470970e+01,3.402455106694779907e+00,1.399961413043276792e+01,1.412840811099158600e-05,1.394707710281657675e+01,2.700000000000000178e+00
2.194368083708161110e-01,1.399961439179331535e+01,3.400239924295402449e+00,1.399961413159073409e+01,1.412811548107129056e-05,1.394707710418828839e+01,2.700000000000000178e+00
2.196368083708163110e-01,1.399961439290927423e+01,3.398029797512030825e+00,1.399961413274598954e+01,1.412782080478791613e-05,1.394707710555676705e+01,2.700000000000000178e+00
2.198368083708165110e-01,1.399961439402274976e+01,3.395824714806975564e+00,1.399961413389862486e+01,1.412752885698864702e-05,1.394707710692219393e+01,2.700000000000000178e+00
2.200368083708167111e-01,1.399961439513361583e+01,3.393624664667797663e+00,1.399961413504857255e+01,1.412723554494732525e-05,1.394707710828443226e+01,2.700000000000000178e+00
2.202368083708169111e-01,1.399961439624198078e+01,3.391429635610077487e+00,1.399961413619589834e+01,1.412694450664275791e-05,1.394707710964359038e+01,2.700000000000000178e+00
2.204368083708171111e-01,1.399961439734778956e+01,3.389239616172291303e+00,1.399961413734055782e+01,1.412665392308554146e-05,1.394707711099962388e+01,2.700000000000000178e+00
2.206368083708173111e-01,1.399961439845115052e+01,3.387054594921960149e+00,1.399961413848266290e+01,1.412636402164935134e-05,1.394707711235264469e+01,2.700000000000000178e+00
2.208368083708175111e-01,1.399961439955198372e+01,3.384874560453641656e+00,1.399961413962213364e+01,1.412607639394991565e-05,1.394707711370256042e+01,2.700000000000000178e+00
2.210368083708177112e-01,1.399961440065023055e+01,3.382699501384392349e+00,1.399961414075894162e+01,1.412578671988740098e-05,1.394707711504932490e+01,2.700000000000000178e+00
2.212368083708179112e-01,1.399961440174598692e+01,3.380529406358681044e+00,1.399961414189314191e+01,1.412549727319856174e-05,1.394707711639303227e+01,2.700000000000000178e+00
2.214368083708181112e-01,1.399961440283932568e+01,3.378364264048417276e+00,1.399961414302480911e+01,1.412520987287280150e-05,1.394707711773375358e+01,2.700000000000000178e+00
2.216368083708183112e-01,1.399961440393006740e+01,3.376204063148626755e+00,1.399961414415376559e+01,1.412492451891012024e-05,1.394707711907131831e+01,2.700000000000000178e+00
2.218368083708185112e-01,1.399961440501832932e+01,3.374048792383363526e+00,1.399961414528015524e+01,1.412463848282641266e-05,1.394707712040583303e+01,2.700000000000000178e+00
2.220368083708187112e-01,1.399961440610423757e+01,3.371898440501027050e+00,1.399961414640408108e+01,1.412435267411638051e-05,1.394707712173743452e+01,2.700000000000000178e+00
2.222368083708189113e-01,1.399961440718758965e+01,3.369752996273870149e+00,1.399961414752534239e+01,1.412407004863780458e-05,1.394707712306591141e+01,2.700000000000000178e+00
2.224368083708191113e-01,1.399961440826833936e+01,3.367612448501827505e+00,1.399961414864393205e+01,1.412378378518042155e-05,1.394707712439124059e+01,2.700000000000000178e+00
2.226368083708193113e-01,1.399961440934679224e+01,3.365476786010350718e+00,1.399961414976007035e+01,1.412350138707552105e-05,1.394707712571370628e+01,2.700000000000000178e+00
2.228368083708195113e-01,1.399961441042269072e+01,3.363345997653147901e+00,1.399961415087359917e+01,1.412321762472856790e-05,1.394707712703306512e+01,2.700000000000000178e+00
2.230368083708197113e-01,1.399961441149622310e+01,3.361220072298978678e+00,1.399961415198463399e+01,1.412293659086572006e-05,1.394707712834950364e+01,2.700000000000000178e+00
2.232368083708199114e-01,1.399961441256715133e+01,3.359098998853986551e+00,1.399961415309298296e+01,1.412265419276081957e-05,1.394707712966278024e+01,2.700000000000000178e+00
2.234368083708201114e-01,1.399961441363578096e+01,3.356982766244490435e+00,1.399961415419892852e+01,1.412237315889797173e-05,1.394707713097320223e+01,2.700000000000000178e+00
2.236368083708203114e-01,1.399961441470195567e+01,3.354871363421621844e+00,1.399961415530228770e+01,1.412209417139820289e-05,1.394707713228061863e+01,2.700000000000000178e+00
2.238368083708205114e-01,1.399961441576561327e+01,3.352764779362401804e+00,1.399961415640308893e+01,1.412181336490903050e-05,1.394707713358497259e+01,2.700000000000000178e+00
2.240368083708207114e-01,1.399961441682693675e+01,3.350663003069642709e+00,1.399961415750139970e+01,1.412153596902498975e-05,1.394707713488643464e+01,2.700000000000000178e+00
2.242368083708209114e-01,1.399961441788580707e+01,3.348566023570170636e+00,1.399961415859716851e+01,1.412125857314094901e-05,1.394707713618490530e+01,2.700000000000000178e+00
2.244368083708211115e-01,1.399961441894220648e+01,3.346473829917094189e+00,1.399961415969038292e+01,1.412097981301485561e-05,1.394707713748034905e+01,2.700000000000000178e+00
2.246368083708213115e-01,1.399961441999621847e+01,3.344386411188222219e+00,1.399961416078111576e+01,1.412070241713081487e-05,1.394707713877286537e+01,2.700000000000000178e+00
2.248368083708215115e-01,1.399961442104789811e+01,3.342303756483758548e+00,1.399961416186939367e+01,1.412042661286250222e-05,1.394707714006250399e+01,2.700000000000000178e+00
2.250368083708217115e-01,1.399961442209711393e+01,3.340225854933016603e+00,1.399961416295513494e+01,1.412015012647316325e-05,1.394707714134913346e+01,2.700000000000000178e+00
2.252368083708219115e-01,1.399961442314399740e+01,3.338152695687085281e+00,1.399961416403843550e+01,1.411987591382057872e-05,1.394707714263289056e+01,2.700000000000000178e+00
2.254368083708221115e-01,1.399961442418843482e+01,3.336084267924473767e+00,1.399961416511920831e+01,1.411960079167329241e-05,1.394707714391366871e+01,2.700000000000000178e+00
2.256368083708223116e-01,1.399961442523042798e+01,3.334020560844770387e+00,1.399961416619741073e+01,1.411932612427335698e-05,1.394707714519144837e+01,2.700000000000000178e+00
2.258368083708225116e-01,1.399961442627007457e+01,3.331961563675229332e+00,1.399961416727319197e+01,1.411905236636812333e-05,1.394707714646635388e+01,2.700000000000000178e+00
2.260368083708227116e-01,1.399961442730739591e+01,3.329907265666002925e+00,1.399961416834651118e+01,1.411878133694699500e-05,1.394707714773839413e+01,2.700000000000000178e+00
2.262368083708229116e-01,1.399961442834236358e+01,3.327857656091913974e+00,1.399961416941744119e+01,1.411850803378911223e-05,1.394707714900754958e+01,2.700000000000000178e+00
2.264368083708231116e-01,1.399961442937496159e+01,3.325812724254899155e+00,1.399961417048588252e+01,1.411823586749960668e-05,1.394707715027378470e+01,2.700000000000000178e+00
2.266368083708233117e-01,1.399961443040511355e+01,3.323772459477401409e+00,1.399961417155175525e+01,1.411796642969420645e-05,1.394707715153705330e+01,2.700000000000000178e+00
2.268368083708235117e-01,1.399961443143303086e+01,3.321736851107917055e+00,1.399961417261530627e+01,1.411769744663615711e-05,1.394707715279756144e+01,2.700000000000000178e+00
2.270368083708237117e-01,1.399961443245863002e+01,3.319705888518794890e+00,1.399961417367646455e+01,1.411742755408340599e-05,1.394707715405520609e+01,2.700000000000000178e+00
2.272368083708239117e-01,1.399961443348177426e+01,3.317679561108757280e+00,1.399961417473504888e+01,1.411715834365168121e-05,1.394707715530987713e+01,2.700000000000000178e+00
2.274368083708241117e-01,1.399961443450264120e+01,3.315657858298605820e+00,1.399961417579127776e+01,1.411688981534098275e-05,1.394707715656173974e+01,2.700000000000000178e+00
2.276368083708243117e-01,1.399961443552108520e+01,3.313640769531885688e+00,1.399961417684498244e+01,1.411662242389866151e-05,1.394707715781064650e+01,2.700000000000000178e+00
2.278368083708245118e-01,1.399961443653727322e+01,3.311628284280776491e+00,1.399961417789634943e+01,1.411635389558796305e-05,1.394707715905678036e+01,2.700000000000000178e+00
2.280368083708247118e-01,1.399961443755120527e+01,3.309620392038172376e+00,1.399961417894533255e+01,1.411608968737709802e-05,1.394707716030012712e+01,2.700000000000000178e+00
2.282368083708249118e-01,1.399961443856274279e+01,3.307617082319881607e+00,1.399961417999186253e+01,1.411582297805580311e-05,1.394707716154055532e+01,2.700000000000000178e+00
2.284368083708251118e-01,1.399961443957205987e+01,3.305618344670102182e+00,1.399961418103607258e+01,1.411555831509758718e-05,1.394707716277824083e+01,2.700000000000000178e+00
2.286368083708253118e-01,1.399961444057905346e+01,3.303624168649960779e+00,1.399961418207785790e+01,1.411529387951304670e-05,1.394707716401308950e+01,2.700000000000000178e+00
2.288368083708255118e-01,1.399961444158359569e+01,3.301634543857307147e+00,1.399961418311712258e+01,1.411502830706012901e-05,1.394707716524496099e+01,2.700000000000000178e+00
2.290368083708257119e-01,1.399961444258595300e+01,3.299649459894085979e+00,1.399961418415407621e+01,1.411476500834396575e-05,1.394707716647413065e+01,2.700000000000000178e+00
2.292368083708259119e-01,1.399961444358602236e+01,3.297668906401710398e+00,1.399961418518866729e+01,1.411450261912250426e-05,1.394707716770048833e+01,2.700000000000000178e+00
2.294368083708261119e-01,1.399961444458380200e+01,3.295692873045788840e+00,1.399961418622087628e+01,1.411424000252736732e-05,1.394707716892404648e+01,2.700000000000000178e+00
2.296368083708263119e-01,1.399961444557932566e+01,3.293721349500241313e+00,1.399961418725071738e+01,1.411397897754795849e-05,1.394707717014483350e+01,2.700000000000000178e+00
2.298368083708265119e-01,1.399961444657253118e+01,3.291754325479039789e+00,1.399961418827817639e+01,1.411371681570017245e-05,1.394707717136278369e+01,2.700000000000000178e+00
2.300368083708267120e-01,1.399961444756354290e+01,3.289791790712679465e+00,1.399961418930333679e+01,1.411345715496281628e-05,1.394707717257803026e+01,2.700000000000000178e+00
2.302368083708269120e-01,1.399961444855225068e+01,3.287833734952337217e+00,1.399961419032609733e+01,1.411319772159913555e-05,1.394707717379046130e+01,2.700000000000000178e+00
2.304368083708271120e-01,1.399961444953870071e+01,3.285880147978819998e+00,1.399961419134651663e+01,1.411293806086177938e-05,1.394707717500012123e+01,2.700000000000000178e+00
2.306368083708273120e-01,1.399961445052293918e+01,3.283931019592934764e+00,1.399961419236462312e+01,1.411268090123485308e-05,1.394707717620706333e+01,2.700000000000000178e+00
2.308368083708275120e-01,1.399961445150483108e+01,3.281986339615849069e+00,1.399961419338030488e+01,1.411242146787117235e-05,1.394707717741114550e+01,2.700000000000000178e+00
2.310368083708277120e-01,1.399961445248466951e+01,3.280046097900127577e+00,1.399961419439385324e+01,1.411216476299159694e-05,1.394707717861267149e+01,2.700000000000000178e+00
2.312368083708279121e-01,1.399961445346207967e+01,3.278110284312689249e+00,1.399961419540486141e+01,1.411190805811202154e-05,1.394707717981126649e+01,2.700000000000000178e+00
2.314368083708281121e-01,1.399961445443727293e+01,3.276178888749186058e+00,1.399961419641358518e+01,1.411164998899039347e-05,1.394707718100713478e+01,2.700000000000000178e+00
2.316368083708283121e-01,1.399961445541027949e+01,3.274251901124317854e+00,1.399961419742002455e+01,1.411139487572654616e-05,1.394707718220031367e+01,2.700000000000000178e+00
2.318368083708285121e-01,1.399961445638114732e+01,3.272329311381010353e+00,1.399961419842423460e+01,1.411114044458372518e-05,1.394707718339084579e+01,2.700000000000000178e+00
2.320368083708287121e-01,1.399961445734976806e+01,3.270411109480181988e+00,1.399961419942611940e+01,1.411088533131987788e-05,1.394707718457864232e+01,2.700000000000000178e+00
2.322368083708289122e-01,1.399961445831611861e+01,3.268497285407920838e+00,1.399961420042562743e+01,1.411063112755073234e-05,1.394707718576366062e+01,2.700000000000000178e+00
2.324368083708291122e-01,1.399961445928030557e+01,3.266587829174177671e+00,1.399961420142289548e+01,1.411037851539731491e-05,1.394707718694601439e+01,2.700000000000000178e+00
2.326368083708293122e-01,1.399961446024223299e+01,3.264682730808435629e+00,1.399961420241779742e+01,1.411012635799124837e-05,1.394707718812561659e+01,2.700000000000000178e+00
2.328368083708295122e-01,1.399961446120197017e+01,3.262781980365891954e+00,1.399961420341047003e+01,1.410987215422210284e-05,1.394707718930252405e+01,2.700000000000000178e+00
2.330368083708297122e-01,1.399961446215959349e+01,3.260885567923777817e+00,1.399961420440090798e+01,1.410962045156338718e-05,1.394707719047682737e+01,2.700000000000000178e+00
2.332368083708299122e-01,1.399961446311500168e+01,3.258993483580102435e+00,1.399961420538903312e+01,1.410936943102569785e-05,1.394707719164842352e+01,2.700000000000000178e+00
2.334368083708301123e-01,1.399961446406820720e+01,3.257105717457768002e+00,1.399961420637487031e+01,1.410912022947741207e-05,1.394707719281731606e+01,2.700000000000000178e+00
2.336368083708303123e-01,1.399961446501925622e+01,3.255222259704864118e+00,1.399961420735848705e+01,1.410886989106074907e-05,1.394707719398356360e+01,2.700000000000000178e+00
2.338368083708305123e-01,1.399961446596814518e+01,3.253343100483017558e+00,1.399961420833983361e+01,1.410862159900716506e-05,1.394707719514716260e+01,2.700000000000000178e+00
2.340368083708307123e-01,1.399961446691480305e+01,3.251468229984022518e+00,1.399961420931888156e+01,1.410837171533785295e-05,1.394707719630803666e+01,2.700000000000000178e+00
2.342368083708309123e-01,1.399961446785942165e+01,3.249597638421094725e+00,1.399961421029579078e+01,1.410812501489999704e-05,1.394707719746638475e+01,2.700000000000000178e+00
2.344368083708311123e-01,1.399961446880180382e+01,3.247731316027659965e+00,1.399961421127038363e+01,1.410787649547273759e-05,1.394707719862200967e+01,2.700000000000000178e+00
2.346368083708313124e-01,1.399961446974204904e+01,3.245869253061002269e+00,1.399961421224275959e+01,1.410762979503488168e-05,1.394707719977501270e+01,2.700000000000000178e+00
2.348368083708315124e-01,1.399961447068008979e+01,3.244011439799327601e+00,1.399961421321285826e+01,1.410738286722335033e-05,1.394707720092531922e+01,2.700000000000000178e+00
2.350368083708317124e-01,1.399961447161603623e+01,3.242157866543030398e+00,1.399961421418075602e+01,1.410713730365387164e-05,1.394707720207305357e+01,2.700000000000000178e+00
2.352368083708319124e-01,1.399961447254987590e+01,3.240308523616493019e+00,1.399961421514648841e+01,1.410689060321601573e-05,1.394707720321818378e+01,2.700000000000000178e+00
2.354368083708321124e-01,1.399961447348155019e+01,3.238463401363699923e+00,1.399961421610995593e+01,1.410664594914123882e-05,1.394707720436068499e+01,2.700000000000000178e+00
2.356368083708323125e-01,1.399961447441108575e+01,3.236622490153267417e+00,1.399961421707119236e+01,1.410640106769278646e-05,1.394707720550055363e+01,2.700000000000000178e+00
2.358368083708325125e-01,1.399961447533853764e+01,3.234785780375436737e+00,1.399961421803025452e+01,1.410615891472843941e-05,1.394707720663786432e+01,2.700000000000000178e+00
2.360368083708327125e-01,1.399961447626381883e+01,3.232953262438067021e+00,1.399961421898708736e+01,1.410591562489571515e-05,1.394707720777252469e+01,2.700000000000000178e+00
2.362368083708329125e-01,1.399961447718705898e+01,3.231124926777732220e+00,1.399961421994179744e+01,1.410567142556828912e-05,1.394707720890466618e+01,2.700000000000000178e+00
2.364368083708331125e-01,1.399961447810814974e+01,3.229300763846619127e+00,1.399961422089428353e+01,1.410542881785659119e-05,1.394707721003418044e+01,2.700000000000000178e+00
2.366368083708333125e-01,1.399961447902724032e+01,3.227480764123364043e+00,1.399961422184462911e+01,1.410518848388164770e-05,1.394707721116121846e+01,2.700000000000000178e+00
2.368368083708335126e-01,1.399961447994405717e+01,3.225664918104862000e+00,1.399961422279266721e+01,1.410494678566465154e-05,1.394707721228551378e+01,2.700000000000000178e+00
2.370368083708337126e-01,1.399961448085887916e+01,3.223853216313637748e+00,1.399961422373861275e+01,1.410470667906338349e-05,1.394707721340732931e+01,2.700000000000000178e+00
2.372368083708339126e-01,1.399961448177150558e+01,3.222045649289648761e+00,1.399961422468228456e+01,1.410446748195681721e-05,1.394707721452648563e+01,2.700000000000000178e+00
2.374368083708341126e-01,1.399961448268227393e+01,3.220242207595724881e+00,1.399961422562400593e+01,1.410422828485025093e-05,1.394707721564331493e+01,2.700000000000000178e+00
2.376368083708343126e-01,1.399961448359080762e+01,3.218442881819053802e+00,1.399961422656342513e+01,1.410398954249103554e-05,1.394707721675742818e+01,2.700000000000000178e+00
2.378368083708345126e-01,1.399961448449732160e+01,3.216647662564423804e+00,1.399961422750073758e+01,1.410375102750549559e-05,1.394707721786906340e+01,2.700000000000000178e+00
2.380368083708347127e-01,1.399961448540173770e+01,3.214856540460501400e+00,1.399961422843589176e+01,1.410351342201465741e-05,1.394707721897812469e+01,2.700000000000000178e+00
2.382368083708349127e-01,1.399961448630411986e+01,3.213069506156002397e+00,1.399961422936889477e+01,1.410327763551322278e-05,1.394707722008469553e+01,2.700000000000000178e+00
2.384368083708351127e-01,1.399961448720438106e+01,3.211286550320074262e+00,1.399961423029972707e+01,1.410304048476973549e-05,1.394707722118866755e+01,2.700000000000000178e+00
2.386368083708353127e-01,1.399961448810255504e+01,3.209507663647519937e+00,1.399961423122836734e+01,1.410280378877359908e-05,1.394707722229009228e+01,2.700000000000000178e+00
2.388368083708355127e-01,1.399961448899876792e+01,3.207732836849564784e+00,1.399961423215499323e+01,1.410256845701951534e-05,1.394707722338909583e+01,2.700000000000000178e+00
2.390368083708357128e-01,1.399961448989296997e+01,3.205962060661279978e+00,1.399961423307950170e+01,1.410233380738645792e-05,1.394707722448562315e+01,2.700000000000000178e+00
2.392368083708359128e-01,1.399961449078497999e+01,3.204195325837644770e+00,1.399961423400175953e+01,1.410209893037972506e-05,1.394707722557948948e+01,2.700000000000000178e+00
2.394368083708361128e-01,1.399961449167506977e+01,3.202432623155248237e+00,1.399961423492201718e+01,1.410186450812034309e-05,1.394707722667098970e+01,2.700000000000000178e+00
2.396368083708363128e-01,1.399961449256311852e+01,3.200673943411482814e+00,1.399961423584015208e+01,1.410163076798198745e-05,1.394707722775997816e+01,2.700000000000000178e+00
2.398368083708365128e-01,1.399961449344918130e+01,3.198919277425768204e+00,1.399961423675622108e+01,1.410139839208568446e-05,1.394707722884651879e+01,2.700000000000000178e+00
2.400368083708367128e-01,1.399961449433311600e+01,3.197168616037247002e+00,1.399961423767006252e+01,1.410116669831040781e-05,1.394707722993048549e+01,2.700000000000000178e+00
2.402368083708369129e-01,1.399961449521510026e+01,3.195421950106537068e+00,1.399961423858191267e+01,1.410093409504042938e-05,1.394707723101203278e+01,2.700000000000000178e+00
2.404368083708371129e-01,1.399961449609500974e+01,3.193679270513217983e+00,1.399961423949158501e+01,1.410070262863882817e-05,1.394707723209106121e+01,2.700000000000000178e+00
2.406368083708373129e-01,1.399961449697306115e+01,3.191940568162385361e+00,1.399961424039931401e+01,1.410047298122663051e-05,1.394707723316777148e+01,2.700000000000000178e+00
2.408368083708375129e-01,1.399961449784898804e+01,3.190205833975220173e+00,1.399961424130486165e+01,1.410024265169340651e-05,1.394707723424190071e+01,2.700000000000000178e+00
2.410368083708377129e-01,1.399961449872291830e+01,3.188475058895003045e+00,1.399961424220831674e+01,1.410001323165488429e-05,1.394707723531358390e+01,2.700000000000000178e+00
2.412368083708379130e-01,1.399961449959491766e+01,3.186748233886787407e+00,1.399961424310978231e+01,1.409978472111106385e-05,1.394707723638288677e+01,2.700000000000000178e+00
2.414368083708381130e-01,1.399961450046471789e+01,3.185025349935378003e+00,1.399961424400898125e+01,1.409955416420416441e-05,1.394707723744954109e+01,2.700000000000000178e+00
2.416368083708383130e-01,1.399961450133275598e+01,3.183306398045476104e+00,1.399961424490631501e+01,1.409932701790239662e-05,1.394707723851398384e+01,2.700000000000000178e+00
2.418368083708385130e-01,1.399961450219877435e+01,3.181591369243988776e+00,1.399961424580158820e+01,1.409909759786387440e-05,1.394707723957595569e+01,2.700000000000000178e+00
2.420368083708387130e-01,1.399961450306283517e+01,3.179880254578113963e+00,1.399961424669477950e+01,1.409887227055151016e-05,1.394707724063552412e+01,2.700000000000000178e+00
2.422368083708389130e-01,1.399961450392494200e+01,3.178173045113988238e+00,1.399961424758594042e+01,1.409864648849179503e-05,1.394707724169269092e+01,2.700000000000000178e+00
2.424368083708391131e-01,1.399961450478490299e+01,3.176469731938300178e+00,1.399961424847492530e+01,1.409841911481635179e-05,1.394707724274726957e+01,2.700000000000000178e+00
2.426368083708393131e-01,1.399961450564302368e+01,3.174770306159710564e+00,1.399961424936193843e+01,1.409819537911971565e-05,1.394707724379956026e+01,2.700000000000000178e+00
2.428368083708395131e-01,1.399961450649915662e+01,3.173074758905724213e+00,1.399961425024694428e+01,1.409796891493897419e-05,1.394707724484942091e+01,2.700000000000000178e+00
2.430368083708397131e-01,1.399961450735342261e+01,3.171383081322982633e+00,1.399961425112998725e+01,1.409774495186866261e-05,1.394707724589697939e+01,2.700000000000000178e+00
2.432368083708399131e-01,1.399961450820569731e+01,3.169695264583666461e+00,1.399961425201095011e+01,1.409752144354570191e-05,1.394707724694209006e+01,2.700000000000000178e+00
2.434368083708401131e-01,1.399961450905604465e+01,3.168011299868337183e+00,1.399961425288993055e+01,1.409729748047539033e-05,1.394707724798484882e+01,2.700000000000000178e+00
2.436368083708403132e-01,1.399961450990429768e+01,3.166331178389727885e+00,1.399961425376675095e+01,1.409707283528405242e-05,1.394707724902507096e+01,2.700000000000000178e+00
2.438368083708405132e-01,1.399961451075083474e+01,3.164654891381148971e+00,1.399961425464175946e+01,1.409685205544519704e-05,1.394707725006313304e+01,2.700000000000000178e+00
2.440368083708407132e-01,1.399961451159531478e+01,3.162982430095180320e+00,1.399961425551463456e+01,1.409663036611163989e-05,1.394707725109871177e+01,2.700000000000000178e+00
2.442368083708409132e-01,1.399961451243782484e+01,3.161313785788383068e+00,1.399961425638548107e+01,1.409640753990970552e-05,1.394707725213186755e+01,2.700000000000000178e+00
2.444368083708411132e-01,1.399961451327854434e+01,3.159648949756739711e+00,1.399961425725444641e+01,1.409618857906025369e-05,1.394707725316280822e+01,2.700000000000000178e+00
2.446368083708413133e-01,1.399961451411721747e+01,3.157987913307121364e+00,1.399961425812131743e+01,1.409596643497934565e-05,1.394707725419126376e+01,2.700000000000000178e+00
2.448368083708415133e-01,1.399961451495402009e+01,3.156330667766475973e+00,1.399961425898623624e+01,1.409574565514049027e-05,1.394707725521742070e+01,2.700000000000000178e+00
2.450368083708417133e-01,1.399961451578890959e+01,3.154677204484423569e+00,1.399961425984912999e+01,1.409552737641206477e-05,1.394707725624123285e+01,2.700000000000000178e+00
2.452368083708419133e-01,1.399961451662195522e+01,3.153027514829316758e+00,1.399961426071013548e+01,1.409530955243099015e-05,1.394707725726276770e+01,2.700000000000000178e+00
2.454368083708421133e-01,1.399961451745311081e+01,3.151381590187723791e+00,1.399961426156919408e+01,1.409509081895521376e-05,1.394707725828198264e+01,2.700000000000000178e+00
2.456368083708423133e-01,1.399961451828225734e+01,3.149739421967088671e+00,1.399961426242614593e+01,1.409487299497413915e-05,1.394707725929875330e+01,2.700000000000000178e+00
2.458368083708425134e-01,1.399961451910958132e+01,3.148101001594499238e+00,1.399961426328120950e+01,1.409465630786144175e-05,1.394707726031328754e+01,2.700000000000000178e+00
2.460368083708427134e-01,1.399961451993499750e+01,3.146466320516038806e+00,1.399961426413431553e+01,1.409443825650669169e-05,1.394707726132547876e+01,2.700000000000000178e+00
2.462368083708429134e-01,1.399961452075850588e+01,3.144835370198288071e+00,1.399961426498542316e+01,1.409422179676766973e-05,1.394707726233533229e+01,2.700000000000000178e+00
2.464368083708431134e-01,1.399961452158028230e+01,3.143208142126244109e+00,1.399961426583473134e+01,1.409400579177599866e-05,1.394707726334302933e+01,2.700000000000000178e+00
2.466368083708433134e-01,1.399961452239998216e+01,3.141584627804663299e+00,1.399961426668188302e+01,1.409379046890535392e-05,1.394707726434822703e+01,2.700000000000000178e+00
2.468368083708435134e-01,1.399961452321790745e+01,3.139964818756910692e+00,1.399961426752722105e+01,1.409357446391368285e-05,1.394707726535123093e+01,2.700000000000000178e+00
2.470368083708437135e-01,1.399961452403395334e+01,3.138348706527962495e+00,1.399961426837055711e+01,1.409336141477979254e-05,1.394707726635192735e+01,2.700000000000000178e+00
2.472368083708439135e-01,1.399961452484811986e+01,3.136736282681317878e+00,1.399961426921197294e+01,1.409314768352487590e-05,1.394707726735032693e+01,2.700000000000000178e+00
2.474368083708441135e-01,1.399961452566042830e+01,3.135127538796855795e+00,1.399961427005146319e+01,1.409293372489628382e-05,1.394707726834645101e+01,2.700000000000000178e+00
2.476368083708443135e-01,1.399961452647090887e+01,3.133522466478684265e+00,1.399961427088904209e+01,1.409272067576239351e-05,1.394707726934031555e+01,2.700000000000000178e+00
2.478368083708445135e-01,1.399961452727957223e+01,3.131921057345535608e+00,1.399961427172475226e+01,1.409250785400217865e-05,1.394707727033195610e+01,2.700000000000000178e+00
2.480368083708447136e-01,1.399961452808638640e+01,3.130323303037553906e+00,1.399961427255851021e+01,1.409229776072606910e-05,1.394707727132131936e+01,2.700000000000000178e+00
2.482368083708449136e-01,1.399961452889126612e+01,3.128729195212681446e+00,1.399961427339030351e+01,1.409208516633952968e-05,1.394707727230834315e+01,2.700000000000000178e+00
2.484368083708451136e-01,1.399961452969436415e+01,3.127138725549126974e+00,1.399961427422021920e+01,1.409187348144769203e-05,1.394707727329316249e+01,2.700000000000000178e+00
2.486368083708453136e-01,1.399961453049561300e+01,3.125551885744122682e+00,1.399961427504823597e+01,1.409166293342423160e-05,1.394707727427571697e+01,2.700000000000000178e+00
2.488368083708455136e-01,1.399961453129506950e+01,3.123968667514007258e+00,1.399961427587437157e+01,1.409145306752179749e-05,1.394707727525607055e+01,2.700000000000000178e+00
2.490368083708457136e-01,1.399961453209274609e+01,3.122389062590165576e+00,1.399961427669867042e+01,1.409124342899303883e-05,1.394707727623423388e+01,2.700000000000000178e+00
2.492368083708459137e-01,1.399961453288847402e+01,3.120813062728518439e+00,1.399961427752094068e+01,1.409103424521163106e-05,1.394707727721001866e+01,2.700000000000000178e+00
2.494368083708461137e-01,1.399961453368247355e+01,3.119240659703110374e+00,1.399961427834141858e+01,1.409082574355124962e-05,1.394707727818368070e+01,2.700000000000000178e+00
2.496368083708463137e-01,1.399961453447465587e+01,3.117671845302971256e+00,1.399961427916003132e+01,1.409061655976984184e-05,1.394707727915512052e+01,2.700000000000000178e+00
2.498368083708465137e-01,1.399961453526493926e+01,3.116106611339013455e+00,1.399961427997663854e+01,1.409041010447253939e-05,1.394707728012424042e+01,2.700000000000000178e+00
2.500368083708466860e-01,1.399961453605351380e+01,3.114544949637528148e+00,1.399961428079150672e+01,1.409020205755950883e-05,1.394707728109124467e+01,2.700000000000000178e+00
2.502368083708468860e-01,1.399961453684031731e+01,3.112986852048219788e+00,1.399961428160450971e+01,1.408999628438323271e-05,1.394707728205607111e+01,2.700000000000000178e+00
2.504368083708470860e-01,1.399961453762522190e+01,3.111432310435638282e+00,1.399961428241556938e+01,1.408978914696490392e-05,1.394707728301859362e+01,2.700000000000000178e+00
2.506368083708472860e-01,1.399961453840843184e+01,3.109881316684192765e+00,1.399961428322485091e+01,1.408958337378862780e-05,1.394707728397901292e+01,2.700000000000000178e+00
2.508368083708474860e-01,1.399961453918987786e+01,3.108333862696607053e+00,1.399961428403230457e+01,1.408937851010705344e-05,1.394707728493726862e+01,2.700000000000000178e+00
2.510368083708476861e-01,1.399961453996938765e+01,3.106789940394180327e+00,1.399961428483773496e+01,1.408917410117282998e-05,1.394707728589318840e+01,2.700000000000000178e+00
2.512368083708478861e-01,1.399961454074721523e+01,3.105249541717090445e+00,1.399961428564144761e+01,1.408897014698595740e-05,1.394707728684701742e+01,2.700000000000000178e+00
2.514368083708480861e-01,1.399961454152321316e+01,3.103712658623780207e+00,1.399961428644326666e+01,1.408876482855703216e-05,1.394707728779861355e+01,2.700000000000000178e+00
2.516368083708482861e-01,1.399961454229747027e+01,3.102179283089919526e+00,1.399961428724325430e+01,1.408856132911751047e-05,1.394707728874806563e+01,2.700000000000000178e+00
2.518368083708484861e-01,1.399961454306998831e+01,3.100649407110566358e+00,1.399961428804145314e+01,1.408835828442533966e-05,1.394707728969538607e+01,2.700000000000000178e+00
2.520368083708486862e-01,1.399961454384084192e+01,3.099123022696646412e+00,1.399961428883789338e+01,1.408815774084359873e-05,1.394707729064064061e+01,2.700000000000000178e+00
2.522368083708488862e-01,1.399961454460973442e+01,3.097600121882952529e+00,1.399961428963235122e+01,1.408795401403040159e-05,1.394707729158353615e+01,2.700000000000000178e+00
2.524368083708490862e-01,1.399961454537695182e+01,3.096080696719707870e+00,1.399961429042503269e+01,1.408775347044866066e-05,1.394707729252436046e+01,2.700000000000000178e+00
2.526368083708492862e-01,1.399961454614242307e+01,3.094564739272551268e+00,1.399961429121592005e+01,1.408755178999854252e-05,1.394707729346303537e+01,2.700000000000000178e+00
2.528368083708494862e-01,1.399961454690618901e+01,3.093052241627534560e+00,1.399961429200502394e+01,1.408735192853782792e-05,1.394707729439961952e+01,2.700000000000000178e+00
2.530368083708496862e-01,1.399961454766812174e+01,3.091543195887788809e+00,1.399961429279226799e+01,1.408714933859300800e-05,1.394707729533396723e+01,2.700000000000000178e+00
2.532368083708498863e-01,1.399961454842836162e+01,3.090037594177267977e+00,1.399961429357770726e+01,1.408695084137434606e-05,1.394707729626624015e+01,2.700000000000000178e+00
2.534368083708500863e-01,1.399961454918686776e+01,3.088535428633969904e+00,1.399961429436137195e+01,1.408675007041892968e-05,1.394707729719637612e+01,2.700000000000000178e+00
2.536368083708502863e-01,1.399961454994371479e+01,3.087036691415444345e+00,1.399961429514330291e+01,1.408655225532129407e-05,1.394707729812446750e+01,2.700000000000000178e+00
2.538368083708504863e-01,1.399961455069875882e+01,3.085541374698889339e+00,1.399961429592337758e+01,1.408635375810263213e-05,1.394707729905036331e+01,2.700000000000000178e+00
2.540368083708506863e-01,1.399961455145205313e+01,3.084049470676235138e+00,1.399961429670160484e+01,1.408615639775234740e-05,1.394707729997412038e+01,2.700000000000000178e+00
2.542368083708508864e-01,1.399961455220367412e+01,3.082560971559507035e+00,1.399961429747814812e+01,1.408595835528103635e-05,1.394707730089580267e+01,2.700000000000000178e+00
2.544368083708510864e-01,1.399961455295352586e+01,3.081075869578297599e+00,1.399961429825281733e+01,1.408576076755707618e-05,1.394707730181534799e+01,2.700000000000000178e+00
2.546368083708512864e-01,1.399961455370177710e+01,3.079594156978790132e+00,1.399961429902584698e+01,1.408556363458046690e-05,1.394707730273289492e+01,2.700000000000000178e+00
2.548368083708514864e-01,1.399961455444815606e+01,3.078115826025200175e+00,1.399961429979691374e+01,1.408536900271428749e-05,1.394707730364818232e+01,2.700000000000000178e+00
2.550368083708516864e-01,1.399961455519297715e+01,3.076640869000319967e+00,1.399961430056639244e+01,1.408517232448502909e-05,1.394707730456152817e+01,2.700000000000000178e+00
2.552368083708518864e-01,1.399961455593606274e+01,3.075169278203476964e+00,1.399961430133404150e+01,1.408497814736620057e-05,1.394707730547274949e+01,2.700000000000000178e+00
2.554368083708520865e-01,1.399961455667744481e+01,3.073701045952914157e+00,1.399961430209994795e+01,1.408478283337899484e-05,1.394707730638189069e+01,2.700000000000000178e+00
2.556368083708522865e-01,1.399961455741711092e+01,3.072236164583720619e+00,1.399961430286405495e+01,1.408458797413913999e-05,1.394707730728893225e+01,2.700000000000000178e+00
2.558368083708524865e-01,1.399961455815512501e+01,3.070774626447750233e+00,1.399961430362647086e+01,1.408439447914133780e-05,1.394707730819394165e+01,2.700000000000000178e+00
2.560368083708526865e-01,1.399961455889148354e+01,3.069316423915914527e+00,1.399961430438715304e+01,1.408420075676986016e-05,1.394707730909690824e+01,2.700000000000000178e+00
2.562368083708528865e-01,1.399961455962608170e+01,3.067861549373194219e+00,1.399961430514601446e+01,1.408400748914573342e-05,1.394707730999773432e+01,2.700000000000000178e+00
2.564368083708530865e-01,1.399961456035901364e+01,3.066409995226276219e+00,1.399961430590312617e+01,1.408381604051101021e-05,1.394707731089651759e+01,2.700000000000000178e+00
2.566368083708532866e-01,1.399961456109031310e+01,3.064961753896414454e+00,1.399961430665857343e+01,1.408362368238158524e-05,1.394707731179328647e+01,2.700000000000000178e+00
2.568368083708534866e-01,1.399961456181985220e+01,3.063516817822157901e+00,1.399961430741222657e+01,1.408342973263643216e-05,1.394707731268792195e+01,2.700000000000000178e+00
2.570368083708536866e-01,1.399961456254787251e+01,3.062075179460511443e+00,1.399961430816424723e+01,1.408323942087008618e-05,1.394707731358066205e+01,2.700000000000000178e+00
2.572368083708538866e-01,1.399961456327416087e+01,3.060636831286375426e+00,1.399961430891447911e+01,1.408304979122476652e-05,1.394707731447129540e+01,2.700000000000000178e+00
2.574368083708540866e-01,1.399961456399881321e+01,3.059201765789862026e+00,1.399961430966304832e+01,1.408285856996371876e-05,1.394707731535990902e+01,2.700000000000000178e+00
2.576368083708542867e-01,1.399961456472180110e+01,3.057769975478843438e+00,1.399961431040985893e+01,1.408266894031839911e-05,1.394707731624649050e+01,2.700000000000000178e+00
2.578368083708544867e-01,1.399961456544310145e+01,3.056341452878604148e+00,1.399961431115492339e+01,1.408247976542043034e-05,1.394707731713100785e+01,2.700000000000000178e+00
2.580368083708546867e-01,1.399961456616271072e+01,3.054916190530962528e+00,1.399961431189825234e+01,1.408229036314878613e-05,1.394707731801346462e+01,2.700000000000000178e+00
2.582368083708548867e-01,1.399961456688081007e+01,3.053494180996441543e+00,1.399961431263999501e+01,1.408210232511919457e-05,1.394707731889403846e+01,2.700000000000000178e+00
2.584368083708550867e-01,1.399961456759720235e+01,3.052075416850164480e+00,1.399961431337998619e+01,1.408191292284755036e-05,1.394707731977253751e+01,2.700000000000000178e+00
2.586368083708552867e-01,1.399961456831189821e+01,3.050659890685124331e+00,1.399961431411822232e+01,1.408172533956530970e-05,1.394707732064896710e+01,2.700000000000000178e+00
2.588368083708554868e-01,1.399961456902507351e+01,3.049247595111692632e+00,1.399961431485487218e+01,1.408153752890939359e-05,1.394707732152350488e+01,2.700000000000000178e+00
2.590368083708556868e-01,1.399961456973654705e+01,3.047838522757763347e+00,1.399961431558975633e+01,1.408135085512185469e-05,1.394707732239597675e+01,2.700000000000000178e+00
2.592368083708558868e-01,1.399961457044635260e+01,3.046432666266583933e+00,1.399961431632292808e+01,1.408116258971858770e-05,1.394707732326641292e+01,2.700000000000000178e+00
2.594368083708560868e-01,1.399961457115468022e+01,3.045030018298767516e+00,1.399961431705453130e+01,1.408097773492045235e-05,1.394707732413500523e+01,2.700000000000000178e+00
2.596368083708562868e-01,1.399961457186130076e+01,3.043630571531179108e+00,1.399961431778438659e+01,1.408079265274864156e-05,1.394707732500151920e+01,2.700000000000000178e+00
2.598368083708564868e-01,1.399961457256633324e+01,3.042234318657220715e+00,1.399961431851258808e+01,1.408060711582947988e-05,1.394707732586608628e+01,2.700000000000000178e+00
2.600368083708566869e-01,1.399961457326982206e+01,3.040841252390149574e+00,1.399961431923921040e+01,1.408042135153664276e-05,1.394707732672874378e+01,2.700000000000000178e+00
2.602368083708568869e-01,1.399961457397161446e+01,3.039451365453907261e+00,1.399961431996404215e+01,1.408023740623320919e-05,1.394707732758933894e+01,2.700000000000000178e+00
2.604368083708570869e-01,1.399961457467185610e+01,3.038064650595334371e+00,1.399961432068730716e+01,1.408005323355610017e-05,1.394707732844802983e+01,2.700000000000000178e+00
2.606368083708572869e-01,1.399961457537038356e+01,3.036681100573051850e+00,1.399961432140875850e+01,1.407986928825266659e-05,1.394707732930462818e+01,2.700000000000000178e+00
2.608368083708574869e-01,1.399961457606751125e+01,3.035300708166022154e+00,1.399961432212875501e+01,1.407968807143333834e-05,1.394707733015948037e+01,2.700000000000000178e+00
2.610368083708576870e-01,1.399961457676294430e+01,3.033923466167469218e+00,1.399961432284701424e+01,1.407950549037195742e-05,1.394707733101227376e+01,2.700000000000000178e+00
2.612368083708578870e-01,1.399961457745674842e+01,3.032549367383334804e+00,1.399961432356359836e+01,1.407932109032117296e-05,1.394707733186307763e+01,2.700000000000000178e+00
2.614368083708580870e-01,1.399961457814907639e+01,3.031178404638880330e+00,1.399961432427862462e+01,1.407914032824919559e-05,1.394707733271204830e+01,2.700000000000000178e+00
2.616368083708582870e-01,1.399961457883972216e+01,3.029810570779841949e+00,1.399961432499192249e+01,1.407895888405619189e-05,1.394707733355897972e+01,2.700000000000000178e+00
2.618368083708584870e-01,1.399961457952874255e+01,3.028445858668467938e+00,1.399961432570353281e+01,1.407877743986318819e-05,1.394707733440392872e+01,2.700000000000000178e+00
2.620368083708586870e-01,1.399961458021630456e+01,3.027084261183472513e+00,1.399961432641361903e+01,1.407859781465958804e-05,1.394707733524706406e+01,2.700000000000000178e+00
2.622368083708588871e-01,1.399961458090233712e+01,3.025725771210311610e+00,1.399961432712213849e+01,1.407841773470863700e-05,1.394707733608830580e+01,2.700000000000000178e+00
2.624368083708590871e-01,1.399961458158671945e+01,3.024370381658622708e+00,1.399961432782895621e+01,1.407823629051563330e-05,1.394707733692755980e+01,2.700000000000000178e+00
2.626368083708592871e-01,1.399961458226948352e+01,3.023018085450752235e+00,1.399961432853406862e+01,1.407805757480673492e-05,1.394707733776482961e+01,2.700000000000000178e+00
2.628368083708594871e-01,1.399961458295083538e+01,3.021668875527071307e+00,1.399961432923772620e+01,1.407787840435048565e-05,1.394707733860034260e+01,2.700000000000000178e+00
2.630368083708596871e-01,1.399961458363053524e+01,3.020322744845065799e+00,1.399961432993968202e+01,1.407770014338893816e-05,1.394707733943384831e+01,2.700000000000000178e+00
2.632368083708598872e-01,1.399961458430866124e+01,3.018979686375883098e+00,1.399961433064000715e+01,1.407752142768003978e-05,1.394707734026542667e+01,2.700000000000000178e+00
2.634368083708600872e-01,1.399961458498534661e+01,3.017639693109948507e+00,1.399961433133884370e+01,1.407734316671849228e-05,1.394707734109521624e+01,2.700000000000000178e+00
2.636368083708602872e-01,1.399961458566039951e+01,3.016302758049002719e+00,1.399961433203596428e+01,1.407716626999899745e-05,1.394707734192302873e+01,2.700000000000000178e+00
2.638368083708604872e-01,1.399961458633383415e+01,3.014968874214876138e+00,1.399961433273143996e+01,1.407698800903744996e-05,1.394707734274886768e+01,2.700000000000000178e+00
2.640368083708606872e-01,1.399961458700590633e+01,3.013638034644004815e+00,1.399961433342546080e+01,1.407681270393368322e-05,1.394707734357299422e+01,2.700000000000000178e+00
2.642368083708608872e-01,1.399961458767639755e+01,3.012310232387751974e+00,1.399961433411787048e+01,1.407663739882991649e-05,1.394707734439519697e+01,2.700000000000000178e+00
2.644368083708610873e-01,1.399961458834524741e+01,3.010985460515696044e+00,1.399961433480858553e+01,1.407646118423144799e-05,1.394707734521541376e+01,2.700000000000000178e+00
2.646368083708612873e-01,1.399961458901276323e+01,3.009663712110105749e+00,1.399961433549790790e+01,1.407628496963297948e-05,1.394707734603395188e+01,2.700000000000000178e+00
2.648368083708614873e-01,1.399961458967864658e+01,3.008344980271433933e+00,1.399961433618552853e+01,1.407611171089229174e-05,1.394707734685050582e+01,2.700000000000000178e+00
2.650368083708616873e-01,1.399961459034298272e+01,3.007029258114544135e+00,1.399961433687156820e+01,1.407593549629382323e-05,1.394707734766517682e+01,2.700000000000000178e+00
2.652368083708618873e-01,1.399961459100571659e+01,3.005716538771269430e+00,1.399961433755596829e+01,1.407575973644270562e-05,1.394707734847789915e+01,2.700000000000000178e+00
2.654368083708620873e-01,1.399961459166724431e+01,3.004406815387620444e+00,1.399961433823904322e+01,1.407558920618612319e-05,1.394707734928906717e+01,2.700000000000000178e+00
2.656368083708622874e-01,1.399961459232702410e+01,3.003100081127411336e+00,1.399961433892036133e+01,1.407541481057705823e-05,1.394707735009815330e+01,2.700000000000000178e+00
2.658368083708624874e-01,1.399961459298531885e+01,3.001796329167054189e+00,1.399961433960013579e+01,1.407524223395739682e-05,1.394707735090541156e+01,2.700000000000000178e+00
2.660368083708626874e-01,1.399961459364214278e+01,3.000495552701651913e+00,1.399961434027838258e+01,1.407506829309568275e-05,1.394707735171086149e+01,2.700000000000000178e+00
2.662368083708628874e-01,1.399961459429748167e+01,2.999197744940042654e+00,1.399961434095509283e+01,1.407489662597072311e-05,1.394707735251448177e+01,2.700000000000000178e+00
2.664368083708630874e-01,1.399961459495129823e+01,2.997902899105408636e+00,1.399961434163022034e+01,1.407472473147208802e-05,1.394707735331624576e+01,2.700000000000000178e+00
2.666368083708632875e-01,1.399961459560365817e+01,2.996611008438868851e+00,1.399961434230384327e+01,1.407455306434712838e-05,1.394707735411621385e+01,2.700000000000000178e+00
2.668368083708634875e-01,1.399961459625441940e+01,2.995322066195598598e+00,1.399961434297580176e+01,1.407438230671687052e-05,1.394707735491424394e+01,2.700000000000000178e+00
2.670368083708636875e-01,1.399961459690388921e+01,2.994036065648182365e+00,1.399961434364643686e+01,1.407421154908661265e-05,1.394707735571064866e+01,2.700000000000000178e+00
2.672368083708638875e-01,1.399961459755169280e+01,2.992753000080674575e+00,1.399961434431532936e+01,1.407404124620370567e-05,1.394707735650505320e+01,2.700000000000000178e+00
2.674368083708640875e-01,1.399961459819809484e+01,2.991472862795766297e+00,1.399961434498279544e+01,1.407387071594712324e-05,1.394707735729771869e+01,2.700000000000000178e+00
2.676368083708642875e-01,1.399961459884310777e+01,2.990195647110532207e+00,1.399961434564878715e+01,1.407370223205361981e-05,1.394707735808866467e+01,2.700000000000000178e+00
2.678368083708644876e-01,1.399961459948649001e+01,2.988921346357248598e+00,1.399961434631311263e+01,1.407353306603909004e-05,1.394707735887764422e+01,2.700000000000000178e+00
2.680368083708646876e-01,1.399961460012847425e+01,2.987649953882337339e+00,1.399961434697598150e+01,1.407336458214558661e-05,1.394707735966489537e+01,2.700000000000000178e+00
2.682368083708648876e-01,1.399961460076893083e+01,2.986381463048753293e+00,1.399961434763727475e+01,1.407319587087840773e-05,1.394707736045028668e+01,2.700000000000000178e+00
2.684368083708650876e-01,1.399961460140804093e+01,2.985115867234398923e+00,1.399961434829718598e+01,1.407302647749020252e-05,1.394707736123400110e+01,2.700000000000000178e+00
2.686368083708652876e-01,1.399961460204557717e+01,2.983853159833168345e+00,1.399961434895543100e+01,1.407286049470712896e-05,1.394707736201580772e+01,2.700000000000000178e+00
2.688368083708654876e-01,1.399961460268175095e+01,2.982593334251225414e+00,1.399961434961228512e+01,1.407269360242935363e-05,1.394707736279592858e+01,2.700000000000000178e+00
2.690368083708656877e-01,1.399961460331648766e+01,2.981336383912553512e+00,1.399961435026764534e+01,1.407252693752525374e-05,1.394707736357427841e+01,2.700000000000000178e+00
2.692368083708658877e-01,1.399961460394970025e+01,2.980082302253941329e+00,1.399961435092142814e+01,1.407236095474218018e-05,1.394707736435077727e+01,2.700000000000000178e+00
2.694368083708660877e-01,1.399961460458150242e+01,2.978831082728930379e+00,1.399961435157377032e+01,1.407219360771705396e-05,1.394707736512554597e+01,2.700000000000000178e+00
2.696368083708662877e-01,1.399961460521183376e+01,2.977582718805908968e+00,1.399961435222457240e+01,1.407202762493398041e-05,1.394707736589850633e+01,2.700000000000000178e+00
2.698368083708664877e-01,1.399961460584077244e+01,2.976337203967712508e+00,1.399961435287390543e+01,1.407186437063501216e-05,1.394707736666976317e+01,2.700000000000000178e+00
2.700368083708666878e-01,1.399961460646826339e+01,2.975094531711292678e+00,1.399961435352178363e+01,1.407169725098356139e-05,1.394707736743923476e+01,2.700000000000000178e+00
2.702368083708668878e-01,1.399961460709426575e+01,2.973854695550012472e+00,1.399961435416811284e+01,1.407153240506886505e-05,1.394707736820690336e+01,2.700000000000000178e+00
2.704368083708670878e-01,1.399961460771889676e+01,2.972617689010102371e+00,1.399961435481298722e+01,1.407137006026459858e-05,1.394707736897286487e+01,2.700000000000000178e+00
2.706368083708672878e-01,1.399961460834215998e+01,2.971383505633525601e+00,1.399961435545647781e+01,1.407120544172357768e-05,1.394707736973714240e+01,2.700000000000000178e+00
2.708368083708674878e-01,1.399961460896386178e+01,2.970152138978387590e+00,1.399961435609833948e+01,1.407104309691931121e-05,1.394707737049953700e+01,2.700000000000000178e+00
2.710368083708676878e-01,1.399961460958424020e+01,2.968923582614886758e+00,1.399961435673883337e+01,1.407087825100461487e-05,1.394707737126028668e+01,2.700000000000000178e+00
2.712368083708678879e-01,1.399961461020315134e+01,2.967697830130860304e+00,1.399961435737782800e+01,1.407071499670564663e-05,1.394707737201925291e+01,2.700000000000000178e+00
2.714368083708680879e-01,1.399961461082069469e+01,2.966474875125199251e+00,1.399961435801535536e+01,1.407055378876975738e-05,1.394707737277651916e+01,2.700000000000000178e+00
2.716368083708682879e-01,1.399961461143679209e+01,2.965254711214421857e+00,1.399961435865141368e+01,1.407039303558121901e-05,1.394707737353204102e+01,2.700000000000000178e+00
2.718368083708684879e-01,1.399961461205147728e+01,2.964037332028291782e+00,1.399961435928600295e+01,1.407023137289797887e-05,1.394707737428581318e+01,2.700000000000000178e+00
2.720368083708686879e-01,1.399961461266484619e+01,2.962822731212197080e+00,1.399961435991925107e+01,1.407006993758841418e-05,1.394707737503796352e+01,2.700000000000000178e+00
2.722368083708688880e-01,1.399961461327670520e+01,2.961610902423289282e+00,1.399961436055092356e+01,1.406990850227884948e-05,1.394707737578827711e+01,2.700000000000000178e+00
2.724368083708690880e-01,1.399961461388721418e+01,2.960401839338667962e+00,1.399961436118117497e+01,1.406974911333236378e-05,1.394707737653692803e+01,2.700000000000000178e+00
2.726368083708692880e-01,1.399961461449641220e+01,2.959195535644179920e+00,1.399961436181009766e+01,1.406958836014382541e-05,1.394707737728396069e+01,2.700000000000000178e+00
2.728368083708694880e-01,1.399961461510403105e+01,2.957991985038415983e+00,1.399961436243739676e+01,1.406942828907631338e-05,1.394707737802908909e+01,2.700000000000000178e+00
2.730368083708696880e-01,1.399961461571040822e+01,2.956791181242790501e+00,1.399961436306336182e+01,1.406927049174555577e-05,1.394707737877267206e+01,2.700000000000000178e+00
2.732368083708698880e-01,1.399961461631536608e+01,2.955593117986518692e+00,1.399961436368789158e+01,1.406911064805171918e-05,1.394707737951451598e+01,2.700000000000000178e+00
2.734368083708700881e-01,1.399961461691895437e+01,2.954397789015844822e+00,1.399961436431100203e+01,1.406895239597361069e-05,1.394707738025467947e+01,2.700000000000000178e+00
2.736368083708702881e-01,1.399961461752109848e+01,2.953205188090263444e+00,1.399961436493262212e+01,1.406879300702712499e-05,1.394707738099308791e+01,2.700000000000000178e+00
2.738368083708704881e-01,1.399961461812201868e+01,2.952015308983632735e+00,1.399961436555294192e+01,1.406863657393842004e-05,1.394707738172995626e+01,2.700000000000000178e+00
2.740368083708706881e-01,1.399961461872140589e+01,2.950828145483733955e+00,1.399961436617170207e+01,1.406847854923398700e-05,1.394707738246499140e+01,2.700000000000000178e+00
2.742368083708708881e-01,1.399961461931956386e+01,2.949643691393085465e+00,1.399961436678920990e+01,1.406831961503485218e-05,1.394707738319847401e+01,2.700000000000000178e+00
2.744368083708710881e-01,1.399961461991622613e+01,2.948461940527838276e+00,1.399961436740511722e+01,1.406816363669349812e-05,1.394707738393016783e+01,2.700000000000000178e+00
2.746368083708712882e-01,1.399961462051150285e+01,2.947282886718637585e+00,1.399961436801963011e+01,1.406800697623111773e-05,1.394707738466016167e+01,2.700000000000000178e+00
2.748368083708714882e-01,1.399961462110555743e+01,2.946106523811731215e+00,1.399961436863285513e+01,1.406785168001079001e-05,1.394707738538862074e+01,2.700000000000000178e+00
2.750368083708716882e-01,1.399961462169821758e+01,2.944932845663315923e+00,1.399961436924465730e+01,1.406769570166943595e-05,1.394707738611539050e+01,2.700000000000000178e+00
2.752368083708718882e-01,1.399961462228945486e+01,2.943761846147300520e+00,1.399961436985497620e+01,1.406754017807543278e-05,1.394707738684041409e+01,2.700000000000000178e+00
2.754368083708720882e-01,1.399961462287945402e+01,2.942593519150298320e+00,1.399961437046400903e+01,1.406738510922878049e-05,1.394707738756390825e+01,2.700000000000000178e+00
2.756368083708722883e-01,1.399961462346805163e+01,2.941427858572724485e+00,1.399961437107157991e+01,1.406723117725050543e-05,1.394707738828568466e+01,2.700000000000000178e+00
2.758368083708724883e-01,1.399961462405526547e+01,2.940264858328837771e+00,1.399961437167774747e+01,1.406707588103017770e-05,1.394707738900578420e+01,2.700000000000000178e+00
2.760368083708726883e-01,1.399961462464123763e+01,2.939104512347887610e+00,1.399961437228259520e+01,1.406692308592027985e-05,1.394707738972433120e+01,2.700000000000000178e+00
2.762368083708728883e-01,1.399961462522573008e+01,2.937946814570596032e+00,1.399961437288594368e+01,1.406676824444730300e-05,1.394707739044110006e+01,2.700000000000000178e+00
2.764368083708730883e-01,1.399961462580904659e+01,2.936791758956116993e+00,1.399961437348804516e+01,1.406661522196372971e-05,1.394707739115638923e+01,2.700000000000000178e+00
2.766368083708732883e-01,1.399961462639095622e+01,2.935639339471606934e+00,1.399961437408869536e+01,1.406646333634853363e-05,1.394707739186997308e+01,2.700000000000000178e+00
2.768368083708734884e-01,1.399961462697155135e+01,2.934489550101073707e+00,1.399961437468801151e+01,1.406630985911760945e-05,1.394707739258194223e+01,2.700000000000000178e+00
2.770368083708736884e-01,1.399961462755075559e+01,2.933342384842691608e+00,1.399961437528586927e+01,1.406615751875506248e-05,1.394707739329222029e+01,2.700000000000000178e+00
2.772368083708738884e-01,1.399961462812867197e+01,2.932197837707509525e+00,1.399961437588239832e+01,1.406600631526089273e-05,1.394707739400090851e+01,2.700000000000000178e+00
2.774368083708740884e-01,1.399961462870527917e+01,2.931055902719649886e+00,1.399961437647756668e+01,1.406585442964569665e-05,1.394707739470798558e+01,2.700000000000000178e+00
2.776368083708742884e-01,1.399961462928061096e+01,2.929916573918488698e+00,1.399961437707142231e+01,1.406570299877785146e-05,1.394707739541349767e+01,2.700000000000000178e+00
2.778368083708744884e-01,1.399961462985455007e+01,2.928779845355546474e+00,1.399961437766382666e+01,1.406555202265735716e-05,1.394707739611731512e+01,2.700000000000000178e+00
2.780368083708746885e-01,1.399961463042726351e+01,2.927645711095510084e+00,1.399961437825495736e+01,1.406540309289994184e-05,1.394707739681961378e+01,2.700000000000000178e+00
2.782368083708748885e-01,1.399961463099861625e+01,2.926514165218463415e+00,1.399961437884469007e+01,1.406525211677944753e-05,1.394707739752024800e+01,2.700000000000000178e+00
2.784368083708750885e-01,1.399961463156866692e+01,2.925385201816218306e+00,1.399961437943306919e+01,1.406510250490100589e-05,1.394707739821930303e+01,2.700000000000000178e+00
2.786368083708752885e-01,1.399961463213743151e+01,2.924258814994740163e+00,1.399961438002012493e+01,1.406495289302256424e-05,1.394707739891675935e+01,2.700000000000000178e+00
2.788368083708754885e-01,1.399961463270490647e+01,2.923134998876063761e+00,1.399961438060586438e+01,1.406480259902309626e-05,1.394707739961263826e+01,2.700000000000000178e+00
2.790368083708756886e-01,1.399961463327102784e+01,2.922013747591218014e+00,1.399961438119016854e+01,1.406465480613405816e-05,1.394707740030686871e+01,2.700000000000000178e+00
2.792368083708758886e-01,1.399961463383591642e+01,2.920895055287114239e+00,1.399961438177319195e+01,1.406450746799237095e-05,1.394707740099958215e+01,2.700000000000000178e+00
2.794368083708760886e-01,1.399961463439953491e+01,2.919778916123870527e+00,1.399961438235493283e+01,1.406435762874025386e-05,1.394707740169072530e+01,2.700000000000000178e+00
2.796368083708762886e-01,1.399961463496183178e+01,2.918665324273817863e+00,1.399961438293529881e+01,1.406420983585121576e-05,1.394707740238025728e+01,2.700000000000000178e+00
2.798368083708764886e-01,1.399961463552287277e+01,2.917554273922589037e+00,1.399961438351435028e+01,1.406406272508320399e-05,1.394707740306824029e+01,2.700000000000000178e+00
2.800368083708766886e-01,1.399961463608260459e+01,2.916445759271381277e+00,1.399961438409204462e+01,1.406391584168886766e-05,1.394707740375462812e+01,2.700000000000000178e+00
2.802368083708768887e-01,1.399961463664108940e+01,2.915339774533242778e+00,1.399961438466845465e+01,1.406376895829453133e-05,1.394707740443947941e+01,2.700000000000000178e+00
2.804368083708770887e-01,1.399961463719822241e+01,2.914236313933007860e+00,1.399961438524347912e+01,1.406362298439489678e-05,1.394707740512269112e+01,2.700000000000000178e+00
2.806368083708772887e-01,1.399961463775424164e+01,2.913135371711105481e+00,1.399961438581732409e+01,1.406347746524261311e-05,1.394707740580450661e+01,2.700000000000000178e+00
2.808368083708774887e-01,1.399961463830881492e+01,2.912036942118788829e+00,1.399961438638968758e+01,1.406333171871665400e-05,1.394707740648457772e+01,2.700000000000000178e+00
2.810368083708776887e-01,1.399961463886218560e+01,2.910941019421579679e+00,1.399961438696082716e+01,1.406318506269599311e-05,1.394707740716316913e+01,2.700000000000000178e+00
2.812368083708778888e-01,1.399961463941435902e+01,2.909847597898878480e+00,1.399961438753071441e+01,1.406303931617003400e-05,1.394707740784027195e+01,2.700000000000000178e+00
2.814368083708780888e-01,1.399961463996515398e+01,2.908756671842229302e+00,1.399961438809914149e+01,1.406289698024920654e-05,1.394707740851571565e+01,2.700000000000000178e+00
2.816368083708782888e-01,1.399961464051478366e+01,2.907668235556615688e+00,1.399961438866643704e+01,1.406274986948119476e-05,1.394707740918970273e+01,2.700000000000000178e+00
2.818368083708784888e-01,1.399961464106314324e+01,2.906582283359142149e+00,1.399961438923231860e+01,1.406260844305506907e-05,1.394707740986214439e+01,2.700000000000000178e+00
2.820368083708786888e-01,1.399961464161015989e+01,2.905498809579890818e+00,1.399961438979686434e+01,1.406246406077116262e-05,1.394707741053295358e+01,2.700000000000000178e+00
2.822368083708788888e-01,1.399961464215605744e+01,2.904417808564676129e+00,1.399961439036025901e+01,1.406232013323460706e-05,1.394707741120236832e+01,2.700000000000000178e+00
2.824368083708790889e-01,1.399961464270059075e+01,2.903339274667367409e+00,1.399961439092224680e+01,1.406217643307172693e-05,1.394707741187012928e+01,2.700000000000000178e+00
2.826368083708792889e-01,1.399961464324404936e+01,2.902263202259131702e+00,1.399961439148309594e+01,1.406203432452457491e-05,1.394707741253653843e+01,2.700000000000000178e+00
2.828368083708794889e-01,1.399961464378604425e+01,2.901189585720647113e+00,1.399961439204246005e+01,1.406189016961434390e-05,1.394707741320119965e+01,2.700000000000000178e+00
2.830368083708796889e-01,1.399961464432706393e+01,2.900118419450537388e+00,1.399961439260077256e+01,1.406175101692497265e-05,1.394707741386460853e+01,2.700000000000000178e+00
2.832368083708798889e-01,1.399961464486666785e+01,2.899049697851344476e+00,1.399961439315764977e+01,1.406160845363046974e-05,1.394707741452632277e+01,2.700000000000000178e+00
2.834368083708800889e-01,1.399961464540504252e+01,2.897983415348477365e+00,1.399961439371326044e+01,1.406146589033596683e-05,1.394707741518652355e+01,2.700000000000000178e+00
2.836368083708802890e-01,1.399961464594219329e+01,2.896919566372968990e+00,1.399961439426759036e+01,1.406132560077821836e-05,1.394707741584523575e+01,2.700000000000000178e+00
2.838368083708804890e-01,1.399961464647822318e+01,2.895858145370790560e+00,1.399961439482076742e+01,1.406118485647311900e-05,1.394707741650253574e+01,2.700000000000000178e+00
2.840368083708806890e-01,1.399961464701295277e+01,2.894799146801263490e+00,1.399961439537259977e+01,1.406104297529964242e-05,1.394707741715826366e+01,2.700000000000000178e+00
2.842368083708808890e-01,1.399961464754653129e+01,2.893742565133612832e+00,1.399961439592323664e+01,1.406090359523659572e-05,1.394707741781256516e+01,2.700000000000000178e+00
2.844368083708810890e-01,1.399961464807875267e+01,2.892688394857956702e+00,1.399961439647246486e+01,1.406076489729457535e-05,1.394707741846523064e+01,2.700000000000000178e+00
2.846368083708812891e-01,1.399961464860983718e+01,2.891636630461237978e+00,1.399961439702054200e+01,1.406062369824212510e-05,1.394707741911649279e+01,2.700000000000000178e+00
2.848368083708814891e-01,1.399961464913974218e+01,2.890587266466259742e+00,1.399961439756737569e+01,1.406048431817907840e-05,1.394707741976629123e+01,2.700000000000000178e+00
2.850368083708816891e-01,1.399961464966828828e+01,2.889540297383318634e+00,1.399961439811280250e+01,1.406034630235808436e-05,1.394707742041446075e+01,2.700000000000000178e+00
2.852368083708818891e-01,1.399961465019581830e+01,2.888495717749148817e+00,1.399961439865716883e+01,1.406020851391076576e-05,1.394707742106134063e+01,2.700000000000000178e+00
2.854368083708820891e-01,1.399961465072208000e+01,2.887453522112414461e+00,1.399961439920025619e+01,1.406006822435301729e-05,1.394707742170668041e+01,2.700000000000000178e+00
2.856368083708822891e-01,1.399961465124707871e+01,2.886413705033299415e+00,1.399961439974202371e+01,1.405993020853202324e-05,1.394707742235048720e+01,2.700000000000000178e+00
2.858368083708824892e-01,1.399961465177095121e+01,2.885376261072633675e+00,1.399961440028261705e+01,1.405979242008470464e-05,1.394707742299289421e+01,2.700000000000000178e+00
2.860368083708826892e-01,1.399961465229363711e+01,2.884341184829465110e+00,1.399961440082195807e+01,1.405965758749516681e-05,1.394707742363384284e+01,2.700000000000000178e+00
2.862368083708828892e-01,1.399961465281502626e+01,2.883308470889233810e+00,1.399961440136000412e+01,1.405951934430049732e-05,1.394707742427323538e+01,2.700000000000000178e+00
2.864368083708830892e-01,1.399961465333531230e+01,2.882278113865131886e+00,1.399961440189689554e+01,1.405938132847950328e-05,1.394707742491124591e+01,2.700000000000000178e+00
2.866368083708832892e-01,1.399961465385444725e+01,2.881250108378311303e+00,1.399961440243257371e+01,1.405924558639526367e-05,1.394707742554783358e+01,2.700000000000000178e+00
2.868368083708834892e-01,1.399961465437235120e+01,2.880224449061801639e+00,1.399961440296698889e+01,1.405911029905837495e-05,1.394707742618293089e+01,2.700000000000000178e+00
2.870368083708836893e-01,1.399961465488905077e+01,2.879201130559699617e+00,1.399961440350016950e+01,1.405897501172148623e-05,1.394707742681655205e+01,2.700000000000000178e+00
2.872368083708838893e-01,1.399961465540458505e+01,2.878180147529718624e+00,1.399961440403215995e+01,1.405883699590049218e-05,1.394707742744873791e+01,2.700000000000000178e+00
2.874368083708840893e-01,1.399961465591899312e+01,2.877161494643794448e+00,1.399961440456295136e+01,1.405870375492668245e-05,1.394707742807953998e+01,2.700000000000000178e+00
2.876368083708842893e-01,1.399961465643212755e+01,2.876145166582214419e+00,1.399961440509245669e+01,1.405856801284244284e-05,1.394707742870879308e+01,2.700000000000000178e+00
2.878368083708844893e-01,1.399961465694422813e+01,2.875131158038399359e+00,1.399961440562083581e+01,1.405843431712128222e-05,1.394707742933675121e+01,2.700000000000000178e+00
2.880368083708846894e-01,1.399961465745500000e+01,2.874119463720869572e+00,1.399961440614790753e+01,1.405829902978439350e-05,1.394707742996311772e+01,2.700000000000000178e+00
2.882368083708848894e-01,1.399961465796469184e+01,2.873110078346493346e+00,1.399961440667381218e+01,1.405816556143690832e-05,1.394707743058814131e+01,2.700000000000000178e+00
2.884368083708850894e-01,1.399961465847322195e+01,2.872102996645805817e+00,1.399961440719853023e+01,1.405803391207882669e-05,1.394707743121173671e+01,2.700000000000000178e+00
2.886368083708852894e-01,1.399961465898061164e+01,2.871098213361146456e+00,1.399961440772209187e+01,1.405789907948928885e-05,1.394707743183392878e+01,2.700000000000000178e+00
2.888368083708854894e-01,1.399961465948669925e+01,2.870095723247273689e+00,1.399961440824429104e+01,1.405776538376812823e-05,1.394707743245455589e+01,2.700000000000000178e+00
2.890368083708856894e-01,1.399961465999180987e+01,2.869095521070884391e+00,1.399961440876547236e+01,1.405763373441004660e-05,1.394707743307395376e+01,2.700000000000000178e+00
2.892368083708858895e-01,1.399961466049571079e+01,2.868097601608942337e+00,1.399961440928541201e+01,1.405750094818358775e-05,1.394707743369187547e+01,2.700000000000000178e+00
2.894368083708860895e-01,1.399961466099841267e+01,2.867101959653552079e+00,1.399961440980412064e+01,1.405736793458345346e-05,1.394707743430833169e+01,2.700000000000000178e+00
2.896368083708862895e-01,1.399961466149999012e+01,2.866108590005934875e+00,1.399961441032165865e+01,1.405723537573067006e-05,1.394707743492341123e+01,2.700000000000000178e+00
2.898368083708864895e-01,1.399961466200054794e+01,2.865117487480288716e+00,1.399961441083810065e+01,1.405710645485669374e-05,1.394707743553720647e+01,2.700000000000000178e+00
2.900368083708866895e-01,1.399961466249982855e+01,2.864128646902362796e+00,1.399961441135327611e+01,1.405697366863023490e-05,1.394707743614946693e+01,2.700000000000000178e+00
2.902368083708868896e-01,1.399961466299789414e+01,2.863142063109190616e+00,1.399961441186717970e+01,1.405684247401950415e-05,1.394707743676025835e+01,2.700000000000000178e+00
2.904368083708870896e-01,1.399961466349499695e+01,2.862157730950697143e+00,1.399961441238006898e+01,1.405671264365082607e-05,1.394707743736982941e+01,2.700000000000000178e+00
2.906368083708872896e-01,1.399961466399092203e+01,2.861175645288849712e+00,1.399961441289177877e+01,1.405658099429274444e-05,1.394707743797796695e+01,2.700000000000000178e+00
2.908368083708874896e-01,1.399961466448572089e+01,2.860195800994559612e+00,1.399961441340227353e+01,1.405645298291346990e-05,1.394707743858472604e+01,2.700000000000000178e+00
2.910368083708876896e-01,1.399961466497934204e+01,2.859218192953704829e+00,1.399961441391157990e+01,1.405632224305009004e-05,1.394707743919003917e+01,2.700000000000000178e+00
2.912368083708878896e-01,1.399961466547184408e+01,2.858242816063939706e+00,1.399961441441973342e+01,1.405619286742876284e-05,1.394707743979398806e+01,2.700000000000000178e+00
2.914368083708880897e-01,1.399961466596328563e+01,2.857269665231751965e+00,1.399961441492677672e+01,1.405606462867581286e-05,1.394707744039661890e+01,2.700000000000000178e+00
2.916368083708882897e-01,1.399961466645345354e+01,2.856298735375846221e+00,1.399961441543252683e+01,1.405593411618610844e-05,1.394707744099772384e+01,2.700000000000000178e+00
2.918368083708884897e-01,1.399961466694268886e+01,2.855330021430062537e+00,1.399961441593727862e+01,1.405580633218050934e-05,1.394707744159763863e+01,2.700000000000000178e+00
2.920368083708886897e-01,1.399961466743061678e+01,2.854363518334632310e+00,1.399961441644070526e+01,1.405567741130653303e-05,1.394707744219599732e+01,2.700000000000000178e+00
2.922368083708888897e-01,1.399961466791759079e+01,2.853399221045117784e+00,1.399961441694312647e+01,1.405554962730093393e-05,1.394707744279315165e+01,2.700000000000000178e+00
2.924368083708890897e-01,1.399961466840337998e+01,2.852437124527284151e+00,1.399961441744432378e+01,1.405542252541636117e-05,1.394707744338886357e+01,2.700000000000000178e+00
2.926368083708892898e-01,1.399961466888813177e+01,2.851477223757585833e+00,1.399961441794444461e+01,1.405529542353178840e-05,1.394707744398329474e+01,2.700000000000000178e+00
2.928368083708894898e-01,1.399961466937164545e+01,2.850519513724464105e+00,1.399961441844331311e+01,1.405516786689986475e-05,1.394707744457623200e+01,2.700000000000000178e+00
2.930368083708896898e-01,1.399961466985423542e+01,2.849563989429281463e+00,1.399961441894119751e+01,1.405504121976264287e-05,1.394707744516799508e+01,2.700000000000000178e+00
2.932368083708898898e-01,1.399961467033559082e+01,2.848610645882585501e+00,1.399961441943782248e+01,1.405491525474644732e-05,1.394707744575828023e+01,2.700000000000000178e+00
2.934368083708900898e-01,1.399961467081578448e+01,2.847659478108303333e+00,1.399961441993323952e+01,1.405478860760922544e-05,1.394707744634715496e+01,2.700000000000000178e+00
2.936368083708902899e-01,1.399961467129503134e+01,2.846710481141091265e+00,1.399961442042767068e+01,1.405466218784567900e-05,1.394707744693482887e+01,2.700000000000000178e+00
2.938368083708904899e-01,1.399961467177309338e+01,2.845763650025100677e+00,1.399961442092087793e+01,1.405453758707153611e-05,1.394707744752107637e+01,2.700000000000000178e+00
2.940368083708906899e-01,1.399961467225012690e+01,2.844818979818640070e+00,1.399961442141302825e+01,1.405441230417636689e-05,1.394707744810603600e+01,2.700000000000000178e+00
2.942368083708908899e-01,1.399961467272598270e+01,2.843876465588752733e+00,1.399961442190397065e+01,1.405428588441282045e-05,1.394707744868958521e+01,2.700000000000000178e+00
2.944368083708910899e-01,1.399961467320086683e+01,2.842936102415609678e+00,1.399961442239388099e+01,1.405416242050705478e-05,1.394707744927191939e+01,2.700000000000000178e+00
2.946368083708912899e-01,1.399961467367457679e+01,2.841997885388982681e+00,1.399961442288261182e+01,1.405403691023821011e-05,1.394707744985282005e+01,2.700000000000000178e+00
2.948368083708914900e-01,1.399961467414729377e+01,2.841061809614571221e+00,1.399961442337028572e+01,1.405391253683774266e-05,1.394707745043249147e+01,2.700000000000000178e+00
2.950368083708916900e-01,1.399961467461885434e+01,2.840127870201808236e+00,1.399961442385677124e+01,1.405378884555830155e-05,1.394707745101076313e+01,2.700000000000000178e+00
2.952368083708918900e-01,1.399961467508937218e+01,2.839196062275265220e+00,1.399961442434219627e+01,1.405366515427886043e-05,1.394707745158775047e+01,2.700000000000000178e+00
2.954368083708920900e-01,1.399961467555888106e+01,2.838266380970722480e+00,1.399961442482653950e+01,1.405354305461514741e-05,1.394707745216348016e+01,2.700000000000000178e+00
2.956368083708922900e-01,1.399961467602718024e+01,2.837338821434192138e+00,1.399961442530967481e+01,1.405341890858835541e-05,1.394707745273775856e+01,2.700000000000000178e+00
2.958368083708924900e-01,1.399961467649452729e+01,2.836413378824647946e+00,1.399961442579178694e+01,1.405329635417729151e-05,1.394707745331084148e+01,2.700000000000000178e+00
2.960368083708926901e-01,1.399961467696070549e+01,2.835490048309412536e+00,1.399961442627273911e+01,1.405317198077682406e-05,1.394707745388251752e+01,2.700000000000000178e+00
2.962368083708928901e-01,1.399961467742588184e+01,2.834568825069002873e+00,1.399961442675261125e+01,1.405305215484986547e-05,1.394707745445295544e+01,2.700000000000000178e+00
2.964368083708930901e-01,1.399961467789005809e+01,2.833649704294103344e+00,1.399961442723144955e+01,1.405293050993350334e-05,1.394707745502214280e+01,2.700000000000000178e+00
2.966368083708932901e-01,1.399961467835301754e+01,2.832732681185614609e+00,1.399961442770907105e+01,1.405280772814876400e-05,1.394707745558988421e+01,2.700000000000000178e+00
2.968368083708934901e-01,1.399961467881499289e+01,2.831817750956439284e+00,1.399961442818562674e+01,1.405268676535342820e-05,1.394707745615639638e+01,2.700000000000000178e+00
2.970368083708936902e-01,1.399961467927595393e+01,2.830904908830969458e+00,1.399961442866116812e+01,1.405256489306339063e-05,1.394707745672165444e+01,2.700000000000000178e+00
2.972368083708938902e-01,1.399961467973584917e+01,2.829994150043124712e+00,1.399961442913561172e+01,1.405244415764173027e-05,1.394707745728560866e+01,2.700000000000000178e+00
2.974368083708940902e-01,1.399961468019466437e+01,2.829085469837088862e+00,1.399961442960889357e+01,1.405232387696742080e-05,1.394707745784825548e+01,2.700000000000000178e+00
2.976368083708942902e-01,1.399961468065239423e+01,2.828178863469641868e+00,1.399961443008108475e+01,1.405220450578781310e-05,1.394707745840956470e+01,2.700000000000000178e+00
2.978368083708944902e-01,1.399961468110917195e+01,2.827274326208481181e+00,1.399961443055229537e+01,1.405208422511350363e-05,1.394707745896969264e+01,2.700000000000000178e+00
2.980368083708946902e-01,1.399961468156489630e+01,2.826371853329808115e+00,1.399961443102241532e+01,1.405196371706551872e-05,1.394707745952853095e+01,2.700000000000000178e+00
2.982368083708948903e-01,1.399961468201959391e+01,2.825471440124367017e+00,1.399961443149144635e+01,1.405184571012796368e-05,1.394707746008611160e+01,2.700000000000000178e+00
2.984368083708950903e-01,1.399961468247310314e+01,2.824573081889912629e+00,1.399961443195929078e+01,1.405172497470630333e-05,1.394707746064226050e+01,2.700000000000000178e+00
2.986368083708952903e-01,1.399961468292575439e+01,2.823676773936801609e+00,1.399961443242621151e+01,1.405160810463712551e-05,1.394707746119732583e+01,2.700000000000000178e+00
2.988368083708954903e-01,1.399961468337726700e+01,2.822782511586609644e+00,1.399961443289200069e+01,1.405148600497341249e-05,1.394707746175101448e+01,2.700000000000000178e+00
2.990368083708956903e-01,1.399961468382781860e+01,2.821890290169750237e+00,1.399961443335674716e+01,1.405136936227791011e-05,1.394707746230350942e+01,2.700000000000000178e+00
2.992368083708958904e-01,1.399961468427733458e+01,2.821000105028066418e+00,1.399961443382044202e+01,1.405125090059300419e-05,1.394707746285473249e+01,2.700000000000000178e+00
2.994368083708960904e-01,1.399961468472572967e+01,2.820111951514749027e+00,1.399961443428300356e+01,1.405113266628177371e-05,1.394707746340460908e+01,2.700000000000000178e+00
2.996368083708962904e-01,1.399961468517325791e+01,2.819225824993322860e+00,1.399961443474463785e+01,1.405101488671789411e-05,1.394707746395337722e+01,2.700000000000000178e+00
2.998368083708964904e-01,1.399961468561965638e+01,2.818341720837379327e+00,1.399961443520510507e+01,1.405089847139606718e-05,1.394707746450079533e+01,2.700000000000000178e+00
3.000368083708966904e-01,1.399961468606509207e+01,2.817459634431485949e+00,1.399961443566458463e+01,1.405078091920586303e-05,1.394707746504701440e+01,2.700000000000000178e+00
3.002368083708968904e-01,1.399961468650947261e+01,2.816579561168331747e+00,1.399961443612298062e+01,1.405066336701565888e-05,1.394707746559194916e+01,2.700000000000000178e+00
3.004368083708970905e-01,1.399961468695285305e+01,2.815701496455218056e+00,1.399961443658033922e+01,1.405054695169383194e-05,1.394707746613565646e+01,2.700000000000000178e+00
3.006368083708972905e-01,1.399961468739519432e+01,2.814825435709949808e+00,1.399961443703661956e+01,1.405043121849303134e-05,1.394707746667809367e+01,2.700000000000000178e+00
3.008368083708974905e-01,1.399961468783651952e+01,2.813951374359473512e+00,1.399961443749183410e+01,1.405031662216060795e-05,1.394707746721928743e+01,2.700000000000000178e+00
3.010368083708976905e-01,1.399961468827691036e+01,2.813079307837520471e+00,1.399961443794609828e+01,1.405020066158613190e-05,1.394707746775931412e+01,2.700000000000000178e+00
3.012368083708978905e-01,1.399961468871622117e+01,2.812209231592638581e+00,1.399961443839924691e+01,1.405008515575900674e-05,1.394707746829804407e+01,2.700000000000000178e+00
3.014368083708980905e-01,1.399961468915459761e+01,2.811341141082346340e+00,1.399961443885141676e+01,1.404996987730555702e-05,1.394707746883560162e+01,2.700000000000000178e+00
3.016368083708982906e-01,1.399961468959188515e+01,2.810475031774446020e+00,1.399961443930246929e+01,1.404985550834680907e-05,1.394707746937184467e+01,2.700000000000000178e+00
3.018368083708984906e-01,1.399961469002822412e+01,2.809610899147828356e+00,1.399961443975255371e+01,1.404973977514600847e-05,1.394707746990692243e+01,2.700000000000000178e+00
3.020368083708986906e-01,1.399961469046356832e+01,2.808748738691436486e+00,1.399961444020161494e+01,1.404962495143990964e-05,1.394707747044077983e+01,2.700000000000000178e+00
3.022368083708988906e-01,1.399961469089789823e+01,2.807888545903713506e+00,1.399961444064960858e+01,1.404951058248116169e-05,1.394707747097338846e+01,2.700000000000000178e+00
3.024368083708990906e-01,1.399961469133121383e+01,2.807030316294946815e+00,1.399961444109654352e+01,1.404939780513814185e-05,1.394707747150476251e+01,2.700000000000000178e+00
3.026368083708992907e-01,1.399961469176366791e+01,2.806174045382925364e+00,1.399961444154261514e+01,1.404928389092674479e-05,1.394707747203505477e+01,2.700000000000000178e+00
3.028368083708994907e-01,1.399961469219495314e+01,2.805319728698881132e+00,1.399961444198748595e+01,1.404916952196799684e-05,1.394707747256394903e+01,2.700000000000000178e+00
3.030368083708996907e-01,1.399961469262541947e+01,2.804467361781507240e+00,1.399961444243146680e+01,1.404905742674600333e-05,1.394707747309180590e+01,2.700000000000000178e+00
3.032368083708998907e-01,1.399961469305485018e+01,2.803616940181334005e+00,1.399961444287441381e+01,1.404894351253460627e-05,1.394707747361840156e+01,2.700000000000000178e+00
3.034368083709000907e-01,1.399961469348327370e+01,2.802768459458798045e+00,1.399961444331628968e+01,1.404883232680731453e-05,1.394707747414377330e+01,2.700000000000000178e+00
3.036368083709002907e-01,1.399961469391070601e+01,2.801921915184512279e+00,1.399961444375716013e+01,1.404872000421164557e-05,1.394707747466792469e+01,2.700000000000000178e+00
3.038368083709004908e-01,1.399961469433719152e+01,2.801077302938487446e+00,1.399961444419704648e+01,1.404860813636332750e-05,1.394707747519091612e+01,2.700000000000000178e+00
3.040368083709006908e-01,1.399961469476271425e+01,2.800234618313013790e+00,1.399961444463594162e+01,1.404849581376765855e-05,1.394707747571272094e+01,2.700000000000000178e+00
3.042368083709008908e-01,1.399961469518729729e+01,2.799393856906923883e+00,1.399961444507388286e+01,1.404838326379831415e-05,1.394707747623336758e+01,2.700000000000000178e+00
3.044368083709010908e-01,1.399961469561080918e+01,2.798555014331783664e+00,1.399961444551069967e+01,1.404827321493939962e-05,1.394707747675272103e+01,2.700000000000000178e+00
3.046368083709012908e-01,1.399961469603347197e+01,2.797718086207649169e+00,1.399961444594665316e+01,1.404816157446475700e-05,1.394707747727101221e+01,2.700000000000000178e+00
3.048368083709014909e-01,1.399961469645512402e+01,2.796883068165785247e+00,1.399961444638151598e+01,1.404805175297951791e-05,1.394707747778807061e+01,2.700000000000000178e+00
3.050368083709016909e-01,1.399961469687577953e+01,2.796049955846589441e+00,1.399961444681539469e+01,1.404794056725222617e-05,1.394707747830391753e+01,2.700000000000000178e+00
3.052368083709018909e-01,1.399961469729543850e+01,2.795218744900668906e+00,1.399961444724822535e+01,1.404783051839331165e-05,1.394707747881854765e+01,2.700000000000000178e+00
3.054368083709020909e-01,1.399961469771421996e+01,2.794389430990045664e+00,1.399961444768013941e+01,1.404772092428174801e-05,1.394707747933208175e+01,2.700000000000000178e+00
3.056368083709022909e-01,1.399961469813207771e+01,2.793562009783252975e+00,1.399961444811112976e+01,1.404760996592813171e-05,1.394707747984447721e+01,2.700000000000000178e+00
3.058368083709024909e-01,1.399961469854885010e+01,2.792736476962173864e+00,1.399961444854097969e+01,1.404750150868494529e-05,1.394707748035557948e+01,2.700000000000000178e+00
3.060368083709026910e-01,1.399961469896478405e+01,2.791912828214557774e+00,1.399961444896996987e+01,1.404739100507867988e-05,1.394707748086561949e+01,2.700000000000000178e+00
3.062368083709028910e-01,1.399961469937969838e+01,2.791091059242312156e+00,1.399961444939788890e+01,1.404728345733019523e-05,1.394707748137442849e+01,2.700000000000000178e+00
3.064368083709030910e-01,1.399961469979372453e+01,2.790271165756584626e+00,1.399961444982490555e+01,1.404717318109760527e-05,1.394707748188213081e+01,2.700000000000000178e+00
3.066368083709032910e-01,1.399961470020669729e+01,2.789453143475018493e+00,1.399961445025084217e+01,1.404706449648074340e-05,1.394707748238856659e+01,2.700000000000000178e+00
3.068368083709034910e-01,1.399961470061884938e+01,2.788636988127976668e+00,1.399961445067591015e+01,1.404695785822696052e-05,1.394707748289397742e+01,2.700000000000000178e+00
3.070368083709036910e-01,1.399961470102998717e+01,2.787822695453845423e+00,1.399961445109995140e+01,1.404684849148907233e-05,1.394707748339815012e+01,2.700000000000000178e+00
3.072368083709038911e-01,1.399961470144031139e+01,2.787010261202540029e+00,1.399961445152313644e+01,1.404674071636691224e-05,1.394707748390130142e+01,2.700000000000000178e+00
3.074368083709040911e-01,1.399961470184957157e+01,2.786199681131901418e+00,1.399961445194522192e+01,1.404663294124475215e-05,1.394707748440317552e+01,2.700000000000000178e+00
3.076368083709042911e-01,1.399961470225791338e+01,2.785390951010483285e+00,1.399961445236634106e+01,1.404652721248567104e-05,1.394707748490391808e+01,2.700000000000000178e+00
3.078368083709044911e-01,1.399961470266539010e+01,2.784584066616356601e+00,1.399961445278661287e+01,1.404641898261616006e-05,1.394707748540358772e+01,2.700000000000000178e+00
3.080368083709046911e-01,1.399961470307183831e+01,2.783779023737200653e+00,1.399961445320580111e+01,1.404631188961502630e-05,1.394707748590202101e+01,2.700000000000000178e+00
3.082368083709048912e-01,1.399961470347750314e+01,2.782975818169922455e+00,1.399961445362415624e+01,1.404620593348226976e-05,1.394707748639945422e+01,2.700000000000000178e+00
3.084368083709050912e-01,1.399961470388206131e+01,2.782174445720801081e+00,1.399961445404138338e+01,1.404609906785481144e-05,1.394707748689557825e+01,2.700000000000000178e+00
3.086368083709052912e-01,1.399961470428577748e+01,2.781374902206892763e+00,1.399961445445773833e+01,1.404599379384308122e-05,1.394707748739064712e+01,2.700000000000000178e+00
3.088368083709054912e-01,1.399961470468863745e+01,2.780577183454065793e+00,1.399961445487322820e+01,1.404588692821562290e-05,1.394707748788465196e+01,2.700000000000000178e+00
3.090368083709056912e-01,1.399961470509047423e+01,2.779781285297690641e+00,1.399961445528764514e+01,1.404578210895124357e-05,1.394707748837742756e+01,2.700000000000000178e+00
3.092368083709058912e-01,1.399961470549148324e+01,2.778987203582209187e+00,1.399961445570119523e+01,1.404567683493951336e-05,1.394707748886916576e+01,2.700000000000000178e+00
3.094368083709060913e-01,1.399961470589148682e+01,2.778194934163519925e+00,1.399961445611374877e+01,1.404557042405940592e-05,1.394707748935969249e+01,2.700000000000000178e+00
3.096368083709062913e-01,1.399961470629066795e+01,2.777404472903515664e+00,1.399961445652540171e+01,1.404546651428972837e-05,1.394707748984919071e+01,2.700000000000000178e+00
3.098368083709064913e-01,1.399961470668892716e+01,2.776615815675793186e+00,1.399961445693612561e+01,1.404536169502534904e-05,1.394707749033755562e+01,2.700000000000000178e+00
3.100368083709066913e-01,1.399961470708627864e+01,2.775828958364783716e+00,1.399961445734590093e+01,1.404525755788199604e-05,1.394707749082481385e+01,2.700000000000000178e+00
3.102368083709068913e-01,1.399961470748265846e+01,2.775043896861123738e+00,1.399961445775467972e+01,1.404515342073864304e-05,1.394707749131089436e+01,2.700000000000000178e+00
3.104368083709070913e-01,1.399961470787818207e+01,2.774260627067330898e+00,1.399961445816257921e+01,1.404504905622161459e-05,1.394707749179591083e+01,2.700000000000000178e+00
3.106368083709072914e-01,1.399961470827274113e+01,2.773479144893378212e+00,1.399961445856946618e+01,1.404494673806766514e-05,1.394707749227976024e+01,2.700000000000000178e+00
3.108368083709074914e-01,1.399961470866646351e+01,2.772699446259368816e+00,1.399961445897550583e+01,1.404484260092431214e-05,1.394707749276256692e+01,2.700000000000000178e+00
3.110368083709076914e-01,1.399961470905922312e+01,2.771921527096285143e+00,1.399961445938055604e+01,1.404473869115463458e-05,1.394707749324421009e+01,2.700000000000000178e+00
3.112368083709078914e-01,1.399961470945115138e+01,2.771145383341544921e+00,1.399961445978473051e+01,1.404463569087965880e-05,1.394707749372481764e+01,2.700000000000000178e+00
3.114368083709080914e-01,1.399961470984224299e+01,2.770371010943331047e+00,1.399961446018807365e+01,1.404453155373630580e-05,1.394707749420438425e+01,2.700000000000000178e+00
3.116368083709082915e-01,1.399961471023230608e+01,2.769598405858191281e+00,1.399961446059029591e+01,1.404443014507705811e-05,1.394707749468273050e+01,2.700000000000000178e+00
3.118368083709084915e-01,1.399961471062156448e+01,2.768827564054435530e+00,1.399961446099171702e+01,1.404432850904413499e-05,1.394707749516005713e+01,2.700000000000000178e+00
3.120368083709086915e-01,1.399961471100982280e+01,2.768058481506594504e+00,1.399961446139211674e+01,1.404422573614283465e-05,1.394707749563619359e+01,2.700000000000000178e+00
3.122368083709088915e-01,1.399961471139735991e+01,2.767291154200430814e+00,1.399961446179173841e+01,1.404412523697828874e-05,1.394707749611140102e+01,2.700000000000000178e+00
3.124368083709090915e-01,1.399961471178390049e+01,2.766525578128772089e+00,1.399961446219036709e+01,1.404402200932963751e-05,1.394707749658541651e+01,2.700000000000000178e+00
3.126368083709092915e-01,1.399961471216952624e+01,2.765761749296230310e+00,1.399961446258804365e+01,1.404392128279141616e-05,1.394707749705831645e+01,2.700000000000000178e+00
3.128368083709094916e-01,1.399961471255439704e+01,2.764999663714970968e+00,1.399961446298493328e+01,1.404382010150584392e-05,1.394707749753026249e+01,2.700000000000000178e+00
3.130368083709096916e-01,1.399961471293834947e+01,2.764239317405555951e+00,1.399961446338085125e+01,1.404372028446232434e-05,1.394707749800108942e+01,2.700000000000000178e+00
3.132368083709098916e-01,1.399961471332140661e+01,2.763480706399278564e+00,1.399961446377586682e+01,1.404361910317675211e-05,1.394707749847082390e+01,2.700000000000000178e+00
3.134368083709100916e-01,1.399961471370352939e+01,2.762723826735803190e+00,1.399961446416993205e+01,1.404351837663853075e-05,1.394707749893941973e+01,2.700000000000000178e+00
3.136368083709102916e-01,1.399961471408484570e+01,2.761968674462762952e+00,1.399961446456313041e+01,1.404341833222133573e-05,1.394707749940701902e+01,2.700000000000000178e+00
3.138368083709104917e-01,1.399961471446535555e+01,2.761215245638230176e+00,1.399961446495550454e+01,1.404331919729884248e-05,1.394707749987362000e+01,2.700000000000000178e+00
3.140368083709106917e-01,1.399961471484488662e+01,2.760463536329427647e+00,1.399961446534690346e+01,1.404321824338694569e-05,1.394707750033903260e+01,2.700000000000000178e+00
3.142368083709108917e-01,1.399961471522362721e+01,2.759713542611484272e+00,1.399961446573745327e+01,1.404311910846445244e-05,1.394707750080346287e+01,2.700000000000000178e+00
3.144368083709110917e-01,1.399961471560137660e+01,2.758965260569729239e+00,1.399961446612699589e+01,1.404301860929990653e-05,1.394707750126671186e+01,2.700000000000000178e+00
3.146368083709112917e-01,1.399961471597836393e+01,2.758218686297158939e+00,1.399961446651573382e+01,1.404292106599314138e-05,1.394707750172900163e+01,2.700000000000000178e+00
3.148368083709114917e-01,1.399961471635458210e+01,2.757473815895850056e+00,1.399961446690367772e+01,1.404282238581799902e-05,1.394707750219032505e+01,2.700000000000000178e+00
3.150368083709116918e-01,1.399961471672978064e+01,2.756730645476914265e+00,1.399961446729059311e+01,1.404272234140080400e-05,1.394707750265044055e+01,2.700000000000000178e+00
3.152368083709118918e-01,1.399961471710419225e+01,2.755989171161524531e+00,1.399961446767667539e+01,1.404262366122566164e-05,1.394707750310957017e+01,2.700000000000000178e+00
3.154368083709120918e-01,1.399961471747771924e+01,2.755249389077905064e+00,1.399961446806183751e+01,1.404252611791889649e-05,1.394707750356762510e+01,2.700000000000000178e+00
3.156368083709122918e-01,1.399961471785039890e+01,2.754511295364954204e+00,1.399961446844612922e+01,1.404242811986478046e-05,1.394707750402463020e+01,2.700000000000000178e+00
3.158368083709124918e-01,1.399961471822229164e+01,2.753774886169568337e+00,1.399961446882960203e+01,1.404233125867904164e-05,1.394707750448066541e+01,2.700000000000000178e+00
3.160368083709126918e-01,1.399961471859334772e+01,2.753040157644907726e+00,1.399961446921221331e+01,1.404223417011962738e-05,1.394707750493567744e+01,2.700000000000000178e+00
3.162368083709128919e-01,1.399961471896339837e+01,2.752307105958039735e+00,1.399961446959380673e+01,1.404213617206551135e-05,1.394707750538948154e+01,2.700000000000000178e+00
3.164368083709130919e-01,1.399961471933273849e+01,2.751575727280733741e+00,1.399961446997464520e+01,1.404203976562712342e-05,1.394707750584237793e+01,2.700000000000000178e+00
3.166368083709132919e-01,1.399961471970117977e+01,2.750846017794225329e+00,1.399961447035455819e+01,1.404194199494668283e-05,1.394707750629419785e+01,2.700000000000000178e+00
3.168368083709134919e-01,1.399961472006879148e+01,2.750117973689755857e+00,1.399961447073362031e+01,1.404184581588197034e-05,1.394707750674499813e+01,2.700000000000000178e+00
3.170368083709136919e-01,1.399961472043555055e+01,2.749391591166376436e+00,1.399961447111179780e+01,1.404174963681725785e-05,1.394707750719475214e+01,2.700000000000000178e+00
3.172368083709138920e-01,1.399961472080146763e+01,2.748666866431976885e+00,1.399961447148910842e+01,1.404165277563151903e-05,1.394707750764346876e+01,2.700000000000000178e+00
3.174368083709140920e-01,1.399961472116666350e+01,2.747943795703124970e+00,1.399961447186564278e+01,1.404155818818253465e-05,1.394707750809128299e+01,2.700000000000000178e+00
3.176368083709142920e-01,1.399961472153085396e+01,2.747222375203872691e+00,1.399961447224118949e+01,1.404146155437047128e-05,1.394707750853790174e+01,2.700000000000000178e+00
3.178368083709144920e-01,1.399961472189436762e+01,2.746502601169383162e+00,1.399961447261601855e+01,1.404136628480046056e-05,1.394707750898365717e+01,2.700000000000000178e+00
3.180368083709146920e-01,1.399961472225699310e+01,2.745784469842463160e+00,1.399961447298991857e+01,1.404127056048309896e-05,1.394707750942833435e+01,2.700000000000000178e+00
3.182368083709148920e-01,1.399961472261869311e+01,2.745067977471686849e+00,1.399961447336287712e+01,1.404117529091308825e-05,1.394707750987189776e+01,2.700000000000000178e+00
3.184368083709150921e-01,1.399961472297978027e+01,2.744353120315369043e+00,1.399961447373520151e+01,1.404108093083777931e-05,1.394707751031466003e+01,2.700000000000000178e+00
3.186368083709152921e-01,1.399961472333987267e+01,2.743639894652068811e+00,1.399961447410649029e+01,1.404098634338879492e-05,1.394707751075624635e+01,2.700000000000000178e+00
3.188368083709154921e-01,1.399961472369917459e+01,2.742928296747805916e+00,1.399961447447696550e+01,1.404089221068716142e-05,1.394707751119685391e+01,2.700000000000000178e+00
3.190368083709156921e-01,1.399961472405769491e+01,2.742218322889021564e+00,1.399961447484664667e+01,1.404079739586450160e-05,1.394707751163648979e+01,2.700000000000000178e+00
3.192368083709158921e-01,1.399961472441532351e+01,2.741509969370534705e+00,1.399961447521537927e+01,1.404070326316286810e-05,1.394707751207505986e+01,2.700000000000000178e+00
3.194368083709160921e-01,1.399961472477225044e+01,2.740803232495855113e+00,1.399961447558339600e+01,1.404061049470328726e-05,1.394707751251273287e+01,2.700000000000000178e+00
3.196368083709162922e-01,1.399961472512834426e+01,2.740098108574097857e+00,1.399961447595056541e+01,1.404051681674900465e-05,1.394707751294939690e+01,2.700000000000000178e+00
3.198368083709164922e-01,1.399961472548349484e+01,2.739394593915910114e+00,1.399961447631675249e+01,1.404042268404737115e-05,1.394707751338492763e+01,2.700000000000000178e+00
3.200368083709166922e-01,1.399961472583793842e+01,2.738692684862176652e+00,1.399961447668221304e+01,1.404033014296146575e-05,1.394707751381956840e+01,2.700000000000000178e+00
3.202368083709168922e-01,1.399961472619158975e+01,2.737992377739866257e+00,1.399961447704685291e+01,1.404023714712820947e-05,1.394707751425323750e+01,2.700000000000000178e+00
3.204368083709170922e-01,1.399961472654431738e+01,2.737293668898843180e+00,1.399961447741054066e+01,1.404014415129495319e-05,1.394707751468579104e+01,2.700000000000000178e+00
3.206368083709172923e-01,1.399961472689634157e+01,2.736596554684260774e+00,1.399961447777350543e+01,1.404005092808802146e-05,1.394707751511746530e+01,2.700000000000000178e+00
3.208368083709174923e-01,1.399961472724762679e+01,2.735901031462129485e+00,1.399961447813569571e+01,1.403995952387049329e-05,1.394707751554822828e+01,2.700000000000000178e+00
3.210368083709176923e-01,1.399961472759796699e+01,2.735207095600821425e+00,1.399961447849690721e+01,1.403986834702664055e-05,1.394707751597784728e+01,2.700000000000000178e+00
3.212368083709178923e-01,1.399961472794756645e+01,2.734514743476949228e+00,1.399961447885735666e+01,1.403977603331441060e-05,1.394707751640655680e+01,2.700000000000000178e+00
3.214368083709180923e-01,1.399961472829644471e+01,2.733823971475884296e+00,1.399961447921707780e+01,1.403968394697585609e-05,1.394707751683436037e+01,2.700000000000000178e+00
3.216368083709182923e-01,1.399961472864434775e+01,2.733134775991049370e+00,1.399961447957578109e+01,1.403959322487935424e-05,1.394707751726101286e+01,2.700000000000000178e+00
3.218368083709184924e-01,1.399961472899157400e+01,2.732447153425617614e+00,1.399961447993378272e+01,1.403950227540917695e-05,1.394707751768680382e+01,2.700000000000000178e+00
3.220368083709186924e-01,1.399961472933803108e+01,2.731761100186972602e+00,1.399961448029099742e+01,1.403940996169694699e-05,1.394707751811164442e+01,2.700000000000000178e+00
3.222368083709188924e-01,1.399961472968363729e+01,2.731076612696944572e+00,1.399961448064734171e+01,1.403931810273206793e-05,1.394707751853545474e+01,2.700000000000000178e+00
3.224368083709190924e-01,1.399961473002844414e+01,2.730393687380367140e+00,1.399961448100285644e+01,1.403922760800924152e-05,1.394707751895829873e+01,2.700000000000000178e+00
3.226368083709192924e-01,1.399961473037252979e+01,2.729712320672817327e+00,1.399961448135760733e+01,1.403913756803376600e-05,1.394707751938023321e+01,2.700000000000000178e+00
3.228368083709194925e-01,1.399961473071571838e+01,2.729032509015449470e+00,1.399961448171143452e+01,1.403904752805829048e-05,1.394707751980109656e+01,2.700000000000000178e+00
3.230368083709196925e-01,1.399961473105829945e+01,2.728354248860434872e+00,1.399961448206462400e+01,1.403895885232486762e-05,1.394707752022117120e+01,2.700000000000000178e+00
3.232368083709198925e-01,1.399961473139996926e+01,2.727677536666902380e+00,1.399961448241690043e+01,1.403886835760204121e-05,1.394707752064015871e+01,2.700000000000000178e+00
3.234368083709200925e-01,1.399961473174086990e+01,2.727002368902745832e+00,1.399961448276839704e+01,1.403877627126348671e-05,1.394707752105820830e+01,2.700000000000000178e+00
3.236368083709202925e-01,1.399961473208106355e+01,2.726328742041658426e+00,1.399961448311914047e+01,1.403868827765109017e-05,1.394707752147536439e+01,2.700000000000000178e+00
3.238368083709204925e-01,1.399961473242039567e+01,2.725656652567300942e+00,1.399961448346897619e+01,1.403859982929134276e-05,1.394707752189148842e+01,2.700000000000000178e+00
3.240368083709206926e-01,1.399961473275899770e+01,2.724986096971185656e+00,1.399961448381808005e+01,1.403851047143689357e-05,1.394707752230670295e+01,2.700000000000000178e+00
3.242368083709208926e-01,1.399961473309681459e+01,2.724317071752782038e+00,1.399961448416634369e+01,1.403842293257184792e-05,1.394707752272096712e+01,2.700000000000000178e+00
3.244368083709210926e-01,1.399961473343384455e+01,2.723649573419206771e+00,1.399961448451383994e+01,1.403833289259637240e-05,1.394707752313426141e+01,2.700000000000000178e+00
3.246368083709212926e-01,1.399961473377018351e+01,2.722983598485387624e+00,1.399961448486060256e+01,1.403824444423662499e-05,1.394707752354669239e+01,2.700000000000000178e+00
3.248368083709214926e-01,1.399961473410557211e+01,2.722319143475830927e+00,1.399961448520637219e+01,1.403815713274525478e-05,1.394707752395799538e+01,2.700000000000000178e+00
3.250368083709216926e-01,1.399961473444038340e+01,2.721656204920444022e+00,1.399961448555155208e+01,1.403806982125388458e-05,1.394707752436855941e+01,2.700000000000000178e+00
3.252368083709218927e-01,1.399961473477438467e+01,2.720994779358241633e+00,1.399961448589589885e+01,1.403798091814678628e-05,1.394707752477813045e+01,2.700000000000000178e+00
3.254368083709220927e-01,1.399961473510758481e+01,2.720334863336515419e+00,1.399961448623941074e+01,1.403789474352379330e-05,1.394707752518672805e+01,2.700000000000000178e+00
3.256368083709222927e-01,1.399961473544002466e+01,2.719676453410651451e+00,1.399961448658214813e+01,1.403780674991139676e-05,1.394707752559439840e+01,2.700000000000000178e+00
3.258368083709224927e-01,1.399961473577174687e+01,2.719019546142570576e+00,1.399961448692415900e+01,1.403771921104635112e-05,1.394707752600117701e+01,2.700000000000000178e+00
3.260368083709226927e-01,1.399961473610276563e+01,2.718364138103321448e+00,1.399961448726541846e+01,1.403763280904968269e-05,1.394707752640708343e+01,2.700000000000000178e+00
3.262368083709228928e-01,1.399961473643295129e+01,2.717710225871692309e+00,1.399961448760581817e+01,1.403754595230566338e-05,1.394707752681198087e+01,2.700000000000000178e+00
3.264368083709230928e-01,1.399961473676236956e+01,2.717057806031903056e+00,1.399961448794544872e+01,1.403745864081429318e-05,1.394707752721593863e+01,2.700000000000000178e+00
3.266368083709232928e-01,1.399961473709102755e+01,2.716406875180018332e+00,1.399961448828427635e+01,1.403737110194924753e-05,1.394707752761897801e+01,2.700000000000000178e+00
3.268368083709234928e-01,1.399961473741889151e+01,2.715757429917347476e+00,1.399961448862228153e+01,1.403728560944728088e-05,1.394707752802104217e+01,2.700000000000000178e+00
3.270368083709236928e-01,1.399961473774618170e+01,2.715109466852371867e+00,1.399961448895969340e+01,1.403720034431898966e-05,1.394707752842237092e+01,2.700000000000000178e+00
3.272368083709238928e-01,1.399961473807261925e+01,2.714462982602924956e+00,1.399961448929621888e+01,1.403711576131172478e-05,1.394707752882267293e+01,2.700000000000000178e+00
3.274368083709240929e-01,1.399961473839823967e+01,2.713817973794926619e+00,1.399961448963194321e+01,1.403702799507300369e-05,1.394707752922198551e+01,2.700000000000000178e+00
3.276368083709242929e-01,1.399961473872322060e+01,2.713174437059764799e+00,1.399961448996695523e+01,1.403694409418676514e-05,1.394707752962049874e+01,2.700000000000000178e+00
3.278368083709244929e-01,1.399961473904743947e+01,2.712532369038585855e+00,1.399961449030120875e+01,1.403685860168479849e-05,1.394707753001807937e+01,2.700000000000000178e+00
3.280368083709246929e-01,1.399961473937089274e+01,2.711891766379604718e+00,1.399961449063467001e+01,1.403677288180915639e-05,1.394707753041472742e+01,2.700000000000000178e+00
3.282368083709248929e-01,1.399961473969360171e+01,2.711252625736937372e+00,1.399961449096733901e+01,1.403668898092291784e-05,1.394707753081045354e+01,2.700000000000000178e+00
3.284368083709250929e-01,1.399961474001571382e+01,2.710614943775492947e+00,1.399961449129942714e+01,1.403660326104727574e-05,1.394707753120543536e+01,2.700000000000000178e+00
3.286368083709252930e-01,1.399961474033688980e+01,2.709978717165049567e+00,1.399961449163054183e+01,1.403651867804001085e-05,1.394707753159930164e+01,2.700000000000000178e+00
3.288368083709254930e-01,1.399961474065738543e+01,2.709343942584941267e+00,1.399961449196093888e+01,1.403643454978009686e-05,1.394707753199232059e+01,2.700000000000000178e+00
3.290368083709256930e-01,1.399961474097716696e+01,2.708710616721298869e+00,1.399961449229058807e+01,1.403635133101488464e-05,1.394707753238447090e+01,2.700000000000000178e+00
3.292368083709258930e-01,1.399961474129625749e+01,2.708078736266992248e+00,1.399961449261953916e+01,1.403626811224967241e-05,1.394707753277575435e+01,2.700000000000000178e+00
3.294368083709260930e-01,1.399961474161461616e+01,2.707448297924238023e+00,1.399961449294775306e+01,1.403618261974770576e-05,1.394707753316615317e+01,2.700000000000000178e+00
3.296368083709262931e-01,1.399961474193218081e+01,2.706819298401164087e+00,1.399961449327510898e+01,1.403610053785087075e-05,1.394707753355557855e+01,2.700000000000000178e+00
3.298368083709264931e-01,1.399961474224906866e+01,2.706191734413726291e+00,1.399961449360179877e+01,1.403601709171198308e-05,1.394707753394416905e+01,2.700000000000000178e+00
3.300368083709266931e-01,1.399961474256529570e+01,2.705565602685900739e+00,1.399961449392777268e+01,1.403593500981514808e-05,1.394707753433193886e+01,2.700000000000000178e+00
3.302368083709268931e-01,1.399961474288064345e+01,2.704940899949584754e+00,1.399961449425286553e+01,1.403585156367626041e-05,1.394707753471866774e+01,2.700000000000000178e+00
3.304368083709270931e-01,1.399961474319542098e+01,2.704317622944306887e+00,1.399961449457735796e+01,1.403576948177942540e-05,1.394707753510465764e+01,2.700000000000000178e+00
3.306368083709272931e-01,1.399961474350943114e+01,2.703695768412086586e+00,1.399961449490107590e+01,1.403568649038788863e-05,1.394707753548972029e+01,2.700000000000000178e+00
3.308368083709274932e-01,1.399961474382263127e+01,2.703075333110751544e+00,1.399961449522396073e+01,1.403560327162267640e-05,1.394707753587380239e+01,2.700000000000000178e+00
3.310368083709276932e-01,1.399961474413518836e+01,2.702456313799300958e+00,1.399961449554615278e+01,1.403552232659421861e-05,1.394707753625708868e+01,2.700000000000000178e+00
3.312368083709278932e-01,1.399961474444714504e+01,2.701838707246702942e+00,1.399961449586774265e+01,1.403543978995003272e-05,1.394707753663961824e+01,2.700000000000000178e+00
3.314368083709280932e-01,1.399961474475830414e+01,2.701222510227817786e+00,1.399961449618849585e+01,1.403535816280054860e-05,1.394707753702117614e+01,2.700000000000000178e+00
3.316368083709282932e-01,1.399961474506872960e+01,2.700607719526510131e+00,1.399961449650849410e+01,1.403527676302473992e-05,1.394707753740184764e+01,2.700000000000000178e+00
3.318368083709284933e-01,1.399961474537841788e+01,2.699994331933316616e+00,1.399961449682775694e+01,1.403519445375422947e-05,1.394707753778161674e+01,2.700000000000000178e+00
3.320368083709286933e-01,1.399961474568738851e+01,2.699382344245387699e+00,1.399961449714623818e+01,1.403511396347312257e-05,1.394707753816051188e+01,2.700000000000000178e+00
3.322368083709288933e-01,1.399961474599577649e+01,2.698771753268079721e+00,1.399961449746417230e+01,1.403503279107098933e-05,1.394707753853866983e+01,2.700000000000000178e+00
3.324368083709290933e-01,1.399961474630333491e+01,2.698162555814364705e+00,1.399961449778118983e+01,1.403495230078988243e-05,1.394707753891583124e+01,2.700000000000000178e+00
3.326368083709292933e-01,1.399961474661030536e+01,2.697554748703155258e+00,1.399961449809763181e+01,1.403487158313510008e-05,1.394707753929224658e+01,2.700000000000000178e+00
3.328368083709294933e-01,1.399961474691657060e+01,2.696948328761670233e+00,1.399961449841335082e+01,1.403479086548031773e-05,1.394707753966779862e+01,2.700000000000000178e+00
3.330368083709296934e-01,1.399961474722197607e+01,2.696343292823565108e+00,1.399961449872817987e+01,1.403470992045185994e-05,1.394707754004234168e+01,2.700000000000000178e+00
3.332368083709298934e-01,1.399961474752684332e+01,2.695739637730225180e+00,1.399961449904244759e+01,1.403463056703913026e-05,1.394707754041617953e+01,2.700000000000000178e+00
3.334368083709300934e-01,1.399961474783092186e+01,2.695137360331070653e+00,1.399961449935589464e+01,1.403455030413169879e-05,1.394707754078906703e+01,2.700000000000000178e+00
3.336368083709302934e-01,1.399961474813434137e+01,2.694536457481230940e+00,1.399961449966868443e+01,1.403447004122426733e-05,1.394707754116114273e+01,2.700000000000000178e+00
3.338368083709304934e-01,1.399961474843708054e+01,2.693936926043670077e+00,1.399961449998073526e+01,1.403439205205359031e-05,1.394707754153238710e+01,2.700000000000000178e+00
3.340368083709306934e-01,1.399961474873919620e+01,2.693338762888506821e+00,1.399961450029214660e+01,1.403431360813556239e-05,1.394707754190284632e+01,2.700000000000000178e+00
3.342368083709308935e-01,1.399961474904047520e+01,2.692741964892181095e+00,1.399961450060273371e+01,1.403423334522813093e-05,1.394707754227231433e+01,2.700000000000000178e+00
3.344368083709310935e-01,1.399961474934109695e+01,2.692146528942118255e+00,1.399961450091261561e+01,1.403415353706805035e-05,1.394707754264096522e+01,2.700000000000000178e+00
3.346368083709312935e-01,1.399961474964112718e+01,2.691552451927732736e+00,1.399961450122189177e+01,1.403407441102899611e-05,1.394707754300887892e+01,2.700000000000000178e+00
3.348368083709314935e-01,1.399961474994038468e+01,2.690959730743944345e+00,1.399961450153036502e+01,1.403399596711096819e-05,1.394707754337585648e+01,2.700000000000000178e+00
3.350368083709316935e-01,1.399961475023892099e+01,2.690368362301606364e+00,1.399961450183811351e+01,1.403391661369823851e-05,1.394707754374196185e+01,2.700000000000000178e+00
3.352368083709318936e-01,1.399961475053699544e+01,2.689778343510534242e+00,1.399961450214535930e+01,1.403383976139593869e-05,1.394707754410744727e+01,2.700000000000000178e+00
3.354368083709320936e-01,1.399961475083414086e+01,2.689189671291854822e+00,1.399961450245164407e+01,1.403376245434628800e-05,1.394707754447185621e+01,2.700000000000000178e+00
3.356368083709322936e-01,1.399961475113075515e+01,2.688602342572410375e+00,1.399961450275740305e+01,1.403368332830723375e-05,1.394707754483557416e+01,2.700000000000000178e+00
3.358368083709324936e-01,1.399961475142670153e+01,2.688016354285503784e+00,1.399961450306243549e+01,1.403360738549963571e-05,1.394707754519847676e+01,2.700000000000000178e+00
3.360368083709326936e-01,1.399961475172182723e+01,2.687431703371756075e+00,1.399961450336668101e+01,1.403352757733955514e-05,1.394707754556040413e+01,2.700000000000000178e+00
3.362368083709328936e-01,1.399961475201635785e+01,2.686848386779087328e+00,1.399961450367028704e+01,1.403344958816887811e-05,1.394707754592158189e+01,2.700000000000000178e+00
3.364368083709330937e-01,1.399961475231024366e+01,2.686266401463399234e+00,1.399961450397320384e+01,1.403337250849290285e-05,1.394707754628196383e+01,2.700000000000000178e+00
3.366368083709332937e-01,1.399961475260339405e+01,2.685685744384218587e+00,1.399961450427536924e+01,1.403329633831162937e-05,1.394707754664145583e+01,2.700000000000000178e+00
3.368368083709334937e-01,1.399961475289596713e+01,2.685106412512190843e+00,1.399961450457695733e+01,1.403321925863565411e-05,1.394707754700022839e+01,2.700000000000000178e+00
3.370368083709336937e-01,1.399961475318784743e+01,2.684528402821567461e+00,1.399961450487782066e+01,1.403314195158600342e-05,1.394707754735815008e+01,2.700000000000000178e+00
3.372368083709338937e-01,1.399961475347917350e+01,2.683951712295006953e+00,1.399961450517809425e+01,1.403306691827310715e-05,1.394707754771535946e+01,2.700000000000000178e+00
3.374368083709340937e-01,1.399961475376958830e+01,2.683376337921979715e+00,1.399961450547744413e+01,1.403299029334448278e-05,1.394707754807151368e+01,2.700000000000000178e+00
3.376368083709342938e-01,1.399961475405937605e+01,2.682802276698506461e+00,1.399961450577615807e+01,1.403291298629483208e-05,1.394707754842689695e+01,2.700000000000000178e+00
3.378368083709344938e-01,1.399961475434868952e+01,2.682229525629405753e+00,1.399961450607436575e+01,1.403283840772928670e-05,1.394707754878165495e+01,2.700000000000000178e+00
3.380368083709346938e-01,1.399961475463720184e+01,2.681658081722916531e+00,1.399961450637174032e+01,1.403276223754801322e-05,1.394707754913545905e+01,2.700000000000000178e+00
3.382368083709348938e-01,1.399961475492510488e+01,2.681087941994878765e+00,1.399961450666853580e+01,1.403268470312468708e-05,1.394707754948849576e+01,2.700000000000000178e+00
3.384368083709350938e-01,1.399961475521231691e+01,2.680519103470044406e+00,1.399961450696455856e+01,1.403261057930649258e-05,1.394707754984071180e+01,2.700000000000000178e+00
3.386368083709352939e-01,1.399961475549895518e+01,2.679951563178111229e+00,1.399961450726000045e+01,1.403253531861992087e-05,1.394707755019218887e+01,2.700000000000000178e+00
3.388368083709354939e-01,1.399961475578478343e+01,2.679385318157572193e+00,1.399961450755463233e+01,1.403245960318599828e-05,1.394707755054272269e+01,2.700000000000000178e+00
3.390368083709356939e-01,1.399961475607007522e+01,2.678820365450400143e+00,1.399961450784867445e+01,1.403238593411515467e-05,1.394707755089256196e+01,2.700000000000000178e+00
3.392368083709358939e-01,1.399961475635469199e+01,2.678256702108386733e+00,1.399961450814205222e+01,1.403231044605490752e-05,1.394707755124158233e+01,2.700000000000000178e+00
3.394368083709360939e-01,1.399961475663874921e+01,2.677694325188992419e+00,1.399961450843483668e+01,1.403223586748936214e-05,1.394707755158988860e+01,2.700000000000000178e+00
3.396368083709362939e-01,1.399961475692202484e+01,2.677133231756027243e+00,1.399961450872681823e+01,1.403216197104484309e-05,1.394707755193727472e+01,2.700000000000000178e+00
3.398368083709364940e-01,1.399961475720467163e+01,2.676573418879047317e+00,1.399961450901816207e+01,1.403208557348989416e-05,1.394707755228388812e+01,2.700000000000000178e+00
3.400368083709366940e-01,1.399961475748669670e+01,2.676014883637616304e+00,1.399961450930882556e+01,1.403201326866110321e-05,1.394707755262972526e+01,2.700000000000000178e+00
3.402368083709368940e-01,1.399961475776803077e+01,2.675457623114166239e+00,1.399961450959882114e+01,1.403193778060085606e-05,1.394707755297473106e+01,2.700000000000000178e+00
3.404368083709370940e-01,1.399961475804883015e+01,2.674901634399868833e+00,1.399961450988823408e+01,1.403186502102471422e-05,1.394707755331906185e+01,2.700000000000000178e+00
3.406368083709372940e-01,1.399961475832892788e+01,2.674346914592967916e+00,1.399961451017693825e+01,1.403179135195387062e-05,1.394707755366253288e+01,2.700000000000000178e+00
3.408368083709374941e-01,1.399961475860844828e+01,2.673793460796610955e+00,1.399961451046504912e+01,1.403171813763037790e-05,1.394707755400529159e+01,2.700000000000000178e+00
3.410368083709376941e-01,1.399961475888721907e+01,2.673241270121530899e+00,1.399961451075238017e+01,1.403164469593320973e-05,1.394707755434715679e+01,2.700000000000000178e+00
3.412368083709378941e-01,1.399961475916541964e+01,2.672690339685461769e+00,1.399961451103910193e+01,1.403157330059912056e-05,1.394707755468830612e+01,2.700000000000000178e+00
3.414368083709380941e-01,1.399961475944295053e+01,2.672140666612492055e+00,1.399961451132516999e+01,1.403149872203357518e-05,1.394707755502863833e+01,2.700000000000000178e+00
3.416368083709382941e-01,1.399961475971985081e+01,2.671592248031354977e+00,1.399961451161058079e+01,1.403142573508375790e-05,1.394707755536819960e+01,2.700000000000000178e+00
3.418368083709384941e-01,1.399961475999617022e+01,2.671045081079675310e+00,1.399961451189537698e+01,1.403135297550761607e-05,1.394707755570703966e+01,2.700000000000000178e+00
3.420368083709386942e-01,1.399961476027182350e+01,2.670499162901999846e+00,1.399961451217946973e+01,1.403128203492087778e-05,1.394707755604506794e+01,2.700000000000000178e+00
3.422368083709388942e-01,1.399961476054683729e+01,2.669954490647553857e+00,1.399961451246294075e+01,1.403120882059738506e-05,1.394707755638231639e+01,2.700000000000000178e+00
3.424368083709390942e-01,1.399961476082127554e+01,2.669411061473581093e+00,1.399961451274580426e+01,1.403113651576859411e-05,1.394707755671884009e+01,2.700000000000000178e+00
3.426368083709392942e-01,1.399961476109507785e+01,2.668868872541732884e+00,1.399961451302799453e+01,1.403106557518185582e-05,1.394707755705459640e+01,2.700000000000000178e+00
3.428368083709394942e-01,1.399961476136810745e+01,2.668327921022042748e+00,1.399961451330941387e+01,1.403099236085836310e-05,1.394707755738943256e+01,2.700000000000000178e+00
3.430368083709396942e-01,1.399961476164067875e+01,2.667788204087956583e+00,1.399961451359034648e+01,1.403092051077692304e-05,1.394707755772367008e+01,2.700000000000000178e+00
3.432368083709398943e-01,1.399961476191267096e+01,2.667249718929014080e+00,1.399961451387067157e+01,1.403085116180591285e-05,1.394707755805718463e+01,2.700000000000000178e+00
3.434368083709400943e-01,1.399961476218390999e+01,2.666712462729348143e+00,1.399961451415024349e+01,1.403077749273506925e-05,1.394707755838980923e+01,2.700000000000000178e+00
3.436368083709402943e-01,1.399961476245456637e+01,2.666176432684455477e+00,1.399961451442918481e+01,1.403070791639038362e-05,1.394707755872171262e+01,2.700000000000000178e+00
3.438368083709404943e-01,1.399961476272458860e+01,2.665641625990649022e+00,1.399961451470750617e+01,1.403063629368261900e-05,1.394707755905284152e+01,2.700000000000000178e+00
3.440368083709406943e-01,1.399961476299405305e+01,2.665108039862500888e+00,1.399961451498523068e+01,1.403056512572220527e-05,1.394707755938327587e+01,2.700000000000000178e+00
3.442368083709408944e-01,1.399961476326283716e+01,2.664575671513459643e+00,1.399961451526223755e+01,1.403049600412487052e-05,1.394707755971288421e+01,2.700000000000000178e+00
3.444368083709410944e-01,1.399961476353104217e+01,2.664044518163359410e+00,1.399961451553866887e+01,1.403042483616445679e-05,1.394707756004177490e+01,2.700000000000000178e+00
3.446368083709412944e-01,1.399961476379864678e+01,2.663514577039190367e+00,1.399961451581448024e+01,1.403035412295139395e-05,1.394707756036993196e+01,2.700000000000000178e+00
3.448368083709414944e-01,1.399961476406565275e+01,2.662985845374698624e+00,1.399961451608967700e+01,1.403028454660670832e-05,1.394707756069734472e+01,2.700000000000000178e+00
3.450368083709416944e-01,1.399961476433194107e+01,2.662458320409400780e+00,1.399961451636413301e+01,1.403021406076732092e-05,1.394707756102391549e+01,2.700000000000000178e+00
3.452368083709418944e-01,1.399961476459775156e+01,2.661931999390184878e+00,1.399961451663808987e+01,1.403014402967528440e-05,1.394707756134986099e+01,2.700000000000000178e+00
3.454368083709420945e-01,1.399961476486292788e+01,2.661406879567237205e+00,1.399961451691138592e+01,1.403007445333059877e-05,1.394707756167503376e+01,2.700000000000000178e+00
3.456368083709422945e-01,1.399961476512753045e+01,2.660882958201171711e+00,1.399961451718409222e+01,1.403000533173326403e-05,1.394707756199949777e+01,2.700000000000000178e+00
3.458368083709424945e-01,1.399961476539139582e+01,2.660360232555362359e+00,1.399961451745603291e+01,1.402993643750960473e-05,1.394707756232308782e+01,2.700000000000000178e+00
3.460368083709426945e-01,1.399961476565475138e+01,2.659838699901791337e+00,1.399961451772747267e+01,1.402986663379124366e-05,1.394707756264603127e+01,2.700000000000000178e+00
3.462368083709428945e-01,1.399961476591749587e+01,2.659318357517877374e+00,1.399961451799826406e+01,1.402979705744655803e-05,1.394707756296823042e+01,2.700000000000000178e+00
3.464368083709430945e-01,1.399961476617960443e+01,2.658799202686671137e+00,1.399961451826839820e+01,1.402972861797024962e-05,1.394707756328965864e+01,2.700000000000000178e+00
3.466368083709432946e-01,1.399961476644111258e+01,2.658281232698141761e+00,1.399961451853792127e+01,1.402965995112026576e-05,1.394707756361034434e+01,2.700000000000000178e+00
3.468368083709434946e-01,1.399961476670214466e+01,2.657764444848579988e+00,1.399961451880693275e+01,1.402959242113865912e-05,1.394707756393042075e+01,2.700000000000000178e+00
3.470368083709436946e-01,1.399961476696256746e+01,2.657248836438291573e+00,1.399961451907532428e+01,1.402952398166235071e-05,1.394707756424975287e+01,2.700000000000000178e+00
3.472368083709438946e-01,1.399961476722227083e+01,2.656734404777251868e+00,1.399961451934299106e+01,1.402945463269134052e-05,1.394707756456824121e+01,2.700000000000000178e+00
3.474368083709440946e-01,1.399961476748132050e+01,2.656221147179019137e+00,1.399961451960999170e+01,1.402938551109400578e-05,1.394707756488593553e+01,2.700000000000000178e+00
3.476368083709442947e-01,1.399961476773999713e+01,2.655709060964710488e+00,1.399961451987655359e+01,1.402931957272812724e-05,1.394707756520311648e+01,2.700000000000000178e+00
3.478368083709444947e-01,1.399961476799792770e+01,2.655198143460520299e+00,1.399961452014241381e+01,1.402924908688873984e-05,1.394707756551943056e+01,2.700000000000000178e+00
3.480368083709446947e-01,1.399961476825535378e+01,2.654688391998455632e+00,1.399961452040769849e+01,1.402918292114918586e-05,1.394707756583508917e+01,2.700000000000000178e+00
3.482368083709448947e-01,1.399961476851217235e+01,2.654179803918534919e+00,1.399961452067238277e+01,1.402911539116757922e-05,1.394707756615002481e+01,2.700000000000000178e+00
3.484368083709450947e-01,1.399961476876840116e+01,2.653672376564925273e+00,1.399961452093645065e+01,1.402904808855964802e-05,1.394707756646423391e+01,2.700000000000000178e+00
3.486368083709452947e-01,1.399961476902410951e+01,2.653166107288526643e+00,1.399961452119998562e+01,1.402898055857804138e-05,1.394707756677778399e+01,2.700000000000000178e+00
3.488368083709454948e-01,1.399961476927920501e+01,2.652660993446597892e+00,1.399961452146286334e+01,1.402891530233318917e-05,1.394707756709059332e+01,2.700000000000000178e+00
3.490368083709456948e-01,1.399961476953354733e+01,2.652157032402144843e+00,1.399961452172500920e+01,1.402884709023055620e-05,1.394707756740251803e+01,2.700000000000000178e+00
3.492368083709458948e-01,1.399961476978746333e+01,2.651654221524735178e+00,1.399961452198667544e+01,1.402878092449100222e-05,1.394707756771387785e+01,2.700000000000000178e+00
3.494368083709460948e-01,1.399961477004081267e+01,2.651152558188803354e+00,1.399961452224776615e+01,1.402871453137777280e-05,1.394707756802455023e+01,2.700000000000000178e+00
3.496368083709462948e-01,1.399961477029357759e+01,2.650652039774840318e+00,1.399961452250826355e+01,1.402864791089086793e-05,1.394707756833450141e+01,2.700000000000000178e+00
3.498368083709464949e-01,1.399961477054569947e+01,2.650152663670692021e+00,1.399961452276809304e+01,1.402858197252498940e-05,1.394707756864367987e+01,2.700000000000000178e+00
3.500368083709466949e-01,1.399961477079719963e+01,2.649654427268239854e+00,1.399961452302728837e+01,1.402851580678543542e-05,1.394707756895210693e+01,2.700000000000000178e+00
3.502368083709468949e-01,1.399961477104822194e+01,2.649157327967265552e+00,1.399961452328599876e+01,1.402844918629853055e-05,1.394707756925993003e+01,2.700000000000000178e+00
3.504368083709470949e-01,1.399961477129862253e+01,2.648661363172356342e+00,1.399961452354404301e+01,1.402838415742735378e-05,1.394707756956699640e+01,2.700000000000000178e+00
3.506368083709472949e-01,1.399961477154852219e+01,2.648166530294854049e+00,1.399961452380159166e+01,1.402831776431412436e-05,1.394707756987343572e+01,2.700000000000000178e+00
3.508368083709474949e-01,1.399961477179788183e+01,2.647672826751244379e+00,1.399961452405856477e+01,1.402825273544294760e-05,1.394707757017920358e+01,2.700000000000000178e+00
3.510368083709476950e-01,1.399961477204655047e+01,2.647180249963839049e+00,1.399961452431485043e+01,1.402818679707706906e-05,1.394707757048415786e+01,2.700000000000000178e+00
3.512368083709478950e-01,1.399961477229472173e+01,2.646688797360416956e+00,1.399961452457060673e+01,1.402812176820589229e-05,1.394707757078847621e+01,2.700000000000000178e+00
3.514368083709480950e-01,1.399961477254229258e+01,2.646198466375995206e+00,1.399961452482573954e+01,1.402805673933471553e-05,1.394707757109206803e+01,2.700000000000000178e+00
3.516368083709482950e-01,1.399961477278931987e+01,2.645709254451428016e+00,1.399961452508029502e+01,1.402799261995824054e-05,1.394707757139499371e+01,2.700000000000000178e+00
3.518368083709484950e-01,1.399961477303571655e+01,2.645221159031104108e+00,1.399961452533423589e+01,1.402792736371338833e-05,1.394707757169715556e+01,2.700000000000000178e+00
3.520368083709486950e-01,1.399961477328166914e+01,2.644734177568583977e+00,1.399961452558769537e+01,1.402786301696323790e-05,1.394707757199875431e+01,2.700000000000000178e+00
3.522368083709488951e-01,1.399961477352704620e+01,2.644248307520116636e+00,1.399961452584058996e+01,1.402779685122368392e-05,1.394707757229964251e+01,2.700000000000000178e+00
3.524368083709490951e-01,1.399961477377184238e+01,2.643763546350050397e+00,1.399961452609284684e+01,1.402773295922088437e-05,1.394707757259982550e+01,2.700000000000000178e+00
3.526368083709492951e-01,1.399961477401603460e+01,2.643279891527778869e+00,1.399961452634449977e+01,1.402766997671278659e-05,1.394707757289927841e+01,2.700000000000000178e+00
3.528368083709494951e-01,1.399961477425959799e+01,2.642797340527101024e+00,1.399961452659550432e+01,1.402760585733631160e-05,1.394707757319797636e+01,2.700000000000000178e+00
3.530368083709496951e-01,1.399961477450276348e+01,2.642315890830725600e+00,1.399961452684610386e+01,1.402754151058616117e-05,1.394707757349615385e+01,2.700000000000000178e+00
3.532368083709498952e-01,1.399961477474533567e+01,2.641835539922480880e+00,1.399961452709608345e+01,1.402747761858336162e-05,1.394707757379360835e+01,2.700000000000000178e+00
3.534368083709500952e-01,1.399961477498735185e+01,2.641356285295829220e+00,1.399961452734547862e+01,1.402741372658056207e-05,1.394707757409038251e+01,2.700000000000000178e+00
3.536368083709502952e-01,1.399961477522879605e+01,2.640878124449255626e+00,1.399961452759430358e+01,1.402735051669878885e-05,1.394707757438646567e+01,2.700000000000000178e+00
3.538368083709504952e-01,1.399961477546965227e+01,2.640401054887431265e+00,1.399961452784251037e+01,1.402728776156436652e-05,1.394707757468182940e+01,2.700000000000000178e+00
3.540368083709506952e-01,1.399961477570995072e+01,2.639925074120393234e+00,1.399961452809015228e+01,1.402722318744054064e-05,1.394707757497650746e+01,2.700000000000000178e+00
3.542368083709508952e-01,1.399961477594979975e+01,2.639450179660254303e+00,1.399961452833730213e+01,1.402716156917449553e-05,1.394707757527061887e+01,2.700000000000000178e+00
3.544368083709510953e-01,1.399961477618903238e+01,2.638976369029618851e+00,1.399961452858383559e+01,1.402709835929272231e-05,1.394707757556399308e+01,2.700000000000000178e+00
3.546368083709512953e-01,1.399961477642780139e+01,2.638503639754813612e+00,1.399961452882988588e+01,1.402703651365300175e-05,1.394707757585676688e+01,2.700000000000000178e+00
3.548368083709514953e-01,1.399961477666593801e+01,2.638031989367817687e+00,1.399961452907530024e+01,1.402697307639755309e-05,1.394707757614879284e+01,2.700000000000000178e+00
3.550368083709516953e-01,1.399961477690361455e+01,2.637561415405227816e+00,1.399961452932021722e+01,1.402691191287885886e-05,1.394707757644023438e+01,2.700000000000000178e+00
3.552368083709518953e-01,1.399961477714062319e+01,2.637091915412188126e+00,1.399961452956445029e+01,1.402684938511811197e-05,1.394707757673089432e+01,2.700000000000000178e+00
3.554368083709520953e-01,1.399961477737716642e+01,2.636623486936282124e+00,1.399961452980821619e+01,1.402678753947839141e-05,1.394707757702095918e+01,2.700000000000000178e+00
3.556368083709522954e-01,1.399961477761308970e+01,2.636156127531865678e+00,1.399961453005133372e+01,1.402672546646499541e-05,1.394707757731027975e+01,2.700000000000000178e+00
3.558368083709524954e-01,1.399961477784860087e+01,2.635689834760090555e+00,1.399961453029404446e+01,1.402666202920954674e-05,1.394707757759906563e+01,2.700000000000000178e+00
3.560368083709526954e-01,1.399961477808353472e+01,2.635224606186180818e+00,1.399961453053613525e+01,1.402660132043820340e-05,1.394707757788715341e+01,2.700000000000000178e+00
3.562368083709528954e-01,1.399961477831782730e+01,2.634760439380945396e+00,1.399961453077757945e+01,1.402653879267745651e-05,1.394707757817448623e+01,2.700000000000000178e+00
3.564368083709530954e-01,1.399961477855171132e+01,2.634297331922447860e+00,1.399961453101860265e+01,1.402647694703773595e-05,1.394707757846128082e+01,2.700000000000000178e+00
3.566368083709532955e-01,1.399961477878504645e+01,2.633835281391670780e+00,1.399961453125902722e+01,1.402641669301374350e-05,1.394707757874741283e+01,2.700000000000000178e+00
3.568368083709534955e-01,1.399961477901787532e+01,2.633374285377478419e+00,1.399961453149895441e+01,1.402635598424240015e-05,1.394707757903291068e+01,2.700000000000000178e+00
3.570368083709536955e-01,1.399961477925001674e+01,2.632914341471998210e+00,1.399961453173820480e+01,1.402629345648165327e-05,1.394707757931760383e+01,2.700000000000000178e+00
3.572368083709538955e-01,1.399961477948178157e+01,2.632455447274375526e+00,1.399961453197700756e+01,1.402623411195236258e-05,1.394707757960180139e+01,2.700000000000000178e+00
3.574368083709540955e-01,1.399961477971297974e+01,2.631997600389590630e+00,1.399961453221525431e+01,1.402617294843366835e-05,1.394707757988531149e+01,2.700000000000000178e+00
3.576368083709542955e-01,1.399961477994362724e+01,2.631540798426780015e+00,1.399961453245294152e+01,1.402611064804659691e-05,1.394707758016815013e+01,2.700000000000000178e+00
3.578368083709544956e-01,1.399961478017367966e+01,2.631085039001474168e+00,1.399961453269001765e+01,1.402605016664892901e-05,1.394707758045028356e+01,2.700000000000000178e+00
3.580368083709546956e-01,1.399961478040334306e+01,2.630630319734323930e+00,1.399961453292666924e+01,1.402599127686698921e-05,1.394707758073190007e+01,2.700000000000000178e+00
3.582368083709548956e-01,1.399961478063245579e+01,2.630176638251314536e+00,1.399961453316275950e+01,1.402593147759034764e-05,1.394707758101284512e+01,2.700000000000000178e+00
3.584368083709550956e-01,1.399961478086096811e+01,2.629723992183937042e+00,1.399961453339824935e+01,1.402586985932430252e-05,1.394707758129307607e+01,2.700000000000000178e+00
3.586368083709552956e-01,1.399961478108900259e+01,2.629272379168676288e+00,1.399961453363322228e+01,1.402581051479501184e-05,1.394707758157270838e+01,2.700000000000000178e+00
3.588368083709554957e-01,1.399961478131653969e+01,2.628821796848440417e+00,1.399961453386768895e+01,1.402575117026572116e-05,1.394707758185173319e+01,2.700000000000000178e+00
3.590368083709556957e-01,1.399961478154354211e+01,2.628372242872359266e+00,1.399961453410161027e+01,1.402569114361540414e-05,1.394707758213010251e+01,2.700000000000000178e+00
3.592368083709558957e-01,1.399961478177000629e+01,2.627923714889440099e+00,1.399961453433498981e+01,1.402563111696508713e-05,1.394707758240781104e+01,2.700000000000000178e+00
3.594368083709560957e-01,1.399961478199598552e+01,2.627476210561975112e+00,1.399961453456781335e+01,1.402557381879887544e-05,1.394707758268492093e+01,2.700000000000000178e+00
3.596368083709562957e-01,1.399961478222140521e+01,2.627029727552367966e+00,1.399961453480011464e+01,1.402551333740120754e-05,1.394707758296135580e+01,2.700000000000000178e+00
3.598368083709564957e-01,1.399961478244634527e+01,2.626584263529909258e+00,1.399961453503191322e+01,1.402545353812456597e-05,1.394707758323718672e+01,2.700000000000000178e+00
3.600368083709566958e-01,1.399961478267082526e+01,2.626139816168510333e+00,1.399961453526321442e+01,1.402539555783732794e-05,1.394707758351245275e+01,2.700000000000000178e+00
3.602368083709568958e-01,1.399961478289466932e+01,2.625696383148608426e+00,1.399961453549387080e+01,1.402533666805538815e-05,1.394707758378696028e+01,2.700000000000000178e+00
3.604368083709570958e-01,1.399961478311809948e+01,2.625253962154502574e+00,1.399961453572410974e+01,1.402527777827344835e-05,1.394707758406094023e+01,2.700000000000000178e+00
3.606368083709572958e-01,1.399961478334103937e+01,2.624812550876288508e+00,1.399961453595383354e+01,1.402521957061253488e-05,1.394707758433431444e+01,2.700000000000000178e+00
3.608368083709574958e-01,1.399961478356340017e+01,2.624372147010403999e+00,1.399961453618296936e+01,1.402516045345691964e-05,1.394707758460699765e+01,2.700000000000000178e+00
3.610368083709576958e-01,1.399961478378521740e+01,2.623932748256956327e+00,1.399961453641154563e+01,1.402510201842233073e-05,1.394707758487901295e+01,2.700000000000000178e+00
3.612368083709578959e-01,1.399961478400657100e+01,2.623494352323166634e+00,1.399961453663961919e+01,1.402504403813509271e-05,1.394707758515046159e+01,2.700000000000000178e+00
3.614368083709580959e-01,1.399961478422746097e+01,2.623056956919354032e+00,1.399961453686725044e+01,1.402498537572682835e-05,1.394707758542132758e+01,2.700000000000000178e+00
3.616368083709582959e-01,1.399961478444784468e+01,2.622620559762019798e+00,1.399961453709432213e+01,1.402492921442899387e-05,1.394707758569157541e+01,2.700000000000000178e+00
3.618368083709584959e-01,1.399961478466765108e+01,2.622185158572894803e+00,1.399961453732083250e+01,1.402486986989970319e-05,1.394707758596112690e+01,2.700000000000000178e+00
3.620368083709586959e-01,1.399961478488702582e+01,2.621750751079835240e+00,1.399961453754687390e+01,1.402481325385451782e-05,1.394707758623013483e+01,2.700000000000000178e+00
3.622368083709588960e-01,1.399961478510591384e+01,2.621317335014090144e+00,1.399961453777240727e+01,1.402475595568830613e-05,1.394707758649854590e+01,2.700000000000000178e+00
3.624368083709590960e-01,1.399961478532425296e+01,2.620884908114168077e+00,1.399961453799740774e+01,1.402469706590636633e-05,1.394707758676629084e+01,2.700000000000000178e+00
3.626368083709592960e-01,1.399961478554207872e+01,2.620453468121255458e+00,1.399961453822185220e+01,1.402464158672955818e-05,1.394707758703341050e+01,2.700000000000000178e+00
3.628368083709594960e-01,1.399961478575941953e+01,2.620023012781931726e+00,1.399961453844580284e+01,1.402458269694761839e-05,1.394707758729993863e+01,2.700000000000000178e+00
3.630368083709596960e-01,1.399961478597627362e+01,2.619593539851347685e+00,1.399961453866924543e+01,1.402452699039713480e-05,1.394707758756586280e+01,2.700000000000000178e+00
3.632368083709598960e-01,1.399961478619263033e+01,2.619165047086094766e+00,1.399961453889218888e+01,1.402447082909930032e-05,1.394707758783117058e+01,2.700000000000000178e+00
3.634368083709600961e-01,1.399961478640844170e+01,2.618737532249240552e+00,1.399961453911456211e+01,1.402441262143838685e-05,1.394707758809583353e+01,2.700000000000000178e+00
3.636368083709602961e-01,1.399961478662395287e+01,2.618310993109492557e+00,1.399961453933662980e+01,1.402435646014055237e-05,1.394707758836008082e+01,2.700000000000000178e+00
3.638368083709604961e-01,1.399961478683884764e+01,2.617885427439909485e+00,1.399961453955807400e+01,1.402429961672169156e-05,1.394707758862360159e+01,2.700000000000000178e+00
3.640368083709606961e-01,1.399961478705321838e+01,2.617460833017955402e+00,1.399961453977895154e+01,1.402424368279753253e-05,1.394707758888648108e+01,2.700000000000000178e+00
3.642368083709608961e-01,1.399961478726711128e+01,2.617037207627862294e+00,1.399961453999932992e+01,1.402418888574175071e-05,1.394707758914877971e+01,2.700000000000000178e+00
3.644368083709610961e-01,1.399961478748050858e+01,2.616614549057836303e+00,1.399961454021924823e+01,1.402412976858613547e-05,1.394707758941046905e+01,2.700000000000000178e+00
3.646368083709612962e-01,1.399961478769350798e+01,2.616192855102458026e+00,1.399961454043869047e+01,1.402407588102505542e-05,1.394707758967165034e+01,2.700000000000000178e+00
3.648368083709614962e-01,1.399961478790586611e+01,2.615772123557948525e+00,1.399961454065751809e+01,1.402401926497987006e-05,1.394707758993207669e+01,2.700000000000000178e+00
3.650368083709616962e-01,1.399961478811784055e+01,2.615352352229841415e+00,1.399961454087592294e+01,1.402396355842938647e-05,1.394707759019201809e+01,2.700000000000000178e+00
3.652368083709618962e-01,1.399961478832931583e+01,2.614933538925128698e+00,1.399961454109382686e+01,1.402390807925257832e-05,1.394707759045134132e+01,2.700000000000000178e+00
3.654368083709620962e-01,1.399961478854036834e+01,2.614515681458588592e+00,1.399961454131128491e+01,1.402385328219679650e-05,1.394707759071013697e+01,2.700000000000000178e+00
3.656368083709622963e-01,1.399961478875089149e+01,2.614098777647338334e+00,1.399961454152820473e+01,1.402379825776733924e-05,1.394707759096829847e+01,2.700000000000000178e+00
3.658368083709624963e-01,1.399961478896080003e+01,2.613682825316229863e+00,1.399961454174450282e+01,1.402374141434847843e-05,1.394707759122572810e+01,2.700000000000000178e+00
3.660368083709626963e-01,1.399961478917037461e+01,2.613267822293391163e+00,1.399961454196044564e+01,1.402368593517167028e-05,1.394707759148272430e+01,2.700000000000000178e+00
3.662368083709628963e-01,1.399961478937954595e+01,2.612853766412251755e+00,1.399961454217596746e+01,1.402363159286323935e-05,1.394707759173920181e+01,2.700000000000000178e+00
3.664368083709630963e-01,1.399961478958814531e+01,2.612440655511758081e+00,1.399961454239090841e+01,1.402357702318113297e-05,1.394707759199500430e+01,2.700000000000000178e+00
3.666368083709632963e-01,1.399961478979620999e+01,2.612028487433939894e+00,1.399961454260528093e+01,1.402352336299372837e-05,1.394707759225015842e+01,2.700000000000000178e+00
3.668368083709634964e-01,1.399961479000382170e+01,2.611617260027786713e+00,1.399961454281919870e+01,1.402346811119059566e-05,1.394707759250475654e+01,2.700000000000000178e+00
3.670368083709636964e-01,1.399961479021103372e+01,2.611206971145954903e+00,1.399961454303270436e+01,1.402341422362951562e-05,1.394707759275885017e+01,2.700000000000000178e+00
3.672368083709638964e-01,1.399961479041779278e+01,2.610797618646695462e+00,1.399961454324574106e+01,1.402336010869476013e-05,1.394707759301238248e+01,2.700000000000000178e+00
3.674368083709640964e-01,1.399961479062392833e+01,2.610389200394379383e+00,1.399961454345813827e+01,1.402330531163897831e-05,1.394707759326518293e+01,2.700000000000000178e+00
3.676368083709642964e-01,1.399961479082970506e+01,2.609981714254662410e+00,1.399961454367014291e+01,1.402325142407789826e-05,1.394707759351751264e+01,2.700000000000000178e+00
3.678368083709644965e-01,1.399961479103502171e+01,2.609575158101040682e+00,1.399961454388171056e+01,1.402319685439579189e-05,1.394707759376928102e+01,2.700000000000000178e+00
3.680368083709646965e-01,1.399961479123982855e+01,2.609169529810496879e+00,1.399961454409271866e+01,1.402314501319779083e-05,1.394707759402043656e+01,2.700000000000000178e+00
3.682368083709648965e-01,1.399961479144422505e+01,2.608764827266874420e+00,1.399961454430332886e+01,1.402308976139465813e-05,1.394707759427107163e+01,2.700000000000000178e+00
3.684368083709650965e-01,1.399961479164801226e+01,2.608361048356691025e+00,1.399961454451331022e+01,1.402303632858092897e-05,1.394707759452099793e+01,2.700000000000000178e+00
3.686368083709652965e-01,1.399961479185147084e+01,2.607958190972557322e+00,1.399961454472294520e+01,1.402298175889882259e-05,1.394707759477048725e+01,2.700000000000000178e+00
3.688368083709654965e-01,1.399961479205444626e+01,2.607556253009854608e+00,1.399961454493207746e+01,1.402292946295347065e-05,1.394707759501938682e+01,2.700000000000000178e+00
3.690368083709656966e-01,1.399961479225692962e+01,2.607155232370845344e+00,1.399961454514070702e+01,1.402287534801871516e-05,1.394707759526768243e+01,2.700000000000000178e+00
3.692368083709658966e-01,1.399961479245901685e+01,2.606755126963110847e+00,1.399961454534892447e+01,1.402282327944703866e-05,1.394707759551548598e+01,2.700000000000000178e+00
3.694368083709660966e-01,1.399961479266050901e+01,2.606355934696244159e+00,1.399961454555652018e+01,1.402277052875433583e-05,1.394707759576258788e+01,2.700000000000000178e+00
3.696368083709662966e-01,1.399961479286161747e+01,2.605957653486847825e+00,1.399961454576374820e+01,1.402271686856693123e-05,1.394707759600920305e+01,2.700000000000000178e+00
3.698368083709664966e-01,1.399961479306230316e+01,2.605560281255670851e+00,1.399961454597050903e+01,1.402266457262157928e-05,1.394707759625529953e+01,2.700000000000000178e+00
3.700368083709666966e-01,1.399961479326244707e+01,2.605163815928040805e+00,1.399961454617672985e+01,1.402261204930255190e-05,1.394707759650074053e+01,2.700000000000000178e+00
3.702368083709668967e-01,1.399961479346221971e+01,2.604768255434392277e+00,1.399961454638254921e+01,1.402255975335719995e-05,1.394707759674570724e+01,2.700000000000000178e+00
3.704368083709670967e-01,1.399961479366143102e+01,2.604373597709496835e+00,1.399961454658781790e+01,1.402250677529082168e-05,1.394707759699000960e+01,2.700000000000000178e+00
3.706368083709672967e-01,1.399961479386032970e+01,2.603979840692852044e+00,1.399961454679274553e+01,1.402245493409282062e-05,1.394707759723390161e+01,2.700000000000000178e+00
3.708368083709674967e-01,1.399961479405873988e+01,2.603586982330122090e+00,1.399961454699716157e+01,1.402240332026849501e-05,1.394707759747719322e+01,2.700000000000000178e+00
3.710368083709676967e-01,1.399961479425663313e+01,2.603195020568585427e+00,1.399961454720106069e+01,1.402235056957579218e-05,1.394707759771987021e+01,2.700000000000000178e+00
3.712368083709678968e-01,1.399961479445408408e+01,2.602803953362089473e+00,1.399961454740451394e+01,1.402229804625676479e-05,1.394707759796200719e+01,2.700000000000000178e+00
3.714368083709680968e-01,1.399961479465108205e+01,2.602413778670615407e+00,1.399961454760747159e+01,1.402224688717979006e-05,1.394707759820358639e+01,2.700000000000000178e+00
3.716368083709682968e-01,1.399961479484766436e+01,2.602024494456005588e+00,1.399961454781001180e+01,1.402219527335546445e-05,1.394707759844464157e+01,2.700000000000000178e+00
3.718368083709684968e-01,1.399961479504377948e+01,2.601636098685867982e+00,1.399961454801206528e+01,1.402214388690481428e-05,1.394707759868514252e+01,2.700000000000000178e+00
3.720368083709686968e-01,1.399961479523944163e+01,2.601248589333274630e+00,1.399961454821367290e+01,1.402209272782783955e-05,1.394707759892507681e+01,2.700000000000000178e+00
3.722368083709688968e-01,1.399961479543471476e+01,2.600861964374536317e+00,1.399961454841484887e+01,1.402204225087189116e-05,1.394707759916452083e+01,2.700000000000000178e+00
3.724368083709690969e-01,1.399961479562949052e+01,2.600476221791270692e+00,1.399961454861554522e+01,1.402198904543183744e-05,1.394707759940336800e+01,2.700000000000000178e+00
3.726368083709692969e-01,1.399961479582375823e+01,2.600091359570805505e+00,1.399961454881571221e+01,1.402193834110221360e-05,1.394707759964161653e+01,2.700000000000000178e+00
3.728368083709694969e-01,1.399961479601769199e+01,2.599707375702542400e+00,1.399961454901550439e+01,1.402188809151994064e-05,1.394707759987942097e+01,2.700000000000000178e+00
3.730368083709696969e-01,1.399961479621110172e+01,2.599324268181644637e+00,1.399961454921478143e+01,1.402183738719031680e-05,1.394707760011660191e+01,2.700000000000000178e+00
3.732368083709698969e-01,1.399961479640410289e+01,2.598942035009189855e+00,1.399961454941363925e+01,1.402178668286069296e-05,1.394707760035327482e+01,2.700000000000000178e+00
3.734368083709700969e-01,1.399961479659669727e+01,2.598560674189601460e+00,1.399961454961205121e+01,1.402173575115739368e-05,1.394707760058944679e+01,2.700000000000000178e+00
3.736368083709702970e-01,1.399961479678878007e+01,2.598180183731598536e+00,1.399961454980997111e+01,1.402168527420144528e-05,1.394707760082500236e+01,2.700000000000000178e+00
3.738368083709704970e-01,1.399961479698048095e+01,2.597800561648892170e+00,1.399961455000748600e+01,1.402163456987182144e-05,1.394707760106008010e+01,2.700000000000000178e+00
3.740368083709706970e-01,1.399961479717173063e+01,2.597421805959520658e+00,1.399961455020452306e+01,1.402158386554219760e-05,1.394707760129459828e+01,2.700000000000000178e+00
3.742368083709708970e-01,1.399961479736261616e+01,2.597043914685557731e+00,1.399961455040117286e+01,1.402153498020197731e-05,1.394707760152866705e+01,2.700000000000000178e+00
3.744368083709710970e-01,1.399961479755303273e+01,2.596666885854713946e+00,1.399961455059735727e+01,1.402148473061970435e-05,1.394707760176216205e+01,2.700000000000000178e+00
3.746368083709712971e-01,1.399961479774286843e+01,2.596290717498914269e+00,1.399961455079296613e+01,1.402143334416905418e-05,1.394707760199497848e+01,2.700000000000000178e+00
3.748368083709714971e-01,1.399961479793243058e+01,2.595915407656018914e+00,1.399961455098825169e+01,1.402138514094986022e-05,1.394707760222741832e+01,2.700000000000000178e+00
3.750368083709716971e-01,1.399961479812141185e+01,2.595540954363950270e+00,1.399961455118295639e+01,1.402133534611493815e-05,1.394707760245918493e+01,2.700000000000000178e+00
3.752368083709718971e-01,1.399961479831015865e+01,2.595167355666749831e+00,1.399961455137741595e+01,1.402128577865369152e-05,1.394707760269061936e+01,2.700000000000000178e+00
3.754368083709720971e-01,1.399961479849841872e+01,2.594794609618231718e+00,1.399961455157136569e+01,1.402123712068714667e-05,1.394707760292146403e+01,2.700000000000000178e+00
3.756368083709722971e-01,1.399961479868610503e+01,2.594422714270249841e+00,1.399961455176475589e+01,1.402118641635752283e-05,1.394707760315164258e+01,2.700000000000000178e+00
3.758368083709724972e-01,1.399961479887345028e+01,2.594051667678740181e+00,1.399961455195777127e+01,1.402113707626995165e-05,1.394707760338138769e+01,2.700000000000000178e+00
3.760368083709726972e-01,1.399961479906040651e+01,2.593681467912772209e+00,1.399961455215039408e+01,1.402108750880870502e-05,1.394707760361064075e+01,2.700000000000000178e+00
3.762368083709728972e-01,1.399961479924694352e+01,2.593312113032687272e+00,1.399961455234257102e+01,1.402103862346848473e-05,1.394707760383937867e+01,2.700000000000000178e+00
3.764368083709730972e-01,1.399961479943305420e+01,2.592943601115718977e+00,1.399961455253429676e+01,1.402099132974399254e-05,1.394707760406759256e+01,2.700000000000000178e+00
3.766368083709732972e-01,1.399961479961862842e+01,2.592575930236484805e+00,1.399961455272549316e+01,1.402094153490907047e-05,1.394707760429517762e+01,2.700000000000000178e+00
3.768368083709734973e-01,1.399961479980384560e+01,2.592209098470521500e+00,1.399961455291633428e+01,1.402089242219517473e-05,1.394707760452230616e+01,2.700000000000000178e+00
3.770368083709736973e-01,1.399961479998868086e+01,2.591843103910610679e+00,1.399961455310675262e+01,1.402084376422862988e-05,1.394707760474896219e+01,2.700000000000000178e+00
3.772368083709738973e-01,1.399961480017307558e+01,2.591477944645938614e+00,1.399961455329673043e+01,1.402079487888840958e-05,1.394707760497507998e+01,2.700000000000000178e+00
3.774368083709740973e-01,1.399961480035709016e+01,2.591113618764308235e+00,1.399961455348629791e+01,1.402074713041656651e-05,1.394707760520072348e+01,2.700000000000000178e+00
3.776368083709742973e-01,1.399961480054054519e+01,2.590750124364213036e+00,1.399961455367530228e+01,1.402069960931839887e-05,1.394707760542571151e+01,2.700000000000000178e+00
3.778368083709744973e-01,1.399961480072368403e+01,2.590387459548876059e+00,1.399961455386399578e+01,1.402065117872552946e-05,1.394707760565028387e+01,2.700000000000000178e+00
3.780368083709746974e-01,1.399961480090641608e+01,2.590025622425505158e+00,1.399961455405227184e+01,1.402060161126428284e-05,1.394707760587435530e+01,2.700000000000000178e+00
3.782368083709748974e-01,1.399961480108869871e+01,2.589664611105727765e+00,1.399961455424006651e+01,1.402055477228714153e-05,1.394707760609788672e+01,2.700000000000000178e+00
3.784368083709750974e-01,1.399961480127053193e+01,2.589304423705488301e+00,1.399961455442739044e+01,1.402050747856264934e-05,1.394707760632087634e+01,2.700000000000000178e+00
3.786368083709752974e-01,1.399961480145198678e+01,2.588945058345087258e+00,1.399961455461433069e+01,1.402045927534345537e-05,1.394707760654339523e+01,2.700000000000000178e+00
3.788368083709754974e-01,1.399961480163305971e+01,2.588586513149096380e+00,1.399961455480088013e+01,1.402041243636631407e-05,1.394707760676543096e+01,2.700000000000000178e+00
3.790368083709756974e-01,1.399961480181367968e+01,2.588228786246203672e+00,1.399961455498696594e+01,1.402036423314712010e-05,1.394707760698692667e+01,2.700000000000000178e+00
3.792368083709758975e-01,1.399961480199394259e+01,2.587871875761687868e+00,1.399961455517266451e+01,1.402031807629100513e-05,1.394707760720796408e+01,2.700000000000000178e+00
3.794368083709760975e-01,1.399961480217375076e+01,2.587515779834900442e+00,1.399961455535790122e+01,1.402027100994018838e-05,1.394707760742845615e+01,2.700000000000000178e+00
3.796368083709762975e-01,1.399961480235307221e+01,2.587160496613235328e+00,1.399961455554266543e+01,1.402022235197364353e-05,1.394707760764837268e+01,2.700000000000000178e+00
3.798368083709764975e-01,1.399961480253207569e+01,2.586806024236145696e+00,1.399961455572709568e+01,1.402017483087547589e-05,1.394707760786787887e+01,2.700000000000000178e+00
3.800368083709766975e-01,1.399961480271069725e+01,2.586452360852975030e+00,1.399961455591110315e+01,1.402012890139303636e-05,1.394707760808690722e+01,2.700000000000000178e+00
3.802368083709768976e-01,1.399961480288892268e+01,2.586099504622100032e+00,1.399961455609471628e+01,1.402008228978957050e-05,1.394707760830545062e+01,2.700000000000000178e+00
3.804368083709770976e-01,1.399961480306662587e+01,2.585747453694388298e+00,1.399961455627778051e+01,1.402003567818610463e-05,1.394707760852337941e+01,2.700000000000000178e+00
3.806368083709772976e-01,1.399961480324393470e+01,2.585396206238147254e+00,1.399961455646046637e+01,1.401998861183528788e-05,1.394707760874081792e+01,2.700000000000000178e+00
3.808368083709774976e-01,1.399961480342095577e+01,2.585045760416932126e+00,1.399961455664282006e+01,1.401994268235284835e-05,1.394707760895788873e+01,2.700000000000000178e+00
3.810368083709776976e-01,1.399961480359747235e+01,2.584696114399549494e+00,1.399961455682467459e+01,1.401989629812305793e-05,1.394707760917434847e+01,2.700000000000000178e+00
3.812368083709778976e-01,1.399961480377359635e+01,2.584347266364485307e+00,1.399961455700612944e+01,1.401984945914591663e-05,1.394707760939033570e+01,2.700000000000000178e+00
3.814368083709780977e-01,1.399961480394939350e+01,2.583999214489470120e+00,1.399961455718725389e+01,1.401980239279509988e-05,1.394707760960589660e+01,2.700000000000000178e+00
3.816368083709782977e-01,1.399961480412473769e+01,2.583651956953843865e+00,1.399961455736788096e+01,1.401975714543368667e-05,1.394707760982091571e+01,2.700000000000000178e+00
3.818368083709784977e-01,1.399961480429967153e+01,2.583305491948518107e+00,1.399961455754809947e+01,1.401971098857757170e-05,1.394707761003543567e+01,2.700000000000000178e+00
3.820368083709786977e-01,1.399961480447428031e+01,2.582959817664027380e+00,1.399961455772798047e+01,1.401966551384248305e-05,1.394707761024953818e+01,2.700000000000000178e+00
3.822368083709788977e-01,1.399961480464842012e+01,2.582614932295530963e+00,1.399961455790740672e+01,1.401961844749166630e-05,1.394707761046308825e+01,2.700000000000000178e+00
3.824368083709790977e-01,1.399961480482211584e+01,2.582270834042462937e+00,1.399961455808632316e+01,1.401957456437230576e-05,1.394707761067609830e+01,2.700000000000000178e+00
3.826368083709792978e-01,1.399961480499549893e+01,2.581927521108478896e+00,1.399961455826495005e+01,1.401952863488986623e-05,1.394707761088871223e+01,2.700000000000000178e+00
3.828368083709794978e-01,1.399961480516845391e+01,2.581584991701078469e+00,1.399961455844313640e+01,1.401948270540742669e-05,1.394707761110079858e+01,2.700000000000000178e+00
3.830368083709796978e-01,1.399961480534097369e+01,2.581243244032004558e+00,1.399961455862086446e+01,1.401943791279336438e-05,1.394707761131236801e+01,2.700000000000000178e+00
3.832368083709798978e-01,1.399961480551322346e+01,2.580902276317831312e+00,1.399961455879831362e+01,1.401939175593724940e-05,1.394707761152357506e+01,2.700000000000000178e+00
3.834368083709800978e-01,1.399961480568502026e+01,2.580562086778296127e+00,1.399961455897527784e+01,1.401934900968626607e-05,1.394707761173424032e+01,2.700000000000000178e+00
3.836368083709802979e-01,1.399961480585639073e+01,2.580222673635625519e+00,1.399961455915185482e+01,1.401930148858809844e-05,1.394707761194439222e+01,2.700000000000000178e+00
3.838368083709804979e-01,1.399961480602731001e+01,2.579884035119819785e+00,1.399961455932793619e+01,1.401925692334771156e-05,1.394707761215400410e+01,2.700000000000000178e+00
3.840368083709806979e-01,1.399961480619795573e+01,2.579546169463385663e+00,1.399961455950370670e+01,1.401921394972305279e-05,1.394707761236325894e+01,2.700000000000000178e+00
3.842368083709808979e-01,1.399961480636816802e+01,2.579209074900519649e+00,1.399961455967907220e+01,1.401916847498796415e-05,1.394707761257197731e+01,2.700000000000000178e+00
3.844368083709810979e-01,1.399961480653797530e+01,2.578872749672735498e+00,1.399961455985401315e+01,1.401912345500022639e-05,1.394707761278021607e+01,2.700000000000000178e+00
3.846368083709812979e-01,1.399961480670743796e+01,2.578537192024758173e+00,1.399961456002857751e+01,1.401907934450719040e-05,1.394707761298801962e+01,2.700000000000000178e+00
3.848368083709814980e-01,1.399961480687649384e+01,2.578202400202748379e+00,1.399961456020274753e+01,1.401903432451945264e-05,1.394707761319532757e+01,2.700000000000000178e+00
3.850368083709816980e-01,1.399961480704513228e+01,2.577868372461312951e+00,1.399961456037647878e+01,1.401899021402641665e-05,1.394707761340212571e+01,2.700000000000000178e+00
3.852368083709818980e-01,1.399961480721341545e+01,2.577535107054063523e+00,1.399961456054983344e+01,1.401894564878602978e-05,1.394707761360848686e+01,2.700000000000000178e+00
3.854368083709820980e-01,1.399961480738129360e+01,2.577202602242925078e+00,1.399961456072277954e+01,1.401890290253504645e-05,1.394707761381436129e+01,2.700000000000000178e+00
3.856368083709822980e-01,1.399961480754883425e+01,2.576870856292244660e+00,1.399961456089537037e+01,1.401885833729465958e-05,1.394707761401979695e+01,2.700000000000000178e+00
3.858368083709824981e-01,1.399961480771596811e+01,2.576539867468592426e+00,1.399961456106755797e+01,1.401881377205427270e-05,1.394707761422475834e+01,2.700000000000000178e+00
3.860368083709826981e-01,1.399961480788273605e+01,2.576209634044955621e+00,1.399961456123934944e+01,1.401877011630858760e-05,1.394707761442925431e+01,2.700000000000000178e+00
3.862368083709828981e-01,1.399961480804911851e+01,2.575880154297671254e+00,1.399961456141076432e+01,1.401872555106820073e-05,1.394707761463328843e+01,2.700000000000000178e+00
3.864368083709830981e-01,1.399961480821506576e+01,2.575551426506466957e+00,1.399961456158170670e+01,1.401868348693824373e-05,1.394707761483679143e+01,2.700000000000000178e+00
3.866368083709832981e-01,1.399961480838063466e+01,2.575223448954430783e+00,1.399961456175228136e+01,1.401863937644520774e-05,1.394707761503983257e+01,2.700000000000000178e+00
3.868368083709834981e-01,1.399961480854595663e+01,2.574896219929917685e+00,1.399961456192258780e+01,1.401859594807319809e-05,1.394707761524254153e+01,2.700000000000000178e+00
3.870368083709836982e-01,1.399961480871074215e+01,2.574569737724595520e+00,1.399961456209235777e+01,1.401855138283281121e-05,1.394707761544463587e+01,2.700000000000000178e+00
3.872368083709838982e-01,1.399961480887530385e+01,2.574244000634042351e+00,1.399961456226187551e+01,1.401850886395550333e-05,1.394707761564641757e+01,2.700000000000000178e+00
3.874368083709840982e-01,1.399961480903939481e+01,2.573919006957527511e+00,1.399961456243092073e+01,1.401846589033084456e-05,1.394707761584763439e+01,2.700000000000000178e+00
3.876368083709842982e-01,1.399961480920311274e+01,2.573594754998628442e+00,1.399961456259958403e+01,1.401842246195883490e-05,1.394707761604840535e+01,2.700000000000000178e+00
3.878368083709844982e-01,1.399961480936643277e+01,2.573271243064094271e+00,1.399961456276781213e+01,1.401838085257622879e-05,1.394707761624868603e+01,2.700000000000000178e+00
3.880368083709846982e-01,1.399961480952939752e+01,2.572948469466047161e+00,1.399961456293570450e+01,1.401833651470951736e-05,1.394707761644852795e+01,2.700000000000000178e+00
3.882368083709848983e-01,1.399961480969200700e+01,2.572626432518731576e+00,1.399961456310319718e+01,1.401829513270058669e-05,1.394707761664793111e+01,2.700000000000000178e+00
3.884368083709850983e-01,1.399961480985421858e+01,2.572305130541454599e+00,1.399961456327032749e+01,1.401825147695490159e-05,1.394707761684685288e+01,2.700000000000000178e+00
3.886368083709852983e-01,1.399961481001609798e+01,2.571984561855003903e+00,1.399961456343707589e+01,1.401820895807759371e-05,1.394707761704536431e+01,2.700000000000000178e+00
3.888368083709854983e-01,1.399961481017764875e+01,2.571664724787201983e+00,1.399961456360349743e+01,1.401816689394763671e-05,1.394707761724345829e+01,2.700000000000000178e+00
3.890368083709856983e-01,1.399961481033878030e+01,2.571345617668979955e+00,1.399961456376948910e+01,1.401812392032297794e-05,1.394707761744105134e+01,2.700000000000000178e+00
3.892368083709858984e-01,1.399961481049952816e+01,2.571027238832675810e+00,1.399961456393508996e+01,1.401808253831404727e-05,1.394707761763817366e+01,2.700000000000000178e+00
3.894368083709860984e-01,1.399961481065993141e+01,2.570709586618149078e+00,1.399961456410032490e+01,1.401804001943673939e-05,1.394707761783487499e+01,2.700000000000000178e+00
3.896368083709862984e-01,1.399961481081997405e+01,2.570392659365504873e+00,1.399961456426519746e+01,1.401799772793310694e-05,1.394707761803112334e+01,2.700000000000000178e+00
3.898368083709864984e-01,1.399961481097961702e+01,2.570076455421430150e+00,1.399961456442967389e+01,1.401795520905579906e-05,1.394707761822689918e+01,2.700000000000000178e+00
3.900368083709866984e-01,1.399961481113887274e+01,2.569760973132968473e+00,1.399961456459371512e+01,1.401791359967319295e-05,1.394707761842219895e+01,2.700000000000000178e+00
3.902368083709868984e-01,1.399961481129785312e+01,2.569446210856092705e+00,1.399961456475745969e+01,1.401787335453263950e-05,1.394707761861714168e+01,2.700000000000000178e+00
3.904368083709870985e-01,1.399961481145647646e+01,2.569132166945246709e+00,1.399961456492087741e+01,1.401783129040268250e-05,1.394707761881165098e+01,2.700000000000000178e+00
3.906368083709872985e-01,1.399961481161463439e+01,2.568818839761735973e+00,1.399961456508379420e+01,1.401778968102007639e-05,1.394707761900560961e+01,2.700000000000000178e+00
3.908368083709874985e-01,1.399961481177249389e+01,2.568506227670306785e+00,1.399961456524641257e+01,1.401774852638482116e-05,1.394707761919918809e+01,2.700000000000000178e+00
3.910368083709876985e-01,1.399961481192998924e+01,2.568194329037972512e+00,1.399961456540866500e+01,1.401770691700221505e-05,1.394707761939231894e+01,2.700000000000000178e+00
3.912368083709878985e-01,1.399961481208704406e+01,2.567883142237502359e+00,1.399961456557044315e+01,1.401766530761960894e-05,1.394707761958492931e+01,2.700000000000000178e+00
3.914368083709880985e-01,1.399961481224386084e+01,2.567572665644081820e+00,1.399961456573197971e+01,1.401762460773170460e-05,1.394707761977721994e+01,2.700000000000000178e+00
3.916368083709882986e-01,1.399961481240031702e+01,2.567262897635687047e+00,1.399961456589317699e+01,1.401758254360174760e-05,1.394707761996906825e+01,2.700000000000000178e+00
3.918368083709884986e-01,1.399961481255634865e+01,2.566953836596302718e+00,1.399961456605389643e+01,1.401754207108751871e-05,1.394707762016041208e+01,2.700000000000000178e+00
3.920368083709886986e-01,1.399961481271210140e+01,2.566645480911752042e+00,1.399961456621432809e+01,1.401750182594696525e-05,1.394707762035139531e+01,2.700000000000000178e+00
3.922368083709888986e-01,1.399961481286745624e+01,2.566337828973300539e+00,1.399961456637436008e+01,1.401746044393803459e-05,1.394707762054190425e+01,2.700000000000000178e+00
3.924368083709890986e-01,1.399961481302235455e+01,2.566030879173316404e+00,1.399961456653394976e+01,1.401741815243440215e-05,1.394707762073187673e+01,2.700000000000000178e+00
3.926368083709892987e-01,1.399961481317705392e+01,2.565724629910803412e+00,1.399961456669330140e+01,1.401737836204119958e-05,1.394707762092156855e+01,2.700000000000000178e+00
3.928368083709894987e-01,1.399961481333127722e+01,2.565419079586523932e+00,1.399961456685217520e+01,1.401733698003226891e-05,1.394707762111070437e+01,2.700000000000000178e+00
3.930368083709896987e-01,1.399961481348518255e+01,2.565114226604873426e+00,1.399961456701071505e+01,1.401729741701274179e-05,1.394707762129943873e+01,2.700000000000000178e+00
3.932368083709898987e-01,1.399961481363880900e+01,2.564810069373883561e+00,1.399961456716897246e+01,1.401725626237748656e-05,1.394707762148781427e+01,2.700000000000000178e+00
3.934368083709900987e-01,1.399961481379208017e+01,2.564506606306860004e+00,1.399961456732683907e+01,1.401721760885266121e-05,1.394707762167575815e+01,2.700000000000000178e+00
3.936368083709902987e-01,1.399961481394492324e+01,2.564203835818675614e+00,1.399961456748430422e+01,1.401717577209637966e-05,1.394707762186318867e+01,2.700000000000000178e+00
3.938368083709904988e-01,1.399961481409749631e+01,2.563901756328335946e+00,1.399961456764143186e+01,1.401713780069258064e-05,1.394707762205028168e+01,2.700000000000000178e+00
3.940368083709906988e-01,1.399961481424970877e+01,2.563600366260082364e+00,1.399961456779824331e+01,1.401709732817835175e-05,1.394707762223693415e+01,2.700000000000000178e+00
3.942368083709908988e-01,1.399961481440153044e+01,2.563299664041184034e+00,1.399961456795463555e+01,1.401705821990617551e-05,1.394707762242310878e+01,2.700000000000000178e+00
3.944368083709910988e-01,1.399961481455306256e+01,2.562999648099343108e+00,1.399961456811072402e+01,1.401701865688664839e-05,1.394707762260892814e+01,2.700000000000000178e+00
3.946368083709912988e-01,1.399961481470415059e+01,2.562700316870098138e+00,1.399961456826637907e+01,1.401697659275669139e-05,1.394707762279421281e+01,2.700000000000000178e+00
3.948368083709914989e-01,1.399961481485498282e+01,2.562401668790090792e+00,1.399961456842174812e+01,1.401693793923186604e-05,1.394707762297916354e+01,2.700000000000000178e+00
3.950368083709916989e-01,1.399961481500540827e+01,2.562103702300104757e+00,1.399961456857668196e+01,1.401689928570704069e-05,1.394707762316363286e+01,2.700000000000000178e+00
3.952368083709918989e-01,1.399961481515546780e+01,2.561806415844453788e+00,1.399961456873130139e+01,1.401685767632443458e-05,1.394707762334765988e+01,2.700000000000000178e+00
3.954368083709920989e-01,1.399961481530529284e+01,2.561509807871433342e+00,1.399961456888560107e+01,1.401682015966798645e-05,1.394707762353137781e+01,2.700000000000000178e+00
3.956368083709922989e-01,1.399961481545473596e+01,2.561213876833134062e+00,1.399961456903954904e+01,1.401677991452743299e-05,1.394707762371463389e+01,2.700000000000000178e+00
3.958368083709924989e-01,1.399961481560379006e+01,2.560918621183655208e+00,1.399961456919308489e+01,1.401674171574995853e-05,1.394707762389741923e+01,2.700000000000000178e+00
3.960368083709926990e-01,1.399961481575253863e+01,2.560624039381864225e+00,1.399961456934633119e+01,1.401670124323572963e-05,1.394707762407982976e+01,2.700000000000000178e+00
3.962368083709928990e-01,1.399961481590096213e+01,2.560330129890395767e+00,1.399961456949920802e+01,1.401666304445825517e-05,1.394707762426183884e+01,2.700000000000000178e+00
3.964368083709930990e-01,1.399961481604901259e+01,2.560036891174626295e+00,1.399961456965171180e+01,1.401662393618607894e-05,1.394707762444339139e+01,2.700000000000000178e+00
3.966368083709932990e-01,1.399961481619673975e+01,2.559744321703347314e+00,1.399961456980389052e+01,1.401658505528757814e-05,1.394707762462454781e+01,2.700000000000000178e+00
3.968368083709934990e-01,1.399961481634417559e+01,2.559452419949515889e+00,1.399961456995575304e+01,1.401654617438907735e-05,1.394707762480533653e+01,2.700000000000000178e+00
3.970368083709936990e-01,1.399961481649117623e+01,2.559161184388000443e+00,1.399961457010718213e+01,1.401650797561160289e-05,1.394707762498560655e+01,2.700000000000000178e+00
3.972368083709938991e-01,1.399961481663786955e+01,2.558870613498994473e+00,1.399961457025828793e+01,1.401646954946045298e-05,1.394707762516549998e+01,2.700000000000000178e+00
3.974368083709940991e-01,1.399961481678427688e+01,2.558580705766065222e+00,1.399961457040910950e+01,1.401643066856195219e-05,1.394707762534503281e+01,2.700000000000000178e+00
3.976368083709942991e-01,1.399961481693031118e+01,2.558291459676147905e+00,1.399961457055953851e+01,1.401639178766345140e-05,1.394707762552411445e+01,2.700000000000000178e+00
3.978368083709944991e-01,1.399961481707603284e+01,2.558002873719769532e+00,1.399961457070964066e+01,1.401635381625965238e-05,1.394707762570281062e+01,2.700000000000000178e+00
3.980368083709946991e-01,1.399961481722147383e+01,2.557714946388379929e+00,1.399961457085943195e+01,1.401631698172423057e-05,1.394707762588114441e+01,2.700000000000000178e+00
3.982368083709948992e-01,1.399961481736654356e+01,2.557427676180191511e+00,1.399961457100888396e+01,1.401627810082572978e-05,1.394707762605904300e+01,2.700000000000000178e+00
3.984368083709950992e-01,1.399961481751128467e+01,2.557141061594828457e+00,1.399961457115797359e+01,1.401623990204825532e-05,1.394707762623652947e+01,2.700000000000000178e+00
3.986368083709952992e-01,1.399961481765564209e+01,2.556855101136388253e+00,1.399961457130667064e+01,1.401620261276548263e-05,1.394707762641356652e+01,2.700000000000000178e+00
3.988368083709954992e-01,1.399961481779976147e+01,2.556569793311581407e+00,1.399961457145512078e+01,1.401616486873535905e-05,1.394707762659027495e+01,2.700000000000000178e+00
3.990368083709956992e-01,1.399961481794348828e+01,2.556285136630837673e+00,1.399961457160316769e+01,1.401612712470523547e-05,1.394707762676653218e+01,2.700000000000000178e+00
3.992368083709958992e-01,1.399961481808684738e+01,2.556001129608766131e+00,1.399961457175084867e+01,1.401608824380673468e-05,1.394707762694233999e+01,2.700000000000000178e+00
3.994368083709960993e-01,1.399961481822997911e+01,2.555717770762843344e+00,1.399961457189826675e+01,1.401605254613969009e-05,1.394707762711784760e+01,2.700000000000000178e+00
3.996368083709962993e-01,1.399961481837266497e+01,2.555435058612383070e+00,1.399961457204526027e+01,1.401601343786751386e-05,1.394707762729282940e+01,2.700000000000000178e+00
3.998368083709964993e-01,1.399961481851511280e+01,2.555152991682856811e+00,1.399961457219197669e+01,1.401597683070576750e-05,1.394707762746750745e+01,2.700000000000000178e+00
4.000368083709966993e-01,1.399961481865725332e+01,2.554871568501139389e+00,1.399961457233840534e+01,1.401593863192829303e-05,1.394707762764180714e+01,2.700000000000000178e+00
4.002368083709968993e-01,1.399961481879894265e+01,2.554590787597867951e+00,1.399961457248436147e+01,1.401590066052449401e-05,1.394707762781557925e+01,2.700000000000000178e+00
4.004368083709970993e-01,1.399961481894053250e+01,2.554310647507198606e+00,1.399961457263018261e+01,1.401586496285744943e-05,1.394707762798917194e+01,2.700000000000000178e+00
4.006368083709972994e-01,1.399961481908152550e+01,2.554031146767584026e+00,1.399961457277542110e+01,1.401582721882732585e-05,1.394707762816210028e+01,2.700000000000000178e+00
4.008368083709974994e-01,1.399961481922236572e+01,2.553752283918766519e+00,1.399961457292049971e+01,1.401579083903925493e-05,1.394707762833480480e+01,2.700000000000000178e+00
4.010368083709976994e-01,1.399961481936287910e+01,2.553474057504824479e+00,1.399961457306524437e+01,1.401575286763545591e-05,1.394707762850710431e+01,2.700000000000000178e+00
4.012368083709978994e-01,1.399961481950307096e+01,2.553196466074237225e+00,1.399961457320963021e+01,1.401571671522106044e-05,1.394707762867901124e+01,2.700000000000000178e+00
4.014368083709980994e-01,1.399961481964295906e+01,2.552919508176768382e+00,1.399961457335373716e+01,1.401567942593828775e-05,1.394707762885054869e+01,2.700000000000000178e+00
4.016368083709982995e-01,1.399961481978251143e+01,2.552643182366747254e+00,1.399961457349747107e+01,1.401564350089756772e-05,1.394707762902167403e+01,2.700000000000000178e+00
4.018368083709984995e-01,1.399961481992172985e+01,2.552367487201807617e+00,1.399961457364088169e+01,1.401560666636214592e-05,1.394707762919239080e+01,2.700000000000000178e+00
4.020368083709986995e-01,1.399961482006047042e+01,2.552092421243671971e+00,1.399961457378380203e+01,1.401556960445304867e-05,1.394707762936255691e+01,2.700000000000000178e+00
4.022368083709988995e-01,1.399961482019906533e+01,2.551817983054375905e+00,1.399961457392655539e+01,1.401553345203865319e-05,1.394707762953250985e+01,2.700000000000000178e+00
4.024368083709990995e-01,1.399961482033736715e+01,2.551544171203666167e+00,1.399961457406901033e+01,1.401549684487690683e-05,1.394707762970209686e+01,2.700000000000000178e+00
4.026368083709992995e-01,1.399961482047529415e+01,2.551270984259734753e+00,1.399961457421110822e+01,1.401545887347310781e-05,1.394707762987123800e+01,2.700000000000000178e+00
4.028368083709994996e-01,1.399961482061296003e+01,2.550998420796937172e+00,1.399961457435287748e+01,1.401542522216914222e-05,1.394707763004005052e+01,2.700000000000000178e+00
4.030368083709996996e-01,1.399961482075016939e+01,2.550726479392605217e+00,1.399961457449422042e+01,1.401538770551269408e-05,1.394707763020832836e+01,2.700000000000000178e+00
4.032368083709998996e-01,1.399961482088721532e+01,2.550455158627798813e+00,1.399961457463536085e+01,1.401535314471402671e-05,1.394707763037637349e+01,2.700000000000000178e+00
4.034368083710000996e-01,1.399961482102391663e+01,2.550184457085077572e+00,1.399961457477617799e+01,1.401531812916800845e-05,1.394707763054400829e+01,2.700000000000000178e+00
4.036368083710002996e-01,1.399961482116031775e+01,2.549914373350945507e+00,1.399961457491669137e+01,1.401528083988523576e-05,1.394707763071126649e+01,2.700000000000000178e+00
4.038368083710004997e-01,1.399961482129636892e+01,2.549644906016537593e+00,1.399961457505680684e+01,1.401524536959186662e-05,1.394707763087810726e+01,2.700000000000000178e+00
4.040368083710006997e-01,1.399961482143213765e+01,2.549376053674275777e+00,1.399961457519665586e+01,1.401521035404584836e-05,1.394707763104459275e+01,2.700000000000000178e+00
4.042368083710008997e-01,1.399961482156756709e+01,2.549107814920511306e+00,1.399961457533617271e+01,1.401517374688410200e-05,1.394707763121066790e+01,2.700000000000000178e+00
4.044368083710010997e-01,1.399961482170271765e+01,2.548840188355039782e+00,1.399961457547538579e+01,1.401513782184338197e-05,1.394707763137640200e+01,2.700000000000000178e+00
4.046368083710012997e-01,1.399961482183751471e+01,2.548573172581181545e+00,1.399961457561420453e+01,1.401510394316574093e-05,1.394707763154170621e+01,2.700000000000000178e+00
4.048368083710014997e-01,1.399961482197200091e+01,2.548306766204816221e+00,1.399961457575273549e+01,1.401506779075134546e-05,1.394707763170663206e+01,2.700000000000000178e+00
4.050368083710016998e-01,1.399961482210633790e+01,2.548040967834732218e+00,1.399961457589110125e+01,1.401503345732635353e-05,1.394707763187134297e+01,2.700000000000000178e+00
4.052368083710018998e-01,1.399961482224012599e+01,2.547775776083452737e+00,1.399961457602890746e+01,1.401499798703298438e-05,1.394707763203542683e+01,2.700000000000000178e+00
4.054368083710020998e-01,1.399961482237376842e+01,2.547511189566550982e+00,1.399961457616657334e+01,1.401496206199226435e-05,1.394707763219929575e+01,2.700000000000000178e+00
4.056368083710022998e-01,1.399961482250707867e+01,2.547247206902597760e+00,1.399961457630388040e+01,1.401492727381992154e-05,1.394707763236276854e+01,2.700000000000000178e+00
4.058368083710024998e-01,1.399961482264005497e+01,2.546983826714218857e+00,1.399961457644086238e+01,1.401489112140552606e-05,1.394707763252583987e+01,2.700000000000000178e+00
4.060368083710026998e-01,1.399961482277272040e+01,2.546721047625231549e+00,1.399961457657750508e+01,1.401485678798053414e-05,1.394707763268853107e+01,2.700000000000000178e+00
4.062368083710028999e-01,1.399961482290512471e+01,2.546458868264565023e+00,1.399961457671388487e+01,1.401482154506084044e-05,1.394707763285089008e+01,2.700000000000000178e+00
4.064368083710030999e-01,1.399961482303723592e+01,2.546197287262970121e+00,1.399961457684994492e+01,1.401478857587790117e-05,1.394707763301289027e+01,2.700000000000000178e+00
4.066368083710032999e-01,1.399961482316903272e+01,2.545936303254941802e+00,1.399961457698568879e+01,1.401475401507923380e-05,1.394707763317450855e+01,2.700000000000000178e+00
4.068368083710034999e-01,1.399961482330053109e+01,2.545675914878828827e+00,1.399961457712114310e+01,1.401471877215954009e-05,1.394707763333575201e+01,2.700000000000000178e+00
4.070368083710036999e-01,1.399961482343172037e+01,2.545416120774945057e+00,1.399961457725627234e+01,1.401468443873454817e-05,1.394707763349662599e+01,2.700000000000000178e+00
4.072368083710039000e-01,1.399961482356255793e+01,2.545156919586417210e+00,1.399961457739103743e+01,1.401464987793588080e-05,1.394707763365708075e+01,2.700000000000000178e+00
4.074368083710041000e-01,1.399961482369310772e+01,2.544898309959021443e+00,1.399961457752551830e+01,1.401461554451088887e-05,1.394707763381717491e+01,2.700000000000000178e+00
4.076368083710043000e-01,1.399961482382338751e+01,2.544640290545112205e+00,1.399961457765968476e+01,1.401458212058059871e-05,1.394707763397694045e+01,2.700000000000000178e+00
4.078368083710045000e-01,1.399961482395340795e+01,2.544382859995950152e+00,1.399961457779361318e+01,1.401454733240825590e-05,1.394707763413637380e+01,2.700000000000000178e+00
4.080368083710047000e-01,1.399961482408310509e+01,2.544126016968390136e+00,1.399961457792721653e+01,1.401451322635693941e-05,1.394707763429541458e+01,2.700000000000000178e+00
4.082368083710049000e-01,1.399961482421250913e+01,2.543869760121144186e+00,1.399961457806051435e+01,1.401447866555827204e-05,1.394707763445409654e+01,2.700000000000000178e+00
4.084368083710051001e-01,1.399961482434163074e+01,2.543614088116149308e+00,1.399961457819350130e+01,1.401444501425430644e-05,1.394707763461243211e+01,2.700000000000000178e+00
4.086368083710053001e-01,1.399961482447041483e+01,2.543358999619708793e+00,1.399961457832615785e+01,1.401440999870828819e-05,1.394707763477035911e+01,2.700000000000000178e+00
4.088368083710055001e-01,1.399961482459892892e+01,2.543104493299292113e+00,1.399961457845850532e+01,1.401437748427269980e-05,1.394707763492796104e+01,2.700000000000000178e+00
4.090368083710057001e-01,1.399961482472713925e+01,2.542850567826612451e+00,1.399961457859056146e+01,1.401434428771608509e-05,1.394707763508518283e+01,2.700000000000000178e+00
4.092368083710059001e-01,1.399961482485509734e+01,2.542597221875821489e+00,1.399961457872235648e+01,1.401431086378579494e-05,1.394707763524208843e+01,2.700000000000000178e+00
4.094368083710061001e-01,1.399961482498271614e+01,2.542344454124012110e+00,1.399961457885380511e+01,1.401427675773447845e-05,1.394707763539858902e+01,2.700000000000000178e+00
4.096368083710063002e-01,1.399961482511005428e+01,2.542092263252062612e+00,1.399961457898496953e+01,1.401424287905683741e-05,1.394707763555473790e+01,2.700000000000000178e+00
4.098368083710065002e-01,1.399961482523705492e+01,2.541840647943278242e+00,1.399961457911578400e+01,1.401420877300552092e-05,1.394707763571048886e+01,2.700000000000000178e+00
4.100368083710067002e-01,1.399961482536388502e+01,2.541589606883692731e+00,1.399961457924640307e+01,1.401417625856993254e-05,1.394707763586600180e+01,2.700000000000000178e+00
4.102368083710069002e-01,1.399961482549033320e+01,2.541339138763662575e+00,1.399961457937665621e+01,1.401414283463964239e-05,1.394707763602106532e+01,2.700000000000000178e+00
4.104368083710071002e-01,1.399961482561649539e+01,2.541089242274888527e+00,1.399961457950661270e+01,1.401410872858832590e-05,1.394707763617577712e+01,2.700000000000000178e+00
4.106368083710073003e-01,1.399961482574238048e+01,2.540839916112665797e+00,1.399961457963626899e+01,1.401407598677906208e-05,1.394707763633014608e+01,2.700000000000000178e+00
4.108368083710075003e-01,1.399961482586792272e+01,2.540591158975385788e+00,1.399961457976555934e+01,1.401404369971714914e-05,1.394707763648412246e+01,2.700000000000000178e+00
4.110368083710077003e-01,1.399961482599321627e+01,2.540342969565030362e+00,1.399961457989461167e+01,1.401401050316053443e-05,1.394707763663776845e+01,2.700000000000000178e+00
4.112368083710079003e-01,1.399961482611837127e+01,2.540095346585325764e+00,1.399961458002352366e+01,1.401397753397759516e-05,1.394707763679121904e+01,2.700000000000000178e+00
4.114368083710081003e-01,1.399961482624313014e+01,2.539848288743344451e+00,1.399961458015201110e+01,1.401394570166303311e-05,1.394707763694420422e+01,2.700000000000000178e+00
4.116368083710083003e-01,1.399961482636755328e+01,2.539601794749231534e+00,1.399961458028016459e+01,1.401391341460112017e-05,1.394707763709679149e+01,2.700000000000000178e+00
4.118368083710085004e-01,1.399961482649175792e+01,2.539355863317661388e+00,1.399961458040809958e+01,1.401388021804450545e-05,1.394707763724909277e+01,2.700000000000000178e+00
4.120368083710087004e-01,1.399961482661568546e+01,2.539110493162534787e+00,1.399961458053575392e+01,1.401384724886156619e-05,1.394707763740105833e+01,2.700000000000000178e+00
4.122368083710089004e-01,1.399961482673926305e+01,2.538865683005105733e+00,1.399961458066302278e+01,1.401381518917332869e-05,1.394707763755260821e+01,2.700000000000000178e+00
4.124368083710091004e-01,1.399961482686257774e+01,2.538621431564854980e+00,1.399961458079004828e+01,1.401378199261671398e-05,1.394707763770382947e+01,2.700000000000000178e+00
4.126368083710093004e-01,1.399961482698559045e+01,2.538377737566810843e+00,1.399961458091676292e+01,1.401374834131274838e-05,1.394707763785468480e+01,2.700000000000000178e+00
4.128368083710095005e-01,1.399961482710839178e+01,2.538134599740983433e+00,1.399961458104321999e+01,1.401371810061391443e-05,1.394707763800526656e+01,2.700000000000000178e+00
4.130368083710097005e-01,1.399961482723091599e+01,2.537892016819455421e+00,1.399961458116943369e+01,1.401368626829935238e-05,1.394707763815550550e+01,2.700000000000000178e+00
4.132368083710099005e-01,1.399961482735314178e+01,2.537649987531835905e+00,1.399961458129531167e+01,1.401365352649008855e-05,1.394707763830539093e+01,2.700000000000000178e+00
4.134368083710101005e-01,1.399961482747499630e+01,2.537408510613315737e+00,1.399961458142082371e+01,1.401362123942817561e-05,1.394707763845483406e+01,2.700000000000000178e+00
4.136368083710103005e-01,1.399961482759671938e+01,2.537167584807292098e+00,1.399961458154617411e+01,1.401358963448728900e-05,1.394707763860408356e+01,2.700000000000000178e+00
4.138368083710105005e-01,1.399961482771809251e+01,2.536927208856043503e+00,1.399961458167120121e+01,1.401355712005170062e-05,1.394707763875292628e+01,2.700000000000000178e+00
4.140368083710107006e-01,1.399961482783917432e+01,2.536687381502152228e+00,1.399961458179590679e+01,1.401352551511081401e-05,1.394707763890140484e+01,2.700000000000000178e+00
4.142368083710109006e-01,1.399961482796000034e+01,2.536448101495128338e+00,1.399961458192035124e+01,1.401349391016992740e-05,1.394707763904956899e+01,2.700000000000000178e+00
4.144368083710111006e-01,1.399961482808055635e+01,2.536209367584873586e+00,1.399961458204452214e+01,1.401346230522904079e-05,1.394707763919740096e+01,2.700000000000000178e+00
4.146368083710113006e-01,1.399961482820083525e+01,2.535971178526125414e+00,1.399961458216839638e+01,1.401343138240918051e-05,1.394707763934489364e+01,2.700000000000000178e+00
4.148368083710115006e-01,1.399961482832083171e+01,2.535733533075025026e+00,1.399961458229199529e+01,1.401339909534726758e-05,1.394707763949204171e+01,2.700000000000000178e+00
4.150368083710117006e-01,1.399961482844058125e+01,2.535496429990195644e+00,1.399961458241533840e+01,1.401336749040638097e-05,1.394707763963888603e+01,2.700000000000000178e+00
4.152368083710119007e-01,1.399961482856005368e+01,2.535259868034087205e+00,1.399961458253838309e+01,1.401333611283916980e-05,1.394707763978538395e+01,2.700000000000000178e+00
4.154368083710121007e-01,1.399961482867919393e+01,2.535023845972058876e+00,1.399961458266108671e+01,1.401330587214033585e-05,1.394707763993149641e+01,2.700000000000000178e+00
4.156368083710123007e-01,1.399961482879806951e+01,2.534788362571827491e+00,1.399961458278352744e+01,1.401327540406782646e-05,1.394707764007727846e+01,2.700000000000000178e+00
4.158368083710125007e-01,1.399961482891669995e+01,2.534553416604310883e+00,1.399961458290571414e+01,1.401324220751121175e-05,1.394707764022275498e+01,2.700000000000000178e+00
4.160368083710127007e-01,1.399961482903509236e+01,2.534319006842725042e+00,1.399961458302763262e+01,1.401321287630707957e-05,1.394707764036792419e+01,2.700000000000000178e+00
4.162368083710129008e-01,1.399961482915316324e+01,2.534085132062998902e+00,1.399961458314925444e+01,1.401318172611354385e-05,1.394707764051272214e+01,2.700000000000000178e+00
4.164368083710131008e-01,1.399961482927106893e+01,2.533851791044706925e+00,1.399961458327070041e+01,1.401314989379898179e-05,1.394707764065728917e+01,2.700000000000000178e+00
4.166368083710133008e-01,1.399961482938855895e+01,2.533618982568721201e+00,1.399961458339169518e+01,1.401311897097912151e-05,1.394707764080138013e+01,2.700000000000000178e+00
4.168368083710135008e-01,1.399961482950588554e+01,2.533386705420528795e+00,1.399961458351252830e+01,1.401308895765396301e-05,1.394707764094524549e+01,2.700000000000000178e+00
4.170368083710137008e-01,1.399961482962294568e+01,2.533154958387938915e+00,1.399961458363311451e+01,1.401305644321837462e-05,1.394707764108878223e+01,2.700000000000000178e+00
4.172368083710139008e-01,1.399961482973961857e+01,2.532923740260081935e+00,1.399961458375328860e+01,1.401302665726689156e-05,1.394707764123186955e+01,2.700000000000000178e+00
4.174368083710141009e-01,1.399961482985611205e+01,2.532693049830002874e+00,1.399961458387324598e+01,1.401299687131540850e-05,1.394707764137471884e+01,2.700000000000000178e+00
4.176368083710143009e-01,1.399961482997231066e+01,2.532462885893925542e+00,1.399961458399292802e+01,1.401296617586922366e-05,1.394707764151722174e+01,2.700000000000000178e+00
4.178368083710145009e-01,1.399961483008826413e+01,2.532233247250150310e+00,1.399961458411235249e+01,1.401293525304936338e-05,1.394707764165941022e+01,2.700000000000000178e+00
4.180368083710147009e-01,1.399961483020402575e+01,2.532004132699246846e+00,1.399961458423157090e+01,1.401290546709788032e-05,1.394707764180135712e+01,2.700000000000000178e+00
4.182368083710149009e-01,1.399961483031935749e+01,2.531775541045388600e+00,1.399961458435038786e+01,1.401287318003596738e-05,1.394707764194280308e+01,2.700000000000000178e+00
4.184368083710151009e-01,1.399961483043460397e+01,2.531547471095708879e+00,1.399961458446906803e+01,1.401284430357918609e-05,1.394707764208410872e+01,2.700000000000000178e+00
4.186368083710153010e-01,1.399961483054935840e+01,2.531319921658527150e+00,1.399961458458725616e+01,1.401281360813300125e-05,1.394707764222486013e+01,2.700000000000000178e+00
4.188368083710155010e-01,1.399961483066402934e+01,2.531092891546976364e+00,1.399961458470538567e+01,1.401278223056579009e-05,1.394707764236547121e+01,2.700000000000000178e+00
4.190368083710157010e-01,1.399961483077839297e+01,2.530866379575056779e+00,1.399961458482315813e+01,1.401275312673533335e-05,1.394707764250571636e+01,2.700000000000000178e+00
4.192368083710159010e-01,1.399961483089253633e+01,2.530640384560414624e+00,1.399961458494070676e+01,1.401272334078385029e-05,1.394707764264567906e+01,2.700000000000000178e+00
4.194368083710161010e-01,1.399961483100642567e+01,2.530414905323286501e+00,1.399961458505799961e+01,1.401269491907441989e-05,1.394707764278533269e+01,2.700000000000000178e+00
4.196368083710163011e-01,1.399961483111998461e+01,2.530189940686677463e+00,1.399961458517496915e+01,1.401266308675985783e-05,1.394707764292459196e+01,2.700000000000000178e+00
4.198368083710165011e-01,1.399961483123336770e+01,2.529965489475794804e+00,1.399961458529174330e+01,1.401263398292940110e-05,1.394707764306362208e+01,2.700000000000000178e+00
4.200368083710167011e-01,1.399961483134652518e+01,2.529741550519528648e+00,1.399961458540829540e+01,1.401260396960424259e-05,1.394707764320236620e+01,2.700000000000000178e+00
4.202368083710169011e-01,1.399961483145924213e+01,2.529518122648253264e+00,1.399961458552438209e+01,1.401257509314746130e-05,1.394707764334061650e+01,2.700000000000000178e+00
4.204368083710171011e-01,1.399961483157174946e+01,2.529295204695129584e+00,1.399961458564026806e+01,1.401254417032760102e-05,1.394707764347859325e+01,2.700000000000000178e+00
4.206368083710173011e-01,1.399961483168414311e+01,2.529072795497356640e+00,1.399961458575599238e+01,1.401251688548654784e-05,1.394707764361640123e+01,2.700000000000000178e+00
4.208368083710175012e-01,1.399961483179617971e+01,2.528850893893198837e+00,1.399961458587139518e+01,1.401248664478771389e-05,1.394707764375378645e+01,2.700000000000000178e+00
4.210368083710177012e-01,1.399961483190798361e+01,2.528629498724864089e+00,1.399961458598655639e+01,1.401245640408887994e-05,1.394707764389088922e+01,2.700000000000000178e+00
4.212368083710179012e-01,1.399961483201942869e+01,2.528408608835830851e+00,1.399961458610136233e+01,1.401242593601637054e-05,1.394707764402756922e+01,2.700000000000000178e+00
4.214368083710181012e-01,1.399961483213074054e+01,2.528188223072604490e+00,1.399961458621597643e+01,1.401239819642796647e-05,1.394707764416406093e+01,2.700000000000000178e+00
4.216368083710183012e-01,1.399961483224183212e+01,2.527968340286026905e+00,1.399961458633037559e+01,1.401236931997118518e-05,1.394707764430027552e+01,2.700000000000000178e+00
4.218368083710185013e-01,1.399961483235257020e+01,2.527748959327152267e+00,1.399961458644443901e+01,1.401233930664602667e-05,1.394707764443608156e+01,2.700000000000000178e+00
4.220368083710187013e-01,1.399961483246304716e+01,2.527530079050390732e+00,1.399961458655821644e+01,1.401231088493659627e-05,1.394707764457156784e+01,2.700000000000000178e+00
4.222368083710189013e-01,1.399961483257332873e+01,2.527311698313571053e+00,1.399961458667180736e+01,1.401228200847981498e-05,1.394707764470680367e+01,2.700000000000000178e+00
4.224368083710191013e-01,1.399961483268333495e+01,2.527093815976860114e+00,1.399961458678509985e+01,1.401225244990200736e-05,1.394707764484170198e+01,2.700000000000000178e+00
4.226368083710193013e-01,1.399961483279318841e+01,2.526876430903299386e+00,1.399961458689822891e+01,1.401222493768727873e-05,1.394707764497639069e+01,2.700000000000000178e+00
4.228368083710195013e-01,1.399961483290265996e+01,2.526659541955510235e+00,1.399961458701098849e+01,1.401219515173579566e-05,1.394707764511064418e+01,2.700000000000000178e+00
4.230368083710197014e-01,1.399961483301195564e+01,2.526443148003923334e+00,1.399961458712355444e+01,1.401216718477371614e-05,1.394707764524466320e+01,2.700000000000000178e+00
4.232368083710199014e-01,1.399961483312095112e+01,2.526227247917316898e+00,1.399961458723580066e+01,1.401213785356958397e-05,1.394707764537832873e+01,2.700000000000000178e+00
4.234368083710201014e-01,1.399961483322976186e+01,2.526011840569296840e+00,1.399961458734786213e+01,1.401210965923382901e-05,1.394707764551175622e+01,2.700000000000000178e+00
4.236368083710203014e-01,1.399961483333826173e+01,2.525796924834949220e+00,1.399961458745960208e+01,1.401208123752439860e-05,1.394707764564481067e+01,2.700000000000000178e+00
4.238368083710205014e-01,1.399961483344653068e+01,2.525582499593252095e+00,1.399961458757112531e+01,1.401205213369394187e-05,1.394707764577757736e+01,2.700000000000000178e+00
4.240368083710207014e-01,1.399961483355453673e+01,2.525368563723412230e+00,1.399961458768235367e+01,1.401202439410553779e-05,1.394707764591002430e+01,2.700000000000000178e+00
4.242368083710209015e-01,1.399961483366228876e+01,2.525155116109116360e+00,1.399961458779332979e+01,1.401199619976978283e-05,1.394707764604216571e+01,2.700000000000000178e+00
4.244368083710211015e-01,1.399961483376984894e+01,2.524942155636079821e+00,1.399961458790411939e+01,1.401196664119197521e-05,1.394707764617405665e+01,2.700000000000000178e+00
4.246368083710213015e-01,1.399961483387712136e+01,2.524729681192026565e+00,1.399961458801458036e+01,1.401194094796665013e-05,1.394707764630560831e+01,2.700000000000000178e+00
4.248368083710215015e-01,1.399961483398415751e+01,2.524517691668386909e+00,1.399961458812482640e+01,1.401191093464149162e-05,1.394707764643685977e+01,2.700000000000000178e+00
4.250368083710217015e-01,1.399961483409095031e+01,2.524306185958464788e+00,1.399961458823481664e+01,1.401188251293206122e-05,1.394707764656782167e+01,2.700000000000000178e+00
4.252368083710219016e-01,1.399961483419755837e+01,2.524095162957452398e+00,1.399961458834460615e+01,1.401185591021203436e-05,1.394707764669853489e+01,2.700000000000000178e+00
4.254368083710221016e-01,1.399961483430390530e+01,2.523884621564318476e+00,1.399961458845415230e+01,1.401182612426055130e-05,1.394707764682894435e+01,2.700000000000000178e+00
4.256368083710223016e-01,1.399961483440995380e+01,2.523674560679882273e+00,1.399961458856338048e+01,1.401179770255112089e-05,1.394707764695899499e+01,2.700000000000000178e+00
4.258368083710225016e-01,1.399961483451577848e+01,2.523464979206894387e+00,1.399961458867235464e+01,1.401177087245741859e-05,1.394707764708876852e+01,2.700000000000000178e+00
4.260368083710227016e-01,1.399961483462134204e+01,2.523255876051874402e+00,1.399961458878104459e+01,1.401174517923209351e-05,1.394707764721822407e+01,2.700000000000000178e+00
4.262368083710229016e-01,1.399961483472668000e+01,2.523047250122645746e+00,1.399961458888955335e+01,1.401171584802796133e-05,1.394707764734740074e+01,2.700000000000000178e+00
4.264368083710231017e-01,1.399961483483185454e+01,2.522839100330087181e+00,1.399961458899787026e+01,1.401168879056058358e-05,1.394707764747635359e+01,2.700000000000000178e+00
4.266368083710233017e-01,1.399961483493662051e+01,2.522631425587940956e+00,1.399961458910577683e+01,1.401166014147747774e-05,1.394707764760485347e+01,2.700000000000000178e+00
4.268368083710235017e-01,1.399961483504128879e+01,2.522424224812400695e+00,1.399961458921354840e+01,1.401163422087847721e-05,1.394707764773318814e+01,2.700000000000000178e+00
4.270368083710237017e-01,1.399961483514567995e+01,2.522217496920485136e+00,1.399961458932106417e+01,1.401160648129007313e-05,1.394707764786119597e+01,2.700000000000000178e+00
4.272368083710239017e-01,1.399961483524988459e+01,2.522011240834426626e+00,1.399961458942838810e+01,1.401157919644901995e-05,1.394707764798897109e+01,2.700000000000000178e+00
4.274368083710241017e-01,1.399961483535371798e+01,2.521805455476056501e+00,1.399961458953533722e+01,1.401155122948694043e-05,1.394707764811631634e+01,2.700000000000000178e+00
4.276368083710243018e-01,1.399961483545734708e+01,2.521600139771954741e+00,1.399961458964205541e+01,1.401152371727221180e-05,1.394707764824340579e+01,2.700000000000000178e+00
4.278368083710245018e-01,1.399961483556082698e+01,2.521395292649877717e+00,1.399961458974862438e+01,1.401149688717850950e-05,1.394707764837029096e+01,2.700000000000000178e+00
4.280368083710247018e-01,1.399961483566399778e+01,2.521190913040952886e+00,1.399961458985488605e+01,1.401146914759010542e-05,1.394707764849681553e+01,2.700000000000000178e+00
4.282368083710249018e-01,1.399961483576696430e+01,2.520986999877123491e+00,1.399961458996092212e+01,1.401144254487007856e-05,1.394707764862308075e+01,2.700000000000000178e+00
4.284368083710251018e-01,1.399961483586968392e+01,2.520783552094758573e+00,1.399961459006672371e+01,1.401141480528167449e-05,1.394707764874904399e+01,2.700000000000000178e+00
4.286368083710253019e-01,1.399961483597219747e+01,2.520580568631587859e+00,1.399961459017229792e+01,1.401138842993532307e-05,1.394707764887475143e+01,2.700000000000000178e+00
4.288368083710255019e-01,1.399961483607445167e+01,2.520378048427400319e+00,1.399961459027761101e+01,1.401136114509426989e-05,1.394707764900014446e+01,2.700000000000000178e+00
4.290368083710257019e-01,1.399961483617649094e+01,2.520175990425385759e+00,1.399961459038269851e+01,1.401133408762689214e-05,1.394707764912526748e+01,2.700000000000000178e+00
4.292368083710259019e-01,1.399961483627831527e+01,2.519974393571009053e+00,1.399961459048753909e+01,1.401130930389626883e-05,1.394707764925012583e+01,2.700000000000000178e+00
4.294368083710261019e-01,1.399961483637987314e+01,2.519773256811188578e+00,1.399961459059213098e+01,1.401128224642889109e-05,1.394707764937467154e+01,2.700000000000000178e+00
4.296368083710263019e-01,1.399961483648116811e+01,2.519572579096007736e+00,1.399961459069647240e+01,1.401125427946681157e-05,1.394707764949889395e+01,2.700000000000000178e+00
4.298368083710265020e-01,1.399961483658226946e+01,2.519372359378047932e+00,1.399961459080059178e+01,1.401122858624148648e-05,1.394707764962286944e+01,2.700000000000000178e+00
4.300368083710267020e-01,1.399961483668323048e+01,2.519172596611865877e+00,1.399961459090453353e+01,1.401120425725821406e-05,1.394707764974665309e+01,2.700000000000000178e+00
4.302368083710269020e-01,1.399961483678381313e+01,2.518973289754370626e+00,1.399961459100816086e+01,1.401117538080143277e-05,1.394707764987000687e+01,2.700000000000000178e+00
4.304368083710271020e-01,1.399961483688423591e+01,2.518774437765118446e+00,1.399961459111156259e+01,1.401115036969713401e-05,1.394707764999315103e+01,2.700000000000000178e+00
4.306368083710273020e-01,1.399961483698445619e+01,2.518576039606271522e+00,1.399961459121478846e+01,1.401112331222975627e-05,1.394707765011603939e+01,2.700000000000000178e+00
4.308368083710275021e-01,1.399961483708439047e+01,2.518378094242334164e+00,1.399961459131770702e+01,1.401109648213605396e-05,1.394707765023858848e+01,2.700000000000000178e+00
4.310368083710277021e-01,1.399961483718403876e+01,2.518180600639589262e+00,1.399961459142034670e+01,1.401106965204235166e-05,1.394707765036080183e+01,2.700000000000000178e+00
4.312368083710279021e-01,1.399961483728348988e+01,2.517983557767346170e+00,1.399961459152277321e+01,1.401104350406967569e-05,1.394707765048277004e+01,2.700000000000000178e+00
4.314368083710281021e-01,1.399961483738277401e+01,2.517786964595592814e+00,1.399961459162499366e+01,1.401101872033905238e-05,1.394707765060452154e+01,2.700000000000000178e+00
4.316368083710283021e-01,1.399961483748187874e+01,2.517590820099830928e+00,1.399961459172705602e+01,1.401099234499270096e-05,1.394707765072603323e+01,2.700000000000000178e+00
4.318368083710285021e-01,1.399961483758062464e+01,2.517395123254556388e+00,1.399961459182877554e+01,1.401096483277797233e-05,1.394707765084713813e+01,2.700000000000000178e+00
4.320368083710287022e-01,1.399961483767922843e+01,2.517199873039144720e+00,1.399961459193032098e+01,1.401093959429999813e-05,1.394707765096805119e+01,2.700000000000000178e+00
4.322368083710289022e-01,1.399961483777759241e+01,2.517005068433532333e+00,1.399961459203161418e+01,1.401091458319569938e-05,1.394707765108867470e+01,2.700000000000000178e+00
4.324368083710291022e-01,1.399961483787578054e+01,2.516810708420643916e+00,1.399961459213272974e+01,1.401088888997037429e-05,1.394707765120907084e+01,2.700000000000000178e+00
4.326368083710293022e-01,1.399961483797374306e+01,2.516616791987549284e+00,1.399961459223362503e+01,1.401086228725034744e-05,1.394707765132918809e+01,2.700000000000000178e+00
4.328368083710295022e-01,1.399961483807143381e+01,2.516423318119827890e+00,1.399961459233419880e+01,1.401083932250912767e-05,1.394707765144898026e+01,2.700000000000000178e+00
4.330368083710297022e-01,1.399961483816885810e+01,2.516230285808014333e+00,1.399961459243456474e+01,1.401081135554704815e-05,1.394707765156846691e+01,2.700000000000000178e+00
4.332368083710299023e-01,1.399961483826610475e+01,2.516037694044497286e+00,1.399961459253471041e+01,1.401078543494804762e-05,1.394707765168771196e+01,2.700000000000000178e+00
4.334368083710301023e-01,1.399961483836315601e+01,2.515845541824411669e+00,1.399961459263464469e+01,1.401076019647007342e-05,1.394707765180672254e+01,2.700000000000000178e+00
4.336368083710303023e-01,1.399961483846001187e+01,2.515653828143929793e+00,1.399961459273440845e+01,1.401073518536577467e-05,1.394707765192547733e+01,2.700000000000000178e+00
4.338368083710305023e-01,1.399961483855650002e+01,2.515462552002059038e+00,1.399961459283377785e+01,1.401070949214044958e-05,1.394707765204382355e+01,2.700000000000000178e+00
4.340368083710307023e-01,1.399961483865281409e+01,2.515271712400350523e+00,1.399961459293297317e+01,1.401068334416777361e-05,1.394707765216194595e+01,2.700000000000000178e+00
4.342368083710309024e-01,1.399961483874902157e+01,2.515081308343263711e+00,1.399961459303204769e+01,1.401065878781082574e-05,1.394707765227991025e+01,2.700000000000000178e+00
4.344368083710311024e-01,1.399961483884499103e+01,2.514891338835974821e+00,1.399961459313087531e+01,1.401063354933285154e-05,1.394707765239758146e+01,2.700000000000000178e+00
4.346368083710313024e-01,1.399961483894063541e+01,2.514701802886596393e+00,1.399961459322938317e+01,1.401060762873385102e-05,1.394707765251488496e+01,2.700000000000000178e+00
4.348368083710315024e-01,1.399961483903611814e+01,2.514512699505226490e+00,1.399961459332772584e+01,1.401058284500322770e-05,1.394707765263197352e+01,2.700000000000000178e+00
4.350368083710317024e-01,1.399961483913138416e+01,2.514324027707243836e+00,1.399961459342580916e+01,1.401055874339363072e-05,1.394707765274879563e+01,2.700000000000000178e+00
4.352368083710319024e-01,1.399961483922650274e+01,2.514135786505287573e+00,1.399961459352376636e+01,1.401053418703668285e-05,1.394707765286542411e+01,2.700000000000000178e+00
4.354368083710321025e-01,1.399961483932127670e+01,2.513947974915842654e+00,1.399961459362137717e+01,1.401050917593238410e-05,1.394707765298165469e+01,2.700000000000000178e+00
4.356368083710323025e-01,1.399961483941593343e+01,2.513760591961280433e+00,1.399961459371884587e+01,1.401048439220176078e-05,1.394707765309771652e+01,2.700000000000000178e+00
4.358368083710325025e-01,1.399961483951028995e+01,2.513573636659696575e+00,1.399961459381602680e+01,1.401045915372378659e-05,1.394707765321343551e+01,2.700000000000000178e+00
4.360368083710327025e-01,1.399961483960448483e+01,2.513387108039816464e+00,1.399961459391304075e+01,1.401043414261948783e-05,1.394707765332894311e+01,2.700000000000000178e+00
4.362368083710329025e-01,1.399961483969842746e+01,2.513201005123235188e+00,1.399961459400979180e+01,1.401040935888886452e-05,1.394707765344415407e+01,2.700000000000000178e+00
4.364368083710331025e-01,1.399961483979219778e+01,2.513015326941154370e+00,1.399961459410634745e+01,1.401038502990559209e-05,1.394707765355913764e+01,2.700000000000000178e+00
4.366368083710333026e-01,1.399961483988580646e+01,2.512830072524674385e+00,1.399961459420273613e+01,1.401036229253804777e-05,1.394707765367390984e+01,2.700000000000000178e+00
4.368368083710335026e-01,1.399961483997909184e+01,2.512645240903418564e+00,1.399961459429881572e+01,1.401033614456537180e-05,1.394707765378831255e+01,2.700000000000000178e+00
4.370368083710337026e-01,1.399961484007220314e+01,2.512460831112900195e+00,1.399961459439471056e+01,1.401031204295577481e-05,1.394707765390249676e+01,2.700000000000000178e+00
4.372368083710339026e-01,1.399961484016511548e+01,2.512276842195103388e+00,1.399961459449038337e+01,1.401028794134617783e-05,1.394707765401643229e+01,2.700000000000000178e+00
4.374368083710341026e-01,1.399961484025783243e+01,2.512093273187639753e+00,1.399961459458588919e+01,1.401026247549452819e-05,1.394707765413012091e+01,2.700000000000000178e+00
4.376368083710343027e-01,1.399961484035036463e+01,2.511910123130229877e+00,1.399961459468114811e+01,1.401023928337963298e-05,1.394707765424358392e+01,2.700000000000000178e+00
4.378368083710345027e-01,1.399961484044258420e+01,2.511727391066927773e+00,1.399961459477613701e+01,1.401021427227533422e-05,1.394707765435668279e+01,2.700000000000000178e+00
4.380368083710347027e-01,1.399961484053459770e+01,2.511545076044178870e+00,1.399961459487089854e+01,1.401019017066573724e-05,1.394707765446952763e+01,2.700000000000000178e+00
4.382368083710349027e-01,1.399961484062645312e+01,2.511363177110510492e+00,1.399961459496548422e+01,1.401016675117716659e-05,1.394707765458216286e+01,2.700000000000000178e+00
4.384368083710351027e-01,1.399961484071808115e+01,2.511181693316529184e+00,1.399961459505985673e+01,1.401014196744654328e-05,1.394707765469452454e+01,2.700000000000000178e+00
4.386368083710353027e-01,1.399961484080946406e+01,2.511000623714033875e+00,1.399961459515396278e+01,1.401011786583694629e-05,1.394707765480659489e+01,2.700000000000000178e+00
4.388368083710355028e-01,1.399961484090074748e+01,2.510819967353641324e+00,1.399961459524797469e+01,1.401009308210632298e-05,1.394707765491852136e+01,2.700000000000000178e+00
4.390368083710357028e-01,1.399961484099180886e+01,2.510639723298063952e+00,1.399961459534173258e+01,1.401007102685980499e-05,1.394707765503017605e+01,2.700000000000000178e+00
4.392368083710359028e-01,1.399961484108261445e+01,2.510459890606525857e+00,1.399961459543525599e+01,1.401004647050285712e-05,1.394707765514152698e+01,2.700000000000000178e+00
4.394368083710361028e-01,1.399961484117315891e+01,2.510280468338605520e+00,1.399961459552851650e+01,1.401002168677223381e-05,1.394707765525257592e+01,2.700000000000000178e+00
4.396368083710363028e-01,1.399961484126343514e+01,2.510101455555049821e+00,1.399961459562147148e+01,1.400999849465733860e-05,1.394707765536330335e+01,2.700000000000000178e+00
4.398368083710365029e-01,1.399961484135363676e+01,2.509922851326552351e+00,1.399961459571438560e+01,1.400997416567406617e-05,1.394707765547390999e+01,2.700000000000000178e+00
4.400368083710367029e-01,1.399961484144367319e+01,2.509744654715189593e+00,1.399961459580709366e+01,1.400995074618549552e-05,1.394707765558430523e+01,2.700000000000000178e+00
4.402368083710369029e-01,1.399961484153351421e+01,2.509566864795718111e+00,1.399961459589961699e+01,1.400992800881795119e-05,1.394707765569446245e+01,2.700000000000000178e+00
4.404368083710371029e-01,1.399961484162306213e+01,2.509389480635872527e+00,1.399961459599183300e+01,1.400990345246100333e-05,1.394707765580428038e+01,2.700000000000000178e+00
4.406368083710373029e-01,1.399961484171241821e+01,2.509212501312744870e+00,1.399961459608382164e+01,1.400988253408286255e-05,1.394707765591385495e+01,2.700000000000000178e+00
4.408368083710375029e-01,1.399961484180164284e+01,2.509035925899661290e+00,1.399961459617572679e+01,1.400985775035223924e-05,1.394707765602325367e+01,2.700000000000000178e+00
4.410368083710377030e-01,1.399961484189057970e+01,2.508859753476634591e+00,1.399961459626733884e+01,1.400983273924794048e-05,1.394707765613232375e+01,2.700000000000000178e+00
4.412368083710379030e-01,1.399961484197933714e+01,2.508683983123757955e+00,1.399961459635872707e+01,1.400981045662774704e-05,1.394707765624116114e+01,2.700000000000000178e+00
4.414368083710381030e-01,1.399961484206787077e+01,2.508508613923232211e+00,1.399961459644991812e+01,1.400978544552344829e-05,1.394707765634973207e+01,2.700000000000000178e+00
4.416368083710383030e-01,1.399961484215621788e+01,2.508333644958833375e+00,1.399961459654088358e+01,1.400976429977163207e-05,1.394707765645807207e+01,2.700000000000000178e+00
4.418368083710385030e-01,1.399961484224438557e+01,2.508159075317537123e+00,1.399961459663166075e+01,1.400974201715143863e-05,1.394707765656618825e+01,2.700000000000000178e+00
4.420368083710387030e-01,1.399961484233221753e+01,2.507984904088426781e+00,1.399961459672213415e+01,1.400971768816816621e-05,1.394707765667392074e+01,2.700000000000000178e+00
4.422368083710389031e-01,1.399961484241996068e+01,2.507811130361779384e+00,1.399961459681248854e+01,1.400969495080062188e-05,1.394707765678151645e+01,2.700000000000000178e+00
4.424368083710391031e-01,1.399961484250757948e+01,2.507637753231006350e+00,1.399961459690271504e+01,1.400967198605940212e-05,1.394707765688894696e+01,2.700000000000000178e+00
4.426368083710393031e-01,1.399961484259494604e+01,2.507464771790115510e+00,1.399961459699268040e+01,1.400964993081288412e-05,1.394707765699607194e+01,2.700000000000000178e+00
4.428368083710395031e-01,1.399961484268204259e+01,2.507292185136664742e+00,1.399961459708239708e+01,1.400962537445593625e-05,1.394707765710289138e+01,2.700000000000000178e+00
4.430368083710397031e-01,1.399961484276902191e+01,2.507119992369110317e+00,1.399961459717194323e+01,1.400960400133044459e-05,1.394707765720954029e+01,2.700000000000000178e+00
4.432368083710399032e-01,1.399961484285577562e+01,2.506948192588542401e+00,1.399961459726130641e+01,1.400957989972084761e-05,1.394707765731592986e+01,2.700000000000000178e+00
4.434368083710401032e-01,1.399961484294232150e+01,2.506776784898111288e+00,1.399961459735041558e+01,1.400955693497962784e-05,1.394707765742205829e+01,2.700000000000000178e+00
4.436368083710403032e-01,1.399961484302868442e+01,2.506605768403657564e+00,1.399961459743934000e+01,1.400953465235943440e-05,1.394707765752796469e+01,2.700000000000000178e+00
4.438368083710405032e-01,1.399961484311484661e+01,2.506435142212280365e+00,1.399961459752810100e+01,1.400951077812351286e-05,1.394707765763362062e+01,2.700000000000000178e+00
4.440368083710407032e-01,1.399961484320075655e+01,2.506264905432579404e+00,1.399961459761655291e+01,1.400949008711904753e-05,1.394707765773898345e+01,2.700000000000000178e+00
4.442368083710409032e-01,1.399961484328652439e+01,2.506095057175194540e+00,1.399961459770489647e+01,1.400946553076209966e-05,1.394707765784415443e+01,2.700000000000000178e+00
4.444368083710411033e-01,1.399961484337211282e+01,2.505925596555129253e+00,1.399961459779301975e+01,1.400944438501028344e-05,1.394707765794910692e+01,2.700000000000000178e+00
4.446368083710413033e-01,1.399961484345748275e+01,2.505756522686379384e+00,1.399961459788093698e+01,1.400942187501641456e-05,1.394707765805379118e+01,2.700000000000000178e+00
4.448368083710415033e-01,1.399961484354266084e+01,2.505587834687589055e+00,1.399961459796866770e+01,1.400939891027519479e-05,1.394707765815824274e+01,2.700000000000000178e+00
4.450368083710417033e-01,1.399961484362767905e+01,2.505419531676388090e+00,1.399961459805619768e+01,1.400937821927072946e-05,1.394707765826249357e+01,2.700000000000000178e+00
4.452368083710419033e-01,1.399961484371247344e+01,2.505251612775520442e+00,1.399961459814353226e+01,1.400935502715583425e-05,1.394707765836647262e+01,2.700000000000000178e+00
4.454368083710421033e-01,1.399961484379712040e+01,2.505084077107864182e+00,1.399961459823068743e+01,1.400933274453564081e-05,1.394707765847025982e+01,2.700000000000000178e+00
4.456368083710423034e-01,1.399961484388150268e+01,2.504916923798106154e+00,1.399961459831757438e+01,1.400931137141014915e-05,1.394707765857374149e+01,2.700000000000000178e+00
4.458368083710425034e-01,1.399961484396571976e+01,2.504750151974411310e+00,1.399961459840431033e+01,1.400928886141628027e-05,1.394707765867701532e+01,2.700000000000000178e+00
4.460368083710427034e-01,1.399961484404966860e+01,2.504583760766907918e+00,1.399961459849078160e+01,1.400926589667506050e-05,1.394707765877997296e+01,2.700000000000000178e+00
4.462368083710429034e-01,1.399961484413352331e+01,2.504417749305527519e+00,1.399961459857709478e+01,1.400924566041794606e-05,1.394707765888279560e+01,2.700000000000000178e+00
4.464368083710431034e-01,1.399961484421713998e+01,2.504252116724308141e+00,1.399961459866321789e+01,1.400922292305040173e-05,1.394707765898533758e+01,2.700000000000000178e+00
4.466368083710433035e-01,1.399961484430058078e+01,2.504086862157539173e+00,1.399961459874915803e+01,1.400920132255123463e-05,1.394707765908766284e+01,2.700000000000000178e+00
4.468368083710435035e-01,1.399961484438384574e+01,2.503921984744156504e+00,1.399961459883490988e+01,1.400917835781001486e-05,1.394707765918976605e+01,2.700000000000000178e+00
4.470368083710437035e-01,1.399961484446692062e+01,2.503757483622304658e+00,1.399961459892046101e+01,1.400915630256349687e-05,1.394707765929163834e+01,2.700000000000000178e+00
4.472368083710439035e-01,1.399961484454984983e+01,2.503593357933525443e+00,1.399961459900583627e+01,1.400913606630638242e-05,1.394707765939332056e+01,2.700000000000000178e+00
4.474368083710441035e-01,1.399961484463247352e+01,2.503429606820410491e+00,1.399961459909093620e+01,1.400911332893883809e-05,1.394707765949465106e+01,2.700000000000000178e+00
4.476368083710443035e-01,1.399961484471499595e+01,2.503266229429233380e+00,1.399961459917591533e+01,1.400909172843967099e-05,1.394707765959584123e+01,2.700000000000000178e+00
4.478368083710445036e-01,1.399961484479730345e+01,2.503103224905929736e+00,1.399961459926066354e+01,1.400907058268785477e-05,1.394707765969677027e+01,2.700000000000000178e+00
4.480368083710447036e-01,1.399961484487943864e+01,2.502940592399201414e+00,1.399961459934525010e+01,1.400904852744133677e-05,1.394707765979749503e+01,2.700000000000000178e+00
4.482368083710449036e-01,1.399961484496133579e+01,2.502778331060734551e+00,1.399961459942957731e+01,1.400902738168952055e-05,1.394707765989792669e+01,2.700000000000000178e+00
4.484368083710451036e-01,1.399961484504307663e+01,2.502616440043908153e+00,1.399961459951376419e+01,1.400900578119035345e-05,1.394707765999816473e+01,2.700000000000000178e+00
4.486368083710453036e-01,1.399961484512465937e+01,2.502454918503789205e+00,1.399961459959779830e+01,1.400898327119648457e-05,1.394707766009820205e+01,2.700000000000000178e+00
4.488368083710455037e-01,1.399961484520601118e+01,2.502293765595609454e+00,1.399961459968156063e+01,1.400896280756569467e-05,1.394707766019796402e+01,2.700000000000000178e+00
4.490368083710457037e-01,1.399961484528721023e+01,2.502132980479851554e+00,1.399961459976515954e+01,1.400894211656122934e-05,1.394707766029753415e+01,2.700000000000000178e+00
4.492368083710459037e-01,1.399961484536816592e+01,2.501972562315674331e+00,1.399961459984853640e+01,1.400892028868838679e-05,1.394707766039682184e+01,2.700000000000000178e+00
4.494368083710461037e-01,1.399961484544901857e+01,2.501812510265863487e+00,1.399961459993181379e+01,1.400889800606819335e-05,1.394707766049596032e+01,2.700000000000000178e+00
4.496368083710463037e-01,1.399961484552966695e+01,2.501652823495304379e+00,1.399961460001485847e+01,1.400887708769005258e-05,1.394707766059484833e+01,2.700000000000000178e+00
4.498368083710465037e-01,1.399961484561008440e+01,2.501493501170160449e+00,1.399961460009764558e+01,1.400885730618028902e-05,1.394707766069347343e+01,2.700000000000000178e+00
4.500368083710467038e-01,1.399961484569030112e+01,2.501334542458562016e+00,1.399961460018026926e+01,1.400883502356009558e-05,1.394707766079185518e+01,2.700000000000000178e+00
4.502368083710469038e-01,1.399961484577040949e+01,2.501175946530858063e+00,1.399961460026275795e+01,1.400881387780827936e-05,1.394707766089008238e+01,2.700000000000000178e+00
4.504368083710471038e-01,1.399961484585027627e+01,2.501017712558918582e+00,1.399961460034502103e+01,1.400879204993543681e-05,1.394707766098802892e+01,2.700000000000000178e+00
4.506368083710473038e-01,1.399961484593002226e+01,2.500859839717247901e+00,1.399961460042714023e+01,1.400877226842567325e-05,1.394707766108581559e+01,2.700000000000000178e+00
4.508368083710475038e-01,1.399961484600955863e+01,2.500702327180884144e+00,1.399961460050903383e+01,1.400875180479488336e-05,1.394707766118334291e+01,2.700000000000000178e+00
4.510368083710477038e-01,1.399961484608889961e+01,2.500545174127404735e+00,1.399961460059075868e+01,1.400872906742733903e-05,1.394707766128064641e+01,2.700000000000000178e+00
4.512368083710479039e-01,1.399961484616810914e+01,2.500388379736310451e+00,1.399961460067229524e+01,1.400871019541227724e-05,1.394707766137777227e+01,2.700000000000000178e+00
4.514368083710481039e-01,1.399961484624704866e+01,2.500231943189262562e+00,1.399961460075357955e+01,1.400868927703413647e-05,1.394707766147458727e+01,2.700000000000000178e+00
4.516368083710483039e-01,1.399961484632587094e+01,2.500075863670341292e+00,1.399961460083475195e+01,1.400866835865599569e-05,1.394707766157124240e+01,2.700000000000000178e+00
4.518368083710485039e-01,1.399961484640452625e+01,2.499920140364586096e+00,1.399961460091575027e+01,1.400864744027785491e-05,1.394707766166768792e+01,2.700000000000000178e+00
4.520368083710487039e-01,1.399961484648293997e+01,2.499764772458871409e+00,1.399961460099651944e+01,1.400862652189971413e-05,1.394707766176385100e+01,2.700000000000000178e+00
4.522368083710489040e-01,1.399961484656125954e+01,2.499609759141518506e+00,1.399961460107714650e+01,1.400860628564259969e-05,1.394707766185988262e+01,2.700000000000000178e+00
4.524368083710491040e-01,1.399961484663934108e+01,2.499455099603680619e+00,1.399961460115756218e+01,1.400858582201180980e-05,1.394707766195563714e+01,2.700000000000000178e+00
4.526368083710493040e-01,1.399961484671727874e+01,2.499300793037980917e+00,1.399961460123781443e+01,1.400856649524939712e-05,1.394707766205120514e+01,2.700000000000000178e+00
4.528368083710495040e-01,1.399961484679497659e+01,2.499146838638701240e+00,1.399961460131784996e+01,1.400854421262920368e-05,1.394707766214649070e+01,2.700000000000000178e+00
4.530368083710497040e-01,1.399961484687255897e+01,2.498993235602137819e+00,1.399961460139773983e+01,1.400852352162473835e-05,1.394707766224161993e+01,2.700000000000000178e+00
4.532368083710499040e-01,1.399961484695000280e+01,2.498839983125844988e+00,1.399961460147746628e+01,1.400850510435702745e-05,1.394707766233657864e+01,2.700000000000000178e+00
4.534368083710501041e-01,1.399961484702718906e+01,2.498687080410322281e+00,1.399961460155696535e+01,1.400848350385786034e-05,1.394707766243123359e+01,2.700000000000000178e+00
4.536368083710503041e-01,1.399961484710424919e+01,2.498534526657368193e+00,1.399961460163631166e+01,1.400846417709544767e-05,1.394707766252572689e+01,2.700000000000000178e+00
4.538368083710505041e-01,1.399961484718107130e+01,2.498382321069976708e+00,1.399961460171541638e+01,1.400844394083833322e-05,1.394707766261993775e+01,2.700000000000000178e+00
4.540368083710507041e-01,1.399961484725772287e+01,2.498230462854261980e+00,1.399961460179435058e+01,1.400842324983386789e-05,1.394707766271394256e+01,2.700000000000000178e+00
4.542368083710509041e-01,1.399961484733419681e+01,2.498078951218041244e+00,1.399961460187311069e+01,1.400840301357675344e-05,1.394707766280772709e+01,2.700000000000000178e+00
4.544368083710511041e-01,1.399961484741052153e+01,2.497927785368534881e+00,1.399961460195170559e+01,1.400838232257228810e-05,1.394707766290132511e+01,2.700000000000000178e+00
4.546368083710513042e-01,1.399961484748669882e+01,2.497776964518512166e+00,1.399961460203014418e+01,1.400836367793090176e-05,1.394707766299473484e+01,2.700000000000000178e+00
4.548368083710515042e-01,1.399961484756267360e+01,2.497626487879251123e+00,1.399961460210837139e+01,1.400834321430011187e-05,1.394707766308790298e+01,2.700000000000000178e+00
4.550368083710517042e-01,1.399961484763854536e+01,2.497476354665302267e+00,1.399961460218650977e+01,1.400832366016402375e-05,1.394707766318092723e+01,2.700000000000000178e+00
4.552368083710519042e-01,1.399961484771409914e+01,2.497326564092964496e+00,1.399961460226431775e+01,1.400830296915955842e-05,1.394707766327359622e+01,2.700000000000000178e+00
4.554368083710521042e-01,1.399961484778965470e+01,2.497177115380733614e+00,1.399961460234211330e+01,1.400828432451817207e-05,1.394707766336622967e+01,2.700000000000000178e+00
4.556368083710523043e-01,1.399961484786492782e+01,2.497028007747805756e+00,1.399961460241962108e+01,1.400826477038208395e-05,1.394707766345853095e+01,2.700000000000000178e+00
4.558368083710525043e-01,1.399961484794001443e+01,2.496879240416450152e+00,1.399961460249695833e+01,1.400824385200394318e-05,1.394707766355062439e+01,2.700000000000000178e+00
4.560368083710527043e-01,1.399961484801496248e+01,2.496730812608805028e+00,1.399961460257413570e+01,1.400822361574682873e-05,1.394707766364252777e+01,2.700000000000000178e+00
4.562368083710529043e-01,1.399961484808974710e+01,2.496582723551327820e+00,1.399961460265115143e+01,1.400820383423706517e-05,1.394707766373423574e+01,2.700000000000000178e+00
4.564368083710531043e-01,1.399961484816434876e+01,2.496434972470382263e+00,1.399961460272796820e+01,1.400818405272730161e-05,1.394707766382571101e+01,2.700000000000000178e+00
4.566368083710533043e-01,1.399961484823879765e+01,2.496287558595045475e+00,1.399961460280462333e+01,1.400816654495429248e-05,1.394707766391700687e+01,2.700000000000000178e+00
4.568368083710535044e-01,1.399961484831300851e+01,2.496140481154445645e+00,1.399961460288103687e+01,1.400814630869717803e-05,1.394707766400801852e+01,2.700000000000000178e+00
4.570368083710537044e-01,1.399961484838718206e+01,2.495993739381267673e+00,1.399961460295740601e+01,1.400812789142946713e-05,1.394707766409896088e+01,2.700000000000000178e+00
4.572368083710539044e-01,1.399961484846103588e+01,2.495847332509339989e+00,1.399961460303346250e+01,1.400810742779867724e-05,1.394707766418954620e+01,2.700000000000000178e+00
4.574368083710541044e-01,1.399961484853489146e+01,2.495701259774912195e+00,1.399961460310951189e+01,1.400808901053096633e-05,1.394707766428008888e+01,2.700000000000000178e+00
4.576368083710543044e-01,1.399961484860844152e+01,2.495555520415370321e+00,1.399961460318524864e+01,1.400806968376855366e-05,1.394707766437028873e+01,2.700000000000000178e+00
4.578368083710545045e-01,1.399961484868187789e+01,2.495410113670246677e+00,1.399961460326087703e+01,1.400804944751143921e-05,1.394707766446033936e+01,2.700000000000000178e+00
4.580368083710547045e-01,1.399961484875508866e+01,2.495265038780613676e+00,1.399961460333627272e+01,1.400803012074902654e-05,1.394707766455012710e+01,2.700000000000000178e+00
4.582368083710549045e-01,1.399961484882819818e+01,2.495120294987517973e+00,1.399961460341155828e+01,1.400801011186558753e-05,1.394707766463977983e+01,2.700000000000000178e+00
4.584368083710551045e-01,1.399961484890117447e+01,2.494975881536723783e+00,1.399961460348669640e+01,1.400799192197155207e-05,1.394707766472925492e+01,2.700000000000000178e+00
4.586368083710553045e-01,1.399961484897390918e+01,2.494831797673156437e+00,1.399961460356158938e+01,1.400797327733016573e-05,1.394707766481844935e+01,2.700000000000000178e+00
4.588368083710555045e-01,1.399961484904646092e+01,2.494688042645820669e+00,1.399961460363632249e+01,1.400795235895202495e-05,1.394707766490742706e+01,2.700000000000000178e+00
4.590368083710557046e-01,1.399961484911896292e+01,2.494544615703491619e+00,1.399961460371096500e+01,1.400793462380534038e-05,1.394707766499631951e+01,2.700000000000000178e+00
4.592368083710559046e-01,1.399961484919117183e+01,2.494401516096950822e+00,1.399961460378531974e+01,1.400791552441660315e-05,1.394707766508487623e+01,2.700000000000000178e+00
4.594368083710561046e-01,1.399961484926321553e+01,2.494258743080137286e+00,1.399961460385951284e+01,1.400789642502786592e-05,1.394707766517323400e+01,2.700000000000000178e+00
4.596368083710563046e-01,1.399961484933511535e+01,2.494116295907397696e+00,1.399961460393354074e+01,1.400787778038647957e-05,1.394707766526140702e+01,2.700000000000000178e+00
4.598368083710565046e-01,1.399961484940689438e+01,2.493974173835212582e+00,1.399961460400745317e+01,1.400785959049244411e-05,1.394707766534942550e+01,2.700000000000000178e+00
4.600368083710567046e-01,1.399961484947848867e+01,2.493832376120695304e+00,1.399961460408116665e+01,1.400784117322473321e-05,1.394707766543722549e+01,2.700000000000000178e+00
4.602368083710569047e-01,1.399961484954993551e+01,2.493690902024753964e+00,1.399961460415474512e+01,1.400782252858334687e-05,1.394707766552483363e+01,2.700000000000000178e+00
4.604368083710571047e-01,1.399961484962121006e+01,2.493549750808003562e+00,1.399961460422814241e+01,1.400780342919460963e-05,1.394707766561223750e+01,2.700000000000000178e+00
4.606368083710573047e-01,1.399961484969233894e+01,2.493408921733215600e+00,1.399961460430139404e+01,1.400778342031117063e-05,1.394707766569945129e+01,2.700000000000000178e+00
4.608368083710575047e-01,1.399961484976331150e+01,2.493268414066407423e+00,1.399961460437446448e+01,1.400776568516448606e-05,1.394707766578648034e+01,2.700000000000000178e+00
4.610368083710577047e-01,1.399961484983405668e+01,2.493128227073124759e+00,1.399961460444733241e+01,1.400774613102839794e-05,1.394707766587324471e+01,2.700000000000000178e+00
4.612368083710579048e-01,1.399961484990473082e+01,2.492988360022635685e+00,1.399961460452010442e+01,1.400772680426598527e-05,1.394707766595990073e+01,2.700000000000000178e+00
4.614368083710581048e-01,1.399961484997521488e+01,2.492848812183891205e+00,1.399961460459268103e+01,1.400771020598767791e-05,1.394707766604632582e+01,2.700000000000000178e+00
4.616368083710583048e-01,1.399961485004547335e+01,2.492709582828109394e+00,1.399961460466503560e+01,1.400769065185158979e-05,1.394707766613249156e+01,2.700000000000000178e+00
4.618368083710585048e-01,1.399961485011565543e+01,2.492570671228289569e+00,1.399961460473730845e+01,1.400767132508917712e-05,1.394707766621854184e+01,2.700000000000000178e+00
4.620368083710587048e-01,1.399961485018564744e+01,2.492432076660342055e+00,1.399961460480938413e+01,1.400765336256881710e-05,1.394707766630437362e+01,2.700000000000000178e+00
4.622368083710589048e-01,1.399961485025541208e+01,2.492293798399931593e+00,1.399961460488121823e+01,1.400763585479580797e-05,1.394707766638994251e+01,2.700000000000000178e+00
4.624368083710591049e-01,1.399961485032507724e+01,2.492155835725773372e+00,1.399961460495294752e+01,1.400761743752809707e-05,1.394707766647537106e+01,2.700000000000000178e+00
4.626368083710593049e-01,1.399961485039458786e+01,2.492018187916317906e+00,1.399961460502451693e+01,1.400759970238141250e-05,1.394707766656060421e+01,2.700000000000000178e+00
4.628368083710595049e-01,1.399961485046395104e+01,2.491880854253965438e+00,1.399961460509594957e+01,1.400758105774002615e-05,1.394707766664565796e+01,2.700000000000000178e+00
4.630368083710597049e-01,1.399961485053309573e+01,2.491743834021177495e+00,1.399961460516714951e+01,1.400756218572496437e-05,1.394707766673045768e+01,2.700000000000000178e+00
4.632368083710599049e-01,1.399961485060212318e+01,2.491607126503680547e+00,1.399961460523822332e+01,1.400754490532563068e-05,1.394707766681510641e+01,2.700000000000000178e+00
4.634368083710601049e-01,1.399961485067101385e+01,2.491470730987232152e+00,1.399961460530916213e+01,1.400752626068424433e-05,1.394707766689958284e+01,2.700000000000000178e+00
4.636368083710603050e-01,1.399961485073975354e+01,2.491334646759526983e+00,1.399961460537994817e+01,1.400750784341653343e-05,1.394707766698387097e+01,2.700000000000000178e+00
4.638368083710605050e-01,1.399961485080829782e+01,2.491198873110593404e+00,1.399961460545054059e+01,1.400748942614882253e-05,1.394707766706792462e+01,2.700000000000000178e+00
4.640368083710607050e-01,1.399961485087670532e+01,2.491063409331012668e+00,1.399961460552096604e+01,1.400747282787051518e-05,1.394707766715181485e+01,2.700000000000000178e+00
4.642368083710609050e-01,1.399961485094486235e+01,2.490928254713294265e+00,1.399961460559115878e+01,1.400745441060280427e-05,1.394707766723540843e+01,2.700000000000000178e+00
4.644368083710611050e-01,1.399961485101299097e+01,2.490793408552889332e+00,1.399961460566129823e+01,1.400743713020347059e-05,1.394707766731894516e+01,2.700000000000000178e+00
4.646368083710613051e-01,1.399961485108085313e+01,2.490658870145501247e+00,1.399961460573117300e+01,1.400741916768311057e-05,1.394707766740217991e+01,2.700000000000000178e+00
4.648368083710615051e-01,1.399961485114871529e+01,2.490524638788309542e+00,1.399961460580105843e+01,1.400740188728377689e-05,1.394707766748537914e+01,2.700000000000000178e+00
4.650368083710617051e-01,1.399961485121635008e+01,2.490390713780446852e+00,1.399961460587071294e+01,1.400738369738974143e-05,1.394707766756831724e+01,2.700000000000000178e+00
4.652368083710619051e-01,1.399961485128380190e+01,2.490257094424086048e+00,1.399961460594016494e+01,1.400736528012203053e-05,1.394707766765103329e+01,2.700000000000000178e+00
4.654368083710621051e-01,1.399961485135115069e+01,2.490123780020316868e+00,1.399961460600952634e+01,1.400734799972269684e-05,1.394707766773361612e+01,2.700000000000000178e+00
4.656368083710623051e-01,1.399961485141832185e+01,2.489990769873228871e+00,1.399961460607867814e+01,1.400733094669703860e-05,1.394707766781598757e+01,2.700000000000000178e+00
4.658368083710625052e-01,1.399961485148528340e+01,2.489858063289015266e+00,1.399961460614763453e+01,1.400731252942932770e-05,1.394707766789810677e+01,2.700000000000000178e+00
4.660368083710627052e-01,1.399961485155213481e+01,2.489725659574956396e+00,1.399961460621647547e+01,1.400729502165631857e-05,1.394707766798008919e+01,2.700000000000000178e+00
4.662368083710629052e-01,1.399961485161882990e+01,2.489593558039008059e+00,1.399961460628514232e+01,1.400727842337801121e-05,1.394707766806187799e+01,2.700000000000000178e+00
4.664368083710631052e-01,1.399961485168544861e+01,2.489461757992036173e+00,1.399961460635373633e+01,1.400726068823132664e-05,1.394707766814355487e+01,2.700000000000000178e+00
4.666368083710633052e-01,1.399961485175186660e+01,2.489330258746572433e+00,1.399961460642212785e+01,1.400724340783199295e-05,1.394707766822500083e+01,2.700000000000000178e+00
4.668368083710635053e-01,1.399961485181806964e+01,2.489199059614810583e+00,1.399961460649032041e+01,1.400722430844325572e-05,1.394707766830619633e+01,2.700000000000000178e+00
4.670368083710637053e-01,1.399961485188421051e+01,2.489068159912624978e+00,1.399961460655840995e+01,1.400720771016494837e-05,1.394707766838729235e+01,2.700000000000000178e+00
4.672368083710639053e-01,1.399961485195006006e+01,2.488937558955772289e+00,1.399961460662622059e+01,1.400719088451296557e-05,1.394707766846806329e+01,2.700000000000000178e+00
4.674368083710641053e-01,1.399961485201588474e+01,2.488807256064130780e+00,1.399961460669401347e+01,1.400717246724525467e-05,1.394707766854877562e+01,2.700000000000000178e+00
4.676368083710643053e-01,1.399961485208150513e+01,2.488677250556318388e+00,1.399961460676158254e+01,1.400715586896694731e-05,1.394707766862925169e+01,2.700000000000000178e+00
4.678368083710645053e-01,1.399961485214704382e+01,2.488547541753266312e+00,1.399961460682905923e+01,1.400713904331496451e-05,1.394707766870960342e+01,2.700000000000000178e+00
4.680368083710647054e-01,1.399961485221240487e+01,2.488418128979199118e+00,1.399961460689635473e+01,1.400712176291563082e-05,1.394707766878975796e+01,2.700000000000000178e+00
4.682368083710649054e-01,1.399961485227759717e+01,2.488289011557413222e+00,1.399961460696348858e+01,1.400710448251629714e-05,1.394707766886969935e+01,2.700000000000000178e+00
4.684368083710651054e-01,1.399961485234265091e+01,2.488160188814155127e+00,1.399961460703048388e+01,1.400708697474328801e-05,1.394707766894947376e+01,2.700000000000000178e+00
4.686368083710653054e-01,1.399961485240754477e+01,2.488031660076380991e+00,1.399961460709730332e+01,1.400707060383865610e-05,1.394707766902905099e+01,2.700000000000000178e+00
4.688368083710655054e-01,1.399961485247235160e+01,2.487903424674065000e+00,1.399961460716404282e+01,1.400705264131829608e-05,1.394707766910851099e+01,2.700000000000000178e+00
4.690368083710657054e-01,1.399961485253694882e+01,2.487775481937121835e+00,1.399961460723054785e+01,1.400703672516101506e-05,1.394707766918772407e+01,2.700000000000000178e+00
4.692368083710659055e-01,1.399961485260137017e+01,2.487647831197220327e+00,1.399961460729687879e+01,1.400701921738800593e-05,1.394707766926673109e+01,2.700000000000000178e+00
4.694368083710661055e-01,1.399961485266568495e+01,2.487520471788209786e+00,1.399961460736311203e+01,1.400700261910969857e-05,1.394707766934559956e+01,2.700000000000000178e+00
4.696368083710663055e-01,1.399961485272979367e+01,2.487393403045362383e+00,1.399961460742911967e+01,1.400698624820506666e-05,1.394707766942422644e+01,2.700000000000000178e+00
4.698368083710665055e-01,1.399961485279384910e+01,2.487266624305697782e+00,1.399961460749508824e+01,1.400696851305838209e-05,1.394707766950276451e+01,2.700000000000000178e+00
4.700368083710667055e-01,1.399961485285773044e+01,2.487140134907337874e+00,1.399961460756085074e+01,1.400695168740639929e-05,1.394707766958109829e+01,2.700000000000000178e+00
4.702368083710669056e-01,1.399961485292134178e+01,2.487013934189463704e+00,1.399961460762636811e+01,1.400693417963339016e-05,1.394707766965912654e+01,2.700000000000000178e+00
4.704368083710671056e-01,1.399961485298497976e+01,2.486888021492431822e+00,1.399961460769189081e+01,1.400691871822346002e-05,1.394707766973715302e+01,2.700000000000000178e+00
4.706368083710673056e-01,1.399961485304833886e+01,2.486762396161334099e+00,1.399961460775712929e+01,1.400690121045045089e-05,1.394707766981487040e+01,2.700000000000000178e+00
4.708368083710675056e-01,1.399961485311170151e+01,2.486637057537640860e+00,1.399961460782239087e+01,1.400688438479846809e-05,1.394707766989255049e+01,2.700000000000000178e+00
4.710368083710677056e-01,1.399961485317485277e+01,2.486512004969125389e+00,1.399961460788741441e+01,1.400686824126751162e-05,1.394707766996999254e+01,2.700000000000000178e+00
4.712368083710679056e-01,1.399961485323789923e+01,2.486387237800882222e+00,1.399961460795231183e+01,1.400685232511023059e-05,1.394707767004729426e+01,2.700000000000000178e+00
4.714368083710681057e-01,1.399961485330070943e+01,2.486262755384507361e+00,1.399961460801700852e+01,1.400683481733722147e-05,1.394707767012432598e+01,2.700000000000000178e+00
4.716368083710683057e-01,1.399961485336343259e+01,2.486138557066557286e+00,1.399961460808156488e+01,1.400682003804831766e-05,1.394707767020123867e+01,2.700000000000000178e+00
4.718368083710685057e-01,1.399961485342599943e+01,2.486014642201276104e+00,1.399961460814601821e+01,1.400680184815428220e-05,1.394707767027796486e+01,2.700000000000000178e+00
4.720368083710687057e-01,1.399961485348841350e+01,2.485891010141639601e+00,1.399961460821026016e+01,1.400678684149170294e-05,1.394707767035450985e+01,2.700000000000000178e+00
4.722368083710689057e-01,1.399961485355077073e+01,2.485767660240712384e+00,1.399961460827448789e+01,1.400676978846604470e-05,1.394707767043095537e+01,2.700000000000000178e+00
4.724368083710691057e-01,1.399961485361290592e+01,2.485644591854184959e+00,1.399961460833845983e+01,1.400675409968243912e-05,1.394707767050715574e+01,2.700000000000000178e+00
4.726368083710693058e-01,1.399961485367494340e+01,2.485521804340007357e+00,1.399961460840234473e+01,1.400673681928310543e-05,1.394707767058322112e+01,2.700000000000000178e+00
4.728368083710695058e-01,1.399961485373678372e+01,2.485399297057591550e+00,1.399961460846600936e+01,1.400672044837847352e-05,1.394707767065905912e+01,2.700000000000000178e+00
4.730368083710697058e-01,1.399961485379851034e+01,2.485277069370428027e+00,1.399961460852958872e+01,1.400670407747384161e-05,1.394707767073474791e+01,2.700000000000000178e+00
4.732368083710699058e-01,1.399961485386002735e+01,2.485155120638696591e+00,1.399961460859290696e+01,1.400668907081126235e-05,1.394707767081020222e+01,2.700000000000000178e+00
4.734368083710701058e-01,1.399961485392154792e+01,2.485033450220939244e+00,1.399961460865625895e+01,1.400667338202765677e-05,1.394707767088562633e+01,2.700000000000000178e+00
4.736368083710703059e-01,1.399961485398275407e+01,2.484912057485504366e+00,1.399961460871928587e+01,1.400665701112302486e-05,1.394707767096069695e+01,2.700000000000000178e+00
4.738368083710705059e-01,1.399961485404396377e+01,2.484790941799458697e+00,1.399961460878232700e+01,1.400664018547104206e-05,1.394707767103574625e+01,2.700000000000000178e+00
4.740368083710707059e-01,1.399961485410502071e+01,2.484670102530885938e+00,1.399961460884519937e+01,1.400662426931376103e-05,1.394707767111060548e+01,2.700000000000000178e+00
4.742368083710709059e-01,1.399961485416579698e+01,2.484549539048575451e+00,1.399961460890777865e+01,1.400660721628810279e-05,1.394707767118516095e+01,2.700000000000000178e+00
4.744368083710711059e-01,1.399961485422656082e+01,2.484429250723064087e+00,1.399961460897033128e+01,1.400659243699919898e-05,1.394707767125966491e+01,2.700000000000000178e+00
4.746368083710713059e-01,1.399961485428717900e+01,2.484309236923448960e+00,1.399961460903275423e+01,1.400657674821559340e-05,1.394707767133400012e+01,2.700000000000000178e+00
4.748368083710715060e-01,1.399961485434766573e+01,2.484189497027051718e+00,1.399961460909503153e+01,1.400656083205831237e-05,1.394707767140816657e+01,2.700000000000000178e+00
4.750368083710717060e-01,1.399961485440796416e+01,2.484070030407248275e+00,1.399961460915713296e+01,1.400654514327470679e-05,1.394707767148211452e+01,2.700000000000000178e+00
4.752368083710719060e-01,1.399961485446813825e+01,2.483950836439591470e+00,1.399961460921909406e+01,1.400652945449110121e-05,1.394707767155590972e+01,2.700000000000000178e+00
4.754368083710721060e-01,1.399961485452818977e+01,2.483831914503715765e+00,1.399961460928093260e+01,1.400651285621279385e-05,1.394707767162954859e+01,2.700000000000000178e+00
4.756368083710723060e-01,1.399961485458809030e+01,2.483713263976579544e+00,1.399961460934260415e+01,1.400649762217653915e-05,1.394707767170300805e+01,2.700000000000000178e+00
4.758368083710725061e-01,1.399961485464784161e+01,2.483594884240010625e+00,1.399961460940411584e+01,1.400648307026131079e-05,1.394707767177628277e+01,2.700000000000000178e+00
4.760368083710727061e-01,1.399961485470751299e+01,2.483476774676499410e+00,1.399961460946555469e+01,1.400646647198300343e-05,1.394707767184944913e+01,2.700000000000000178e+00
4.762368083710729061e-01,1.399961485476706891e+01,2.483358934667391882e+00,1.399961460952688519e+01,1.400645055582572240e-05,1.394707767192247516e+01,2.700000000000000178e+00
4.764368083710731061e-01,1.399961485482628376e+01,2.483241363599062002e+00,1.399961460958787640e+01,1.400643350280006416e-05,1.394707767199511927e+01,2.700000000000000178e+00
4.766368083710733061e-01,1.399961485488562296e+01,2.483124060858275861e+00,1.399961460964897242e+01,1.400641895088483579e-05,1.394707767206786109e+01,2.700000000000000178e+00
4.768368083710735061e-01,1.399961485494467972e+01,2.483007025832118408e+00,1.399961460970977356e+01,1.400640348947490565e-05,1.394707767214028671e+01,2.700000000000000178e+00
4.770368083710737062e-01,1.399961485500361924e+01,2.482890257908535681e+00,1.399961460977047167e+01,1.400638780069130007e-05,1.394707767221256844e+01,2.700000000000000178e+00
4.772368083710739062e-01,1.399961485506243619e+01,2.482773756478949601e+00,1.399961460983104011e+01,1.400637188453401905e-05,1.394707767228469919e+01,2.700000000000000178e+00
4.774368083710741062e-01,1.399961485512122117e+01,2.482657520935073858e+00,1.399961460989155704e+01,1.400635778736614157e-05,1.394707767235676243e+01,2.700000000000000178e+00
4.776368083710743062e-01,1.399961485517973792e+01,2.482541550669375763e+00,1.399961460995183238e+01,1.400634073434048332e-05,1.394707767242852725e+01,2.700000000000000178e+00
4.778368083710745062e-01,1.399961485523817828e+01,2.482425845077812721e+00,1.399961461001199581e+01,1.400632527293055318e-05,1.394707767250019259e+01,2.700000000000000178e+00
4.780368083710747062e-01,1.399961485529643745e+01,2.482310403555445522e+00,1.399961461007200114e+01,1.400631003889429849e-05,1.394707767257163411e+01,2.700000000000000178e+00
4.782368083710749063e-01,1.399961485535459715e+01,2.482195225499159275e+00,1.399961461013184305e+01,1.400629707859479822e-05,1.394707767264296017e+01,2.700000000000000178e+00
4.784368083710751063e-01,1.399961485541269113e+01,2.482080310307872573e+00,1.399961461019166187e+01,1.400628207193221897e-05,1.394707767271418319e+01,2.700000000000000178e+00
4.786368083710753063e-01,1.399961485547052042e+01,2.481965657381977497e+00,1.399961461025123377e+01,1.400626479153288528e-05,1.394707767278511135e+01,2.700000000000000178e+00
4.788368083710755063e-01,1.399961485552832130e+01,2.481851266123803690e+00,1.399961461031074172e+01,1.400625001224398147e-05,1.394707767285598443e+01,2.700000000000000178e+00
4.790368083710757063e-01,1.399961485558588414e+01,2.481737135934658500e+00,1.399961461037001165e+01,1.400623432346037589e-05,1.394707767292658573e+01,2.700000000000000178e+00
4.792368083710759064e-01,1.399961485564340435e+01,2.481623266219128432e+00,1.399961461042923894e+01,1.400621977154514752e-05,1.394707767299711598e+01,2.700000000000000178e+00
4.794368083710761064e-01,1.399961485570073805e+01,2.481509656383184659e+00,1.399961461048829037e+01,1.400620340064051561e-05,1.394707767306743484e+01,2.700000000000000178e+00
4.796368083710763064e-01,1.399961485575802023e+01,2.481396305833808658e+00,1.399961461054724943e+01,1.400618998559366446e-05,1.394707767313766666e+01,2.700000000000000178e+00
4.798368083710765064e-01,1.399961485581511944e+01,2.481283213978337621e+00,1.399961461060604861e+01,1.400617497893108521e-05,1.394707767320768710e+01,2.700000000000000178e+00
4.800368083710767064e-01,1.399961485587205878e+01,2.481170380226752847e+00,1.399961461066466484e+01,1.400616019964218140e-05,1.394707767327751746e+01,2.700000000000000178e+00
4.802368083710769064e-01,1.399961485592899990e+01,2.481057803990244448e+00,1.399961461072330238e+01,1.400614496560592670e-05,1.394707767334732118e+01,2.700000000000000178e+00
4.804368083710771065e-01,1.399961485598575273e+01,2.480945484681146507e+00,1.399961461078173386e+01,1.400613086843804922e-05,1.394707767341690463e+01,2.700000000000000178e+00
4.806368083710773065e-01,1.399961485604227107e+01,2.480833421713613429e+00,1.399961461083992020e+01,1.400611586177546997e-05,1.394707767348623051e+01,2.700000000000000178e+00
4.808368083710775065e-01,1.399961485609866862e+01,2.480721614501365746e+00,1.399961461089801773e+01,1.400610040036553983e-05,1.394707767355540362e+01,2.700000000000000178e+00
4.810368083710777065e-01,1.399961485615503953e+01,2.480610062461466203e+00,1.399961461095603710e+01,1.400608562107663602e-05,1.394707767362451634e+01,2.700000000000000178e+00
4.812368083710779065e-01,1.399961485621122570e+01,2.480498765011518447e+00,1.399961461101390192e+01,1.400607106916140765e-05,1.394707767369342832e+01,2.700000000000000178e+00
4.814368083710781065e-01,1.399961485626729463e+01,2.480387721570688431e+00,1.399961461107164240e+01,1.400605606249882840e-05,1.394707767376218044e+01,2.700000000000000178e+00
4.816368083710783066e-01,1.399961485632326408e+01,2.480276931558277997e+00,1.399961461112927097e+01,1.400604128320992459e-05,1.394707767383080821e+01,2.700000000000000178e+00
4.818368083710785066e-01,1.399961485637906833e+01,2.480166394396636775e+00,1.399961461118673434e+01,1.400602604917366989e-05,1.394707767389924058e+01,2.700000000000000178e+00
4.820368083710787066e-01,1.399961485643474646e+01,2.480056109508915974e+00,1.399961461124406092e+01,1.400601217937946785e-05,1.394707767396751485e+01,2.700000000000000178e+00
4.822368083710789066e-01,1.399961485649031978e+01,2.479946076318888526e+00,1.399961461130128093e+01,1.400599740009056404e-05,1.394707767403566123e+01,2.700000000000000178e+00
4.824368083710791066e-01,1.399961485654571547e+01,2.479836294252233397e+00,1.399961461135830909e+01,1.400598375767003745e-05,1.394707767410360155e+01,2.700000000000000178e+00
4.826368083710793067e-01,1.399961485660097260e+01,2.479726762736035539e+00,1.399961461141521468e+01,1.400596852363378275e-05,1.394707767417137489e+01,2.700000000000000178e+00
4.828368083710795067e-01,1.399961485665620309e+01,2.479617481198753914e+00,1.399961461147207764e+01,1.400595351697120350e-05,1.394707767423908962e+01,2.700000000000000178e+00
4.830368083710797067e-01,1.399961485671128436e+01,2.479508449068662301e+00,1.399961461152878073e+01,1.400594055667170323e-05,1.394707767430662848e+01,2.700000000000000178e+00
4.832368083710799067e-01,1.399961485676615247e+01,2.479399665777359818e+00,1.399961461158529730e+01,1.400592464051442221e-05,1.394707767437392754e+01,2.700000000000000178e+00
4.834368083710801067e-01,1.399961485682103124e+01,2.479291130757193873e+00,1.399961461164180676e+01,1.400591008859919384e-05,1.394707767444120705e+01,2.700000000000000178e+00
4.836368083710803067e-01,1.399961485687575191e+01,2.479182843440985717e+00,1.399961461169814214e+01,1.400589712829969358e-05,1.394707767450830360e+01,2.700000000000000178e+00
4.838368083710805068e-01,1.399961485693023278e+01,2.479074803263498161e+00,1.399961461175423416e+01,1.400588234901078977e-05,1.394707767457512659e+01,2.700000000000000178e+00
4.840368083710807068e-01,1.399961485698465857e+01,2.478967009661270371e+00,1.399961461181028710e+01,1.400586711497453507e-05,1.394707767464186965e+01,2.700000000000000178e+00
4.842368083710809068e-01,1.399961485703896713e+01,2.478859462071272723e+00,1.399961461186619438e+01,1.400585324518033303e-05,1.394707767470846171e+01,2.700000000000000178e+00
4.844368083710811068e-01,1.399961485709314601e+01,2.478752159931746135e+00,1.399961461192198264e+01,1.400583914801245555e-05,1.394707767477490279e+01,2.700000000000000178e+00
4.846368083710813068e-01,1.399961485714720766e+01,2.478645102682696777e+00,1.399961461197766077e+01,1.400582391397620086e-05,1.394707767484119643e+01,2.700000000000000178e+00
4.848368083710815069e-01,1.399961485720112719e+01,2.478538289765368940e+00,1.399961461203318258e+01,1.400581049892934971e-05,1.394707767490732486e+01,2.700000000000000178e+00
4.850368083710817069e-01,1.399961485725497035e+01,2.478431720621781853e+00,1.399961461208860136e+01,1.400579662913514767e-05,1.394707767497334494e+01,2.700000000000000178e+00
4.852368083710819069e-01,1.399961485730862343e+01,2.478325394695728878e+00,1.399961461214386738e+01,1.400578162247256842e-05,1.394707767503914475e+01,2.700000000000000178e+00
4.854368083710821069e-01,1.399961485736226052e+01,2.478219311432133587e+00,1.399961461219908365e+01,1.400576843479939271e-05,1.394707767510490370e+01,2.700000000000000178e+00
4.856368083710823069e-01,1.399961485741570577e+01,2.478113470277384600e+00,1.399961461225411341e+01,1.400575388288416434e-05,1.394707767517043706e+01,2.700000000000000178e+00
4.858368083710825069e-01,1.399961485746898404e+01,2.478007870678519797e+00,1.399961461230897974e+01,1.400574024046363775e-05,1.394707767523578568e+01,2.700000000000000178e+00
4.860368083710827070e-01,1.399961485752227652e+01,2.477902512084046549e+00,1.399961461236384430e+01,1.400572659804311115e-05,1.394707767530111298e+01,2.700000000000000178e+00
4.862368083710829070e-01,1.399961485757526880e+01,2.477797393945376125e+00,1.399961461241840688e+01,1.400571181875420734e-05,1.394707767536612053e+01,2.700000000000000178e+00
4.864368083710831070e-01,1.399961485762825397e+01,2.477692515713155963e+00,1.399961461247296413e+01,1.400569908582838252e-05,1.394707767543108190e+01,2.700000000000000178e+00
4.866368083710833070e-01,1.399961485768112723e+01,2.477587876839245862e+00,1.399961461252738637e+01,1.400568567078153137e-05,1.394707767549591360e+01,2.700000000000000178e+00
4.868368083710835070e-01,1.399961485773381931e+01,2.477483476777575966e+00,1.399961461258164874e+01,1.400567180098732933e-05,1.394707767556053390e+01,2.700000000000000178e+00
4.870368083710837070e-01,1.399961485778646164e+01,2.477379314981807745e+00,1.399961461263587381e+01,1.400565633957739919e-05,1.394707767562507961e+01,2.700000000000000178e+00
4.872368083710839071e-01,1.399961485783885706e+01,2.477275390909646546e+00,1.399961461268981822e+01,1.400564246978319716e-05,1.394707767568934820e+01,2.700000000000000178e+00
4.874368083710841071e-01,1.399961485789128091e+01,2.477171704019133891e+00,1.399961461274378216e+01,1.400562996423104778e-05,1.394707767575361679e+01,2.700000000000000178e+00
4.876368083710843071e-01,1.399961485794342586e+01,2.477068253767817030e+00,1.399961461279747610e+01,1.400561632181052119e-05,1.394707767581757984e+01,2.700000000000000178e+00
4.878368083710845071e-01,1.399961485799548733e+01,2.476965039616194186e+00,1.399961461285109010e+01,1.400560131514794193e-05,1.394707767588143987e+01,2.700000000000000178e+00
4.880368083710847071e-01,1.399961485804753103e+01,2.476862061024521999e+00,1.399961461290468279e+01,1.400558812747476622e-05,1.394707767594524661e+01,2.700000000000000178e+00
4.882368083710849072e-01,1.399961485809941841e+01,2.476759317456778575e+00,1.399961461295808363e+01,1.400557471242791507e-05,1.394707767600887038e+01,2.700000000000000178e+00
4.884368083710851072e-01,1.399961485815117790e+01,2.476656808375290009e+00,1.399961461301137788e+01,1.400556129738106392e-05,1.394707767607234672e+01,2.700000000000000178e+00
4.886368083710853072e-01,1.399961485820280949e+01,2.476554533245197920e+00,1.399961461306454602e+01,1.400554856445523910e-05,1.394707767613566318e+01,2.700000000000000178e+00
4.888368083710855072e-01,1.399961485825433627e+01,2.476452491533081002e+00,1.399961461311759692e+01,1.400553446728736162e-05,1.394707767619884642e+01,2.700000000000000178e+00
4.890368083710857072e-01,1.399961485830569252e+01,2.476350682705745765e+00,1.399961461317050215e+01,1.400551923325110693e-05,1.394707767626183426e+01,2.700000000000000178e+00
4.892368083710859072e-01,1.399961485835705943e+01,2.476249106231765307e+00,1.399961461322337186e+01,1.400550786456733476e-05,1.394707767632481143e+01,2.700000000000000178e+00
4.894368083710861073e-01,1.399961485840829134e+01,2.476147761580522300e+00,1.399961461327612078e+01,1.400549399477313273e-05,1.394707767638761986e+01,2.700000000000000178e+00
4.896368083710863073e-01,1.399961485845931541e+01,2.476046648223363178e+00,1.399961461332866186e+01,1.400548035235260613e-05,1.394707767645019736e+01,2.700000000000000178e+00
4.898368083710865073e-01,1.399961485851022225e+01,2.475945765632296958e+00,1.399961461338109281e+01,1.400546693730575498e-05,1.394707767651263097e+01,2.700000000000000178e+00
4.900368083710867073e-01,1.399961485856108467e+01,2.475845113280633392e+00,1.399961461343344205e+01,1.400545352225890383e-05,1.394707767657499353e+01,2.700000000000000178e+00
4.902368083710869073e-01,1.399961485861171973e+01,2.475744690643180590e+00,1.399961461348559588e+01,1.400543851559632458e-05,1.394707767663710207e+01,2.700000000000000178e+00
4.904368083710871073e-01,1.399961485866237254e+01,2.475644497195802263e+00,1.399961461353773906e+01,1.400542691953887697e-05,1.394707767669920173e+01,2.700000000000000178e+00
4.906368083710873074e-01,1.399961485871287081e+01,2.475544532415040688e+00,1.399961461358974013e+01,1.400541350449202582e-05,1.394707767676112375e+01,2.700000000000000178e+00
4.908368083710875074e-01,1.399961485876325362e+01,2.475444795778911633e+00,1.399961461364160975e+01,1.400540054419252556e-05,1.394707767682290545e+01,2.700000000000000178e+00
4.910368083710877074e-01,1.399961485881350320e+01,2.475345286766559294e+00,1.399961461369334614e+01,1.400538758389302529e-05,1.394707767688452549e+01,2.700000000000000178e+00
4.912368083710879074e-01,1.399961485886361245e+01,2.475246004858521420e+00,1.399961461374494753e+01,1.400537371409882326e-05,1.394707767694598211e+01,2.700000000000000178e+00
4.914368083710881074e-01,1.399961485891367374e+01,2.475146949537725849e+00,1.399961461379649208e+01,1.400536052642564755e-05,1.394707767700735346e+01,2.700000000000000178e+00
4.916368083710883075e-01,1.399961485896347568e+01,2.475048120284920827e+00,1.399961461384776484e+01,1.400534802087349817e-05,1.394707767706844770e+01,2.700000000000000178e+00
4.918368083710885075e-01,1.399961485901325808e+01,2.474949516586089970e+00,1.399961461389904116e+01,1.400533392370562069e-05,1.394707767712949753e+01,2.700000000000000178e+00
4.920368083710887075e-01,1.399961485906293746e+01,2.474851137925547118e+00,1.399961461395018247e+01,1.400532119077979587e-05,1.394707767719041946e+01,2.700000000000000178e+00
4.922368083710889075e-01,1.399961485911250669e+01,2.474752983789755056e+00,1.399961461400122253e+01,1.400530800310662016e-05,1.394707767725119929e+01,2.700000000000000178e+00
4.924368083710891075e-01,1.399961485916199422e+01,2.474655053666220628e+00,1.399961461405217023e+01,1.400529572492814623e-05,1.394707767731188497e+01,2.700000000000000178e+00
4.926368083710893075e-01,1.399961485921129523e+01,2.474557347043452094e+00,1.399961461410294561e+01,1.400528162776026875e-05,1.394707767737234505e+01,2.700000000000000178e+00
4.928368083710895076e-01,1.399961485926052696e+01,2.474459863412191929e+00,1.399961461415361974e+01,1.400526934958179481e-05,1.394707767743271098e+01,2.700000000000000178e+00
4.930368083710897076e-01,1.399961485930967875e+01,2.474362602263445954e+00,1.399961461420422282e+01,1.400525775352434721e-05,1.394707767749297922e+01,2.700000000000000178e+00
4.932368083710899076e-01,1.399961485935866889e+01,2.474265563088553943e+00,1.399961461425467668e+01,1.400524433847749606e-05,1.394707767755305206e+01,2.700000000000000178e+00
4.934368083710901076e-01,1.399961485940754002e+01,2.474168745381649437e+00,1.399961461430497778e+01,1.400523206029902212e-05,1.394707767761298456e+01,2.700000000000000178e+00
4.936368083710903076e-01,1.399961485945633477e+01,2.474072148636858426e+00,1.399961461435523624e+01,1.400521841787849553e-05,1.394707767767281759e+01,2.700000000000000178e+00
4.938368083710905077e-01,1.399961485950497853e+01,2.473975772350346602e+00,1.399961461440531707e+01,1.400520477545796894e-05,1.394707767773247653e+01,2.700000000000000178e+00
4.940368083710907077e-01,1.399961485955349616e+01,2.473879616018887173e+00,1.399961461445528066e+01,1.400519295202684589e-05,1.394707767779197383e+01,2.700000000000000178e+00
4.942368083710909077e-01,1.399961485960196228e+01,2.473783679140578506e+00,1.399961461450517497e+01,1.400517953697999474e-05,1.394707767785140717e+01,2.700000000000000178e+00
4.944368083710911077e-01,1.399961485965034491e+01,2.473687961214055875e+00,1.399961461455500178e+01,1.400516748617519625e-05,1.394707767791072328e+01,2.700000000000000178e+00
4.946368083710913077e-01,1.399961485969855879e+01,2.473592461740093285e+00,1.399961461460464385e+01,1.400515384375466965e-05,1.394707767796984577e+01,2.700000000000000178e+00
4.948368083710915077e-01,1.399961485974668030e+01,2.473497180220046054e+00,1.399961461465418289e+01,1.400514292981824838e-05,1.394707767802885989e+01,2.700000000000000178e+00
4.950368083710917078e-01,1.399961485979468279e+01,2.473402116155917874e+00,1.399961461470361357e+01,1.400512951477139723e-05,1.394707767808772303e+01,2.700000000000000178e+00
4.952368083710919078e-01,1.399961485984254850e+01,2.473307269052123836e+00,1.399961461475290037e+01,1.400511632709822152e-05,1.394707767814642807e+01,2.700000000000000178e+00
4.954368083710921078e-01,1.399961485989039289e+01,2.473212638413806452e+00,1.399961461480214631e+01,1.400510473104077391e-05,1.394707767820507804e+01,2.700000000000000178e+00
4.956368083710923078e-01,1.399961485993793353e+01,2.473118223745243149e+00,1.399961461485110803e+01,1.400509131599392276e-05,1.394707767826340650e+01,2.700000000000000178e+00
4.958368083710925078e-01,1.399961485998552213e+01,2.473024024555823708e+00,1.399961461490011949e+01,1.400507858306809794e-05,1.394707767832176692e+01,2.700000000000000178e+00
4.960368083710927078e-01,1.399961486003295619e+01,2.472930040352082415e+00,1.399961461494895687e+01,1.400506630488962401e-05,1.394707767837993728e+01,2.700000000000000178e+00
4.962368083710929079e-01,1.399961486008030320e+01,2.472836270644435785e+00,1.399961461499769655e+01,1.400505357196379919e-05,1.394707767843799573e+01,2.700000000000000178e+00
4.964368083710931079e-01,1.399961486012758982e+01,2.472742714941460029e+00,1.399961461504638649e+01,1.400504152115900069e-05,1.394707767849597069e+01,2.700000000000000178e+00
4.966368083710933079e-01,1.399961486017469348e+01,2.472649372758032538e+00,1.399961461509489702e+01,1.400502787873847410e-05,1.394707767855374314e+01,2.700000000000000178e+00
4.968368083710935079e-01,1.399961486022178647e+01,2.472556243603940995e+00,1.399961461514335603e+01,1.400501810167043004e-05,1.394707767861147651e+01,2.700000000000000178e+00
4.970368083710937079e-01,1.399961486026865920e+01,2.472463326992929922e+00,1.399961461519164452e+01,1.400500400450255256e-05,1.394707767866896475e+01,2.700000000000000178e+00
4.972368083710939080e-01,1.399961486031545732e+01,2.472370622442833010e+00,1.399961461523981399e+01,1.400499218107142951e-05,1.394707767872635351e+01,2.700000000000000178e+00
4.974368083710941080e-01,1.399961486036215419e+01,2.472278129467838870e+00,1.399961461528789997e+01,1.400497944814560469e-05,1.394707767878362148e+01,2.700000000000000178e+00
4.976368083710943080e-01,1.399961486040879066e+01,2.472185847584627005e+00,1.399961461533591134e+01,1.400496785208815709e-05,1.394707767884080063e+01,2.700000000000000178e+00
4.978368083710945080e-01,1.399961486045530457e+01,2.472093776311478752e+00,1.399961461538380192e+01,1.400495580128335860e-05,1.394707767889783412e+01,2.700000000000000178e+00
4.980368083710947080e-01,1.399961486050167991e+01,2.472001915167906461e+00,1.399961461543154506e+01,1.400494443259958643e-05,1.394707767895470241e+01,2.700000000000000178e+00
4.982368083710949080e-01,1.399961486054793625e+01,2.471910263674466535e+00,1.399961461547919050e+01,1.400493056280538440e-05,1.394707767901143214e+01,2.700000000000000178e+00
4.984368083710951081e-01,1.399961486059411264e+01,2.471818821352913087e+00,1.399961461552673647e+01,1.400491851200058591e-05,1.394707767906805884e+01,2.700000000000000178e+00
4.986368083710953081e-01,1.399961486064019667e+01,2.471727587726041175e+00,1.399961461557415987e+01,1.400490828018519096e-05,1.394707767912456831e+01,2.700000000000000178e+00
4.988368083710955081e-01,1.399961486068608352e+01,2.471636562317546915e+00,1.399961461562140208e+01,1.400489554725936614e-05,1.394707767918085217e+01,2.700000000000000178e+00
4.990368083710957081e-01,1.399961486073193484e+01,2.471545744652536847e+00,1.399961461566862475e+01,1.400488326908089221e-05,1.394707767923707742e+01,2.700000000000000178e+00
4.992368083710959081e-01,1.399961486077771511e+01,2.471455134255718278e+00,1.399961461571576571e+01,1.400487144564976916e-05,1.394707767929321740e+01,2.700000000000000178e+00
4.994368083710961082e-01,1.399961486082333550e+01,2.471364730653415887e+00,1.399961461576275035e+01,1.400485803060291801e-05,1.394707767934916198e+01,2.700000000000000178e+00
4.996368083710963082e-01,1.399961486086897722e+01,2.471274533375962257e+00,1.399961461580971367e+01,1.400484802616119850e-05,1.394707767940511012e+01,2.700000000000000178e+00
4.998368083710965082e-01,1.399961486091436491e+01,2.471184541951733316e+00,1.399961461585645672e+01,1.400483506586169824e-05,1.394707767946078114e+01,2.700000000000000178e+00
5.000000000000000000e-01,1.399961486095144636e+01,2.471111264899610749e+00,1.399961461589463063e+01,1.400482688040938228e-05,1.394707767950623456e+01,2.700000000000000178e+00
