t_s,VS_V,GATE_V,VPROT_V,Q1_channel_A,Q2_gate_V,ENABLE_V
0.000000000000000000e+00,1.699995310282249861e+01,1.699995306878455636e+01,2.341629176511716466e-09,1.486222587140050020e-08,2.063418477312595201e+00,0.000000000000000000e+00
1.664000000000000873e-04,1.699995309336910410e+01,1.699995300819595201e+01,2.341618618001057748e-09,1.486223932466046712e-08,2.063713821890665656e+00,0.000000000000000000e+00
3.664000000000006119e-04,1.699995309336910410e+01,1.699995300819595201e+01,2.341630959474385083e-09,1.486223932466031657e-08,2.063713821890665656e+00,0.000000000000000000e+00
5.664000000000010823e-04,1.699995309336910410e+01,1.699995300819595201e+01,2.341630971834289849e-09,1.486223932466031161e-08,2.063713821890665656e+00,0.000000000000000000e+00
7.664000000000016069e-04,1.699995309336910410e+01,1.699995300819595201e+01,2.341630971834289849e-09,1.486223932466031161e-08,2.063713821890665656e+00,0.000000000000000000e+00
9.664000000000021314e-04,1.699995309336910410e+01,1.699995300819595201e+01,2.341630971834289849e-09,1.486223932466031161e-08,2.063713821890665656e+00,0.000000000000000000e+00
1.001336905167381176e-03,1.699971568493913665e+01,1.699957751092719249e+01,-1.434989032702686181e-08,1.455143814864950418e-08,1.416270883271229408e+01,2.899999999710000331e+00
1.017344559509025586e-03,1.699952513160080869e+01,1.699868931935958116e+01,-5.368358428390877381e-08,1.490633715350043186e-08,1.694855218170507527e+01,2.899999999710000331e+00
1.217344559509026111e-03,1.699952514239071277e+01,1.696320737221952157e+01,-2.228581910094700674e-07,2.872773323614897254e-08,1.694855867824403717e+01,2.899999999710000331e+00
1.417344559509026635e-03,1.699952515864925573e+01,1.692781525933374454e+01,-2.190745638918049095e-07,5.672734053688463866e-08,1.694855869792051095e+01,2.899999999710000331e+00
1.617344559509027160e-03,1.699952517343528413e+01,1.689251261131303394e+01,-2.116609250559898021e-07,1.133336368583601773e-07,1.694855871611357401e+01,2.899999999710000331e+00
1.817344559509027685e-03,1.699952518530164980e+01,1.685729916249745131e+01,-1.972817137899488001e-07,2.275519628594576165e-07,1.694855873137733226e+01,2.899999999710000331e+00
2.017344559509025390e-03,1.699952519134446760e+01,1.682217466877342815e+01,-1.688979876518556853e-07,4.575572339299954276e-07,1.694855874080830915e+01,2.899999999710000331e+00
2.217344559509017241e-03,1.699952518575377169e+01,1.678713889424149741e+01,-1.124199023005231061e-07,9.197597832327933262e-07,1.694855873859649975e+01,2.899999999710000331e+00
2.417344559509009092e-03,1.699952515693203381e+01,1.675219160169447719e+01,2.856320532136523150e-10,1.846515085839562122e-06,1.694855871314384288e+01,2.899999999710000331e+00
2.617344559509000943e-03,1.699952508179632460e+01,1.671733254452020390e+01,2.252362074465564340e-07,3.700299143217697555e-06,1.694855864136627943e+01,2.899999999710000331e+00
2.817344559508992794e-03,1.699952491455023917e+01,1.668256145525906931e+01,6.736178292126775643e-07,7.398633479573730764e-06,1.694855847746501709e+01,2.899999999710000331e+00
3.017344559508984645e-03,1.699952456468423279e+01,1.664787802413449569e+01,1.565290942265800459e-06,1.475484310225206814e-05,1.694855813092580377e+01,2.899999999710000331e+00
3.217344559508976496e-03,1.699952385415356559e+01,1.661328185772887522e+01,3.333037855800135162e-06,2.933595246399969882e-05,1.694855742369464124e+01,2.899999999710000331e+00
3.417344559508968347e-03,1.699952243475211233e+01,1.657877239937790037e+01,6.823960771231264888e-06,5.811793544618357377e-05,1.694855600754714331e+01,2.899999999710000331e+00
3.617344559508960198e-03,1.699951963052659565e+01,1.654434877747087285e+01,1.368424743251425774e-05,1.146425907308354413e-04,1.694855320649464758e+01,2.899999999710000331e+00
3.817344559508952049e-03,1.699951414185342458e+01,1.651000952054204163e+01,2.708334569507856549e-05,2.249453733055339140e-04,1.694854772084525862e+01,2.899999999710000331e+00
4.017344559508944334e-03,1.699950350133301669e+01,1.647575203363144070e+01,5.304962787564623686e-05,4.384540922243459582e-04,1.694853708306951390e+01,2.899999999710000331e+00
4.217344559508936185e-03,1.699948310176223742e+01,1.644157166295029882e+01,1.028667254297814450e-04,8.474574527724393607e-04,1.694851668572101033e+01,2.899999999710000331e+00
4.417344559508928035e-03,1.699944452713171827e+01,1.640746009041962594e+01,1.972125555363628919e-04,1.620529272075267807e-03,1.694847811234421542e+01,2.899999999710000331e+00
4.617344559508919886e-03,1.699937284022854911e+01,1.637340272589392498e+01,3.729420395232250465e-04,3.056839386588521175e-03,1.694840642493046090e+01,2.899999999710000331e+00
4.817344559508911737e-03,1.699924250237645040e+01,1.633937478699597534e+01,6.934126151343632813e-04,5.667834822397117486e-03,1.694827608343398850e+01,2.899999999710000331e+00
5.017344559508903588e-03,1.699901188385495487e+01,1.630533603118887953e+01,1.262626844244864321e-03,1.028709630090446359e-02,1.694804545588388933e+01,2.899999999710000331e+00
5.217344559508895439e-03,1.699861704727616640e+01,1.627122480348675637e+01,2.241736249448871530e-03,1.819467543627437123e-02,1.694765060140122515e+01,2.899999999710000331e+00
5.417344559508887290e-03,1.699796662932309488e+01,1.623695316354498175e+01,3.863584038762677298e-03,3.121934202833779107e-02,1.694700015162086970e+01,2.899999999710000331e+00
5.617344559508879141e-03,1.699694065752690264e+01,1.620240582637367055e+01,6.438294245080130457e-03,5.176197612809346066e-02,1.694597412735420860e+01,2.899999999710000331e+00
5.817344559508870992e-03,1.699539592707578706e+01,1.616744544013910811e+01,1.034343077308876035e-02,8.268766273282597556e-02,1.694442931564600840e+01,2.899999999710000331e+00
6.017344559508862843e-03,1.699317835941231891e+01,1.613192460356100710e+01,1.599862559842553031e-02,1.270782088079208949e-01,1.694221162903322764e+01,2.899999999710000331e+00
6.217344559508854694e-03,1.699013940857145499e+01,1.609570181368460950e+01,2.383542691429682905e-02,1.879039254099203748e-01,1.693917251281585479e+01,2.899999999710000331e+00
6.417344559508846545e-03,1.698615142363774311e+01,1.605865649648626459e+01,3.428220405412469446e-02,2.677165507968679581e-01,1.693518430843328204e+01,2.899999999710000331e+00
6.617344559508838396e-03,1.698111762222837839e+01,1.602069904303836623e+01,4.778598434368153125e-02,3.684501107690797972e-01,1.693015022758646992e+01,2.899999999710000331e+00
6.817344559508830247e-03,1.697497526538580104e+01,1.598177466851388040e+01,6.489143658847915108e-02,4.913577440771911276e-01,1.692400752738513248e+01,2.899999999710000331e+00
7.017344559508822098e-03,1.696769355983177618e+01,1.594186290485568058e+01,8.640605836189427236e-02,6.370538578476063751e-01,1.691672541255165996e+01,2.899999999710000331e+00
7.217344559508813949e-03,1.695926936190301859e+01,1.590097652977955534e+01,1.137273226818651256e-01,8.056000862173028354e-01,1.690830073920381338e+01,2.899999999710000331e+00
7.417344559508805800e-03,1.694972436047522280e+01,1.585916586443669907e+01,1.495627922518405484e-01,9.965614817669178338e-01,1.689875519783183577e+01,2.899999999710000331e+00
7.617344559508797651e-03,1.693910938896302198e+01,1.581654148385031888e+01,1.997946993834505136e-01,1.208919772157578842e+00,1.688813962620424647e+01,2.899999999710000331e+00
7.817344559508790369e-03,1.692753132746360833e+01,1.577335635845434503e+01,2.790820620842680011e-01,1.440533701501077291e+00,1.687656091524710433e+01,2.899999999710000331e+00
8.017344559508782220e-03,1.691524670581154055e+01,1.573025902237953488e+01,4.270548060589922645e-01,1.686262889749049032e+00,1.686427562217115295e+01,2.899999999710000331e+00
8.217344559508774071e-03,1.690279103500913394e+01,1.568857383223980406e+01,7.237516105977409575e-01,1.935385809821187575e+00,1.685181929755158592e+01,2.899999999710000331e+00
8.417344559508765922e-03,1.689071543134404152e+01,1.564945213248905453e+01,1.230584221175745174e+00,2.176888322481314475e+00,1.683974306838760526e+01,2.899999999710000331e+00
8.617344559508757773e-03,1.687929383982574549e+01,1.561319116190346890e+01,1.950846569460255919e+00,2.405300310058729352e+00,1.682832088342954435e+01,2.899999999710000331e+00
8.817344559508749624e-03,1.686867556234260945e+01,1.557980323756135377e+01,2.871615707924433991e+00,2.617638915373251329e+00,1.681770205223247672e+01,2.899999999710000331e+00
9.017344559508741475e-03,1.685895144099478671e+01,1.554921716686467725e+01,3.977378360440731786e+00,2.812089774341194115e+00,1.680797742216031665e+01,2.899999999710000331e+00
9.217344559508733326e-03,1.685016476513134620e+01,1.552130297863196517e+01,5.251416258044286245e+00,2.987789181006674344e+00,1.679919028530400382e+01,2.899999999710000331e+00
9.417344559508725177e-03,1.684232081476997323e+01,1.549588923488298597e+01,6.676585844231795797e+00,3.144633192325027249e+00,1.679134592237258872e+01,2.899999999710000331e+00
9.617344559508717028e-03,1.683539620571603379e+01,1.547277836927946737e+01,8.235923054083315265e+00,3.283090742547868146e+00,1.678442094829095410e+01,2.899999999710000331e+00
9.817344559508708879e-03,1.682934732453520255e+01,1.545175947728253973e+01,9.913085686517430162e+00,3.404034988710554988e+00,1.677837174761336669e+01,2.899999999710000331e+00
1.001734455950870073e-02,1.682411748027661602e+01,1.543261839799838064e+01,1.169265379060180798e+01,3.508600334383568775e+00,1.677314162662657182e+01,2.899999999710000331e+00
1.021734455950869258e-02,1.681964265828636940e+01,1.541514522565503853e+01,1.356031276782213979e+01,3.598067414496696870e+00,1.676866656747353801e+01,2.899999999710000331e+00
1.041734455950868443e-02,1.681585593242214216e+01,1.539913956254830119e+01,1.550294428902476618e+01,3.673774908399324968e+00,1.676487964060918756e+01,2.899999999710000331e+00
1.048734455950868158e-02,1.681468075408486129e+01,1.539384914554177008e+01,1.619833900703540763e+01,3.697269576020118187e+00,1.676370439982955318e+01,2.899999999710000331e+00
1.061734455950867628e-02,1.691731031930351747e+01,1.548043473663269864e+01,1.675691821910911017e+01,1.642491388015546061e+00,1.686633897692574990e+01,2.899999999710000331e+00
1.081734455950866813e-02,1.692409193962962632e+01,1.545574754527090278e+01,1.678637435347163631e+01,1.508712513235493047e+00,1.687312123115764351e+01,2.899999999710000331e+00
1.101734455950865998e-02,1.692416312341475404e+01,1.542427171577228329e+01,1.679349645414603387e+01,1.507295567061562203e+00,1.687319242264776165e+01,2.899999999710000331e+00
1.121734455950865184e-02,1.692420466796679790e+01,1.539283722018354972e+01,1.679972181333804926e+01,1.506465353991580658e+00,1.687323397244976064e+01,2.899999999710000331e+00
1.141734455950864369e-02,1.692423898425364115e+01,1.536146818694461125e+01,1.680526135690702105e+01,1.505779604130198956e+00,1.687326829359099278e+01,2.899999999710000331e+00
1.161734455950863554e-02,1.692426777089058731e+01,1.533016726743647951e+01,1.681022984766724804e+01,1.505204385294695912e+00,1.687329708478043244e+01,2.899999999710000331e+00
1.181734455950862739e-02,1.692429221302027997e+01,1.529893634482658094e+01,1.681471642860449478e+01,1.504716011827173849e+00,1.687332153122441269e+01,2.899999999710000331e+00
1.201734455950861924e-02,1.692431318256048911e+01,1.526777680440283014e+01,1.681879173849514331e+01,1.504297056954215117e+00,1.687334250488745369e+01,2.899999999710000331e+00
1.221734455950861109e-02,1.692433133545905477e+01,1.523668967805055274e+01,1.682251265197421830e+01,1.503934409761960245e+00,1.687336066175240745e+01,2.899999999710000331e+00
1.241734455950860294e-02,1.692434717462520410e+01,1.520567574013672640e+01,1.682592559185009407e+01,1.503618017784159600e+00,1.687337650475531703e+01,2.899999999710000331e+00
1.261734455950859479e-02,1.692436109199418581e+01,1.517473557332284528e+01,1.682906890276283107e+01,1.503340046487595894e+00,1.687339042585228910e+01,2.899999999710000331e+00
1.281734455950858664e-02,1.692437339740875046e+01,1.514386961478965787e+01,1.683197458926257184e+01,1.503094302086724232e+00,1.687340273490251974e+01,2.899999999710000331e+00
1.301734455950857849e-02,1.692438433891956606e+01,1.511307818959972060e+01,1.683466961250555727e+01,1.502875825897473261e+00,1.687341367996983266e+01,2.899999999710000331e+00
1.321734455950857035e-02,1.692439411734435240e+01,1.508236153494339682e+01,1.683717687367894911e+01,1.502680603336293164e+00,1.687342346188257736e+01,2.899999999710000331e+00
1.341734455950856220e-02,1.692440289690513566e+01,1.505171981850822327e+01,1.683951597071223460e+01,1.502505351335399197e+00,1.687343224487148063e+01,2.899999999710000331e+00
1.361734455950855405e-02,1.692441081311672946e+01,1.502115315231919368e+01,1.684170378813944779e+01,1.502347360669936904e+00,1.687344016445850059e+01,2.899999999710000331e+00
1.381734455950854590e-02,1.692441797872861287e+01,1.499066160333615905e+01,1.684375496229217006e+01,1.502204377200216934e+00,1.687344733339907421e+01,2.899999999710000331e+00
1.401734455950853775e-02,1.692442448825399737e+01,1.496024520169156347e+01,1.684568225203796032e+01,1.502074511337613050e+00,1.687345384621141164e+01,2.899999999710000331e+00
1.421734455950852960e-02,1.692443042146568999e+01,1.492990394722611747e+01,1.684749683708063372e+01,1.501956168179569673e+00,1.687345978267252278e+01,2.899999999710000331e+00
1.441734455950852145e-02,1.692443584612043139e+01,1.489963781465353776e+01,1.684920856008202961e+01,1.501847993028581740e+00,1.687346521054273296e+01,2.899999999710000331e+00
1.461734455950851330e-02,1.692444082010617024e+01,1.486944675769972335e+01,1.685082612476763586e+01,1.501748828493170373e+00,1.687347018771304619e+01,2.899999999710000331e+00
1.481734455950850515e-02,1.692444539314634611e+01,1.483933071247147417e+01,1.685235725921172545e+01,1.501657680405769080e+00,1.687347476390951684e+01,2.899999999710000331e+00
1.501734455950849700e-02,1.692444960816662913e+01,1.480928960019232221e+01,1.685380885135073115e+01,1.501573690495926927e+00,1.687347898206007812e+01,2.899999999710000331e+00
1.521734455950848885e-02,1.692445350239783508e+01,1.477932332942762983e+01,1.685518706215702878e+01,1.501496114355305611e+00,1.687348287939753533e+01,2.899999999710000331e+00
1.541734455950848071e-02,1.692445710827300331e+01,1.474943179800533066e+01,1.685649742071284152e+01,1.501424303500005220e+00,1.687348648835660825e+01,2.899999999710000331e+00
1.561734455950847256e-02,1.692446045416102152e+01,1.471961489449335936e+01,1.685774490452498142e+01,1.501357690691896618e+00,1.687348983730772289e+01,2.899999999710000331e+00
1.581734455950853033e-02,1.692446356497232074e+01,1.468987249954545504e+01,1.685893400771330874e+01,1.501295777856912705e+00,1.687349295116259285e+01,2.899999999710000331e+00
1.601734455950859157e-02,1.692446646265866761e+01,1.466020448696898271e+01,1.686006879918792123e+01,1.501238126059224909e+00,1.687349585187417489e+01,2.899999999710000331e+00
1.621734455950865281e-02,1.692446916663125478e+01,1.463061072467611723e+01,1.686115297250746536e+01,1.501184347166720778e+00,1.687349855885466354e+01,2.899999999710000331e+00
1.641734455950871405e-02,1.692447169411003927e+01,1.460109107542149864e+01,1.686218988879414127e+01,1.501134096857713374e+00,1.687350108932498216e+01,2.899999999710000331e+00
1.661734455950877529e-02,1.692447406041742397e+01,1.457164539754402277e+01,1.686318261381337535e+01,1.501087068755864617e+00,1.687350345860829748e+01,2.899999999710000331e+00
1.681734455950883653e-02,1.692447627922680198e+01,1.454227354546458528e+01,1.686413395014451666e+01,1.501042989445609432e+00,1.687350568037876641e+01,2.899999999710000331e+00
1.701734455950889777e-02,1.692447836277367657e+01,1.451297537024050932e+01,1.686504646518148576e+01,1.501001614268920648e+00,1.687350776687252818e+01,2.899999999710000331e+00
1.721734455950895901e-02,1.692448032203524377e+01,1.448375071996041719e+01,1.686592251559573796e+01,1.500962723726822601e+00,1.687350972906737567e+01,2.899999999710000331e+00
1.741734455950902025e-02,1.692448216688436702e+01,1.445459944013526155e+01,1.686676426877246016e+01,1.500926120403004438e+00,1.687351157683672653e+01,2.899999999710000331e+00
1.761734455950908149e-02,1.692448390622143961e+01,1.442552137402869405e+01,1.686757372165458335e+01,1.500891626322803374e+00,1.687351331908141105e+01,2.899999999710000331e+00
1.781734455950914273e-02,1.692448554808838423e+01,1.439651636289403669e+01,1.686835271735814246e+01,1.500859080673131229e+00,1.687351496384381022e+01,2.899999999710000331e+00
1.801734455950920397e-02,1.692448709976731536e+01,1.436758424627740460e+01,1.686910295985849473e+01,1.500828337844997584e+00,1.687351651840643285e+01,2.899999999710000331e+00
1.821734455950926521e-02,1.692448856786556277e+01,1.433872486220446341e+01,1.686982602701156608e+01,1.500799265713015584e+00,1.687351798937696401e+01,2.899999999710000331e+00
1.841734455950932645e-02,1.692448995839014714e+01,1.430993804740632491e+01,1.687052338212441072e+01,1.500771744156121912e+00,1.687351938276277963e+01,2.899999999710000331e+00
1.861734455950938769e-02,1.692449127681289767e+01,1.428122363743070977e+01,1.687119638426545620e+01,1.500745663756850812e+00,1.687352070403597892e+01,2.899999999710000331e+00
1.881734455950944893e-02,1.692449252812689764e+01,1.425258146683947125e+01,1.687184629746827014e+01,1.500720924676000489e+00,1.687352195818993650e+01,2.899999999710000331e+00
1.901734455950951017e-02,1.692449371689617266e+01,1.422401136933574506e+01,1.687247429897017525e+01,1.500697435639778865e+00,1.687352314978894086e+01,2.899999999710000331e+00
1.921734455950957141e-02,1.692449484729998233e+01,1.419551317785994016e+01,1.687308148660153861e+01,1.500675113082075240e+00,1.687352428301246121e+01,2.899999999710000331e+00
1.941734455950963265e-02,1.692449592317114337e+01,1.416708672471834340e+01,1.687366888542588583e+01,1.500653880358588932e+00,1.687352536169355233e+01,2.899999999710000331e+00
1.961734455950969389e-02,1.692449694803021742e+01,1.413873184167118424e+01,1.687423745371966177e+01,1.500633667069954713e+00,1.687352638935295346e+01,2.899999999710000331e+00
1.981734455950975513e-02,1.692449792511567352e+01,1.411044836001522640e+01,1.687478808836755917e+01,1.500614408454130411e+00,1.687352736922934326e+01,2.899999999710000331e+00
2.001734455950981637e-02,1.692449885741105930e+01,1.408223611066600789e+01,1.687532162973895211e+01,1.500596044853006239e+00,1.687352830430643280e+01,2.899999999710000331e+00
2.021734455950987761e-02,1.692449974766871534e+01,1.405409492421100026e+01,1.687583886610402928e+01,1.500578521225343964e+00,1.687352919733672962e+01,2.899999999710000331e+00
2.041734455950993884e-02,1.692450059843103816e+01,1.402602463098678065e+01,1.687634053763836661e+01,1.500561786733497494e+00,1.687353005086275459e+01,2.899999999710000331e+00
2.061734455951000008e-02,1.692450141204963998e+01,1.399802506113778833e+01,1.687682734006163088e+01,1.500545794352546203e+00,1.687353086723629403e+01,2.899999999710000331e+00
2.081734455951006132e-02,1.692450219070232365e+01,1.397009604464219201e+01,1.687729992794913869e+01,1.500530500532142097e+00,1.687353164863525379e+01,2.899999999710000331e+00
2.101734455951012256e-02,1.692450293640842673e+01,1.394223741137875550e+01,1.687775891774926507e+01,1.500515864889933715e+00,1.687353239707910291e+01,2.899999999710000331e+00
2.121734455951018380e-02,1.692450365104254928e+01,1.391444899116283374e+01,1.687820489053730100e+01,1.500501849944098298e+00,1.687353311444253734e+01,2.899999999710000331e+00
2.141734455951024504e-02,1.692450433634689944e+01,1.388673061378789875e+01,1.687863839453295256e+01,1.500488420854364735e+00,1.687353380246791446e+01,2.899999999710000331e+00
2.161734455951030628e-02,1.692450499394224295e+01,1.385908210905460081e+01,1.687905994740455640e+01,1.500475545208898476e+00,1.687353446277606039e+01,2.899999999710000331e+00
2.181734455951036752e-02,1.692450562533834457e+01,1.383150330680102158e+01,1.687947003838076299e+01,1.500463192818298763e+00,1.687353509687686426e+01,2.899999999710000331e+00
2.201734455951042876e-02,1.692450623194267223e+01,1.380399403692007176e+01,1.687986913018854551e+01,1.500451335540097686e+00,1.687353570617785081e+01,2.899999999710000331e+00
2.221734455951049000e-02,1.692450681506884536e+01,1.377655412940674751e+01,1.688025766083400470e+01,1.500439947099974303e+00,1.687353629199274607e+01,2.899999999710000331e+00
2.241734455951055124e-02,1.692450737594399612e+01,1.374918341437183322e+01,1.688063604524029060e+01,1.500429002965754322e+00,1.687353685554876748e+01,2.899999999710000331e+00
2.261734455951061248e-02,1.692450791571572211e+01,1.372188172206062262e+01,1.688100467675725724e+01,1.500418480187281522e+00,1.687353739799358365e+01,2.899999999710000331e+00
2.281734455951067372e-02,1.692450843545778483e+01,1.369464888287251014e+01,1.688136392855226475e+01,1.500408357291503902e+00,1.687353792040102363e+01,2.899999999710000331e+00
2.301734455951073496e-02,1.692450893617634833e+01,1.366748472738722064e+01,1.688171415489557958e+01,1.500398614157196775e+00,1.687353842377731183e+01,2.899999999710000331e+00
2.321734455951079620e-02,1.692450941881469006e+01,1.364038908636490355e+01,1.688205569234726156e+01,1.500389231925392419e+00,1.687353890906581810e+01,2.899999999710000331e+00
2.341734455951085744e-02,1.692450988425800418e+01,1.361336179078084996e+01,1.688238886085564872e+01,1.500380192897897258e+00,1.687353937715177921e+01,2.899999999710000331e+00
2.361734455951091868e-02,1.692451033333749066e+01,1.358640267182437888e+01,1.688271396477467690e+01,1.500371480447991512e+00,1.687353982886644843e+01,2.899999999710000331e+00
2.381734455951097992e-02,1.692451076683448363e+01,1.355951156091851573e+01,1.688303129380707901e+01,1.500363078954371598e+00,1.687354026499122739e+01,2.899999999710000331e+00
2.401734455951104116e-02,1.692451118548394362e+01,1.353268828972800542e+01,1.688334112387950370e+01,1.500354973722896945e+00,1.687354068626113701e+01,2.899999999710000331e+00
2.421734455951110240e-02,1.692451158997771543e+01,1.350593269016351172e+01,1.688364371795562491e+01,1.500347150915894323e+00,1.687354109336806118e+01,2.899999999710000331e+00
2.441734455951116364e-02,1.692451198096757281e+01,1.347924459442008072e+01,1.688393932679138487e+01,1.500339597503186129e+00,1.687354148696383405e+01,2.899999999710000331e+00
2.461734455951122488e-02,1.692451235906786877e+01,1.345262383495776959e+01,1.688422818963876537e+01,1.500332301195920426e+00,1.687354186766285835e+01,2.899999999710000331e+00
2.481734455951128612e-02,1.692451272485817526e+01,1.342607024450794917e+01,1.688451053490062748e+01,1.500325250404489719e+00,1.687354223604474157e+01,2.899999999710000331e+00
2.501734455951134736e-02,1.692451307888611822e+01,1.339958365609786917e+01,1.688478658074169303e+01,1.500318434190544448e+00,1.687354259265715228e+01,2.899999999710000331e+00
2.521734455951140860e-02,1.692451342166833683e+01,1.337316390304962432e+01,1.688505653565725240e+01,1.500311842213656099e+00,1.687354293801679361e+01,2.899999999710000331e+00
2.541734455951146984e-02,1.692451375369352107e+01,1.334681081898883193e+01,1.688532059900590099e+01,1.500305464703976188e+00,1.687354327261237685e+01,2.899999999710000331e+00
2.561734455951153108e-02,1.692451407542391806e+01,1.332052423785199302e+01,1.688557896150624060e+01,1.500299292413334262e+00,1.687354359690618821e+01,2.899999999710000331e+00
2.581734455951159232e-02,1.692451438729722213e+01,1.329430399388539463e+01,1.688583180570180531e+01,1.500293316600859850e+00,1.687354391133598241e+01,2.899999999710000331e+00
2.601734455951165356e-02,1.692451468972772233e+01,1.326814992165880547e+01,1.688607930639581056e+01,1.500287528979228124e+00,1.687354421631606982e+01,2.899999999710000331e+00
2.621734455951171480e-02,1.692451498310808589e+01,1.324206185605985198e+01,1.688632163105893369e+01,1.500281921693263243e+00,1.687354451223914609e+01,2.899999999710000331e+00
2.641734455951177604e-02,1.692451526781063720e+01,1.321603963230715983e+01,1.688655894021086468e+01,1.500276487300274297e+00,1.687354479947760311e+01,2.899999999710000331e+00
2.661734455951183728e-02,1.692451554418880377e+01,1.319008308595813084e+01,1.688679138777873945e+01,1.500271218737478929e+00,1.687354507838485418e+01,2.899999999710000331e+00
2.681734455951189852e-02,1.692451581257770954e+01,1.316419205289673044e+01,1.688701912143295658e+01,1.500266109298687756e+00,1.687354534929608718e+01,2.899999999710000331e+00
2.701734455951195976e-02,1.692451607329609686e+01,1.313836636934582280e+01,1.688724228290355711e+01,1.500261152617139659e+00,1.687354561253008356e+01,2.899999999710000331e+00
2.721734455951202100e-02,1.692451632664653971e+01,1.311260587187803495e+01,1.688746100827615493e+01,1.500256342640064133e+00,1.687354586838944215e+01,2.899999999710000331e+00
2.741734455951208224e-02,1.692451657291682920e+01,1.308691039740223871e+01,1.688767542827172363e+01,1.500251673611843195e+00,1.687354611716196118e+01,2.899999999710000331e+00
2.761734455951214348e-02,1.692451681238077299e+01,1.306127978318293259e+01,1.688788566850874062e+01,1.500247140058846851e+00,1.687354635912151224e+01,2.899999999710000331e+00
2.781734455951220472e-02,1.692451704529899814e+01,1.303571386682832056e+01,1.688809184975086097e+01,1.500242736774201724e+00,1.687354659452874017e+01,2.899999999710000331e+00
2.801734455951226596e-02,1.692451727191964395e+01,1.301021248630602933e+01,1.688829408813971256e+01,1.500238458791494089e+00,1.687354682363180558e+01,2.899999999710000331e+00
2.821734455951232720e-02,1.692451749247910087e+01,1.298477547992639280e+01,1.688849249541456388e+01,1.500234301390578562e+00,1.687354704666712024e+01,2.899999999710000331e+00
2.841734455951238844e-02,1.692451770720269622e+01,1.295940268635698089e+01,1.688868717911980610e+01,1.500230260060114951e+00,1.687354726386006476e+01,2.899999999710000331e+00
2.861734455951244968e-02,1.692451791630537983e+01,1.293409394463888340e+01,1.688887824280018179e+01,1.500226330508952710e+00,1.687354747542559963e+01,2.899999999710000331e+00
2.881734455951251092e-02,1.692451811999208999e+01,1.290884909415569304e+01,1.688906578618585286e+01,1.500222508636565033e+00,1.687354768156868445e+01,2.899999999710000331e+00
2.901734455951257216e-02,1.692451831845860255e+01,1.288366797466127522e+01,1.688924990536685300e+01,1.500218790529614488e+00,1.687354788248512705e+01,2.899999999710000331e+00
2.921734455951263340e-02,1.692451851189169787e+01,1.285855042626522682e+01,1.688943069295789812e+01,1.500215172459648194e+00,1.687354807836173975e+01,2.899999999710000331e+00
2.941734455951269464e-02,1.692451870046992823e+01,1.283349628944296406e+01,1.688960823825505031e+01,1.500211650849797351e+00,1.687354826937708197e+01,2.899999999710000331e+00
2.961734455951275588e-02,1.692451888436379548e+01,1.280850540503325519e+01,1.688978262738271141e+01,1.500208222293313076e+00,1.687354845570169104e+01,2.899999999710000331e+00
2.981734455951281712e-02,1.692451906373638337e+01,1.278357761423568562e+01,1.688995394343417544e+01,1.500204883528823085e+00,1.687354863749868983e+01,2.899999999710000331e+00
3.001734455951287836e-02,1.692451923874390829e+01,1.275871275861767806e+01,1.689012226660402760e+01,1.500201631443609518e+00,1.687354881492429115e+01,2.899999999710000331e+00
3.021734455951293960e-02,1.692451940953548828e+01,1.273391068011273219e+01,1.689028767431343780e+01,1.500198463047078157e+00,1.687354898812763437e+01,2.899999999710000331e+00
3.041734455951300084e-02,1.692451957625395309e+01,1.270917122101256247e+01,1.689045024132969530e+01,1.500195375483956539e+00,1.687354915725160609e+01,2.899999999710000331e+00
3.061734455951306208e-02,1.692451973903633800e+01,1.268449422400061977e+01,1.689061003987906417e+01,1.500192366020952628e+00,1.687354932243322736e+01,2.899999999710000331e+00
3.081734455951312332e-02,1.692451989801347523e+01,1.265987953211250172e+01,1.689076713975387989e+01,1.500189432038596893e+00,1.687354948380337305e+01,2.899999999710000331e+00
3.101734455951318456e-02,1.692452005331128362e+01,1.263532698874337967e+01,1.689092160841527956e+01,1.500186571021568049e+00,1.687354964148797620e+01,2.899999999710000331e+00
3.121734455951324580e-02,1.692452020504998700e+01,1.261083643767407558e+01,1.689107351108864563e+01,1.500183780568012715e+00,1.687354979560729618e+01,2.899999999710000331e+00
3.141734455951319255e-02,1.692452035334518712e+01,1.258640772303923505e+01,1.689122291085689653e+01,1.500181058367779929e+00,1.687354994627693827e+01,2.899999999710000331e+00
3.161734455951311501e-02,1.692452049830771799e+01,1.256204068934080276e+01,1.689136986874733637e+01,1.500178402206747252e+00,1.687355009360775071e+01,2.899999999710000331e+00
3.181734455951303747e-02,1.692452064004377021e+01,1.253773518146975618e+01,1.689151444381471023e+01,1.500175809956247885e+00,1.687355023770596318e+01,2.899999999710000331e+00
3.201734455951295993e-02,1.692452077865559090e+01,1.251349104466468098e+01,1.689165669322111185e+01,1.500173279579404051e+00,1.687355037867382990e+01,2.899999999710000331e+00
3.221734455951288240e-02,1.692452091424125271e+01,1.248930812455161110e+01,1.689179667231065807e+01,1.500170809118803517e+00,1.687355051660946259e+01,2.899999999710000331e+00
3.241734455951280486e-02,1.692452104689473558e+01,1.246518626711022826e+01,1.689193443468172973e+01,1.500168396685335859e+00,1.687355065160683765e+01,2.899999999710000331e+00
3.261734455951272732e-02,1.692452117670683975e+01,1.244112531868905691e+01,1.689207003225552128e+01,1.500166040477720397e+00,1.687355078375678730e+01,2.899999999710000331e+00
3.281734455951264978e-02,1.692452130376431896e+01,1.241712512600304841e+01,1.689220351534083520e+01,1.500163738752324116e+00,1.687355091314610789e+01,2.899999999710000331e+00
3.301734455951257224e-02,1.692452142815095684e+01,1.239318553615508556e+01,1.689233493269663455e+01,1.500161489838204298e+00,1.687355103985854399e+01,2.899999999710000331e+00
3.321734455951249471e-02,1.692452154994729696e+01,1.236930639660117137e+01,1.689246433159135208e+01,1.500159292131961530e+00,1.687355116397471733e+01,2.899999999710000331e+00
3.341734455951241717e-02,1.692452166923062151e+01,1.234548755517424468e+01,1.689259175785938538e+01,1.500157144077558291e+00,1.687355128557187811e+01,2.899999999710000331e+00
3.361734455951233963e-02,1.692452178607556235e+01,1.232172886006232382e+01,1.689271725595538243e+01,1.500155044194311449e+00,1.687355140472471859e+01,2.899999999710000331e+00
3.381734455951226209e-02,1.692452190055386652e+01,1.229803015982680670e+01,1.689284086900576298e+01,1.500152991042868367e+00,1.687355152150498228e+01,2.899999999710000331e+00
3.401734455951218455e-02,1.692452201273457746e+01,1.227439130340349038e+01,1.689296263885785621e+01,1.500150983248466963e+00,1.687355163598173746e+01,2.899999999710000331e+00
3.421734455951210702e-02,1.692452212268436540e+01,1.225081214008279851e+01,1.689308260612759582e+01,1.500149019475905954e+00,1.687355174822166859e+01,2.899999999710000331e+00
3.441734455951202948e-02,1.692452223046731774e+01,1.222729251953466800e+01,1.689320081024386866e+01,1.500147098447290661e+00,1.687355185828888082e+01,2.899999999710000331e+00
3.461734455951195194e-02,1.692452233614520551e+01,1.220383229178861306e+01,1.689331728949215616e+01,1.500145218924774149e+00,1.687355196624516651e+01,2.899999999710000331e+00
3.481734455951187440e-02,1.692452243977765747e+01,1.218043130723195588e+01,1.689343208105566774e+01,1.500143379718703374e+00,1.687355207215016861e+01,2.899999999710000331e+00
3.501734455951179686e-02,1.692452254142224533e+01,1.215708941662532716e+01,1.689354522105467993e+01,1.500141579682019000e+00,1.687355217606149083e+01,2.899999999710000331e+00
3.521734455951171933e-02,1.692452264113437366e+01,1.213380647110417776e+01,1.689365674458420941e+01,1.500139817710655521e+00,1.687355227803453062e+01,2.899999999710000331e+00
3.541734455951164179e-02,1.692452273896752502e+01,1.211058232215140862e+01,1.689376668575059526e+01,1.500138092728151573e+00,1.687355237812281672e+01,2.899999999710000331e+00
3.561734455951156425e-02,1.692452283497328125e+01,1.208741682161838504e+01,1.689387507770559793e+01,1.500136403708038912e+00,1.687355247637791322e+01,2.899999999710000331e+00
3.581734455951148671e-02,1.692452292920161128e+01,1.206430982172492072e+01,1.689398195268017489e+01,1.500134749656875321e+00,1.687355257284982457e+01,2.899999999710000331e+00
3.601734455951140917e-02,1.692452302170051937e+01,1.204126117505058424e+01,1.689408734201581197e+01,1.500133129607711391e+00,1.687355266758658701e+01,2.899999999710000331e+00
3.621734455951133164e-02,1.692452311251654606e+01,1.201827073453317851e+01,1.689419127619531835e+01,1.500131542636525150e+00,1.687355276063472331e+01,2.899999999710000331e+00
3.641734455951125410e-02,1.692452320169466162e+01,1.199533835348131205e+01,1.689429378487206890e+01,1.500129987844577517e+00,1.687355285203924637e+01,2.899999999710000331e+00
3.661734455951117656e-02,1.692452328927828376e+01,1.197246388556111718e+01,1.689439489689788587e+01,1.500128464368252201e+00,1.687355294184359167e+01,2.899999999710000331e+00
3.681734455951109902e-02,1.692452337530919237e+01,1.194964718479559629e+01,1.689449464035006798e+01,1.500126971364117656e+00,1.687355303008953200e+01,2.899999999710000331e+00
3.701734455951102148e-02,1.692452345982813000e+01,1.192688810557084089e+01,1.689459304255746730e+01,1.500125508027881693e+00,1.687355311681784187e+01,2.899999999710000331e+00
3.721734455951094395e-02,1.692452354287433991e+01,1.190418650263572431e+01,1.689469013012499587e+01,1.500124073577187023e+00,1.687355320206779297e+01,2.899999999710000331e+00
3.741734455951086641e-02,1.692452362448543823e+01,1.188154223108384855e+01,1.689478592895742537e+01,1.500122667246140740e+00,1.687355328587699077e+01,2.899999999710000331e+00
3.761734455951078887e-02,1.692452370469855083e+01,1.185895514639070036e+01,1.689488046428289181e+01,1.500121288313304380e+00,1.687355336828259667e+01,2.899999999710000331e+00
3.781734455951071133e-02,1.692452378354881048e+01,1.183642510435489470e+01,1.689497376067395606e+01,1.500119936063530002e+00,1.687355344931974344e+01,2.899999999710000331e+00
3.801734455951063379e-02,1.692452386107086326e+01,1.181395196116787538e+01,1.689506584206975859e+01,1.500118609810962678e+00,1.687355352902311623e+01,2.899999999710000331e+00
3.821734455951055626e-02,1.692452393729789506e+01,1.179153557335227376e+01,1.689515673179550959e+01,1.500117308896748769e+00,1.687355360742588317e+01,2.899999999710000331e+00
3.841734455951047872e-02,1.692452401226222491e+01,1.176917579780788792e+01,1.689524645258267910e+01,1.500116032671416688e+00,1.687355368456041660e+01,2.899999999710000331e+00
3.861734455951040118e-02,1.692452408599481828e+01,1.174687249176738035e+01,1.689533502658713360e+01,1.500114780516503377e+00,1.687355376045766420e+01,2.899999999710000331e+00
3.881734455951032364e-02,1.692452415852599401e+01,1.172462551282347221e+01,1.689542247540814657e+01,1.500113551823111901e+00,1.687355383514797680e+01,2.899999999710000331e+00
3.901734455951024610e-02,1.692452422988517924e+01,1.170243471893891929e+01,1.689550882010504651e+01,1.500112346016322373e+00,1.687355390866080640e+01,2.899999999710000331e+00
3.921734455951016857e-02,1.692452430010062514e+01,1.168029996840657070e+01,1.689559408121432327e+01,1.500111162521970742e+00,1.687355398102440418e+01,2.899999999710000331e+00
3.941734455951009103e-02,1.692452436919990078e+01,1.165822111988977383e+01,1.689567827876575379e+01,1.500110000796342380e+00,1.687355405226634630e+01,2.899999999710000331e+00
3.961734455951001349e-02,1.692452443720954847e+01,1.163619803239491191e+01,1.689576143229783156e+01,1.500108860302144187e+00,1.687355412241321417e+01,2.899999999710000331e+00
3.981734455950993595e-02,1.692452450415558118e+01,1.161423056526448150e+01,1.689584356087299355e+01,1.500107740529927680e+00,1.687355419149101721e+01,2.899999999710000331e+00
4.001734455950985841e-02,1.692452457006306332e+01,1.159231857821522382e+01,1.689592468309193407e+01,1.500106640974125494e+00,1.687355425952484822e+01,2.899999999710000331e+00
4.021734455950978088e-02,1.692452463495625636e+01,1.157046193129264999e+01,1.689600481710731472e+01,1.500105561151639399e+00,1.687355432653897225e+01,2.899999999710000331e+00
4.041734455950970334e-02,1.692452469885873612e+01,1.154866048491967412e+01,1.689608398063733929e+01,1.500104500592898349e+00,1.687355439255697220e+01,2.899999999710000331e+00
4.061734455950962580e-02,1.692452476179354193e+01,1.152691409983093607e+01,1.689616219097910843e+01,1.500103458839064929e+00,1.687355445760192652e+01,2.899999999710000331e+00
4.081734455950954826e-02,1.692452482378284273e+01,1.150522263714026217e+01,1.689623946502022633e+01,1.500102435448712468e+00,1.687355452169601477e+01,2.899999999710000331e+00
4.101734455950947073e-02,1.692452488484807205e+01,1.148358595828812057e+01,1.689631581925144843e+01,1.500101429989292967e+00,1.687355458486065274e+01,2.899999999710000331e+00
4.121734455950939319e-02,1.692452494501042537e+01,1.146200392506231758e+01,1.689639126977844796e+01,1.500100442043676319e+00,1.687355464711708564e+01,2.899999999710000331e+00
4.141734455950931565e-02,1.692452500429016027e+01,1.144047639960160545e+01,1.689646583233233201e+01,1.500099471210649238e+00,1.687355470848558525e+01,2.899999999710000331e+00
4.161734455950923811e-02,1.692452506270693746e+01,1.141900324437630942e+01,1.689653952228100664e+01,1.500098517090515449e+00,1.687355476898580164e+01,2.899999999710000331e+00
4.181734455950916057e-02,1.692452512028012279e+01,1.139758432222271445e+01,1.689661235463956857e+01,1.500097579303318440e+00,1.687355482863713263e+01,2.899999999710000331e+00
4.201734455950908304e-02,1.692452517702830050e+01,1.137621949630369933e+01,1.689668434408013908e+01,1.500096657476472028e+00,1.687355488745815535e+01,2.899999999710000331e+00
4.221734455950900550e-02,1.692452523296956457e+01,1.135490863012516982e+01,1.689675550494171929e+01,1.500095751252182419e+00,1.687355494546701706e+01,2.899999999710000331e+00
4.241734455950892796e-02,1.692452528812156487e+01,1.133365158753415614e+01,1.689682585123979663e+01,1.500094860276188102e+00,1.687355500268135344e+01,2.899999999710000331e+00
4.261734455950885042e-02,1.692452534250132601e+01,1.131244823272177058e+01,1.689689539667512364e+01,1.500093984202825137e+00,1.687355505911819975e+01,2.899999999710000331e+00
4.281734455950877288e-02,1.692452539612566298e+01,1.129129843021810942e+01,1.689696415464279156e+01,1.500093122708586080e+00,1.687355511479441006e+01,2.899999999710000331e+00
4.301734455950869535e-02,1.692452544901075839e+01,1.127020204488058219e+01,1.689703213824052597e+01,1.500092275470254810e+00,1.687355516972614922e+01,2.899999999710000331e+00
4.321734455950861781e-02,1.692452550117220866e+01,1.124915894192242938e+01,1.689709936027686155e+01,1.500091442167813538e+00,1.687355522392906693e+01,2.899999999710000331e+00
4.341734455950854027e-02,1.692452555262539349e+01,1.122816898689417187e+01,1.689716583327923161e+01,1.500090622499955950e+00,1.687355527741850381e+01,2.899999999710000331e+00
4.361734455950846273e-02,1.692452560338536571e+01,1.120723204567044817e+01,1.689723156950178407e+01,1.500089816173378443e+00,1.687355533020957310e+01,2.899999999710000331e+00
4.381734455950838519e-02,1.692452565346638949e+01,1.118634798446262302e+01,1.689729658093228082e+01,1.500089022893906776e+00,1.687355538231653185e+01,2.899999999710000331e+00
4.401734455950830766e-02,1.692452570288273250e+01,1.116551666981897206e+01,1.689736087929994213e+01,1.500088242383571746e+00,1.687355543375366551e+01,2.899999999710000331e+00
4.421734455950823012e-02,1.692452575164806561e+01,1.114473796863547683e+01,1.689742447608191966e+01,1.500087474367265417e+00,1.687355548453465914e+01,2.899999999710000331e+00
4.441734455950815258e-02,1.692452579977573635e+01,1.112401174812243809e+01,1.689748738251023141e+01,1.500086718578849343e+00,1.687355553467287805e+01,2.899999999710000331e+00
4.461734455950807504e-02,1.692452584727882936e+01,1.110333787583335763e+01,1.689754960957826668e+01,1.500085974763794905e+00,1.687355558418140689e+01,2.899999999710000331e+00
4.481734455950799750e-02,1.692452589417012732e+01,1.108271621964071940e+01,1.689761116804727337e+01,1.500085242663239837e+00,1.687355563307305673e+01,2.899999999710000331e+00
4.501734455950791997e-02,1.692452594046166325e+01,1.106214664776946144e+01,1.689767206845169767e+01,1.500084522037917534e+00,1.687355568135986061e+01,2.899999999710000331e+00
4.521734455950784243e-02,1.692452598616576864e+01,1.104162902876512753e+01,1.689773232110636769e+01,1.500083812646225478e+00,1.687355572905417489e+01,2.899999999710000331e+00
4.541734455950776489e-02,1.692452603129395072e+01,1.102116323149500232e+01,1.689779193611109775e+01,1.500083114252012573e+00,1.687355577616751745e+01,2.899999999710000331e+00
4.561734455950768735e-02,1.692452607585767410e+01,1.100074912516337911e+01,1.689785092335683103e+01,1.500082426632664223e+00,1.687355582271136356e+01,2.899999999710000331e+00
4.581734455950760981e-02,1.692452611986813338e+01,1.098038657930375983e+01,1.689790929253097218e+01,1.500081749566170464e+00,1.687355586869691848e+01,2.899999999710000331e+00
4.601734455950753228e-02,1.692452616333610393e+01,1.096007546377097874e+01,1.689796705312241798e+01,1.500081082831902890e+00,1.687355591413497891e+01,2.899999999710000331e+00
4.621734455950745474e-02,1.692452620627215154e+01,1.093981564875154433e+01,1.689802421442660219e+01,1.500080426229724262e+00,1.687355595903611061e+01,2.899999999710000331e+00
4.641734455950737720e-02,1.692452624868659683e+01,1.091960700475898527e+01,1.689808078555071447e+01,1.500079779547204950e+00,1.687355600341065553e+01,2.899999999710000331e+00
4.661734455950729966e-02,1.692452629058947267e+01,1.089944940262300577e+01,1.689813677541819459e+01,1.500079142586432379e+00,1.687355604726867142e+01,2.899999999710000331e+00
4.681734455950722212e-02,1.692452633199049927e+01,1.087934271350476401e+01,1.689819219277323725e+01,1.500078515155023329e+00,1.687355609061987138e+01,2.899999999710000331e+00
4.701734455950714459e-02,1.692452637289932227e+01,1.085928680888409481e+01,1.689824704618574458e+01,1.500077897060583032e+00,1.687355613347391170e+01,2.899999999710000331e+00
4.721734455950706705e-02,1.692452641332522134e+01,1.083928156057876713e+01,1.689830134405507422e+01,1.500077288119988861e+00,1.687355617584011469e+01,2.899999999710000331e+00
4.741734455950698951e-02,1.692452645327731631e+01,1.081932684071104589e+01,1.689835509461470409e+01,1.500076688152809812e+00,1.687355621772757530e+01,2.899999999710000331e+00
4.761734455950691197e-02,1.692452649276436816e+01,1.079942252172621409e+01,1.689840830593600529e+01,1.500076096980991425e+00,1.687355625914509716e+01,2.899999999710000331e+00
4.781734455950683443e-02,1.692452653179521604e+01,1.077956847639898896e+01,1.689846098593255164e+01,1.500075514437139379e+00,1.687355630010151941e+01,2.899999999710000331e+00
4.801734455950675690e-02,1.692452657037796016e+01,1.075976457781318096e+01,1.689851314236339519e+01,1.500074940348226527e+00,1.687355634060495291e+01,2.899999999710000331e+00
4.821734455950667936e-02,1.692452660852119095e+01,1.074001069937966335e+01,1.689856478283770258e+01,1.500074374554625223e+00,1.687355638066401298e+01,2.899999999710000331e+00
4.841734455950660182e-02,1.692452664623273151e+01,1.072030671483165953e+01,1.689861591481739822e+01,1.500073816895520107e+00,1.687355642028651559e+01,2.899999999710000331e+00
4.861734455950652428e-02,1.692452668352050438e+01,1.070065249821230324e+01,1.689866654562135651e+01,1.500073267216345485e+00,1.687355645948040817e+01,2.899999999710000331e+00
4.881734455950644674e-02,1.692452672039221184e+01,1.068104792387286928e+01,1.689871668242872360e+01,1.500072725364195225e+00,1.687355649825341075e+01,2.899999999710000331e+00
4.901734455950636921e-02,1.692452675685530394e+01,1.066149286649360306e+01,1.689876633228191594e+01,1.500072191193512650e+00,1.687355653661297339e+01,2.899999999710000331e+00
4.921734455950629167e-02,1.692452679291698914e+01,1.064198720106065288e+01,1.689881550209020844e+01,1.500071664552765194e+00,1.687355657456632940e+01,2.899999999710000331e+00
4.941734455950621413e-02,1.692452682858453983e+01,1.062253080289637985e+01,1.689886419863271172e+01,1.500071145306220100e+00,1.687355661212075120e+01,2.899999999710000331e+00
4.961734455950613659e-02,1.692452686386481986e+01,1.060312354760754516e+01,1.689891242856147358e+01,1.500070633311347601e+00,1.687355664928312038e+01,2.899999999710000331e+00
4.981734455950605905e-02,1.692452689876473215e+01,1.058376531112563690e+01,1.689896019840444197e+01,1.500070128437386741e+00,1.687355668606035763e+01,2.899999999710000331e+00
5.001734455950598152e-02,1.692452693329088831e+01,1.056445596969901857e+01,1.689900751456825745e+01,1.500069630553374944e+00,1.687355672245908522e+01,2.899999999710000331e+00
5.021734455950590398e-02,1.692452696744975782e+01,1.054519539987850862e+01,1.689905438334125165e+01,1.500069139525542550e+00,1.687355675848577619e+01,2.899999999710000331e+00
5.041734455950582644e-02,1.692452700124769294e+01,1.052598347852833882e+01,1.689910081089593419e+01,1.500068655231654446e+00,1.687355679414679699e+01,2.899999999710000331e+00
5.061734455950574890e-02,1.692452703469094288e+01,1.050682008283404478e+01,1.689914680329192009e+01,1.500068177545254233e+00,1.687355682944841817e+01,2.899999999710000331e+00
5.081734455950567136e-02,1.692452706778564675e+01,1.048770509027461806e+01,1.689919236647823197e+01,1.500067706352423036e+00,1.687355686439678237e+01,2.899999999710000331e+00
5.101734455950559383e-02,1.692452710053762388e+01,1.046863837864365898e+01,1.689923750629593968e+01,1.500067241529702500e+00,1.687355689899773381e+01,2.899999999710000331e+00
5.121734455950551629e-02,1.692452713295264743e+01,1.044961982604358575e+01,1.689928222848054418e+01,1.500066782965145062e+00,1.687355693325704209e+01,2.899999999710000331e+00
5.141734455950543875e-02,1.692452716503649768e+01,1.043064931088331626e+01,1.689932653866457102e+01,1.500066330548276650e+00,1.687355696718051234e+01,2.899999999710000331e+00
5.161734455950536121e-02,1.692452719679457473e+01,1.041172671186555654e+01,1.689937044237950303e+01,1.500065884165183050e+00,1.687355700077354470e+01,2.899999999710000331e+00
5.181734455950528367e-02,1.692452722823246347e+01,1.039285190802435821e+01,1.689941394505848393e+01,1.500065443707985446e+00,1.687355703404174534e+01,2.899999999710000331e+00
5.201734455950520614e-02,1.692452725935540059e+01,1.037402477867568784e+01,1.689945705203797033e+01,1.500065009079465828e+00,1.687355706699035807e+01,2.899999999710000331e+00
5.221734455950512860e-02,1.692452729016851265e+01,1.035524520343966337e+01,1.689949976856029679e+01,1.500064580170123563e+00,1.687355709962450590e+01,2.899999999710000331e+00
5.241734455950505106e-02,1.692452732067697596e+01,1.033651306225847755e+01,1.689954209977570088e+01,1.500064156878562205e+00,1.687355713194941487e+01,2.899999999710000331e+00
5.261734455950497352e-02,1.692452735088566129e+01,1.031782823536004656e+01,1.689958405074393255e+01,1.500063739114691597e+00,1.687355716396993444e+01,2.899999999710000331e+00
5.281734455950489598e-02,1.692452738079956731e+01,1.029919060327311797e+01,1.689962562643698618e+01,1.500063326773647621e+00,1.687355719569109169e+01,2.899999999710000331e+00
5.301734455950481845e-02,1.692452741042322728e+01,1.028060004683821660e+01,1.689966683174004558e+01,1.500062919766125713e+00,1.687355722711743056e+01,2.899999999710000331e+00
5.321734455950474091e-02,1.692452743976148000e+01,1.026205644719298249e+01,1.689970767145421959e+01,1.500062518003242751e+00,1.687355725825379693e+01,2.899999999710000331e+00
5.341734455950466337e-02,1.692452746881882675e+01,1.024355968576547937e+01,1.689974815029801292e+01,1.500062121387736092e+00,1.687355728910469566e+01,2.899999999710000331e+00
5.361734455950458583e-02,1.692452749759968000e+01,1.022510964429739388e+01,1.689978827290885377e+01,1.500061729833580326e+00,1.687355731967457473e+01,2.899999999710000331e+00
5.381734455950450829e-02,1.692452752610854105e+01,1.020670620481169344e+01,1.689982804384531434e+01,1.500061343260268742e+00,1.687355734996792833e+01,2.899999999710000331e+00
5.401734455950443076e-02,1.692452755434945644e+01,1.018834924963019439e+01,1.689986746758821923e+01,1.500060961576340723e+00,1.687355737998879590e+01,2.899999999710000331e+00
5.421734455950435322e-02,1.692452758232690968e+01,1.017003866139160273e+01,1.689990654854302576e+01,1.500060584704909328e+00,1.687355740974172846e+01,2.899999999710000331e+00
5.441734455950427568e-02,1.692452761004470219e+01,1.015177432300980698e+01,1.689994529104054166e+01,1.500060212560627715e+00,1.687355743923048479e+01,2.899999999710000331e+00
5.461734455950419814e-02,1.692452763750697642e+01,1.013355611770105291e+01,1.689998369933917033e+01,1.500059845070034870e+00,1.687355746845925353e+01,2.899999999710000331e+00
5.481734455950412060e-02,1.692452766471774339e+01,1.011538392897187144e+01,1.690002177762627866e+01,1.500059482151530954e+00,1.687355749743203503e+01,2.899999999710000331e+00
5.501734455950404307e-02,1.692452769168072280e+01,1.009725764063402664e+01,1.690005953001934813e+01,1.500059123728320065e+00,1.687355752615258098e+01,2.899999999710000331e+00
5.521734455950396553e-02,1.692452771839966630e+01,1.007917713677494298e+01,1.690009696056777244e+01,1.500058769729404107e+00,1.687355755462462170e+01,2.899999999710000331e+00
5.541734455950388799e-02,1.692452774487847122e+01,1.006114230178253344e+01,1.690013407325431061e+01,1.500058420081507915e+00,1.687355758285209717e+01,2.899999999710000331e+00
5.561734455950381045e-02,1.692452777112050200e+01,1.004315302033611523e+01,1.690017087199602130e+01,1.500058074708511491e+00,1.687355761083838956e+01,2.899999999710000331e+00
5.581734455950373291e-02,1.692452779712947475e+01,1.002520917740292639e+01,1.690020736064605700e+01,1.500057733547078165e+00,1.687355763858718660e+01,2.899999999710000331e+00
5.601734455950365538e-02,1.692452782290871482e+01,1.000731065823982568e+01,1.690024354299465514e+01,1.500057396525203979e+00,1.687355766610186336e+01,2.899999999710000331e+00
5.621734455950357784e-02,1.692452784846183889e+01,9.989457348408734561e+00,1.690027942277080086e+01,1.500057063578471794e+00,1.687355769338601874e+01,2.899999999710000331e+00
5.641734455950350030e-02,1.692452787379203372e+01,9.971649133736887549e+00,1.690031500364291617e+01,1.500056734640685674e+00,1.687355772044286795e+01,2.899999999710000331e+00
5.661734455950342276e-02,1.692452789890258202e+01,9.953885900350066152e+00,1.690035028922060789e+01,1.500056409642533062e+00,1.687355774727570079e+01,2.899999999710000331e+00
5.681734455950334522e-02,1.692452792379674875e+01,9.936167534661125345e+00,1.690038528305547416e+01,1.500056088529063691e+00,1.687355777388780709e+01,2.899999999710000331e+00
5.701734455950326769e-02,1.692452794847757147e+01,9.918493923371620724e+00,1.690041998864244732e+01,1.500055771233179680e+00,1.687355780028221020e+01,2.899999999710000331e+00
5.721734455950319015e-02,1.692452797294825473e+01,9.900864953458585305e+00,1.690045440942097699e+01,1.500055457695717687e+00,1.687355782646213598e+01,2.899999999710000331e+00
5.741734455950311261e-02,1.692452799721178991e+01,9.883280512192984091e+00,1.690048854877594664e+01,1.500055147857339399e+00,1.687355785243058648e+01,2.899999999710000331e+00
5.761734455950303507e-02,1.692452802127116485e+01,9.865740487132077519e+00,1.690052241003885669e+01,1.500054841660836580e+00,1.687355787819057085e+01,2.899999999710000331e+00
5.781734455950295754e-02,1.692452804512908671e+01,9.848244766106841297e+00,1.690055599648868068e+01,1.500054539046802748e+00,1.687355790374479625e+01,2.899999999710000331e+00
5.801734455950288000e-02,1.692452806878872806e+01,9.830793237229965342e+00,1.690058931135357057e+01,1.500054239960090907e+00,1.687355792909644947e+01,2.899999999710000331e+00
5.821734455950280246e-02,1.692452809225267885e+01,9.813385788918873587e+00,1.690062235781071109e+01,1.500053944350446811e+00,1.687355795424813820e+01,2.899999999710000331e+00
5.841734455950272492e-02,1.692452811552367820e+01,9.796022309849611531e+00,1.690065513898835192e+01,1.500053652155110884e+00,1.687355797920260159e+01,2.899999999710000331e+00
5.861734455950264738e-02,1.692452813860458605e+01,9.778702688980597912e+00,1.690068765796631212e+01,1.500053363330647649e+00,1.687355800396272798e+01,2.899999999710000331e+00
5.881734455950256985e-02,1.692452816149782180e+01,9.761426815553392089e+00,1.690071991777676175e+01,1.500053077815955760e+00,1.687355802853090481e+01,2.899999999710000331e+00
5.901734455950249231e-02,1.692452818420622762e+01,9.744194579103936604e+00,1.690075192140553639e+01,1.500052795573037168e+00,1.687355805291002753e+01,2.899999999710000331e+00
5.921734455950241477e-02,1.692452820673209146e+01,9.727005869422752582e+00,1.690078367179262742e+01,1.500052516540365533e+00,1.687355807710238409e+01,2.899999999710000331e+00
5.941734455950233723e-02,1.692452822907802812e+01,9.709860576590896741e+00,1.690081517183338278e+01,1.500052240671588155e+00,1.687355810111059640e+01,2.899999999710000331e+00
5.961734455950225969e-02,1.692452825124638949e+01,9.692758590965109278e+00,1.690084642437901863e+01,1.500051967922713558e+00,1.687355812493703056e+01,2.899999999710000331e+00
5.981734455950218216e-02,1.692452827323976550e+01,9.675699803178391178e+00,1.690087743223798711e+01,1.500051698245281839e+00,1.687355814858427649e+01,2.899999999710000331e+00
6.001734455950210462e-02,1.692452829506038370e+01,9.658684104133943293e+00,1.690090819817614687e+01,1.500051431590971429e+00,1.687355817205460085e+01,2.899999999710000331e+00
6.021734455950202708e-02,1.692452831671062086e+01,9.641711385022961878e+00,1.690093872491795324e+01,1.500051167917452632e+00,1.687355819535034840e+01,2.899999999710000331e+00
6.041734455950194954e-02,1.692452833819273295e+01,9.624781537296483336e+00,1.690096901514716876e+01,1.500050907179993231e+00,1.687355821847382487e+01,2.899999999710000331e+00
6.061734455950187200e-02,1.692452835950897239e+01,9.607894452696990939e+00,1.690099907150752401e+01,1.500050649331945651e+00,1.687355824142726846e+01,2.899999999710000331e+00
6.081734455950179447e-02,1.692452838066137488e+01,9.591050023217446707e+00,1.690102889660343877e+01,1.500050394331096992e+00,1.687355826421273974e+01,2.899999999710000331e+00
6.101734455950171693e-02,1.692452840165224970e+01,9.574248141146378899e+00,1.690105849300105945e+01,1.500050142137975051e+00,1.687355828683254444e+01,2.899999999710000331e+00
6.121734455950163939e-02,1.692452842248377465e+01,9.557488699027819834e+00,1.690108786322867118e+01,1.500049892715659139e+00,1.687355830928889233e+01,2.899999999710000331e+00
6.141734455950156185e-02,1.692452844315788241e+01,9.540771589678389120e+00,1.690111700977734799e+01,1.500049646012926674e+00,1.687355833158369833e+01,2.899999999710000331e+00
6.161734455950148431e-02,1.692452846367658026e+01,9.524096706188705852e+00,1.690114593510179475e+01,1.500049401994844933e+00,1.687355835371900525e+01,2.899999999710000331e+00
6.181734455950140678e-02,1.692452848404212773e+01,9.507463941923781192e+00,1.690117464162110750e+01,1.500049160630363199e+00,1.687355837569706196e+01,2.899999999710000331e+00
6.201734455950132924e-02,1.692452850425614841e+01,9.490873190513292812e+00,1.690120313171901145e+01,1.500048921865070994e+00,1.687355839751953113e+01,2.899999999710000331e+00
6.221734455950125170e-02,1.692452852432077037e+01,9.474324345847133344e+00,1.690123140774494104e+01,1.500048685675357873e+00,1.687355841918852661e+01,2.899999999710000331e+00
6.241734455950117416e-02,1.692452854423795117e+01,9.457817302094154499e+00,1.690125947201453727e+01,1.500048452019313583e+00,1.687355844070600952e+01,2.899999999710000331e+00
6.261734455950125622e-02,1.692452856400925398e+01,9.441351953685567011e+00,1.690128732680984669e+01,1.500048220859628190e+00,1.687355846207358567e+01,2.899999999710000331e+00
6.281734455950145624e-02,1.692452858363690282e+01,9.424928195324911329e+00,1.690131497438088815e+01,1.500047992161100963e+00,1.687355848329347197e+01,2.899999999710000331e+00
6.301734455950165625e-02,1.692452860312249641e+01,9.408545921971279924e+00,1.690134241694506301e+01,1.500047765890393903e+00,1.687355850436726712e+01,2.899999999710000331e+00
6.321734455950185627e-02,1.692452862246778267e+01,9.392205028852139037e+00,1.690136965668845548e+01,1.500047542010971569e+00,1.687355852529672973e+01,2.899999999710000331e+00
6.341734455950205629e-02,1.692452864167453441e+01,9.375905411458210992e+00,1.690139669576622339e+01,1.500047320493766101e+00,1.687355854608367167e+01,2.899999999710000331e+00
6.361734455950225631e-02,1.692452866074457063e+01,9.359646965554928144e+00,1.690142353630328387e+01,1.500047101300628682e+00,1.687355856672989418e+01,2.899999999710000331e+00
6.381734455950245632e-02,1.692452867967942609e+01,9.343429587155545946e+00,1.690145018039441638e+01,1.500046884398477554e+00,1.687355858723695334e+01,2.899999999710000331e+00
6.401734455950265634e-02,1.692452869848074926e+01,9.327253172551811744e+00,1.690147663010515089e+01,1.500046669758978268e+00,1.687355860760649051e+01,2.899999999710000331e+00
6.421734455950285636e-02,1.692452871715001450e+01,9.311117618277725327e+00,1.690150288747214802e+01,1.500046457346914108e+00,1.687355862784001914e+01,2.899999999710000331e+00
6.441734455950305638e-02,1.692452873568934635e+01,9.295022821143959391e+00,1.690152895450429327e+01,1.500046247137283961e+00,1.687355864793965665e+01,2.899999999710000331e+00
6.461734455950325640e-02,1.692452875409983193e+01,9.278968678218273425e+00,1.690155483318176621e+01,1.500046039094883987e+00,1.687355866790649728e+01,2.899999999710000331e+00
6.481734455950345641e-02,1.692452877238324760e+01,9.262955086819516737e+00,1.690158052545806200e+01,1.500045833188257127e+00,1.687355868774234224e+01,2.899999999710000331e+00
6.501734455950365643e-02,1.692452879054089365e+01,9.246981944533228415e+00,1.690160603325928790e+01,1.500045629395851288e+00,1.687355870744847408e+01,2.899999999710000331e+00
6.521734455950385645e-02,1.692452880857453223e+01,9.231049149199757053e+00,1.690163135848575493e+01,1.500045427678651455e+00,1.687355872702669402e+01,2.899999999710000331e+00
6.541734455950405647e-02,1.692452882648542456e+01,9.215156598925947407e+00,1.690165650301115718e+01,1.500045228017027332e+00,1.687355874647825971e+01,2.899999999710000331e+00
6.561734455950425648e-02,1.692452884427511961e+01,9.199304192065030250e+00,1.690168146868410304e+01,1.500045030379804523e+00,1.687355876580473790e+01,2.899999999710000331e+00
6.581734455950445650e-02,1.692452886194497808e+01,9.183491827233780214e+00,1.690170625732794107e+01,1.500044834738491595e+00,1.687355878500748574e+01,2.899999999710000331e+00
6.601734455950465652e-02,1.692452887949637841e+01,9.167719403302502457e+00,1.690173087074135339e+01,1.500044641063531969e+00,1.687355880408791009e+01,2.899999999710000331e+00
6.621734455950485654e-02,1.692452889693076301e+01,9.151986819394451800e+00,1.690175531069884229e+01,1.500044449337280206e+00,1.687355882304745691e+01,2.899999999710000331e+00
6.641734455950505656e-02,1.692452891424945705e+01,9.136293974889827751e+00,1.690177957895105720e+01,1.500044259524370593e+00,1.687355884188743715e+01,2.899999999710000331e+00
6.661734455950525657e-02,1.692452893145381410e+01,9.120640769420358396e+00,1.690180367722510724e+01,1.500044071606868146e+00,1.687355886060926125e+01,2.899999999710000331e+00
6.681734455950545659e-02,1.692452894854516643e+01,9.105027102875556722e+00,1.690182760722520783e+01,1.500043885557160728e+00,1.687355887921421171e+01,2.899999999710000331e+00
6.701734455950565661e-02,1.692452896552465447e+01,9.089452875397062925e+00,1.690185137063268073e+01,1.500043701346459812e+00,1.687355889770348938e+01,2.899999999710000331e+00
6.721734455950585663e-02,1.692452898239356784e+01,9.073917987365286209e+00,1.690187496910674270e+01,1.500043518951067689e+00,1.687355891607837677e+01,2.899999999710000331e+00
6.741734455950605664e-02,1.692452899915335252e+01,9.058422339433112924e+00,1.690189840428475776e+01,1.500043338354261069e+00,1.687355893434032339e+01,2.899999999710000331e+00
6.761734455950625666e-02,1.692452901580501745e+01,9.042965832493841560e+00,1.690192167778223364e+01,1.500043159524331093e+00,1.687355895249034887e+01,2.899999999710000331e+00
6.781734455950645668e-02,1.692452903234991624e+01,9.027548367691125009e+00,1.690194479119379878e+01,1.500042982442543860e+00,1.687355897052982456e+01,2.899999999710000331e+00
6.801734455950665670e-02,1.692452904878920705e+01,9.012169846418643715e+00,1.690196774609299624e+01,1.500042807086023888e+00,1.687355898845991220e+01,2.899999999710000331e+00
6.821734455950685672e-02,1.692452906512398769e+01,8.996830170319455533e+00,1.690199054403287349e+01,1.500042633431946548e+00,1.687355900628173089e+01,2.899999999710000331e+00
6.841734455950705673e-02,1.692452908135545897e+01,8.981529241279165632e+00,1.690201318654639806e+01,1.500042461455892928e+00,1.687355902399647078e+01,2.899999999710000331e+00
6.861734455950725675e-02,1.692452909748466539e+01,8.966266961441682781e+00,1.690203567514651439e+01,1.500042291136671535e+00,1.687355904160519060e+01,2.899999999710000331e+00
6.881734455950745677e-02,1.692452911351294986e+01,8.951043233186551262e+00,1.690205801132696450e+01,1.500042122455468308e+00,1.687355905910925813e+01,2.899999999710000331e+00
6.901734455950765679e-02,1.692452912944114374e+01,8.935857959153134189e+00,1.690208019656170535e+01,1.500041955392417359e+00,1.687355907650950471e+01,2.899999999710000331e+00
6.921734455950785680e-02,1.692452914527045493e+01,8.920711042210273334e+00,1.690210223230631215e+01,1.500041789921131130e+00,1.687355909380714536e+01,2.899999999710000331e+00
6.941734455950805682e-02,1.692452916100203453e+01,8.905602385484412409e+00,1.690212411999755560e+01,1.500041626026151320e+00,1.687355911100334538e+01,2.899999999710000331e+00
6.961734455950825684e-02,1.692452917663674583e+01,8.890531892341895670e+00,1.690214586105372874e+01,1.500041463685551912e+00,1.687355912809896807e+01,2.899999999710000331e+00
6.981734455950845686e-02,1.692452919217581453e+01,8.875499466391117309e+00,1.690216745687540367e+01,1.500041302882477501e+00,1.687355914509526045e+01,2.899999999710000331e+00
7.001734455950865688e-02,1.692452920762007551e+01,8.860505011486440097e+00,1.690218890884508696e+01,1.500041143595111093e+00,1.687355916199305739e+01,2.899999999710000331e+00
7.021734455950885689e-02,1.692452922297048090e+01,8.845548431731694805e+00,1.690221021832795500e+01,1.500040985801129656e+00,1.687355917879332168e+01,2.899999999710000331e+00
7.041734455950905691e-02,1.692452923822829547e+01,8.830629631459281370e+00,1.690223138667228042e+01,1.500040829487884420e+00,1.687355919549732874e+01,2.899999999710000331e+00
7.061734455950925693e-02,1.692452925339433278e+01,8.815748515254217210e+00,1.690225241520904120e+01,1.500040674634196547e+00,1.687355921210590992e+01,2.899999999710000331e+00
7.081734455950945695e-02,1.692452926846943129e+01,8.800904987933588330e+00,1.690227330525260285e+01,1.500040521216767120e+00,1.687355922861990720e+01,2.899999999710000331e+00
7.101734455950965696e-02,1.692452928345492325e+01,8.786098954561406771e+00,1.690229405810134011e+01,1.500040369230416948e+00,1.687355924504064575e+01,2.899999999710000331e+00
7.121734455950985698e-02,1.692452929835126341e+01,8.771330320436719674e+00,1.690231467503678786e+01,1.500040218646374823e+00,1.687355926136862649e+01,2.899999999710000331e+00
7.141734455951005700e-02,1.692452931315957443e+01,8.756598991100752016e+00,1.690233515732521141e+01,1.500040069449024127e+00,1.687355927760496144e+01,2.899999999710000331e+00
7.161734455951025702e-02,1.692452932788077646e+01,8.741904872332263210e+00,1.690235550621699900e+01,1.500039921624488182e+00,1.687355929375055652e+01,2.899999999710000331e+00
7.181734455951045704e-02,1.692452934251588204e+01,8.727247870147120778e+00,1.690237572294727642e+01,1.500039775156715827e+00,1.687355930980646335e+01,2.899999999710000331e+00
7.201734455951065705e-02,1.692452935706539563e+01,8.712627890801407204e+00,1.690239580873556235e+01,1.500039630025305826e+00,1.687355932577318995e+01,2.899999999710000331e+00
7.221734455951085707e-02,1.692452937153045411e+01,8.698044840781417264e+00,1.690241576478705454e+01,1.500039486214148843e+00,1.687355934165186611e+01,2.899999999710000331e+00
7.241734455951105709e-02,1.692452938591195633e+01,8.683498626814174060e+00,1.690243559229199022e+01,1.500039343711092599e+00,1.687355935744342972e+01,2.899999999710000331e+00
7.261734455951125711e-02,1.692452940021051333e+01,8.668989155855992834e+00,1.690245529242594813e+01,1.500039202493233859e+00,1.687355937314847409e+01,2.899999999710000331e+00
7.281734455951145712e-02,1.692452941442726910e+01,8.654516335115618020e+00,1.690247486635061591e+01,1.500039062553213176e+00,1.687355938876816097e+01,2.899999999710000331e+00
7.301734455951165714e-02,1.692452942856261444e+01,8.640080072021302016e+00,1.690249431521306178e+01,1.500038923872920593e+00,1.687355940430289891e+01,2.899999999710000331e+00
7.321734455951185716e-02,1.692452944261775727e+01,8.625680274240558276e+00,1.690251364014727287e+01,1.500038786437594363e+00,1.687355941975389939e+01,2.899999999710000331e+00
7.341734455951205718e-02,1.692452945659335128e+01,8.611316849661539763e+00,1.690253284227313202e+01,1.500038650230167692e+00,1.687355943512180900e+01,2.899999999710000331e+00
7.361734455951225720e-02,1.692452947048992584e+01,8.596989706421393151e+00,1.690255192269698625e+01,1.500038515231735481e+00,1.687355945040718908e+01,2.899999999710000331e+00
7.381734455951245721e-02,1.692452948430852899e+01,8.582698752882480520e+00,1.690257088251235729e+01,1.500038381437881485e+00,1.687355946561109477e+01,2.899999999710000331e+00
7.401734455951265723e-02,1.692452949804995654e+01,8.568443897633457595e+00,1.690258972279963956e+01,1.500038248829381082e+00,1.687355948073430767e+01,2.899999999710000331e+00
7.421734455951285725e-02,1.692452951171473430e+01,8.554225049498903388e+00,1.690260844462613576e+01,1.500038117392251902e+00,1.687355949577739267e+01,2.899999999710000331e+00
7.441734455951305727e-02,1.692452952530379306e+01,8.540042117542807176e+00,1.690262704904684909e+01,1.500037987113341131e+00,1.687355951074127347e+01,2.899999999710000331e+00
7.461734455951325728e-02,1.692452953881769773e+01,8.525895011039636984e+00,1.690264553710411377e+01,1.500037857975823785e+00,1.687355952562652206e+01,2.899999999710000331e+00
7.481734455951345730e-02,1.692452955225721212e+01,8.511783639505337007e+00,1.690266390982800715e+01,1.500037729971434031e+00,1.687355954043390938e+01,2.899999999710000331e+00
7.501734455951365732e-02,1.692452956562316047e+01,8.497707912685923404e+00,1.690268216823671921e+01,1.500037603084853899e+00,1.687355955516428097e+01,2.899999999710000331e+00
7.521734455951385734e-02,1.692452957891617515e+01,8.483667740540827396e+00,1.690270031333631806e+01,1.500037477304867473e+00,1.687355956981825855e+01,2.899999999710000331e+00
7.541734455951405736e-02,1.692452959213679620e+01,8.469663033280861342e+00,1.690271834612112301e+01,1.500037352611296670e+00,1.687355958439641412e+01,2.899999999710000331e+00
7.561734455951425737e-02,1.692452960528591532e+01,8.455693701322825717e+00,1.690273626757410597e+01,1.500037228999886674e+00,1.687355959889963586e+01,2.899999999710000331e+00
7.581734455951445739e-02,1.692452961836402636e+01,8.441759655316248612e+00,1.690275407866655755e+01,1.500037106452927427e+00,1.687355961332842469e+01,2.899999999710000331e+00
7.601734455951465741e-02,1.692452963137194288e+01,8.427860806138758321e+00,1.690277178035876204e+01,1.500036984961162556e+00,1.687355962768360129e+01,2.899999999710000331e+00
7.621734455951485743e-02,1.692452964431027596e+01,8.413997064887237087e+00,1.690278937359987310e+01,1.500036864513598633e+00,1.687355964196579095e+01,2.899999999710000331e+00
7.641734455951505744e-02,1.692452965717948743e+01,8.400168342885164563e+00,1.690280685932792792e+01,1.500036745095731483e+00,1.687355965617546971e+01,2.899999999710000331e+00
7.661734455951525746e-02,1.692452966998040864e+01,8.386374551682855838e+00,1.690282423847055782e+01,1.500036626694575492e+00,1.687355967031346182e+01,2.899999999710000331e+00
7.681734455951545748e-02,1.692452968271369684e+01,8.372615603055018951e+00,1.690284151194466133e+01,1.500036509302499210e+00,1.687355968438044229e+01,2.899999999710000331e+00
7.701734455951565750e-02,1.692452969537972152e+01,8.358891408995368977e+00,1.690285868065640784e+01,1.500036392902070359e+00,1.687355969837679126e+01,2.899999999710000331e+00
7.721734455951585752e-02,1.692452970797927492e+01,8.345201881722266180e+00,1.690287574550203331e+01,1.500036277488948411e+00,1.687355971230331875e+01,2.899999999710000331e+00
7.741734455951605753e-02,1.692452972051300719e+01,8.331546933675316069e+00,1.690289270736755967e+01,1.500036163049702997e+00,1.687355972616065358e+01,2.899999999710000331e+00
7.761734455951625755e-02,1.692452973298139085e+01,8.317926477508589045e+00,1.690290956712880543e+01,1.500036049572111896e+00,1.687355973994930380e+01,2.899999999710000331e+00
7.781734455951645757e-02,1.692452974538497301e+01,8.304340426103467010e+00,1.690292632565181208e+01,1.500035937044246870e+00,1.687355975366980587e+01,2.899999999710000331e+00
7.801734455951665759e-02,1.692452975772448553e+01,8.290788692566248841e+00,1.690294298379304294e+01,1.500035825458197136e+00,1.687355976732292362e+01,2.899999999710000331e+00
7.821734455951685760e-02,1.692452977000032988e+01,8.277271190209280149e+00,1.690295954239904574e+01,1.500035714802802067e+00,1.687355978090904784e+01,2.899999999710000331e+00
7.841734455951705762e-02,1.692452978221318816e+01,8.263787832576245052e+00,1.690297600230722708e+01,1.500035605066398769e+00,1.687355979442887133e+01,2.899999999710000331e+00
7.861734455951725764e-02,1.692452979436354354e+01,8.250338533419393272e+00,1.690299236434546515e+01,1.500035496238953270e+00,1.687355980788289145e+01,2.899999999710000331e+00
7.881734455951745766e-02,1.692452980645209593e+01,8.236923206716737056e+00,1.690300862933261783e+01,1.500035388315063223e+00,1.687355982127181520e+01,2.899999999710000331e+00
7.901734455951765768e-02,1.692452981847918636e+01,8.223541766663984731e+00,1.690302479807813896e+01,1.500035281281560051e+00,1.687355983459599074e+01,2.899999999710000331e+00
7.921734455951785769e-02,1.692452983044535131e+01,8.210194127660587426e+00,1.690304087138288125e+01,1.500035175121418929e+00,1.687355984785597229e+01,2.899999999710000331e+00
7.941734455951805771e-02,1.692452984235118407e+01,8.196880204334824782e+00,1.690305685003864156e+01,1.500035069834965373e+00,1.687355986105232830e+01,2.899999999710000331e+00
7.961734455951825773e-02,1.692452985419727440e+01,8.183599911528609994e+00,1.690307273482875416e+01,1.500034965409937637e+00,1.687355987418570180e+01,2.899999999710000331e+00
7.981734455951845775e-02,1.692452986598406284e+01,8.170353164294496651e+00,1.690308852652778882e+01,1.500034861833970723e+00,1.687355988725650491e+01,2.899999999710000331e+00
8.001734455951865777e-02,1.692452987771205741e+01,8.157139877905656533e+00,1.690310422590177097e+01,1.500034759104492688e+00,1.687355990026528474e+01,2.899999999710000331e+00
8.021734455951885778e-02,1.692452988938170932e+01,8.143959967841452041e+00,1.690311983370856552e+01,1.500034657205327582e+00,1.687355991321247117e+01,2.899999999710000331e+00
8.041734455951905780e-02,1.692452990099353372e+01,8.130813349803483803e+00,1.690313535069770268e+01,1.500034556129030028e+00,1.687355992609861133e+01,2.899999999710000331e+00
8.061734455951925782e-02,1.692452991254807770e+01,8.117699939701035206e+00,1.690315077761062668e+01,1.500034455870577155e+00,1.687355993892424522e+01,2.899999999710000331e+00
8.081734455951945784e-02,1.692452992404578538e+01,8.104619653655060318e+00,1.690316611518077750e+01,1.500034356417083714e+00,1.687355995168983469e+01,2.899999999710000331e+00
8.101734455951965785e-02,1.692452993548709728e+01,8.091572407998070204e+00,1.690318136413360506e+01,1.500034257760513245e+00,1.687355996439582384e+01,2.899999999710000331e+00
8.121734455951985787e-02,1.692452994687256052e+01,8.078558119280369709e+00,1.690319652518688898e+01,1.500034159892347230e+00,1.687355997704276689e+01,2.899999999710000331e+00
8.141734455952005789e-02,1.692452995820253392e+01,8.065576704250581486e+00,1.690321159905048987e+01,1.500034062807256596e+00,1.687355998963103332e+01,2.899999999710000331e+00
8.161734455952025791e-02,1.692452996947758237e+01,8.052628079882254042e+00,1.690322658642698883e+01,1.500033966494190629e+00,1.687356000216119511e+01,2.899999999710000331e+00
8.181734455952045793e-02,1.692452998069795456e+01,8.039712163347740415e+00,1.690324148801110127e+01,1.500033870944522896e+00,1.687356001463350808e+01,2.899999999710000331e+00
8.201734455952065794e-02,1.692452999186447471e+01,8.026828872033364703e+00,1.690325630449067873e+01,1.500033776153490317e+00,1.687356002704881064e+01,2.899999999710000331e+00
8.221734455952085796e-02,1.692453000297723520e+01,8.013978123531927622e+00,1.690327103654564667e+01,1.500033682109490618e+00,1.687356003940718807e+01,2.899999999710000331e+00
8.241734455952105798e-02,1.692453001403671919e+01,8.001159835647314367e+00,1.690328568484911997e+01,1.500033588803172613e+00,1.687356005170914486e+01,2.899999999710000331e+00
8.261734455952125800e-02,1.692453002504355197e+01,7.988373926382724477e+00,1.690330025006718273e+01,1.500033496230588792e+00,1.687356006395530628e+01,2.899999999710000331e+00
8.281734455952145801e-02,1.692453003599797867e+01,7.975620313960647856e+00,1.690331473285862529e+01,1.500033404383189994e+00,1.687356007614593167e+01,2.899999999710000331e+00
8.301734455952165803e-02,1.692453004690051444e+01,7.962898916801615101e+00,1.690332913387545233e+01,1.500033313256420087e+00,1.687356008828155751e+01,2.899999999710000331e+00
8.321734455952185805e-02,1.692453005775142927e+01,7.950209653535836196e+00,1.690334345376285086e+01,1.500033222834063595e+00,1.687356010036242893e+01,2.899999999710000331e+00
8.341734455952205807e-02,1.692453006855124897e+01,7.937552442996876678e+00,1.690335769315929326e+01,1.500033133114855088e+00,1.687356011238910725e+01,2.899999999710000331e+00
8.361734455952225809e-02,1.692453007930047093e+01,7.924927204225417299e+00,1.690337185269666520e+01,1.500033044092347279e+00,1.687356012436207564e+01,2.899999999710000331e+00
8.381734455952245810e-02,1.692453008999926212e+01,7.912333856463410697e+00,1.690338593299997427e+01,1.500032955758255460e+00,1.687356013628153306e+01,2.899999999710000331e+00
8.401734455952265812e-02,1.692453010064824426e+01,7.899772319159485079e+00,1.690339993468821689e+01,1.500032868105935391e+00,1.687356014814809413e+01,2.899999999710000331e+00
8.421734455952285814e-02,1.692453011124764828e+01,7.887242511964188907e+00,1.690341385837357890e+01,1.500032781126038994e+00,1.687356015996200398e+01,2.899999999710000331e+00
8.441734455952305816e-02,1.692453012179787208e+01,7.874744354731972429e+00,1.690342770466214617e+01,1.500032694812902800e+00,1.687356017172365341e+01,2.899999999710000331e+00
8.461734455952325817e-02,1.692453013229938819e+01,7.862277767517489302e+00,1.690344147415382992e+01,1.500032609160229180e+00,1.687356018343354336e+01,2.899999999710000331e+00
8.481734455952345819e-02,1.692453014275256606e+01,7.849842670583321969e+00,1.690345516744224952e+01,1.500032524162002057e+00,1.687356019509203620e+01,2.899999999710000331e+00
8.501734455952365821e-02,1.692453015315761178e+01,7.837438984386880136e+00,1.690346878511487461e+01,1.500032439810372376e+00,1.687356020669934864e+01,2.899999999710000331e+00
8.521734455952385823e-02,1.692453016351509021e+01,7.825066629591884038e+00,1.690348232775347626e+01,1.500032356098213837e+00,1.687356021825606689e+01,2.899999999710000331e+00
8.541734455952405825e-02,1.692453017382534242e+01,7.812725527051409991e+00,1.690349579593376816e+01,1.500032273020073692e+00,1.687356022976252135e+01,2.899999999710000331e+00
8.561734455952425826e-02,1.692453018408863485e+01,7.800415597830934189e+00,1.690350919022543863e+01,1.500032190570723012e+00,1.687356024121898912e+01,2.899999999710000331e+00
8.581734455952445828e-02,1.692453019430546135e+01,7.788136763191115364e+00,1.690352251119271543e+01,1.500032108742036296e+00,1.687356025262598891e+01,2.899999999710000331e+00
8.601734455952465830e-02,1.692453020447591427e+01,7.775888944592150409e+00,1.690353575939377251e+01,1.500032027524524469e+00,1.687356026398359177e+01,2.899999999710000331e+00
8.621734455952485832e-02,1.692453021460057982e+01,7.763672063691203995e+00,1.690354893538151870e+01,1.500031946919819559e+00,1.687356027529241587e+01,2.899999999710000331e+00
8.641734455952505833e-02,1.692453022467960722e+01,7.751486042340832050e+00,1.690356203970301152e+01,1.500031866913717815e+00,1.687356028655261753e+01,2.899999999710000331e+00
8.661734455952525835e-02,1.692453023471352580e+01,7.739330802593092251e+00,1.690357507290009664e+01,1.500031787508617098e+00,1.687356029776471189e+01,2.899999999710000331e+00
8.681734455952545837e-02,1.692453024470273348e+01,7.727206266699843340e+00,1.690358803550925515e+01,1.500031708691569987e+00,1.687356030892912173e+01,2.899999999710000331e+00
8.701734455952565839e-02,1.692453025464727645e+01,7.715112357107482666e+00,1.690360092806102443e+01,1.500031630460676002e+00,1.687356032004590389e+01,2.899999999710000331e+00
8.721734455952585841e-02,1.692453026454765919e+01,7.703048996455396313e+00,1.690361375108134823e+01,1.500031552806276203e+00,1.687356033111556286e+01,2.899999999710000331e+00
8.741734455952605842e-02,1.692453027440414104e+01,7.691016107578747096e+00,1.690362650509054987e+01,1.500031475727909847e+00,1.687356034213836509e+01,2.899999999710000331e+00
8.761734455952625844e-02,1.692453028421710570e+01,7.679013613512692515e+00,1.690363919060402509e+01,1.500031399216286809e+00,1.687356035311469071e+01,2.899999999710000331e+00
8.781734455952645846e-02,1.692453029398684805e+01,7.667041437484085620e+00,1.690365180813198620e+01,1.500031323266263206e+00,1.687356036404486304e+01,2.899999999710000331e+00
8.801734455952665848e-02,1.692453030371360612e+01,7.655099502910129416e+00,1.690366435817952251e+01,1.500031247874503704e+00,1.687356037492912364e+01,2.899999999710000331e+00
8.821734455952685849e-02,1.692453031339787017e+01,7.643187733406120010e+00,1.690367684124706926e+01,1.500031173033350651e+00,1.687356038576796990e+01,2.899999999710000331e+00
8.841734455952705851e-02,1.692453032303980720e+01,7.631306052777330429e+00,1.690368925782980369e+01,1.500031098736912760e+00,1.687356039656156170e+01,2.899999999710000331e+00
8.861734455952725853e-02,1.692453033263970852e+01,7.619454385020602238e+00,1.690370160841819214e+01,1.500031024983575101e+00,1.687356040731020457e+01,2.899999999710000331e+00
8.881734455952745855e-02,1.692453034219796137e+01,7.607632654329955280e+00,1.690371389349802911e+01,1.500030951765082943e+00,1.687356041801430706e+01,2.899999999710000331e+00
8.901734455952765857e-02,1.692453035171473275e+01,7.595840785087807134e+00,1.690372611355025967e+01,1.500030879070582968e+00,1.687356042867402905e+01,2.899999999710000331e+00
8.921734455952785858e-02,1.692453036119050225e+01,7.584078701860947014e+00,1.690373826905120325e+01,1.500030806907734160e+00,1.687356043928985372e+01,2.899999999710000331e+00
8.941734455952805860e-02,1.692453037062546883e+01,7.572346329423475630e+00,1.690375036047258206e+01,1.500030735263289783e+00,1.687356044986201198e+01,2.899999999710000331e+00
8.961734455952825862e-02,1.692453038001982435e+01,7.560643592721913109e+00,1.690376238828142519e+01,1.500030664133515712e+00,1.687356046039067081e+01,2.899999999710000331e+00
8.981734455952845864e-02,1.692453038937391341e+01,7.548970416904279723e+00,1.690377435294045938e+01,1.500030593512747368e+00,1.687356047087620325e+01,2.899999999710000331e+00
9.001734455952865865e-02,1.692453039868810905e+01,7.537326727298325757e+00,1.690378625490795272e+01,1.500030523397481774e+00,1.687356048131897879e+01,2.899999999710000331e+00
9.021734455952885867e-02,1.692453040796257824e+01,7.525712449426192663e+00,1.690379809463759031e+01,1.500030453782677631e+00,1.687356049171917860e+01,2.899999999710000331e+00
9.041734455952905869e-02,1.692453041719761586e+01,7.514127508989780324e+00,1.690380987257889700e+01,1.500030384663173288e+00,1.687356050207710467e+01,2.899999999710000331e+00
9.061734455952925871e-02,1.692453042639355942e+01,7.502571831901098776e+00,1.690382158917708466e+01,1.500030316033879263e+00,1.687356051239310162e+01,2.899999999710000331e+00
9.081734455952945873e-02,1.692453043555062209e+01,7.491045344232523107e+00,1.690383324487305572e+01,1.500030247892057300e+00,1.687356052266737549e+01,2.899999999710000331e+00
9.101734455952965874e-02,1.692453044466903123e+01,7.479547972257725164e+00,1.690384484010348487e+01,1.500030180234033450e+00,1.687356053290018565e+01,2.899999999710000331e+00
9.121734455952985876e-02,1.692453045374913501e+01,7.468079642435054843e+00,1.690385637530114238e+01,1.500030113050204283e+00,1.687356054309186959e+01,2.899999999710000331e+00
9.141734455953005878e-02,1.692453046279111817e+01,7.456640281407381110e+00,1.690386785089447486e+01,1.500030046335989686e+00,1.687356055324263338e+01,2.899999999710000331e+00
9.161734455953025880e-02,1.692453047179536796e+01,7.445229815995290323e+00,1.690387926730803514e+01,1.500029980095642257e+00,1.687356056335284293e+01,2.899999999710000331e+00
9.181734455953045881e-02,1.692453048076192701e+01,7.433848173217205257e+00,1.690389062496215189e+01,1.500029914316074908e+00,1.687356057342258353e+01,2.899999999710000331e+00
9.201734455953065883e-02,1.692453048969130336e+01,7.422495280266750761e+00,1.690390192427363658e+01,1.500029848999148374e+00,1.687356058345235610e+01,2.899999999710000331e+00
9.221734455953085885e-02,1.692453049858345082e+01,7.411171064526438812e+00,1.690391316565483493e+01,1.500029784134538247e+00,1.687356059344210735e+01,2.899999999710000331e+00
9.241734455953105887e-02,1.692453050743898046e+01,7.399875453557617888e+00,1.690392434951489520e+01,1.500029719722331345e+00,1.687356060339247321e+01,2.899999999710000331e+00
9.261734455953125889e-02,1.692453051625776084e+01,7.388608375110925053e+00,1.690393547625847503e+01,1.500029655754810953e+00,1.687356061330332579e+01,2.899999999710000331e+00
9.281734455953145890e-02,1.692453052504034261e+01,7.377369757113657833e+00,1.690394654628705240e+01,1.500029592232432707e+00,1.687356062317521221e+01,2.899999999710000331e+00
9.301734455953165892e-02,1.692453053378677552e+01,7.366159527677308638e+00,1.690395755999797345e+01,1.500029529147121510e+00,1.687356063300820352e+01,2.899999999710000331e+00
9.321734455953185894e-02,1.692453054249735800e+01,7.354977615091705445e+00,1.690396851778512044e+01,1.500029466496620500e+00,1.687356064280259815e+01,2.899999999710000331e+00
9.341734455953205896e-02,1.692453055117233873e+01,7.343823947837702981e+00,1.690397942003868081e+01,1.500029404278517164e+00,1.687356065255865545e+01,2.899999999710000331e+00
9.361734455953225897e-02,1.692453055981181365e+01,7.332698454564825497e+00,1.690399026714512942e+01,1.500029342484782147e+00,1.687356066227647133e+01,2.899999999710000331e+00
9.381734455953245899e-02,1.692453056841623038e+01,7.321601064112761570e+00,1.690400105948771525e+01,1.500029281115849322e+00,1.687356067195650766e+01,2.899999999710000331e+00
9.401734455953265901e-02,1.692453057698570618e+01,7.310531705490309839e+00,1.690401179744591076e+01,1.500029220164776023e+00,1.687356068159888878e+01,2.899999999710000331e+00
9.421734455953285903e-02,1.692453058552049683e+01,7.299490307891483454e+00,1.690402248139574937e+01,1.500029159628777364e+00,1.687356069120387048e+01,2.899999999710000331e+00
9.441734455953305905e-02,1.692453059402079063e+01,7.288476800693013402e+00,1.690403311170985035e+01,1.500029099503090935e+00,1.687356070077164105e+01,2.899999999710000331e+00
9.461734455953325906e-02,1.692453060248683272e+01,7.277491113443606885e+00,1.690404368875747210e+01,1.500029039786619833e+00,1.687356071030247406e+01,2.899999999710000331e+00
9.481734455953345908e-02,1.692453061091876521e+01,7.266533175872587513e+00,1.690405421290443400e+01,1.500028980472406070e+00,1.687356071979650451e+01,2.899999999710000331e+00
9.501734455953365910e-02,1.692453061931692559e+01,7.255602917888989367e+00,1.690406468451340771e+01,1.500028921560431661e+00,1.687356072925408412e+01,2.899999999710000331e+00
9.521734455953385912e-02,1.692453062768154837e+01,7.244700269575494289e+00,1.690407510394368273e+01,1.500028863045840044e+00,1.687356073867544382e+01,2.899999999710000331e+00
9.541734455953405913e-02,1.692453063601272589e+01,7.233825161188706332e+00,1.690408547155127295e+01,1.500028804922868497e+00,1.687356074806069017e+01,2.899999999710000331e+00
9.561734455953425915e-02,1.692453064431063936e+01,7.222977523165304170e+00,1.690409578768892374e+01,1.500028747188641987e+00,1.687356075741000438e+01,2.899999999710000331e+00
9.581734455953445917e-02,1.692453065257558364e+01,7.212157286118885402e+00,1.690410605270640687e+01,1.500028689841077290e+00,1.687356076672369909e+01,2.899999999710000331e+00
9.601734455953465919e-02,1.692453066080786428e+01,7.201364380838358947e+00,1.690411626695036773e+01,1.500028632878187995e+00,1.687356077600207982e+01,2.899999999710000331e+00
9.621734455953485921e-02,1.692453066900748482e+01,7.190598738282445446e+00,1.690412643076403398e+01,1.500028576294005545e+00,1.687356078524515368e+01,2.899999999710000331e+00
9.641734455953505922e-02,1.692453067717480053e+01,7.179860289581543320e+00,1.690413654448798297e+01,1.500028520086048589e+00,1.687356079445329371e+01,2.899999999710000331e+00
9.661734455953525924e-02,1.692453068530990379e+01,7.169148966062247830e+00,1.690414660845940276e+01,1.500028464251018434e+00,1.687356080362658872e+01,2.899999999710000331e+00
9.681734455953545926e-02,1.692453069341313210e+01,7.158464699199798886e+00,1.690415662301285948e+01,1.500028408783303346e+00,1.687356081276537978e+01,2.899999999710000331e+00
9.701734455953565928e-02,1.692453070148440730e+01,7.147807420650419630e+00,1.690416658847941633e+01,1.500028353682390403e+00,1.687356082186960649e+01,2.899999999710000331e+00
9.721734455953585929e-02,1.692453070952424454e+01,7.137177062247015868e+00,1.690417650518785919e+01,1.500028298945534910e+00,1.687356083093978043e+01,2.899999999710000331e+00
9.741734455953605931e-02,1.692453071753272553e+01,7.126573555986618125e+00,1.690418637346365571e+01,1.500028244568548441e+00,1.687356083997600109e+01,2.899999999710000331e+00
9.761734455953625933e-02,1.692453072550981119e+01,7.115996834043415653e+00,1.690419619362931059e+01,1.500028190546887297e+00,1.687356084897822939e+01,2.899999999710000331e+00
9.781734455953645935e-02,1.692453073345611259e+01,7.105446828762125300e+00,1.690420596600504055e+01,1.500028136878875262e+00,1.687356085794708704e+01,2.899999999710000331e+00
9.801734455953665937e-02,1.692453074137149471e+01,7.094923472659762531e+00,1.690421569090765530e+01,1.500028083561002035e+00,1.687356086688243195e+01,2.899999999710000331e+00
9.821734455953685938e-02,1.692453074925631995e+01,7.084426698420700497e+00,1.690422536865156289e+01,1.500028030593831163e+00,1.687356087578464070e+01,2.899999999710000331e+00
9.841734455953705940e-02,1.692453075711061672e+01,7.073956438901870314e+00,1.690423499954819775e+01,1.500027977966929438e+00,1.687356088465377013e+01,2.899999999710000331e+00
9.861734455953725942e-02,1.692453076493468345e+01,7.063512627128837096e+00,1.690424458390650742e+01,1.500027925682262175e+00,1.687356089349007959e+01,2.899999999710000331e+00
9.881734455953745944e-02,1.692453077272863737e+01,7.053095196295337210e+00,1.690425412203257238e+01,1.500027873737265427e+00,1.687356090229373962e+01,2.899999999710000331e+00
9.901734455953765945e-02,1.692453078049273429e+01,7.042704079765930381e+00,1.690426361422999335e+01,1.500027822126992261e+00,1.687356091106498113e+01,2.899999999710000331e+00
9.921734455953785947e-02,1.692453078822715185e+01,7.032339211072241802e+00,1.690427306079960701e+01,1.500027770851556363e+00,1.687356091980400663e+01,2.899999999710000331e+00
9.941734455953805949e-02,1.692453079593186516e+01,7.022000523912386605e+00,1.690428246203957130e+01,1.500027719901267709e+00,1.687356092851078060e+01,2.899999999710000331e+00
9.961734455953825951e-02,1.692453080360734674e+01,7.011687952153646819e+00,1.690429181824580596e+01,1.500027669282039344e+00,1.687356093718580041e+01,2.899999999710000331e+00
9.981734455953845953e-02,1.692453081125345093e+01,7.001401429832247558e+00,1.690430112971119314e+01,1.500027618985366962e+00,1.687356094582890620e+01,2.899999999710000331e+00
1.000173445595386595e-01,1.692453081887076038e+01,6.991140891149382419e+00,1.690431039672680669e+01,1.500027569013063333e+00,1.687356095444070903e+01,2.899999999710000331e+00
1.002173445595388596e-01,1.692453082645907614e+01,6.980906270466070929e+00,1.690431961958047680e+01,1.500027519357816974e+00,1.687356096302099573e+01,2.899999999710000331e+00
1.004173445595390596e-01,1.692453083401863978e+01,6.970697502321785421e+00,1.690432879855795179e+01,1.500027470016622733e+00,1.687356097157003276e+01,2.899999999710000331e+00
1.006173445595392596e-01,1.692453084154976040e+01,6.960514521413210254e+00,1.690433793394268491e+01,1.500027420990948324e+00,1.687356098008812566e+01,2.899999999710000331e+00
1.008173445595394596e-01,1.692453084905238825e+01,6.950357262598298114e+00,1.690434702601530503e+01,1.500027372274048476e+00,1.687356098857522468e+01,2.899999999710000331e+00
1.010173445595396596e-01,1.692453085652702782e+01,6.940225660910111394e+00,1.690435607505463267e+01,1.500027323868585949e+00,1.687356099703185919e+01,2.899999999710000331e+00
1.012173445595398596e-01,1.692453086397338069e+01,6.930119651539016878e+00,1.690436508133637972e+01,1.500027275764889367e+00,1.687356100545771298e+01,2.899999999710000331e+00
1.014173445595400597e-01,1.692453087139200463e+01,6.920039169839427906e+00,1.690437404513468778e+01,1.500027227965937016e+00,1.687356101385337936e+01,2.899999999710000331e+00
1.016173445595402597e-01,1.692453087878292095e+01,6.909984151329587654e+00,1.690438296672094154e+01,1.500027180467234045e+00,1.687356102221886189e+01,2.899999999710000331e+00
1.018173445595404597e-01,1.692453088614618295e+01,6.899954531692602977e+00,1.690439184636421643e+01,1.500027133270273927e+00,1.687356103055422452e+01,2.899999999710000331e+00
1.020173445595406597e-01,1.692453089348207129e+01,6.889950246769924291e+00,1.690440068433163745e+01,1.500027086363349804e+00,1.687356103885975855e+01,2.899999999710000331e+00
1.022173445595408597e-01,1.692453090079071742e+01,6.879971232572387407e+00,1.690440948088784623e+01,1.500027039749419089e+00,1.687356104713560256e+01,2.899999999710000331e+00
1.024173445595410598e-01,1.692453090807221017e+01,6.870017425261156774e+00,1.690441823629529949e+01,1.500026993429049105e+00,1.687356105538184536e+01,2.899999999710000331e+00
1.026173445595412598e-01,1.692453091532677689e+01,6.860088761167411953e+00,1.690442695081437208e+01,1.500026947394814902e+00,1.687356106359873209e+01,2.899999999710000331e+00
1.028173445595414598e-01,1.692453092255460234e+01,6.850185176781510954e+00,1.690443562470323258e+01,1.500026901647982802e+00,1.687356107178645459e+01,2.899999999710000331e+00
1.030173445595416598e-01,1.692453092975566520e+01,6.840306608751340889e+00,1.690444425821772612e+01,1.500026856183501289e+00,1.687356107994497023e+01,2.899999999710000331e+00
1.032173445595418598e-01,1.692453093693027810e+01,6.830452993890895996e+00,1.690445285161190725e+01,1.500026811000719773e+00,1.687356108807462363e+01,2.899999999710000331e+00
1.034173445595420598e-01,1.692453094407854053e+01,6.820624269167280929e+00,1.690446140513747153e+01,1.500026766096477671e+00,1.687356109617551070e+01,2.899999999710000331e+00
1.036173445595422599e-01,1.692453095120064788e+01,6.810820371708273591e+00,1.690446991904420315e+01,1.500026721469128521e+00,1.687356110424784461e+01,2.899999999710000331e+00
1.038173445595424599e-01,1.692453095829656462e+01,6.801041238807716383e+00,1.690447839357956283e+01,1.500026677113888818e+00,1.687356111229158273e+01,2.899999999710000331e+00
1.040173445595426599e-01,1.692453096536670287e+01,6.791286807902442213e+00,1.690448682898942323e+01,1.500026633031667389e+00,1.687356112030714783e+01,2.899999999710000331e+00
1.042173445595428599e-01,1.692453097241092053e+01,6.781557016599788490e+00,1.690449522551707418e+01,1.500026589220803785e+00,1.687356112829439780e+01,2.899999999710000331e+00
1.044173445595430599e-01,1.692453097942961193e+01,6.771851802661158715e+00,1.690450358340439507e+01,1.500026545676561796e+00,1.687356113625374476e+01,2.899999999710000331e+00
1.046173445595432600e-01,1.692453098642273090e+01,6.762171104005720856e+00,1.690451190289081040e+01,1.500026502399387507e+00,1.687356114418514608e+01,2.899999999710000331e+00
1.048173445595434600e-01,1.692453099339054390e+01,6.752514858709361079e+00,1.690452018421414593e+01,1.500026459384337318e+00,1.687356115208886465e+01,2.899999999710000331e+00
1.050173445595436600e-01,1.692453100033305091e+01,6.742883005005817054e+00,1.690452842761001406e+01,1.500026416628834181e+00,1.687356115996491823e+01,2.899999999710000331e+00
1.052173445595438600e-01,1.692453100725046511e+01,6.733275481281381758e+00,1.690453663331225442e+01,1.500026374135790874e+00,1.687356116781352000e+01,2.899999999710000331e+00
1.054173445595440600e-01,1.692453101414302097e+01,6.723692226075261402e+00,1.690454480155298000e+01,1.500026331897640341e+00,1.687356117563490798e+01,2.899999999710000331e+00
1.056173445595442600e-01,1.692453102101071138e+01,6.714133178094964904e+00,1.690455293256205849e+01,1.500026289913764188e+00,1.687356118342908218e+01,2.899999999710000331e+00
1.058173445595444601e-01,1.692453102785370334e+01,6.704598276189517314e+00,1.690456102656773396e+01,1.500026248184868960e+00,1.687356119119622377e+01,2.899999999710000331e+00
1.060173445595446601e-01,1.692453103467212117e+01,6.695087459366598104e+00,1.690456908379637824e+01,1.500026206705348475e+00,1.687356119893645356e+01,2.899999999710000331e+00
1.062173445595448601e-01,1.692453104146602882e+01,6.685600666789819790e+00,1.690457710447245177e+01,1.500026165474855455e+00,1.687356120664984260e+01,2.899999999710000331e+00
1.064173445595450601e-01,1.692453104823576737e+01,6.676137837776905393e+00,1.690458508881892641e+01,1.500026124490067003e+00,1.687356121433673195e+01,2.899999999710000331e+00
1.066173445595452601e-01,1.692453105498125865e+01,6.666698911792371618e+00,1.690459303705653227e+01,1.500026083751160089e+00,1.687356122199707542e+01,2.899999999710000331e+00
1.068173445595454601e-01,1.692453106170282950e+01,6.657283828461284969e+00,1.690460094940467073e+01,1.500026043257992159e+00,1.687356122963117500e+01,2.899999999710000331e+00
1.070173445595456602e-01,1.692453106840030230e+01,6.647892527557071496e+00,1.690460882608050852e+01,1.500026003002773001e+00,1.687356123723887080e+01,2.899999999710000331e+00
1.072173445595458602e-01,1.692453107507409982e+01,6.638524949003116404e+00,1.690461666730008616e+01,1.500025962986909711e+00,1.687356124482058917e+01,2.899999999710000331e+00
1.074173445595460602e-01,1.692453108172424336e+01,6.629181032884038594e+00,1.690462447327724860e+01,1.500025923209847623e+00,1.687356125237637272e+01,2.899999999710000331e+00
1.076173445595462602e-01,1.692453108835080400e+01,6.619860719425415319e+00,1.690463224422425625e+01,1.500025883668643756e+00,1.687356125990627831e+01,2.899999999710000331e+00
1.078173445595464602e-01,1.692453109495383856e+01,6.610563949008442464e+00,1.690463998035172821e+01,1.500025844358237492e+00,1.687356126741036633e+01,2.899999999710000331e+00
1.080173445595466603e-01,1.692453110153369877e+01,6.601290662164729817e+00,1.690464768186883404e+01,1.500025805282200420e+00,1.687356127488902047e+01,2.899999999710000331e+00
1.082173445595468603e-01,1.692453110809033490e+01,6.592040799578075649e+00,1.690465534898272537e+01,1.500025766433743968e+00,1.687356128234217323e+01,2.899999999710000331e+00
1.084173445595470603e-01,1.692453111462390325e+01,6.582814302077155233e+00,1.690466298189914340e+01,1.500025727813705245e+00,1.687356128976998448e+01,2.899999999710000331e+00
1.086173445595472603e-01,1.692453112113452462e+01,6.573611110643480693e+00,1.690467058082212404e+01,1.500025689424809405e+00,1.687356129717259989e+01,2.899999999710000331e+00
1.088173445595474603e-01,1.692453112762239797e+01,6.564431166407708851e+00,1.690467814595429630e+01,1.500025651258112713e+00,1.687356130455021130e+01,2.899999999710000331e+00
1.090173445595476603e-01,1.692453113408738830e+01,6.555274410641848348e+00,1.690468567749631390e+01,1.500025613310244532e+00,1.687356131190268727e+01,2.899999999710000331e+00
1.092173445595478604e-01,1.692453114052990415e+01,6.546140784782250144e+00,1.690469317564773277e+01,1.500025575589197135e+00,1.687356131923044700e+01,2.899999999710000331e+00
1.094173445595480604e-01,1.692453114694992422e+01,6.537030230398959141e+00,1.690470064060627209e+01,1.500025538083550769e+00,1.687356132653347984e+01,2.899999999710000331e+00
1.096173445595482604e-01,1.692453115334746983e+01,6.527942689214693672e+00,1.690470807256805230e+01,1.500025500794638367e+00,1.687356133381180356e+01,2.899999999710000331e+00
1.098173445595484604e-01,1.692453115972296018e+01,6.518878103099097210e+00,1.690471547172804634e+01,1.500025463728810848e+00,1.687356134106585515e+01,2.899999999710000331e+00
1.100173445595486604e-01,1.692453116607610397e+01,6.509836414071078714e+00,1.690472283827920208e+01,1.500025426869556977e+00,1.687356134829533616e+01,2.899999999710000331e+00
1.102173445595488604e-01,1.692453117240737370e+01,6.500817564288840167e+00,1.690473017241347264e+01,1.500025390227223143e+00,1.687356135550072977e+01,2.899999999710000331e+00
1.104173445595490605e-01,1.692453117871650292e+01,6.491821496063170827e+00,1.690473747432082519e+01,1.500025353793437599e+00,1.687356136268176954e+01,2.899999999710000331e+00
1.106173445595492605e-01,1.692453118500404585e+01,6.482848151848937590e+00,1.690474474419041329e+01,1.500025317573691286e+00,1.687356136983903099e+01,2.899999999710000331e+00
1.108173445595494605e-01,1.692453119126981065e+01,6.473897474245588590e+00,1.690475198220930508e+01,1.500025281560070756e+00,1.687356137697230096e+01,2.899999999710000331e+00
1.110173445595496605e-01,1.692453119751399626e+01,6.464969406000821373e+00,1.690475918856349935e+01,1.500025245751993586e+00,1.687356138408181039e+01,2.899999999710000331e+00
1.112173445595498605e-01,1.692453120373660624e+01,6.456063889999875904e+00,1.690476636343734995e+01,1.500025210150276900e+00,1.687356139116755571e+01,2.899999999710000331e+00
1.114173445595500606e-01,1.692453120993791060e+01,6.447180869279740101e+00,1.690477350701408454e+01,1.500025174752125157e+00,1.687356139822981405e+01,2.899999999710000331e+00
1.116173445595502606e-01,1.692453121611784184e+01,6.438320287015794285e+00,1.690478061947524324e+01,1.500025139553245346e+00,1.687356140526852499e+01,2.899999999710000331e+00
1.118173445595504606e-01,1.692453122227672679e+01,6.429482086528175877e+00,1.690478770100131101e+01,1.500025104555725575e+00,1.687356141228402251e+01,2.899999999710000331e+00
1.120173445595506606e-01,1.692453122841437718e+01,6.420666211286495617e+00,1.690479475177091828e+01,1.500025069754853169e+00,1.687356141927612185e+01,2.899999999710000331e+00
1.122173445595508606e-01,1.692453123453111274e+01,6.411872604895816785e+00,1.690480177196182865e+01,1.500025035154622488e+00,1.687356142624513922e+01,2.899999999710000331e+00
1.124173445595510606e-01,1.692453124062701875e+01,6.403101211103604307e+00,1.690480876175028868e+01,1.500025000748445692e+00,1.687356143319118118e+01,2.899999999710000331e+00
1.126173445595512607e-01,1.692453124670224085e+01,6.394351973803317435e+00,1.690481572131121979e+01,1.500024966537630844e+00,1.687356144011439696e+01,2.899999999710000331e+00
1.128173445595514607e-01,1.692453125275658721e+01,6.385624837031443235e+00,1.690482265081788782e+01,1.500024932519206322e+00,1.687356144701458049e+01,2.899999999710000331e+00
1.130173445595516607e-01,1.692453125879045217e+01,6.376919744954540725e+00,1.690482955044292268e+01,1.500024898691818986e+00,1.687356145389215811e+01,2.899999999710000331e+00
1.132173445595518607e-01,1.692453126480396008e+01,6.368236641896009687e+00,1.690483642035724898e+01,1.500024865054883305e+00,1.687356146074723995e+01,2.899999999710000331e+00
1.134173445595520607e-01,1.692453127079693687e+01,6.359575472307813726e+00,1.690484326073032051e+01,1.500024831607776443e+00,1.687356146757966258e+01,2.899999999710000331e+00
1.136173445595522608e-01,1.692453127676975555e+01,6.350936180787675411e+00,1.690485007173086984e+01,1.500024798345739985e+00,1.687356147438981679e+01,2.899999999710000331e+00
1.138173445595524608e-01,1.692453128272230600e+01,6.342318712071358888e+00,1.690485685352584966e+01,1.500024765270889349e+00,1.687356148117758181e+01,2.899999999710000331e+00
1.140173445595526608e-01,1.692453128865481915e+01,6.333723011037545980e+00,1.690486360628135287e+01,1.500024732377755354e+00,1.687356148794319566e+01,2.899999999710000331e+00
1.142173445595528608e-01,1.692453129456731631e+01,6.325149022701260115e+00,1.690487033016189855e+01,1.500024699673371487e+00,1.687356149468669031e+01,2.899999999710000331e+00
1.144173445595530608e-01,1.692453130046001775e+01,6.316596692215232345e+00,1.690487702533116732e+01,1.500024667148706969e+00,1.687356150140829314e+01,2.899999999710000331e+00
1.146173445595532608e-01,1.692453130633283465e+01,6.308065964875689602e+00,1.690488369195128016e+01,1.500024634799377754e+00,1.687356150810791178e+01,2.899999999710000331e+00
1.148173445595534609e-01,1.692453131218593043e+01,6.299556786112876949e+00,1.690489033018323894e+01,1.500024602636359283e+00,1.687356151478572741e+01,2.899999999710000331e+00
1.150173445595536609e-01,1.692453131801941524e+01,6.291069101493729221e+00,1.690489694018706857e+01,1.500024570644541644e+00,1.687356152144184662e+01,2.899999999710000331e+00
1.152173445595538609e-01,1.692453132383345604e+01,6.282602856724727403e+00,1.690490352212147229e+01,1.500024538833138577e+00,1.687356152807644349e+01,2.899999999710000331e+00
1.154173445595540609e-01,1.692453132962796758e+01,6.274157997650316787e+00,1.690491007614382113e+01,1.500024507195712564e+00,1.687356153468943987e+01,2.899999999710000331e+00
1.156173445595542609e-01,1.692453133540320565e+01,6.265734470249439525e+00,1.690491660241062988e+01,1.500024475732848250e+00,1.687356154128108798e+01,2.899999999710000331e+00
1.158173445595544609e-01,1.692453134115921287e+01,6.257332220640301479e+00,1.690492310107709173e+01,1.500024444443145200e+00,1.687356154785145179e+01,2.899999999710000331e+00
1.160173445595546610e-01,1.692453134689608163e+01,6.248951195074135434e+00,1.690492957229730919e+01,1.500024413325465211e+00,1.687356155440062366e+01,2.899999999710000331e+00
1.162173445595548610e-01,1.692453135261381902e+01,6.240591339942599625e+00,1.690493601622418396e+01,1.500024382375513721e+00,1.687356156092859294e+01,2.899999999710000331e+00
1.164173445595550610e-01,1.692453135831253164e+01,6.232252601768191624e+00,1.690494243300957322e+01,1.500024351596363825e+00,1.687356156743550173e+01,2.899999999710000331e+00
1.166173445595552610e-01,1.692453136399242908e+01,6.223934927210400758e+00,1.690494882280436428e+01,1.500024320984358006e+00,1.687356157392155609e+01,2.899999999710000331e+00
1.168173445595554610e-01,1.692453136965351845e+01,6.215638263062215785e+00,1.690495518575810152e+01,1.500024290539793359e+00,1.687356158038676313e+01,2.899999999710000331e+00
1.170173445595556611e-01,1.692453137529586371e+01,6.207362556255524133e+00,1.690496152201938074e+01,1.500024260259768427e+00,1.687356158683120100e+01,2.899999999710000331e+00
1.172173445595558611e-01,1.692453138091950748e+01,6.199107753845560786e+00,1.690496783173562889e+01,1.500024230142687598e+00,1.687356159325490168e+01,2.899999999710000331e+00
1.174173445595560611e-01,1.692453138652465583e+01,6.190873803033151823e+00,1.690497411505339542e+01,1.500024200191301116e+00,1.687356159965808899e+01,2.899999999710000331e+00
1.176173445595562611e-01,1.692453139211129098e+01,6.182660651146221653e+00,1.690498037211798987e+01,1.500024170398804646e+00,1.687356160604074518e+01,2.899999999710000331e+00
1.178173445595564611e-01,1.692453139767965453e+01,6.174468245650141185e+00,1.690498660307387979e+01,1.500024140768357883e+00,1.687356161240312247e+01,2.899999999710000331e+00
1.180173445595566611e-01,1.692453140322968252e+01,6.166296534135955021e+00,1.690499280806421822e+01,1.500024111297225016e+00,1.687356161874515692e+01,2.899999999710000331e+00
1.182173445595568612e-01,1.692453140876144602e+01,6.158145464334518593e+00,1.690499898723124161e+01,1.500024081987562541e+00,1.687356162506692314e+01,2.899999999710000331e+00
1.184173445595570612e-01,1.692453141427504804e+01,6.150014984102170956e+00,1.690500514071630178e+01,1.500024052830142285e+00,1.687356163136854192e+01,2.899999999710000331e+00
1.186173445595572612e-01,1.692453141977068043e+01,6.141905041432750956e+00,1.690501126865965631e+01,1.500024023833132381e+00,1.687356163765018735e+01,2.899999999710000331e+00
1.188173445595574612e-01,1.692453142524828991e+01,6.133815584446304925e+00,1.690501737120046855e+01,1.500023994989088338e+00,1.687356164391183810e+01,2.899999999710000331e+00
1.190173445595576612e-01,1.692453143070802923e+01,6.125746561398654144e+00,1.690502344847709892e+01,1.500023966297137301e+00,1.687356165015362208e+01,2.899999999710000331e+00
1.192173445595578612e-01,1.692453143614994815e+01,6.117697920677640511e+00,1.690502950062668575e+01,1.500023937763498738e+00,1.687356165637562455e+01,2.899999999710000331e+00
1.194173445595580613e-01,1.692453144157403955e+01,6.109669610791720551e+00,1.690503552778553598e+01,1.500023909376777098e+00,1.687356166257781709e+01,2.899999999710000331e+00
1.196173445595582613e-01,1.692453144698063383e+01,6.101661580388154427e+00,1.690504153008920341e+01,1.500023881142201310e+00,1.687356166876055141e+01,2.899999999710000331e+00
1.198173445595584613e-01,1.692453145236949297e+01,6.093673778238847483e+00,1.690504750767176745e+01,1.500023853058631174e+00,1.687356167492359305e+01,2.899999999710000331e+00
1.200173445595586613e-01,1.692453145774097933e+01,6.085706153250117545e+00,1.690505346066690606e+01,1.500023825123914856e+00,1.687356168106730081e+01,2.899999999710000331e+00
1.202173445595588613e-01,1.692453146309502898e+01,6.077758654455651666e+00,1.690505938920703244e+01,1.500023797335498177e+00,1.687356168719162852e+01,2.899999999710000331e+00
1.204173445595590614e-01,1.692453146843168099e+01,6.069831231014210182e+00,1.690506529342362541e+01,1.500023769692331532e+00,1.687356169329660460e+01,2.899999999710000331e+00
1.206173445595592614e-01,1.692453147375109523e+01,6.061923832219732411e+00,1.690507117344741417e+01,1.500023742196578080e+00,1.687356169938240669e+01,2.899999999710000331e+00
1.208173445595594614e-01,1.692453147905326816e+01,6.054036407488897709e+00,1.690507702940804080e+01,1.500023714846060230e+00,1.687356170544902767e+01,2.899999999710000331e+00
1.210173445595596614e-01,1.692453148433832766e+01,6.046168906367006990e+00,1.690508286143437289e+01,1.500023687639140846e+00,1.687356171149660611e+01,2.899999999710000331e+00
1.212173445595598614e-01,1.692453148960635900e+01,6.038321278528120395e+00,1.690508866965437207e+01,1.500023660573266193e+00,1.687356171752523082e+01,2.899999999710000331e+00
1.214173445595600614e-01,1.692453149485747232e+01,6.030493473771445956e+00,1.690509445419507628e+01,1.500023633650181543e+00,1.687356172353501549e+01,2.899999999710000331e+00
1.216173445595602615e-01,1.692453150009165697e+01,6.022685442030075720e+00,1.690510021518253936e+01,1.500023606869330450e+00,1.687356172952595301e+01,2.899999999710000331e+00
1.218173445595604615e-01,1.692453150530902661e+01,6.014897133350840086e+00,1.690510595274211525e+01,1.500023580223479369e+00,1.687356173549816418e+01,2.899999999710000331e+00
1.220173445595606615e-01,1.692453151050959903e+01,6.007128497913881482e+00,1.690511166699809209e+01,1.500023553720404523e+00,1.687356174145167387e+01,2.899999999710000331e+00
1.222173445595608615e-01,1.692453151569355185e+01,5.999379486029044806e+00,1.690511735807413629e+01,1.500023527353802288e+00,1.687356174738665970e+01,2.899999999710000331e+00
1.224173445595610615e-01,1.692453152086088508e+01,5.991650048123754679e+00,1.690512302609289108e+01,1.500023501125830494e+00,1.687356175330313590e+01,2.899999999710000331e+00
1.226173445595612616e-01,1.692453152601158806e+01,5.983940134755688867e+00,1.690512867117608664e+01,1.500023475031562636e+00,1.687356175920108470e+01,2.899999999710000331e+00
1.228173445595614616e-01,1.692453153114588815e+01,5.976249696606340756e+00,1.690513429344491669e+01,1.500023449072088955e+00,1.687356176508073347e+01,2.899999999710000331e+00
1.230173445595616616e-01,1.692453153626390971e+01,5.968578684485178698e+00,1.690513989301957665e+01,1.500023423248585397e+00,1.687356177094222787e+01,2.899999999710000331e+00
1.232173445595618616e-01,1.692453154136544669e+01,5.960927049317646720e+00,1.690514547001916057e+01,1.500023397556107030e+00,1.687356177678536540e+01,2.899999999710000331e+00
1.234173445595620616e-01,1.692453154645077262e+01,5.953294742159064512e+00,1.690515102456242857e+01,1.500023371994742227e+00,1.687356178261041251e+01,2.899999999710000331e+00
1.236173445595622616e-01,1.692453155151998345e+01,5.945681714190176770e+00,1.690515655676704299e+01,1.500023346568443161e+00,1.687356178841747578e+01,2.899999999710000331e+00
1.238173445595624617e-01,1.692453155657300812e+01,5.938087916708749248e+00,1.690516206674988098e+01,1.500023321270683940e+00,1.687356179420648772e+01,2.899999999710000331e+00
1.240173445595626617e-01,1.692453156160994610e+01,5.930513301139373361e+00,1.690516755462705589e+01,1.500023296101685499e+00,1.687356179997756556e+01,2.899999999710000331e+00
1.242173445595628617e-01,1.692453156663103897e+01,5.922957819036907878e+00,1.690517302051403448e+01,1.500023271066920794e+00,1.687356180573092601e+01,2.899999999710000331e+00
1.244173445595630617e-01,1.692453157163610200e+01,5.915421422055385570e+00,1.690517846452522832e+01,1.500023246154774448e+00,1.687356181146641632e+01,2.899999999710000331e+00
1.246173445595632617e-01,1.692453157662532348e+01,5.907904061995580491e+00,1.690518388677445927e+01,1.500023221369290560e+00,1.687356181718422121e+01,2.899999999710000331e+00
1.248173445595634617e-01,1.692453158159879933e+01,5.900405690767796862e+00,1.690518928737472848e+01,1.500023196713641482e+00,1.687356182288443662e+01,2.899999999710000331e+00
1.250173445595636479e-01,1.692453158655651890e+01,5.892926260409501182e+00,1.690519466643831592e+01,1.500023172178812425e+00,1.687356182856706255e+01,2.899999999710000331e+00
1.252173445595638479e-01,1.692453159149864916e+01,5.885465723075216538e+00,1.690520002407669509e+01,1.500023147771353260e+00,1.687356183423225886e+01,2.899999999710000331e+00
1.254173445595640479e-01,1.692453159642520788e+01,5.878024031039200459e+00,1.690520536040063249e+01,1.500023123485971777e+00,1.687356183988006464e+01,2.899999999710000331e+00
1.256173445595642479e-01,1.692453160133619150e+01,5.870601136697258582e+00,1.690521067552001711e+01,1.500023099325199283e+00,1.687356184551047278e+01,2.899999999710000331e+00
1.258173445595644480e-01,1.692453160623168174e+01,5.863196992574021493e+00,1.690521596954413752e+01,1.500023075285497276e+00,1.687356185112356499e+01,2.899999999710000331e+00
1.260173445595646480e-01,1.692453161111185977e+01,5.855811551302998907e+00,1.690522124258160730e+01,1.500023051367760818e+00,1.687356185671953668e+01,2.899999999710000331e+00
1.262173445595648480e-01,1.692453161597659061e+01,5.848444765639341902e+00,1.690522649474008787e+01,1.500023027566665945e+00,1.687356186229825639e+01,2.899999999710000331e+00
1.264173445595650480e-01,1.692453162082627927e+01,5.841096588460216843e+00,1.690523172612690317e+01,1.500023003892982043e+00,1.687356186786012557e+01,2.899999999710000331e+00
1.266173445595652480e-01,1.692453162566052782e+01,5.833766972761786462e+00,1.690523693684806616e+01,1.500022980333137523e+00,1.687356187340476055e+01,2.899999999710000331e+00
1.268173445595654480e-01,1.692453163047984077e+01,5.826455871656551544e+00,1.690524212700962181e+01,1.500022956891676973e+00,1.687356187893265869e+01,2.899999999710000331e+00
1.270173445595656481e-01,1.692453163528391968e+01,5.819163238378434855e+00,1.690524729671620463e+01,1.500022933565535954e+00,1.687356188444353933e+01,2.899999999710000331e+00
1.272173445595658481e-01,1.692453164007297417e+01,5.811889026276956471e+00,1.690525244607216493e+01,1.500022910356319183e+00,1.687356188993760497e+01,2.899999999710000331e+00
1.274173445595660481e-01,1.692453164484715700e+01,5.804633188820846890e+00,1.690525757518116734e+01,1.500022887267405958e+00,1.687356189541501905e+01,2.899999999710000331e+00
1.276173445595662481e-01,1.692453164960647172e+01,5.797395679595953588e+00,1.690526268414611621e+01,1.500022864291158164e+00,1.687356190087579222e+01,2.899999999710000331e+00
1.278173445595664481e-01,1.692453165435092544e+01,5.790176452307331800e+00,1.690526777306912365e+01,1.500022841429660136e+00,1.687356190631992447e+01,2.899999999710000331e+00
1.280173445595666482e-01,1.692453165908061763e+01,5.782975460771430321e+00,1.690527284205175818e+01,1.500022818681775227e+00,1.687356191174753306e+01,2.899999999710000331e+00
1.282173445595668482e-01,1.692453166379561225e+01,5.775792658928549983e+00,1.690527789119492397e+01,1.500022796046116103e+00,1.687356191715867837e+01,2.899999999710000331e+00
1.284173445595670482e-01,1.692453166849584534e+01,5.768628000829581381e+00,1.690528292059871163e+01,1.500022773519110508e+00,1.687356192255330711e+01,2.899999999710000331e+00
1.286173445595672482e-01,1.692453167318151941e+01,5.761481440645010998e+00,1.690528793036274990e+01,1.500022751107743302e+00,1.687356192793162180e+01,2.899999999710000331e+00
1.288173445595674482e-01,1.692453167785269841e+01,5.754352932657145203e+00,1.690529292058601030e+01,1.500022728805713523e+00,1.687356193329369347e+01,2.899999999710000331e+00
1.290173445595676482e-01,1.692453168250942142e+01,5.747242431269937057e+00,1.690529789136670402e+01,1.500022706613882262e+00,1.687356193863955056e+01,2.899999999710000331e+00
1.292173445595678483e-01,1.692453168715168843e+01,5.740149890996392834e+00,1.690530284280240991e+01,1.500022684530321060e+00,1.687356194396922504e+01,2.899999999710000331e+00
1.294173445595680483e-01,1.692453169177959182e+01,5.733075266469447762e+00,1.690530777499011705e+01,1.500022662554534314e+00,1.687356194928279862e+01,2.899999999710000331e+00
1.296173445595682483e-01,1.692453169639324173e+01,5.726018512433677543e+00,1.690531268802620701e+01,1.500022640688323472e+00,1.687356195458038499e+01,2.899999999710000331e+00
1.298173445595684483e-01,1.692453170099259552e+01,5.718979583749438156e+00,1.690531758200632240e+01,1.500022618931742269e+00,1.687356195986194862e+01,2.899999999710000331e+00
1.300173445595686483e-01,1.692453170557775621e+01,5.711958435386028654e+00,1.690532245702566172e+01,1.500022597275893377e+00,1.687356196512758544e+01,2.899999999710000331e+00
1.302173445595688484e-01,1.692453171014874158e+01,5.704955022431682288e+00,1.690532731317864545e+01,1.500022575727056440e+00,1.687356197037734162e+01,2.899999999710000331e+00
1.304173445595690484e-01,1.692453171470571860e+01,5.697969300087885713e+00,1.690533215055921090e+01,1.500022554286349896e+00,1.687356197561135929e+01,2.899999999710000331e+00
1.306173445595692484e-01,1.692453171924860200e+01,5.691001223668105347e+00,1.690533696926054930e+01,1.500022532949220277e+00,1.687356198082958869e+01,2.899999999710000331e+00
1.308173445595694484e-01,1.692453172377756943e+01,5.684050748600297354e+00,1.690534176937544331e+01,1.500022511714178330e+00,1.687356198603218616e+01,2.899999999710000331e+00
1.310173445595696484e-01,1.692453172829266350e+01,5.677117830423020095e+00,1.690534655099598638e+01,1.500022490581599754e+00,1.687356199121921563e+01,2.899999999710000331e+00
1.312173445595698484e-01,1.692453173279387357e+01,5.670202424784627659e+00,1.690535131421355075e+01,1.500022469554522786e+00,1.687356199639065935e+01,2.899999999710000331e+00
1.314173445595700485e-01,1.692453173728129912e+01,5.663304487454507985e+00,1.690535605911912853e+01,1.500022448626469940e+00,1.687356200154663100e+01,2.899999999710000331e+00
1.316173445595702485e-01,1.692453174175494368e+01,5.656423974305798907e+00,1.690536078580294799e+01,1.500022427802452540e+00,1.687356200668712347e+01,2.899999999710000331e+00
1.318173445595704485e-01,1.692453174621485701e+01,5.649560841323418181e+00,1.690536549435479685e+01,1.500022407074460995e+00,1.687356201181220428e+01,2.899999999710000331e+00
1.320173445595706485e-01,1.692453175066118121e+01,5.642715044606577912e+00,1.690537018486391219e+01,1.500022386449740841e+00,1.687356201692201552e+01,2.899999999710000331e+00
1.322173445595708485e-01,1.692453175509386298e+01,5.635886540363306274e+00,1.690537485741876722e+01,1.500022365925439027e+00,1.687356202201651101e+01,2.899999999710000331e+00
1.324173445595710485e-01,1.692453175951308353e+01,5.629075284915089128e+00,1.690537951210760781e+01,1.500022345496445197e+00,1.687356202709586839e+01,2.899999999710000331e+00
1.326173445595712486e-01,1.692453176391873981e+01,5.622281234688720097e+00,1.690538414901771347e+01,1.500022325165936810e+00,1.687356203216000239e+01,2.899999999710000331e+00
1.328173445595714486e-01,1.692453176831104145e+01,5.615504346218631149e+00,1.690538876823615411e+01,1.500022304934970130e+00,1.687356203720910131e+01,2.899999999710000331e+00
1.330173445595716486e-01,1.692453177268994224e+01,5.608744576169002904e+00,1.690539336984925356e+01,1.500022284797598138e+00,1.687356204224315803e+01,2.899999999710000331e+00
1.332173445595718486e-01,1.692453177705549194e+01,5.602001881290629370e+00,1.690539795394283118e+01,1.500022264757861601e+00,1.687356204726220099e+01,2.899999999710000331e+00
1.334173445595720486e-01,1.692453178140783621e+01,5.595276218451945560e+00,1.690540252060223381e+01,1.500022244817577510e+00,1.687356205226639361e+01,2.899999999710000331e+00
1.336173445595722487e-01,1.692453178574683292e+01,5.588567544631792394e+00,1.690540706991212971e+01,1.500022224967031415e+00,1.687356205725558667e+01,2.899999999710000331e+00
1.338173445595724487e-01,1.692453179007270236e+01,5.581875816912227783e+00,1.690541160195681769e+01,1.500022205212957260e+00,1.687356206223001109e+01,2.899999999710000331e+00
1.340173445595726487e-01,1.692453179438548361e+01,5.575200992491111229e+00,1.690541611682006007e+01,1.500022185550724529e+00,1.687356206718970597e+01,2.899999999710000331e+00
1.342173445595728487e-01,1.692453179868519442e+01,5.568543028671252948e+00,1.690542061458492284e+01,1.500022165983114997e+00,1.687356207213470682e+01,2.899999999710000331e+00
1.344173445595730487e-01,1.692453180297184190e+01,5.561901882859313417e+00,1.690542509533405280e+01,1.500022146509876197e+00,1.687356207706499944e+01,2.899999999710000331e+00
1.346173445595732487e-01,1.692453180724557171e+01,5.555277512577255550e+00,1.690542955914967749e+01,1.500022127130014038e+00,1.687356208198075436e+01,2.899999999710000331e+00
1.348173445595734488e-01,1.692453181150629860e+01,5.548669875447441946e+00,1.690543400611333524e+01,1.500022107836325169e+00,1.687356208688189341e+01,2.899999999710000331e+00
1.350173445595736488e-01,1.692453181575424281e+01,5.542078929204171445e+00,1.690543843630624110e+01,1.500022088639479501e+00,1.687356209176861555e+01,2.899999999710000331e+00
1.352173445595738488e-01,1.692453181998928358e+01,5.535504631686091415e+00,1.690544284980889955e+01,1.500022069526396162e+00,1.687356209664083195e+01,2.899999999710000331e+00
1.354173445595740488e-01,1.692453182421163405e+01,5.528946940838471491e+00,1.690544724670156285e+01,1.500022050507701987e+00,1.687356210149874514e+01,2.899999999710000331e+00
1.356173445595742488e-01,1.692453182842118764e+01,5.522405814710640293e+00,1.690545162706370519e+01,1.500022031576031312e+00,1.687356210634225206e+01,2.899999999710000331e+00
1.358173445595744488e-01,1.692453183261804384e+01,5.515881211464944478e+00,1.690545599097445262e+01,1.500022012735656274e+00,1.687356211117146998e+01,2.899999999710000331e+00
1.360173445595746489e-01,1.692453183680232698e+01,5.509373089361669251e+00,1.690546033851259722e+01,1.500021993982776358e+00,1.687356211598650901e+01,2.899999999710000331e+00
1.362173445595748489e-01,1.692453184097406904e+01,5.502881406770407935e+00,1.690546466975621698e+01,1.500021975318204026e+00,1.687356212078741891e+01,2.899999999710000331e+00
1.364173445595750489e-01,1.692453184513313147e+01,5.496406122163834063e+00,1.690546898478286764e+01,1.500021956737301654e+00,1.687356212557405399e+01,2.899999999710000331e+00
1.366173445595752489e-01,1.692453184927977716e+01,5.489947194122183127e+00,1.690547328366986335e+01,1.500021938247062092e+00,1.687356213034668073e+01,2.899999999710000331e+00
1.368173445595754489e-01,1.692453185341400257e+01,5.483504581328707772e+00,1.690547756649396405e+01,1.500021919839686690e+00,1.687356213510532754e+01,2.899999999710000331e+00
1.370173445595756490e-01,1.692453185753569755e+01,5.477078242568937050e+00,1.690548183333121557e+01,1.500021901520130152e+00,1.687356213984985587e+01,2.899999999710000331e+00
1.372173445595758490e-01,1.692453186164521384e+01,5.470668136738122023e+00,1.690548608425772414e+01,1.500021883282990354e+00,1.687356214458063164e+01,2.899999999710000331e+00
1.374173445595760490e-01,1.692453186574236668e+01,5.464274222829352823e+00,1.690549031934852309e+01,1.500021865134506971e+00,1.687356214929747367e+01,2.899999999710000331e+00
1.376173445595762490e-01,1.692453186982725200e+01,5.457896459945764001e+00,1.690549453867862084e+01,1.500021847067450453e+00,1.687356215400048143e+01,2.899999999710000331e+00
1.378173445595764490e-01,1.692453187389995506e+01,5.451534807287768736e+00,1.690549874232238992e+01,1.500021829084824176e+00,1.687356215868974729e+01,2.899999999710000331e+00
1.380173445595766490e-01,1.692453187796042613e+01,5.445189224159717511e+00,1.690550293035373741e+01,1.500021811184366394e+00,1.687356216336521442e+01,2.899999999710000331e+00
1.382173445595768491e-01,1.692453188200883574e+01,5.438859669970942612e+00,1.690550710284625069e+01,1.500021793368581768e+00,1.687356216802708531e+01,2.899999999710000331e+00
1.384173445595770491e-01,1.692453188604510217e+01,5.432546104232897299e+00,1.690551125987289538e+01,1.500021775633473275e+00,1.687356217267524627e+01,2.899999999710000331e+00
1.386173445595772491e-01,1.692453189006933201e+01,5.426248486558323592e+00,1.690551540150633869e+01,1.500021757978525327e+00,1.687356217730982877e+01,2.899999999710000331e+00
1.388173445595774491e-01,1.692453189408163539e+01,5.419966776664682406e+00,1.690551952781884282e+01,1.500021740404775983e+00,1.687356218193095003e+01,2.899999999710000331e+00
1.390173445595776491e-01,1.692453189808199454e+01,5.413700934365762052e+00,1.690552363888200915e+01,1.500021722915450662e+00,1.687356218653858519e+01,2.899999999710000331e+00
1.392173445595778492e-01,1.692453190207043434e+01,5.407450919583582483e+00,1.690552773476725790e+01,1.500021705501339619e+00,1.687356219113276623e+01,2.899999999710000331e+00
1.394173445595780492e-01,1.692453190604704005e+01,5.401216692339413150e+00,1.690553181554538398e+01,1.500021688171942813e+00,1.687356219571358906e+01,2.899999999710000331e+00
1.396173445595782492e-01,1.692453191001170154e+01,5.394998212748437716e+00,1.690553588128681284e+01,1.500021670914724270e+00,1.687356220028094000e+01,2.899999999710000331e+00
1.398173445595784492e-01,1.692453191396473855e+01,5.388795441033674471e+00,1.690553993206175321e+01,1.500021653740341687e+00,1.687356220483513169e+01,2.899999999710000331e+00
1.400173445595786492e-01,1.692453191790605871e+01,5.382608337518576924e+00,1.690554396793972813e+01,1.500021636644489842e+00,1.687356220937610018e+01,2.899999999710000331e+00
1.402173445595788492e-01,1.692453192183553057e+01,5.376436862623190649e+00,1.690554798898977040e+01,1.500021619624412494e+00,1.687356221390369981e+01,2.899999999710000331e+00
1.404173445595790493e-01,1.692453192575354493e+01,5.370280976871984358e+00,1.690555199528093411e+01,1.500021602686672173e+00,1.687356221841832848e+01,2.899999999710000331e+00
1.406173445595792493e-01,1.692453192965987085e+01,5.364140640886781775e+00,1.690555598688146688e+01,1.500021585819286241e+00,1.687356222291976948e+01,2.899999999710000331e+00
1.408173445595794493e-01,1.692453193355463981e+01,5.358015815388215586e+00,1.690555996385929660e+01,1.500021569030530300e+00,1.687356222740814360e+01,2.899999999710000331e+00
1.410173445595796493e-01,1.692453193743788376e+01,5.351906461198357334e+00,1.690556392628199944e+01,1.500021552322142737e+00,1.687356223188349702e+01,2.899999999710000331e+00
1.412173445595798493e-01,1.692453194130972705e+01,5.345812539236554528e+00,1.690556787421686735e+01,1.500021535683835117e+00,1.687356223634595054e+01,2.899999999710000331e+00
1.414173445595800493e-01,1.692453194517003823e+01,5.339734010518507823e+00,1.690557180773048174e+01,1.500021519122405778e+00,1.687356224079537981e+01,2.899999999710000331e+00
1.416173445595802494e-01,1.692453194901895941e+01,5.333670836163726392e+00,1.690557572688927834e+01,1.500021502634773851e+00,1.687356224523194115e+01,2.899999999710000331e+00
1.418173445595804494e-01,1.692453195285667533e+01,5.327622977385874314e+00,1.690557963175937317e+01,1.500021486225830092e+00,1.687356224965579443e+01,2.899999999710000331e+00
1.420173445595806494e-01,1.692453195668291244e+01,5.321590395498514425e+00,1.690558352240609707e+01,1.500021469887063974e+00,1.687356225406670518e+01,2.899999999710000331e+00
1.422173445595808494e-01,1.692453196049801534e+01,5.315573051911744784e+00,1.690558739889493012e+01,1.500021453620475675e+00,1.687356225846500024e+01,2.899999999710000331e+00
1.424173445595810494e-01,1.692453196430177798e+01,5.309570908134199740e+00,1.690559126129042156e+01,1.500021437429202242e+00,1.687356226285048066e+01,2.899999999710000331e+00
1.426173445595812495e-01,1.692453196809438509e+01,5.303583925771455654e+00,1.690559510965715617e+01,1.500021421309361003e+00,1.687356226722333474e+01,2.899999999710000331e+00
1.428173445595814495e-01,1.692453197187579050e+01,5.297612066524408192e+00,1.690559894405917163e+01,1.500021405257556006e+00,1.687356227158351629e+01,2.899999999710000331e+00
1.430173445595816495e-01,1.692453197564616829e+01,5.291655292194461069e+00,1.690560276456018585e+01,1.500021389281995132e+00,1.687356227593122426e+01,2.899999999710000331e+00
1.432173445595818495e-01,1.692453197940545806e+01,5.285713564680798449e+00,1.690560657122346910e+01,1.500021373377028677e+00,1.687356228026636984e+01,2.899999999710000331e+00
1.434173445595820495e-01,1.692453198315369534e+01,5.279786845964310693e+00,1.690561036411194351e+01,1.500021357542226985e+00,1.687356228458901697e+01,2.899999999710000331e+00
1.436173445595822495e-01,1.692453198689097604e+01,5.273875098140597295e+00,1.690561414328823986e+01,1.500021341779596451e+00,1.687356228889925092e+01,2.899999999710000331e+00
1.438173445595824496e-01,1.692453199061732505e+01,5.267978283389742167e+00,1.690561790881456261e+01,1.500021326086987017e+00,1.687356229319711076e+01,2.899999999710000331e+00
1.440173445595826496e-01,1.692453199433273880e+01,5.262096363994579029e+00,1.690562166075273609e+01,1.500021310461725488e+00,1.687356229748258230e+01,2.899999999710000331e+00
1.442173445595828496e-01,1.692453199803725994e+01,5.256229302326801189e+00,1.690562539916420803e+01,1.500021294907687430e+00,1.687356230175572236e+01,2.899999999710000331e+00
1.444173445595830496e-01,1.692453200173090622e+01,5.250377060856727951e+00,1.690562912411014196e+01,1.500021279421474674e+00,1.687356230601657003e+01,2.899999999710000331e+00
1.446173445595832496e-01,1.692453200541382330e+01,5.244539602148553747e+00,1.690563283565139230e+01,1.500021264002835863e+00,1.687356231026523901e+01,2.899999999710000331e+00
1.448173445595834496e-01,1.692453200908605737e+01,5.238716888862112953e+00,1.690563653384841558e+01,1.500021248652326555e+00,1.687356231450179678e+01,2.899999999710000331e+00
1.450173445595836497e-01,1.692453201274746277e+01,5.232908883749934681e+00,1.690564021876106082e+01,1.500021233372998752e+00,1.687356231872610834e+01,2.899999999710000331e+00
1.452173445595838497e-01,1.692453201639814608e+01,5.227115549659892224e+00,1.690564389044916993e+01,1.500021218159655945e+00,1.687356232293826608e+01,2.899999999710000331e+00
1.454173445595840497e-01,1.692453202003823165e+01,5.221336849530408664e+00,1.690564754897222244e+01,1.500021203012173343e+00,1.687356232713841209e+01,2.899999999710000331e+00
1.456173445595842497e-01,1.692453202366769460e+01,5.215572746399757875e+00,1.690565119438922892e+01,1.500021187928529454e+00,1.687356233132652150e+01,2.899999999710000331e+00
1.458173445595844497e-01,1.692453202728666639e+01,5.209823203394497781e+00,1.690565482675894060e+01,1.500021172914891565e+00,1.687356233550272933e+01,2.899999999710000331e+00
1.460173445595846498e-01,1.692453203089506530e+01,5.204088183734533857e+00,1.690565844613960778e+01,1.500021157966944685e+00,1.687356233966695029e+01,2.899999999710000331e+00
1.462173445595848498e-01,1.692453203449293042e+01,5.198367650735891132e+00,1.690566205258932442e+01,1.500021143082295394e+00,1.687356234381923770e+01,2.899999999710000331e+00
1.464173445595850498e-01,1.692453203808035767e+01,5.192661567802954181e+00,1.690566564616582923e+01,1.500021128263314685e+00,1.687356234795968746e+01,2.899999999710000331e+00
1.466173445595852498e-01,1.692453204165738612e+01,5.186969898437258308e+00,1.690566922692649143e+01,1.500021113508641646e+00,1.687356235208834576e+01,2.899999999710000331e+00
1.468173445595854498e-01,1.692453204522398380e+01,5.181292606229900954e+00,1.690567279492831076e+01,1.500021098818483889e+00,1.687356235620517708e+01,2.899999999710000331e+00
1.470173445595856498e-01,1.692453204878023953e+01,5.175629654860894213e+00,1.690567635022804183e+01,1.500021084195020116e+00,1.687356236031026668e+01,2.899999999710000331e+00
1.472173445595858499e-01,1.692453205232615332e+01,5.169981008104594267e+00,1.690567989288209461e+01,1.500021069631420900e+00,1.687356236440364299e+01,2.899999999710000331e+00
1.474173445595860499e-01,1.692453205586180331e+01,5.164346629837899272e+00,1.690568342294656645e+01,1.500021055132880088e+00,1.687356236848536284e+01,2.899999999710000331e+00
1.476173445595862499e-01,1.692453205938721794e+01,5.158726484011491031e+00,1.690568694047721721e+01,1.500021040696151831e+00,1.687356237255546887e+01,2.899999999710000331e+00
1.478173445595864499e-01,1.692453206290245404e+01,5.153120534674515696e+00,1.690569044552954026e+01,1.500021026322593487e+00,1.687356237661401437e+01,2.899999999710000331e+00
1.480173445595866499e-01,1.692453206640751873e+01,5.147528745967326458e+00,1.690569393815857424e+01,1.500021012014557398e+00,1.687356238066102776e+01,2.899999999710000331e+00
1.482173445595868500e-01,1.692453206990239423e+01,5.141951082119298633e+00,1.690569741841922280e+01,1.500020997761587704e+00,1.687356238469648773e+01,2.899999999710000331e+00
1.484173445595870500e-01,1.692453207338721555e+01,5.136387507452226941e+00,1.690570088636598456e+01,1.500020983574410272e+00,1.687356238872050795e+01,2.899999999710000331e+00
1.486173445595872500e-01,1.692453207686190453e+01,5.130837986376045379e+00,1.690570434205302419e+01,1.500020969446761221e+00,1.687356239273303871e+01,2.899999999710000331e+00
1.488173445595874500e-01,1.692453208032664946e+01,5.125302483392146335e+00,1.690570778553434295e+01,1.500020955383288612e+00,1.687356239673428249e+01,2.899999999710000331e+00
1.490173445595876500e-01,1.692453208378132956e+01,5.119780963091286274e+00,1.690571121686346245e+01,1.500020941376252637e+00,1.687356240072409719e+01,2.899999999710000331e+00
1.492173445595878500e-01,1.692453208722601232e+01,5.114273390149217668e+00,1.690571463609368053e+01,1.500020927430678830e+00,1.687356240470255386e+01,2.899999999710000331e+00
1.494173445595880501e-01,1.692453209066093933e+01,5.108779729339885556e+00,1.690571804327818484e+01,1.500020913546422197e+00,1.687356240866992607e+01,2.899999999710000331e+00
1.496173445595882501e-01,1.692453209408580150e+01,5.103299945521620806e+00,1.690572143846941344e+01,1.500020899720187151e+00,1.687356241262587275e+01,2.899999999710000331e+00
1.498173445595884501e-01,1.692453209750076937e+01,5.097834003638974210e+00,1.690572482171982927e+01,1.500020885954487015e+00,1.687356241657058575e+01,2.899999999710000331e+00
1.500173445595886501e-01,1.692453210090599924e+01,5.092381868724441318e+00,1.690572819308177799e+01,1.500020872244342218e+00,1.687356242050422139e+01,2.899999999710000331e+00
1.502173445595888501e-01,1.692453210430132415e+01,5.086943505908541496e+00,1.690573155260680238e+01,1.500020858594166784e+00,1.687356242442662690e+01,2.899999999710000331e+00
1.504173445595890501e-01,1.692453210768695016e+01,5.081518880398620652e+00,1.690573490034666193e+01,1.500020845003670500e+00,1.687356242833799413e+01,2.899999999710000331e+00
1.506173445595892502e-01,1.692453211106297317e+01,5.076107957493863232e+00,1.690573823635269335e+01,1.500020831470295191e+00,1.687356243223842611e+01,2.899999999710000331e+00
1.508173445595894502e-01,1.692453211442914451e+01,5.070710702583660634e+00,1.690574156067554057e+01,1.500020817996768674e+00,1.687356243612769191e+01,2.899999999710000331e+00
1.510173445595896502e-01,1.692453211778575906e+01,5.065327081141646204e+00,1.690574487336621345e+01,1.500020804577572697e+00,1.687356244000607219e+01,2.899999999710000331e+00
1.512173445595898502e-01,1.692453212113266758e+01,5.059957058729646739e+00,1.690574817447492961e+01,1.500020791215237459e+00,1.687356244387343196e+01,2.899999999710000331e+00
1.514173445595900502e-01,1.692453212446999800e+01,5.054600600997154025e+00,1.690575146405191020e+01,1.500020777909097713e+00,1.687356244772989911e+01,2.899999999710000331e+00
1.516173445595902503e-01,1.692453212779772898e+01,5.049257673679398373e+00,1.690575474214695006e+01,1.500020764659491634e+00,1.687356245157545231e+01,2.899999999710000331e+00
1.518173445595904503e-01,1.692453213111594579e+01,5.043928242597874423e+00,1.690575800880970547e+01,1.500020751467665558e+00,1.687356245541018396e+01,2.899999999710000331e+00
1.520173445595906503e-01,1.692453213442477988e+01,5.038612273660850072e+00,1.690576126408956270e+01,1.500020738332102033e+00,1.687356245923422904e+01,2.899999999710000331e+00
1.522173445595908503e-01,1.692453213772391152e+01,5.033309732865130393e+00,1.690576450803525077e+01,1.500020725249715303e+00,1.687356246304727136e+01,2.899999999710000331e+00
1.524173445595910503e-01,1.692453214101371728e+01,5.028020586288891813e+00,1.690576774069586463e+01,1.500020712223279817e+00,1.687356246684969108e+01,2.899999999710000331e+00
1.526173445595912503e-01,1.692453214429417940e+01,5.022744800101764717e+00,1.690577096211986330e+01,1.500020699251357392e+00,1.687356247064147041e+01,2.899999999710000331e+00
1.528173445595914504e-01,1.692453214756519841e+01,5.017482340552471776e+00,1.690577417235536117e+01,1.500020686334135211e+00,1.687356247442251700e+01,2.899999999710000331e+00
1.530173445595916504e-01,1.692453215082690932e+01,5.012233173976792244e+00,1.690577737145043713e+01,1.500020673471738952e+00,1.687356247819296584e+01,2.899999999710000331e+00
1.532173445595918504e-01,1.692453215407924816e+01,5.006997266801000102e+00,1.690578055945271885e+01,1.500020660661455452e+00,1.687356248195274588e+01,2.899999999710000331e+00
1.534173445595920504e-01,1.692453215732242811e+01,5.001774585529445538e+00,1.690578373640981269e+01,1.500020647907283289e+00,1.687356248570210937e+01,2.899999999710000331e+00
1.536173445595922504e-01,1.692453216055628218e+01,4.996565096752520141e+00,1.690578690236874593e+01,1.500020635206286146e+00,1.687356248944084314e+01,2.899999999710000331e+00
1.538173445595924504e-01,1.692453216378096315e+01,4.991368767150140329e+00,1.690579005737658491e+01,1.500020622558628114e+00,1.687356249316914258e+01,2.899999999710000331e+00
1.540173445595926505e-01,1.692453216699637153e+01,4.986185563476322358e+00,1.690579320147989861e+01,1.500020609962470441e+00,1.687356249688689758e+01,2.899999999710000331e+00
1.542173445595928505e-01,1.692453217020268497e+01,4.981015452578557934e+00,1.690579633472525956e+01,1.500020597419388757e+00,1.687356250059427865e+01,2.899999999710000331e+00
1.544173445595930505e-01,1.692453217339983595e+01,4.975858401383367990e+00,1.690579945715874288e+01,1.500020584927165057e+00,1.687356250429124671e+01,2.899999999710000331e+00
1.546173445595932505e-01,1.692453217658784226e+01,4.970714376902710896e+00,1.690580256882628518e+01,1.500020572486380654e+00,1.687356250797779822e+01,2.899999999710000331e+00
1.548173445595934505e-01,1.692453217976684599e+01,4.965583346230318718e+00,1.690580566977367738e+01,1.500020560099689426e+00,1.687356251165409304e+01,2.899999999710000331e+00
1.550173445595936506e-01,1.692453218293686490e+01,4.960465276544411495e+00,1.690580876004634447e+01,1.500020547765546164e+00,1.687356251532013829e+01,2.899999999710000331e+00
1.552173445595938506e-01,1.692453218609773913e+01,4.955360135107196307e+00,1.690581183968932422e+01,1.500020535477484929e+00,1.687356251897578474e+01,2.899999999710000331e+00
1.554173445595940506e-01,1.692453218924983460e+01,4.950267889260659970e+00,1.690581490874786752e+01,1.500020523245108039e+00,1.687356252262141254e+01,2.899999999710000331e+00
1.556173445595942506e-01,1.692453219239282802e+01,4.945188506429621711e+00,1.690581796726633712e+01,1.500020511062154505e+00,1.687356252625668418e+01,2.899999999710000331e+00
1.558173445595944506e-01,1.692453219552695742e+01,4.940121954124156112e+00,1.690582101528942616e+01,1.500020498930018764e+00,1.687356252988185545e+01,2.899999999710000331e+00
1.560173445595946506e-01,1.692453219865212333e+01,4.935068199931489374e+00,1.690582405286127354e+01,1.500020486845270673e+00,1.687356253349680912e+01,2.899999999710000331e+00
1.562173445595948507e-01,1.692453220176846784e+01,4.930027211525656483e+00,1.690582708002598267e+01,1.500020474810604520e+00,1.687356253710171927e+01,2.899999999710000331e+00
1.564173445595950507e-01,1.692453220487606913e+01,4.924998956662308913e+00,1.690583009682729809e+01,1.500020462829128931e+00,1.687356254069664274e+01,2.899999999710000331e+00
1.566173445595952507e-01,1.692453220797479574e+01,4.919983403171078074e+00,1.690583310330868727e+01,1.500020450892529000e+00,1.687356254428146940e+01,2.899999999710000331e+00
1.568173445595954507e-01,1.692453221106483596e+01,4.914980518971387546e+00,1.690583609951351818e+01,1.500020439009662088e+00,1.687356254785637333e+01,2.899999999710000331e+00
1.570173445595956507e-01,1.692453221414596953e+01,4.909990272061151018e+00,1.690583908548470760e+01,1.500020427170442261e+00,1.687356255142114492e+01,2.899999999710000331e+00
1.572173445595958508e-01,1.692453221721853751e+01,4.905012630518294614e+00,1.690584206126533218e+01,1.500020415383086281e+00,1.687356255497613944e+01,2.899999999710000331e+00
1.574173445595960508e-01,1.692453222028235160e+01,4.900047562501998577e+00,1.690584502689781843e+01,1.500020403645056843e+00,1.687356255852115439e+01,2.899999999710000331e+00
1.576173445595962508e-01,1.692453222333752905e+01,4.895095036250651788e+00,1.690584798242463904e+01,1.500020391954334231e+00,1.687356256205631766e+01,2.899999999710000331e+00
1.578173445595964508e-01,1.692453222638402011e+01,4.890155020084153037e+00,1.690585092788790789e+01,1.500020380309464718e+00,1.687356256558157241e+01,2.899999999710000331e+00
1.580173445595966508e-01,1.692453222942192070e+01,4.885227482402084043e+00,1.690585386332965356e+01,1.500020368710444085e+00,1.687356256909704655e+01,2.899999999710000331e+00
1.582173445595968508e-01,1.692453223245131966e+01,4.880312391683817808e+00,1.690585678879155296e+01,1.500020357163638796e+00,1.687356257260279335e+01,2.899999999710000331e+00
1.584173445595970509e-01,1.692453223547213881e+01,4.875409716487872913e+00,1.690585970431510177e+01,1.500020345661009502e+00,1.687356257609877730e+01,2.899999999710000331e+00
1.586173445595972509e-01,1.692453223848444921e+01,4.870519425453695206e+00,1.690586260994158962e+01,1.500020334206700001e+00,1.687356257958503747e+01,2.899999999710000331e+00
1.588173445595974509e-01,1.692453224148822599e+01,4.865641487299601664e+00,1.690586550571205038e+01,1.500020322796615124e+00,1.687356258306157741e+01,2.899999999710000331e+00
1.590173445595976509e-01,1.692453224448364324e+01,4.860775870818887512e+00,1.690586839166746103e+01,1.500020311434706377e+00,1.687356258652855701e+01,2.899999999710000331e+00
1.592173445595978509e-01,1.692453224747050555e+01,4.855922544888086279e+00,1.690587126784824079e+01,1.500020300118159788e+00,1.687356258998578440e+01,2.899999999710000331e+00
1.594173445595980509e-01,1.692453225044902254e+01,4.851081478462992536e+00,1.690587413429502917e+01,1.500020288845764771e+00,1.687356259343348341e+01,2.899999999710000331e+00
1.596173445595982510e-01,1.692453225341919421e+01,4.846252640576505399e+00,1.690587699104795405e+01,1.500020277620851994e+00,1.687356259687165050e+01,2.899999999710000331e+00
1.598173445595984510e-01,1.692453225638091396e+01,4.841436000338267931e+00,1.690587983814690887e+01,1.500020266443274908e+00,1.687356260030019328e+01,2.899999999710000331e+00
1.600173445595986510e-01,1.692453225933435235e+01,4.836631526936266745e+00,1.690588267563187230e+01,1.500020255307850769e+00,1.687356260371926808e+01,2.899999999710000331e+00
1.602173445595988510e-01,1.692453226227954843e+01,4.831839189638039045e+00,1.690588550354241448e+01,1.500020244217601828e+00,1.687356260712892464e+01,2.899999999710000331e+00
1.604173445595990510e-01,1.692453226521639209e+01,4.827058957787172311e+00,1.690588832191776447e+01,1.500020233173445128e+00,1.687356261052904927e+01,2.899999999710000331e+00
1.606173445595992511e-01,1.692453226814502543e+01,4.822290800806055877e+00,1.690589113079724726e+01,1.500020222172907536e+00,1.687356261391980183e+01,2.899999999710000331e+00
1.608173445595994511e-01,1.692453227106546620e+01,4.817534688194267112e+00,1.690589393021981479e+01,1.500020211216778643e+00,1.687356261730119655e+01,2.899999999710000331e+00
1.610173445595996511e-01,1.692453227397766113e+01,4.812790589526519724e+00,1.690589672022415613e+01,1.500020200305610896e+00,1.687356262067317303e+01,2.899999999710000331e+00
1.612173445595998511e-01,1.692453227688167061e+01,4.808058474455453535e+00,1.690589950084891413e+01,1.500020189434849271e+00,1.687356262403580942e+01,2.899999999710000331e+00
1.614173445596000511e-01,1.692453227977757280e+01,4.803338312702765123e+00,1.690590227213248298e+01,1.500020178608809873e+00,1.687356262738916612e+01,2.899999999710000331e+00
1.616173445596002511e-01,1.692453228266541743e+01,4.798630074092788078e+00,1.690590503411305079e+01,1.500020167828583606e+00,1.687356263073332840e+01,2.899999999710000331e+00
1.618173445596004512e-01,1.692453228554520805e+01,4.793933728494786273e+00,1.690590778682857476e+01,1.500020157091898287e+00,1.687356263406827139e+01,2.899999999710000331e+00
1.620173445596006512e-01,1.692453228841671731e+01,4.789249245869219074e+00,1.690591053031663549e+01,1.500020146394423604e+00,1.687356263739379614e+01,2.899999999710000331e+00
1.622173445596008512e-01,1.692453229128036796e+01,4.784576596251400638e+00,1.690591326461517596e+01,1.500020135741874316e+00,1.687356264071030409e+01,2.899999999710000331e+00
1.624173445596010512e-01,1.692453229413601079e+01,4.779915749751618037e+00,1.690591598976144283e+01,1.500020125130922866e+00,1.687356264401766026e+01,2.899999999710000331e+00
1.626173445596012512e-01,1.692453229698353567e+01,4.775266676553265199e+00,1.690591870579248734e+01,1.500020114561642304e+00,1.687356264731576871e+01,2.899999999710000331e+00
1.628173445596014512e-01,1.692453229982320195e+01,4.770629346916348545e+00,1.690592141274555971e+01,1.500020104037066870e+00,1.687356265060486393e+01,2.899999999710000331e+00
1.630173445596016513e-01,1.692453230265492437e+01,4.766003731180041392e+00,1.690592411065740208e+01,1.500020093550292755e+00,1.687356265388488907e+01,2.899999999710000331e+00
1.632173445596018513e-01,1.692453230547875975e+01,4.761389799753168006e+00,1.690592679956463584e+01,1.500020083109127045e+00,1.687356265715589032e+01,2.899999999710000331e+00
1.634173445596020513e-01,1.692453230829477206e+01,4.756787523120764583e+00,1.690592947950379710e+01,1.500020072709276509e+00,1.687356266041794584e+01,2.899999999710000331e+00
1.636173445596022513e-01,1.692453231110269130e+01,4.752196871842966353e+00,1.690593215051083575e+01,1.500020062348135230e+00,1.687356266367077851e+01,2.899999999710000331e+00
1.638173445596024513e-01,1.692453231390303259e+01,4.747617816555068870e+00,1.690593481262233766e+01,1.500020052028096851e+00,1.687356266691490703e+01,2.899999999710000331e+00
1.640173445596026514e-01,1.692453231669542646e+01,4.743050327963477031e+00,1.690593746587380863e+01,1.500020041748292066e+00,1.687356267014996192e+01,2.899999999710000331e+00
1.642173445596028514e-01,1.692453231948003634e+01,4.738494376851672740e+00,1.690594011030105293e+01,1.500020031512890872e+00,1.687356267337612081e+01,2.899999999710000331e+00
1.644173445596030514e-01,1.692453232225696169e+01,4.733949934077975819e+00,1.690594274593976110e+01,1.500020021314847130e+00,1.687356267659348674e+01,2.899999999710000331e+00
1.646173445596032514e-01,1.692453232502610661e+01,4.729416970570489376e+00,1.690594537282507659e+01,1.500020011159281852e+00,1.687356267980194602e+01,2.899999999710000331e+00
1.648173445596034514e-01,1.692453232778758476e+01,4.724895457333190940e+00,1.690594799099236667e+01,1.500020001040007100e+00,1.687356268300164430e+01,2.899999999710000331e+00
1.650173445596036514e-01,1.692453233054128603e+01,4.720385365441908121e+00,1.690595060047644438e+01,1.500019990962735417e+00,1.687356268619244659e+01,2.899999999710000331e+00
1.652173445596038515e-01,1.692453233328737738e+01,4.715886666046511522e+00,1.690595320131225421e+01,1.500019980924764740e+00,1.687356268937454473e+01,2.899999999710000331e+00
1.654173445596040515e-01,1.692453233602585527e+01,4.711399330370583449e+00,1.690595579353441735e+01,1.500019970926923518e+00,1.687356269254792096e+01,2.899999999710000331e+00
1.656173445596042515e-01,1.692453233875664154e+01,4.706923329709061576e+00,1.690595837717737027e+01,1.500019960966400445e+00,1.687356269571250422e+01,2.899999999710000331e+00
1.658173445596044515e-01,1.692453234147994934e+01,4.702458635429000111e+00,1.690596095227552453e+01,1.500019951046904110e+00,1.687356269886852189e+01,2.899999999710000331e+00
1.660173445596046515e-01,1.692453234419552999e+01,4.698005218970275010e+00,1.690596351886280857e+01,1.500019941162368475e+00,1.687356270201571462e+01,2.899999999710000331e+00
1.662173445596048516e-01,1.692453234690377073e+01,4.693563051846180834e+00,1.690596607697344922e+01,1.500019931323449018e+00,1.687356270515447676e+01,2.899999999710000331e+00
1.664173445596050516e-01,1.692453234960433051e+01,4.689132105639330916e+00,1.690596862664093436e+01,1.500019921519505139e+00,1.687356270828446725e+01,2.899999999710000331e+00
1.666173445596052516e-01,1.692453235229744735e+01,4.684712352008880920e+00,1.690597116789912846e+01,1.500019911750851476e+00,1.687356271140593122e+01,2.899999999710000331e+00
1.668173445596054516e-01,1.692453235498311770e+01,4.680303762679319135e+00,1.690597370078135597e+01,1.500019902024058771e+00,1.687356271451887224e+01,2.899999999710000331e+00
1.670173445596056516e-01,1.692453235766130959e+01,4.675906309446254738e+00,1.690597622532093780e+01,1.500019892333269045e+00,1.687356271762325477e+01,2.899999999710000331e+00
1.672173445596058516e-01,1.692453236033211539e+01,4.671519964187826446e+00,1.690597874155101010e+01,1.500019882679406225e+00,1.687356272071917473e+01,2.899999999710000331e+00
1.674173445596060517e-01,1.692453236299545694e+01,4.667144698841547701e+00,1.690598124950444614e+01,1.500019873063108689e+00,1.687356272380655042e+01,2.899999999710000331e+00
1.676173445596062517e-01,1.692453236565144437e+01,4.662780485419594889e+00,1.690598374921411562e+01,1.500019863486178551e+00,1.687356272688550618e+01,2.899999999710000331e+00
1.678173445596064517e-01,1.692453236830005636e+01,4.658427296005873686e+00,1.690598624071258982e+01,1.500019853944912107e+00,1.687356272995601003e+01,2.899999999710000331e+00
1.680173445596066517e-01,1.692453237094136043e+01,4.654085102752633318e+00,1.690598872403239739e+01,1.500019844438725602e+00,1.687356273301815079e+01,2.899999999710000331e+00
1.682173445596068517e-01,1.692453237357529972e+01,4.649753877883921582e+00,1.690599119920574367e+01,1.500019834973781663e+00,1.687356273607186097e+01,2.899999999710000331e+00
1.684173445596070517e-01,1.692453237620202344e+01,4.645433593692123608e+00,1.690599366626488731e+01,1.500019825544366192e+00,1.687356273911729332e+01,2.899999999710000331e+00
1.686173445596072518e-01,1.692453237882150319e+01,4.641124222544367406e+00,1.690599612524182049e+01,1.500019816150841567e+00,1.687356274215442653e+01,2.899999999710000331e+00
1.688173445596074518e-01,1.692453238143371763e+01,4.636825736871520220e+00,1.690599857616828672e+01,1.500019806791876187e+00,1.687356274518323218e+01,2.899999999710000331e+00
1.690173445596076518e-01,1.692453238403867744e+01,4.632538109177771979e+00,1.690600101907594777e+01,1.500019797470868221e+00,1.687356274820373869e+01,2.899999999710000331e+00
1.692173445596078518e-01,1.692453238663641812e+01,4.628261312035863106e+00,1.690600345399637305e+01,1.500019788183440284e+00,1.687356275121596738e+01,2.899999999710000331e+00
1.694173445596080518e-01,1.692453238922703918e+01,4.623995318087115614e+00,1.690600588096090817e+01,1.500019778934221781e+00,1.687356275422004259e+01,2.899999999710000331e+00
1.696173445596082519e-01,1.692453239181052993e+01,4.619740100044572806e+00,1.690600830000080990e+01,1.500019769718950347e+00,1.687356275721593590e+01,2.899999999710000331e+00
1.698173445596084519e-01,1.692453239438678736e+01,4.615495630686685224e+00,1.690601071114698684e+01,1.500019760539449631e+00,1.687356276020355139e+01,2.899999999710000331e+00
1.700173445596086519e-01,1.692453239695606015e+01,4.611261882862772943e+00,1.690601311443052879e+01,1.500019751398042889e+00,1.687356276318314485e+01,2.899999999710000331e+00
1.702173445596088519e-01,1.692453239951820620e+01,4.607038829488494969e+00,1.690601550988208501e+01,1.500019742289617097e+00,1.687356276615458128e+01,2.899999999710000331e+00
1.704173445596090519e-01,1.692453240207320064e+01,4.602826443552399560e+00,1.690601789753220174e+01,1.500019733211663153e+00,1.687356276911782516e+01,2.899999999710000331e+00
1.706173445596092519e-01,1.692453240462130637e+01,4.598624698106125841e+00,1.690602027741150337e+01,1.500019724176197666e+00,1.687356277207314292e+01,2.899999999710000331e+00
1.708173445596094520e-01,1.692453240716230667e+01,4.594433566274344294e+00,1.690602264955013467e+01,1.500019715170489487e+00,1.687356277502033564e+01,2.899999999710000331e+00
1.710173445596096520e-01,1.692453240969622641e+01,4.590253021245046305e+00,1.690602501397823332e+01,1.500019706198968850e+00,1.687356277795942461e+01,2.899999999710000331e+00
1.712173445596098520e-01,1.692453241222327165e+01,4.586083036275029556e+00,1.690602737072595119e+01,1.500019697263237806e+00,1.687356278089061590e+01,2.899999999710000331e+00
1.714173445596100520e-01,1.692453241474330383e+01,4.581923584693472939e+00,1.690602971982306357e+01,1.500019688357632885e+00,1.687356278381376740e+01,2.899999999710000331e+00
1.716173445596102520e-01,1.692453241725647217e+01,4.577774639890543007e+00,1.690603206129932090e+01,1.500019679491273017e+00,1.687356278672903898e+01,2.899999999710000331e+00
1.718173445596104520e-01,1.692453241976268785e+01,4.573636175326192266e+00,1.690603439518426399e+01,1.500019670655757587e+00,1.687356278963633471e+01,2.899999999710000331e+00
1.720173445596106521e-01,1.692453242226194021e+01,4.569508164527122496e+00,1.690603672150727377e+01,1.500019661853887687e+00,1.687356279253566171e+01,2.899999999710000331e+00
1.722173445596108521e-01,1.692453242475446373e+01,4.565390581088437649e+00,1.690603904029780935e+01,1.500019653090366667e+00,1.687356279542724735e+01,2.899999999710000331e+00
1.724173445596110521e-01,1.692453242724002394e+01,4.561283398670052946e+00,1.690604135158487509e+01,1.500019644351954895e+00,1.687356279831087136e+01,2.899999999710000331e+00
1.726173445596112521e-01,1.692453242971886951e+01,4.557186590997587494e+00,1.690604365539755349e+01,1.500019635654105343e+00,1.687356280118675755e+01,2.899999999710000331e+00
1.728173445596114521e-01,1.692453243219082637e+01,4.553100131865326361e+00,1.690604595176465708e+01,1.500019626985161114e+00,1.687356280405476028e+01,2.899999999710000331e+00
1.730173445596116522e-01,1.692453243465594070e+01,4.549023995133414822e+00,1.690604824071485623e+01,1.500019618348325645e+00,1.687356280691492216e+01,2.899999999710000331e+00
1.732173445596118522e-01,1.692453243711432620e+01,4.544958154724963784e+00,1.690605052227686755e+01,1.500019609744824400e+00,1.687356280976736045e+01,2.899999999710000331e+00
1.734173445596120522e-01,1.692453243956602549e+01,4.540902584645541751e+00,1.690605279647912695e+01,1.500019601177393636e+00,1.687356281261211066e+01,2.899999999710000331e+00
1.736173445596122522e-01,1.692453244201085738e+01,4.536857258929975600e+00,1.690605506334983232e+01,1.500019592635616350e+00,1.687356281544900583e+01,2.899999999710000331e+00
1.738173445596124522e-01,1.692453244444921978e+01,4.532822151711306091e+00,1.690605732291747287e+01,1.500019584130707573e+00,1.687356281827843674e+01,2.899999999710000331e+00
1.740173445596126522e-01,1.692453244688069702e+01,4.528797237178387114e+00,1.690605957520968516e+01,1.500019575655228365e+00,1.687356282109999128e+01,2.899999999710000331e+00
1.742173445596128523e-01,1.692453244930559464e+01,4.524782489583355272e+00,1.690606182025464932e+01,1.500019567212962146e+00,1.687356282391398565e+01,2.899999999710000331e+00
1.744173445596130523e-01,1.692453245172383092e+01,4.520777883244893935e+00,1.690606405808003387e+01,1.500019558803777020e+00,1.687356282672034169e+01,2.899999999710000331e+00
1.746173445596132523e-01,1.692453245413543073e+01,4.516783392547552012e+00,1.690606628871353578e+01,1.500019550425156112e+00,1.687356282951907360e+01,2.899999999710000331e+00
1.748173445596134523e-01,1.692453245654039407e+01,4.512798991937191140e+00,1.690606851218264950e+01,1.500019542074773282e+00,1.687356283231019205e+01,2.899999999710000331e+00
1.750173445596136523e-01,1.692453245893880265e+01,4.508824655926934710e+00,1.690607072851475579e+01,1.500019533760174051e+00,1.687356283509377519e+01,2.899999999710000331e+00
1.752173445596138524e-01,1.692453246133074529e+01,4.504860359093742161e+00,1.690607293773721054e+01,1.500019525478447635e+00,1.687356283786992606e+01,2.899999999710000331e+00
1.754173445596140524e-01,1.692453246371602660e+01,4.500906076078351248e+00,1.690607513987700727e+01,1.500019517220654741e+00,1.687356284063844569e+01,2.899999999710000331e+00
1.756173445596142524e-01,1.692453246609491302e+01,4.496961781586723106e+00,1.690607733496123899e+01,1.500019509000868778e+00,1.687356284339959345e+01,2.899999999710000331e+00
1.758173445596144524e-01,1.692453246846713455e+01,4.493027450386376742e+00,1.690607952301663275e+01,1.500019500805425787e+00,1.687356284615311708e+01,2.899999999710000331e+00
1.760173445596146524e-01,1.692453247083283330e+01,4.489103057310042999e+00,1.690608170406994049e+01,1.500019492643803742e+00,1.687356284889915869e+01,2.899999999710000331e+00
1.762173445596148524e-01,1.692453247319214427e+01,4.485188577254619169e+00,1.690608387814794611e+01,1.500019484512778778e+00,1.687356285163785330e+01,2.899999999710000331e+00
1.764173445596150525e-01,1.692453247554512430e+01,4.481283985179805640e+00,1.690608604527717418e+01,1.500019476411095232e+00,1.687356285436924352e+01,2.899999999710000331e+00
1.766173445596152525e-01,1.692453247789154602e+01,4.477389256109534088e+00,1.690608820548376556e+01,1.500019468336868389e+00,1.687356285709314108e+01,2.899999999710000331e+00
1.768173445596154525e-01,1.692453248023158352e+01,4.473504365129989502e+00,1.690609035879405297e+01,1.500019460296533547e+00,1.687356285980968096e+01,2.899999999710000331e+00
1.770173445596156525e-01,1.692453248256532561e+01,4.469629287387538952e+00,1.690609250523428742e+01,1.500019452284791166e+00,1.687356286251898041e+01,2.899999999710000331e+00
1.772173445596158525e-01,1.692453248489259110e+01,4.465763998095646947e+00,1.690609464483020119e+01,1.500019444304613536e+00,1.687356286522086180e+01,2.899999999710000331e+00
1.774173445596160525e-01,1.692453248721351144e+01,4.461908472529386493e+00,1.690609677760784635e+01,1.500019436353640989e+00,1.687356286791544235e+01,2.899999999710000331e+00
1.776173445596162526e-01,1.692453248952820744e+01,4.458062686024829802e+00,1.690609890359306533e+01,1.500019428430479973e+00,1.687356287060286064e+01,2.899999999710000331e+00
1.778173445596164526e-01,1.692453249183643749e+01,4.454226613979959559e+00,1.690610102281118543e+01,1.500019420536891079e+00,1.687356287328287507e+01,2.899999999710000331e+00
1.780173445596166526e-01,1.692453249413847516e+01,4.450400231858612443e+00,1.690610313528802422e+01,1.500019412671634633e+00,1.687356287595574855e+01,2.899999999710000331e+00
1.782173445596168526e-01,1.692453249643418900e+01,4.446583515181734114e+00,1.690610524104881307e+01,1.500019404835802872e+00,1.687356287862136739e+01,2.899999999710000331e+00
1.784173445596170526e-01,1.692453249872369270e+01,4.442776439535603750e+00,1.690610734011891125e+01,1.500019397029805690e+00,1.687356288127984527e+01,2.899999999710000331e+00
1.786173445596172527e-01,1.692453250100695783e+01,4.438978980565470245e+00,1.690610943252340803e+01,1.500019389252272850e+00,1.687356288393114312e+01,2.899999999710000331e+00
1.788173445596174527e-01,1.692453250328403414e+01,4.435191113981859168e+00,1.690611151828741399e+01,1.500019381504052562e+00,1.687356288657532843e+01,2.899999999710000331e+00
1.790173445596176527e-01,1.692453250555482214e+01,4.431412815553697371e+00,1.690611359743571640e+01,1.500019373782151444e+00,1.687356288921229464e+01,2.899999999710000331e+00
1.792173445596178527e-01,1.692453250781954210e+01,4.427644061111094764e+00,1.690611566999329796e+01,1.500019366093120254e+00,1.687356289184226910e+01,2.899999999710000331e+00
1.794173445596180527e-01,1.692453251007795245e+01,4.423884826546427007e+00,1.690611773598467238e+01,1.500019358427322702e+00,1.687356289446501378e+01,2.899999999710000331e+00
1.796173445596182527e-01,1.692453251233026634e+01,4.420135087810492358e+00,1.690611979543454879e+01,1.500019350789622452e+00,1.687356289708074186e+01,2.899999999710000331e+00
1.798173445596184528e-01,1.692453251457652641e+01,4.416394820920289455e+00,1.690612184836742671e+01,1.500019343183376375e+00,1.687356289968949596e+01,2.899999999710000331e+00
1.800173445596186528e-01,1.692453251681663673e+01,4.412664001947975478e+00,1.690612389480752498e+01,1.500019335604325210e+00,1.687356290229118017e+01,2.899999999710000331e+00
1.802173445596188528e-01,1.692453251905070033e+01,4.408942607026237859e+00,1.690612593477921877e+01,1.500019328052689893e+00,1.687356290488590460e+01,2.899999999710000331e+00
1.804173445596190528e-01,1.692453252127865682e+01,4.405230612353774333e+00,1.690612796830653153e+01,1.500019320526592370e+00,1.687356290747361598e+01,2.899999999710000331e+00
1.806173445596192528e-01,1.692453252350054171e+01,4.401527994182667491e+00,1.690612999541344408e+01,1.500019313033219781e+00,1.687356291005434983e+01,2.899999999710000331e+00
1.808173445596194528e-01,1.692453252571642963e+01,4.397834728830110507e+00,1.690613201612406513e+01,1.500019305559366911e+00,1.687356291262817365e+01,2.899999999710000331e+00
1.810173445596196529e-01,1.692453252792628149e+01,4.394150792670248329e+00,1.690613403046197760e+01,1.500019298117040156e+00,1.687356291519505902e+01,2.899999999710000331e+00
1.812173445596198529e-01,1.692453253013009729e+01,4.390476162135095173e+00,1.690613603845091362e+01,1.500019290703695107e+00,1.687356291775501305e+01,2.899999999710000331e+00
1.814173445596200529e-01,1.692453253232804045e+01,4.386810813721565339e+00,1.690613804011460175e+01,1.500019283317324037e+00,1.687356292030818850e+01,2.899999999710000331e+00
1.816173445596202529e-01,1.692453253451990136e+01,4.383154723982022105e+00,1.690614003547631228e+01,1.500019275952266140e+00,1.687356292285437576e+01,2.899999999710000331e+00
1.818173445596204529e-01,1.692453253670591806e+01,4.379507869529494890e+00,1.690614202455955706e+01,1.500019268620792046e+00,1.687356292539384128e+01,2.899999999710000331e+00
1.820173445596206530e-01,1.692453253888592002e+01,4.375870227036219973e+00,1.690614400738749268e+01,1.500019261309158525e+00,1.687356292792638968e+01,2.899999999710000331e+00
1.822173445596208530e-01,1.692453254106011684e+01,4.372241773230409301e+00,1.690614598398335744e+01,1.500019254030213744e+00,1.687356293045224831e+01,2.899999999710000331e+00
1.824173445596210530e-01,1.692453254322830247e+01,4.368622484901487191e+00,1.690614795437006279e+01,1.500019246774775938e+00,1.687356293297120047e+01,2.899999999710000331e+00
1.826173445596212530e-01,1.692453254539068652e+01,4.365012338900683631e+00,1.690614991857068006e+01,1.500019239547826455e+00,1.687356293548346287e+01,2.899999999710000331e+00
1.828173445596214530e-01,1.692453254754724057e+01,4.361411312132089435e+00,1.690615187660806384e+01,1.500019232344288689e+00,1.687356293798901774e+01,2.899999999710000331e+00
1.830173445596216530e-01,1.692453254969790066e+01,4.357819381560909200e+00,1.690615382850480231e+01,1.500019225167064763e+00,1.687356294048778693e+01,2.899999999710000331e+00
1.832173445596218531e-01,1.692453255184267391e+01,4.354236524210471693e+00,1.690615577428354044e+01,1.500019218017104361e+00,1.687356294297980241e+01,2.899999999710000331e+00
1.834173445596220531e-01,1.692453255398178058e+01,4.350662717161866588e+00,1.690615771396701561e+01,1.500019210892373778e+00,1.687356294546527380e+01,2.899999999710000331e+00
1.836173445596222531e-01,1.692453255611501106e+01,4.347097937554058156e+00,1.690615964757742162e+01,1.500019203791690181e+00,1.687356294794399147e+01,2.899999999710000331e+00
1.838173445596224531e-01,1.692453255824248970e+01,4.343542162582664012e+00,1.690616157513716189e+01,1.500019196718534120e+00,1.687356295041607979e+01,2.899999999710000331e+00
1.840173445596226531e-01,1.692453256036423426e+01,4.339995369502173794e+00,1.690616349666848706e+01,1.500019189669368647e+00,1.687356295288156360e+01,2.899999999710000331e+00
1.842173445596228532e-01,1.692453256248015236e+01,4.336457535624162141e+00,1.690616541219338842e+01,1.500019182647322591e+00,1.687356295534036121e+01,2.899999999710000331e+00
1.844173445596230532e-01,1.692453256459043232e+01,4.332928638322898429e+00,1.690616732173407044e+01,1.500019175649278225e+00,1.687356295779264315e+01,2.899999999710000331e+00
1.846173445596232532e-01,1.692453256669508477e+01,4.329408655016032448e+00,1.690616922531244271e+01,1.500019168678885295e+00,1.687356296023844848e+01,2.899999999710000331e+00
1.848173445596234532e-01,1.692453256879392143e+01,4.325897563190447492e+00,1.690617112295014124e+01,1.500019161730196782e+00,1.687356296267756761e+01,2.899999999710000331e+00
1.850173445596236532e-01,1.692453257088716967e+01,4.322395340386615104e+00,1.690617301466908273e+01,1.500019154808308386e+00,1.687356296511023857e+01,2.899999999710000331e+00
1.852173445596238532e-01,1.692453257297465896e+01,4.318901964202179755e+00,1.690617490049071137e+01,1.500019147909892991e+00,1.687356296753629437e+01,2.899999999710000331e+00
1.854173445596240533e-01,1.692453257505658115e+01,4.315417412289527022e+00,1.690617678043672711e+01,1.500019141038373416e+00,1.687356296995592686e+01,2.899999999710000331e+00
1.856173445596242533e-01,1.692453257713289716e+01,4.311941662357380523e+00,1.690617865452852442e+01,1.500019134190267778e+00,1.687356297236910052e+01,2.899999999710000331e+00
1.858173445596244533e-01,1.692453257920359277e+01,4.308474692175540355e+00,1.690618052278740180e+01,1.500019127367014260e+00,1.687356297477579403e+01,2.899999999710000331e+00
1.860173445596246533e-01,1.692453258126863602e+01,4.305016479562548071e+00,1.690618238523457251e+01,1.500019120565905917e+00,1.687356297717600384e+01,2.899999999710000331e+00
1.862173445596248533e-01,1.692453258332822585e+01,4.301567002398662964e+00,1.690618424189132440e+01,1.500019113791569270e+00,1.687356297956990048e+01,2.899999999710000331e+00
1.864173445596250533e-01,1.692453258538219529e+01,4.298126238618178441e+00,1.690618609277855100e+01,1.500019107040642341e+00,1.687356298195734183e+01,2.899999999710000331e+00
1.866173445596252534e-01,1.692453258743069711e+01,4.294694166209886532e+00,1.690618793791735541e+01,1.500019100313236153e+00,1.687356298433846291e+01,2.899999999710000331e+00
1.868173445596254534e-01,1.692453258947368866e+01,4.291270763220834006e+00,1.690618977732849970e+01,1.500019093614943566e+00,1.687356298671324595e+01,2.899999999710000331e+00
1.870173445596256534e-01,1.692453259151100298e+01,4.287856007749956788e+00,1.690619161103269263e+01,1.500019086933211288e+00,1.687356298908149910e+01,2.899999999710000331e+00
1.872173445596258534e-01,1.692453259354287098e+01,4.284449877956168606e+00,1.690619343905071759e+01,1.500019080276046912e+00,1.687356299144348526e+01,2.899999999710000331e+00
1.874173445596260534e-01,1.692453259556937084e+01,4.281052352048551057e+00,1.690619526140324069e+01,1.500019073643865219e+00,1.687356299379925062e+01,2.899999999710000331e+00
1.876173445596262535e-01,1.692453259759037465e+01,4.277663408296449532e+00,1.690619707811064742e+01,1.500019067036207021e+00,1.687356299614870636e+01,2.899999999710000331e+00
1.878173445596264535e-01,1.692453259960597833e+01,4.274283025018910109e+00,1.690619888919341207e+01,1.500019060451280195e+00,1.687356299849191288e+01,2.899999999710000331e+00
1.880173445596266535e-01,1.692453260161604334e+01,4.270911180594793244e+00,1.690620069467168918e+01,1.500019053889413811e+00,1.687356300082877070e+01,2.899999999710000331e+00
1.882173445596268535e-01,1.692453260362072598e+01,4.267547853452013484e+00,1.690620249456584290e+01,1.500019047351609514e+00,1.687356300315941127e+01,2.899999999710000331e+00
1.884173445596270535e-01,1.692453260562009731e+01,4.264193022074300288e+00,1.690620428889609173e+01,1.500019040836602535e+00,1.687356300548392340e+01,2.899999999710000331e+00
1.886173445596272535e-01,1.692453260761400813e+01,4.260846665012228307e+00,1.690620607768229178e+01,1.500019034343917257e+00,1.687356300780215435e+01,2.899999999710000331e+00
1.888173445596274536e-01,1.692453260960262185e+01,4.257508760845511553e+00,1.690620786094455497e+01,1.500019027877193656e+00,1.687356301011426396e+01,2.899999999710000331e+00
1.890173445596276536e-01,1.692453261158584610e+01,4.254179288229269496e+00,1.690620963870266280e+01,1.500019021432023703e+00,1.687356301242016698e+01,2.899999999710000331e+00
1.892173445596278536e-01,1.692453261356372707e+01,4.250858225864072359e+00,1.690621141097645364e+01,1.500019015005729983e+00,1.687356301471992026e+01,2.899999999710000331e+00
1.894173445596280536e-01,1.692453261553630384e+01,4.247545552506651667e+00,1.690621317778559529e+01,1.500019008603779680e+00,1.687356301701353800e+01,2.899999999710000331e+00
1.896173445596282536e-01,1.692453261750359417e+01,4.244241246964254977e+00,1.690621493914973072e+01,1.500019002224209697e+00,1.687356301930107350e+01,2.899999999710000331e+00
1.898173445596284536e-01,1.692453261946561938e+01,4.240945288102241584e+00,1.690621669508835723e+01,1.500018995870340932e+00,1.687356302158253385e+01,2.899999999710000331e+00
1.900173445596286537e-01,1.692453262142233328e+01,4.237657654835566667e+00,1.690621844562089748e+01,1.500018989537653447e+00,1.687356302385786933e+01,2.899999999710000331e+00
1.902173445596288537e-01,1.692453262337378206e+01,4.234378326133984238e+00,1.690622019076672444e+01,1.500018983225249736e+00,1.687356302612714387e+01,2.899999999710000331e+00
1.904173445596290537e-01,1.692453262531999414e+01,4.231107281020919153e+00,1.690622193054513644e+01,1.500018976935401760e+00,1.687356302839037525e+01,2.899999999710000331e+00
1.906173445596292537e-01,1.692453262726107965e+01,4.227844498569964138e+00,1.690622366497536433e+01,1.500018970670456309e+00,1.687356303064767005e+01,2.899999999710000331e+00
1.908173445596294537e-01,1.692453262919680412e+01,4.224589957911983440e+00,1.690622539407631209e+01,1.500018964424524759e+00,1.687356303289881865e+01,2.899999999710000331e+00
1.910173445596296538e-01,1.692453263112741624e+01,4.221343638227321726e+00,1.690622711786721766e+01,1.500018958200696639e+00,1.687356303514404843e+01,2.899999999710000331e+00
1.912173445596298538e-01,1.692453263305277744e+01,4.218105518748781257e+00,1.690622883636685003e+01,1.500018951999045891e+00,1.687356303738323504e+01,2.899999999710000331e+00
1.914173445596300538e-01,1.692453263497316129e+01,4.214875578762663721e+00,1.690623054959433702e+01,1.500018945819950877e+00,1.687356303961666271e+01,2.899999999710000331e+00
1.916173445596302538e-01,1.692453263688820897e+01,4.211653797608033933e+00,1.690623225756809589e+01,1.500018939660010098e+00,1.687356304184394062e+01,2.899999999710000331e+00
1.918173445596304538e-01,1.692453263879823666e+01,4.208440154676811318e+00,1.690623396030709458e+01,1.500018933522968556e+00,1.687356304406543117e+01,2.899999999710000331e+00
1.920173445596306538e-01,1.692453264070304186e+01,4.205234629411303438e+00,1.690623565782970061e+01,1.500018927408025782e+00,1.687356304628089632e+01,2.899999999710000331e+00
1.922173445596308539e-01,1.692453264260270274e+01,4.202037201305610203e+00,1.690623735015456219e+01,1.500018921312304077e+00,1.687356304849044264e+01,2.899999999710000331e+00
1.924173445596310539e-01,1.692453264449741823e+01,4.198847849906570673e+00,1.690623903730027067e+01,1.500018915242389506e+00,1.687356305069425844e+01,2.899999999710000331e+00
1.926173445596312539e-01,1.692453264638703914e+01,4.195666554812452986e+00,1.690624071928505856e+01,1.500018909188826521e+00,1.687356305289220160e+01,2.899999999710000331e+00
1.928173445596314539e-01,1.692453264827161874e+01,4.192493295673156872e+00,1.690624239612721524e+01,1.500018903160428074e+00,1.687356305508431831e+01,2.899999999710000331e+00
1.930173445596316539e-01,1.692453265015096164e+01,4.189328052192422547e+00,1.690624406784480271e+01,1.500018897147646912e+00,1.687356305727042738e+01,2.899999999710000331e+00
1.932173445596318540e-01,1.692453265202543378e+01,4.186170804115913135e+00,1.690624573445624534e+01,1.500018891160482593e+00,1.687356305945089119e+01,2.899999999710000331e+00
1.934173445596320540e-01,1.692453265389485750e+01,4.183021531252536285e+00,1.690624739597944171e+01,1.500018885191658047e+00,1.687356306162552499e+01,2.899999999710000331e+00
1.936173445596322540e-01,1.692453265575927546e+01,4.179880213456421245e+00,1.690624905243237563e+01,1.500018879246379999e+00,1.687356306379439275e+01,2.899999999710000331e+00
1.938173445596324540e-01,1.692453265761879067e+01,4.176746830632350971e+00,1.690625070383309847e+01,1.500018873317209289e+00,1.687356306595757971e+01,2.899999999710000331e+00
1.940173445596326540e-01,1.692453265947315089e+01,4.173621362734889928e+00,1.690625235019904338e+01,1.500018867413122514e+00,1.687356306811484075e+01,2.899999999710000331e+00
1.942173445596328540e-01,1.692453266132270073e+01,4.170503789773215786e+00,1.690625399154840025e+01,1.500018861527379732e+00,1.687356307026654179e+01,2.899999999710000331e+00
1.944173445596330541e-01,1.692453266316727678e+01,4.167394091804597522e+00,1.690625562789864489e+01,1.500018855660840478e+00,1.687356307241250164e+01,2.899999999710000331e+00
1.946173445596332541e-01,1.692453266500684705e+01,4.164292248933295859e+00,1.690625725926728151e+01,1.500018849815703881e+00,1.687356307455269189e+01,2.899999999710000331e+00
1.948173445596334541e-01,1.692453266684153945e+01,4.161198241323049274e+00,1.690625888567194224e+01,1.500018843992183104e+00,1.687356307668723687e+01,2.899999999710000331e+00
1.950173445596336541e-01,1.692453266867138240e+01,4.158112049179114145e+00,1.690626050713013484e+01,1.500018838186094605e+00,1.687356307881618989e+01,2.899999999710000331e+00
1.952173445596338541e-01,1.692453267049620180e+01,4.155033652759700047e+00,1.690626212365902248e+01,1.500018832400770163e+00,1.687356308093935908e+01,2.899999999710000331e+00
1.954173445596340541e-01,1.692453267231634584e+01,4.151963032373480189e+00,1.690626373527622306e+01,1.500018826636555724e+00,1.687356308305709263e+01,2.899999999710000331e+00
1.956173445596342542e-01,1.692453267413140594e+01,4.148900168376723485e+00,1.690626534199853737e+01,1.500018820891678706e+00,1.687356308516898906e+01,2.899999999710000331e+00
1.958173445596344542e-01,1.692453267594184396e+01,4.145845041177808277e+00,1.690626694384359752e+01,1.500018815165096608e+00,1.687356308727551735e+01,2.899999999710000331e+00
1.960173445596346542e-01,1.692453267774722647e+01,4.142797631232110867e+00,1.690626854082799824e+01,1.500018809457982494e+00,1.687356308937624050e+01,2.899999999710000331e+00
1.962173445596348542e-01,1.692453267954798690e+01,4.139757919047698742e+00,1.690627013296913361e+01,1.500018803775276854e+00,1.687356309147159905e+01,2.899999999710000331e+00
1.964173445596350542e-01,1.692453268134383393e+01,4.136725885178653250e+00,1.690627172028370850e+01,1.500018798106696361e+00,1.687356309356130524e+01,2.899999999710000331e+00
1.966173445596352543e-01,1.692453268313491677e+01,4.133701510231367671e+00,1.690627330278866580e+01,1.500018792458953643e+00,1.687356309564549761e+01,2.899999999710000331e+00
1.968173445596354543e-01,1.692453268492118923e+01,4.130684774857951602e+00,1.690627488050073168e+01,1.500018786833018591e+00,1.687356309772414420e+01,2.899999999710000331e+00
1.970173445596356543e-01,1.692453268670276856e+01,4.127675659761202098e+00,1.690627645343674601e+01,1.500018781225877396e+00,1.687356309979734803e+01,2.899999999710000331e+00
1.972173445596358543e-01,1.692453268847950909e+01,4.124674145692739380e+00,1.690627802161322890e+01,1.500018775634722967e+00,1.687356310186499186e+01,2.899999999710000331e+00
1.974173445596360543e-01,1.692453269025159202e+01,4.121680213451119457e+00,1.690627958504686390e+01,1.500018770066352980e+00,1.687356310392723202e+01,2.899999999710000331e+00
1.976173445596362543e-01,1.692453269201882193e+01,4.118693843885851358e+00,1.690628114375400415e+01,1.500018764514403191e+00,1.687356310598388376e+01,2.899999999710000331e+00
1.978173445596364544e-01,1.692453269378148306e+01,4.115715017895647421e+00,1.690628269775130477e+01,1.500018758982874623e+00,1.687356310803524195e+01,2.899999999710000331e+00
1.980173445596366544e-01,1.692453269553938000e+01,4.112743716422361473e+00,1.690628424705497679e+01,1.500018753468044475e+00,1.687356311008111120e+01,2.899999999710000331e+00
1.982173445596368544e-01,1.692453269729263354e+01,4.109779920456911206e+00,1.690628579168139822e+01,1.500018747973779432e+00,1.687356311212160165e+01,2.899999999710000331e+00
1.984173445596370544e-01,1.692453269904114066e+01,4.106823611044071676e+00,1.690628733164668418e+01,1.500018742498167468e+00,1.687356311415662091e+01,2.899999999710000331e+00
1.986173445596372544e-01,1.692453270078510741e+01,4.103874769271053324e+00,1.690628886696718070e+01,1.500018737041638239e+00,1.687356311618638571e+01,2.899999999710000331e+00
1.988173445596374544e-01,1.692453270252426378e+01,4.100933376274129571e+00,1.690629039765873642e+01,1.500018731601333366e+00,1.687356311821060117e+01,2.899999999710000331e+00
1.990173445596376545e-01,1.692453270425893308e+01,4.097999413239958422e+00,1.690629192373767609e+01,1.500018726181805873e+00,1.687356312022962612e+01,2.899999999710000331e+00
1.992173445596378545e-01,1.692453270598895543e+01,4.095072861399146724e+00,1.690629344521976662e+01,1.500018720779699999e+00,1.687356312224327226e+01,2.899999999710000331e+00
1.994173445596380545e-01,1.692453270771435569e+01,4.092153702031452234e+00,1.690629496212092420e+01,1.500018715397008151e+00,1.687356312425158933e+01,2.899999999710000331e+00
1.996173445596382545e-01,1.692453270943513388e+01,4.089241916462966309e+00,1.690629647445698680e+01,1.500018710032519298e+00,1.687356312625456667e+01,2.899999999710000331e+00
1.998173445596384545e-01,1.692453271115131841e+01,4.086337486067654901e+00,1.690629798224372493e+01,1.500018704683250270e+00,1.687356312825223270e+01,2.899999999710000331e+00
2.000173445596386546e-01,1.692453271286303007e+01,4.083440392266262542e+00,1.690629948549689132e+01,1.500018699355132767e+00,1.687356313024471888e+01,2.899999999710000331e+00
2.002173445596388546e-01,1.692453271457015518e+01,4.080550616526967822e+00,1.690630098423207173e+01,1.500018694044096046e+00,1.687356313223191506e+01,2.899999999710000331e+00
2.004173445596390546e-01,1.692453271627271150e+01,4.077668140361931925e+00,1.690630247846475598e+01,1.500018688753187002e+00,1.687356313421382836e+01,2.899999999710000331e+00
2.006173445596392546e-01,1.692453271797072034e+01,4.074792945336469963e+00,1.690630396821053338e+01,1.500018683476892933e+00,1.687356313619049075e+01,2.899999999710000331e+00
2.008173445596394546e-01,1.692453271966423856e+01,4.071925013055717635e+00,1.690630545348484048e+01,1.500018678218238533e+00,1.687356313816196263e+01,2.899999999710000331e+00
2.010173445596396546e-01,1.692453272135331588e+01,4.069064325175732577e+00,1.690630693430306764e+01,1.500018672980983903e+00,1.687356314012827596e+01,2.899999999710000331e+00
2.012173445596398547e-01,1.692453272303789902e+01,4.066210863395896880e+00,1.690630841068048440e+01,1.500018667761107372e+00,1.687356314208940944e+01,2.899999999710000331e+00
2.014173445596400547e-01,1.692453272471789205e+01,4.063364609463391730e+00,1.690630988263225376e+01,1.500018662555942406e+00,1.687356314404525293e+01,2.899999999710000331e+00
2.016173445596402547e-01,1.692453272639347617e+01,4.060525545170643902e+00,1.690631135017369857e+01,1.500018657368907826e+00,1.687356314599598761e+01,2.899999999710000331e+00
2.018173445596404547e-01,1.692453272806474729e+01,4.057693652356997305e+00,1.690631281332001734e+01,1.500018652200345359e+00,1.687356314794171652e+01,2.899999999710000331e+00
2.020173445596406547e-01,1.692453272973135725e+01,4.054868912907775069e+00,1.690631427208592896e+01,1.500018647046033715e+00,1.687356314988208794e+01,2.899999999710000331e+00
2.022173445596408548e-01,1.692453273139358316e+01,4.052051308753224390e+00,1.690631572648666747e+01,1.500018641911865958e+00,1.687356315181738609e+01,2.899999999710000331e+00
2.024173445596410548e-01,1.692453273305151740e+01,4.049240821869514839e+00,1.690631717653725730e+01,1.500018636796223825e+00,1.687356315374770332e+01,2.899999999710000331e+00
2.026173445596412548e-01,1.692453273470497166e+01,4.046437434277759593e+00,1.690631862225237825e+01,1.500018631695336779e+00,1.687356315567285492e+01,2.899999999710000331e+00
2.028173445596414548e-01,1.692453273635402411e+01,4.043641128045200261e+00,1.690632006364686646e+01,1.500018626613667472e+00,1.687356315759290837e+01,2.899999999710000331e+00
2.030173445596416548e-01,1.692453273799879199e+01,4.040851885287745304e+00,1.690632150073565043e+01,1.500018621548397713e+00,1.687356315950800223e+01,2.899999999710000331e+00
2.032173445596418548e-01,1.692453273963912252e+01,4.038069688158314463e+00,1.690632293353318616e+01,1.500018616501601176e+00,1.687356316141796597e+01,2.899999999710000331e+00
2.034173445596420549e-01,1.692453274127512586e+01,4.035294518861809010e+00,1.690632436205425648e+01,1.500018611469286833e+00,1.687356316332292749e+01,2.899999999710000331e+00
2.036173445596422549e-01,1.692453274290670606e+01,4.032526359644191594e+00,1.690632578631330674e+01,1.500018606452366177e+00,1.687356316522279798e+01,2.899999999710000331e+00
2.038173445596424549e-01,1.692453274453411538e+01,4.029765192800750739e+00,1.690632720632503805e+01,1.500018601456317713e+00,1.687356316711780480e+01,2.899999999710000331e+00
2.040173445596426549e-01,1.692453274615704828e+01,4.027011000666614216e+00,1.690632862210370391e+01,1.500018596471351939e+00,1.687356316900766373e+01,2.899999999710000331e+00
2.042173445596428549e-01,1.692453274777573924e+01,4.024263765624921163e+00,1.690633003366376386e+01,1.500018591507981780e+00,1.687356317089259150e+01,2.899999999710000331e+00
2.044173445596430549e-01,1.692453274939017049e+01,4.021523470100845543e+00,1.690633144101964902e+01,1.500018586557611000e+00,1.687356317277260942e+01,2.899999999710000331e+00
2.046173445596432550e-01,1.692453275100035981e+01,4.018790096566424275e+00,1.690633284418553117e+01,1.500018581628316916e+00,1.687356317464770683e+01,2.899999999710000331e+00
2.048173445596434550e-01,1.692453275260631429e+01,4.016063627535670477e+00,1.690633424317569933e+01,1.500018576713854523e+00,1.687356317651789794e+01,2.899999999710000331e+00
2.050173445596436550e-01,1.692453275420782788e+01,4.013344045568197238e+00,1.690633563800409433e+01,1.500018571813866997e+00,1.687356317838298025e+01,2.899999999710000331e+00
2.052173445596438550e-01,1.692453275580517413e+01,4.010631333267444809e+00,1.690633702868502652e+01,1.500018566931521136e+00,1.687356318024324153e+01,2.899999999710000331e+00
2.054173445596440550e-01,1.692453275739835661e+01,4.007925473279919437e+00,1.690633841523257885e+01,1.500018562065272842e+00,1.687356318209865336e+01,2.899999999710000331e+00
2.056173445596442551e-01,1.692453275898728648e+01,4.005226448297693587e+00,1.690633979766058914e+01,1.500018557217273063e+00,1.687356318394916954e+01,2.899999999710000331e+00
2.058173445596444551e-01,1.692453276057199574e+01,4.002534241055336395e+00,1.690634117598307640e+01,1.500018552381162662e+00,1.687356318579479364e+01,2.899999999710000331e+00
2.060173445596446551e-01,1.692453276215245950e+01,3.999848834330760106e+00,1.690634255021384291e+01,1.500018547562322002e+00,1.687356318763551144e+01,2.899999999710000331e+00
2.062173445596448551e-01,1.692453276372891224e+01,3.997170210945899971e+00,1.690634392036691835e+01,1.500018542758828621e+00,1.687356318947157163e+01,2.899999999710000331e+00
2.064173445596450551e-01,1.692453276530097739e+01,3.994498353766526400e+00,1.690634528645566803e+01,1.500018537974369348e+00,1.687356319130258342e+01,2.899999999710000331e+00
2.066173445596452551e-01,1.692453276686907415e+01,3.991833245700965538e+00,1.690634664849422464e+01,1.500018533203899773e+00,1.687356319312896602e+01,2.899999999710000331e+00
2.068173445596454552e-01,1.692453276843298582e+01,3.989174869699875448e+00,1.690634800649601743e+01,1.500018528448738842e+00,1.687356319495052048e+01,2.899999999710000331e+00
2.070173445596456552e-01,1.692453276999259870e+01,3.986523208759881420e+00,1.690634936047451120e+01,1.500018523708402052e+00,1.687356319676712602e+01,2.899999999710000331e+00
2.072173445596458552e-01,1.692453277154822544e+01,3.983878245917435557e+00,1.690635071044350468e+01,1.500018518987520810e+00,1.687356319857908815e+01,2.899999999710000331e+00
2.074173445596460552e-01,1.692453277309970616e+01,3.981239964253600494e+00,1.690635205641636318e+01,1.500018514280822002e+00,1.687356320038625768e+01,2.899999999710000331e+00
2.076173445596462552e-01,1.692453277464706218e+01,3.978608346891712610e+00,1.690635339840653728e+01,1.500018509586850568e+00,1.687356320218866301e+01,2.899999999710000331e+00
2.078173445596464552e-01,1.692453277619041074e+01,3.975983376998392327e+00,1.690635473642747399e+01,1.500018504912492334e+00,1.687356320398641429e+01,2.899999999710000331e+00
2.080173445596466553e-01,1.692453277772953513e+01,3.973365037780026920e+00,1.690635607049228284e+01,1.500018500250196229e+00,1.687356320577928770e+01,2.899999999710000331e+00
2.082173445596468553e-01,1.692453277926468758e+01,3.970753312489646358e+00,1.690635740061447123e+01,1.500018495605590196e+00,1.687356320756756745e+01,2.899999999710000331e+00
2.084173445596470553e-01,1.692453278079591428e+01,3.968148184418963886e+00,1.690635872680732277e+01,1.500018490975677521e+00,1.687356320935126774e+01,2.899999999710000331e+00
2.086173445596472553e-01,1.692453278232289904e+01,3.965549636909479148e+00,1.690636004908364143e+01,1.500018486359095959e+00,1.687356321113009727e+01,2.899999999710000331e+00
2.088173445596474553e-01,1.692453278384593673e+01,3.962957653335241748e+00,1.690636136745681384e+01,1.500018481759539890e+00,1.687356321290433669e+01,2.899999999710000331e+00
2.090173445596476554e-01,1.692453278536484262e+01,3.960372217105600168e+00,1.690636268193971503e+01,1.500018477176896958e+00,1.687356321467381548e+01,2.899999999710000331e+00
2.092173445596478554e-01,1.692453278687982987e+01,3.957793311690843918e+00,1.690636399254561084e+01,1.500018472605609832e+00,1.687356321643874324e+01,2.899999999710000331e+00
2.094173445596480554e-01,1.692453278839080610e+01,3.955220920594728629e+00,1.690636529928726262e+01,1.500018468051244280e+00,1.687356321819902405e+01,2.899999999710000331e+00
2.096173445596482554e-01,1.692453278989782106e+01,3.952655027360561402e+00,1.690636660217765908e+01,1.500018463511506139e+00,1.687356321995471120e+01,2.899999999710000331e+00
2.098173445596484554e-01,1.692453279140081435e+01,3.950095615574929386e+00,1.690636790122958644e+01,1.500018458986125403e+00,1.687356322170575496e+01,2.899999999710000331e+00
2.100173445596486554e-01,1.692453279289983925e+01,3.947542668865224869e+00,1.690636919645586289e+01,1.500018454476403251e+00,1.687356322345219795e+01,2.899999999710000331e+00
2.102173445596488555e-01,1.692453279439493841e+01,3.944996170902450139e+00,1.690637048786927110e+01,1.500018449982894797e+00,1.687356322519410057e+01,2.899999999710000331e+00
2.104173445596490555e-01,1.692453279588614734e+01,3.942456105395483856e+00,1.690637177548259018e+01,1.500018445502042885e+00,1.687356322693147703e+01,2.899999999710000331e+00
2.106173445596492555e-01,1.692453279737329552e+01,3.939922456095787506e+00,1.690637305930824397e+01,1.500018441033601935e+00,1.687356322866417813e+01,2.899999999710000331e+00
2.108173445596494555e-01,1.692453279885663164e+01,3.937395206795921698e+00,1.690637433935904710e+01,1.500018436583419268e+00,1.687356323039243833e+01,2.899999999710000331e+00
2.110173445596496555e-01,1.692453280033595320e+01,3.934874341330207859e+00,1.690637561564738789e+01,1.500018432145583835e+00,1.687356323211607645e+01,2.899999999710000331e+00
2.112173445596498556e-01,1.692453280181148756e+01,3.932359843573344449e+00,1.690637688818592110e+01,1.500018427724162384e+00,1.687356323383530565e+01,2.899999999710000331e+00
2.114173445596500556e-01,1.692453280328299670e+01,3.929851697439218139e+00,1.690637815698691782e+01,1.500018423316196614e+00,1.687356323554989146e+01,2.899999999710000331e+00
2.116173445596502556e-01,1.692453280475076838e+01,3.927349886884986763e+00,1.690637942206298661e+01,1.500018418925714192e+00,1.687356323726013230e+01,2.899999999710000331e+00
2.118173445596504556e-01,1.692453280621457523e+01,3.924854395906120619e+00,1.690638068342631328e+01,1.500018414544127321e+00,1.687356323896579013e+01,2.899999999710000331e+00
2.120173445596506556e-01,1.692453280767455226e+01,3.922365208540036896e+00,1.690638194108928616e+01,1.500018410179799089e+00,1.687356324066701063e+01,2.899999999710000331e+00
2.122173445596508556e-01,1.692453280913067459e+01,3.919882308863329445e+00,1.690638319506410525e+01,1.500018405829909973e+00,1.687356324236376892e+01,2.899999999710000331e+00
2.124173445596510557e-01,1.692453281058299552e+01,3.917405680993504724e+00,1.690638444536307006e+01,1.500018401493386389e+00,1.687356324405610408e+01,2.899999999710000331e+00
2.126173445596512557e-01,1.692453281203139426e+01,3.914935309087593573e+00,1.690638569199816033e+01,1.500018397171157813e+00,1.687356324574393440e+01,2.899999999710000331e+00
2.128173445596514557e-01,1.692453281347607330e+01,3.912471177341068973e+00,1.690638693498170753e+01,1.500018392862008776e+00,1.687356324742741975e+01,2.899999999710000331e+00
2.130173445596516557e-01,1.692453281491696160e+01,3.910013269995725071e+00,1.690638817432571628e+01,1.500018388566425109e+00,1.687356324910651750e+01,2.899999999710000331e+00
2.132173445596518557e-01,1.692453281635394546e+01,3.907561571325838479e+00,1.690638941004199225e+01,1.500018384287420847e+00,1.687356325078111041e+01,2.899999999710000331e+00
2.134173445596520557e-01,1.692453281778724161e+01,3.905116065649280710e+00,1.690639064214276388e+01,1.500018380023860676e+00,1.687356325245141875e+01,2.899999999710000331e+00
2.136173445596522558e-01,1.692453281921673991e+01,3.902676737321501221e+00,1.690639187063989723e+01,1.500018375768156442e+00,1.687356325411732172e+01,2.899999999710000331e+00
2.138173445596524558e-01,1.692453282064245812e+01,3.900243570739498900e+00,1.690639309554515890e+01,1.500018371529792560e+00,1.687356325577885130e+01,2.899999999710000331e+00
2.140173445596526558e-01,1.692453282206446374e+01,3.897816550338161434e+00,1.690639431687049665e+01,1.500018367306265921e+00,1.687356325743607854e+01,2.899999999710000331e+00
2.142173445596528558e-01,1.692453282348266796e+01,3.895395660593178100e+00,1.690639553462762024e+01,1.500018363093140294e+00,1.687356325908890042e+01,2.899999999710000331e+00
2.144173445596530558e-01,1.692453282489711697e+01,3.892980886016736974e+00,1.690639674882822163e+01,1.500018358896874959e+00,1.687356326073738444e+01,2.899999999710000331e+00
2.146173445596532559e-01,1.692453282630791023e+01,3.890572211163105365e+00,1.690639795948414559e+01,1.500018354712973068e+00,1.687356326238161586e+01,2.899999999710000331e+00
2.148173445596534559e-01,1.692453282771504774e+01,3.888169620624614797e+00,1.690639916660699882e+01,1.500018350541838963e+00,1.687356326402160533e+01,2.899999999710000331e+00
2.150173445596536559e-01,1.692453282911834833e+01,3.885773099030746192e+00,1.690640037020823883e+01,1.500018346382476553e+00,1.687356326565716103e+01,2.899999999710000331e+00
2.152173445596538559e-01,1.692453283051809265e+01,3.883382631053098777e+00,1.690640157029961799e+01,1.500018342239920477e+00,1.687356326728858136e+01,2.899999999710000331e+00
2.154173445596540559e-01,1.692453283191408531e+01,3.880998201400180481e+00,1.690640276689249433e+01,1.500018338109260663e+00,1.687356326891566383e+01,2.899999999710000331e+00
2.156173445596542559e-01,1.692453283330639380e+01,3.878619794818410682e+00,1.690640395999836088e+01,1.500018333992411801e+00,1.687356327053847949e+01,2.899999999710000331e+00
2.158173445596544560e-01,1.692453283469510339e+01,3.876247396092533659e+00,1.690640514962871777e+01,1.500018329887788715e+00,1.687356327215711005e+01,2.899999999710000331e+00
2.160173445596546560e-01,1.692453283608013237e+01,3.873880990048438999e+00,1.690640633579484486e+01,1.500018325799781671e+00,1.687356327377148091e+01,2.899999999710000331e+00
2.162173445596548560e-01,1.692453283746146298e+01,3.871520561546459405e+00,1.690640751850806822e+01,1.500018321722434322e+00,1.687356327538157785e+01,2.899999999710000331e+00
2.164173445596550560e-01,1.692453283883924087e+01,3.869166095489612101e+00,1.690640869777983468e+01,1.500018317655501754e+00,1.687356327698753944e+01,2.899999999710000331e+00
2.166173445596552560e-01,1.692453284021333815e+01,3.866817576816758528e+00,1.690640987362116832e+01,1.500018313606000353e+00,1.687356327858924487e+01,2.899999999710000331e+00
2.168173445596554560e-01,1.692453284158383653e+01,3.864474990503678598e+00,1.690641104604341294e+01,1.500018309569397745e+00,1.687356328018676876e+01,2.899999999710000331e+00
2.170173445596556561e-01,1.692453284295073246e+01,3.862138321565694365e+00,1.690641221505771341e+01,1.500018305539754460e+00,1.687356328178013598e+01,2.899999999710000331e+00
2.172173445596558561e-01,1.692453284431408989e+01,3.859807555055916772e+00,1.690641338067521460e+01,1.500018301528949882e+00,1.687356328336937850e+01,2.899999999710000331e+00
2.174173445596560561e-01,1.692453284567389460e+01,3.857482676063141103e+00,1.690641454290695478e+01,1.500018297528541877e+00,1.687356328495449986e+01,2.899999999710000331e+00
2.176173445596562561e-01,1.692453284703001870e+01,3.855163669716593855e+00,1.690641570176382658e+01,1.500018293542808800e+00,1.687356328653537219e+01,2.899999999710000331e+00
2.178173445596564561e-01,1.692453284838263983e+01,3.852850521182369814e+00,1.690641685725701393e+01,1.500018289569844621e+00,1.687356328811217665e+01,2.899999999710000331e+00
2.180173445596566562e-01,1.692453284973165850e+01,3.850543215663452923e+00,1.690641800939735973e+01,1.500018285607040980e+00,1.687356328968480668e+01,2.899999999710000331e+00
2.182173445596568562e-01,1.692453285107719907e+01,3.848241738400127510e+00,1.690641915819582408e+01,1.500018281659278419e+00,1.687356329125339727e+01,2.899999999710000331e+00
2.184173445596570562e-01,1.692453285241921890e+01,3.845946074669376991e+00,1.690642030366328896e+01,1.500018277722426907e+00,1.687356329281790579e+01,2.899999999710000331e+00
2.186173445596572562e-01,1.692453285375775351e+01,3.843656209787292166e+00,1.690642144581051909e+01,1.500018273800468149e+00,1.687356329437835711e+01,2.899999999710000331e+00
2.188173445596574562e-01,1.692453285509261107e+01,3.841372129105185440e+00,1.690642258464815839e+01,1.500018269889263678e+00,1.687356329593458781e+01,2.899999999710000331e+00
2.190173445596576562e-01,1.692453285642412908e+01,3.839093818013532999e+00,1.690642372018724160e+01,1.500018265990915145e+00,1.687356329748690342e+01,2.899999999710000331e+00
2.192173445596578563e-01,1.692453285775204819e+01,3.836821261936908201e+00,1.690642485243822435e+01,1.500018262104446221e+00,1.687356329903507302e+01,2.899999999710000331e+00
2.194173445596580563e-01,1.692453285907648208e+01,3.834554446339040190e+00,1.690642598141180741e+01,1.500018258231182733e+00,1.687356330057919607e+01,2.899999999710000331e+00
2.196173445596582563e-01,1.692453286039764038e+01,3.832293356718909028e+00,1.690642710711883012e+01,1.500018254373139071e+00,1.687356330211949285e+01,2.899999999710000331e+00
2.198173445596584563e-01,1.692453286171513938e+01,3.830037978613025196e+00,1.690642822956952429e+01,1.500018250523843966e+00,1.687356330365556545e+01,2.899999999710000331e+00
2.200173445596586563e-01,1.692453286302920290e+01,3.827788297593306854e+00,1.690642934877458003e+01,1.500018246685830947e+00,1.687356330518766256e+01,2.899999999710000331e+00
2.202173445596588564e-01,1.692453286433976700e+01,3.825544299270395854e+00,1.690643046474446010e+01,1.500018242859593176e+00,1.687356330671570959e+01,2.899999999710000331e+00
2.204173445596590564e-01,1.692453286564699511e+01,3.823305969288325112e+00,1.690643157748972314e+01,1.500018239046794433e+00,1.687356330823986639e+01,2.899999999710000331e+00
2.206173445596592564e-01,1.692453286695078774e+01,3.821073293329387610e+00,1.690643268702067559e+01,1.500018235248801179e+00,1.687356330976004060e+01,2.899999999710000331e+00
2.208173445596594564e-01,1.692453286825117686e+01,3.818846257112707310e+00,1.690643379334774110e+01,1.500018231461538232e+00,1.687356331127625708e+01,2.899999999710000331e+00
2.210173445596596564e-01,1.692453286954808078e+01,3.816624846389830683e+00,1.690643489648118702e+01,1.500018227684870586e+00,1.687356331278845545e+01,2.899999999710000331e+00
2.212173445596598564e-01,1.692453287084167712e+01,3.814409046953797233e+00,1.690643599643146189e+01,1.500018223918595295e+00,1.687356331429679557e+01,2.899999999710000331e+00
2.214173445596600565e-01,1.692453287213183799e+01,3.812198844627971095e+00,1.690643709320859145e+01,1.500018220168584326e+00,1.687356331580116020e+01,2.899999999710000331e+00
2.216173445596602565e-01,1.692453287341863444e+01,3.809994225274515145e+00,1.690643818682297450e+01,1.500018216429151563e+00,1.687356331730162751e+01,2.899999999710000331e+00
2.218173445596604565e-01,1.692453287470207357e+01,3.807795174797981907e+00,1.690643927728475404e+01,1.500018212700620746e+00,1.687356331879818327e+01,2.899999999710000331e+00
2.220173445596606565e-01,1.692453287598213407e+01,3.805601679117303515e+00,1.690644036460404465e+01,1.500018208982343060e+00,1.687356332029082395e+01,2.899999999710000331e+00
2.222173445596608565e-01,1.692453287725882660e+01,3.803413724209315561e+00,1.690644144879090405e+01,1.500018205278234928e+00,1.687356332177956730e+01,2.899999999710000331e+00
2.224173445596610565e-01,1.692453287853210142e+01,3.801231296077060229e+00,1.690644252985540064e+01,1.500018201584066846e+00,1.687356332326435648e+01,2.899999999710000331e+00
2.226173445596612566e-01,1.692453287980214327e+01,3.799054380759267602e+00,1.690644360780768807e+01,1.500018197903350448e+00,1.687356332474537268e+01,2.899999999710000331e+00
2.228173445596614566e-01,1.692453288106893439e+01,3.796882964331685262e+00,1.690644468265773881e+01,1.500018194233973645e+00,1.687356332622260879e+01,2.899999999710000331e+00
2.230173445596616566e-01,1.692453288233229713e+01,3.794717032902573006e+00,1.690644575441532993e+01,1.500018190575831634e+00,1.687356332769588718e+01,2.899999999710000331e+00
2.232173445596618566e-01,1.692453288359239494e+01,3.792556572618148714e+00,1.690644682309051561e+01,1.500018186930667685e+00,1.687356332916536417e+01,2.899999999710000331e+00
2.234173445596620566e-01,1.692453288484917451e+01,3.790401569657830816e+00,1.690644788869314397e+01,1.500018183294768770e+00,1.687356333063100067e+01,2.899999999710000331e+00
2.236173445596622567e-01,1.692453288610264295e+01,3.788252010236987211e+00,1.690644895123299207e+01,1.500018179671489982e+00,1.687356333209279313e+01,2.899999999710000331e+00
2.238173445596624567e-01,1.692453288735279671e+01,3.786107880605348530e+00,1.690645001071989029e+01,1.500018176059226382e+00,1.687356333355074156e+01,2.899999999710000331e+00
2.240173445596626567e-01,1.692453288859981342e+01,3.783969167046017823e+00,1.690645106716377200e+01,1.500018172457670662e+00,1.687356333500503780e+01,2.899999999710000331e+00
2.242173445596628567e-01,1.692453288984347637e+01,3.781835855879067232e+00,1.690645212057412294e+01,1.500018168868706203e+00,1.687356333645545092e+01,2.899999999710000331e+00
2.244173445596630567e-01,1.692453289108388503e+01,3.779707933457363112e+00,1.690645317096075573e+01,1.500018165288183880e+00,1.687356333790209462e+01,2.899999999710000331e+00
2.246173445596632567e-01,1.692453289232107494e+01,3.777585386169089343e+00,1.690645421833331241e+01,1.500018161721163201e+00,1.687356333934499020e+01,2.899999999710000331e+00
2.248173445596634568e-01,1.692453289355503543e+01,3.775468200437200661e+00,1.690645526270139598e+01,1.500018158165818516e+00,1.687356334078413767e+01,2.899999999710000331e+00
2.250173445596636568e-01,1.692453289478577361e+01,3.773356362717953161e+00,1.690645630407459521e+01,1.500018154623050437e+00,1.687356334221954768e+01,2.899999999710000331e+00
2.252173445596638568e-01,1.692453289601326105e+01,3.771249859501189405e+00,1.690645734246244558e+01,1.500018151089999696e+00,1.687356334365119181e+01,2.899999999710000331e+00
2.254173445596640568e-01,1.692453289723761145e+01,3.769148677312678775e+00,1.690645837787453587e+01,1.500018147567564242e+00,1.687356334507917666e+01,2.899999999710000331e+00
2.256173445596642568e-01,1.692453289845866493e+01,3.767052802711739812e+00,1.690645941032020616e+01,1.500018144054981573e+00,1.687356334650334944e+01,2.899999999710000331e+00
2.258173445596644568e-01,1.692453289967662400e+01,3.764962222292628002e+00,1.690646043980905944e+01,1.500018140555515966e+00,1.687356334792392687e+01,2.899999999710000331e+00
2.260173445596646569e-01,1.692453290089135365e+01,3.762876922681705594e+00,1.690646146635036828e+01,1.500018137065937340e+00,1.687356334934074198e+01,2.899999999710000331e+00
2.262173445596648569e-01,1.692453290210286809e+01,3.760796890538266712e+00,1.690646248995350476e+01,1.500018133587973201e+00,1.687356335075384806e+01,2.899999999710000331e+00
2.264173445596650569e-01,1.692453290331125260e+01,3.758722112557049577e+00,1.690646351062788000e+01,1.500018130122634741e+00,1.687356335216331615e+01,2.899999999710000331e+00
2.266173445596652569e-01,1.692453290451643966e+01,3.756652575466925992e+00,1.690646452838275948e+01,1.500018126663195117e+00,1.687356335356907167e+01,2.899999999710000331e+00
2.268173445596654569e-01,1.692453290571852875e+01,3.754588266028800358e+00,1.690646554322745843e+01,1.500018123217132127e+00,1.687356335497122473e+01,2.899999999710000331e+00
2.270173445596656570e-01,1.692453290691751988e+01,3.752529171038382128e+00,1.690646655517117480e+01,1.500018119784319870e+00,1.687356335636977178e+01,2.899999999710000331e+00
2.272173445596658570e-01,1.692453290811326383e+01,3.750475277322442569e+00,1.690646756422304975e+01,1.500018116358005749e+00,1.687356335776457428e+01,2.899999999710000331e+00
2.274173445596660570e-01,1.692453290930599508e+01,3.748426571744250868e+00,1.690646857039236650e+01,1.500018112944220716e+00,1.687356335915585959e+01,2.899999999710000331e+00
2.276173445596662570e-01,1.692453291049555730e+01,3.746383041196852393e+00,1.690646957368813119e+01,1.500018109543077793e+00,1.687356336054346073e+01,2.899999999710000331e+00
2.278173445596664570e-01,1.692453291168198959e+01,3.744344672609686953e+00,1.690647057411949206e+01,1.500018106149145103e+00,1.687356336192745232e+01,2.899999999710000331e+00
2.280173445596666570e-01,1.692453291286541628e+01,3.742311452943248185e+00,1.690647157169562576e+01,1.500018102766681460e+00,1.687356336330792672e+01,2.899999999710000331e+00
2.282173445596668571e-01,1.692453291404567750e+01,3.740283369190399831e+00,1.690647256642536078e+01,1.500018099396037918e+00,1.687356336468474183e+01,2.899999999710000331e+00
2.284173445596670571e-01,1.692453291522293668e+01,3.738260408378571764e+00,1.690647355831784893e+01,1.500018096035998783e+00,1.687356336605806817e+01,2.899999999710000331e+00
2.286173445596672571e-01,1.692453291639701973e+01,3.736242557566743283e+00,1.690647454738190447e+01,1.500018092685199589e+00,1.687356336742769969e+01,2.899999999710000331e+00
2.288173445596674571e-01,1.692453291756805100e+01,3.734229803848017948e+00,1.690647553362659750e+01,1.500018089343876371e+00,1.687356336879380692e+01,2.899999999710000331e+00
2.290173445596676571e-01,1.692453291873608023e+01,3.732222134346775189e+00,1.690647651706077070e+01,1.500018086015825647e+00,1.687356337015640406e+01,2.899999999710000331e+00
2.292173445596678572e-01,1.692453291990098663e+01,3.730219536219530063e+00,1.690647749769324548e+01,1.500018082694951627e+00,1.687356337151539165e+01,2.899999999710000331e+00
2.294173445596680572e-01,1.692453292106294427e+01,3.728221996653061421e+00,1.690647847553298178e+01,1.500018079386764347e+00,1.687356337287094377e+01,2.899999999710000331e+00
2.296173445596682572e-01,1.692453292222185368e+01,3.726229502875957778e+00,1.690647945058868373e+01,1.500018076089086660e+00,1.687356337422295383e+01,2.899999999710000331e+00
2.298173445596684572e-01,1.692453292337781434e+01,3.724242042139195519e+00,1.690648042286921893e+01,1.500018072800472835e+00,1.687356337557153552e+01,2.899999999710000331e+00
2.300173445596686572e-01,1.692453292453059532e+01,3.722259601729935419e+00,1.690648139238306769e+01,1.500018069522770947e+00,1.687356337691645081e+01,2.899999999710000331e+00
2.302173445596688572e-01,1.692453292568049505e+01,3.720282168966360992e+00,1.690648235913923259e+01,1.500018066254778404e+00,1.687356337825799102e+01,2.899999999710000331e+00
2.304173445596690573e-01,1.692453292682730392e+01,3.718309731198628398e+00,1.690648332314616553e+01,1.500018062995585266e+00,1.687356337959596431e+01,2.899999999710000331e+00
2.306173445596692573e-01,1.692453292797112852e+01,3.716342275810371465e+00,1.690648428441262396e+01,1.500018059745165111e+00,1.687356338093045949e+01,2.899999999710000331e+00
2.308173445596694573e-01,1.692453292911199725e+01,3.714379790215259991e+00,1.690648524294716637e+01,1.500018056510396658e+00,1.687356338226152275e+01,2.899999999710000331e+00
2.310173445596696573e-01,1.692453293024995276e+01,3.712422261860041317e+00,1.690648619875848624e+01,1.500018053282635044e+00,1.687356338358920382e+01,2.899999999710000331e+00
2.312173445596698573e-01,1.692453293138482806e+01,3.710469678222705348e+00,1.690648715185492534e+01,1.500018050063450792e+00,1.687356338491330376e+01,2.899999999710000331e+00
2.314173445596700573e-01,1.692453293251677948e+01,3.708522026813192873e+00,1.690648810224514165e+01,1.500018046853951237e+00,1.687356338623402152e+01,2.899999999710000331e+00
2.316173445596702574e-01,1.692453293364586031e+01,3.706579295172174771e+00,1.690648904993762258e+01,1.500018043659559153e+00,1.687356338755137131e+01,2.899999999710000331e+00
2.318173445596704574e-01,1.692453293477196752e+01,3.704641470872954923e+00,1.690648999494078808e+01,1.500018040471150949e+00,1.687356338886528917e+01,2.899999999710000331e+00
2.320173445596706574e-01,1.692453293589517926e+01,3.702708541518505481e+00,1.690649093726309360e+01,1.500018037292411677e+00,1.687356339017583551e+01,2.899999999710000331e+00
2.322173445596708574e-01,1.692453293701538186e+01,3.700780494746316762e+00,1.690649187691284183e+01,1.500018034122090560e+00,1.687356339148289663e+01,2.899999999710000331e+00
2.324173445596710574e-01,1.692453293813268189e+01,3.698857318219482604e+00,1.690649281389839587e+01,1.500018030965701854e+00,1.687356339278658979e+01,2.899999999710000331e+00
2.326173445596712575e-01,1.692453293924713620e+01,3.696938999638524681e+00,1.690649374822824313e+01,1.500018027816729660e+00,1.687356339408694339e+01,2.899999999710000331e+00
2.328173445596714575e-01,1.692453294035858136e+01,3.695025526731468890e+00,1.690649467991043409e+01,1.500018024677383099e+00,1.687356339538383665e+01,2.899999999710000331e+00
2.330173445596716575e-01,1.692453294146723408e+01,3.693116887257807512e+00,1.690649560895350945e+01,1.500018021547131486e+00,1.687356339667747562e+01,2.899999999710000331e+00
2.332173445596718575e-01,1.692453294257290963e+01,3.691213069009245729e+00,1.690649653536546282e+01,1.500018018428589839e+00,1.687356339796765070e+01,2.899999999710000331e+00
2.334173445596720575e-01,1.692453294367574657e+01,3.689314059806285240e+00,1.690649745915470348e+01,1.500018015316306075e+00,1.687356339925453241e+01,2.899999999710000331e+00
2.336173445596722575e-01,1.692453294477566317e+01,3.687419847499686210e+00,1.690649838032923569e+01,1.500018012217492647e+00,1.687356340053803549e+01,2.899999999710000331e+00
2.338173445596724576e-01,1.692453294587284418e+01,3.685530419976452698e+00,1.690649929889743319e+01,1.500018009126704799e+00,1.687356340181833403e+01,2.899999999710000331e+00
2.340173445596726576e-01,1.692453294696702315e+01,3.683645765148270801e+00,1.690650021486717236e+01,1.500018006043148944e+00,1.687356340309516156e+01,2.899999999710000331e+00
2.342173445596728576e-01,1.692453294805847364e+01,3.681765870959247788e+00,1.690650112824677365e+01,1.500018002971065911e+00,1.687356340436879876e+01,2.899999999710000331e+00
2.344173445596730576e-01,1.692453294914698603e+01,3.679890725384779238e+00,1.690650203904409565e+01,1.500017999907068411e+00,1.687356340563905022e+01,2.899999999710000331e+00
2.346173445596732576e-01,1.692453295023278770e+01,3.678020316429172265e+00,1.690650294726734515e+01,1.500017996856149338e+00,1.687356340690612200e+01,2.899999999710000331e+00
2.348173445596734576e-01,1.692453295131563706e+01,3.676154632126583444e+00,1.690650385292437008e+01,1.500017993809458217e+00,1.687356340816978317e+01,2.899999999710000331e+00
2.350173445596736577e-01,1.692453295239571887e+01,3.674293660544391660e+00,1.690650475602321379e+01,1.500017990777568588e+00,1.687356340943021848e+01,2.899999999710000331e+00
2.352173445596738577e-01,1.692453295347299758e+01,3.672437389777870820e+00,1.690650565657190185e+01,1.500017987751221415e+00,1.687356341068739951e+01,2.899999999710000331e+00
2.354173445596740577e-01,1.692453295454749806e+01,3.670585807952072788e+00,1.690650655457826801e+01,1.500017984735521059e+00,1.687356341194134757e+01,2.899999999710000331e+00
2.356173445596742577e-01,1.692453295561922033e+01,3.668738903222754644e+00,1.690650745005025257e+01,1.500017981728975380e+00,1.687356341319206265e+01,2.899999999710000331e+00
2.358173445596744577e-01,1.692453295668800095e+01,3.666896663775383036e+00,1.690650834299555427e+01,1.500017978727244738e+00,1.687356341443938490e+01,2.899999999710000331e+00
2.360173445596746578e-01,1.692453295775421296e+01,3.665059077826687162e+00,1.690650923342229106e+01,1.500017975742101939e+00,1.687356341568368734e+01,2.899999999710000331e+00
2.362173445596748578e-01,1.692453295881753661e+01,3.663226133620292035e+00,1.690651012133803022e+01,1.500017972763291629e+00,1.687356341692465378e+01,2.899999999710000331e+00
2.364173445596750578e-01,1.692453295987814954e+01,3.661397819431612799e+00,1.690651100675068363e+01,1.500017969792287964e+00,1.687356341816246541e+01,2.899999999710000331e+00
2.366173445596752578e-01,1.692453296093599135e+01,3.659574123566676107e+00,1.690651188966795360e+01,1.500017966830581306e+00,1.687356341939704407e+01,2.899999999710000331e+00
2.368173445596754578e-01,1.692453296199101942e+01,3.657755034357278667e+00,1.690651277009747844e+01,1.500017963878327310e+00,1.687356342062837911e+01,2.899999999710000331e+00
2.370173445596756578e-01,1.692453296304338650e+01,3.655940540169674069e+00,1.690651364804712742e+01,1.500017960935928540e+00,1.687356342185659486e+01,2.899999999710000331e+00
2.372173445596758579e-01,1.692453296409287233e+01,3.654130629394880536e+00,1.690651452352433282e+01,1.500017958000840146e+00,1.687356342308148527e+01,2.899999999710000331e+00
2.374173445596760579e-01,1.692453296513986416e+01,3.652325290455439522e+00,1.690651539653710245e+01,1.500017955076438314e+00,1.687356342430344824e+01,2.899999999710000331e+00
2.376173445596762579e-01,1.692453296618399605e+01,3.650524511803094452e+00,1.690651626709269095e+01,1.500017952159265144e+00,1.687356342552209654e+01,2.899999999710000331e+00
2.378173445596764579e-01,1.692453296722533551e+01,3.648728281920572414e+00,1.690651713519875088e+01,1.500017949250978422e+00,1.687356342673751541e+01,2.899999999710000331e+00
2.380173445596766579e-01,1.692453296826409925e+01,3.646936589314133670e+00,1.690651800086303069e+01,1.500017946351896780e+00,1.687356342794993225e+01,2.899999999710000331e+00
2.382173445596768580e-01,1.692453296930008122e+01,3.645149422525525207e+00,1.690651886409285609e+01,1.500017943462311987e+00,1.687356342915911611e+01,2.899999999710000331e+00
2.384173445596770580e-01,1.692453297033346971e+01,3.643366770119375708e+00,1.690651972489590449e+01,1.500017940580508302e+00,1.687356343036527306e+01,2.899999999710000331e+00
2.386173445596772580e-01,1.692453297136414392e+01,3.641588620694920841e+00,1.690652058327956198e+01,1.500017937708899796e+00,1.687356343156827165e+01,2.899999999710000331e+00
2.388173445596774580e-01,1.692453297239206478e+01,3.639814962876809279e+00,1.690652143925117556e+01,1.500017934845343959e+00,1.687356343276809056e+01,2.899999999710000331e+00
2.390173445596776580e-01,1.692453297341740281e+01,3.638045785318757108e+00,1.690652229281838004e+01,1.500017931991958209e+00,1.687356343396488967e+01,2.899999999710000331e+00
2.392173445596778580e-01,1.692453297444005855e+01,3.636281076703669957e+00,1.690652314398846556e+01,1.500017929143088180e+00,1.687356343515857304e+01,2.899999999710000331e+00
2.394173445596780581e-01,1.692453297546000712e+01,3.634520825744246952e+00,1.690652399276872941e+01,1.500017926308333083e+00,1.687356343634911582e+01,2.899999999710000331e+00
2.396173445596782581e-01,1.692453297647734090e+01,3.632765021179828135e+00,1.690652483916667137e+01,1.500017923476604009e+00,1.687356343753661037e+01,2.899999999710000331e+00
2.398173445596784581e-01,1.692453297749204211e+01,3.631013651778054907e+00,1.690652568318955318e+01,1.500017920656483206e+00,1.687356343872105668e+01,2.899999999710000331e+00
2.400173445596786581e-01,1.692453297850410365e+01,3.629266706336417236e+00,1.690652652484463658e+01,1.500017917845745563e+00,1.687356343990241569e+01,2.899999999710000331e+00
2.402173445596788581e-01,1.692453297951354685e+01,3.627524173679088637e+00,1.690652736413921886e+01,1.500017915042171968e+00,1.687356344108074424e+01,2.899999999710000331e+00
2.404173445596790581e-01,1.692453298052044275e+01,3.625786042661275133e+00,1.690652820108061860e+01,1.500017912248694518e+00,1.687356344225609206e+01,2.899999999710000331e+00
2.406173445596792582e-01,1.692453298152454266e+01,3.624052302162574790e+00,1.690652903567580267e+01,1.500017909460687360e+00,1.687356344342821401e+01,2.899999999710000331e+00
2.408173445596794582e-01,1.692453298252615568e+01,3.622322941093446769e+00,1.690652986793224244e+01,1.500017906682792557e+00,1.687356344459743340e+01,2.899999999710000331e+00
2.410173445596796582e-01,1.692453298352517876e+01,3.620597948391469423e+00,1.690653069785700069e+01,1.500017903913974715e+00,1.687356344576363298e+01,2.899999999710000331e+00
2.412173445596798582e-01,1.692453298452146981e+01,3.618877313021565900e+00,1.690653152545707982e+01,1.500017901152578714e+00,1.687356344692668131e+01,2.899999999710000331e+00
2.414173445596800582e-01,1.692453298551540541e+01,3.617161023977600642e+00,1.690653235073998317e+01,1.500017898397717486e+00,1.687356344808695141e+01,2.899999999710000331e+00
2.416173445596802583e-01,1.692453298650660898e+01,3.615449070281109734e+00,1.690653317371236852e+01,1.500017895654444322e+00,1.687356344924407026e+01,2.899999999710000331e+00
2.418173445596804583e-01,1.692453298749527590e+01,3.613741440979098662e+00,1.690653399438154736e+01,1.500017892917542062e+00,1.687356345039822614e+01,2.899999999710000331e+00
2.420173445596806583e-01,1.692453298848139198e+01,3.612038125150403900e+00,1.690653481275448300e+01,1.500017890191405634e+00,1.687356345154942616e+01,2.899999999710000331e+00
2.422173445596808583e-01,1.692453298946497853e+01,3.610339111898184239e+00,1.690653562883825956e+01,1.500017887471135847e+00,1.687356345269767388e+01,2.899999999710000331e+00
2.424173445596810583e-01,1.692453299044592185e+01,3.608644390353529463e+00,1.690653644263974087e+01,1.500017884758717113e+00,1.687356345384285561e+01,2.899999999710000331e+00
2.426173445596812583e-01,1.692453299142436407e+01,3.606953949677061733e+00,1.690653725416600395e+01,1.500017882056495777e+00,1.687356345498513122e+01,2.899999999710000331e+00
2.428173445596814584e-01,1.692453299240034426e+01,3.605267779055768784e+00,1.690653806342404408e+01,1.500017879359671458e+00,1.687356345612453623e+01,2.899999999710000331e+00
2.430173445596816584e-01,1.692453299337365280e+01,3.603585867700619172e+00,1.690653887042055459e+01,1.500017876671924544e+00,1.687356345726084328e+01,2.899999999710000331e+00
2.432173445596818584e-01,1.692453299434453129e+01,3.601908204855377438e+00,1.690653967516267642e+01,1.500017873992573136e+00,1.687356345839430816e+01,2.899999999710000331e+00
2.434173445596820584e-01,1.692453299531290867e+01,3.600234779787536255e+00,1.690654047765718104e+01,1.500017871322221419e+00,1.687356345952487402e+01,2.899999999710000331e+00
2.436173445596822584e-01,1.692453299627875651e+01,3.598565581791168810e+00,1.690654127791089678e+01,1.500017868659819786e+00,1.687356346065248758e+01,2.899999999710000331e+00
2.438173445596824584e-01,1.692453299724202864e+01,3.596900600190014785e+00,1.690654207593061997e+01,1.500017866004860201e+00,1.687356346177712041e+01,2.899999999710000331e+00
2.440173445596826585e-01,1.692453299820282808e+01,3.595239824333466228e+00,1.690654287172321801e+01,1.500017863356697623e+00,1.687356346289887910e+01,2.899999999710000331e+00
2.442173445596828585e-01,1.692453299916128273e+01,3.593583243597661792e+00,1.690654366529556896e+01,1.500017860717949736e+00,1.687356346401788088e+01,2.899999999710000331e+00
2.444173445596830585e-01,1.692453300011713324e+01,3.591930847385803371e+00,1.690654445665418137e+01,1.500017858086714728e+00,1.687356346513387706e+01,2.899999999710000331e+00
2.446173445596832585e-01,1.692453300107045067e+01,3.590282625126857585e+00,1.690654524580586227e+01,1.500017855463461336e+00,1.687356346624692804e+01,2.899999999710000331e+00
2.448173445596834585e-01,1.692453300202140909e+01,3.588638566277925435e+00,1.690654603275746126e+01,1.500017852848567701e+00,1.687356346735722212e+01,2.899999999710000331e+00
2.450173445596836586e-01,1.692453300296991614e+01,3.586998660322525456e+00,1.690654681751555799e+01,1.500017850242184814e+00,1.687356346846466337e+01,2.899999999710000331e+00
2.452173445596838586e-01,1.692453300391588655e+01,3.585362896770123875e+00,1.690654760008677115e+01,1.500017847640304325e+00,1.687356346956916298e+01,2.899999999710000331e+00
2.454173445596840586e-01,1.692453300485937007e+01,3.583731265157589441e+00,1.690654838047770525e+01,1.500017845049775200e+00,1.687356347067077778e+01,2.899999999710000331e+00
2.456173445596842586e-01,1.692453300580045550e+01,3.582103755046978311e+00,1.690654915869509978e+01,1.500017842465288131e+00,1.687356347176959304e+01,2.899999999710000331e+00
2.458173445596844586e-01,1.692453300673924588e+01,3.580480356028340694e+00,1.690654993474564094e+01,1.500017839888772242e+00,1.687356347286571889e+01,2.899999999710000331e+00
2.460173445596846586e-01,1.692453300767543922e+01,3.578861057715069904e+00,1.690655070863555665e+01,1.500017837321112824e+00,1.687356347395884626e+01,2.899999999710000331e+00
2.462173445596848587e-01,1.692453300860917764e+01,3.577245849750819495e+00,1.690655148037158639e+01,1.500017834757620516e+00,1.687356347504912435e+01,2.899999999710000331e+00
2.464173445596850587e-01,1.692453300954055351e+01,3.575634721802020355e+00,1.690655224996025652e+01,1.500017832207131585e+00,1.687356347613664909e+01,2.899999999710000331e+00
2.466173445596852587e-01,1.692453301046946379e+01,3.574027663563149382e+00,1.690655301740804362e+01,1.500017829658236934e+00,1.687356347722130678e+01,2.899999999710000331e+00
2.468173445596854587e-01,1.692453301139609323e+01,3.572424664754888735e+00,1.690655378272154863e+01,1.500017827118563130e+00,1.687356347830328929e+01,2.899999999710000331e+00
2.470173445596856587e-01,1.692453301232036722e+01,3.570825715122104338e+00,1.690655454590712026e+01,1.500017824590940130e+00,1.687356347938251488e+01,2.899999999710000331e+00
2.472173445596858588e-01,1.692453301324209036e+01,3.569230804436319016e+00,1.690655530697105391e+01,1.500017822067291506e+00,1.687356348045882015e+01,2.899999999710000331e+00
2.474173445596860588e-01,1.692453301416149358e+01,3.567639922495769778e+00,1.690655606591995053e+01,1.500017819550979015e+00,1.687356348153240049e+01,2.899999999710000331e+00
2.476173445596862588e-01,1.692453301507844898e+01,3.566053059124250524e+00,1.690655682276005578e+01,1.500017817044012380e+00,1.687356348260314576e+01,2.899999999710000331e+00
2.478173445596864588e-01,1.692453301599310578e+01,3.564470204169245982e+00,1.690655757749790311e+01,1.500017814542139005e+00,1.687356348367120518e+01,2.899999999710000331e+00
2.480173445596866588e-01,1.692453301690537160e+01,3.562891347505316553e+00,1.690655833013972753e+01,1.500017812048291210e+00,1.687356348473648637e+01,2.899999999710000331e+00
2.482173445596868588e-01,1.692453301781528197e+01,3.561316479035984361e+00,1.690655908069183155e+01,1.500017809565983296e+00,1.687356348579903198e+01,2.899999999710000331e+00
2.484173445596870589e-01,1.692453301872287952e+01,3.559745588684575246e+00,1.690655982916065270e+01,1.500017807085664456e+00,1.687356348685887397e+01,2.899999999710000331e+00
2.486173445596872589e-01,1.692453301962806833e+01,3.558178666403221779e+00,1.690656057555229808e+01,1.500017804613952510e+00,1.687356348791592353e+01,2.899999999710000331e+00
2.488173445596874589e-01,1.692453302053097275e+01,3.556615702167863713e+00,1.690656131987312705e+01,1.500017802152096680e+00,1.687356348897030145e+01,2.899999999710000331e+00
2.490173445596876589e-01,1.692453302143151816e+01,3.555056685980547471e+00,1.690656206212936041e+01,1.500017799695035237e+00,1.687356349002193667e+01,2.899999999710000331e+00
2.492173445596878589e-01,1.692453302232962997e+01,3.553501607869028245e+00,1.690656280232707687e+01,1.500017797246187223e+00,1.687356349107076525e+01,2.899999999710000331e+00
2.494173445596880589e-01,1.692453302322559594e+01,3.551950457885454604e+00,1.690656354047275656e+01,1.500017794806060900e+00,1.687356349211705719e+01,2.899999999710000331e+00
2.496173445596882590e-01,1.692453302411914606e+01,3.550403226107346821e+00,1.690656427657232541e+01,1.500017792370590408e+00,1.687356349316055670e+01,2.899999999710000331e+00
2.498173445596884590e-01,1.692453302501040469e+01,3.548859902636932073e+00,1.690656501063205397e+01,1.500017789942317492e+00,1.687356349420139523e+01,2.899999999710000331e+00
2.500173445596885480e-01,1.692453302589928654e+01,3.547320477602534883e+00,1.690656574265793211e+01,1.500017787522833101e+00,1.687356349523946619e+01,2.899999999710000331e+00
2.502173445596876378e-01,1.692453302678599769e+01,3.545784941156590264e+00,1.690656647265630497e+01,1.500017785109161839e+00,1.687356349627499341e+01,2.899999999710000331e+00
2.504173445596867276e-01,1.692453302767024326e+01,3.544253283476125116e+00,1.690656720063295637e+01,1.500017782703048308e+00,1.687356349730767491e+01,2.899999999710000331e+00
2.506173445596858174e-01,1.692453302855239983e+01,3.542725494763609539e+00,1.690656792659428831e+01,1.500017780307573823e+00,1.687356349833790503e+01,2.899999999710000331e+00
2.508173445596849072e-01,1.692453302943216187e+01,3.541201565246084648e+00,1.690656865054613078e+01,1.500017777914182782e+00,1.687356349936535693e+01,2.899999999710000331e+00
2.510173445596839970e-01,1.692453303030969636e+01,3.539681485174739795e+00,1.690656937249455538e+01,1.500017775529859376e+00,1.687356350039021535e+01,2.899999999710000331e+00
2.512173445596830867e-01,1.692453303118495000e+01,3.538165244826407374e+00,1.690657009244558395e+01,1.500017773151970824e+00,1.687356350141241990e+01,2.899999999710000331e+00
2.514173445596821765e-01,1.692453303205793702e+01,3.536652834502032050e+00,1.690657081040516729e+01,1.500017770781891580e+00,1.687356350243197411e+01,2.899999999710000331e+00
2.516173445596812663e-01,1.692453303292856504e+01,3.535144244527875568e+00,1.690657152637921001e+01,1.500017768417720498e+00,1.687356350344880340e+01,2.899999999710000331e+00
2.518173445596803561e-01,1.692453303379706853e+01,3.533639465249978517e+00,1.690657224037384054e+01,1.500017766061919389e+00,1.687356350446314579e+01,2.899999999710000331e+00
2.520173445596794459e-01,1.692453303466329828e+01,3.532138487046110331e+00,1.690657295239486757e+01,1.500017763712564234e+00,1.687356350547484141e+01,2.899999999710000331e+00
2.522173445596785357e-01,1.692453303552730404e+01,3.530641300313731357e+00,1.690657366244818860e+01,1.500017761370794567e+00,1.687356350648394709e+01,2.899999999710000331e+00
2.524173445596776255e-01,1.692453303638908935e+01,3.529147895475018171e+00,1.690657437053975443e+01,1.500017759035057185e+00,1.687356350749047351e+01,2.899999999710000331e+00
2.526173445596767153e-01,1.692453303724862224e+01,3.527658262977607873e+00,1.690657507667535597e+01,1.500017756705347205e+00,1.687356350849437447e+01,2.899999999710000331e+00
2.528173445596758051e-01,1.692453303810593823e+01,3.526172393292867024e+00,1.690657578086083745e+01,1.500017754384773472e+00,1.687356350949569617e+01,2.899999999710000331e+00
2.530173445596748949e-01,1.692453303896112260e+01,3.524690276915447562e+00,1.690657648310213901e+01,1.500017752072452470e+00,1.687356351049451675e+01,2.899999999710000331e+00
2.532173445596739847e-01,1.692453303981390533e+01,3.523211904363847680e+00,1.690657718340482063e+01,1.500017749761271002e+00,1.687356351149057687e+01,2.899999999710000331e+00
2.534173445596730745e-01,1.692453304066459907e+01,3.521737266183782022e+00,1.690657788177488641e+01,1.500017747461088957e+00,1.687356351248418562e+01,2.899999999710000331e+00
2.536173445596721643e-01,1.692453304151312921e+01,3.520266352938944632e+00,1.690657857821806331e+01,1.500017745167663508e+00,1.687356351347527195e+01,2.899999999710000331e+00
2.538173445596712541e-01,1.692453304235939626e+01,3.518799155221135511e+00,1.690657927274002503e+01,1.500017742879601101e+00,1.687356351446372571e+01,2.899999999710000331e+00
2.540173445596703439e-01,1.692453304320358498e+01,3.517335663645384081e+00,1.690657996534665131e+01,1.500017740598397875e+00,1.687356351544976008e+01,2.899999999710000331e+00
2.542173445596694337e-01,1.692453304404548575e+01,3.515875868849759556e+00,1.690658065604341331e+01,1.500017738325125860e+00,1.687356351643313346e+01,2.899999999710000331e+00
2.544173445596685235e-01,1.692453304488520160e+01,3.514419761496771155e+00,1.690658134483611974e+01,1.500017736057984274e+00,1.687356351741396665e+01,2.899999999710000331e+00
2.546173445596676133e-01,1.692453304572284978e+01,3.512967332271863974e+00,1.690658203173055441e+01,1.500017733796719765e+00,1.687356351839238044e+01,2.899999999710000331e+00
2.548173445596667031e-01,1.692453304655824553e+01,3.511518571882660922e+00,1.690658271673216362e+01,1.500017731541589683e+00,1.687356351936818299e+01,2.899999999710000331e+00
2.550173445596657928e-01,1.692453304739153452e+01,3.510073471063388517e+00,1.690658339984673475e+01,1.500017729294452096e+00,1.687356352034152351e+01,2.899999999710000331e+00
2.552173445596648826e-01,1.692453304822267768e+01,3.508632020568530852e+00,1.690658408107978516e+01,1.500017727054233641e+00,1.687356352131236292e+01,2.899999999710000331e+00
2.554173445596639724e-01,1.692453304905152933e+01,3.507194211178826126e+00,1.690658476043682157e+01,1.500017724819535658e+00,1.687356352228056267e+01,2.899999999710000331e+00
2.556173445596630622e-01,1.692453304987840568e+01,3.505760033695866973e+00,1.690658543792369528e+01,1.500017722593184555e+00,1.687356352324643183e+01,2.899999999710000331e+00
2.558173445596621520e-01,1.692453305070311131e+01,3.504329478945451548e+00,1.690658611354577445e+01,1.500017720370476759e+00,1.687356352420977501e+01,2.899999999710000331e+00
2.560173445596612418e-01,1.692453305152561427e+01,3.502902537776858338e+00,1.690658678730855868e+01,1.500017718153262125e+00,1.687356352517057800e+01,2.899999999710000331e+00
2.562173445596603316e-01,1.692453305234611349e+01,3.501479201061726165e+00,1.690658745921769679e+01,1.500017715946586172e+00,1.687356352612901844e+01,2.899999999710000331e+00
2.564173445596594214e-01,1.692453305316442069e+01,3.500059459695015196e+00,1.690658812927859245e+01,1.500017713744080439e+00,1.687356352708492224e+01,2.899999999710000331e+00
2.566173445596585112e-01,1.692453305398069574e+01,3.498643304596272152e+00,1.690658879749681631e+01,1.500017711550619692e+00,1.687356352803844572e+01,2.899999999710000331e+00
2.568173445596576010e-01,1.692453305479488890e+01,3.497230726705059745e+00,1.690658946387777917e+01,1.500017709363142382e+00,1.687356352898953915e+01,2.899999999710000331e+00
2.570173445596566908e-01,1.692453305560680832e+01,3.495821716987194794e+00,1.690659012842676745e+01,1.500017707178973980e+00,1.687356352993801423e+01,2.899999999710000331e+00
2.572173445596557806e-01,1.692453305641675598e+01,3.494416266427911477e+00,1.690659079114949392e+01,1.500017705001941426e+00,1.687356353088416583e+01,2.899999999710000331e+00
2.574173445596548704e-01,1.692453305722455781e+01,3.493014366036467422e+00,1.690659145205116332e+01,1.500017702831781818e+00,1.687356353182783764e+01,2.899999999710000331e+00
2.576173445596539602e-01,1.692453305803034880e+01,3.491616006846087750e+00,1.690659211113728233e+01,1.500017700669153076e+00,1.687356353276914689e+01,2.899999999710000331e+00
2.578173445596530500e-01,1.692453305883394776e+01,3.490221179911678462e+00,1.690659276841306635e+01,1.500017698511827646e+00,1.687356353370793016e+01,2.899999999710000331e+00
2.580173445596521398e-01,1.692453305963557852e+01,3.488829876310753697e+00,1.690659342388410025e+01,1.500017696360108399e+00,1.687356353464440062e+01,2.899999999710000331e+00
2.582173445596512296e-01,1.692453306043517713e+01,3.487442087143115543e+00,1.690659407755561361e+01,1.500017694216057018e+00,1.687356353557849431e+01,2.899999999710000331e+00
2.584173445596503194e-01,1.692453306123254464e+01,3.486057803530527632e+00,1.690659472943275077e+01,1.500017692076752507e+00,1.687356353651002294e+01,2.899999999710000331e+00
2.586173445596494092e-01,1.692453306202790486e+01,3.484677016619953882e+00,1.690659537952101132e+01,1.500017689945336796e+00,1.687356353743920323e+01,2.899999999710000331e+00
2.588173445596484989e-01,1.692453306282127201e+01,3.483299717577037047e+00,1.690659602782568882e+01,1.500017687819333867e+00,1.687356353836605294e+01,2.899999999710000331e+00
2.590173445596475887e-01,1.692453306361259990e+01,3.481925897591298558e+00,1.690659667435197377e+01,1.500017685703038950e+00,1.687356353929052588e+01,2.899999999710000331e+00
2.592173445596466785e-01,1.692453306440188499e+01,3.480555547877888234e+00,1.690659731910518460e+01,1.500017683587952178e+00,1.687356354021261495e+01,2.899999999710000331e+00
2.594173445596457683e-01,1.692453306518921963e+01,3.479188659664544048e+00,1.690659796209056154e+01,1.500017681482287202e+00,1.687356354113241963e+01,2.899999999710000331e+00
2.596173445596448581e-01,1.692453306597425922e+01,3.477825224213695776e+00,1.690659860331300735e+01,1.500017679379238800e+00,1.687356354204960240e+01,2.899999999710000331e+00
2.598173445596439479e-01,1.692453306675745139e+01,3.476465232800698857e+00,1.690659924277812465e+01,1.500017677286090478e+00,1.687356354296459671e+01,2.899999999710000331e+00
2.600173445596430377e-01,1.692453306753865050e+01,3.475108676726376800e+00,1.690659988049100448e+01,1.500017675195891798e+00,1.687356354387726398e+01,2.899999999710000331e+00
2.602173445596421275e-01,1.692453306831781035e+01,3.473755547312395553e+00,1.690660051645669171e+01,1.500017673114041106e+00,1.687356354478757225e+01,2.899999999710000331e+00
2.604173445596412173e-01,1.692453306909498423e+01,3.472405835904565752e+00,1.690660115068039815e+01,1.500017671036491196e+00,1.687356354569553929e+01,2.899999999710000331e+00
2.606173445596403071e-01,1.692453306987006911e+01,3.471059533867872915e+00,1.690660178316717221e+01,1.500017668965149653e+00,1.687356354660110824e+01,2.899999999710000331e+00
2.608173445596393969e-01,1.692453307064324619e+01,3.469716632589370242e+00,1.690660241392225416e+01,1.500017666900874236e+00,1.687356354750443188e+01,2.899999999710000331e+00
2.610173445596384867e-01,1.692453307141430230e+01,3.468377123480180124e+00,1.690660304295053962e+01,1.500017664842441700e+00,1.687356354840531125e+01,2.899999999710000331e+00
2.612173445596375765e-01,1.692453307218357139e+01,3.467040997971635008e+00,1.690660367025743227e+01,1.500017662791867989e+00,1.687356354930406965e+01,2.899999999710000331e+00
2.614173445596366663e-01,1.692453307295076570e+01,3.465708247516524843e+00,1.690660429584769986e+01,1.500017660745594172e+00,1.687356355020043353e+01,2.899999999710000331e+00
2.616173445596357561e-01,1.692453307371591364e+01,3.464378863589478108e+00,1.690660491972645119e+01,1.500017658702899492e+00,1.687356355109440997e+01,2.899999999710000331e+00
2.618173445596348459e-01,1.692453307447919642e+01,3.463052837686573238e+00,1.690660554189882347e+01,1.500017656668130472e+00,1.687356355198620861e+01,2.899999999710000331e+00
2.620173445596339357e-01,1.692453307524036177e+01,3.461730161325847099e+00,1.690660616236958447e+01,1.500017654639883791e+00,1.687356355287556298e+01,2.899999999710000331e+00
2.622173445596330255e-01,1.692453307599969392e+01,3.460410826045309918e+00,1.690660678114401705e+01,1.500017652617851471e+00,1.687356355376276440e+01,2.899999999710000331e+00
2.624173445596321153e-01,1.692453307675702945e+01,3.459094823406085428e+00,1.690660739822694936e+01,1.500017650597894159e+00,1.687356355464763169e+01,2.899999999710000331e+00
2.626173445596312050e-01,1.692453307751241098e+01,3.457782144990176221e+00,1.690660801362336585e+01,1.500017648586573493e+00,1.687356355553023235e+01,2.899999999710000331e+00
2.628173445596302948e-01,1.692453307826587405e+01,3.456472782399363730e+00,1.690660862733822967e+01,1.500017646580096731e+00,1.687356355641059835e+01,2.899999999710000331e+00
2.630173445596293846e-01,1.692453307901739734e+01,3.455166727259775250e+00,1.690660923937642224e+01,1.500017644582825271e+00,1.687356355728870128e+01,2.899999999710000331e+00
2.632173445596284744e-01,1.692453307976696664e+01,3.453863971215187512e+00,1.690660984974291381e+01,1.500017642585995459e+00,1.687356355816451980e+01,2.899999999710000331e+00
2.634173445596275642e-01,1.692453308051462102e+01,3.452564505933117367e+00,1.690661045844249699e+01,1.500017640601996716e+00,1.687356355903811433e+01,2.899999999710000331e+00
2.636173445596266540e-01,1.692453308126034983e+01,3.451268323100427970e+00,1.690661106548019887e+01,1.500017638617899607e+00,1.687356355990946355e+01,2.899999999710000331e+00
2.638173445596257438e-01,1.692453308200422768e+01,3.449975414425955123e+00,1.690661167086082628e+01,1.500017636643488084e+00,1.687356356077863850e+01,2.899999999710000331e+00
2.640173445596248336e-01,1.692453308274610180e+01,3.448685771638898334e+00,1.690661227458913629e+01,1.500017634672161870e+00,1.687356356164550419e+01,2.899999999710000331e+00
2.642173445596239234e-01,1.692453308348606811e+01,3.447399386490221485e+00,1.690661287667005297e+01,1.500017632707750126e+00,1.687356356251013878e+01,2.899999999710000331e+00
2.644173445596230132e-01,1.692453308422410174e+01,3.446116250749905241e+00,1.690661347710833695e+01,1.500017630744798103e+00,1.687356356337253160e+01,2.899999999710000331e+00
2.646173445596221030e-01,1.692453308496036968e+01,3.444836356209757700e+00,1.690661407590893717e+01,1.500017628794403146e+00,1.687356356423284254e+01,2.899999999710000331e+00
2.648173445596211928e-01,1.692453308569454506e+01,3.443559694685197403e+00,1.690661467307635490e+01,1.500017626843726193e+00,1.687356356509073763e+01,2.899999999710000331e+00
2.650173445596202826e-01,1.692453308642691212e+01,3.442286258007622557e+00,1.690661526861559949e+01,1.500017624900406021e+00,1.687356356594652596e+01,2.899999999710000331e+00
2.652173445596193724e-01,1.692453308715737492e+01,3.441016038030648261e+00,1.690661586253131787e+01,1.500017622964407549e+00,1.687356356680009739e+01,2.899999999710000331e+00
2.654173445596184622e-01,1.692453308788608979e+01,3.439749026630351203e+00,1.690661645482842346e+01,1.500017621034510196e+00,1.687356356765159759e+01,2.899999999710000331e+00
2.656173445596175520e-01,1.692453308861272632e+01,3.438485215700635589e+00,1.690661704551128608e+01,1.500017619109630163e+00,1.687356356850072103e+01,2.899999999710000331e+00
2.658173445596166418e-01,1.692453308933767886e+01,3.437224597157382711e+00,1.690661763458501454e+01,1.500017617189334906e+00,1.687356356934784074e+01,2.899999999710000331e+00
2.660173445596157316e-01,1.692453309006065609e+01,3.435967162935495978e+00,1.690661822205400711e+01,1.500017615274443328e+00,1.687356357019268316e+01,2.899999999710000331e+00
2.662173445596148214e-01,1.692453309078183210e+01,3.434712904994964955e+00,1.690661880792309901e+01,1.500017613365758340e+00,1.687356357103541882e+01,2.899999999710000331e+00
2.664173445596139111e-01,1.692453309150103635e+01,3.433461815309846177e+00,1.690661939219681997e+01,1.500017611458048794e+00,1.687356357187587008e+01,2.899999999710000331e+00
2.666173445596130009e-01,1.692453309221851399e+01,3.432213885877460235e+00,1.690661997487993773e+01,1.500017609562456222e+00,1.687356357271428564e+01,2.899999999710000331e+00
2.668173445596120907e-01,1.692453309293407315e+01,3.430969108715237859e+00,1.690662055597701396e+01,1.500017607669714037e+00,1.687356357355049141e+01,2.899999999710000331e+00
2.670173445596111805e-01,1.692453309364778491e+01,3.429727475860712360e+00,1.690662113549269918e+01,1.500017605780085361e+00,1.687356357438453713e+01,2.899999999710000331e+00
2.672173445596102703e-01,1.692453309435983755e+01,3.428488979370581724e+00,1.690662171343171138e+01,1.500017603900502650e+00,1.687356357521662176e+01,2.899999999710000331e+00
2.674173445596093601e-01,1.692453309506989356e+01,3.427253611322595095e+00,1.690662228979834225e+01,1.500017602024143804e+00,1.687356357604640777e+01,2.899999999710000331e+00
2.676173445596084499e-01,1.692453309577821230e+01,3.426021363814904852e+00,1.690662286459744834e+01,1.500017600153590536e+00,1.687356357687414032e+01,2.899999999710000331e+00
2.678173445596075397e-01,1.692453309648455573e+01,3.424792228964278262e+00,1.690662343783329291e+01,1.500017598287895382e+00,1.687356357769960979e+01,2.899999999710000331e+00
2.680173445596066295e-01,1.692453309718917964e+01,3.423566198908857050e+00,1.690662400951068989e+01,1.500017596428410371e+00,1.687356357852305422e+01,2.899999999710000331e+00
2.682173445596057193e-01,1.692453309789205562e+01,3.422343265805573687e+00,1.690662457963412635e+01,1.500017594574079682e+00,1.687356357934444873e+01,2.899999999710000331e+00
2.684173445596048091e-01,1.692453309859292077e+01,3.421123421832187095e+00,1.690662514820786200e+01,1.500017592723321913e+00,1.687356358016353397e+01,2.899999999710000331e+00
2.686173445596038989e-01,1.692453309929212324e+01,3.419906659183344466e+00,1.690662571523674984e+01,1.500017590876578488e+00,1.687356358098066167e+01,2.899999999710000331e+00
2.688173445596029887e-01,1.692453309998960620e+01,3.418692970078051285e+00,1.690662628072512774e+01,1.500017589041093835e+00,1.687356358179577143e+01,2.899999999710000331e+00
2.690173445596020785e-01,1.692453310068512806e+01,3.417482346751555156e+00,1.690662684467731580e+01,1.500017587205575653e+00,1.687356358260862166e+01,2.899999999710000331e+00
2.692173445596011683e-01,1.692453310137906541e+01,3.416274781459832433e+00,1.690662740709809597e+01,1.500017585379256113e+00,1.687356358341958895e+01,2.899999999710000331e+00
2.694173445596002581e-01,1.692453310207104522e+01,3.415070266478355876e+00,1.690662796799151479e+01,1.500017583556043421e+00,1.687356358422831093e+01,2.899999999710000331e+00
2.696173445595993479e-01,1.692453310276132328e+01,3.413868794101658555e+00,1.690662852736230448e+01,1.500017581736653449e+00,1.687356358503502562e+01,2.899999999710000331e+00
2.698173445595984377e-01,1.692453310344980366e+01,3.412670356644291747e+00,1.690662908521472119e+01,1.500017579923059730e+00,1.687356358583964777e+01,2.899999999710000331e+00
2.700173445595975275e-01,1.692453310413652190e+01,3.411474946440481659e+00,1.690662964155320935e+01,1.500017578116262351e+00,1.687356358664221645e+01,2.899999999710000331e+00
2.702173445595966172e-01,1.692453310482149220e+01,3.410282555843288321e+00,1.690663019638215658e+01,1.500017576313471546e+00,1.687356358744275298e+01,2.899999999710000331e+00
2.704173445595957070e-01,1.692453310550465062e+01,3.409093177224305382e+00,1.690663074970588653e+01,1.500017574515971619e+00,1.687356358824117919e+01,2.899999999710000331e+00
2.706173445595947968e-01,1.692453310618605755e+01,3.407906802975853466e+00,1.690663130152877258e+01,1.500017572724163362e+00,1.687356358903756970e+01,2.899999999710000331e+00
2.708173445595938866e-01,1.692453310686570234e+01,3.406723425509183834e+00,1.690663185185515616e+01,1.500017570937025146e+00,1.687356358983190319e+01,2.899999999710000331e+00
2.710173445595929764e-01,1.692453310754364182e+01,3.405543037254865624e+00,1.690663240068943551e+01,1.500017569155645658e+00,1.687356359062423294e+01,2.899999999710000331e+00
2.712173445595920662e-01,1.692453310821998258e+01,3.404365630660682207e+00,1.690663294803598049e+01,1.500017567380224071e+00,1.687356359141468687e+01,2.899999999710000331e+00
2.714173445595911560e-01,1.692453310889432672e+01,3.403191198195321565e+00,1.690663349389873460e+01,1.500017565607792314e+00,1.687356359220284574e+01,2.899999999710000331e+00
2.716173445595902458e-01,1.692453310956706503e+01,3.402019732346814429e+00,1.690663403828234834e+01,1.500017563840582380e+00,1.687356359298912167e+01,2.899999999710000331e+00
2.718173445595893356e-01,1.692453311023800211e+01,3.400851225620692198e+00,1.690663458119086116e+01,1.500017562082164968e+00,1.687356359377330506e+01,2.899999999710000331e+00
2.720173445595884254e-01,1.692453311090728363e+01,3.399685670543686644e+00,1.690663512262877433e+01,1.500017560322319365e+00,1.687356359455554866e+01,2.899999999710000331e+00
2.722173445595875152e-01,1.692453311157478524e+01,3.398523059658915102e+00,1.690663566260008821e+01,1.500017558570617249e+00,1.687356359533572459e+01,2.899999999710000331e+00
2.724173445595866050e-01,1.692453311224061707e+01,3.397363385529291069e+00,1.690663620110915843e+01,1.500017556825649079e+00,1.687356359611394652e+01,2.899999999710000331e+00
2.726173445595856948e-01,1.692453311290485019e+01,3.396206640736351812e+00,1.690663673816031221e+01,1.500017555084182108e+00,1.687356359689028196e+01,2.899999999710000331e+00
2.728173445595847846e-01,1.692453311356722168e+01,3.395052817881567098e+00,1.690663727375745751e+01,1.500017553348391708e+00,1.687356359766448577e+01,2.899999999710000331e+00
2.730173445595838744e-01,1.692453311422796602e+01,3.393901909579394527e+00,1.690663780790502457e+01,1.500017551616301015e+00,1.687356359843677112e+01,2.899999999710000331e+00
2.732173445595829642e-01,1.692453311488684520e+01,3.392753908471009883e+00,1.690663834060696757e+01,1.500017549888316593e+00,1.687356359920690352e+01,2.899999999710000331e+00
2.734173445595820540e-01,1.692453311554425355e+01,3.391608807218586374e+00,1.690663887186779135e+01,1.500017548166781456e+00,1.687356359997529864e+01,2.899999999710000331e+00
2.736173445595811438e-01,1.692453311619976830e+01,3.390466598490658345e+00,1.690663940169124047e+01,1.500017546449099903e+00,1.687356360074150530e+01,2.899999999710000331e+00
2.738173445595802336e-01,1.692453311685389039e+01,3.389327274982727900e+00,1.690663993008194765e+01,1.500017544736639730e+00,1.687356360150603862e+01,2.899999999710000331e+00
2.740173445595793233e-01,1.692453311750616507e+01,3.388190829405612003e+00,1.690664045704356155e+01,1.500017543032318601e+00,1.687356360226845453e+01,2.899999999710000331e+00
2.742173445595784131e-01,1.692453311815671313e+01,3.387057254490524638e+00,1.690664098258033476e+01,1.500017541329958126e+00,1.687356360302886316e+01,2.899999999710000331e+00
2.744173445595775029e-01,1.692453311880561273e+01,3.385926542985743914e+00,1.690664150669643462e+01,1.500017539631465890e+00,1.687356360378734976e+01,2.899999999710000331e+00
2.746173445595765927e-01,1.692453311945290295e+01,3.384798687658868488e+00,1.690664202939595384e+01,1.500017537940723678e+00,1.687356360454394633e+01,2.899999999710000331e+00
2.748173445595756825e-01,1.692453312009846655e+01,3.383673681294026458e+00,1.690664255068288213e+01,1.500017536252452377e+00,1.687356360529854271e+01,2.899999999710000331e+00
2.750173445595747723e-01,1.692453312074240301e+01,3.382551516695221583e+00,1.690664307056135129e+01,1.500017534568486299e+00,1.687356360605122418e+01,2.899999999710000331e+00
2.752173445595738621e-01,1.692453312138474075e+01,3.381432186685192409e+00,1.690664358903542208e+01,1.500017532890977945e+00,1.687356360680204759e+01,2.899999999710000331e+00
2.754173445595729519e-01,1.692453312202529503e+01,3.380315684102708218e+00,1.690664410610893142e+01,1.500017531217251676e+00,1.687356360755080331e+01,2.899999999710000331e+00
2.756173445595720417e-01,1.692453312266431098e+01,3.379202001806006717e+00,1.690664462178615679e+01,1.500017529547680306e+00,1.687356360829775426e+01,2.899999999710000331e+00
2.758173445595711315e-01,1.692453312330167137e+01,3.378091132670624219e+00,1.690664513607098840e+01,1.500017527884513591e+00,1.687356360904277608e+01,2.899999999710000331e+00
2.760173445595702213e-01,1.692453312393735843e+01,3.376983069591177777e+00,1.690664564896739108e+01,1.500017526223348163e+00,1.687356360978584746e+01,2.899999999710000331e+00
2.762173445595693111e-01,1.692453312457151782e+01,3.375877805479169602e+00,1.690664616047943980e+01,1.500017524572160754e+00,1.687356361052712828e+01,2.899999999710000331e+00
2.764173445595684009e-01,1.692453312520395770e+01,3.374775333264341981e+00,1.690664667061099991e+01,1.500017522921460289e+00,1.687356361126641602e+01,2.899999999710000331e+00
2.766173445595674907e-01,1.692453312583480241e+01,3.373675645893635444e+00,1.690664717936606820e+01,1.500017521276859611e+00,1.687356361200383148e+01,2.899999999710000331e+00
2.768173445595665805e-01,1.692453312646398089e+01,3.372578736333854632e+00,1.690664768674856688e+01,1.500017519635130858e+00,1.687356361273931782e+01,2.899999999710000331e+00
2.770173445595656703e-01,1.692453312709158197e+01,3.371484597566891672e+00,1.690664819276245723e+01,1.500017518000908989e+00,1.687356361347296030e+01,2.899999999710000331e+00
2.772173445595647601e-01,1.692453312771752394e+01,3.370393222595097438e+00,1.690664869741164722e+01,1.500017516365297343e+00,1.687356361420467721e+01,2.899999999710000331e+00
2.774173445595638499e-01,1.692453312834192758e+01,3.369304604436829997e+00,1.690664920070004484e+01,1.500017514743301694e+00,1.687356361493458223e+01,2.899999999710000331e+00
2.776173445595629397e-01,1.692453312896473250e+01,3.368218736127924107e+00,1.690664970263159717e+01,1.500017513120666557e+00,1.687356361566262564e+01,2.899999999710000331e+00
2.778173445595620294e-01,1.692453312958589606e+01,3.367135610722585604e+00,1.690665020321005940e+01,1.500017511504045720e+00,1.687356361638875413e+01,2.899999999710000331e+00
2.780173445595611192e-01,1.692453313020546091e+01,3.366055221292240773e+00,1.690665070243938217e+01,1.500017509891609091e+00,1.687356361711302810e+01,2.899999999710000331e+00
2.782173445595602090e-01,1.692453313082351229e+01,3.364977560923358535e+00,1.690665120032349478e+01,1.500017508282327716e+00,1.687356361783552217e+01,2.899999999710000331e+00
2.784173445595592988e-01,1.692453313143993654e+01,3.363902622726148373e+00,1.690665169686612401e+01,1.500017506678398949e+00,1.687356361855612974e+01,2.899999999710000331e+00
2.786173445595583886e-01,1.692453313205471588e+01,3.362830399823245831e+00,1.690665219207104641e+01,1.500017505080047275e+00,1.687356361927481885e+01,2.899999999710000331e+00
2.788173445595574784e-01,1.692453313266799242e+01,3.361760885355852491e+00,1.690665268594227300e+01,1.500017503484868175e+00,1.687356361999174581e+01,2.899999999710000331e+00
2.790173445595565682e-01,1.692453313327960629e+01,3.360694072481795303e+00,1.690665317848341331e+01,1.500017501895322125e+00,1.687356362070675075e+01,2.899999999710000331e+00
2.792173445595556580e-01,1.692453313388986302e+01,3.359629954377014727e+00,1.690665366969855654e+01,1.500017500312313068e+00,1.687356362142013921e+01,2.899999999710000331e+00
2.794173445595547478e-01,1.692453313449838248e+01,3.358568524234929242e+00,1.690665415959115592e+01,1.500017498728295040e+00,1.687356362213152750e+01,2.899999999710000331e+00
2.796173445595538376e-01,1.692453313510533519e+01,3.357509775265340224e+00,1.690665464816507679e+01,1.500017497155294866e+00,1.687356362284108613e+01,2.899999999710000331e+00
2.798173445595529274e-01,1.692453313571068563e+01,3.356453700695118503e+00,1.690665513542413123e+01,1.500017495578443993e+00,1.687356362354878314e+01,2.899999999710000331e+00
2.800173445595520172e-01,1.692453313631464340e+01,3.355400293769838616e+00,1.690665562137217748e+01,1.500017494012360952e+00,1.687356362425483525e+01,2.899999999710000331e+00
2.802173445595511070e-01,1.692453313691700245e+01,3.354349547750417049e+00,1.690665610601278956e+01,1.500017492449548184e+00,1.687356362495903284e+01,2.899999999710000331e+00
2.804173445595501968e-01,1.692453313751769528e+01,3.353301455916006812e+00,1.690665658934963034e+01,1.500017490891174310e+00,1.687356362566130130e+01,2.899999999710000331e+00
2.806173445595492866e-01,1.692453313811695992e+01,3.352256011561341342e+00,1.690665707138663265e+01,1.500017489336220367e+00,1.687356362636188578e+01,2.899999999710000331e+00
2.808173445595483764e-01,1.692453313871465781e+01,3.351213207998905208e+00,1.690665755212735633e+01,1.500017487785810122e+00,1.687356362706064417e+01,2.899999999710000331e+00
2.810173445595474662e-01,1.692453313931087422e+01,3.350173038559604688e+00,1.690665803157557434e+01,1.500017486239863196e+00,1.687356362775766883e+01,2.899999999710000331e+00
2.812173445595465560e-01,1.692453313990547059e+01,3.349135496587915650e+00,1.690665850973478612e+01,1.500017484701061443e+00,1.687356362845281410e+01,2.899999999710000331e+00
2.814173445595456458e-01,1.692453314049860680e+01,3.348100575446618432e+00,1.690665898660890676e+01,1.500017483162084941e+00,1.687356362914625763e+01,2.899999999710000331e+00
2.816173445595447355e-01,1.692453314109017626e+01,3.347068268516098399e+00,1.690665946220140725e+01,1.500017481629682292e+00,1.687356362983786795e+01,2.899999999710000331e+00
2.818173445595438253e-01,1.692453314168036371e+01,3.346038569192778755e+00,1.690665993651611387e+01,1.500017480100908518e+00,1.687356363052785468e+01,2.899999999710000331e+00
2.820173445595429151e-01,1.692453314226890981e+01,3.345011470890161043e+00,1.690666040955642657e+01,1.500017478578488550e+00,1.687356363121594427e+01,2.899999999710000331e+00
2.822173445595420049e-01,1.692453314285589627e+01,3.343986967037769098e+00,1.690666088132603306e+01,1.500017477059293336e+00,1.687356363190221487e+01,2.899999999710000331e+00
2.824173445595410947e-01,1.692453314344137638e+01,3.342965051082498196e+00,1.690666135182859264e+01,1.500017475541937095e+00,1.687356363258673397e+01,2.899999999710000331e+00
2.826173445595401845e-01,1.692453314402554909e+01,3.341945716487034979e+00,1.690666182106787474e+01,1.500017474032403042e+00,1.687356363326969344e+01,2.899999999710000331e+00
2.828173445595392743e-01,1.692453314460808755e+01,3.340928956731458843e+00,1.690666228904717983e+01,1.500017472524919571e+00,1.687356363395077352e+01,2.899999999710000331e+00
2.830173445595383641e-01,1.692453314518918717e+01,3.339914765310528555e+00,1.690666275577024535e+01,1.500017471023810556e+00,1.687356363463016606e+01,2.899999999710000331e+00
2.832173445595374539e-01,1.692453314576869161e+01,3.338903135736265515e+00,1.690666322124051746e+01,1.500017469522898050e+00,1.687356363530771119e+01,2.899999999710000331e+00
2.834173445595365437e-01,1.692453314634687445e+01,3.337894061538990709e+00,1.690666368546174425e+01,1.500017468029856582e+00,1.687356363598368603e+01,2.899999999710000331e+00
2.836173445595356335e-01,1.692453314692345145e+01,3.336887536263040133e+00,1.690666414843724752e+01,1.500017466538143829e+00,1.687356363665781700e+01,2.899999999710000331e+00
2.838173445595347233e-01,1.692453314749855409e+01,3.335883553469942697e+00,1.690666461017067945e+01,1.500017465050691001e+00,1.687356363733021780e+01,2.899999999710000331e+00
2.840173445595338131e-01,1.692453314807223563e+01,3.334882106737174556e+00,1.690666507066555369e+01,1.500017463572745458e+00,1.687356363800095593e+01,2.899999999710000331e+00
2.842173445595329029e-01,1.692453314864446057e+01,3.333883189659159196e+00,1.690666552992539096e+01,1.500017462094276999e+00,1.687356363866998876e+01,2.899999999710000331e+00
2.844173445595319927e-01,1.692453314921518270e+01,3.332886795845519501e+00,1.690666598795364095e+01,1.500017460621643650e+00,1.687356363933728431e+01,2.899999999710000331e+00
2.846173445595310825e-01,1.692453314978435230e+01,3.331892918922814584e+00,1.690666644475372493e+01,1.500017459152088284e+00,1.687356364000277154e+01,2.899999999710000331e+00
2.848173445595301723e-01,1.692453315035225359e+01,3.330901552533657828e+00,1.690666690032940522e+01,1.500017457686650735e+00,1.687356364066675241e+01,2.899999999710000331e+00
2.850173445595292621e-01,1.692453315091854193e+01,3.329912690335352643e+00,1.690666735468381532e+01,1.500017456223767809e+00,1.687356364132887521e+01,2.899999999710000331e+00
2.852173445595283519e-01,1.692453315148343762e+01,3.328926326003324832e+00,1.690666780782057543e+01,1.500017454769295933e+00,1.687356364198936376e+01,2.899999999710000331e+00
2.854173445595274416e-01,1.692453315204681630e+01,3.327942453227727526e+00,1.690666825974307841e+01,1.500017453313538640e+00,1.687356364264809727e+01,2.899999999710000331e+00
2.856173445595265314e-01,1.692453315260895153e+01,3.326961065714498123e+00,1.690666871045494446e+01,1.500017451867882157e+00,1.687356364330534220e+01,2.899999999710000331e+00
2.858173445595256212e-01,1.692453315316951290e+01,3.325982157185766397e+00,1.690666915995935327e+01,1.500017450421769816e+00,1.687356364396077169e+01,2.899999999710000331e+00
2.860173445595247110e-01,1.692453315372862477e+01,3.325005721380674739e+00,1.690666960825974385e+01,1.500017448982960966e+00,1.687356364461451008e+01,2.899999999710000331e+00
2.862173445595238008e-01,1.692453315428624450e+01,3.324031752052046595e+00,1.690667005535955170e+01,1.500017447545359373e+00,1.687356364526652897e+01,2.899999999710000331e+00
2.864173445595228906e-01,1.692453315484255683e+01,3.323060242969983591e+00,1.690667050126232240e+01,1.500017446111310715e+00,1.687356364591699887e+01,2.899999999710000331e+00
2.866173445595219804e-01,1.692453315539735570e+01,3.322091187919564703e+00,1.690667094597119657e+01,1.500017444683417800e+00,1.687356364656571373e+01,2.899999999710000331e+00
2.868173445595210702e-01,1.692453315595079744e+01,3.321124580702968121e+00,1.690667138948972692e+01,1.500017443261248751e+00,1.687356364721283342e+01,2.899999999710000331e+00
2.870173445595201600e-01,1.692453315650280743e+01,3.320160415135422927e+00,1.690667183182123878e+01,1.500017441837434795e+00,1.687356364785828688e+01,2.899999999710000331e+00
2.872173445595192498e-01,1.692453315705348160e+01,3.319198685050611441e+00,1.690667227296908948e+01,1.500017440422654058e+00,1.687356364850216295e+01,2.899999999710000331e+00
2.874173445595183396e-01,1.692453315760256771e+01,3.318239384295615935e+00,1.690667271293639828e+01,1.500017439010420839e+00,1.687356364914422002e+01,2.899999999710000331e+00
2.876173445595174294e-01,1.692453315815041748e+01,3.317282506734144931e+00,1.690667315172684937e+01,1.500017437602737758e+00,1.687356364978480983e+01,2.899999999710000331e+00
2.878173445595165192e-01,1.692453315869668273e+01,3.316328046245931027e+00,1.690667358934342701e+01,1.500017436196593668e+00,1.687356365042357353e+01,2.899999999710000331e+00
2.880173445595156090e-01,1.692453315924176138e+01,3.315375996723946894e+00,1.690667402578980116e+01,1.500017434796792726e+00,1.687356365106091260e+01,2.899999999710000331e+00
2.882173445595146988e-01,1.692453315978532302e+01,3.314426352079565596e+00,1.690667446106897387e+01,1.500017433398390665e+00,1.687356365169651795e+01,2.899999999710000331e+00
2.884173445595137886e-01,1.692453316032745647e+01,3.313479106237971816e+00,1.690667489518425626e+01,1.500017432007339835e+00,1.687356365233044997e+01,2.899999999710000331e+00
2.886173445595128784e-01,1.692453316086822568e+01,3.312534253137698670e+00,1.690667532813905183e+01,1.500017430617209602e+00,1.687356365296279748e+01,2.899999999710000331e+00
2.888173445595119682e-01,1.692453316140765907e+01,3.311591786739026766e+00,1.690667575993663263e+01,1.500017429230373400e+00,1.687356365359357113e+01,2.899999999710000331e+00
2.890173445595110580e-01,1.692453316194572110e+01,3.310651701009359460e+00,1.690667619058019966e+01,1.500017427850389495e+00,1.687356365422274251e+01,2.899999999710000331e+00
2.892173445595101478e-01,1.692453316248234074e+01,3.309713989935735068e+00,1.690667662007295746e+01,1.500017426471613069e+00,1.687356365485023346e+01,2.899999999710000331e+00
2.894173445595092375e-01,1.692453316301762456e+01,3.308778647517256477e+00,1.690667704841819940e+01,1.500017425099693602e+00,1.687356365547617187e+01,2.899999999710000331e+00
2.896173445595083273e-01,1.692453316355163651e+01,3.307845667780855869e+00,1.690667747561926504e+01,1.500017423730019450e+00,1.687356365610060038e+01,2.899999999710000331e+00
2.898173445595074171e-01,1.692453316408412789e+01,3.306915044744061394e+00,1.690667790167913509e+01,1.500017422361722641e+00,1.687356365672328096e+01,2.899999999710000331e+00
2.900173445595065069e-01,1.692453316461526924e+01,3.305986772458197276e+00,1.690667832660109937e+01,1.500017421000665596e+00,1.687356365734438768e+01,2.899999999710000331e+00
2.902173445595055967e-01,1.692453316514516715e+01,3.305060844989346602e+00,1.690667875038852586e+01,1.500017419641669791e+00,1.687356365796402358e+01,2.899999999710000331e+00
2.904173445595046865e-01,1.692453316567357291e+01,3.304137256418391289e+00,1.690667917304433487e+01,1.500017418287944215e+00,1.687356365858193996e+01,2.899999999710000331e+00
2.906173445595037763e-01,1.692453316620063219e+01,3.303216000831533883e+00,1.690667959457184821e+01,1.500017416937671877e+00,1.687356365919827894e+01,2.899999999710000331e+00
2.908173445595028661e-01,1.692453316672650843e+01,3.302297072337602390e+00,1.690668001497439121e+01,1.500017415590919834e+00,1.687356365981321815e+01,2.899999999710000331e+00
2.910173445595019559e-01,1.692453316725092094e+01,3.301380465055306246e+00,1.690668043425485223e+01,1.500017414247509784e+00,1.687356366042645561e+01,2.899999999710000331e+00
2.912173445595010457e-01,1.692453316777393724e+01,3.300466173122473812e+00,1.690668085241645002e+01,1.500017412906328840e+00,1.687356366103808725e+01,2.899999999710000331e+00
2.914173445595001355e-01,1.692453316829572785e+01,3.299554190692340239e+00,1.690668126946247796e+01,1.500017411568000059e+00,1.687356366164825872e+01,2.899999999710000331e+00
2.916173445594992253e-01,1.692453316881607606e+01,3.298644511929227807e+00,1.690668168539579952e+01,1.500017410239963711e+00,1.687356366225677107e+01,2.899999999710000331e+00
2.918173445594983151e-01,1.692453316933517726e+01,3.297737131015138434e+00,1.690668210021981821e+01,1.500017408910898853e+00,1.687356366286381260e+01,2.899999999710000331e+00
2.920173445594974049e-01,1.692453316985296041e+01,3.296832042144730135e+00,1.690668251393751120e+01,1.500017407586443419e+00,1.687356366346931580e+01,2.899999999710000331e+00
2.922173445594964947e-01,1.692453317036929406e+01,3.295929239528316845e+00,1.690668292655189830e+01,1.500017406262134090e+00,1.687356366407313857e+01,2.899999999710000331e+00
2.924173445594955845e-01,1.692453317088438070e+01,3.295028717392499029e+00,1.690668333806619472e+01,1.500017404945430899e+00,1.687356366467550117e+01,2.899999999710000331e+00
2.926173445594946743e-01,1.692453317139817415e+01,3.294130469974108966e+00,1.690668374848347710e+01,1.500017403632520896e+00,1.687356366527635032e+01,2.899999999710000331e+00
2.928173445594937641e-01,1.692453317191061402e+01,3.293234491529914987e+00,1.690668415780676526e+01,1.500017402320927395e+00,1.687356366587562206e+01,2.899999999710000331e+00
2.930173445594928539e-01,1.692453317242186728e+01,3.292340776326192042e+00,1.690668456603922110e+01,1.500017401017720298e+00,1.687356366647349049e+01,2.899999999710000331e+00
2.932173445594919436e-01,1.692453317293169590e+01,3.291449318647333477e+00,1.690668497318377206e+01,1.500017399712942900e+00,1.687356366706971045e+01,2.899999999710000331e+00
2.934173445594910334e-01,1.692453317344018870e+01,3.290560112790640090e+00,1.690668537924348058e+01,1.500017398413560965e+00,1.687356366766438853e+01,2.899999999710000331e+00
2.936173445594901232e-01,1.692453317394738121e+01,3.289673153068106704e+00,1.690668578422140556e+01,1.500017397117772378e+00,1.687356366825753895e+01,2.899999999710000331e+00
2.938173445594892130e-01,1.692453317445345107e+01,3.288788433805186706e+00,1.690668618812076573e+01,1.500017395828235900e+00,1.687356366884934999e+01,2.899999999710000331e+00
2.940173445594883028e-01,1.692453317495803944e+01,3.287905949343796763e+00,1.690668659094421855e+01,1.500017394538081250e+00,1.687356366943946639e+01,2.899999999710000331e+00
2.942173445594873926e-01,1.692453317546134528e+01,3.287025694038037571e+00,1.690668699269497921e+01,1.500017393251957820e+00,1.687356367002807644e+01,2.899999999710000331e+00
2.944173445594864824e-01,1.692453317596346807e+01,3.286147662257298929e+00,1.690668739337609239e+01,1.500017391973477610e+00,1.687356367061529383e+01,2.899999999710000331e+00
2.946173445594855722e-01,1.692453317646423727e+01,3.285271848384387461e+00,1.690668779299045354e+01,1.500017390694087016e+00,1.687356367120094447e+01,2.899999999710000331e+00
2.948173445594846620e-01,1.692453317696381987e+01,3.284398246816912170e+00,1.690668819154112867e+01,1.500017389421622660e+00,1.687356367178519534e+01,2.899999999710000331e+00
2.950173445594837518e-01,1.692453317746200625e+01,3.283526851967051297e+00,1.690668858903092442e+01,1.500017388151756226e+00,1.687356367236783328e+01,2.899999999710000331e+00
2.952173445594828416e-01,1.692453317795889589e+01,3.282657658260329736e+00,1.690668898546291388e+01,1.500017386883278681e+00,1.687356367294896486e+01,2.899999999710000331e+00
2.954173445594819314e-01,1.692453317845465932e+01,3.281790660137010374e+00,1.690668938084018080e+01,1.500017385619304866e+00,1.687356367352875353e+01,2.899999999710000331e+00
2.956173445594810212e-01,1.692453317894906561e+01,3.280925852051374214e+00,1.690668977516545368e+01,1.500017384358155459e+00,1.687356367410696834e+01,2.899999999710000331e+00
2.958173445594801110e-01,1.692453317944220359e+01,3.280063228470592396e+00,1.690669016844170613e+01,1.500017383104171431e+00,1.687356367468370877e+01,2.899999999710000331e+00
2.960173445594792008e-01,1.692453317993408390e+01,3.279202783876888905e+00,1.690669056067196863e+01,1.500017381848732123e+00,1.687356367525898193e+01,2.899999999710000331e+00
2.962173445594782906e-01,1.692453318042475630e+01,3.278344512765611896e+00,1.690669095185914728e+01,1.500017380599060424e+00,1.687356367583283401e+01,2.899999999710000331e+00
2.964173445594773804e-01,1.692453318091420300e+01,3.277488409647319134e+00,1.690669134200611978e+01,1.500017379353883351e+00,1.687356367640525434e+01,2.899999999710000331e+00
2.966173445594764702e-01,1.692453318140228902e+01,3.276634469045931919e+00,1.690669173111566437e+01,1.500017378110617861e+00,1.687356367697609372e+01,2.899999999710000331e+00
2.968173445594755600e-01,1.692453318188914579e+01,3.275782685498053848e+00,1.690669211919080084e+01,1.500017376872167629e+00,1.687356367754550490e+01,2.899999999710000331e+00
2.970173445594746497e-01,1.692453318237474846e+01,3.274933053555089568e+00,1.690669250623441044e+01,1.500017375634410843e+00,1.687356367811344526e+01,2.899999999710000331e+00
2.972173445594737395e-01,1.692453318285917163e+01,3.274085567782442752e+00,1.690669289224938865e+01,1.500017374404605253e+00,1.687356367867999651e+01,2.899999999710000331e+00
2.974173445594728293e-01,1.692453318334230872e+01,3.273240222758765583e+00,1.690669327723853499e+01,1.500017373173601065e+00,1.687356367924506273e+01,2.899999999710000331e+00
2.976173445594719191e-01,1.692453318382420591e+01,3.272397013076946859e+00,1.690669366120474137e+01,1.500017371946221978e+00,1.687356367980868654e+01,2.899999999710000331e+00
2.978173445594710089e-01,1.692453318430487741e+01,3.271555933342223721e+00,1.690669404415081800e+01,1.500017370727008137e+00,1.687356368037086440e+01,2.899999999710000331e+00
2.980173445594700987e-01,1.692453318478442981e+01,3.270716978174057932e+00,1.690669442607978468e+01,1.500017369506509102e+00,1.687356368093173131e+01,2.899999999710000331e+00
2.982173445594691885e-01,1.692453318526267125e+01,3.269880142206775808e+00,1.690669480699422422e+01,1.500017368292234421e+00,1.687356368149107055e+01,2.899999999710000331e+00
2.984173445594682783e-01,1.692453318573960175e+01,3.269045420087698162e+00,1.690669518689699302e+01,1.500017367078328334e+00,1.687356368204889989e+01,2.899999999710000331e+00
2.986173445594673681e-01,1.692453318621543090e+01,3.268212806476406218e+00,1.690669556579107535e+01,1.500017365869507735e+00,1.687356368260542183e+01,2.899999999710000331e+00
2.988173445594664579e-01,1.692453318669005213e+01,3.267382296047319556e+00,1.690669594367916417e+01,1.500017364666323294e+00,1.687356368316052269e+01,2.899999999710000331e+00
2.990173445594655477e-01,1.692453318716343702e+01,3.266553883487266496e+00,1.690669632056409455e+01,1.500017363461583875e+00,1.687356368371420601e+01,2.899999999710000331e+00
2.992173445594646375e-01,1.692453318763557490e+01,3.265727563497268005e+00,1.690669669644852746e+01,1.500017362264703058e+00,1.687356368426642206e+01,2.899999999710000331e+00
2.994173445594637273e-01,1.692453318810642315e+01,3.264903330791166791e+00,1.690669707133532285e+01,1.500017361067081945e+00,1.687356368481715663e+01,2.899999999710000331e+00
2.996173445594628171e-01,1.692453318857626954e+01,3.264081180096946255e+00,1.690669744522743656e+01,1.500017359876592904e+00,1.687356368536667262e+01,2.899999999710000331e+00
2.998173445594619069e-01,1.692453318904477300e+01,3.263261106155463498e+00,1.690669781812732708e+01,1.500017358689566427e+00,1.687356368591465383e+01,2.899999999710000331e+00
3.000173445594609967e-01,1.692453318951216801e+01,3.262443103721044846e+00,1.690669819003802843e+01,1.500017357500135651e+00,1.687356368646132765e+01,2.899999999710000331e+00
3.002173445594600865e-01,1.692453318997826983e+01,3.261627167559666862e+00,1.690669856096203105e+01,1.500017356316395434e+00,1.687356368700651288e+01,2.899999999710000331e+00
3.004173445594591763e-01,1.692453319044325966e+01,3.260813292454059820e+00,1.690669893090223042e+01,1.500017355141612940e+00,1.687356368755037295e+01,2.899999999710000331e+00
3.006173445594582661e-01,1.692453319090698471e+01,3.260001473195743849e+00,1.690669929986131237e+01,1.500017353960895639e+00,1.687356368809278351e+01,2.899999999710000331e+00
3.008173445594573558e-01,1.692453319136959777e+01,3.259191704593364491e+00,1.690669966784203737e+01,1.500017352790884884e+00,1.687356368863387246e+01,2.899999999710000331e+00
3.010173445594564456e-01,1.692453319183109528e+01,3.258383981466429713e+00,1.690670003484716233e+01,1.500017351621041550e+00,1.687356368917365401e+01,2.899999999710000331e+00
3.012173445594555354e-01,1.692453319229125697e+01,3.257578298647231474e+00,1.690670040087919546e+01,1.500017350453767495e+00,1.687356368971189013e+01,2.899999999710000331e+00
3.014173445594546252e-01,1.692453319275036350e+01,3.256774650983678132e+00,1.690670076594103222e+01,1.500017349292216418e+00,1.687356369024888991e+01,2.899999999710000331e+00
3.016173445594537150e-01,1.692453319320820881e+01,3.255973033334267353e+00,1.690670113003521990e+01,1.500017348133044548e+00,1.687356369078442242e+01,2.899999999710000331e+00
3.018173445594528048e-01,1.692453319366485687e+01,3.255173440570122256e+00,1.690670149316451543e+01,1.500017346973878674e+00,1.687356369131856226e+01,2.899999999710000331e+00
3.020173445594518946e-01,1.692453319412043200e+01,3.254375867577710135e+00,1.690670185533164371e+01,1.500017345821402559e+00,1.687356369185143024e+01,2.899999999710000331e+00
3.022173445594509844e-01,1.692453319457477079e+01,3.253580309253836234e+00,1.690670221653918048e+01,1.500017344670309116e+00,1.687356369238287357e+01,2.899999999710000331e+00
3.024173445594500742e-01,1.692453319502812548e+01,3.252786760510592678e+00,1.690670257678996435e+01,1.500017343524038482e+00,1.687356369291313740e+01,2.899999999710000331e+00
3.026173445594491640e-01,1.692453319548014079e+01,3.251995216272004718e+00,1.690670293608631880e+01,1.500017342381811947e+00,1.687356369344185936e+01,2.899999999710000331e+00
3.028173445594482538e-01,1.692453319593100503e+01,3.251205671473051950e+00,1.690670329443108244e+01,1.500017341238816915e+00,1.687356369396924194e+01,2.899999999710000331e+00
3.030173445594473436e-01,1.692453319638078568e+01,3.250418121064505783e+00,1.690670365182696244e+01,1.500017340099745411e+00,1.687356369449535265e+01,2.899999999710000331e+00
3.032173445594464334e-01,1.692453319682932289e+01,3.249632560008048454e+00,1.690670400827635333e+01,1.500017338966632252e+00,1.687356369502001741e+01,2.899999999710000331e+00
3.034173445594455232e-01,1.692453319727687955e+01,3.248848983278813662e+00,1.690670436378219676e+01,1.500017337836994979e+00,1.687356369554351332e+01,2.899999999710000331e+00
3.036173445594446130e-01,1.692453319772312170e+01,3.248067385864548573e+00,1.690670471834678068e+01,1.500017336706495508e+00,1.687356369606550643e+01,2.899999999710000331e+00
3.038173445594437028e-01,1.692453319816840462e+01,3.247287762765345587e+00,1.690670507197298988e+01,1.500017335582759292e+00,1.687356369658634492e+01,2.899999999710000331e+00
3.040173445594427926e-01,1.692453319861235173e+01,3.246510108995553701e+00,1.690670542466308390e+01,1.500017334459634144e+00,1.687356369710566639e+01,2.899999999710000331e+00
3.042173445594418824e-01,1.692453319905533249e+01,3.245734419576403074e+00,1.690670577642003281e+01,1.500017333340734282e+00,1.687356369762381902e+01,2.899999999710000331e+00
3.044173445594409722e-01,1.692453319949708046e+01,3.244960689549637678e+00,1.690670612724612809e+01,1.500017332224794719e+00,1.687356369814055768e+01,2.899999999710000331e+00
3.046173445594400619e-01,1.692453319993773420e+01,3.244188913964363152e+00,1.690670647714404851e+01,1.500017331113479901e+00,1.687356369865600669e+01,2.899999999710000331e+00
3.048173445594391517e-01,1.692453320037724751e+01,3.243419087884282792e+00,1.690670682611636622e+01,1.500017330001561788e+00,1.687356369917012699e+01,2.899999999710000331e+00
3.050173445594382415e-01,1.692453320081559554e+01,3.242651206384583595e+00,1.690670717416555746e+01,1.500017328894962088e+00,1.687356369968289016e+01,2.899999999710000331e+00
3.052173445594373313e-01,1.692453320125295591e+01,3.241885264553544310e+00,1.690670752129436494e+01,1.500017327791147048e+00,1.687356370019448804e+01,2.899999999710000331e+00
3.054173445594364211e-01,1.692453320168909769e+01,3.241121257491357710e+00,1.690670786750511922e+01,1.500017326690734620e+00,1.687356370070467193e+01,2.899999999710000331e+00
3.056173445594355109e-01,1.692453320212417722e+01,3.240359180310628417e+00,1.690670821280046709e+01,1.500017325592946094e+00,1.687356370121360527e+01,2.899999999710000331e+00
3.058173445594346007e-01,1.692453320255810922e+01,3.239599028137121639e+00,1.690670855718286703e+01,1.500017324498056359e+00,1.687356370172120990e+01,2.899999999710000331e+00
3.060173445594336905e-01,1.692453320299101449e+01,3.238840796108140907e+00,1.690670890065496934e+01,1.500017323405434810e+00,1.687356370222760305e+01,2.899999999710000331e+00
3.062173445594327803e-01,1.692453320342269407e+01,3.238084479372709268e+00,1.690670924321905133e+01,1.500017322317955815e+00,1.687356370273257511e+01,2.899999999710000331e+00
3.064173445594318701e-01,1.692453320385324034e+01,3.237330073093345195e+00,1.690670958487773490e+01,1.500017321230131984e+00,1.687356370323623622e+01,2.899999999710000331e+00
3.066173445594309599e-01,1.692453320428283448e+01,3.236577572444095274e+00,1.690670992563365971e+01,1.500017320149546807e+00,1.687356370373876047e+01,2.899999999710000331e+00
3.068173445594300497e-01,1.692453320471119582e+01,3.235826972611149710e+00,1.690671026548909595e+01,1.500017319066385690e+00,1.687356370423986363e+01,2.899999999710000331e+00
3.070173445594291395e-01,1.692453320513862991e+01,3.235078268793493805e+00,1.690671060444674012e+01,1.500017317990837151e+00,1.687356370473986544e+01,2.899999999710000331e+00
3.072173445594282293e-01,1.692453320556481700e+01,3.234331456201845700e+00,1.690671094250880557e+01,1.500017316918816013e+00,1.687356370523842486e+01,2.899999999710000331e+00
3.074173445594273191e-01,1.692453320599003064e+01,3.233586530058119024e+00,1.690671127967801723e+01,1.500017315845867838e+00,1.687356370573583320e+01,2.899999999710000331e+00
3.076173445594264089e-01,1.692453320641409675e+01,3.232843485597823641e+00,1.690671161595664529e+01,1.500017314779044542e+00,1.687356370623191282e+01,2.899999999710000331e+00
3.078173445594254987e-01,1.692453320683707574e+01,3.232102318068021063e+00,1.690671195134722282e+01,1.500017313713142730e+00,1.687356370672672057e+01,2.899999999710000331e+00
3.080173445594245885e-01,1.692453320725902088e+01,3.231363022727169021e+00,1.690671228585224029e+01,1.500017312648525003e+00,1.687356370722031684e+01,2.899999999710000331e+00
3.082173445594236783e-01,1.692453320767984337e+01,3.230625594845726312e+00,1.690671261947398918e+01,1.500017311591119062e+00,1.687356370771260572e+01,2.899999999710000331e+00
3.084173445594227680e-01,1.692453320809960005e+01,3.229890029707243482e+00,1.690671295221501680e+01,1.500017310534063286e+00,1.687356370820365470e+01,2.899999999710000331e+00
3.086173445594218578e-01,1.692453320851835485e+01,3.229156322606304030e+00,1.690671328407779583e+01,1.500017309481556316e+00,1.687356370869351707e+01,2.899999999710000331e+00
3.088173445594209476e-01,1.692453320893586621e+01,3.228424468848769990e+00,1.690671361506449699e+01,1.500017308429421270e+00,1.687356370918194415e+01,2.899999999710000331e+00
3.090173445594200374e-01,1.692453320935249650e+01,3.227694463753896237e+00,1.690671394517786652e+01,1.500017307382719434e+00,1.687356370966933028e+01,2.899999999710000331e+00
3.092173445594191272e-01,1.692453320976792952e+01,3.226966302651650409e+00,1.690671427442000763e+01,1.500017306337149581e+00,1.687356371015533441e+01,2.899999999710000331e+00
3.094173445594182170e-01,1.692453321018236068e+01,3.226239980884778813e+00,1.690671460279349247e+01,1.500017305295502812e+00,1.687356371064015192e+01,2.899999999710000331e+00
3.096173445594173068e-01,1.692453321059581484e+01,3.225515493806152101e+00,1.690671493030072980e+01,1.500017304257912354e+00,1.687356371112382547e+01,2.899999999710000331e+00
3.098173445594163966e-01,1.692453321100808594e+01,3.224792836781566585e+00,1.690671525694394361e+01,1.500017303219402187e+00,1.687356371160613122e+01,2.899999999710000331e+00
3.100173445594154864e-01,1.692453321141938716e+01,3.224072005188559853e+00,1.690671558272565633e+01,1.500017302186459789e+00,1.687356371208729300e+01,2.899999999710000331e+00
3.102173445594145762e-01,1.692453321182950532e+01,3.223352994416273543e+00,1.690671590764803156e+01,1.500017301155278870e+00,1.687356371256709409e+01,2.899999999710000331e+00
3.104173445594136660e-01,1.692453321223880280e+01,3.222635799865563033e+00,1.690671623171379068e+01,1.500017300127177267e+00,1.687356371304589331e+01,2.899999999710000331e+00
3.106173445594127558e-01,1.692453321264686394e+01,3.221920416947381405e+00,1.690671655492488412e+01,1.500017299102060386e+00,1.687356371352328566e+01,2.899999999710000331e+00
3.108173445594118456e-01,1.692453321305398717e+01,3.221206841086512895e+00,1.690671687728393380e+01,1.500017298079601380e+00,1.687356371399956956e+01,2.899999999710000331e+00
3.110173445594109354e-01,1.692453321346005168e+01,3.220495067718311066e+00,1.690671719879317081e+01,1.500017297060031396e+00,1.687356371447461356e+01,2.899999999710000331e+00
3.112173445594100252e-01,1.692453321386507881e+01,3.219785092289014550e+00,1.690671751945494350e+01,1.500017296043027359e+00,1.687356371494845320e+01,2.899999999710000331e+00
3.114173445594091150e-01,1.692453321426903301e+01,3.219076910257624213e+00,1.690671783927147942e+01,1.500017295032223474e+00,1.687356371542103517e+01,2.899999999710000331e+00
3.116173445594082048e-01,1.692453321467199601e+01,3.218370517094511829e+00,1.690671815824529745e+01,1.500017294018418657e+00,1.687356371589245541e+01,2.899999999710000331e+00
3.118173445594072946e-01,1.692453321507388964e+01,3.217665908277560494e+00,1.690671847637853276e+01,1.500017293009670905e+00,1.687356371636264640e+01,2.899999999710000331e+00
3.120173445594063844e-01,1.692453321547486667e+01,3.216963079304259843e+00,1.690671879367365804e+01,1.500017292004653724e+00,1.687356371683173251e+01,2.899999999710000331e+00
3.122173445594054741e-01,1.692453321587462511e+01,3.216262025673560565e+00,1.690671911013267703e+01,1.500017291001510822e+00,1.687356371729943305e+01,2.899999999710000331e+00
3.124173445594045639e-01,1.692453321627355578e+01,3.215562742907454030e+00,1.690671942575826137e+01,1.500017290001208314e+00,1.687356371776613173e+01,2.899999999710000331e+00
3.126173445594036537e-01,1.692453321667132116e+01,3.214865226529202591e+00,1.690671974055235793e+01,1.500017289003417131e+00,1.687356371823149459e+01,2.899999999710000331e+00
3.128173445594027435e-01,1.692453321706823388e+01,3.214169472078111323e+00,1.690672005451757798e+01,1.500017288006642913e+00,1.687356371869584493e+01,2.899999999710000331e+00
3.130173445594018333e-01,1.692453321746402040e+01,3.213475475102255619e+00,1.690672036765585773e+01,1.500017287015793954e+00,1.687356371915888786e+01,2.899999999710000331e+00
3.132173445594009231e-01,1.692453321785880505e+01,3.212783231162643194e+00,1.690672067996965211e+01,1.500017286026252172e+00,1.687356371962075841e+01,2.899999999710000331e+00
3.134173445594000129e-01,1.692453321825262336e+01,3.212092735830958556e+00,1.690672099146118512e+01,1.500017285040390558e+00,1.687356372008150274e+01,2.899999999710000331e+00
3.136173445593991027e-01,1.692453321864541138e+01,3.211403984690108793e+00,1.690672130213271274e+01,1.500017284053416944e+00,1.687356372054103204e+01,2.899999999710000331e+00
3.138173445593981925e-01,1.692453321903719043e+01,3.210716973334902580e+00,1.690672161198640566e+01,1.500017283075214314e+00,1.687356372099939961e+01,2.899999999710000331e+00
3.140173445593972823e-01,1.692453321942797828e+01,3.210031697369529535e+00,1.690672192102462290e+01,1.500017282094161963e+00,1.687356372145659833e+01,2.899999999710000331e+00
3.142173445593963721e-01,1.692453321981771808e+01,3.209348152411102717e+00,1.690672222924944634e+01,1.500017281118406043e+00,1.687356372191258558e+01,2.899999999710000331e+00
3.144173445593954619e-01,1.692453322020660167e+01,3.208666334088440042e+00,1.690672253666331670e+01,1.500017280147189602e+00,1.687356372236755320e+01,2.899999999710000331e+00
3.146173445593945517e-01,1.692453322059429865e+01,3.207986238037753512e+00,1.690672284326819508e+01,1.500017279172042306e+00,1.687356372282116368e+01,2.899999999710000331e+00
3.148173445593936415e-01,1.692453322098121049e+01,3.207307859909389602e+00,1.690672314906657547e+01,1.500017278204048621e+00,1.687356372327381138e+01,2.899999999710000331e+00
3.150173445593927313e-01,1.692453322136701388e+01,3.206631195363716547e+00,1.690672345406038701e+01,1.500017277239972913e+00,1.687356372372519431e+01,2.899999999710000331e+00
3.152173445593918211e-01,1.692453322175194685e+01,3.205956240073202235e+00,1.690672375825204554e+01,1.500017276278351908e+00,1.687356372417554340e+01,2.899999999710000331e+00
3.154173445593909109e-01,1.692453322213573585e+01,3.205282989719104858e+00,1.690672406164353703e+01,1.500017275315507659e+00,1.687356372462457799e+01,2.899999999710000331e+00
3.156173445593900007e-01,1.692453322251866865e+01,3.204611439995705524e+00,1.690672436423723468e+01,1.500017274358824482e+00,1.687356372507259650e+01,2.899999999710000331e+00
3.158173445593890905e-01,1.692453322290052853e+01,3.203941586606239067e+00,1.690672466603517066e+01,1.500017273403825513e+00,1.687356372551937511e+01,2.899999999710000331e+00
3.160173445593881802e-01,1.692453322328150378e+01,3.203273425266834895e+00,1.690672496703963290e+01,1.500017272453254114e+00,1.687356372596510923e+01,2.899999999710000331e+00
3.162173445593872700e-01,1.692453322366142388e+01,3.202606951702604121e+00,1.690672526725272107e+01,1.500017271500225347e+00,1.687356372640962476e+01,2.899999999710000331e+00
3.164173445593863598e-01,1.692453322404049132e+01,3.201942161650596752e+00,1.690672556667668758e+01,1.500017270554498960e+00,1.687356372685311356e+01,2.899999999710000331e+00
3.166173445593854496e-01,1.692453322441853558e+01,3.201279050858171438e+00,1.690672586531357169e+01,1.500017269610265380e+00,1.687356372729542286e+01,2.899999999710000331e+00
3.168173445593845394e-01,1.692453322479560285e+01,3.200617615082867129e+00,1.690672616316555121e+01,1.500017268667458215e+00,1.687356372773659530e+01,2.899999999710000331e+00
3.170173445593836292e-01,1.692453322517175351e+01,3.199957850094199863e+00,1.690672646023483594e+01,1.500017267728047887e+00,1.687356372817668415e+01,2.899999999710000331e+00
3.172173445593827190e-01,1.692453322554679218e+01,3.199299751671896619e+00,1.690672675652335144e+01,1.500017266790137915e+00,1.687356372861550469e+01,2.899999999710000331e+00
3.174173445593818088e-01,1.692453322592109188e+01,3.198643315605257165e+00,1.690672705203358817e+01,1.500017265856149029e+00,1.687356372905342994e+01,2.899999999710000331e+00
3.176173445593808986e-01,1.692453322629431867e+01,3.197988537696935474e+00,1.690672734676735089e+01,1.500017264923430238e+00,1.687356372949011174e+01,2.899999999710000331e+00
3.178173445593799884e-01,1.692453322666662174e+01,3.197335413757064870e+00,1.690672764072686007e+01,1.500017263996410000e+00,1.687356372992570641e+01,2.899999999710000331e+00
3.180173445593790782e-01,1.692453322703789098e+01,3.196683939608247371e+00,1.690672793391420825e+01,1.500017263067618067e+00,1.687356373036011448e+01,2.899999999710000331e+00
3.182173445593781680e-01,1.692453322740831112e+01,3.196034111082800777e+00,1.690672822633159456e+01,1.500017262142514518e+00,1.687356373079351357e+01,2.899999999710000331e+00
3.184173445593772578e-01,1.692453322777774005e+01,3.195385924024034541e+00,1.690672851798099430e+01,1.500017261222920784e+00,1.687356373122575803e+01,2.899999999710000331e+00
3.186173445593763476e-01,1.692453322814626304e+01,3.194739374285928246e+00,1.690672880886460305e+01,1.500017260300407607e+00,1.687356373165694379e+01,2.899999999710000331e+00
3.188173445593754374e-01,1.692453322851378417e+01,3.194094457732016057e+00,1.690672909898439613e+01,1.500017259384703650e+00,1.687356373208696070e+01,2.899999999710000331e+00
3.190173445593745272e-01,1.692453322888047040e+01,3.193451170237791903e+00,1.690672938834261885e+01,1.500017258469572790e+00,1.687356373251599351e+01,2.899999999710000331e+00
3.192173445593736170e-01,1.692453322924616188e+01,3.192809507687428550e+00,1.690672967694115769e+01,1.500017257558265538e+00,1.687356373294387168e+01,2.899999999710000331e+00
3.194173445593727068e-01,1.692453322961096163e+01,3.192169465975520204e+00,1.690672996478218693e+01,1.500017256650843178e+00,1.687356373337070536e+01,2.899999999710000331e+00
3.196173445593717966e-01,1.692453322997485188e+01,3.191531041009682212e+00,1.690673025186779910e+01,1.500017255742882138e+00,1.687356373379646968e+01,2.899999999710000331e+00
3.198173445593708863e-01,1.692453323033764789e+01,3.190894228704990621e+00,1.690673053819983451e+01,1.500017254835110503e+00,1.687356373422097633e+01,2.899999999710000331e+00
3.200173445593699761e-01,1.692453323069963744e+01,3.190259024987869285e+00,1.690673082378058467e+01,1.500017253935164163e+00,1.687356373464453085e+01,2.899999999710000331e+00
3.202173445593690659e-01,1.692453323106069973e+01,3.189625425795162172e+00,1.690673110861203554e+01,1.500017253035066611e+00,1.687356373506700180e+01,2.899999999710000331e+00
3.204173445593681557e-01,1.692453323142088806e+01,3.188993427074254594e+00,1.690673139269624414e+01,1.500017252136423673e+00,1.687356373548843536e+01,2.899999999710000331e+00
3.206173445593672455e-01,1.692453323178003899e+01,3.188363024781447841e+00,1.690673167603507920e+01,1.500017251240769012e+00,1.687356373590868230e+01,2.899999999710000331e+00
3.208173445593663353e-01,1.692453323213843319e+01,3.187734214885324047e+00,1.690673195863082512e+01,1.500017250350651477e+00,1.687356373632801620e+01,2.899999999710000331e+00
3.210173445593654251e-01,1.692453323249576158e+01,3.187106993361296770e+00,1.690673224048524048e+01,1.500017249458400093e+00,1.687356373674613508e+01,2.899999999710000331e+00
3.212173445593645149e-01,1.692453323285227285e+01,3.186481356198329618e+00,1.690673252160053863e+01,1.500017248570673312e+00,1.687356373716327695e+01,2.899999999710000331e+00
3.214173445593636047e-01,1.692453323320784264e+01,3.185857299396769982e+00,1.690673280197862383e+01,1.500017247685885069e+00,1.687356373757932815e+01,2.899999999710000331e+00
3.216173445593626945e-01,1.692453323356247807e+01,3.185234818961536707e+00,1.690673308162149979e+01,1.500017246802329840e+00,1.687356373799429576e+01,2.899999999710000331e+00
3.218173445593617843e-01,1.692453323391634257e+01,3.184613910911595180e+00,1.690673336053131237e+01,1.500017245923157327e+00,1.687356373840832902e+01,2.899999999710000331e+00
3.220173445593608741e-01,1.692453323426914835e+01,3.183994571275506669e+00,1.690673363870978108e+01,1.500017245044788394e+00,1.687356373882116145e+01,2.899999999710000331e+00
3.222173445593599639e-01,1.692453323462117964e+01,3.183376796091098804e+00,1.690673391615917254e+01,1.500017244168540431e+00,1.687356373923305952e+01,2.899999999710000331e+00
3.224173445593590537e-01,1.692453323497212025e+01,3.182760581407177991e+00,1.690673419288114943e+01,1.500017243293155778e+00,1.687356373964372835e+01,2.899999999710000331e+00
3.226173445593581435e-01,1.692453323532235743e+01,3.182145923280458089e+00,1.690673446887804232e+01,1.500017242424238173e+00,1.687356374005353388e+01,2.899999999710000331e+00
3.228173445593572333e-01,1.692453323567166379e+01,3.181532817780308164e+00,1.690673474415160626e+01,1.500017241557047853e+00,1.687356374046225227e+01,2.899999999710000331e+00
3.230173445593563231e-01,1.692453323602008908e+01,3.180921260984967525e+00,1.690673501870389117e+01,1.500017240689503817e+00,1.687356374086995103e+01,2.899999999710000331e+00
3.232173445593554129e-01,1.692453323636759421e+01,3.180311248981252170e+00,1.690673529253676222e+01,1.500017239823695947e+00,1.687356374127657688e+01,2.899999999710000331e+00
3.234173445593545027e-01,1.692453323671415788e+01,3.179702777868022689e+00,1.690673556565212721e+01,1.500017238963662347e+00,1.687356374168210493e+01,2.899999999710000331e+00
3.236173445593535924e-01,1.692453323705999324e+01,3.179095843752472561e+00,1.690673583805221014e+01,1.500017238103278583e+00,1.687356374208676968e+01,2.899999999710000331e+00
3.238173445593526822e-01,1.692453323740478766e+01,3.178490442752641254e+00,1.690673610973858487e+01,1.500017237248272739e+00,1.687356374249023361e+01,2.899999999710000331e+00
3.240173445593517720e-01,1.692453323774881824e+01,3.177886570995486881e+00,1.690673638071350027e+01,1.500017236391179010e+00,1.687356374289279159e+01,2.899999999710000331e+00
3.242173445593508618e-01,1.692453323809182919e+01,3.177284224617883623e+00,1.690673665097858347e+01,1.500017235540314076e+00,1.687356374329417719e+01,2.899999999710000331e+00
3.244173445593499516e-01,1.692453323843415447e+01,3.176683399767093796e+00,1.690673692053611887e+01,1.500017234689597245e+00,1.687356374369473144e+01,2.899999999710000331e+00
3.246173445593490414e-01,1.692453323877548499e+01,3.176084092599559483e+00,1.690673718938771231e+01,1.500017233841759667e+00,1.687356374409414528e+01,2.899999999710000331e+00
3.248173445593481312e-01,1.692453323911600904e+01,3.175486299281851554e+00,1.690673745753542079e+01,1.500017232998442251e+00,1.687356374449259633e+01,2.899999999710000331e+00
3.250173445593472210e-01,1.692453323945562715e+01,3.174890015990141201e+00,1.690673772498113436e+01,1.500017232153399993e+00,1.687356374489001354e+01,2.899999999710000331e+00
3.252173445593463108e-01,1.692453323979438906e+01,3.174295238909844663e+00,1.690673799172672886e+01,1.500017231312199772e+00,1.687356374528641112e+01,2.899999999710000331e+00
3.254173445593454006e-01,1.692453324013226634e+01,3.173701964236071316e+00,1.690673825777408013e+01,1.500017230472969754e+00,1.687356374568179262e+01,2.899999999710000331e+00
3.256173445593444904e-01,1.692453324046924479e+01,3.173110188173691171e+00,1.690673852312507819e+01,1.500017229636495530e+00,1.687356374607611542e+01,2.899999999710000331e+00
3.258173445593435802e-01,1.692453324080544519e+01,3.172519906938162215e+00,1.690673878778173744e+01,1.500017228801442615e+00,1.687356374646952872e+01,2.899999999710000331e+00
3.260173445593426700e-01,1.692453324114076096e+01,3.171931116751797397e+00,1.690673905174579517e+01,1.500017227968320155e+00,1.687356374686190463e+01,2.899999999710000331e+00
3.262173445593417598e-01,1.692453324147521343e+01,3.171343813849542670e+00,1.690673931501914140e+01,1.500017227140703735e+00,1.687356374725327512e+01,2.899999999710000331e+00
3.264173445593408496e-01,1.692453324180892338e+01,3.170757994474813657e+00,1.690673957760379764e+01,1.500017226314639407e+00,1.687356374764376099e+01,2.899999999710000331e+00
3.266173445593399394e-01,1.692453324214156396e+01,3.170173654878622571e+00,1.690673983950132353e+01,1.500017225485918537e+00,1.687356374803303538e+01,2.899999999710000331e+00
3.268173445593390292e-01,1.692453324247358637e+01,3.169590791324912171e+00,1.690674010071390754e+01,1.500017224666399862e+00,1.687356374842154239e+01,2.899999999710000331e+00
3.270173445593381190e-01,1.692453324280457849e+01,3.169009400084352279e+00,1.690674036124316260e+01,1.500017223842850633e+00,1.687356374880888410e+01,2.899999999710000331e+00
3.272173445593372088e-01,1.692453324313486362e+01,3.168429477437848973e+00,1.690674062109105336e+01,1.500017223026807400e+00,1.687356374919536961e+01,2.899999999710000331e+00
3.274173445593362985e-01,1.692453324346425347e+01,3.167851019675601343e+00,1.690674088025942012e+01,1.500017222207092216e+00,1.687356374958082128e+01,2.899999999710000331e+00
3.276173445593353883e-01,1.692453324379276580e+01,3.167274023097756519e+00,1.690674113874998241e+01,1.500017221395548939e+00,1.687356374996525332e+01,2.899999999710000331e+00
3.278173445593344781e-01,1.692453324412054982e+01,3.166698484013125370e+00,1.690674139656477593e+01,1.500017220584033861e+00,1.687356375034881495e+01,2.899999999710000331e+00
3.280173445593335679e-01,1.692453324444730001e+01,3.166124398739806889e+00,1.690674165370535320e+01,1.500017219772144861e+00,1.687356375073120063e+01,2.899999999710000331e+00
3.282173445593326577e-01,1.692453324477338938e+01,3.165551763605814362e+00,1.690674191017383876e+01,1.500017218963707100e+00,1.687356375111279050e+01,2.899999999710000331e+00
3.284173445593317475e-01,1.692453324509865809e+01,3.164980574947668934e+00,1.690674216597192725e+01,1.500017218158047339e+00,1.687356375149341403e+01,2.899999999710000331e+00
3.286173445593308373e-01,1.692453324542302440e+01,3.164410829112104473e+00,1.690674242110131686e+01,1.500017217354246535e+00,1.687356375187300017e+01,2.899999999710000331e+00
3.288173445593299271e-01,1.692453324574662687e+01,3.163842522454564321e+00,1.690674267556395804e+01,1.500017216553684918e+00,1.687356375225167682e+01,2.899999999710000331e+00
3.290173445593290169e-01,1.692453324606929854e+01,3.163275651339291450e+00,1.690674292936147793e+01,1.500017215755168998e+00,1.687356375262928410e+01,2.899999999710000331e+00
3.292173445593281067e-01,1.692453324639126677e+01,3.162710212140443566e+00,1.690674318249589092e+01,1.500017214959628253e+00,1.687356375300605649e+01,2.899999999710000331e+00
3.294173445593271965e-01,1.692453324671237525e+01,3.162146201241170296e+00,1.690674343496891296e+01,1.500017214160907386e+00,1.687356375338182701e+01,2.899999999710000331e+00
3.296173445593262863e-01,1.692453324703263462e+01,3.161583615032284023e+00,1.690674368678221029e+01,1.500017213369930102e+00,1.687356375375660988e+01,2.899999999710000331e+00
3.298173445593253761e-01,1.692453324735211950e+01,3.161022449916107924e+00,1.690674393793771557e+01,1.500017212578753201e+00,1.687356375413048326e+01,2.899999999710000331e+00
3.300173445593244659e-01,1.692453324767070200e+01,3.160462702303380667e+00,1.690674418843703108e+01,1.500017211790167115e+00,1.687356375450330503e+01,2.899999999710000331e+00
3.302173445593235557e-01,1.692453324798862724e+01,3.159904368612300729e+00,1.690674443828218187e+01,1.500017211006091200e+00,1.687356375487534876e+01,2.899999999710000331e+00
3.304173445593226455e-01,1.692453324830567851e+01,3.159347445272417954e+00,1.690674468747473824e+01,1.500017210220154995e+00,1.687356375524637286e+01,2.899999999710000331e+00
3.306173445593217353e-01,1.692453324862188424e+01,3.158791928720512843e+00,1.690674493601646944e+01,1.500017209438290866e+00,1.687356375561641286e+01,2.899999999710000331e+00
3.308173445593208251e-01,1.692453324893734035e+01,3.158237815403487581e+00,1.690674518390920156e+01,1.500017208658992240e+00,1.687356375598556824e+01,2.899999999710000331e+00
3.310173445593199149e-01,1.692453324925191183e+01,3.157685101776102510e+00,1.690674543115457595e+01,1.500017207879918990e+00,1.687356375635371109e+01,2.899999999710000331e+00
3.312173445593190046e-01,1.692453324956576211e+01,3.157133784303281843e+00,1.690674567775449688e+01,1.500017207104430650e+00,1.687356375672099773e+01,2.899999999710000331e+00
3.314173445593180944e-01,1.692453324987880592e+01,3.156583859457372743e+00,1.690674592371058793e+01,1.500017206331250241e+00,1.687356375708733225e+01,2.899999999710000331e+00
3.316173445593171842e-01,1.692453325019098287e+01,3.156035323722048425e+00,1.690674616902456862e+01,1.500017205558414890e+00,1.687356375745267201e+01,2.899999999710000331e+00
3.318173445593162740e-01,1.692453325050242796e+01,3.155488173587815304e+00,1.690674641369825437e+01,1.500017204789201752e+00,1.687356375781714490e+01,2.899999999710000331e+00
3.320173445593153638e-01,1.692453325081305593e+01,3.154942405554220120e+00,1.690674665773329011e+01,1.500017204021902861e+00,1.687356375818066923e+01,2.899999999710000331e+00
3.322173445593144536e-01,1.692453325112288809e+01,3.154398016131128912e+00,1.690674690113143086e+01,1.500017203256888809e+00,1.687356375854325918e+01,2.899999999710000331e+00
3.324173445593135434e-01,1.692453325143197773e+01,3.153855001835142335e+00,1.690674714389446009e+01,1.500017202493473256e+00,1.687356375890497162e+01,2.899999999710000331e+00
3.326173445593126332e-01,1.692453325174020407e+01,3.153313359193344212e+00,1.690674738602392679e+01,1.500017201732596117e+00,1.687356375926569640e+01,2.899999999710000331e+00
3.328173445593117230e-01,1.692453325204772341e+01,3.152773084740563725e+00,1.690674762752169613e+01,1.500017200973118969e+00,1.687356375962556854e+01,2.899999999710000331e+00
3.330173445593108128e-01,1.692453325235439010e+01,3.152234175021372486e+00,1.690674786838933841e+01,1.500017200217047986e+00,1.687356375998446012e+01,2.899999999710000331e+00
3.332173445593099026e-01,1.692453325266033204e+01,3.151696626587597194e+00,1.690674810862864774e+01,1.500017199463011819e+00,1.687356376034250260e+01,2.899999999710000331e+00
3.334173445593089924e-01,1.692453325296548527e+01,3.151160436000673748e+00,1.690674834824131878e+01,1.500017198706130372e+00,1.687356376069962494e+01,2.899999999710000331e+00
3.336173445593080822e-01,1.692453325326976454e+01,3.150625599831168966e+00,1.690674858722885787e+01,1.500017197955074266e+00,1.687356376105573474e+01,2.899999999710000331e+00
3.338173445593071720e-01,1.692453325357342564e+01,3.150092114657438547e+00,1.690674882559325454e+01,1.500017197206343189e+00,1.687356376141109493e+01,2.899999999710000331e+00
3.340173445593062618e-01,1.692453325387628382e+01,3.149559977067372341e+00,1.690674906333598670e+01,1.500017196457299029e+00,1.687356376176553141e+01,2.899999999710000331e+00
3.342173445593053516e-01,1.692453325417827159e+01,3.149029183656258279e+00,1.690674930045863178e+01,1.500017195712467499e+00,1.687356376211896247e+01,2.899999999710000331e+00
3.344173445593044414e-01,1.692453325447957013e+01,3.148499731029704929e+00,1.690674953696305494e+01,1.500017194969654577e+00,1.687356376247156575e+01,2.899999999710000331e+00
3.346173445593035312e-01,1.692453325478008708e+01,3.147971615800150946e+00,1.690674977285081937e+01,1.500017194231055173e+00,1.687356376282327375e+01,2.899999999710000331e+00
3.348173445593026210e-01,1.692453325507984019e+01,3.147444834589578466e+00,1.690675000812363393e+01,1.500017193488478950e+00,1.687356376317407580e+01,2.899999999710000331e+00
3.350173445593017107e-01,1.692453325537886144e+01,3.146919384027484945e+00,1.690675024278312222e+01,1.500017192753136053e+00,1.687356376352402521e+01,2.899999999710000331e+00
3.352173445593008005e-01,1.692453325567702294e+01,3.146395260754197842e+00,1.690675047683085808e+01,1.500017192016245726e+00,1.687356376387297630e+01,2.899999999710000331e+00
3.354173445592998903e-01,1.692453325597451297e+01,3.145872461415563759e+00,1.690675071026862497e+01,1.500017191282803086e+00,1.687356376422113868e+01,2.899999999710000331e+00
3.356173445592989801e-01,1.692453325627127825e+01,3.145350982667348472e+00,1.690675094309801452e+01,1.500017190552414004e+00,1.687356376456843421e+01,2.899999999710000331e+00
3.358173445592980699e-01,1.692453325656718377e+01,3.144830821174994018e+00,1.690675117532055793e+01,1.500017189821935881e+00,1.687356376491475984e+01,2.899999999710000331e+00
3.360173445592971597e-01,1.692453325686248178e+01,3.144311973610233846e+00,1.690675140693807066e+01,1.500017189096014336e+00,1.687356376526033941e+01,2.899999999710000331e+00
3.362173445592962495e-01,1.692453325715684542e+01,3.143794436654404389e+00,1.690675163795191693e+01,1.500017188369931143e+00,1.687356376560486027e+01,2.899999999710000331e+00
3.364173445592953393e-01,1.692453325745056958e+01,3.143278206997036417e+00,1.690675186836396193e+01,1.500017187647252559e+00,1.687356376594861018e+01,2.899999999710000331e+00
3.366173445592944291e-01,1.692453325774354767e+01,3.142763281334404635e+00,1.690675209817574753e+01,1.500017186923295220e+00,1.687356376629149679e+01,2.899999999710000331e+00
3.368173445592935189e-01,1.692453325803568376e+01,3.142249656373887756e+00,1.690675232738876588e+01,1.500017186204205544e+00,1.687356376663340995e+01,2.899999999710000331e+00
3.370173445592926087e-01,1.692453325832718036e+01,3.141737328830423781e+00,1.690675255600480753e+01,1.500017185487527716e+00,1.687356376697455573e+01,2.899999999710000331e+00
3.372173445592916985e-01,1.692453325861795577e+01,3.141226295426368775e+00,1.690675278402541437e+01,1.500017184770821244e+00,1.687356376731486307e+01,2.899999999710000331e+00
3.374173445592907883e-01,1.692453325890792115e+01,3.140716552891655411e+00,1.690675301145208920e+01,1.500017184056662733e+00,1.687356376765423249e+01,2.899999999710000331e+00
3.376173445592898781e-01,1.692453325919721863e+01,3.140208097966888268e+00,1.690675323828657994e+01,1.500017183343767879e+00,1.687356376799280611e+01,2.899999999710000331e+00
3.378173445592889679e-01,1.692453325948571674e+01,3.139700927399156516e+00,1.690675346453030059e+01,1.500017182634524771e+00,1.687356376833045601e+01,2.899999999710000331e+00
3.380173445592880577e-01,1.692453325977349365e+01,3.139195037944491506e+00,1.690675369018495644e+01,1.500017181925404008e+00,1.687356376866725682e+01,2.899999999710000331e+00
3.382173445592871475e-01,1.692453326006055292e+01,3.138690426366475883e+00,1.690675391525207871e+01,1.500017181219811757e+00,1.687356376900321919e+01,2.899999999710000331e+00
3.384173445592862373e-01,1.692453326034679506e+01,3.138187089435887867e+00,1.690675413973320929e+01,1.500017180513891102e+00,1.687356376933824365e+01,2.899999999710000331e+00
3.386173445592853271e-01,1.692453326063240837e+01,3.137685023934971174e+00,1.690675436363001793e+01,1.500017179812027424e+00,1.687356376967251492e+01,2.899999999710000331e+00
3.388173445592844168e-01,1.692453326091728982e+01,3.137184226651345664e+00,1.690675458694402522e+01,1.500017179110932686e+00,1.687356377000593000e+01,2.899999999710000331e+00
3.390173445592835066e-01,1.692453326120137547e+01,3.136684694381511651e+00,1.690675480967670197e+01,1.500017178412832664e+00,1.687356377033842492e+01,2.899999999710000331e+00
3.392173445592825964e-01,1.692453326148484649e+01,3.136186423929246736e+00,1.690675503182981387e+01,1.500017177715415428e+00,1.687356377067019508e+01,2.899999999710000331e+00
3.394173445592816862e-01,1.692453326176762829e+01,3.135689412108225493e+00,1.690675525340482110e+01,1.500017177018484249e+00,1.687356377100114813e+01,2.899999999710000331e+00
3.396173445592807760e-01,1.692453326204947928e+01,3.135193655738997887e+00,1.690675547440301330e+01,1.500017176325161072e+00,1.687356377133103891e+01,2.899999999710000331e+00
3.398173445592798658e-01,1.692453326233074762e+01,3.134699151650852222e+00,1.690675569482628759e+01,1.500017175632696986e+00,1.687356377166022980e+01,2.899999999710000331e+00
3.400173445592789556e-01,1.692453326261144397e+01,3.134205896679795877e+00,1.690675591467618233e+01,1.500017174946081555e+00,1.687356377198873503e+01,2.899999999710000331e+00
3.402173445592780454e-01,1.692453326289118465e+01,3.133713887669765441e+00,1.690675613395387700e+01,1.500017174258745811e+00,1.687356377231615667e+01,2.899999999710000331e+00
3.404173445592771352e-01,1.692453326317028939e+01,3.133223121474699724e+00,1.690675635266120125e+01,1.500017173572325779e+00,1.687356377264282159e+01,2.899999999710000331e+00
3.406173445592762250e-01,1.692453326344874753e+01,3.132733594954880907e+00,1.690675657079966498e+01,1.500017172888330030e+00,1.687356377296872623e+01,2.899999999710000331e+00
3.408173445592753148e-01,1.692453326372636724e+01,3.132245304979283329e+00,1.690675678837063600e+01,1.500017172204446414e+00,1.687356377329366097e+01,2.899999999710000331e+00
3.410173445592744046e-01,1.692453326400347180e+01,3.131758248422811697e+00,1.690675700537586579e+01,1.500017171525789728e+00,1.687356377361797399e+01,2.899999999710000331e+00
3.412173445592734944e-01,1.692453326427974858e+01,3.131272422170453318e+00,1.690675722181666885e+01,1.500017170844139214e+00,1.687356377394133133e+01,2.899999999710000331e+00
3.414173445592725842e-01,1.692453326455525087e+01,3.130787823115936064e+00,1.690675743769450889e+01,1.500017170167683656e+00,1.687356377426380405e+01,2.899999999710000331e+00
3.416173445592716740e-01,1.692453326483024867e+01,3.130304448158819142e+00,1.690675765301119071e+01,1.500017169493106151e+00,1.687356377458564793e+01,2.899999999710000331e+00
3.418173445592707638e-01,1.692453326510436540e+01,3.129822294207631916e+00,1.690675786776785472e+01,1.500017168818528646e+00,1.687356377490648995e+01,2.899999999710000331e+00
3.420173445592698536e-01,1.692453326537786751e+01,3.129341358177297305e+00,1.690675808196624175e+01,1.500017168148080504e+00,1.687356377522660011e+01,2.899999999710000331e+00
3.422173445592689434e-01,1.692453326565066618e+01,3.128861636987652073e+00,1.690675829560775512e+01,1.500017167479375635e+00,1.687356377554589670e+01,2.899999999710000331e+00
3.424173445592680332e-01,1.692453326592282536e+01,3.128383127578142187e+00,1.690675850869396157e+01,1.500017166810424962e+00,1.687356377586442591e+01,2.899999999710000331e+00
3.426173445592671229e-01,1.692453326619418164e+01,3.127905826875835071e+00,1.690675872122614365e+01,1.500017166145112046e+00,1.687356377618203851e+01,2.899999999710000331e+00
3.428173445592662127e-01,1.692453326646491263e+01,3.127429731845734917e+00,1.690675893320601020e+01,1.500017165479802683e+00,1.687356377649891215e+01,2.899999999710000331e+00
3.430173445592653025e-01,1.692453326673494374e+01,3.126954839426905775e+00,1.690675914463493612e+01,1.500017164816443316e+00,1.687356377681496511e+01,2.899999999710000331e+00
3.432173445592643923e-01,1.692453326700432115e+01,3.126481146583486748e+00,1.690675935551440645e+01,1.500017164155596161e+00,1.687356377713025068e+01,2.899999999710000331e+00
3.434173445592634821e-01,1.692453326727298801e+01,3.126008650287169122e+00,1.690675956584586004e+01,1.500017163497261885e+00,1.687356377744471558e+01,2.899999999710000331e+00
3.436173445592625719e-01,1.692453326754091947e+01,3.125537347517358899e+00,1.690675977563075705e+01,1.500017162838552354e+00,1.687356377775832073e+01,2.899999999710000331e+00
3.438173445592616617e-01,1.692453326780821854e+01,3.125067235261131504e+00,1.690675998487060738e+01,1.500017162182847974e+00,1.687356377807117980e+01,2.899999999710000331e+00
3.440173445592607515e-01,1.692453326807489944e+01,3.124598310511673915e+00,1.690676019356688187e+01,1.500017161531399745e+00,1.687356377838331056e+01,2.899999999710000331e+00
3.442173445592598413e-01,1.692453326834072058e+01,3.124130570255787109e+00,1.690676040172085592e+01,1.500017160875977584e+00,1.687356377869446078e+01,2.899999999710000331e+00
3.444173445592589311e-01,1.692453326860611185e+01,3.123664011520406625e+00,1.690676060933431657e+01,1.500017160226966517e+00,1.687356377900506743e+01,2.899999999710000331e+00
3.446173445592580209e-01,1.692453326887070375e+01,3.123198631304951345e+00,1.690676081640837225e+01,1.500017159579869475e+00,1.687356377931476104e+01,2.899999999710000331e+00
3.448173445592571107e-01,1.692453326913453537e+01,3.122734426643255290e+00,1.690676102294453997e+01,1.500017158930657901e+00,1.687356377962358422e+01,2.899999999710000331e+00
3.450173445592562005e-01,1.692453326939784120e+01,3.122271394563457036e+00,1.690676122894442202e+01,1.500017158285614105e+00,1.687356377993176437e+01,2.899999999710000331e+00
3.452173445592552903e-01,1.692453326966042937e+01,3.121809532101504914e+00,1.690676143440927248e+01,1.500017157644199628e+00,1.687356378023911674e+01,2.899999999710000331e+00
3.454173445592543801e-01,1.692453326992231055e+01,3.121348836303494689e+00,1.690676163934058351e+01,1.500017156999020163e+00,1.687356378054563777e+01,2.899999999710000331e+00
3.456173445592534699e-01,1.692453327018359133e+01,3.120889304222433491e+00,1.690676184373977620e+01,1.500017156361230564e+00,1.687356378085145536e+01,2.899999999710000331e+00
3.458173445592525597e-01,1.692453327044413314e+01,3.120430932919162181e+00,1.690676204760822188e+01,1.500017155721455664e+00,1.687356378115642030e+01,2.899999999710000331e+00
3.460173445592516495e-01,1.692453327070414559e+01,3.119973719462676431e+00,1.690676225094748375e+01,1.500017155087132847e+00,1.687356378146074931e+01,2.899999999710000331e+00
3.462173445592507393e-01,1.692453327096335869e+01,3.119517660926909297e+00,1.690676245375876618e+01,1.500017154450342671e+00,1.687356378176415461e+01,2.899999999710000331e+00
3.464173445592498291e-01,1.692453327122195716e+01,3.119062754394662740e+00,1.690676265604361106e+01,1.500017153815914162e+00,1.687356378206684226e+01,2.899999999710000331e+00
3.466173445592489188e-01,1.692453327147995878e+01,3.118608996955870793e+00,1.690676285780342170e+01,1.500017153185253749e+00,1.687356378236881937e+01,2.899999999710000331e+00
3.468173445592480086e-01,1.692453327173710065e+01,3.118156385709360823e+00,1.690676305903939536e+01,1.500017152554332878e+00,1.687356378266983015e+01,2.899999999710000331e+00
3.470173445592470984e-01,1.692453327199385171e+01,3.117704917757757599e+00,1.690676325975330485e+01,1.500017151928158210e+00,1.687356378297032933e+01,2.899999999710000331e+00
3.472173445592461882e-01,1.692453327224985316e+01,3.117254590214013188e+00,1.690676345994626217e+01,1.500017151302105889e+00,1.687356378326998296e+01,2.899999999710000331e+00
3.474173445592452780e-01,1.692453327250504103e+01,3.116805400197174780e+00,1.690676365961957472e+01,1.500017150674289201e+00,1.687356378356869868e+01,2.899999999710000331e+00
3.476173445592443678e-01,1.692453327275985941e+01,3.116357344835206433e+00,1.690676385877503307e+01,1.500017150052536774e+00,1.687356378386693478e+01,2.899999999710000331e+00
3.478173445592434576e-01,1.692453327301390686e+01,3.115910421259852736e+00,1.690676405741362487e+01,1.500017149429895058e+00,1.687356378416430047e+01,2.899999999710000331e+00
3.480173445592425474e-01,1.692453327326720824e+01,3.115464626612681975e+00,1.690676425553676410e+01,1.500017148810642853e+00,1.687356378446080640e+01,2.899999999710000331e+00
3.482173445592416372e-01,1.692453327351996251e+01,3.115019958043773851e+00,1.690676445314603171e+01,1.500017148190414318e+00,1.687356378475665863e+01,2.899999999710000331e+00
3.484173445592407270e-01,1.692453327377212702e+01,3.114576412706461461e+00,1.690676465024270314e+01,1.500017147575836374e+00,1.687356378505180743e+01,2.899999999710000331e+00
3.486173445592398168e-01,1.692453327402353125e+01,3.114133987765574041e+00,1.690676484682801473e+01,1.500017146958816161e+00,1.687356378534609291e+01,2.899999999710000331e+00
3.488173445592389066e-01,1.692453327427435639e+01,3.113692680388727929e+00,1.690676504290347637e+01,1.500017146347040642e+00,1.687356378563968207e+01,2.899999999710000331e+00
3.490173445592379964e-01,1.692453327452457756e+01,3.113252487754927245e+00,1.690676523847045232e+01,1.500017145734100055e+00,1.687356378593256423e+01,2.899999999710000331e+00
3.492173445592370862e-01,1.692453327477407754e+01,3.112813407047727132e+00,1.690676543353014338e+01,1.500017145125699169e+00,1.687356378622462216e+01,2.899999999710000331e+00
3.494173445592361760e-01,1.692453327502303750e+01,3.112375435458027528e+00,1.690676562808412342e+01,1.500017144513848155e+00,1.687356378651602640e+01,2.899999999710000331e+00
3.496173445592352658e-01,1.692453327527130824e+01,3.111938570183962582e+00,1.690676582213350443e+01,1.500017143908299877e+00,1.687356378680663127e+01,2.899999999710000331e+00
3.498173445592343556e-01,1.692453327551902831e+01,3.111502808431588107e+00,1.690676601567985671e+01,1.500017143301632272e+00,1.687356378709658600e+01,2.899999999710000331e+00
3.500173445592334454e-01,1.692453327576588862e+01,3.111068147413306839e+00,1.690676620872415725e+01,1.500017142696880912e+00,1.687356378738557083e+01,2.899999999710000331e+00
3.502173445592325352e-01,1.692453327601241853e+01,3.110634584348403120e+00,1.690676640126826058e+01,1.500017142096301992e+00,1.687356378767411513e+01,2.899999999710000331e+00
3.504173445592316249e-01,1.692453327625812420e+01,3.110202116463853361e+00,1.690676659331303355e+01,1.500017141494204509e+00,1.687356378796173573e+01,2.899999999710000331e+00
3.506173445592307147e-01,1.692453327650327566e+01,3.109770740992824134e+00,1.690676678486002871e+01,1.500017140897202506e+00,1.687356378824869196e+01,2.899999999710000331e+00
3.508173445592298045e-01,1.692453327674783381e+01,3.109340455176271778e+00,1.690676697591059963e+01,1.500017140298030460e+00,1.687356378853495897e+01,2.899999999710000331e+00
3.510173445592288943e-01,1.692453327699170273e+01,3.108911256261032818e+00,1.690676716646590449e+01,1.500017139702835456e+00,1.687356378882042662e+01,2.899999999710000331e+00
3.512173445592279841e-01,1.692453327723497836e+01,3.108483141502263347e+00,1.690676735652736440e+01,1.500017139107330255e+00,1.687356378910519084e+01,2.899999999710000331e+00
3.514173445592270739e-01,1.692453327747769265e+01,3.108056108161262099e+00,1.690676754609631161e+01,1.500017138516305693e+00,1.687356378938929069e+01,2.899999999710000331e+00
3.516173445592261637e-01,1.692453327771976745e+01,3.107630153506672599e+00,1.690676773517403575e+01,1.500017137923627342e+00,1.687356378967264803e+01,2.899999999710000331e+00
3.518173445592252535e-01,1.692453327796113882e+01,3.107205274812562923e+00,1.690676792376170567e+01,1.500017137334556550e+00,1.687356378995519535e+01,2.899999999710000331e+00
3.520173445592243433e-01,1.692453327820195241e+01,3.106781469361931780e+00,1.690676811186078865e+01,1.500017136746785384e+00,1.687356379023707831e+01,2.899999999710000331e+00
3.522173445592234331e-01,1.692453327844224376e+01,3.106358734444222058e+00,1.690676829947260984e+01,1.500017136161589493e+00,1.687356379051834310e+01,2.899999999710000331e+00
3.524173445592225229e-01,1.692453327868180324e+01,3.105937067354147540e+00,1.690676848659830966e+01,1.500017135574938765e+00,1.687356379079876234e+01,2.899999999710000331e+00
3.526173445592216127e-01,1.692453327892070192e+01,3.105516465395240733e+00,1.690676867323917776e+01,1.500017134991531220e+00,1.687356379107842841e+01,2.899999999710000331e+00
3.528173445592207025e-01,1.692453327915919914e+01,3.105096925876553282e+00,1.690676885939676666e+01,1.500017134410497555e+00,1.687356379135758289e+01,2.899999999710000331e+00
3.530173445592197923e-01,1.692453327939695384e+01,3.104678446114952806e+00,1.690676904507203915e+01,1.500017133830126692e+00,1.687356379163589537e+01,2.899999999710000331e+00
3.532173445592188821e-01,1.692453327963415788e+01,3.104261023432651090e+00,1.690676923026646250e+01,1.500017133252077084e+00,1.687356379191355771e+01,2.899999999710000331e+00
3.534173445592179719e-01,1.692453327987060163e+01,3.103844655159733179e+00,1.690676941498112029e+01,1.500017132670780073e+00,1.687356379219034963e+01,2.899999999710000331e+00
3.536173445592170617e-01,1.692453328010662617e+01,3.103429338632812673e+00,1.690676959921756151e+01,1.500017132098018235e+00,1.687356379246662996e+01,2.899999999710000331e+00
3.538173445592161515e-01,1.692453328034209292e+01,3.103015071196211672e+00,1.690676978297696920e+01,1.500017131523607494e+00,1.687356379274223883e+01,2.899999999710000331e+00
3.540173445592152413e-01,1.692453328057678519e+01,3.102601850197685973e+00,1.690676996626037010e+01,1.500017130950994204e+00,1.687356379301698084e+01,2.899999999710000331e+00
3.542173445592143310e-01,1.692453328081102626e+01,3.102189672995874226e+00,1.690677014906937004e+01,1.500017130379453834e+00,1.687356379329116152e+01,2.899999999710000331e+00
3.544173445592134208e-01,1.692453328104455323e+01,3.101778536953078813e+00,1.690677033140493890e+01,1.500017129808217442e+00,1.687356379356454283e+01,2.899999999710000331e+00
3.546173445592125106e-01,1.692453328127746204e+01,3.101368439439609048e+00,1.690677051326840896e+01,1.500017129240868829e+00,1.687356379383719229e+01,2.899999999710000331e+00
3.548173445592116004e-01,1.692453328150988057e+01,3.100959377832477326e+00,1.690677069466119420e+01,1.500017128675244171e+00,1.687356379410924845e+01,2.899999999710000331e+00
3.550173445592106902e-01,1.692453328174173421e+01,3.100551349514965693e+00,1.690677087558445990e+01,1.500017128111021947e+00,1.687356379438065090e+01,2.899999999710000331e+00
3.552173445592097800e-01,1.692453328197292350e+01,3.100144351876882531e+00,1.690677105603936070e+01,1.500017127545525186e+00,1.687356379465128953e+01,2.899999999710000331e+00
3.554173445592088698e-01,1.692453328220361541e+01,3.099738382315654128e+00,1.690677123602724308e+01,1.500017126985786486e+00,1.687356379492132064e+01,2.899999999710000331e+00
3.556173445592079596e-01,1.692453328243365007e+01,3.099333438231663518e+00,1.690677141554927587e+01,1.500017126423301539e+00,1.687356379519060567e+01,2.899999999710000331e+00
3.558173445592070494e-01,1.692453328266314472e+01,3.098929517037020354e+00,1.690677159460674517e+01,1.500017125863300604e+00,1.687356379545924767e+01,2.899999999710000331e+00
3.560173445592061392e-01,1.692453328289190040e+01,3.098526616146517476e+00,1.690677177320068481e+01,1.500017125305388443e+00,1.687356379572705123e+01,2.899999999710000331e+00
3.562173445592052290e-01,1.692453328312025107e+01,3.098124732983952967e+00,1.690677195133265442e+01,1.500017124750758990e+00,1.687356379599434675e+01,2.899999999710000331e+00
3.564173445592043188e-01,1.692453328334797646e+01,3.097723864978012109e+00,1.690677212900367721e+01,1.500017124196098006e+00,1.687356379626092462e+01,2.899999999710000331e+00
3.566173445592034086e-01,1.692453328357509790e+01,3.097324009564431879e+00,1.690677230621501081e+01,1.500017123640163819e+00,1.687356379652679195e+01,2.899999999710000331e+00
3.568173445592024984e-01,1.692453328380167221e+01,3.096925164185306389e+00,1.690677248296786672e+01,1.500017123089093074e+00,1.687356379679203044e+01,2.899999999710000331e+00
3.570173445592015882e-01,1.692453328402767454e+01,3.096527326289294724e+00,1.690677265926346351e+01,1.500017122539481829e+00,1.687356379705657972e+01,2.899999999710000331e+00
3.572173445592006780e-01,1.692453328425313686e+01,3.096130493331584521e+00,1.690677283510305884e+01,1.500017121990438795e+00,1.687356379732050371e+01,2.899999999710000331e+00
3.574173445591997678e-01,1.692453328447786376e+01,3.095734662774657586e+00,1.690677301048764392e+01,1.500017121442602130e+00,1.687356379758358926e+01,2.899999999710000331e+00
3.576173445591988576e-01,1.692453328470216789e+01,3.095339832085525877e+00,1.690677318541874286e+01,1.500017120896046663e+00,1.687356379784615967e+01,2.899999999710000331e+00
3.578173445591979474e-01,1.692453328492588227e+01,3.094945998737406168e+00,1.690677335989737529e+01,1.500017120352773237e+00,1.687356379810804086e+01,2.899999999710000331e+00
3.580173445591970371e-01,1.692453328514899269e+01,3.094553160212367260e+00,1.690677353392472781e+01,1.500017119809487154e+00,1.687356379836922571e+01,2.899999999710000331e+00
3.582173445591961269e-01,1.692453328537151691e+01,3.094161313997703555e+00,1.690677370750202968e+01,1.500017119265897980e+00,1.687356379862971778e+01,2.899999999710000331e+00
3.584173445591952167e-01,1.692453328559358994e+01,3.093770457585779621e+00,1.690677388063057407e+01,1.500017118727755339e+00,1.687356379888967695e+01,2.899999999710000331e+00
3.586173445591943065e-01,1.692453328581498440e+01,3.093380588477260051e+00,1.690677405331133798e+01,1.500017118187466414e+00,1.687356379914886162e+01,2.899999999710000331e+00
3.588173445591933963e-01,1.692453328603579621e+01,3.092991704177588286e+00,1.690677422554558973e+01,1.500017117650003673e+00,1.687356379940736062e+01,2.899999999710000331e+00
3.590173445591924861e-01,1.692453328625621722e+01,3.092603802200430962e+00,1.690677439733470422e+01,1.500017117116470899e+00,1.687356379966537290e+01,2.899999999710000331e+00
3.592173445591915759e-01,1.692453328647595967e+01,3.092216880062389261e+00,1.690677456867959449e+01,1.500017116579128063e+00,1.687356379992261424e+01,2.899999999710000331e+00
3.594173445591906657e-01,1.692453328669514434e+01,3.091830935289977766e+00,1.690677473958150401e+01,1.500017116046695298e+00,1.687356380017920188e+01,2.899999999710000331e+00
3.596173445591897555e-01,1.692453328691368242e+01,3.091445965413408992e+00,1.690677491004156963e+01,1.500017115513698540e+00,1.687356380043505055e+01,2.899999999710000331e+00
3.598173445591888453e-01,1.692453328713182970e+01,3.091061967970884616e+00,1.690677508006114493e+01,1.500017114984637523e+00,1.687356380069040895e+01,2.899999999710000331e+00
3.600173445591879351e-01,1.692453328734936591e+01,3.090678940505591665e+00,1.690677524964124956e+01,1.500017114454329725e+00,1.687356380094506747e+01,2.899999999710000331e+00
3.602173445591870249e-01,1.692453328756644737e+01,3.090296880567821258e+00,1.690677541878314116e+01,1.500017113928149071e+00,1.687356380119917532e+01,2.899999999710000331e+00
3.604173445591861147e-01,1.692453328778276500e+01,3.089915785713481355e+00,1.690677558748771858e+01,1.500017113399148228e+00,1.687356380145243051e+01,2.899999999710000331e+00
3.606173445591852045e-01,1.692453328799863854e+01,3.089535653503858281e+00,1.690677575575639935e+01,1.500017112875227321e+00,1.687356380170514925e+01,2.899999999710000331e+00
3.608173445591842943e-01,1.692453328821398983e+01,3.089156481507831842e+00,1.690677592359028480e+01,1.500017112350985782e+00,1.687356380195724270e+01,2.899999999710000331e+00
3.610173445591833841e-01,1.692453328842869098e+01,3.088778267301254044e+00,1.690677609099038037e+01,1.500017111830596050e+00,1.687356380220860075e+01,2.899999999710000331e+00
3.612173445591824739e-01,1.692453328864298712e+01,3.088401008462855923e+00,1.690677625795809647e+01,1.500017111308680429e+00,1.687356380245946141e+01,2.899999999710000331e+00
3.614173445591815637e-01,1.692453328885666153e+01,3.088024702579724945e+00,1.690677642449435680e+01,1.500017110788316677e+00,1.687356380270960443e+01,2.899999999710000331e+00
3.616173445591806535e-01,1.692453328906991317e+01,3.087649347245629894e+00,1.690677659060046878e+01,1.500017110272151344e+00,1.687356380295923586e+01,2.899999999710000331e+00
3.618173445591797432e-01,1.692453328928242584e+01,3.087274940058477135e+00,1.690677675627729926e+01,1.500017109753678968e+00,1.687356380320803240e+01,2.899999999710000331e+00
3.620173445591788330e-01,1.692453328949453351e+01,3.086901478624472173e+00,1.690677692152623379e+01,1.500017109240931568e+00,1.687356380345632445e+01,2.899999999710000331e+00
3.622173445591779228e-01,1.692453328970607629e+01,3.086528960553447831e+00,1.690677708634829912e+01,1.500017108727608628e+00,1.687356380370398057e+01,2.899999999710000331e+00
3.624173445591770126e-01,1.692453328991706485e+01,3.086157383462767800e+00,1.690677725074465698e+01,1.500017108212159611e+00,1.687356380395097943e+01,2.899999999710000331e+00
3.626173445591761024e-01,1.692453329012747787e+01,3.085786744975485885e+00,1.690677741471635898e+01,1.500017107703317087e+00,1.687356380419731394e+01,2.899999999710000331e+00
3.628173445591751922e-01,1.692453329033742193e+01,3.085417042721373182e+00,1.690677757826465566e+01,1.500017107191872423e+00,1.687356380444307646e+01,2.899999999710000331e+00
3.630173445591742820e-01,1.692453329054687217e+01,3.085048274334988960e+00,1.690677774139061285e+01,1.500017106684394363e+00,1.687356380468827766e+01,2.899999999710000331e+00
3.632173445591733718e-01,1.692453329075571844e+01,3.084680437457127500e+00,1.690677790409526793e+01,1.500017106174731607e+00,1.687356380493276831e+01,2.899999999710000331e+00
3.634173445591724616e-01,1.692453329096396430e+01,3.084313529734456605e+00,1.690677806637970804e+01,1.500017105669252615e+00,1.687356380517656973e+01,2.899999999710000331e+00
3.636173445591715514e-01,1.692453329117183358e+01,3.083947548820852536e+00,1.690677822824527965e+01,1.500017105164828335e+00,1.687356380541990930e+01,2.899999999710000331e+00
3.638173445591706412e-01,1.692453329137909890e+01,3.083582492375190665e+00,1.690677838969281765e+01,1.500017104662532130e+00,1.687356380566255609e+01,2.899999999710000331e+00
3.640173445591697310e-01,1.692453329158589526e+01,3.083218358061544873e+00,1.690677855072361879e+01,1.500017104158720915e+00,1.687356380590464155e+01,2.899999999710000331e+00
3.642173445591688208e-01,1.692453329179201305e+01,3.082855143551082477e+00,1.690677871133854637e+01,1.500017103658422668e+00,1.687356380614596318e+01,2.899999999710000331e+00
3.644173445591679106e-01,1.692453329199775425e+01,3.082492846520529906e+00,1.690677887153897530e+01,1.500017103160788512e+00,1.687356380638681586e+01,2.899999999710000331e+00
3.646173445591670004e-01,1.692453329220292346e+01,3.082131464651873820e+00,1.690677903132583637e+01,1.500017102661758139e+00,1.687356380662700417e+01,2.899999999710000331e+00
3.648173445591660902e-01,1.692453329240759530e+01,3.081770995633843935e+00,1.690677919070027713e+01,1.500017102164209915e+00,1.687356380686661694e+01,2.899999999710000331e+00
3.650173445591651800e-01,1.692453329261173423e+01,3.081411437159946143e+00,1.690677934966333851e+01,1.500017101670719111e+00,1.687356380710559733e+01,2.899999999710000331e+00
3.652173445591642698e-01,1.692453329281537577e+01,3.081052786930977394e+00,1.690677950821616804e+01,1.500017101174495160e+00,1.687356380734399153e+01,2.899999999710000331e+00
3.654173445591633596e-01,1.692453329301848797e+01,3.080695042652629834e+00,1.690677966635977825e+01,1.500017100682245808e+00,1.687356380758178176e+01,2.899999999710000331e+00
3.656173445591624493e-01,1.692453329322112410e+01,3.080338202035818096e+00,1.690677982409530244e+01,1.500017100191578079e+00,1.687356380781900000e+01,2.899999999710000331e+00
3.658173445591615391e-01,1.692453329342309232e+01,3.079982262797642978e+00,1.690677998142363947e+01,1.500017099702164014e+00,1.687356380805546507e+01,2.899999999710000331e+00
3.660173445591606289e-01,1.692453329362465908e+01,3.079627222662859154e+00,1.690678013834614646e+01,1.500017099211729210e+00,1.687356380829143632e+01,2.899999999710000331e+00
3.662173445591597187e-01,1.692453329382572491e+01,3.079273079358126886e+00,1.690678029486372580e+01,1.500017098725235698e+00,1.687356380852683202e+01,2.899999999710000331e+00
3.664173445591588085e-01,1.692453329402631113e+01,3.078919830619718745e+00,1.690678045097754634e+01,1.500017098239090352e+00,1.687356380876164863e+01,2.899999999710000331e+00
3.666173445591578983e-01,1.692453329422629338e+01,3.078567474187554165e+00,1.690678060668849980e+01,1.500017097752964546e+00,1.687356380899577957e+01,2.899999999710000331e+00
3.668173445591569881e-01,1.692453329442579246e+01,3.078216007807061949e+00,1.690678076199775859e+01,1.500017097269179978e+00,1.687356380922934207e+01,2.899999999710000331e+00
3.670173445591560779e-01,1.692453329462485456e+01,3.077865429231038341e+00,1.690678091690645601e+01,1.500017096786631976e+00,1.687356380946238232e+01,2.899999999710000331e+00
3.672173445591551677e-01,1.692453329482338376e+01,3.077515736216200892e+00,1.690678107141549091e+01,1.500017096306409892e+00,1.687356380969480441e+01,2.899999999710000331e+00
3.674173445591542575e-01,1.692453329502134807e+01,3.077166926525442658e+00,1.690678122552596818e+01,1.500017095826135183e+00,1.687356380992656568e+01,2.899999999710000331e+00
3.676173445591533473e-01,1.692453329521888605e+01,3.076818997927535104e+00,1.690678137923901403e+01,1.500017095347012441e+00,1.687356381015782958e+01,2.899999999710000331e+00
3.678173445591524371e-01,1.692453329541588403e+01,3.076471948197373241e+00,1.690678153255555216e+01,1.500017094872400314e+00,1.687356381038846109e+01,2.899999999710000331e+00
3.680173445591515269e-01,1.692453329561235975e+01,3.076125775114498584e+00,1.690678168547671945e+01,1.500017094391600692e+00,1.687356381061848865e+01,2.899999999710000331e+00
3.682173445591506167e-01,1.692453329580829191e+01,3.075780476465156621e+00,1.690678183800345025e+01,1.500017093916480304e+00,1.687356381084788026e+01,2.899999999710000331e+00
3.684173445591497065e-01,1.692453329600386169e+01,3.075436050039662028e+00,1.690678199013697025e+01,1.500017093443196226e+00,1.687356381107682424e+01,2.899999999710000331e+00
3.686173445591487963e-01,1.692453329619879554e+01,3.075092493634747459e+00,1.690678214187807882e+01,1.500017092970817423e+00,1.687356381130505767e+01,2.899999999710000331e+00
3.688173445591478861e-01,1.692453329639336701e+01,3.074749805053891283e+00,1.690678229322805137e+01,1.500017092499724258e+00,1.687356381153284346e+01,2.899999999710000331e+00
3.690173445591469759e-01,1.692453329658732741e+01,3.074407982103771975e+00,1.690678244418768728e+01,1.500017092030122345e+00,1.687356381175993647e+01,2.899999999710000331e+00
3.692173445591460657e-01,1.692453329678093255e+01,3.074067022598534482e+00,1.690678259475824063e+01,1.500017091562189986e+00,1.687356381198658184e+01,2.899999999710000331e+00
3.694173445591451554e-01,1.692453329697393727e+01,3.073726924357087498e+00,1.690678274494050726e+01,1.500017091094816069e+00,1.687356381221254864e+01,2.899999999710000331e+00
3.696173445591442452e-01,1.692453329716652988e+01,3.073387685203587960e+00,1.690678289473573770e+01,1.500017090626591054e+00,1.687356381243801806e+01,2.899999999710000331e+00
3.698173445591433350e-01,1.692453329735849366e+01,3.073049302967622243e+00,1.690678304414465671e+01,1.500017090160890021e+00,1.687356381266277694e+01,2.899999999710000331e+00
3.700173445591424248e-01,1.692453329755019453e+01,3.072711775485169383e+00,1.690678319316866052e+01,1.500017089698695294e+00,1.687356381288718410e+01,2.899999999710000331e+00
3.702173445591415146e-01,1.692453329774126658e+01,3.072375100596915765e+00,1.690678334180843834e+01,1.500017089234203072e+00,1.687356381311088782e+01,2.899999999710000331e+00
3.704173445591406044e-01,1.692453329793192296e+01,3.072039276148847531e+00,1.690678349006513770e+01,1.500017088775246199e+00,1.687356381333409772e+01,2.899999999710000331e+00
3.706173445591396942e-01,1.692453329812193630e+01,3.071704299993298193e+00,1.690678363793960415e+01,1.500017088315240832e+00,1.687356381355656865e+01,2.899999999710000331e+00
3.708173445591387840e-01,1.692453329831152331e+01,3.071370169987189591e+00,1.690678378543304561e+01,1.500017087854762066e+00,1.687356381377854220e+01,2.899999999710000331e+00
3.710173445591378738e-01,1.692453329850081190e+01,3.071036883993957023e+00,1.690678393254655276e+01,1.500017087398371363e+00,1.687356381400013206e+01,2.899999999710000331e+00
3.712173445591369636e-01,1.692453329868947520e+01,3.070704439880455272e+00,1.690678407928085392e+01,1.500017086940718558e+00,1.687356381422100426e+01,2.899999999710000331e+00
3.714173445591360534e-01,1.692453329887752034e+01,3.070372835520416732e+00,1.690678422563690120e+01,1.500017086484507711e+00,1.687356381444118725e+01,2.899999999710000331e+00
3.716173445591351432e-01,1.692453329906532034e+01,3.070042068792921963e+00,1.690678437161605174e+01,1.500017086031474323e+00,1.687356381466105049e+01,2.899999999710000331e+00
3.718173445591342330e-01,1.692453329925261940e+01,3.069712137582026212e+00,1.690678451721909425e+01,1.500017085578805531e+00,1.687356381488032753e+01,2.899999999710000331e+00
3.720173445591333228e-01,1.692453329943931806e+01,3.069383039777879407e+00,1.690678466244691336e+01,1.500017085124455196e+00,1.687356381509891889e+01,2.899999999710000331e+00
3.722173445591324126e-01,1.692453329962565789e+01,3.069054773273861780e+00,1.690678480730064592e+01,1.500017084677244705e+00,1.687356381531706617e+01,2.899999999710000331e+00
3.724173445591315024e-01,1.692453329981138666e+01,3.068727335970892867e+00,1.690678495178114460e+01,1.500017084223671526e+00,1.687356381553452778e+01,2.899999999710000331e+00
3.726173445591305922e-01,1.692453329999672818e+01,3.068400725774714566e+00,1.690678509588949652e+01,1.500017083776911342e+00,1.687356381575152398e+01,2.899999999710000331e+00
3.728173445591296820e-01,1.692453330018168245e+01,3.068074940595785449e+00,1.690678523962676394e+01,1.500017083328754497e+00,1.687356381596804766e+01,2.899999999710000331e+00
3.730173445591287718e-01,1.692453330036614645e+01,3.067749978349706197e+00,1.690678538299377465e+01,1.500017082884263386e+00,1.687356381618401358e+01,2.899999999710000331e+00
3.732173445591278615e-01,1.692453330055000649e+01,3.067425836958263652e+00,1.690678552599138840e+01,1.500017082438910077e+00,1.687356381639928671e+01,2.899999999710000331e+00
3.734173445591269513e-01,1.692453330073348283e+01,3.067102514347590958e+00,1.690678566862078469e+01,1.500017081996753987e+00,1.687356381661409799e+01,2.899999999710000331e+00
3.736173445591260411e-01,1.692453330091656483e+01,3.066780008450049611e+00,1.690678581088295473e+01,1.500017081552486475e+00,1.687356381682843320e+01,2.899999999710000331e+00
3.738173445591251309e-01,1.692453330109906418e+01,3.066458317201728345e+00,1.690678595277864815e+01,1.500017081112102302e+00,1.687356381704211117e+01,2.899999999710000331e+00
3.740173445591242207e-01,1.692453330128119404e+01,3.066137438545384786e+00,1.690678609430905510e+01,1.500017080670091207e+00,1.687356381725534149e+01,2.899999999710000331e+00
3.742173445591233105e-01,1.692453330146269508e+01,3.065817370428988387e+00,1.690678623547483284e+01,1.500017080232424860e+00,1.687356381746785416e+01,2.899999999710000331e+00
3.744173445591224003e-01,1.692453330164391900e+01,3.065498110803990262e+00,1.690678637627732783e+01,1.500017079794058850e+00,1.687356381768002223e+01,2.899999999710000331e+00
3.746173445591214901e-01,1.692453330182465621e+01,3.065179657629228505e+00,1.690678651671728616e+01,1.500017079355716820e+00,1.687356381789162540e+01,2.899999999710000331e+00
3.748173445591205799e-01,1.692453330200487116e+01,3.064862008865482323e+00,1.690678665679556758e+01,1.500017078921657143e+00,1.687356381810262818e+01,2.899999999710000331e+00
3.750173445591196697e-01,1.692453330218469532e+01,3.064545162482235519e+00,1.690678679651332317e+01,1.500017078487180244e+00,1.687356381831315488e+01,2.899999999710000331e+00
3.752173445591187595e-01,1.692453330236398301e+01,3.064229116453477175e+00,1.690678693587130255e+01,1.500017078054066255e+00,1.687356381852307408e+01,2.899999999710000331e+00
3.754173445591178493e-01,1.692453330254282307e+01,3.063913868758173731e+00,1.690678707487054666e+01,1.500017077621473849e+00,1.687356381873246391e+01,2.899999999710000331e+00
3.756173445591169391e-01,1.692453330272134338e+01,3.063599417376731360e+00,1.690678721351211422e+01,1.500017077192361326e+00,1.687356381894146296e+01,2.899999999710000331e+00
3.758173445591160289e-01,1.692453330289923485e+01,3.063285760299754301e+00,1.690678735179671222e+01,1.500017076758447976e+00,1.687356381914974790e+01,2.899999999710000331e+00
3.760173445591151187e-01,1.692453330307672843e+01,3.062972895520702732e+00,1.690678748972536738e+01,1.500017076331961796e+00,1.687356381935756744e+01,2.899999999710000331e+00
3.762173445591142085e-01,1.692453330325380989e+01,3.062660821038364123e+00,1.690678762729909224e+01,1.500017075903658181e+00,1.687356381956488960e+01,2.899999999710000331e+00
3.764173445591132983e-01,1.692453330343042950e+01,3.062349534854936106e+00,1.690678776451875009e+01,1.500017075477473538e+00,1.687356381977167530e+01,2.899999999710000331e+00
3.766173445591123881e-01,1.692453330360665475e+01,3.062039034980911012e+00,1.690678790138534637e+01,1.500017075050482651e+00,1.687356381997799915e+01,2.899999999710000331e+00
3.768173445591114779e-01,1.692453330378226894e+01,3.061729319429089546e+00,1.690678803789955253e+01,1.500017074625077607e+00,1.687356382018362311e+01,2.899999999710000331e+00
3.770173445591105676e-01,1.692453330395762734e+01,3.061420386218503431e+00,1.690678817406264045e+01,1.500017074203802370e+00,1.687356382038892733e+01,2.899999999710000331e+00
3.772173445591096574e-01,1.692453330413243862e+01,3.061112233372963676e+00,1.690678830987527803e+01,1.500017073781743981e+00,1.687356382059360271e+01,2.899999999710000331e+00
3.774173445591087472e-01,1.692453330430682357e+01,3.060804858921356342e+00,1.690678844533849556e+01,1.500017073360570219e+00,1.687356382079777362e+01,2.899999999710000331e+00
3.776173445591078370e-01,1.692453330448083904e+01,3.060498260897365874e+00,1.690678858045323452e+01,1.500017072942090524e+00,1.687356382100150753e+01,2.899999999710000331e+00
3.778173445591069268e-01,1.692453330465423633e+01,3.060192437340625737e+00,1.690678871522020188e+01,1.500017072521780515e+00,1.687356382120454157e+01,2.899999999710000331e+00
3.780173445591060166e-01,1.692453330482732454e+01,3.059887386293415279e+00,1.690678884964058426e+01,1.500017072103345450e+00,1.687356382140719546e+01,2.899999999710000331e+00
3.782173445591051064e-01,1.692453330500000064e+01,3.059583105805047332e+00,1.690678898371521655e+01,1.500017071686211789e+00,1.687356382160935908e+01,2.899999999710000331e+00
3.784173445591041962e-01,1.692453330517222199e+01,3.059279593929223662e+00,1.690678911744491231e+01,1.500017071271690261e+00,1.687356382181098979e+01,2.899999999710000331e+00
3.786173445591032860e-01,1.692453330534394240e+01,3.058976848723992337e+00,1.690678925083055262e+01,1.500017070855963475e+00,1.687356382201205918e+01,2.899999999710000331e+00
3.788173445591023758e-01,1.692453330551523294e+01,3.058674868252832635e+00,1.690678938387309316e+01,1.500017070444830569e+00,1.687356382221260631e+01,2.899999999710000331e+00
3.790173445591014656e-01,1.692453330568606873e+01,3.058373650584405912e+00,1.690678951657345408e+01,1.500017070030832622e+00,1.687356382241264896e+01,2.899999999710000331e+00
3.792173445591005554e-01,1.692453330585663096e+01,3.058073193791350786e+00,1.690678964893264791e+01,1.500017069622018528e+00,1.687356382261232213e+01,2.899999999710000331e+00
3.794173445590996452e-01,1.692453330602662120e+01,3.057773495951962239e+00,1.690678978095133189e+01,1.500017069208982257e+00,1.687356382281135225e+01,2.899999999710000331e+00
3.796173445590987350e-01,1.692453330619616025e+01,3.057474555149366946e+00,1.690678991263045816e+01,1.500017068801666742e+00,1.687356382300987434e+01,2.899999999710000331e+00
3.798173445590978248e-01,1.692453330636530140e+01,3.057176369470840260e+00,1.690679004397100726e+01,1.500017068392383024e+00,1.687356382320790260e+01,2.899999999710000331e+00
3.800173445590969146e-01,1.692453330653407662e+01,3.056878937008728592e+00,1.690679017497387093e+01,1.500017067985018659e+00,1.687356382340551164e+01,2.899999999710000331e+00
3.802173445590960044e-01,1.692453330670235090e+01,3.056582255861384212e+00,1.690679030563980589e+01,1.500017067579764163e+00,1.687356382360253804e+01,2.899999999710000331e+00
3.804173445590950942e-01,1.692453330687023794e+01,3.056286324130599752e+00,1.690679043596979625e+01,1.500017067176772967e+00,1.687356382379910613e+01,2.899999999710000331e+00
3.806173445590941840e-01,1.692453330703766667e+01,3.055991139923289523e+00,1.690679056596468399e+01,1.500017066771877516e+00,1.687356382399514132e+01,2.899999999710000331e+00
3.808173445590932737e-01,1.692453330720464422e+01,3.055696701350778088e+00,1.690679069562533243e+01,1.500017066367258955e+00,1.687356382419065071e+01,2.899999999710000331e+00
3.810173445590923635e-01,1.692453330737128425e+01,3.055403006530438059e+00,1.690679082495273633e+01,1.500017065963459295e+00,1.687356382438575508e+01,2.899999999710000331e+00
3.812173445590914533e-01,1.692453330753751928e+01,3.055110053582543728e+00,1.690679095394762399e+01,1.500017065566605856e+00,1.687356382458038340e+01,2.899999999710000331e+00
3.814173445590905431e-01,1.692453330770323916e+01,3.054817840633953896e+00,1.690679108261084451e+01,1.500017065167298380e+00,1.687356382477442196e+01,2.899999999710000331e+00
3.816173445590896329e-01,1.692453330786847943e+01,3.054526365814530298e+00,1.690679121094329318e+01,1.500017064766324904e+00,1.687356382496791696e+01,2.899999999710000331e+00
3.818173445590887227e-01,1.692453330803341771e+01,3.054235627260922126e+00,1.690679133894597186e+01,1.500017064369043363e+00,1.687356382516102826e+01,2.899999999710000331e+00
3.820173445590878125e-01,1.692453330819795809e+01,3.053945623112654939e+00,1.690679146661964083e+01,1.500017063974964371e+00,1.687356382535367416e+01,2.899999999710000331e+00
3.822173445590869023e-01,1.692453330836201530e+01,3.053656351514665079e+00,1.690679159396513143e+01,1.500017063577580023e+00,1.687356382554576584e+01,2.899999999710000331e+00
3.824173445590859921e-01,1.692453330852578475e+01,3.053367810616725908e+00,1.690679172098344196e+01,1.500017063183970656e+00,1.687356382573749514e+01,2.899999999710000331e+00
3.826173445590850819e-01,1.692453330868888983e+01,3.053079998572520992e+00,1.690679184767508048e+01,1.500017062789115618e+00,1.687356382592849968e+01,2.899999999710000331e+00
3.828173445590841717e-01,1.692453330885181728e+01,3.052792913541560793e+00,1.690679197404135792e+01,1.500017062398375067e+00,1.687356382611924843e+01,2.899999999710000331e+00
3.830173445590832615e-01,1.692453330901419051e+01,3.052506553687992064e+00,1.690679210008277877e+01,1.500017062005676971e+00,1.687356382630937190e+01,2.899999999710000331e+00
3.832173445590823513e-01,1.692453330917626531e+01,3.052220917178828596e+00,1.690679222580041596e+01,1.500017061616125913e+00,1.687356382649912589e+01,2.899999999710000331e+00
3.834173445590814411e-01,1.692453330933783562e+01,3.051936002187944474e+00,1.690679235119494450e+01,1.500017061224428128e+00,1.687356382668831145e+01,2.899999999710000331e+00
3.836173445590805309e-01,1.692453330949894408e+01,3.051651806890428809e+00,1.690679247626718507e+01,1.500017060838068961e+00,1.687356382687696410e+01,2.899999999710000331e+00
3.838173445590796207e-01,1.692453330965975056e+01,3.051368329471127794e+00,1.690679260101823189e+01,1.500017060449547524e+00,1.687356382706524371e+01,2.899999999710000331e+00
3.840173445590787105e-01,1.692453330982014847e+01,3.051085568115639468e+00,1.690679272544874934e+01,1.500017060063552510e+00,1.687356382725304371e+01,2.899999999710000331e+00
3.842173445590778003e-01,1.692453330998008454e+01,3.050803521014589403e+00,1.690679284955954387e+01,1.500017059677058784e+00,1.687356382744032146e+01,2.899999999710000331e+00
3.844173445590768901e-01,1.692453331013970796e+01,3.050522186364567734e+00,1.690679297335156051e+01,1.500017059295269517e+00,1.687356382762720486e+01,2.899999999710000331e+00
3.846173445590759798e-01,1.692453331029880559e+01,3.050241562365917591e+00,1.690679309682544940e+01,1.500017058912763490e+00,1.687356382781350206e+01,2.899999999710000331e+00
3.848173445590750696e-01,1.692453331045756926e+01,3.049961647223285777e+00,1.690679321998229057e+01,1.500017058528243519e+00,1.687356382799939070e+01,2.899999999710000331e+00
3.850173445590741594e-01,1.692453331061595279e+01,3.049682439146001123e+00,1.690679334282275548e+01,1.500017058147289584e+00,1.687356382818482814e+01,2.899999999710000331e+00
3.852173445590732492e-01,1.692453331077389578e+01,3.049403936347867994e+00,1.690679346534767191e+01,1.500017057767726092e+00,1.687356382836976465e+01,2.899999999710000331e+00
3.854173445590723390e-01,1.692453331093150837e+01,3.049126137047319940e+00,1.690679358755796002e+01,1.500017057389304798e+00,1.687356382855429615e+01,2.899999999710000331e+00
3.856173445590714288e-01,1.692453331108854897e+01,3.048849039468193300e+00,1.690679370945421311e+01,1.500017057009908950e+00,1.687356382873819172e+01,2.899999999710000331e+00
3.858173445590705186e-01,1.692453331124533733e+01,3.048572641837071551e+00,1.690679383103753963e+01,1.500017056632078072e+00,1.687356382892177464e+01,2.899999999710000331e+00
3.860173445590696084e-01,1.692453331140173844e+01,3.048296942386484965e+00,1.690679395230861459e+01,1.500017056257509029e+00,1.687356382910489216e+01,2.899999999710000331e+00
3.862173445590686982e-01,1.692453331155766705e+01,3.048021939352581366e+00,1.690679407326824091e+01,1.500017055879913297e+00,1.687356382928747678e+01,2.899999999710000331e+00
3.864173445590677880e-01,1.692453331171320130e+01,3.047747630976562316e+00,1.690679419391720373e+01,1.500017055506855934e+00,1.687356382946958888e+01,2.899999999710000331e+00
3.866173445590668778e-01,1.692453331186833765e+01,3.047474015502809497e+00,1.690679431425640544e+01,1.500017055133047839e+00,1.687356382965124268e+01,2.899999999710000331e+00
3.868173445590659676e-01,1.692453331202305478e+01,3.047201091182053734e+00,1.690679443428656725e+01,1.500017054759416935e+00,1.687356382983240977e+01,2.899999999710000331e+00
3.870173445590650574e-01,1.692453331217749835e+01,3.046928856268045660e+00,1.690679455400865550e+01,1.500017054388776971e+00,1.687356383001323934e+01,2.899999999710000331e+00
3.872173445590641472e-01,1.692453331233141256e+01,3.046657309019483062e+00,1.690679467342323150e+01,1.500017054017110718e+00,1.687356383019347561e+01,2.899999999710000331e+00
3.874173445590632370e-01,1.692453331248511716e+01,3.046386447698556044e+00,1.690679479253139306e+01,1.500017053648902809e+00,1.687356383037342766e+01,2.899999999710000331e+00
3.876173445590623268e-01,1.692453331263828531e+01,3.046116270572952089e+00,1.690679491133365175e+01,1.500017053278277723e+00,1.687356383055278286e+01,2.899999999710000331e+00
3.878173445590614166e-01,1.692453331279113371e+01,3.045846775915035387e+00,1.690679502983095617e+01,1.500017052912593574e+00,1.687356383073175081e+01,2.899999999710000331e+00
3.880173445590605064e-01,1.692453331294359131e+01,3.045577962000280525e+00,1.690679514802407013e+01,1.500017052547021335e+00,1.687356383091025691e+01,2.899999999710000331e+00
3.882173445590595962e-01,1.692453331309566877e+01,3.045309827109882406e+00,1.690679526591384629e+01,1.500017052178931554e+00,1.687356383108832603e+01,2.899999999710000331e+00
3.884173445590586859e-01,1.692453331324723464e+01,3.045042369527408699e+00,1.690679538350085309e+01,1.500017051814671598e+00,1.687356383126580894e+01,2.899999999710000331e+00
3.886173445590577757e-01,1.692453331339865841e+01,3.044775587542486672e+00,1.690679550078627713e+01,1.500017051451320249e+00,1.687356383144308936e+01,2.899999999710000331e+00
3.888173445590568655e-01,1.692453331354930768e+01,3.044509479448628930e+00,1.690679561777029605e+01,1.500017051086977915e+00,1.687356383161952778e+01,2.899999999710000331e+00
3.890173445590559553e-01,1.692453331369997116e+01,3.044244043544428902e+00,1.690679573445447303e+01,1.500017050725621193e+00,1.687356383179591290e+01,2.899999999710000331e+00
3.892173445590550451e-01,1.692453331385013016e+01,3.043979278130512611e+00,1.690679585083904257e+01,1.500017050365766824e+00,1.687356383197172960e+01,2.899999999710000331e+00
3.894173445590541349e-01,1.692453331399985927e+01,3.043715181514548895e+00,1.690679596692489994e+01,1.500017050005238328e+00,1.687356383214705602e+01,2.899999999710000331e+00
3.896173445590532247e-01,1.692453331414922246e+01,3.043451752005764011e+00,1.690679608271285872e+01,1.500017049646326761e+00,1.687356383232194545e+01,2.899999999710000331e+00
3.898173445590523145e-01,1.692453331429821972e+01,3.043188987919720478e+00,1.690679619820370760e+01,1.500017049289459559e+00,1.687356383249641212e+01,2.899999999710000331e+00
3.900173445590514043e-01,1.692453331444679421e+01,3.042926887575589934e+00,1.690679631339814648e+01,1.500017048932077213e+00,1.687356383267039206e+01,2.899999999710000331e+00
3.902173445590504941e-01,1.692453331459503829e+01,3.042665449296962255e+00,1.690679642829706708e+01,1.500017048575204681e+00,1.687356383284397054e+01,2.899999999710000331e+00
3.904173445590495839e-01,1.692453331474288802e+01,3.042404671411516492e+00,1.690679654290116574e+01,1.500017048219558724e+00,1.687356383301709428e+01,2.899999999710000331e+00
3.906173445590486737e-01,1.692453331489038248e+01,3.042144552250711786e+00,1.690679665721124536e+01,1.500017047863407615e+00,1.687356383318979880e+01,2.899999999710000331e+00
3.908173445590477635e-01,1.692453331503747904e+01,3.041885090150871385e+00,1.690679677122802005e+01,1.500017047509228929e+00,1.687356383336203791e+01,2.899999999710000331e+00
3.910173445590468533e-01,1.692453331518422033e+01,3.041626283451744683e+00,1.690679688495225719e+01,1.500017047160307593e+00,1.687356383353386491e+01,2.899999999710000331e+00
3.912173445590459431e-01,1.692453331533060634e+01,3.041368130498806277e+00,1.690679699838482719e+01,1.500017046805160126e+00,1.687356383370526913e+01,2.899999999710000331e+00
3.914173445590450329e-01,1.692453331547653050e+01,3.041110629639542040e+00,1.690679711152628784e+01,1.500017046454498404e+00,1.687356383387615111e+01,2.899999999710000331e+00
3.916173445590441227e-01,1.692453331562225216e+01,3.040853779227724818e+00,1.690679722437767296e+01,1.500017046105386775e+00,1.687356383404675952e+01,2.899999999710000331e+00
3.918173445590432125e-01,1.692453331576751552e+01,3.040597577619481573e+00,1.690679733693949061e+01,1.500017045756673495e+00,1.687356383421685280e+01,2.899999999710000331e+00
3.920173445590423023e-01,1.692453331591232057e+01,3.040342023176346942e+00,1.690679744921251526e+01,1.500017045407666894e+00,1.687356383438642737e+01,2.899999999710000331e+00
3.922173445590413920e-01,1.692453331605689471e+01,3.040087114263636092e+00,1.690679756119769550e+01,1.500017045060989540e+00,1.687356383455570707e+01,2.899999999710000331e+00
3.924173445590404818e-01,1.692453331620107804e+01,3.039832849250063251e+00,1.690679767289562108e+01,1.500017044715201919e+00,1.687356383472453203e+01,2.899999999710000331e+00
3.926173445590395716e-01,1.692453331634490610e+01,3.039579226510900067e+00,1.690679778430710556e+01,1.500017044368879615e+00,1.687356383489293776e+01,2.899999999710000331e+00
3.928173445590386614e-01,1.692453331648830783e+01,3.039326244421410195e+00,1.690679789543276712e+01,1.500017044025508506e+00,1.687356383506085677e+01,2.899999999710000331e+00
3.930173445590377512e-01,1.692453331663139338e+01,3.039073901365901165e+00,1.690679800627351170e+01,1.500017043681896256e+00,1.687356383522840275e+01,2.899999999710000331e+00
3.932173445590368410e-01,1.692453331677406680e+01,3.038822195728094311e+00,1.690679811682995748e+01,1.500017043339624490e+00,1.687356383539546556e+01,2.899999999710000331e+00
3.934173445590359308e-01,1.692453331691639562e+01,3.038571125898332781e+00,1.690679822710292157e+01,1.500017042997386030e+00,1.687356383556212336e+01,2.899999999710000331e+00
3.936173445590350206e-01,1.692453331705831232e+01,3.038320690271108404e+00,1.690679833709308255e+01,1.500017042654684829e+00,1.687356383572831930e+01,2.899999999710000331e+00
3.938173445590341104e-01,1.692453331719998744e+01,3.038070887244108675e+00,1.690679844680130728e+01,1.500017042316213356e+00,1.687356383589420261e+01,2.899999999710000331e+00
3.940173445590332002e-01,1.692453331734123978e+01,3.037821715219396701e+00,1.690679855622819261e+01,1.500017041976844379e+00,1.687356383605959920e+01,2.899999999710000331e+00
3.942173445590322900e-01,1.692453331748211198e+01,3.037573172602590965e+00,1.690679866537449527e+01,1.500017041637755177e+00,1.687356383622456590e+01,2.899999999710000331e+00
3.944173445590313798e-01,1.692453331762268220e+01,3.037325257805433498e+00,1.690679877424100397e+01,1.500017041300447218e+00,1.687356383638916313e+01,2.899999999710000331e+00
3.946173445590304696e-01,1.692453331776280478e+01,3.037077969239494912e+00,1.690679888282831911e+01,1.500017040963251391e+00,1.687356383655324876e+01,2.899999999710000331e+00
3.948173445590295594e-01,1.692453331790269644e+01,3.036831305325285335e+00,1.690679899113736440e+01,1.500017040629562981e+00,1.687356383671703952e+01,2.899999999710000331e+00
3.950173445590286492e-01,1.692453331804218664e+01,3.036585264483656843e+00,1.690679909916872958e+01,1.500017040293798676e+00,1.687356383688037909e+01,2.899999999710000331e+00
3.952173445590277390e-01,1.692453331818131801e+01,3.036339845140506366e+00,1.690679920692314653e+01,1.500017039959720133e+00,1.687356383704329232e+01,2.899999999710000331e+00
3.954173445590268288e-01,1.692453331832000529e+01,3.036095045726686870e+00,1.690679931440125117e+01,1.500017039628104065e+00,1.687356383720570463e+01,2.899999999710000331e+00
3.956173445590259186e-01,1.692453331845847941e+01,3.035850864676675531e+00,1.690679942160400984e+01,1.500017039295228560e+00,1.687356383736784693e+01,2.899999999710000331e+00
3.958173445590250084e-01,1.692453331859655563e+01,3.035607300428102118e+00,1.690679952853193058e+01,1.500017038964069904e+00,1.687356383752953093e+01,2.899999999710000331e+00
3.960173445590240981e-01,1.692453331873426237e+01,3.035364351422381368e+00,1.690679963518578077e+01,1.500017038632659450e+00,1.687356383769077439e+01,2.899999999710000331e+00
3.962173445590231879e-01,1.692453331887170265e+01,3.035122016104830234e+00,1.690679974156636689e+01,1.500017038302561723e+00,1.687356383785170877e+01,2.899999999710000331e+00
3.964173445590222777e-01,1.692453331900866331e+01,3.034880292927113477e+00,1.690679984767417210e+01,1.500017037973520484e+00,1.687356383801209603e+01,2.899999999710000331e+00
3.966173445590213675e-01,1.692453331914528292e+01,3.034639180340797271e+00,1.690679995351004905e+01,1.500017037645461571e+00,1.687356383817208183e+01,2.899999999710000331e+00
3.968173445590204573e-01,1.692453331928165738e+01,3.034398676807288364e+00,1.690680005907477934e+01,1.500017037319890889e+00,1.687356383833176565e+01,2.899999999710000331e+00
3.970173445590195471e-01,1.692453331941768369e+01,3.034158780783013487e+00,1.690680016436900956e+01,1.500017036993347652e+00,1.687356383849104091e+01,2.899999999710000331e+00
3.972173445590186369e-01,1.692453331955335827e+01,3.033919490734313218e+00,1.690680026939342895e+01,1.500017036666810855e+00,1.687356383864990050e+01,2.899999999710000331e+00
3.974173445590177267e-01,1.692453331968854613e+01,3.033680805131388603e+00,1.690680037414857395e+01,1.500017036342246257e+00,1.687356383880822364e+01,2.899999999710000331e+00
3.976173445590168165e-01,1.692453331982359188e+01,3.033442722448587148e+00,1.690680047863548907e+01,1.500017036019714700e+00,1.687356383896634426e+01,2.899999999710000331e+00
3.978173445590159063e-01,1.692453331995810828e+01,3.033205241163462684e+00,1.690680058285451892e+01,1.500017035696014078e+00,1.687356383912387159e+01,2.899999999710000331e+00
3.980173445590149961e-01,1.692453332009241862e+01,3.032968359758160481e+00,1.690680068680664050e+01,1.500017035374030527e+00,1.687356383928113601e+01,2.899999999710000331e+00
3.982173445590140859e-01,1.692453332022629908e+01,3.032732076716258884e+00,1.690680079049234763e+01,1.500017035053121006e+00,1.687356383943792437e+01,2.899999999710000331e+00
3.984173445590131757e-01,1.692453332035999836e+01,3.032496390521977947e+00,1.690680089391256402e+01,1.500017034735508625e+00,1.687356383959446049e+01,2.899999999710000331e+00
3.986173445590122655e-01,1.692453332049321091e+01,3.032261299673440824e+00,1.690680099706770534e+01,1.500017034413696493e+00,1.687356383975046015e+01,2.899999999710000331e+00
3.988173445590113553e-01,1.692453332062610016e+01,3.032026802663045917e+00,1.690680109995858160e+01,1.500017034094877744e+00,1.687356383990607611e+01,2.899999999710000331e+00
3.990173445590104451e-01,1.692453332075861994e+01,3.031792897991463676e+00,1.690680120258587493e+01,1.500017033776700703e+00,1.687356384006127286e+01,2.899999999710000331e+00
3.992173445590095349e-01,1.692453332089086970e+01,3.031559584163493692e+00,1.690680130495031364e+01,1.500017033459905003e+00,1.687356384021612143e+01,2.899999999710000331e+00
3.994173445590086247e-01,1.692453332102279973e+01,3.031326859686278574e+00,1.690680140705257983e+01,1.500017033144027012e+00,1.687356384037060764e+01,2.899999999710000331e+00
3.996173445590077145e-01,1.692453332115443843e+01,3.031094723070971053e+00,1.690680150889333788e+01,1.500017032830397223e+00,1.687356384052474922e+01,2.899999999710000331e+00
3.998173445590068042e-01,1.692453332128563659e+01,3.030863172832703345e+00,1.690680161047319530e+01,1.500017032512716453e+00,1.687356384067838988e+01,2.899999999710000331e+00
4.000173445590058940e-01,1.692453332141658251e+01,3.030632207490326469e+00,1.690680171179291236e+01,1.500017032199699729e+00,1.687356384083171790e+01,2.899999999710000331e+00
4.002173445590049838e-01,1.692453332154704526e+01,3.030401825564998042e+00,1.690680181285297934e+01,1.500017031888138952e+00,1.687356384098450590e+01,2.899999999710000331e+00
4.004173445590040736e-01,1.692453332167731617e+01,3.030172025585895046e+00,1.690680191365439811e+01,1.500017031574890858e+00,1.687356384113704877e+01,2.899999999710000331e+00
4.006173445590031634e-01,1.692453332180730285e+01,3.029942806080587747e+00,1.690680201419770157e+01,1.500017031266006162e+00,1.687356384128925413e+01,2.899999999710000331e+00
4.008173445590022532e-01,1.692453332193686322e+01,3.029714165584235896e+00,1.690680211448342618e+01,1.500017030952317532e+00,1.687356384144096566e+01,2.899999999710000331e+00
4.010173445590013430e-01,1.692453332206613226e+01,3.029486102633263123e+00,1.690680221451236775e+01,1.500017030645298899e+00,1.687356384159233968e+01,2.899999999710000331e+00
4.012173445590004328e-01,1.692453332219506734e+01,3.029258615768991802e+00,1.690680231428517999e+01,1.500017030334768853e+00,1.687356384174333002e+01,2.899999999710000331e+00
4.014173445589995226e-01,1.692453332232367202e+01,3.029031703536544828e+00,1.690680241380252014e+01,1.500017030024355602e+00,1.687356384189391534e+01,2.899999999710000331e+00
4.016173445589986124e-01,1.692453332245183262e+01,3.028805364483962315e+00,1.690680251306487847e+01,1.500017029718492712e+00,1.687356384204401394e+01,2.899999999710000331e+00
4.018173445589977022e-01,1.692453332257984400e+01,3.028579597163990833e+00,1.690680261207330659e+01,1.500017029411135905e+00,1.687356384219390293e+01,2.899999999710000331e+00
4.020173445589967920e-01,1.692453332270748234e+01,3.028354400131774149e+00,1.690680271082814912e+01,1.500017029107087341e+00,1.687356384234337270e+01,2.899999999710000331e+00
4.022173445589958818e-01,1.692453332283481160e+01,3.028129771947584814e+00,1.690680280933017698e+01,1.500017028802009600e+00,1.687356384249247299e+01,2.899999999710000331e+00
4.024173445589949716e-01,1.692453332296177138e+01,3.027905711174192938e+00,1.690680290757998705e+01,1.500017028497464100e+00,1.687356384264113984e+01,2.899999999710000331e+00
4.026173445589940614e-01,1.692453332308848957e+01,3.027682216377653113e+00,1.690680300557835025e+01,1.500017028193991298e+00,1.687356384278951538e+01,2.899999999710000331e+00
4.028173445589931512e-01,1.692453332321480985e+01,3.027459286129205118e+00,1.690680310332573555e+01,1.500017027892942334e+00,1.687356384293744327e+01,2.899999999710000331e+00
4.030173445589922410e-01,1.692453332334076066e+01,3.027236919002406879e+00,1.690680320082286414e+01,1.500017027591299401e+00,1.687356384308494839e+01,2.899999999710000331e+00
4.032173445589913308e-01,1.692453332346645212e+01,3.027015113574594185e+00,1.690680329807048210e+01,1.500017027289044069e+00,1.687356384323213376e+01,2.899999999710000331e+00
4.034173445589904206e-01,1.692453332359189488e+01,3.026793868427084533e+00,1.690680339506923602e+01,1.500017026989022506e+00,1.687356384337902426e+01,2.899999999710000331e+00
4.036173445589895104e-01,1.692453332371700014e+01,3.026573182144493668e+00,1.690680349181967657e+01,1.500017026690958488e+00,1.687356384352551331e+01,2.899999999710000331e+00
4.038173445589886001e-01,1.692453332384178566e+01,3.026353053315442576e+00,1.690680358832248231e+01,1.500017026391013308e+00,1.687356384367163642e+01,2.899999999710000331e+00
4.040173445589876899e-01,1.692453332396605958e+01,3.026133480531739028e+00,1.690680368457811866e+01,1.500017026091292838e+00,1.687356384381718755e+01,2.899999999710000331e+00
4.042173445589867797e-01,1.692453332409015587e+01,3.025914462388468618e+00,1.690680378058750222e+01,1.500017025796098524e+00,1.687356384396250775e+01,2.899999999710000331e+00
4.044173445589858695e-01,1.692453332421402123e+01,3.025695997485267519e+00,1.690680387635126891e+01,1.500017025500093748e+00,1.687356384410754728e+01,2.899999999710000331e+00
4.046173445589849593e-01,1.692453332433747448e+01,3.025478084423861347e+00,1.690680397186984507e+01,1.500017025204373855e+00,1.687356384425212141e+01,2.899999999710000331e+00
4.048173445589840491e-01,1.692453332446072167e+01,3.025260721810688391e+00,1.690680406714409756e+01,1.500017024907859264e+00,1.687356384439643620e+01,2.899999999710000331e+00
4.050173445589831389e-01,1.692453332458362425e+01,3.025043908255201419e+00,1.690680416217447757e+01,1.500017024615009076e+00,1.687356384454035307e+01,2.899999999710000331e+00
4.052173445589822287e-01,1.692453332470616090e+01,3.024827642371180403e+00,1.690680425696164590e+01,1.500017024320557280e+00,1.687356384468384363e+01,2.899999999710000331e+00
4.054173445589813185e-01,1.692453332482829254e+01,3.024611922774257611e+00,1.690680435150618166e+01,1.500017024027680890e+00,1.687356384482688298e+01,2.899999999710000331e+00
4.056173445589804083e-01,1.692453332495027851e+01,3.024396748085511621e+00,1.690680444580890907e+01,1.500017023738005717e+00,1.687356384496972339e+01,2.899999999710000331e+00
4.058173445589794981e-01,1.692453332507182395e+01,3.024182116927356834e+00,1.690680453987024379e+01,1.500017023445521236e+00,1.687356384511206286e+01,2.899999999710000331e+00
4.060173445589785879e-01,1.692453332519324860e+01,3.023968027927907087e+00,1.690680463369107756e+01,1.500017023156199558e+00,1.687356384525423536e+01,2.899999999710000331e+00
4.062173445589776777e-01,1.692453332531425048e+01,3.023754479716846078e+00,1.690680472727177985e+01,1.500017022865380856e+00,1.687356384539593535e+01,2.899999999710000331e+00
4.064173445589767675e-01,1.692453332543495037e+01,3.023541470928222896e+00,1.690680482061305412e+01,1.500017022577528891e+00,1.687356384553728361e+01,2.899999999710000331e+00
4.066173445589758573e-01,1.692453332555534473e+01,3.023329000200286387e+00,1.690680491371551142e+01,1.500017022288940183e+00,1.687356384567826240e+01,2.899999999710000331e+00
4.068173445589749471e-01,1.692453332567539093e+01,3.023117066172821055e+00,1.690680500657975571e+01,1.500017022000827760e+00,1.687356384581886104e+01,2.899999999710000331e+00
4.070173445589740369e-01,1.692453332579511027e+01,3.022905667490205506e+00,1.690680509920638031e+01,1.500017021715395193e+00,1.687356384595905823e+01,2.899999999710000331e+00
4.072173445589731267e-01,1.692453332591460224e+01,3.022694802801287661e+00,1.690680519159615969e+01,1.500017021428960540e+00,1.687356384609899251e+01,2.899999999710000331e+00
4.074173445589722165e-01,1.692453332603388461e+01,3.022484470755884001e+00,1.690680528374966940e+01,1.500017021145077845e+00,1.687356384623866035e+01,2.899999999710000331e+00
4.076173445589713062e-01,1.692453332615279749e+01,3.022274670009270636e+00,1.690680537566739616e+01,1.500017020861323491e+00,1.687356384637789830e+01,2.899999999710000331e+00
4.078173445589703960e-01,1.692453332627134088e+01,3.022065399219112880e+00,1.690680546734994039e+01,1.500017020576711602e+00,1.687356384651672059e+01,2.899999999710000331e+00
4.080173445589694858e-01,1.692453332638949348e+01,3.021856657046777084e+00,1.690680555879788827e+01,1.500017020292672143e+00,1.687356384665510589e+01,2.899999999710000331e+00
4.082173445589685756e-01,1.692453332650752174e+01,3.021648442157446546e+00,1.690680565001212088e+01,1.500017020009708935e+00,1.687356384679331711e+01,2.899999999710000331e+00
4.084173445589676654e-01,1.692453332662522314e+01,3.021440753218191055e+00,1.690680574099299349e+01,1.500017019730511603e+00,1.687356384693114464e+01,2.899999999710000331e+00
4.086173445589667552e-01,1.692453332674263322e+01,3.021233588901234945e+00,1.690680583174120599e+01,1.500017019448717681e+00,1.687356384706863111e+01,2.899999999710000331e+00
4.088173445589658450e-01,1.692453332685973422e+01,3.021026947881453761e+00,1.690680592225732326e+01,1.500017019168282451e+00,1.687356384720576585e+01,2.899999999710000331e+00
4.090173445589649348e-01,1.692453332697652968e+01,3.020820828836859651e+00,1.690680601254189597e+01,1.500017018892589205e+00,1.687356384734253467e+01,2.899999999710000331e+00
4.092173445589640246e-01,1.692453332709302316e+01,3.020615230448561839e+00,1.690680610259563110e+01,1.500017018611895958e+00,1.687356384747895177e+01,2.899999999710000331e+00
4.094173445589631144e-01,1.692453332720915427e+01,3.020410151402201482e+00,1.690680619241897631e+01,1.500017018335046970e+00,1.687356384761495676e+01,2.899999999710000331e+00
4.096173445589622042e-01,1.692453332732504023e+01,3.020205590385447447e+00,1.690680628201270252e+01,1.500017018057003160e+00,1.687356384775066331e+01,2.899999999710000331e+00
4.098173445589612940e-01,1.692453332744064198e+01,3.020001546089209121e+00,1.690680637137732134e+01,1.500017017781616557e+00,1.687356384788604657e+01,2.899999999710000331e+00
4.100173445589603838e-01,1.692453332755595596e+01,3.019798017208717766e+00,1.690680646051342606e+01,1.500017017506182437e+00,1.687356384802109233e+01,2.899999999710000331e+00
4.102173445589594736e-01,1.692453332767099994e+01,3.019595002441886944e+00,1.690680654942166328e+01,1.500017017229789751e+00,1.687356384815580768e+01,2.899999999710000331e+00
4.104173445589585634e-01,1.692453332778568864e+01,3.019392500489905817e+00,1.690680663810249484e+01,1.500017016955459193e+00,1.687356384829011446e+01,2.899999999710000331e+00
4.106173445589576532e-01,1.692453332790015708e+01,3.019190510058039845e+00,1.690680672655668104e+01,1.500017016680954329e+00,1.687356384842416901e+01,2.899999999710000331e+00
4.108173445589567430e-01,1.692453332801424182e+01,3.018989029853559991e+00,1.690680681478459135e+01,1.500017016408323522e+00,1.687356384855777591e+01,2.899999999710000331e+00
4.110173445589558328e-01,1.692453332812812761e+01,3.018788058588123491e+00,1.690680690278702158e+01,1.500017016137263015e+00,1.687356384869113768e+01,2.899999999710000331e+00
4.112173445589549226e-01,1.692453332824174339e+01,3.018587594975916666e+00,1.690680699056451530e+01,1.500017015866978776e+00,1.687356384882418681e+01,2.899999999710000331e+00
4.114173445589540123e-01,1.692453332835504298e+01,3.018387637734901485e+00,1.690680707811755923e+01,1.500017015595834557e+00,1.687356384895686290e+01,2.899999999710000331e+00
4.116173445589531021e-01,1.692453332846796954e+01,3.018188185586005545e+00,1.690680716544671114e+01,1.500017015324968783e+00,1.687356384908910911e+01,2.899999999710000331e+00
4.118173445589521919e-01,1.692453332858069359e+01,3.017989237253430712e+00,1.690680725255270644e+01,1.500017015053518588e+00,1.687356384922111729e+01,2.899999999710000331e+00
4.120173445589512817e-01,1.692453332869321869e+01,3.017790791463335065e+00,1.690680733943610647e+01,1.500017014786117375e+00,1.687356384935287679e+01,2.899999999710000331e+00
4.122173445589503715e-01,1.692453332880533523e+01,3.017592846947362073e+00,1.690680742609729137e+01,1.500017014519409830e+00,1.687356384948417087e+01,2.899999999710000331e+00
4.124173445589494613e-01,1.692453332891712847e+01,3.017395402439481789e+00,1.690680751253694680e+01,1.500017014252551739e+00,1.687356384961510614e+01,2.899999999710000331e+00
4.126173445589485511e-01,1.692453332902867658e+01,3.017198456675861173e+00,1.690680759875568739e+01,1.500017013985013081e+00,1.687356384974573587e+01,2.899999999710000331e+00
4.128173445589476409e-01,1.692453332913996178e+01,3.017002008397676072e+00,1.690680768475407092e+01,1.500017013718238479e+00,1.687356384987606361e+01,2.899999999710000331e+00
4.130173445589467307e-01,1.692453332925099474e+01,3.016806056347525633e+00,1.690680777053267647e+01,1.500017013454076675e+00,1.687356385000608583e+01,2.899999999710000331e+00
4.132173445589458205e-01,1.692453332936169730e+01,3.016610599271937421e+00,1.690680785609201209e+01,1.500017013190498849e+00,1.687356385013573856e+01,2.899999999710000331e+00
4.134173445589449103e-01,1.692453332947219735e+01,3.016415635921034344e+00,1.690680794143278476e+01,1.500017012926688098e+00,1.687356385026513550e+01,2.899999999710000331e+00
4.136173445589440001e-01,1.692453332958239187e+01,3.016221165047112684e+00,1.690680802655541015e+01,1.500017012662857807e+00,1.687356385039416651e+01,2.899999999710000331e+00
4.138173445589430899e-01,1.692453332969212809e+01,3.016027185406217725e+00,1.690680811146031459e+01,1.500017012399496696e+00,1.687356385052270369e+01,2.899999999710000331e+00
4.140173445589421797e-01,1.692453332980176484e+01,3.015833695758169064e+00,1.690680819614843600e+01,1.500017012138667338e+00,1.687356385065109521e+01,2.899999999710000331e+00
4.142173445589412695e-01,1.692453332991115644e+01,3.015640694864593296e+00,1.690680828062014740e+01,1.500017011878856943e+00,1.687356385077918475e+01,2.899999999710000331e+00
4.144173445589403593e-01,1.692453333002019988e+01,3.015448181492069057e+00,1.690680836487597460e+01,1.500017011617224671e+00,1.687356385090689059e+01,2.899999999710000331e+00
4.146173445589394491e-01,1.692453333012904082e+01,3.015256154406764644e+00,1.690680844891656065e+01,1.500017011357495544e+00,1.687356385103434064e+01,2.899999999710000331e+00
4.148173445589385389e-01,1.692453333023754070e+01,3.015064612380897735e+00,1.690680853274235673e+01,1.500017011096881792e+00,1.687356385116141411e+01,2.899999999710000331e+00
4.150173445589376287e-01,1.692453333034578833e+01,3.014873554189918536e+00,1.690680861635395971e+01,1.500017010840016818e+00,1.687356385128817493e+01,2.899999999710000331e+00
4.152173445589367184e-01,1.692453333045364161e+01,3.014682978612270414e+00,1.690680869975185985e+01,1.500017010579348220e+00,1.687356385141449167e+01,2.899999999710000331e+00
4.154173445589358082e-01,1.692453333056132792e+01,3.014492884429806008e+00,1.690680878293672507e+01,1.500017010325371825e+00,1.687356385154060590e+01,2.899999999710000331e+00
4.156173445589348980e-01,1.692453333066880816e+01,3.014303270424732339e+00,1.690680886590918774e+01,1.500017010066434509e+00,1.687356385166646078e+01,2.899999999710000331e+00
4.158173445589339878e-01,1.692453333077588695e+01,3.014114135384721838e+00,1.690680894866951078e+01,1.500017009810627133e+00,1.687356385179187157e+01,2.899999999710000331e+00
4.160173445589330776e-01,1.692453333088272061e+01,3.013925478099689137e+00,1.690680903121841183e+01,1.500017009556314562e+00,1.687356385191698394e+01,2.899999999710000331e+00
4.162173445589321674e-01,1.692453333098938373e+01,3.013737297362618861e+00,1.690680911355655880e+01,1.500017009301466420e+00,1.687356385204188314e+01,2.899999999710000331e+00
4.164173445589312572e-01,1.692453333109567026e+01,3.013549591970525743e+00,1.690680919568423235e+01,1.500017009050572447e+00,1.687356385216636312e+01,2.899999999710000331e+00
4.166173445589303470e-01,1.692453333120180758e+01,3.013362360721872246e+00,1.690680927760224250e+01,1.500017008797414952e+00,1.687356385229064415e+01,2.899999999710000331e+00
4.168173445589294368e-01,1.692453333130753634e+01,3.013175602419259747e+00,1.690680935931084861e+01,1.500017008545379227e+00,1.687356385241448109e+01,2.899999999710000331e+00
4.170173445589285266e-01,1.692453333141310878e+01,3.012989315867646400e+00,1.690680944081086068e+01,1.500017008294556309e+00,1.687356385253810132e+01,2.899999999710000331e+00
4.172173445589276164e-01,1.692453333151822292e+01,3.012803499876048896e+00,1.690680952210254873e+01,1.500017008036373056e+00,1.687356385266122416e+01,2.899999999710000331e+00
4.174173445589267062e-01,1.692453333162329088e+01,3.012618153255330444e+00,1.690680960318673343e+01,1.500017007791118129e+00,1.687356385278425464e+01,2.899999999710000331e+00
4.176173445589257960e-01,1.692453333172811369e+01,3.012433274820305762e+00,1.690680968406391571e+01,1.500017007538398284e+00,1.687356385290700089e+01,2.899999999710000331e+00
4.178173445589248858e-01,1.692453333183243913e+01,3.012248863387899878e+00,1.690680976473425901e+01,1.500017007287562487e+00,1.687356385302919648e+01,2.899999999710000331e+00
4.180173445589239756e-01,1.692453333193667930e+01,3.012064917779107454e+00,1.690680984519872965e+01,1.500017007041324124e+00,1.687356385315126417e+01,2.899999999710000331e+00
4.182173445589230654e-01,1.692453333204065302e+01,3.011881436816148838e+00,1.690680992545770778e+01,1.500017006795244967e+00,1.687356385327301567e+01,2.899999999710000331e+00
4.184173445589221552e-01,1.692453333214432121e+01,3.011698419326358067e+00,1.690681000551167301e+01,1.500017006549542620e+00,1.687356385339442255e+01,2.899999999710000331e+00
4.186173445589212450e-01,1.692453333224765899e+01,3.011515864138094134e+00,1.690681008536113694e+01,1.500017006300996769e+00,1.687356385351545285e+01,2.899999999710000331e+00
4.188173445589203348e-01,1.692453333235084045e+01,3.011333770084893668e+00,1.690681016500678524e+01,1.500017006056003188e+00,1.687356385363628064e+01,2.899999999710000331e+00
4.190173445589194245e-01,1.692453333245363112e+01,3.011152136000692980e+00,1.690681024444891989e+01,1.500017005809339166e+00,1.687356385375667145e+01,2.899999999710000331e+00
4.192173445589185143e-01,1.692453333255638626e+01,3.010970960723924339e+00,1.690681032368841485e+01,1.500017005566250061e+00,1.687356385387698765e+01,2.899999999710000331e+00
4.194173445589176041e-01,1.692453333265876836e+01,3.010790243095817775e+00,1.690681040272546554e+01,1.500017005321973240e+00,1.687356385399688463e+01,2.899999999710000331e+00
4.196173445589166939e-01,1.692453333276084138e+01,3.010609981959996961e+00,1.690681048156064037e+01,1.500017005076845544e+00,1.687356385411642279e+01,2.899999999710000331e+00
4.198173445589157837e-01,1.692453333286268702e+01,3.010430176164875515e+00,1.690681056019456818e+01,1.500017004833090750e+00,1.687356385423569449e+01,2.899999999710000331e+00
4.200173445589148735e-01,1.692453333296417384e+01,3.010250824558606375e+00,1.690681063862759004e+01,1.500017004592748560e+00,1.687356385435456829e+01,2.899999999710000331e+00
4.202173445589139633e-01,1.692453333306545460e+01,3.010071925994707076e+00,1.690681071686039516e+01,1.500017004349655458e+00,1.687356385447318630e+01,2.899999999710000331e+00
4.204173445589130531e-01,1.692453333316660391e+01,3.009893479327429233e+00,1.690681079489360883e+01,1.500017004108054497e+00,1.687356385459163022e+01,2.899999999710000331e+00
4.206173445589121429e-01,1.692453333326736953e+01,3.009715483416464554e+00,1.690681087272744065e+01,1.500017003869024368e+00,1.687356385470964071e+01,2.899999999710000331e+00
4.208173445589112327e-01,1.692453333336804278e+01,3.009537937123826001e+00,1.690681095036275750e+01,1.500017003629007917e+00,1.687356385482752330e+01,2.899999999710000331e+00
4.210173445589103225e-01,1.692453333346823285e+01,3.009360839312267721e+00,1.690681102779963396e+01,1.500017003388060655e+00,1.687356385494488009e+01,2.899999999710000331e+00
4.212173445589094123e-01,1.692453333356829859e+01,3.009184188849863162e+00,1.690681110503891205e+01,1.500017003152372963e+00,1.687356385506206990e+01,2.899999999710000331e+00
4.214173445589085021e-01,1.692453333366817958e+01,3.009007984606619779e+00,1.690681118208112821e+01,1.500017002914828312e+00,1.687356385517902879e+01,2.899999999710000331e+00
4.216173445589075919e-01,1.692453333376756675e+01,3.008832225454893372e+00,1.690681125892640679e+01,1.500017002676971689e+00,1.687356385529544411e+01,2.899999999710000331e+00
4.218173445589066817e-01,1.692453333386692549e+01,3.008656910270859353e+00,1.690681133557577454e+01,1.500017002436035085e+00,1.687356385541179904e+01,2.899999999710000331e+00
4.220173445589057715e-01,1.692453333396597159e+01,3.008482037932572517e+00,1.690681141202939131e+01,1.500017002201615046e+00,1.687356385552778448e+01,2.899999999710000331e+00
4.222173445589048613e-01,1.692453333406474769e+01,3.008307607321857091e+00,1.690681148828785396e+01,1.500017001967732133e+00,1.687356385564346795e+01,2.899999999710000331e+00
4.224173445589039511e-01,1.692453333416337813e+01,3.008133617322306996e+00,1.690681156435177357e+01,1.500017001732118382e+00,1.687356385575896667e+01,2.899999999710000331e+00
4.226173445589030409e-01,1.692453333426161066e+01,3.007960066821846024e+00,1.690681164022137040e+01,1.500017001498313407e+00,1.687356385587401419e+01,2.899999999710000331e+00
4.228173445589021306e-01,1.692453333435967266e+01,3.007786954709715577e+00,1.690681171589740828e+01,1.500017001265134597e+00,1.687356385598885566e+01,2.899999999710000331e+00
4.230173445589012204e-01,1.692453333445751795e+01,3.007614279878870978e+00,1.690681179138036327e+01,1.500017001029969599e+00,1.687356385610342713e+01,2.899999999710000331e+00
4.232173445589003102e-01,1.692453333455498310e+01,3.007442041224697160e+00,1.690681186667049118e+01,1.500017000798920419e+00,1.687356385621758648e+01,2.899999999710000331e+00
4.234173445588994000e-01,1.692453333465221732e+01,3.007270237644943389e+00,1.690681194176851321e+01,1.500017000567154923e+00,1.687356385633147582e+01,2.899999999710000331e+00
4.236173445588984898e-01,1.692453333474925259e+01,3.007098868040668727e+00,1.690681201667493028e+01,1.500017000333239148e+00,1.687356385644512002e+01,2.899999999710000331e+00
4.238173445588975796e-01,1.692453333484613864e+01,3.006927931316311753e+00,1.690681209139022556e+01,1.500017000106284470e+00,1.687356385655857594e+01,2.899999999710000331e+00
4.240173445588966694e-01,1.692453333494270140e+01,3.006757426377370201e+00,1.690681216591481828e+01,1.500016999877004764e+00,1.687356385667166236e+01,2.899999999710000331e+00
4.242173445588957592e-01,1.692453333503894797e+01,3.006587352134004743e+00,1.690681224024917029e+01,1.500016999643400739e+00,1.687356385678438642e+01,2.899999999710000331e+00
4.244173445588948490e-01,1.692453333513516611e+01,3.006417707498684866e+00,1.690681231439403831e+01,1.500016999414512942e+00,1.687356385689704297e+01,2.899999999710000331e+00
4.246173445588939388e-01,1.692453333523097925e+01,3.006248491384745147e+00,1.690681238834951117e+01,1.500016999189685007e+00,1.687356385700925543e+01,2.899999999710000331e+00
4.248173445588930286e-01,1.692453333532643711e+01,3.006079702710841239e+00,1.690681246211619282e+01,1.500016998960012282e+00,1.687356385712107709e+01,2.899999999710000331e+00
4.250173445588921184e-01,1.692453333542177418e+01,3.005911340397239062e+00,1.690681253569475828e+01,1.500016998732315310e+00,1.687356385723272822e+01,2.899999999710000331e+00
4.252173445588912082e-01,1.692453333551698336e+01,3.005743403366718525e+00,1.690681260908571204e+01,1.500016998507746502e+00,1.687356385734421238e+01,2.899999999710000331e+00
4.254173445588902980e-01,1.692453333561183371e+01,3.005575890544989637e+00,1.690681268228927081e+01,1.500016998281384240e+00,1.687356385745530218e+01,2.899999999710000331e+00
4.256173445588893878e-01,1.692453333570650642e+01,3.005408800860419394e+00,1.690681275530612382e+01,1.500016998056402651e+00,1.687356385756617172e+01,2.899999999710000331e+00
4.258173445588884776e-01,1.692453333580089136e+01,3.005242133244145908e+00,1.690681282813663344e+01,1.500016997832000598e+00,1.687356385767670020e+01,2.899999999710000331e+00
4.260173445588875674e-01,1.692453333589501341e+01,3.005075886630358628e+00,1.690681290078133259e+01,1.500016997603322411e+00,1.687356385778693735e+01,2.899999999710000331e+00
4.262173445588866572e-01,1.692453333598896847e+01,3.004910059955839596e+00,1.690681297324070087e+01,1.500016997384763462e+00,1.687356385789695778e+01,2.899999999710000331e+00
4.264173445588857470e-01,1.692453333608261801e+01,3.004744652158607643e+00,1.690681304551518949e+01,1.500016997160397159e+00,1.687356385800664427e+01,2.899999999710000331e+00
4.266173445588848367e-01,1.692453333617595135e+01,3.004579662181932509e+00,1.690681311760521055e+01,1.500016996939226743e+00,1.687356385811597193e+01,2.899999999710000331e+00
4.268173445588839265e-01,1.692453333626907863e+01,3.004415088969604852e+00,1.690681318951139289e+01,1.500016996714137241e+00,1.687356385822504024e+01,2.899999999710000331e+00
4.270173445588830163e-01,1.692453333636214907e+01,3.004250931469254038e+00,1.690681326123430495e+01,1.500016996491728261e+00,1.687356385833402328e+01,2.899999999710000331e+00
4.272173445588821061e-01,1.692453333645481806e+01,3.004087188630486072e+00,1.690681333277406395e+01,1.500016996271142489e+00,1.687356385844256224e+01,2.899999999710000331e+00
4.274173445588811959e-01,1.692453333654743020e+01,3.003923859405912999e+00,1.690681340413151190e+01,1.500016996052561113e+00,1.687356385855100172e+01,2.899999999710000331e+00
4.276173445588802857e-01,1.692453333663959114e+01,3.003760942751201313e+00,1.690681347530674472e+01,1.500016995832724964e+00,1.687356385865895092e+01,2.899999999710000331e+00
4.278173445588793755e-01,1.692453333673165261e+01,3.003598437623566930e+00,1.690681354630052624e+01,1.500016995616736626e+00,1.687356385876677223e+01,2.899999999710000331e+00
4.280173445588784653e-01,1.692453333682346894e+01,3.003436342982768181e+00,1.690681361711326147e+01,1.500016995395229591e+00,1.687356385887429155e+01,2.899999999710000331e+00
4.282173445588775551e-01,1.692453333691494777e+01,3.003274657795170999e+00,1.690681368774525595e+01,1.500016995176710166e+00,1.687356385898143785e+01,2.899999999710000331e+00
4.284173445588766449e-01,1.692453333700628093e+01,3.003113381021460970e+00,1.690681375819718113e+01,1.500016994961955508e+00,1.687356385908840295e+01,2.899999999710000331e+00
4.286173445588757347e-01,1.692453333709736185e+01,3.002952511635975874e+00,1.690681382846941716e+01,1.500016994742293441e+00,1.687356385919507318e+01,2.899999999710000331e+00
4.288173445588748245e-01,1.692453333718822250e+01,3.002792048605240627e+00,1.690681389856243300e+01,1.500016994525207981e+00,1.687356385930148406e+01,2.899999999710000331e+00
4.290173445588739143e-01,1.692453333727889131e+01,3.002631990902841164e+00,1.690681396847669760e+01,1.500016994310780838e+00,1.687356385940766756e+01,2.899999999710000331e+00
4.292173445588730041e-01,1.692453333736936472e+01,3.002472337505764255e+00,1.690681403821270123e+01,1.500016994098073209e+00,1.687356385951361659e+01,2.899999999710000331e+00
4.294173445588720939e-01,1.692453333745942246e+01,3.002313087392980417e+00,1.690681410777070326e+01,1.500016993879760507e+00,1.687356385961910021e+01,2.899999999710000331e+00
4.296173445588711837e-01,1.692453333754937717e+01,3.002154239546672265e+00,1.690681417715141777e+01,1.500016993667421916e+00,1.687356385972445239e+01,2.899999999710000331e+00
4.298173445588702735e-01,1.692453333763912582e+01,3.001995792951350772e+00,1.690681424635525332e+01,1.500016993451466885e+00,1.687356385982955587e+01,2.899999999710000331e+00
4.300173445588693633e-01,1.692453333772871105e+01,3.001837746590958478e+00,1.690681431538264690e+01,1.500016993240615104e+00,1.687356385993446395e+01,2.899999999710000331e+00
4.302173445588684531e-01,1.692453333781786995e+01,3.001680099455042772e+00,1.690681438423383653e+01,1.500016993028767898e+00,1.687356386003889597e+01,2.899999999710000331e+00
4.304173445588675428e-01,1.692453333790693293e+01,3.001522850536129550e+00,1.690681445290959317e+01,1.500016992815508932e+00,1.687356386014319298e+01,2.899999999710000331e+00
4.306173445588666326e-01,1.692453333799566195e+01,3.001365998828259496e+00,1.690681452141011931e+01,1.500016992602204668e+00,1.687356386024713117e+01,2.899999999710000331e+00
4.308173445588657224e-01,1.692453333808437321e+01,3.001209543326849083e+00,1.690681458973616813e+01,1.500016992395009519e+00,1.687356386035099831e+01,2.899999999710000331e+00
4.310173445588648122e-01,1.692453333817268657e+01,3.001053483032382729e+00,1.690681465788785331e+01,1.500016992183019093e+00,1.687356386045444268e+01,2.899999999710000331e+00
4.312173445588639020e-01,1.692453333826092887e+01,3.000897816946272556e+00,1.690681472586592449e+01,1.500016991973604386e+00,1.687356386055776980e+01,2.899999999710000331e+00
4.314173445588629918e-01,1.692453333834878038e+01,3.000742544072608542e+00,1.690681479367049533e+01,1.500016991765558361e+00,1.687356386066066349e+01,2.899999999710000331e+00
4.316173445588620816e-01,1.692453333843647201e+01,3.000587663418047946e+00,1.690681486130227995e+01,1.500016991555007451e+00,1.687356386076336889e+01,2.899999999710000331e+00
4.318173445588611714e-01,1.692453333852392916e+01,3.000433173991931213e+00,1.690681492876163716e+01,1.500016991345356487e+00,1.687356386086579718e+01,2.899999999710000331e+00
4.320173445588602612e-01,1.692453333861111986e+01,3.000279074805615842e+00,1.690681499604891513e+01,1.500016991141132072e+00,1.687356386096792704e+01,2.899999999710000331e+00
4.322173445588593510e-01,1.692453333869814003e+01,3.000125364874508982e+00,1.690681506316472849e+01,1.500016990932311112e+00,1.687356386106984729e+01,2.899999999710000331e+00
4.324173445588584408e-01,1.692453333878505362e+01,2.999972043213818385e+00,1.690681513010954973e+01,1.500016990726598776e+00,1.687356386117161478e+01,2.899999999710000331e+00
4.326173445588575306e-01,1.692453333887167233e+01,2.999819108843645665e+00,1.690681519688363821e+01,1.500016990520229188e+00,1.687356386127305541e+01,2.899999999710000331e+00
4.328173445588566204e-01,1.692453333895801038e+01,2.999666560785609448e+00,1.690681526348744512e+01,1.500016990314933629e+00,1.687356386137417275e+01,2.899999999710000331e+00
4.330173445588557102e-01,1.692453333904413526e+01,2.999514398063800602e+00,1.690681532992146430e+01,1.500016990110306425e+00,1.687356386147505205e+01,2.899999999710000331e+00
4.332173445588548000e-01,1.692453333913015001e+01,2.999362619705093547e+00,1.690681539618625351e+01,1.500016989905588849e+00,1.687356386157577148e+01,2.899999999710000331e+00
4.334173445588538898e-01,1.692453333921583436e+01,2.999211224738199011e+00,1.690681546228201171e+01,1.500016989701495884e+00,1.687356386167612854e+01,2.899999999710000331e+00
4.336173445588529796e-01,1.692453333930129489e+01,2.999060212195062913e+00,1.690681552820930733e+01,1.500016989494822317e+00,1.687356386177622269e+01,2.899999999710000331e+00
4.338173445588520694e-01,1.692453333938646409e+01,2.998909581109202804e+00,1.690681559396846012e+01,1.500016989294197911e+00,1.687356386187599000e+01,2.899999999710000331e+00
4.340173445588511592e-01,1.692453333947162974e+01,2.998759330517853261e+00,1.690681565956021259e+01,1.500016989093079678e+00,1.687356386197572533e+01,2.899999999710000331e+00
4.342173445588502489e-01,1.692453333955638328e+01,2.998609459458790205e+00,1.690681572498460383e+01,1.500016988891437197e+00,1.687356386207499881e+01,2.899999999710000331e+00
4.344173445588493387e-01,1.692453333964112971e+01,2.998459966973811230e+00,1.690681579024243320e+01,1.500016988690597186e+00,1.687356386217422966e+01,2.899999999710000331e+00
4.346173445588484285e-01,1.692453333972547469e+01,2.998310852107245683e+00,1.690681585533376108e+01,1.500016988488710235e+00,1.687356386227302707e+01,2.899999999710000331e+00
4.348173445588475183e-01,1.692453333980975216e+01,2.998162113904898174e+00,1.690681592025933355e+01,1.500016988288761288e+00,1.687356386237171790e+01,2.899999999710000331e+00
4.350173445588466081e-01,1.692453333989383424e+01,2.998013751414803085e+00,1.690681598501948812e+01,1.500016988088332059e+00,1.687356386247018136e+01,2.899999999710000331e+00
4.352173445588456979e-01,1.692453333997761433e+01,2.997865763688345897e+00,1.690681604961446993e+01,1.500016987891660936e+00,1.687356386256830376e+01,2.899999999710000331e+00
4.354173445588447877e-01,1.692453334006115639e+01,2.997718149778503705e+00,1.690681611404480478e+01,1.500016987696026982e+00,1.687356386266615615e+01,2.899999999710000331e+00
4.356173445588438775e-01,1.692453334014452082e+01,2.997570908741045592e+00,1.690681617831103978e+01,1.500016987491525011e+00,1.687356386276378473e+01,2.899999999710000331e+00
4.358173445588429673e-01,1.692453334022757261e+01,2.997424039634858595e+00,1.690681624241336323e+01,1.500016987295269333e+00,1.687356386286107579e+01,2.899999999710000331e+00
4.360173445588420571e-01,1.692453334031059953e+01,2.997277541520283695e+00,1.690681630635253185e+01,1.500016987097140708e+00,1.687356386295829935e+01,2.899999999710000331e+00
4.362173445588411469e-01,1.692453334039335644e+01,2.997131413459769522e+00,1.690681637012866645e+01,1.500016986901576699e+00,1.687356386305521738e+01,2.899999999710000331e+00
4.364173445588402367e-01,1.692453334047576874e+01,2.996985654518184106e+00,1.690681643374218268e+01,1.500016986704893807e+00,1.687356386315175527e+01,2.899999999710000331e+00
4.366173445588393265e-01,1.692453334055812064e+01,2.996840263763643986e+00,1.690681649719375912e+01,1.500016986508643013e+00,1.687356386324819724e+01,2.899999999710000331e+00
4.368173445588384163e-01,1.692453334064030912e+01,2.996695240266073590e+00,1.690681656048372261e+01,1.500016986313258194e+00,1.687356386334444025e+01,2.899999999710000331e+00
4.370173445588375061e-01,1.692453334072217075e+01,2.996550583098041010e+00,1.690681662361226145e+01,1.500016986119531825e+00,1.687356386344032089e+01,2.899999999710000331e+00
4.372173445588365959e-01,1.692453334080390448e+01,2.996406291334066996e+00,1.690681668658001158e+01,1.500016985927730806e+00,1.687356386353604520e+01,2.899999999710000331e+00
4.374173445588356857e-01,1.692453334088529004e+01,2.996262364050738647e+00,1.690681674938724655e+01,1.500016985729771157e+00,1.687356386363137517e+01,2.899999999710000331e+00
4.376173445588347755e-01,1.692453334096658324e+01,2.996118800327613574e+00,1.690681681203452058e+01,1.500016985538877412e+00,1.687356386372658434e+01,2.899999999710000331e+00
4.378173445588338653e-01,1.692453334104766327e+01,2.995975599246559096e+00,1.690681687452221382e+01,1.500016985345727027e+00,1.687356386382153772e+01,2.899999999710000331e+00
4.380173445588329550e-01,1.692453334112848751e+01,2.995832759890786789e+00,1.690681693685061759e+01,1.500016985154659865e+00,1.687356386391621399e+01,2.899999999710000331e+00
4.382173445588320448e-01,1.692453334120916963e+01,2.995690281347398898e+00,1.690681699902033230e+01,1.500016984962125433e+00,1.687356386401069486e+01,2.899999999710000331e+00
4.384173445588311346e-01,1.692453334128964215e+01,2.995548162704891215e+00,1.690681706103163151e+01,1.500016984772162498e+00,1.687356386410494480e+01,2.899999999710000331e+00
4.386173445588302244e-01,1.692453334136985532e+01,2.995406403053481714e+00,1.690681712288489180e+01,1.500016984580864410e+00,1.687356386419889276e+01,2.899999999710000331e+00
4.388173445588293142e-01,1.692453334144986599e+01,2.995265001487280809e+00,1.690681718458059635e+01,1.500016984388219399e+00,1.687356386429260979e+01,2.899999999710000331e+00
4.390173445588284040e-01,1.692453334152978073e+01,2.995123957101223588e+00,1.690681724611922121e+01,1.500016984200647441e+00,1.687356386438619893e+01,2.899999999710000331e+00
4.392173445588274938e-01,1.692453334160951783e+01,2.994983268993550496e+00,1.690681730750111100e+01,1.500016984013095245e+00,1.687356386447956780e+01,2.899999999710000331e+00
4.394173445588265836e-01,1.692453334168898138e+01,2.994842936263861333e+00,1.690681736872659258e+01,1.500016983823816652e+00,1.687356386457263113e+01,2.899999999710000331e+00
4.396173445588256734e-01,1.692453334176816071e+01,2.994702958013919059e+00,1.690681742979601054e+01,1.500016983634865353e+00,1.687356386466537117e+01,2.899999999710000331e+00
4.398173445588247632e-01,1.692453334184713754e+01,2.994563333349256506e+00,1.690681749070988360e+01,1.500016983448037688e+00,1.687356386475788383e+01,2.899999999710000331e+00
4.400173445588238530e-01,1.692453334192601844e+01,2.994424061376405266e+00,1.690681755146869492e+01,1.500016983258831260e+00,1.687356386485026150e+01,2.899999999710000331e+00
4.402173445588229428e-01,1.692453334200464354e+01,2.994285141204620082e+00,1.690681761207267897e+01,1.500016983072394172e+00,1.687356386494235849e+01,2.899999999710000331e+00
4.404173445588220326e-01,1.692453334208305193e+01,2.994146571944961810e+00,1.690681767252230472e+01,1.500016982883699335e+00,1.687356386503418904e+01,2.899999999710000331e+00
4.406173445588211224e-01,1.692453334216129690e+01,2.994008352710972432e+00,1.690681773281797007e+01,1.500016982698303636e+00,1.687356386512583128e+01,2.899999999710000331e+00
4.408173445588202122e-01,1.692453334223938199e+01,2.993870482619196416e+00,1.690681779296011911e+01,1.500016982514897013e+00,1.687356386521727458e+01,2.899999999710000331e+00
4.410173445588193020e-01,1.692453334231727524e+01,2.993732960786246178e+00,1.690681785294908934e+01,1.500016982330199422e+00,1.687356386530850116e+01,2.899999999710000331e+00
4.412173445588183918e-01,1.692453334239493756e+01,2.993595786334413145e+00,1.690681791278523249e+01,1.500016982146034517e+00,1.687356386539945419e+01,2.899999999710000331e+00
4.414173445588174816e-01,1.692453334247236185e+01,2.993458958385638358e+00,1.690681797246895002e+01,1.500016981962305262e+00,1.687356386549014076e+01,2.899999999710000331e+00
4.416173445588165714e-01,1.692453334254959785e+01,2.993322476063250637e+00,1.690681803200066469e+01,1.500016981778871550e+00,1.687356386558060350e+01,2.899999999710000331e+00
4.418173445588156611e-01,1.692453334262664910e+01,2.993186338494600918e+00,1.690681809138080993e+01,1.500016981593325527e+00,1.687356386567084598e+01,2.899999999710000331e+00
4.420173445588147509e-01,1.692453334270351206e+01,2.993050544810023528e+00,1.690681815060975524e+01,1.500016981409737049e+00,1.687356386576087175e+01,2.899999999710000331e+00
4.422173445588138407e-01,1.692453334278016541e+01,2.992915094139900312e+00,1.690681820968780613e+01,1.500016981228557977e+00,1.687356386585064882e+01,2.899999999710000331e+00
4.424173445588129305e-01,1.692453334285668376e+01,2.992779985617830540e+00,1.690681826861546710e+01,1.500016981050517506e+00,1.687356386594026958e+01,2.899999999710000331e+00
4.426173445588120203e-01,1.692453334293292144e+01,2.992645218380192595e+00,1.690681832739302592e+01,1.500016980865450655e+00,1.687356386602956704e+01,2.899999999710000331e+00
4.428173445588111101e-01,1.692453334300915557e+01,2.992510791564594097e+00,1.690681838602105103e+01,1.500016980689009349e+00,1.687356386611882186e+01,2.899999999710000331e+00
4.430173445588101999e-01,1.692453334308498469e+01,2.992376704310155233e+00,1.690681844449960991e+01,1.500016980505493480e+00,1.687356386620765036e+01,2.899999999710000331e+00
4.432173445588092897e-01,1.692453334316068236e+01,2.992242955760940237e+00,1.690681850282930654e+01,1.500016980326323912e+00,1.687356386629630833e+01,2.899999999710000331e+00
4.434173445588083795e-01,1.692453334323626990e+01,2.992109545060029685e+00,1.690681856101057434e+01,1.500016980146485990e+00,1.687356386638482419e+01,2.899999999710000331e+00
4.436173445588074693e-01,1.692453334331165138e+01,2.991976471354504952e+00,1.690681861904366912e+01,1.500016979969230224e+00,1.687356386647309847e+01,2.899999999710000331e+00
4.438173445588065591e-01,1.692453334338667403e+01,2.991843733793285054e+00,1.690681867692881823e+01,1.500016979791913840e+00,1.687356386656098906e+01,2.899999999710000331e+00
4.440173445588056489e-01,1.692453334346153326e+01,2.991711331526897055e+00,1.690681873466663632e+01,1.500016979613691737e+00,1.687356386664868424e+01,2.899999999710000331e+00
4.442173445588047387e-01,1.692453334353637828e+01,2.991579263708507241e+00,1.690681879225762074e+01,1.500016979436621600e+00,1.687356386673632613e+01,2.899999999710000331e+00
4.444173445588038285e-01,1.692453334361087158e+01,2.991447529493397539e+00,1.690681884970181770e+01,1.500016979256910910e+00,1.687356386682358789e+01,2.899999999710000331e+00
4.446173445588029183e-01,1.692453334368527251e+01,2.991316128039235522e+00,1.690681890699982759e+01,1.500016979083147239e+00,1.687356386691071819e+01,2.899999999710000331e+00
4.448173445588020081e-01,1.692453334375947449e+01,2.991185058504157723e+00,1.690681896415199503e+01,1.500016978905563514e+00,1.687356386699762467e+01,2.899999999710000331e+00
4.450173445588010979e-01,1.692453334383348107e+01,2.991054320050424931e+00,1.690681902115863977e+01,1.500016978729624917e+00,1.687356386708430378e+01,2.899999999710000331e+00
4.452173445588001877e-01,1.692453334390729225e+01,2.990923911841965488e+00,1.690681907802013129e+01,1.500016978553792235e+00,1.687356386717075196e+01,2.899999999710000331e+00
4.454173445587992775e-01,1.692453334398096843e+01,2.990793833045557015e+00,1.690681913473690656e+01,1.500016978380146471e+00,1.687356386725703672e+01,2.899999999710000331e+00
4.456173445587983672e-01,1.692453334405438881e+01,2.990664082827685810e+00,1.690681919130926403e+01,1.500016978205678475e+00,1.687356386734303015e+01,2.899999999710000331e+00
4.458173445587974570e-01,1.692453334412772392e+01,2.990534660358997510e+00,1.690681924773769040e+01,1.500016978030647152e+00,1.687356386742890635e+01,2.899999999710000331e+00
4.460173445587965468e-01,1.692453334420070377e+01,2.990405564810962424e+00,1.690681930402230293e+01,1.500016977855709310e+00,1.687356386751440951e+01,2.899999999710000331e+00
4.462173445587956366e-01,1.692453334427354150e+01,2.990276795358589368e+00,1.690681936016365938e+01,1.500016977685555641e+00,1.687356386759971727e+01,2.899999999710000331e+00
4.464173445587947264e-01,1.692453334434631174e+01,2.990148351177578601e+00,1.690681941616224648e+01,1.500016977513753291e+00,1.687356386768492555e+01,2.899999999710000331e+00
4.466173445587938162e-01,1.692453334441875512e+01,2.990020231446609777e+00,1.690681947201813529e+01,1.500016977340170587e+00,1.687356386776979633e+01,2.899999999710000331e+00
4.468173445587929060e-01,1.692453334449114521e+01,2.989892435346176214e+00,1.690681952773198304e+01,1.500016977168434851e+00,1.687356386785456763e+01,2.899999999710000331e+00
4.470173445587919958e-01,1.692453334456325109e+01,2.989764962058319320e+00,1.690681958330392831e+01,1.500016976995918849e+00,1.687356386793903340e+01,2.899999999710000331e+00
4.472173445587910856e-01,1.692453334463529657e+01,2.989637810768058568e+00,1.690681963873452176e+01,1.500016976825900406e+00,1.687356386802340680e+01,2.899999999710000331e+00
4.474173445587901754e-01,1.692453334470710757e+01,2.989510980661485462e+00,1.690681969402398011e+01,1.500016976655357714e+00,1.687356386810749953e+01,2.899999999710000331e+00
4.476173445587892652e-01,1.692453334477867699e+01,2.989384470927976434e+00,1.690681974917267283e+01,1.500016976486279185e+00,1.687356386819133292e+01,2.899999999710000331e+00
4.478173445587883550e-01,1.692453334485011496e+01,2.989258280757782771e+00,1.690681980418100494e+01,1.500016976319717088e+00,1.687356386827500287e+01,2.899999999710000331e+00
4.480173445587874448e-01,1.692453334492141082e+01,2.989132409344285257e+00,1.690681985904941342e+01,1.500016976149942671e+00,1.687356386835849520e+01,2.899999999710000331e+00
4.482173445587865346e-01,1.692453334499242601e+01,2.989006855881255031e+00,1.690681991377809368e+01,1.500016975977831901e+00,1.687356386844167133e+01,2.899999999710000331e+00
4.484173445587856244e-01,1.692453334506337725e+01,2.988881619566375658e+00,1.690681996836757861e+01,1.500016975812000553e+00,1.687356386852476930e+01,2.899999999710000331e+00
4.486173445587847142e-01,1.692453334513390573e+01,2.988756699598311695e+00,1.690682002281786822e+01,1.500016975643641226e+00,1.687356386860739832e+01,2.899999999710000331e+00
4.488173445587838040e-01,1.692453334520439157e+01,2.988632095177818471e+00,1.690682007712975476e+01,1.500016975474141478e+00,1.687356386868996694e+01,2.899999999710000331e+00
4.490173445587828938e-01,1.692453334527481346e+01,2.988507805508543225e+00,1.690682013130352601e+01,1.500016975308462897e+00,1.687356386877242898e+01,2.899999999710000331e+00
4.492173445587819836e-01,1.692453334534506482e+01,2.988383829794688307e+00,1.690682018533944131e+01,1.500016975142723252e+00,1.687356386885469917e+01,2.899999999710000331e+00
4.494173445587810733e-01,1.692453334541489696e+01,2.988260167243326659e+00,1.690682023923758592e+01,1.500016974974383466e+00,1.687356386893651816e+01,2.899999999710000331e+00
4.496173445587801631e-01,1.692453334548487121e+01,2.988136817063784978e+00,1.690682029299891909e+01,1.500016974811325232e+00,1.687356386901843663e+01,2.899999999710000331e+00
4.498173445587792529e-01,1.692453334555453637e+01,2.988013778466489079e+00,1.690682034662331645e+01,1.500016974645208334e+00,1.687356386910003536e+01,2.899999999710000331e+00
4.500173445587783427e-01,1.692453334562395639e+01,2.987891050664512438e+00,1.690682040011115461e+01,1.500016974480339771e+00,1.687356386918134277e+01,2.899999999710000331e+00
4.502173445587774325e-01,1.692453334569325918e+01,2.987768632873168517e+00,1.690682045346296647e+01,1.500016974316836116e+00,1.687356386926252227e+01,2.899999999710000331e+00
4.504173445587765223e-01,1.692453334576234170e+01,2.987646524308702922e+00,1.690682050667897940e+01,1.500016974151015869e+00,1.687356386934343533e+01,2.899999999710000331e+00
4.506173445587756121e-01,1.692453334583137092e+01,2.987524724190044445e+00,1.690682055975969789e+01,1.500016973989164226e+00,1.687356386942426667e+01,2.899999999710000331e+00
4.508173445587747019e-01,1.692453334590002001e+01,2.987403231739450771e+00,1.690682061270514325e+01,1.500016973826580502e+00,1.687356386950468590e+01,2.899999999710000331e+00
4.510173445587737917e-01,1.692453334596855186e+01,2.987282046176996886e+00,1.690682066551596208e+01,1.500016973661872477e+00,1.687356386958496657e+01,2.899999999710000331e+00
4.512173445587728815e-01,1.692453334603698067e+01,2.987161166731041817e+00,1.690682071819242438e+01,1.500016973503080164e+00,1.687356386966511224e+01,2.899999999710000331e+00
4.514173445587719713e-01,1.692453334610520699e+01,2.987040592626007740e+00,1.690682077073486766e+01,1.500016973337696236e+00,1.687356386974501632e+01,2.899999999710000331e+00
4.516173445587710611e-01,1.692453334617332672e+01,2.986920323090346052e+00,1.690682082314367563e+01,1.500016973179167046e+00,1.687356386982479250e+01,2.899999999710000331e+00
4.518173445587701509e-01,1.692453334624113737e+01,2.986800357354853830e+00,1.690682087541902590e+01,1.500016973015394939e+00,1.687356386990423829e+01,2.899999999710000331e+00
4.520173445587692407e-01,1.692453334630898354e+01,2.986680694652964707e+00,1.690682092756157218e+01,1.500016972857293407e+00,1.687356386998368052e+01,2.899999999710000331e+00
4.522173445587683305e-01,1.692453334637647799e+01,2.986561334219384634e+00,1.690682097957130381e+01,1.500016972694466544e+00,1.687356387006273906e+01,2.899999999710000331e+00
4.524173445587674203e-01,1.692453334644394047e+01,2.986442275291209647e+00,1.690682103144882120e+01,1.500016972537118631e+00,1.687356387014174075e+01,2.899999999710000331e+00
4.526173445587665101e-01,1.692453334651102637e+01,2.986323517105664571e+00,1.690682108319414567e+01,1.500016972377360425e+00,1.687356387022034099e+01,2.899999999710000331e+00
4.528173445587655999e-01,1.692453334657809449e+01,2.986205058902096976e+00,1.690682113480804105e+01,1.500016972217095956e+00,1.687356387029888083e+01,2.899999999710000331e+00
4.530173445587646897e-01,1.692453334664511289e+01,2.986086899925016969e+00,1.690682118629067787e+01,1.500016972063052734e+00,1.687356387037734962e+01,2.899999999710000331e+00
4.532173445587637794e-01,1.692453334671170850e+01,2.985969039416734194e+00,1.690682123764215206e+01,1.500016971902887075e+00,1.687356387045537431e+01,2.899999999710000331e+00
4.534173445587628692e-01,1.692453334677826859e+01,2.985851476623774481e+00,1.690682128886312441e+01,1.500016971742666350e+00,1.687356387053332085e+01,2.899999999710000331e+00
4.536173445587619590e-01,1.692453334684456223e+01,2.985734210794409815e+00,1.690682133995366954e+01,1.500016971586936698e+00,1.687356387061098317e+01,2.899999999710000331e+00
4.538173445587610488e-01,1.692453334691082034e+01,2.985617241178975423e+00,1.690682139091438430e+01,1.500016971431768598e+00,1.687356387068857799e+01,2.899999999710000331e+00
4.540173445587601386e-01,1.692453334697685108e+01,2.985500567028281260e+00,1.690682144174541790e+01,1.500016971275193844e+00,1.687356387076591346e+01,2.899999999710000331e+00
4.542173445587592284e-01,1.692453334704271128e+01,2.985384187596495487e+00,1.690682149244717536e+01,1.500016971118111497e+00,1.687356387084305709e+01,2.899999999710000331e+00
4.544173445587583182e-01,1.692453334710833701e+01,2.985268102139153168e+00,1.690682154301984852e+01,1.500016970964679119e+00,1.687356387091992360e+01,2.899999999710000331e+00
4.546173445587574080e-01,1.692453334717390590e+01,2.985152309913625679e+00,1.690682159346406621e+01,1.500016970805353900e+00,1.687356387099671906e+01,2.899999999710000331e+00
4.548173445587564978e-01,1.692453334723924741e+01,2.985036810179193090e+00,1.690682164377987462e+01,1.500016970648139214e+00,1.687356387107325517e+01,2.899999999710000331e+00
4.550173445587555876e-01,1.692453334730451431e+01,2.984921602196747070e+00,1.690682169396777468e+01,1.500016970496850233e+00,1.687356387114968825e+01,2.899999999710000331e+00
4.552173445587546774e-01,1.692453334736958581e+01,2.984806685229896228e+00,1.690682174402799376e+01,1.500016970344763667e+00,1.687356387122589751e+01,2.899999999710000331e+00
4.554173445587537672e-01,1.692453334743440507e+01,2.984692058542893989e+00,1.690682179396083384e+01,1.500016970186452081e+00,1.687356387130181901e+01,2.899999999710000331e+00
4.556173445587528570e-01,1.692453334749918881e+01,2.984577721403168571e+00,1.690682184376677455e+01,1.500016970036907482e+00,1.687356387137769076e+01,2.899999999710000331e+00
4.558173445587519468e-01,1.692453334756364569e+01,2.984463673078513235e+00,1.690682189344589048e+01,1.500016969884186091e+00,1.687356387145320014e+01,2.899999999710000331e+00
4.560173445587510366e-01,1.692453334762806705e+01,2.984349912840210450e+00,1.690682194299878915e+01,1.500016969730826544e+00,1.687356387152864201e+01,2.899999999710000331e+00
4.562173445587501264e-01,1.692453334769217932e+01,2.984236439959719878e+00,1.690682199242552386e+01,1.500016969575432846e+00,1.687356387160376059e+01,2.899999999710000331e+00
4.564173445587492162e-01,1.692453334775623830e+01,2.984123253712405166e+00,1.690682204172662750e+01,1.500016969426890778e+00,1.687356387167878680e+01,2.899999999710000331e+00
4.566173445587483060e-01,1.692453334782015517e+01,2.984010353372755553e+00,1.690682209090240917e+01,1.500016969275194123e+00,1.687356387175364603e+01,2.899999999710000331e+00
4.568173445587473958e-01,1.692453334788387664e+01,2.983897738219413842e+00,1.690682213995308558e+01,1.500016969122129229e+00,1.687356387182828144e+01,2.899999999710000331e+00
4.570173445587464855e-01,1.692453334794752351e+01,2.983785407532408840e+00,1.690682218887910082e+01,1.500016968973420628e+00,1.687356387190281026e+01,2.899999999710000331e+00
4.572173445587455753e-01,1.692453334801087195e+01,2.983673360591915902e+00,1.690682223768057568e+01,1.500016968822685870e+00,1.687356387197701579e+01,2.899999999710000331e+00
4.574173445587446651e-01,1.692453334807414222e+01,2.983561596682162698e+00,1.690682228635800399e+01,1.500016968672976292e+00,1.687356387205112185e+01,2.899999999710000331e+00
4.576173445587437549e-01,1.692453334813727750e+01,2.983450115088329468e+00,1.690682233491169484e+01,1.500016968524128691e+00,1.687356387212506448e+01,2.899999999710000331e+00
4.578173445587428447e-01,1.692453334820023514e+01,2.983338915096720001e+00,1.690682238334192178e+01,1.500016968374864090e+00,1.687356387219879039e+01,2.899999999710000331e+00
4.580173445587419345e-01,1.692453334826295830e+01,2.983227995996284854e+00,1.690682243164888021e+01,1.500016968224263669e+00,1.687356387227227117e+01,2.899999999710000331e+00
4.582173445587410243e-01,1.692453334832555711e+01,2.983117357077553322e+00,1.690682247983305331e+01,1.500016968076508306e+00,1.687356387234559563e+01,2.899999999710000331e+00
4.584173445587401141e-01,1.692453334838786816e+01,2.983006997632769330e+00,1.690682252789456186e+01,1.500016967930550171e+00,1.687356387241859679e+01,2.899999999710000331e+00
4.586173445587392039e-01,1.692453334845016855e+01,2.982896916955208866e+00,1.690682257583403825e+01,1.500016967779188137e+00,1.687356387249156597e+01,2.899999999710000331e+00
4.588173445587382937e-01,1.692453334851235880e+01,2.982787114341513668e+00,1.690682262365164235e+01,1.500016967634334453e+00,1.687356387256440016e+01,2.899999999710000331e+00
4.590173445587373835e-01,1.692453334857422220e+01,2.982677589089101744e+00,1.690682267134751982e+01,1.500016967485751973e+00,1.687356387263687552e+01,2.899999999710000331e+00
4.592173445587364733e-01,1.692453334863620995e+01,2.982568340497732784e+00,1.690682271892235278e+01,1.500016967343578589e+00,1.687356387270945035e+01,2.899999999710000331e+00
4.594173445587355631e-01,1.692453334869780335e+01,2.982459367868213196e+00,1.690682276637604886e+01,1.500016967195750395e+00,1.687356387278160597e+01,2.899999999710000331e+00
4.596173445587346529e-01,1.692453334875939319e+01,2.982350670503388201e+00,1.690682281370920137e+01,1.500016967051783112e+00,1.687356387285373316e+01,2.899999999710000331e+00
4.598173445587337427e-01,1.692453334882074145e+01,2.982242247708281280e+00,1.690682286092197728e+01,1.500016966901543958e+00,1.687356387292559035e+01,2.899999999710000331e+00
4.600173445587328325e-01,1.692453334888189787e+01,2.982134098788405296e+00,1.690682290801462173e+01,1.500016966759595949e+00,1.687356387299722726e+01,2.899999999710000331e+00
4.602173445587319223e-01,1.692453334894291217e+01,2.982026223053001690e+00,1.690682295498759657e+01,1.500016966611529723e+00,1.687356387306869365e+01,2.899999999710000331e+00
4.604173445587310121e-01,1.692453334900392292e+01,2.981918619811561921e+00,1.690682300184126774e+01,1.500016966468568524e+00,1.687356387314013162e+01,2.899999999710000331e+00
4.606173445587301019e-01,1.692453334906464946e+01,2.981811288375553204e+00,1.690682304857567786e+01,1.500016966329787538e+00,1.687356387321125695e+01,2.899999999710000331e+00
4.608173445587291917e-01,1.692453334912519836e+01,2.981704228059165018e+00,1.690682309519131010e+01,1.500016966180830469e+00,1.687356387328218688e+01,2.899999999710000331e+00
4.610173445587282814e-01,1.692453334918552343e+01,2.981597438176893711e+00,1.690682314168832079e+01,1.500016966040251365e+00,1.687356387335285746e+01,2.899999999710000331e+00
4.612173445587273712e-01,1.692453334924582720e+01,2.981490918045848648e+00,1.690682318806725348e+01,1.500016965898164356e+00,1.687356387342348540e+01,2.899999999710000331e+00
4.614173445587264610e-01,1.692453334930585385e+01,2.981384666984967957e+00,1.690682323432820411e+01,1.500016965751963305e+00,1.687356387349381492e+01,2.899999999710000331e+00
4.616173445587255508e-01,1.692453334936600484e+01,2.981278684313545480e+00,1.690682328047179439e+01,1.500016965613472086e+00,1.687356387356422971e+01,2.899999999710000331e+00
4.618173445587246406e-01,1.692453334942580057e+01,2.981172969354488167e+00,1.690682332649787867e+01,1.500016965471467456e+00,1.687356387363427501e+01,2.899999999710000331e+00
4.620173445587237304e-01,1.692453334948541155e+01,2.981067521430813549e+00,1.690682337240693656e+01,1.500016965329026508e+00,1.687356387370410715e+01,2.899999999710000331e+00
4.622173445587228202e-01,1.692453334954498345e+01,2.980962339869065225e+00,1.690682341819941925e+01,1.500016965187578544e+00,1.687356387377386824e+01,2.899999999710000331e+00
4.624173445587219100e-01,1.692453334960434219e+01,2.980857423995466160e+00,1.690682346387543333e+01,1.500016965047118678e+00,1.687356387384339129e+01,2.899999999710000331e+00
4.626173445587209998e-01,1.692453334966354817e+01,2.980752773139481615e+00,1.690682350943534473e+01,1.500016964906223160e+00,1.687356387391274382e+01,2.899999999710000331e+00
4.628173445587200896e-01,1.692453334972262979e+01,2.980648386631243429e+00,1.690682355487944122e+01,1.500016964768513983e+00,1.687356387398194357e+01,2.899999999710000331e+00
4.630173445587191794e-01,1.692453334978159418e+01,2.980544263803507565e+00,1.690682360020809583e+01,1.500016964628330118e+00,1.687356387405100122e+01,2.899999999710000331e+00
4.632173445587182692e-01,1.692453334984035251e+01,2.980440403989851106e+00,1.690682364542145777e+01,1.500016964489878868e+00,1.687356387411982084e+01,2.899999999710000331e+00
4.634173445587173590e-01,1.692453334989895808e+01,2.980336806526033389e+00,1.690682369051990008e+01,1.500016964352059334e+00,1.687356387418846992e+01,2.899999999710000331e+00
4.636173445587164488e-01,1.692453334995735759e+01,2.980233470749777958e+00,1.690682373550365369e+01,1.500016964211495329e+00,1.687356387425688453e+01,2.899999999710000331e+00
4.638173445587155386e-01,1.692453335001564696e+01,2.980130395999020632e+00,1.690682378037314137e+01,1.500016964072271586e+00,1.687356387432516058e+01,2.899999999710000331e+00
4.640173445587146284e-01,1.692453335007377646e+01,2.980027581614547394e+00,1.690682382512851945e+01,1.500016963936910308e+00,1.687356387439324834e+01,2.899999999710000331e+00
4.642173445587137182e-01,1.692453335013184912e+01,2.979925026939769683e+00,1.690682386977030305e+01,1.500016963796243274e+00,1.687356387446126504e+01,2.899999999710000331e+00
4.644173445587128080e-01,1.692453335018977612e+01,2.979822731318343187e+00,1.690682391429858100e+01,1.500016963661328084e+00,1.687356387452910411e+01,2.899999999710000331e+00
4.646173445587118978e-01,1.692453335024758587e+01,2.979720694095544520e+00,1.690682395871375832e+01,1.500016963524426483e+00,1.687356387459680462e+01,2.899999999710000331e+00
4.648173445587109875e-01,1.692453335030516115e+01,2.979618914618404002e+00,1.690682400301592381e+01,1.500016963388518754e+00,1.687356387466424934e+01,2.899999999710000331e+00
4.650173445587100773e-01,1.692453335036262985e+01,2.979517392236366913e+00,1.690682404720554999e+01,1.500016963253601343e+00,1.687356387473154840e+01,2.899999999710000331e+00
4.652173445587091671e-01,1.692453335041996354e+01,2.979416126299547773e+00,1.690682409128288555e+01,1.500016963118285140e+00,1.687356387479869824e+01,2.899999999710000331e+00
4.654173445587082569e-01,1.692453335047706631e+01,2.979315116160480503e+00,1.690682413524812588e+01,1.500016962983551583e+00,1.687356387486559584e+01,2.899999999710000331e+00
4.656173445587073467e-01,1.692453335053401631e+01,2.979214361172933145e+00,1.690682417910161917e+01,1.500016962848599311e+00,1.687356387493230869e+01,2.899999999710000331e+00
4.658173445587064365e-01,1.692453335059093789e+01,2.979113860692500282e+00,1.690682422284380948e+01,1.500016962712095836e+00,1.687356387499897536e+01,2.899999999710000331e+00
4.660173445587055263e-01,1.692453335064763209e+01,2.979013614076386762e+00,1.690682426647473946e+01,1.500016962577753077e+00,1.687356387506537558e+01,2.899999999710000331e+00
4.662173445587046161e-01,1.692453335070422682e+01,2.978913620683223851e+00,1.690682430999483188e+01,1.500016962444243429e+00,1.687356387513166567e+01,2.899999999710000331e+00
4.664173445587037059e-01,1.692453335076069010e+01,2.978813879873225101e+00,1.690682435340436385e+01,1.500016962310642299e+00,1.687356387519779943e+01,2.899999999710000331e+00
4.666173445587027957e-01,1.692453335081683363e+01,2.978714391008229878e+00,1.690682439670338510e+01,1.500016962176472513e+00,1.687356387526357437e+01,2.899999999710000331e+00
4.668173445587018855e-01,1.692453335087297361e+01,2.978615153451606989e+00,1.690682443989256001e+01,1.500016962041355706e+00,1.687356387532933155e+01,2.899999999710000331e+00
4.670173445587009753e-01,1.692453335092906741e+01,2.978516166569730839e+00,1.690682448297203422e+01,1.500016961912905122e+00,1.687356387539501767e+01,2.899999999710000331e+00
4.672173445587000651e-01,1.692453335098490896e+01,2.978417429728562382e+00,1.690682452594197471e+01,1.500016961779488511e+00,1.687356387546043734e+01,2.899999999710000331e+00
4.674173445586991549e-01,1.692453335104065815e+01,2.978318942296290128e+00,1.690682456880273321e+01,1.500016961648412694e+00,1.687356387552572556e+01,2.899999999710000331e+00
4.676173445586982447e-01,1.692453335109630785e+01,2.978220703643267964e+00,1.690682461155465433e+01,1.500016961516271508e+00,1.687356387559089654e+01,2.899999999710000331e+00
4.678173445586973345e-01,1.692453335115162361e+01,2.978122713140763711e+00,1.690682465419778779e+01,1.500016961383274339e+00,1.687356387565570515e+01,2.899999999710000331e+00
4.680173445586964243e-01,1.692453335120703528e+01,2.978024970161892160e+00,1.690682469673273758e+01,1.500016961257185644e+00,1.687356387572059546e+01,2.899999999710000331e+00
4.682173445586955141e-01,1.692453335126217340e+01,2.977927474082604054e+00,1.690682473915952855e+01,1.500016961124111203e+00,1.687356387578518380e+01,2.899999999710000331e+00
4.684173445586946039e-01,1.692453335131715875e+01,2.977830224277844273e+00,1.690682478147850532e+01,1.500016960993067139e+00,1.687356387584959094e+01,2.899999999710000331e+00
4.686173445586936936e-01,1.692453335137204817e+01,2.977733220126303593e+00,1.690682482368999473e+01,1.500016960862179394e+00,1.687356387591388795e+01,2.899999999710000331e+00
4.688173445586927834e-01,1.692453335142683812e+01,2.977636461005895185e+00,1.690682486579427746e+01,1.500016960733503435e+00,1.687356387597805352e+01,2.899999999710000331e+00
4.690173445586918732e-01,1.692453335148142912e+01,2.977539946301393403e+00,1.690682490779153468e+01,1.500016960603699490e+00,1.687356387604199881e+01,2.899999999710000331e+00
4.692173445586909630e-01,1.692453335153588867e+01,2.977443675392363431e+00,1.690682494968206839e+01,1.500016960478130601e+00,1.687356387610578778e+01,2.899999999710000331e+00
4.694173445586900528e-01,1.692453335159024874e+01,2.977347647663349139e+00,1.690682499146625872e+01,1.500016960344349171e+00,1.687356387616945241e+01,2.899999999710000331e+00
4.696173445586891426e-01,1.692453335164432104e+01,2.977251862500296831e+00,1.690682503314410923e+01,1.500016960218399698e+00,1.687356387623281151e+01,2.899999999710000331e+00
4.698173445586882324e-01,1.692453335169838624e+01,2.977156319291043740e+00,1.690682507471622031e+01,1.500016960088378593e+00,1.687356387629613153e+01,2.899999999710000331e+00
4.700173445586873222e-01,1.692453335175225959e+01,2.977061017422495404e+00,1.690682511618264883e+01,1.500016959964571184e+00,1.687356387635924548e+01,2.899999999710000331e+00
4.702173445586864120e-01,1.692453335180619689e+01,2.976965956286364179e+00,1.690682515754395254e+01,1.500016959836732777e+00,1.687356387642239852e+01,2.899999999710000331e+00
4.704173445586855018e-01,1.692453335185987839e+01,2.976871135275656943e+00,1.690682519880006041e+01,1.500016959711228282e+00,1.687356387648526379e+01,2.899999999710000331e+00
4.706173445586845916e-01,1.692453335191319397e+01,2.976776553781152135e+00,1.690682523995113229e+01,1.500016959581602638e+00,1.687356387654774892e+01,2.899999999710000331e+00
4.708173445586836814e-01,1.692453335196672626e+01,2.976682211200703421e+00,1.690682528099800308e+01,1.500016959458795096e+00,1.687356387661041879e+01,2.899999999710000331e+00
4.710173445586827712e-01,1.692453335201986775e+01,2.976588106929263233e+00,1.690682532194038501e+01,1.500016959328537514e+00,1.687356387667268365e+01,2.899999999710000331e+00
4.712173445586818610e-01,1.692453335207308385e+01,2.976494240365200383e+00,1.690682536277893533e+01,1.500016959205787037e+00,1.687356387673499825e+01,2.899999999710000331e+00
4.714173445586809508e-01,1.692453335212591981e+01,2.976400610907555144e+00,1.690682540351351193e+01,1.500016959077981937e+00,1.687356387679690428e+01,2.899999999710000331e+00
4.716173445586800406e-01,1.692453335217887300e+01,2.976307217957908424e+00,1.690682544414485378e+01,1.500016958955887825e+00,1.687356387685890979e+01,2.899999999710000331e+00
4.718173445586791304e-01,1.692453335223152422e+01,2.976214060918880744e+00,1.690682548467279744e+01,1.500016958832709024e+00,1.687356387692058846e+01,2.899999999710000331e+00
4.720173445586782202e-01,1.692453335228417188e+01,2.976121139194486176e+00,1.690682552509799308e+01,1.500016958707738768e+00,1.687356387698224580e+01,2.899999999710000331e+00
4.722173445586773100e-01,1.692453335233666678e+01,2.976028452190525364e+00,1.690682556542046200e+01,1.500016958580708604e+00,1.687356387704372551e+01,2.899999999710000331e+00
4.724173445586763997e-01,1.692453335238888101e+01,2.975935999313650715e+00,1.690682560564034986e+01,1.500016958456715344e+00,1.687356387710489614e+01,2.899999999710000331e+00
4.726173445586754895e-01,1.692453335244110235e+01,2.975843779973127656e+00,1.690682564575822155e+01,1.500016958335013362e+00,1.687356387716605610e+01,2.899999999710000331e+00
4.728173445586745793e-01,1.692453335249301105e+01,2.975751793577977811e+00,1.690682568577400247e+01,1.500016958212124552e+00,1.687356387722688211e+01,2.899999999710000331e+00
4.730173445586736691e-01,1.692453335254500502e+01,2.975660039540608981e+00,1.690682572568837472e+01,1.500016958089098074e+00,1.687356387728776852e+01,2.899999999710000331e+00
4.732173445586727589e-01,1.692453335259673253e+01,2.975568517273745606e+00,1.690682576550122462e+01,1.500016957965498943e+00,1.687356387734836360e+01,2.899999999710000331e+00
4.734173445586718487e-01,1.692453335264833569e+01,2.975477226191832525e+00,1.690682580521298561e+01,1.500016957842019494e+00,1.687356387740880947e+01,2.899999999710000331e+00
4.736173445586709385e-01,1.692453335269989978e+01,2.975386165711796593e+00,1.690682584482394546e+01,1.500016957720825772e+00,1.687356387746919850e+01,2.899999999710000331e+00
4.738173445586700283e-01,1.692453335275131110e+01,2.975295335250217388e+00,1.690682588433427114e+01,1.500016957600377898e+00,1.687356387752941345e+01,2.899999999710000331e+00
4.740173445586691181e-01,1.692453335280253057e+01,2.975204734225851855e+00,1.690682592374422910e+01,1.500016957478917501e+00,1.687356387758941878e+01,2.899999999710000331e+00
4.742173445586682079e-01,1.692453335285369320e+01,2.975114362060494955e+00,1.690682596305413199e+01,1.500016957358262015e+00,1.687356387764933530e+01,2.899999999710000331e+00
4.744173445586672977e-01,1.692453335290471372e+01,2.975024218174109336e+00,1.690682600226420362e+01,1.500016957240407622e+00,1.687356387770909549e+01,2.899999999710000331e+00
4.746173445586663875e-01,1.692453335295567740e+01,2.974934301991773999e+00,1.690682604137478151e+01,1.500016957117844330e+00,1.687356387776877398e+01,2.899999999710000331e+00
4.748173445586654773e-01,1.692453335300626804e+01,2.974844612936955901e+00,1.690682608038575552e+01,1.500016956997972883e+00,1.687356387782805811e+01,2.899999999710000331e+00
4.750173445586645671e-01,1.692453335305690842e+01,2.974755150437269791e+00,1.690682611929788237e+01,1.500016956877134433e+00,1.687356387788736356e+01,2.899999999710000331e+00
4.752173445586636569e-01,1.692453335310748130e+01,2.974665913920047089e+00,1.690682615811121536e+01,1.500016956758004172e+00,1.687356387794658019e+01,2.899999999710000331e+00
4.754173445586627467e-01,1.692453335315780905e+01,2.974576902813901302e+00,1.690682619682584686e+01,1.500016956642856947e+00,1.687356387800554103e+01,2.899999999710000331e+00
4.756173445586618365e-01,1.692453335320797692e+01,2.974488116549755201e+00,1.690682623544216767e+01,1.500016956520087819e+00,1.687356387806430646e+01,2.899999999710000331e+00
4.758173445586609263e-01,1.692453335325808439e+01,2.974399554559453929e+00,1.690682627396048332e+01,1.500016956401938550e+00,1.687356387812300085e+01,2.899999999710000331e+00
4.760173445586600161e-01,1.692453335330802489e+01,2.974311216276935177e+00,1.690682631238095723e+01,1.500016956281628788e+00,1.687356387818150694e+01,2.899999999710000331e+00
4.762173445586591058e-01,1.692453335335782683e+01,2.974223101136531433e+00,1.690682635070380968e+01,1.500016956165778570e+00,1.687356387823984605e+01,2.899999999710000331e+00
4.764173445586581956e-01,1.692453335340759679e+01,2.974135208575190426e+00,1.690682638892947764e+01,1.500016956048821015e+00,1.687356387829813542e+01,2.899999999710000331e+00
4.766173445586572854e-01,1.692453335345735965e+01,2.974047538030752502e+00,1.690682642705817429e+01,1.500016955934166063e+00,1.687356387835639282e+01,2.899999999710000331e+00
4.768173445586563752e-01,1.692453335350667132e+01,2.973960088941381308e+00,1.690682646508974329e+01,1.500016955815305142e+00,1.687356387841418126e+01,2.899999999710000331e+00
4.770173445586554650e-01,1.692453335355602917e+01,2.973872860748031588e+00,1.690682650302490231e+01,1.500016955697847987e+00,1.687356387847198746e+01,2.899999999710000331e+00
4.772173445586545548e-01,1.692453335360527689e+01,2.973785852893627180e+00,1.690682654086375436e+01,1.500016955581682909e+00,1.687356387852967643e+01,2.899999999710000331e+00
4.774173445586536446e-01,1.692453335365430434e+01,2.973699064821198057e+00,1.690682657860644511e+01,1.500016955463708390e+00,1.687356387858710605e+01,2.899999999710000331e+00
4.776173445586527344e-01,1.692453335370335665e+01,2.973612495975127779e+00,1.690682661625342220e+01,1.500016955351679782e+00,1.687356387864455343e+01,2.899999999710000331e+00
4.778173445586518242e-01,1.692453335375228818e+01,2.973526145801844933e+00,1.690682665380482064e+01,1.500016955236426641e+00,1.687356387870185159e+01,2.899999999710000331e+00
4.780173445586509140e-01,1.692453335380097457e+01,2.973440013748676058e+00,1.690682669126075055e+01,1.500016955120883511e+00,1.687356387875888331e+01,2.899999999710000331e+00
4.782173445586500038e-01,1.692453335384957924e+01,2.973354099265435035e+00,1.690682672862165603e+01,1.500016955003481200e+00,1.687356387881581909e+01,2.899999999710000331e+00
4.784173445586490936e-01,1.692453335389808089e+01,2.973268401801853589e+00,1.690682676588767919e+01,1.500016954889749066e+00,1.687356387887261988e+01,2.899999999710000331e+00
4.786173445586481834e-01,1.692453335394642622e+01,2.973182920810308438e+00,1.690682680305903318e+01,1.500016954777538825e+00,1.687356387892925724e+01,2.899999999710000331e+00
4.788173445586472732e-01,1.692453335399462588e+01,2.973097655743440093e+00,1.690682684013605197e+01,1.500016954662384716e+00,1.687356387898570986e+01,2.899999999710000331e+00
4.790173445586463630e-01,1.692453335404277226e+01,2.973012606056571805e+00,1.690682687711897358e+01,1.500016954548126558e+00,1.687356387904210209e+01,2.899999999710000331e+00
4.792173445586454528e-01,1.692453335409069126e+01,2.972927771204597835e+00,1.690682691400789750e+01,1.500016954432979555e+00,1.687356387909824207e+01,2.899999999710000331e+00
4.794173445586445426e-01,1.692453335413861382e+01,2.972843150645412269e+00,1.690682695080327846e+01,1.500016954322489715e+00,1.687356387915436784e+01,2.899999999710000331e+00
4.796173445586436324e-01,1.692453335418628058e+01,2.972758743838141982e+00,1.690682698750509161e+01,1.500016954210097175e+00,1.687356387921021650e+01,2.899999999710000331e+00
4.798173445586427222e-01,1.692453335423390115e+01,2.972674550242011993e+00,1.690682702411384852e+01,1.500016954094027799e+00,1.687356387926599410e+01,2.899999999710000331e+00
4.800173445586418119e-01,1.692453335428142935e+01,2.972590569318785736e+00,1.690682706062966290e+01,1.500016953983940082e+00,1.687356387932165802e+01,2.899999999710000331e+00
4.802173445586409017e-01,1.692453335432878347e+01,2.972506800531479865e+00,1.690682709705273368e+01,1.500016953871005754e+00,1.687356387937713009e+01,2.899999999710000331e+00
4.804173445586399915e-01,1.692453335437607009e+01,2.972423243344173738e+00,1.690682713338336640e+01,1.500016953758011473e+00,1.687356387943251690e+01,2.899999999710000331e+00
4.806173445586390813e-01,1.692453335442331408e+01,2.972339897222704419e+00,1.690682716962185239e+01,1.500016953649578877e+00,1.687356387948784331e+01,2.899999999710000331e+00
4.808173445586381711e-01,1.692453335447022056e+01,2.972256761632661615e+00,1.690682720576812414e+01,1.500016953537328002e+00,1.687356387954280379e+01,2.899999999710000331e+00
4.810173445586372609e-01,1.692453335451722296e+01,2.972173836043399575e+00,1.690682724182283891e+01,1.500016953429016198e+00,1.687356387959784598e+01,2.899999999710000331e+00
4.812173445586363507e-01,1.692453335456396601e+01,2.972091119923542024e+00,1.690682727778595051e+01,1.500016953315198132e+00,1.687356387965260751e+01,2.899999999710000331e+00
4.814173445586354405e-01,1.692453335461072683e+01,2.972008612745393297e+00,1.690682731365784974e+01,1.500016953205016490e+00,1.687356387970736193e+01,2.899999999710000331e+00
4.816173445586345303e-01,1.692453335465728870e+01,2.971926313980000955e+00,1.690682734943862897e+01,1.500016953094346794e+00,1.687356387976189964e+01,2.899999999710000331e+00
4.818173445586336201e-01,1.692453335470371556e+01,2.971844223100921667e+00,1.690682738512851557e+01,1.500016952987151653e+00,1.687356387981628103e+01,2.899999999710000331e+00
4.820173445586327099e-01,1.692453335475003584e+01,2.971762339583594148e+00,1.690682742072783995e+01,1.500016952878558296e+00,1.687356387987054163e+01,2.899999999710000331e+00
4.822173445586317997e-01,1.692453335479620335e+01,2.971680662903675163e+00,1.690682745623678684e+01,1.500016952768289835e+00,1.687356387992462103e+01,2.899999999710000331e+00
4.824173445586308895e-01,1.692453335484238508e+01,2.971599192539194245e+00,1.690682749165570797e+01,1.500016952661704428e+00,1.687356387997870399e+01,2.899999999710000331e+00
4.826173445586299793e-01,1.692453335488812627e+01,2.971517927968820860e+00,1.690682752698442215e+01,1.500016952550666804e+00,1.687356388003232155e+01,2.899999999710000331e+00
4.828173445586290691e-01,1.692453335493403443e+01,2.971436868672060694e+00,1.690682756222372518e+01,1.500016952442195128e+00,1.687356388008607766e+01,2.899999999710000331e+00
4.830173445586281589e-01,1.692453335497969746e+01,2.971356014132550794e+00,1.690682759737346785e+01,1.500016952333209641e+00,1.687356388013958153e+01,2.899999999710000331e+00
4.832173445586272487e-01,1.692453335502541023e+01,2.971275363830368832e+00,1.690682763243413689e+01,1.500016952227688716e+00,1.687356388019310671e+01,2.899999999710000331e+00
4.834173445586263385e-01,1.692453335507098089e+01,2.971194917249873946e+00,1.690682766740578913e+01,1.500016952119029190e+00,1.687356388024647558e+01,2.899999999710000331e+00
4.836173445586254283e-01,1.692453335511636325e+01,2.971114673879461154e+00,1.690682770228860932e+01,1.500016952014256777e+00,1.687356388029963838e+01,2.899999999710000331e+00
4.838173445586245180e-01,1.692453335516162483e+01,2.971034633204119757e+00,1.690682773708291364e+01,1.500016951902351181e+00,1.687356388035265908e+01,2.899999999710000331e+00
4.840173445586236078e-01,1.692453335520683666e+01,2.970954794711161639e+00,1.690682777178893303e+01,1.500016951799402642e+00,1.687356388040560162e+01,2.899999999710000331e+00
4.842173445586226976e-01,1.692453335525178204e+01,2.970875157888179352e+00,1.690682780640672078e+01,1.500016951691444111e+00,1.687356388045826705e+01,2.899999999710000331e+00
4.844173445586217874e-01,1.692453335529680203e+01,2.970795722228323665e+00,1.690682784093684177e+01,1.500016951585604108e+00,1.687356388051098577e+01,2.899999999710000331e+00
4.846173445586208772e-01,1.692453335534164438e+01,2.970716487223702185e+00,1.690682787537923915e+01,1.500016951481052851e+00,1.687356388056350553e+01,2.899999999710000331e+00
4.848173445586199670e-01,1.692453335538625936e+01,2.970637452366095221e+00,1.690682790973414029e+01,1.500016951373121410e+00,1.687356388061578016e+01,2.899999999710000331e+00
4.850173445586190568e-01,1.692453335543095960e+01,2.970558617151143999e+00,1.690682794400202837e+01,1.500016951268941190e+00,1.687356388066812229e+01,2.899999999710000331e+00
4.852173445586181466e-01,1.692453335547533300e+01,2.970479981073211651e+00,1.690682797818273286e+01,1.500016951160763501e+00,1.687356388072011626e+01,2.899999999710000331e+00
4.854173445586172364e-01,1.692453335551982363e+01,2.970401543630218910e+00,1.690682801227693588e+01,1.500016951059432113e+00,1.687356388077220970e+01,2.899999999710000331e+00
4.856173445586163262e-01,1.692453335556407978e+01,2.970323304320146907e+00,1.690682804628448110e+01,1.500016950954211836e+00,1.687356388082404735e+01,2.899999999710000331e+00
4.858173445586154160e-01,1.692453335560815120e+01,2.970245262642114970e+00,1.690682808020562788e+01,1.500016950849825115e+00,1.687356388087568604e+01,2.899999999710000331e+00
4.860173445586145058e-01,1.692453335565216932e+01,2.970167418097637846e+00,1.690682811404076347e+01,1.500016950746402733e+00,1.687356388092724657e+01,2.899999999710000331e+00
4.862173445586135956e-01,1.692453335569603468e+01,2.970089770188257372e+00,1.690682814779000864e+01,1.500016950640005842e+00,1.687356388097864013e+01,2.899999999710000331e+00
4.864173445586126854e-01,1.692453335573985029e+01,2.970012318417871722e+00,1.690682818145363342e+01,1.500016950539565075e+00,1.687356388102995552e+01,2.899999999710000331e+00
4.866173445586117752e-01,1.692453335578356644e+01,2.969935062289847494e+00,1.690682821503185096e+01,1.500016950434626128e+00,1.687356388108115723e+01,2.899999999710000331e+00
4.868173445586108650e-01,1.692453335582705876e+01,2.969858001311314055e+00,1.690682824852475719e+01,1.500016950331353405e+00,1.687356388113212091e+01,2.899999999710000331e+00
4.870173445586099548e-01,1.692453335587065055e+01,2.969781134988907834e+00,1.690682828193286014e+01,1.500016950231628732e+00,1.687356388118316275e+01,2.899999999710000331e+00
4.872173445586090446e-01,1.692453335591401142e+01,2.969704462830616620e+00,1.690682831525607810e+01,1.500016950127727400e+00,1.687356388123395945e+01,2.899999999710000331e+00
4.874173445586081344e-01,1.692453335595725861e+01,2.969627984346222327e+00,1.690682834849475213e+01,1.500016950023632667e+00,1.687356388128461759e+01,2.899999999710000331e+00
4.876173445586072241e-01,1.692453335600043829e+01,2.969551699045844373e+00,1.690682838164909185e+01,1.500016949921988196e+00,1.687356388133518692e+01,2.899999999710000331e+00
4.878173445586063139e-01,1.692453335604340836e+01,2.969475606442305793e+00,1.690682841471919318e+01,1.500016949821509682e+00,1.687356388138553243e+01,2.899999999710000331e+00
4.880173445586054037e-01,1.692453335608639264e+01,2.969399706049258292e+00,1.690682844770552151e+01,1.500016949718151693e+00,1.687356388143587083e+01,2.899999999710000331e+00
4.882173445586044935e-01,1.692453335612930232e+01,2.969323997380367341e+00,1.690682848060817633e+01,1.500016949618447670e+00,1.687356388148611330e+01,2.899999999710000331e+00
4.884173445586035833e-01,1.692453335617194909e+01,2.969248479950842956e+00,1.690682851342716830e+01,1.500016949519418441e+00,1.687356388153608933e+01,2.899999999710000331e+00
4.886173445586026731e-01,1.692453335621465271e+01,2.969173153278825694e+00,1.690682854616305875e+01,1.500016949419439749e+00,1.687356388158609022e+01,2.899999999710000331e+00
4.888173445586017629e-01,1.692453335625704014e+01,2.969098016881918323e+00,1.690682857881568779e+01,1.500016949319778581e+00,1.687356388163575716e+01,2.899999999710000331e+00
4.890173445586008527e-01,1.692453335629949507e+01,2.969023070279270371e+00,1.690682861138563453e+01,1.500016949219034279e+00,1.687356388168547738e+01,2.899999999710000331e+00
4.892173445585999425e-01,1.692453335634176170e+01,2.968948312991640304e+00,1.690682864387286344e+01,1.500016949117900955e+00,1.687356388173498445e+01,2.899999999710000331e+00
4.894173445585990323e-01,1.692453335638403544e+01,2.968873744541261406e+00,1.690682867627777597e+01,1.500016949020026802e+00,1.687356388178448796e+01,2.899999999710000331e+00
4.896173445585981221e-01,1.692453335642600720e+01,2.968799364450081857e+00,1.690682870860025488e+01,1.500016948920569249e+00,1.687356388183367173e+01,2.899999999710000331e+00
4.898173445585972119e-01,1.692453335646801094e+01,2.968725172243301902e+00,1.690682874084089349e+01,1.500016948818273743e+00,1.687356388188285905e+01,2.899999999710000331e+00
4.900173445585963017e-01,1.692453335650979085e+01,2.968651167445957917e+00,1.690682877299959230e+01,1.500016948721297982e+00,1.687356388193180834e+01,2.899999999710000331e+00
4.902173445585953915e-01,1.692453335655152458e+01,2.968577349584923919e+00,1.690682880507676700e+01,1.500016948620838342e+00,1.687356388198070434e+01,2.899999999710000331e+00
4.904173445585944813e-01,1.692453335659317304e+01,2.968503718187960327e+00,1.690682883707255968e+01,1.500016948522918669e+00,1.687356388202949020e+01,2.899999999710000331e+00
4.906173445585935711e-01,1.692453335663470071e+01,2.968430272783076251e+00,1.690682886898715154e+01,1.500016948427310481e+00,1.687356388207813751e+01,2.899999999710000331e+00
4.908173445585926609e-01,1.692453335667620706e+01,2.968357012902016479e+00,1.690682890082088008e+01,1.500016948327942412e+00,1.687356388212673863e+01,2.899999999710000331e+00
4.910173445585917507e-01,1.692453335671753223e+01,2.968283938074933737e+00,1.690682893257374531e+01,1.500016948231062575e+00,1.687356388217515146e+01,2.899999999710000331e+00
4.912173445585908405e-01,1.692453335675875437e+01,2.968211047834785177e+00,1.690682896424609893e+01,1.500016948130514560e+00,1.687356388222342929e+01,2.899999999710000331e+00
4.914173445585899302e-01,1.692453335679979531e+01,2.968138341715079953e+00,1.690682899583795873e+01,1.500016948036570374e+00,1.687356388227151882e+01,2.899999999710000331e+00
4.916173445585890200e-01,1.692453335684085403e+01,2.968065819251480164e+00,1.690682902734985049e+01,1.500016947936515743e+00,1.687356388231960835e+01,2.899999999710000331e+00
4.918173445585881098e-01,1.692453335688189142e+01,2.967993479979091909e+00,1.690682905878182751e+01,1.500016947843216819e+00,1.687356388236765525e+01,2.899999999710000331e+00
4.920173445585871996e-01,1.692453335692263394e+01,2.967921323436053971e+00,1.690682909013390400e+01,1.500016947746234175e+00,1.687356388241538951e+01,2.899999999710000331e+00
4.922173445585862894e-01,1.692453335696348304e+01,2.967849349160565531e+00,1.690682912140663063e+01,1.500016947651970467e+00,1.687356388246321259e+01,2.899999999710000331e+00
4.924173445585853792e-01,1.692453335700399464e+01,2.967777556691649110e+00,1.690682915259980845e+01,1.500016947555299796e+00,1.687356388251068040e+01,2.899999999710000331e+00
4.926173445585844690e-01,1.692453335704445649e+01,2.967705945570525028e+00,1.690682918371389931e+01,1.500016947458475025e+00,1.687356388255808426e+01,2.899999999710000331e+00
4.928173445585835588e-01,1.692453335708491835e+01,2.967634515339078849e+00,1.690682921474915190e+01,1.500016947364419373e+00,1.687356388260547035e+01,2.899999999710000331e+00
4.930173445585826486e-01,1.692453335712517060e+01,2.967563265539979067e+00,1.690682924570556267e+01,1.500016947267791112e+00,1.687356388265262552e+01,2.899999999710000331e+00
4.932173445585817384e-01,1.692453335716542639e+01,2.967492195717868597e+00,1.690682927658357926e+01,1.500016947173619553e+00,1.687356388269977003e+01,2.899999999710000331e+00
4.934173445585808282e-01,1.692453335720546548e+01,2.967421305418212807e+00,1.690682930738313061e+01,1.500016947078264273e+00,1.687356388274667651e+01,2.899999999710000331e+00
4.936173445585799180e-01,1.692453335724545838e+01,2.967350594187553536e+00,1.690682933810460042e+01,1.500016946984300326e+00,1.687356388279352259e+01,2.899999999710000331e+00
4.938173445585790078e-01,1.692453335728540154e+01,2.967280061573351890e+00,1.690682936874818054e+01,1.500016946891800318e+00,1.687356388284030473e+01,2.899999999710000331e+00
4.940173445585780976e-01,1.692453335732504272e+01,2.967209707124137008e+00,1.690682939931384610e+01,1.500016946795121431e+00,1.687356388288676357e+01,2.899999999710000331e+00
4.942173445585771874e-01,1.692453335736475850e+01,2.967139530390679791e+00,1.690682942980217973e+01,1.500016946701180132e+00,1.687356388293327925e+01,2.899999999710000331e+00
4.944173445585762772e-01,1.692453335740435705e+01,2.967069530923322596e+00,1.690682946021310329e+01,1.500016946608308421e+00,1.687356388297966348e+01,2.899999999710000331e+00
4.946173445585753670e-01,1.692453335744389520e+01,2.966999708274663750e+00,1.690682949054694362e+01,1.500016946516011140e+00,1.687356388302597310e+01,2.899999999710000331e+00
4.948173445585744568e-01,1.692453335748322729e+01,2.966930061998163559e+00,1.690682952080375046e+01,1.500016946423521125e+00,1.687356388307205535e+01,2.899999999710000331e+00
4.950173445585735466e-01,1.692453335752246701e+01,2.966860591647145995e+00,1.690682955098381157e+01,1.500016946328467604e+00,1.687356388311802036e+01,2.899999999710000331e+00
4.952173445585726363e-01,1.692453335756170674e+01,2.966791296779732523e+00,1.690682958108740053e+01,1.500016946238891924e+00,1.687356388316398181e+01,2.899999999710000331e+00
4.954173445585717261e-01,1.692453335760081501e+01,2.966722176950478573e+00,1.690682961111462745e+01,1.500016946144070662e+00,1.687356388320978695e+01,2.899999999710000331e+00
4.956173445585708159e-01,1.692453335763991973e+01,2.966653231717116146e+00,1.690682964106574815e+01,1.500016946056467848e+00,1.687356388325557077e+01,2.899999999710000331e+00
4.958173445585699057e-01,1.692453335767875089e+01,2.966584460638785448e+00,1.690682967094074485e+01,1.500016945964697035e+00,1.687356388330106682e+01,2.899999999710000331e+00
4.960173445585689955e-01,1.692453335771753586e+01,2.966515863276523834e+00,1.690682970074003677e+01,1.500016945870732865e+00,1.687356388334650248e+01,2.899999999710000331e+00
4.962173445585680853e-01,1.692453335775624268e+01,2.966447439191117752e+00,1.690682973046375892e+01,1.500016945780878741e+00,1.687356388339183511e+01,2.899999999710000331e+00
4.964173445585671751e-01,1.692453335779488199e+01,2.966379187945150431e+00,1.690682976011212801e+01,1.500016945688358083e+00,1.687356388343709668e+01,2.899999999710000331e+00
4.966173445585662649e-01,1.692453335783335433e+01,2.966311109102635069e+00,1.690682978968522576e+01,1.500016945595816553e+00,1.687356388348216285e+01,2.899999999710000331e+00
4.968173445585653547e-01,1.692453335787179469e+01,2.966243202226980902e+00,1.690682981918336480e+01,1.500016945504472732e+00,1.687356388352718284e+01,2.899999999710000331e+00
4.970173445585644445e-01,1.692453335791007163e+01,2.966175466883614664e+00,1.690682984860661264e+01,1.500016945416976499e+00,1.687356388357202874e+01,2.899999999710000331e+00
4.972173445585635343e-01,1.692453335794827041e+01,2.966107902640070293e+00,1.690682987795528547e+01,1.500016945324683659e+00,1.687356388361677517e+01,2.899999999710000331e+00
4.974173445585626241e-01,1.692453335798636616e+01,2.966040509063705422e+00,1.690682990722948276e+01,1.500016945236901211e+00,1.687356388366139726e+01,2.899999999710000331e+00
4.976173445585617139e-01,1.692453335802451519e+01,2.965973285723293884e+00,1.690682993642962728e+01,1.500016945145123515e+00,1.687356388370606197e+01,2.899999999710000331e+00
4.978173445585608037e-01,1.692453335806236225e+01,2.965906232189200242e+00,1.690682996555545969e+01,1.500016945059014173e+00,1.687356388375040694e+01,2.899999999710000331e+00
4.980173445585598935e-01,1.692453335810018800e+01,2.965839348031986678e+00,1.690682999460754843e+01,1.500016944967483390e+00,1.687356388379471639e+01,2.899999999710000331e+00
4.982173445585589833e-01,1.692453335813788584e+01,2.965772632824414057e+00,1.690683002358589704e+01,1.500016944879979164e+00,1.687356388383888373e+01,2.899999999710000331e+00
4.984173445585580731e-01,1.692453335817547355e+01,2.965706086138875097e+00,1.690683005249075421e+01,1.500016944790322437e+00,1.687356388388292316e+01,2.899999999710000331e+00
4.986173445585571629e-01,1.692453335821305060e+01,2.965639707550679294e+00,1.690683008132238641e+01,1.500016944701940025e+00,1.687356388392692352e+01,2.899999999710000331e+00
4.988173445585562527e-01,1.692453335825052463e+01,2.965573496634597905e+00,1.690683011008088954e+01,1.500016944611379577e+00,1.687356388397081375e+01,2.899999999710000331e+00
4.990173445585553424e-01,1.692453335828784589e+01,2.965507452967283353e+00,1.690683013876638441e+01,1.500016944525462970e+00,1.687356388401454410e+01,2.899999999710000331e+00
4.992173445585544322e-01,1.692453335832512806e+01,2.965441576126290890e+00,1.690683016737919786e+01,1.500016944438869793e+00,1.687356388405820695e+01,2.899999999710000331e+00
4.994173445585535220e-01,1.692453335836226458e+01,2.965375865690195401e+00,1.690683019591941516e+01,1.500016944348554926e+00,1.687356388410170993e+01,2.899999999710000331e+00
4.996173445585526118e-01,1.692453335839931938e+01,2.965310321238249447e+00,1.690683022438726368e+01,1.500016944260185170e+00,1.687356388414512054e+01,2.899999999710000331e+00
4.998173445585517016e-01,1.692453335843633511e+01,2.965244942352147639e+00,1.690683025278297080e+01,1.500016944173492295e+00,1.687356388418847430e+01,2.899999999710000331e+00
5.000000000000000000e-01,1.692453335847001838e+01,2.965185377600195071e+00,1.690683027865315680e+01,1.500016944094475946e+00,1.687356388422792364e+01,2.899999999710000331e+00
