2026-09-27 10:59:07.215 INFO   Freerouting v2.1.0 (build-date: 2025-04-12)
2026-09-27 10:59:15.329 WARN   No default constructor found for field: currentLocale
2026-09-27 10:59:15.330 INFO   Settings were loaded from freerouting.json
2026-09-27 10:59:17.307 INFO   New version available: v2.4.1
2026-09-27 10:59:17.343 INFO   [EA44D1\9AD6B4] Job 'EA44D1\9AD6B4' started at 2026-09-27T08:59:17.342712800Z
2026-09-27 10:59:21.812 INFO   [EA44D1\9AD6B4] Auto-router pass #1 on board 'e0965d58e8838a9844a4af7c717db6f0' was completed in 4,26 seconds with the score of 939,18 (14 unrouted), using 9,58 CPU seconds and 1952 MB memory.
2026-09-27 10:59:22.963 INFO   [EA44D1\9AD6B4] Auto-router pass #2 on board '89ccda62ff63566e532bd4e299d8cef5' was completed in 1,11 seconds with the score of 971,97 (4 unrouted), using 14,34 CPU seconds and 2583 MB memory.
2026-09-27 10:59:23.481 INFO   [EA44D1\9AD6B4] Auto-router pass #3 on board '1d7bb4565a11abba7f53c7d622606d54' was completed in 0,49 seconds with the score of 977,79 (2 unrouted), using 20,08 CPU seconds and 3154 MB memory.
2026-09-27 10:59:23.851 INFO   [EA44D1\9AD6B4] Auto-router pass #4 on board 'df4e14f58a0637ab2303c5c6c7164491' was completed in 0,34 seconds with the score of 980,75 (1 unrouted), using 20,08 CPU seconds and 3154 MB memory.
2026-09-27 10:59:23.958 INFO   [EA44D1\9AD6B4] Auto-router pass #5 on board 'b8605f1f80fadc085c243691afa4f14a' was completed in 0,08 seconds with the score of 980,75 (1 unrouted), using 20,08 CPU seconds and 3154 MB memory.
2026-09-27 10:59:24.065 INFO   [EA44D1\9AD6B4] Auto-router pass #6 on board 'b8605f1f80fadc085c243691afa4f14a' was completed in 0,09 seconds with the score of 980,75 (1 unrouted), using 20,08 CPU seconds and 3154 MB memory.
2026-09-27 10:59:24.158 INFO   [EA44D1\9AD6B4] Auto-router pass #7 on board 'b8605f1f80fadc085c243691afa4f14a' was completed in 0,08 seconds with the score of 980,75 (1 unrouted), using 20,08 CPU seconds and 3154 MB memory.
2026-09-27 10:59:24.294 INFO   [EA44D1\9AD6B4] Auto-router pass #8 on board 'b8605f1f80fadc085c243691afa4f14a' was completed in 0,13 seconds with the score of 980,75 (1 unrouted), using 20,08 CPU seconds and 3154 MB memory.
2026-09-27 10:59:24.385 INFO   [EA44D1\9AD6B4] Auto-router pass #9 on board 'b8605f1f80fadc085c243691afa4f14a' was completed in 0,08 seconds with the score of 980,75 (1 unrouted), using 20,08 CPU seconds and 3154 MB memory.
2026-09-27 10:59:24.467 INFO   [EA44D1\9AD6B4] Auto-router pass #10 on board 'b8605f1f80fadc085c243691afa4f14a' was completed in 0,07 seconds with the score of 980,75 (1 unrouted), using 26,80 CPU seconds and 3673 MB memory.
2026-09-27 10:59:24.562 INFO   [EA44D1\9AD6B4] Auto-router pass #11 on board 'b8605f1f80fadc085c243691afa4f14a' was completed in 0,09 seconds with the score of 980,75 (1 unrouted), using 26,80 CPU seconds and 3673 MB memory.
2026-09-27 10:59:24.699 INFO   [EA44D1\9AD6B4] Auto-router pass #12 on board 'b8605f1f80fadc085c243691afa4f14a' was completed in 0,13 seconds with the score of 980,75 (1 unrouted), using 26,80 CPU seconds and 3673 MB memory.
2026-09-27 10:59:24.795 INFO   [EA44D1\9AD6B4] Auto-router pass #13 on board 'b8605f1f80fadc085c243691afa4f14a' was completed in 0,09 seconds with the score of 980,75 (1 unrouted), using 26,80 CPU seconds and 3673 MB memory.
2026-09-27 10:59:24.885 INFO   [EA44D1\9AD6B4] Auto-router pass #14 on board 'b8605f1f80fadc085c243691afa4f14a' was completed in 0,08 seconds with the score of 980,75 (1 unrouted), using 26,80 CPU seconds and 3673 MB memory.
2026-09-27 10:59:24.968 INFO   [EA44D1\9AD6B4] Auto-router pass #15 on board 'b8605f1f80fadc085c243691afa4f14a' was completed in 0,08 seconds with the score of 980,75 (1 unrouted), using 26,80 CPU seconds and 3673 MB memory.
2026-09-27 10:59:25.097 INFO   [EA44D1\9AD6B4] Auto-router pass #16 on board 'b8605f1f80fadc085c243691afa4f14a' was completed in 0,12 seconds with the score of 980,75 (1 unrouted), using 26,80 CPU seconds and 3673 MB memory.
2026-09-27 10:59:25.191 INFO   [EA44D1\9AD6B4] Auto-router pass #17 on board 'b8605f1f80fadc085c243691afa4f14a' was completed in 0,08 seconds with the score of 980,75 (1 unrouted), using 26,80 CPU seconds and 3673 MB memory.
2026-09-27 10:59:25.285 INFO   [EA44D1\9AD6B4] Auto-router pass #18 on board 'b8605f1f80fadc085c243691afa4f14a' was completed in 0,08 seconds with the score of 980,75 (1 unrouted), using 26,80 CPU seconds and 3673 MB memory.
2026-09-27 10:59:25.362 INFO   [EA44D1\9AD6B4] Auto-router pass #19 on board 'b8605f1f80fadc085c243691afa4f14a' was completed in 0,07 seconds with the score of 980,75 (1 unrouted), using 26,80 CPU seconds and 3673 MB memory.
2026-09-27 10:59:25.505 INFO   [EA44D1\9AD6B4] Auto-router pass #20 on board 'b8605f1f80fadc085c243691afa4f14a' was completed in 0,14 seconds with the score of 980,75 (1 unrouted), using 34,52 CPU seconds and 4310 MB memory.
2026-09-27 10:59:25.584 INFO   [EA44D1\9AD6B4] Auto-router pass #21 on board 'b8605f1f80fadc085c243691afa4f14a' was completed in 0,07 seconds with the score of 980,75 (1 unrouted), using 34,52 CPU seconds and 4310 MB memory.
2026-09-27 10:59:25.667 INFO   [EA44D1\9AD6B4] Auto-router pass #22 on board 'b8605f1f80fadc085c243691afa4f14a' was completed in 0,07 seconds with the score of 980,75 (1 unrouted), using 34,52 CPU seconds and 4310 MB memory.
2026-09-27 10:59:25.754 INFO   [EA44D1\9AD6B4] Auto-router pass #23 on board 'b8605f1f80fadc085c243691afa4f14a' was completed in 0,08 seconds with the score of 980,75 (1 unrouted), using 34,52 CPU seconds and 4310 MB memory.
2026-09-27 10:59:25.862 INFO   [EA44D1\9AD6B4] Auto-router pass #24 on board 'b8605f1f80fadc085c243691afa4f14a' was completed in 0,10 seconds with the score of 980,75 (1 unrouted), using 34,52 CPU seconds and 4310 MB memory.
2026-09-27 10:59:25.932 INFO   [EA44D1\9AD6B4] Auto-router pass #25 on board 'b8605f1f80fadc085c243691afa4f14a' was completed in 0,06 seconds with the score of 980,75 (1 unrouted), using 34,52 CPU seconds and 4310 MB memory.
2026-09-27 10:59:26.002 INFO   [EA44D1\9AD6B4] Auto-router pass #26 on board 'b8605f1f80fadc085c243691afa4f14a' was completed in 0,07 seconds with the score of 980,75 (1 unrouted), using 34,52 CPU seconds and 4310 MB memory.
2026-09-27 10:59:26.087 INFO   [EA44D1\9AD6B4] Auto-router pass #27 on board 'b8605f1f80fadc085c243691afa4f14a' was completed in 0,07 seconds with the score of 980,75 (1 unrouted), using 34,52 CPU seconds and 4310 MB memory.
2026-09-27 10:59:26.200 INFO   [EA44D1\9AD6B4] Auto-router pass #28 on board 'b8605f1f80fadc085c243691afa4f14a' was completed in 0,10 seconds with the score of 980,75 (1 unrouted), using 34,52 CPU seconds and 4310 MB memory.
2026-09-27 10:59:26.274 INFO   [EA44D1\9AD6B4] Auto-router pass #29 on board 'b8605f1f80fadc085c243691afa4f14a' was completed in 0,07 seconds with the score of 980,75 (1 unrouted), using 34,52 CPU seconds and 4310 MB memory.
2026-09-27 10:59:26.343 INFO   [EA44D1\9AD6B4] Auto-router pass #30 on board 'b8605f1f80fadc085c243691afa4f14a' was completed in 0,06 seconds with the score of 980,75 (1 unrouted), using 34,52 CPU seconds and 4310 MB memory.
2026-09-27 10:59:26.415 INFO   [EA44D1\9AD6B4] Auto-router pass #31 on board 'b8605f1f80fadc085c243691afa4f14a' was completed in 0,07 seconds with the score of 980,75 (1 unrouted), using 34,52 CPU seconds and 4310 MB memory.
2026-09-27 10:59:26.525 INFO   [EA44D1\9AD6B4] Auto-router pass #32 on board 'b8605f1f80fadc085c243691afa4f14a' was completed in 0,10 seconds with the score of 980,75 (1 unrouted), using 43,20 CPU seconds and 5045 MB memory.
2026-09-27 10:59:26.590 INFO   [EA44D1\9AD6B4] Auto-router pass #33 on board 'b8605f1f80fadc085c243691afa4f14a' was completed in 0,06 seconds with the score of 980,75 (1 unrouted), using 43,20 CPU seconds and 5045 MB memory.
2026-09-27 10:59:26.660 INFO   [EA44D1\9AD6B4] Auto-router pass #34 on board 'b8605f1f80fadc085c243691afa4f14a' was completed in 0,07 seconds with the score of 980,75 (1 unrouted), using 43,20 CPU seconds and 5045 MB memory.
2026-09-27 10:59:26.729 INFO   [EA44D1\9AD6B4] Auto-router pass #35 on board 'b8605f1f80fadc085c243691afa4f14a' was completed in 0,06 seconds with the score of 980,75 (1 unrouted), using 43,20 CPU seconds and 5045 MB memory.
2026-09-27 10:59:26.837 INFO   [EA44D1\9AD6B4] Auto-router pass #36 on board 'b8605f1f80fadc085c243691afa4f14a' was completed in 0,10 seconds with the score of 980,75 (1 unrouted), using 43,20 CPU seconds and 5045 MB memory.
2026-09-27 10:59:26.901 INFO   [EA44D1\9AD6B4] Auto-router pass #37 on board 'b8605f1f80fadc085c243691afa4f14a' was completed in 0,06 seconds with the score of 980,75 (1 unrouted), using 43,20 CPU seconds and 5045 MB memory.
2026-09-27 10:59:26.975 INFO   [EA44D1\9AD6B4] Auto-router pass #38 on board 'b8605f1f80fadc085c243691afa4f14a' was completed in 0,07 seconds with the score of 980,75 (1 unrouted), using 43,20 CPU seconds and 5045 MB memory.
2026-09-27 10:59:27.036 INFO   [EA44D1\9AD6B4] Auto-router pass #39 on board 'b8605f1f80fadc085c243691afa4f14a' was completed in 0,06 seconds with the score of 980,75 (1 unrouted), using 43,20 CPU seconds and 5045 MB memory.
2026-09-27 10:59:27.139 INFO   [EA44D1\9AD6B4] Auto-router pass #40 on board 'b8605f1f80fadc085c243691afa4f14a' was completed in 0,10 seconds with the score of 980,75 (1 unrouted), using 43,20 CPU seconds and 5045 MB memory.
2026-09-27 10:59:27.207 INFO   [EA44D1\9AD6B4] Auto-router pass #41 on board 'b8605f1f80fadc085c243691afa4f14a' was completed in 0,06 seconds with the score of 980,75 (1 unrouted), using 43,20 CPU seconds and 5045 MB memory.
2026-09-27 10:59:27.270 INFO   [EA44D1\9AD6B4] Auto-router pass #42 on board 'b8605f1f80fadc085c243691afa4f14a' was completed in 0,06 seconds with the score of 980,75 (1 unrouted), using 43,20 CPU seconds and 5045 MB memory.
2026-09-27 10:59:27.329 INFO   [EA44D1\9AD6B4] Auto-router pass #43 on board 'b8605f1f80fadc085c243691afa4f14a' was completed in 0,05 seconds with the score of 980,75 (1 unrouted), using 43,20 CPU seconds and 5045 MB memory.
2026-09-27 10:59:27.420 INFO   [EA44D1\9AD6B4] Auto-router pass #44 on board 'b8605f1f80fadc085c243691afa4f14a' was completed in 0,09 seconds with the score of 980,75 (1 unrouted), using 43,20 CPU seconds and 5045 MB memory.
2026-09-27 10:59:27.484 INFO   [EA44D1\9AD6B4] Auto-router pass #45 on board 'b8605f1f80fadc085c243691afa4f14a' was completed in 0,06 seconds with the score of 980,75 (1 unrouted), using 52,86 CPU seconds and 5884 MB memory.
2026-09-27 10:59:27.544 INFO   [EA44D1\9AD6B4] Auto-router pass #46 on board 'b8605f1f80fadc085c243691afa4f14a' was completed in 0,05 seconds with the score of 980,75 (1 unrouted), using 52,86 CPU seconds and 5884 MB memory.
2026-09-27 10:59:27.610 INFO   [EA44D1\9AD6B4] Auto-router pass #47 on board 'b8605f1f80fadc085c243691afa4f14a' was completed in 0,06 seconds with the score of 980,75 (1 unrouted), using 52,86 CPU seconds and 5884 MB memory.
2026-09-27 10:59:27.702 INFO   [EA44D1\9AD6B4] Auto-router pass #48 on board 'b8605f1f80fadc085c243691afa4f14a' was completed in 0,09 seconds with the score of 980,75 (1 unrouted), using 52,86 CPU seconds and 5884 MB memory.
2026-09-27 10:59:27.766 INFO   [EA44D1\9AD6B4] Auto-router pass #49 on board 'b8605f1f80fadc085c243691afa4f14a' was completed in 0,06 seconds with the score of 980,75 (1 unrouted), using 52,86 CPU seconds and 5884 MB memory.
2026-09-27 10:59:27.827 INFO   [EA44D1\9AD6B4] Auto-router pass #50 on board 'b8605f1f80fadc085c243691afa4f14a' was completed in 0,05 seconds with the score of 980,75 (1 unrouted), using 52,86 CPU seconds and 5884 MB memory.
2026-09-27 10:59:27.886 INFO   [EA44D1\9AD6B4] Auto-router pass #51 on board 'b8605f1f80fadc085c243691afa4f14a' was completed in 0,05 seconds with the score of 980,75 (1 unrouted), using 52,86 CPU seconds and 5884 MB memory.
2026-09-27 10:59:27.988 INFO   [EA44D1\9AD6B4] Auto-router pass #52 on board 'b8605f1f80fadc085c243691afa4f14a' was completed in 0,09 seconds with the score of 980,75 (1 unrouted), using 52,86 CPU seconds and 5884 MB memory.
2026-09-27 10:59:28.068 INFO   [EA44D1\9AD6B4] Auto-router pass #53 on board 'b8605f1f80fadc085c243691afa4f14a' was completed in 0,07 seconds with the score of 980,75 (1 unrouted), using 52,86 CPU seconds and 5884 MB memory.
2026-09-27 10:59:28.132 INFO   [EA44D1\9AD6B4] Auto-router pass #54 on board 'b8605f1f80fadc085c243691afa4f14a' was completed in 0,06 seconds with the score of 980,75 (1 unrouted), using 52,86 CPU seconds and 5884 MB memory.
2026-09-27 10:59:28.200 INFO   [EA44D1\9AD6B4] Auto-router pass #55 on board 'b8605f1f80fadc085c243691afa4f14a' was completed in 0,06 seconds with the score of 980,75 (1 unrouted), using 52,86 CPU seconds and 5884 MB memory.
2026-09-27 10:59:28.305 INFO   [EA44D1\9AD6B4] Auto-router pass #56 on board 'b8605f1f80fadc085c243691afa4f14a' was completed in 0,10 seconds with the score of 980,75 (1 unrouted), using 52,86 CPU seconds and 5884 MB memory.
2026-09-27 10:59:28.367 INFO   [EA44D1\9AD6B4] Auto-router pass #57 on board 'b8605f1f80fadc085c243691afa4f14a' was completed in 0,06 seconds with the score of 980,75 (1 unrouted), using 52,86 CPU seconds and 5884 MB memory.
2026-09-27 10:59:28.430 INFO   [EA44D1\9AD6B4] Auto-router pass #58 on board 'b8605f1f80fadc085c243691afa4f14a' was completed in 0,06 seconds with the score of 980,75 (1 unrouted), using 52,86 CPU seconds and 5884 MB memory.
2026-09-27 10:59:28.493 INFO   [EA44D1\9AD6B4] Auto-router pass #59 on board 'b8605f1f80fadc085c243691afa4f14a' was completed in 0,06 seconds with the score of 980,75 (1 unrouted), using 63,50 CPU seconds and 6752 MB memory.
2026-09-27 10:59:28.605 INFO   [EA44D1\9AD6B4] Auto-router pass #60 on board 'b8605f1f80fadc085c243691afa4f14a' was completed in 0,11 seconds with the score of 980,75 (1 unrouted), using 63,50 CPU seconds and 6752 MB memory.
2026-09-27 10:59:28.671 INFO   [EA44D1\9AD6B4] Auto-router pass #61 on board 'b8605f1f80fadc085c243691afa4f14a' was completed in 0,06 seconds with the score of 980,75 (1 unrouted), using 63,50 CPU seconds and 6752 MB memory.
2026-09-27 10:59:28.739 INFO   [EA44D1\9AD6B4] Auto-router pass #62 on board 'b8605f1f80fadc085c243691afa4f14a' was completed in 0,06 seconds with the score of 980,75 (1 unrouted), using 63,50 CPU seconds and 6752 MB memory.
2026-09-27 10:59:28.814 INFO   [EA44D1\9AD6B4] Auto-router pass #63 on board 'b8605f1f80fadc085c243691afa4f14a' was completed in 0,07 seconds with the score of 980,75 (1 unrouted), using 63,50 CPU seconds and 6752 MB memory.
2026-09-27 10:59:28.919 INFO   [EA44D1\9AD6B4] Auto-router pass #64 on board 'b8605f1f80fadc085c243691afa4f14a' was completed in 0,10 seconds with the score of 980,75 (1 unrouted), using 63,50 CPU seconds and 6752 MB memory.
2026-09-27 10:59:28.997 INFO   [EA44D1\9AD6B4] Auto-router pass #65 on board 'b8605f1f80fadc085c243691afa4f14a' was completed in 0,07 seconds with the score of 980,75 (1 unrouted), using 63,50 CPU seconds and 6752 MB memory.
2026-09-27 10:59:29.072 INFO   [EA44D1\9AD6B4] Auto-router pass #66 on board 'b8605f1f80fadc085c243691afa4f14a' was completed in 0,07 seconds with the score of 980,75 (1 unrouted), using 63,50 CPU seconds and 6752 MB memory.
2026-09-27 10:59:29.133 INFO   [EA44D1\9AD6B4] Auto-router pass #67 on board 'b8605f1f80fadc085c243691afa4f14a' was completed in 0,06 seconds with the score of 980,75 (1 unrouted), using 63,50 CPU seconds and 6752 MB memory.
2026-09-27 10:59:29.239 INFO   [EA44D1\9AD6B4] Auto-router pass #68 on board 'b8605f1f80fadc085c243691afa4f14a' was completed in 0,10 seconds with the score of 980,75 (1 unrouted), using 63,50 CPU seconds and 6752 MB memory.
2026-09-27 10:59:29.304 INFO   [EA44D1\9AD6B4] Auto-router pass #69 on board 'b8605f1f80fadc085c243691afa4f14a' was completed in 0,06 seconds with the score of 980,75 (1 unrouted), using 63,50 CPU seconds and 6752 MB memory.
2026-09-27 10:59:29.378 INFO   [EA44D1\9AD6B4] Auto-router pass #70 on board 'b8605f1f80fadc085c243691afa4f14a' was completed in 0,07 seconds with the score of 980,75 (1 unrouted), using 63,50 CPU seconds and 6752 MB memory.
2026-09-27 10:59:29.441 INFO   [EA44D1\9AD6B4] Auto-router pass #71 on board 'b8605f1f80fadc085c243691afa4f14a' was completed in 0,06 seconds with the score of 980,75 (1 unrouted), using 63,50 CPU seconds and 6752 MB memory.
2026-09-27 10:59:29.555 INFO   [EA44D1\9AD6B4] Auto-router pass #72 on board 'b8605f1f80fadc085c243691afa4f14a' was completed in 0,11 seconds with the score of 980,75 (1 unrouted), using 75,14 CPU seconds and 7559 MB memory.
2026-09-27 10:59:29.618 INFO   [EA44D1\9AD6B4] Auto-router pass #73 on board 'b8605f1f80fadc085c243691afa4f14a' was completed in 0,06 seconds with the score of 980,75 (1 unrouted), using 75,14 CPU seconds and 7559 MB memory.
2026-09-27 10:59:29.688 INFO   [EA44D1\9AD6B4] Auto-router pass #74 on board 'b8605f1f80fadc085c243691afa4f14a' was completed in 0,06 seconds with the score of 980,75 (1 unrouted), using 75,14 CPU seconds and 7559 MB memory.
2026-09-27 10:59:29.754 INFO   [EA44D1\9AD6B4] Auto-router pass #75 on board 'b8605f1f80fadc085c243691afa4f14a' was completed in 0,06 seconds with the score of 980,75 (1 unrouted), using 75,14 CPU seconds and 7559 MB memory.
2026-09-27 10:59:29.856 INFO   [EA44D1\9AD6B4] Auto-router pass #76 on board 'b8605f1f80fadc085c243691afa4f14a' was completed in 0,10 seconds with the score of 980,75 (1 unrouted), using 75,14 CPU seconds and 7559 MB memory.
2026-09-27 10:59:29.921 INFO   [EA44D1\9AD6B4] Auto-router pass #77 on board 'b8605f1f80fadc085c243691afa4f14a' was completed in 0,06 seconds with the score of 980,75 (1 unrouted), using 75,14 CPU seconds and 7559 MB memory.
2026-09-27 10:59:29.982 INFO   [EA44D1\9AD6B4] Auto-router pass #78 on board 'b8605f1f80fadc085c243691afa4f14a' was completed in 0,06 seconds with the score of 980,75 (1 unrouted), using 75,14 CPU seconds and 7559 MB memory.
2026-09-27 10:59:30.056 INFO   [EA44D1\9AD6B4] Auto-router pass #79 on board 'b8605f1f80fadc085c243691afa4f14a' was completed in 0,07 seconds with the score of 980,75 (1 unrouted), using 75,14 CPU seconds and 7559 MB memory.
2026-09-27 10:59:30.168 INFO   [EA44D1\9AD6B4] Auto-router pass #80 on board 'b8605f1f80fadc085c243691afa4f14a' was completed in 0,11 seconds with the score of 980,75 (1 unrouted), using 75,14 CPU seconds and 7559 MB memory.
2026-09-27 10:59:30.227 INFO   [EA44D1\9AD6B4] Auto-router pass #81 on board 'b8605f1f80fadc085c243691afa4f14a' was completed in 0,05 seconds with the score of 980,75 (1 unrouted), using 75,14 CPU seconds and 7559 MB memory.
2026-09-27 10:59:30.294 INFO   [EA44D1\9AD6B4] Auto-router pass #82 on board 'b8605f1f80fadc085c243691afa4f14a' was completed in 0,06 seconds with the score of 980,75 (1 unrouted), using 75,14 CPU seconds and 7559 MB memory.
2026-09-27 10:59:30.358 INFO   [EA44D1\9AD6B4] Auto-router pass #83 on board 'b8605f1f80fadc085c243691afa4f14a' was completed in 0,06 seconds with the score of 980,75 (1 unrouted), using 75,14 CPU seconds and 7559 MB memory.
2026-09-27 10:59:30.459 INFO   [EA44D1\9AD6B4] Auto-router pass #84 on board 'b8605f1f80fadc085c243691afa4f14a' was completed in 0,10 seconds with the score of 980,75 (1 unrouted), using 87,77 CPU seconds and 8389 MB memory.
2026-09-27 10:59:30.522 INFO   [EA44D1\9AD6B4] Auto-router pass #85 on board 'b8605f1f80fadc085c243691afa4f14a' was completed in 0,06 seconds with the score of 980,75 (1 unrouted), using 87,77 CPU seconds and 8389 MB memory.
2026-09-27 10:59:30.588 INFO   [EA44D1\9AD6B4] Auto-router pass #86 on board 'b8605f1f80fadc085c243691afa4f14a' was completed in 0,06 seconds with the score of 980,75 (1 unrouted), using 87,77 CPU seconds and 8389 MB memory.
2026-09-27 10:59:30.671 INFO   [EA44D1\9AD6B4] Auto-router pass #87 on board 'b8605f1f80fadc085c243691afa4f14a' was completed in 0,08 seconds with the score of 980,75 (1 unrouted), using 87,77 CPU seconds and 8389 MB memory.
2026-09-27 10:59:30.771 INFO   [EA44D1\9AD6B4] Auto-router pass #88 on board 'b8605f1f80fadc085c243691afa4f14a' was completed in 0,10 seconds with the score of 980,75 (1 unrouted), using 87,77 CPU seconds and 8389 MB memory.
2026-09-27 10:59:30.843 INFO   [EA44D1\9AD6B4] Auto-router pass #89 on board 'b8605f1f80fadc085c243691afa4f14a' was completed in 0,06 seconds with the score of 980,75 (1 unrouted), using 87,77 CPU seconds and 8389 MB memory.
2026-09-27 10:59:30.912 INFO   [EA44D1\9AD6B4] Auto-router pass #90 on board 'b8605f1f80fadc085c243691afa4f14a' was completed in 0,06 seconds with the score of 980,75 (1 unrouted), using 87,77 CPU seconds and 8389 MB memory.
2026-09-27 10:59:30.984 INFO   [EA44D1\9AD6B4] Auto-router pass #91 on board 'b8605f1f80fadc085c243691afa4f14a' was completed in 0,06 seconds with the score of 980,75 (1 unrouted), using 87,77 CPU seconds and 8389 MB memory.
2026-09-27 10:59:31.135 INFO   [EA44D1\9AD6B4] Auto-router pass #92 on board 'b8605f1f80fadc085c243691afa4f14a' was completed in 0,15 seconds with the score of 980,75 (1 unrouted), using 87,77 CPU seconds and 8389 MB memory.
2026-09-27 10:59:31.242 INFO   [EA44D1\9AD6B4] Auto-router pass #93 on board 'b8605f1f80fadc085c243691afa4f14a' was completed in 0,10 seconds with the score of 980,75 (1 unrouted), using 87,77 CPU seconds and 8389 MB memory.
2026-09-27 10:59:31.340 INFO   [EA44D1\9AD6B4] Auto-router pass #94 on board 'b8605f1f80fadc085c243691afa4f14a' was completed in 0,09 seconds with the score of 980,75 (1 unrouted), using 87,77 CPU seconds and 8389 MB memory.
2026-09-27 10:59:31.448 INFO   [EA44D1\9AD6B4] Auto-router pass #95 on board 'b8605f1f80fadc085c243691afa4f14a' was completed in 0,10 seconds with the score of 980,75 (1 unrouted), using 87,77 CPU seconds and 8389 MB memory.
2026-09-27 10:59:31.597 INFO   [EA44D1\9AD6B4] Auto-router pass #96 on board 'b8605f1f80fadc085c243691afa4f14a' was completed in 0,14 seconds with the score of 980,75 (1 unrouted), using 101,30 CPU seconds and 9079 MB memory.
2026-09-27 10:59:31.695 INFO   [EA44D1\9AD6B4] Auto-router pass #97 on board 'b8605f1f80fadc085c243691afa4f14a' was completed in 0,09 seconds with the score of 980,75 (1 unrouted), using 101,30 CPU seconds and 9079 MB memory.
2026-09-27 10:59:31.811 INFO   [EA44D1\9AD6B4] Auto-router pass #98 on board 'b8605f1f80fadc085c243691afa4f14a' was completed in 0,10 seconds with the score of 980,75 (1 unrouted), using 101,30 CPU seconds and 9079 MB memory.
2026-09-27 10:59:31.915 INFO   [EA44D1\9AD6B4] Auto-router pass #99 on board 'b8605f1f80fadc085c243691afa4f14a' was completed in 0,10 seconds with the score of 980,75 (1 unrouted), using 101,30 CPU seconds and 9079 MB memory.
2026-09-27 10:59:32.056 INFO   [EA44D1\9AD6B4] Auto-router pass #100 on board 'b8605f1f80fadc085c243691afa4f14a' was completed in 0,13 seconds with the score of 980,75 (1 unrouted), using 101,30 CPU seconds and 9079 MB memory.
2026-09-27 10:59:32.152 INFO   [EA44D1\9AD6B4] Auto-router pass #101 on board 'b8605f1f80fadc085c243691afa4f14a' was completed in 0,09 seconds with the score of 980,75 (1 unrouted), using 101,30 CPU seconds and 9079 MB memory.
2026-09-27 10:59:32.251 INFO   [EA44D1\9AD6B4] Auto-router pass #102 on board 'b8605f1f80fadc085c243691afa4f14a' was completed in 0,09 seconds with the score of 980,75 (1 unrouted), using 101,30 CPU seconds and 9079 MB memory.
2026-09-27 10:59:32.341 INFO   [EA44D1\9AD6B4] Auto-router pass #103 on board 'b8605f1f80fadc085c243691afa4f14a' was completed in 0,08 seconds with the score of 980,75 (1 unrouted), using 101,30 CPU seconds and 9079 MB memory.
2026-09-27 10:59:32.495 INFO   [EA44D1\9AD6B4] Auto-router pass #104 on board 'b8605f1f80fadc085c243691afa4f14a' was completed in 0,14 seconds with the score of 980,75 (1 unrouted), using 115,78 CPU seconds and 9649 MB memory.
2026-09-27 10:59:32.595 INFO   [EA44D1\9AD6B4] Auto-router pass #105 on board 'b8605f1f80fadc085c243691afa4f14a' was completed in 0,09 seconds with the score of 980,75 (1 unrouted), using 115,78 CPU seconds and 9649 MB memory.
2026-09-27 10:59:32.718 INFO   [EA44D1\9AD6B4] Auto-router pass #106 on board 'b8605f1f80fadc085c243691afa4f14a' was completed in 0,12 seconds with the score of 980,75 (1 unrouted), using 115,78 CPU seconds and 9649 MB memory.
2026-09-27 10:59:32.824 INFO   [EA44D1\9AD6B4] Auto-router pass #107 on board 'b8605f1f80fadc085c243691afa4f14a' was completed in 0,10 seconds with the score of 980,75 (1 unrouted), using 115,78 CPU seconds and 9649 MB memory.
2026-09-27 10:59:32.957 INFO   [EA44D1\9AD6B4] Auto-router pass #108 on board 'b8605f1f80fadc085c243691afa4f14a' was completed in 0,12 seconds with the score of 980,75 (1 unrouted), using 115,78 CPU seconds and 9649 MB memory.
2026-09-27 10:59:33.054 INFO   [EA44D1\9AD6B4] Auto-router pass #109 on board 'b8605f1f80fadc085c243691afa4f14a' was completed in 0,09 seconds with the score of 980,75 (1 unrouted), using 115,78 CPU seconds and 9649 MB memory.
2026-09-27 10:59:33.142 INFO   [EA44D1\9AD6B4] Auto-router pass #110 on board 'b8605f1f80fadc085c243691afa4f14a' was completed in 0,08 seconds with the score of 980,75 (1 unrouted), using 115,78 CPU seconds and 9649 MB memory.
2026-09-27 10:59:33.237 INFO   [EA44D1\9AD6B4] Auto-router pass #111 on board 'b8605f1f80fadc085c243691afa4f14a' was completed in 0,09 seconds with the score of 980,75 (1 unrouted), using 115,78 CPU seconds and 9649 MB memory.
2026-09-27 10:59:33.371 INFO   [EA44D1\9AD6B4] Auto-router pass #112 on board 'b8605f1f80fadc085c243691afa4f14a' was completed in 0,13 seconds with the score of 980,75 (1 unrouted), using 115,78 CPU seconds and 9649 MB memory.
2026-09-27 10:59:33.442 INFO   [EA44D1\9AD6B4] Auto-router pass #113 on board 'b8605f1f80fadc085c243691afa4f14a' was completed in 0,06 seconds with the score of 980,75 (1 unrouted), using 115,78 CPU seconds and 9649 MB memory.
2026-09-27 10:59:33.518 INFO   [EA44D1\9AD6B4] Auto-router pass #114 on board 'b8605f1f80fadc085c243691afa4f14a' was completed in 0,07 seconds with the score of 980,75 (1 unrouted), using 131,19 CPU seconds and 10254 MB memory.
2026-09-27 10:59:33.597 INFO   [EA44D1\9AD6B4] Auto-router pass #115 on board 'b8605f1f80fadc085c243691afa4f14a' was completed in 0,07 seconds with the score of 980,75 (1 unrouted), using 131,19 CPU seconds and 10254 MB memory.
2026-09-27 10:59:33.713 INFO   [EA44D1\9AD6B4] Auto-router pass #116 on board 'b8605f1f80fadc085c243691afa4f14a' was completed in 0,11 seconds with the score of 980,75 (1 unrouted), using 131,19 CPU seconds and 10254 MB memory.
2026-09-27 10:59:33.792 INFO   [EA44D1\9AD6B4] Auto-router pass #117 on board 'b8605f1f80fadc085c243691afa4f14a' was completed in 0,07 seconds with the score of 980,75 (1 unrouted), using 131,19 CPU seconds and 10254 MB memory.
2026-09-27 10:59:33.861 INFO   [EA44D1\9AD6B4] Auto-router pass #118 on board 'b8605f1f80fadc085c243691afa4f14a' was completed in 0,06 seconds with the score of 980,75 (1 unrouted), using 131,19 CPU seconds and 10254 MB memory.
2026-09-27 10:59:33.940 INFO   [EA44D1\9AD6B4] Auto-router pass #119 on board 'b8605f1f80fadc085c243691afa4f14a' was completed in 0,07 seconds with the score of 980,75 (1 unrouted), using 131,19 CPU seconds and 10254 MB memory.
2026-09-27 10:59:34.038 INFO   [EA44D1\9AD6B4] Auto-router pass #120 on board 'b8605f1f80fadc085c243691afa4f14a' was completed in 0,09 seconds with the score of 980,75 (1 unrouted), using 131,19 CPU seconds and 10254 MB memory.
2026-09-27 10:59:34.098 INFO   [EA44D1\9AD6B4] Auto-router pass #121 on board 'b8605f1f80fadc085c243691afa4f14a' was completed in 0,06 seconds with the score of 980,75 (1 unrouted), using 131,19 CPU seconds and 10254 MB memory.
2026-09-27 10:59:34.174 INFO   [EA44D1\9AD6B4] Auto-router pass #122 on board 'b8605f1f80fadc085c243691afa4f14a' was completed in 0,07 seconds with the score of 980,75 (1 unrouted), using 131,19 CPU seconds and 10254 MB memory.
2026-09-27 10:59:34.238 INFO   [EA44D1\9AD6B4] Auto-router pass #123 on board 'b8605f1f80fadc085c243691afa4f14a' was completed in 0,06 seconds with the score of 980,75 (1 unrouted), using 131,19 CPU seconds and 10254 MB memory.
2026-09-27 10:59:34.340 INFO   [EA44D1\9AD6B4] Auto-router pass #124 on board 'b8605f1f80fadc085c243691afa4f14a' was completed in 0,10 seconds with the score of 980,75 (1 unrouted), using 131,19 CPU seconds and 10254 MB memory.
2026-09-27 10:59:34.414 INFO   [EA44D1\9AD6B4] Auto-router pass #125 on board 'b8605f1f80fadc085c243691afa4f14a' was completed in 0,07 seconds with the score of 980,75 (1 unrouted), using 131,19 CPU seconds and 10254 MB memory.
2026-09-27 10:59:34.491 INFO   [EA44D1\9AD6B4] Auto-router pass #126 on board 'b8605f1f80fadc085c243691afa4f14a' was completed in 0,07 seconds with the score of 980,75 (1 unrouted), using 131,19 CPU seconds and 10254 MB memory.
2026-09-27 10:59:34.557 INFO   [EA44D1\9AD6B4] Auto-router pass #127 on board 'b8605f1f80fadc085c243691afa4f14a' was completed in 0,06 seconds with the score of 980,75 (1 unrouted), using 147,59 CPU seconds and 11041 MB memory.
2026-09-27 10:59:34.663 INFO   [EA44D1\9AD6B4] Auto-router pass #128 on board 'b8605f1f80fadc085c243691afa4f14a' was completed in 0,10 seconds with the score of 980,75 (1 unrouted), using 147,59 CPU seconds and 11041 MB memory.
2026-09-27 10:59:34.743 INFO   [EA44D1\9AD6B4] Auto-router pass #129 on board 'b8605f1f80fadc085c243691afa4f14a' was completed in 0,07 seconds with the score of 980,75 (1 unrouted), using 147,59 CPU seconds and 11041 MB memory.
2026-09-27 10:59:34.811 INFO   [EA44D1\9AD6B4] Auto-router pass #130 on board 'b8605f1f80fadc085c243691afa4f14a' was completed in 0,06 seconds with the score of 980,75 (1 unrouted), using 147,59 CPU seconds and 11041 MB memory.
2026-09-27 10:59:34.879 INFO   [EA44D1\9AD6B4] Auto-router pass #131 on board 'b8605f1f80fadc085c243691afa4f14a' was completed in 0,06 seconds with the score of 980,75 (1 unrouted), using 147,59 CPU seconds and 11041 MB memory.
2026-09-27 10:59:34.974 INFO   [EA44D1\9AD6B4] Auto-router pass #132 on board 'b8605f1f80fadc085c243691afa4f14a' was completed in 0,09 seconds with the score of 980,75 (1 unrouted), using 147,59 CPU seconds and 11041 MB memory.
2026-09-27 10:59:35.033 INFO   [EA44D1\9AD6B4] Auto-router pass #133 on board 'b8605f1f80fadc085c243691afa4f14a' was completed in 0,05 seconds with the score of 980,75 (1 unrouted), using 147,59 CPU seconds and 11041 MB memory.
2026-09-27 10:59:35.102 INFO   [EA44D1\9AD6B4] Auto-router pass #134 on board 'b8605f1f80fadc085c243691afa4f14a' was completed in 0,06 seconds with the score of 980,75 (1 unrouted), using 147,59 CPU seconds and 11041 MB memory.
2026-09-27 10:59:35.168 INFO   [EA44D1\9AD6B4] Auto-router pass #135 on board 'b8605f1f80fadc085c243691afa4f14a' was completed in 0,06 seconds with the score of 980,75 (1 unrouted), using 147,59 CPU seconds and 11041 MB memory.
2026-09-27 10:59:35.259 INFO   [EA44D1\9AD6B4] Auto-router pass #136 on board 'b8605f1f80fadc085c243691afa4f14a' was completed in 0,09 seconds with the score of 980,75 (1 unrouted), using 147,59 CPU seconds and 11041 MB memory.
2026-09-27 10:59:35.339 INFO   [EA44D1\9AD6B4] Auto-router pass #137 on board 'b8605f1f80fadc085c243691afa4f14a' was completed in 0,07 seconds with the score of 980,75 (1 unrouted), using 147,59 CPU seconds and 11041 MB memory.
2026-09-27 10:59:35.418 INFO   [EA44D1\9AD6B4] Auto-router pass #138 on board 'b8605f1f80fadc085c243691afa4f14a' was completed in 0,07 seconds with the score of 980,75 (1 unrouted), using 147,59 CPU seconds and 11041 MB memory.
2026-09-27 10:59:35.478 INFO   [EA44D1\9AD6B4] Auto-router pass #139 on board 'b8605f1f80fadc085c243691afa4f14a' was completed in 0,05 seconds with the score of 980,75 (1 unrouted), using 147,59 CPU seconds and 11041 MB memory.
2026-09-27 10:59:35.573 INFO   [EA44D1\9AD6B4] Auto-router pass #140 on board 'b8605f1f80fadc085c243691afa4f14a' was completed in 0,09 seconds with the score of 980,75 (1 unrouted), using 165,00 CPU seconds and 11871 MB memory.
2026-09-27 10:59:35.637 INFO   [EA44D1\9AD6B4] Auto-router pass #141 on board 'b8605f1f80fadc085c243691afa4f14a' was completed in 0,06 seconds with the score of 980,75 (1 unrouted), using 165,00 CPU seconds and 11871 MB memory.
2026-09-27 10:59:35.701 INFO   [EA44D1\9AD6B4] Auto-router pass #142 on board 'b8605f1f80fadc085c243691afa4f14a' was completed in 0,06 seconds with the score of 980,75 (1 unrouted), using 165,00 CPU seconds and 11871 MB memory.
2026-09-27 10:59:35.762 INFO   [EA44D1\9AD6B4] Auto-router pass #143 on board 'b8605f1f80fadc085c243691afa4f14a' was completed in 0,06 seconds with the score of 980,75 (1 unrouted), using 165,00 CPU seconds and 11871 MB memory.
2026-09-27 10:59:35.856 INFO   [EA44D1\9AD6B4] Auto-router pass #144 on board 'b8605f1f80fadc085c243691afa4f14a' was completed in 0,09 seconds with the score of 980,75 (1 unrouted), using 165,00 CPU seconds and 11871 MB memory.
2026-09-27 10:59:35.934 INFO   [EA44D1\9AD6B4] Auto-router pass #145 on board 'b8605f1f80fadc085c243691afa4f14a' was completed in 0,07 seconds with the score of 980,75 (1 unrouted), using 165,00 CPU seconds and 11871 MB memory.
2026-09-27 10:59:35.992 INFO   [EA44D1\9AD6B4] Auto-router pass #146 on board 'b8605f1f80fadc085c243691afa4f14a' was completed in 0,05 seconds with the score of 980,75 (1 unrouted), using 165,00 CPU seconds and 11871 MB memory.
2026-09-27 10:59:36.059 INFO   [EA44D1\9AD6B4] Auto-router pass #147 on board 'b8605f1f80fadc085c243691afa4f14a' was completed in 0,06 seconds with the score of 980,75 (1 unrouted), using 165,00 CPU seconds and 11871 MB memory.
2026-09-27 10:59:36.161 INFO   [EA44D1\9AD6B4] Auto-router pass #148 on board 'b8605f1f80fadc085c243691afa4f14a' was completed in 0,10 seconds with the score of 980,75 (1 unrouted), using 165,00 CPU seconds and 11871 MB memory.
2026-09-27 10:59:36.225 INFO   [EA44D1\9AD6B4] Auto-router pass #149 on board 'b8605f1f80fadc085c243691afa4f14a' was completed in 0,06 seconds with the score of 980,75 (1 unrouted), using 165,00 CPU seconds and 11871 MB memory.
2026-09-27 10:59:36.290 INFO   [EA44D1\9AD6B4] Auto-router pass #150 on board 'b8605f1f80fadc085c243691afa4f14a' was completed in 0,06 seconds with the score of 980,75 (1 unrouted), using 165,00 CPU seconds and 11871 MB memory.
2026-09-27 10:59:36.363 INFO   [EA44D1\9AD6B4] Auto-router pass #151 on board 'b8605f1f80fadc085c243691afa4f14a' was completed in 0,07 seconds with the score of 980,75 (1 unrouted), using 165,00 CPU seconds and 11871 MB memory.
2026-09-27 10:59:36.462 INFO   [EA44D1\9AD6B4] Auto-router pass #152 on board 'b8605f1f80fadc085c243691afa4f14a' was completed in 0,09 seconds with the score of 980,75 (1 unrouted), using 165,00 CPU seconds and 11871 MB memory.
2026-09-27 10:59:36.520 INFO   [EA44D1\9AD6B4] Auto-router pass #153 on board 'b8605f1f80fadc085c243691afa4f14a' was completed in 0,05 seconds with the score of 980,75 (1 unrouted), using 183,36 CPU seconds and 12732 MB memory.
2026-09-27 10:59:36.576 INFO   [EA44D1\9AD6B4] Auto-router pass #154 on board 'b8605f1f80fadc085c243691afa4f14a' was completed in 0,05 seconds with the score of 980,75 (1 unrouted), using 183,36 CPU seconds and 12732 MB memory.
2026-09-27 10:59:36.640 INFO   [EA44D1\9AD6B4] Auto-router pass #155 on board 'b8605f1f80fadc085c243691afa4f14a' was completed in 0,06 seconds with the score of 980,75 (1 unrouted), using 183,36 CPU seconds and 12732 MB memory.
2026-09-27 10:59:36.732 INFO   [EA44D1\9AD6B4] Auto-router pass #156 on board 'b8605f1f80fadc085c243691afa4f14a' was completed in 0,09 seconds with the score of 980,75 (1 unrouted), using 183,36 CPU seconds and 12732 MB memory.
2026-09-27 10:59:36.797 INFO   [EA44D1\9AD6B4] Auto-router pass #157 on board 'b8605f1f80fadc085c243691afa4f14a' was completed in 0,06 seconds with the score of 980,75 (1 unrouted), using 183,36 CPU seconds and 12732 MB memory.
2026-09-27 10:59:36.857 INFO   [EA44D1\9AD6B4] Auto-router pass #158 on board 'b8605f1f80fadc085c243691afa4f14a' was completed in 0,05 seconds with the score of 980,75 (1 unrouted), using 183,36 CPU seconds and 12732 MB memory.
2026-09-27 10:59:36.923 INFO   [EA44D1\9AD6B4] Auto-router pass #159 on board 'b8605f1f80fadc085c243691afa4f14a' was completed in 0,06 seconds with the score of 980,75 (1 unrouted), using 183,36 CPU seconds and 12732 MB memory.
2026-09-27 10:59:37.018 INFO   [EA44D1\9AD6B4] Auto-router pass #160 on board 'b8605f1f80fadc085c243691afa4f14a' was completed in 0,09 seconds with the score of 980,75 (1 unrouted), using 183,36 CPU seconds and 12732 MB memory.
2026-09-27 10:59:37.086 INFO   [EA44D1\9AD6B4] Auto-router pass #161 on board 'b8605f1f80fadc085c243691afa4f14a' was completed in 0,06 seconds with the score of 980,75 (1 unrouted), using 183,36 CPU seconds and 12732 MB memory.
2026-09-27 10:59:37.154 INFO   [EA44D1\9AD6B4] Auto-router pass #162 on board 'b8605f1f80fadc085c243691afa4f14a' was completed in 0,06 seconds with the score of 980,75 (1 unrouted), using 183,36 CPU seconds and 12732 MB memory.
2026-09-27 10:59:37.224 INFO   [EA44D1\9AD6B4] Auto-router pass #163 on board 'b8605f1f80fadc085c243691afa4f14a' was completed in 0,06 seconds with the score of 980,75 (1 unrouted), using 183,36 CPU seconds and 12732 MB memory.
2026-09-27 10:59:37.323 INFO   [EA44D1\9AD6B4] Auto-router pass #164 on board 'b8605f1f80fadc085c243691afa4f14a' was completed in 0,09 seconds with the score of 980,75 (1 unrouted), using 183,36 CPU seconds and 12732 MB memory.
2026-09-27 10:59:37.393 INFO   [EA44D1\9AD6B4] Auto-router pass #165 on board 'b8605f1f80fadc085c243691afa4f14a' was completed in 0,06 seconds with the score of 980,75 (1 unrouted), using 183,36 CPU seconds and 12732 MB memory.
2026-09-27 10:59:37.471 INFO   [EA44D1\9AD6B4] Auto-router pass #166 on board 'b8605f1f80fadc085c243691afa4f14a' was completed in 0,07 seconds with the score of 980,75 (1 unrouted), using 183,36 CPU seconds and 12732 MB memory.
2026-09-27 10:59:37.540 INFO   [EA44D1\9AD6B4] Auto-router pass #167 on board 'b8605f1f80fadc085c243691afa4f14a' was completed in 0,06 seconds with the score of 980,75 (1 unrouted), using 202,72 CPU seconds and 13590 MB memory.
2026-09-27 10:59:37.641 INFO   [EA44D1\9AD6B4] Auto-router pass #168 on board 'b8605f1f80fadc085c243691afa4f14a' was completed in 0,09 seconds with the score of 980,75 (1 unrouted), using 202,72 CPU seconds and 13590 MB memory.
2026-09-27 10:59:37.722 INFO   [EA44D1\9AD6B4] Auto-router pass #169 on board 'b8605f1f80fadc085c243691afa4f14a' was completed in 0,07 seconds with the score of 980,75 (1 unrouted), using 202,72 CPU seconds and 13590 MB memory.
2026-09-27 10:59:37.783 INFO   [EA44D1\9AD6B4] Auto-router pass #170 on board 'b8605f1f80fadc085c243691afa4f14a' was completed in 0,06 seconds with the score of 980,75 (1 unrouted), using 202,72 CPU seconds and 13590 MB memory.
2026-09-27 10:59:37.850 INFO   [EA44D1\9AD6B4] Auto-router pass #171 on board 'b8605f1f80fadc085c243691afa4f14a' was completed in 0,06 seconds with the score of 980,75 (1 unrouted), using 202,72 CPU seconds and 13590 MB memory.
2026-09-27 10:59:37.954 INFO   [EA44D1\9AD6B4] Auto-router pass #172 on board 'b8605f1f80fadc085c243691afa4f14a' was completed in 0,10 seconds with the score of 980,75 (1 unrouted), using 202,72 CPU seconds and 13590 MB memory.
2026-09-27 10:59:38.021 INFO   [EA44D1\9AD6B4] Auto-router pass #173 on board 'b8605f1f80fadc085c243691afa4f14a' was completed in 0,06 seconds with the score of 980,75 (1 unrouted), using 202,72 CPU seconds and 13590 MB memory.
2026-09-27 10:59:38.092 INFO   [EA44D1\9AD6B4] Auto-router pass #174 on board 'b8605f1f80fadc085c243691afa4f14a' was completed in 0,06 seconds with the score of 980,75 (1 unrouted), using 202,72 CPU seconds and 13590 MB memory.
2026-09-27 10:59:38.167 INFO   [EA44D1\9AD6B4] Auto-router pass #175 on board 'b8605f1f80fadc085c243691afa4f14a' was completed in 0,07 seconds with the score of 980,75 (1 unrouted), using 202,72 CPU seconds and 13590 MB memory.
2026-09-27 10:59:38.269 INFO   [EA44D1\9AD6B4] Auto-router pass #176 on board 'b8605f1f80fadc085c243691afa4f14a' was completed in 0,09 seconds with the score of 980,75 (1 unrouted), using 202,72 CPU seconds and 13590 MB memory.
2026-09-27 10:59:38.341 INFO   [EA44D1\9AD6B4] Auto-router pass #177 on board 'b8605f1f80fadc085c243691afa4f14a' was completed in 0,07 seconds with the score of 980,75 (1 unrouted), using 202,72 CPU seconds and 13590 MB memory.
2026-09-27 10:59:38.412 INFO   [EA44D1\9AD6B4] Auto-router pass #178 on board 'b8605f1f80fadc085c243691afa4f14a' was completed in 0,07 seconds with the score of 980,75 (1 unrouted), using 202,72 CPU seconds and 13590 MB memory.
2026-09-27 10:59:38.493 INFO   [EA44D1\9AD6B4] Auto-router pass #179 on board 'b8605f1f80fadc085c243691afa4f14a' was completed in 0,07 seconds with the score of 980,75 (1 unrouted), using 202,72 CPU seconds and 13590 MB memory.
2026-09-27 10:59:38.609 INFO   [EA44D1\9AD6B4] Auto-router pass #180 on board 'b8605f1f80fadc085c243691afa4f14a' was completed in 0,11 seconds with the score of 980,75 (1 unrouted), using 223,08 CPU seconds and 14386 MB memory.
2026-09-27 10:59:38.694 INFO   [EA44D1\9AD6B4] Auto-router pass #181 on board 'b8605f1f80fadc085c243691afa4f14a' was completed in 0,08 seconds with the score of 980,75 (1 unrouted), using 223,08 CPU seconds and 14386 MB memory.
2026-09-27 10:59:38.766 INFO   [EA44D1\9AD6B4] Auto-router pass #182 on board 'b8605f1f80fadc085c243691afa4f14a' was completed in 0,07 seconds with the score of 980,75 (1 unrouted), using 223,08 CPU seconds and 14386 MB memory.
2026-09-27 10:59:38.844 INFO   [EA44D1\9AD6B4] Auto-router pass #183 on board 'b8605f1f80fadc085c243691afa4f14a' was completed in 0,07 seconds with the score of 980,75 (1 unrouted), using 223,08 CPU seconds and 14386 MB memory.
2026-09-27 10:59:38.975 INFO   [EA44D1\9AD6B4] Auto-router pass #184 on board 'b8605f1f80fadc085c243691afa4f14a' was completed in 0,12 seconds with the score of 980,75 (1 unrouted), using 223,08 CPU seconds and 14386 MB memory.
2026-09-27 10:59:39.057 INFO   [EA44D1\9AD6B4] Auto-router pass #185 on board 'b8605f1f80fadc085c243691afa4f14a' was completed in 0,07 seconds with the score of 980,75 (1 unrouted), using 223,08 CPU seconds and 14386 MB memory.
2026-09-27 10:59:39.149 INFO   [EA44D1\9AD6B4] Auto-router pass #186 on board 'b8605f1f80fadc085c243691afa4f14a' was completed in 0,08 seconds with the score of 980,75 (1 unrouted), using 223,08 CPU seconds and 14386 MB memory.
2026-09-27 10:59:39.237 INFO   [EA44D1\9AD6B4] Auto-router pass #187 on board 'b8605f1f80fadc085c243691afa4f14a' was completed in 0,08 seconds with the score of 980,75 (1 unrouted), using 223,08 CPU seconds and 14386 MB memory.
2026-09-27 10:59:39.350 INFO   [EA44D1\9AD6B4] Auto-router pass #188 on board 'b8605f1f80fadc085c243691afa4f14a' was completed in 0,10 seconds with the score of 980,75 (1 unrouted), using 223,08 CPU seconds and 14386 MB memory.
2026-09-27 10:59:39.424 INFO   [EA44D1\9AD6B4] Auto-router pass #189 on board 'b8605f1f80fadc085c243691afa4f14a' was completed in 0,07 seconds with the score of 980,75 (1 unrouted), using 223,08 CPU seconds and 14386 MB memory.
2026-09-27 10:59:39.515 INFO   [EA44D1\9AD6B4] Auto-router pass #190 on board 'b8605f1f80fadc085c243691afa4f14a' was completed in 0,09 seconds with the score of 980,75 (1 unrouted), using 223,08 CPU seconds and 14386 MB memory.
2026-09-27 10:59:39.594 INFO   [EA44D1\9AD6B4] Auto-router pass #191 on board 'b8605f1f80fadc085c243691afa4f14a' was completed in 0,07 seconds with the score of 980,75 (1 unrouted), using 244,42 CPU seconds and 15079 MB memory.
2026-09-27 10:59:39.715 INFO   [EA44D1\9AD6B4] Auto-router pass #192 on board 'b8605f1f80fadc085c243691afa4f14a' was completed in 0,12 seconds with the score of 980,75 (1 unrouted), using 244,42 CPU seconds and 15079 MB memory.
2026-09-27 10:59:39.802 INFO   [EA44D1\9AD6B4] Auto-router pass #193 on board 'b8605f1f80fadc085c243691afa4f14a' was completed in 0,08 seconds with the score of 980,75 (1 unrouted), using 244,42 CPU seconds and 15079 MB memory.
2026-09-27 10:59:39.881 INFO   [EA44D1\9AD6B4] Auto-router pass #194 on board 'b8605f1f80fadc085c243691afa4f14a' was completed in 0,07 seconds with the score of 980,75 (1 unrouted), using 244,42 CPU seconds and 15079 MB memory.
2026-09-27 10:59:39.959 INFO   [EA44D1\9AD6B4] Auto-router pass #195 on board 'b8605f1f80fadc085c243691afa4f14a' was completed in 0,07 seconds with the score of 980,75 (1 unrouted), using 244,42 CPU seconds and 15079 MB memory.
2026-09-27 10:59:40.081 INFO   [EA44D1\9AD6B4] Auto-router pass #196 on board 'b8605f1f80fadc085c243691afa4f14a' was completed in 0,11 seconds with the score of 980,75 (1 unrouted), using 244,42 CPU seconds and 15079 MB memory.
2026-09-27 10:59:40.157 INFO   [EA44D1\9AD6B4] Auto-router pass #197 on board 'b8605f1f80fadc085c243691afa4f14a' was completed in 0,07 seconds with the score of 980,75 (1 unrouted), using 244,42 CPU seconds and 15079 MB memory.
2026-09-27 10:59:40.234 INFO   [EA44D1\9AD6B4] Auto-router pass #198 on board 'b8605f1f80fadc085c243691afa4f14a' was completed in 0,07 seconds with the score of 980,75 (1 unrouted), using 244,42 CPU seconds and 15079 MB memory.
2026-09-27 10:59:40.305 INFO   [EA44D1\9AD6B4] Auto-router pass #199 on board 'b8605f1f80fadc085c243691afa4f14a' was completed in 0,07 seconds with the score of 980,75 (1 unrouted), using 244,42 CPU seconds and 15079 MB memory.
2026-09-27 10:59:40.437 INFO   [EA44D1\9AD6B4] Auto-router pass #200 on board 'b8605f1f80fadc085c243691afa4f14a' was completed in 0,12 seconds with the score of 980,75 (1 unrouted), using 244,42 CPU seconds and 15079 MB memory.
2026-09-27 10:59:40.514 INFO   [EA44D1\9AD6B4] Auto-router pass #201 on board 'b8605f1f80fadc085c243691afa4f14a' was completed in 0,07 seconds with the score of 980,75 (1 unrouted), using 244,42 CPU seconds and 15079 MB memory.
2026-09-27 10:59:40.578 INFO   [EA44D1\9AD6B4] Auto-router pass #202 on board 'b8605f1f80fadc085c243691afa4f14a' was completed in 0,06 seconds with the score of 980,75 (1 unrouted), using 266,78 CPU seconds and 15798 MB memory.
2026-09-27 10:59:40.648 INFO   [EA44D1\9AD6B4] Auto-router pass #203 on board 'b8605f1f80fadc085c243691afa4f14a' was completed in 0,06 seconds with the score of 980,75 (1 unrouted), using 266,78 CPU seconds and 15798 MB memory.
2026-09-27 10:59:40.762 INFO   [EA44D1\9AD6B4] Auto-router pass #204 on board 'b8605f1f80fadc085c243691afa4f14a' was completed in 0,11 seconds with the score of 980,75 (1 unrouted), using 266,78 CPU seconds and 15798 MB memory.
2026-09-27 10:59:40.836 INFO   [EA44D1\9AD6B4] Auto-router pass #205 on board 'b8605f1f80fadc085c243691afa4f14a' was completed in 0,07 seconds with the score of 980,75 (1 unrouted), using 266,78 CPU seconds and 15798 MB memory.
2026-09-27 10:59:40.909 INFO   [EA44D1\9AD6B4] Auto-router pass #206 on board 'b8605f1f80fadc085c243691afa4f14a' was completed in 0,07 seconds with the score of 980,75 (1 unrouted), using 266,78 CPU seconds and 15798 MB memory.
2026-09-27 10:59:40.986 INFO   [EA44D1\9AD6B4] Auto-router pass #207 on board 'b8605f1f80fadc085c243691afa4f14a' was completed in 0,07 seconds with the score of 980,75 (1 unrouted), using 266,78 CPU seconds and 15798 MB memory.
2026-09-27 10:59:41.094 INFO   [EA44D1\9AD6B4] Auto-router pass #208 on board 'b8605f1f80fadc085c243691afa4f14a' was completed in 0,10 seconds with the score of 980,75 (1 unrouted), using 266,78 CPU seconds and 15798 MB memory.
2026-09-27 10:59:41.172 INFO   [EA44D1\9AD6B4] Auto-router pass #209 on board 'b8605f1f80fadc085c243691afa4f14a' was completed in 0,07 seconds with the score of 980,75 (1 unrouted), using 266,78 CPU seconds and 15798 MB memory.
2026-09-27 10:59:41.248 INFO   [EA44D1\9AD6B4] Auto-router pass #210 on board 'b8605f1f80fadc085c243691afa4f14a' was completed in 0,07 seconds with the score of 980,75 (1 unrouted), using 266,78 CPU seconds and 15798 MB memory.
2026-09-27 10:59:41.323 INFO   [EA44D1\9AD6B4] Auto-router pass #211 on board 'b8605f1f80fadc085c243691afa4f14a' was completed in 0,07 seconds with the score of 980,75 (1 unrouted), using 266,78 CPU seconds and 15798 MB memory.
2026-09-27 10:59:41.438 INFO   [EA44D1\9AD6B4] Auto-router pass #212 on board 'b8605f1f80fadc085c243691afa4f14a' was completed in 0,11 seconds with the score of 980,75 (1 unrouted), using 266,78 CPU seconds and 15798 MB memory.
2026-09-27 10:59:41.514 INFO   [EA44D1\9AD6B4] Auto-router pass #213 on board 'b8605f1f80fadc085c243691afa4f14a' was completed in 0,07 seconds with the score of 980,75 (1 unrouted), using 266,78 CPU seconds and 15798 MB memory.
2026-09-27 10:59:41.587 INFO   [EA44D1\9AD6B4] Auto-router pass #214 on board 'b8605f1f80fadc085c243691afa4f14a' was completed in 0,07 seconds with the score of 980,75 (1 unrouted), using 290,16 CPU seconds and 16560 MB memory.
2026-09-27 10:59:41.666 INFO   [EA44D1\9AD6B4] Auto-router pass #215 on board 'b8605f1f80fadc085c243691afa4f14a' was completed in 0,07 seconds with the score of 980,75 (1 unrouted), using 290,16 CPU seconds and 16560 MB memory.
2026-09-27 10:59:41.783 INFO   [EA44D1\9AD6B4] Auto-router pass #216 on board 'b8605f1f80fadc085c243691afa4f14a' was completed in 0,11 seconds with the score of 980,75 (1 unrouted), using 290,16 CPU seconds and 16560 MB memory.
2026-09-27 10:59:41.869 INFO   [EA44D1\9AD6B4] Auto-router pass #217 on board 'b8605f1f80fadc085c243691afa4f14a' was completed in 0,08 seconds with the score of 980,75 (1 unrouted), using 290,16 CPU seconds and 16560 MB memory.
2026-09-27 10:59:41.949 INFO   [EA44D1\9AD6B4] Auto-router pass #218 on board 'b8605f1f80fadc085c243691afa4f14a' was completed in 0,07 seconds with the score of 980,75 (1 unrouted), using 290,16 CPU seconds and 16560 MB memory.
2026-09-27 10:59:42.039 INFO   [EA44D1\9AD6B4] Auto-router pass #219 on board 'b8605f1f80fadc085c243691afa4f14a' was completed in 0,08 seconds with the score of 980,75 (1 unrouted), using 290,16 CPU seconds and 16560 MB memory.
2026-09-27 10:59:42.159 INFO   [EA44D1\9AD6B4] Auto-router pass #220 on board 'b8605f1f80fadc085c243691afa4f14a' was completed in 0,12 seconds with the score of 980,75 (1 unrouted), using 290,16 CPU seconds and 16560 MB memory.
2026-09-27 10:59:42.232 INFO   [EA44D1\9AD6B4] Auto-router pass #221 on board 'b8605f1f80fadc085c243691afa4f14a' was completed in 0,07 seconds with the score of 980,75 (1 unrouted), using 290,16 CPU seconds and 16560 MB memory.
2026-09-27 10:59:42.308 INFO   [EA44D1\9AD6B4] Auto-router pass #222 on board 'b8605f1f80fadc085c243691afa4f14a' was completed in 0,07 seconds with the score of 980,75 (1 unrouted), using 290,16 CPU seconds and 16560 MB memory.
2026-09-27 10:59:42.390 INFO   [EA44D1\9AD6B4] Auto-router pass #223 on board 'b8605f1f80fadc085c243691afa4f14a' was completed in 0,08 seconds with the score of 980,75 (1 unrouted), using 290,16 CPU seconds and 16560 MB memory.
2026-09-27 10:59:42.514 INFO   [EA44D1\9AD6B4] Auto-router pass #224 on board 'b8605f1f80fadc085c243691afa4f14a' was completed in 0,12 seconds with the score of 980,75 (1 unrouted), using 290,16 CPU seconds and 16560 MB memory.
2026-09-27 10:59:42.607 INFO   [EA44D1\9AD6B4] Auto-router pass #225 on board 'b8605f1f80fadc085c243691afa4f14a' was completed in 0,08 seconds with the score of 980,75 (1 unrouted), using 314,55 CPU seconds and 17257 MB memory.
2026-09-27 10:59:42.681 INFO   [EA44D1\9AD6B4] Auto-router pass #226 on board 'b8605f1f80fadc085c243691afa4f14a' was completed in 0,07 seconds with the score of 980,75 (1 unrouted), using 314,55 CPU seconds and 17257 MB memory.
2026-09-27 10:59:42.754 INFO   [EA44D1\9AD6B4] Auto-router pass #227 on board 'b8605f1f80fadc085c243691afa4f14a' was completed in 0,07 seconds with the score of 980,75 (1 unrouted), using 314,55 CPU seconds and 17257 MB memory.
2026-09-27 10:59:42.866 INFO   [EA44D1\9AD6B4] Auto-router pass #228 on board 'b8605f1f80fadc085c243691afa4f14a' was completed in 0,11 seconds with the score of 980,75 (1 unrouted), using 314,55 CPU seconds and 17257 MB memory.
2026-09-27 10:59:42.951 INFO   [EA44D1\9AD6B4] Auto-router pass #229 on board 'b8605f1f80fadc085c243691afa4f14a' was completed in 0,08 seconds with the score of 980,75 (1 unrouted), using 314,55 CPU seconds and 17257 MB memory.
2026-09-27 10:59:43.031 INFO   [EA44D1\9AD6B4] Auto-router pass #230 on board 'b8605f1f80fadc085c243691afa4f14a' was completed in 0,07 seconds with the score of 980,75 (1 unrouted), using 314,55 CPU seconds and 17257 MB memory.
2026-09-27 10:59:43.191 INFO   [EA44D1\9AD6B4] Auto-router pass #231 on board 'b8605f1f80fadc085c243691afa4f14a' was completed in 0,15 seconds with the score of 980,75 (1 unrouted), using 314,55 CPU seconds and 17257 MB memory.
2026-09-27 10:59:43.315 INFO   [EA44D1\9AD6B4] Auto-router pass #232 on board 'b8605f1f80fadc085c243691afa4f14a' was completed in 0,12 seconds with the score of 980,75 (1 unrouted), using 314,55 CPU seconds and 17257 MB memory.
2026-09-27 10:59:43.398 INFO   [EA44D1\9AD6B4] Auto-router pass #233 on board 'b8605f1f80fadc085c243691afa4f14a' was completed in 0,07 seconds with the score of 980,75 (1 unrouted), using 314,55 CPU seconds and 17257 MB memory.
2026-09-27 10:59:43.487 INFO   [EA44D1\9AD6B4] Auto-router pass #234 on board 'b8605f1f80fadc085c243691afa4f14a' was completed in 0,08 seconds with the score of 980,75 (1 unrouted), using 314,55 CPU seconds and 17257 MB memory.
2026-09-27 10:59:43.588 INFO   [EA44D1\9AD6B4] Auto-router pass #235 on board 'b8605f1f80fadc085c243691afa4f14a' was completed in 0,09 seconds with the score of 980,75 (1 unrouted), using 339,84 CPU seconds and 17891 MB memory.
2026-09-27 10:59:43.710 INFO   [EA44D1\9AD6B4] Auto-router pass #236 on board 'b8605f1f80fadc085c243691afa4f14a' was completed in 0,11 seconds with the score of 980,75 (1 unrouted), using 339,84 CPU seconds and 17891 MB memory.
2026-09-27 10:59:43.787 INFO   [EA44D1\9AD6B4] Auto-router pass #237 on board 'b8605f1f80fadc085c243691afa4f14a' was completed in 0,07 seconds with the score of 980,75 (1 unrouted), using 339,84 CPU seconds and 17891 MB memory.
2026-09-27 10:59:43.865 INFO   [EA44D1\9AD6B4] Auto-router pass #238 on board 'b8605f1f80fadc085c243691afa4f14a' was completed in 0,07 seconds with the score of 980,75 (1 unrouted), using 339,84 CPU seconds and 17891 MB memory.
2026-09-27 10:59:43.944 INFO   [EA44D1\9AD6B4] Auto-router pass #239 on board 'b8605f1f80fadc085c243691afa4f14a' was completed in 0,07 seconds with the score of 980,75 (1 unrouted), using 339,84 CPU seconds and 17891 MB memory.
2026-09-27 10:59:44.062 INFO   [EA44D1\9AD6B4] Auto-router pass #240 on board 'b8605f1f80fadc085c243691afa4f14a' was completed in 0,11 seconds with the score of 980,75 (1 unrouted), using 339,84 CPU seconds and 17891 MB memory.
2026-09-27 10:59:44.148 INFO   [EA44D1\9AD6B4] Auto-router pass #241 on board 'b8605f1f80fadc085c243691afa4f14a' was completed in 0,08 seconds with the score of 980,75 (1 unrouted), using 339,84 CPU seconds and 17891 MB memory.
2026-09-27 10:59:44.224 INFO   [EA44D1\9AD6B4] Auto-router pass #242 on board 'b8605f1f80fadc085c243691afa4f14a' was completed in 0,07 seconds with the score of 980,75 (1 unrouted), using 339,84 CPU seconds and 17891 MB memory.
2026-09-27 10:59:44.309 INFO   [EA44D1\9AD6B4] Auto-router pass #243 on board 'b8605f1f80fadc085c243691afa4f14a' was completed in 0,08 seconds with the score of 980,75 (1 unrouted), using 339,84 CPU seconds and 17891 MB memory.
2026-09-27 10:59:44.418 INFO   [EA44D1\9AD6B4] Auto-router pass #244 on board 'b8605f1f80fadc085c243691afa4f14a' was completed in 0,10 seconds with the score of 980,75 (1 unrouted), using 339,84 CPU seconds and 17891 MB memory.
2026-09-27 10:59:44.509 INFO   [EA44D1\9AD6B4] Auto-router pass #245 on board 'b8605f1f80fadc085c243691afa4f14a' was completed in 0,08 seconds with the score of 980,75 (1 unrouted), using 339,84 CPU seconds and 17891 MB memory.
2026-09-27 10:59:44.629 INFO   [EA44D1\9AD6B4] Auto-router pass #246 on board 'b8605f1f80fadc085c243691afa4f14a' was completed in 0,11 seconds with the score of 980,75 (1 unrouted), using 366,12 CPU seconds and 18576 MB memory.
2026-09-27 10:59:44.707 INFO   [EA44D1\9AD6B4] Auto-router pass #247 on board 'b8605f1f80fadc085c243691afa4f14a' was completed in 0,07 seconds with the score of 980,75 (1 unrouted), using 366,12 CPU seconds and 18576 MB memory.
2026-09-27 10:59:44.834 INFO   [EA44D1\9AD6B4] Auto-router pass #248 on board 'b8605f1f80fadc085c243691afa4f14a' was completed in 0,12 seconds with the score of 980,75 (1 unrouted), using 366,12 CPU seconds and 18576 MB memory.
2026-09-27 10:59:44.915 INFO   [EA44D1\9AD6B4] Auto-router pass #249 on board 'b8605f1f80fadc085c243691afa4f14a' was completed in 0,07 seconds with the score of 980,75 (1 unrouted), using 366,12 CPU seconds and 18576 MB memory.
2026-09-27 10:59:44.984 INFO   [EA44D1\9AD6B4] Auto-router pass #250 on board 'b8605f1f80fadc085c243691afa4f14a' was completed in 0,06 seconds with the score of 980,75 (1 unrouted), using 366,12 CPU seconds and 18576 MB memory.
2026-09-27 10:59:45.050 INFO   [EA44D1\9AD6B4] Auto-router pass #251 on board 'b8605f1f80fadc085c243691afa4f14a' was completed in 0,06 seconds with the score of 980,75 (1 unrouted), using 366,12 CPU seconds and 18576 MB memory.
2026-09-27 10:59:45.162 INFO   [EA44D1\9AD6B4] Auto-router pass #252 on board 'b8605f1f80fadc085c243691afa4f14a' was completed in 0,11 seconds with the score of 980,75 (1 unrouted), using 366,12 CPU seconds and 18576 MB memory.
2026-09-27 10:59:45.236 INFO   [EA44D1\9AD6B4] Auto-router pass #253 on board 'b8605f1f80fadc085c243691afa4f14a' was completed in 0,07 seconds with the score of 980,75 (1 unrouted), using 366,12 CPU seconds and 18576 MB memory.
2026-09-27 10:59:45.300 INFO   [EA44D1\9AD6B4] Auto-router pass #254 on board 'b8605f1f80fadc085c243691afa4f14a' was completed in 0,06 seconds with the score of 980,75 (1 unrouted), using 366,12 CPU seconds and 18576 MB memory.
2026-09-27 10:59:45.373 INFO   [EA44D1\9AD6B4] Auto-router pass #255 on board 'b8605f1f80fadc085c243691afa4f14a' was completed in 0,06 seconds with the score of 980,75 (1 unrouted), using 366,12 CPU seconds and 18576 MB memory.
2026-09-27 10:59:45.488 INFO   [EA44D1\9AD6B4] Auto-router pass #256 on board 'b8605f1f80fadc085c243691afa4f14a' was completed in 0,11 seconds with the score of 980,75 (1 unrouted), using 366,12 CPU seconds and 18576 MB memory.
2026-09-27 10:59:45.576 INFO   [EA44D1\9AD6B4] Auto-router pass #257 on board 'b8605f1f80fadc085c243691afa4f14a' was completed in 0,08 seconds with the score of 980,75 (1 unrouted), using 366,12 CPU seconds and 18576 MB memory.
2026-09-27 10:59:45.686 INFO   [EA44D1\9AD6B4] Auto-router pass #258 on board 'b8605f1f80fadc085c243691afa4f14a' was completed in 0,10 seconds with the score of 980,75 (1 unrouted), using 393,41 CPU seconds and 19308 MB memory.
2026-09-27 10:59:45.814 INFO   [EA44D1\9AD6B4] Auto-router pass #259 on board 'b8605f1f80fadc085c243691afa4f14a' was completed in 0,12 seconds with the score of 980,75 (1 unrouted), using 393,41 CPU seconds and 19308 MB memory.
2026-09-27 10:59:45.983 INFO   [EA44D1\9AD6B4] Auto-router pass #260 on board 'b8605f1f80fadc085c243691afa4f14a' was completed in 0,16 seconds with the score of 980,75 (1 unrouted), using 393,41 CPU seconds and 19308 MB memory.
2026-09-27 10:59:46.063 INFO   [EA44D1\9AD6B4] Auto-router pass #261 on board 'b8605f1f80fadc085c243691afa4f14a' was completed in 0,07 seconds with the score of 980,75 (1 unrouted), using 393,41 CPU seconds and 19308 MB memory.
2026-09-27 10:59:46.152 INFO   [EA44D1\9AD6B4] Auto-router pass #262 on board 'b8605f1f80fadc085c243691afa4f14a' was completed in 0,08 seconds with the score of 980,75 (1 unrouted), using 393,41 CPU seconds and 19308 MB memory.
2026-09-27 10:59:46.247 INFO   [EA44D1\9AD6B4] Auto-router pass #263 on board 'b8605f1f80fadc085c243691afa4f14a' was completed in 0,09 seconds with the score of 980,75 (1 unrouted), using 393,41 CPU seconds and 19308 MB memory.
2026-09-27 10:59:46.414 INFO   [EA44D1\9AD6B4] Auto-router pass #264 on board 'b8605f1f80fadc085c243691afa4f14a' was completed in 0,16 seconds with the score of 980,75 (1 unrouted), using 393,41 CPU seconds and 19308 MB memory.
2026-09-27 10:59:46.527 INFO   [EA44D1\9AD6B4] Auto-router pass #265 on board 'b8605f1f80fadc085c243691afa4f14a' was completed in 0,10 seconds with the score of 980,75 (1 unrouted), using 393,41 CPU seconds and 19308 MB memory.
2026-09-27 10:59:46.619 INFO   [EA44D1\9AD6B4] Auto-router pass #266 on board 'b8605f1f80fadc085c243691afa4f14a' was completed in 0,09 seconds with the score of 980,75 (1 unrouted), using 421,59 CPU seconds and 19843 MB memory.
2026-09-27 10:59:46.712 INFO   [EA44D1\9AD6B4] Auto-router pass #267 on board 'b8605f1f80fadc085c243691afa4f14a' was completed in 0,08 seconds with the score of 980,75 (1 unrouted), using 421,59 CPU seconds and 19843 MB memory.
2026-09-27 10:59:46.857 INFO   [EA44D1\9AD6B4] Auto-router pass #268 on board 'b8605f1f80fadc085c243691afa4f14a' was completed in 0,14 seconds with the score of 980,75 (1 unrouted), using 421,59 CPU seconds and 19843 MB memory.
2026-09-27 10:59:46.939 INFO   [EA44D1\9AD6B4] Auto-router pass #269 on board 'b8605f1f80fadc085c243691afa4f14a' was completed in 0,08 seconds with the score of 980,75 (1 unrouted), using 421,59 CPU seconds and 19843 MB memory.
2026-09-27 10:59:47.025 INFO   [EA44D1\9AD6B4] Auto-router pass #270 on board 'b8605f1f80fadc085c243691afa4f14a' was completed in 0,08 seconds with the score of 980,75 (1 unrouted), using 421,59 CPU seconds and 19843 MB memory.
2026-09-27 10:59:47.115 INFO   [EA44D1\9AD6B4] Auto-router pass #271 on board 'b8605f1f80fadc085c243691afa4f14a' was completed in 0,08 seconds with the score of 980,75 (1 unrouted), using 421,59 CPU seconds and 19843 MB memory.
2026-09-27 10:59:47.229 INFO   [EA44D1\9AD6B4] Auto-router pass #272 on board 'b8605f1f80fadc085c243691afa4f14a' was completed in 0,10 seconds with the score of 980,75 (1 unrouted), using 421,59 CPU seconds and 19843 MB memory.
2026-09-27 10:59:47.306 INFO   [EA44D1\9AD6B4] Auto-router pass #273 on board 'b8605f1f80fadc085c243691afa4f14a' was completed in 0,07 seconds with the score of 980,75 (1 unrouted), using 421,59 CPU seconds and 19843 MB memory.
2026-09-27 10:59:47.385 INFO   [EA44D1\9AD6B4] Auto-router pass #274 on board 'b8605f1f80fadc085c243691afa4f14a' was completed in 0,07 seconds with the score of 980,75 (1 unrouted), using 421,59 CPU seconds and 19843 MB memory.
2026-09-27 10:59:47.455 INFO   [EA44D1\9AD6B4] Auto-router pass #275 on board 'b8605f1f80fadc085c243691afa4f14a' was completed in 0,06 seconds with the score of 980,75 (1 unrouted), using 421,59 CPU seconds and 19843 MB memory.
2026-09-27 10:59:47.584 INFO   [EA44D1\9AD6B4] Auto-router pass #276 on board 'b8605f1f80fadc085c243691afa4f14a' was completed in 0,12 seconds with the score of 980,75 (1 unrouted), using 421,59 CPU seconds and 19843 MB memory.
2026-09-27 10:59:47.650 INFO   [EA44D1\9AD6B4] Auto-router pass #277 on board 'b8605f1f80fadc085c243691afa4f14a' was completed in 0,06 seconds with the score of 980,75 (1 unrouted), using 450,73 CPU seconds and 20529 MB memory.
2026-09-27 10:59:47.717 INFO   [EA44D1\9AD6B4] Auto-router pass #278 on board 'b8605f1f80fadc085c243691afa4f14a' was completed in 0,06 seconds with the score of 980,75 (1 unrouted), using 450,73 CPU seconds and 20529 MB memory.
2026-09-27 10:59:47.788 INFO   [EA44D1\9AD6B4] Auto-router pass #279 on board 'b8605f1f80fadc085c243691afa4f14a' was completed in 0,07 seconds with the score of 980,75 (1 unrouted), using 450,73 CPU seconds and 20529 MB memory.
2026-09-27 10:59:47.893 INFO   [EA44D1\9AD6B4] Auto-router pass #280 on board 'b8605f1f80fadc085c243691afa4f14a' was completed in 0,10 seconds with the score of 980,75 (1 unrouted), using 450,73 CPU seconds and 20529 MB memory.
2026-09-27 10:59:47.962 INFO   [EA44D1\9AD6B4] Auto-router pass #281 on board 'b8605f1f80fadc085c243691afa4f14a' was completed in 0,06 seconds with the score of 980,75 (1 unrouted), using 450,73 CPU seconds and 20529 MB memory.
2026-09-27 10:59:48.035 INFO   [EA44D1\9AD6B4] Auto-router pass #282 on board 'b8605f1f80fadc085c243691afa4f14a' was completed in 0,07 seconds with the score of 980,75 (1 unrouted), using 450,73 CPU seconds and 20529 MB memory.
2026-09-27 10:59:48.102 INFO   [EA44D1\9AD6B4] Auto-router pass #283 on board 'b8605f1f80fadc085c243691afa4f14a' was completed in 0,06 seconds with the score of 980,75 (1 unrouted), using 450,73 CPU seconds and 20529 MB memory.
2026-09-27 10:59:48.208 INFO   [EA44D1\9AD6B4] Auto-router pass #284 on board 'b8605f1f80fadc085c243691afa4f14a' was completed in 0,10 seconds with the score of 980,75 (1 unrouted), using 450,73 CPU seconds and 20529 MB memory.
2026-09-27 10:59:48.279 INFO   [EA44D1\9AD6B4] Auto-router pass #285 on board 'b8605f1f80fadc085c243691afa4f14a' was completed in 0,07 seconds with the score of 980,75 (1 unrouted), using 450,73 CPU seconds and 20529 MB memory.
2026-09-27 10:59:48.352 INFO   [EA44D1\9AD6B4] Auto-router pass #286 on board 'b8605f1f80fadc085c243691afa4f14a' was completed in 0,07 seconds with the score of 980,75 (1 unrouted), using 450,73 CPU seconds and 20529 MB memory.
2026-09-27 10:59:48.422 INFO   [EA44D1\9AD6B4] Auto-router pass #287 on board 'b8605f1f80fadc085c243691afa4f14a' was completed in 0,06 seconds with the score of 980,75 (1 unrouted), using 450,73 CPU seconds and 20529 MB memory.
2026-09-27 10:59:48.541 INFO   [EA44D1\9AD6B4] Auto-router pass #288 on board 'b8605f1f80fadc085c243691afa4f14a' was completed in 0,11 seconds with the score of 980,75 (1 unrouted), using 450,73 CPU seconds and 20529 MB memory.
2026-09-27 10:59:48.625 INFO   [EA44D1\9AD6B4] Auto-router pass #289 on board 'b8605f1f80fadc085c243691afa4f14a' was completed in 0,07 seconds with the score of 980,75 (1 unrouted), using 450,73 CPU seconds and 20529 MB memory.
2026-09-27 10:59:48.691 INFO   [EA44D1\9AD6B4] Auto-router pass #290 on board 'b8605f1f80fadc085c243691afa4f14a' was completed in 0,06 seconds with the score of 980,75 (1 unrouted), using 480,88 CPU seconds and 21311 MB memory.
2026-09-27 10:59:48.762 INFO   [EA44D1\9AD6B4] Auto-router pass #291 on board 'b8605f1f80fadc085c243691afa4f14a' was completed in 0,07 seconds with the score of 980,75 (1 unrouted), using 480,88 CPU seconds and 21311 MB memory.
2026-09-27 10:59:48.875 INFO   [EA44D1\9AD6B4] Auto-router pass #292 on board 'b8605f1f80fadc085c243691afa4f14a' was completed in 0,11 seconds with the score of 980,75 (1 unrouted), using 480,88 CPU seconds and 21311 MB memory.
2026-09-27 10:59:48.945 INFO   [EA44D1\9AD6B4] Auto-router pass #293 on board 'b8605f1f80fadc085c243691afa4f14a' was completed in 0,06 seconds with the score of 980,75 (1 unrouted), using 480,88 CPU seconds and 21311 MB memory.
2026-09-27 10:59:49.032 INFO   [EA44D1\9AD6B4] Auto-router pass #294 on board 'b8605f1f80fadc085c243691afa4f14a' was completed in 0,08 seconds with the score of 980,75 (1 unrouted), using 480,88 CPU seconds and 21311 MB memory.
2026-09-27 10:59:49.108 INFO   [EA44D1\9AD6B4] Auto-router pass #295 on board 'b8605f1f80fadc085c243691afa4f14a' was completed in 0,07 seconds with the score of 980,75 (1 unrouted), using 480,88 CPU seconds and 21311 MB memory.
2026-09-27 10:59:49.214 INFO   [EA44D1\9AD6B4] Auto-router pass #296 on board 'b8605f1f80fadc085c243691afa4f14a' was completed in 0,10 seconds with the score of 980,75 (1 unrouted), using 480,88 CPU seconds and 21311 MB memory.
2026-09-27 10:59:49.293 INFO   [EA44D1\9AD6B4] Auto-router pass #297 on board 'b8605f1f80fadc085c243691afa4f14a' was completed in 0,07 seconds with the score of 980,75 (1 unrouted), using 480,88 CPU seconds and 21311 MB memory.
2026-09-27 10:59:49.369 INFO   [EA44D1\9AD6B4] Auto-router pass #298 on board 'b8605f1f80fadc085c243691afa4f14a' was completed in 0,07 seconds with the score of 980,75 (1 unrouted), using 480,88 CPU seconds and 21311 MB memory.
2026-09-27 10:59:49.452 INFO   [EA44D1\9AD6B4] Auto-router pass #299 on board 'b8605f1f80fadc085c243691afa4f14a' was completed in 0,08 seconds with the score of 980,75 (1 unrouted), using 480,88 CPU seconds and 21311 MB memory.
2026-09-27 10:59:49.559 INFO   [EA44D1\9AD6B4] Auto-router pass #300 on board 'b8605f1f80fadc085c243691afa4f14a' was completed in 0,10 seconds with the score of 980,75 (1 unrouted), using 480,88 CPU seconds and 21311 MB memory.
2026-09-27 10:59:49.633 INFO   [EA44D1\9AD6B4] Auto-router pass #301 on board 'b8605f1f80fadc085c243691afa4f14a' was completed in 0,07 seconds with the score of 980,75 (1 unrouted), using 480,88 CPU seconds and 21311 MB memory.
2026-09-27 10:59:49.707 INFO   [EA44D1\9AD6B4] Auto-router pass #302 on board 'b8605f1f80fadc085c243691afa4f14a' was completed in 0,07 seconds with the score of 980,75 (1 unrouted), using 512,00 CPU seconds and 22070 MB memory.
2026-09-27 10:59:49.782 INFO   [EA44D1\9AD6B4] Auto-router pass #303 on board 'b8605f1f80fadc085c243691afa4f14a' was completed in 0,07 seconds with the score of 980,75 (1 unrouted), using 512,00 CPU seconds and 22070 MB memory.
2026-09-27 10:59:49.886 INFO   [EA44D1\9AD6B4] Auto-router pass #304 on board 'b8605f1f80fadc085c243691afa4f14a' was completed in 0,10 seconds with the score of 980,75 (1 unrouted), using 512,00 CPU seconds and 22070 MB memory.
2026-09-27 10:59:49.961 INFO   [EA44D1\9AD6B4] Auto-router pass #305 on board 'b8605f1f80fadc085c243691afa4f14a' was completed in 0,07 seconds with the score of 980,75 (1 unrouted), using 512,00 CPU seconds and 22070 MB memory.
2026-09-27 10:59:50.037 INFO   [EA44D1\9AD6B4] Auto-router pass #306 on board 'b8605f1f80fadc085c243691afa4f14a' was completed in 0,07 seconds with the score of 980,75 (1 unrouted), using 512,00 CPU seconds and 22070 MB memory.
2026-09-27 10:59:50.136 INFO   [EA44D1\9AD6B4] Auto-router pass #307 on board 'b8605f1f80fadc085c243691afa4f14a' was completed in 0,09 seconds with the score of 980,75 (1 unrouted), using 512,00 CPU seconds and 22070 MB memory.
2026-09-27 10:59:50.247 INFO   [EA44D1\9AD6B4] Auto-router pass #308 on board 'b8605f1f80fadc085c243691afa4f14a' was completed in 0,10 seconds with the score of 980,75 (1 unrouted), using 512,00 CPU seconds and 22070 MB memory.
2026-09-27 10:59:50.318 INFO   [EA44D1\9AD6B4] Auto-router pass #309 on board 'b8605f1f80fadc085c243691afa4f14a' was completed in 0,07 seconds with the score of 980,75 (1 unrouted), using 512,00 CPU seconds and 22070 MB memory.
2026-09-27 10:59:50.394 INFO   [EA44D1\9AD6B4] Auto-router pass #310 on board 'b8605f1f80fadc085c243691afa4f14a' was completed in 0,07 seconds with the score of 980,75 (1 unrouted), using 512,00 CPU seconds and 22070 MB memory.
2026-09-27 10:59:50.473 INFO   [EA44D1\9AD6B4] Auto-router pass #311 on board 'b8605f1f80fadc085c243691afa4f14a' was completed in 0,07 seconds with the score of 980,75 (1 unrouted), using 512,00 CPU seconds and 22070 MB memory.
2026-09-27 10:59:50.589 INFO   [EA44D1\9AD6B4] Auto-router pass #312 on board 'b8605f1f80fadc085c243691afa4f14a' was completed in 0,11 seconds with the score of 980,75 (1 unrouted), using 512,00 CPU seconds and 22070 MB memory.
2026-09-27 10:59:50.670 INFO   [EA44D1\9AD6B4] Auto-router pass #313 on board 'b8605f1f80fadc085c243691afa4f14a' was completed in 0,08 seconds with the score of 980,75 (1 unrouted), using 544,11 CPU seconds and 22807 MB memory.
2026-09-27 10:59:50.745 INFO   [EA44D1\9AD6B4] Auto-router pass #314 on board 'b8605f1f80fadc085c243691afa4f14a' was completed in 0,07 seconds with the score of 980,75 (1 unrouted), using 544,11 CPU seconds and 22807 MB memory.
2026-09-27 10:59:50.822 INFO   [EA44D1\9AD6B4] Auto-router pass #315 on board 'b8605f1f80fadc085c243691afa4f14a' was completed in 0,07 seconds with the score of 980,75 (1 unrouted), using 544,11 CPU seconds and 22807 MB memory.
2026-09-27 10:59:50.949 INFO   [EA44D1\9AD6B4] Auto-router pass #316 on board 'b8605f1f80fadc085c243691afa4f14a' was completed in 0,12 seconds with the score of 980,75 (1 unrouted), using 544,11 CPU seconds and 22807 MB memory.
2026-09-27 10:59:51.029 INFO   [EA44D1\9AD6B4] Auto-router pass #317 on board 'b8605f1f80fadc085c243691afa4f14a' was completed in 0,07 seconds with the score of 980,75 (1 unrouted), using 544,11 CPU seconds and 22807 MB memory.
2026-09-27 10:59:51.099 INFO   [EA44D1\9AD6B4] Auto-router pass #318 on board 'b8605f1f80fadc085c243691afa4f14a' was completed in 0,06 seconds with the score of 980,75 (1 unrouted), using 544,11 CPU seconds and 22807 MB memory.
2026-09-27 10:59:51.168 INFO   [EA44D1\9AD6B4] Auto-router pass #319 on board 'b8605f1f80fadc085c243691afa4f14a' was completed in 0,06 seconds with the score of 980,75 (1 unrouted), using 544,11 CPU seconds and 22807 MB memory.
2026-09-27 10:59:51.275 INFO   [EA44D1\9AD6B4] Auto-router pass #320 on board 'b8605f1f80fadc085c243691afa4f14a' was completed in 0,10 seconds with the score of 980,75 (1 unrouted), using 544,11 CPU seconds and 22807 MB memory.
2026-09-27 10:59:51.342 INFO   [EA44D1\9AD6B4] Auto-router pass #321 on board 'b8605f1f80fadc085c243691afa4f14a' was completed in 0,06 seconds with the score of 980,75 (1 unrouted), using 544,11 CPU seconds and 22807 MB memory.
2026-09-27 10:59:51.412 INFO   [EA44D1\9AD6B4] Auto-router pass #322 on board 'b8605f1f80fadc085c243691afa4f14a' was completed in 0,07 seconds with the score of 980,75 (1 unrouted), using 544,11 CPU seconds and 22807 MB memory.
2026-09-27 10:59:51.487 INFO   [EA44D1\9AD6B4] Auto-router pass #323 on board 'b8605f1f80fadc085c243691afa4f14a' was completed in 0,07 seconds with the score of 980,75 (1 unrouted), using 544,11 CPU seconds and 22807 MB memory.
2026-09-27 10:59:51.596 INFO   [EA44D1\9AD6B4] Auto-router pass #324 on board 'b8605f1f80fadc085c243691afa4f14a' was completed in 0,10 seconds with the score of 980,75 (1 unrouted), using 544,11 CPU seconds and 22807 MB memory.
2026-09-27 10:59:51.665 INFO   [EA44D1\9AD6B4] Auto-router pass #325 on board 'b8605f1f80fadc085c243691afa4f14a' was completed in 0,06 seconds with the score of 980,75 (1 unrouted), using 577,22 CPU seconds and 23566 MB memory.
2026-09-27 10:59:51.735 INFO   [EA44D1\9AD6B4] Auto-router pass #326 on board 'b8605f1f80fadc085c243691afa4f14a' was completed in 0,06 seconds with the score of 980,75 (1 unrouted), using 577,22 CPU seconds and 23566 MB memory.
2026-09-27 10:59:51.811 INFO   [EA44D1\9AD6B4] Auto-router pass #327 on board 'b8605f1f80fadc085c243691afa4f14a' was completed in 0,07 seconds with the score of 980,75 (1 unrouted), using 577,22 CPU seconds and 23566 MB memory.
2026-09-27 10:59:51.921 INFO   [EA44D1\9AD6B4] Auto-router pass #328 on board 'b8605f1f80fadc085c243691afa4f14a' was completed in 0,10 seconds with the score of 980,75 (1 unrouted), using 577,22 CPU seconds and 23566 MB memory.
2026-09-27 10:59:51.991 INFO   [EA44D1\9AD6B4] Auto-router pass #329 on board 'b8605f1f80fadc085c243691afa4f14a' was completed in 0,06 seconds with the score of 980,75 (1 unrouted), using 577,22 CPU seconds and 23566 MB memory.
2026-09-27 10:59:52.059 INFO   [EA44D1\9AD6B4] Auto-router pass #330 on board 'b8605f1f80fadc085c243691afa4f14a' was completed in 0,06 seconds with the score of 980,75 (1 unrouted), using 577,22 CPU seconds and 23566 MB memory.
2026-09-27 10:59:52.128 INFO   [EA44D1\9AD6B4] Auto-router pass #331 on board 'b8605f1f80fadc085c243691afa4f14a' was completed in 0,06 seconds with the score of 980,75 (1 unrouted), using 577,22 CPU seconds and 23566 MB memory.
2026-09-27 10:59:52.234 INFO   [EA44D1\9AD6B4] Auto-router pass #332 on board 'b8605f1f80fadc085c243691afa4f14a' was completed in 0,10 seconds with the score of 980,75 (1 unrouted), using 577,22 CPU seconds and 23566 MB memory.
2026-09-27 10:59:52.318 INFO   [EA44D1\9AD6B4] Auto-router pass #333 on board 'b8605f1f80fadc085c243691afa4f14a' was completed in 0,07 seconds with the score of 980,75 (1 unrouted), using 577,22 CPU seconds and 23566 MB memory.
2026-09-27 10:59:52.396 INFO   [EA44D1\9AD6B4] Auto-router pass #334 on board 'b8605f1f80fadc085c243691afa4f14a' was completed in 0,07 seconds with the score of 980,75 (1 unrouted), using 577,22 CPU seconds and 23566 MB memory.
2026-09-27 10:59:52.481 INFO   [EA44D1\9AD6B4] Auto-router pass #335 on board 'b8605f1f80fadc085c243691afa4f14a' was completed in 0,08 seconds with the score of 980,75 (1 unrouted), using 577,22 CPU seconds and 23566 MB memory.
2026-09-27 10:59:52.592 INFO   [EA44D1\9AD6B4] Auto-router pass #336 on board 'b8605f1f80fadc085c243691afa4f14a' was completed in 0,10 seconds with the score of 980,75 (1 unrouted), using 577,22 CPU seconds and 23566 MB memory.
2026-09-27 10:59:52.663 INFO   [EA44D1\9AD6B4] Auto-router pass #337 on board 'b8605f1f80fadc085c243691afa4f14a' was completed in 0,06 seconds with the score of 980,75 (1 unrouted), using 611,33 CPU seconds and 24327 MB memory.
2026-09-27 10:59:52.736 INFO   [EA44D1\9AD6B4] Auto-router pass #338 on board 'b8605f1f80fadc085c243691afa4f14a' was completed in 0,07 seconds with the score of 980,75 (1 unrouted), using 611,33 CPU seconds and 24327 MB memory.
2026-09-27 10:59:52.808 INFO   [EA44D1\9AD6B4] Auto-router pass #339 on board 'b8605f1f80fadc085c243691afa4f14a' was completed in 0,07 seconds with the score of 980,75 (1 unrouted), using 611,33 CPU seconds and 24327 MB memory.
2026-09-27 10:59:52.912 INFO   [EA44D1\9AD6B4] Auto-router pass #340 on board 'b8605f1f80fadc085c243691afa4f14a' was completed in 0,10 seconds with the score of 980,75 (1 unrouted), using 611,33 CPU seconds and 24327 MB memory.
2026-09-27 10:59:52.978 INFO   [EA44D1\9AD6B4] Auto-router pass #341 on board 'b8605f1f80fadc085c243691afa4f14a' was completed in 0,06 seconds with the score of 980,75 (1 unrouted), using 611,33 CPU seconds and 24327 MB memory.
2026-09-27 10:59:53.055 INFO   [EA44D1\9AD6B4] Auto-router pass #342 on board 'b8605f1f80fadc085c243691afa4f14a' was completed in 0,07 seconds with the score of 980,75 (1 unrouted), using 611,33 CPU seconds and 24327 MB memory.
2026-09-27 10:59:53.126 INFO   [EA44D1\9AD6B4] Auto-router pass #343 on board 'b8605f1f80fadc085c243691afa4f14a' was completed in 0,06 seconds with the score of 980,75 (1 unrouted), using 611,33 CPU seconds and 24327 MB memory.
2026-09-27 10:59:53.233 INFO   [EA44D1\9AD6B4] Auto-router pass #344 on board 'b8605f1f80fadc085c243691afa4f14a' was completed in 0,10 seconds with the score of 980,75 (1 unrouted), using 611,33 CPU seconds and 24327 MB memory.
2026-09-27 10:59:53.309 INFO   [EA44D1\9AD6B4] Auto-router pass #345 on board 'b8605f1f80fadc085c243691afa4f14a' was completed in 0,07 seconds with the score of 980,75 (1 unrouted), using 611,33 CPU seconds and 24327 MB memory.
2026-09-27 10:59:53.380 INFO   [EA44D1\9AD6B4] Auto-router pass #346 on board 'b8605f1f80fadc085c243691afa4f14a' was completed in 0,07 seconds with the score of 980,75 (1 unrouted), using 611,33 CPU seconds and 24327 MB memory.
2026-09-27 10:59:53.451 INFO   [EA44D1\9AD6B4] Auto-router pass #347 on board 'b8605f1f80fadc085c243691afa4f14a' was completed in 0,07 seconds with the score of 980,75 (1 unrouted), using 611,33 CPU seconds and 24327 MB memory.
2026-09-27 10:59:53.556 INFO   [EA44D1\9AD6B4] Auto-router pass #348 on board 'b8605f1f80fadc085c243691afa4f14a' was completed in 0,10 seconds with the score of 980,75 (1 unrouted), using 611,33 CPU seconds and 24327 MB memory.
2026-09-27 10:59:53.639 INFO   [EA44D1\9AD6B4] Auto-router pass #349 on board 'b8605f1f80fadc085c243691afa4f14a' was completed in 0,07 seconds with the score of 980,75 (1 unrouted), using 611,33 CPU seconds and 24327 MB memory.
2026-09-27 10:59:53.705 INFO   [EA44D1\9AD6B4] Auto-router pass #350 on board 'b8605f1f80fadc085c243691afa4f14a' was completed in 0,06 seconds with the score of 980,75 (1 unrouted), using 646,39 CPU seconds and 25115 MB memory.
2026-09-27 10:59:53.775 INFO   [EA44D1\9AD6B4] Auto-router pass #351 on board 'b8605f1f80fadc085c243691afa4f14a' was completed in 0,07 seconds with the score of 980,75 (1 unrouted), using 646,39 CPU seconds and 25115 MB memory.
2026-09-27 10:59:53.885 INFO   [EA44D1\9AD6B4] Auto-router pass #352 on board 'b8605f1f80fadc085c243691afa4f14a' was completed in 0,10 seconds with the score of 980,75 (1 unrouted), using 646,39 CPU seconds and 25115 MB memory.
2026-09-27 10:59:53.952 INFO   [EA44D1\9AD6B4] Auto-router pass #353 on board 'b8605f1f80fadc085c243691afa4f14a' was completed in 0,06 seconds with the score of 980,75 (1 unrouted), using 646,39 CPU seconds and 25115 MB memory.
2026-09-27 10:59:54.024 INFO   [EA44D1\9AD6B4] Auto-router pass #354 on board 'b8605f1f80fadc085c243691afa4f14a' was completed in 0,07 seconds with the score of 980,75 (1 unrouted), using 646,39 CPU seconds and 25115 MB memory.
2026-09-27 10:59:54.103 INFO   [EA44D1\9AD6B4] Auto-router pass #355 on board 'b8605f1f80fadc085c243691afa4f14a' was completed in 0,07 seconds with the score of 980,75 (1 unrouted), using 646,39 CPU seconds and 25115 MB memory.
2026-09-27 10:59:54.220 INFO   [EA44D1\9AD6B4] Auto-router pass #356 on board 'b8605f1f80fadc085c243691afa4f14a' was completed in 0,11 seconds with the score of 980,75 (1 unrouted), using 646,39 CPU seconds and 25115 MB memory.
2026-09-27 10:59:54.291 INFO   [EA44D1\9AD6B4] Auto-router pass #357 on board 'b8605f1f80fadc085c243691afa4f14a' was completed in 0,06 seconds with the score of 980,75 (1 unrouted), using 646,39 CPU seconds and 25115 MB memory.
2026-09-27 10:59:54.371 INFO   [EA44D1\9AD6B4] Auto-router pass #358 on board 'b8605f1f80fadc085c243691afa4f14a' was completed in 0,07 seconds with the score of 980,75 (1 unrouted), using 646,39 CPU seconds and 25115 MB memory.
2026-09-27 10:59:54.447 INFO   [EA44D1\9AD6B4] Auto-router pass #359 on board 'b8605f1f80fadc085c243691afa4f14a' was completed in 0,07 seconds with the score of 980,75 (1 unrouted), using 646,39 CPU seconds and 25115 MB memory.
2026-09-27 10:59:54.571 INFO   [EA44D1\9AD6B4] Auto-router pass #360 on board 'b8605f1f80fadc085c243691afa4f14a' was completed in 0,12 seconds with the score of 980,75 (1 unrouted), using 646,39 CPU seconds and 25115 MB memory.
2026-09-27 10:59:54.638 INFO   [EA44D1\9AD6B4] Auto-router pass #361 on board 'b8605f1f80fadc085c243691afa4f14a' was completed in 0,06 seconds with the score of 980,75 (1 unrouted), using 646,39 CPU seconds and 25115 MB memory.
2026-09-27 10:59:54.718 INFO   [EA44D1\9AD6B4] Auto-router pass #362 on board 'b8605f1f80fadc085c243691afa4f14a' was completed in 0,07 seconds with the score of 980,75 (1 unrouted), using 682,47 CPU seconds and 25878 MB memory.
2026-09-27 10:59:54.797 INFO   [EA44D1\9AD6B4] Auto-router pass #363 on board 'b8605f1f80fadc085c243691afa4f14a' was completed in 0,07 seconds with the score of 980,75 (1 unrouted), using 682,47 CPU seconds and 25878 MB memory.
2026-09-27 10:59:54.902 INFO   [EA44D1\9AD6B4] Auto-router pass #364 on board 'b8605f1f80fadc085c243691afa4f14a' was completed in 0,10 seconds with the score of 980,75 (1 unrouted), using 682,47 CPU seconds and 25878 MB memory.
2026-09-27 10:59:54.984 INFO   [EA44D1\9AD6B4] Auto-router pass #365 on board 'b8605f1f80fadc085c243691afa4f14a' was completed in 0,08 seconds with the score of 980,75 (1 unrouted), using 682,47 CPU seconds and 25878 MB memory.
2026-09-27 10:59:55.057 INFO   [EA44D1\9AD6B4] Auto-router pass #366 on board 'b8605f1f80fadc085c243691afa4f14a' was completed in 0,07 seconds with the score of 980,75 (1 unrouted), using 682,47 CPU seconds and 25878 MB memory.
2026-09-27 10:59:55.132 INFO   [EA44D1\9AD6B4] Auto-router pass #367 on board 'b8605f1f80fadc085c243691afa4f14a' was completed in 0,07 seconds with the score of 980,75 (1 unrouted), using 682,47 CPU seconds and 25878 MB memory.
2026-09-27 10:59:55.233 INFO   [EA44D1\9AD6B4] Auto-router pass #368 on board 'b8605f1f80fadc085c243691afa4f14a' was completed in 0,09 seconds with the score of 980,75 (1 unrouted), using 682,47 CPU seconds and 25878 MB memory.
2026-09-27 10:59:55.300 INFO   [EA44D1\9AD6B4] Auto-router pass #369 on board 'b8605f1f80fadc085c243691afa4f14a' was completed in 0,06 seconds with the score of 980,75 (1 unrouted), using 682,47 CPU seconds and 25878 MB memory.
2026-09-27 10:59:55.377 INFO   [EA44D1\9AD6B4] Auto-router pass #370 on board 'b8605f1f80fadc085c243691afa4f14a' was completed in 0,07 seconds with the score of 980,75 (1 unrouted), using 682,47 CPU seconds and 25878 MB memory.
2026-09-27 10:59:55.447 INFO   [EA44D1\9AD6B4] Auto-router pass #371 on board 'b8605f1f80fadc085c243691afa4f14a' was completed in 0,06 seconds with the score of 980,75 (1 unrouted), using 682,47 CPU seconds and 25878 MB memory.
2026-09-27 10:59:55.557 INFO   [EA44D1\9AD6B4] Auto-router pass #372 on board 'b8605f1f80fadc085c243691afa4f14a' was completed in 0,10 seconds with the score of 980,75 (1 unrouted), using 682,47 CPU seconds and 25878 MB memory.
2026-09-27 10:59:55.643 INFO   [EA44D1\9AD6B4] Auto-router pass #373 on board 'b8605f1f80fadc085c243691afa4f14a' was completed in 0,08 seconds with the score of 980,75 (1 unrouted), using 682,47 CPU seconds and 25878 MB memory.
2026-09-27 10:59:55.710 INFO   [EA44D1\9AD6B4] Auto-router pass #374 on board 'b8605f1f80fadc085c243691afa4f14a' was completed in 0,06 seconds with the score of 980,75 (1 unrouted), using 719,52 CPU seconds and 26636 MB memory.
2026-09-27 10:59:55.784 INFO   [EA44D1\9AD6B4] Auto-router pass #375 on board 'b8605f1f80fadc085c243691afa4f14a' was completed in 0,07 seconds with the score of 980,75 (1 unrouted), using 719,52 CPU seconds and 26636 MB memory.
2026-09-27 10:59:55.884 INFO   [EA44D1\9AD6B4] Auto-router pass #376 on board 'b8605f1f80fadc085c243691afa4f14a' was completed in 0,09 seconds with the score of 980,75 (1 unrouted), using 719,52 CPU seconds and 26636 MB memory.
2026-09-27 10:59:55.980 INFO   [EA44D1\9AD6B4] Auto-router pass #377 on board 'b8605f1f80fadc085c243691afa4f14a' was completed in 0,09 seconds with the score of 980,75 (1 unrouted), using 719,52 CPU seconds and 26636 MB memory.
2026-09-27 10:59:56.045 INFO   [EA44D1\9AD6B4] Auto-router pass #378 on board 'b8605f1f80fadc085c243691afa4f14a' was completed in 0,06 seconds with the score of 980,75 (1 unrouted), using 719,52 CPU seconds and 26636 MB memory.
2026-09-27 10:59:56.114 INFO   [EA44D1\9AD6B4] Auto-router pass #379 on board 'b8605f1f80fadc085c243691afa4f14a' was completed in 0,06 seconds with the score of 980,75 (1 unrouted), using 719,52 CPU seconds and 26636 MB memory.
2026-09-27 10:59:56.216 INFO   [EA44D1\9AD6B4] Auto-router pass #380 on board 'b8605f1f80fadc085c243691afa4f14a' was completed in 0,10 seconds with the score of 980,75 (1 unrouted), using 719,52 CPU seconds and 26636 MB memory.
2026-09-27 10:59:56.284 INFO   [EA44D1\9AD6B4] Auto-router pass #381 on board 'b8605f1f80fadc085c243691afa4f14a' was completed in 0,06 seconds with the score of 980,75 (1 unrouted), using 719,52 CPU seconds and 26636 MB memory.
2026-09-27 10:59:56.355 INFO   [EA44D1\9AD6B4] Auto-router pass #382 on board 'b8605f1f80fadc085c243691afa4f14a' was completed in 0,06 seconds with the score of 980,75 (1 unrouted), using 719,52 CPU seconds and 26636 MB memory.
2026-09-27 10:59:56.438 INFO   [EA44D1\9AD6B4] Auto-router pass #383 on board 'b8605f1f80fadc085c243691afa4f14a' was completed in 0,08 seconds with the score of 980,75 (1 unrouted), using 719,52 CPU seconds and 26636 MB memory.
2026-09-27 10:59:56.557 INFO   [EA44D1\9AD6B4] Auto-router pass #384 on board 'b8605f1f80fadc085c243691afa4f14a' was completed in 0,11 seconds with the score of 980,75 (1 unrouted), using 719,52 CPU seconds and 26636 MB memory.
2026-09-27 10:59:56.629 INFO   [EA44D1\9AD6B4] Auto-router pass #385 on board 'b8605f1f80fadc085c243691afa4f14a' was completed in 0,07 seconds with the score of 980,75 (1 unrouted), using 719,52 CPU seconds and 26636 MB memory.
2026-09-27 10:59:56.700 INFO   [EA44D1\9AD6B4] Auto-router pass #386 on board 'b8605f1f80fadc085c243691afa4f14a' was completed in 0,07 seconds with the score of 980,75 (1 unrouted), using 757,58 CPU seconds and 27418 MB memory.
2026-09-27 10:59:56.770 INFO   [EA44D1\9AD6B4] Auto-router pass #387 on board 'b8605f1f80fadc085c243691afa4f14a' was completed in 0,06 seconds with the score of 980,75 (1 unrouted), using 757,58 CPU seconds and 27418 MB memory.
2026-09-27 10:59:56.872 INFO   [EA44D1\9AD6B4] Auto-router pass #388 on board 'b8605f1f80fadc085c243691afa4f14a' was completed in 0,10 seconds with the score of 980,75 (1 unrouted), using 757,58 CPU seconds and 27418 MB memory.
2026-09-27 10:59:56.960 INFO   [EA44D1\9AD6B4] Auto-router pass #389 on board 'b8605f1f80fadc085c243691afa4f14a' was completed in 0,08 seconds with the score of 980,75 (1 unrouted), using 757,58 CPU seconds and 27418 MB memory.
2026-09-27 10:59:57.026 INFO   [EA44D1\9AD6B4] Auto-router pass #390 on board 'b8605f1f80fadc085c243691afa4f14a' was completed in 0,06 seconds with the score of 980,75 (1 unrouted), using 757,58 CPU seconds and 27418 MB memory.
2026-09-27 10:59:57.093 INFO   [EA44D1\9AD6B4] Auto-router pass #391 on board 'b8605f1f80fadc085c243691afa4f14a' was completed in 0,06 seconds with the score of 980,75 (1 unrouted), using 757,58 CPU seconds and 27418 MB memory.
2026-09-27 10:59:57.198 INFO   [EA44D1\9AD6B4] Auto-router pass #392 on board 'b8605f1f80fadc085c243691afa4f14a' was completed in 0,10 seconds with the score of 980,75 (1 unrouted), using 757,58 CPU seconds and 27418 MB memory.
2026-09-27 10:59:57.267 INFO   [EA44D1\9AD6B4] Auto-router pass #393 on board 'b8605f1f80fadc085c243691afa4f14a' was completed in 0,06 seconds with the score of 980,75 (1 unrouted), using 757,58 CPU seconds and 27418 MB memory.
2026-09-27 10:59:57.338 INFO   [EA44D1\9AD6B4] Auto-router pass #394 on board 'b8605f1f80fadc085c243691afa4f14a' was completed in 0,07 seconds with the score of 980,75 (1 unrouted), using 757,58 CPU seconds and 27418 MB memory.
2026-09-27 10:59:57.411 INFO   [EA44D1\9AD6B4] Auto-router pass #395 on board 'b8605f1f80fadc085c243691afa4f14a' was completed in 0,07 seconds with the score of 980,75 (1 unrouted), using 757,58 CPU seconds and 27418 MB memory.
2026-09-27 10:59:57.519 INFO   [EA44D1\9AD6B4] Auto-router pass #396 on board 'b8605f1f80fadc085c243691afa4f14a' was completed in 0,10 seconds with the score of 980,75 (1 unrouted), using 757,58 CPU seconds and 27418 MB memory.
2026-09-27 10:59:57.588 INFO   [EA44D1\9AD6B4] Auto-router pass #397 on board 'b8605f1f80fadc085c243691afa4f14a' was completed in 0,06 seconds with the score of 980,75 (1 unrouted), using 757,58 CPU seconds and 27418 MB memory.
2026-09-27 10:59:57.659 INFO   [EA44D1\9AD6B4] Auto-router pass #398 on board 'b8605f1f80fadc085c243691afa4f14a' was completed in 0,06 seconds with the score of 980,75 (1 unrouted), using 757,58 CPU seconds and 27418 MB memory.
2026-09-27 10:59:57.728 INFO   [EA44D1\9AD6B4] Auto-router pass #399 on board 'b8605f1f80fadc085c243691afa4f14a' was completed in 0,06 seconds with the score of 980,75 (1 unrouted), using 796,59 CPU seconds and 28210 MB memory.
2026-09-27 10:59:57.839 INFO   [EA44D1\9AD6B4] Auto-router pass #400 on board 'b8605f1f80fadc085c243691afa4f14a' was completed in 0,10 seconds with the score of 980,75 (1 unrouted), using 796,59 CPU seconds and 28210 MB memory.
2026-09-27 10:59:57.906 INFO   [EA44D1\9AD6B4] Auto-router pass #401 on board 'b8605f1f80fadc085c243691afa4f14a' was completed in 0,06 seconds with the score of 980,75 (1 unrouted), using 796,59 CPU seconds and 28210 MB memory.
2026-09-27 10:59:57.972 INFO   [EA44D1\9AD6B4] Auto-router pass #402 on board 'b8605f1f80fadc085c243691afa4f14a' was completed in 0,06 seconds with the score of 980,75 (1 unrouted), using 796,59 CPU seconds and 28210 MB memory.
2026-09-27 10:59:58.041 INFO   [EA44D1\9AD6B4] Auto-router pass #403 on board 'b8605f1f80fadc085c243691afa4f14a' was completed in 0,06 seconds with the score of 980,75 (1 unrouted), using 796,59 CPU seconds and 28210 MB memory.
2026-09-27 10:59:58.157 INFO   [EA44D1\9AD6B4] Auto-router pass #404 on board 'b8605f1f80fadc085c243691afa4f14a' was completed in 0,11 seconds with the score of 980,75 (1 unrouted), using 796,59 CPU seconds and 28210 MB memory.
2026-09-27 10:59:58.228 INFO   [EA44D1\9AD6B4] Auto-router pass #405 on board 'b8605f1f80fadc085c243691afa4f14a' was completed in 0,06 seconds with the score of 980,75 (1 unrouted), using 796,59 CPU seconds and 28210 MB memory.
2026-09-27 10:59:58.311 INFO   [EA44D1\9AD6B4] Auto-router pass #406 on board 'b8605f1f80fadc085c243691afa4f14a' was completed in 0,08 seconds with the score of 980,75 (1 unrouted), using 796,59 CPU seconds and 28210 MB memory.
2026-09-27 10:59:58.400 INFO   [EA44D1\9AD6B4] Auto-router pass #407 on board 'b8605f1f80fadc085c243691afa4f14a' was completed in 0,08 seconds with the score of 980,75 (1 unrouted), using 796,59 CPU seconds and 28210 MB memory.
2026-09-27 10:59:58.516 INFO   [EA44D1\9AD6B4] Auto-router pass #408 on board 'b8605f1f80fadc085c243691afa4f14a' was completed in 0,11 seconds with the score of 980,75 (1 unrouted), using 796,59 CPU seconds and 28210 MB memory.
2026-09-27 10:59:58.588 INFO   [EA44D1\9AD6B4] Auto-router pass #409 on board 'b8605f1f80fadc085c243691afa4f14a' was completed in 0,07 seconds with the score of 980,75 (1 unrouted), using 796,59 CPU seconds and 28210 MB memory.
2026-09-27 10:59:58.665 INFO   [EA44D1\9AD6B4] Auto-router pass #410 on board 'b8605f1f80fadc085c243691afa4f14a' was completed in 0,07 seconds with the score of 980,75 (1 unrouted), using 796,59 CPU seconds and 28210 MB memory.
2026-09-27 10:59:58.737 INFO   [EA44D1\9AD6B4] Auto-router pass #411 on board 'b8605f1f80fadc085c243691afa4f14a' was completed in 0,07 seconds with the score of 980,75 (1 unrouted), using 836,62 CPU seconds and 28968 MB memory.
2026-09-27 10:59:58.843 INFO   [EA44D1\9AD6B4] Auto-router pass #412 on board 'b8605f1f80fadc085c243691afa4f14a' was completed in 0,10 seconds with the score of 980,75 (1 unrouted), using 836,62 CPU seconds and 28968 MB memory.
2026-09-27 10:59:58.914 INFO   [EA44D1\9AD6B4] Auto-router pass #413 on board 'b8605f1f80fadc085c243691afa4f14a' was completed in 0,07 seconds with the score of 980,75 (1 unrouted), using 836,62 CPU seconds and 28968 MB memory.
2026-09-27 10:59:58.993 INFO   [EA44D1\9AD6B4] Auto-router pass #414 on board 'b8605f1f80fadc085c243691afa4f14a' was completed in 0,07 seconds with the score of 980,75 (1 unrouted), using 836,62 CPU seconds and 28968 MB memory.
2026-09-27 10:59:59.063 INFO   [EA44D1\9AD6B4] Auto-router pass #415 on board 'b8605f1f80fadc085c243691afa4f14a' was completed in 0,06 seconds with the score of 980,75 (1 unrouted), using 836,62 CPU seconds and 28968 MB memory.
2026-09-27 10:59:59.185 INFO   [EA44D1\9AD6B4] Auto-router pass #416 on board 'b8605f1f80fadc085c243691afa4f14a' was completed in 0,12 seconds with the score of 980,75 (1 unrouted), using 836,62 CPU seconds and 28968 MB memory.
2026-09-27 10:59:59.253 INFO   [EA44D1\9AD6B4] Auto-router pass #417 on board 'b8605f1f80fadc085c243691afa4f14a' was completed in 0,06 seconds with the score of 980,75 (1 unrouted), using 836,62 CPU seconds and 28968 MB memory.
2026-09-27 10:59:59.341 INFO   [EA44D1\9AD6B4] Auto-router pass #418 on board 'b8605f1f80fadc085c243691afa4f14a' was completed in 0,08 seconds with the score of 980,75 (1 unrouted), using 836,62 CPU seconds and 28968 MB memory.
2026-09-27 10:59:59.422 INFO   [EA44D1\9AD6B4] Auto-router pass #419 on board 'b8605f1f80fadc085c243691afa4f14a' was completed in 0,07 seconds with the score of 980,75 (1 unrouted), using 836,62 CPU seconds and 28968 MB memory.
2026-09-27 10:59:59.535 INFO   [EA44D1\9AD6B4] Auto-router pass #420 on board 'b8605f1f80fadc085c243691afa4f14a' was completed in 0,10 seconds with the score of 980,75 (1 unrouted), using 836,62 CPU seconds and 28968 MB memory.
2026-09-27 10:59:59.605 INFO   [EA44D1\9AD6B4] Auto-router pass #421 on board 'b8605f1f80fadc085c243691afa4f14a' was completed in 0,06 seconds with the score of 980,75 (1 unrouted), using 836,62 CPU seconds and 28968 MB memory.
2026-09-27 10:59:59.675 INFO   [EA44D1\9AD6B4] Auto-router pass #422 on board 'b8605f1f80fadc085c243691afa4f14a' was completed in 0,07 seconds with the score of 980,75 (1 unrouted), using 836,62 CPU seconds and 28968 MB memory.
2026-09-27 10:59:59.745 INFO   [EA44D1\9AD6B4] Auto-router pass #423 on board 'b8605f1f80fadc085c243691afa4f14a' was completed in 0,06 seconds with the score of 980,75 (1 unrouted), using 877,66 CPU seconds and 29727 MB memory.
2026-09-27 10:59:59.860 INFO   [EA44D1\9AD6B4] Auto-router pass #424 on board 'b8605f1f80fadc085c243691afa4f14a' was completed in 0,11 seconds with the score of 980,75 (1 unrouted), using 877,66 CPU seconds and 29727 MB memory.
2026-09-27 10:59:59.931 INFO   [EA44D1\9AD6B4] Auto-router pass #425 on board 'b8605f1f80fadc085c243691afa4f14a' was completed in 0,07 seconds with the score of 980,75 (1 unrouted), using 877,66 CPU seconds and 29727 MB memory.
2026-09-27 11:00:00.012 INFO   [EA44D1\9AD6B4] Auto-router pass #426 on board 'b8605f1f80fadc085c243691afa4f14a' was completed in 0,08 seconds with the score of 980,75 (1 unrouted), using 877,66 CPU seconds and 29727 MB memory.
2026-09-27 11:00:00.110 INFO   [EA44D1\9AD6B4] Auto-router pass #427 on board 'b8605f1f80fadc085c243691afa4f14a' was completed in 0,09 seconds with the score of 980,75 (1 unrouted), using 877,66 CPU seconds and 29727 MB memory.
2026-09-27 11:00:00.220 INFO   [EA44D1\9AD6B4] Auto-router pass #428 on board 'b8605f1f80fadc085c243691afa4f14a' was completed in 0,10 seconds with the score of 980,75 (1 unrouted), using 877,66 CPU seconds and 29727 MB memory.
2026-09-27 11:00:00.304 INFO   [EA44D1\9AD6B4] Auto-router pass #429 on board 'b8605f1f80fadc085c243691afa4f14a' was completed in 0,08 seconds with the score of 980,75 (1 unrouted), using 877,66 CPU seconds and 29727 MB memory.
2026-09-27 11:00:00.406 INFO   [EA44D1\9AD6B4] Auto-router pass #430 on board 'b8605f1f80fadc085c243691afa4f14a' was completed in 0,09 seconds with the score of 980,75 (1 unrouted), using 877,66 CPU seconds and 29727 MB memory.
2026-09-27 11:00:00.498 INFO   [EA44D1\9AD6B4] Auto-router pass #431 on board 'b8605f1f80fadc085c243691afa4f14a' was completed in 0,09 seconds with the score of 980,75 (1 unrouted), using 877,66 CPU seconds and 29727 MB memory.
2026-09-27 11:00:00.611 INFO   [EA44D1\9AD6B4] Auto-router pass #432 on board 'b8605f1f80fadc085c243691afa4f14a' was completed in 0,11 seconds with the score of 980,75 (1 unrouted), using 877,66 CPU seconds and 29727 MB memory.
2026-09-27 11:00:00.693 INFO   [EA44D1\9AD6B4] Auto-router pass #433 on board 'b8605f1f80fadc085c243691afa4f14a' was completed in 0,08 seconds with the score of 980,75 (1 unrouted), using 877,66 CPU seconds and 29727 MB memory.
2026-09-27 11:00:00.772 INFO   [EA44D1\9AD6B4] Auto-router pass #434 on board 'b8605f1f80fadc085c243691afa4f14a' was completed in 0,07 seconds with the score of 980,75 (1 unrouted), using 919,64 CPU seconds and 30418 MB memory.
2026-09-27 11:00:00.859 INFO   [EA44D1\9AD6B4] Auto-router pass #435 on board 'b8605f1f80fadc085c243691afa4f14a' was completed in 0,08 seconds with the score of 980,75 (1 unrouted), using 919,64 CPU seconds and 30418 MB memory.
2026-09-27 11:00:00.989 INFO   [EA44D1\9AD6B4] Auto-router pass #436 on board 'b8605f1f80fadc085c243691afa4f14a' was completed in 0,12 seconds with the score of 980,75 (1 unrouted), using 919,64 CPU seconds and 30418 MB memory.
2026-09-27 11:00:01.075 INFO   [EA44D1\9AD6B4] Auto-router pass #437 on board 'b8605f1f80fadc085c243691afa4f14a' was completed in 0,08 seconds with the score of 980,75 (1 unrouted), using 919,64 CPU seconds and 30418 MB memory.
2026-09-27 11:00:01.157 INFO   [EA44D1\9AD6B4] Auto-router pass #438 on board 'b8605f1f80fadc085c243691afa4f14a' was completed in 0,08 seconds with the score of 980,75 (1 unrouted), using 919,64 CPU seconds and 30418 MB memory.
2026-09-27 11:00:01.244 INFO   [EA44D1\9AD6B4] Auto-router pass #439 on board 'b8605f1f80fadc085c243691afa4f14a' was completed in 0,08 seconds with the score of 980,75 (1 unrouted), using 919,64 CPU seconds and 30418 MB memory.
2026-09-27 11:00:01.382 INFO   [EA44D1\9AD6B4] Auto-router pass #440 on board 'b8605f1f80fadc085c243691afa4f14a' was completed in 0,13 seconds with the score of 980,75 (1 unrouted), using 919,64 CPU seconds and 30418 MB memory.
2026-09-27 11:00:01.473 INFO   [EA44D1\9AD6B4] Auto-router pass #441 on board 'b8605f1f80fadc085c243691afa4f14a' was completed in 0,08 seconds with the score of 980,75 (1 unrouted), using 919,64 CPU seconds and 30418 MB memory.
2026-09-27 11:00:01.550 INFO   [EA44D1\9AD6B4] Auto-router pass #442 on board 'b8605f1f80fadc085c243691afa4f14a' was completed in 0,07 seconds with the score of 980,75 (1 unrouted), using 919,64 CPU seconds and 30418 MB memory.
2026-09-27 11:00:01.631 INFO   [EA44D1\9AD6B4] Auto-router pass #443 on board 'b8605f1f80fadc085c243691afa4f14a' was completed in 0,07 seconds with the score of 980,75 (1 unrouted), using 919,64 CPU seconds and 30418 MB memory.
2026-09-27 11:00:01.746 INFO   [EA44D1\9AD6B4] Auto-router pass #444 on board 'b8605f1f80fadc085c243691afa4f14a' was completed in 0,11 seconds with the score of 980,75 (1 unrouted), using 962,59 CPU seconds and 31089 MB memory.
2026-09-27 11:00:01.829 INFO   [EA44D1\9AD6B4] Auto-router pass #445 on board 'b8605f1f80fadc085c243691afa4f14a' was completed in 0,07 seconds with the score of 980,75 (1 unrouted), using 962,59 CPU seconds and 31089 MB memory.
2026-09-27 11:00:01.919 INFO   [EA44D1\9AD6B4] Auto-router pass #446 on board 'b8605f1f80fadc085c243691afa4f14a' was completed in 0,08 seconds with the score of 980,75 (1 unrouted), using 962,59 CPU seconds and 31089 MB memory.
2026-09-27 11:00:02.006 INFO   [EA44D1\9AD6B4] Auto-router pass #447 on board 'b8605f1f80fadc085c243691afa4f14a' was completed in 0,08 seconds with the score of 980,75 (1 unrouted), using 962,59 CPU seconds and 31089 MB memory.
2026-09-27 11:00:02.117 INFO   [EA44D1\9AD6B4] Auto-router pass #448 on board 'b8605f1f80fadc085c243691afa4f14a' was completed in 0,11 seconds with the score of 980,75 (1 unrouted), using 962,59 CPU seconds and 31089 MB memory.
2026-09-27 11:00:02.194 INFO   [EA44D1\9AD6B4] Auto-router pass #449 on board 'b8605f1f80fadc085c243691afa4f14a' was completed in 0,07 seconds with the score of 980,75 (1 unrouted), using 962,59 CPU seconds and 31089 MB memory.
2026-09-27 11:00:02.275 INFO   [EA44D1\9AD6B4] Auto-router pass #450 on board 'b8605f1f80fadc085c243691afa4f14a' was completed in 0,07 seconds with the score of 980,75 (1 unrouted), using 962,59 CPU seconds and 31089 MB memory.
2026-09-27 11:00:02.349 INFO   [EA44D1\9AD6B4] Auto-router pass #451 on board 'b8605f1f80fadc085c243691afa4f14a' was completed in 0,07 seconds with the score of 980,75 (1 unrouted), using 962,59 CPU seconds and 31089 MB memory.
2026-09-27 11:00:02.472 INFO   [EA44D1\9AD6B4] Auto-router pass #452 on board 'b8605f1f80fadc085c243691afa4f14a' was completed in 0,12 seconds with the score of 980,75 (1 unrouted), using 962,59 CPU seconds and 31089 MB memory.
2026-09-27 11:00:02.557 INFO   [EA44D1\9AD6B4] Auto-router pass #453 on board 'b8605f1f80fadc085c243691afa4f14a' was completed in 0,08 seconds with the score of 980,75 (1 unrouted), using 962,59 CPU seconds and 31089 MB memory.
2026-09-27 11:00:02.636 INFO   [EA44D1\9AD6B4] Auto-router pass #454 on board 'b8605f1f80fadc085c243691afa4f14a' was completed in 0,07 seconds with the score of 980,75 (1 unrouted), using 962,59 CPU seconds and 31089 MB memory.
2026-09-27 11:00:02.722 INFO   [EA44D1\9AD6B4] Auto-router pass #455 on board 'b8605f1f80fadc085c243691afa4f14a' was completed in 0,08 seconds with the score of 980,75 (1 unrouted), using 962,59 CPU seconds and 31089 MB memory.
2026-09-27 11:00:02.855 INFO   [EA44D1\9AD6B4] Auto-router pass #456 on board 'b8605f1f80fadc085c243691afa4f14a' was completed in 0,12 seconds with the score of 980,75 (1 unrouted), using 1006,56 CPU seconds and 31782 MB memory.
2026-09-27 11:00:02.932 INFO   [EA44D1\9AD6B4] Auto-router pass #457 on board 'b8605f1f80fadc085c243691afa4f14a' was completed in 0,07 seconds with the score of 980,75 (1 unrouted), using 1006,56 CPU seconds and 31782 MB memory.
2026-09-27 11:00:03.025 INFO   [EA44D1\9AD6B4] Auto-router pass #458 on board 'b8605f1f80fadc085c243691afa4f14a' was completed in 0,09 seconds with the score of 980,75 (1 unrouted), using 1006,56 CPU seconds and 31782 MB memory.
2026-09-27 11:00:03.104 INFO   [EA44D1\9AD6B4] Auto-router pass #459 on board 'b8605f1f80fadc085c243691afa4f14a' was completed in 0,07 seconds with the score of 980,75 (1 unrouted), using 1006,56 CPU seconds and 31782 MB memory.
2026-09-27 11:00:03.227 INFO   [EA44D1\9AD6B4] Auto-router pass #460 on board 'b8605f1f80fadc085c243691afa4f14a' was completed in 0,11 seconds with the score of 980,75 (1 unrouted), using 1006,56 CPU seconds and 31782 MB memory.
2026-09-27 11:00:03.312 INFO   [EA44D1\9AD6B4] Auto-router pass #461 on board 'b8605f1f80fadc085c243691afa4f14a' was completed in 0,08 seconds with the score of 980,75 (1 unrouted), using 1006,56 CPU seconds and 31782 MB memory.
2026-09-27 11:00:03.391 INFO   [EA44D1\9AD6B4] Auto-router pass #462 on board 'b8605f1f80fadc085c243691afa4f14a' was completed in 0,07 seconds with the score of 980,75 (1 unrouted), using 1006,56 CPU seconds and 31782 MB memory.
2026-09-27 11:00:03.473 INFO   [EA44D1\9AD6B4] Auto-router pass #463 on board 'b8605f1f80fadc085c243691afa4f14a' was completed in 0,08 seconds with the score of 980,75 (1 unrouted), using 1006,56 CPU seconds and 31782 MB memory.
2026-09-27 11:00:03.602 INFO   [EA44D1\9AD6B4] Auto-router pass #464 on board 'b8605f1f80fadc085c243691afa4f14a' was completed in 0,12 seconds with the score of 980,75 (1 unrouted), using 1006,56 CPU seconds and 31782 MB memory.
2026-09-27 11:00:03.694 INFO   [EA44D1\9AD6B4] Auto-router pass #465 on board 'b8605f1f80fadc085c243691afa4f14a' was completed in 0,09 seconds with the score of 980,75 (1 unrouted), using 1006,56 CPU seconds and 31782 MB memory.
2026-09-27 11:00:03.782 INFO   [EA44D1\9AD6B4] Auto-router pass #466 on board 'b8605f1f80fadc085c243691afa4f14a' was completed in 0,08 seconds with the score of 980,75 (1 unrouted), using 1051,48 CPU seconds and 32447 MB memory.
2026-09-27 11:00:03.862 INFO   [EA44D1\9AD6B4] Auto-router pass #467 on board 'b8605f1f80fadc085c243691afa4f14a' was completed in 0,07 seconds with the score of 980,75 (1 unrouted), using 1051,48 CPU seconds and 32447 MB memory.
2026-09-27 11:00:04.015 INFO   [EA44D1\9AD6B4] Auto-router pass #468 on board 'b8605f1f80fadc085c243691afa4f14a' was completed in 0,14 seconds with the score of 980,75 (1 unrouted), using 1051,48 CPU seconds and 32447 MB memory.
2026-09-27 11:00:04.121 INFO   [EA44D1\9AD6B4] Auto-router pass #469 on board 'b8605f1f80fadc085c243691afa4f14a' was completed in 0,10 seconds with the score of 980,75 (1 unrouted), using 1051,48 CPU seconds and 32447 MB memory.
2026-09-27 11:00:04.216 INFO   [EA44D1\9AD6B4] Auto-router pass #470 on board 'b8605f1f80fadc085c243691afa4f14a' was completed in 0,09 seconds with the score of 980,75 (1 unrouted), using 1051,48 CPU seconds and 32447 MB memory.
2026-09-27 11:00:04.293 INFO   [EA44D1\9AD6B4] Auto-router pass #471 on board 'b8605f1f80fadc085c243691afa4f14a' was completed in 0,07 seconds with the score of 980,75 (1 unrouted), using 1051,48 CPU seconds and 32447 MB memory.
2026-09-27 11:00:04.403 INFO   [EA44D1\9AD6B4] Auto-router pass #472 on board 'b8605f1f80fadc085c243691afa4f14a' was completed in 0,10 seconds with the score of 980,75 (1 unrouted), using 1051,48 CPU seconds and 32447 MB memory.
2026-09-27 11:00:04.483 INFO   [EA44D1\9AD6B4] Auto-router pass #473 on board 'b8605f1f80fadc085c243691afa4f14a' was completed in 0,07 seconds with the score of 980,75 (1 unrouted), using 1051,48 CPU seconds and 32447 MB memory.
2026-09-27 11:00:04.564 INFO   [EA44D1\9AD6B4] Auto-router pass #474 on board 'b8605f1f80fadc085c243691afa4f14a' was completed in 0,07 seconds with the score of 980,75 (1 unrouted), using 1051,48 CPU seconds and 32447 MB memory.
2026-09-27 11:00:04.639 INFO   [EA44D1\9AD6B4] Auto-router pass #475 on board 'b8605f1f80fadc085c243691afa4f14a' was completed in 0,07 seconds with the score of 980,75 (1 unrouted), using 1051,48 CPU seconds and 32447 MB memory.
2026-09-27 11:00:04.752 INFO   [EA44D1\9AD6B4] Auto-router pass #476 on board 'b8605f1f80fadc085c243691afa4f14a' was completed in 0,11 seconds with the score of 980,75 (1 unrouted), using 1051,48 CPU seconds and 32447 MB memory.
2026-09-27 11:00:04.829 INFO   [EA44D1\9AD6B4] Auto-router pass #477 on board 'b8605f1f80fadc085c243691afa4f14a' was completed in 0,07 seconds with the score of 980,75 (1 unrouted), using 1097,39 CPU seconds and 33124 MB memory.
2026-09-27 11:00:04.928 INFO   [EA44D1\9AD6B4] Auto-router pass #478 on board 'b8605f1f80fadc085c243691afa4f14a' was completed in 0,09 seconds with the score of 980,75 (1 unrouted), using 1097,39 CPU seconds and 33124 MB memory.
2026-09-27 11:00:05.018 INFO   [EA44D1\9AD6B4] Auto-router pass #479 on board 'b8605f1f80fadc085c243691afa4f14a' was completed in 0,08 seconds with the score of 980,75 (1 unrouted), using 1097,39 CPU seconds and 33124 MB memory.
2026-09-27 11:00:05.122 INFO   [EA44D1\9AD6B4] Auto-router pass #480 on board 'b8605f1f80fadc085c243691afa4f14a' was completed in 0,10 seconds with the score of 980,75 (1 unrouted), using 1097,39 CPU seconds and 33124 MB memory.
2026-09-27 11:00:05.200 INFO   [EA44D1\9AD6B4] Auto-router pass #481 on board 'b8605f1f80fadc085c243691afa4f14a' was completed in 0,07 seconds with the score of 980,75 (1 unrouted), using 1097,39 CPU seconds and 33124 MB memory.
2026-09-27 11:00:05.268 INFO   [EA44D1\9AD6B4] Auto-router pass #482 on board 'b8605f1f80fadc085c243691afa4f14a' was completed in 0,06 seconds with the score of 980,75 (1 unrouted), using 1097,39 CPU seconds and 33124 MB memory.
2026-09-27 11:00:05.340 INFO   [EA44D1\9AD6B4] Auto-router pass #483 on board 'b8605f1f80fadc085c243691afa4f14a' was completed in 0,07 seconds with the score of 980,75 (1 unrouted), using 1097,39 CPU seconds and 33124 MB memory.
2026-09-27 11:00:05.461 INFO   [EA44D1\9AD6B4] Auto-router pass #484 on board 'b8605f1f80fadc085c243691afa4f14a' was completed in 0,12 seconds with the score of 980,75 (1 unrouted), using 1097,39 CPU seconds and 33124 MB memory.
2026-09-27 11:00:05.543 INFO   [EA44D1\9AD6B4] Auto-router pass #485 on board 'b8605f1f80fadc085c243691afa4f14a' was completed in 0,07 seconds with the score of 980,75 (1 unrouted), using 1097,39 CPU seconds and 33124 MB memory.
2026-09-27 11:00:05.624 INFO   [EA44D1\9AD6B4] Auto-router pass #486 on board 'b8605f1f80fadc085c243691afa4f14a' was completed in 0,07 seconds with the score of 980,75 (1 unrouted), using 1097,39 CPU seconds and 33124 MB memory.
2026-09-27 11:00:05.713 INFO   [EA44D1\9AD6B4] Auto-router pass #487 on board 'b8605f1f80fadc085c243691afa4f14a' was completed in 0,08 seconds with the score of 980,75 (1 unrouted), using 1097,39 CPU seconds and 33124 MB memory.
2026-09-27 11:00:05.874 INFO   [EA44D1\9AD6B4] Auto-router pass #488 on board 'b8605f1f80fadc085c243691afa4f14a' was completed in 0,16 seconds with the score of 980,75 (1 unrouted), using 1144,31 CPU seconds and 33819 MB memory.
2026-09-27 11:00:05.962 INFO   [EA44D1\9AD6B4] Auto-router pass #489 on board 'b8605f1f80fadc085c243691afa4f14a' was completed in 0,08 seconds with the score of 980,75 (1 unrouted), using 1144,31 CPU seconds and 33819 MB memory.
2026-09-27 11:00:06.058 INFO   [EA44D1\9AD6B4] Auto-router pass #490 on board 'b8605f1f80fadc085c243691afa4f14a' was completed in 0,09 seconds with the score of 980,75 (1 unrouted), using 1144,31 CPU seconds and 33819 MB memory.
2026-09-27 11:00:06.149 INFO   [EA44D1\9AD6B4] Auto-router pass #491 on board 'b8605f1f80fadc085c243691afa4f14a' was completed in 0,08 seconds with the score of 980,75 (1 unrouted), using 1144,31 CPU seconds and 33819 MB memory.
2026-09-27 11:00:06.290 INFO   [EA44D1\9AD6B4] Auto-router pass #492 on board 'b8605f1f80fadc085c243691afa4f14a' was completed in 0,13 seconds with the score of 980,75 (1 unrouted), using 1144,31 CPU seconds and 33819 MB memory.
2026-09-27 11:00:06.375 INFO   [EA44D1\9AD6B4] Auto-router pass #493 on board 'b8605f1f80fadc085c243691afa4f14a' was completed in 0,08 seconds with the score of 980,75 (1 unrouted), using 1144,31 CPU seconds and 33819 MB memory.
2026-09-27 11:00:06.462 INFO   [EA44D1\9AD6B4] Auto-router pass #494 on board 'b8605f1f80fadc085c243691afa4f14a' was completed in 0,08 seconds with the score of 980,75 (1 unrouted), using 1144,31 CPU seconds and 33819 MB memory.
2026-09-27 11:00:06.537 INFO   [EA44D1\9AD6B4] Auto-router pass #495 on board 'b8605f1f80fadc085c243691afa4f14a' was completed in 0,07 seconds with the score of 980,75 (1 unrouted), using 1144,31 CPU seconds and 33819 MB memory.
2026-09-27 11:00:06.659 INFO   [EA44D1\9AD6B4] Auto-router pass #496 on board 'b8605f1f80fadc085c243691afa4f14a' was completed in 0,12 seconds with the score of 980,75 (1 unrouted), using 1144,31 CPU seconds and 33819 MB memory.
2026-09-27 11:00:06.739 INFO   [EA44D1\9AD6B4] Auto-router pass #497 on board 'b8605f1f80fadc085c243691afa4f14a' was completed in 0,07 seconds with the score of 980,75 (1 unrouted), using 1144,31 CPU seconds and 33819 MB memory.
2026-09-27 11:00:06.834 INFO   [EA44D1\9AD6B4] Auto-router pass #498 on board 'b8605f1f80fadc085c243691afa4f14a' was completed in 0,09 seconds with the score of 980,75 (1 unrouted), using 1192,20 CPU seconds and 34463 MB memory.
2026-09-27 11:00:06.915 INFO   [EA44D1\9AD6B4] Auto-router pass #499 on board 'b8605f1f80fadc085c243691afa4f14a' was completed in 0,07 seconds with the score of 980,75 (1 unrouted), using 1192,20 CPU seconds and 34463 MB memory.
2026-09-27 11:00:07.045 INFO   [EA44D1\9AD6B4] Auto-router pass #500 on board 'b8605f1f80fadc085c243691afa4f14a' was completed in 0,12 seconds with the score of 980,75 (1 unrouted), using 1192,20 CPU seconds and 34463 MB memory.
2026-09-27 11:00:07.129 INFO   [EA44D1\9AD6B4] Auto-router pass #501 on board 'b8605f1f80fadc085c243691afa4f14a' was completed in 0,08 seconds with the score of 980,75 (1 unrouted), using 1192,20 CPU seconds and 34463 MB memory.
2026-09-27 11:00:07.208 INFO   [EA44D1\9AD6B4] Auto-router pass #502 on board 'b8605f1f80fadc085c243691afa4f14a' was completed in 0,07 seconds with the score of 980,75 (1 unrouted), using 1192,20 CPU seconds and 34463 MB memory.
2026-09-27 11:00:07.293 INFO   [EA44D1\9AD6B4] Auto-router pass #503 on board 'b8605f1f80fadc085c243691afa4f14a' was completed in 0,08 seconds with the score of 980,75 (1 unrouted), using 1192,20 CPU seconds and 34463 MB memory.
2026-09-27 11:00:07.424 INFO   [EA44D1\9AD6B4] Auto-router pass #504 on board 'b8605f1f80fadc085c243691afa4f14a' was completed in 0,12 seconds with the score of 980,75 (1 unrouted), using 1192,20 CPU seconds and 34463 MB memory.
2026-09-27 11:00:07.525 INFO   [EA44D1\9AD6B4] Auto-router pass #505 on board 'b8605f1f80fadc085c243691afa4f14a' was completed in 0,09 seconds with the score of 980,75 (1 unrouted), using 1192,20 CPU seconds and 34463 MB memory.
2026-09-27 11:00:07.615 INFO   [EA44D1\9AD6B4] Auto-router pass #506 on board 'b8605f1f80fadc085c243691afa4f14a' was completed in 0,08 seconds with the score of 980,75 (1 unrouted), using 1192,20 CPU seconds and 34463 MB memory.
2026-09-27 11:00:07.707 INFO   [EA44D1\9AD6B4] Auto-router pass #507 on board 'b8605f1f80fadc085c243691afa4f14a' was completed in 0,08 seconds with the score of 980,75 (1 unrouted), using 1192,20 CPU seconds and 34463 MB memory.
2026-09-27 11:00:07.860 INFO   [EA44D1\9AD6B4] Auto-router pass #508 on board 'b8605f1f80fadc085c243691afa4f14a' was completed in 0,14 seconds with the score of 980,75 (1 unrouted), using 1241,11 CPU seconds and 35103 MB memory.
2026-09-27 11:00:07.955 INFO   [EA44D1\9AD6B4] Auto-router pass #509 on board 'b8605f1f80fadc085c243691afa4f14a' was completed in 0,09 seconds with the score of 980,75 (1 unrouted), using 1241,11 CPU seconds and 35103 MB memory.
2026-09-27 11:00:08.053 INFO   [EA44D1\9AD6B4] Auto-router pass #510 on board 'b8605f1f80fadc085c243691afa4f14a' was completed in 0,09 seconds with the score of 980,75 (1 unrouted), using 1241,11 CPU seconds and 35103 MB memory.
2026-09-27 11:00:08.141 INFO   [EA44D1\9AD6B4] Auto-router pass #511 on board 'b8605f1f80fadc085c243691afa4f14a' was completed in 0,08 seconds with the score of 980,75 (1 unrouted), using 1241,11 CPU seconds and 35103 MB memory.
2026-09-27 11:00:08.268 INFO   [EA44D1\9AD6B4] Auto-router pass #512 on board 'b8605f1f80fadc085c243691afa4f14a' was completed in 0,12 seconds with the score of 980,75 (1 unrouted), using 1241,11 CPU seconds and 35103 MB memory.
2026-09-27 11:00:08.366 INFO   [EA44D1\9AD6B4] Auto-router pass #513 on board 'b8605f1f80fadc085c243691afa4f14a' was completed in 0,09 seconds with the score of 980,75 (1 unrouted), using 1241,11 CPU seconds and 35103 MB memory.
2026-09-27 11:00:08.464 INFO   [EA44D1\9AD6B4] Auto-router pass #514 on board 'b8605f1f80fadc085c243691afa4f14a' was completed in 0,09 seconds with the score of 980,75 (1 unrouted), using 1241,11 CPU seconds and 35103 MB memory.
2026-09-27 11:00:08.560 INFO   [EA44D1\9AD6B4] Auto-router pass #515 on board 'b8605f1f80fadc085c243691afa4f14a' was completed in 0,09 seconds with the score of 980,75 (1 unrouted), using 1241,11 CPU seconds and 35103 MB memory.
2026-09-27 11:00:08.683 INFO   [EA44D1\9AD6B4] Auto-router pass #516 on board 'b8605f1f80fadc085c243691afa4f14a' was completed in 0,12 seconds with the score of 980,75 (1 unrouted), using 1241,11 CPU seconds and 35103 MB memory.
2026-09-27 11:00:08.773 INFO   [EA44D1\9AD6B4] Auto-router pass #517 on board 'b8605f1f80fadc085c243691afa4f14a' was completed in 0,08 seconds with the score of 980,75 (1 unrouted), using 1241,11 CPU seconds and 35103 MB memory.
2026-09-27 11:00:08.863 INFO   [EA44D1\9AD6B4] Auto-router pass #518 on board 'b8605f1f80fadc085c243691afa4f14a' was completed in 0,08 seconds with the score of 980,75 (1 unrouted), using 1290,98 CPU seconds and 35721 MB memory.
2026-09-27 11:00:08.957 INFO   [EA44D1\9AD6B4] Auto-router pass #519 on board 'b8605f1f80fadc085c243691afa4f14a' was completed in 0,08 seconds with the score of 980,75 (1 unrouted), using 1290,98 CPU seconds and 35721 MB memory.
2026-09-27 11:00:09.104 INFO   [EA44D1\9AD6B4] Auto-router pass #520 on board 'b8605f1f80fadc085c243691afa4f14a' was completed in 0,14 seconds with the score of 980,75 (1 unrouted), using 1290,98 CPU seconds and 35721 MB memory.
2026-09-27 11:00:09.205 INFO   [EA44D1\9AD6B4] Auto-router pass #521 on board 'b8605f1f80fadc085c243691afa4f14a' was completed in 0,09 seconds with the score of 980,75 (1 unrouted), using 1290,98 CPU seconds and 35721 MB memory.
2026-09-27 11:00:09.290 INFO   [EA44D1\9AD6B4] Auto-router pass #522 on board 'b8605f1f80fadc085c243691afa4f14a' was completed in 0,08 seconds with the score of 980,75 (1 unrouted), using 1290,98 CPU seconds and 35721 MB memory.
2026-09-27 11:00:09.381 INFO   [EA44D1\9AD6B4] Auto-router pass #523 on board 'b8605f1f80fadc085c243691afa4f14a' was completed in 0,08 seconds with the score of 980,75 (1 unrouted), using 1290,98 CPU seconds and 35721 MB memory.
2026-09-27 11:00:09.505 INFO   [EA44D1\9AD6B4] Auto-router pass #524 on board 'b8605f1f80fadc085c243691afa4f14a' was completed in 0,12 seconds with the score of 980,75 (1 unrouted), using 1290,98 CPU seconds and 35721 MB memory.
2026-09-27 11:00:09.602 INFO   [EA44D1\9AD6B4] Auto-router pass #525 on board 'b8605f1f80fadc085c243691afa4f14a' was completed in 0,09 seconds with the score of 980,75 (1 unrouted), using 1290,98 CPU seconds and 35721 MB memory.
2026-09-27 11:00:09.691 INFO   [EA44D1\9AD6B4] Auto-router pass #526 on board 'b8605f1f80fadc085c243691afa4f14a' was completed in 0,08 seconds with the score of 980,75 (1 unrouted), using 1290,98 CPU seconds and 35721 MB memory.
2026-09-27 11:00:09.772 INFO   [EA44D1\9AD6B4] Auto-router pass #527 on board 'b8605f1f80fadc085c243691afa4f14a' was completed in 0,07 seconds with the score of 980,75 (1 unrouted), using 1290,98 CPU seconds and 35721 MB memory.
2026-09-27 11:00:09.895 INFO   [EA44D1\9AD6B4] Auto-router pass #528 on board 'b8605f1f80fadc085c243691afa4f14a' was completed in 0,12 seconds with the score of 980,75 (1 unrouted), using 1341,86 CPU seconds and 36348 MB memory.
2026-09-27 11:00:09.979 INFO   [EA44D1\9AD6B4] Auto-router pass #529 on board 'b8605f1f80fadc085c243691afa4f14a' was completed in 0,08 seconds with the score of 980,75 (1 unrouted), using 1341,86 CPU seconds and 36348 MB memory.
2026-09-27 11:00:10.069 INFO   [EA44D1\9AD6B4] Auto-router pass #530 on board 'b8605f1f80fadc085c243691afa4f14a' was completed in 0,08 seconds with the score of 980,75 (1 unrouted), using 1341,86 CPU seconds and 36348 MB memory.
2026-09-27 11:00:10.168 INFO   [EA44D1\9AD6B4] Auto-router pass #531 on board 'b8605f1f80fadc085c243691afa4f14a' was completed in 0,09 seconds with the score of 980,75 (1 unrouted), using 1341,86 CPU seconds and 36348 MB memory.
2026-09-27 11:00:10.303 INFO   [EA44D1\9AD6B4] Auto-router pass #532 on board 'b8605f1f80fadc085c243691afa4f14a' was completed in 0,13 seconds with the score of 980,75 (1 unrouted), using 1341,86 CPU seconds and 36348 MB memory.
2026-09-27 11:00:10.386 INFO   [EA44D1\9AD6B4] Auto-router pass #533 on board 'b8605f1f80fadc085c243691afa4f14a' was completed in 0,08 seconds with the score of 980,75 (1 unrouted), using 1341,86 CPU seconds and 36348 MB memory.
2026-09-27 11:00:10.483 INFO   [EA44D1\9AD6B4] Auto-router pass #534 on board 'b8605f1f80fadc085c243691afa4f14a' was completed in 0,09 seconds with the score of 980,75 (1 unrouted), using 1341,86 CPU seconds and 36348 MB memory.
2026-09-27 11:00:10.576 INFO   [EA44D1\9AD6B4] Auto-router pass #535 on board 'b8605f1f80fadc085c243691afa4f14a' was completed in 0,08 seconds with the score of 980,75 (1 unrouted), using 1341,86 CPU seconds and 36348 MB memory.
2026-09-27 11:00:10.699 INFO   [EA44D1\9AD6B4] Auto-router pass #536 on board 'b8605f1f80fadc085c243691afa4f14a' was completed in 0,11 seconds with the score of 980,75 (1 unrouted), using 1341,86 CPU seconds and 36348 MB memory.
2026-09-27 11:00:10.797 INFO   [EA44D1\9AD6B4] Auto-router pass #537 on board 'b8605f1f80fadc085c243691afa4f14a' was completed in 0,09 seconds with the score of 980,75 (1 unrouted), using 1341,86 CPU seconds and 36348 MB memory.
2026-09-27 11:00:10.881 INFO   [EA44D1\9AD6B4] Auto-router pass #538 on board 'b8605f1f80fadc085c243691afa4f14a' was completed in 0,08 seconds with the score of 980,75 (1 unrouted), using 1393,72 CPU seconds and 36985 MB memory.
2026-09-27 11:00:10.953 INFO   [EA44D1\9AD6B4] Auto-router pass #539 on board 'b8605f1f80fadc085c243691afa4f14a' was completed in 0,07 seconds with the score of 980,75 (1 unrouted), using 1393,72 CPU seconds and 36985 MB memory.
2026-09-27 11:00:11.076 INFO   [EA44D1\9AD6B4] Auto-router pass #540 on board 'b8605f1f80fadc085c243691afa4f14a' was completed in 0,11 seconds with the score of 980,75 (1 unrouted), using 1393,72 CPU seconds and 36985 MB memory.
2026-09-27 11:00:11.158 INFO   [EA44D1\9AD6B4] Auto-router pass #541 on board 'b8605f1f80fadc085c243691afa4f14a' was completed in 0,08 seconds with the score of 980,75 (1 unrouted), using 1393,72 CPU seconds and 36985 MB memory.
2026-09-27 11:00:11.241 INFO   [EA44D1\9AD6B4] Auto-router pass #542 on board 'b8605f1f80fadc085c243691afa4f14a' was completed in 0,08 seconds with the score of 980,75 (1 unrouted), using 1393,72 CPU seconds and 36985 MB memory.
2026-09-27 11:00:11.317 INFO   [EA44D1\9AD6B4] Auto-router pass #543 on board 'b8605f1f80fadc085c243691afa4f14a' was completed in 0,07 seconds with the score of 980,75 (1 unrouted), using 1393,72 CPU seconds and 36985 MB memory.
2026-09-27 11:00:11.425 INFO   [EA44D1\9AD6B4] Auto-router pass #544 on board 'b8605f1f80fadc085c243691afa4f14a' was completed in 0,10 seconds with the score of 980,75 (1 unrouted), using 1393,72 CPU seconds and 36985 MB memory.
2026-09-27 11:00:11.517 INFO   [EA44D1\9AD6B4] Auto-router pass #545 on board 'b8605f1f80fadc085c243691afa4f14a' was completed in 0,08 seconds with the score of 980,75 (1 unrouted), using 1393,72 CPU seconds and 36985 MB memory.
2026-09-27 11:00:11.599 INFO   [EA44D1\9AD6B4] Auto-router pass #546 on board 'b8605f1f80fadc085c243691afa4f14a' was completed in 0,07 seconds with the score of 980,75 (1 unrouted), using 1393,72 CPU seconds and 36985 MB memory.
2026-09-27 11:00:11.680 INFO   [EA44D1\9AD6B4] Auto-router pass #547 on board 'b8605f1f80fadc085c243691afa4f14a' was completed in 0,07 seconds with the score of 980,75 (1 unrouted), using 1393,72 CPU seconds and 36985 MB memory.
2026-09-27 11:00:11.812 INFO   [EA44D1\9AD6B4] Auto-router pass #548 on board 'b8605f1f80fadc085c243691afa4f14a' was completed in 0,12 seconds with the score of 980,75 (1 unrouted), using 1393,72 CPU seconds and 36985 MB memory.
2026-09-27 11:00:11.894 INFO   [EA44D1\9AD6B4] Auto-router pass #549 on board 'b8605f1f80fadc085c243691afa4f14a' was completed in 0,08 seconds with the score of 980,75 (1 unrouted), using 1446,56 CPU seconds and 37676 MB memory.
2026-09-27 11:00:11.976 INFO   [EA44D1\9AD6B4] Auto-router pass #550 on board 'b8605f1f80fadc085c243691afa4f14a' was completed in 0,08 seconds with the score of 980,75 (1 unrouted), using 1446,56 CPU seconds and 37676 MB memory.
2026-09-27 11:00:12.055 INFO   [EA44D1\9AD6B4] Auto-router pass #551 on board 'b8605f1f80fadc085c243691afa4f14a' was completed in 0,07 seconds with the score of 980,75 (1 unrouted), using 1446,56 CPU seconds and 37676 MB memory.
2026-09-27 11:00:12.185 INFO   [EA44D1\9AD6B4] Auto-router pass #552 on board 'b8605f1f80fadc085c243691afa4f14a' was completed in 0,12 seconds with the score of 980,75 (1 unrouted), using 1446,56 CPU seconds and 37676 MB memory.
2026-09-27 11:00:12.280 INFO   [EA44D1\9AD6B4] Auto-router pass #553 on board 'b8605f1f80fadc085c243691afa4f14a' was completed in 0,09 seconds with the score of 980,75 (1 unrouted), using 1446,56 CPU seconds and 37676 MB memory.
2026-09-27 11:00:12.361 INFO   [EA44D1\9AD6B4] Auto-router pass #554 on board 'b8605f1f80fadc085c243691afa4f14a' was completed in 0,08 seconds with the score of 980,75 (1 unrouted), using 1446,56 CPU seconds and 37676 MB memory.
2026-09-27 11:00:12.443 INFO   [EA44D1\9AD6B4] Auto-router pass #555 on board 'b8605f1f80fadc085c243691afa4f14a' was completed in 0,07 seconds with the score of 980,75 (1 unrouted), using 1446,56 CPU seconds and 37676 MB memory.
2026-09-27 11:00:12.575 INFO   [EA44D1\9AD6B4] Auto-router pass #556 on board 'b8605f1f80fadc085c243691afa4f14a' was completed in 0,13 seconds with the score of 980,75 (1 unrouted), using 1446,56 CPU seconds and 37676 MB memory.
2026-09-27 11:00:12.661 INFO   [EA44D1\9AD6B4] Auto-router pass #557 on board 'b8605f1f80fadc085c243691afa4f14a' was completed in 0,08 seconds with the score of 980,75 (1 unrouted), using 1446,56 CPU seconds and 37676 MB memory.
2026-09-27 11:00:12.752 INFO   [EA44D1\9AD6B4] Auto-router pass #558 on board 'b8605f1f80fadc085c243691afa4f14a' was completed in 0,08 seconds with the score of 980,75 (1 unrouted), using 1446,56 CPU seconds and 37676 MB memory.
2026-09-27 11:00:12.836 INFO   [EA44D1\9AD6B4] Auto-router pass #559 on board 'b8605f1f80fadc085c243691afa4f14a' was completed in 0,07 seconds with the score of 980,75 (1 unrouted), using 1446,56 CPU seconds and 37676 MB memory.
2026-09-27 11:00:12.943 INFO   [EA44D1\9AD6B4] Auto-router pass #560 on board 'b8605f1f80fadc085c243691afa4f14a' was completed in 0,10 seconds with the score of 980,75 (1 unrouted), using 1500,39 CPU seconds and 38339 MB memory.
2026-09-27 11:00:13.015 INFO   [EA44D1\9AD6B4] Auto-router pass #561 on board 'b8605f1f80fadc085c243691afa4f14a' was completed in 0,06 seconds with the score of 980,75 (1 unrouted), using 1500,39 CPU seconds and 38339 MB memory.
2026-09-27 11:00:13.093 INFO   [EA44D1\9AD6B4] Auto-router pass #562 on board 'b8605f1f80fadc085c243691afa4f14a' was completed in 0,07 seconds with the score of 980,75 (1 unrouted), using 1500,39 CPU seconds and 38339 MB memory.
2026-09-27 11:00:13.175 INFO   [EA44D1\9AD6B4] Auto-router pass #563 on board 'b8605f1f80fadc085c243691afa4f14a' was completed in 0,07 seconds with the score of 980,75 (1 unrouted), using 1500,39 CPU seconds and 38339 MB memory.
2026-09-27 11:00:13.305 INFO   [EA44D1\9AD6B4] Auto-router pass #564 on board 'b8605f1f80fadc085c243691afa4f14a' was completed in 0,12 seconds with the score of 980,75 (1 unrouted), using 1500,39 CPU seconds and 38339 MB memory.
2026-09-27 11:00:13.375 INFO   [EA44D1\9AD6B4] Auto-router pass #565 on board 'b8605f1f80fadc085c243691afa4f14a' was completed in 0,06 seconds with the score of 980,75 (1 unrouted), using 1500,39 CPU seconds and 38339 MB memory.
2026-09-27 11:00:13.450 INFO   [EA44D1\9AD6B4] Auto-router pass #566 on board 'b8605f1f80fadc085c243691afa4f14a' was completed in 0,07 seconds with the score of 980,75 (1 unrouted), using 1500,39 CPU seconds and 38339 MB memory.
2026-09-27 11:00:13.530 INFO   [EA44D1\9AD6B4] Auto-router pass #567 on board 'b8605f1f80fadc085c243691afa4f14a' was completed in 0,07 seconds with the score of 980,75 (1 unrouted), using 1500,39 CPU seconds and 38339 MB memory.
2026-09-27 11:00:13.651 INFO   [EA44D1\9AD6B4] Auto-router pass #568 on board 'b8605f1f80fadc085c243691afa4f14a' was completed in 0,12 seconds with the score of 980,75 (1 unrouted), using 1500,39 CPU seconds and 38339 MB memory.
2026-09-27 11:00:13.739 INFO   [EA44D1\9AD6B4] Auto-router pass #569 on board 'b8605f1f80fadc085c243691afa4f14a' was completed in 0,08 seconds with the score of 980,75 (1 unrouted), using 1500,39 CPU seconds and 38339 MB memory.
2026-09-27 11:00:13.811 INFO   [EA44D1\9AD6B4] Auto-router pass #570 on board 'b8605f1f80fadc085c243691afa4f14a' was completed in 0,07 seconds with the score of 980,75 (1 unrouted), using 1500,39 CPU seconds and 38339 MB memory.
2026-09-27 11:00:13.897 INFO   [EA44D1\9AD6B4] Auto-router pass #571 on board 'b8605f1f80fadc085c243691afa4f14a' was completed in 0,08 seconds with the score of 980,75 (1 unrouted), using 1555,20 CPU seconds and 39062 MB memory.
2026-09-27 11:00:14.039 INFO   [EA44D1\9AD6B4] Auto-router pass #572 on board 'b8605f1f80fadc085c243691afa4f14a' was completed in 0,14 seconds with the score of 980,75 (1 unrouted), using 1555,20 CPU seconds and 39062 MB memory.
2026-09-27 11:00:14.134 INFO   [EA44D1\9AD6B4] Auto-router pass #573 on board 'b8605f1f80fadc085c243691afa4f14a' was completed in 0,09 seconds with the score of 980,75 (1 unrouted), using 1555,20 CPU seconds and 39062 MB memory.
2026-09-27 11:00:14.227 INFO   [EA44D1\9AD6B4] Auto-router pass #574 on board 'b8605f1f80fadc085c243691afa4f14a' was completed in 0,08 seconds with the score of 980,75 (1 unrouted), using 1555,20 CPU seconds and 39062 MB memory.
2026-09-27 11:00:14.313 INFO   [EA44D1\9AD6B4] Auto-router pass #575 on board 'b8605f1f80fadc085c243691afa4f14a' was completed in 0,08 seconds with the score of 980,75 (1 unrouted), using 1555,20 CPU seconds and 39062 MB memory.
2026-09-27 11:00:14.434 INFO   [EA44D1\9AD6B4] Auto-router pass #576 on board 'b8605f1f80fadc085c243691afa4f14a' was completed in 0,11 seconds with the score of 980,75 (1 unrouted), using 1555,20 CPU seconds and 39062 MB memory.
2026-09-27 11:00:14.520 INFO   [EA44D1\9AD6B4] Auto-router pass #577 on board 'b8605f1f80fadc085c243691afa4f14a' was completed in 0,08 seconds with the score of 980,75 (1 unrouted), using 1555,20 CPU seconds and 39062 MB memory.
2026-09-27 11:00:14.612 INFO   [EA44D1\9AD6B4] Auto-router pass #578 on board 'b8605f1f80fadc085c243691afa4f14a' was completed in 0,09 seconds with the score of 980,75 (1 unrouted), using 1555,20 CPU seconds and 39062 MB memory.
2026-09-27 11:00:14.712 INFO   [EA44D1\9AD6B4] Auto-router pass #579 on board 'b8605f1f80fadc085c243691afa4f14a' was completed in 0,09 seconds with the score of 980,75 (1 unrouted), using 1555,20 CPU seconds and 39062 MB memory.
2026-09-27 11:00:14.838 INFO   [EA44D1\9AD6B4] Auto-router pass #580 on board 'b8605f1f80fadc085c243691afa4f14a' was completed in 0,12 seconds with the score of 980,75 (1 unrouted), using 1555,20 CPU seconds and 39062 MB memory.
2026-09-27 11:00:14.928 INFO   [EA44D1\9AD6B4] Auto-router pass #581 on board 'b8605f1f80fadc085c243691afa4f14a' was completed in 0,08 seconds with the score of 980,75 (1 unrouted), using 1610,98 CPU seconds and 39693 MB memory.
2026-09-27 11:00:15.013 INFO   [EA44D1\9AD6B4] Auto-router pass #582 on board 'b8605f1f80fadc085c243691afa4f14a' was completed in 0,08 seconds with the score of 980,75 (1 unrouted), using 1610,98 CPU seconds and 39693 MB memory.
2026-09-27 11:00:15.097 INFO   [EA44D1\9AD6B4] Auto-router pass #583 on board 'b8605f1f80fadc085c243691afa4f14a' was completed in 0,07 seconds with the score of 980,75 (1 unrouted), using 1610,98 CPU seconds and 39693 MB memory.
2026-09-27 11:00:15.217 INFO   [EA44D1\9AD6B4] Auto-router pass #584 on board 'b8605f1f80fadc085c243691afa4f14a' was completed in 0,11 seconds with the score of 980,75 (1 unrouted), using 1610,98 CPU seconds and 39693 MB memory.
2026-09-27 11:00:15.291 INFO   [EA44D1\9AD6B4] Auto-router pass #585 on board 'b8605f1f80fadc085c243691afa4f14a' was completed in 0,07 seconds with the score of 980,75 (1 unrouted), using 1610,98 CPU seconds and 39693 MB memory.
2026-09-27 11:00:15.359 INFO   [EA44D1\9AD6B4] Auto-router pass #586 on board 'b8605f1f80fadc085c243691afa4f14a' was completed in 0,06 seconds with the score of 980,75 (1 unrouted), using 1610,98 CPU seconds and 39693 MB memory.
2026-09-27 11:00:15.432 INFO   [EA44D1\9AD6B4] Auto-router pass #587 on board 'b8605f1f80fadc085c243691afa4f14a' was completed in 0,07 seconds with the score of 980,75 (1 unrouted), using 1610,98 CPU seconds and 39693 MB memory.
2026-09-27 11:00:15.568 INFO   [EA44D1\9AD6B4] Auto-router pass #588 on board 'b8605f1f80fadc085c243691afa4f14a' was completed in 0,13 seconds with the score of 980,75 (1 unrouted), using 1610,98 CPU seconds and 39693 MB memory.
2026-09-27 11:00:15.661 INFO   [EA44D1\9AD6B4] Auto-router pass #589 on board 'b8605f1f80fadc085c243691afa4f14a' was completed in 0,09 seconds with the score of 980,75 (1 unrouted), using 1610,98 CPU seconds and 39693 MB memory.
2026-09-27 11:00:15.754 INFO   [EA44D1\9AD6B4] Auto-router pass #590 on board 'b8605f1f80fadc085c243691afa4f14a' was completed in 0,08 seconds with the score of 980,75 (1 unrouted), using 1610,98 CPU seconds and 39693 MB memory.
2026-09-27 11:00:15.834 INFO   [EA44D1\9AD6B4] Auto-router pass #591 on board 'b8605f1f80fadc085c243691afa4f14a' was completed in 0,07 seconds with the score of 980,75 (1 unrouted), using 1610,98 CPU seconds and 39693 MB memory.
2026-09-27 11:00:15.952 INFO   [EA44D1\9AD6B4] Auto-router pass #592 on board 'b8605f1f80fadc085c243691afa4f14a' was completed in 0,11 seconds with the score of 980,75 (1 unrouted), using 1667,72 CPU seconds and 40375 MB memory.
2026-09-27 11:00:16.042 INFO   [EA44D1\9AD6B4] Auto-router pass #593 on board 'b8605f1f80fadc085c243691afa4f14a' was completed in 0,08 seconds with the score of 980,75 (1 unrouted), using 1667,72 CPU seconds and 40375 MB memory.
2026-09-27 11:00:16.118 INFO   [EA44D1\9AD6B4] Auto-router pass #594 on board 'b8605f1f80fadc085c243691afa4f14a' was completed in 0,07 seconds with the score of 980,75 (1 unrouted), using 1667,72 CPU seconds and 40375 MB memory.
2026-09-27 11:00:16.197 INFO   [EA44D1\9AD6B4] Auto-router pass #595 on board 'b8605f1f80fadc085c243691afa4f14a' was completed in 0,07 seconds with the score of 980,75 (1 unrouted), using 1667,72 CPU seconds and 40375 MB memory.
2026-09-27 11:00:16.323 INFO   [EA44D1\9AD6B4] Auto-router pass #596 on board 'b8605f1f80fadc085c243691afa4f14a' was completed in 0,12 seconds with the score of 980,75 (1 unrouted), using 1667,72 CPU seconds and 40375 MB memory.
2026-09-27 11:00:16.407 INFO   [EA44D1\9AD6B4] Auto-router pass #597 on board 'b8605f1f80fadc085c243691afa4f14a' was completed in 0,08 seconds with the score of 980,75 (1 unrouted), using 1667,72 CPU seconds and 40375 MB memory.
2026-09-27 11:00:16.496 INFO   [EA44D1\9AD6B4] Auto-router pass #598 on board 'b8605f1f80fadc085c243691afa4f14a' was completed in 0,08 seconds with the score of 980,75 (1 unrouted), using 1667,72 CPU seconds and 40375 MB memory.
2026-09-27 11:00:16.583 INFO   [EA44D1\9AD6B4] Auto-router pass #599 on board 'b8605f1f80fadc085c243691afa4f14a' was completed in 0,08 seconds with the score of 980,75 (1 unrouted), using 1667,72 CPU seconds and 40375 MB memory.
2026-09-27 11:00:16.707 INFO   [EA44D1\9AD6B4] Auto-router pass #600 on board 'b8605f1f80fadc085c243691afa4f14a' was completed in 0,12 seconds with the score of 980,75 (1 unrouted), using 1667,72 CPU seconds and 40375 MB memory.
2026-09-27 11:00:16.791 INFO   [EA44D1\9AD6B4] Auto-router pass #601 on board 'b8605f1f80fadc085c243691afa4f14a' was completed in 0,07 seconds with the score of 980,75 (1 unrouted), using 1667,72 CPU seconds and 40375 MB memory.
2026-09-27 11:00:16.872 INFO   [EA44D1\9AD6B4] Auto-router pass #602 on board 'b8605f1f80fadc085c243691afa4f14a' was completed in 0,07 seconds with the score of 980,75 (1 unrouted), using 1667,72 CPU seconds and 40375 MB memory.
2026-09-27 11:00:16.947 INFO   [EA44D1\9AD6B4] Auto-router pass #603 on board 'b8605f1f80fadc085c243691afa4f14a' was completed in 0,07 seconds with the score of 980,75 (1 unrouted), using 1725,44 CPU seconds and 41059 MB memory.
2026-09-27 11:00:17.080 INFO   [EA44D1\9AD6B4] Auto-router pass #604 on board 'b8605f1f80fadc085c243691afa4f14a' was completed in 0,13 seconds with the score of 980,75 (1 unrouted), using 1725,44 CPU seconds and 41059 MB memory.
2026-09-27 11:00:17.161 INFO   [EA44D1\9AD6B4] Auto-router pass #605 on board 'b8605f1f80fadc085c243691afa4f14a' was completed in 0,07 seconds with the score of 980,75 (1 unrouted), using 1725,44 CPU seconds and 41059 MB memory.
2026-09-27 11:00:17.243 INFO   [EA44D1\9AD6B4] Auto-router pass #606 on board 'b8605f1f80fadc085c243691afa4f14a' was completed in 0,08 seconds with the score of 980,75 (1 unrouted), using 1725,44 CPU seconds and 41059 MB memory.
2026-09-27 11:00:17.325 INFO   [EA44D1\9AD6B4] Auto-router pass #607 on board 'b8605f1f80fadc085c243691afa4f14a' was completed in 0,08 seconds with the score of 980,75 (1 unrouted), using 1725,44 CPU seconds and 41059 MB memory.
2026-09-27 11:00:17.453 INFO   [EA44D1\9AD6B4] Auto-router pass #608 on board 'b8605f1f80fadc085c243691afa4f14a' was completed in 0,12 seconds with the score of 980,75 (1 unrouted), using 1725,44 CPU seconds and 41059 MB memory.
2026-09-27 11:00:17.535 INFO   [EA44D1\9AD6B4] Auto-router pass #609 on board 'b8605f1f80fadc085c243691afa4f14a' was completed in 0,07 seconds with the score of 980,75 (1 unrouted), using 1725,44 CPU seconds and 41059 MB memory.
2026-09-27 11:00:17.622 INFO   [EA44D1\9AD6B4] Auto-router pass #610 on board 'b8605f1f80fadc085c243691afa4f14a' was completed in 0,08 seconds with the score of 980,75 (1 unrouted), using 1725,44 CPU seconds and 41059 MB memory.
2026-09-27 11:00:17.726 INFO   [EA44D1\9AD6B4] Auto-router pass #611 on board 'b8605f1f80fadc085c243691afa4f14a' was completed in 0,09 seconds with the score of 980,75 (1 unrouted), using 1725,44 CPU seconds and 41059 MB memory.
2026-09-27 11:00:17.869 INFO   [EA44D1\9AD6B4] Auto-router pass #612 on board 'b8605f1f80fadc085c243691afa4f14a' was completed in 0,14 seconds with the score of 980,75 (1 unrouted), using 1725,44 CPU seconds and 41059 MB memory.
2026-09-27 11:00:17.947 INFO   [EA44D1\9AD6B4] Auto-router pass #613 on board 'b8605f1f80fadc085c243691afa4f14a' was completed in 0,07 seconds with the score of 980,75 (1 unrouted), using 1784,17 CPU seconds and 41709 MB memory.
2026-09-27 11:00:18.031 INFO   [EA44D1\9AD6B4] Auto-router pass #614 on board 'b8605f1f80fadc085c243691afa4f14a' was completed in 0,08 seconds with the score of 980,75 (1 unrouted), using 1784,17 CPU seconds and 41709 MB memory.
2026-09-27 11:00:18.128 INFO   [EA44D1\9AD6B4] Auto-router pass #615 on board 'b8605f1f80fadc085c243691afa4f14a' was completed in 0,09 seconds with the score of 980,75 (1 unrouted), using 1784,17 CPU seconds and 41709 MB memory.
2026-09-27 11:00:18.261 INFO   [EA44D1\9AD6B4] Auto-router pass #616 on board 'b8605f1f80fadc085c243691afa4f14a' was completed in 0,12 seconds with the score of 980,75 (1 unrouted), using 1784,17 CPU seconds and 41709 MB memory.
2026-09-27 11:00:18.344 INFO   [EA44D1\9AD6B4] Auto-router pass #617 on board 'b8605f1f80fadc085c243691afa4f14a' was completed in 0,08 seconds with the score of 980,75 (1 unrouted), using 1784,17 CPU seconds and 41709 MB memory.
2026-09-27 11:00:18.425 INFO   [EA44D1\9AD6B4] Auto-router pass #618 on board 'b8605f1f80fadc085c243691afa4f14a' was completed in 0,08 seconds with the score of 980,75 (1 unrouted), using 1784,17 CPU seconds and 41709 MB memory.
2026-09-27 11:00:18.524 INFO   [EA44D1\9AD6B4] Auto-router pass #619 on board 'b8605f1f80fadc085c243691afa4f14a' was completed in 0,09 seconds with the score of 980,75 (1 unrouted), using 1784,17 CPU seconds and 41709 MB memory.
2026-09-27 11:00:18.654 INFO   [EA44D1\9AD6B4] Auto-router pass #620 on board 'b8605f1f80fadc085c243691afa4f14a' was completed in 0,12 seconds with the score of 980,75 (1 unrouted), using 1784,17 CPU seconds and 41709 MB memory.
2026-09-27 11:00:18.741 INFO   [EA44D1\9AD6B4] Auto-router pass #621 on board 'b8605f1f80fadc085c243691afa4f14a' was completed in 0,08 seconds with the score of 980,75 (1 unrouted), using 1784,17 CPU seconds and 41709 MB memory.
2026-09-27 11:00:18.835 INFO   [EA44D1\9AD6B4] Auto-router pass #622 on board 'b8605f1f80fadc085c243691afa4f14a' was completed in 0,09 seconds with the score of 980,75 (1 unrouted), using 1784,17 CPU seconds and 41709 MB memory.
2026-09-27 11:00:18.915 INFO   [EA44D1\9AD6B4] Auto-router pass #623 on board 'b8605f1f80fadc085c243691afa4f14a' was completed in 0,07 seconds with the score of 980,75 (1 unrouted), using 1784,17 CPU seconds and 41709 MB memory.
2026-09-27 11:00:19.040 INFO   [EA44D1\9AD6B4] Auto-router pass #624 on board 'b8605f1f80fadc085c243691afa4f14a' was completed in 0,12 seconds with the score of 980,75 (1 unrouted), using 1843,89 CPU seconds and 42361 MB memory.
2026-09-27 11:00:19.128 INFO   [EA44D1\9AD6B4] Auto-router pass #625 on board 'b8605f1f80fadc085c243691afa4f14a' was completed in 0,08 seconds with the score of 980,75 (1 unrouted), using 1843,89 CPU seconds and 42361 MB memory.
2026-09-27 11:00:19.218 INFO   [EA44D1\9AD6B4] Auto-router pass #626 on board 'b8605f1f80fadc085c243691afa4f14a' was completed in 0,08 seconds with the score of 980,75 (1 unrouted), using 1843,89 CPU seconds and 42361 MB memory.
2026-09-27 11:00:19.286 INFO   [EA44D1\9AD6B4] Auto-router pass #627 on board 'b8605f1f80fadc085c243691afa4f14a' was completed in 0,06 seconds with the score of 980,75 (1 unrouted), using 1843,89 CPU seconds and 42361 MB memory.
2026-09-27 11:00:19.402 INFO   [EA44D1\9AD6B4] Auto-router pass #628 on board 'b8605f1f80fadc085c243691afa4f14a' was completed in 0,11 seconds with the score of 980,75 (1 unrouted), using 1843,89 CPU seconds and 42361 MB memory.
2026-09-27 11:00:19.489 INFO   [EA44D1\9AD6B4] Auto-router pass #629 on board 'b8605f1f80fadc085c243691afa4f14a' was completed in 0,08 seconds with the score of 980,75 (1 unrouted), using 1843,89 CPU seconds and 42361 MB memory.
2026-09-27 11:00:19.559 INFO   [EA44D1\9AD6B4] Auto-router pass #630 on board 'b8605f1f80fadc085c243691afa4f14a' was completed in 0,06 seconds with the score of 980,75 (1 unrouted), using 1843,89 CPU seconds and 42361 MB memory.
2026-09-27 11:00:19.633 INFO   [EA44D1\9AD6B4] Auto-router pass #631 on board 'b8605f1f80fadc085c243691afa4f14a' was completed in 0,07 seconds with the score of 980,75 (1 unrouted), using 1843,89 CPU seconds and 42361 MB memory.
2026-09-27 11:00:19.748 INFO   [EA44D1\9AD6B4] Auto-router pass #632 on board 'b8605f1f80fadc085c243691afa4f14a' was completed in 0,11 seconds with the score of 980,75 (1 unrouted), using 1843,89 CPU seconds and 42361 MB memory.
2026-09-27 11:00:19.818 INFO   [EA44D1\9AD6B4] Auto-router pass #633 on board 'b8605f1f80fadc085c243691afa4f14a' was completed in 0,06 seconds with the score of 980,75 (1 unrouted), using 1843,89 CPU seconds and 42361 MB memory.
2026-09-27 11:00:19.901 INFO   [EA44D1\9AD6B4] Auto-router pass #634 on board 'b8605f1f80fadc085c243691afa4f14a' was completed in 0,08 seconds with the score of 980,75 (1 unrouted), using 1843,89 CPU seconds and 42361 MB memory.
2026-09-27 11:00:19.981 INFO   [EA44D1\9AD6B4] Auto-router pass #635 on board 'b8605f1f80fadc085c243691afa4f14a' was completed in 0,07 seconds with the score of 980,75 (1 unrouted), using 1904,61 CPU seconds and 43071 MB memory.
2026-09-27 11:00:20.093 INFO   [EA44D1\9AD6B4] Auto-router pass #636 on board 'b8605f1f80fadc085c243691afa4f14a' was completed in 0,11 seconds with the score of 980,75 (1 unrouted), using 1904,61 CPU seconds and 43071 MB memory.
2026-09-27 11:00:20.173 INFO   [EA44D1\9AD6B4] Auto-router pass #637 on board 'b8605f1f80fadc085c243691afa4f14a' was completed in 0,07 seconds with the score of 980,75 (1 unrouted), using 1904,61 CPU seconds and 43071 MB memory.
2026-09-27 11:00:20.242 INFO   [EA44D1\9AD6B4] Auto-router pass #638 on board 'b8605f1f80fadc085c243691afa4f14a' was completed in 0,06 seconds with the score of 980,75 (1 unrouted), using 1904,61 CPU seconds and 43071 MB memory.
2026-09-27 11:00:20.320 INFO   [EA44D1\9AD6B4] Auto-router pass #639 on board 'b8605f1f80fadc085c243691afa4f14a' was completed in 0,07 seconds with the score of 980,75 (1 unrouted), using 1904,61 CPU seconds and 43071 MB memory.
2026-09-27 11:00:20.430 INFO   [EA44D1\9AD6B4] Auto-router pass #640 on board 'b8605f1f80fadc085c243691afa4f14a' was completed in 0,10 seconds with the score of 980,75 (1 unrouted), using 1904,61 CPU seconds and 43071 MB memory.
2026-09-27 11:00:20.499 INFO   [EA44D1\9AD6B4] Auto-router pass #641 on board 'b8605f1f80fadc085c243691afa4f14a' was completed in 0,06 seconds with the score of 980,75 (1 unrouted), using 1904,61 CPU seconds and 43071 MB memory.
2026-09-27 11:00:20.568 INFO   [EA44D1\9AD6B4] Auto-router pass #642 on board 'b8605f1f80fadc085c243691afa4f14a' was completed in 0,06 seconds with the score of 980,75 (1 unrouted), using 1904,61 CPU seconds and 43071 MB memory.
2026-09-27 11:00:20.647 INFO   [EA44D1\9AD6B4] Auto-router pass #643 on board 'b8605f1f80fadc085c243691afa4f14a' was completed in 0,07 seconds with the score of 980,75 (1 unrouted), using 1904,61 CPU seconds and 43071 MB memory.
2026-09-27 11:00:20.749 INFO   [EA44D1\9AD6B4] Auto-router pass #644 on board 'b8605f1f80fadc085c243691afa4f14a' was completed in 0,10 seconds with the score of 980,75 (1 unrouted), using 1904,61 CPU seconds and 43071 MB memory.
2026-09-27 11:00:20.817 INFO   [EA44D1\9AD6B4] Auto-router pass #645 on board 'b8605f1f80fadc085c243691afa4f14a' was completed in 0,06 seconds with the score of 980,75 (1 unrouted), using 1904,61 CPU seconds and 43071 MB memory.
2026-09-27 11:00:20.889 INFO   [EA44D1\9AD6B4] Auto-router pass #646 on board 'b8605f1f80fadc085c243691afa4f14a' was completed in 0,07 seconds with the score of 980,75 (1 unrouted), using 1904,61 CPU seconds and 43071 MB memory.
2026-09-27 11:00:20.977 INFO   [EA44D1\9AD6B4] Auto-router pass #647 on board 'b8605f1f80fadc085c243691afa4f14a' was completed in 0,08 seconds with the score of 980,75 (1 unrouted), using 1966,33 CPU seconds and 43835 MB memory.
2026-09-27 11:00:21.075 INFO   [EA44D1\9AD6B4] Auto-router pass #648 on board 'b8605f1f80fadc085c243691afa4f14a' was completed in 0,09 seconds with the score of 980,75 (1 unrouted), using 1966,33 CPU seconds and 43835 MB memory.
2026-09-27 11:00:21.152 INFO   [EA44D1\9AD6B4] Auto-router pass #649 on board 'b8605f1f80fadc085c243691afa4f14a' was completed in 0,07 seconds with the score of 980,75 (1 unrouted), using 1966,33 CPU seconds and 43835 MB memory.
2026-09-27 11:00:21.229 INFO   [EA44D1\9AD6B4] Auto-router pass #650 on board 'b8605f1f80fadc085c243691afa4f14a' was completed in 0,07 seconds with the score of 980,75 (1 unrouted), using 1966,33 CPU seconds and 43835 MB memory.
2026-09-27 11:00:21.300 INFO   [EA44D1\9AD6B4] Auto-router pass #651 on board 'b8605f1f80fadc085c243691afa4f14a' was completed in 0,07 seconds with the score of 980,75 (1 unrouted), using 1966,33 CPU seconds and 43835 MB memory.
2026-09-27 11:00:21.407 INFO   [EA44D1\9AD6B4] Auto-router pass #652 on board 'b8605f1f80fadc085c243691afa4f14a' was completed in 0,10 seconds with the score of 980,75 (1 unrouted), using 1966,33 CPU seconds and 43835 MB memory.
2026-09-27 11:00:21.474 INFO   [EA44D1\9AD6B4] Auto-router pass #653 on board 'b8605f1f80fadc085c243691afa4f14a' was completed in 0,06 seconds with the score of 980,75 (1 unrouted), using 1966,33 CPU seconds and 43835 MB memory.
2026-09-27 11:00:21.545 INFO   [EA44D1\9AD6B4] Auto-router pass #654 on board 'b8605f1f80fadc085c243691afa4f14a' was completed in 0,07 seconds with the score of 980,75 (1 unrouted), using 1966,33 CPU seconds and 43835 MB memory.
2026-09-27 11:00:21.623 INFO   [EA44D1\9AD6B4] Auto-router pass #655 on board 'b8605f1f80fadc085c243691afa4f14a' was completed in 0,07 seconds with the score of 980,75 (1 unrouted), using 1966,33 CPU seconds and 43835 MB memory.
2026-09-27 11:00:21.734 INFO   [EA44D1\9AD6B4] Auto-router pass #656 on board 'b8605f1f80fadc085c243691afa4f14a' was completed in 0,11 seconds with the score of 980,75 (1 unrouted), using 1966,33 CPU seconds and 43835 MB memory.
2026-09-27 11:00:21.802 INFO   [EA44D1\9AD6B4] Auto-router pass #657 on board 'b8605f1f80fadc085c243691afa4f14a' was completed in 0,06 seconds with the score of 980,75 (1 unrouted), using 1966,33 CPU seconds and 43835 MB memory.
2026-09-27 11:00:21.874 INFO   [EA44D1\9AD6B4] Auto-router pass #658 on board 'b8605f1f80fadc085c243691afa4f14a' was completed in 0,06 seconds with the score of 980,75 (1 unrouted), using 1966,33 CPU seconds and 43835 MB memory.
2026-09-27 11:00:21.942 INFO   [EA44D1\9AD6B4] Auto-router pass #659 on board 'b8605f1f80fadc085c243691afa4f14a' was completed in 0,06 seconds with the score of 980,75 (1 unrouted), using 2029,06 CPU seconds and 44625 MB memory.
2026-09-27 11:00:22.054 INFO   [EA44D1\9AD6B4] Auto-router pass #660 on board 'b8605f1f80fadc085c243691afa4f14a' was completed in 0,11 seconds with the score of 980,75 (1 unrouted), using 2029,06 CPU seconds and 44625 MB memory.
2026-09-27 11:00:22.129 INFO   [EA44D1\9AD6B4] Auto-router pass #661 on board 'b8605f1f80fadc085c243691afa4f14a' was completed in 0,07 seconds with the score of 980,75 (1 unrouted), using 2029,06 CPU seconds and 44625 MB memory.
2026-09-27 11:00:22.211 INFO   [EA44D1\9AD6B4] Auto-router pass #662 on board 'b8605f1f80fadc085c243691afa4f14a' was completed in 0,07 seconds with the score of 980,75 (1 unrouted), using 2029,06 CPU seconds and 44625 MB memory.
2026-09-27 11:00:22.282 INFO   [EA44D1\9AD6B4] Auto-router pass #663 on board 'b8605f1f80fadc085c243691afa4f14a' was completed in 0,07 seconds with the score of 980,75 (1 unrouted), using 2029,06 CPU seconds and 44625 MB memory.
2026-09-27 11:00:22.415 INFO   [EA44D1\9AD6B4] Auto-router pass #664 on board 'b8605f1f80fadc085c243691afa4f14a' was completed in 0,12 seconds with the score of 980,75 (1 unrouted), using 2029,06 CPU seconds and 44625 MB memory.
2026-09-27 11:00:22.491 INFO   [EA44D1\9AD6B4] Auto-router pass #665 on board 'b8605f1f80fadc085c243691afa4f14a' was completed in 0,07 seconds with the score of 980,75 (1 unrouted), using 2029,06 CPU seconds and 44625 MB memory.
2026-09-27 11:00:22.564 INFO   [EA44D1\9AD6B4] Auto-router pass #666 on board 'b8605f1f80fadc085c243691afa4f14a' was completed in 0,07 seconds with the score of 980,75 (1 unrouted), using 2029,06 CPU seconds and 44625 MB memory.
2026-09-27 11:00:22.641 INFO   [EA44D1\9AD6B4] Auto-router pass #667 on board 'b8605f1f80fadc085c243691afa4f14a' was completed in 0,07 seconds with the score of 980,75 (1 unrouted), using 2029,06 CPU seconds and 44625 MB memory.
2026-09-27 11:00:22.747 INFO   [EA44D1\9AD6B4] Auto-router pass #668 on board 'b8605f1f80fadc085c243691afa4f14a' was completed in 0,10 seconds with the score of 980,75 (1 unrouted), using 2029,06 CPU seconds and 44625 MB memory.
2026-09-27 11:00:22.820 INFO   [EA44D1\9AD6B4] Auto-router pass #669 on board 'b8605f1f80fadc085c243691afa4f14a' was completed in 0,07 seconds with the score of 980,75 (1 unrouted), using 2029,06 CPU seconds and 44625 MB memory.
2026-09-27 11:00:22.892 INFO   [EA44D1\9AD6B4] Auto-router pass #670 on board 'b8605f1f80fadc085c243691afa4f14a' was completed in 0,07 seconds with the score of 980,75 (1 unrouted), using 2029,06 CPU seconds and 44625 MB memory.
2026-09-27 11:00:22.976 INFO   [EA44D1\9AD6B4] Auto-router pass #671 on board 'b8605f1f80fadc085c243691afa4f14a' was completed in 0,08 seconds with the score of 980,75 (1 unrouted), using 2092,80 CPU seconds and 45366 MB memory.
2026-09-27 11:00:23.091 INFO   [EA44D1\9AD6B4] Auto-router pass #672 on board 'b8605f1f80fadc085c243691afa4f14a' was completed in 0,11 seconds with the score of 980,75 (1 unrouted), using 2092,80 CPU seconds and 45366 MB memory.
2026-09-27 11:00:23.169 INFO   [EA44D1\9AD6B4] Auto-router pass #673 on board 'b8605f1f80fadc085c243691afa4f14a' was completed in 0,07 seconds with the score of 980,75 (1 unrouted), using 2092,80 CPU seconds and 45366 MB memory.
2026-09-27 11:00:23.248 INFO   [EA44D1\9AD6B4] Auto-router pass #674 on board 'b8605f1f80fadc085c243691afa4f14a' was completed in 0,07 seconds with the score of 980,75 (1 unrouted), using 2092,80 CPU seconds and 45366 MB memory.
2026-09-27 11:00:23.324 INFO   [EA44D1\9AD6B4] Auto-router pass #675 on board 'b8605f1f80fadc085c243691afa4f14a' was completed in 0,07 seconds with the score of 980,75 (1 unrouted), using 2092,80 CPU seconds and 45366 MB memory.
2026-09-27 11:00:23.441 INFO   [EA44D1\9AD6B4] Auto-router pass #676 on board 'b8605f1f80fadc085c243691afa4f14a' was completed in 0,11 seconds with the score of 980,75 (1 unrouted), using 2092,80 CPU seconds and 45366 MB memory.
2026-09-27 11:00:23.525 INFO   [EA44D1\9AD6B4] Auto-router pass #677 on board 'b8605f1f80fadc085c243691afa4f14a' was completed in 0,07 seconds with the score of 980,75 (1 unrouted), using 2092,80 CPU seconds and 45366 MB memory.
2026-09-27 11:00:23.618 INFO   [EA44D1\9AD6B4] Auto-router pass #678 on board 'b8605f1f80fadc085c243691afa4f14a' was completed in 0,09 seconds with the score of 980,75 (1 unrouted), using 2092,80 CPU seconds and 45366 MB memory.
2026-09-27 11:00:23.698 INFO   [EA44D1\9AD6B4] Auto-router pass #679 on board 'b8605f1f80fadc085c243691afa4f14a' was completed in 0,07 seconds with the score of 980,75 (1 unrouted), using 2092,80 CPU seconds and 45366 MB memory.
2026-09-27 11:00:23.805 INFO   [EA44D1\9AD6B4] Auto-router pass #680 on board 'b8605f1f80fadc085c243691afa4f14a' was completed in 0,10 seconds with the score of 980,75 (1 unrouted), using 2092,80 CPU seconds and 45366 MB memory.
2026-09-27 11:00:23.873 INFO   [EA44D1\9AD6B4] Auto-router pass #681 on board 'b8605f1f80fadc085c243691afa4f14a' was completed in 0,06 seconds with the score of 980,75 (1 unrouted), using 2092,80 CPU seconds and 45366 MB memory.
2026-09-27 11:00:23.957 INFO   [EA44D1\9AD6B4] Auto-router pass #682 on board 'b8605f1f80fadc085c243691afa4f14a' was completed in 0,08 seconds with the score of 980,75 (1 unrouted), using 2157,53 CPU seconds and 46082 MB memory.
2026-09-27 11:00:24.033 INFO   [EA44D1\9AD6B4] Auto-router pass #683 on board 'b8605f1f80fadc085c243691afa4f14a' was completed in 0,07 seconds with the score of 980,75 (1 unrouted), using 2157,53 CPU seconds and 46082 MB memory.
2026-09-27 11:00:24.142 INFO   [EA44D1\9AD6B4] Auto-router pass #684 on board 'b8605f1f80fadc085c243691afa4f14a' was completed in 0,10 seconds with the score of 980,75 (1 unrouted), using 2157,53 CPU seconds and 46082 MB memory.
2026-09-27 11:00:24.208 INFO   [EA44D1\9AD6B4] Auto-router pass #685 on board 'b8605f1f80fadc085c243691afa4f14a' was completed in 0,06 seconds with the score of 980,75 (1 unrouted), using 2157,53 CPU seconds and 46082 MB memory.
2026-09-27 11:00:24.283 INFO   [EA44D1\9AD6B4] Auto-router pass #686 on board 'b8605f1f80fadc085c243691afa4f14a' was completed in 0,07 seconds with the score of 980,75 (1 unrouted), using 2157,53 CPU seconds and 46082 MB memory.
2026-09-27 11:00:24.352 INFO   [EA44D1\9AD6B4] Auto-router pass #687 on board 'b8605f1f80fadc085c243691afa4f14a' was completed in 0,06 seconds with the score of 980,75 (1 unrouted), using 2157,53 CPU seconds and 46082 MB memory.
2026-09-27 11:00:24.458 INFO   [EA44D1\9AD6B4] Auto-router pass #688 on board 'b8605f1f80fadc085c243691afa4f14a' was completed in 0,10 seconds with the score of 980,75 (1 unrouted), using 2157,53 CPU seconds and 46082 MB memory.
2026-09-27 11:00:24.535 INFO   [EA44D1\9AD6B4] Auto-router pass #689 on board 'b8605f1f80fadc085c243691afa4f14a' was completed in 0,07 seconds with the score of 980,75 (1 unrouted), using 2157,53 CPU seconds and 46082 MB memory.
2026-09-27 11:00:24.609 INFO   [EA44D1\9AD6B4] Auto-router pass #690 on board 'b8605f1f80fadc085c243691afa4f14a' was completed in 0,07 seconds with the score of 980,75 (1 unrouted), using 2157,53 CPU seconds and 46082 MB memory.
2026-09-27 11:00:24.682 INFO   [EA44D1\9AD6B4] Auto-router pass #691 on board 'b8605f1f80fadc085c243691afa4f14a' was completed in 0,07 seconds with the score of 980,75 (1 unrouted), using 2157,53 CPU seconds and 46082 MB memory.
2026-09-27 11:00:24.788 INFO   [EA44D1\9AD6B4] Auto-router pass #692 on board 'b8605f1f80fadc085c243691afa4f14a' was completed in 0,10 seconds with the score of 980,75 (1 unrouted), using 2157,53 CPU seconds and 46082 MB memory.
2026-09-27 11:00:24.860 INFO   [EA44D1\9AD6B4] Auto-router pass #693 on board 'b8605f1f80fadc085c243691afa4f14a' was completed in 0,07 seconds with the score of 980,75 (1 unrouted), using 2157,53 CPU seconds and 46082 MB memory.
2026-09-27 11:00:24.940 INFO   [EA44D1\9AD6B4] Auto-router pass #694 on board 'b8605f1f80fadc085c243691afa4f14a' was completed in 0,07 seconds with the score of 980,75 (1 unrouted), using 2157,53 CPU seconds and 46082 MB memory.
2026-09-27 11:00:25.015 INFO   [EA44D1\9AD6B4] Auto-router pass #695 on board 'b8605f1f80fadc085c243691afa4f14a' was completed in 0,07 seconds with the score of 980,75 (1 unrouted), using 2223,22 CPU seconds and 46857 MB memory.
2026-09-27 11:00:25.124 INFO   [EA44D1\9AD6B4] Auto-router pass #696 on board 'b8605f1f80fadc085c243691afa4f14a' was completed in 0,10 seconds with the score of 980,75 (1 unrouted), using 2223,22 CPU seconds and 46857 MB memory.
2026-09-27 11:00:25.200 INFO   [EA44D1\9AD6B4] Auto-router pass #697 on board 'b8605f1f80fadc085c243691afa4f14a' was completed in 0,07 seconds with the score of 980,75 (1 unrouted), using 2223,22 CPU seconds and 46857 MB memory.
2026-09-27 11:00:25.284 INFO   [EA44D1\9AD6B4] Auto-router pass #698 on board 'b8605f1f80fadc085c243691afa4f14a' was completed in 0,08 seconds with the score of 980,75 (1 unrouted), using 2223,22 CPU seconds and 46857 MB memory.
2026-09-27 11:00:25.364 INFO   [EA44D1\9AD6B4] Auto-router pass #699 on board 'b8605f1f80fadc085c243691afa4f14a' was completed in 0,07 seconds with the score of 980,75 (1 unrouted), using 2223,22 CPU seconds and 46857 MB memory.
2026-09-27 11:00:25.494 INFO   [EA44D1\9AD6B4] Auto-router pass #700 on board 'b8605f1f80fadc085c243691afa4f14a' was completed in 0,12 seconds with the score of 980,75 (1 unrouted), using 2223,22 CPU seconds and 46857 MB memory.
2026-09-27 11:00:25.591 INFO   [EA44D1\9AD6B4] Auto-router pass #701 on board 'b8605f1f80fadc085c243691afa4f14a' was completed in 0,09 seconds with the score of 980,75 (1 unrouted), using 2223,22 CPU seconds and 46857 MB memory.
2026-09-27 11:00:25.676 INFO   [EA44D1\9AD6B4] Auto-router pass #702 on board 'b8605f1f80fadc085c243691afa4f14a' was completed in 0,08 seconds with the score of 980,75 (1 unrouted), using 2223,22 CPU seconds and 46857 MB memory.
2026-09-27 11:00:25.768 INFO   [EA44D1\9AD6B4] Auto-router pass #703 on board 'b8605f1f80fadc085c243691afa4f14a' was completed in 0,08 seconds with the score of 980,75 (1 unrouted), using 2223,22 CPU seconds and 46857 MB memory.
2026-09-27 11:00:25.898 INFO   [EA44D1\9AD6B4] Auto-router pass #704 on board 'b8605f1f80fadc085c243691afa4f14a' was completed in 0,12 seconds with the score of 980,75 (1 unrouted), using 2223,22 CPU seconds and 46857 MB memory.
2026-09-27 11:00:25.979 INFO   [EA44D1\9AD6B4] Auto-router pass #705 on board 'b8605f1f80fadc085c243691afa4f14a' was completed in 0,08 seconds with the score of 980,75 (1 unrouted), using 2289,88 CPU seconds and 47525 MB memory.
2026-09-27 11:00:26.064 INFO   [EA44D1\9AD6B4] Auto-router pass #706 on board 'b8605f1f80fadc085c243691afa4f14a' was completed in 0,08 seconds with the score of 980,75 (1 unrouted), using 2289,88 CPU seconds and 47525 MB memory.
2026-09-27 11:00:26.149 INFO   [EA44D1\9AD6B4] Auto-router pass #707 on board 'b8605f1f80fadc085c243691afa4f14a' was completed in 0,08 seconds with the score of 980,75 (1 unrouted), using 2289,88 CPU seconds and 47525 MB memory.
2026-09-27 11:00:26.266 INFO   [EA44D1\9AD6B4] Auto-router pass #708 on board 'b8605f1f80fadc085c243691afa4f14a' was completed in 0,11 seconds with the score of 980,75 (1 unrouted), using 2289,88 CPU seconds and 47525 MB memory.
2026-09-27 11:00:26.359 INFO   [EA44D1\9AD6B4] Auto-router pass #709 on board 'b8605f1f80fadc085c243691afa4f14a' was completed in 0,09 seconds with the score of 980,75 (1 unrouted), using 2289,88 CPU seconds and 47525 MB memory.
2026-09-27 11:00:26.441 INFO   [EA44D1\9AD6B4] Auto-router pass #710 on board 'b8605f1f80fadc085c243691afa4f14a' was completed in 0,07 seconds with the score of 980,75 (1 unrouted), using 2289,88 CPU seconds and 47525 MB memory.
2026-09-27 11:00:26.532 INFO   [EA44D1\9AD6B4] Auto-router pass #711 on board 'b8605f1f80fadc085c243691afa4f14a' was completed in 0,08 seconds with the score of 980,75 (1 unrouted), using 2289,88 CPU seconds and 47525 MB memory.
2026-09-27 11:00:26.673 INFO   [EA44D1\9AD6B4] Auto-router pass #712 on board 'b8605f1f80fadc085c243691afa4f14a' was completed in 0,13 seconds with the score of 980,75 (1 unrouted), using 2289,88 CPU seconds and 47525 MB memory.
2026-09-27 11:00:26.759 INFO   [EA44D1\9AD6B4] Auto-router pass #713 on board 'b8605f1f80fadc085c243691afa4f14a' was completed in 0,08 seconds with the score of 980,75 (1 unrouted), using 2289,88 CPU seconds and 47525 MB memory.
2026-09-27 11:00:26.842 INFO   [EA44D1\9AD6B4] Auto-router pass #714 on board 'b8605f1f80fadc085c243691afa4f14a' was completed in 0,07 seconds with the score of 980,75 (1 unrouted), using 2289,88 CPU seconds and 47525 MB memory.
2026-09-27 11:00:26.929 INFO   [EA44D1\9AD6B4] Auto-router pass #715 on board 'b8605f1f80fadc085c243691afa4f14a' was completed in 0,08 seconds with the score of 980,75 (1 unrouted), using 2289,88 CPU seconds and 47525 MB memory.
2026-09-27 11:00:27.045 INFO   [EA44D1\9AD6B4] Auto-router pass #716 on board 'b8605f1f80fadc085c243691afa4f14a' was completed in 0,11 seconds with the score of 980,75 (1 unrouted), using 2357,53 CPU seconds and 48189 MB memory.
2026-09-27 11:00:27.136 INFO   [EA44D1\9AD6B4] Auto-router pass #717 on board 'b8605f1f80fadc085c243691afa4f14a' was completed in 0,09 seconds with the score of 980,75 (1 unrouted), using 2357,53 CPU seconds and 48189 MB memory.
2026-09-27 11:00:27.231 INFO   [EA44D1\9AD6B4] Auto-router pass #718 on board 'b8605f1f80fadc085c243691afa4f14a' was completed in 0,09 seconds with the score of 980,75 (1 unrouted), using 2357,53 CPU seconds and 48189 MB memory.
2026-09-27 11:00:27.316 INFO   [EA44D1\9AD6B4] Auto-router pass #719 on board 'b8605f1f80fadc085c243691afa4f14a' was completed in 0,08 seconds with the score of 980,75 (1 unrouted), using 2357,53 CPU seconds and 48189 MB memory.
2026-09-27 11:00:27.448 INFO   [EA44D1\9AD6B4] Auto-router pass #720 on board 'b8605f1f80fadc085c243691afa4f14a' was completed in 0,12 seconds with the score of 980,75 (1 unrouted), using 2357,53 CPU seconds and 48189 MB memory.
2026-09-27 11:00:27.546 INFO   [EA44D1\9AD6B4] Auto-router pass #721 on board 'b8605f1f80fadc085c243691afa4f14a' was completed in 0,09 seconds with the score of 980,75 (1 unrouted), using 2357,53 CPU seconds and 48189 MB memory.
2026-09-27 11:00:27.644 INFO   [EA44D1\9AD6B4] Auto-router pass #722 on board 'b8605f1f80fadc085c243691afa4f14a' was completed in 0,09 seconds with the score of 980,75 (1 unrouted), using 2357,53 CPU seconds and 48189 MB memory.
2026-09-27 11:00:27.730 INFO   [EA44D1\9AD6B4] Auto-router pass #723 on board 'b8605f1f80fadc085c243691afa4f14a' was completed in 0,08 seconds with the score of 980,75 (1 unrouted), using 2357,53 CPU seconds and 48189 MB memory.
2026-09-27 11:00:27.852 INFO   [EA44D1\9AD6B4] Auto-router pass #724 on board 'b8605f1f80fadc085c243691afa4f14a' was completed in 0,11 seconds with the score of 980,75 (1 unrouted), using 2357,53 CPU seconds and 48189 MB memory.
2026-09-27 11:00:27.937 INFO   [EA44D1\9AD6B4] Auto-router pass #725 on board 'b8605f1f80fadc085c243691afa4f14a' was completed in 0,08 seconds with the score of 980,75 (1 unrouted), using 2357,53 CPU seconds and 48189 MB memory.
2026-09-27 11:00:28.032 INFO   [EA44D1\9AD6B4] Auto-router pass #726 on board 'b8605f1f80fadc085c243691afa4f14a' was completed in 0,09 seconds with the score of 980,75 (1 unrouted), using 2426,11 CPU seconds and 48830 MB memory.
2026-09-27 11:00:28.129 INFO   [EA44D1\9AD6B4] Auto-router pass #727 on board 'b8605f1f80fadc085c243691afa4f14a' was completed in 0,09 seconds with the score of 980,75 (1 unrouted), using 2426,11 CPU seconds and 48830 MB memory.
2026-09-27 11:00:28.270 INFO   [EA44D1\9AD6B4] Auto-router pass #728 on board 'b8605f1f80fadc085c243691afa4f14a' was completed in 0,13 seconds with the score of 980,75 (1 unrouted), using 2426,11 CPU seconds and 48830 MB memory.
2026-09-27 11:00:28.349 INFO   [EA44D1\9AD6B4] Auto-router pass #729 on board 'b8605f1f80fadc085c243691afa4f14a' was completed in 0,07 seconds with the score of 980,75 (1 unrouted), using 2426,11 CPU seconds and 48830 MB memory.
2026-09-27 11:00:28.440 INFO   [EA44D1\9AD6B4] Auto-router pass #730 on board 'b8605f1f80fadc085c243691afa4f14a' was completed in 0,09 seconds with the score of 980,75 (1 unrouted), using 2426,11 CPU seconds and 48830 MB memory.
2026-09-27 11:00:28.526 INFO   [EA44D1\9AD6B4] Auto-router pass #731 on board 'b8605f1f80fadc085c243691afa4f14a' was completed in 0,08 seconds with the score of 980,75 (1 unrouted), using 2426,11 CPU seconds and 48830 MB memory.
2026-09-27 11:00:28.641 INFO   [EA44D1\9AD6B4] Auto-router pass #732 on board 'b8605f1f80fadc085c243691afa4f14a' was completed in 0,11 seconds with the score of 980,75 (1 unrouted), using 2426,11 CPU seconds and 48830 MB memory.
2026-09-27 11:00:28.739 INFO   [EA44D1\9AD6B4] Auto-router pass #733 on board 'b8605f1f80fadc085c243691afa4f14a' was completed in 0,09 seconds with the score of 980,75 (1 unrouted), using 2426,11 CPU seconds and 48830 MB memory.
2026-09-27 11:00:28.816 INFO   [EA44D1\9AD6B4] Auto-router pass #734 on board 'b8605f1f80fadc085c243691afa4f14a' was completed in 0,07 seconds with the score of 980,75 (1 unrouted), using 2426,11 CPU seconds and 48830 MB memory.
2026-09-27 11:00:28.912 INFO   [EA44D1\9AD6B4] Auto-router pass #735 on board 'b8605f1f80fadc085c243691afa4f14a' was completed in 0,09 seconds with the score of 980,75 (1 unrouted), using 2426,11 CPU seconds and 48830 MB memory.
2026-09-27 11:00:29.037 INFO   [EA44D1\9AD6B4] Auto-router pass #736 on board 'b8605f1f80fadc085c243691afa4f14a' was completed in 0,12 seconds with the score of 980,75 (1 unrouted), using 2495,66 CPU seconds and 49463 MB memory.
2026-09-27 11:00:29.110 INFO   [EA44D1\9AD6B4] Auto-router pass #737 on board 'b8605f1f80fadc085c243691afa4f14a' was completed in 0,07 seconds with the score of 980,75 (1 unrouted), using 2495,66 CPU seconds and 49463 MB memory.
2026-09-27 11:00:29.186 INFO   [EA44D1\9AD6B4] Auto-router pass #738 on board 'b8605f1f80fadc085c243691afa4f14a' was completed in 0,07 seconds with the score of 980,75 (1 unrouted), using 2495,66 CPU seconds and 49463 MB memory.
2026-09-27 11:00:29.257 INFO   [EA44D1\9AD6B4] Auto-router pass #739 on board 'b8605f1f80fadc085c243691afa4f14a' was completed in 0,07 seconds with the score of 980,75 (1 unrouted), using 2495,66 CPU seconds and 49463 MB memory.
2026-09-27 11:00:29.361 INFO   [EA44D1\9AD6B4] Auto-router pass #740 on board 'b8605f1f80fadc085c243691afa4f14a' was completed in 0,10 seconds with the score of 980,75 (1 unrouted), using 2495,66 CPU seconds and 49463 MB memory.
2026-09-27 11:00:29.430 INFO   [EA44D1\9AD6B4] Auto-router pass #741 on board 'b8605f1f80fadc085c243691afa4f14a' was completed in 0,06 seconds with the score of 980,75 (1 unrouted), using 2495,66 CPU seconds and 49463 MB memory.
2026-09-27 11:00:29.498 INFO   [EA44D1\9AD6B4] Auto-router pass #742 on board 'b8605f1f80fadc085c243691afa4f14a' was completed in 0,06 seconds with the score of 980,75 (1 unrouted), using 2495,66 CPU seconds and 49463 MB memory.
2026-09-27 11:00:29.574 INFO   [EA44D1\9AD6B4] Auto-router pass #743 on board 'b8605f1f80fadc085c243691afa4f14a' was completed in 0,07 seconds with the score of 980,75 (1 unrouted), using 2495,66 CPU seconds and 49463 MB memory.
2026-09-27 11:00:29.685 INFO   [EA44D1\9AD6B4] Auto-router pass #744 on board 'b8605f1f80fadc085c243691afa4f14a' was completed in 0,10 seconds with the score of 980,75 (1 unrouted), using 2495,66 CPU seconds and 49463 MB memory.
2026-09-27 11:00:29.754 INFO   [EA44D1\9AD6B4] Auto-router pass #745 on board 'b8605f1f80fadc085c243691afa4f14a' was completed in 0,06 seconds with the score of 980,75 (1 unrouted), using 2495,66 CPU seconds and 49463 MB memory.
2026-09-27 11:00:29.824 INFO   [EA44D1\9AD6B4] Auto-router pass #746 on board 'b8605f1f80fadc085c243691afa4f14a' was completed in 0,06 seconds with the score of 980,75 (1 unrouted), using 2495,66 CPU seconds and 49463 MB memory.
2026-09-27 11:00:29.890 INFO   [EA44D1\9AD6B4] Auto-router pass #747 on board 'b8605f1f80fadc085c243691afa4f14a' was completed in 0,06 seconds with the score of 980,75 (1 unrouted), using 2495,66 CPU seconds and 49463 MB memory.
2026-09-27 11:00:30.008 INFO   [EA44D1\9AD6B4] Auto-router pass #748 on board 'b8605f1f80fadc085c243691afa4f14a' was completed in 0,11 seconds with the score of 980,75 (1 unrouted), using 2566,16 CPU seconds and 50246 MB memory.
2026-09-27 11:00:30.075 INFO   [EA44D1\9AD6B4] Auto-router pass #749 on board 'b8605f1f80fadc085c243691afa4f14a' was completed in 0,06 seconds with the score of 980,75 (1 unrouted), using 2566,16 CPU seconds and 50246 MB memory.
2026-09-27 11:00:30.150 INFO   [EA44D1\9AD6B4] Auto-router pass #750 on board 'b8605f1f80fadc085c243691afa4f14a' was completed in 0,07 seconds with the score of 980,75 (1 unrouted), using 2566,16 CPU seconds and 50246 MB memory.
2026-09-27 11:00:30.232 INFO   [EA44D1\9AD6B4] Auto-router pass #751 on board 'b8605f1f80fadc085c243691afa4f14a' was completed in 0,07 seconds with the score of 980,75 (1 unrouted), using 2566,16 CPU seconds and 50246 MB memory.
2026-09-27 11:00:30.343 INFO   [EA44D1\9AD6B4] Auto-router pass #752 on board 'b8605f1f80fadc085c243691afa4f14a' was completed in 0,10 seconds with the score of 980,75 (1 unrouted), using 2566,16 CPU seconds and 50246 MB memory.
2026-09-27 11:00:30.422 INFO   [EA44D1\9AD6B4] Auto-router pass #753 on board 'b8605f1f80fadc085c243691afa4f14a' was completed in 0,07 seconds with the score of 980,75 (1 unrouted), using 2566,16 CPU seconds and 50246 MB memory.
2026-09-27 11:00:30.497 INFO   [EA44D1\9AD6B4] Auto-router pass #754 on board 'b8605f1f80fadc085c243691afa4f14a' was completed in 0,07 seconds with the score of 980,75 (1 unrouted), using 2566,16 CPU seconds and 50246 MB memory.
2026-09-27 11:00:30.570 INFO   [EA44D1\9AD6B4] Auto-router pass #755 on board 'b8605f1f80fadc085c243691afa4f14a' was completed in 0,07 seconds with the score of 980,75 (1 unrouted), using 2566,16 CPU seconds and 50246 MB memory.
2026-09-27 11:00:30.678 INFO   [EA44D1\9AD6B4] Auto-router pass #756 on board 'b8605f1f80fadc085c243691afa4f14a' was completed in 0,10 seconds with the score of 980,75 (1 unrouted), using 2566,16 CPU seconds and 50246 MB memory.
2026-09-27 11:00:30.753 INFO   [EA44D1\9AD6B4] Auto-router pass #757 on board 'b8605f1f80fadc085c243691afa4f14a' was completed in 0,07 seconds with the score of 980,75 (1 unrouted), using 2566,16 CPU seconds and 50246 MB memory.
2026-09-27 11:00:30.823 INFO   [EA44D1\9AD6B4] Auto-router pass #758 on board 'b8605f1f80fadc085c243691afa4f14a' was completed in 0,06 seconds with the score of 980,75 (1 unrouted), using 2566,16 CPU seconds and 50246 MB memory.
2026-09-27 11:00:30.896 INFO   [EA44D1\9AD6B4] Auto-router pass #759 on board 'b8605f1f80fadc085c243691afa4f14a' was completed in 0,07 seconds with the score of 980,75 (1 unrouted), using 2566,16 CPU seconds and 50246 MB memory.
2026-09-27 11:00:31.008 INFO   [EA44D1\9AD6B4] Auto-router pass #760 on board 'b8605f1f80fadc085c243691afa4f14a' was completed in 0,11 seconds with the score of 980,75 (1 unrouted), using 2637,66 CPU seconds and 51016 MB memory.
2026-09-27 11:00:31.083 INFO   [EA44D1\9AD6B4] Auto-router pass #761 on board 'b8605f1f80fadc085c243691afa4f14a' was completed in 0,07 seconds with the score of 980,75 (1 unrouted), using 2637,66 CPU seconds and 51016 MB memory.
2026-09-27 11:00:31.151 INFO   [EA44D1\9AD6B4] Auto-router pass #762 on board 'b8605f1f80fadc085c243691afa4f14a' was completed in 0,06 seconds with the score of 980,75 (1 unrouted), using 2637,66 CPU seconds and 51016 MB memory.
2026-09-27 11:00:31.219 INFO   [EA44D1\9AD6B4] Auto-router pass #763 on board 'b8605f1f80fadc085c243691afa4f14a' was completed in 0,06 seconds with the score of 980,75 (1 unrouted), using 2637,66 CPU seconds and 51016 MB memory.
2026-09-27 11:00:31.346 INFO   [EA44D1\9AD6B4] Auto-router pass #764 on board 'b8605f1f80fadc085c243691afa4f14a' was completed in 0,12 seconds with the score of 980,75 (1 unrouted), using 2637,66 CPU seconds and 51016 MB memory.
2026-09-27 11:00:31.419 INFO   [EA44D1\9AD6B4] Auto-router pass #765 on board 'b8605f1f80fadc085c243691afa4f14a' was completed in 0,07 seconds with the score of 980,75 (1 unrouted), using 2637,66 CPU seconds and 51016 MB memory.
2026-09-27 11:00:31.502 INFO   [EA44D1\9AD6B4] Auto-router pass #766 on board 'b8605f1f80fadc085c243691afa4f14a' was completed in 0,08 seconds with the score of 980,75 (1 unrouted), using 2637,66 CPU seconds and 51016 MB memory.
2026-09-27 11:00:31.579 INFO   [EA44D1\9AD6B4] Auto-router pass #767 on board 'b8605f1f80fadc085c243691afa4f14a' was completed in 0,07 seconds with the score of 980,75 (1 unrouted), using 2637,66 CPU seconds and 51016 MB memory.
2026-09-27 11:00:31.690 INFO   [EA44D1\9AD6B4] Auto-router pass #768 on board 'b8605f1f80fadc085c243691afa4f14a' was completed in 0,10 seconds with the score of 980,75 (1 unrouted), using 2637,66 CPU seconds and 51016 MB memory.
2026-09-27 11:00:31.759 INFO   [EA44D1\9AD6B4] Auto-router pass #769 on board 'b8605f1f80fadc085c243691afa4f14a' was completed in 0,06 seconds with the score of 980,75 (1 unrouted), using 2637,66 CPU seconds and 51016 MB memory.
2026-09-27 11:00:31.843 INFO   [EA44D1\9AD6B4] Auto-router pass #770 on board 'b8605f1f80fadc085c243691afa4f14a' was completed in 0,08 seconds with the score of 980,75 (1 unrouted), using 2637,66 CPU seconds and 51016 MB memory.
2026-09-27 11:00:31.919 INFO   [EA44D1\9AD6B4] Auto-router pass #771 on board 'b8605f1f80fadc085c243691afa4f14a' was completed in 0,07 seconds with the score of 980,75 (1 unrouted), using 2637,66 CPU seconds and 51016 MB memory.
2026-09-27 11:00:32.022 INFO   [EA44D1\9AD6B4] Auto-router pass #772 on board 'b8605f1f80fadc085c243691afa4f14a' was completed in 0,09 seconds with the score of 980,75 (1 unrouted), using 2710,16 CPU seconds and 51762 MB memory.
2026-09-27 11:00:32.095 INFO   [EA44D1\9AD6B4] Auto-router pass #773 on board 'b8605f1f80fadc085c243691afa4f14a' was completed in 0,07 seconds with the score of 980,75 (1 unrouted), using 2710,16 CPU seconds and 51762 MB memory.
2026-09-27 11:00:32.169 INFO   [EA44D1\9AD6B4] Auto-router pass #774 on board 'b8605f1f80fadc085c243691afa4f14a' was completed in 0,07 seconds with the score of 980,75 (1 unrouted), using 2710,16 CPU seconds and 51762 MB memory.
2026-09-27 11:00:32.243 INFO   [EA44D1\9AD6B4] Auto-router pass #775 on board 'b8605f1f80fadc085c243691afa4f14a' was completed in 0,07 seconds with the score of 980,75 (1 unrouted), using 2710,16 CPU seconds and 51762 MB memory.
2026-09-27 11:00:32.363 INFO   [EA44D1\9AD6B4] Auto-router pass #776 on board 'b8605f1f80fadc085c243691afa4f14a' was completed in 0,12 seconds with the score of 980,75 (1 unrouted), using 2710,16 CPU seconds and 51762 MB memory.
2026-09-27 11:00:32.436 INFO   [EA44D1\9AD6B4] Auto-router pass #777 on board 'b8605f1f80fadc085c243691afa4f14a' was completed in 0,07 seconds with the score of 980,75 (1 unrouted), using 2710,16 CPU seconds and 51762 MB memory.
2026-09-27 11:00:32.512 INFO   [EA44D1\9AD6B4] Auto-router pass #778 on board 'b8605f1f80fadc085c243691afa4f14a' was completed in 0,07 seconds with the score of 980,75 (1 unrouted), using 2710,16 CPU seconds and 51762 MB memory.
2026-09-27 11:00:32.587 INFO   [EA44D1\9AD6B4] Auto-router pass #779 on board 'b8605f1f80fadc085c243691afa4f14a' was completed in 0,07 seconds with the score of 980,75 (1 unrouted), using 2710,16 CPU seconds and 51762 MB memory.
2026-09-27 11:00:32.687 INFO   [EA44D1\9AD6B4] Auto-router pass #780 on board 'b8605f1f80fadc085c243691afa4f14a' was completed in 0,09 seconds with the score of 980,75 (1 unrouted), using 2710,16 CPU seconds and 51762 MB memory.
2026-09-27 11:00:32.764 INFO   [EA44D1\9AD6B4] Auto-router pass #781 on board 'b8605f1f80fadc085c243691afa4f14a' was completed in 0,07 seconds with the score of 980,75 (1 unrouted), using 2710,16 CPU seconds and 51762 MB memory.
2026-09-27 11:00:32.839 INFO   [EA44D1\9AD6B4] Auto-router pass #782 on board 'b8605f1f80fadc085c243691afa4f14a' was completed in 0,07 seconds with the score of 980,75 (1 unrouted), using 2710,16 CPU seconds and 51762 MB memory.
2026-09-27 11:00:32.909 INFO   [EA44D1\9AD6B4] Auto-router pass #783 on board 'b8605f1f80fadc085c243691afa4f14a' was completed in 0,06 seconds with the score of 980,75 (1 unrouted), using 2710,16 CPU seconds and 51762 MB memory.
2026-09-27 11:00:33.032 INFO   [EA44D1\9AD6B4] Auto-router pass #784 on board 'b8605f1f80fadc085c243691afa4f14a' was completed in 0,12 seconds with the score of 980,75 (1 unrouted), using 2783,64 CPU seconds and 52519 MB memory.
2026-09-27 11:00:33.105 INFO   [EA44D1\9AD6B4] Auto-router pass #785 on board 'b8605f1f80fadc085c243691afa4f14a' was completed in 0,07 seconds with the score of 980,75 (1 unrouted), using 2783,64 CPU seconds and 52519 MB memory.
2026-09-27 11:00:33.175 INFO   [EA44D1\9AD6B4] Auto-router pass #786 on board 'b8605f1f80fadc085c243691afa4f14a' was completed in 0,06 seconds with the score of 980,75 (1 unrouted), using 2783,64 CPU seconds and 52519 MB memory.
2026-09-27 11:00:33.240 INFO   [EA44D1\9AD6B4] Auto-router pass #787 on board 'b8605f1f80fadc085c243691afa4f14a' was completed in 0,06 seconds with the score of 980,75 (1 unrouted), using 2783,64 CPU seconds and 52519 MB memory.
2026-09-27 11:00:33.342 INFO   [EA44D1\9AD6B4] Auto-router pass #788 on board 'b8605f1f80fadc085c243691afa4f14a' was completed in 0,10 seconds with the score of 980,75 (1 unrouted), using 2783,64 CPU seconds and 52519 MB memory.
2026-09-27 11:00:33.426 INFO   [EA44D1\9AD6B4] Auto-router pass #789 on board 'b8605f1f80fadc085c243691afa4f14a' was completed in 0,07 seconds with the score of 980,75 (1 unrouted), using 2783,64 CPU seconds and 52519 MB memory.
2026-09-27 11:00:33.508 INFO   [EA44D1\9AD6B4] Auto-router pass #790 on board 'b8605f1f80fadc085c243691afa4f14a' was completed in 0,07 seconds with the score of 980,75 (1 unrouted), using 2783,64 CPU seconds and 52519 MB memory.
2026-09-27 11:00:33.588 INFO   [EA44D1\9AD6B4] Auto-router pass #791 on board 'b8605f1f80fadc085c243691afa4f14a' was completed in 0,07 seconds with the score of 980,75 (1 unrouted), using 2783,64 CPU seconds and 52519 MB memory.
2026-09-27 11:00:33.695 INFO   [EA44D1\9AD6B4] Auto-router pass #792 on board 'b8605f1f80fadc085c243691afa4f14a' was completed in 0,10 seconds with the score of 980,75 (1 unrouted), using 2783,64 CPU seconds and 52519 MB memory.
2026-09-27 11:00:33.761 INFO   [EA44D1\9AD6B4] Auto-router pass #793 on board 'b8605f1f80fadc085c243691afa4f14a' was completed in 0,06 seconds with the score of 980,75 (1 unrouted), using 2783,64 CPU seconds and 52519 MB memory.
2026-09-27 11:00:33.829 INFO   [EA44D1\9AD6B4] Auto-router pass #794 on board 'b8605f1f80fadc085c243691afa4f14a' was completed in 0,06 seconds with the score of 980,75 (1 unrouted), using 2783,64 CPU seconds and 52519 MB memory.
2026-09-27 11:00:33.909 INFO   [EA44D1\9AD6B4] Auto-router pass #795 on board 'b8605f1f80fadc085c243691afa4f14a' was completed in 0,07 seconds with the score of 980,75 (1 unrouted), using 2783,64 CPU seconds and 52519 MB memory.
2026-09-27 11:00:34.018 INFO   [EA44D1\9AD6B4] Auto-router pass #796 on board 'b8605f1f80fadc085c243691afa4f14a' was completed in 0,10 seconds with the score of 980,75 (1 unrouted), using 2783,64 CPU seconds and 52519 MB memory.
2026-09-27 11:00:34.090 INFO   [EA44D1\9AD6B4] Auto-router pass #797 on board 'b8605f1f80fadc085c243691afa4f14a' was completed in 0,06 seconds with the score of 980,75 (1 unrouted), using 2858,11 CPU seconds and 53302 MB memory.
2026-09-27 11:00:34.167 INFO   [EA44D1\9AD6B4] Auto-router pass #798 on board 'b8605f1f80fadc085c243691afa4f14a' was completed in 0,07 seconds with the score of 980,75 (1 unrouted), using 2858,11 CPU seconds and 53302 MB memory.
2026-09-27 11:00:34.250 INFO   [EA44D1\9AD6B4] Auto-router pass #799 on board 'b8605f1f80fadc085c243691afa4f14a' was completed in 0,08 seconds with the score of 980,75 (1 unrouted), using 2858,11 CPU seconds and 53302 MB memory.
2026-09-27 11:00:34.361 INFO   [EA44D1\9AD6B4] Auto-router pass #800 on board 'b8605f1f80fadc085c243691afa4f14a' was completed in 0,10 seconds with the score of 980,75 (1 unrouted), using 2858,11 CPU seconds and 53302 MB memory.
2026-09-27 11:00:34.444 INFO   [EA44D1\9AD6B4] Auto-router pass #801 on board 'b8605f1f80fadc085c243691afa4f14a' was completed in 0,07 seconds with the score of 980,75 (1 unrouted), using 2858,11 CPU seconds and 53302 MB memory.
2026-09-27 11:00:34.521 INFO   [EA44D1\9AD6B4] Auto-router pass #802 on board 'b8605f1f80fadc085c243691afa4f14a' was completed in 0,07 seconds with the score of 980,75 (1 unrouted), using 2858,11 CPU seconds and 53302 MB memory.
2026-09-27 11:00:34.593 INFO   [EA44D1\9AD6B4] Auto-router pass #803 on board 'b8605f1f80fadc085c243691afa4f14a' was completed in 0,07 seconds with the score of 980,75 (1 unrouted), using 2858,11 CPU seconds and 53302 MB memory.
2026-09-27 11:00:34.706 INFO   [EA44D1\9AD6B4] Auto-router pass #804 on board 'b8605f1f80fadc085c243691afa4f14a' was completed in 0,10 seconds with the score of 980,75 (1 unrouted), using 2858,11 CPU seconds and 53302 MB memory.
2026-09-27 11:00:34.782 INFO   [EA44D1\9AD6B4] Auto-router pass #805 on board 'b8605f1f80fadc085c243691afa4f14a' was completed in 0,07 seconds with the score of 980,75 (1 unrouted), using 2858,11 CPU seconds and 53302 MB memory.
2026-09-27 11:00:34.847 INFO   [EA44D1\9AD6B4] Auto-router pass #806 on board 'b8605f1f80fadc085c243691afa4f14a' was completed in 0,06 seconds with the score of 980,75 (1 unrouted), using 2858,11 CPU seconds and 53302 MB memory.
2026-09-27 11:00:34.915 INFO   [EA44D1\9AD6B4] Auto-router pass #807 on board 'b8605f1f80fadc085c243691afa4f14a' was completed in 0,06 seconds with the score of 980,75 (1 unrouted), using 2858,11 CPU seconds and 53302 MB memory.
2026-09-27 11:00:35.024 INFO   [EA44D1\9AD6B4] Auto-router pass #808 on board 'b8605f1f80fadc085c243691afa4f14a' was completed in 0,10 seconds with the score of 980,75 (1 unrouted), using 2858,11 CPU seconds and 53302 MB memory.
2026-09-27 11:00:35.097 INFO   [EA44D1\9AD6B4] Auto-router pass #809 on board 'b8605f1f80fadc085c243691afa4f14a' was completed in 0,07 seconds with the score of 980,75 (1 unrouted), using 2933,59 CPU seconds and 54059 MB memory.
2026-09-27 11:00:35.167 INFO   [EA44D1\9AD6B4] Auto-router pass #810 on board 'b8605f1f80fadc085c243691afa4f14a' was completed in 0,07 seconds with the score of 980,75 (1 unrouted), using 2933,59 CPU seconds and 54059 MB memory.
2026-09-27 11:00:35.234 INFO   [EA44D1\9AD6B4] Auto-router pass #811 on board 'b8605f1f80fadc085c243691afa4f14a' was completed in 0,06 seconds with the score of 980,75 (1 unrouted), using 2933,59 CPU seconds and 54059 MB memory.
2026-09-27 11:00:35.339 INFO   [EA44D1\9AD6B4] Auto-router pass #812 on board 'b8605f1f80fadc085c243691afa4f14a' was completed in 0,10 seconds with the score of 980,75 (1 unrouted), using 2933,59 CPU seconds and 54059 MB memory.
2026-09-27 11:00:35.407 INFO   [EA44D1\9AD6B4] Auto-router pass #813 on board 'b8605f1f80fadc085c243691afa4f14a' was completed in 0,06 seconds with the score of 980,75 (1 unrouted), using 2933,59 CPU seconds and 54059 MB memory.
2026-09-27 11:00:35.475 INFO   [EA44D1\9AD6B4] Auto-router pass #814 on board 'b8605f1f80fadc085c243691afa4f14a' was completed in 0,06 seconds with the score of 980,75 (1 unrouted), using 2933,59 CPU seconds and 54059 MB memory.
2026-09-27 11:00:35.546 INFO   [EA44D1\9AD6B4] Auto-router pass #815 on board 'b8605f1f80fadc085c243691afa4f14a' was completed in 0,07 seconds with the score of 980,75 (1 unrouted), using 2933,59 CPU seconds and 54059 MB memory.
2026-09-27 11:00:35.652 INFO   [EA44D1\9AD6B4] Auto-router pass #816 on board 'b8605f1f80fadc085c243691afa4f14a' was completed in 0,10 seconds with the score of 980,75 (1 unrouted), using 2933,59 CPU seconds and 54059 MB memory.
2026-09-27 11:00:35.724 INFO   [EA44D1\9AD6B4] Auto-router pass #817 on board 'b8605f1f80fadc085c243691afa4f14a' was completed in 0,06 seconds with the score of 980,75 (1 unrouted), using 2933,59 CPU seconds and 54059 MB memory.
2026-09-27 11:00:35.792 INFO   [EA44D1\9AD6B4] Auto-router pass #818 on board 'b8605f1f80fadc085c243691afa4f14a' was completed in 0,06 seconds with the score of 980,75 (1 unrouted), using 2933,59 CPU seconds and 54059 MB memory.
2026-09-27 11:00:35.875 INFO   [EA44D1\9AD6B4] Auto-router pass #819 on board 'b8605f1f80fadc085c243691afa4f14a' was completed in 0,08 seconds with the score of 980,75 (1 unrouted), using 2933,59 CPU seconds and 54059 MB memory.
2026-09-27 11:00:35.987 INFO   [EA44D1\9AD6B4] Auto-router pass #820 on board 'b8605f1f80fadc085c243691afa4f14a' was completed in 0,11 seconds with the score of 980,75 (1 unrouted), using 2933,59 CPU seconds and 54059 MB memory.
2026-09-27 11:00:36.053 INFO   [EA44D1\9AD6B4] Auto-router pass #821 on board 'b8605f1f80fadc085c243691afa4f14a' was completed in 0,06 seconds with the score of 980,75 (1 unrouted), using 3010,08 CPU seconds and 54854 MB memory.
2026-09-27 11:00:36.131 INFO   [EA44D1\9AD6B4] Auto-router pass #822 on board 'b8605f1f80fadc085c243691afa4f14a' was completed in 0,07 seconds with the score of 980,75 (1 unrouted), using 3010,08 CPU seconds and 54854 MB memory.
2026-09-27 11:00:36.203 INFO   [EA44D1\9AD6B4] Auto-router pass #823 on board 'b8605f1f80fadc085c243691afa4f14a' was completed in 0,07 seconds with the score of 980,75 (1 unrouted), using 3010,08 CPU seconds and 54854 MB memory.
2026-09-27 11:00:36.314 INFO   [EA44D1\9AD6B4] Auto-router pass #824 on board 'b8605f1f80fadc085c243691afa4f14a' was completed in 0,10 seconds with the score of 980,75 (1 unrouted), using 3010,08 CPU seconds and 54854 MB memory.
2026-09-27 11:00:36.379 INFO   [EA44D1\9AD6B4] Auto-router pass #825 on board 'b8605f1f80fadc085c243691afa4f14a' was completed in 0,06 seconds with the score of 980,75 (1 unrouted), using 3010,08 CPU seconds and 54854 MB memory.
2026-09-27 11:00:36.458 INFO   [EA44D1\9AD6B4] Auto-router pass #826 on board 'b8605f1f80fadc085c243691afa4f14a' was completed in 0,07 seconds with the score of 980,75 (1 unrouted), using 3010,08 CPU seconds and 54854 MB memory.
2026-09-27 11:00:36.533 INFO   [EA44D1\9AD6B4] Auto-router pass #827 on board 'b8605f1f80fadc085c243691afa4f14a' was completed in 0,07 seconds with the score of 980,75 (1 unrouted), using 3010,08 CPU seconds and 54854 MB memory.
2026-09-27 11:00:36.637 INFO   [EA44D1\9AD6B4] Auto-router pass #828 on board 'b8605f1f80fadc085c243691afa4f14a' was completed in 0,10 seconds with the score of 980,75 (1 unrouted), using 3010,08 CPU seconds and 54854 MB memory.
2026-09-27 11:00:36.710 INFO   [EA44D1\9AD6B4] Auto-router pass #829 on board 'b8605f1f80fadc085c243691afa4f14a' was completed in 0,06 seconds with the score of 980,75 (1 unrouted), using 3010,08 CPU seconds and 54854 MB memory.
2026-09-27 11:00:36.781 INFO   [EA44D1\9AD6B4] Auto-router pass #830 on board 'b8605f1f80fadc085c243691afa4f14a' was completed in 0,06 seconds with the score of 980,75 (1 unrouted), using 3010,08 CPU seconds and 54854 MB memory.
2026-09-27 11:00:36.850 INFO   [EA44D1\9AD6B4] Auto-router pass #831 on board 'b8605f1f80fadc085c243691afa4f14a' was completed in 0,06 seconds with the score of 980,75 (1 unrouted), using 3010,08 CPU seconds and 54854 MB memory.
2026-09-27 11:00:36.961 INFO   [EA44D1\9AD6B4] Auto-router pass #832 on board 'b8605f1f80fadc085c243691afa4f14a' was completed in 0,10 seconds with the score of 980,75 (1 unrouted), using 3010,08 CPU seconds and 54854 MB memory.
2026-09-27 11:00:37.028 INFO   [EA44D1\9AD6B4] Auto-router pass #833 on board 'b8605f1f80fadc085c243691afa4f14a' was completed in 0,06 seconds with the score of 980,75 (1 unrouted), using 3010,08 CPU seconds and 54854 MB memory.
2026-09-27 11:00:37.105 INFO   [EA44D1\9AD6B4] Auto-router pass #834 on board 'b8605f1f80fadc085c243691afa4f14a' was completed in 0,07 seconds with the score of 980,75 (1 unrouted), using 3087,56 CPU seconds and 55628 MB memory.
2026-09-27 11:00:37.187 INFO   [EA44D1\9AD6B4] Auto-router pass #835 on board 'b8605f1f80fadc085c243691afa4f14a' was completed in 0,07 seconds with the score of 980,75 (1 unrouted), using 3087,56 CPU seconds and 55628 MB memory.
2026-09-27 11:00:37.298 INFO   [EA44D1\9AD6B4] Auto-router pass #836 on board 'b8605f1f80fadc085c243691afa4f14a' was completed in 0,11 seconds with the score of 980,75 (1 unrouted), using 3087,56 CPU seconds and 55628 MB memory.
2026-09-27 11:00:37.369 INFO   [EA44D1\9AD6B4] Auto-router pass #837 on board 'b8605f1f80fadc085c243691afa4f14a' was completed in 0,07 seconds with the score of 980,75 (1 unrouted), using 3087,56 CPU seconds and 55628 MB memory.
2026-09-27 11:00:37.455 INFO   [EA44D1\9AD6B4] Auto-router pass #838 on board 'b8605f1f80fadc085c243691afa4f14a' was completed in 0,08 seconds with the score of 980,75 (1 unrouted), using 3087,56 CPU seconds and 55628 MB memory.
2026-09-27 11:00:37.531 INFO   [EA44D1\9AD6B4] Auto-router pass #839 on board 'b8605f1f80fadc085c243691afa4f14a' was completed in 0,07 seconds with the score of 980,75 (1 unrouted), using 3087,56 CPU seconds and 55628 MB memory.
2026-09-27 11:00:37.635 INFO   [EA44D1\9AD6B4] Auto-router pass #840 on board 'b8605f1f80fadc085c243691afa4f14a' was completed in 0,10 seconds with the score of 980,75 (1 unrouted), using 3087,56 CPU seconds and 55628 MB memory.
2026-09-27 11:00:37.701 INFO   [EA44D1\9AD6B4] Auto-router pass #841 on board 'b8605f1f80fadc085c243691afa4f14a' was completed in 0,06 seconds with the score of 980,75 (1 unrouted), using 3087,56 CPU seconds and 55628 MB memory.
2026-09-27 11:00:37.772 INFO   [EA44D1\9AD6B4] Auto-router pass #842 on board 'b8605f1f80fadc085c243691afa4f14a' was completed in 0,06 seconds with the score of 980,75 (1 unrouted), using 3087,56 CPU seconds and 55628 MB memory.
2026-09-27 11:00:37.841 INFO   [EA44D1\9AD6B4] Auto-router pass #843 on board 'b8605f1f80fadc085c243691afa4f14a' was completed in 0,06 seconds with the score of 980,75 (1 unrouted), using 3087,56 CPU seconds and 55628 MB memory.
2026-09-27 11:00:37.964 INFO   [EA44D1\9AD6B4] Auto-router pass #844 on board 'b8605f1f80fadc085c243691afa4f14a' was completed in 0,12 seconds with the score of 980,75 (1 unrouted), using 3087,56 CPU seconds and 55628 MB memory.
2026-09-27 11:00:38.032 INFO   [EA44D1\9AD6B4] Auto-router pass #845 on board 'b8605f1f80fadc085c243691afa4f14a' was completed in 0,06 seconds with the score of 980,75 (1 unrouted), using 3087,56 CPU seconds and 55628 MB memory.
2026-09-27 11:00:38.103 INFO   [EA44D1\9AD6B4] Auto-router pass #846 on board 'b8605f1f80fadc085c243691afa4f14a' was completed in 0,07 seconds with the score of 980,75 (1 unrouted), using 3166,03 CPU seconds and 56386 MB memory.
2026-09-27 11:00:38.176 INFO   [EA44D1\9AD6B4] Auto-router pass #847 on board 'b8605f1f80fadc085c243691afa4f14a' was completed in 0,07 seconds with the score of 980,75 (1 unrouted), using 3166,03 CPU seconds and 56386 MB memory.
2026-09-27 11:00:38.283 INFO   [EA44D1\9AD6B4] Auto-router pass #848 on board 'b8605f1f80fadc085c243691afa4f14a' was completed in 0,10 seconds with the score of 980,75 (1 unrouted), using 3166,03 CPU seconds and 56386 MB memory.
2026-09-27 11:00:38.362 INFO   [EA44D1\9AD6B4] Auto-router pass #849 on board 'b8605f1f80fadc085c243691afa4f14a' was completed in 0,07 seconds with the score of 980,75 (1 unrouted), using 3166,03 CPU seconds and 56386 MB memory.
2026-09-27 11:00:38.435 INFO   [EA44D1\9AD6B4] Auto-router pass #850 on board 'b8605f1f80fadc085c243691afa4f14a' was completed in 0,07 seconds with the score of 980,75 (1 unrouted), using 3166,03 CPU seconds and 56386 MB memory.
2026-09-27 11:00:38.504 INFO   [EA44D1\9AD6B4] Auto-router pass #851 on board 'b8605f1f80fadc085c243691afa4f14a' was completed in 0,06 seconds with the score of 980,75 (1 unrouted), using 3166,03 CPU seconds and 56386 MB memory.
2026-09-27 11:00:38.615 INFO   [EA44D1\9AD6B4] Auto-router pass #852 on board 'b8605f1f80fadc085c243691afa4f14a' was completed in 0,11 seconds with the score of 980,75 (1 unrouted), using 3166,03 CPU seconds and 56386 MB memory.
2026-09-27 11:00:38.685 INFO   [EA44D1\9AD6B4] Auto-router pass #853 on board 'b8605f1f80fadc085c243691afa4f14a' was completed in 0,06 seconds with the score of 980,75 (1 unrouted), using 3166,03 CPU seconds and 56386 MB memory.
2026-09-27 11:00:38.757 INFO   [EA44D1\9AD6B4] Auto-router pass #854 on board 'b8605f1f80fadc085c243691afa4f14a' was completed in 0,07 seconds with the score of 980,75 (1 unrouted), using 3166,03 CPU seconds and 56386 MB memory.
2026-09-27 11:00:38.834 INFO   [EA44D1\9AD6B4] Auto-router pass #855 on board 'b8605f1f80fadc085c243691afa4f14a' was completed in 0,07 seconds with the score of 980,75 (1 unrouted), using 3166,03 CPU seconds and 56386 MB memory.
2026-09-27 11:00:38.944 INFO   [EA44D1\9AD6B4] Auto-router pass #856 on board 'b8605f1f80fadc085c243691afa4f14a' was completed in 0,10 seconds with the score of 980,75 (1 unrouted), using 3166,03 CPU seconds and 56386 MB memory.
2026-09-27 11:00:39.017 INFO   [EA44D1\9AD6B4] Auto-router pass #857 on board 'b8605f1f80fadc085c243691afa4f14a' was completed in 0,07 seconds with the score of 980,75 (1 unrouted), using 3166,03 CPU seconds and 56386 MB memory.
2026-09-27 11:00:39.087 INFO   [EA44D1\9AD6B4] Auto-router pass #858 on board 'b8605f1f80fadc085c243691afa4f14a' was completed in 0,06 seconds with the score of 980,75 (1 unrouted), using 3245,50 CPU seconds and 57165 MB memory.
2026-09-27 11:00:39.172 INFO   [EA44D1\9AD6B4] Auto-router pass #859 on board 'b8605f1f80fadc085c243691afa4f14a' was completed in 0,08 seconds with the score of 980,75 (1 unrouted), using 3245,50 CPU seconds and 57165 MB memory.
2026-09-27 11:00:39.283 INFO   [EA44D1\9AD6B4] Auto-router pass #860 on board 'b8605f1f80fadc085c243691afa4f14a' was completed in 0,10 seconds with the score of 980,75 (1 unrouted), using 3245,50 CPU seconds and 57165 MB memory.
2026-09-27 11:00:39.365 INFO   [EA44D1\9AD6B4] Auto-router pass #861 on board 'b8605f1f80fadc085c243691afa4f14a' was completed in 0,07 seconds with the score of 980,75 (1 unrouted), using 3245,50 CPU seconds and 57165 MB memory.
2026-09-27 11:00:39.440 INFO   [EA44D1\9AD6B4] Auto-router pass #862 on board 'b8605f1f80fadc085c243691afa4f14a' was completed in 0,07 seconds with the score of 980,75 (1 unrouted), using 3245,50 CPU seconds and 57165 MB memory.
2026-09-27 11:00:39.506 INFO   [EA44D1\9AD6B4] Auto-router pass #863 on board 'b8605f1f80fadc085c243691afa4f14a' was completed in 0,06 seconds with the score of 980,75 (1 unrouted), using 3245,50 CPU seconds and 57165 MB memory.
2026-09-27 11:00:39.610 INFO   [EA44D1\9AD6B4] Auto-router pass #864 on board 'b8605f1f80fadc085c243691afa4f14a' was completed in 0,10 seconds with the score of 980,75 (1 unrouted), using 3245,50 CPU seconds and 57165 MB memory.
2026-09-27 11:00:39.695 INFO   [EA44D1\9AD6B4] Auto-router pass #865 on board 'b8605f1f80fadc085c243691afa4f14a' was completed in 0,08 seconds with the score of 980,75 (1 unrouted), using 3245,50 CPU seconds and 57165 MB memory.
2026-09-27 11:00:39.764 INFO   [EA44D1\9AD6B4] Auto-router pass #866 on board 'b8605f1f80fadc085c243691afa4f14a' was completed in 0,06 seconds with the score of 980,75 (1 unrouted), using 3245,50 CPU seconds and 57165 MB memory.
2026-09-27 11:00:39.833 INFO   [EA44D1\9AD6B4] Auto-router pass #867 on board 'b8605f1f80fadc085c243691afa4f14a' was completed in 0,06 seconds with the score of 980,75 (1 unrouted), using 3245,50 CPU seconds and 57165 MB memory.
2026-09-27 11:00:39.944 INFO   [EA44D1\9AD6B4] Auto-router pass #868 on board 'b8605f1f80fadc085c243691afa4f14a' was completed in 0,10 seconds with the score of 980,75 (1 unrouted), using 3245,50 CPU seconds and 57165 MB memory.
2026-09-27 11:00:40.027 INFO   [EA44D1\9AD6B4] Auto-router pass #869 on board 'b8605f1f80fadc085c243691afa4f14a' was completed in 0,08 seconds with the score of 980,75 (1 unrouted), using 3245,50 CPU seconds and 57165 MB memory.
2026-09-27 11:00:40.102 INFO   [EA44D1\9AD6B4] Auto-router pass #870 on board 'b8605f1f80fadc085c243691afa4f14a' was completed in 0,07 seconds with the score of 980,75 (1 unrouted), using 3325,92 CPU seconds and 57913 MB memory.
2026-09-27 11:00:40.176 INFO   [EA44D1\9AD6B4] Auto-router pass #871 on board 'b8605f1f80fadc085c243691afa4f14a' was completed in 0,07 seconds with the score of 980,75 (1 unrouted), using 3325,92 CPU seconds and 57913 MB memory.
2026-09-27 11:00:40.277 INFO   [EA44D1\9AD6B4] Auto-router pass #872 on board 'b8605f1f80fadc085c243691afa4f14a' was completed in 0,10 seconds with the score of 980,75 (1 unrouted), using 3325,92 CPU seconds and 57913 MB memory.
2026-09-27 11:00:40.343 INFO   [EA44D1\9AD6B4] Auto-router pass #873 on board 'b8605f1f80fadc085c243691afa4f14a' was completed in 0,06 seconds with the score of 980,75 (1 unrouted), using 3325,92 CPU seconds and 57913 MB memory.
2026-09-27 11:00:40.416 INFO   [EA44D1\9AD6B4] Auto-router pass #874 on board 'b8605f1f80fadc085c243691afa4f14a' was completed in 0,07 seconds with the score of 980,75 (1 unrouted), using 3325,92 CPU seconds and 57913 MB memory.
2026-09-27 11:00:40.489 INFO   [EA44D1\9AD6B4] Auto-router pass #875 on board 'b8605f1f80fadc085c243691afa4f14a' was completed in 0,07 seconds with the score of 980,75 (1 unrouted), using 3325,92 CPU seconds and 57913 MB memory.
2026-09-27 11:00:40.593 INFO   [EA44D1\9AD6B4] Auto-router pass #876 on board 'b8605f1f80fadc085c243691afa4f14a' was completed in 0,10 seconds with the score of 980,75 (1 unrouted), using 3325,92 CPU seconds and 57913 MB memory.
2026-09-27 11:00:40.671 INFO   [EA44D1\9AD6B4] Auto-router pass #877 on board 'b8605f1f80fadc085c243691afa4f14a' was completed in 0,07 seconds with the score of 980,75 (1 unrouted), using 3325,92 CPU seconds and 57913 MB memory.
2026-09-27 11:00:40.739 INFO   [EA44D1\9AD6B4] Auto-router pass #878 on board 'b8605f1f80fadc085c243691afa4f14a' was completed in 0,06 seconds with the score of 980,75 (1 unrouted), using 3325,92 CPU seconds and 57913 MB memory.
2026-09-27 11:00:40.820 INFO   [EA44D1\9AD6B4] Auto-router pass #879 on board 'b8605f1f80fadc085c243691afa4f14a' was completed in 0,07 seconds with the score of 980,75 (1 unrouted), using 3325,92 CPU seconds and 57913 MB memory.
2026-09-27 11:00:40.924 INFO   [EA44D1\9AD6B4] Auto-router pass #880 on board 'b8605f1f80fadc085c243691afa4f14a' was completed in 0,10 seconds with the score of 980,75 (1 unrouted), using 3325,92 CPU seconds and 57913 MB memory.
2026-09-27 11:00:41.007 INFO   [EA44D1\9AD6B4] Auto-router pass #881 on board 'b8605f1f80fadc085c243691afa4f14a' was completed in 0,08 seconds with the score of 980,75 (1 unrouted), using 3325,92 CPU seconds and 57913 MB memory.
2026-09-27 11:00:41.077 INFO   [EA44D1\9AD6B4] Auto-router pass #882 on board 'b8605f1f80fadc085c243691afa4f14a' was completed in 0,06 seconds with the score of 980,75 (1 unrouted), using 3325,92 CPU seconds and 57913 MB memory.
2026-09-27 11:00:41.145 INFO   [EA44D1\9AD6B4] Auto-router pass #883 on board 'b8605f1f80fadc085c243691afa4f14a' was completed in 0,06 seconds with the score of 980,75 (1 unrouted), using 3407,36 CPU seconds and 58700 MB memory.
2026-09-27 11:00:41.247 INFO   [EA44D1\9AD6B4] Auto-router pass #884 on board 'b8605f1f80fadc085c243691afa4f14a' was completed in 0,10 seconds with the score of 980,75 (1 unrouted), using 3407,36 CPU seconds and 58700 MB memory.
2026-09-27 11:00:41.318 INFO   [EA44D1\9AD6B4] Auto-router pass #885 on board 'b8605f1f80fadc085c243691afa4f14a' was completed in 0,06 seconds with the score of 980,75 (1 unrouted), using 3407,36 CPU seconds and 58700 MB memory.
2026-09-27 11:00:41.403 INFO   [EA44D1\9AD6B4] Auto-router pass #886 on board 'b8605f1f80fadc085c243691afa4f14a' was completed in 0,08 seconds with the score of 980,75 (1 unrouted), using 3407,36 CPU seconds and 58700 MB memory.
2026-09-27 11:00:41.471 INFO   [EA44D1\9AD6B4] Auto-router pass #887 on board 'b8605f1f80fadc085c243691afa4f14a' was completed in 0,06 seconds with the score of 980,75 (1 unrouted), using 3407,36 CPU seconds and 58700 MB memory.
2026-09-27 11:00:41.581 INFO   [EA44D1\9AD6B4] Auto-router pass #888 on board 'b8605f1f80fadc085c243691afa4f14a' was completed in 0,10 seconds with the score of 980,75 (1 unrouted), using 3407,36 CPU seconds and 58700 MB memory.
2026-09-27 11:00:41.662 INFO   [EA44D1\9AD6B4] Auto-router pass #889 on board 'b8605f1f80fadc085c243691afa4f14a' was completed in 0,07 seconds with the score of 980,75 (1 unrouted), using 3407,36 CPU seconds and 58700 MB memory.
2026-09-27 11:00:41.752 INFO   [EA44D1\9AD6B4] Auto-router pass #890 on board 'b8605f1f80fadc085c243691afa4f14a' was completed in 0,08 seconds with the score of 980,75 (1 unrouted), using 3407,36 CPU seconds and 58700 MB memory.
2026-09-27 11:00:41.834 INFO   [EA44D1\9AD6B4] Auto-router pass #891 on board 'b8605f1f80fadc085c243691afa4f14a' was completed in 0,08 seconds with the score of 980,75 (1 unrouted), using 3407,36 CPU seconds and 58700 MB memory.
2026-09-27 11:00:41.938 INFO   [EA44D1\9AD6B4] Auto-router pass #892 on board 'b8605f1f80fadc085c243691afa4f14a' was completed in 0,10 seconds with the score of 980,75 (1 unrouted), using 3407,36 CPU seconds and 58700 MB memory.
2026-09-27 11:00:42.002 INFO   [EA44D1\9AD6B4] Auto-router pass #893 on board 'b8605f1f80fadc085c243691afa4f14a' was completed in 0,06 seconds with the score of 980,75 (1 unrouted), using 3407,36 CPU seconds and 58700 MB memory.
2026-09-27 11:00:42.080 INFO   [EA44D1\9AD6B4] Auto-router pass #894 on board 'b8605f1f80fadc085c243691afa4f14a' was completed in 0,07 seconds with the score of 980,75 (1 unrouted), using 3407,36 CPU seconds and 58700 MB memory.
2026-09-27 11:00:42.155 INFO   [EA44D1\9AD6B4] Auto-router pass #895 on board 'b8605f1f80fadc085c243691afa4f14a' was completed in 0,07 seconds with the score of 980,75 (1 unrouted), using 3489,77 CPU seconds and 59457 MB memory.
2026-09-27 11:00:42.260 INFO   [EA44D1\9AD6B4] Auto-router pass #896 on board 'b8605f1f80fadc085c243691afa4f14a' was completed in 0,10 seconds with the score of 980,75 (1 unrouted), using 3489,77 CPU seconds and 59457 MB memory.
2026-09-27 11:00:42.337 INFO   [EA44D1\9AD6B4] Auto-router pass #897 on board 'b8605f1f80fadc085c243691afa4f14a' was completed in 0,07 seconds with the score of 980,75 (1 unrouted), using 3489,77 CPU seconds and 59457 MB memory.
2026-09-27 11:00:42.421 INFO   [EA44D1\9AD6B4] Auto-router pass #898 on board 'b8605f1f80fadc085c243691afa4f14a' was completed in 0,08 seconds with the score of 980,75 (1 unrouted), using 3489,77 CPU seconds and 59457 MB memory.
2026-09-27 11:00:42.494 INFO   [EA44D1\9AD6B4] Auto-router pass #899 on board 'b8605f1f80fadc085c243691afa4f14a' was completed in 0,07 seconds with the score of 980,75 (1 unrouted), using 3489,77 CPU seconds and 59457 MB memory.
2026-09-27 11:00:42.600 INFO   [EA44D1\9AD6B4] Auto-router pass #900 on board 'b8605f1f80fadc085c243691afa4f14a' was completed in 0,10 seconds with the score of 980,75 (1 unrouted), using 3489,77 CPU seconds and 59457 MB memory.
2026-09-27 11:00:42.669 INFO   [EA44D1\9AD6B4] Auto-router pass #901 on board 'b8605f1f80fadc085c243691afa4f14a' was completed in 0,06 seconds with the score of 980,75 (1 unrouted), using 3489,77 CPU seconds and 59457 MB memory.
2026-09-27 11:00:42.742 INFO   [EA44D1\9AD6B4] Auto-router pass #902 on board 'b8605f1f80fadc085c243691afa4f14a' was completed in 0,07 seconds with the score of 980,75 (1 unrouted), using 3489,77 CPU seconds and 59457 MB memory.
2026-09-27 11:00:42.811 INFO   [EA44D1\9AD6B4] Auto-router pass #903 on board 'b8605f1f80fadc085c243691afa4f14a' was completed in 0,06 seconds with the score of 980,75 (1 unrouted), using 3489,77 CPU seconds and 59457 MB memory.
2026-09-27 11:00:42.919 INFO   [EA44D1\9AD6B4] Auto-router pass #904 on board 'b8605f1f80fadc085c243691afa4f14a' was completed in 0,10 seconds with the score of 980,75 (1 unrouted), using 3489,77 CPU seconds and 59457 MB memory.
2026-09-27 11:00:42.987 INFO   [EA44D1\9AD6B4] Auto-router pass #905 on board 'b8605f1f80fadc085c243691afa4f14a' was completed in 0,06 seconds with the score of 980,75 (1 unrouted), using 3489,77 CPU seconds and 59457 MB memory.
2026-09-27 11:00:43.061 INFO   [EA44D1\9AD6B4] Auto-router pass #906 on board 'b8605f1f80fadc085c243691afa4f14a' was completed in 0,07 seconds with the score of 980,75 (1 unrouted), using 3489,77 CPU seconds and 59457 MB memory.
2026-09-27 11:00:43.131 INFO   [EA44D1\9AD6B4] Auto-router pass #907 on board 'b8605f1f80fadc085c243691afa4f14a' was completed in 0,07 seconds with the score of 980,75 (1 unrouted), using 3573,16 CPU seconds and 60232 MB memory.
2026-09-27 11:00:43.242 INFO   [EA44D1\9AD6B4] Auto-router pass #908 on board 'b8605f1f80fadc085c243691afa4f14a' was completed in 0,10 seconds with the score of 980,75 (1 unrouted), using 3573,16 CPU seconds and 60232 MB memory.
2026-09-27 11:00:43.332 INFO   [EA44D1\9AD6B4] Auto-router pass #909 on board 'b8605f1f80fadc085c243691afa4f14a' was completed in 0,08 seconds with the score of 980,75 (1 unrouted), using 3573,16 CPU seconds and 60232 MB memory.
2026-09-27 11:00:43.423 INFO   [EA44D1\9AD6B4] Auto-router pass #910 on board 'b8605f1f80fadc085c243691afa4f14a' was completed in 0,08 seconds with the score of 980,75 (1 unrouted), using 3573,16 CPU seconds and 60232 MB memory.
2026-09-27 11:00:43.498 INFO   [EA44D1\9AD6B4] Auto-router pass #911 on board 'b8605f1f80fadc085c243691afa4f14a' was completed in 0,07 seconds with the score of 980,75 (1 unrouted), using 3573,16 CPU seconds and 60232 MB memory.
2026-09-27 11:00:43.604 INFO   [EA44D1\9AD6B4] Auto-router pass #912 on board 'b8605f1f80fadc085c243691afa4f14a' was completed in 0,10 seconds with the score of 980,75 (1 unrouted), using 3573,16 CPU seconds and 60232 MB memory.
2026-09-27 11:00:43.685 INFO   [EA44D1\9AD6B4] Auto-router pass #913 on board 'b8605f1f80fadc085c243691afa4f14a' was completed in 0,07 seconds with the score of 980,75 (1 unrouted), using 3573,16 CPU seconds and 60232 MB memory.
2026-09-27 11:00:43.762 INFO   [EA44D1\9AD6B4] Auto-router pass #914 on board 'b8605f1f80fadc085c243691afa4f14a' was completed in 0,07 seconds with the score of 980,75 (1 unrouted), using 3573,16 CPU seconds and 60232 MB memory.
2026-09-27 11:00:43.843 INFO   [EA44D1\9AD6B4] Auto-router pass #915 on board 'b8605f1f80fadc085c243691afa4f14a' was completed in 0,07 seconds with the score of 980,75 (1 unrouted), using 3573,16 CPU seconds and 60232 MB memory.
2026-09-27 11:00:43.942 INFO   [EA44D1\9AD6B4] Auto-router pass #916 on board 'b8605f1f80fadc085c243691afa4f14a' was completed in 0,09 seconds with the score of 980,75 (1 unrouted), using 3573,16 CPU seconds and 60232 MB memory.
2026-09-27 11:00:44.009 INFO   [EA44D1\9AD6B4] Auto-router pass #917 on board 'b8605f1f80fadc085c243691afa4f14a' was completed in 0,06 seconds with the score of 980,75 (1 unrouted), using 3573,16 CPU seconds and 60232 MB memory.
2026-09-27 11:00:44.084 INFO   [EA44D1\9AD6B4] Auto-router pass #918 on board 'b8605f1f80fadc085c243691afa4f14a' was completed in 0,07 seconds with the score of 980,75 (1 unrouted), using 3573,16 CPU seconds and 60232 MB memory.
2026-09-27 11:00:44.152 INFO   [EA44D1\9AD6B4] Auto-router pass #919 on board 'b8605f1f80fadc085c243691afa4f14a' was completed in 0,06 seconds with the score of 980,75 (1 unrouted), using 3657,53 CPU seconds and 60974 MB memory.
2026-09-27 11:00:44.254 INFO   [EA44D1\9AD6B4] Auto-router pass #920 on board 'b8605f1f80fadc085c243691afa4f14a' was completed in 0,10 seconds with the score of 980,75 (1 unrouted), using 3657,53 CPU seconds and 60974 MB memory.
2026-09-27 11:00:44.323 INFO   [EA44D1\9AD6B4] Auto-router pass #921 on board 'b8605f1f80fadc085c243691afa4f14a' was completed in 0,06 seconds with the score of 980,75 (1 unrouted), using 3657,53 CPU seconds and 60974 MB memory.
2026-09-27 11:00:44.389 INFO   [EA44D1\9AD6B4] Auto-router pass #922 on board 'b8605f1f80fadc085c243691afa4f14a' was completed in 0,06 seconds with the score of 980,75 (1 unrouted), using 3657,53 CPU seconds and 60974 MB memory.
2026-09-27 11:00:44.458 INFO   [EA44D1\9AD6B4] Auto-router pass #923 on board 'b8605f1f80fadc085c243691afa4f14a' was completed in 0,06 seconds with the score of 980,75 (1 unrouted), using 3657,53 CPU seconds and 60974 MB memory.
2026-09-27 11:00:44.564 INFO   [EA44D1\9AD6B4] Auto-router pass #924 on board 'b8605f1f80fadc085c243691afa4f14a' was completed in 0,10 seconds with the score of 980,75 (1 unrouted), using 3657,53 CPU seconds and 60974 MB memory.
2026-09-27 11:00:44.630 INFO   [EA44D1\9AD6B4] Auto-router pass #925 on board 'b8605f1f80fadc085c243691afa4f14a' was completed in 0,06 seconds with the score of 980,75 (1 unrouted), using 3657,53 CPU seconds and 60974 MB memory.
2026-09-27 11:00:44.699 INFO   [EA44D1\9AD6B4] Auto-router pass #926 on board 'b8605f1f80fadc085c243691afa4f14a' was completed in 0,06 seconds with the score of 980,75 (1 unrouted), using 3657,53 CPU seconds and 60974 MB memory.
2026-09-27 11:00:44.768 INFO   [EA44D1\9AD6B4] Auto-router pass #927 on board 'b8605f1f80fadc085c243691afa4f14a' was completed in 0,06 seconds with the score of 980,75 (1 unrouted), using 3657,53 CPU seconds and 60974 MB memory.
2026-09-27 11:00:44.875 INFO   [EA44D1\9AD6B4] Auto-router pass #928 on board 'b8605f1f80fadc085c243691afa4f14a' was completed in 0,10 seconds with the score of 980,75 (1 unrouted), using 3657,53 CPU seconds and 60974 MB memory.
2026-09-27 11:00:44.968 INFO   [EA44D1\9AD6B4] Auto-router pass #929 on board 'b8605f1f80fadc085c243691afa4f14a' was completed in 0,08 seconds with the score of 980,75 (1 unrouted), using 3657,53 CPU seconds and 60974 MB memory.
2026-09-27 11:00:45.044 INFO   [EA44D1\9AD6B4] Auto-router pass #930 on board 'b8605f1f80fadc085c243691afa4f14a' was completed in 0,07 seconds with the score of 980,75 (1 unrouted), using 3657,53 CPU seconds and 60974 MB memory.
2026-09-27 11:00:45.131 INFO   [EA44D1\9AD6B4] Auto-router pass #931 on board 'b8605f1f80fadc085c243691afa4f14a' was completed in 0,08 seconds with the score of 980,75 (1 unrouted), using 3742,91 CPU seconds and 61763 MB memory.
2026-09-27 11:00:45.247 INFO   [EA44D1\9AD6B4] Auto-router pass #932 on board 'b8605f1f80fadc085c243691afa4f14a' was completed in 0,11 seconds with the score of 980,75 (1 unrouted), using 3742,91 CPU seconds and 61763 MB memory.
2026-09-27 11:00:45.317 INFO   [EA44D1\9AD6B4] Auto-router pass #933 on board 'b8605f1f80fadc085c243691afa4f14a' was completed in 0,06 seconds with the score of 980,75 (1 unrouted), using 3742,91 CPU seconds and 61763 MB memory.
2026-09-27 11:00:45.401 INFO   [EA44D1\9AD6B4] Auto-router pass #934 on board 'b8605f1f80fadc085c243691afa4f14a' was completed in 0,08 seconds with the score of 980,75 (1 unrouted), using 3742,91 CPU seconds and 61763 MB memory.
2026-09-27 11:00:45.467 INFO   [EA44D1\9AD6B4] Auto-router pass #935 on board 'b8605f1f80fadc085c243691afa4f14a' was completed in 0,06 seconds with the score of 980,75 (1 unrouted), using 3742,91 CPU seconds and 61763 MB memory.
2026-09-27 11:00:45.582 INFO   [EA44D1\9AD6B4] Auto-router pass #936 on board 'b8605f1f80fadc085c243691afa4f14a' was completed in 0,11 seconds with the score of 980,75 (1 unrouted), using 3742,91 CPU seconds and 61763 MB memory.
2026-09-27 11:00:45.650 INFO   [EA44D1\9AD6B4] Auto-router pass #937 on board 'b8605f1f80fadc085c243691afa4f14a' was completed in 0,06 seconds with the score of 980,75 (1 unrouted), using 3742,91 CPU seconds and 61763 MB memory.
2026-09-27 11:00:45.721 INFO   [EA44D1\9AD6B4] Auto-router pass #938 on board 'b8605f1f80fadc085c243691afa4f14a' was completed in 0,07 seconds with the score of 980,75 (1 unrouted), using 3742,91 CPU seconds and 61763 MB memory.
2026-09-27 11:00:45.785 INFO   [EA44D1\9AD6B4] Auto-router pass #939 on board 'b8605f1f80fadc085c243691afa4f14a' was completed in 0,06 seconds with the score of 980,75 (1 unrouted), using 3742,91 CPU seconds and 61763 MB memory.
2026-09-27 11:00:45.888 INFO   [EA44D1\9AD6B4] Auto-router pass #940 on board 'b8605f1f80fadc085c243691afa4f14a' was completed in 0,10 seconds with the score of 980,75 (1 unrouted), using 3742,91 CPU seconds and 61763 MB memory.
2026-09-27 11:00:45.956 INFO   [EA44D1\9AD6B4] Auto-router pass #941 on board 'b8605f1f80fadc085c243691afa4f14a' was completed in 0,06 seconds with the score of 980,75 (1 unrouted), using 3742,91 CPU seconds and 61763 MB memory.
2026-09-27 11:00:46.026 INFO   [EA44D1\9AD6B4] Auto-router pass #942 on board 'b8605f1f80fadc085c243691afa4f14a' was completed in 0,07 seconds with the score of 980,75 (1 unrouted), using 3742,91 CPU seconds and 61763 MB memory.
2026-09-27 11:00:46.111 INFO   [EA44D1\9AD6B4] Auto-router pass #943 on board 'b8605f1f80fadc085c243691afa4f14a' was completed in 0,08 seconds with the score of 980,75 (1 unrouted), using 3742,91 CPU seconds and 61763 MB memory.
2026-09-27 11:00:46.221 INFO   [EA44D1\9AD6B4] Auto-router pass #944 on board 'b8605f1f80fadc085c243691afa4f14a' was completed in 0,10 seconds with the score of 980,75 (1 unrouted), using 3829,27 CPU seconds and 62535 MB memory.
2026-09-27 11:00:46.297 INFO   [EA44D1\9AD6B4] Auto-router pass #945 on board 'b8605f1f80fadc085c243691afa4f14a' was completed in 0,07 seconds with the score of 980,75 (1 unrouted), using 3829,27 CPU seconds and 62535 MB memory.
2026-09-27 11:00:46.371 INFO   [EA44D1\9AD6B4] Auto-router pass #946 on board 'b8605f1f80fadc085c243691afa4f14a' was completed in 0,07 seconds with the score of 980,75 (1 unrouted), using 3829,27 CPU seconds and 62535 MB memory.
2026-09-27 11:00:46.454 INFO   [EA44D1\9AD6B4] Auto-router pass #947 on board 'b8605f1f80fadc085c243691afa4f14a' was completed in 0,08 seconds with the score of 980,75 (1 unrouted), using 3829,27 CPU seconds and 62535 MB memory.
2026-09-27 11:00:46.567 INFO   [EA44D1\9AD6B4] Auto-router pass #948 on board 'b8605f1f80fadc085c243691afa4f14a' was completed in 0,10 seconds with the score of 980,75 (1 unrouted), using 3829,27 CPU seconds and 62535 MB memory.
2026-09-27 11:00:46.644 INFO   [EA44D1\9AD6B4] Auto-router pass #949 on board 'b8605f1f80fadc085c243691afa4f14a' was completed in 0,07 seconds with the score of 980,75 (1 unrouted), using 3829,27 CPU seconds and 62535 MB memory.
2026-09-27 11:00:46.720 INFO   [EA44D1\9AD6B4] Auto-router pass #950 on board 'b8605f1f80fadc085c243691afa4f14a' was completed in 0,07 seconds with the score of 980,75 (1 unrouted), using 3829,27 CPU seconds and 62535 MB memory.
2026-09-27 11:00:46.797 INFO   [EA44D1\9AD6B4] Auto-router pass #951 on board 'b8605f1f80fadc085c243691afa4f14a' was completed in 0,07 seconds with the score of 980,75 (1 unrouted), using 3829,27 CPU seconds and 62535 MB memory.
2026-09-27 11:00:46.900 INFO   [EA44D1\9AD6B4] Auto-router pass #952 on board 'b8605f1f80fadc085c243691afa4f14a' was completed in 0,10 seconds with the score of 980,75 (1 unrouted), using 3829,27 CPU seconds and 62535 MB memory.
2026-09-27 11:00:46.969 INFO   [EA44D1\9AD6B4] Auto-router pass #953 on board 'b8605f1f80fadc085c243691afa4f14a' was completed in 0,06 seconds with the score of 980,75 (1 unrouted), using 3829,27 CPU seconds and 62535 MB memory.
2026-09-27 11:00:47.044 INFO   [EA44D1\9AD6B4] Auto-router pass #954 on board 'b8605f1f80fadc085c243691afa4f14a' was completed in 0,07 seconds with the score of 980,75 (1 unrouted), using 3829,27 CPU seconds and 62535 MB memory.
2026-09-27 11:00:47.117 INFO   [EA44D1\9AD6B4] Auto-router pass #955 on board 'b8605f1f80fadc085c243691afa4f14a' was completed in 0,07 seconds with the score of 980,75 (1 unrouted), using 3916,61 CPU seconds and 63290 MB memory.
2026-09-27 11:00:47.231 INFO   [EA44D1\9AD6B4] Auto-router pass #956 on board 'b8605f1f80fadc085c243691afa4f14a' was completed in 0,11 seconds with the score of 980,75 (1 unrouted), using 3916,61 CPU seconds and 63290 MB memory.
2026-09-27 11:00:47.300 INFO   [EA44D1\9AD6B4] Auto-router pass #957 on board 'b8605f1f80fadc085c243691afa4f14a' was completed in 0,06 seconds with the score of 980,75 (1 unrouted), using 3916,61 CPU seconds and 63290 MB memory.
2026-09-27 11:00:47.382 INFO   [EA44D1\9AD6B4] Auto-router pass #958 on board 'b8605f1f80fadc085c243691afa4f14a' was completed in 0,08 seconds with the score of 980,75 (1 unrouted), using 3916,61 CPU seconds and 63290 MB memory.
2026-09-27 11:00:47.452 INFO   [EA44D1\9AD6B4] Auto-router pass #959 on board 'b8605f1f80fadc085c243691afa4f14a' was completed in 0,06 seconds with the score of 980,75 (1 unrouted), using 3916,61 CPU seconds and 63290 MB memory.
2026-09-27 11:00:47.566 INFO   [EA44D1\9AD6B4] Auto-router pass #960 on board 'b8605f1f80fadc085c243691afa4f14a' was completed in 0,10 seconds with the score of 980,75 (1 unrouted), using 3916,61 CPU seconds and 63290 MB memory.
2026-09-27 11:00:47.635 INFO   [EA44D1\9AD6B4] Auto-router pass #961 on board 'b8605f1f80fadc085c243691afa4f14a' was completed in 0,06 seconds with the score of 980,75 (1 unrouted), using 3916,61 CPU seconds and 63290 MB memory.
2026-09-27 11:00:47.715 INFO   [EA44D1\9AD6B4] Auto-router pass #962 on board 'b8605f1f80fadc085c243691afa4f14a' was completed in 0,07 seconds with the score of 980,75 (1 unrouted), using 3916,61 CPU seconds and 63290 MB memory.
2026-09-27 11:00:47.781 INFO   [EA44D1\9AD6B4] Auto-router pass #963 on board 'b8605f1f80fadc085c243691afa4f14a' was completed in 0,06 seconds with the score of 980,75 (1 unrouted), using 3916,61 CPU seconds and 63290 MB memory.
2026-09-27 11:00:47.893 INFO   [EA44D1\9AD6B4] Auto-router pass #964 on board 'b8605f1f80fadc085c243691afa4f14a' was completed in 0,11 seconds with the score of 980,75 (1 unrouted), using 3916,61 CPU seconds and 63290 MB memory.
2026-09-27 11:00:47.974 INFO   [EA44D1\9AD6B4] Auto-router pass #965 on board 'b8605f1f80fadc085c243691afa4f14a' was completed in 0,08 seconds with the score of 980,75 (1 unrouted), using 3916,61 CPU seconds and 63290 MB memory.
2026-09-27 11:00:48.044 INFO   [EA44D1\9AD6B4] Auto-router pass #966 on board 'b8605f1f80fadc085c243691afa4f14a' was completed in 0,06 seconds with the score of 980,75 (1 unrouted), using 3916,61 CPU seconds and 63290 MB memory.
2026-09-27 11:00:48.114 INFO   [EA44D1\9AD6B4] Auto-router pass #967 on board 'b8605f1f80fadc085c243691afa4f14a' was completed in 0,06 seconds with the score of 980,75 (1 unrouted), using 3916,61 CPU seconds and 63290 MB memory.
2026-09-27 11:00:48.225 INFO   [EA44D1\9AD6B4] Auto-router pass #968 on board 'b8605f1f80fadc085c243691afa4f14a' was completed in 0,11 seconds with the score of 980,75 (1 unrouted), using 4004,97 CPU seconds and 64064 MB memory.
2026-09-27 11:00:48.308 INFO   [EA44D1\9AD6B4] Auto-router pass #969 on board 'b8605f1f80fadc085c243691afa4f14a' was completed in 0,08 seconds with the score of 980,75 (1 unrouted), using 4004,97 CPU seconds and 64064 MB memory.
2026-09-27 11:00:48.374 INFO   [EA44D1\9AD6B4] Auto-router pass #970 on board 'b8605f1f80fadc085c243691afa4f14a' was completed in 0,06 seconds with the score of 980,75 (1 unrouted), using 4004,97 CPU seconds and 64064 MB memory.
2026-09-27 11:00:48.451 INFO   [EA44D1\9AD6B4] Auto-router pass #971 on board 'b8605f1f80fadc085c243691afa4f14a' was completed in 0,07 seconds with the score of 980,75 (1 unrouted), using 4004,97 CPU seconds and 64064 MB memory.
2026-09-27 11:00:48.561 INFO   [EA44D1\9AD6B4] Auto-router pass #972 on board 'b8605f1f80fadc085c243691afa4f14a' was completed in 0,10 seconds with the score of 980,75 (1 unrouted), using 4004,97 CPU seconds and 64064 MB memory.
2026-09-27 11:00:48.630 INFO   [EA44D1\9AD6B4] Auto-router pass #973 on board 'b8605f1f80fadc085c243691afa4f14a' was completed in 0,06 seconds with the score of 980,75 (1 unrouted), using 4004,97 CPU seconds and 64064 MB memory.
2026-09-27 11:00:48.701 INFO   [EA44D1\9AD6B4] Auto-router pass #974 on board 'b8605f1f80fadc085c243691afa4f14a' was completed in 0,07 seconds with the score of 980,75 (1 unrouted), using 4004,97 CPU seconds and 64064 MB memory.
2026-09-27 11:00:48.786 INFO   [EA44D1\9AD6B4] Auto-router pass #975 on board 'b8605f1f80fadc085c243691afa4f14a' was completed in 0,08 seconds with the score of 980,75 (1 unrouted), using 4004,97 CPU seconds and 64064 MB memory.
2026-09-27 11:00:48.890 INFO   [EA44D1\9AD6B4] Auto-router pass #976 on board 'b8605f1f80fadc085c243691afa4f14a' was completed in 0,10 seconds with the score of 980,75 (1 unrouted), using 4004,97 CPU seconds and 64064 MB memory.
2026-09-27 11:00:48.966 INFO   [EA44D1\9AD6B4] Auto-router pass #977 on board 'b8605f1f80fadc085c243691afa4f14a' was completed in 0,07 seconds with the score of 980,75 (1 unrouted), using 4004,97 CPU seconds and 64064 MB memory.
2026-09-27 11:00:49.050 INFO   [EA44D1\9AD6B4] Auto-router pass #978 on board 'b8605f1f80fadc085c243691afa4f14a' was completed in 0,07 seconds with the score of 980,75 (1 unrouted), using 4004,97 CPU seconds and 64064 MB memory.
2026-09-27 11:00:49.145 INFO   [EA44D1\9AD6B4] Auto-router pass #979 on board 'b8605f1f80fadc085c243691afa4f14a' was completed in 0,09 seconds with the score of 980,75 (1 unrouted), using 4094,30 CPU seconds and 64801 MB memory.
2026-09-27 11:00:49.268 INFO   [EA44D1\9AD6B4] Auto-router pass #980 on board 'b8605f1f80fadc085c243691afa4f14a' was completed in 0,12 seconds with the score of 980,75 (1 unrouted), using 4094,30 CPU seconds and 64801 MB memory.
2026-09-27 11:00:49.346 INFO   [EA44D1\9AD6B4] Auto-router pass #981 on board 'b8605f1f80fadc085c243691afa4f14a' was completed in 0,07 seconds with the score of 980,75 (1 unrouted), using 4094,30 CPU seconds and 64801 MB memory.
2026-09-27 11:00:49.439 INFO   [EA44D1\9AD6B4] Auto-router pass #982 on board 'b8605f1f80fadc085c243691afa4f14a' was completed in 0,09 seconds with the score of 980,75 (1 unrouted), using 4094,30 CPU seconds and 64801 MB memory.
2026-09-27 11:00:49.531 INFO   [EA44D1\9AD6B4] Auto-router pass #983 on board 'b8605f1f80fadc085c243691afa4f14a' was completed in 0,08 seconds with the score of 980,75 (1 unrouted), using 4094,30 CPU seconds and 64801 MB memory.
2026-09-27 11:00:49.655 INFO   [EA44D1\9AD6B4] Auto-router pass #984 on board 'b8605f1f80fadc085c243691afa4f14a' was completed in 0,12 seconds with the score of 980,75 (1 unrouted), using 4094,30 CPU seconds and 64801 MB memory.
2026-09-27 11:00:49.735 INFO   [EA44D1\9AD6B4] Auto-router pass #985 on board 'b8605f1f80fadc085c243691afa4f14a' was completed in 0,07 seconds with the score of 980,75 (1 unrouted), using 4094,30 CPU seconds and 64801 MB memory.
2026-09-27 11:00:49.807 INFO   [EA44D1\9AD6B4] Auto-router pass #986 on board 'b8605f1f80fadc085c243691afa4f14a' was completed in 0,07 seconds with the score of 980,75 (1 unrouted), using 4094,30 CPU seconds and 64801 MB memory.
2026-09-27 11:00:49.881 INFO   [EA44D1\9AD6B4] Auto-router pass #987 on board 'b8605f1f80fadc085c243691afa4f14a' was completed in 0,07 seconds with the score of 980,75 (1 unrouted), using 4094,30 CPU seconds and 64801 MB memory.
2026-09-27 11:00:50.007 INFO   [EA44D1\9AD6B4] Auto-router pass #988 on board 'b8605f1f80fadc085c243691afa4f14a' was completed in 0,12 seconds with the score of 980,75 (1 unrouted), using 4094,30 CPU seconds and 64801 MB memory.
2026-09-27 11:00:50.079 INFO   [EA44D1\9AD6B4] Auto-router pass #989 on board 'b8605f1f80fadc085c243691afa4f14a' was completed in 0,07 seconds with the score of 980,75 (1 unrouted), using 4094,30 CPU seconds and 64801 MB memory.
2026-09-27 11:00:50.173 INFO   [EA44D1\9AD6B4] Auto-router pass #990 on board 'b8605f1f80fadc085c243691afa4f14a' was completed in 0,08 seconds with the score of 980,75 (1 unrouted), using 4184,61 CPU seconds and 65488 MB memory.
2026-09-27 11:00:50.267 INFO   [EA44D1\9AD6B4] Auto-router pass #991 on board 'b8605f1f80fadc085c243691afa4f14a' was completed in 0,09 seconds with the score of 980,75 (1 unrouted), using 4184,61 CPU seconds and 65488 MB memory.
2026-09-27 11:00:50.390 INFO   [EA44D1\9AD6B4] Auto-router pass #992 on board 'b8605f1f80fadc085c243691afa4f14a' was completed in 0,12 seconds with the score of 980,75 (1 unrouted), using 4184,61 CPU seconds and 65488 MB memory.
2026-09-27 11:00:50.467 INFO   [EA44D1\9AD6B4] Auto-router pass #993 on board 'b8605f1f80fadc085c243691afa4f14a' was completed in 0,07 seconds with the score of 980,75 (1 unrouted), using 4184,61 CPU seconds and 65488 MB memory.
2026-09-27 11:00:50.547 INFO   [EA44D1\9AD6B4] Auto-router pass #994 on board 'b8605f1f80fadc085c243691afa4f14a' was completed in 0,07 seconds with the score of 980,75 (1 unrouted), using 4184,61 CPU seconds and 65488 MB memory.
2026-09-27 11:00:50.625 INFO   [EA44D1\9AD6B4] Auto-router pass #995 on board 'b8605f1f80fadc085c243691afa4f14a' was completed in 0,07 seconds with the score of 980,75 (1 unrouted), using 4184,61 CPU seconds and 65488 MB memory.
2026-09-27 11:00:50.762 INFO   [EA44D1\9AD6B4] Auto-router pass #996 on board 'b8605f1f80fadc085c243691afa4f14a' was completed in 0,13 seconds with the score of 980,75 (1 unrouted), using 4184,61 CPU seconds and 65488 MB memory.
2026-09-27 11:00:50.842 INFO   [EA44D1\9AD6B4] Auto-router pass #997 on board 'b8605f1f80fadc085c243691afa4f14a' was completed in 0,07 seconds with the score of 980,75 (1 unrouted), using 4184,61 CPU seconds and 65488 MB memory.
2026-09-27 11:00:50.919 INFO   [EA44D1\9AD6B4] Auto-router pass #998 on board 'b8605f1f80fadc085c243691afa4f14a' was completed in 0,07 seconds with the score of 980,75 (1 unrouted), using 4184,61 CPU seconds and 65488 MB memory.
2026-09-27 11:00:51.002 INFO   [EA44D1\9AD6B4] Auto-router pass #999 on board 'b8605f1f80fadc085c243691afa4f14a' was completed in 0,08 seconds with the score of 980,75 (1 unrouted), using 4184,61 CPU seconds and 65488 MB memory.
{
  "host": "KiCad's Pcbnew,10.0.6",
  "unit": "mm",
  "board": {
    "bounding_box": {
      "x": 1001.0,
      "y": 1.0,
      "width": -1.0,
      "height": -801.0
    },
    "size": {
      "x": 0.0,
      "y": 0.0,
      "width": 1002.0,
      "height": 802.0
    }
  },
  "layers": {
    "total_count": 2,
    "signal_count": 2
  },
  "items": {
    "total_count": 836,
    "trace_count": 187,
    "via_count": 9,
    "conduction_area_count": 0,
    "drill_item_count": 172,
    "pin_count": 0,
    "component_count": 433,
    "other_count": 35
  },
  "components": {
    "total_count": 59
  },
  "pads": {
    "total_count": 172
  },
  "nets": {
    "total_count": 43,
    "class_count": 2
  },
  "connections": {
    "maximum_count": 325,
    "incomplete_count": 1
  },
  "traces": {
    "total_count": 187,
    "total_segment_count": 446,
    "total_length": 17990.8,
    "total_weighted_length": 6.968122E7,
    "average_length": 96.20748,
    "total_vertical_length": 3580.521,
    "total_horizontal_length": 4679.156,
    "total_angled_length": 5370.966
  },
  "bends": {
    "total_count": 259,
    "90_degree_count": 2,
    "45_degree_count": 257,
    "other_angle_count": 0
  },
  "vias": {
    "total_count": 9,
    "through_hole_count": 9,
    "blind_count": 0,
    "buried_count": 0
  },
  "clearance_violations": {
    "total_count": 0
  }
}
