t_us,sequence,flags,config_id,raw_ch1,raw_ch2,raw_ch3,raw_ch4,raw_ch5,raw_ch6,raw_ch7,raw_ch8,motor_a_v,motor_b_v,pin4_v,pin5_v,pin6_v,current_out_v,vbat_v,aux_v,motor_diff_v,current_a,sensor_ref_v,sensor_ratio,position
900001,1800,0,1,0,0,16063,6521,80,15806,7492,969,0.0,0.0,4.9998832641601565,2.0297726928710937,0.0249013671875,2.41180419921875,13.90025732421875,1.2006042480468748,0.0,-0.352783203125,4.974981896972657,0.4029906775949446,0.3614152537070638
900501,1801,0,1,9685,0,16063,6528,80,15809,7492,969,11.999847412109373,0.0,4.9998832641601565,2.0319515624999998,0.0249013671875,2.412261962890625,13.90025732421875,1.2006042480468748,11.999847412109373,-0.3509521484375,4.974981896972657,0.40342864293311637,0.3620409184758806
901001,1802,0,1,0,0,16063,6534,80,15811,7492,969,0.0,0.0,4.9998832641601565,2.0338191650390622,0.0249013671875,2.412567138671875,13.90025732421875,1.2006042480468748,0.0,-0.3497314453125,4.974981896972657,0.4038040417944065,0.3625772025634379
901501,1803,0,1,9685,0,16063,6541,80,15814,7492,969,11.999847412109373,0.0,4.9998832641601565,2.0359980346679687,0.0249013671875,2.41302490234375,13.90025732421875,1.2006042480468748,11.999847412109373,-0.347900390625,4.974981896972657,0.40424200713257835,0.3632028673322549
902001,1804,0,1,0,0,16063,6547,80,15816,7492,969,0.0,0.0,4.9998832641601565,2.037865637207031,0.0249013671875,2.413330078125,13.90025732421875,1.2006042480468748,0.0,-0.3466796875,4.974981896972657,0.4046174059938685,0.36373915141981217
902501,1805,0,1,9685,0,16063,6554,80,15819,7492,969,11.999847412109373,0.0,4.9998832641601565,2.0400445068359376,0.0249013671875,2.413787841796875,13.90025732421875,1.2006042480468748,11.999847412109373,-0.3448486328125,4.974981896972657,0.40505537133204034,0.36436481618862915
903001,1806,0,1,0,0,16063,6560,80,15821,7492,969,0.0,0.0,4.9998832641601565,2.041912109375,0.0249013671875,2.414093017578125,13.90025732421875,1.2006042480468748,0.0,-0.3436279296875,4.974981896972657,0.40543077019333046,0.36490110027618644
903501,1807,0,1,9685,0,16063,6567,80,15824,7492,969,11.999847412109373,0.0,4.9998832641601565,2.044090979003906,0.0249013671875,2.41455078125,13.90025732421875,1.2006042480468748,11.999847412109373,-0.341796875,4.974981896972657,0.4058687355315022,0.36552676504500325
904001,1808,0,1,0,0,16063,6574,80,15826,7492,969,0.0,0.0,4.9998832641601565,2.0462698486328126,0.0249013671875,2.41485595703125,13.90025732421875,1.2006042480468748,0.0,-0.340576171875,4.974981896972657,0.4063067008696741,0.3661524298138202
904501,1809,0,1,9685,0,16063,6580,80,15829,7492,969,11.999847412109373,0.0,4.9998832641601565,2.048137451171875,0.0249013671875,2.415313720703125,13.90025732421875,1.2006042480468748,11.999847412109373,-0.3387451171875,4.974981896972657,0.40668209973096414,0.36668871390137736
905001,1810,0,1,0,0,16063,6587,80,15831,7492,969,0.0,0.0,4.9998832641601565,2.050316320800781,0.0249013671875,2.415618896484375,13.90025732421875,1.2006042480468748,0.0,-0.3375244140625,4.974981896972657,0.40712006506913595,0.3673143786701943
905501,1811,0,1,9685,0,16063,6594,80,15834,7492,969,11.999847412109373,0.0,4.9998832641601565,2.0524951904296875,0.0249013671875,2.41607666015625,13.90025732421875,1.2006042480468748,11.999847412109373,-0.335693359375,4.974981896972657,0.40755803040730776,0.3679400434390111
906001,1812,0,1,0,0,16063,6600,80,15837,7492,969,0.0,0.0,4.9998832641601565,2.05436279296875,0.0249013671875,2.416534423828125,13.90025732421875,1.2006042480468748,0.0,-0.3338623046875,4.974981896972657,0.4079334292685979,0.3684763275265684
906501,1813,0,1,9685,0,16063,6607,80,15839,7492,969,11.999847412109373,0.0,4.9998832641601565,2.056541662597656,0.0249013671875,2.416839599609375,13.90025732421875,1.2006042480468748,11.999847412109373,-0.3326416015625,4.974981896972657,0.40837139460676963,0.3691019922953852
907001,1814,0,1,0,0,16063,6614,80,15842,7492,969,0.0,0.0,4.9998832641601565,2.0587205322265625,0.0249013671875,2.41729736328125,13.90025732421875,1.2006042480468748,0.0,-0.330810546875,4.974981896972657,0.4088093599449415,0.36972765706420213
907501,1815,0,1,9685,0,16063,6621,80,15844,7492,969,11.999847412109373,0.0,4.9998832641601565,2.0608994018554685,0.0249013671875,2.4176025390625,13.90025732421875,1.2006042480468748,11.999847412109373,-0.32958984375,4.974981896972657,0.40924732528311325,0.37035332183301894
908001,1816,0,1,0,0,16063,6627,80,15847,7492,969,0.0,0.0,4.9998832641601565,2.0627670043945314,0.0249013671875,2.418060302734375,13.90025732421875,1.2006042480468748,0.0,-0.3277587890625,4.974981896972657,0.4096227241444035,0.3708896059205764
908501,1817,0,1,9685,0,16063,6634,80,15849,7492,969,11.999847412109373,0.0,4.9998832641601565,2.0649458740234374,0.0249013671875,2.418365478515625,13.90025732421875,1.2006042480468748,11.999847412109373,-0.3265380859375,4.974981896972657,0.41006068948257524,0.37151527068939316
909001,1818,0,1,0,0,16063,6641,80,15852,7492,969,0.0,0.0,4.9998832641601565,2.067124743652344,0.0249013671875,2.4188232421875,13.90025732421875,1.2006042480468748,0.0,-0.32470703125,4.974981896972657,0.4104986548207471,0.37214093545821014
909501,1819,0,1,9685,0,16063,6648,80,15855,7492,969,11.999847412109373,0.0,4.9998832641601565,2.06930361328125,0.0249013671875,2.419281005859375,13.90025732421875,1.2006042480468748,11.999847412109373,-0.3228759765625,4.974981896972657,0.41093662015891885,0.3727666002270269
910001,1820,0,1,0,0,16063,6655,80,15857,7492,969,0.0,0.0,4.9998832641601565,2.0714824829101564,0.0249013671875,2.419586181640625,13.90025732421875,1.2006042480468748,0.0,-0.3216552734375,4.974981896972657,0.41137458549709066,0.3733922649958439
910501,1821,0,1,9685,0,16063,6661,80,15860,7492,969,11.999847412109373,0.0,4.9998832641601565,2.073350085449219,0.0249013671875,2.4200439453125,13.90025732421875,1.2006042480468748,11.999847412109373,-0.31982421875,4.974981896972657,0.4117499843583808,0.3739285490834012
911001,1822,0,1,0,0,16063,6668,80,15862,7492,969,0.0,0.0,4.9998832641601565,2.075528955078125,0.0249013671875,2.42034912109375,13.90025732421875,1.2006042480468748,0.0,-0.318603515625,4.974981896972657,0.41218794969655254,0.374554213852218
911501,1823,0,1,9685,0,16063,6675,80,15865,7492,969,11.999847412109373,0.0,4.9998832641601565,2.0777078247070313,0.0249013671875,2.420806884765625,13.90025732421875,1.2006042480468748,11.999847412109373,-0.3167724609375,4.974981896972657,0.4126259150347244,0.3751798786210349
912001,1824,0,1,0,0,16063,6682,80,15868,7492,969,0.0,0.0,4.9998832641601565,2.0798866943359373,0.0249013671875,2.4212646484375,13.90025732421875,1.2006042480468748,0.0,-0.31494140625,4.974981896972657,0.41306388037289615,0.3758055433898517
912501,1825,0,1,9685,0,16063,6689,80,15870,7492,969,11.999847412109373,0.0,4.9998832641601565,2.0820655639648438,0.0249013671875,2.42156982421875,13.90025732421875,1.2006042480468748,11.999847412109373,-0.313720703125,4.974981896972657,0.413501845711068,0.37643120815866865
913001,1826,0,1,0,0,16063,6696,80,15873,7492,969,0.0,0.0,4.9998832641601565,2.08424443359375,0.0249013671875,2.422027587890625,13.90025732421875,1.2006042480468748,0.0,-0.3118896484375,4.974981896972657,0.41393981104923977,0.37705687292748546
913501,1827,0,1,9685,0,16063,6703,80,15876,7492,969,11.999847412109373,0.0,4.9998832641601565,2.0864233032226562,0.0249013671875,2.4224853515625,13.90025732421875,1.2006042480468748,11.999847412109373,-0.31005859375,4.974981896972657,0.41437777638741163,0.3776825376963024
914001,1828,0,1,0,0,16063,6710,80,15878,7492,969,0.0,0.0,4.9998832641601565,2.0886021728515622,0.0249013671875,2.42279052734375,13.90025732421875,1.2006042480468748,0.0,-0.308837890625,4.974981896972657,0.4148157417255834,0.3783082024651192
914501,1829,0,1,9685,0,16063,6716,80,15881,7492,969,11.999847412109373,0.0,4.9998832641601565,2.090469775390625,0.0249013671875,2.423248291015625,13.90025732421875,1.2006042480468748,11.999847412109373,-0.3070068359375,4.974981896972657,0.41519114058687356,0.3788444865526765
915001,1830,0,1,0,0,16063,6723,80,15884,7492,969,0.0,0.0,4.9998832641601565,2.092648645019531,0.0249013671875,2.4237060546875,13.90025732421875,1.2006042480468748,0.0,-0.30517578125,4.974981896972657,0.4156291059250454,0.3794701513214935
915501,1831,0,1,9685,0,16063,6730,80,15886,7492,969,11.999847412109373,0.0,4.9998832641601565,2.0948275146484376,0.0249013671875,2.42401123046875,13.90025732421875,1.2006042480468748,11.999847412109373,-0.303955078125,4.974981896972657,0.4160670712632172,0.38009581609031023
916001,1832,0,1,0,0,16063,6737,80,15889,7492,969,0.0,0.0,4.9998832641601565,2.0970063842773436,0.0249013671875,2.424468994140625,13.90025732421875,1.2006042480468748,0.0,-0.3021240234375,4.974981896972657,0.41650503660138893,0.38072148085912705
916501,1833,0,1,9685,0,16063,6744,80,15892,7492,969,11.999847412109373,0.0,4.9998832641601565,2.09918525390625,0.0249013671875,2.4249267578125,13.90025732421875,1.2006042480468748,11.999847412109373,-0.30029296875,4.974981896972657,0.4169430019395608,0.381347145627944
917001,1834,0,1,0,0,16063,6751,80,15894,7492,969,0.0,0.0,4.9998832641601565,2.101364123535156,0.0249013671875,2.42523193359375,13.90025732421875,1.2006042480468748,0.0,-0.299072265625,4.974981896972657,0.41738096727773255,0.3819728103967608
917501,1835,0,1,9685,0,16063,6758,80,15897,7492,969,11.999847412109373,0.0,4.9998832641601565,2.1035429931640626,0.0249013671875,2.425689697265625,13.90025732421875,1.2006042480468748,11.999847412109373,-0.2972412109375,4.974981896972657,0.4178189326159044,0.3825984751655777
918001,1836,0,1,0,0,16063,6765,80,15900,7492,969,0.0,0.0,4.9998832641601565,2.1057218627929686,0.0249013671875,2.4261474609375,13.90025732421875,1.2006042480468748,0.0,-0.29541015625,4.974981896972657,0.41825689795407617,0.3832241399343945
918501,1837,0,1,9685,0,16063,6772,80,15902,7492,969,11.999847412109373,0.0,4.9998832641601565,2.107900732421875,0.0249013671875,2.42645263671875,13.90025732421875,1.2006042480468748,11.999847412109373,-0.294189453125,4.974981896972657,0.41869486329224803,0.38384980470321145
919001,1838,0,1,0,0,16063,6779,80,15905,7492,969,0.0,0.0,4.9998832641601565,2.110079602050781,0.0249013671875,2.426910400390625,13.90025732421875,1.2006042480468748,0.0,-0.2923583984375,4.974981896972657,0.4191328286304198,0.38447546947202826
919501,1839,0,1,9685,0,16063,6786,80,15908,7492,969,11.999847412109373,0.0,4.9998832641601565,2.1122584716796875,0.0249013671875,2.4273681640625,13.90025732421875,1.2006042480468748,11.999847412109373,-0.29052734375,4.974981896972657,0.41957079396859165,0.3851011342408452
920001,1840,0,1,0,0,16063,6794,80,15910,7492,969,0.0,0.0,4.9998832641601565,2.1147486083984375,0.0249013671875,2.42767333984375,13.90025732421875,1.2006042480468748,0.0,-0.289306640625,4.974981896972657,0.42007132578364514,0.38581617969092163
920501,1841,0,1,9685,0,16063,6801,80,15913,7492,969,11.999847412109373,0.0,4.9998832641601565,2.1169274780273435,0.0249013671875,2.428131103515625,13.90025732421875,1.2006042480468748,11.999847412109373,-0.2874755859375,4.974981896972657,0.4205092911218169,0.3864418444597384
921001,1842,0,1,0,0,16063,6808,80,15916,7492,969,0.0,0.0,4.9998832641601565,2.11910634765625,0.0249013671875,2.4285888671875,13.90025732421875,1.2006042480468748,0.0,-0.28564453125,4.974981896972657,0.4209472564599887,0.3870675092285554
921501,1843,0,1,9685,0,16063,6815,80,15919,7492,969,11.999847412109373,0.0,4.9998832641601565,2.1212852172851564,0.0249013671875,2.429046630859375,13.90025732421875,1.2006042480468748,11.999847412109373,-0.2838134765625,4.974981896972657,0.42138522179816057,0.3876931739973723
922001,1844,0,1,0,0,16063,6822,80,15921,7492,969,0.0,0.0,4.9998832641601565,2.1234640869140624,0.0249013671875,2.429351806640625,13.90025732421875,1.2006042480468748,0.0,-0.2825927734375,4.974981896972657,0.4218231871363323,0.3883188387661891
922501,1845,0,1,9685,0,16063,6829,80,15924,7492,969,11.999847412109373,0.0,4.9998832641601565,2.125642956542969,0.0249013671875,2.4298095703125,13.90025732421875,1.2006042480468748,11.999847412109373,-0.28076171875,4.974981896972657,0.4222611524745042,0.38894450353500604
923001,1846,0,1,0,0,16063,6836,80,15927,7492,969,0.0,0.0,4.9998832641601565,2.127821826171875,0.0249013671875,2.430267333984375,13.90025732421875,1.2006042480468748,0.0,-0.2789306640625,4.974981896972657,0.42269911781267594,0.38957016830382285
923501,1847,0,1,9685,0,16063,6843,80,15929,7492,969,11.999847412109373,0.0,4.9998832641601565,2.1300006958007813,0.0249013671875,2.430572509765625,13.90025732421875,1.2006042480468748,11.999847412109373,-0.2777099609375,4.974981896972657,0.4231370831508478,0.3901958330726398
924001,1848,0,1,0,0,16063,6851,80,15932,7492,969,0.0,0.0,4.9998832641601565,2.1324908325195313,0.0249013671875,2.4310302734375,13.90025732421875,1.2006042480468748,0.0,-0.27587890625,4.974981896972657,0.4236376149659013,0.3909108785227162
924501,1849,0,1,9685,0,16063,6858,80,15935,7492,969,11.999847412109373,0.0,4.9998832641601565,2.1346697021484373,0.0249013671875,2.431488037109375,13.90025732421875,1.2006042480468748,11.999847412109373,-0.2740478515625,4.974981896972657,0.42407558030407305,0.391536543291533
925001,1850,0,1,0,0,16063,6865,80,15938,7492,969,0.0,0.0,4.9998832641601565,2.1368485717773438,0.0249013671875,2.43194580078125,13.90025732421875,1.2006042480468748,0.0,-0.272216796875,4.974981896972657,0.4245135456422449,0.39216220806034996
925501,1851,0,1,9685,0,16063,6872,80,15940,7492,969,11.999847412109373,0.0,4.9998832641601565,2.13902744140625,0.0249013671875,2.4322509765625,13.90025732421875,1.2006042480468748,11.999847412109373,-0.27099609375,4.974981896972657,0.42495151098041667,0.3927878728291667
926001,1852,0,1,0,0,16063,6879,80,15943,7492,969,0.0,0.0,4.9998832641601565,2.1412063110351562,0.0249013671875,2.432708740234375,13.90025732421875,1.2006042480468748,0.0,-0.2691650390625,4.974981896972657,0.4253894763185885,0.39341353759798353
926501,1853,0,1,9685,0,16063,6887,80,15946,7492,969,11.999847412109373,0.0,4.9998832641601565,2.143696447753906,0.0249013671875,2.43316650390625,13.90025732421875,1.2006042480468748,11.999847412109373,-0.267333984375,4.974981896972657,0.425890008133642,0.39412858304806
927001,1854,0,1,0,0,16063,6894,80,15949,7492,969,0.0,0.0,4.9998832641601565,2.1458753173828127,0.0249013671875,2.433624267578125,13.90025732421875,1.2006042480468748,0.0,-0.2655029296875,4.974981896972657,0.42632797347181384,0.3947542478168769
927501,1855,0,1,9685,0,16063,6901,80,15952,7492,969,11.999847412109373,0.0,4.9998832641601565,2.1480541870117187,0.0249013671875,2.43408203125,13.90025732421875,1.2006042480468748,11.999847412109373,-0.263671875,4.974981896972657,0.4267659388099856,0.3953799125856937
928001,1856,0,1,0,0,16063,6908,80,15954,7492,969,0.0,0.0,4.9998832641601565,2.150233056640625,0.0249013671875,2.43438720703125,13.90025732421875,1.2006042480468748,0.0,-0.262451171875,4.974981896972657,0.42720390414815745,0.39600557735451064
928501,1857,0,1,9685,0,16063,6916,80,15957,7492,969,11.999847412109373,0.0,4.9998832641601565,2.152723193359375,0.0249013671875,2.434844970703125,13.90025732421875,1.2006042480468748,11.999847412109373,-0.2606201171875,4.974981896972657,0.42770443596321095,0.3967206228045871
929001,1858,0,1,0,0,16063,6923,80,15960,7492,969,0.0,0.0,4.9998832641601565,2.154902062988281,0.0249013671875,2.435302734375,13.90025732421875,1.2006042480468748,0.0,-0.2587890625,4.974981896972657,0.4281424013013827,0.39734628757340384
929501,1859,0,1,9685,0,16063,6930,80,15963,7492,969,11.999847412109373,0.0,4.9998832641601565,2.1570809326171876,0.0249013671875,2.435760498046875,13.90025732421875,1.2006042480468748,11.999847412109373,-0.2569580078125,4.974981896972657,0.42858036663955457,0.3979719523422208
930001,1860,0,1,0,0,16063,6937,80,15965,7492,969,0.0,0.0,4.9998832641601565,2.1592598022460936,0.0249013671875,2.436065673828125,13.90025732421875,1.2006042480468748,0.0,-0.2557373046875,4.974981896972657,0.4290183319777263,0.3985976171110376
930501,1861,0,1,9685,0,16063,6945,80,15968,7492,969,11.999847412109373,0.0,4.9998832641601565,2.1617499389648436,0.0249013671875,2.4365234375,13.90025732421875,1.2006042480468748,11.999847412109373,-0.25390625,4.974981896972657,0.4295188637927798,0.39931266256111403
931001,1862,0,1,0,0,16063,6952,80,15971,7492,969,0.0,0.0,4.9998832641601565,2.16392880859375,0.0249013671875,2.436981201171875,13.90025732421875,1.2006042480468748,0.0,-0.2520751953125,4.974981896972657,0.4299568291309516,0.39993832732993095
931501,1863,0,1,9685,0,16063,6959,80,15974,7492,969,11.999847412109373,0.0,4.9998832641601565,2.166107678222656,0.0249013671875,2.43743896484375,13.90025732421875,1.2006042480468748,11.999847412109373,-0.250244140625,4.974981896972657,0.4303947944691234,0.40056399209874777
932001,1864,0,1,0,0,16063,6967,80,15977,7492,969,0.0,0.0,4.9998832641601565,2.168597814941406,0.0249013671875,2.437896728515625,13.90025732421875,1.2006042480468748,0.0,-0.2484130859375,4.974981896972657,0.43089532628417687,0.40127903754882416
932501,1865,0,1,9685,0,16063,6974,80,15979,7492,969,11.999847412109373,0.0,4.9998832641601565,2.1707766845703125,0.0249013671875,2.438201904296875,13.90025732421875,1.2006042480468748,11.999847412109373,-0.2471923828125,4.974981896972657,0.43133329162234874,0.40190470231764114
933001,1866,0,1,0,0,16063,6981,80,15982,7492,969,0.0,0.0,4.9998832641601565,2.1729555541992185,0.0249013671875,2.43865966796875,13.90025732421875,1.2006042480468748,0.0,-0.245361328125,4.974981896972657,0.4317712569605205,0.4025303670864579
933501,1867,0,1,9685,0,16063,6989,80,15985,7492,969,11.999847412109373,0.0,4.9998832641601565,2.175445690917969,0.0249013671875,2.439117431640625,13.90025732421875,1.2006042480468748,11.999847412109373,-0.2435302734375,4.974981896972657,0.4322717887755741,0.4032454125365345
934001,1868,0,1,0,0,16063,6996,80,15988,7492,969,0.0,0.0,4.9998832641601565,2.177624560546875,0.0249013671875,2.4395751953125,13.90025732421875,1.2006042480468748,0.0,-0.24169921875,4.974981896972657,0.43270975411374585,0.40387107730535127
934501,1869,0,1,9685,0,16063,7004,80,15991,7492,969,11.999847412109373,0.0,4.9998832641601565,2.180114697265625,0.0249013671875,2.440032958984375,13.90025732421875,1.2006042480468748,11.999847412109373,-0.2398681640625,4.974981896972657,0.43321028592879934,0.4045861227554277
935001,1870,0,1,0,0,16063,7011,80,15994,7492,969,0.0,0.0,4.9998832641601565,2.1822935668945314,0.0249013671875,2.44049072265625,13.90025732421875,1.2006042480468748,0.0,-0.238037109375,4.974981896972657,0.43364825126697115,0.40521178752424447
935501,1871,0,1,9685,0,16063,7018,80,15996,7492,969,11.999847412109373,0.0,4.9998832641601565,2.1844724365234374,0.0249013671875,2.4407958984375,13.90025732421875,1.2006042480468748,11.999847412109373,-0.23681640625,4.974981896972657,0.43408621660514296,0.40583745229306145
936001,1872,0,1,0,0,16063,7026,80,15999,7492,969,0.0,0.0,4.9998832641601565,2.1869625732421873,0.0249013671875,2.441253662109375,13.90025732421875,1.2006042480468748,0.0,-0.2349853515625,4.974981896972657,0.43458674842019646,0.40655249774313784
936501,1873,0,1,9685,0,16063,7033,80,16002,7492,969,11.999847412109373,0.0,4.9998832641601565,2.189141442871094,0.0249013671875,2.44171142578125,13.90025732421875,1.2006042480468748,11.999847412109373,-0.233154296875,4.974981896972657,0.43502471375836826,0.40717816251195466
937001,1874,0,1,0,0,16063,7041,80,16005,7492,969,0.0,0.0,4.9998832641601565,2.191631579589844,0.0249013671875,2.442169189453125,13.90025732421875,1.2006042480468748,0.0,-0.2313232421875,4.974981896972657,0.43552524557342176,0.4078932079620311
937501,1875,0,1,9685,0,16063,7048,80,16008,7492,969,11.999847412109373,0.0,4.9998832641601565,2.19381044921875,0.0249013671875,2.442626953125,13.90025732421875,1.2006042480468748,11.999847412109373,-0.2294921875,4.974981896972657,0.4359632109115935,0.40851887273084786
938001,1876,0,1,0,0,16063,7056,80,16011,7492,969,0.0,0.0,4.9998832641601565,2.1963005859374998,0.0249013671875,2.443084716796875,13.90025732421875,1.2006042480468748,0.0,-0.2276611328125,4.974981896972657,0.436463742726647,0.4092339181809243
938501,1877,0,1,9685,0,16063,7063,80,16014,7492,969,11.999847412109373,0.0,4.9998832641601565,2.1984794555664062,0.0249013671875,2.44354248046875,13.90025732421875,1.2006042480468748,11.999847412109373,-0.225830078125,4.974981896972657,0.43690170806481887,0.40985958294974123
939001,1878,0,1,0,0,16063,7071,80,16016,7492,969,0.0,0.0,4.9998832641601565,2.200969592285156,0.0249013671875,2.44384765625,13.90025732421875,1.2006042480468748,0.0,-0.224609375,4.974981896972657,0.43740223987987237,0.4105746283998177
939501,1879,0,1,9685,0,16063,7078,80,16019,7492,969,11.999847412109373,0.0,4.9998832641601565,2.2031484619140627,0.0249013671875,2.444305419921875,13.90025732421875,1.2006042480468748,11.999847412109373,-0.2227783203125,4.974981896972657,0.43784020521804423,0.4112002931686346
940001,1880,0,1,0,0,16063,7086,80,16022,7492,969,0.0,0.0,4.9998832641601565,2.2056385986328126,0.0249013671875,2.44476318359375,13.90025732421875,1.2006042480468748,0.0,-0.220947265625,4.974981896972657,0.43834073703309767,0.41191533861871105
940501,1881,0,1,9685,0,16063,7093,80,16025,7492,969,11.999847412109373,0.0,4.9998832641601565,2.2078174682617187,0.0249013671875,2.445220947265625,13.90025732421875,1.2006042480468748,11.999847412109373,-0.2191162109375,4.974981896972657,0.4387787023712695,0.4125410033875278
941001,1882,0,1,0,0,16063,7101,80,16028,7492,969,0.0,0.0,4.9998832641601565,2.2103076049804686,0.0249013671875,2.4456787109375,13.90025732421875,1.2006042480468748,0.0,-0.21728515625,4.974981896972657,0.4392792341863229,0.41325604883760425
941501,1883,0,1,9685,0,16063,7108,80,16031,7492,969,11.999847412109373,0.0,4.9998832641601565,2.212486474609375,0.0249013671875,2.446136474609375,13.90025732421875,1.2006042480468748,11.999847412109373,-0.2154541015625,4.974981896972657,0.4397171995244948,0.4138817136064212
942001,1884,0,1,0,0,16063,7116,80,16034,7492,969,0.0,0.0,4.9998832641601565,2.214976611328125,0.0249013671875,2.44659423828125,13.90025732421875,1.2006042480468748,0.0,-0.213623046875,4.974981896972657,0.4402177313395483,0.4145967590564976
942501,1885,0,1,9685,0,16063,7123,80,16037,7492,969,11.999847412109373,0.0,4.9998832641601565,2.217155480957031,0.0249013671875,2.447052001953125,13.90025732421875,1.2006042480468748,11.999847412109373,-0.2117919921875,4.974981896972657,0.44065569667772003,0.4152224238253144
943001,1886,0,1,0,0,16063,7131,80,16039,7492,969,0.0,0.0,4.9998832641601565,2.219645617675781,0.0249013671875,2.447357177734375,13.90025732421875,1.2006042480468748,0.0,-0.2105712890625,4.974981896972657,0.44115622849277353,0.4159374692753908
943501,1887,0,1,9685,0,16063,7138,80,16042,7492,969,11.999847412109373,0.0,4.9998832641601565,2.2218244873046875,0.0249013671875,2.44781494140625,13.90025732421875,1.2006042480468748,11.999847412109373,-0.208740234375,4.974981896972657,0.4415941938309454,0.41656313404420775
944001,1888,0,1,0,0,16063,7146,80,16045,7492,969,0.0,0.0,4.9998832641601565,2.2243146240234375,0.0249013671875,2.448272705078125,13.90025732421875,1.2006042480468748,0.0,-0.2069091796875,4.974981896972657,0.4420947256459989,0.4172781794942842
944501,1889,0,1,9685,0,16063,7153,80,16048,7492,969,11.999847412109373,0.0,4.9998832641601565,2.2264934936523435,0.0249013671875,2.44873046875,13.90025732421875,1.2006042480468748,11.999847412109373,-0.205078125,4.974981896972657,0.44253269098417064,0.417903844263101
945001,1890,0,1,0,0,16063,7161,80,16051,7492,969,0.0,0.0,4.9998832641601565,2.2289836303710935,0.0249013671875,2.449188232421875,13.90025732421875,1.2006042480468748,0.0,-0.2032470703125,4.974981896972657,0.44303322279922414,0.4186188897131774
945501,1891,0,1,9685,0,16063,7169,80,16054,7492,969,11.999847412109373,0.0,4.9998832641601565,2.231473767089844,0.0249013671875,2.44964599609375,13.90025732421875,1.2006042480468748,11.999847412109373,-0.201416015625,4.974981896972657,0.4435337546142777,0.41933393516325385
946001,1892,0,1,0,0,16063,7176,80,16057,7492,969,0.0,0.0,4.9998832641601565,2.23365263671875,0.0249013671875,2.450103759765625,13.90025732421875,1.2006042480468748,0.0,-0.1995849609375,4.974981896972657,0.44397171995244944,0.4199595999320706
946501,1893,0,1,9685,0,16063,7184,80,16060,7492,969,11.999847412109373,0.0,4.9998832641601565,2.2361427734375,0.0249013671875,2.4505615234375,13.90025732421875,1.2006042480468748,11.999847412109373,-0.19775390625,4.974981896972657,0.44447225176750293,0.42067464538214705
947001,1894,0,1,0,0,16063,7192,80,16063,7492,969,0.0,0.0,4.9998832641601565,2.23863291015625,0.0249013671875,2.451019287109375,13.90025732421875,1.2006042480468748,0.0,-0.1959228515625,4.974981896972657,0.44497278358255643,0.42138969083222344
947501,1895,0,1,9685,0,16063,7199,80,16066,7492,969,11.999847412109373,0.0,4.9998832641601565,2.2408117797851563,0.0249013671875,2.45147705078125,13.90025732421875,1.2006042480468748,11.999847412109373,-0.194091796875,4.974981896972657,0.4454107489207283,0.4220153556010404
948001,1896,0,1,0,0,16063,7207,80,16068,7492,969,0.0,0.0,4.9998832641601565,2.2433019165039063,0.0249013671875,2.4517822265625,13.90025732421875,1.2006042480468748,0.0,-0.19287109375,4.974981896972657,0.4459112807357818,0.4227304010511168
948501,1897,0,1,9685,0,16063,7214,80,16071,7492,969,11.999847412109373,0.0,4.9998832641601565,2.2454807861328123,0.0249013671875,2.452239990234375,13.90025732421875,1.2006042480468748,11.999847412109373,-0.1910400390625,4.974981896972657,0.44634924607395354,0.4233560658199336
949001,1898,0,1,0,0,16063,7222,80,16074,7492,969,0.0,0.0,4.9998832641601565,2.2479709228515623,0.0249013671875,2.45269775390625,13.90025732421875,1.2006042480468748,0.0,-0.189208984375,4.974981896972657,0.44684977788900704,0.42407111127001007
949501,1899,0,1,9685,0,16063,7230,80,16077,7492,969,11.999847412109373,0.0,4.9998832641601565,2.2504610595703123,0.0249013671875,2.453155517578125,13.90025732421875,1.2006042480468748,11.999847412109373,-0.1873779296875,4.974981896972657,0.44735030970406053,0.42478615672008646
950001,1900,0,1,0,0,16063,7237,80,16080,7492,969,0.0,0.0,4.9998832641601565,2.2526399291992187,0.0249013671875,2.45361328125,13.90025732421875,1.2006042480468748,0.0,-0.185546875,4.974981896972657,0.44778827504223234,0.42541182148890344
950501,1901,0,1,9685,0,16063,7245,80,16083,7492,969,11.999847412109373,0.0,4.9998832641601565,2.2551300659179687,0.0249013671875,2.454071044921875,13.90025732421875,1.2006042480468748,11.999847412109373,-0.1837158203125,4.974981896972657,0.44828880685728584,0.42612686693897983
951001,1902,0,1,0,0,16063,7253,80,16086,7492,969,0.0,0.0,4.9998832641601565,2.2576202026367187,0.0249013671875,2.45452880859375,13.90025732421875,1.2006042480468748,0.0,-0.181884765625,4.974981896972657,0.44878933867233933,0.4268419123890563
951501,1903,0,1,9685,0,16063,7261,80,16089,7492,969,11.999847412109373,0.0,4.9998832641601565,2.2601103393554687,0.0249013671875,2.454986572265625,13.90025732421875,1.2006042480468748,11.999847412109373,-0.1800537109375,4.974981896972657,0.44928987048739283,0.42755695783913267
952001,1904,0,1,0,0,16063,7268,80,16092,7492,969,0.0,0.0,4.9998832641601565,2.262289208984375,0.0249013671875,2.4554443359375,13.90025732421875,1.2006042480468748,0.0,-0.17822265625,4.974981896972657,0.4497278358255647,0.42818262260794965
952501,1905,0,1,9685,0,16063,7276,80,16095,7492,969,11.999847412109373,0.0,4.9998832641601565,2.264779345703125,0.0249013671875,2.455902099609375,13.90025732421875,1.2006042480468748,11.999847412109373,-0.1763916015625,4.974981896972657,0.4502283676406182,0.42889766805802604
953001,1906,0,1,0,0,16063,7284,80,16098,7492,969,0.0,0.0,4.9998832641601565,2.267269482421875,0.0249013671875,2.45635986328125,13.90025732421875,1.2006042480468748,0.0,-0.174560546875,4.974981896972657,0.4507288994556717,0.4296127135081025
953501,1907,0,1,9685,0,16063,7291,80,16101,7492,969,11.999847412109373,0.0,4.9998832641601565,2.269448352050781,0.0249013671875,2.456817626953125,13.90025732421875,1.2006042480468748,11.999847412109373,-0.1727294921875,4.974981896972657,0.45116686479384344,0.43023837827691924
954001,1908,0,1,0,0,16063,7299,80,16104,7492,969,0.0,0.0,4.9998832641601565,2.271938488769531,0.0249013671875,2.457275390625,13.90025732421875,1.2006042480468748,0.0,-0.1708984375,4.974981896972657,0.45166739660889693,0.4309534237269957
954501,1909,0,1,9685,0,16063,7307,80,16107,7492,969,11.999847412109373,0.0,4.9998832641601565,2.274428625488281,0.0249013671875,2.457733154296875,13.90025732421875,1.2006042480468748,11.999847412109373,-0.1690673828125,4.974981896972657,0.4521679284239504,0.43166846917707213
955001,1910,0,1,0,0,16063,7315,80,16110,7492,969,0.0,0.0,4.9998832641601565,2.276918762207031,0.0249013671875,2.45819091796875,13.90025732421875,1.2006042480468748,0.0,-0.167236328125,4.974981896972657,0.4526684602390039,0.4323835146271485
955501,1911,0,1,9685,0,16063,7322,80,16113,7492,969,11.999847412109373,0.0,4.9998832641601565,2.2790976318359375,0.0249013671875,2.458648681640625,13.90025732421875,1.2006042480468748,11.999847412109373,-0.1654052734375,4.974981896972657,0.45310642557717573,0.43300917939596534
956001,1912,0,1,0,0,16063,7330,80,16116,7492,969,0.0,0.0,4.9998832641601565,2.2815877685546875,0.0249013671875,2.4591064453125,13.90025732421875,1.2006042480468748,0.0,-0.16357421875,4.974981896972657,0.4536069573922292,0.43372422484604173
956501,1913,0,1,9685,0,16063,7338,80,16119,7492,969,11.999847412109373,0.0,4.9998832641601565,2.2840779052734375,0.0249013671875,2.459564208984375,13.90025732421875,1.2006042480468748,11.999847412109373,-0.1617431640625,4.974981896972657,0.4541074892072827,0.4344392702961182
957001,1914,0,1,0,0,16063,7346,80,16122,7492,969,0.0,0.0,4.9998832641601565,2.2865680419921874,0.0249013671875,2.46002197265625,13.90025732421875,1.2006042480468748,0.0,-0.159912109375,4.974981896972657,0.4546080210223362,0.43515431574619456
957501,1915,0,1,9685,0,16063,7353,80,16125,7492,969,11.999847412109373,0.0,4.9998832641601565,2.288746911621094,0.0249013671875,2.460479736328125,13.90025732421875,1.2006042480468748,11.999847412109373,-0.1580810546875,4.974981896972657,0.4550459863605081,0.43577998051501154
958001,1916,0,1,0,0,16063,7361,80,16128,7492,969,0.0,0.0,4.9998832641601565,2.291237048339844,0.0249013671875,2.4609375,13.90025732421875,1.2006042480468748,0.0,-0.15625,4.974981896972657,0.4555465181755616,0.43649502596508793
958501,1917,0,1,9685,0,16063,7369,80,16131,7492,969,11.999847412109373,0.0,4.9998832641601565,2.293727185058594,0.0249013671875,2.461395263671875,13.90025732421875,1.2006042480468748,11.999847412109373,-0.1544189453125,4.974981896972657,0.45604704999061507,0.4372100714151644
959001,1918,0,1,0,0,16063,7377,80,16134,7492,969,0.0,0.0,4.9998832641601565,2.296217321777344,0.0249013671875,2.46185302734375,13.90025732421875,1.2006042480468748,0.0,-0.152587890625,4.974981896972657,0.4565475818056685,0.4379251168652408
959501,1919,0,1,9685,0,16063,7385,80,16137,7492,969,11.999847412109373,0.0,4.9998832641601565,2.298707458496094,0.0249013671875,2.462310791015625,13.90025732421875,1.2006042480468748,11.999847412109373,-0.1507568359375,4.974981896972657,0.457048113620722,0.4386401623153172
960001,1920,0,1,0,0,16063,7393,80,16140,7492,969,0.0,0.0,4.9998832641601565,2.301197595214844,0.0249013671875,2.4627685546875,13.90025732421875,1.2006042480468748,0.0,-0.14892578125,4.974981896972657,0.4575486454357755,0.43935520776539366
960501,1921,0,1,9685,0,16063,7400,80,16143,7492,969,11.999847412109373,0.0,4.9998832641601565,2.30337646484375,0.0249013671875,2.463226318359375,13.90025732421875,1.2006042480468748,11.999847412109373,-0.1470947265625,4.974981896972657,0.45798661077394726,0.4399808725342104
961001,1922,0,1,0,0,16063,7408,80,16146,7492,969,0.0,0.0,4.9998832641601565,2.3058666015625,0.0249013671875,2.46368408203125,13.90025732421875,1.2006042480468748,0.0,-0.145263671875,4.974981896972657,0.45848714258900075,0.44069591798428687
961501,1923,0,1,9685,0,16063,7416,80,16149,7492,969,11.999847412109373,0.0,4.9998832641601565,2.3083567382812498,0.0249013671875,2.464141845703125,13.90025732421875,1.2006042480468748,11.999847412109373,-0.1434326171875,4.974981896972657,0.45898767440405425,0.4414109634343633
962001,1924,0,1,0,0,16063,7424,80,16152,7492,969,0.0,0.0,4.9998832641601565,2.3108468749999997,0.0249013671875,2.464599609375,13.90025732421875,1.2006042480468748,0.0,-0.1416015625,4.974981896972657,0.45948820621910774,0.4421260088844397
962501,1925,0,1,9685,0,16063,7432,80,16155,7492,969,11.999847412109373,0.0,4.9998832641601565,2.31333701171875,0.0249013671875,2.465057373046875,13.90025732421875,1.2006042480468748,11.999847412109373,-0.1397705078125,4.974981896972657,0.45998873803416135,0.4428410543345163
963001,1926,0,1,0,0,16063,7440,80,16158,7492,969,0.0,0.0,4.9998832641601565,2.3158271484375,0.0249013671875,2.46551513671875,13.90025732421875,1.2006042480468748,0.0,-0.137939453125,4.974981896972657,0.46048926984921484,0.4435560997845927
963501,1927,0,1,9685,0,16063,7447,80,16161,7492,969,11.999847412109373,0.0,4.9998832641601565,2.318006018066406,0.0249013671875,2.465972900390625,13.90025732421875,1.2006042480468748,11.999847412109373,-0.1361083984375,4.974981896972657,0.4609272351873866,0.4441817645534095
964001,1928,0,1,0,0,16063,7455,80,16164,7492,969,0.0,0.0,4.9998832641601565,2.320496154785156,0.0249013671875,2.4664306640625,13.90025732421875,1.2006042480468748,0.0,-0.13427734375,4.974981896972657,0.4614277670024401,0.4448968100034859
964501,1929,0,1,9685,0,16063,7463,80,16167,7492,969,11.999847412109373,0.0,4.9998832641601565,2.322986291503906,0.0249013671875,2.466888427734375,13.90025732421875,1.2006042480468748,11.999847412109373,-0.1324462890625,4.974981896972657,0.46192829881749353,0.4456118554535622
965001,1930,0,1,0,0,16063,7471,80,16170,7492,969,0.0,0.0,4.9998832641601565,2.325476428222656,0.0249013671875,2.46734619140625,13.90025732421875,1.2006042480468748,0.0,-0.130615234375,4.974981896972657,0.462428830632547,0.44632690090363863
965501,1931,0,1,9685,0,16063,7479,80,16173,7492,969,11.999847412109373,0.0,4.9998832641601565,2.327966564941406,0.0249013671875,2.467803955078125,13.90025732421875,1.2006042480468748,11.999847412109373,-0.1287841796875,4.974981896972657,0.4629293624476005,0.447041946353715
966001,1932,0,1,0,0,16063,7487,80,16176,7492,969,0.0,0.0,4.9998832641601565,2.330456701660156,0.0249013671875,2.46826171875,13.90025732421875,1.2006042480468748,0.0,-0.126953125,4.974981896972657,0.463429894262654,0.44775699180379147
966501,1933,0,1,9685,0,16063,7495,80,16179,7492,969,11.999847412109373,0.0,4.9998832641601565,2.332946838378906,0.0249013671875,2.468719482421875,13.90025732421875,1.2006042480468748,11.999847412109373,-0.1251220703125,4.974981896972657,0.4639304260777075,0.44847203725386786
967001,1934,0,1,0,0,16063,7503,80,16182,7492,969,0.0,0.0,4.9998832641601565,2.335436975097656,0.0249013671875,2.46917724609375,13.90025732421875,1.2006042480468748,0.0,-0.123291015625,4.974981896972657,0.464430957892761,0.4491870827039443
967501,1935,0,1,9685,0,16063,7510,80,16185,7492,969,11.999847412109373,0.0,4.9998832641601565,2.3376158447265625,0.0249013671875,2.469635009765625,13.90025732421875,1.2006042480468748,11.999847412109373,-0.1214599609375,4.974981896972657,0.4648689232309329,0.44981274747276123
968001,1936,0,1,0,0,16063,7518,80,16188,7492,969,0.0,0.0,4.9998832641601565,2.3401059814453125,0.0249013671875,2.4700927734375,13.90025732421875,1.2006042480468748,0.0,-0.11962890625,4.974981896972657,0.46536945504598637,0.4505277929228377
968501,1937,0,1,9685,0,16063,7526,80,16191,7492,969,11.999847412109373,0.0,4.9998832641601565,2.3425961181640624,0.0249013671875,2.470550537109375,13.90025732421875,1.2006042480468748,11.999847412109373,-0.1177978515625,4.974981896972657,0.46586998686103986,0.45124283837291407
969001,1938,0,1,0,0,16063,7534,80,16194,7492,969,0.0,0.0,4.9998832641601565,2.3450862548828124,0.0249013671875,2.47100830078125,13.90025732421875,1.2006042480468748,0.0,-0.115966796875,4.974981896972657,0.4663705186760933,0.4519578838229905
969501,1939,0,1,9685,0,16063,7542,80,16197,7492,969,11.999847412109373,0.0,4.9998832641601565,2.3475763916015624,0.0249013671875,2.471466064453125,13.90025732421875,1.2006042480468748,11.999847412109373,-0.1141357421875,4.974981896972657,0.4668710504911468,0.45267292927306696
970001,1940,0,1,0,0,16063,7550,80,16200,7492,969,0.0,0.0,4.9998832641601565,2.3500665283203124,0.0249013671875,2.471923828125,13.90025732421875,1.2006042480468748,0.0,-0.1123046875,4.974981896972657,0.4673715823062003,0.45338797472314335
970501,1941,0,1,9685,0,16063,7558,80,16203,7492,969,11.999847412109373,0.0,4.9998832641601565,2.3525566650390624,0.0249013671875,2.472381591796875,13.90025732421875,1.2006042480468748,11.999847412109373,-0.1104736328125,4.974981896972657,0.4678721141212538,0.4541030201732198
971001,1942,0,1,0,0,16063,7566,80,16206,7492,969,0.0,0.0,4.9998832641601565,2.3550468017578123,0.0249013671875,2.47283935546875,13.90025732421875,1.2006042480468748,0.0,-0.108642578125,4.974981896972657,0.4683726459363073,0.4548180656232962
971501,1943,0,1,9685,0,16063,7574,80,16209,7492,969,11.999847412109373,0.0,4.9998832641601565,2.3575369384765623,0.0249013671875,2.473297119140625,13.90025732421875,1.2006042480468748,11.999847412109373,-0.1068115234375,4.974981896972657,0.4688731777513608,0.45553311107337263
972001,1944,0,1,0,0,16063,7582,80,16212,7492,969,0.0,0.0,4.9998832641601565,2.3600270751953123,0.0249013671875,2.4737548828125,13.90025732421875,1.2006042480468748,0.0,-0.10498046875,4.974981896972657,0.4693737095664143,0.456248156523449
972501,1945,0,1,9685,0,16063,7590,80,16215,7492,969,11.999847412109373,0.0,4.9998832641601565,2.3625172119140623,0.0249013671875,2.474212646484375,13.90025732421875,1.2006042480468748,11.999847412109373,-0.1031494140625,4.974981896972657,0.46987424138146777,0.45696320197352547
973001,1946,0,1,0,0,16063,7598,80,16218,7492,969,0.0,0.0,4.9998832641601565,2.3650073486328123,0.0249013671875,2.47467041015625,13.90025732421875,1.2006042480468748,0.0,-0.101318359375,4.974981896972657,0.47037477319652127,0.4576782474236019
973501,1947,0,1,9685,0,16063,7606,80,16221,7492,969,11.999847412109373,0.0,4.9998832641601565,2.3674974853515622,0.0249013671875,2.475128173828125,13.90025732421875,1.2006042480468748,11.999847412109373,-0.0994873046875,4.974981896972657,0.47087530501157476,0.4583932928736783
974001,1948,0,1,0,0,16063,7614,80,16224,7492,969,0.0,0.0,4.9998832641601565,2.3699876220703127,0.0249013671875,2.4755859375,13.90025732421875,1.2006042480468748,0.0,-0.09765625,4.974981896972657,0.4713758368266283,0.45910833832375475
974501,1949,0,1,9685,0,16063,7622,80,16227,7492,969,11.999847412109373,0.0,4.9998832641601565,2.3724777587890626,0.0249013671875,2.476043701171875,13.90025732421875,1.2006042480468748,11.999847412109373,-0.0958251953125,4.974981896972657,0.4718763686416818,0.45982338377383114
975001,1950,0,1,0,0,16063,7630,80,16230,7492,969,0.0,0.0,4.9998832641601565,2.3749678955078126,0.0249013671875,2.47650146484375,13.90025732421875,1.2006042480468748,0.0,-0.093994140625,4.974981896972657,0.4723769004567353,0.4605384292239076
975501,1951,0,1,9685,0,16063,7638,80,16233,7492,969,11.999847412109373,0.0,4.9998832641601565,2.3774580322265626,0.0249013671875,2.476959228515625,13.90025732421875,1.2006042480468748,11.999847412109373,-0.0921630859375,4.974981896972657,0.4728774322717888,0.461253474673984
976001,1952,0,1,0,0,16063,7646,80,16236,7492,969,0.0,0.0,4.9998832641601565,2.3799481689453126,0.0249013671875,2.4774169921875,13.90025732421875,1.2006042480468748,0.0,-0.09033203125,4.974981896972657,0.4733779640868423,0.4619685201240604
976501,1953,0,1,9685,0,16063,7654,80,16239,7492,969,11.999847412109373,0.0,4.9998832641601565,2.3824383056640626,0.0249013671875,2.477874755859375,13.90025732421875,1.2006042480468748,11.999847412109373,-0.0885009765625,4.974981896972657,0.4738784959018958,0.46268356557413687
977001,1954,0,1,0,0,16063,7662,80,16242,7492,969,0.0,0.0,4.9998832641601565,2.3849284423828125,0.0249013671875,2.47833251953125,13.90025732421875,1.2006042480468748,0.0,-0.086669921875,4.974981896972657,0.4743790277169493,0.46339861102421326
977501,1955,0,1,9685,0,16063,7670,80,16245,7492,969,11.999847412109373,0.0,4.9998832641601565,2.3874185791015625,0.0249013671875,2.478790283203125,13.90025732421875,1.2006042480468748,11.999847412109373,-0.0848388671875,4.974981896972657,0.4748795595320028,0.4641136564742897
978001,1956,0,1,0,0,16063,7678,80,16249,7492,969,0.0,0.0,4.9998832641601565,2.3899087158203125,0.0249013671875,2.479400634765625,13.90025732421875,1.2006042480468748,0.0,-0.0823974609375,4.974981896972657,0.4753800913470562,0.4648287019243661
978501,1957,0,1,9685,0,16063,7686,80,16252,7492,969,11.999847412109373,0.0,4.9998832641601565,2.3923988525390625,0.0249013671875,2.4798583984375,13.90025732421875,1.2006042480468748,11.999847412109373,-0.08056640625,4.974981896972657,0.4758806231621097,0.46554374737444254
979001,1958,0,1,0,0,16063,7694,80,16255,7492,969,0.0,0.0,4.9998832641601565,2.3948889892578125,0.0249013671875,2.480316162109375,13.90025732421875,1.2006042480468748,0.0,-0.0787353515625,4.974981896972657,0.4763811549771632,0.46625879282451893
979501,1959,0,1,9685,0,16063,7702,80,16258,7492,969,11.999847412109373,0.0,4.9998832641601565,2.3973791259765624,0.0249013671875,2.48077392578125,13.90025732421875,1.2006042480468748,11.999847412109373,-0.076904296875,4.974981896972657,0.4768816867922167,0.4669738382745954
980001,1960,0,1,0,0,16063,7710,80,16261,7492,969,0.0,0.0,4.9998832641601565,2.3998692626953124,0.0249013671875,2.481231689453125,13.90025732421875,1.2006042480468748,0.0,-0.0750732421875,4.974981896972657,0.4773822186072702,0.4676888837246718
980501,1961,0,1,9685,0,16063,7718,80,16264,7492,969,11.999847412109373,0.0,4.9998832641601565,2.4023593994140624,0.0249013671875,2.481689453125,13.90025732421875,1.2006042480468748,11.999847412109373,-0.0732421875,4.974981896972657,0.4778827504223237,0.4684039291747482
981001,1962,0,1,0,0,16063,7726,80,16267,7492,969,0.0,0.0,4.9998832641601565,2.4048495361328124,0.0249013671875,2.482147216796875,13.90025732421875,1.2006042480468748,0.0,-0.0714111328125,4.974981896972657,0.4783832822373772,0.46911897462482466
981501,1963,0,1,9685,0,16063,7734,80,16270,7492,969,11.999847412109373,0.0,4.9998832641601565,2.4073396728515624,0.0249013671875,2.48260498046875,13.90025732421875,1.2006042480468748,11.999847412109373,-0.069580078125,4.974981896972657,0.4788838140524307,0.46983402007490105
982001,1964,0,1,0,0,16063,7742,80,16273,7492,969,0.0,0.0,4.9998832641601565,2.4098298095703123,0.0249013671875,2.483062744140625,13.90025732421875,1.2006042480468748,0.0,-0.0677490234375,4.974981896972657,0.4793843458674842,0.4705490655249775
982501,1965,0,1,9685,0,16063,7750,80,16276,7492,969,11.999847412109373,0.0,4.9998832641601565,2.4123199462890623,0.0249013671875,2.4835205078125,13.90025732421875,1.2006042480468748,11.999847412109373,-0.06591796875,4.974981896972657,0.4798848776825377,0.4712641109750539
983001,1966,0,1,0,0,16063,7758,80,16279,7492,969,0.0,0.0,4.9998832641601565,2.4148100830078123,0.0249013671875,2.483978271484375,13.90025732421875,1.2006042480468748,0.0,-0.0640869140625,4.974981896972657,0.4803854094975912,0.47197915642513033
983501,1967,0,1,9685,0,16063,7766,80,16282,7492,969,11.999847412109373,0.0,4.9998832641601565,2.4173002197265623,0.0249013671875,2.48443603515625,13.90025732421875,1.2006042480468748,11.999847412109373,-0.062255859375,4.974981896972657,0.4808859413126446,0.4726942018752066
984001,1968,0,1,0,0,16063,7774,80,16285,7492,969,0.0,0.0,4.9998832641601565,2.4197903564453123,0.0249013671875,2.484893798828125,13.90025732421875,1.2006042480468748,0.0,-0.0604248046875,4.974981896972657,0.4813864731276981,0.473409247325283
984501,1969,0,1,9685,0,16063,7782,80,16288,7492,969,11.999847412109373,0.0,4.9998832641601565,2.4222804931640622,0.0249013671875,2.4853515625,13.90025732421875,1.2006042480468748,11.999847412109373,-0.05859375,4.974981896972657,0.4818870049427516,0.47412429277535945
985001,1970,0,1,0,0,16063,7790,80,16291,7492,969,0.0,0.0,4.9998832641601565,2.4247706298828127,0.0249013671875,2.485809326171875,13.90025732421875,1.2006042480468748,0.0,-0.0567626953125,4.974981896972657,0.4823875367578052,0.474839338225436
985501,1971,0,1,9685,0,16063,7798,80,16295,7492,969,11.999847412109373,0.0,4.9998832641601565,2.4272607666015626,0.0249013671875,2.486419677734375,13.90025732421875,1.2006042480468748,11.999847412109373,-0.0543212890625,4.974981896972657,0.4828880685728587,0.47555438367551245
986001,1972,0,1,0,0,16063,7806,80,16298,7492,969,0.0,0.0,4.9998832641601565,2.4297509033203126,0.0249013671875,2.48687744140625,13.90025732421875,1.2006042480468748,0.0,-0.052490234375,4.974981896972657,0.4833886003879122,0.47626942912558884
986501,1973,0,1,9685,0,16063,7814,80,16301,7492,969,11.999847412109373,0.0,4.9998832641601565,2.4322410400390626,0.0249013671875,2.487335205078125,13.90025732421875,1.2006042480468748,11.999847412109373,-0.0506591796875,4.974981896972657,0.48388913220296564,0.4769844745756653
987001,1974,0,1,0,0,16063,7822,80,16304,7492,969,0.0,0.0,4.9998832641601565,2.4347311767578126,0.0249013671875,2.48779296875,13.90025732421875,1.2006042480468748,0.0,-0.048828125,4.974981896972657,0.48438966401801914,0.47769952002574173
987501,1975,0,1,9685,0,16063,7830,80,16307,7492,969,11.999847412109373,0.0,4.9998832641601565,2.4372213134765626,0.0249013671875,2.488250732421875,13.90025732421875,1.2006042480468748,11.999847412109373,-0.0469970703125,4.974981896972657,0.48489019583307263,0.4784145654758181
988001,1976,0,1,0,0,16063,7838,80,16310,7492,969,0.0,0.0,4.9998832641601565,2.4397114501953125,0.0249013671875,2.48870849609375,13.90025732421875,1.2006042480468748,0.0,-0.045166015625,4.974981896972657,0.48539072764812613,0.47912961092589457
988501,1977,0,1,9685,0,16063,7846,80,16313,7492,969,11.999847412109373,0.0,4.9998832641601565,2.4422015869140625,0.0249013671875,2.489166259765625,13.90025732421875,1.2006042480468748,11.999847412109373,-0.0433349609375,4.974981896972657,0.4858912594631796,0.47984465637597096
989001,1978,0,1,0,0,16063,7854,80,16316,7492,969,0.0,0.0,4.9998832641601565,2.4446917236328125,0.0249013671875,2.4896240234375,13.90025732421875,1.2006042480468748,0.0,-0.04150390625,4.974981896972657,0.4863917912782331,0.4805597018260474
989501,1979,0,1,9685,0,16063,7862,80,16319,7492,969,11.999847412109373,0.0,4.9998832641601565,2.4471818603515625,0.0249013671875,2.490081787109375,13.90025732421875,1.2006042480468748,11.999847412109373,-0.0396728515625,4.974981896972657,0.4868923230932866,0.4812747472761238
990001,1980,0,1,0,0,16063,7870,80,16322,7492,969,0.0,0.0,4.9998832641601565,2.4496719970703125,0.0249013671875,2.49053955078125,13.90025732421875,1.2006042480468748,0.0,-0.037841796875,4.974981896972657,0.4873928549083401,0.48198979272620024
990501,1981,0,1,9685,0,16063,7878,80,16325,7492,969,11.999847412109373,0.0,4.9998832641601565,2.4521621337890624,0.0249013671875,2.490997314453125,13.90025732421875,1.2006042480468748,11.999847412109373,-0.0360107421875,4.974981896972657,0.4878933867233936,0.4827048381762767
991001,1982,0,1,0,0,16063,7886,80,16328,7492,969,0.0,0.0,4.9998832641601565,2.4546522705078124,0.0249013671875,2.491455078125,13.90025732421875,1.2006042480468748,0.0,-0.0341796875,4.974981896972657,0.4883939185384471,0.4834198836263531
991501,1983,0,1,9685,0,16063,7894,80,16332,7492,969,11.999847412109373,0.0,4.9998832641601565,2.4571424072265624,0.0249013671875,2.4920654296875,13.90025732421875,1.2006042480468748,11.999847412109373,-0.03173828125,4.974981896972657,0.4888944503535006,0.4841349290764295
992001,1984,0,1,0,0,16063,7903,80,16335,7492,969,0.0,0.0,4.9998832641601565,2.4599438110351564,0.0249013671875,2.492523193359375,13.90025732421875,1.2006042480468748,0.0,-0.0299072265625,4.974981896972657,0.4894575486454358,0.4849393552077654
992501,1985,0,1,9685,0,16063,7911,80,16338,7492,969,11.999847412109373,0.0,4.9998832641601565,2.4624339477539063,0.0249013671875,2.49298095703125,13.90025732421875,1.2006042480468748,11.999847412109373,-0.028076171875,4.974981896972657,0.4899580804604893,0.4856544006578418
993001,1986,0,1,0,0,16063,7919,80,16341,7492,969,0.0,0.0,4.9998832641601565,2.4649240844726563,0.0249013671875,2.493438720703125,13.90025732421875,1.2006042480468748,0.0,-0.0262451171875,4.974981896972657,0.49045861227554277,0.48636944610791827
993501,1987,0,1,9685,0,16063,7927,80,16344,7492,969,11.999847412109373,0.0,4.9998832641601565,2.4674142211914063,0.0249013671875,2.493896484375,13.90025732421875,1.2006042480468748,11.999847412109373,-0.0244140625,4.974981896972657,0.49095914409059627,0.48708449155799466
994001,1988,0,1,0,0,16063,7935,80,16347,7492,969,0.0,0.0,4.9998832641601565,2.4699043579101563,0.0249013671875,2.494354248046875,13.90025732421875,1.2006042480468748,0.0,-0.0225830078125,4.974981896972657,0.49145967590564976,0.4877995370080711
994501,1989,0,1,9685,0,16063,7943,80,16350,7492,969,11.999847412109373,0.0,4.9998832641601565,2.4723944946289063,0.0249013671875,2.49481201171875,13.90025732421875,1.2006042480468748,11.999847412109373,-0.020751953125,4.974981896972657,0.49196020772070326,0.4885145824581475
995001,1990,0,1,0,0,16063,7951,80,16353,7492,969,0.0,0.0,4.9998832641601565,2.4748846313476562,0.0249013671875,2.495269775390625,13.90025732421875,1.2006042480468748,0.0,-0.0189208984375,4.974981896972657,0.49246073953575675,0.48922962790822394
995501,1991,0,1,9685,0,16063,161,80,16356,7492,969,11.999847412109373,0.0,4.9998832641601565,0.05011400146484375,0.0249013671875,2.4957275390625,13.90025732421875,1.2006042480468748,11.999847412109373,-0.01708984375,4.974981896972657,0.005067884627416631,-0.20704587910369052
996001,1992,0,1,0,0,16063,161,80,16359,7492,969,0.0,0.0,4.9998832641601565,0.05011400146484375,0.0249013671875,2.496185302734375,13.90025732421875,1.2006042480468748,0.0,-0.0152587890625,4.974981896972657,0.005067884627416631,-0.20704587910369052
996501,1993,0,1,9685,0,16063,161,80,16362,7492,969,11.999847412109373,0.0,4.9998832641601565,0.05011400146484375,0.0249013671875,2.49664306640625,13.90025732421875,1.2006042480468748,11.999847412109373,-0.013427734375,4.974981896972657,0.005067884627416631,-0.20704587910369052
997001,1994,0,1,0,0,16063,161,80,16365,7492,969,0.0,0.0,4.9998832641601565,0.05011400146484375,0.0249013671875,2.497100830078125,13.90025732421875,1.2006042480468748,0.0,-0.0115966796875,4.974981896972657,0.005067884627416631,-0.20704587910369052
997501,1995,0,1,9685,0,16063,161,80,16369,7492,969,11.999847412109373,0.0,4.9998832641601565,0.05011400146484375,0.0249013671875,2.497711181640625,13.90025732421875,1.2006042480468748,11.999847412109373,-0.0091552734375,4.974981896972657,0.005067884627416631,-0.20704587910369052
998001,1996,0,1,0,0,16063,161,80,16372,7492,969,0.0,0.0,4.9998832641601565,0.05011400146484375,0.0249013671875,2.4981689453125,13.90025732421875,1.2006042480468748,0.0,-0.00732421875,4.974981896972657,0.005067884627416631,-0.20704587910369052
998501,1997,0,1,9685,0,16063,161,80,16375,7492,969,11.999847412109373,0.0,4.9998832641601565,0.05011400146484375,0.0249013671875,2.498626708984375,13.90025732421875,1.2006042480468748,11.999847412109373,-0.0054931640625,4.974981896972657,0.005067884627416631,-0.20704587910369052
999001,1998,0,1,0,0,16063,161,80,16378,7492,969,0.0,0.0,4.9998832641601565,0.05011400146484375,0.0249013671875,2.49908447265625,13.90025732421875,1.2006042480468748,0.0,-0.003662109375,4.974981896972657,0.005067884627416631,-0.20704587910369052
999501,1999,0,1,9685,0,16063,161,80,16381,7492,969,11.999847412109373,0.0,4.9998832641601565,0.05011400146484375,0.0249013671875,2.499542236328125,13.90025732421875,1.2006042480468748,11.999847412109373,-0.0018310546875,4.974981896972657,0.005067884627416631,-0.20704587910369052
1000001,2000,0,2,0,0,16063,321,321,16712,7492,969,0.0,0.0,4.9998832641601565,0.04995836791992187,0.024979183959960936,2.550048828125,13.90025732421875,1.2006042480468748,0.0,0.00019531250000071054,4.974904080200195,0.005021038306924653,-0.20711280241867908
1000501,2001,0,2,9685,0,16063,321,321,16715,7492,969,11.999847412109373,0.0,4.9998832641601565,0.04995836791992187,0.024979183959960936,2.550506591796875,13.90025732421875,1.2006042480468748,11.999847412109373,0.0020263671875007105,4.974904080200195,0.005021038306924653,-0.20711280241867908
1001001,2002,0,2,0,0,16063,321,321,16718,7492,969,0.0,0.0,4.9998832641601565,0.04995836791992187,0.024979183959960936,2.55096435546875,13.90025732421875,1.2006042480468748,0.0,0.0038574218750007105,4.974904080200195,0.005021038306924653,-0.20711280241867908
1001501,2003,0,2,9685,0,16063,321,321,16721,7492,969,11.999847412109373,0.0,4.9998832641601565,0.04995836791992187,0.024979183959960936,2.551422119140625,13.90025732421875,1.2006042480468748,11.999847412109373,0.0056884765625007105,4.974904080200195,0.005021038306924653,-0.20711280241867908
1002001,2004,0,2,0,0,16063,321,321,16724,7492,969,0.0,0.0,4.9998832641601565,0.04995836791992187,0.024979183959960936,2.5518798828125,13.90025732421875,1.2006042480468748,0.0,0.0075195312500007105,4.974904080200195,0.005021038306924653,-0.20711280241867908
1002501,2005,0,2,9685,0,16063,321,321,16727,7492,969,11.999847412109373,0.0,4.9998832641601565,0.04995836791992187,0.024979183959960936,2.552337646484375,13.90025732421875,1.2006042480468748,11.999847412109373,0.00935058593750071,4.974904080200195,0.005021038306924653,-0.20711280241867908
1003001,2006,0,2,0,0,16063,321,321,16730,7492,969,0.0,0.0,4.9998832641601565,0.04995836791992187,0.024979183959960936,2.55279541015625,13.90025732421875,1.2006042480468748,0.0,0.01118164062500071,4.974904080200195,0.005021038306924653,-0.20711280241867908
1003501,2007,0,2,9685,0,16063,321,321,16733,7492,969,11.999847412109373,0.0,4.9998832641601565,0.04995836791992187,0.024979183959960936,2.553253173828125,13.90025732421875,1.2006042480468748,11.999847412109373,0.01301269531250071,4.974904080200195,0.005021038306924653,-0.20711280241867908
1004001,2008,0,2,0,0,16063,321,321,16736,7492,969,0.0,0.0,4.9998832641601565,0.04995836791992187,0.024979183959960936,2.5537109375,13.90025732421875,1.2006042480468748,0.0,0.01484375000000071,4.974904080200195,0.005021038306924653,-0.20711280241867908
1004501,2009,0,2,9685,0,16063,321,321,16739,7492,969,11.999847412109373,0.0,4.9998832641601565,0.04995836791992187,0.024979183959960936,2.554168701171875,13.90025732421875,1.2006042480468748,11.999847412109373,0.01667480468750071,4.974904080200195,0.005021038306924653,-0.20711280241867908
1005001,2010,0,2,0,0,16063,16225,321,16743,7492,969,0.0,0.0,4.9998832641601565,2.525154266357422,0.024979183959960936,2.554779052734375,13.90025732421875,1.2006042480468748,0.0,0.01911621093750071,4.974904080200195,0.5025574447451158,0.5036534924930225
1005501,2011,0,2,9685,0,16063,16241,321,16746,7492,969,11.999847412109373,0.0,4.9998832641601565,2.527644403076172,0.024979183959960936,2.55523681640625,13.90025732421875,1.2006042480468748,11.999847412109373,0.02094726562500071,4.974904080200195,0.5030579843894198,0.5043685491277426
1006001,2012,0,2,0,0,16063,16257,321,16749,7492,969,0.0,0.0,4.9998832641601565,2.530134539794922,0.024979183959960936,2.555694580078125,13.90025732421875,1.2006042480468748,0.0,0.02277832031250071,4.974904080200195,0.5035585240337238,0.5050836057624626
1006501,2013,0,2,9685,0,16063,16273,321,16752,7492,969,11.999847412109373,0.0,4.9998832641601565,2.532624676513672,0.024979183959960936,2.55615234375,13.90025732421875,1.2006042480468748,11.999847412109373,0.02460937500000071,4.974904080200195,0.5040590636780279,0.5057986623971827
1007001,2014,0,2,0,0,16063,16289,321,16755,7492,969,0.0,0.0,4.9998832641601565,2.535114813232422,0.024979183959960936,2.556610107421875,13.90025732421875,1.2006042480468748,0.0,0.02644042968750071,4.974904080200195,0.5045596033223319,0.5065137190319027
1007501,2015,0,2,9685,0,16063,16306,321,16758,7492,969,11.999847412109373,0.0,4.9998832641601565,2.5377605834960937,0.024979183959960936,2.55706787109375,13.90025732421875,1.2006042480468748,11.999847412109373,0.02827148437500071,4.974904080200195,0.5050914266944049,0.5072734667062927
1008001,2016,0,2,0,0,16063,16322,321,16761,7492,969,0.0,0.0,4.9998832641601565,2.5402507202148437,0.024979183959960936,2.557525634765625,13.90025732421875,1.2006042480468748,0.0,0.03010253906250071,4.974904080200195,0.5055919663387088,0.5079885233410126
1008501,2017,0,2,9685,0,16063,16338,321,16764,7492,969,11.999847412109373,0.0,4.9998832641601565,2.5427408569335936,0.024979183959960936,2.5579833984375,13.90025732421875,1.2006042480468748,11.999847412109373,0.03193359375000071,4.974904080200195,0.5060925059830129,0.5087035799757328
1009001,2018,0,2,0,0,16063,16354,321,16767,7492,969,0.0,0.0,4.9998832641601565,2.5452309936523436,0.024979183959960936,2.558441162109375,13.90025732421875,1.2006042480468748,0.0,0.03376464843750071,4.974904080200195,0.5065930456273169,0.5094186366104527
1009501,2019,0,2,9685,0,16063,16370,321,16770,7492,969,11.999847412109373,0.0,4.9998832641601565,2.5477211303710936,0.024979183959960936,2.55889892578125,13.90025732421875,1.2006042480468748,11.999847412109373,0.03559570312500071,4.974904080200195,0.5070935852716209,0.5101336932451727
1010001,2020,0,2,0,0,16063,16386,321,16773,7492,969,0.0,0.0,4.9998832641601565,2.5502112670898436,0.024979183959960936,2.559356689453125,13.90025732421875,1.2006042480468748,0.0,0.03742675781250071,4.974904080200195,0.5075941249159249,0.5108487498798927
1010501,2021,0,2,9685,0,16063,16402,321,16776,7492,969,11.999847412109373,0.0,4.9998832641601565,2.5527014038085936,0.024979183959960936,2.559814453125,13.90025732421875,1.2006042480468748,11.999847412109373,0.03925781250000071,4.974904080200195,0.5080946645602289,0.5115638065146128
1011001,2022,0,2,0,0,16063,16418,321,16780,7492,969,0.0,0.0,4.9998832641601565,2.5551915405273435,0.024979183959960936,2.5604248046875,13.90025732421875,1.2006042480468748,0.0,0.04169921875000071,4.974904080200195,0.508595204204533,0.5122788631493328
1011501,2023,0,2,9685,0,16063,16434,321,16783,7492,969,11.999847412109373,0.0,4.9998832641601565,2.5576816772460935,0.024979183959960936,2.560882568359375,13.90025732421875,1.2006042480468748,11.999847412109373,0.04353027343750071,4.974904080200195,0.5090957438488369,0.5129939197840527
1012001,2024,0,2,0,0,16063,16451,321,16786,7492,969,0.0,0.0,4.9998832641601565,2.5603274475097657,0.024979183959960936,2.56134033203125,13.90025732421875,1.2006042480468748,0.0,0.04536132812500071,4.974904080200195,0.5096275672209101,0.513753667458443
1012501,2025,0,2,9685,0,16063,16467,321,16789,7492,969,11.999847412109373,0.0,4.9998832641601565,2.5628175842285157,0.024979183959960936,2.561798095703125,13.90025732421875,1.2006042480468748,11.999847412109373,0.04719238281250071,4.974904080200195,0.510128106865214,0.5144687240931629
1013001,2026,0,2,0,0,16063,16483,321,16792,7492,969,0.0,0.0,4.9998832641601565,2.5653077209472657,0.024979183959960936,2.562255859375,13.90025732421875,1.2006042480468748,0.0,0.04902343750000071,4.974904080200195,0.510628646509518,0.5151837807278828
1013501,2027,0,2,9685,0,16063,16499,321,16795,7492,969,11.999847412109373,0.0,4.9998832641601565,2.5677978576660156,0.024979183959960936,2.562713623046875,13.90025732421875,1.2006042480468748,11.999847412109373,0.05085449218750071,4.974904080200195,0.5111291861538221,0.515898837362603
1014001,2028,0,2,0,0,16063,16515,321,16798,7492,969,0.0,0.0,4.9998832641601565,2.5702879943847656,0.024979183959960936,2.56317138671875,13.90025732421875,1.2006042480468748,0.0,0.05268554687500071,4.974904080200195,0.511629725798126,0.5166138939973229
1014501,2029,0,2,9685,0,16063,16531,321,16801,7492,969,11.999847412109373,0.0,4.9998832641601565,2.5727781311035156,0.024979183959960936,2.563629150390625,13.90025732421875,1.2006042480468748,11.999847412109373,0.05451660156250071,4.974904080200195,0.5121302654424301,0.517328950632043
1015001,2030,0,2,0,0,16063,16547,321,16804,7492,969,0.0,0.0,4.9998832641601565,2.5752682678222656,0.024979183959960936,2.5640869140625,13.90025732421875,1.2006042480468748,0.0,0.05634765625000071,4.974904080200195,0.5126308050867341,0.518044007266763
1015501,2031,0,2,9685,0,16063,16563,321,16807,7492,969,11.999847412109373,0.0,4.9998832641601565,2.5777584045410156,0.024979183959960936,2.564544677734375,13.90025732421875,1.2006042480468748,11.999847412109373,0.05817871093750071,4.974904080200195,0.513131344731038,0.518759063901483
1016001,2032,0,2,0,0,16063,16579,321,16810,7492,969,0.0,0.0,4.9998832641601565,2.5802485412597655,0.024979183959960936,2.56500244140625,13.90025732421875,1.2006042480468748,0.0,0.06000976562500071,4.974904080200195,0.5136318843753421,0.519474120536203
1016501,2033,0,2,9685,0,16063,16595,321,16813,7492,969,11.999847412109373,0.0,4.9998832641601565,2.5827386779785155,0.024979183959960936,2.565460205078125,13.90025732421875,1.2006042480468748,11.999847412109373,0.06184082031250071,4.974904080200195,0.5141324240196461,0.520189177170923
1017001,2034,0,2,0,0,16063,16611,321,16816,7492,969,0.0,0.0,4.9998832641601565,2.5852288146972655,0.024979183959960936,2.56591796875,13.90025732421875,1.2006042480468748,0.0,0.06367187500000071,4.974904080200195,0.5146329636639502,0.5209042338056431
1017501,2035,0,2,9685,0,16063,16627,321,16820,7492,969,11.999847412109373,0.0,4.9998832641601565,2.5877189514160155,0.024979183959960936,2.5665283203125,13.90025732421875,1.2006042480468748,11.999847412109373,0.06611328125000071,4.974904080200195,0.5151335033082541,0.521619290440363
1018001,2036,0,2,0,0,16063,16643,321,16823,7492,969,0.0,0.0,4.9998832641601565,2.5902090881347655,0.024979183959960936,2.566986083984375,13.90025732421875,1.2006042480468748,0.0,0.06794433593750071,4.974904080200195,0.5156340429525581,0.522334347075083
1018501,2037,0,2,9685,0,16063,16660,321,16826,7492,969,11.999847412109373,0.0,4.9998832641601565,2.5928548583984377,0.024979183959960936,2.56744384765625,13.90025732421875,1.2006042480468748,11.999847412109373,0.06977539062500071,4.974904080200195,0.5161658663246312,0.5230940947494732
1019001,2038,0,2,0,0,16063,16676,321,16829,7492,969,0.0,0.0,4.9998832641601565,2.5953449951171876,0.024979183959960936,2.567901611328125,13.90025732421875,1.2006042480468748,0.0,0.07160644531250071,4.974904080200195,0.5166664059689352,0.5238091513841932
1019501,2039,0,2,9685,0,16063,16692,321,16832,7492,969,11.999847412109373,0.0,4.9998832641601565,2.5978351318359376,0.024979183959960936,2.568359375,13.90025732421875,1.2006042480468748,11.999847412109373,0.07343750000000071,4.974904080200195,0.5171669456132393,0.5245242080189133
1020001,2040,0,2,0,0,16063,16708,321,16835,7492,969,0.0,0.0,4.9998832641601565,2.6003252685546876,0.024979183959960936,2.568817138671875,13.90025732421875,1.2006042480468748,0.0,0.07526855468750071,4.974904080200195,0.5176674852575432,0.5252392646536332
1020501,2041,0,2,9685,0,16063,16724,321,16838,7492,969,11.999847412109373,0.0,4.9998832641601565,2.6028154052734376,0.024979183959960936,2.56927490234375,13.90025732421875,1.2006042480468748,11.999847412109373,0.07709960937500071,4.974904080200195,0.5181680249018473,0.5259543212883533
1021001,2042,0,2,0,0,16063,16740,321,16841,7492,969,0.0,0.0,4.9998832641601565,2.6053055419921876,0.024979183959960936,2.569732666015625,13.90025732421875,1.2006042480468748,0.0,0.07893066406250071,4.974904080200195,0.5186685645461513,0.5266693779230732
1021501,2043,0,2,9685,0,16063,16756,321,16844,7492,969,11.999847412109373,0.0,4.9998832641601565,2.6077956787109375,0.024979183959960936,2.5701904296875,13.90025732421875,1.2006042480468748,11.999847412109373,0.08076171875000071,4.974904080200195,0.5191691041904553,0.5273844345577933
1022001,2044,0,2,0,0,16063,16772,321,16847,7492,969,0.0,0.0,4.9998832641601565,2.6102858154296875,0.024979183959960936,2.570648193359375,13.90025732421875,1.2006042480468748,0.0,0.08259277343750071,4.974904080200195,0.5196696438347593,0.5280994911925133
1022501,2045,0,2,9685,0,16063,16788,321,16850,7492,969,11.999847412109373,0.0,4.9998832641601565,2.6127759521484375,0.024979183959960936,2.57110595703125,13.90025732421875,1.2006042480468748,11.999847412109373,0.08442382812500071,4.974904080200195,0.5201701834790633,0.5288145478272333
1023001,2046,0,2,0,0,16063,16804,321,16853,7492,969,0.0,0.0,4.9998832641601565,2.6152660888671875,0.024979183959960936,2.571563720703125,13.90025732421875,1.2006042480468748,0.0,0.08625488281250071,4.974904080200195,0.5206707231233674,0.5295296044619534
1023501,2047,0,2,9685,0,16063,16820,321,16856,7492,969,11.999847412109373,0.0,4.9998832641601565,2.6177562255859375,0.024979183959960936,2.572021484375,13.90025732421875,1.2006042480468748,11.999847412109373,0.08808593750000071,4.974904080200195,0.5211712627676713,0.5302446610966733
1024001,2048,0,2,0,0,16063,16836,321,16859,7492,969,0.0,0.0,4.9998832641601565,2.6202463623046874,0.024979183959960936,2.572479248046875,13.90025732421875,1.2006042480468748,0.0,0.08991699218750071,4.974904080200195,0.5216718024119753,0.5309597177313933
1024501,2049,0,2,9685,0,16063,16852,321,16862,7492,969,11.999847412109373,0.0,4.9998832641601565,2.6227364990234374,0.024979183959960936,2.57293701171875,13.90025732421875,1.2006042480468748,11.999847412109373,0.09174804687500071,4.974904080200195,0.5221723420562794,0.5316747743661134
1025001,2050,0,2,0,0,16063,16867,321,16865,7492,969,0.0,0.0,4.9998832641601565,2.6250710021972656,0.024979183959960936,2.573394775390625,13.90025732421875,1.2006042480468748,0.0,0.09357910156250071,4.974904080200195,0.5226415979728144,0.5323451399611634
1025501,2051,0,2,9685,0,16063,16883,321,16869,7492,969,11.999847412109373,0.0,4.9998832641601565,2.6275611389160156,0.024979183959960936,2.574005126953125,13.90025732421875,1.2006042480468748,11.999847412109373,0.09602050781250071,4.974904080200195,0.5231421376171184,0.5330601965958833
1026001,2052,0,2,0,0,16063,16899,321,16872,7492,969,0.0,0.0,4.9998832641601565,2.6300512756347656,0.024979183959960936,2.574462890625,13.90025732421875,1.2006042480468748,0.0,0.09785156250000071,4.974904080200195,0.5236426772614224,0.5337752532306035
1026501,2053,0,2,9685,0,16063,16915,321,16875,7492,969,11.999847412109373,0.0,4.9998832641601565,2.6325414123535156,0.024979183959960936,2.574920654296875,13.90025732421875,1.2006042480468748,11.999847412109373,0.09968261718750071,4.974904080200195,0.5241432169057264,0.5344903098653234
1027001,2054,0,2,0,0,16063,16931,321,16878,7492,969,0.0,0.0,4.9998832641601565,2.6350315490722656,0.024979183959960936,2.57537841796875,13.90025732421875,1.2006042480468748,0.0,0.10151367187500071,4.974904080200195,0.5246437565500305,0.5352053665000436
1027501,2055,0,2,9685,0,16063,16947,321,16881,7492,969,11.999847412109373,0.0,4.9998832641601565,2.6375216857910155,0.024979183959960936,2.575836181640625,13.90025732421875,1.2006042480468748,11.999847412109373,0.10334472656250071,4.974904080200195,0.5251442961943344,0.5359204231347635
1028001,2056,0,2,0,0,16063,16963,321,16884,7492,969,0.0,0.0,4.9998832641601565,2.6400118225097655,0.024979183959960936,2.5762939453125,13.90025732421875,1.2006042480468748,0.0,0.10517578125000071,4.974904080200195,0.5256448358386384,0.5366354797694834
1028501,2057,0,2,9685,0,16063,16979,321,16887,7492,969,11.999847412109373,0.0,4.9998832641601565,2.6425019592285155,0.024979183959960936,2.576751708984375,13.90025732421875,1.2006042480468748,11.999847412109373,0.10700683593750071,4.974904080200195,0.5261453754829425,0.5373505364042036
1029001,2058,0,2,0,0,16063,16995,321,16890,7492,969,0.0,0.0,4.9998832641601565,2.6449920959472655,0.024979183959960936,2.57720947265625,13.90025732421875,1.2006042480468748,0.0,0.10883789062500071,4.974904080200195,0.5266459151272465,0.5380655930389235
1029501,2059,0,2,9685,0,16063,17011,321,16893,7492,969,11.999847412109373,0.0,4.9998832641601565,2.6474822326660155,0.024979183959960936,2.577667236328125,13.90025732421875,1.2006042480468748,11.999847412109373,0.11066894531250071,4.974904080200195,0.5271464547715505,0.5387806496736436
1030001,2060,0,2,0,0,16063,17027,321,16896,7492,969,0.0,0.0,4.9998832641601565,2.6499723693847654,0.024979183959960936,2.578125,13.90025732421875,1.2006042480468748,0.0,0.11250000000000071,4.974904080200195,0.5276469944158545,0.5394957063083635
1030501,2061,0,2,9685,0,16063,17042,321,16899,7492,969,11.999847412109373,0.0,4.9998832641601565,2.6523068725585937,0.024979183959960936,2.578582763671875,13.90025732421875,1.2006042480468748,11.999847412109373,0.11433105468750071,4.974904080200195,0.5281162503323895,0.5401660719034136
1031001,2062,0,2,0,0,16063,17058,321,16902,7492,969,0.0,0.0,4.9998832641601565,2.6547970092773436,0.024979183959960936,2.57904052734375,13.90025732421875,1.2006042480468748,0.0,0.11616210937500071,4.974904080200195,0.5286167899766936,0.5408811285381337
1031501,2063,0,2,9685,0,16063,17074,321,16905,7492,969,11.999847412109373,0.0,4.9998832641601565,2.6572871459960936,0.024979183959960936,2.579498291015625,13.90025732421875,1.2006042480468748,11.999847412109373,0.11799316406250071,4.974904080200195,0.5291173296209976,0.5415961851728537
1032001,2064,0,2,0,0,16063,17090,321,16908,7492,969,0.0,0.0,4.9998832641601565,2.6597772827148436,0.024979183959960936,2.5799560546875,13.90025732421875,1.2006042480468748,0.0,0.11982421875000071,4.974904080200195,0.5296178692653016,0.5423112418075737
1032501,2065,0,2,9685,0,16063,17106,321,16911,7492,969,11.999847412109373,0.0,4.9998832641601565,2.6622674194335936,0.024979183959960936,2.580413818359375,13.90025732421875,1.2006042480468748,11.999847412109373,0.12165527343750071,4.974904080200195,0.5301184089096056,0.5430262984422937
1033001,2066,0,2,0,0,16063,17122,321,16914,7492,969,0.0,0.0,4.9998832641601565,2.6647575561523436,0.024979183959960936,2.58087158203125,13.90025732421875,1.2006042480468748,0.0,0.12348632812500071,4.974904080200195,0.5306189485539096,0.5437413550770137
1033501,2067,0,2,9685,0,16063,17137,321,16917,7492,969,11.999847412109373,0.0,4.9998832641601565,2.6670920593261718,0.024979183959960936,2.581329345703125,13.90025732421875,1.2006042480468748,11.999847412109373,0.1253173828125007,4.974904080200195,0.5310882044704446,0.5444117206720637
1034001,2068,0,2,0,0,16063,17153,321,16920,7492,969,0.0,0.0,4.9998832641601565,2.6695821960449218,0.024979183959960936,2.581787109375,13.90025732421875,1.2006042480468748,0.0,0.1271484375000007,4.974904080200195,0.5315887441147487,0.5451267773067838
1034501,2069,0,2,9685,0,16063,17169,321,16923,7492,969,11.999847412109373,0.0,4.9998832641601565,2.6720723327636717,0.024979183959960936,2.582244873046875,13.90025732421875,1.2006042480468748,11.999847412109373,0.1289794921875007,4.974904080200195,0.5320892837590526,0.5458418339415038
1035001,2070,0,2,0,0,16063,17185,321,16926,7492,969,0.0,0.0,4.9998832641601565,2.6745624694824217,0.024979183959960936,2.58270263671875,13.90025732421875,1.2006042480468748,0.0,0.1308105468750007,4.974904080200195,0.5325898234033567,0.5465568905762238
1035501,2071,0,2,9685,0,16063,17200,321,16929,7492,969,11.999847412109373,0.0,4.9998832641601565,2.67689697265625,0.024979183959960936,2.583160400390625,13.90025732421875,1.2006042480468748,11.999847412109373,0.1326416015625007,4.974904080200195,0.5330590793198917,0.5472272561712739
1036001,2072,0,2,0,0,16063,17216,321,16932,7492,969,0.0,0.0,4.9998832641601565,2.679387109375,0.024979183959960936,2.5836181640625,13.90025732421875,1.2006042480468748,0.0,0.1344726562500007,4.974904080200195,0.5335596189641957,0.5479423128059938
1036501,2073,0,2,9685,0,16063,17232,321,16935,7492,969,11.999847412109373,0.0,4.9998832641601565,2.68187724609375,0.024979183959960936,2.584075927734375,13.90025732421875,1.2006042480468748,11.999847412109373,0.1363037109375007,4.974904080200195,0.5340601586084998,0.548657369440714
1037001,2074,0,2,0,0,16063,17248,321,16938,7492,969,0.0,0.0,4.9998832641601565,2.6843673828125,0.024979183959960936,2.58453369140625,13.90025732421875,1.2006042480468748,0.0,0.1381347656250007,4.974904080200195,0.5345606982528037,0.5493724260754339
1037501,2075,0,2,9685,0,16063,17263,321,16941,7492,969,11.999847412109373,0.0,4.9998832641601565,2.686701885986328,0.024979183959960936,2.584991455078125,13.90025732421875,1.2006042480468748,11.999847412109373,0.1399658203125007,4.974904080200195,0.5350299541693387,0.5500427916704839
1038001,2076,0,2,0,0,16063,17279,321,16944,7492,969,0.0,0.0,4.9998832641601565,2.689192022705078,0.024979183959960936,2.58544921875,13.90025732421875,1.2006042480468748,0.0,0.1417968750000007,4.974904080200195,0.5355304938136428,0.550757848305204
1038501,2077,0,2,9685,0,16063,17295,321,16947,7492,969,11.999847412109373,0.0,4.9998832641601565,2.691682159423828,0.024979183959960936,2.585906982421875,13.90025732421875,1.2006042480468748,11.999847412109373,0.1436279296875007,4.974904080200195,0.5360310334579468,0.551472904939924
1039001,2078,0,2,0,0,16063,17310,321,16950,7492,969,0.0,0.0,4.9998832641601565,2.6940166625976563,0.024979183959960936,2.58636474609375,13.90025732421875,1.2006042480468748,0.0,0.1454589843750007,4.974904080200195,0.5365002893744818,0.552143270534974
1039501,2079,0,2,9685,0,16063,17326,321,16953,7492,969,11.999847412109373,0.0,4.9998832641601565,2.6965067993164062,0.024979183959960936,2.586822509765625,13.90025732421875,1.2006042480468748,11.999847412109373,0.1472900390625007,4.974904080200195,0.5370008290187859,0.5528583271696941
1040001,2080,0,2,0,0,16063,17342,321,16956,7492,969,0.0,0.0,4.9998832641601565,2.6989969360351562,0.024979183959960936,2.5872802734375,13.90025732421875,1.2006042480468748,0.0,0.1491210937500007,4.974904080200195,0.5375013686630898,0.553573383804414
1040501,2081,0,2,9685,0,16063,17357,321,16959,7492,969,11.999847412109373,0.0,4.9998832641601565,2.7013314392089844,0.024979183959960936,2.587738037109375,13.90025732421875,1.2006042480468748,11.999847412109373,0.1509521484375007,4.974904080200195,0.5379706245796249,0.5542437493994641
1041001,2082,0,2,0,0,16063,17373,321,16962,7492,969,0.0,0.0,4.9998832641601565,2.7038215759277344,0.024979183959960936,2.58819580078125,13.90025732421875,1.2006042480468748,0.0,0.1527832031250007,4.974904080200195,0.5384711642239289,0.5549588060341842
1041501,2083,0,2,9685,0,16063,17389,321,16965,7492,969,11.999847412109373,0.0,4.9998832641601565,2.7063117126464844,0.024979183959960936,2.588653564453125,13.90025732421875,1.2006042480468748,11.999847412109373,0.1546142578125007,4.974904080200195,0.5389717038682329,0.5556738626689042
1042001,2084,0,2,0,0,16063,17404,321,16968,7492,969,0.0,0.0,4.9998832641601565,2.7086462158203126,0.024979183959960936,2.589111328125,13.90025732421875,1.2006042480468748,0.0,0.1564453125000007,4.974904080200195,0.5394409597847679,0.5563442282639541
1042501,2085,0,2,9685,0,16063,17420,321,16971,7492,969,11.999847412109373,0.0,4.9998832641601565,2.7111363525390626,0.024979183959960936,2.589569091796875,13.90025732421875,1.2006042480468748,11.999847412109373,0.1582763671875007,4.974904080200195,0.539941499429072,0.5570592848986743
1043001,2086,0,2,0,0,16063,17435,321,16974,7492,969,0.0,0.0,4.9998832641601565,2.7134708557128904,0.024979183959960936,2.59002685546875,13.90025732421875,1.2006042480468748,0.0,0.1601074218750007,4.974904080200195,0.5404107553456069,0.5577296504937241
1043501,2087,0,2,9685,0,16063,17451,321,16977,7492,969,11.999847412109373,0.0,4.9998832641601565,2.7159609924316404,0.024979183959960936,2.590484619140625,13.90025732421875,1.2006042480468748,11.999847412109373,0.1619384765625007,4.974904080200195,0.5409112949899109,0.5584447071284441
1044001,2088,0,2,0,0,16063,17466,321,16980,7492,969,0.0,0.0,4.9998832641601565,2.7182954956054686,0.024979183959960936,2.5909423828125,13.90025732421875,1.2006042480468748,0.0,0.1637695312500007,4.974904080200195,0.5413805509064459,0.5591150727234941
1044501,2089,0,2,9685,0,16063,17482,321,16983,7492,969,11.999847412109373,0.0,4.9998832641601565,2.7207856323242186,0.024979183959960936,2.591400146484375,13.90025732421875,1.2006042480468748,11.999847412109373,0.1656005859375007,4.974904080200195,0.54188109055075,0.5598301293582142
1045001,2090,0,2,0,0,16063,17497,321,16986,7492,969,0.0,0.0,4.9998832641601565,2.7231201354980468,0.024979183959960936,2.59185791015625,13.90025732421875,1.2006042480468748,0.0,0.1674316406250007,4.974904080200195,0.542350346467285,0.5605004949532643
1045501,2091,0,2,9685,0,16063,17513,321,16989,7492,969,11.999847412109373,0.0,4.9998832641601565,2.7256102722167967,0.024979183959960936,2.592315673828125,13.90025732421875,1.2006042480468748,11.999847412109373,0.1692626953125007,4.974904080200195,0.5428508861115889,0.5612155515879842
1046001,2092,0,2,0,0,16063,17528,321,16992,7492,969,0.0,0.0,4.9998832641601565,2.727944775390625,0.024979183959960936,2.5927734375,13.90025732421875,1.2006042480468748,0.0,0.1710937500000007,4.974904080200195,0.5433201420281241,0.5618859171830344
1046501,2093,0,2,9685,0,16063,17544,321,16995,7492,969,11.999847412109373,0.0,4.9998832641601565,2.730434912109375,0.024979183959960936,2.593231201171875,13.90025732421875,1.2006042480468748,11.999847412109373,0.1729248046875007,4.974904080200195,0.543820681672428,0.5626009738177543
1047001,2094,0,2,0,0,16063,17559,321,16998,7492,969,0.0,0.0,4.9998832641601565,2.732769415283203,0.024979183959960936,2.59368896484375,13.90025732421875,1.2006042480468748,0.0,0.1747558593750007,4.974904080200195,0.544289937588963,0.5632713394128044
1047501,2095,0,2,9685,0,16063,17575,321,17001,7492,969,11.999847412109373,0.0,4.9998832641601565,2.735259552001953,0.024979183959960936,2.594146728515625,13.90025732421875,1.2006042480468748,11.999847412109373,0.1765869140625007,4.974904080200195,0.5447904772332671,0.5639863960475244
1048001,2096,0,2,0,0,16063,17590,321,17004,7492,969,0.0,0.0,4.9998832641601565,2.7375940551757814,0.024979183959960936,2.5946044921875,13.90025732421875,1.2006042480468748,0.0,0.1784179687500007,4.974904080200195,0.5452597331498021,0.5646567616425745
1048501,2097,0,2,9685,0,16063,17606,321,17007,7492,969,11.999847412109373,0.0,4.9998832641601565,2.7400841918945313,0.024979183959960936,2.595062255859375,13.90025732421875,1.2006042480468748,11.999847412109373,0.1802490234375007,4.974904080200195,0.5457602727941061,0.5653718182772944
1049001,2098,0,2,0,0,16063,17621,321,17010,7492,969,0.0,0.0,4.9998832641601565,2.742418695068359,0.024979183959960936,2.59552001953125,13.90025732421875,1.2006042480468748,0.0,0.1820800781250007,4.974904080200195,0.546229528710641,0.5660421838723443
1049501,2099,0,2,9685,0,16063,17636,321,17013,7492,969,11.999847412109373,0.0,4.9998832641601565,2.7447531982421873,0.024979183959960936,2.595977783203125,13.90025732421875,1.2006042480468748,11.999847412109373,0.1839111328125007,4.974904080200195,0.5466987846271761,0.5667125494673945
1050001,2100,0,2,0,0,16063,17652,321,17015,7492,969,0.0,0.0,4.9998832641601565,2.7472433349609373,0.024979183959960936,2.596282958984375,13.90025732421875,1.2006042480468748,0.0,0.1851318359375007,4.974904080200195,0.5471993242714801,0.5674276061021144
1050501,2101,0,2,9685,0,16063,17667,321,17018,7492,969,11.999847412109373,0.0,4.9998832641601565,2.7495778381347655,0.024979183959960936,2.59674072265625,13.90025732421875,1.2006042480468748,11.999847412109373,0.1869628906250007,4.974904080200195,0.5476685801880151,0.5680979716971645
1051001,2102,0,2,0,0,16063,17682,321,17021,7492,969,0.0,0.0,4.9998832641601565,2.7519123413085937,0.024979183959960936,2.597198486328125,13.90025732421875,1.2006042480468748,0.0,0.1887939453125007,4.974904080200195,0.5481378361045501,0.5687683372922144
1051501,2103,0,2,9685,0,16063,17698,321,17024,7492,969,11.999847412109373,0.0,4.9998832641601565,2.7544024780273437,0.024979183959960936,2.59765625,13.90025732421875,1.2006042480468748,11.999847412109373,0.1906250000000007,4.974904080200195,0.5486383757488542,0.5694833939269346
1052001,2104,0,2,0,0,16063,17713,321,17027,7492,969,0.0,0.0,4.9998832641601565,2.756736981201172,0.024979183959960936,2.598114013671875,13.90025732421875,1.2006042480468748,0.0,0.1924560546875007,4.974904080200195,0.5491076316653892,0.5701537595219847
1052501,2105,0,2,9685,0,16063,17728,321,17030,7492,969,11.999847412109373,0.0,4.9998832641601565,2.759071484375,0.024979183959960936,2.59857177734375,13.90025732421875,1.2006042480468748,11.999847412109373,0.1942871093750007,4.974904080200195,0.5495768875819242,0.5708241251170346
1053001,2106,0,2,0,0,16063,17744,321,17033,7492,969,0.0,0.0,4.9998832641601565,2.76156162109375,0.024979183959960936,2.599029541015625,13.90025732421875,1.2006042480468748,0.0,0.1961181640625007,4.974904080200195,0.5500774272262282,0.5715391817517546
1053501,2107,0,2,9685,0,16063,17759,321,17036,7492,969,11.999847412109373,0.0,4.9998832641601565,2.763896124267578,0.024979183959960936,2.5994873046875,13.90025732421875,1.2006042480468748,11.999847412109373,0.1979492187500007,4.974904080200195,0.5505466831427632,0.5722095473468046
1054001,2108,0,2,0,0,16063,17774,321,17039,7492,969,0.0,0.0,4.9998832641601565,2.766230627441406,0.024979183959960936,2.599945068359375,13.90025732421875,1.2006042480468748,0.0,0.1997802734375007,4.974904080200195,0.5510159390592982,0.5728799129418546
1054501,2109,0,2,9685,0,16063,17789,321,17042,7492,969,11.999847412109373,0.0,4.9998832641601565,2.7685651306152343,0.024979183959960936,2.60040283203125,13.90025732421875,1.2006042480468748,11.999847412109373,0.2016113281250007,4.974904080200195,0.5514851949758333,0.5735502785369047
1055001,2110,0,2,0,0,16063,17805,321,17045,7492,969,0.0,0.0,4.9998832641601565,2.7710552673339843,0.024979183959960936,2.600860595703125,13.90025732421875,1.2006042480468748,0.0,0.2034423828125007,4.974904080200195,0.5519857346201373,0.5742653351716248
1055501,2111,0,2,9685,0,16063,17820,321,17048,7492,969,11.999847412109373,0.0,4.9998832641601565,2.7733897705078125,0.024979183959960936,2.601318359375,13.90025732421875,1.2006042480468748,11.999847412109373,0.2052734375000007,4.974904080200195,0.5524549905366724,0.5749357007666748
1056001,2112,0,2,0,0,16063,17835,321,17050,7492,969,0.0,0.0,4.9998832641601565,2.7757242736816408,0.024979183959960936,2.60162353515625,13.90025732421875,1.2006042480468748,0.0,0.2064941406250007,4.974904080200195,0.5529242464532074,0.5756060663617248
1056501,2113,0,2,9685,0,16063,17850,321,17053,7492,969,11.999847412109373,0.0,4.9998832641601565,2.7780587768554685,0.024979183959960936,2.602081298828125,13.90025732421875,1.2006042480468748,11.999847412109373,0.2083251953125007,4.974904080200195,0.5533935023697423,0.5762764319567747
1057001,2114,0,2,0,0,16063,17865,321,17056,7492,969,0.0,0.0,4.9998832641601565,2.7803932800292968,0.024979183959960936,2.6025390625,13.90025732421875,1.2006042480468748,0.0,0.2101562500000007,4.974904080200195,0.5538627582862773,0.5769467975518247
1057501,2115,0,2,9685,0,16063,17880,321,17059,7492,969,11.999847412109373,0.0,4.9998832641601565,2.782727783203125,0.024979183959960936,2.602996826171875,13.90025732421875,1.2006042480468748,11.999847412109373,0.2119873046875007,4.974904080200195,0.5543320142028123,0.5776171631468747
1058001,2116,0,2,0,0,16063,17895,321,17062,7492,969,0.0,0.0,4.9998832641601565,2.785062286376953,0.024979183959960936,2.60345458984375,13.90025732421875,1.2006042480468748,0.0,0.2138183593750007,4.974904080200195,0.5548012701193474,0.5782875287419249
1058501,2117,0,2,9685,0,16063,17911,321,17065,7492,969,11.999847412109373,0.0,4.9998832641601565,2.787552423095703,0.024979183959960936,2.603912353515625,13.90025732421875,1.2006042480468748,11.999847412109373,0.2156494140625007,4.974904080200195,0.5553018097636514,0.5790025853766448
1059001,2118,0,2,0,0,16063,17926,321,17068,7492,969,0.0,0.0,4.9998832641601565,2.7898869262695314,0.024979183959960936,2.6043701171875,13.90025732421875,1.2006042480468748,0.0,0.2174804687500007,4.974904080200195,0.5557710656801864,0.5796729509716949
1059501,2119,0,2,9685,0,16063,17941,321,17071,7492,969,11.999847412109373,0.0,4.9998832641601565,2.792221429443359,0.024979183959960936,2.604827880859375,13.90025732421875,1.2006042480468748,11.999847412109373,0.2193115234375007,4.974904080200195,0.5562403215967214,0.5803433165667449
1060001,2120,0,2,0,0,16063,17956,321,17074,7492,969,0.0,0.0,4.9998832641601565,2.7945559326171874,0.024979183959960936,2.60528564453125,13.90025732421875,1.2006042480468748,0.0,0.2211425781250007,4.974904080200195,0.5567095775132564,0.5810136821617949
1060501,2121,0,2,9685,0,16063,17971,321,17076,7492,969,11.999847412109373,0.0,4.9998832641601565,2.7968904357910156,0.024979183959960936,2.6055908203125,13.90025732421875,1.2006042480468748,11.999847412109373,0.2223632812500007,4.974904080200195,0.5571788334297915,0.5816840477568449
1061001,2122,0,2,0,0,16063,17986,321,17079,7492,969,0.0,0.0,4.9998832641601565,2.799224938964844,0.024979183959960936,2.606048583984375,13.90025732421875,1.2006042480468748,0.0,0.2241943359375007,4.974904080200195,0.5576480893463265,0.582354413351895
1061501,2123,0,2,9685,0,16063,18001,321,17082,7492,969,11.999847412109373,0.0,4.9998832641601565,2.801559442138672,0.024979183959960936,2.60650634765625,13.90025732421875,1.2006042480468748,11.999847412109373,0.2260253906250007,4.974904080200195,0.5581173452628615,0.583024778946945
1062001,2124,0,2,0,0,16063,18016,321,17085,7492,969,0.0,0.0,4.9998832641601565,2.8038939453125,0.024979183959960936,2.606964111328125,13.90025732421875,1.2006042480468748,0.0,0.2278564453125007,4.974904080200195,0.5585866011793964,0.5836951445419949
1062501,2125,0,2,9685,0,16063,18030,321,17088,7492,969,11.999847412109373,0.0,4.9998832641601565,2.8060728149414063,0.024979183959960936,2.607421875,13.90025732421875,1.2006042480468748,11.999847412109373,0.2296875000000007,4.974904080200195,0.5590245733681625,0.584320819097375
1063001,2126,0,2,0,0,16063,18045,321,17091,7492,969,0.0,0.0,4.9998832641601565,2.8084073181152345,0.024979183959960936,2.607879638671875,13.90025732421875,1.2006042480468748,0.0,0.2315185546875007,4.974904080200195,0.5594938292846975,0.584991184692425
1063501,2127,0,2,9685,0,16063,18060,321,17094,7492,969,11.999847412109373,0.0,4.9998832641601565,2.8107418212890622,0.024979183959960936,2.60833740234375,13.90025732421875,1.2006042480468748,11.999847412109373,0.2333496093750007,4.974904080200195,0.5599630852012325,0.585661550287475
1064001,2128,0,2,0,0,16063,18075,321,17096,7492,969,0.0,0.0,4.9998832641601565,2.8130763244628905,0.024979183959960936,2.608642578125,13.90025732421875,1.2006042480468748,0.0,0.2345703125000007,4.974904080200195,0.5604323411177675,0.586331915882525
1064501,2129,0,2,9685,0,16063,18090,321,17099,7492,969,11.999847412109373,0.0,4.9998832641601565,2.8154108276367187,0.024979183959960936,2.609100341796875,13.90025732421875,1.2006042480468748,11.999847412109373,0.2364013671875007,4.974904080200195,0.5609015970343025,0.587002281477575
1065001,2130,0,2,0,0,16063,18105,321,17102,7492,969,0.0,0.0,4.9998832641601565,2.817745330810547,0.024979183959960936,2.60955810546875,13.90025732421875,1.2006042480468748,0.0,0.2382324218750007,4.974904080200195,0.5613708529508376,0.5876726470726251
1065501,2131,0,2,9685,0,16063,18120,321,17105,7492,969,11.999847412109373,0.0,4.9998832641601565,2.820079833984375,0.024979183959960936,2.610015869140625,13.90025732421875,1.2006042480468748,11.999847412109373,0.2400634765625007,4.974904080200195,0.5618401088673726,0.5883430126676751
1066001,2132,0,2,0,0,16063,18134,321,17108,7492,969,0.0,0.0,4.9998832641601565,2.822258703613281,0.024979183959960936,2.6104736328125,13.90025732421875,1.2006042480468748,0.0,0.2418945312500007,4.974904080200195,0.5622780810561386,0.5889686872230552
1066501,2133,0,2,9685,0,16063,18149,321,17111,7492,969,11.999847412109373,0.0,4.9998832641601565,2.8245932067871093,0.024979183959960936,2.610931396484375,13.90025732421875,1.2006042480468748,11.999847412109373,0.2437255859375007,4.974904080200195,0.5627473369726737,0.5896390528181052
1067001,2134,0,2,0,0,16063,18164,321,17113,7492,969,0.0,0.0,4.9998832641601565,2.8269277099609376,0.024979183959960936,2.611236572265625,13.90025732421875,1.2006042480468748,0.0,0.2449462890625007,4.974904080200195,0.5632165928892087,0.5903094184131552
1067501,2135,0,2,9685,0,16063,18179,321,17116,7492,969,11.999847412109373,0.0,4.9998832641601565,2.829262213134766,0.024979183959960936,2.6116943359375,13.90025732421875,1.2006042480468748,11.999847412109373,0.2467773437500007,4.974904080200195,0.5636858488057437,0.5909797840082053
1068001,2136,0,2,0,0,16063,18193,321,17119,7492,969,0.0,0.0,4.9998832641601565,2.831441082763672,0.024979183959960936,2.612152099609375,13.90025732421875,1.2006042480468748,0.0,0.2486083984375007,4.974904080200195,0.5641238209945096,0.5916054585635852
1068501,2137,0,2,9685,0,16063,18208,321,17122,7492,969,11.999847412109373,0.0,4.9998832641601565,2.8337755859375,0.024979183959960936,2.61260986328125,13.90025732421875,1.2006042480468748,11.999847412109373,0.2504394531250007,4.974904080200195,0.5645930769110447,0.5922758241586352
1069001,2138,0,2,0,0,16063,18223,321,17125,7492,969,0.0,0.0,4.9998832641601565,2.8361100891113282,0.024979183959960936,2.613067626953125,13.90025732421875,1.2006042480468748,0.0,0.2522705078125007,4.974904080200195,0.5650623328275797,0.5929461897536853
1069501,2139,0,2,9685,0,16063,18237,321,17127,7492,969,11.999847412109373,0.0,4.9998832641601565,2.8382889587402342,0.024979183959960936,2.613372802734375,13.90025732421875,1.2006042480468748,11.999847412109373,0.2534912109375007,4.974904080200195,0.5655003050163456,0.5935718643090652
1070001,2140,0,2,0,0,16063,18252,321,17130,7492,969,0.0,0.0,4.9998832641601565,2.8406234619140625,0.024979183959960936,2.61383056640625,13.90025732421875,1.2006042480468748,0.0,0.2553222656250007,4.974904080200195,0.5659695609328808,0.5942422299041153
1070501,2141,0,2,9685,0,16063,18267,321,17133,7492,969,11.999847412109373,0.0,4.9998832641601565,2.8429579650878907,0.024979183959960936,2.614288330078125,13.90025732421875,1.2006042480468748,11.999847412109373,0.2571533203125007,4.974904080200195,0.5664388168494158,0.5949125954991654
1071001,2142,0,2,0,0,16063,18281,321,17136,7492,969,0.0,0.0,4.9998832641601565,2.8451368347167967,0.024979183959960936,2.61474609375,13.90025732421875,1.2006042480468748,0.0,0.2589843750000007,4.974904080200195,0.5668767890381817,0.5955382700545453
1071501,2143,0,2,9685,0,16063,18296,321,17139,7492,969,11.999847412109373,0.0,4.9998832641601565,2.847471337890625,0.024979183959960936,2.615203857421875,13.90025732421875,1.2006042480468748,11.999847412109373,0.2608154296875007,4.974904080200195,0.5673460449547167,0.5962086356495954
1072001,2144,0,2,0,0,16063,18310,321,17141,7492,969,0.0,0.0,4.9998832641601565,2.8496502075195314,0.024979183959960936,2.615509033203125,13.90025732421875,1.2006042480468748,0.0,0.2620361328125007,4.974904080200195,0.5677840171434828,0.5968343102049755
1072501,2145,0,2,9685,0,16063,18325,321,17144,7492,969,11.999847412109373,0.0,4.9998832641601565,2.851984710693359,0.024979183959960936,2.615966796875,13.90025732421875,1.2006042480468748,11.999847412109373,0.2638671875000007,4.974904080200195,0.5682532730600177,0.5975046758000253
1073001,2146,0,2,0,0,16063,18339,321,17147,7492,969,0.0,0.0,4.9998832641601565,2.8541635803222656,0.024979183959960936,2.616424560546875,13.90025732421875,1.2006042480468748,0.0,0.2656982421875007,4.974904080200195,0.5686912452487838,0.5981303503554054
1073501,2147,0,2,9685,0,16063,18354,321,17150,7492,969,11.999847412109373,0.0,4.9998832641601565,2.856498083496094,0.024979183959960936,2.61688232421875,13.90025732421875,1.2006042480468748,11.999847412109373,0.2675292968750007,4.974904080200195,0.5691605011653188,0.5988007159504555
1074001,2148,0,2,0,0,16063,18368,321,17152,7492,969,0.0,0.0,4.9998832641601565,2.858676953125,0.024979183959960936,2.6171875,13.90025732421875,1.2006042480468748,0.0,0.2687500000000007,4.974904080200195,0.5695984733540848,0.5994263905058353
1074501,2149,0,2,9685,0,16063,18383,321,17155,7492,969,11.999847412109373,0.0,4.9998832641601565,2.861011456298828,0.024979183959960936,2.617645263671875,13.90025732421875,1.2006042480468748,11.999847412109373,0.2705810546875007,4.974904080200195,0.5700677292706198,0.6000967561008854
1075001,2150,0,2,0,0,16063,18397,321,17158,7492,969,0.0,0.0,4.9998832641601565,2.8631903259277345,0.024979183959960936,2.61810302734375,13.90025732421875,1.2006042480468748,0.0,0.2724121093750007,4.974904080200195,0.5705057014593858,0.6007224306562655
1075501,2151,0,2,9685,0,16063,18411,321,17161,7492,969,11.999847412109373,0.0,4.9998832641601565,2.8653691955566405,0.024979183959960936,2.618560791015625,13.90025732421875,1.2006042480468748,11.999847412109373,0.2742431640625007,4.974904080200195,0.5709436736481518,0.6013481052116454
1076001,2152,0,2,0,0,16063,18426,321,17163,7492,969,0.0,0.0,4.9998832641601565,2.8677036987304687,0.024979183959960936,2.618865966796875,13.90025732421875,1.2006042480468748,0.0,0.2754638671875007,4.974904080200195,0.5714129295646869,0.6020184708066956
1076501,2153,0,2,9685,0,16063,18440,321,17166,7492,969,11.999847412109373,0.0,4.9998832641601565,2.8698825683593747,0.024979183959960936,2.61932373046875,13.90025732421875,1.2006042480468748,11.999847412109373,0.2772949218750007,4.974904080200195,0.5718509017534529,0.6026441453620756
1077001,2154,0,2,0,0,16063,18454,321,17169,7492,969,0.0,0.0,4.9998832641601565,2.872061437988281,0.024979183959960936,2.619781494140625,13.90025732421875,1.2006042480468748,0.0,0.2791259765625007,4.974904080200195,0.572288873942219,0.6032698199174557
1077501,2155,0,2,9685,0,16063,18469,321,17172,7492,969,11.999847412109373,0.0,4.9998832641601565,2.8743959411621094,0.024979183959960936,2.6202392578125,13.90025732421875,1.2006042480468748,11.999847412109373,0.2809570312500007,4.974904080200195,0.572758129858754,0.6039401855125056
1078001,2156,0,2,0,0,16063,18483,321,17174,7492,969,0.0,0.0,4.9998832641601565,2.8765748107910154,0.024979183959960936,2.62054443359375,13.90025732421875,1.2006042480468748,0.0,0.2821777343750007,4.974904080200195,0.5731961020475199,0.6045658600678856
1078501,2157,0,2,9685,0,16063,18497,321,17177,7492,969,11.999847412109373,0.0,4.9998832641601565,2.878753680419922,0.024979183959960936,2.621002197265625,13.90025732421875,1.2006042480468748,11.999847412109373,0.2840087890625007,4.974904080200195,0.573634074236286,0.6051915346232657
1079001,2158,0,2,0,0,16063,18511,321,17180,7492,969,0.0,0.0,4.9998832641601565,2.880932550048828,0.024979183959960936,2.6214599609375,13.90025732421875,1.2006042480468748,0.0,0.2858398437500007,4.974904080200195,0.5740720464250519,0.6058172091786457
1079501,2159,0,2,9685,0,16063,18526,321,17183,7492,969,11.999847412109373,0.0,4.9998832641601565,2.883267053222656,0.024979183959960936,2.621917724609375,13.90025732421875,1.2006042480468748,11.999847412109373,0.2876708984375007,4.974904080200195,0.574541302341587,0.6064875747736956
1080001,2160,0,2,0,0,16063,18540,321,17185,7492,969,0.0,0.0,4.9998832641601565,2.8854459228515625,0.024979183959960936,2.622222900390625,13.90025732421875,1.2006042480468748,0.0,0.2888916015625007,4.974904080200195,0.574979274530353,0.6071132493290757
1080501,2161,0,2,9685,0,16063,18554,321,17188,7492,969,11.999847412109373,0.0,4.9998832641601565,2.8876247924804685,0.024979183959960936,2.6226806640625,13.90025732421875,1.2006042480468748,11.999847412109373,0.2907226562500007,4.974904080200195,0.575417246719119,0.6077389238844557
1081001,2162,0,2,0,0,16063,18568,321,17191,7492,969,0.0,0.0,4.9998832641601565,2.889803662109375,0.024979183959960936,2.623138427734375,13.90025732421875,1.2006042480468748,0.0,0.2925537109375007,4.974904080200195,0.575855218907885,0.6083645984398358
1081501,2163,0,2,9685,0,16063,18582,321,17193,7492,969,11.999847412109373,0.0,4.9998832641601565,2.891982531738281,0.024979183959960936,2.623443603515625,13.90025732421875,1.2006042480468748,11.999847412109373,0.2937744140625007,4.974904080200195,0.576293191096651,0.6089902729952157
1082001,2164,0,2,0,0,16063,18596,321,17196,7492,969,0.0,0.0,4.9998832641601565,2.8941614013671875,0.024979183959960936,2.6239013671875,13.90025732421875,1.2006042480468748,0.0,0.2956054687500007,4.974904080200195,0.5767311632854171,0.6096159475505958
1082501,2165,0,2,9685,0,16063,18610,321,17199,7492,969,11.999847412109373,0.0,4.9998832641601565,2.8963402709960935,0.024979183959960936,2.624359130859375,13.90025732421875,1.2006042480468748,11.999847412109373,0.2974365234375007,4.974904080200195,0.577169135474183,0.6102416221059758
1083001,2166,0,2,0,0,16063,18624,321,17201,7492,969,0.0,0.0,4.9998832641601565,2.898519140625,0.024979183959960936,2.624664306640625,13.90025732421875,1.2006042480468748,0.0,0.2986572265625007,4.974904080200195,0.5776071076629491,0.6108672966613559
1083501,2167,0,2,9685,0,16063,18638,321,17204,7492,969,11.999847412109373,0.0,4.9998832641601565,2.9006980102539064,0.024979183959960936,2.6251220703125,13.90025732421875,1.2006042480468748,11.999847412109373,0.3004882812500007,4.974904080200195,0.5780450798517152,0.611492971216736
1084001,2168,0,2,0,0,16063,18652,321,17207,7492,969,0.0,0.0,4.9998832641601565,2.9028768798828124,0.024979183959960936,2.625579833984375,13.90025732421875,1.2006042480468748,0.0,0.3023193359375007,4.974904080200195,0.5784830520404811,0.6121186457721158
1084501,2169,0,2,9685,0,16063,18666,321,17209,7492,969,11.999847412109373,0.0,4.9998832641601565,2.905055749511719,0.024979183959960936,2.625885009765625,13.90025732421875,1.2006042480468748,11.999847412109373,0.3035400390625007,4.974904080200195,0.5789210242292472,0.6127443203274959
1085001,2170,0,2,0,0,16063,18680,321,17212,7492,969,0.0,0.0,4.9998832641601565,2.907234619140625,0.024979183959960936,2.6263427734375,13.90025732421875,1.2006042480468748,0.0,0.3053710937500007,4.974904080200195,0.5793589964180131,0.6133699948828759
1085501,2171,0,2,9685,0,16063,18694,321,17215,7492,969,11.999847412109373,0.0,4.9998832641601565,2.9094134887695313,0.024979183959960936,2.626800537109375,13.90025732421875,1.2006042480468748,11.999847412109373,0.3072021484375007,4.974904080200195,0.5797969686067792,0.613995669438256
1086001,2172,0,2,0,0,16063,18708,321,17217,7492,969,0.0,0.0,4.9998832641601565,2.9115923583984373,0.024979183959960936,2.627105712890625,13.90025732421875,1.2006042480468748,0.0,0.3084228515625007,4.974904080200195,0.5802349407955452,0.614621343993636
1086501,2173,0,2,9685,0,16063,18722,321,17220,7492,969,11.999847412109373,0.0,4.9998832641601565,2.913771228027344,0.024979183959960936,2.6275634765625,13.90025732421875,1.2006042480468748,11.999847412109373,0.3102539062500007,4.974904080200195,0.5806729129843111,0.6152470185490159
1087001,2174,0,2,0,0,16063,18735,321,17223,7492,969,0.0,0.0,4.9998832641601565,2.915794464111328,0.024979183959960936,2.628021240234375,13.90025732421875,1.2006042480468748,0.0,0.3120849609375007,4.974904080200195,0.5810796014453081,0.6158280020647259
1087501,2175,0,2,9685,0,16063,18749,321,17225,7492,969,11.999847412109373,0.0,4.9998832641601565,2.9179733337402345,0.024979183959960936,2.628326416015625,13.90025732421875,1.2006042480468748,11.999847412109373,0.3133056640625007,4.974904080200195,0.5815175736340742,0.616453676620106
1088001,2176,0,2,0,0,16063,18763,321,17228,7492,969,0.0,0.0,4.9998832641601565,2.9201522033691405,0.024979183959960936,2.6287841796875,13.90025732421875,1.2006042480468748,0.0,0.3151367187500007,4.974904080200195,0.5819555458228401,0.617079351175486
1088501,2177,0,2,9685,0,16063,18777,321,17231,7492,969,11.999847412109373,0.0,4.9998832641601565,2.922331072998047,0.024979183959960936,2.629241943359375,13.90025732421875,1.2006042480468748,11.999847412109373,0.3169677734375007,4.974904080200195,0.5823935180116062,0.617705025730866
1089001,2178,0,2,0,0,16063,18790,321,17233,7492,969,0.0,0.0,4.9998832641601565,2.924354309082031,0.024979183959960936,2.629547119140625,13.90025732421875,1.2006042480468748,0.0,0.3181884765625007,4.974904080200195,0.5828002064726032,0.6182860092465761
1089501,2179,0,2,9685,0,16063,18804,321,17236,7492,969,11.999847412109373,0.0,4.9998832641601565,2.9265331787109377,0.024979183959960936,2.6300048828125,13.90025732421875,1.2006042480468748,11.999847412109373,0.3200195312500007,4.974904080200195,0.5832381786613693,0.6189116838019562
1090001,2180,0,2,0,0,16063,18818,321,17238,7492,969,0.0,0.0,4.9998832641601565,2.9287120483398437,0.024979183959960936,2.63031005859375,13.90025732421875,1.2006042480468748,0.0,0.3212402343750007,4.974904080200195,0.5836761508501352,0.619537358357336
1090501,2181,0,2,9685,0,16063,18831,321,17241,7492,969,11.999847412109373,0.0,4.9998832641601565,2.930735284423828,0.024979183959960936,2.630767822265625,13.90025732421875,1.2006042480468748,11.999847412109373,0.3230712890625007,4.974904080200195,0.5840828393111323,0.620118341873046
1091001,2182,0,2,0,0,16063,18845,321,17244,7492,969,0.0,0.0,4.9998832641601565,2.9329141540527344,0.024979183959960936,2.6312255859375,13.90025732421875,1.2006042480468748,0.0,0.3249023437500007,4.974904080200195,0.5845208114998983,0.6207440164284261
1091501,2183,0,2,9685,0,16063,18858,321,17246,7492,969,11.999847412109373,0.0,4.9998832641601565,2.9349373901367186,0.024979183959960936,2.63153076171875,13.90025732421875,1.2006042480468748,11.999847412109373,0.3261230468750007,4.974904080200195,0.5849274999608952,0.621324999944136
1092001,2184,0,2,0,0,16063,18872,321,17249,7492,969,0.0,0.0,4.9998832641601565,2.937116259765625,0.024979183959960936,2.631988525390625,13.90025732421875,1.2006042480468748,0.0,0.3279541015625007,4.974904080200195,0.5853654721496613,0.6219506744995161
1092501,2185,0,2,9685,0,16063,18886,321,17251,7492,969,11.999847412109373,0.0,4.9998832641601565,2.939295129394531,0.024979183959960936,2.632293701171875,13.90025732421875,1.2006042480468748,11.999847412109373,0.3291748046875007,4.974904080200195,0.5858034443384272,0.622576349054896
1093001,2186,0,2,0,0,16063,18899,321,17254,7492,969,0.0,0.0,4.9998832641601565,2.9413183654785158,0.024979183959960936,2.63275146484375,13.90025732421875,1.2006042480468748,0.0,0.3310058593750007,4.974904080200195,0.5862101327994244,0.6231573325706062
1093501,2187,0,2,9685,0,16063,18912,321,17257,7492,969,11.999847412109373,0.0,4.9998832641601565,2.9433416015625,0.024979183959960936,2.633209228515625,13.90025732421875,1.2006042480468748,11.999847412109373,0.3328369140625007,4.974904080200195,0.5866168212604214,0.6237383160863162
1094001,2188,0,2,0,0,16063,18926,321,17259,7492,969,0.0,0.0,4.9998832641601565,2.945520471191406,0.024979183959960936,2.633514404296875,13.90025732421875,1.2006042480468748,0.0,0.3340576171875007,4.974904080200195,0.5870547934491873,0.6243639906416961
1094501,2189,0,2,9685,0,16063,18939,321,17262,7492,969,11.999847412109373,0.0,4.9998832641601565,2.9475437072753907,0.024979183959960936,2.63397216796875,13.90025732421875,1.2006042480468748,11.999847412109373,0.3358886718750007,4.974904080200195,0.5874614819101844,0.6249449741574064
1095001,2190,0,2,0,0,16063,18953,321,17264,7492,969,0.0,0.0,4.9998832641601565,2.9497225769042967,0.024979183959960936,2.63427734375,13.90025732421875,1.2006042480468748,0.0,0.3371093750000007,4.974904080200195,0.5878994540989504,0.6255706487127863
1095501,2191,0,2,9685,0,16063,18966,321,17267,7492,969,11.999847412109373,0.0,4.9998832641601565,2.951745812988281,0.024979183959960936,2.634735107421875,13.90025732421875,1.2006042480468748,11.999847412109373,0.3389404296875007,4.974904080200195,0.5883061425599474,0.6261516322284963
1096001,2192,0,2,0,0,16063,18979,321,17269,7492,969,0.0,0.0,4.9998832641601565,2.9537690490722657,0.024979183959960936,2.635040283203125,13.90025732421875,1.2006042480468748,0.0,0.3401611328125007,4.974904080200195,0.5887128310209444,0.6267326157442064
1096501,2193,0,2,9685,0,16063,18993,321,17272,7492,969,11.999847412109373,0.0,4.9998832641601565,2.9559479187011717,0.024979183959960936,2.635498046875,13.90025732421875,1.2006042480468748,11.999847412109373,0.3419921875000007,4.974904080200195,0.5891508032097104,0.6273582902995862
1097001,2194,0,2,0,0,16063,19006,321,17274,7492,969,0.0,0.0,4.9998832641601565,2.9579711547851564,0.024979183959960936,2.63580322265625,13.90025732421875,1.2006042480468748,0.0,0.3432128906250007,4.974904080200195,0.5895574916707075,0.6279392738152965
1097501,2195,0,2,9685,0,16063,19019,321,17277,7492,969,11.999847412109373,0.0,4.9998832641601565,2.9599943908691406,0.024979183959960936,2.636260986328125,13.90025732421875,1.2006042480468748,11.999847412109373,0.3450439453125007,4.974904080200195,0.5899641801317045,0.6285202573310065
1098001,2196,0,2,0,0,16063,19032,321,17279,7492,969,0.0,0.0,4.9998832641601565,2.962017626953125,0.024979183959960936,2.636566162109375,13.90025732421875,1.2006042480468748,0.0,0.3462646484375007,4.974904080200195,0.5903708685927014,0.6291012408467163
1098501,2197,0,2,9685,0,16063,19045,321,17282,7492,969,11.999847412109373,0.0,4.9998832641601565,2.964040863037109,0.024979183959960936,2.63702392578125,13.90025732421875,1.2006042480468748,11.999847412109373,0.3480957031250007,4.974904080200195,0.5907775570536984,0.6296822243624263
1099001,2198,0,2,0,0,16063,19059,321,17284,7492,969,0.0,0.0,4.9998832641601565,2.9662197326660156,0.024979183959960936,2.6373291015625,13.90025732421875,1.2006042480468748,0.0,0.3493164062500007,4.974904080200195,0.5912155292424645,0.6303078989178064
1099501,2199,0,2,9685,0,16063,19072,321,17287,7492,969,11.999847412109373,0.0,4.9998832641601565,2.96824296875,0.024979183959960936,2.637786865234375,13.90025732421875,1.2006042480468748,11.999847412109373,0.3511474609375007,4.974904080200195,0.5916222177034615,0.6308888824335164
