2026-09-25 13:21:06.765 INFO   Freerouting v2.1.0 (build-date: 2025-04-12)
2026-09-25 13:21:06.902 WARN   No default constructor found for field: currentLocale
2026-09-25 13:21:06.904 INFO   Settings were loaded from freerouting.json
2026-09-25 13:21:08.836 INFO   [C8F2D8\B56B8D] Job 'C8F2D8\B56B8D' started at 2026-09-25T11:21:08.835003500Z
2026-09-25 13:21:08.883 INFO   New version available: v2.4.1
2026-09-25 13:21:12.958 INFO   [C8F2D8\B56B8D] Auto-router pass #1 on board '90c77f7d4e2cc74535b590c4837da1f3' was completed in 3,86 seconds with the score of 969,66 (3 unrouted), using 9,22 CPU seconds and 1815 MB memory.
2026-09-25 13:21:13.339 INFO   [C8F2D8\B56B8D] Auto-router pass #2 on board '674e0df46abf86f5168d00542772b094' was completed in 0,30 seconds with the score of 973,13 (2 unrouted), using 9,22 CPU seconds and 1815 MB memory.
2026-09-25 13:21:13.570 INFO   [C8F2D8\B56B8D] Auto-router pass #3 on board 'f2a1c8c23c859f37bf7c84d7398696df' was completed in 0,18 seconds with the score of 973,25 (2 unrouted), using 9,22 CPU seconds and 1815 MB memory.
2026-09-25 13:21:13.853 INFO   [C8F2D8\B56B8D] Auto-router pass #4 on board '567b3b12ef5d091100d459c2b5f76bd5' was completed in 0,23 seconds with the score of 973,37 (2 unrouted), using 9,22 CPU seconds and 1815 MB memory.
2026-09-25 13:21:14.083 INFO   [C8F2D8\B56B8D] Auto-router pass #5 on board '442d6961c29bff79089aabb8b7eebb56' was completed in 0,17 seconds with the score of 973,48 (2 unrouted), using 13,92 CPU seconds and 2269 MB memory.
2026-09-25 13:21:14.330 INFO   [C8F2D8\B56B8D] Auto-router pass #6 on board 'b3f60af5d41252792332248cab708b87' was completed in 0,19 seconds with the score of 973,60 (2 unrouted), using 13,92 CPU seconds and 2269 MB memory.
2026-09-25 13:21:14.564 INFO   [C8F2D8\B56B8D] Auto-router pass #7 on board '0e1f1259aea00ef3b347a46667c93d75' was completed in 0,18 seconds with the score of 973,72 (2 unrouted), using 13,92 CPU seconds and 2269 MB memory.
2026-09-25 13:21:14.851 INFO   [C8F2D8\B56B8D] Restoring an earlier board that has the score of 973,72 (2 unrouted).
2026-09-25 13:21:14.852 INFO   [C8F2D8\B56B8D] Auto-router pass #8 on board 'ed5a57e8e2b27575b74c94fed6594537' was completed in 0,24 seconds with the score of 973,72 (2 unrouted), using 13,92 CPU seconds and 2269 MB memory.
2026-09-25 13:21:15.038 INFO   [C8F2D8\B56B8D] Auto-router pass #9 on board 'ed5a57e8e2b27575b74c94fed6594537' was completed in 0,16 seconds with the score of 973,83 (2 unrouted), using 19,56 CPU seconds and 2755 MB memory.
2026-09-25 13:21:15.252 INFO   [C8F2D8\B56B8D] Auto-router pass #10 on board '7cfbb6950107078dd4c072715e0da162' was completed in 0,17 seconds with the score of 973,94 (2 unrouted), using 19,56 CPU seconds and 2755 MB memory.
2026-09-25 13:21:15.481 INFO   [C8F2D8\B56B8D] Auto-router pass #11 on board '1ec34469576a55a90694036f2835139b' was completed in 0,18 seconds with the score of 974,05 (2 unrouted), using 19,56 CPU seconds and 2755 MB memory.
2026-09-25 13:21:15.800 INFO   [C8F2D8\B56B8D] Restoring an earlier board that has the score of 974,05 (2 unrouted).
2026-09-25 13:21:15.801 INFO   [C8F2D8\B56B8D] Auto-router pass #12 on board '4a61e600f458aac5df79ac68e2ab3930' was completed in 0,25 seconds with the score of 974,05 (2 unrouted), using 19,56 CPU seconds and 2755 MB memory.
2026-09-25 13:21:16.005 INFO   [C8F2D8\B56B8D] Auto-router pass #13 on board '4a61e600f458aac5df79ac68e2ab3930' was completed in 0,19 seconds with the score of 974,16 (2 unrouted), using 26,19 CPU seconds and 3256 MB memory.
2026-09-25 13:21:16.219 INFO   [C8F2D8\B56B8D] Auto-router pass #14 on board '1d60c3b0957dd707263521be50dca4d4' was completed in 0,17 seconds with the score of 974,27 (2 unrouted), using 26,19 CPU seconds and 3256 MB memory.
2026-09-25 13:21:16.440 INFO   [C8F2D8\B56B8D] Auto-router pass #15 on board '019469cf8f2cce1b89f64896c1f5d3e7' was completed in 0,18 seconds with the score of 974,38 (2 unrouted), using 26,19 CPU seconds and 3256 MB memory.
2026-09-25 13:21:16.729 INFO   [C8F2D8\B56B8D] Restoring an earlier board that has the score of 974,38 (2 unrouted).
2026-09-25 13:21:16.730 INFO   [C8F2D8\B56B8D] Auto-router pass #16 on board '6b2393ff822419b1b7aa68a36f21bdc2' was completed in 0,24 seconds with the score of 974,38 (2 unrouted), using 26,19 CPU seconds and 3256 MB memory.
2026-09-25 13:21:16.906 INFO   [C8F2D8\B56B8D] Auto-router pass #17 on board '6b2393ff822419b1b7aa68a36f21bdc2' was completed in 0,16 seconds with the score of 974,49 (2 unrouted), using 26,19 CPU seconds and 3256 MB memory.
2026-09-25 13:21:17.120 INFO   [C8F2D8\B56B8D] Auto-router pass #18 on board '71f6fbf543499dbbb54cd11d6c4f2422' was completed in 0,16 seconds with the score of 974,60 (2 unrouted), using 33,73 CPU seconds and 3771 MB memory.
2026-09-25 13:21:17.341 INFO   [C8F2D8\B56B8D] Auto-router pass #19 on board '2c9e188f9c5237761e17e3f7193ee231' was completed in 0,17 seconds with the score of 974,71 (2 unrouted), using 33,73 CPU seconds and 3771 MB memory.
2026-09-25 13:21:17.614 INFO   [C8F2D8\B56B8D] Restoring an earlier board that has the score of 974,71 (2 unrouted).
2026-09-25 13:21:17.616 INFO   [C8F2D8\B56B8D] Auto-router pass #20 on board '09820d5942574d458b898eaec75874a0' was completed in 0,22 seconds with the score of 974,71 (2 unrouted), using 33,73 CPU seconds and 3771 MB memory.
2026-09-25 13:21:17.818 INFO   [C8F2D8\B56B8D] Auto-router pass #21 on board '09820d5942574d458b898eaec75874a0' was completed in 0,18 seconds with the score of 974,81 (2 unrouted), using 33,73 CPU seconds and 3771 MB memory.
2026-09-25 13:21:18.014 INFO   [C8F2D8\B56B8D] Auto-router pass #22 on board 'e975396a49f047103de07874b0d20705' was completed in 0,16 seconds with the score of 974,92 (2 unrouted), using 42,25 CPU seconds and 4307 MB memory.
2026-09-25 13:21:18.264 INFO   [C8F2D8\B56B8D] Auto-router pass #23 on board 'fb16a03aa471405cf1ee54d45503cb08' was completed in 0,21 seconds with the score of 974,92 (2 unrouted), using 42,25 CPU seconds and 4307 MB memory.
2026-09-25 13:21:18.587 INFO   [C8F2D8\B56B8D] Restoring an earlier board that has the score of 974,92 (2 unrouted).
2026-09-25 13:21:18.588 INFO   [C8F2D8\B56B8D] Auto-router pass #24 on board 'fb16a03aa471405cf1ee54d45503cb08' was completed in 0,30 seconds with the score of 974,92 (2 unrouted), using 42,25 CPU seconds and 4307 MB memory.
2026-09-25 13:21:18.783 INFO   [C8F2D8\B56B8D] Auto-router pass #25 on board 'fb16a03aa471405cf1ee54d45503cb08' was completed in 0,18 seconds with the score of 974,92 (2 unrouted), using 42,25 CPU seconds and 4307 MB memory.
2026-09-25 13:21:18.943 INFO   [C8F2D8\B56B8D] Auto-router pass #26 on board 'fb16a03aa471405cf1ee54d45503cb08' was completed in 0,15 seconds with the score of 974,92 (2 unrouted), using 51,77 CPU seconds and 4807 MB memory.
2026-09-25 13:21:19.120 INFO   [C8F2D8\B56B8D] Auto-router pass #27 on board 'fb16a03aa471405cf1ee54d45503cb08' was completed in 0,17 seconds with the score of 974,92 (2 unrouted), using 51,77 CPU seconds and 4807 MB memory.
2026-09-25 13:21:19.399 INFO   [C8F2D8\B56B8D] Restoring an earlier board that has the score of 974,92 (2 unrouted).
2026-09-25 13:21:19.400 INFO   [C8F2D8\B56B8D] Auto-router pass #28 on board 'fb16a03aa471405cf1ee54d45503cb08' was completed in 0,26 seconds with the score of 974,92 (2 unrouted), using 51,77 CPU seconds and 4807 MB memory.
2026-09-25 13:21:19.587 INFO   [C8F2D8\B56B8D] Auto-router pass #29 on board 'fb16a03aa471405cf1ee54d45503cb08' was completed in 0,17 seconds with the score of 974,92 (2 unrouted), using 51,77 CPU seconds and 4807 MB memory.
2026-09-25 13:21:19.780 INFO   [C8F2D8\B56B8D] Auto-router pass #30 on board 'fb16a03aa471405cf1ee54d45503cb08' was completed in 0,18 seconds with the score of 974,92 (2 unrouted), using 51,77 CPU seconds and 4807 MB memory.
2026-09-25 13:21:19.968 INFO   [C8F2D8\B56B8D] Auto-router pass #31 on board 'fb16a03aa471405cf1ee54d45503cb08' was completed in 0,17 seconds with the score of 974,92 (2 unrouted), using 62,25 CPU seconds and 5333 MB memory.
2026-09-25 13:21:20.212 INFO   [C8F2D8\B56B8D] Restoring an earlier board that has the score of 974,92 (2 unrouted).
2026-09-25 13:21:20.212 INFO   [C8F2D8\B56B8D] Auto-router pass #32 on board 'fb16a03aa471405cf1ee54d45503cb08' was completed in 0,23 seconds with the score of 974,92 (2 unrouted), using 62,25 CPU seconds and 5333 MB memory.
2026-09-25 13:21:20.405 INFO   [C8F2D8\B56B8D] Auto-router pass #33 on board 'fb16a03aa471405cf1ee54d45503cb08' was completed in 0,17 seconds with the score of 974,92 (2 unrouted), using 62,25 CPU seconds and 5333 MB memory.
2026-09-25 13:21:20.575 INFO   [C8F2D8\B56B8D] Auto-router pass #34 on board 'fb16a03aa471405cf1ee54d45503cb08' was completed in 0,15 seconds with the score of 974,92 (2 unrouted), using 62,25 CPU seconds and 5333 MB memory.
2026-09-25 13:21:20.797 INFO   [C8F2D8\B56B8D] Auto-router pass #35 on board 'fb16a03aa471405cf1ee54d45503cb08' was completed in 0,21 seconds with the score of 974,92 (2 unrouted), using 62,25 CPU seconds and 5333 MB memory.
2026-09-25 13:21:21.065 INFO   [C8F2D8\B56B8D] Restoring an earlier board that has the score of 974,92 (2 unrouted).
2026-09-25 13:21:21.066 INFO   [C8F2D8\B56B8D] Auto-router pass #36 on board 'fb16a03aa471405cf1ee54d45503cb08' was completed in 0,25 seconds with the score of 974,92 (2 unrouted), using 73,69 CPU seconds and 5869 MB memory.
2026-09-25 13:21:21.271 INFO   [C8F2D8\B56B8D] Auto-router pass #37 on board 'fb16a03aa471405cf1ee54d45503cb08' was completed in 0,19 seconds with the score of 974,92 (2 unrouted), using 73,69 CPU seconds and 5869 MB memory.
2026-09-25 13:21:21.522 INFO   [C8F2D8\B56B8D] Auto-router pass #38 on board 'fb16a03aa471405cf1ee54d45503cb08' was completed in 0,22 seconds with the score of 974,92 (2 unrouted), using 73,69 CPU seconds and 5869 MB memory.
2026-09-25 13:21:21.719 INFO   [C8F2D8\B56B8D] Auto-router pass #39 on board 'fb16a03aa471405cf1ee54d45503cb08' was completed in 0,18 seconds with the score of 974,92 (2 unrouted), using 73,69 CPU seconds and 5869 MB memory.
2026-09-25 13:21:21.931 INFO   [C8F2D8\B56B8D] Restoring an earlier board that has the score of 974,81 (2 unrouted).
2026-09-25 13:21:21.934 INFO   [C8F2D8\B56B8D] Auto-router pass #40 on board 'fb16a03aa471405cf1ee54d45503cb08' was completed in 0,20 seconds with the score of 974,92 (2 unrouted), using 73,69 CPU seconds and 5869 MB memory.
2026-09-25 13:21:22.111 INFO   [C8F2D8\B56B8D] Auto-router pass #41 on board 'e975396a49f047103de07874b0d20705' was completed in 0,16 seconds with the score of 974,92 (2 unrouted), using 86,11 CPU seconds and 6369 MB memory.
2026-09-25 13:21:22.300 INFO   [C8F2D8\B56B8D] Auto-router pass #42 on board 'fb16a03aa471405cf1ee54d45503cb08' was completed in 0,17 seconds with the score of 974,92 (2 unrouted), using 86,11 CPU seconds and 6369 MB memory.
2026-09-25 13:21:22.467 INFO   [C8F2D8\B56B8D] Auto-router pass #43 on board 'fb16a03aa471405cf1ee54d45503cb08' was completed in 0,15 seconds with the score of 974,92 (2 unrouted), using 86,11 CPU seconds and 6369 MB memory.
2026-09-25 13:21:22.701 INFO   [C8F2D8\B56B8D] Restoring an earlier board that has the score of 974,81 (2 unrouted).
2026-09-25 13:21:22.702 INFO   [C8F2D8\B56B8D] Auto-router pass #44 on board 'fb16a03aa471405cf1ee54d45503cb08' was completed in 0,22 seconds with the score of 974,92 (2 unrouted), using 86,11 CPU seconds and 6369 MB memory.
2026-09-25 13:21:22.941 INFO   [C8F2D8\B56B8D] Auto-router pass #45 on board 'e975396a49f047103de07874b0d20705' was completed in 0,21 seconds with the score of 974,92 (2 unrouted), using 86,11 CPU seconds and 6369 MB memory.
2026-09-25 13:21:23.120 INFO   [C8F2D8\B56B8D] Auto-router pass #46 on board 'fb16a03aa471405cf1ee54d45503cb08' was completed in 0,16 seconds with the score of 974,92 (2 unrouted), using 99,53 CPU seconds and 6909 MB memory.
2026-09-25 13:21:23.330 INFO   [C8F2D8\B56B8D] Auto-router pass #47 on board 'fb16a03aa471405cf1ee54d45503cb08' was completed in 0,19 seconds with the score of 974,92 (2 unrouted), using 99,53 CPU seconds and 6909 MB memory.
2026-09-25 13:21:23.549 INFO   [C8F2D8\B56B8D] Restoring an earlier board that has the score of 974,81 (2 unrouted).
2026-09-25 13:21:23.551 INFO   [C8F2D8\B56B8D] Auto-router pass #48 on board 'fb16a03aa471405cf1ee54d45503cb08' was completed in 0,21 seconds with the score of 974,92 (2 unrouted), using 99,53 CPU seconds and 6909 MB memory.
2026-09-25 13:21:23.792 INFO   [C8F2D8\B56B8D] Auto-router pass #49 on board 'e975396a49f047103de07874b0d20705' was completed in 0,23 seconds with the score of 974,92 (2 unrouted), using 99,53 CPU seconds and 6909 MB memory.
2026-09-25 13:21:23.991 INFO   [C8F2D8\B56B8D] Auto-router pass #50 on board 'fb16a03aa471405cf1ee54d45503cb08' was completed in 0,17 seconds with the score of 974,92 (2 unrouted), using 113,95 CPU seconds and 7433 MB memory.
2026-09-25 13:21:24.198 INFO   [C8F2D8\B56B8D] Auto-router pass #51 on board 'fb16a03aa471405cf1ee54d45503cb08' was completed in 0,19 seconds with the score of 974,92 (2 unrouted), using 113,95 CPU seconds and 7433 MB memory.
2026-09-25 13:21:24.397 INFO   [C8F2D8\B56B8D] Restoring an earlier board that has the score of 974,81 (2 unrouted).
2026-09-25 13:21:24.397 INFO   [C8F2D8\B56B8D] Auto-router pass #52 on board 'fb16a03aa471405cf1ee54d45503cb08' was completed in 0,19 seconds with the score of 974,92 (2 unrouted), using 113,95 CPU seconds and 7433 MB memory.
2026-09-25 13:21:24.556 INFO   [C8F2D8\B56B8D] Auto-router pass #53 on board 'e975396a49f047103de07874b0d20705' was completed in 0,14 seconds with the score of 974,92 (2 unrouted), using 113,95 CPU seconds and 7433 MB memory.
2026-09-25 13:21:24.733 INFO   [C8F2D8\B56B8D] Auto-router pass #54 on board 'fb16a03aa471405cf1ee54d45503cb08' was completed in 0,16 seconds with the score of 974,92 (2 unrouted), using 113,95 CPU seconds and 7433 MB memory.
2026-09-25 13:21:24.913 INFO   [C8F2D8\B56B8D] Auto-router pass #55 on board 'fb16a03aa471405cf1ee54d45503cb08' was completed in 0,16 seconds with the score of 974,92 (2 unrouted), using 113,95 CPU seconds and 7433 MB memory.
2026-09-25 13:21:25.131 INFO   [C8F2D8\B56B8D] Restoring an earlier board that has the score of 974,71 (2 unrouted).
2026-09-25 13:21:25.131 INFO   [C8F2D8\B56B8D] Auto-router pass #56 on board 'fb16a03aa471405cf1ee54d45503cb08' was completed in 0,20 seconds with the score of 974,92 (2 unrouted), using 129,33 CPU seconds and 8019 MB memory.
2026-09-25 13:21:25.316 INFO   [C8F2D8\B56B8D] Auto-router pass #57 on board '09820d5942574d458b898eaec75874a0' was completed in 0,17 seconds with the score of 974,81 (2 unrouted), using 129,33 CPU seconds and 8019 MB memory.
2026-09-25 13:21:25.533 INFO   [C8F2D8\B56B8D] Auto-router pass #58 on board 'e975396a49f047103de07874b0d20705' was completed in 0,20 seconds with the score of 974,92 (2 unrouted), using 129,33 CPU seconds and 8019 MB memory.
2026-09-25 13:21:25.727 INFO   [C8F2D8\B56B8D] Auto-router pass #59 on board 'fb16a03aa471405cf1ee54d45503cb08' was completed in 0,18 seconds with the score of 974,92 (2 unrouted), using 129,33 CPU seconds and 8019 MB memory.
2026-09-25 13:21:25.996 INFO   [C8F2D8\B56B8D] Restoring an earlier board that has the score of 974,71 (2 unrouted).
2026-09-25 13:21:25.997 INFO   [C8F2D8\B56B8D] Auto-router pass #60 on board 'fb16a03aa471405cf1ee54d45503cb08' was completed in 0,25 seconds with the score of 974,92 (2 unrouted), using 145,72 CPU seconds and 8549 MB memory.
2026-09-25 13:21:26.206 INFO   [C8F2D8\B56B8D] Auto-router pass #61 on board '09820d5942574d458b898eaec75874a0' was completed in 0,18 seconds with the score of 974,81 (2 unrouted), using 145,72 CPU seconds and 8549 MB memory.
2026-09-25 13:21:26.459 INFO   [C8F2D8\B56B8D] Auto-router pass #62 on board 'e975396a49f047103de07874b0d20705' was completed in 0,23 seconds with the score of 974,92 (2 unrouted), using 145,72 CPU seconds and 8549 MB memory.
2026-09-25 13:21:26.668 INFO   [C8F2D8\B56B8D] Auto-router pass #63 on board 'fb16a03aa471405cf1ee54d45503cb08' was completed in 0,19 seconds with the score of 974,92 (2 unrouted), using 145,72 CPU seconds and 8549 MB memory.
2026-09-25 13:21:26.973 INFO   [C8F2D8\B56B8D] Restoring an earlier board that has the score of 974,71 (2 unrouted).
2026-09-25 13:21:26.974 INFO   [C8F2D8\B56B8D] Auto-router pass #64 on board 'fb16a03aa471405cf1ee54d45503cb08' was completed in 0,27 seconds with the score of 974,92 (2 unrouted), using 145,72 CPU seconds and 8549 MB memory.
2026-09-25 13:21:27.175 INFO   [C8F2D8\B56B8D] Auto-router pass #65 on board '09820d5942574d458b898eaec75874a0' was completed in 0,18 seconds with the score of 974,81 (2 unrouted), using 163,06 CPU seconds and 8996 MB memory.
2026-09-25 13:21:27.352 INFO   [C8F2D8\B56B8D] Auto-router pass #66 on board 'e975396a49f047103de07874b0d20705' was completed in 0,16 seconds with the score of 974,92 (2 unrouted), using 163,06 CPU seconds and 8996 MB memory.
2026-09-25 13:21:27.553 INFO   [C8F2D8\B56B8D] Auto-router pass #67 on board 'fb16a03aa471405cf1ee54d45503cb08' was completed in 0,19 seconds with the score of 974,92 (2 unrouted), using 163,06 CPU seconds and 8996 MB memory.
2026-09-25 13:21:27.782 INFO   [C8F2D8\B56B8D] Restoring an earlier board that has the score of 974,60 (2 unrouted).
2026-09-25 13:21:27.782 INFO   [C8F2D8\B56B8D] Auto-router pass #68 on board 'fb16a03aa471405cf1ee54d45503cb08' was completed in 0,21 seconds with the score of 974,92 (2 unrouted), using 163,06 CPU seconds and 8996 MB memory.
2026-09-25 13:21:27.969 INFO   [C8F2D8\B56B8D] Auto-router pass #69 on board '2c9e188f9c5237761e17e3f7193ee231' was completed in 0,16 seconds with the score of 974,71 (2 unrouted), using 163,06 CPU seconds and 8996 MB memory.
2026-09-25 13:21:28.131 INFO   [C8F2D8\B56B8D] Auto-router pass #70 on board '09820d5942574d458b898eaec75874a0' was completed in 0,15 seconds with the score of 974,81 (2 unrouted), using 181,42 CPU seconds and 9564 MB memory.
2026-09-25 13:21:28.306 INFO   [C8F2D8\B56B8D] Auto-router pass #71 on board 'e975396a49f047103de07874b0d20705' was completed in 0,16 seconds with the score of 974,92 (2 unrouted), using 181,42 CPU seconds and 9564 MB memory.
2026-09-25 13:21:28.553 INFO   [C8F2D8\B56B8D] Restoring an earlier board that has the score of 974,60 (2 unrouted).
2026-09-25 13:21:28.553 INFO   [C8F2D8\B56B8D] Auto-router pass #72 on board 'fb16a03aa471405cf1ee54d45503cb08' was completed in 0,23 seconds with the score of 974,92 (2 unrouted), using 181,42 CPU seconds and 9564 MB memory.
2026-09-25 13:21:28.737 INFO   [C8F2D8\B56B8D] Auto-router pass #73 on board '2c9e188f9c5237761e17e3f7193ee231' was completed in 0,17 seconds with the score of 974,71 (2 unrouted), using 181,42 CPU seconds and 9564 MB memory.
2026-09-25 13:21:28.968 INFO   [C8F2D8\B56B8D] Auto-router pass #74 on board '09820d5942574d458b898eaec75874a0' was completed in 0,22 seconds with the score of 974,81 (2 unrouted), using 181,42 CPU seconds and 9564 MB memory.
2026-09-25 13:21:29.174 INFO   [C8F2D8\B56B8D] Auto-router pass #75 on board 'e975396a49f047103de07874b0d20705' was completed in 0,19 seconds with the score of 974,92 (2 unrouted), using 200,77 CPU seconds and 10099 MB memory.
2026-09-25 13:21:29.410 INFO   [C8F2D8\B56B8D] Restoring an earlier board that has the score of 974,60 (2 unrouted).
2026-09-25 13:21:29.410 INFO   [C8F2D8\B56B8D] Auto-router pass #76 on board 'fb16a03aa471405cf1ee54d45503cb08' was completed in 0,20 seconds with the score of 974,92 (2 unrouted), using 200,77 CPU seconds and 10099 MB memory.
2026-09-25 13:21:29.566 INFO   [C8F2D8\B56B8D] Auto-router pass #77 on board '2c9e188f9c5237761e17e3f7193ee231' was completed in 0,14 seconds with the score of 974,71 (2 unrouted), using 200,77 CPU seconds and 10099 MB memory.
2026-09-25 13:21:29.723 INFO   [C8F2D8\B56B8D] Auto-router pass #78 on board '09820d5942574d458b898eaec75874a0' was completed in 0,14 seconds with the score of 974,81 (2 unrouted), using 200,77 CPU seconds and 10099 MB memory.
2026-09-25 13:21:29.873 INFO   [C8F2D8\B56B8D] Auto-router pass #79 on board 'e975396a49f047103de07874b0d20705' was completed in 0,14 seconds with the score of 974,92 (2 unrouted), using 200,77 CPU seconds and 10099 MB memory.
2026-09-25 13:21:30.096 INFO   [C8F2D8\B56B8D] Restoring an earlier board that has the score of 974,60 (2 unrouted).
2026-09-25 13:21:30.099 INFO   [C8F2D8\B56B8D] Auto-router pass #80 on board 'fb16a03aa471405cf1ee54d45503cb08' was completed in 0,21 seconds with the score of 974,92 (2 unrouted), using 221,08 CPU seconds and 10706 MB memory.
2026-09-25 13:21:30.278 INFO   [C8F2D8\B56B8D] Auto-router pass #81 on board '2c9e188f9c5237761e17e3f7193ee231' was completed in 0,16 seconds with the score of 974,71 (2 unrouted), using 221,08 CPU seconds and 10706 MB memory.
2026-09-25 13:21:30.477 INFO   [C8F2D8\B56B8D] Auto-router pass #82 on board '09820d5942574d458b898eaec75874a0' was completed in 0,18 seconds with the score of 974,81 (2 unrouted), using 221,08 CPU seconds and 10706 MB memory.
2026-09-25 13:21:30.661 INFO   [C8F2D8\B56B8D] Auto-router pass #83 on board 'e975396a49f047103de07874b0d20705' was completed in 0,17 seconds with the score of 974,92 (2 unrouted), using 221,08 CPU seconds and 10706 MB memory.
2026-09-25 13:21:30.913 INFO   [C8F2D8\B56B8D] Restoring an earlier board that has the score of 974,49 (2 unrouted).
2026-09-25 13:21:30.915 INFO   [C8F2D8\B56B8D] Auto-router pass #84 on board 'fb16a03aa471405cf1ee54d45503cb08' was completed in 0,24 seconds with the score of 974,92 (2 unrouted), using 221,08 CPU seconds and 10706 MB memory.
2026-09-25 13:21:31.092 INFO   [C8F2D8\B56B8D] Auto-router pass #85 on board '71f6fbf543499dbbb54cd11d6c4f2422' was completed in 0,17 seconds with the score of 974,60 (2 unrouted), using 242,41 CPU seconds and 11250 MB memory.
2026-09-25 13:21:31.299 INFO   [C8F2D8\B56B8D] Auto-router pass #86 on board '2c9e188f9c5237761e17e3f7193ee231' was completed in 0,19 seconds with the score of 974,71 (2 unrouted), using 242,41 CPU seconds and 11250 MB memory.
2026-09-25 13:21:31.524 INFO   [C8F2D8\B56B8D] Auto-router pass #87 on board '09820d5942574d458b898eaec75874a0' was completed in 0,21 seconds with the score of 974,81 (2 unrouted), using 242,41 CPU seconds and 11250 MB memory.
2026-09-25 13:21:31.865 INFO   [C8F2D8\B56B8D] Restoring an earlier board that has the score of 974,49 (2 unrouted).
2026-09-25 13:21:31.866 INFO   [C8F2D8\B56B8D] Auto-router pass #88 on board 'e975396a49f047103de07874b0d20705' was completed in 0,32 seconds with the score of 974,81 (2 unrouted), using 242,41 CPU seconds and 11250 MB memory.
2026-09-25 13:21:32.127 INFO   [C8F2D8\B56B8D] Auto-router pass #89 on board '71f6fbf543499dbbb54cd11d6c4f2422' was completed in 0,24 seconds with the score of 974,60 (2 unrouted), using 264,75 CPU seconds and 11699 MB memory.
2026-09-25 13:21:32.475 INFO   [C8F2D8\B56B8D] Auto-router pass #90 on board '2c9e188f9c5237761e17e3f7193ee231' was completed in 0,33 seconds with the score of 974,71 (2 unrouted), using 264,75 CPU seconds and 11699 MB memory.
2026-09-25 13:21:32.792 INFO   [C8F2D8\B56B8D] Auto-router pass #91 on board '09820d5942574d458b898eaec75874a0' was completed in 0,30 seconds with the score of 974,81 (2 unrouted), using 264,75 CPU seconds and 11699 MB memory.
2026-09-25 13:21:32.997 INFO   [C8F2D8\B56B8D] Restoring an earlier board that has the score of 974,49 (2 unrouted).
2026-09-25 13:21:32.998 INFO   [C8F2D8\B56B8D] Auto-router pass #92 on board 'e975396a49f047103de07874b0d20705' was completed in 0,20 seconds with the score of 974,81 (2 unrouted), using 264,75 CPU seconds and 11699 MB memory.
2026-09-25 13:21:33.162 INFO   [C8F2D8\B56B8D] Auto-router pass #93 on board '71f6fbf543499dbbb54cd11d6c4f2422' was completed in 0,15 seconds with the score of 974,60 (2 unrouted), using 288,09 CPU seconds and 12086 MB memory.
2026-09-25 13:21:33.360 INFO   [C8F2D8\B56B8D] Auto-router pass #94 on board '2c9e188f9c5237761e17e3f7193ee231' was completed in 0,18 seconds with the score of 974,71 (2 unrouted), using 288,09 CPU seconds and 12086 MB memory.
2026-09-25 13:21:33.591 INFO   [C8F2D8\B56B8D] Auto-router pass #95 on board '09820d5942574d458b898eaec75874a0' was completed in 0,21 seconds with the score of 974,81 (2 unrouted), using 288,09 CPU seconds and 12086 MB memory.
2026-09-25 13:21:33.805 INFO   [C8F2D8\B56B8D] Restoring an earlier board that has the score of 974,49 (2 unrouted).
2026-09-25 13:21:33.805 INFO   [C8F2D8\B56B8D] Auto-router pass #96 on board 'e975396a49f047103de07874b0d20705' was completed in 0,20 seconds with the score of 974,81 (2 unrouted), using 288,09 CPU seconds and 12086 MB memory.
2026-09-25 13:21:33.998 INFO   [C8F2D8\B56B8D] Auto-router pass #97 on board '71f6fbf543499dbbb54cd11d6c4f2422' was completed in 0,18 seconds with the score of 974,60 (2 unrouted), using 288,09 CPU seconds and 12086 MB memory.
2026-09-25 13:21:34.172 INFO   [C8F2D8\B56B8D] Auto-router pass #98 on board '2c9e188f9c5237761e17e3f7193ee231' was completed in 0,16 seconds with the score of 974,71 (2 unrouted), using 312,44 CPU seconds and 12632 MB memory.
2026-09-25 13:21:34.341 INFO   [C8F2D8\B56B8D] Auto-router pass #99 on board '09820d5942574d458b898eaec75874a0' was completed in 0,16 seconds with the score of 974,81 (2 unrouted), using 312,44 CPU seconds and 12632 MB memory.
2026-09-25 13:21:34.595 INFO   [C8F2D8\B56B8D] Restoring an earlier board that has the score of 974,38 (2 unrouted).
2026-09-25 13:21:34.596 INFO   [C8F2D8\B56B8D] Auto-router pass #100 on board 'e975396a49f047103de07874b0d20705' was completed in 0,23 seconds with the score of 974,81 (2 unrouted), using 312,44 CPU seconds and 12632 MB memory.
2026-09-25 13:21:34.788 INFO   [C8F2D8\B56B8D] Auto-router pass #101 on board '6b2393ff822419b1b7aa68a36f21bdc2' was completed in 0,18 seconds with the score of 974,49 (2 unrouted), using 312,44 CPU seconds and 12632 MB memory.
2026-09-25 13:21:35.015 INFO   [C8F2D8\B56B8D] Auto-router pass #102 on board '71f6fbf543499dbbb54cd11d6c4f2422' was completed in 0,21 seconds with the score of 974,60 (2 unrouted), using 312,44 CPU seconds and 12632 MB memory.
2026-09-25 13:21:35.234 INFO   [C8F2D8\B56B8D] Auto-router pass #103 on board '2c9e188f9c5237761e17e3f7193ee231' was completed in 0,20 seconds with the score of 974,71 (2 unrouted), using 337,77 CPU seconds and 13156 MB memory.
2026-09-25 13:21:35.420 INFO   [C8F2D8\B56B8D] Restoring an earlier board that has the score of 974,38 (2 unrouted).
2026-09-25 13:21:35.420 INFO   [C8F2D8\B56B8D] Auto-router pass #104 on board '09820d5942574d458b898eaec75874a0' was completed in 0,18 seconds with the score of 974,71 (2 unrouted), using 337,77 CPU seconds and 13156 MB memory.
2026-09-25 13:21:35.594 INFO   [C8F2D8\B56B8D] Auto-router pass #105 on board '6b2393ff822419b1b7aa68a36f21bdc2' was completed in 0,16 seconds with the score of 974,49 (2 unrouted), using 337,77 CPU seconds and 13156 MB memory.
2026-09-25 13:21:35.830 INFO   [C8F2D8\B56B8D] Auto-router pass #106 on board '71f6fbf543499dbbb54cd11d6c4f2422' was completed in 0,22 seconds with the score of 974,60 (2 unrouted), using 337,77 CPU seconds and 13156 MB memory.
2026-09-25 13:21:36.042 INFO   [C8F2D8\B56B8D] Auto-router pass #107 on board '2c9e188f9c5237761e17e3f7193ee231' was completed in 0,19 seconds with the score of 974,71 (2 unrouted), using 337,77 CPU seconds and 13156 MB memory.
2026-09-25 13:21:36.334 INFO   [C8F2D8\B56B8D] Restoring an earlier board that has the score of 974,38 (2 unrouted).
2026-09-25 13:21:36.335 INFO   [C8F2D8\B56B8D] Auto-router pass #108 on board '09820d5942574d458b898eaec75874a0' was completed in 0,27 seconds with the score of 974,71 (2 unrouted), using 364,09 CPU seconds and 13683 MB memory.
2026-09-25 13:21:36.555 INFO   [C8F2D8\B56B8D] Auto-router pass #109 on board '6b2393ff822419b1b7aa68a36f21bdc2' was completed in 0,21 seconds with the score of 974,49 (2 unrouted), using 364,09 CPU seconds and 13683 MB memory.
2026-09-25 13:21:36.740 INFO   [C8F2D8\B56B8D] Auto-router pass #110 on board '71f6fbf543499dbbb54cd11d6c4f2422' was completed in 0,16 seconds with the score of 974,60 (2 unrouted), using 364,09 CPU seconds and 13683 MB memory.
2026-09-25 13:21:36.906 INFO   [C8F2D8\B56B8D] Auto-router pass #111 on board '2c9e188f9c5237761e17e3f7193ee231' was completed in 0,15 seconds with the score of 974,71 (2 unrouted), using 364,09 CPU seconds and 13683 MB memory.
2026-09-25 13:21:37.177 INFO   [C8F2D8\B56B8D] Restoring an earlier board that has the score of 974,27 (2 unrouted).
2026-09-25 13:21:37.178 INFO   [C8F2D8\B56B8D] Auto-router pass #112 on board '09820d5942574d458b898eaec75874a0' was completed in 0,26 seconds with the score of 974,71 (2 unrouted), using 391,41 CPU seconds and 14195 MB memory.
2026-09-25 13:21:37.367 INFO   [C8F2D8\B56B8D] Auto-router pass #113 on board '019469cf8f2cce1b89f64896c1f5d3e7' was completed in 0,17 seconds with the score of 974,38 (2 unrouted), using 391,41 CPU seconds and 14195 MB memory.
2026-09-25 13:21:37.531 INFO   [C8F2D8\B56B8D] Auto-router pass #114 on board '6b2393ff822419b1b7aa68a36f21bdc2' was completed in 0,15 seconds with the score of 974,49 (2 unrouted), using 391,41 CPU seconds and 14195 MB memory.
2026-09-25 13:21:37.715 INFO   [C8F2D8\B56B8D] Auto-router pass #115 on board '71f6fbf543499dbbb54cd11d6c4f2422' was completed in 0,17 seconds with the score of 974,60 (2 unrouted), using 391,41 CPU seconds and 14195 MB memory.
2026-09-25 13:21:37.993 INFO   [C8F2D8\B56B8D] Restoring an earlier board that has the score of 974,27 (2 unrouted).
2026-09-25 13:21:37.994 INFO   [C8F2D8\B56B8D] Auto-router pass #116 on board '2c9e188f9c5237761e17e3f7193ee231' was completed in 0,26 seconds with the score of 974,60 (2 unrouted), using 391,41 CPU seconds and 14195 MB memory.
2026-09-25 13:21:38.225 INFO   [C8F2D8\B56B8D] Auto-router pass #117 on board '019469cf8f2cce1b89f64896c1f5d3e7' was completed in 0,21 seconds with the score of 974,38 (2 unrouted), using 419,72 CPU seconds and 14706 MB memory.
2026-09-25 13:21:38.424 INFO   [C8F2D8\B56B8D] Auto-router pass #118 on board '6b2393ff822419b1b7aa68a36f21bdc2' was completed in 0,17 seconds with the score of 974,49 (2 unrouted), using 419,72 CPU seconds and 14706 MB memory.
2026-09-25 13:21:38.669 INFO   [C8F2D8\B56B8D] Auto-router pass #119 on board '71f6fbf543499dbbb54cd11d6c4f2422' was completed in 0,23 seconds with the score of 974,60 (2 unrouted), using 419,72 CPU seconds and 14706 MB memory.
2026-09-25 13:21:38.931 INFO   [C8F2D8\B56B8D] Restoring an earlier board that has the score of 974,27 (2 unrouted).
2026-09-25 13:21:38.931 INFO   [C8F2D8\B56B8D] Auto-router pass #120 on board '2c9e188f9c5237761e17e3f7193ee231' was completed in 0,24 seconds with the score of 974,60 (2 unrouted), using 419,72 CPU seconds and 14706 MB memory.
2026-09-25 13:21:39.121 INFO   [C8F2D8\B56B8D] Auto-router pass #121 on board '019469cf8f2cce1b89f64896c1f5d3e7' was completed in 0,17 seconds with the score of 974,38 (2 unrouted), using 449,02 CPU seconds and 15187 MB memory.
2026-09-25 13:21:39.297 INFO   [C8F2D8\B56B8D] Auto-router pass #122 on board '6b2393ff822419b1b7aa68a36f21bdc2' was completed in 0,16 seconds with the score of 974,49 (2 unrouted), using 449,02 CPU seconds and 15187 MB memory.
2026-09-25 13:21:39.470 INFO   [C8F2D8\B56B8D] Auto-router pass #123 on board '71f6fbf543499dbbb54cd11d6c4f2422' was completed in 0,16 seconds with the score of 974,60 (2 unrouted), using 449,02 CPU seconds and 15187 MB memory.
2026-09-25 13:21:39.730 INFO   [C8F2D8\B56B8D] Restoring an earlier board that has the score of 974,27 (2 unrouted).
2026-09-25 13:21:39.731 INFO   [C8F2D8\B56B8D] Auto-router pass #124 on board '2c9e188f9c5237761e17e3f7193ee231' was completed in 0,25 seconds with the score of 974,60 (2 unrouted), using 449,02 CPU seconds and 15187 MB memory.
2026-09-25 13:21:39.922 INFO   [C8F2D8\B56B8D] Auto-router pass #125 on board '019469cf8f2cce1b89f64896c1f5d3e7' was completed in 0,18 seconds with the score of 974,38 (2 unrouted), using 449,02 CPU seconds and 15187 MB memory.
2026-09-25 13:21:40.082 INFO   [C8F2D8\B56B8D] Auto-router pass #126 on board '6b2393ff822419b1b7aa68a36f21bdc2' was completed in 0,15 seconds with the score of 974,49 (2 unrouted), using 449,02 CPU seconds and 15187 MB memory.
2026-09-25 13:21:40.255 INFO   [C8F2D8\B56B8D] Auto-router pass #127 on board '71f6fbf543499dbbb54cd11d6c4f2422' was completed in 0,16 seconds with the score of 974,60 (2 unrouted), using 479,33 CPU seconds and 15754 MB memory.
2026-09-25 13:21:40.473 INFO   [C8F2D8\B56B8D] Restoring an earlier board that has the score of 974,16 (2 unrouted).
2026-09-25 13:21:40.474 INFO   [C8F2D8\B56B8D] Auto-router pass #128 on board '2c9e188f9c5237761e17e3f7193ee231' was completed in 0,20 seconds with the score of 974,60 (2 unrouted), using 479,33 CPU seconds and 15754 MB memory.
2026-09-25 13:21:40.660 INFO   [C8F2D8\B56B8D] Auto-router pass #129 on board '1d60c3b0957dd707263521be50dca4d4' was completed in 0,17 seconds with the score of 974,27 (2 unrouted), using 479,33 CPU seconds and 15754 MB memory.
2026-09-25 13:21:40.832 INFO   [C8F2D8\B56B8D] Auto-router pass #130 on board '019469cf8f2cce1b89f64896c1f5d3e7' was completed in 0,16 seconds with the score of 974,38 (2 unrouted), using 479,33 CPU seconds and 15754 MB memory.
2026-09-25 13:21:41.058 INFO   [C8F2D8\B56B8D] Auto-router pass #131 on board '6b2393ff822419b1b7aa68a36f21bdc2' was completed in 0,21 seconds with the score of 974,49 (2 unrouted), using 479,33 CPU seconds and 15754 MB memory.
2026-09-25 13:21:41.318 INFO   [C8F2D8\B56B8D] Restoring an earlier board that has the score of 974,16 (2 unrouted).
2026-09-25 13:21:41.318 INFO   [C8F2D8\B56B8D] Auto-router pass #132 on board '71f6fbf543499dbbb54cd11d6c4f2422' was completed in 0,25 seconds with the score of 974,49 (2 unrouted), using 510,64 CPU seconds and 16314 MB memory.
2026-09-25 13:21:41.517 INFO   [C8F2D8\B56B8D] Auto-router pass #133 on board '1d60c3b0957dd707263521be50dca4d4' was completed in 0,18 seconds with the score of 974,27 (2 unrouted), using 510,64 CPU seconds and 16314 MB memory.
2026-09-25 13:21:41.697 INFO   [C8F2D8\B56B8D] Auto-router pass #134 on board '019469cf8f2cce1b89f64896c1f5d3e7' was completed in 0,16 seconds with the score of 974,38 (2 unrouted), using 510,64 CPU seconds and 16314 MB memory.
2026-09-25 13:21:41.864 INFO   [C8F2D8\B56B8D] Auto-router pass #135 on board '6b2393ff822419b1b7aa68a36f21bdc2' was completed in 0,15 seconds with the score of 974,49 (2 unrouted), using 510,64 CPU seconds and 16314 MB memory.
2026-09-25 13:21:42.083 INFO   [C8F2D8\B56B8D] Restoring an earlier board that has the score of 974,16 (2 unrouted).
2026-09-25 13:21:42.083 INFO   [C8F2D8\B56B8D] Auto-router pass #136 on board '71f6fbf543499dbbb54cd11d6c4f2422' was completed in 0,21 seconds with the score of 974,49 (2 unrouted), using 510,64 CPU seconds and 16314 MB memory.
2026-09-25 13:21:42.320 INFO   [C8F2D8\B56B8D] Auto-router pass #137 on board '1d60c3b0957dd707263521be50dca4d4' was completed in 0,22 seconds with the score of 974,27 (2 unrouted), using 542,94 CPU seconds and 16848 MB memory.
2026-09-25 13:21:42.562 INFO   [C8F2D8\B56B8D] Auto-router pass #138 on board '019469cf8f2cce1b89f64896c1f5d3e7' was completed in 0,22 seconds with the score of 974,38 (2 unrouted), using 542,94 CPU seconds and 16848 MB memory.
2026-09-25 13:21:42.772 INFO   [C8F2D8\B56B8D] Auto-router pass #139 on board '6b2393ff822419b1b7aa68a36f21bdc2' was completed in 0,20 seconds with the score of 974,49 (2 unrouted), using 542,94 CPU seconds and 16848 MB memory.
2026-09-25 13:21:43.000 INFO   [C8F2D8\B56B8D] Restoring an earlier board that has the score of 974,16 (2 unrouted).
2026-09-25 13:21:43.001 INFO   [C8F2D8\B56B8D] Auto-router pass #140 on board '71f6fbf543499dbbb54cd11d6c4f2422' was completed in 0,21 seconds with the score of 974,49 (2 unrouted), using 542,94 CPU seconds and 16848 MB memory.
2026-09-25 13:21:43.194 INFO   [C8F2D8\B56B8D] Auto-router pass #141 on board '1d60c3b0957dd707263521be50dca4d4' was completed in 0,17 seconds with the score of 974,27 (2 unrouted), using 576,23 CPU seconds and 17331 MB memory.
2026-09-25 13:21:43.395 INFO   [C8F2D8\B56B8D] Auto-router pass #142 on board '019469cf8f2cce1b89f64896c1f5d3e7' was completed in 0,18 seconds with the score of 974,38 (2 unrouted), using 576,23 CPU seconds and 17331 MB memory.
2026-09-25 13:21:43.596 INFO   [C8F2D8\B56B8D] Auto-router pass #143 on board '6b2393ff822419b1b7aa68a36f21bdc2' was completed in 0,18 seconds with the score of 974,49 (2 unrouted), using 576,23 CPU seconds and 17331 MB memory.
2026-09-25 13:21:43.855 INFO   [C8F2D8\B56B8D] Restoring an earlier board that has the score of 974,05 (2 unrouted).
2026-09-25 13:21:43.857 INFO   [C8F2D8\B56B8D] Auto-router pass #144 on board '71f6fbf543499dbbb54cd11d6c4f2422' was completed in 0,24 seconds with the score of 974,49 (2 unrouted), using 576,23 CPU seconds and 17331 MB memory.
2026-09-25 13:21:44.057 INFO   [C8F2D8\B56B8D] Auto-router pass #145 on board '4a61e600f458aac5df79ac68e2ab3930' was completed in 0,18 seconds with the score of 974,16 (2 unrouted), using 576,23 CPU seconds and 17331 MB memory.
2026-09-25 13:21:44.305 INFO   [C8F2D8\B56B8D] Auto-router pass #146 on board '1d60c3b0957dd707263521be50dca4d4' was completed in 0,23 seconds with the score of 974,27 (2 unrouted), using 610,53 CPU seconds and 17841 MB memory.
2026-09-25 13:21:44.596 INFO   [C8F2D8\B56B8D] Auto-router pass #147 on board '019469cf8f2cce1b89f64896c1f5d3e7' was completed in 0,27 seconds with the score of 974,38 (2 unrouted), using 610,53 CPU seconds and 17841 MB memory.
2026-09-25 13:21:44.832 INFO   [C8F2D8\B56B8D] Restoring an earlier board that has the score of 974,05 (2 unrouted).
2026-09-25 13:21:44.832 INFO   [C8F2D8\B56B8D] Auto-router pass #148 on board '6b2393ff822419b1b7aa68a36f21bdc2' was completed in 0,22 seconds with the score of 974,38 (2 unrouted), using 610,53 CPU seconds and 17841 MB memory.
2026-09-25 13:21:45.107 INFO   [C8F2D8\B56B8D] Auto-router pass #149 on board '4a61e600f458aac5df79ac68e2ab3930' was completed in 0,26 seconds with the score of 974,16 (2 unrouted), using 610,53 CPU seconds and 17841 MB memory.
2026-09-25 13:21:45.354 INFO   [C8F2D8\B56B8D] Auto-router pass #150 on board '1d60c3b0957dd707263521be50dca4d4' was completed in 0,22 seconds with the score of 974,27 (2 unrouted), using 645,81 CPU seconds and 18249 MB memory.
2026-09-25 13:21:45.560 INFO   [C8F2D8\B56B8D] Auto-router pass #151 on board '019469cf8f2cce1b89f64896c1f5d3e7' was completed in 0,19 seconds with the score of 974,38 (2 unrouted), using 645,81 CPU seconds and 18249 MB memory.
2026-09-25 13:21:45.946 INFO   [C8F2D8\B56B8D] Restoring an earlier board that has the score of 974,05 (2 unrouted).
2026-09-25 13:21:45.947 INFO   [C8F2D8\B56B8D] Auto-router pass #152 on board '6b2393ff822419b1b7aa68a36f21bdc2' was completed in 0,36 seconds with the score of 974,38 (2 unrouted), using 645,81 CPU seconds and 18249 MB memory.
2026-09-25 13:21:46.269 INFO   [C8F2D8\B56B8D] Auto-router pass #153 on board '4a61e600f458aac5df79ac68e2ab3930' was completed in 0,29 seconds with the score of 974,16 (2 unrouted), using 682,05 CPU seconds and 18630 MB memory.
2026-09-25 13:21:46.497 INFO   [C8F2D8\B56B8D] Auto-router pass #154 on board '1d60c3b0957dd707263521be50dca4d4' was completed in 0,20 seconds with the score of 974,27 (2 unrouted), using 682,05 CPU seconds and 18630 MB memory.
2026-09-25 13:21:46.686 INFO   [C8F2D8\B56B8D] Auto-router pass #155 on board '019469cf8f2cce1b89f64896c1f5d3e7' was completed in 0,17 seconds with the score of 974,38 (2 unrouted), using 682,05 CPU seconds and 18630 MB memory.
2026-09-25 13:21:46.889 INFO   [C8F2D8\B56B8D] Restoring an earlier board that has the score of 973,94 (2 unrouted).
2026-09-25 13:21:46.889 INFO   [C8F2D8\B56B8D] Auto-router pass #156 on board '6b2393ff822419b1b7aa68a36f21bdc2' was completed in 0,19 seconds with the score of 974,38 (2 unrouted), using 682,05 CPU seconds and 18630 MB memory.
2026-09-25 13:21:47.089 INFO   [C8F2D8\B56B8D] Auto-router pass #157 on board '1ec34469576a55a90694036f2835139b' was completed in 0,18 seconds with the score of 974,05 (2 unrouted), using 682,05 CPU seconds and 18630 MB memory.
2026-09-25 13:21:47.313 INFO   [C8F2D8\B56B8D] Auto-router pass #158 on board '4a61e600f458aac5df79ac68e2ab3930' was completed in 0,21 seconds with the score of 974,16 (2 unrouted), using 719,27 CPU seconds and 19138 MB memory.
2026-09-25 13:21:47.559 INFO   [C8F2D8\B56B8D] Auto-router pass #159 on board '1d60c3b0957dd707263521be50dca4d4' was completed in 0,22 seconds with the score of 974,27 (2 unrouted), using 719,27 CPU seconds and 19138 MB memory.
2026-09-25 13:21:47.795 INFO   [C8F2D8\B56B8D] Restoring an earlier board that has the score of 973,94 (2 unrouted).
2026-09-25 13:21:47.796 INFO   [C8F2D8\B56B8D] Auto-router pass #160 on board '019469cf8f2cce1b89f64896c1f5d3e7' was completed in 0,22 seconds with the score of 974,27 (2 unrouted), using 719,27 CPU seconds and 19138 MB memory.
2026-09-25 13:21:47.974 INFO   [C8F2D8\B56B8D] Auto-router pass #161 on board '1ec34469576a55a90694036f2835139b' was completed in 0,16 seconds with the score of 974,05 (2 unrouted), using 719,27 CPU seconds and 19138 MB memory.
2026-09-25 13:21:48.169 INFO   [C8F2D8\B56B8D] Auto-router pass #162 on board '4a61e600f458aac5df79ac68e2ab3930' was completed in 0,17 seconds with the score of 974,16 (2 unrouted), using 757,42 CPU seconds and 19642 MB memory.
2026-09-25 13:21:48.411 INFO   [C8F2D8\B56B8D] Auto-router pass #163 on board '1d60c3b0957dd707263521be50dca4d4' was completed in 0,21 seconds with the score of 974,27 (2 unrouted), using 757,42 CPU seconds and 19642 MB memory.
2026-09-25 13:21:48.634 INFO   [C8F2D8\B56B8D] Restoring an earlier board that has the score of 973,94 (2 unrouted).
2026-09-25 13:21:48.635 INFO   [C8F2D8\B56B8D] Auto-router pass #164 on board '019469cf8f2cce1b89f64896c1f5d3e7' was completed in 0,21 seconds with the score of 974,27 (2 unrouted), using 757,42 CPU seconds and 19642 MB memory.
2026-09-25 13:21:48.876 INFO   [C8F2D8\B56B8D] Auto-router pass #165 on board '1ec34469576a55a90694036f2835139b' was completed in 0,23 seconds with the score of 974,05 (2 unrouted), using 757,42 CPU seconds and 19642 MB memory.
2026-09-25 13:21:49.052 INFO   [C8F2D8\B56B8D] Auto-router pass #166 on board '4a61e600f458aac5df79ac68e2ab3930' was completed in 0,16 seconds with the score of 974,16 (2 unrouted), using 757,42 CPU seconds and 19642 MB memory.
2026-09-25 13:21:49.256 INFO   [C8F2D8\B56B8D] Auto-router pass #167 on board '1d60c3b0957dd707263521be50dca4d4' was completed in 0,19 seconds with the score of 974,27 (2 unrouted), using 796,55 CPU seconds and 20128 MB memory.
2026-09-25 13:21:49.566 INFO   [C8F2D8\B56B8D] Restoring an earlier board that has the score of 973,94 (2 unrouted).
2026-09-25 13:21:49.566 INFO   [C8F2D8\B56B8D] Auto-router pass #168 on board '019469cf8f2cce1b89f64896c1f5d3e7' was completed in 0,29 seconds with the score of 974,27 (2 unrouted), using 796,55 CPU seconds and 20128 MB memory.
2026-09-25 13:21:49.745 INFO   [C8F2D8\B56B8D] Auto-router pass #169 on board '1ec34469576a55a90694036f2835139b' was completed in 0,17 seconds with the score of 974,05 (2 unrouted), using 796,55 CPU seconds and 20128 MB memory.
2026-09-25 13:21:49.906 INFO   [C8F2D8\B56B8D] Auto-router pass #170 on board '4a61e600f458aac5df79ac68e2ab3930' was completed in 0,15 seconds with the score of 974,16 (2 unrouted), using 796,55 CPU seconds and 20128 MB memory.
2026-09-25 13:21:50.082 INFO   [C8F2D8\B56B8D] Auto-router pass #171 on board '1d60c3b0957dd707263521be50dca4d4' was completed in 0,16 seconds with the score of 974,27 (2 unrouted), using 796,55 CPU seconds and 20128 MB memory.
2026-09-25 13:21:50.409 INFO   [C8F2D8\B56B8D] Restoring an earlier board that has the score of 973,83 (2 unrouted).
2026-09-25 13:21:50.411 INFO   [C8F2D8\B56B8D] Auto-router pass #172 on board '019469cf8f2cce1b89f64896c1f5d3e7' was completed in 0,31 seconds with the score of 974,27 (2 unrouted), using 836,67 CPU seconds and 20642 MB memory.
2026-09-25 13:21:50.603 INFO   [C8F2D8\B56B8D] Auto-router pass #173 on board '7cfbb6950107078dd4c072715e0da162' was completed in 0,17 seconds with the score of 973,94 (2 unrouted), using 836,67 CPU seconds and 20642 MB memory.
2026-09-25 13:21:50.864 INFO   [C8F2D8\B56B8D] Auto-router pass #174 on board '1ec34469576a55a90694036f2835139b' was completed in 0,25 seconds with the score of 974,05 (2 unrouted), using 836,67 CPU seconds and 20642 MB memory.
2026-09-25 13:21:51.175 INFO   [C8F2D8\B56B8D] Auto-router pass #175 on board '4a61e600f458aac5df79ac68e2ab3930' was completed in 0,28 seconds with the score of 974,16 (2 unrouted), using 836,67 CPU seconds and 20642 MB memory.
2026-09-25 13:21:51.411 INFO   [C8F2D8\B56B8D] Restoring an earlier board that has the score of 973,83 (2 unrouted).
2026-09-25 13:21:51.413 INFO   [C8F2D8\B56B8D] Auto-router pass #176 on board '1d60c3b0957dd707263521be50dca4d4' was completed in 0,23 seconds with the score of 974,16 (2 unrouted), using 877,78 CPU seconds and 21045 MB memory.
2026-09-25 13:21:51.671 INFO   [C8F2D8\B56B8D] Auto-router pass #177 on board '7cfbb6950107078dd4c072715e0da162' was completed in 0,25 seconds with the score of 973,94 (2 unrouted), using 877,78 CPU seconds and 21045 MB memory.
2026-09-25 13:21:51.865 INFO   [C8F2D8\B56B8D] Auto-router pass #178 on board '1ec34469576a55a90694036f2835139b' was completed in 0,18 seconds with the score of 974,05 (2 unrouted), using 877,78 CPU seconds and 21045 MB memory.
2026-09-25 13:21:52.146 INFO   [C8F2D8\B56B8D] Auto-router pass #179 on board '4a61e600f458aac5df79ac68e2ab3930' was completed in 0,26 seconds with the score of 974,16 (2 unrouted), using 877,78 CPU seconds and 21045 MB memory.
2026-09-25 13:21:52.464 INFO   [C8F2D8\B56B8D] Restoring an earlier board that has the score of 973,83 (2 unrouted).
2026-09-25 13:21:52.464 INFO   [C8F2D8\B56B8D] Auto-router pass #180 on board '1d60c3b0957dd707263521be50dca4d4' was completed in 0,31 seconds with the score of 974,16 (2 unrouted), using 919,89 CPU seconds and 21490 MB memory.
2026-09-25 13:21:52.665 INFO   [C8F2D8\B56B8D] Auto-router pass #181 on board '7cfbb6950107078dd4c072715e0da162' was completed in 0,17 seconds with the score of 973,94 (2 unrouted), using 919,89 CPU seconds and 21490 MB memory.
2026-09-25 13:21:52.894 INFO   [C8F2D8\B56B8D] Auto-router pass #182 on board '1ec34469576a55a90694036f2835139b' was completed in 0,21 seconds with the score of 974,05 (2 unrouted), using 919,89 CPU seconds and 21490 MB memory.
2026-09-25 13:21:53.128 INFO   [C8F2D8\B56B8D] Auto-router pass #183 on board '4a61e600f458aac5df79ac68e2ab3930' was completed in 0,22 seconds with the score of 974,16 (2 unrouted), using 919,89 CPU seconds and 21490 MB memory.
2026-09-25 13:21:53.401 INFO   [C8F2D8\B56B8D] Restoring an earlier board that has the score of 973,83 (2 unrouted).
2026-09-25 13:21:53.402 INFO   [C8F2D8\B56B8D] Auto-router pass #184 on board '1d60c3b0957dd707263521be50dca4d4' was completed in 0,26 seconds with the score of 974,16 (2 unrouted), using 962,98 CPU seconds and 21945 MB memory.
2026-09-25 13:21:53.603 INFO   [C8F2D8\B56B8D] Auto-router pass #185 on board '7cfbb6950107078dd4c072715e0da162' was completed in 0,17 seconds with the score of 973,94 (2 unrouted), using 962,98 CPU seconds and 21945 MB memory.
2026-09-25 13:21:53.802 INFO   [C8F2D8\B56B8D] Auto-router pass #186 on board '1ec34469576a55a90694036f2835139b' was completed in 0,18 seconds with the score of 974,05 (2 unrouted), using 962,98 CPU seconds and 21945 MB memory.
2026-09-25 13:21:54.074 INFO   [C8F2D8\B56B8D] Auto-router pass #187 on board '4a61e600f458aac5df79ac68e2ab3930' was completed in 0,25 seconds with the score of 974,16 (2 unrouted), using 962,98 CPU seconds and 21945 MB memory.
2026-09-25 13:21:54.355 INFO   [C8F2D8\B56B8D] Restoring an earlier board that has the score of 973,72 (2 unrouted).
2026-09-25 13:21:54.356 INFO   [C8F2D8\B56B8D] Auto-router pass #188 on board '1d60c3b0957dd707263521be50dca4d4' was completed in 0,26 seconds with the score of 974,16 (2 unrouted), using 1007,09 CPU seconds and 22387 MB memory.
2026-09-25 13:21:54.628 INFO   [C8F2D8\B56B8D] Auto-router pass #189 on board 'ed5a57e8e2b27575b74c94fed6594537' was completed in 0,25 seconds with the score of 973,83 (2 unrouted), using 1007,09 CPU seconds and 22387 MB memory.
2026-09-25 13:21:54.825 INFO   [C8F2D8\B56B8D] Auto-router pass #190 on board '7cfbb6950107078dd4c072715e0da162' was completed in 0,19 seconds with the score of 973,94 (2 unrouted), using 1007,09 CPU seconds and 22387 MB memory.
2026-09-25 13:21:55.018 INFO   [C8F2D8\B56B8D] Auto-router pass #191 on board '1ec34469576a55a90694036f2835139b' was completed in 0,17 seconds with the score of 974,05 (2 unrouted), using 1007,09 CPU seconds and 22387 MB memory.
2026-09-25 13:21:55.358 INFO   [C8F2D8\B56B8D] Restoring an earlier board that has the score of 973,72 (2 unrouted).
2026-09-25 13:21:55.358 INFO   [C8F2D8\B56B8D] Auto-router pass #192 on board '4a61e600f458aac5df79ac68e2ab3930' was completed in 0,33 seconds with the score of 974,05 (2 unrouted), using 1052,19 CPU seconds and 22845 MB memory.
2026-09-25 13:21:55.542 INFO   [C8F2D8\B56B8D] Auto-router pass #193 on board 'ed5a57e8e2b27575b74c94fed6594537' was completed in 0,16 seconds with the score of 973,83 (2 unrouted), using 1052,19 CPU seconds and 22845 MB memory.
2026-09-25 13:21:55.720 INFO   [C8F2D8\B56B8D] Auto-router pass #194 on board '7cfbb6950107078dd4c072715e0da162' was completed in 0,16 seconds with the score of 973,94 (2 unrouted), using 1052,19 CPU seconds and 22845 MB memory.
2026-09-25 13:21:55.967 INFO   [C8F2D8\B56B8D] Auto-router pass #195 on board '1ec34469576a55a90694036f2835139b' was completed in 0,23 seconds with the score of 974,05 (2 unrouted), using 1052,19 CPU seconds and 22845 MB memory.
2026-09-25 13:21:56.365 INFO   [C8F2D8\B56B8D] Restoring an earlier board that has the score of 973,72 (2 unrouted).
2026-09-25 13:21:56.366 INFO   [C8F2D8\B56B8D] Auto-router pass #196 on board '4a61e600f458aac5df79ac68e2ab3930' was completed in 0,37 seconds with the score of 974,05 (2 unrouted), using 1098,25 CPU seconds and 23270 MB memory.
2026-09-25 13:21:56.639 INFO   [C8F2D8\B56B8D] Auto-router pass #197 on board 'ed5a57e8e2b27575b74c94fed6594537' was completed in 0,26 seconds with the score of 973,83 (2 unrouted), using 1098,25 CPU seconds and 23270 MB memory.
2026-09-25 13:21:56.833 INFO   [C8F2D8\B56B8D] Auto-router pass #198 on board '7cfbb6950107078dd4c072715e0da162' was completed in 0,18 seconds with the score of 973,94 (2 unrouted), using 1098,25 CPU seconds and 23270 MB memory.
2026-09-25 13:21:57.085 INFO   [C8F2D8\B56B8D] Auto-router pass #199 on board '1ec34469576a55a90694036f2835139b' was completed in 0,24 seconds with the score of 974,05 (2 unrouted), using 1098,25 CPU seconds and 23270 MB memory.
2026-09-25 13:21:57.314 INFO   [C8F2D8\B56B8D] Restoring an earlier board that has the score of 973,60 (2 unrouted).
2026-09-25 13:21:57.314 INFO   [C8F2D8\B56B8D] Auto-router pass #200 on board '4a61e600f458aac5df79ac68e2ab3930' was completed in 0,22 seconds with the score of 974,05 (2 unrouted), using 1145,28 CPU seconds and 23703 MB memory.
2026-09-25 13:21:57.576 INFO   [C8F2D8\B56B8D] Auto-router pass #201 on board '0e1f1259aea00ef3b347a46667c93d75' was completed in 0,25 seconds with the score of 973,72 (2 unrouted), using 1145,28 CPU seconds and 23703 MB memory.
2026-09-25 13:21:57.742 INFO   [C8F2D8\B56B8D] Auto-router pass #202 on board 'ed5a57e8e2b27575b74c94fed6594537' was completed in 0,14 seconds with the score of 973,83 (2 unrouted), using 1145,28 CPU seconds and 23703 MB memory.
2026-09-25 13:21:57.937 INFO   [C8F2D8\B56B8D] Auto-router pass #203 on board '7cfbb6950107078dd4c072715e0da162' was completed in 0,18 seconds with the score of 973,94 (2 unrouted), using 1145,28 CPU seconds and 23703 MB memory.
2026-09-25 13:21:58.185 INFO   [C8F2D8\B56B8D] Restoring an earlier board that has the score of 973,60 (2 unrouted).
2026-09-25 13:21:58.186 INFO   [C8F2D8\B56B8D] Auto-router pass #204 on board '1ec34469576a55a90694036f2835139b' was completed in 0,22 seconds with the score of 973,94 (2 unrouted), using 1145,28 CPU seconds and 23703 MB memory.
2026-09-25 13:21:58.403 INFO   [C8F2D8\B56B8D] Auto-router pass #205 on board '0e1f1259aea00ef3b347a46667c93d75' was completed in 0,20 seconds with the score of 973,72 (2 unrouted), using 1193,28 CPU seconds and 24196 MB memory.
2026-09-25 13:21:58.570 INFO   [C8F2D8\B56B8D] Auto-router pass #206 on board 'ed5a57e8e2b27575b74c94fed6594537' was completed in 0,15 seconds with the score of 973,83 (2 unrouted), using 1193,28 CPU seconds and 24196 MB memory.
2026-09-25 13:21:58.731 INFO   [C8F2D8\B56B8D] Auto-router pass #207 on board '7cfbb6950107078dd4c072715e0da162' was completed in 0,14 seconds with the score of 973,94 (2 unrouted), using 1193,28 CPU seconds and 24196 MB memory.
2026-09-25 13:21:59.032 INFO   [C8F2D8\B56B8D] Restoring an earlier board that has the score of 973,60 (2 unrouted).
2026-09-25 13:21:59.033 INFO   [C8F2D8\B56B8D] Auto-router pass #208 on board '1ec34469576a55a90694036f2835139b' was completed in 0,29 seconds with the score of 973,94 (2 unrouted), using 1193,28 CPU seconds and 24196 MB memory.
2026-09-25 13:21:59.249 INFO   [C8F2D8\B56B8D] Auto-router pass #209 on board '0e1f1259aea00ef3b347a46667c93d75' was completed in 0,21 seconds with the score of 973,72 (2 unrouted), using 1242,25 CPU seconds and 24691 MB memory.
2026-09-25 13:21:59.479 INFO   [C8F2D8\B56B8D] Auto-router pass #210 on board 'ed5a57e8e2b27575b74c94fed6594537' was completed in 0,21 seconds with the score of 973,83 (2 unrouted), using 1242,25 CPU seconds and 24691 MB memory.
2026-09-25 13:21:59.709 INFO   [C8F2D8\B56B8D] Auto-router pass #211 on board '7cfbb6950107078dd4c072715e0da162' was completed in 0,21 seconds with the score of 973,94 (2 unrouted), using 1242,25 CPU seconds and 24691 MB memory.
2026-09-25 13:22:00.031 INFO   [C8F2D8\B56B8D] Restoring an earlier board that has the score of 973,60 (2 unrouted).
2026-09-25 13:22:00.032 INFO   [C8F2D8\B56B8D] Auto-router pass #212 on board '1ec34469576a55a90694036f2835139b' was completed in 0,30 seconds with the score of 973,94 (2 unrouted), using 1242,25 CPU seconds and 24691 MB memory.
2026-09-25 13:22:00.240 INFO   [C8F2D8\B56B8D] Auto-router pass #213 on board '0e1f1259aea00ef3b347a46667c93d75' was completed in 0,20 seconds with the score of 973,72 (2 unrouted), using 1242,25 CPU seconds and 24691 MB memory.
2026-09-25 13:22:00.432 INFO   [C8F2D8\B56B8D] Auto-router pass #214 on board 'ed5a57e8e2b27575b74c94fed6594537' was completed in 0,18 seconds with the score of 973,83 (2 unrouted), using 1292,20 CPU seconds and 25134 MB memory.
2026-09-25 13:22:00.665 INFO   [C8F2D8\B56B8D] Auto-router pass #215 on board '7cfbb6950107078dd4c072715e0da162' was completed in 0,21 seconds with the score of 973,94 (2 unrouted), using 1292,20 CPU seconds and 25134 MB memory.
2026-09-25 13:22:00.911 INFO   [C8F2D8\B56B8D] Restoring an earlier board that has the score of 973,48 (2 unrouted).
2026-09-25 13:22:00.911 INFO   [C8F2D8\B56B8D] Auto-router pass #216 on board '1ec34469576a55a90694036f2835139b' was completed in 0,22 seconds with the score of 973,94 (2 unrouted), using 1292,20 CPU seconds and 25134 MB memory.
2026-09-25 13:22:01.154 INFO   [C8F2D8\B56B8D] Auto-router pass #217 on board 'b3f60af5d41252792332248cab708b87' was completed in 0,22 seconds with the score of 973,60 (2 unrouted), using 1292,20 CPU seconds and 25134 MB memory.
2026-09-25 13:22:01.374 INFO   [C8F2D8\B56B8D] Auto-router pass #218 on board '0e1f1259aea00ef3b347a46667c93d75' was completed in 0,19 seconds with the score of 973,72 (2 unrouted), using 1343,14 CPU seconds and 25591 MB memory.
2026-09-25 13:22:01.598 INFO   [C8F2D8\B56B8D] Auto-router pass #219 on board 'ed5a57e8e2b27575b74c94fed6594537' was completed in 0,21 seconds with the score of 973,83 (2 unrouted), using 1343,14 CPU seconds and 25591 MB memory.
2026-09-25 13:22:01.891 INFO   [C8F2D8\B56B8D] Restoring an earlier board that has the score of 973,48 (2 unrouted).
2026-09-25 13:22:01.892 INFO   [C8F2D8\B56B8D] Auto-router pass #220 on board '7cfbb6950107078dd4c072715e0da162' was completed in 0,27 seconds with the score of 973,83 (2 unrouted), using 1343,14 CPU seconds and 25591 MB memory.
2026-09-25 13:22:02.084 INFO   [C8F2D8\B56B8D] Auto-router pass #221 on board 'b3f60af5d41252792332248cab708b87' was completed in 0,18 seconds with the score of 973,60 (2 unrouted), using 1343,14 CPU seconds and 25591 MB memory.
2026-09-25 13:22:02.288 INFO   [C8F2D8\B56B8D] Auto-router pass #222 on board '0e1f1259aea00ef3b347a46667c93d75' was completed in 0,18 seconds with the score of 973,72 (2 unrouted), using 1395,06 CPU seconds and 26077 MB memory.
2026-09-25 13:22:02.533 INFO   [C8F2D8\B56B8D] Auto-router pass #223 on board 'ed5a57e8e2b27575b74c94fed6594537' was completed in 0,23 seconds with the score of 973,83 (2 unrouted), using 1395,06 CPU seconds and 26077 MB memory.
2026-09-25 13:22:02.769 INFO   [C8F2D8\B56B8D] Restoring an earlier board that has the score of 973,48 (2 unrouted).
2026-09-25 13:22:02.769 INFO   [C8F2D8\B56B8D] Auto-router pass #224 on board '7cfbb6950107078dd4c072715e0da162' was completed in 0,22 seconds with the score of 973,83 (2 unrouted), using 1395,06 CPU seconds and 26077 MB memory.
2026-09-25 13:22:02.936 INFO   [C8F2D8\B56B8D] Auto-router pass #225 on board 'b3f60af5d41252792332248cab708b87' was completed in 0,15 seconds with the score of 973,60 (2 unrouted), using 1395,06 CPU seconds and 26077 MB memory.
2026-09-25 13:22:03.192 INFO   [C8F2D8\B56B8D] Auto-router pass #226 on board '0e1f1259aea00ef3b347a46667c93d75' was completed in 0,24 seconds with the score of 973,72 (2 unrouted), using 1395,06 CPU seconds and 26077 MB memory.
2026-09-25 13:22:03.407 INFO   [C8F2D8\B56B8D] Auto-router pass #227 on board 'ed5a57e8e2b27575b74c94fed6594537' was completed in 0,19 seconds with the score of 973,83 (2 unrouted), using 1448,00 CPU seconds and 26549 MB memory.
2026-09-25 13:22:03.688 INFO   [C8F2D8\B56B8D] Restoring an earlier board that has the score of 973,48 (2 unrouted).
2026-09-25 13:22:03.689 INFO   [C8F2D8\B56B8D] Auto-router pass #228 on board '7cfbb6950107078dd4c072715e0da162' was completed in 0,27 seconds with the score of 973,83 (2 unrouted), using 1448,00 CPU seconds and 26549 MB memory.
2026-09-25 13:22:03.939 INFO   [C8F2D8\B56B8D] Auto-router pass #229 on board 'b3f60af5d41252792332248cab708b87' was completed in 0,22 seconds with the score of 973,60 (2 unrouted), using 1448,00 CPU seconds and 26549 MB memory.
2026-09-25 13:22:04.193 INFO   [C8F2D8\B56B8D] Auto-router pass #230 on board '0e1f1259aea00ef3b347a46667c93d75' was completed in 0,23 seconds with the score of 973,72 (2 unrouted), using 1448,00 CPU seconds and 26549 MB memory.
2026-09-25 13:22:04.403 INFO   [C8F2D8\B56B8D] Auto-router pass #231 on board 'ed5a57e8e2b27575b74c94fed6594537' was completed in 0,19 seconds with the score of 973,83 (2 unrouted), using 1501,92 CPU seconds and 26997 MB memory.
2026-09-25 13:22:04.654 INFO   [C8F2D8\B56B8D] Restoring an earlier board that has the score of 973,37 (2 unrouted).
2026-09-25 13:22:04.655 INFO   [C8F2D8\B56B8D] Auto-router pass #232 on board '7cfbb6950107078dd4c072715e0da162' was completed in 0,24 seconds with the score of 973,83 (2 unrouted), using 1501,92 CPU seconds and 26997 MB memory.
2026-09-25 13:22:04.859 INFO   [C8F2D8\B56B8D] Auto-router pass #233 on board '442d6961c29bff79089aabb8b7eebb56' was completed in 0,19 seconds with the score of 973,48 (2 unrouted), using 1501,92 CPU seconds and 26997 MB memory.
2026-09-25 13:22:05.066 INFO   [C8F2D8\B56B8D] Auto-router pass #234 on board 'b3f60af5d41252792332248cab708b87' was completed in 0,18 seconds with the score of 973,60 (2 unrouted), using 1501,92 CPU seconds and 26997 MB memory.
2026-09-25 13:22:05.295 INFO   [C8F2D8\B56B8D] Auto-router pass #235 on board '0e1f1259aea00ef3b347a46667c93d75' was completed in 0,21 seconds with the score of 973,72 (2 unrouted), using 1556,86 CPU seconds and 27474 MB memory.
2026-09-25 13:22:05.536 INFO   [C8F2D8\B56B8D] Restoring an earlier board that has the score of 973,37 (2 unrouted).
2026-09-25 13:22:05.537 INFO   [C8F2D8\B56B8D] Auto-router pass #236 on board 'ed5a57e8e2b27575b74c94fed6594537' was completed in 0,22 seconds with the score of 973,72 (2 unrouted), using 1556,86 CPU seconds and 27474 MB memory.
2026-09-25 13:22:05.713 INFO   [C8F2D8\B56B8D] Auto-router pass #237 on board '442d6961c29bff79089aabb8b7eebb56' was completed in 0,16 seconds with the score of 973,48 (2 unrouted), using 1556,86 CPU seconds and 27474 MB memory.
2026-09-25 13:22:05.967 INFO   [C8F2D8\B56B8D] Auto-router pass #238 on board 'b3f60af5d41252792332248cab708b87' was completed in 0,24 seconds with the score of 973,60 (2 unrouted), using 1556,86 CPU seconds and 27474 MB memory.
2026-09-25 13:22:06.204 INFO   [C8F2D8\B56B8D] Auto-router pass #239 on board '0e1f1259aea00ef3b347a46667c93d75' was completed in 0,22 seconds with the score of 973,72 (2 unrouted), using 1556,86 CPU seconds and 27474 MB memory.
2026-09-25 13:22:06.463 INFO   [C8F2D8\B56B8D] Restoring an earlier board that has the score of 973,37 (2 unrouted).
2026-09-25 13:22:06.464 INFO   [C8F2D8\B56B8D] Auto-router pass #240 on board 'ed5a57e8e2b27575b74c94fed6594537' was completed in 0,24 seconds with the score of 973,72 (2 unrouted), using 1612,78 CPU seconds and 27960 MB memory.
2026-09-25 13:22:06.699 INFO   [C8F2D8\B56B8D] Auto-router pass #241 on board '442d6961c29bff79089aabb8b7eebb56' was completed in 0,21 seconds with the score of 973,48 (2 unrouted), using 1612,78 CPU seconds and 27960 MB memory.
2026-09-25 13:22:06.944 INFO   [C8F2D8\B56B8D] Auto-router pass #242 on board 'b3f60af5d41252792332248cab708b87' was completed in 0,23 seconds with the score of 973,60 (2 unrouted), using 1612,78 CPU seconds and 27960 MB memory.
2026-09-25 13:22:07.170 INFO   [C8F2D8\B56B8D] Auto-router pass #243 on board '0e1f1259aea00ef3b347a46667c93d75' was completed in 0,21 seconds with the score of 973,72 (2 unrouted), using 1612,78 CPU seconds and 27960 MB memory.
2026-09-25 13:22:07.419 INFO   [C8F2D8\B56B8D] Restoring an earlier board that has the score of 973,37 (2 unrouted).
2026-09-25 13:22:07.419 INFO   [C8F2D8\B56B8D] Auto-router pass #244 on board 'ed5a57e8e2b27575b74c94fed6594537' was completed in 0,23 seconds with the score of 973,72 (2 unrouted), using 1669,70 CPU seconds and 28395 MB memory.
2026-09-25 13:22:07.616 INFO   [C8F2D8\B56B8D] Auto-router pass #245 on board '442d6961c29bff79089aabb8b7eebb56' was completed in 0,18 seconds with the score of 973,48 (2 unrouted), using 1669,70 CPU seconds and 28395 MB memory.
2026-09-25 13:22:07.785 INFO   [C8F2D8\B56B8D] Auto-router pass #246 on board 'b3f60af5d41252792332248cab708b87' was completed in 0,15 seconds with the score of 973,60 (2 unrouted), using 1669,70 CPU seconds and 28395 MB memory.
2026-09-25 13:22:08.030 INFO   [C8F2D8\B56B8D] Auto-router pass #247 on board '0e1f1259aea00ef3b347a46667c93d75' was completed in 0,23 seconds with the score of 973,72 (2 unrouted), using 1669,70 CPU seconds and 28395 MB memory.
2026-09-25 13:22:08.313 INFO   [C8F2D8\B56B8D] Restoring an earlier board that has the score of 973,25 (2 unrouted).
2026-09-25 13:22:08.314 INFO   [C8F2D8\B56B8D] Auto-router pass #248 on board 'ed5a57e8e2b27575b74c94fed6594537' was completed in 0,26 seconds with the score of 973,72 (2 unrouted), using 1669,70 CPU seconds and 28395 MB memory.
2026-09-25 13:22:08.541 INFO   [C8F2D8\B56B8D] Auto-router pass #249 on board '567b3b12ef5d091100d459c2b5f76bd5' was completed in 0,19 seconds with the score of 973,37 (2 unrouted), using 1727,58 CPU seconds and 28880 MB memory.
2026-09-25 13:22:08.753 INFO   [C8F2D8\B56B8D] Auto-router pass #250 on board '19b846598c6c2be557dbeb04248a5261' was completed in 0,17 seconds with the score of 973,48 (2 unrouted), using 1727,58 CPU seconds and 28880 MB memory.
2026-09-25 13:22:09.004 INFO   [C8F2D8\B56B8D] Auto-router pass #251 on board 'f49a64175ced025eb0ce450963ff7816' was completed in 0,21 seconds with the score of 973,60 (2 unrouted), using 1727,58 CPU seconds and 28880 MB memory.
2026-09-25 13:22:09.259 INFO   [C8F2D8\B56B8D] Restoring an earlier board that has the score of 973,60 (2 unrouted).
2026-09-25 13:22:09.260 INFO   [C8F2D8\B56B8D] Auto-router pass #252 on board '9455505e03a138e9c931faaec79df162' was completed in 0,22 seconds with the score of 973,72 (2 unrouted), using 1727,58 CPU seconds and 28880 MB memory.
2026-09-25 13:22:09.438 INFO   [C8F2D8\B56B8D] Auto-router pass #253 on board '9455505e03a138e9c931faaec79df162' was completed in 0,16 seconds with the score of 973,72 (2 unrouted), using 1786,44 CPU seconds and 29372 MB memory.
2026-09-25 13:22:09.630 INFO   [C8F2D8\B56B8D] Auto-router pass #254 on board '44b45e968732613ad6755018b286005d' was completed in 0,15 seconds with the score of 973,83 (2 unrouted), using 1786,44 CPU seconds and 29372 MB memory.
2026-09-25 13:22:10.144 INFO   [C8F2D8\B56B8D] Auto-router pass #255 on board '690ac175431f5b0e2d05d5d19dac84ce' was completed in 0,44 seconds with the score of 973,94 (2 unrouted), using 1786,44 CPU seconds and 29372 MB memory.
2026-09-25 13:22:10.440 INFO   [C8F2D8\B56B8D] Restoring an earlier board that has the score of 973,94 (2 unrouted).
2026-09-25 13:22:10.441 INFO   [C8F2D8\B56B8D] Auto-router pass #256 on board 'd6426180c51f8b5069fbf6fcb0000019' was completed in 0,21 seconds with the score of 974,05 (2 unrouted), using 1845,89 CPU seconds and 29738 MB memory.
2026-09-25 13:22:10.622 INFO   [C8F2D8\B56B8D] Auto-router pass #257 on board 'd6426180c51f8b5069fbf6fcb0000019' was completed in 0,17 seconds with the score of 974,05 (2 unrouted), using 1845,89 CPU seconds and 29738 MB memory.
2026-09-25 13:22:10.819 INFO   [C8F2D8\B56B8D] Auto-router pass #258 on board '535a5527b1679ed7a870be0cdc16e0dd' was completed in 0,15 seconds with the score of 974,16 (2 unrouted), using 1845,89 CPU seconds and 29738 MB memory.
2026-09-25 13:22:11.020 INFO   [C8F2D8\B56B8D] Auto-router pass #259 on board '847e9a09dfec7832ff5158ed39d97b62' was completed in 0,16 seconds with the score of 974,27 (2 unrouted), using 1845,89 CPU seconds and 29738 MB memory.
2026-09-25 13:22:11.255 INFO   [C8F2D8\B56B8D] Restoring an earlier board that has the score of 974,27 (2 unrouted).
2026-09-25 13:22:11.255 INFO   [C8F2D8\B56B8D] Auto-router pass #260 on board 'c7621fb99aa9f43f0b73af1ea20412e9' was completed in 0,20 seconds with the score of 974,38 (2 unrouted), using 1845,89 CPU seconds and 29738 MB memory.
2026-09-25 13:22:11.423 INFO   [C8F2D8\B56B8D] Auto-router pass #261 on board 'c7621fb99aa9f43f0b73af1ea20412e9' was completed in 0,15 seconds with the score of 974,38 (2 unrouted), using 1906,28 CPU seconds and 30321 MB memory.
2026-09-25 13:22:11.650 INFO   [C8F2D8\B56B8D] Auto-router pass #262 on board '6378680027ce3519b9d09cfcef61152a' was completed in 0,18 seconds with the score of 974,49 (2 unrouted), using 1906,28 CPU seconds and 30321 MB memory.
2026-09-25 13:22:11.885 INFO   [C8F2D8\B56B8D] Auto-router pass #263 on board '892d277ca63e8f222f72c3bb31940b37' was completed in 0,20 seconds with the score of 974,60 (2 unrouted), using 1906,28 CPU seconds and 30321 MB memory.
2026-09-25 13:22:12.245 INFO   [C8F2D8\B56B8D] Restoring an earlier board that has the score of 974,60 (2 unrouted).
2026-09-25 13:22:12.246 INFO   [C8F2D8\B56B8D] Auto-router pass #264 on board 'dd97aed5a101e1547b5b3d2a1c4f3272' was completed in 0,30 seconds with the score of 974,71 (2 unrouted), using 1906,28 CPU seconds and 30321 MB memory.
2026-09-25 13:22:12.467 INFO   [C8F2D8\B56B8D] Auto-router pass #265 on board 'dd97aed5a101e1547b5b3d2a1c4f3272' was completed in 0,21 seconds with the score of 974,71 (2 unrouted), using 1967,62 CPU seconds and 30797 MB memory.
2026-09-25 13:22:12.699 INFO   [C8F2D8\B56B8D] Auto-router pass #266 on board '8b57060e133f2400f9c40fc14f94299f' was completed in 0,17 seconds with the score of 974,81 (2 unrouted), using 1967,62 CPU seconds and 30797 MB memory.
2026-09-25 13:22:12.936 INFO   [C8F2D8\B56B8D] Auto-router pass #267 on board '279a5a610995ac3d2c3e9f574978e11e' was completed in 0,19 seconds with the score of 974,81 (2 unrouted), using 1967,62 CPU seconds and 30797 MB memory.
2026-09-25 13:22:13.238 INFO   [C8F2D8\B56B8D] Restoring an earlier board that has the score of 974,81 (2 unrouted).
2026-09-25 13:22:13.238 INFO   [C8F2D8\B56B8D] Auto-router pass #268 on board '279a5a610995ac3d2c3e9f574978e11e' was completed in 0,29 seconds with the score of 974,92 (2 unrouted), using 1967,62 CPU seconds and 30797 MB memory.
2026-09-25 13:22:13.496 INFO   [C8F2D8\B56B8D] Auto-router pass #269 on board '279a5a610995ac3d2c3e9f574978e11e' was completed in 0,21 seconds with the score of 974,81 (2 unrouted), using 2029,77 CPU seconds and 31233 MB memory.
2026-09-25 13:22:13.683 INFO   [C8F2D8\B56B8D] Auto-router pass #270 on board '279a5a610995ac3d2c3e9f574978e11e' was completed in 0,17 seconds with the score of 974,81 (2 unrouted), using 2029,77 CPU seconds and 31233 MB memory.
2026-09-25 13:22:13.842 INFO   [C8F2D8\B56B8D] Auto-router pass #271 on board '279a5a610995ac3d2c3e9f574978e11e' was completed in 0,14 seconds with the score of 974,81 (2 unrouted), using 2029,77 CPU seconds and 31233 MB memory.
2026-09-25 13:22:14.053 INFO   [C8F2D8\B56B8D] Restoring an earlier board that has the score of 974,81 (2 unrouted).
2026-09-25 13:22:14.054 INFO   [C8F2D8\B56B8D] Auto-router pass #272 on board '279a5a610995ac3d2c3e9f574978e11e' was completed in 0,20 seconds with the score of 974,92 (2 unrouted), using 2029,77 CPU seconds and 31233 MB memory.
2026-09-25 13:22:14.225 INFO   [C8F2D8\B56B8D] Auto-router pass #273 on board '279a5a610995ac3d2c3e9f574978e11e' was completed in 0,16 seconds with the score of 974,81 (2 unrouted), using 2029,77 CPU seconds and 31233 MB memory.
2026-09-25 13:22:14.419 INFO   [C8F2D8\B56B8D] Auto-router pass #274 on board '279a5a610995ac3d2c3e9f574978e11e' was completed in 0,18 seconds with the score of 974,81 (2 unrouted), using 2092,88 CPU seconds and 31825 MB memory.
2026-09-25 13:22:14.628 INFO   [C8F2D8\B56B8D] Auto-router pass #275 on board '279a5a610995ac3d2c3e9f574978e11e' was completed in 0,20 seconds with the score of 974,81 (2 unrouted), using 2092,88 CPU seconds and 31825 MB memory.
2026-09-25 13:22:14.955 INFO   [C8F2D8\B56B8D] Restoring an earlier board that has the score of 974,81 (2 unrouted).
2026-09-25 13:22:14.957 INFO   [C8F2D8\B56B8D] Auto-router pass #276 on board '279a5a610995ac3d2c3e9f574978e11e' was completed in 0,32 seconds with the score of 974,92 (2 unrouted), using 2092,88 CPU seconds and 31825 MB memory.
2026-09-25 13:22:15.149 INFO   [C8F2D8\B56B8D] Auto-router pass #277 on board '279a5a610995ac3d2c3e9f574978e11e' was completed in 0,17 seconds with the score of 974,81 (2 unrouted), using 2092,88 CPU seconds and 31825 MB memory.
2026-09-25 13:22:15.353 INFO   [C8F2D8\B56B8D] Auto-router pass #278 on board '279a5a610995ac3d2c3e9f574978e11e' was completed in 0,18 seconds with the score of 974,81 (2 unrouted), using 2092,88 CPU seconds and 31825 MB memory.
2026-09-25 13:22:15.533 INFO   [C8F2D8\B56B8D] Auto-router pass #279 on board '279a5a610995ac3d2c3e9f574978e11e' was completed in 0,17 seconds with the score of 974,81 (2 unrouted), using 2156,95 CPU seconds and 32300 MB memory.
2026-09-25 13:22:15.830 INFO   [C8F2D8\B56B8D] Restoring an earlier board that has the score of 974,81 (2 unrouted).
2026-09-25 13:22:15.830 INFO   [C8F2D8\B56B8D] Auto-router pass #280 on board '279a5a610995ac3d2c3e9f574978e11e' was completed in 0,28 seconds with the score of 974,92 (2 unrouted), using 2156,95 CPU seconds and 32300 MB memory.
2026-09-25 13:22:16.048 INFO   [C8F2D8\B56B8D] Auto-router pass #281 on board '279a5a610995ac3d2c3e9f574978e11e' was completed in 0,20 seconds with the score of 974,81 (2 unrouted), using 2156,95 CPU seconds and 32300 MB memory.
2026-09-25 13:22:16.264 INFO   [C8F2D8\B56B8D] Auto-router pass #282 on board '279a5a610995ac3d2c3e9f574978e11e' was completed in 0,20 seconds with the score of 974,81 (2 unrouted), using 2156,95 CPU seconds and 32300 MB memory.
2026-09-25 13:22:16.442 INFO   [C8F2D8\B56B8D] Auto-router pass #283 on board '279a5a610995ac3d2c3e9f574978e11e' was completed in 0,16 seconds with the score of 974,81 (2 unrouted), using 2221,97 CPU seconds and 32802 MB memory.
2026-09-25 13:22:16.651 INFO   [C8F2D8\B56B8D] Restoring an earlier board that has the score of 974,71 (2 unrouted).
2026-09-25 13:22:16.652 INFO   [C8F2D8\B56B8D] Auto-router pass #284 on board '279a5a610995ac3d2c3e9f574978e11e' was completed in 0,20 seconds with the score of 974,92 (2 unrouted), using 2221,97 CPU seconds and 32802 MB memory.
2026-09-25 13:22:16.828 INFO   [C8F2D8\B56B8D] Auto-router pass #285 on board '8b57060e133f2400f9c40fc14f94299f' was completed in 0,16 seconds with the score of 974,81 (2 unrouted), using 2221,97 CPU seconds and 32802 MB memory.
2026-09-25 13:22:17.033 INFO   [C8F2D8\B56B8D] Auto-router pass #286 on board '279a5a610995ac3d2c3e9f574978e11e' was completed in 0,19 seconds with the score of 974,81 (2 unrouted), using 2221,97 CPU seconds and 32802 MB memory.
2026-09-25 13:22:17.255 INFO   [C8F2D8\B56B8D] Auto-router pass #287 on board '279a5a610995ac3d2c3e9f574978e11e' was completed in 0,21 seconds with the score of 974,81 (2 unrouted), using 2221,97 CPU seconds and 32802 MB memory.
2026-09-25 13:22:17.481 INFO   [C8F2D8\B56B8D] Restoring an earlier board that has the score of 974,71 (2 unrouted).
2026-09-25 13:22:17.485 INFO   [C8F2D8\B56B8D] Auto-router pass #288 on board '279a5a610995ac3d2c3e9f574978e11e' was completed in 0,21 seconds with the score of 974,92 (2 unrouted), using 2287,95 CPU seconds and 33358 MB memory.
2026-09-25 13:22:17.696 INFO   [C8F2D8\B56B8D] Auto-router pass #289 on board '8b57060e133f2400f9c40fc14f94299f' was completed in 0,18 seconds with the score of 974,81 (2 unrouted), using 2287,95 CPU seconds and 33358 MB memory.
2026-09-25 13:22:17.880 INFO   [C8F2D8\B56B8D] Auto-router pass #290 on board '279a5a610995ac3d2c3e9f574978e11e' was completed in 0,17 seconds with the score of 974,81 (2 unrouted), using 2287,95 CPU seconds and 33358 MB memory.
2026-09-25 13:22:18.159 INFO   [C8F2D8\B56B8D] Auto-router pass #291 on board '279a5a610995ac3d2c3e9f574978e11e' was completed in 0,27 seconds with the score of 974,81 (2 unrouted), using 2287,95 CPU seconds and 33358 MB memory.
2026-09-25 13:22:18.406 INFO   [C8F2D8\B56B8D] Restoring an earlier board that has the score of 974,71 (2 unrouted).
2026-09-25 13:22:18.407 INFO   [C8F2D8\B56B8D] Auto-router pass #292 on board '279a5a610995ac3d2c3e9f574978e11e' was completed in 0,22 seconds with the score of 974,92 (2 unrouted), using 2354,88 CPU seconds and 33836 MB memory.
2026-09-25 13:22:18.598 INFO   [C8F2D8\B56B8D] Auto-router pass #293 on board '8b57060e133f2400f9c40fc14f94299f' was completed in 0,18 seconds with the score of 974,81 (2 unrouted), using 2354,88 CPU seconds and 33836 MB memory.
2026-09-25 13:22:18.794 INFO   [C8F2D8\B56B8D] Auto-router pass #294 on board '279a5a610995ac3d2c3e9f574978e11e' was completed in 0,18 seconds with the score of 974,81 (2 unrouted), using 2354,88 CPU seconds and 33836 MB memory.
2026-09-25 13:22:19.053 INFO   [C8F2D8\B56B8D] Auto-router pass #295 on board '279a5a610995ac3d2c3e9f574978e11e' was completed in 0,23 seconds with the score of 974,81 (2 unrouted), using 2354,88 CPU seconds and 33836 MB memory.
2026-09-25 13:22:19.344 INFO   [C8F2D8\B56B8D] Restoring an earlier board that has the score of 974,71 (2 unrouted).
2026-09-25 13:22:19.345 INFO   [C8F2D8\B56B8D] Auto-router pass #296 on board '279a5a610995ac3d2c3e9f574978e11e' was completed in 0,28 seconds with the score of 974,92 (2 unrouted), using 2354,88 CPU seconds and 33836 MB memory.
2026-09-25 13:22:19.561 INFO   [C8F2D8\B56B8D] Auto-router pass #297 on board '8b57060e133f2400f9c40fc14f94299f' was completed in 0,20 seconds with the score of 974,81 (2 unrouted), using 2422,69 CPU seconds and 34301 MB memory.
2026-09-25 13:22:19.758 INFO   [C8F2D8\B56B8D] Auto-router pass #298 on board '279a5a610995ac3d2c3e9f574978e11e' was completed in 0,19 seconds with the score of 974,81 (2 unrouted), using 2422,69 CPU seconds and 34301 MB memory.
2026-09-25 13:22:19.969 INFO   [C8F2D8\B56B8D] Auto-router pass #299 on board '279a5a610995ac3d2c3e9f574978e11e' was completed in 0,20 seconds with the score of 974,81 (2 unrouted), using 2422,69 CPU seconds and 34301 MB memory.
2026-09-25 13:22:20.278 INFO   [C8F2D8\B56B8D] Restoring an earlier board that has the score of 974,60 (2 unrouted).
2026-09-25 13:22:20.279 INFO   [C8F2D8\B56B8D] Auto-router pass #300 on board '279a5a610995ac3d2c3e9f574978e11e' was completed in 0,27 seconds with the score of 974,92 (2 unrouted), using 2422,69 CPU seconds and 34301 MB memory.
2026-09-25 13:22:20.461 INFO   [C8F2D8\B56B8D] Auto-router pass #301 on board 'dd97aed5a101e1547b5b3d2a1c4f3272' was completed in 0,17 seconds with the score of 974,71 (2 unrouted), using 2491,48 CPU seconds and 34794 MB memory.
2026-09-25 13:22:20.637 INFO   [C8F2D8\B56B8D] Auto-router pass #302 on board '8bc5b6fa76d35285e752666bc749f59c' was completed in 0,14 seconds with the score of 974,81 (2 unrouted), using 2491,48 CPU seconds and 34794 MB memory.
2026-09-25 13:22:20.876 INFO   [C8F2D8\B56B8D] Auto-router pass #303 on board 'd84e2d7cc633ab74c93d042d83fc7c83' was completed in 0,18 seconds with the score of 974,81 (2 unrouted), using 2491,48 CPU seconds and 34794 MB memory.
2026-09-25 13:22:21.134 INFO   [C8F2D8\B56B8D] Restoring an earlier board that has the score of 974,81 (2 unrouted).
2026-09-25 13:22:21.135 INFO   [C8F2D8\B56B8D] Auto-router pass #304 on board 'd84e2d7cc633ab74c93d042d83fc7c83' was completed in 0,23 seconds with the score of 974,92 (2 unrouted), using 2491,48 CPU seconds and 34794 MB memory.
2026-09-25 13:22:21.325 INFO   [C8F2D8\B56B8D] Auto-router pass #305 on board 'd84e2d7cc633ab74c93d042d83fc7c83' was completed in 0,17 seconds with the score of 974,81 (2 unrouted), using 2491,48 CPU seconds and 34794 MB memory.
2026-09-25 13:22:21.541 INFO   [C8F2D8\B56B8D] Auto-router pass #306 on board 'd84e2d7cc633ab74c93d042d83fc7c83' was completed in 0,20 seconds with the score of 974,81 (2 unrouted), using 2561,25 CPU seconds and 35335 MB memory.
2026-09-25 13:22:21.731 INFO   [C8F2D8\B56B8D] Auto-router pass #307 on board 'd84e2d7cc633ab74c93d042d83fc7c83' was completed in 0,17 seconds with the score of 974,81 (2 unrouted), using 2561,25 CPU seconds and 35335 MB memory.
2026-09-25 13:22:22.010 INFO   [C8F2D8\B56B8D] Restoring an earlier board that has the score of 974,81 (2 unrouted).
2026-09-25 13:22:22.010 INFO   [C8F2D8\B56B8D] Auto-router pass #308 on board 'd84e2d7cc633ab74c93d042d83fc7c83' was completed in 0,26 seconds with the score of 974,92 (2 unrouted), using 2561,25 CPU seconds and 35335 MB memory.
2026-09-25 13:22:22.269 INFO   [C8F2D8\B56B8D] Auto-router pass #309 on board 'd84e2d7cc633ab74c93d042d83fc7c83' was completed in 0,24 seconds with the score of 974,81 (2 unrouted), using 2561,25 CPU seconds and 35335 MB memory.
2026-09-25 13:22:22.508 INFO   [C8F2D8\B56B8D] Auto-router pass #310 on board 'd84e2d7cc633ab74c93d042d83fc7c83' was completed in 0,22 seconds with the score of 974,81 (2 unrouted), using 2631,94 CPU seconds and 35800 MB memory.
2026-09-25 13:22:22.832 INFO   [C8F2D8\B56B8D] Auto-router pass #311 on board 'd84e2d7cc633ab74c93d042d83fc7c83' was completed in 0,30 seconds with the score of 974,81 (2 unrouted), using 2631,94 CPU seconds and 35800 MB memory.
2026-09-25 13:22:23.178 INFO   [C8F2D8\B56B8D] Restoring an earlier board that has the score of 974,81 (2 unrouted).
2026-09-25 13:22:23.178 INFO   [C8F2D8\B56B8D] Auto-router pass #312 on board 'd84e2d7cc633ab74c93d042d83fc7c83' was completed in 0,31 seconds with the score of 974,92 (2 unrouted), using 2631,94 CPU seconds and 35800 MB memory.
2026-09-25 13:22:23.418 INFO   [C8F2D8\B56B8D] Auto-router pass #313 on board 'd84e2d7cc633ab74c93d042d83fc7c83' was completed in 0,23 seconds with the score of 974,81 (2 unrouted), using 2631,94 CPU seconds and 35800 MB memory.
2026-09-25 13:22:23.587 INFO   [C8F2D8\B56B8D] Auto-router pass #314 on board 'd84e2d7cc633ab74c93d042d83fc7c83' was completed in 0,15 seconds with the score of 974,81 (2 unrouted), using 2703,61 CPU seconds and 36166 MB memory.
2026-09-25 13:22:23.795 INFO   [C8F2D8\B56B8D] Auto-router pass #315 on board 'd84e2d7cc633ab74c93d042d83fc7c83' was completed in 0,19 seconds with the score of 974,81 (2 unrouted), using 2703,61 CPU seconds and 36166 MB memory.
2026-09-25 13:22:24.064 INFO   [C8F2D8\B56B8D] Restoring an earlier board that has the score of 974,81 (2 unrouted).
2026-09-25 13:22:24.065 INFO   [C8F2D8\B56B8D] Auto-router pass #316 on board 'd84e2d7cc633ab74c93d042d83fc7c83' was completed in 0,25 seconds with the score of 974,92 (2 unrouted), using 2703,61 CPU seconds and 36166 MB memory.
2026-09-25 13:22:24.229 INFO   [C8F2D8\B56B8D] Auto-router pass #317 on board 'd84e2d7cc633ab74c93d042d83fc7c83' was completed in 0,15 seconds with the score of 974,81 (2 unrouted), using 2703,61 CPU seconds and 36166 MB memory.
2026-09-25 13:22:24.405 INFO   [C8F2D8\B56B8D] Auto-router pass #318 on board 'd84e2d7cc633ab74c93d042d83fc7c83' was completed in 0,16 seconds with the score of 974,81 (2 unrouted), using 2703,61 CPU seconds and 36166 MB memory.
2026-09-25 13:22:24.613 INFO   [C8F2D8\B56B8D] Auto-router pass #319 on board 'd84e2d7cc633ab74c93d042d83fc7c83' was completed in 0,19 seconds with the score of 974,81 (2 unrouted), using 2776,22 CPU seconds and 36716 MB memory.
2026-09-25 13:22:24.852 INFO   [C8F2D8\B56B8D] Restoring an earlier board that has the score of 974,71 (2 unrouted).
2026-09-25 13:22:24.853 INFO   [C8F2D8\B56B8D] Auto-router pass #320 on board 'd84e2d7cc633ab74c93d042d83fc7c83' was completed in 0,23 seconds with the score of 974,92 (2 unrouted), using 2776,22 CPU seconds and 36716 MB memory.
2026-09-25 13:22:25.031 INFO   [C8F2D8\B56B8D] Auto-router pass #321 on board '8bc5b6fa76d35285e752666bc749f59c' was completed in 0,16 seconds with the score of 974,81 (2 unrouted), using 2776,22 CPU seconds and 36716 MB memory.
2026-09-25 13:22:25.250 INFO   [C8F2D8\B56B8D] Auto-router pass #322 on board 'd84e2d7cc633ab74c93d042d83fc7c83' was completed in 0,20 seconds with the score of 974,81 (2 unrouted), using 2776,22 CPU seconds and 36716 MB memory.
2026-09-25 13:22:25.437 INFO   [C8F2D8\B56B8D] Auto-router pass #323 on board 'd84e2d7cc633ab74c93d042d83fc7c83' was completed in 0,17 seconds with the score of 974,81 (2 unrouted), using 2776,22 CPU seconds and 36716 MB memory.
2026-09-25 13:22:25.694 INFO   [C8F2D8\B56B8D] Restoring an earlier board that has the score of 974,71 (2 unrouted).
2026-09-25 13:22:25.694 INFO   [C8F2D8\B56B8D] Auto-router pass #324 on board 'd84e2d7cc633ab74c93d042d83fc7c83' was completed in 0,24 seconds with the score of 974,92 (2 unrouted), using 2849,83 CPU seconds and 37247 MB memory.
2026-09-25 13:22:25.956 INFO   [C8F2D8\B56B8D] Auto-router pass #325 on board '8bc5b6fa76d35285e752666bc749f59c' was completed in 0,25 seconds with the score of 974,81 (2 unrouted), using 2849,83 CPU seconds and 37247 MB memory.
2026-09-25 13:22:26.156 INFO   [C8F2D8\B56B8D] Auto-router pass #326 on board 'd84e2d7cc633ab74c93d042d83fc7c83' was completed in 0,18 seconds with the score of 974,81 (2 unrouted), using 2849,83 CPU seconds and 37247 MB memory.
2026-09-25 13:22:26.412 INFO   [C8F2D8\B56B8D] Auto-router pass #327 on board 'd84e2d7cc633ab74c93d042d83fc7c83' was completed in 0,23 seconds with the score of 974,81 (2 unrouted), using 2849,83 CPU seconds and 37247 MB memory.
2026-09-25 13:22:26.705 INFO   [C8F2D8\B56B8D] Restoring an earlier board that has the score of 974,71 (2 unrouted).
2026-09-25 13:22:26.705 INFO   [C8F2D8\B56B8D] Auto-router pass #328 on board 'd84e2d7cc633ab74c93d042d83fc7c83' was completed in 0,27 seconds with the score of 974,92 (2 unrouted), using 2924,44 CPU seconds and 37697 MB memory.
2026-09-25 13:22:26.879 INFO   [C8F2D8\B56B8D] Auto-router pass #329 on board '8bc5b6fa76d35285e752666bc749f59c' was completed in 0,15 seconds with the score of 974,81 (2 unrouted), using 2924,44 CPU seconds and 37697 MB memory.
2026-09-25 13:22:27.050 INFO   [C8F2D8\B56B8D] Auto-router pass #330 on board 'd84e2d7cc633ab74c93d042d83fc7c83' was completed in 0,15 seconds with the score of 974,81 (2 unrouted), using 2924,44 CPU seconds and 37697 MB memory.
2026-09-25 13:22:27.235 INFO   [C8F2D8\B56B8D] Auto-router pass #331 on board 'd84e2d7cc633ab74c93d042d83fc7c83' was completed in 0,17 seconds with the score of 974,81 (2 unrouted), using 2924,44 CPU seconds and 37697 MB memory.
2026-09-25 13:22:27.461 INFO   [C8F2D8\B56B8D] Restoring an earlier board that has the score of 974,71 (2 unrouted).
2026-09-25 13:22:27.462 INFO   [C8F2D8\B56B8D] Auto-router pass #332 on board 'd84e2d7cc633ab74c93d042d83fc7c83' was completed in 0,21 seconds with the score of 974,92 (2 unrouted), using 3000,06 CPU seconds and 38249 MB memory.
2026-09-25 13:22:27.641 INFO   [C8F2D8\B56B8D] Auto-router pass #333 on board '8bc5b6fa76d35285e752666bc749f59c' was completed in 0,16 seconds with the score of 974,81 (2 unrouted), using 3000,06 CPU seconds and 38249 MB memory.
2026-09-25 13:22:27.815 INFO   [C8F2D8\B56B8D] Auto-router pass #334 on board 'd84e2d7cc633ab74c93d042d83fc7c83' was completed in 0,16 seconds with the score of 974,81 (2 unrouted), using 3000,06 CPU seconds and 38249 MB memory.
2026-09-25 13:22:27.992 INFO   [C8F2D8\B56B8D] Auto-router pass #335 on board 'd84e2d7cc633ab74c93d042d83fc7c83' was completed in 0,17 seconds with the score of 974,81 (2 unrouted), using 3000,06 CPU seconds and 38249 MB memory.
2026-09-25 13:22:28.296 INFO   [C8F2D8\B56B8D] Restoring an earlier board that has the score of 974,60 (2 unrouted).
2026-09-25 13:22:28.297 INFO   [C8F2D8\B56B8D] Auto-router pass #336 on board 'd84e2d7cc633ab74c93d042d83fc7c83' was completed in 0,29 seconds with the score of 974,92 (2 unrouted), using 3000,06 CPU seconds and 38249 MB memory.
2026-09-25 13:22:28.477 INFO   [C8F2D8\B56B8D] Auto-router pass #337 on board 'dd97aed5a101e1547b5b3d2a1c4f3272' was completed in 0,16 seconds with the score of 974,71 (2 unrouted), using 3076,66 CPU seconds and 38785 MB memory.
2026-09-25 13:22:28.672 INFO   [C8F2D8\B56B8D] Auto-router pass #338 on board '8bc5b6fa76d35285e752666bc749f59c' was completed in 0,17 seconds with the score of 974,81 (2 unrouted), using 3076,66 CPU seconds and 38785 MB memory.
2026-09-25 13:22:28.849 INFO   [C8F2D8\B56B8D] Auto-router pass #339 on board 'd84e2d7cc633ab74c93d042d83fc7c83' was completed in 0,16 seconds with the score of 974,81 (2 unrouted), using 3076,66 CPU seconds and 38785 MB memory.
2026-09-25 13:22:29.097 INFO   [C8F2D8\B56B8D] Restoring an earlier board that has the score of 974,60 (2 unrouted).
2026-09-25 13:22:29.097 INFO   [C8F2D8\B56B8D] Auto-router pass #340 on board 'd84e2d7cc633ab74c93d042d83fc7c83' was completed in 0,24 seconds with the score of 974,92 (2 unrouted), using 3076,66 CPU seconds and 38785 MB memory.
2026-09-25 13:22:29.274 INFO   [C8F2D8\B56B8D] Auto-router pass #341 on board 'dd97aed5a101e1547b5b3d2a1c4f3272' was completed in 0,16 seconds with the score of 974,71 (2 unrouted), using 3076,66 CPU seconds and 38785 MB memory.
2026-09-25 13:22:29.464 INFO   [C8F2D8\B56B8D] Auto-router pass #342 on board '8bc5b6fa76d35285e752666bc749f59c' was completed in 0,18 seconds with the score of 974,81 (2 unrouted), using 3076,66 CPU seconds and 38785 MB memory.
2026-09-25 13:22:29.654 INFO   [C8F2D8\B56B8D] Auto-router pass #343 on board 'd84e2d7cc633ab74c93d042d83fc7c83' was completed in 0,17 seconds with the score of 974,81 (2 unrouted), using 3154,27 CPU seconds and 39341 MB memory.
2026-09-25 13:22:29.968 INFO   [C8F2D8\B56B8D] Restoring an earlier board that has the score of 974,49 (2 unrouted).
2026-09-25 13:22:29.969 INFO   [C8F2D8\B56B8D] Auto-router pass #344 on board 'd84e2d7cc633ab74c93d042d83fc7c83' was completed in 0,30 seconds with the score of 974,92 (2 unrouted), using 3154,27 CPU seconds and 39341 MB memory.
2026-09-25 13:22:30.182 INFO   [C8F2D8\B56B8D] Auto-router pass #345 on board '892d277ca63e8f222f72c3bb31940b37' was completed in 0,20 seconds with the score of 974,60 (2 unrouted), using 3154,27 CPU seconds and 39341 MB memory.
2026-09-25 13:22:30.359 INFO   [C8F2D8\B56B8D] Auto-router pass #346 on board '068ef772c51cb22c47be476186e65cd4' was completed in 0,15 seconds with the score of 974,71 (2 unrouted), using 3154,27 CPU seconds and 39341 MB memory.
2026-09-25 13:22:30.592 INFO   [C8F2D8\B56B8D] Auto-router pass #347 on board '195a6693145777893471ab682b7459bc' was completed in 0,20 seconds with the score of 974,81 (2 unrouted), using 3232,88 CPU seconds and 39859 MB memory.
2026-09-25 13:22:30.931 INFO   [C8F2D8\B56B8D] Restoring an earlier board that has the score of 974,81 (2 unrouted).
2026-09-25 13:22:30.932 INFO   [C8F2D8\B56B8D] Auto-router pass #348 on board '1491c5ca01780acd21bb6d9de66caa61' was completed in 0,29 seconds with the score of 974,92 (2 unrouted), using 3232,88 CPU seconds and 39859 MB memory.
2026-09-25 13:22:31.182 INFO   [C8F2D8\B56B8D] Auto-router pass #349 on board '1491c5ca01780acd21bb6d9de66caa61' was completed in 0,23 seconds with the score of 974,81 (2 unrouted), using 3232,88 CPU seconds and 39859 MB memory.
2026-09-25 13:22:31.380 INFO   [C8F2D8\B56B8D] Auto-router pass #350 on board '1491c5ca01780acd21bb6d9de66caa61' was completed in 0,18 seconds with the score of 974,81 (2 unrouted), using 3232,88 CPU seconds and 39859 MB memory.
2026-09-25 13:22:31.561 INFO   [C8F2D8\B56B8D] Auto-router pass #351 on board '1491c5ca01780acd21bb6d9de66caa61' was completed in 0,17 seconds with the score of 974,81 (2 unrouted), using 3312,48 CPU seconds and 40304 MB memory.
2026-09-25 13:22:31.911 INFO   [C8F2D8\B56B8D] Restoring an earlier board that has the score of 974,81 (2 unrouted).
2026-09-25 13:22:31.911 INFO   [C8F2D8\B56B8D] Auto-router pass #352 on board '1491c5ca01780acd21bb6d9de66caa61' was completed in 0,33 seconds with the score of 974,92 (2 unrouted), using 3312,48 CPU seconds and 40304 MB memory.
2026-09-25 13:22:32.089 INFO   [C8F2D8\B56B8D] Auto-router pass #353 on board '1491c5ca01780acd21bb6d9de66caa61' was completed in 0,16 seconds with the score of 974,81 (2 unrouted), using 3312,48 CPU seconds and 40304 MB memory.
2026-09-25 13:22:32.269 INFO   [C8F2D8\B56B8D] Auto-router pass #354 on board '1491c5ca01780acd21bb6d9de66caa61' was completed in 0,17 seconds with the score of 974,81 (2 unrouted), using 3312,48 CPU seconds and 40304 MB memory.
2026-09-25 13:22:32.483 INFO   [C8F2D8\B56B8D] Auto-router pass #355 on board '1491c5ca01780acd21bb6d9de66caa61' was completed in 0,20 seconds with the score of 974,81 (2 unrouted), using 3312,48 CPU seconds and 40304 MB memory.
2026-09-25 13:22:32.733 INFO   [C8F2D8\B56B8D] Restoring an earlier board that has the score of 974,81 (2 unrouted).
2026-09-25 13:22:32.733 INFO   [C8F2D8\B56B8D] Auto-router pass #356 on board '1491c5ca01780acd21bb6d9de66caa61' was completed in 0,22 seconds with the score of 974,92 (2 unrouted), using 3393,08 CPU seconds and 40794 MB memory.
2026-09-25 13:22:32.902 INFO   [C8F2D8\B56B8D] Auto-router pass #357 on board '1491c5ca01780acd21bb6d9de66caa61' was completed in 0,15 seconds with the score of 974,81 (2 unrouted), using 3393,08 CPU seconds and 40794 MB memory.
2026-09-25 13:22:33.066 INFO   [C8F2D8\B56B8D] Auto-router pass #358 on board '1491c5ca01780acd21bb6d9de66caa61' was completed in 0,15 seconds with the score of 974,81 (2 unrouted), using 3393,08 CPU seconds and 40794 MB memory.
2026-09-25 13:22:33.261 INFO   [C8F2D8\B56B8D] Auto-router pass #359 on board '1491c5ca01780acd21bb6d9de66caa61' was completed in 0,19 seconds with the score of 974,81 (2 unrouted), using 3393,08 CPU seconds and 40794 MB memory.
2026-09-25 13:22:33.574 INFO   [C8F2D8\B56B8D] Restoring an earlier board that has the score of 974,81 (2 unrouted).
2026-09-25 13:22:33.574 INFO   [C8F2D8\B56B8D] Auto-router pass #360 on board '1491c5ca01780acd21bb6d9de66caa61' was completed in 0,30 seconds with the score of 974,92 (2 unrouted), using 3474,67 CPU seconds and 41322 MB memory.
2026-09-25 13:22:33.816 INFO   [C8F2D8\B56B8D] Auto-router pass #361 on board '1491c5ca01780acd21bb6d9de66caa61' was completed in 0,23 seconds with the score of 974,81 (2 unrouted), using 3474,67 CPU seconds and 41322 MB memory.
2026-09-25 13:22:34.050 INFO   [C8F2D8\B56B8D] Auto-router pass #362 on board '1491c5ca01780acd21bb6d9de66caa61' was completed in 0,20 seconds with the score of 974,81 (2 unrouted), using 3474,67 CPU seconds and 41322 MB memory.
2026-09-25 13:22:34.265 INFO   [C8F2D8\B56B8D] Auto-router pass #363 on board '1491c5ca01780acd21bb6d9de66caa61' was completed in 0,20 seconds with the score of 974,81 (2 unrouted), using 3474,67 CPU seconds and 41322 MB memory.
2026-09-25 13:22:34.495 INFO   [C8F2D8\B56B8D] Restoring an earlier board that has the score of 974,71 (2 unrouted).
2026-09-25 13:22:34.495 INFO   [C8F2D8\B56B8D] Auto-router pass #364 on board '1491c5ca01780acd21bb6d9de66caa61' was completed in 0,21 seconds with the score of 974,92 (2 unrouted), using 3557,23 CPU seconds and 41797 MB memory.
2026-09-25 13:22:34.704 INFO   [C8F2D8\B56B8D] Auto-router pass #365 on board '195a6693145777893471ab682b7459bc' was completed in 0,20 seconds with the score of 974,81 (2 unrouted), using 3557,23 CPU seconds and 41797 MB memory.
2026-09-25 13:22:34.905 INFO   [C8F2D8\B56B8D] Auto-router pass #366 on board '1491c5ca01780acd21bb6d9de66caa61' was completed in 0,18 seconds with the score of 974,81 (2 unrouted), using 3557,23 CPU seconds and 41797 MB memory.
2026-09-25 13:22:35.089 INFO   [C8F2D8\B56B8D] Auto-router pass #367 on board '1491c5ca01780acd21bb6d9de66caa61' was completed in 0,17 seconds with the score of 974,81 (2 unrouted), using 3557,23 CPU seconds and 41797 MB memory.
2026-09-25 13:22:35.297 INFO   [C8F2D8\B56B8D] Restoring an earlier board that has the score of 974,71 (2 unrouted).
2026-09-25 13:22:35.298 INFO   [C8F2D8\B56B8D] Auto-router pass #368 on board '1491c5ca01780acd21bb6d9de66caa61' was completed in 0,19 seconds with the score of 974,92 (2 unrouted), using 3557,23 CPU seconds and 41797 MB memory.
2026-09-25 13:22:35.493 INFO   [C8F2D8\B56B8D] Auto-router pass #369 on board '195a6693145777893471ab682b7459bc' was completed in 0,18 seconds with the score of 974,81 (2 unrouted), using 3557,23 CPU seconds and 41797 MB memory.
2026-09-25 13:22:35.743 INFO   [C8F2D8\B56B8D] Auto-router pass #370 on board '1491c5ca01780acd21bb6d9de66caa61' was completed in 0,23 seconds with the score of 974,81 (2 unrouted), using 3640,75 CPU seconds and 42342 MB memory.
2026-09-25 13:22:35.947 INFO   [C8F2D8\B56B8D] Auto-router pass #371 on board '1491c5ca01780acd21bb6d9de66caa61' was completed in 0,19 seconds with the score of 974,81 (2 unrouted), using 3640,75 CPU seconds and 42342 MB memory.
2026-09-25 13:22:36.249 INFO   [C8F2D8\B56B8D] Restoring an earlier board that has the score of 974,71 (2 unrouted).
2026-09-25 13:22:36.250 INFO   [C8F2D8\B56B8D] Auto-router pass #372 on board '1491c5ca01780acd21bb6d9de66caa61' was completed in 0,28 seconds with the score of 974,92 (2 unrouted), using 3640,75 CPU seconds and 42342 MB memory.
2026-09-25 13:22:36.463 INFO   [C8F2D8\B56B8D] Auto-router pass #373 on board '195a6693145777893471ab682b7459bc' was completed in 0,19 seconds with the score of 974,81 (2 unrouted), using 3640,75 CPU seconds and 42342 MB memory.
2026-09-25 13:22:36.647 INFO   [C8F2D8\B56B8D] Auto-router pass #374 on board 'cb03e24e28987e3f3f07bb56c0329b04' was completed in 0,15 seconds with the score of 974,81 (2 unrouted), using 3725,25 CPU seconds and 42799 MB memory.
2026-09-25 13:22:36.823 INFO   [C8F2D8\B56B8D] Auto-router pass #375 on board 'cb03e24e28987e3f3f07bb56c0329b04' was completed in 0,16 seconds with the score of 974,81 (2 unrouted), using 3725,25 CPU seconds and 42799 MB memory.
2026-09-25 13:22:37.093 INFO   [C8F2D8\B56B8D] Restoring an earlier board that has the score of 974,81 (2 unrouted).
2026-09-25 13:22:37.094 INFO   [C8F2D8\B56B8D] Auto-router pass #376 on board 'cb03e24e28987e3f3f07bb56c0329b04' was completed in 0,24 seconds with the score of 974,92 (2 unrouted), using 3725,25 CPU seconds and 42799 MB memory.
2026-09-25 13:22:37.343 INFO   [C8F2D8\B56B8D] Auto-router pass #377 on board 'cb03e24e28987e3f3f07bb56c0329b04' was completed in 0,22 seconds with the score of 974,81 (2 unrouted), using 3725,25 CPU seconds and 42799 MB memory.
2026-09-25 13:22:37.563 INFO   [C8F2D8\B56B8D] Auto-router pass #378 on board 'cb03e24e28987e3f3f07bb56c0329b04' was completed in 0,20 seconds with the score of 974,81 (2 unrouted), using 3810,77 CPU seconds and 43313 MB memory.
2026-09-25 13:22:37.767 INFO   [C8F2D8\B56B8D] Auto-router pass #379 on board 'cb03e24e28987e3f3f07bb56c0329b04' was completed in 0,19 seconds with the score of 974,81 (2 unrouted), using 3810,77 CPU seconds and 43313 MB memory.
2026-09-25 13:22:37.997 INFO   [C8F2D8\B56B8D] Restoring an earlier board that has the score of 974,81 (2 unrouted).
2026-09-25 13:22:37.997 INFO   [C8F2D8\B56B8D] Auto-router pass #380 on board 'cb03e24e28987e3f3f07bb56c0329b04' was completed in 0,21 seconds with the score of 974,92 (2 unrouted), using 3810,77 CPU seconds and 43313 MB memory.
2026-09-25 13:22:38.225 INFO   [C8F2D8\B56B8D] Auto-router pass #381 on board 'cb03e24e28987e3f3f07bb56c0329b04' was completed in 0,22 seconds with the score of 974,81 (2 unrouted), using 3810,77 CPU seconds and 43313 MB memory.
2026-09-25 13:22:38.417 INFO   [C8F2D8\B56B8D] Auto-router pass #382 on board 'cb03e24e28987e3f3f07bb56c0329b04' was completed in 0,17 seconds with the score of 974,81 (2 unrouted), using 3810,77 CPU seconds and 43313 MB memory.
2026-09-25 13:22:38.572 INFO   [C8F2D8\B56B8D] Auto-router pass #383 on board 'cb03e24e28987e3f3f07bb56c0329b04' was completed in 0,14 seconds with the score of 974,81 (2 unrouted), using 3897,28 CPU seconds and 43852 MB memory.
2026-09-25 13:22:38.919 INFO   [C8F2D8\B56B8D] Restoring an earlier board that has the score of 974,81 (2 unrouted).
2026-09-25 13:22:38.920 INFO   [C8F2D8\B56B8D] Auto-router pass #384 on board 'cb03e24e28987e3f3f07bb56c0329b04' was completed in 0,34 seconds with the score of 974,92 (2 unrouted), using 3897,28 CPU seconds and 43852 MB memory.
2026-09-25 13:22:39.139 INFO   [C8F2D8\B56B8D] Auto-router pass #385 on board 'cb03e24e28987e3f3f07bb56c0329b04' was completed in 0,20 seconds with the score of 974,81 (2 unrouted), using 3897,28 CPU seconds and 43852 MB memory.
2026-09-25 13:22:39.389 INFO   [C8F2D8\B56B8D] Auto-router pass #386 on board 'cb03e24e28987e3f3f07bb56c0329b04' was completed in 0,23 seconds with the score of 974,81 (2 unrouted), using 3897,28 CPU seconds and 43852 MB memory.
2026-09-25 13:22:39.622 INFO   [C8F2D8\B56B8D] Auto-router pass #387 on board 'cb03e24e28987e3f3f07bb56c0329b04' was completed in 0,21 seconds with the score of 974,81 (2 unrouted), using 3984,67 CPU seconds and 44279 MB memory.
2026-09-25 13:22:39.913 INFO   [C8F2D8\B56B8D] Restoring an earlier board that has the score of 974,81 (2 unrouted).
2026-09-25 13:22:39.913 INFO   [C8F2D8\B56B8D] Auto-router pass #388 on board 'cb03e24e28987e3f3f07bb56c0329b04' was completed in 0,28 seconds with the score of 974,92 (2 unrouted), using 3984,67 CPU seconds and 44279 MB memory.
2026-09-25 13:22:40.134 INFO   [C8F2D8\B56B8D] Auto-router pass #389 on board 'cb03e24e28987e3f3f07bb56c0329b04' was completed in 0,19 seconds with the score of 974,81 (2 unrouted), using 3984,67 CPU seconds and 44279 MB memory.
2026-09-25 13:22:40.338 INFO   [C8F2D8\B56B8D] Auto-router pass #390 on board 'cb03e24e28987e3f3f07bb56c0329b04' was completed in 0,18 seconds with the score of 974,81 (2 unrouted), using 3984,67 CPU seconds and 44279 MB memory.
2026-09-25 13:22:40.524 INFO   [C8F2D8\B56B8D] Auto-router pass #391 on board 'cb03e24e28987e3f3f07bb56c0329b04' was completed in 0,17 seconds with the score of 974,81 (2 unrouted), using 3984,67 CPU seconds and 44279 MB memory.
2026-09-25 13:22:40.884 INFO   [C8F2D8\B56B8D] Restoring an earlier board that has the score of 974,71 (2 unrouted).
2026-09-25 13:22:40.884 INFO   [C8F2D8\B56B8D] Auto-router pass #392 on board 'cb03e24e28987e3f3f07bb56c0329b04' was completed in 0,34 seconds with the score of 974,92 (2 unrouted), using 4072,83 CPU seconds and 44761 MB memory.
2026-09-25 13:22:41.160 INFO   [C8F2D8\B56B8D] Auto-router pass #393 on board '195a6693145777893471ab682b7459bc' was completed in 0,26 seconds with the score of 974,81 (2 unrouted), using 4072,83 CPU seconds and 44761 MB memory.
2026-09-25 13:22:41.346 INFO   [C8F2D8\B56B8D] Auto-router pass #394 on board 'cb03e24e28987e3f3f07bb56c0329b04' was completed in 0,18 seconds with the score of 974,81 (2 unrouted), using 4072,83 CPU seconds and 44761 MB memory.
2026-09-25 13:22:41.559 INFO   [C8F2D8\B56B8D] Auto-router pass #395 on board 'cb03e24e28987e3f3f07bb56c0329b04' was completed in 0,20 seconds with the score of 974,81 (2 unrouted), using 4161,98 CPU seconds and 45188 MB memory.
2026-09-25 13:22:41.789 INFO   [C8F2D8\B56B8D] Restoring an earlier board that has the score of 974,60 (2 unrouted).
2026-09-25 13:22:41.790 INFO   [C8F2D8\B56B8D] Auto-router pass #396 on board 'cb03e24e28987e3f3f07bb56c0329b04' was completed in 0,22 seconds with the score of 974,92 (2 unrouted), using 4161,98 CPU seconds and 45188 MB memory.
2026-09-25 13:22:42.053 INFO   [C8F2D8\B56B8D] Auto-router pass #397 on board '068ef772c51cb22c47be476186e65cd4' was completed in 0,23 seconds with the score of 974,71 (2 unrouted), using 4161,98 CPU seconds and 45188 MB memory.
2026-09-25 13:22:42.260 INFO   [C8F2D8\B56B8D] Auto-router pass #398 on board '195a6693145777893471ab682b7459bc' was completed in 0,19 seconds with the score of 974,81 (2 unrouted), using 4161,98 CPU seconds and 45188 MB memory.
2026-09-25 13:22:42.477 INFO   [C8F2D8\B56B8D] Auto-router pass #399 on board '1491c5ca01780acd21bb6d9de66caa61' was completed in 0,20 seconds with the score of 974,81 (2 unrouted), using 4161,98 CPU seconds and 45188 MB memory.
2026-09-25 13:22:42.718 INFO   [C8F2D8\B56B8D] Restoring an earlier board that has the score of 974,60 (2 unrouted).
2026-09-25 13:22:42.718 INFO   [C8F2D8\B56B8D] Auto-router pass #400 on board '1491c5ca01780acd21bb6d9de66caa61' was completed in 0,23 seconds with the score of 974,92 (2 unrouted), using 4252,14 CPU seconds and 45668 MB memory.
2026-09-25 13:22:42.917 INFO   [C8F2D8\B56B8D] Auto-router pass #401 on board '068ef772c51cb22c47be476186e65cd4' was completed in 0,18 seconds with the score of 974,71 (2 unrouted), using 4252,14 CPU seconds and 45668 MB memory.
2026-09-25 13:22:43.131 INFO   [C8F2D8\B56B8D] Auto-router pass #402 on board 'fefde88c4af9dfae8184121bf2756031' was completed in 0,17 seconds with the score of 974,81 (2 unrouted), using 4252,14 CPU seconds and 45668 MB memory.
2026-09-25 13:22:43.363 INFO   [C8F2D8\B56B8D] Auto-router pass #403 on board 'dc220e48ee0bdf0a9d9c61b9b499eaa9' was completed in 0,19 seconds with the score of 974,81 (2 unrouted), using 4252,14 CPU seconds and 45668 MB memory.
2026-09-25 13:22:43.734 INFO   [C8F2D8\B56B8D] Restoring an earlier board that has the score of 974,81 (2 unrouted).
2026-09-25 13:22:43.734 INFO   [C8F2D8\B56B8D] Auto-router pass #404 on board 'dc220e48ee0bdf0a9d9c61b9b499eaa9' was completed in 0,35 seconds with the score of 974,92 (2 unrouted), using 4343,27 CPU seconds and 46158 MB memory.
2026-09-25 13:22:44.063 INFO   [C8F2D8\B56B8D] Auto-router pass #405 on board 'dc220e48ee0bdf0a9d9c61b9b499eaa9' was completed in 0,31 seconds with the score of 974,81 (2 unrouted), using 4343,27 CPU seconds and 46158 MB memory.
2026-09-25 13:22:44.331 INFO   [C8F2D8\B56B8D] Auto-router pass #406 on board 'dc220e48ee0bdf0a9d9c61b9b499eaa9' was completed in 0,24 seconds with the score of 974,81 (2 unrouted), using 4343,27 CPU seconds and 46158 MB memory.
2026-09-25 13:22:44.529 INFO   [C8F2D8\B56B8D] Auto-router pass #407 on board 'dc220e48ee0bdf0a9d9c61b9b499eaa9' was completed in 0,18 seconds with the score of 974,81 (2 unrouted), using 4343,27 CPU seconds and 46158 MB memory.
2026-09-25 13:22:44.880 INFO   [C8F2D8\B56B8D] Restoring an earlier board that has the score of 974,81 (2 unrouted).
2026-09-25 13:22:44.881 INFO   [C8F2D8\B56B8D] Auto-router pass #408 on board 'dc220e48ee0bdf0a9d9c61b9b499eaa9' was completed in 0,34 seconds with the score of 974,92 (2 unrouted), using 4435,34 CPU seconds and 46546 MB memory.
2026-09-25 13:22:45.052 INFO   [C8F2D8\B56B8D] Auto-router pass #409 on board 'dc220e48ee0bdf0a9d9c61b9b499eaa9' was completed in 0,16 seconds with the score of 974,81 (2 unrouted), using 4435,34 CPU seconds and 46546 MB memory.
2026-09-25 13:22:45.299 INFO   [C8F2D8\B56B8D] Auto-router pass #410 on board 'dc220e48ee0bdf0a9d9c61b9b499eaa9' was completed in 0,23 seconds with the score of 974,81 (2 unrouted), using 4435,34 CPU seconds and 46546 MB memory.
2026-09-25 13:22:45.502 INFO   [C8F2D8\B56B8D] Auto-router pass #411 on board 'dc220e48ee0bdf0a9d9c61b9b499eaa9' was completed in 0,18 seconds with the score of 974,81 (2 unrouted), using 4435,34 CPU seconds and 46546 MB memory.
2026-09-25 13:22:45.755 INFO   [C8F2D8\B56B8D] Restoring an earlier board that has the score of 974,81 (2 unrouted).
2026-09-25 13:22:45.755 INFO   [C8F2D8\B56B8D] Auto-router pass #412 on board 'dc220e48ee0bdf0a9d9c61b9b499eaa9' was completed in 0,23 seconds with the score of 974,92 (2 unrouted), using 4528,31 CPU seconds and 47003 MB memory.
2026-09-25 13:22:45.952 INFO   [C8F2D8\B56B8D] Auto-router pass #413 on board 'dc220e48ee0bdf0a9d9c61b9b499eaa9' was completed in 0,18 seconds with the score of 974,81 (2 unrouted), using 4528,31 CPU seconds and 47003 MB memory.
2026-09-25 13:22:46.128 INFO   [C8F2D8\B56B8D] Auto-router pass #414 on board 'dc220e48ee0bdf0a9d9c61b9b499eaa9' was completed in 0,16 seconds with the score of 974,81 (2 unrouted), using 4528,31 CPU seconds and 47003 MB memory.
2026-09-25 13:22:46.291 INFO   [C8F2D8\B56B8D] Auto-router pass #415 on board 'dc220e48ee0bdf0a9d9c61b9b499eaa9' was completed in 0,15 seconds with the score of 974,81 (2 unrouted), using 4528,31 CPU seconds and 47003 MB memory.
2026-09-25 13:22:46.515 INFO   [C8F2D8\B56B8D] Restoring an earlier board that has the score of 974,81 (2 unrouted).
2026-09-25 13:22:46.515 INFO   [C8F2D8\B56B8D] Auto-router pass #416 on board 'dc220e48ee0bdf0a9d9c61b9b499eaa9' was completed in 0,21 seconds with the score of 974,92 (2 unrouted), using 4528,31 CPU seconds and 47003 MB memory.
2026-09-25 13:22:46.690 INFO   [C8F2D8\B56B8D] Auto-router pass #417 on board 'dc220e48ee0bdf0a9d9c61b9b499eaa9' was completed in 0,15 seconds with the score of 974,81 (2 unrouted), using 4622,20 CPU seconds and 47568 MB memory.
2026-09-25 13:22:46.861 INFO   [C8F2D8\B56B8D] Auto-router pass #418 on board 'dc220e48ee0bdf0a9d9c61b9b499eaa9' was completed in 0,16 seconds with the score of 974,81 (2 unrouted), using 4622,20 CPU seconds and 47568 MB memory.
2026-09-25 13:22:47.022 INFO   [C8F2D8\B56B8D] Auto-router pass #419 on board 'dc220e48ee0bdf0a9d9c61b9b499eaa9' was completed in 0,15 seconds with the score of 974,81 (2 unrouted), using 4622,20 CPU seconds and 47568 MB memory.
2026-09-25 13:22:47.217 INFO   [C8F2D8\B56B8D] Restoring an earlier board that has the score of 974,71 (2 unrouted).
2026-09-25 13:22:47.218 INFO   [C8F2D8\B56B8D] Auto-router pass #420 on board 'dc220e48ee0bdf0a9d9c61b9b499eaa9' was completed in 0,18 seconds with the score of 974,92 (2 unrouted), using 4622,20 CPU seconds and 47568 MB memory.
2026-09-25 13:22:47.414 INFO   [C8F2D8\B56B8D] Auto-router pass #421 on board 'fefde88c4af9dfae8184121bf2756031' was completed in 0,17 seconds with the score of 974,81 (2 unrouted), using 4622,20 CPU seconds and 47568 MB memory.
2026-09-25 13:22:47.645 INFO   [C8F2D8\B56B8D] Auto-router pass #422 on board 'dc220e48ee0bdf0a9d9c61b9b499eaa9' was completed in 0,20 seconds with the score of 974,81 (2 unrouted), using 4717,09 CPU seconds and 48164 MB memory.
2026-09-25 13:22:47.844 INFO   [C8F2D8\B56B8D] Auto-router pass #423 on board 'dc220e48ee0bdf0a9d9c61b9b499eaa9' was completed in 0,18 seconds with the score of 974,81 (2 unrouted), using 4717,09 CPU seconds and 48164 MB memory.
2026-09-25 13:22:48.073 INFO   [C8F2D8\B56B8D] Restoring an earlier board that has the score of 974,71 (2 unrouted).
2026-09-25 13:22:48.075 INFO   [C8F2D8\B56B8D] Auto-router pass #424 on board 'dc220e48ee0bdf0a9d9c61b9b499eaa9' was completed in 0,22 seconds with the score of 974,92 (2 unrouted), using 4717,09 CPU seconds and 48164 MB memory.
2026-09-25 13:22:48.291 INFO   [C8F2D8\B56B8D] Auto-router pass #425 on board 'fefde88c4af9dfae8184121bf2756031' was completed in 0,19 seconds with the score of 974,81 (2 unrouted), using 4717,09 CPU seconds and 48164 MB memory.
2026-09-25 13:22:48.595 INFO   [C8F2D8\B56B8D] Auto-router pass #426 on board '11efb7c9f5b0bd223e75e438d8a2a30b' was completed in 0,24 seconds with the score of 974,81 (2 unrouted), using 4812,98 CPU seconds and 48636 MB memory.
2026-09-25 13:22:48.764 INFO   [C8F2D8\B56B8D] Auto-router pass #427 on board '11efb7c9f5b0bd223e75e438d8a2a30b' was completed in 0,16 seconds with the score of 974,81 (2 unrouted), using 4812,98 CPU seconds and 48636 MB memory.
2026-09-25 13:22:49.080 INFO   [C8F2D8\B56B8D] Restoring an earlier board that has the score of 974,81 (2 unrouted).
2026-09-25 13:22:49.081 INFO   [C8F2D8\B56B8D] Auto-router pass #428 on board '11efb7c9f5b0bd223e75e438d8a2a30b' was completed in 0,30 seconds with the score of 974,92 (2 unrouted), using 4812,98 CPU seconds and 48636 MB memory.
2026-09-25 13:22:49.250 INFO   [C8F2D8\B56B8D] Auto-router pass #429 on board '11efb7c9f5b0bd223e75e438d8a2a30b' was completed in 0,15 seconds with the score of 974,81 (2 unrouted), using 4812,98 CPU seconds and 48636 MB memory.
2026-09-25 13:22:49.449 INFO   [C8F2D8\B56B8D] Auto-router pass #430 on board '11efb7c9f5b0bd223e75e438d8a2a30b' was completed in 0,18 seconds with the score of 974,81 (2 unrouted), using 4812,98 CPU seconds and 48636 MB memory.
2026-09-25 13:22:49.612 INFO   [C8F2D8\B56B8D] Auto-router pass #431 on board '11efb7c9f5b0bd223e75e438d8a2a30b' was completed in 0,15 seconds with the score of 974,81 (2 unrouted), using 4909,83 CPU seconds and 49180 MB memory.
2026-09-25 13:22:49.869 INFO   [C8F2D8\B56B8D] Restoring an earlier board that has the score of 974,81 (2 unrouted).
2026-09-25 13:22:49.869 INFO   [C8F2D8\B56B8D] Auto-router pass #432 on board '11efb7c9f5b0bd223e75e438d8a2a30b' was completed in 0,24 seconds with the score of 974,92 (2 unrouted), using 4909,83 CPU seconds and 49180 MB memory.
2026-09-25 13:22:50.082 INFO   [C8F2D8\B56B8D] Auto-router pass #433 on board '11efb7c9f5b0bd223e75e438d8a2a30b' was completed in 0,20 seconds with the score of 974,81 (2 unrouted), using 4909,83 CPU seconds and 49180 MB memory.
2026-09-25 13:22:50.352 INFO   [C8F2D8\B56B8D] Auto-router pass #434 on board '11efb7c9f5b0bd223e75e438d8a2a30b' was completed in 0,24 seconds with the score of 974,81 (2 unrouted), using 4909,83 CPU seconds and 49180 MB memory.
2026-09-25 13:22:50.556 INFO   [C8F2D8\B56B8D] Auto-router pass #435 on board '11efb7c9f5b0bd223e75e438d8a2a30b' was completed in 0,19 seconds with the score of 974,81 (2 unrouted), using 4909,83 CPU seconds and 49180 MB memory.
2026-09-25 13:22:50.835 INFO   [C8F2D8\B56B8D] Restoring an earlier board that has the score of 974,81 (2 unrouted).
2026-09-25 13:22:50.837 INFO   [C8F2D8\B56B8D] Auto-router pass #436 on board '11efb7c9f5b0bd223e75e438d8a2a30b' was completed in 0,26 seconds with the score of 974,92 (2 unrouted), using 5007,67 CPU seconds and 49642 MB memory.
2026-09-25 13:22:51.089 INFO   [C8F2D8\B56B8D] Auto-router pass #437 on board '11efb7c9f5b0bd223e75e438d8a2a30b' was completed in 0,22 seconds with the score of 974,81 (2 unrouted), using 5007,67 CPU seconds and 49642 MB memory.
2026-09-25 13:22:51.314 INFO   [C8F2D8\B56B8D] Auto-router pass #438 on board '11efb7c9f5b0bd223e75e438d8a2a30b' was completed in 0,21 seconds with the score of 974,81 (2 unrouted), using 5007,67 CPU seconds and 49642 MB memory.
2026-09-25 13:22:51.508 INFO   [C8F2D8\B56B8D] Auto-router pass #439 on board '11efb7c9f5b0bd223e75e438d8a2a30b' was completed in 0,18 seconds with the score of 974,81 (2 unrouted), using 5007,67 CPU seconds and 49642 MB memory.
2026-09-25 13:22:51.859 INFO   [C8F2D8\B56B8D] Restoring an earlier board that has the score of 974,81 (2 unrouted).
2026-09-25 13:22:51.860 INFO   [C8F2D8\B56B8D] Auto-router pass #440 on board '11efb7c9f5b0bd223e75e438d8a2a30b' was completed in 0,33 seconds with the score of 974,92 (2 unrouted), using 5106,48 CPU seconds and 50097 MB memory.
2026-09-25 13:22:52.080 INFO   [C8F2D8\B56B8D] Auto-router pass #441 on board '11efb7c9f5b0bd223e75e438d8a2a30b' was completed in 0,20 seconds with the score of 974,81 (2 unrouted), using 5106,48 CPU seconds and 50097 MB memory.
2026-09-25 13:22:52.290 INFO   [C8F2D8\B56B8D] Auto-router pass #442 on board '11efb7c9f5b0bd223e75e438d8a2a30b' was completed in 0,20 seconds with the score of 974,81 (2 unrouted), using 5106,48 CPU seconds and 50097 MB memory.
2026-09-25 13:22:52.514 INFO   [C8F2D8\B56B8D] Auto-router pass #443 on board '11efb7c9f5b0bd223e75e438d8a2a30b' was completed in 0,21 seconds with the score of 974,81 (2 unrouted), using 5106,48 CPU seconds and 50097 MB memory.
2026-09-25 13:22:52.801 INFO   [C8F2D8\B56B8D] Restoring an earlier board that has the score of 974,71 (2 unrouted).
2026-09-25 13:22:52.801 INFO   [C8F2D8\B56B8D] Auto-router pass #444 on board '11efb7c9f5b0bd223e75e438d8a2a30b' was completed in 0,27 seconds with the score of 974,92 (2 unrouted), using 5206,30 CPU seconds and 50560 MB memory.
2026-09-25 13:22:53.047 INFO   [C8F2D8\B56B8D] Auto-router pass #445 on board 'fefde88c4af9dfae8184121bf2756031' was completed in 0,23 seconds with the score of 974,81 (2 unrouted), using 5206,30 CPU seconds and 50560 MB memory.
2026-09-25 13:22:53.290 INFO   [C8F2D8\B56B8D] Auto-router pass #446 on board 'dc220e48ee0bdf0a9d9c61b9b499eaa9' was completed in 0,22 seconds with the score of 974,81 (2 unrouted), using 5206,30 CPU seconds and 50560 MB memory.
2026-09-25 13:22:53.492 INFO   [C8F2D8\B56B8D] Auto-router pass #447 on board 'dc220e48ee0bdf0a9d9c61b9b499eaa9' was completed in 0,19 seconds with the score of 974,81 (2 unrouted), using 5206,30 CPU seconds and 50560 MB memory.
2026-09-25 13:22:53.886 INFO   [C8F2D8\B56B8D] Restoring an earlier board that has the score of 974,71 (2 unrouted).
2026-09-25 13:22:53.887 INFO   [C8F2D8\B56B8D] Auto-router pass #448 on board 'dc220e48ee0bdf0a9d9c61b9b499eaa9' was completed in 0,37 seconds with the score of 974,92 (2 unrouted), using 5307,09 CPU seconds and 50978 MB memory.
2026-09-25 13:22:54.191 INFO   [C8F2D8\B56B8D] Auto-router pass #449 on board 'fefde88c4af9dfae8184121bf2756031' was completed in 0,28 seconds with the score of 974,81 (2 unrouted), using 5307,09 CPU seconds and 50978 MB memory.
2026-09-25 13:22:54.468 INFO   [C8F2D8\B56B8D] Auto-router pass #450 on board 'dc220e48ee0bdf0a9d9c61b9b499eaa9' was completed in 0,26 seconds with the score of 974,81 (2 unrouted), using 5307,09 CPU seconds and 50978 MB memory.
2026-09-25 13:22:54.743 INFO   [C8F2D8\B56B8D] Auto-router pass #451 on board 'dc220e48ee0bdf0a9d9c61b9b499eaa9' was completed in 0,25 seconds with the score of 974,81 (2 unrouted), using 5408,88 CPU seconds and 51327 MB memory.
2026-09-25 13:22:55.005 INFO   [C8F2D8\B56B8D] Restoring an earlier board that has the score of 974,60 (2 unrouted).
2026-09-25 13:22:55.006 INFO   [C8F2D8\B56B8D] Auto-router pass #452 on board 'dc220e48ee0bdf0a9d9c61b9b499eaa9' was completed in 0,25 seconds with the score of 974,92 (2 unrouted), using 5408,88 CPU seconds and 51327 MB memory.
2026-09-25 13:22:55.218 INFO   [C8F2D8\B56B8D] Auto-router pass #453 on board '068ef772c51cb22c47be476186e65cd4' was completed in 0,18 seconds with the score of 974,71 (2 unrouted), using 5408,88 CPU seconds and 51327 MB memory.
2026-09-25 13:22:55.401 INFO   [C8F2D8\B56B8D] Auto-router pass #454 on board '195a6693145777893471ab682b7459bc' was completed in 0,17 seconds with the score of 974,81 (2 unrouted), using 5408,88 CPU seconds and 51327 MB memory.
2026-09-25 13:22:55.632 INFO   [C8F2D8\B56B8D] Auto-router pass #455 on board 'cb03e24e28987e3f3f07bb56c0329b04' was completed in 0,21 seconds with the score of 974,81 (2 unrouted), using 5408,88 CPU seconds and 51327 MB memory.
2026-09-25 13:22:55.921 INFO   [C8F2D8\B56B8D] Restoring an earlier board that has the score of 974,60 (2 unrouted).
2026-09-25 13:22:55.922 INFO   [C8F2D8\B56B8D] Auto-router pass #456 on board 'cb03e24e28987e3f3f07bb56c0329b04' was completed in 0,28 seconds with the score of 974,92 (2 unrouted), using 5511,62 CPU seconds and 51827 MB memory.
2026-09-25 13:22:56.117 INFO   [C8F2D8\B56B8D] Auto-router pass #457 on board '068ef772c51cb22c47be476186e65cd4' was completed in 0,18 seconds with the score of 974,71 (2 unrouted), using 5511,62 CPU seconds and 51827 MB memory.
2026-09-25 13:22:56.348 INFO   [C8F2D8\B56B8D] Auto-router pass #458 on board 'fefde88c4af9dfae8184121bf2756031' was completed in 0,21 seconds with the score of 974,81 (2 unrouted), using 5511,62 CPU seconds and 51827 MB memory.
2026-09-25 13:22:56.637 INFO   [C8F2D8\B56B8D] Auto-router pass #459 on board 'dc220e48ee0bdf0a9d9c61b9b499eaa9' was completed in 0,28 seconds with the score of 974,81 (2 unrouted), using 5511,62 CPU seconds and 51827 MB memory.
2026-09-25 13:22:56.940 INFO   [C8F2D8\B56B8D] Restoring an earlier board that has the score of 974,49 (2 unrouted).
2026-09-25 13:22:56.941 INFO   [C8F2D8\B56B8D] Auto-router pass #460 on board 'dc220e48ee0bdf0a9d9c61b9b499eaa9' was completed in 0,28 seconds with the score of 974,92 (2 unrouted), using 5615,36 CPU seconds and 52261 MB memory.
2026-09-25 13:22:57.123 INFO   [C8F2D8\B56B8D] Auto-router pass #461 on board '892d277ca63e8f222f72c3bb31940b37' was completed in 0,16 seconds with the score of 974,60 (2 unrouted), using 5615,36 CPU seconds and 52261 MB memory.
2026-09-25 13:22:57.408 INFO   [C8F2D8\B56B8D] Auto-router pass #462 on board 'dd97aed5a101e1547b5b3d2a1c4f3272' was completed in 0,27 seconds with the score of 974,71 (2 unrouted), using 5615,36 CPU seconds and 52261 MB memory.
2026-09-25 13:22:57.609 INFO   [C8F2D8\B56B8D] Auto-router pass #463 on board '8bc5b6fa76d35285e752666bc749f59c' was completed in 0,18 seconds with the score of 974,81 (2 unrouted), using 5615,36 CPU seconds and 52261 MB memory.
2026-09-25 13:22:57.829 INFO   [C8F2D8\B56B8D] Restoring an earlier board that has the score of 974,49 (2 unrouted).
2026-09-25 13:22:57.829 INFO   [C8F2D8\B56B8D] Auto-router pass #464 on board 'd84e2d7cc633ab74c93d042d83fc7c83' was completed in 0,20 seconds with the score of 974,92 (2 unrouted), using 5720,09 CPU seconds and 52727 MB memory.
2026-09-25 13:22:58.000 INFO   [C8F2D8\B56B8D] Auto-router pass #465 on board '892d277ca63e8f222f72c3bb31940b37' was completed in 0,16 seconds with the score of 974,60 (2 unrouted), using 5720,09 CPU seconds and 52727 MB memory.
2026-09-25 13:22:58.229 INFO   [C8F2D8\B56B8D] Auto-router pass #466 on board '068ef772c51cb22c47be476186e65cd4' was completed in 0,22 seconds with the score of 974,71 (2 unrouted), using 5720,09 CPU seconds and 52727 MB memory.
2026-09-25 13:22:58.452 INFO   [C8F2D8\B56B8D] Auto-router pass #467 on board '195a6693145777893471ab682b7459bc' was completed in 0,20 seconds with the score of 974,81 (2 unrouted), using 5720,09 CPU seconds and 52727 MB memory.
2026-09-25 13:22:58.770 INFO   [C8F2D8\B56B8D] Restoring an earlier board that has the score of 974,49 (2 unrouted).
2026-09-25 13:22:58.770 INFO   [C8F2D8\B56B8D] Auto-router pass #468 on board '1491c5ca01780acd21bb6d9de66caa61' was completed in 0,29 seconds with the score of 974,92 (2 unrouted), using 5825,73 CPU seconds and 53234 MB memory.
2026-09-25 13:22:59.018 INFO   [C8F2D8\B56B8D] Auto-router pass #469 on board '892d277ca63e8f222f72c3bb31940b37' was completed in 0,22 seconds with the score of 974,60 (2 unrouted), using 5825,73 CPU seconds and 53234 MB memory.
2026-09-25 13:22:59.258 INFO   [C8F2D8\B56B8D] Auto-router pass #470 on board '068ef772c51cb22c47be476186e65cd4' was completed in 0,21 seconds with the score of 974,71 (2 unrouted), using 5825,73 CPU seconds and 53234 MB memory.
2026-09-25 13:22:59.413 INFO   [C8F2D8\B56B8D] Auto-router pass #471 on board 'fefde88c4af9dfae8184121bf2756031' was completed in 0,14 seconds with the score of 974,81 (2 unrouted), using 5825,73 CPU seconds and 53234 MB memory.
2026-09-25 13:22:59.656 INFO   [C8F2D8\B56B8D] Restoring an earlier board that has the score of 974,38 (2 unrouted).
2026-09-25 13:22:59.657 INFO   [C8F2D8\B56B8D] Auto-router pass #472 on board '11efb7c9f5b0bd223e75e438d8a2a30b' was completed in 0,22 seconds with the score of 974,92 (2 unrouted), using 5825,73 CPU seconds and 53234 MB memory.
2026-09-25 13:22:59.910 INFO   [C8F2D8\B56B8D] Auto-router pass #473 on board '6378680027ce3519b9d09cfcef61152a' was completed in 0,24 seconds with the score of 974,49 (2 unrouted), using 5932,33 CPU seconds and 53720 MB memory.
2026-09-25 13:23:00.111 INFO   [C8F2D8\B56B8D] Auto-router pass #474 on board 'ae0f306e1075f15eb6572e3003402527' was completed in 0,16 seconds with the score of 974,60 (2 unrouted), using 5932,33 CPU seconds and 53720 MB memory.
2026-09-25 13:23:00.348 INFO   [C8F2D8\B56B8D] Auto-router pass #475 on board 'f400009f1cf6b0d30463f1f3628fe9b1' was completed in 0,19 seconds with the score of 974,71 (2 unrouted), using 5932,33 CPU seconds and 53720 MB memory.
2026-09-25 13:23:00.665 INFO   [C8F2D8\B56B8D] Restoring an earlier board that has the score of 974,71 (2 unrouted).
2026-09-25 13:23:00.666 INFO   [C8F2D8\B56B8D] Auto-router pass #476 on board '6fce854c5ffd36ed06ecc4b82f9e8346' was completed in 0,29 seconds with the score of 974,81 (2 unrouted), using 5932,33 CPU seconds and 53720 MB memory.
2026-09-25 13:23:00.879 INFO   [C8F2D8\B56B8D] Auto-router pass #477 on board '6fce854c5ffd36ed06ecc4b82f9e8346' was completed in 0,19 seconds with the score of 974,81 (2 unrouted), using 6039,89 CPU seconds and 54181 MB memory.
2026-09-25 13:23:01.160 INFO   [C8F2D8\B56B8D] Auto-router pass #478 on board 'be8ab6b4a993653a53f48970ed03eba5' was completed in 0,24 seconds with the score of 974,81 (2 unrouted), using 6039,89 CPU seconds and 54181 MB memory.
2026-09-25 13:23:01.524 INFO   [C8F2D8\B56B8D] Auto-router pass #479 on board 'be8ab6b4a993653a53f48970ed03eba5' was completed in 0,33 seconds with the score of 974,81 (2 unrouted), using 6039,89 CPU seconds and 54181 MB memory.
2026-09-25 13:23:01.769 INFO   [C8F2D8\B56B8D] Restoring an earlier board that has the score of 974,81 (2 unrouted).
2026-09-25 13:23:01.769 INFO   [C8F2D8\B56B8D] Auto-router pass #480 on board 'be8ab6b4a993653a53f48970ed03eba5' was completed in 0,22 seconds with the score of 974,92 (2 unrouted), using 6148,44 CPU seconds and 54603 MB memory.
2026-09-25 13:23:02.012 INFO   [C8F2D8\B56B8D] Auto-router pass #481 on board 'be8ab6b4a993653a53f48970ed03eba5' was completed in 0,23 seconds with the score of 974,81 (2 unrouted), using 6148,44 CPU seconds and 54603 MB memory.
2026-09-25 13:23:02.285 INFO   [C8F2D8\B56B8D] Auto-router pass #482 on board 'be8ab6b4a993653a53f48970ed03eba5' was completed in 0,25 seconds with the score of 974,81 (2 unrouted), using 6148,44 CPU seconds and 54603 MB memory.
2026-09-25 13:23:02.507 INFO   [C8F2D8\B56B8D] Auto-router pass #483 on board 'be8ab6b4a993653a53f48970ed03eba5' was completed in 0,21 seconds with the score of 974,81 (2 unrouted), using 6148,44 CPU seconds and 54603 MB memory.
2026-09-25 13:23:02.805 INFO   [C8F2D8\B56B8D] Restoring an earlier board that has the score of 974,81 (2 unrouted).
2026-09-25 13:23:02.807 INFO   [C8F2D8\B56B8D] Auto-router pass #484 on board 'be8ab6b4a993653a53f48970ed03eba5' was completed in 0,28 seconds with the score of 974,92 (2 unrouted), using 6257,94 CPU seconds and 55024 MB memory.
2026-09-25 13:23:03.030 INFO   [C8F2D8\B56B8D] Auto-router pass #485 on board 'be8ab6b4a993653a53f48970ed03eba5' was completed in 0,19 seconds with the score of 974,81 (2 unrouted), using 6257,94 CPU seconds and 55024 MB memory.
2026-09-25 13:23:03.262 INFO   [C8F2D8\B56B8D] Auto-router pass #486 on board 'be8ab6b4a993653a53f48970ed03eba5' was completed in 0,21 seconds with the score of 974,81 (2 unrouted), using 6257,94 CPU seconds and 55024 MB memory.
2026-09-25 13:23:03.499 INFO   [C8F2D8\B56B8D] Auto-router pass #487 on board 'be8ab6b4a993653a53f48970ed03eba5' was completed in 0,22 seconds with the score of 974,81 (2 unrouted), using 6257,94 CPU seconds and 55024 MB memory.
2026-09-25 13:23:03.804 INFO   [C8F2D8\B56B8D] Restoring an earlier board that has the score of 974,81 (2 unrouted).
2026-09-25 13:23:03.804 INFO   [C8F2D8\B56B8D] Auto-router pass #488 on board 'be8ab6b4a993653a53f48970ed03eba5' was completed in 0,29 seconds with the score of 974,92 (2 unrouted), using 6368,38 CPU seconds and 55467 MB memory.
2026-09-25 13:23:04.005 INFO   [C8F2D8\B56B8D] Auto-router pass #489 on board 'be8ab6b4a993653a53f48970ed03eba5' was completed in 0,19 seconds with the score of 974,81 (2 unrouted), using 6368,38 CPU seconds and 55467 MB memory.
2026-09-25 13:23:04.248 INFO   [C8F2D8\B56B8D] Auto-router pass #490 on board 'be8ab6b4a993653a53f48970ed03eba5' was completed in 0,23 seconds with the score of 974,81 (2 unrouted), using 6368,38 CPU seconds and 55467 MB memory.
2026-09-25 13:23:04.565 INFO   [C8F2D8\B56B8D] Auto-router pass #491 on board 'be8ab6b4a993653a53f48970ed03eba5' was completed in 0,29 seconds with the score of 974,81 (2 unrouted), using 6368,38 CPU seconds and 55467 MB memory.
2026-09-25 13:23:04.842 INFO   [C8F2D8\B56B8D] Restoring an earlier board that has the score of 974,81 (2 unrouted).
2026-09-25 13:23:04.843 INFO   [C8F2D8\B56B8D] Auto-router pass #492 on board 'be8ab6b4a993653a53f48970ed03eba5' was completed in 0,25 seconds with the score of 974,92 (2 unrouted), using 6479,77 CPU seconds and 55896 MB memory.
2026-09-25 13:23:05.139 INFO   [C8F2D8\B56B8D] Auto-router pass #493 on board 'be8ab6b4a993653a53f48970ed03eba5' was completed in 0,29 seconds with the score of 974,81 (2 unrouted), using 6479,77 CPU seconds and 55896 MB memory.
2026-09-25 13:23:05.349 INFO   [C8F2D8\B56B8D] Auto-router pass #494 on board 'be8ab6b4a993653a53f48970ed03eba5' was completed in 0,20 seconds with the score of 974,81 (2 unrouted), using 6479,77 CPU seconds and 55896 MB memory.
2026-09-25 13:23:05.636 INFO   [C8F2D8\B56B8D] Auto-router pass #495 on board 'be8ab6b4a993653a53f48970ed03eba5' was completed in 0,26 seconds with the score of 974,81 (2 unrouted), using 6479,77 CPU seconds and 55896 MB memory.
2026-09-25 13:23:05.929 INFO   [C8F2D8\B56B8D] Restoring an earlier board that has the score of 974,71 (2 unrouted).
2026-09-25 13:23:05.929 INFO   [C8F2D8\B56B8D] Auto-router pass #496 on board 'be8ab6b4a993653a53f48970ed03eba5' was completed in 0,27 seconds with the score of 974,92 (2 unrouted), using 6592,12 CPU seconds and 56304 MB memory.
2026-09-25 13:23:06.199 INFO   [C8F2D8\B56B8D] Auto-router pass #497 on board '6fce854c5ffd36ed06ecc4b82f9e8346' was completed in 0,25 seconds with the score of 974,81 (2 unrouted), using 6592,12 CPU seconds and 56304 MB memory.
2026-09-25 13:23:06.454 INFO   [C8F2D8\B56B8D] Auto-router pass #498 on board 'f3c9c1af966331265b39d413e0b13c35' was completed in 0,21 seconds with the score of 974,81 (2 unrouted), using 6592,12 CPU seconds and 56304 MB memory.
2026-09-25 13:23:06.696 INFO   [C8F2D8\B56B8D] Auto-router pass #499 on board 'f3c9c1af966331265b39d413e0b13c35' was completed in 0,23 seconds with the score of 974,81 (2 unrouted), using 6592,12 CPU seconds and 56304 MB memory.
2026-09-25 13:23:06.994 INFO   [C8F2D8\B56B8D] Restoring an earlier board that has the score of 974,81 (2 unrouted).
2026-09-25 13:23:06.995 INFO   [C8F2D8\B56B8D] Auto-router pass #500 on board 'f3c9c1af966331265b39d413e0b13c35' was completed in 0,28 seconds with the score of 974,92 (2 unrouted), using 6705,45 CPU seconds and 56731 MB memory.
2026-09-25 13:23:07.247 INFO   [C8F2D8\B56B8D] Auto-router pass #501 on board 'f3c9c1af966331265b39d413e0b13c35' was completed in 0,24 seconds with the score of 974,81 (2 unrouted), using 6705,45 CPU seconds and 56731 MB memory.
2026-09-25 13:23:07.475 INFO   [C8F2D8\B56B8D] Auto-router pass #502 on board 'f3c9c1af966331265b39d413e0b13c35' was completed in 0,22 seconds with the score of 974,81 (2 unrouted), using 6705,45 CPU seconds and 56731 MB memory.
2026-09-25 13:23:07.696 INFO   [C8F2D8\B56B8D] Auto-router pass #503 on board 'f3c9c1af966331265b39d413e0b13c35' was completed in 0,21 seconds with the score of 974,81 (2 unrouted), using 6705,45 CPU seconds and 56731 MB memory.
2026-09-25 13:23:08.007 INFO   [C8F2D8\B56B8D] Restoring an earlier board that has the score of 974,81 (2 unrouted).
2026-09-25 13:23:08.008 INFO   [C8F2D8\B56B8D] Auto-router pass #504 on board 'f3c9c1af966331265b39d413e0b13c35' was completed in 0,30 seconds with the score of 974,92 (2 unrouted), using 6819,77 CPU seconds and 57185 MB memory.
2026-09-25 13:23:08.241 INFO   [C8F2D8\B56B8D] Auto-router pass #505 on board 'f3c9c1af966331265b39d413e0b13c35' was completed in 0,22 seconds with the score of 974,81 (2 unrouted), using 6819,77 CPU seconds and 57185 MB memory.
2026-09-25 13:23:08.473 INFO   [C8F2D8\B56B8D] Auto-router pass #506 on board 'f3c9c1af966331265b39d413e0b13c35' was completed in 0,22 seconds with the score of 974,81 (2 unrouted), using 6819,77 CPU seconds and 57185 MB memory.
2026-09-25 13:23:08.737 INFO   [C8F2D8\B56B8D] Auto-router pass #507 on board 'f3c9c1af966331265b39d413e0b13c35' was completed in 0,24 seconds with the score of 974,81 (2 unrouted), using 6819,77 CPU seconds and 57185 MB memory.
2026-09-25 13:23:08.981 INFO   [C8F2D8\B56B8D] Restoring an earlier board that has the score of 974,81 (2 unrouted).
2026-09-25 13:23:08.982 INFO   [C8F2D8\B56B8D] Auto-router pass #508 on board 'f3c9c1af966331265b39d413e0b13c35' was completed in 0,23 seconds with the score of 974,92 (2 unrouted), using 6935,08 CPU seconds and 57605 MB memory.
2026-09-25 13:23:09.201 INFO   [C8F2D8\B56B8D] Auto-router pass #509 on board 'f3c9c1af966331265b39d413e0b13c35' was completed in 0,20 seconds with the score of 974,81 (2 unrouted), using 6935,08 CPU seconds and 57605 MB memory.
2026-09-25 13:23:09.384 INFO   [C8F2D8\B56B8D] Auto-router pass #510 on board 'f3c9c1af966331265b39d413e0b13c35' was completed in 0,17 seconds with the score of 974,81 (2 unrouted), using 6935,08 CPU seconds and 57605 MB memory.
2026-09-25 13:23:09.670 INFO   [C8F2D8\B56B8D] Auto-router pass #511 on board 'f3c9c1af966331265b39d413e0b13c35' was completed in 0,27 seconds with the score of 974,81 (2 unrouted), using 6935,08 CPU seconds and 57605 MB memory.
2026-09-25 13:23:09.970 INFO   [C8F2D8\B56B8D] Restoring an earlier board that has the score of 974,81 (2 unrouted).
2026-09-25 13:23:09.972 INFO   [C8F2D8\B56B8D] Auto-router pass #512 on board 'f3c9c1af966331265b39d413e0b13c35' was completed in 0,28 seconds with the score of 974,92 (2 unrouted), using 7051,38 CPU seconds and 58072 MB memory.
2026-09-25 13:23:10.161 INFO   [C8F2D8\B56B8D] Auto-router pass #513 on board 'f3c9c1af966331265b39d413e0b13c35' was completed in 0,16 seconds with the score of 974,81 (2 unrouted), using 7051,38 CPU seconds and 58072 MB memory.
2026-09-25 13:23:10.398 INFO   [C8F2D8\B56B8D] Auto-router pass #514 on board 'f3c9c1af966331265b39d413e0b13c35' was completed in 0,22 seconds with the score of 974,81 (2 unrouted), using 7051,38 CPU seconds and 58072 MB memory.
2026-09-25 13:23:10.623 INFO   [C8F2D8\B56B8D] Auto-router pass #515 on board 'f3c9c1af966331265b39d413e0b13c35' was completed in 0,21 seconds with the score of 974,81 (2 unrouted), using 7051,38 CPU seconds and 58072 MB memory.
2026-09-25 13:23:10.950 INFO   [C8F2D8\B56B8D] Restoring an earlier board that has the score of 974,71 (2 unrouted).
2026-09-25 13:23:10.951 INFO   [C8F2D8\B56B8D] Auto-router pass #516 on board 'f3c9c1af966331265b39d413e0b13c35' was completed in 0,31 seconds with the score of 974,92 (2 unrouted), using 7168,67 CPU seconds and 58515 MB memory.
2026-09-25 13:23:11.167 INFO   [C8F2D8\B56B8D] Auto-router pass #517 on board '6fce854c5ffd36ed06ecc4b82f9e8346' was completed in 0,20 seconds with the score of 974,81 (2 unrouted), using 7168,67 CPU seconds and 58515 MB memory.
2026-09-25 13:23:11.391 INFO   [C8F2D8\B56B8D] Auto-router pass #518 on board 'f3c9c1af966331265b39d413e0b13c35' was completed in 0,21 seconds with the score of 974,81 (2 unrouted), using 7168,67 CPU seconds and 58515 MB memory.
2026-09-25 13:23:11.641 INFO   [C8F2D8\B56B8D] Auto-router pass #519 on board 'f3c9c1af966331265b39d413e0b13c35' was completed in 0,24 seconds with the score of 974,81 (2 unrouted), using 7168,67 CPU seconds and 58515 MB memory.
2026-09-25 13:23:11.948 INFO   [C8F2D8\B56B8D] Restoring an earlier board that has the score of 974,71 (2 unrouted).
2026-09-25 13:23:11.949 INFO   [C8F2D8\B56B8D] Auto-router pass #520 on board 'f3c9c1af966331265b39d413e0b13c35' was completed in 0,29 seconds with the score of 974,92 (2 unrouted), using 7286,97 CPU seconds and 58979 MB memory.
2026-09-25 13:23:12.176 INFO   [C8F2D8\B56B8D] Auto-router pass #521 on board '6fce854c5ffd36ed06ecc4b82f9e8346' was completed in 0,21 seconds with the score of 974,81 (2 unrouted), using 7286,97 CPU seconds and 58979 MB memory.
2026-09-25 13:23:12.382 INFO   [C8F2D8\B56B8D] Auto-router pass #522 on board 'f3c9c1af966331265b39d413e0b13c35' was completed in 0,19 seconds with the score of 974,81 (2 unrouted), using 7286,97 CPU seconds and 58979 MB memory.
2026-09-25 13:23:12.658 INFO   [C8F2D8\B56B8D] Auto-router pass #523 on board 'f3c9c1af966331265b39d413e0b13c35' was completed in 0,26 seconds with the score of 974,81 (2 unrouted), using 7286,97 CPU seconds and 58979 MB memory.
2026-09-25 13:23:12.912 INFO   [C8F2D8\B56B8D] Restoring an earlier board that has the score of 974,60 (2 unrouted).
2026-09-25 13:23:12.913 INFO   [C8F2D8\B56B8D] Auto-router pass #524 on board 'f3c9c1af966331265b39d413e0b13c35' was completed in 0,23 seconds with the score of 974,92 (2 unrouted), using 7406,23 CPU seconds and 59411 MB memory.
2026-09-25 13:23:13.190 INFO   [C8F2D8\B56B8D] Auto-router pass #525 on board 'f400009f1cf6b0d30463f1f3628fe9b1' was completed in 0,24 seconds with the score of 974,71 (2 unrouted), using 7406,23 CPU seconds and 59411 MB memory.
2026-09-25 13:23:13.439 INFO   [C8F2D8\B56B8D] Auto-router pass #526 on board '6fce854c5ffd36ed06ecc4b82f9e8346' was completed in 0,24 seconds with the score of 974,81 (2 unrouted), using 7406,23 CPU seconds and 59411 MB memory.
2026-09-25 13:23:13.627 INFO   [C8F2D8\B56B8D] Auto-router pass #527 on board 'be8ab6b4a993653a53f48970ed03eba5' was completed in 0,16 seconds with the score of 974,81 (2 unrouted), using 7406,23 CPU seconds and 59411 MB memory.
2026-09-25 13:23:13.829 INFO   [C8F2D8\B56B8D] Restoring an earlier board that has the score of 974,60 (2 unrouted).
2026-09-25 13:23:13.830 INFO   [C8F2D8\B56B8D] Auto-router pass #528 on board 'be8ab6b4a993653a53f48970ed03eba5' was completed in 0,19 seconds with the score of 974,92 (2 unrouted), using 7526,48 CPU seconds and 59893 MB memory.
2026-09-25 13:23:14.068 INFO   [C8F2D8\B56B8D] Auto-router pass #529 on board 'f400009f1cf6b0d30463f1f3628fe9b1' was completed in 0,23 seconds with the score of 974,71 (2 unrouted), using 7526,48 CPU seconds and 59893 MB memory.
2026-09-25 13:23:14.386 INFO   [C8F2D8\B56B8D] Auto-router pass #530 on board '628118002c8e96132d759a62b8c1954b' was completed in 0,25 seconds with the score of 974,81 (2 unrouted), using 7526,48 CPU seconds and 59893 MB memory.
2026-09-25 13:23:14.600 INFO   [C8F2D8\B56B8D] Auto-router pass #531 on board '42fcc93d1cb9ead59b0251d2a74c6785' was completed in 0,17 seconds with the score of 974,81 (2 unrouted), using 7526,48 CPU seconds and 59893 MB memory.
2026-09-25 13:23:14.872 INFO   [C8F2D8\B56B8D] Restoring an earlier board that has the score of 974,81 (2 unrouted).
2026-09-25 13:23:14.872 INFO   [C8F2D8\B56B8D] Auto-router pass #532 on board '42fcc93d1cb9ead59b0251d2a74c6785' was completed in 0,26 seconds with the score of 974,92 (2 unrouted), using 7647,73 CPU seconds and 60346 MB memory.
2026-09-25 13:23:15.143 INFO   [C8F2D8\B56B8D] Auto-router pass #533 on board '42fcc93d1cb9ead59b0251d2a74c6785' was completed in 0,25 seconds with the score of 974,81 (2 unrouted), using 7647,73 CPU seconds and 60346 MB memory.
2026-09-25 13:23:15.396 INFO   [C8F2D8\B56B8D] Auto-router pass #534 on board '42fcc93d1cb9ead59b0251d2a74c6785' was completed in 0,24 seconds with the score of 974,81 (2 unrouted), using 7647,73 CPU seconds and 60346 MB memory.
2026-09-25 13:23:15.580 INFO   [C8F2D8\B56B8D] Auto-router pass #535 on board '42fcc93d1cb9ead59b0251d2a74c6785' was completed in 0,17 seconds with the score of 974,81 (2 unrouted), using 7647,73 CPU seconds and 60346 MB memory.
2026-09-25 13:23:15.807 INFO   [C8F2D8\B56B8D] Restoring an earlier board that has the score of 974,81 (2 unrouted).
2026-09-25 13:23:15.807 INFO   [C8F2D8\B56B8D] Auto-router pass #536 on board '42fcc93d1cb9ead59b0251d2a74c6785' was completed in 0,21 seconds with the score of 974,92 (2 unrouted), using 7647,73 CPU seconds and 60346 MB memory.
2026-09-25 13:23:16.015 INFO   [C8F2D8\B56B8D] Auto-router pass #537 on board '42fcc93d1cb9ead59b0251d2a74c6785' was completed in 0,20 seconds with the score of 974,81 (2 unrouted), using 7770,00 CPU seconds and 60826 MB memory.
2026-09-25 13:23:16.319 INFO   [C8F2D8\B56B8D] Auto-router pass #538 on board '42fcc93d1cb9ead59b0251d2a74c6785' was completed in 0,28 seconds with the score of 974,81 (2 unrouted), using 7770,00 CPU seconds and 60826 MB memory.
2026-09-25 13:23:16.563 INFO   [C8F2D8\B56B8D] Auto-router pass #539 on board '42fcc93d1cb9ead59b0251d2a74c6785' was completed in 0,22 seconds with the score of 974,81 (2 unrouted), using 7770,00 CPU seconds and 60826 MB memory.
2026-09-25 13:23:16.827 INFO   [C8F2D8\B56B8D] Restoring an earlier board that has the score of 974,81 (2 unrouted).
2026-09-25 13:23:16.829 INFO   [C8F2D8\B56B8D] Auto-router pass #540 on board '42fcc93d1cb9ead59b0251d2a74c6785' was completed in 0,24 seconds with the score of 974,92 (2 unrouted), using 7770,00 CPU seconds and 60826 MB memory.
2026-09-25 13:23:17.024 INFO   [C8F2D8\B56B8D] Auto-router pass #541 on board '42fcc93d1cb9ead59b0251d2a74c6785' was completed in 0,17 seconds with the score of 974,81 (2 unrouted), using 7893,27 CPU seconds and 61239 MB memory.
2026-09-25 13:23:17.209 INFO   [C8F2D8\B56B8D] Auto-router pass #542 on board '42fcc93d1cb9ead59b0251d2a74c6785' was completed in 0,17 seconds with the score of 974,81 (2 unrouted), using 7893,27 CPU seconds and 61239 MB memory.
2026-09-25 13:23:17.403 INFO   [C8F2D8\B56B8D] Auto-router pass #543 on board '42fcc93d1cb9ead59b0251d2a74c6785' was completed in 0,18 seconds with the score of 974,81 (2 unrouted), using 7893,27 CPU seconds and 61239 MB memory.
2026-09-25 13:23:17.696 INFO   [C8F2D8\B56B8D] Restoring an earlier board that has the score of 974,81 (2 unrouted).
2026-09-25 13:23:17.696 INFO   [C8F2D8\B56B8D] Auto-router pass #544 on board '42fcc93d1cb9ead59b0251d2a74c6785' was completed in 0,26 seconds with the score of 974,92 (2 unrouted), using 7893,27 CPU seconds and 61239 MB memory.
2026-09-25 13:23:17.943 INFO   [C8F2D8\B56B8D] Auto-router pass #545 on board '42fcc93d1cb9ead59b0251d2a74c6785' was completed in 0,23 seconds with the score of 974,81 (2 unrouted), using 8017,53 CPU seconds and 61751 MB memory.
2026-09-25 13:23:18.115 INFO   [C8F2D8\B56B8D] Auto-router pass #546 on board '42fcc93d1cb9ead59b0251d2a74c6785' was completed in 0,16 seconds with the score of 974,81 (2 unrouted), using 8017,53 CPU seconds and 61751 MB memory.
2026-09-25 13:23:18.315 INFO   [C8F2D8\B56B8D] Auto-router pass #547 on board '42fcc93d1cb9ead59b0251d2a74c6785' was completed in 0,18 seconds with the score of 974,81 (2 unrouted), using 8017,53 CPU seconds and 61751 MB memory.
2026-09-25 13:23:18.593 INFO   [C8F2D8\B56B8D] Restoring an earlier board that has the score of 974,71 (2 unrouted).
2026-09-25 13:23:18.593 INFO   [C8F2D8\B56B8D] Auto-router pass #548 on board '42fcc93d1cb9ead59b0251d2a74c6785' was completed in 0,25 seconds with the score of 974,92 (2 unrouted), using 8017,53 CPU seconds and 61751 MB memory.
2026-09-25 13:23:18.795 INFO   [C8F2D8\B56B8D] Auto-router pass #549 on board '628118002c8e96132d759a62b8c1954b' was completed in 0,18 seconds with the score of 974,81 (2 unrouted), using 8017,53 CPU seconds and 61751 MB memory.
2026-09-25 13:23:19.014 INFO   [C8F2D8\B56B8D] Auto-router pass #550 on board '42fcc93d1cb9ead59b0251d2a74c6785' was completed in 0,20 seconds with the score of 974,81 (2 unrouted), using 8142,78 CPU seconds and 62241 MB memory.
2026-09-25 13:23:19.215 INFO   [C8F2D8\B56B8D] Auto-router pass #551 on board '42fcc93d1cb9ead59b0251d2a74c6785' was completed in 0,19 seconds with the score of 974,81 (2 unrouted), using 8142,78 CPU seconds and 62241 MB memory.
2026-09-25 13:23:19.460 INFO   [C8F2D8\B56B8D] Restoring an earlier board that has the score of 974,71 (2 unrouted).
2026-09-25 13:23:19.461 INFO   [C8F2D8\B56B8D] Auto-router pass #552 on board '42fcc93d1cb9ead59b0251d2a74c6785' was completed in 0,23 seconds with the score of 974,92 (2 unrouted), using 8142,78 CPU seconds and 62241 MB memory.
2026-09-25 13:23:19.800 INFO   [C8F2D8\B56B8D] Auto-router pass #553 on board '628118002c8e96132d759a62b8c1954b' was completed in 0,31 seconds with the score of 974,81 (2 unrouted), using 8142,78 CPU seconds and 62241 MB memory.
2026-09-25 13:23:19.976 INFO   [C8F2D8\B56B8D] Auto-router pass #554 on board '42fcc93d1cb9ead59b0251d2a74c6785' was completed in 0,16 seconds with the score of 974,81 (2 unrouted), using 8269,00 CPU seconds and 62688 MB memory.
2026-09-25 13:23:20.185 INFO   [C8F2D8\B56B8D] Auto-router pass #555 on board '42fcc93d1cb9ead59b0251d2a74c6785' was completed in 0,18 seconds with the score of 974,81 (2 unrouted), using 8269,00 CPU seconds and 62688 MB memory.
2026-09-25 13:23:20.513 INFO   [C8F2D8\B56B8D] Restoring an earlier board that has the score of 974,71 (2 unrouted).
2026-09-25 13:23:20.513 INFO   [C8F2D8\B56B8D] Auto-router pass #556 on board '42fcc93d1cb9ead59b0251d2a74c6785' was completed in 0,31 seconds with the score of 974,92 (2 unrouted), using 8269,00 CPU seconds and 62688 MB memory.
2026-09-25 13:23:20.803 INFO   [C8F2D8\B56B8D] Auto-router pass #557 on board '628118002c8e96132d759a62b8c1954b' was completed in 0,26 seconds with the score of 974,81 (2 unrouted), using 8269,00 CPU seconds and 62688 MB memory.
2026-09-25 13:23:21.069 INFO   [C8F2D8\B56B8D] Auto-router pass #558 on board 'd7857417e3c1a15a1b0732d983e2de28' was completed in 0,21 seconds with the score of 974,81 (2 unrouted), using 8396,19 CPU seconds and 63117 MB memory.
2026-09-25 13:23:21.276 INFO   [C8F2D8\B56B8D] Auto-router pass #559 on board 'd7857417e3c1a15a1b0732d983e2de28' was completed in 0,18 seconds with the score of 974,81 (2 unrouted), using 8396,19 CPU seconds and 63117 MB memory.
2026-09-25 13:23:21.548 INFO   [C8F2D8\B56B8D] Restoring an earlier board that has the score of 974,81 (2 unrouted).
2026-09-25 13:23:21.548 INFO   [C8F2D8\B56B8D] Auto-router pass #560 on board 'd7857417e3c1a15a1b0732d983e2de28' was completed in 0,24 seconds with the score of 974,92 (2 unrouted), using 8396,19 CPU seconds and 63117 MB memory.
2026-09-25 13:23:21.814 INFO   [C8F2D8\B56B8D] Auto-router pass #561 on board 'd7857417e3c1a15a1b0732d983e2de28' was completed in 0,25 seconds with the score of 974,81 (2 unrouted), using 8396,19 CPU seconds and 63117 MB memory.
2026-09-25 13:23:22.040 INFO   [C8F2D8\B56B8D] Auto-router pass #562 on board 'd7857417e3c1a15a1b0732d983e2de28' was completed in 0,21 seconds with the score of 974,81 (2 unrouted), using 8524,36 CPU seconds and 63579 MB memory.
2026-09-25 13:23:22.270 INFO   [C8F2D8\B56B8D] Auto-router pass #563 on board 'd7857417e3c1a15a1b0732d983e2de28' was completed in 0,22 seconds with the score of 974,81 (2 unrouted), using 8524,36 CPU seconds and 63579 MB memory.
2026-09-25 13:23:22.524 INFO   [C8F2D8\B56B8D] Restoring an earlier board that has the score of 974,81 (2 unrouted).
2026-09-25 13:23:22.524 INFO   [C8F2D8\B56B8D] Auto-router pass #564 on board 'd7857417e3c1a15a1b0732d983e2de28' was completed in 0,24 seconds with the score of 974,92 (2 unrouted), using 8524,36 CPU seconds and 63579 MB memory.
2026-09-25 13:23:22.794 INFO   [C8F2D8\B56B8D] Auto-router pass #565 on board 'd7857417e3c1a15a1b0732d983e2de28' was completed in 0,26 seconds with the score of 974,81 (2 unrouted), using 8524,36 CPU seconds and 63579 MB memory.
2026-09-25 13:23:23.056 INFO   [C8F2D8\B56B8D] Auto-router pass #566 on board 'd7857417e3c1a15a1b0732d983e2de28' was completed in 0,24 seconds with the score of 974,81 (2 unrouted), using 8653,53 CPU seconds and 64020 MB memory.
2026-09-25 13:23:23.250 INFO   [C8F2D8\B56B8D] Auto-router pass #567 on board 'd7857417e3c1a15a1b0732d983e2de28' was completed in 0,18 seconds with the score of 974,81 (2 unrouted), using 8653,53 CPU seconds and 64020 MB memory.
2026-09-25 13:23:23.468 INFO   [C8F2D8\B56B8D] Restoring an earlier board that has the score of 974,81 (2 unrouted).
2026-09-25 13:23:23.469 INFO   [C8F2D8\B56B8D] Auto-router pass #568 on board 'd7857417e3c1a15a1b0732d983e2de28' was completed in 0,20 seconds with the score of 974,92 (2 unrouted), using 8653,53 CPU seconds and 64020 MB memory.
2026-09-25 13:23:23.689 INFO   [C8F2D8\B56B8D] Auto-router pass #569 on board 'd7857417e3c1a15a1b0732d983e2de28' was completed in 0,21 seconds with the score of 974,81 (2 unrouted), using 8653,53 CPU seconds and 64020 MB memory.
2026-09-25 13:23:23.871 INFO   [C8F2D8\B56B8D] Auto-router pass #570 on board 'd7857417e3c1a15a1b0732d983e2de28' was completed in 0,15 seconds with the score of 974,81 (2 unrouted), using 8653,53 CPU seconds and 64020 MB memory.
2026-09-25 13:23:24.093 INFO   [C8F2D8\B56B8D] Auto-router pass #571 on board 'd7857417e3c1a15a1b0732d983e2de28' was completed in 0,20 seconds with the score of 974,81 (2 unrouted), using 8783,70 CPU seconds and 64536 MB memory.
2026-09-25 13:23:24.308 INFO   [C8F2D8\B56B8D] Restoring an earlier board that has the score of 974,81 (2 unrouted).
2026-09-25 13:23:24.308 INFO   [C8F2D8\B56B8D] Auto-router pass #572 on board 'd7857417e3c1a15a1b0732d983e2de28' was completed in 0,20 seconds with the score of 974,92 (2 unrouted), using 8783,70 CPU seconds and 64536 MB memory.
2026-09-25 13:23:24.531 INFO   [C8F2D8\B56B8D] Auto-router pass #573 on board 'd7857417e3c1a15a1b0732d983e2de28' was completed in 0,21 seconds with the score of 974,81 (2 unrouted), using 8783,70 CPU seconds and 64536 MB memory.
2026-09-25 13:23:24.692 INFO   [C8F2D8\B56B8D] Auto-router pass #574 on board 'd7857417e3c1a15a1b0732d983e2de28' was completed in 0,15 seconds with the score of 974,81 (2 unrouted), using 8783,70 CPU seconds and 64536 MB memory.
2026-09-25 13:23:24.852 INFO   [C8F2D8\B56B8D] Auto-router pass #575 on board 'd7857417e3c1a15a1b0732d983e2de28' was completed in 0,14 seconds with the score of 974,81 (2 unrouted), using 8783,70 CPU seconds and 64536 MB memory.
2026-09-25 13:23:25.078 INFO   [C8F2D8\B56B8D] Restoring an earlier board that has the score of 974,71 (2 unrouted).
2026-09-25 13:23:25.078 INFO   [C8F2D8\B56B8D] Auto-router pass #576 on board 'd7857417e3c1a15a1b0732d983e2de28' was completed in 0,21 seconds with the score of 974,92 (2 unrouted), using 8914,86 CPU seconds and 65103 MB memory.
2026-09-25 13:23:25.268 INFO   [C8F2D8\B56B8D] Auto-router pass #577 on board '628118002c8e96132d759a62b8c1954b' was completed in 0,18 seconds with the score of 974,81 (2 unrouted), using 8914,86 CPU seconds and 65103 MB memory.
2026-09-25 13:23:25.426 INFO   [C8F2D8\B56B8D] Auto-router pass #578 on board '42fcc93d1cb9ead59b0251d2a74c6785' was completed in 0,15 seconds with the score of 974,81 (2 unrouted), using 8914,86 CPU seconds and 65103 MB memory.
2026-09-25 13:23:25.613 INFO   [C8F2D8\B56B8D] Auto-router pass #579 on board '42fcc93d1cb9ead59b0251d2a74c6785' was completed in 0,17 seconds with the score of 974,81 (2 unrouted), using 8914,86 CPU seconds and 65103 MB memory.
2026-09-25 13:23:25.834 INFO   [C8F2D8\B56B8D] Restoring an earlier board that has the score of 974,60 (2 unrouted).
2026-09-25 13:23:25.835 INFO   [C8F2D8\B56B8D] Auto-router pass #580 on board '42fcc93d1cb9ead59b0251d2a74c6785' was completed in 0,21 seconds with the score of 974,92 (2 unrouted), using 8914,86 CPU seconds and 65103 MB memory.
2026-09-25 13:23:26.073 INFO   [C8F2D8\B56B8D] Auto-router pass #581 on board 'f400009f1cf6b0d30463f1f3628fe9b1' was completed in 0,23 seconds with the score of 974,71 (2 unrouted), using 9047,02 CPU seconds and 65671 MB memory.
2026-09-25 13:23:26.222 INFO   [C8F2D8\B56B8D] Auto-router pass #582 on board '628118002c8e96132d759a62b8c1954b' was completed in 0,14 seconds with the score of 974,81 (2 unrouted), using 9047,02 CPU seconds and 65671 MB memory.
2026-09-25 13:23:26.421 INFO   [C8F2D8\B56B8D] Auto-router pass #583 on board '42fcc93d1cb9ead59b0251d2a74c6785' was completed in 0,18 seconds with the score of 974,81 (2 unrouted), using 9047,02 CPU seconds and 65671 MB memory.
2026-09-25 13:23:26.645 INFO   [C8F2D8\B56B8D] Restoring an earlier board that has the score of 974,60 (2 unrouted).
2026-09-25 13:23:26.648 INFO   [C8F2D8\B56B8D] Auto-router pass #584 on board '42fcc93d1cb9ead59b0251d2a74c6785' was completed in 0,22 seconds with the score of 974,92 (2 unrouted), using 9047,02 CPU seconds and 65671 MB memory.
2026-09-25 13:23:26.869 INFO   [C8F2D8\B56B8D] Auto-router pass #585 on board 'f400009f1cf6b0d30463f1f3628fe9b1' was completed in 0,20 seconds with the score of 974,71 (2 unrouted), using 9047,02 CPU seconds and 65671 MB memory.
2026-09-25 13:23:27.096 INFO   [C8F2D8\B56B8D] Auto-router pass #586 on board '628118002c8e96132d759a62b8c1954b' was completed in 0,21 seconds with the score of 974,81 (2 unrouted), using 9180,16 CPU seconds and 66209 MB memory.
2026-09-25 13:23:27.279 INFO   [C8F2D8\B56B8D] Auto-router pass #587 on board '42fcc93d1cb9ead59b0251d2a74c6785' was completed in 0,17 seconds with the score of 974,81 (2 unrouted), using 9180,16 CPU seconds and 66209 MB memory.
2026-09-25 13:23:27.499 INFO   [C8F2D8\B56B8D] Restoring an earlier board that has the score of 974,49 (2 unrouted).
2026-09-25 13:23:27.499 INFO   [C8F2D8\B56B8D] Auto-router pass #588 on board '42fcc93d1cb9ead59b0251d2a74c6785' was completed in 0,20 seconds with the score of 974,92 (2 unrouted), using 9180,16 CPU seconds and 66209 MB memory.
2026-09-25 13:23:27.655 INFO   [C8F2D8\B56B8D] Auto-router pass #589 on board 'ae0f306e1075f15eb6572e3003402527' was completed in 0,15 seconds with the score of 974,60 (2 unrouted), using 9180,16 CPU seconds and 66209 MB memory.
2026-09-25 13:23:27.828 INFO   [C8F2D8\B56B8D] Auto-router pass #590 on board 'f400009f1cf6b0d30463f1f3628fe9b1' was completed in 0,16 seconds with the score of 974,71 (2 unrouted), using 9180,16 CPU seconds and 66209 MB memory.
2026-09-25 13:23:28.021 INFO   [C8F2D8\B56B8D] Auto-router pass #591 on board '628118002c8e96132d759a62b8c1954b' was completed in 0,18 seconds with the score of 974,81 (2 unrouted), using 9314,28 CPU seconds and 66780 MB memory.
2026-09-25 13:23:28.251 INFO   [C8F2D8\B56B8D] Restoring an earlier board that has the score of 974,49 (2 unrouted).
2026-09-25 13:23:28.251 INFO   [C8F2D8\B56B8D] Auto-router pass #592 on board 'd7857417e3c1a15a1b0732d983e2de28' was completed in 0,21 seconds with the score of 974,92 (2 unrouted), using 9314,28 CPU seconds and 66780 MB memory.
2026-09-25 13:23:28.450 INFO   [C8F2D8\B56B8D] Auto-router pass #593 on board 'ae0f306e1075f15eb6572e3003402527' was completed in 0,18 seconds with the score of 974,60 (2 unrouted), using 9314,28 CPU seconds and 66780 MB memory.
2026-09-25 13:23:28.634 INFO   [C8F2D8\B56B8D] Auto-router pass #594 on board 'ff24ffdb313ba1d3b9baf6b170f0eda3' was completed in 0,14 seconds with the score of 974,71 (2 unrouted), using 9314,28 CPU seconds and 66780 MB memory.
2026-09-25 13:23:28.824 INFO   [C8F2D8\B56B8D] Auto-router pass #595 on board '391d183f7edaa9afc94b5f9fa3c03513' was completed in 0,16 seconds with the score of 974,81 (2 unrouted), using 9314,28 CPU seconds and 66780 MB memory.
2026-09-25 13:23:29.073 INFO   [C8F2D8\B56B8D] Restoring an earlier board that has the score of 974,81 (2 unrouted).
2026-09-25 13:23:29.074 INFO   [C8F2D8\B56B8D] Auto-router pass #596 on board 'e8157728010c5f5fb1833f13394cde87' was completed in 0,22 seconds with the score of 974,92 (2 unrouted), using 9449,39 CPU seconds and 67334 MB memory.
2026-09-25 13:23:29.248 INFO   [C8F2D8\B56B8D] Auto-router pass #597 on board 'e8157728010c5f5fb1833f13394cde87' was completed in 0,16 seconds with the score of 974,81 (2 unrouted), using 9449,39 CPU seconds and 67334 MB memory.
2026-09-25 13:23:29.469 INFO   [C8F2D8\B56B8D] Auto-router pass #598 on board 'e8157728010c5f5fb1833f13394cde87' was completed in 0,20 seconds with the score of 974,81 (2 unrouted), using 9449,39 CPU seconds and 67334 MB memory.
2026-09-25 13:23:29.659 INFO   [C8F2D8\B56B8D] Auto-router pass #599 on board 'e8157728010c5f5fb1833f13394cde87' was completed in 0,17 seconds with the score of 974,81 (2 unrouted), using 9449,39 CPU seconds and 67334 MB memory.
2026-09-25 13:23:29.875 INFO   [C8F2D8\B56B8D] Restoring an earlier board that has the score of 974,81 (2 unrouted).
2026-09-25 13:23:29.875 INFO   [C8F2D8\B56B8D] Auto-router pass #600 on board 'e8157728010c5f5fb1833f13394cde87' was completed in 0,20 seconds with the score of 974,92 (2 unrouted), using 9449,39 CPU seconds and 67334 MB memory.
2026-09-25 13:23:30.072 INFO   [C8F2D8\B56B8D] Auto-router pass #601 on board 'e8157728010c5f5fb1833f13394cde87' was completed in 0,18 seconds with the score of 974,81 (2 unrouted), using 9585,47 CPU seconds and 67895 MB memory.
2026-09-25 13:23:30.254 INFO   [C8F2D8\B56B8D] Auto-router pass #602 on board 'e8157728010c5f5fb1833f13394cde87' was completed in 0,17 seconds with the score of 974,81 (2 unrouted), using 9585,47 CPU seconds and 67895 MB memory.
2026-09-25 13:23:30.436 INFO   [C8F2D8\B56B8D] Auto-router pass #603 on board 'e8157728010c5f5fb1833f13394cde87' was completed in 0,17 seconds with the score of 974,81 (2 unrouted), using 9585,47 CPU seconds and 67895 MB memory.
2026-09-25 13:23:30.649 INFO   [C8F2D8\B56B8D] Restoring an earlier board that has the score of 974,81 (2 unrouted).
2026-09-25 13:23:30.650 INFO   [C8F2D8\B56B8D] Auto-router pass #604 on board 'e8157728010c5f5fb1833f13394cde87' was completed in 0,20 seconds with the score of 974,92 (2 unrouted), using 9585,47 CPU seconds and 67895 MB memory.
2026-09-25 13:23:30.816 INFO   [C8F2D8\B56B8D] Auto-router pass #605 on board 'e8157728010c5f5fb1833f13394cde87' was completed in 0,15 seconds with the score of 974,81 (2 unrouted), using 9585,47 CPU seconds and 67895 MB memory.
2026-09-25 13:23:30.988 INFO   [C8F2D8\B56B8D] Auto-router pass #606 on board 'e8157728010c5f5fb1833f13394cde87' was completed in 0,16 seconds with the score of 974,81 (2 unrouted), using 9722,45 CPU seconds and 68475 MB memory.
2026-09-25 13:23:31.161 INFO   [C8F2D8\B56B8D] Auto-router pass #607 on board 'e8157728010c5f5fb1833f13394cde87' was completed in 0,16 seconds with the score of 974,81 (2 unrouted), using 9722,45 CPU seconds and 68475 MB memory.
2026-09-25 13:23:31.392 INFO   [C8F2D8\B56B8D] Restoring an earlier board that has the score of 974,81 (2 unrouted).
2026-09-25 13:23:31.393 INFO   [C8F2D8\B56B8D] Auto-router pass #608 on board 'e8157728010c5f5fb1833f13394cde87' was completed in 0,22 seconds with the score of 974,92 (2 unrouted), using 9722,45 CPU seconds and 68475 MB memory.
2026-09-25 13:23:31.587 INFO   [C8F2D8\B56B8D] Auto-router pass #609 on board 'e8157728010c5f5fb1833f13394cde87' was completed in 0,18 seconds with the score of 974,81 (2 unrouted), using 9722,45 CPU seconds and 68475 MB memory.
2026-09-25 13:23:31.776 INFO   [C8F2D8\B56B8D] Auto-router pass #610 on board 'e8157728010c5f5fb1833f13394cde87' was completed in 0,18 seconds with the score of 974,81 (2 unrouted), using 9722,45 CPU seconds and 68475 MB memory.
2026-09-25 13:23:31.944 INFO   [C8F2D8\B56B8D] Auto-router pass #611 on board 'e8157728010c5f5fb1833f13394cde87' was completed in 0,15 seconds with the score of 974,81 (2 unrouted), using 9860,39 CPU seconds and 69056 MB memory.
2026-09-25 13:23:32.152 INFO   [C8F2D8\B56B8D] Restoring an earlier board that has the score of 974,71 (2 unrouted).
2026-09-25 13:23:32.152 INFO   [C8F2D8\B56B8D] Auto-router pass #612 on board 'e8157728010c5f5fb1833f13394cde87' was completed in 0,19 seconds with the score of 974,92 (2 unrouted), using 9860,39 CPU seconds and 69056 MB memory.
2026-09-25 13:23:32.311 INFO   [C8F2D8\B56B8D] Auto-router pass #613 on board '391d183f7edaa9afc94b5f9fa3c03513' was completed in 0,15 seconds with the score of 974,81 (2 unrouted), using 9860,39 CPU seconds and 69056 MB memory.
2026-09-25 13:23:32.566 INFO   [C8F2D8\B56B8D] Auto-router pass #614 on board 'e8157728010c5f5fb1833f13394cde87' was completed in 0,24 seconds with the score of 974,81 (2 unrouted), using 9860,39 CPU seconds and 69056 MB memory.
2026-09-25 13:23:32.785 INFO   [C8F2D8\B56B8D] Auto-router pass #615 on board 'e8157728010c5f5fb1833f13394cde87' was completed in 0,19 seconds with the score of 974,81 (2 unrouted), using 9860,39 CPU seconds and 69056 MB memory.
2026-09-25 13:23:32.999 INFO   [C8F2D8\B56B8D] Restoring an earlier board that has the score of 974,71 (2 unrouted).
2026-09-25 13:23:33.000 INFO   [C8F2D8\B56B8D] Auto-router pass #616 on board 'e8157728010c5f5fb1833f13394cde87' was completed in 0,20 seconds with the score of 974,92 (2 unrouted), using 9999,34 CPU seconds and 69588 MB memory.
2026-09-25 13:23:33.175 INFO   [C8F2D8\B56B8D] Auto-router pass #617 on board '391d183f7edaa9afc94b5f9fa3c03513' was completed in 0,16 seconds with the score of 974,81 (2 unrouted), using 9999,34 CPU seconds and 69588 MB memory.
2026-09-25 13:23:33.334 INFO   [C8F2D8\B56B8D] Auto-router pass #618 on board 'e8157728010c5f5fb1833f13394cde87' was completed in 0,15 seconds with the score of 974,81 (2 unrouted), using 9999,34 CPU seconds and 69588 MB memory.
2026-09-25 13:23:33.547 INFO   [C8F2D8\B56B8D] Auto-router pass #619 on board 'e8157728010c5f5fb1833f13394cde87' was completed in 0,20 seconds with the score of 974,81 (2 unrouted), using 9999,34 CPU seconds and 69588 MB memory.
2026-09-25 13:23:33.742 INFO   [C8F2D8\B56B8D] Restoring an earlier board that has the score of 974,71 (2 unrouted).
2026-09-25 13:23:33.743 INFO   [C8F2D8\B56B8D] Auto-router pass #620 on board 'e8157728010c5f5fb1833f13394cde87' was completed in 0,18 seconds with the score of 974,92 (2 unrouted), using 9999,34 CPU seconds and 69588 MB memory.
2026-09-25 13:23:33.913 INFO   [C8F2D8\B56B8D] Auto-router pass #621 on board '391d183f7edaa9afc94b5f9fa3c03513' was completed in 0,16 seconds with the score of 974,81 (2 unrouted), using 9999,34 CPU seconds and 69588 MB memory.
2026-09-25 13:23:34.094 INFO   [C8F2D8\B56B8D] Auto-router pass #622 on board 'e8157728010c5f5fb1833f13394cde87' was completed in 0,17 seconds with the score of 974,81 (2 unrouted), using 10139,28 CPU seconds and 70179 MB memory.
2026-09-25 13:23:34.307 INFO   [C8F2D8\B56B8D] Auto-router pass #623 on board 'e8157728010c5f5fb1833f13394cde87' was completed in 0,20 seconds with the score of 974,81 (2 unrouted), using 10139,28 CPU seconds and 70179 MB memory.
2026-09-25 13:23:34.517 INFO   [C8F2D8\B56B8D] Restoring an earlier board that has the score of 974,71 (2 unrouted).
2026-09-25 13:23:34.517 INFO   [C8F2D8\B56B8D] Auto-router pass #624 on board 'e8157728010c5f5fb1833f13394cde87' was completed in 0,19 seconds with the score of 974,92 (2 unrouted), using 10139,28 CPU seconds and 70179 MB memory.
2026-09-25 13:23:34.753 INFO   [C8F2D8\B56B8D] Auto-router pass #625 on board '391d183f7edaa9afc94b5f9fa3c03513' was completed in 0,22 seconds with the score of 974,81 (2 unrouted), using 10139,28 CPU seconds and 70179 MB memory.
2026-09-25 13:23:34.956 INFO   [C8F2D8\B56B8D] Auto-router pass #626 on board 'e8157728010c5f5fb1833f13394cde87' was completed in 0,19 seconds with the score of 974,81 (2 unrouted), using 10280,22 CPU seconds and 70708 MB memory.
2026-09-25 13:23:35.154 INFO   [C8F2D8\B56B8D] Auto-router pass #627 on board 'e8157728010c5f5fb1833f13394cde87' was completed in 0,18 seconds with the score of 974,81 (2 unrouted), using 10280,22 CPU seconds and 70708 MB memory.
2026-09-25 13:23:35.360 INFO   [C8F2D8\B56B8D] Restoring an earlier board that has the score of 974,60 (2 unrouted).
2026-09-25 13:23:35.361 INFO   [C8F2D8\B56B8D] Auto-router pass #628 on board 'e8157728010c5f5fb1833f13394cde87' was completed in 0,19 seconds with the score of 974,92 (2 unrouted), using 10280,22 CPU seconds and 70708 MB memory.
2026-09-25 13:23:35.535 INFO   [C8F2D8\B56B8D] Auto-router pass #629 on board 'ff24ffdb313ba1d3b9baf6b170f0eda3' was completed in 0,14 seconds with the score of 974,71 (2 unrouted), using 10280,22 CPU seconds and 70708 MB memory.
2026-09-25 13:23:35.720 INFO   [C8F2D8\B56B8D] Auto-router pass #630 on board '7310642b6e0299109a1948f920ff21d5' was completed in 0,15 seconds with the score of 974,81 (2 unrouted), using 10280,22 CPU seconds and 70708 MB memory.
2026-09-25 13:23:35.914 INFO   [C8F2D8\B56B8D] Auto-router pass #631 on board 'dca4e900c4eda663fb81fc02e3a2628f' was completed in 0,14 seconds with the score of 974,81 (2 unrouted), using 10280,22 CPU seconds and 70708 MB memory.
2026-09-25 13:23:36.172 INFO   [C8F2D8\B56B8D] Restoring an earlier board that has the score of 974,81 (2 unrouted).
2026-09-25 13:23:36.173 INFO   [C8F2D8\B56B8D] Auto-router pass #632 on board 'dca4e900c4eda663fb81fc02e3a2628f' was completed in 0,24 seconds with the score of 974,92 (2 unrouted), using 10422,16 CPU seconds and 71293 MB memory.
2026-09-25 13:23:36.370 INFO   [C8F2D8\B56B8D] Auto-router pass #633 on board 'dca4e900c4eda663fb81fc02e3a2628f' was completed in 0,18 seconds with the score of 974,81 (2 unrouted), using 10422,16 CPU seconds and 71293 MB memory.
2026-09-25 13:23:36.590 INFO   [C8F2D8\B56B8D] Auto-router pass #634 on board 'dca4e900c4eda663fb81fc02e3a2628f' was completed in 0,19 seconds with the score of 974,81 (2 unrouted), using 10422,16 CPU seconds and 71293 MB memory.
2026-09-25 13:23:36.780 INFO   [C8F2D8\B56B8D] Auto-router pass #635 on board 'dca4e900c4eda663fb81fc02e3a2628f' was completed in 0,17 seconds with the score of 974,81 (2 unrouted), using 10422,16 CPU seconds and 71293 MB memory.
2026-09-25 13:23:37.025 INFO   [C8F2D8\B56B8D] Restoring an earlier board that has the score of 974,81 (2 unrouted).
2026-09-25 13:23:37.025 INFO   [C8F2D8\B56B8D] Auto-router pass #636 on board 'dca4e900c4eda663fb81fc02e3a2628f' was completed in 0,23 seconds with the score of 974,92 (2 unrouted), using 10565,08 CPU seconds and 71800 MB memory.
2026-09-25 13:23:37.212 INFO   [C8F2D8\B56B8D] Auto-router pass #637 on board 'dca4e900c4eda663fb81fc02e3a2628f' was completed in 0,17 seconds with the score of 974,81 (2 unrouted), using 10565,08 CPU seconds and 71800 MB memory.
2026-09-25 13:23:37.426 INFO   [C8F2D8\B56B8D] Auto-router pass #638 on board 'dca4e900c4eda663fb81fc02e3a2628f' was completed in 0,20 seconds with the score of 974,81 (2 unrouted), using 10565,08 CPU seconds and 71800 MB memory.
2026-09-25 13:23:37.651 INFO   [C8F2D8\B56B8D] Auto-router pass #639 on board 'dca4e900c4eda663fb81fc02e3a2628f' was completed in 0,20 seconds with the score of 974,81 (2 unrouted), using 10565,08 CPU seconds and 71800 MB memory.
2026-09-25 13:23:37.890 INFO   [C8F2D8\B56B8D] Restoring an earlier board that has the score of 974,81 (2 unrouted).
2026-09-25 13:23:37.890 INFO   [C8F2D8\B56B8D] Auto-router pass #640 on board 'dca4e900c4eda663fb81fc02e3a2628f' was completed in 0,22 seconds with the score of 974,92 (2 unrouted), using 10565,08 CPU seconds and 71800 MB memory.
2026-09-25 13:23:38.074 INFO   [C8F2D8\B56B8D] Auto-router pass #641 on board 'dca4e900c4eda663fb81fc02e3a2628f' was completed in 0,16 seconds with the score of 974,81 (2 unrouted), using 10709,00 CPU seconds and 72334 MB memory.
2026-09-25 13:23:38.303 INFO   [C8F2D8\B56B8D] Auto-router pass #642 on board 'dca4e900c4eda663fb81fc02e3a2628f' was completed in 0,21 seconds with the score of 974,81 (2 unrouted), using 10709,00 CPU seconds and 72334 MB memory.
2026-09-25 13:23:38.458 INFO   [C8F2D8\B56B8D] Auto-router pass #643 on board 'dca4e900c4eda663fb81fc02e3a2628f' was completed in 0,14 seconds with the score of 974,81 (2 unrouted), using 10709,00 CPU seconds and 72334 MB memory.
2026-09-25 13:23:38.665 INFO   [C8F2D8\B56B8D] Restoring an earlier board that has the score of 974,81 (2 unrouted).
2026-09-25 13:23:38.666 INFO   [C8F2D8\B56B8D] Auto-router pass #644 on board 'dca4e900c4eda663fb81fc02e3a2628f' was completed in 0,20 seconds with the score of 974,92 (2 unrouted), using 10709,00 CPU seconds and 72334 MB memory.
2026-09-25 13:23:38.819 INFO   [C8F2D8\B56B8D] Auto-router pass #645 on board 'dca4e900c4eda663fb81fc02e3a2628f' was completed in 0,14 seconds with the score of 974,81 (2 unrouted), using 10709,00 CPU seconds and 72334 MB memory.
2026-09-25 13:23:38.979 INFO   [C8F2D8\B56B8D] Auto-router pass #646 on board 'dca4e900c4eda663fb81fc02e3a2628f' was completed in 0,15 seconds with the score of 974,81 (2 unrouted), using 10709,00 CPU seconds and 72334 MB memory.
2026-09-25 13:23:39.146 INFO   [C8F2D8\B56B8D] Auto-router pass #647 on board 'dca4e900c4eda663fb81fc02e3a2628f' was completed in 0,16 seconds with the score of 974,81 (2 unrouted), using 10853,92 CPU seconds and 72933 MB memory.
2026-09-25 13:23:39.385 INFO   [C8F2D8\B56B8D] Restoring an earlier board that has the score of 974,71 (2 unrouted).
2026-09-25 13:23:39.385 INFO   [C8F2D8\B56B8D] Auto-router pass #648 on board 'dca4e900c4eda663fb81fc02e3a2628f' was completed in 0,22 seconds with the score of 974,92 (2 unrouted), using 10853,92 CPU seconds and 72933 MB memory.
2026-09-25 13:23:39.686 INFO   [C8F2D8\B56B8D] Auto-router pass #649 on board '7310642b6e0299109a1948f920ff21d5' was completed in 0,28 seconds with the score of 974,81 (2 unrouted), using 10853,92 CPU seconds and 72933 MB memory.
2026-09-25 13:23:39.903 INFO   [C8F2D8\B56B8D] Auto-router pass #650 on board '82f91a2fdbd93731dc712a43d2d9128c' was completed in 0,16 seconds with the score of 974,81 (2 unrouted), using 10853,92 CPU seconds and 72933 MB memory.
2026-09-25 13:23:40.072 INFO   [C8F2D8\B56B8D] Auto-router pass #651 on board '82f91a2fdbd93731dc712a43d2d9128c' was completed in 0,16 seconds with the score of 974,81 (2 unrouted), using 10999,81 CPU seconds and 73438 MB memory.
2026-09-25 13:23:40.279 INFO   [C8F2D8\B56B8D] Restoring an earlier board that has the score of 974,81 (2 unrouted).
2026-09-25 13:23:40.280 INFO   [C8F2D8\B56B8D] Auto-router pass #652 on board '82f91a2fdbd93731dc712a43d2d9128c' was completed in 0,19 seconds with the score of 974,92 (2 unrouted), using 10999,81 CPU seconds and 73438 MB memory.
2026-09-25 13:23:40.448 INFO   [C8F2D8\B56B8D] Auto-router pass #653 on board '82f91a2fdbd93731dc712a43d2d9128c' was completed in 0,15 seconds with the score of 974,81 (2 unrouted), using 10999,81 CPU seconds and 73438 MB memory.
2026-09-25 13:23:40.625 INFO   [C8F2D8\B56B8D] Auto-router pass #654 on board '82f91a2fdbd93731dc712a43d2d9128c' was completed in 0,16 seconds with the score of 974,81 (2 unrouted), using 10999,81 CPU seconds and 73438 MB memory.
2026-09-25 13:23:40.814 INFO   [C8F2D8\B56B8D] Auto-router pass #655 on board '82f91a2fdbd93731dc712a43d2d9128c' was completed in 0,17 seconds with the score of 974,81 (2 unrouted), using 10999,81 CPU seconds and 73438 MB memory.
2026-09-25 13:23:41.048 INFO   [C8F2D8\B56B8D] Restoring an earlier board that has the score of 974,81 (2 unrouted).
2026-09-25 13:23:41.049 INFO   [C8F2D8\B56B8D] Auto-router pass #656 on board '82f91a2fdbd93731dc712a43d2d9128c' was completed in 0,22 seconds with the score of 974,92 (2 unrouted), using 11146,69 CPU seconds and 74034 MB memory.
2026-09-25 13:23:41.290 INFO   [C8F2D8\B56B8D] Auto-router pass #657 on board '82f91a2fdbd93731dc712a43d2d9128c' was completed in 0,22 seconds with the score of 974,81 (2 unrouted), using 11146,69 CPU seconds and 74034 MB memory.
2026-09-25 13:23:41.467 INFO   [C8F2D8\B56B8D] Auto-router pass #658 on board '82f91a2fdbd93731dc712a43d2d9128c' was completed in 0,16 seconds with the score of 974,81 (2 unrouted), using 11146,69 CPU seconds and 74034 MB memory.
2026-09-25 13:23:41.655 INFO   [C8F2D8\B56B8D] Auto-router pass #659 on board '82f91a2fdbd93731dc712a43d2d9128c' was completed in 0,17 seconds with the score of 974,81 (2 unrouted), using 11146,69 CPU seconds and 74034 MB memory.
2026-09-25 13:23:41.925 INFO   [C8F2D8\B56B8D] Restoring an earlier board that has the score of 974,81 (2 unrouted).
2026-09-25 13:23:41.925 INFO   [C8F2D8\B56B8D] Auto-router pass #660 on board '82f91a2fdbd93731dc712a43d2d9128c' was completed in 0,26 seconds with the score of 974,92 (2 unrouted), using 11146,69 CPU seconds and 74034 MB memory.
2026-09-25 13:23:42.092 INFO   [C8F2D8\B56B8D] Auto-router pass #661 on board '82f91a2fdbd93731dc712a43d2d9128c' was completed in 0,15 seconds with the score of 974,81 (2 unrouted), using 11294,56 CPU seconds and 74524 MB memory.
2026-09-25 13:23:42.255 INFO   [C8F2D8\B56B8D] Auto-router pass #662 on board '82f91a2fdbd93731dc712a43d2d9128c' was completed in 0,15 seconds with the score of 974,81 (2 unrouted), using 11294,56 CPU seconds and 74524 MB memory.
2026-09-25 13:23:42.455 INFO   [C8F2D8\B56B8D] Auto-router pass #663 on board '82f91a2fdbd93731dc712a43d2d9128c' was completed in 0,19 seconds with the score of 974,81 (2 unrouted), using 11294,56 CPU seconds and 74524 MB memory.
2026-09-25 13:23:42.705 INFO   [C8F2D8\B56B8D] Restoring an earlier board that has the score of 974,81 (2 unrouted).
2026-09-25 13:23:42.706 INFO   [C8F2D8\B56B8D] Auto-router pass #664 on board '82f91a2fdbd93731dc712a43d2d9128c' was completed in 0,24 seconds with the score of 974,92 (2 unrouted), using 11294,56 CPU seconds and 74524 MB memory.
2026-09-25 13:23:42.877 INFO   [C8F2D8\B56B8D] Auto-router pass #665 on board '82f91a2fdbd93731dc712a43d2d9128c' was completed in 0,16 seconds with the score of 974,81 (2 unrouted), using 11294,56 CPU seconds and 74524 MB memory.
2026-09-25 13:23:43.069 INFO   [C8F2D8\B56B8D] Auto-router pass #666 on board '82f91a2fdbd93731dc712a43d2d9128c' was completed in 0,18 seconds with the score of 974,81 (2 unrouted), using 11443,41 CPU seconds and 75109 MB memory.
2026-09-25 13:23:43.236 INFO   [C8F2D8\B56B8D] Auto-router pass #667 on board '82f91a2fdbd93731dc712a43d2d9128c' was completed in 0,16 seconds with the score of 974,81 (2 unrouted), using 11443,41 CPU seconds and 75109 MB memory.
2026-09-25 13:23:43.530 INFO   [C8F2D8\B56B8D] Restoring an earlier board that has the score of 974,71 (2 unrouted).
2026-09-25 13:23:43.530 INFO   [C8F2D8\B56B8D] Auto-router pass #668 on board '82f91a2fdbd93731dc712a43d2d9128c' was completed in 0,27 seconds with the score of 974,92 (2 unrouted), using 11443,41 CPU seconds and 75109 MB memory.
2026-09-25 13:23:43.744 INFO   [C8F2D8\B56B8D] Auto-router pass #669 on board '7310642b6e0299109a1948f920ff21d5' was completed in 0,20 seconds with the score of 974,81 (2 unrouted), using 11443,41 CPU seconds and 75109 MB memory.
2026-09-25 13:23:43.928 INFO   [C8F2D8\B56B8D] Auto-router pass #670 on board '82f91a2fdbd93731dc712a43d2d9128c' was completed in 0,17 seconds with the score of 974,81 (2 unrouted), using 11443,41 CPU seconds and 75109 MB memory.
2026-09-25 13:23:44.173 INFO   [C8F2D8\B56B8D] Auto-router pass #671 on board '82f91a2fdbd93731dc712a43d2d9128c' was completed in 0,23 seconds with the score of 974,81 (2 unrouted), using 11593,27 CPU seconds and 75628 MB memory.
2026-09-25 13:23:44.497 INFO   [C8F2D8\B56B8D] Restoring an earlier board that has the score of 974,71 (2 unrouted).
2026-09-25 13:23:44.498 INFO   [C8F2D8\B56B8D] Auto-router pass #672 on board '82f91a2fdbd93731dc712a43d2d9128c' was completed in 0,31 seconds with the score of 974,92 (2 unrouted), using 11593,27 CPU seconds and 75628 MB memory.
2026-09-25 13:23:44.710 INFO   [C8F2D8\B56B8D] Auto-router pass #673 on board '7310642b6e0299109a1948f920ff21d5' was completed in 0,20 seconds with the score of 974,81 (2 unrouted), using 11593,27 CPU seconds and 75628 MB memory.
2026-09-25 13:23:44.858 INFO   [C8F2D8\B56B8D] Auto-router pass #674 on board '82f91a2fdbd93731dc712a43d2d9128c' was completed in 0,13 seconds with the score of 974,81 (2 unrouted), using 11593,27 CPU seconds and 75628 MB memory.
2026-09-25 13:23:45.035 INFO   [C8F2D8\B56B8D] Auto-router pass #675 on board '82f91a2fdbd93731dc712a43d2d9128c' was completed in 0,17 seconds with the score of 974,81 (2 unrouted), using 11744,11 CPU seconds and 76116 MB memory.
2026-09-25 13:23:45.239 INFO   [C8F2D8\B56B8D] Restoring an earlier board that has the score of 974,71 (2 unrouted).
2026-09-25 13:23:45.240 INFO   [C8F2D8\B56B8D] Auto-router pass #676 on board '82f91a2fdbd93731dc712a43d2d9128c' was completed in 0,18 seconds with the score of 974,92 (2 unrouted), using 11744,11 CPU seconds and 76116 MB memory.
2026-09-25 13:23:45.429 INFO   [C8F2D8\B56B8D] Auto-router pass #677 on board '7310642b6e0299109a1948f920ff21d5' was completed in 0,17 seconds with the score of 974,81 (2 unrouted), using 11744,11 CPU seconds and 76116 MB memory.
2026-09-25 13:23:45.627 INFO   [C8F2D8\B56B8D] Auto-router pass #678 on board '82f91a2fdbd93731dc712a43d2d9128c' was completed in 0,17 seconds with the score of 974,81 (2 unrouted), using 11744,11 CPU seconds and 76116 MB memory.
2026-09-25 13:23:45.764 INFO   [C8F2D8\B56B8D] Auto-router pass #679 on board '82f91a2fdbd93731dc712a43d2d9128c' was completed in 0,12 seconds with the score of 974,81 (2 unrouted), using 11744,11 CPU seconds and 76116 MB memory.
2026-09-25 13:23:45.974 INFO   [C8F2D8\B56B8D] Restoring an earlier board that has the score of 974,60 (2 unrouted).
2026-09-25 13:23:45.975 INFO   [C8F2D8\B56B8D] Auto-router pass #680 on board '82f91a2fdbd93731dc712a43d2d9128c' was completed in 0,20 seconds with the score of 974,92 (2 unrouted), using 11744,11 CPU seconds and 76116 MB memory.
2026-09-25 13:23:46.207 INFO   [C8F2D8\B56B8D] Auto-router pass #681 on board 'ff24ffdb313ba1d3b9baf6b170f0eda3' was completed in 0,21 seconds with the score of 974,71 (2 unrouted), using 11895,94 CPU seconds and 76711 MB memory.
2026-09-25 13:23:46.379 INFO   [C8F2D8\B56B8D] Auto-router pass #682 on board '7310642b6e0299109a1948f920ff21d5' was completed in 0,16 seconds with the score of 974,81 (2 unrouted), using 11895,94 CPU seconds and 76711 MB memory.
2026-09-25 13:23:46.555 INFO   [C8F2D8\B56B8D] Auto-router pass #683 on board '82f91a2fdbd93731dc712a43d2d9128c' was completed in 0,16 seconds with the score of 974,81 (2 unrouted), using 11895,94 CPU seconds and 76711 MB memory.
2026-09-25 13:23:46.767 INFO   [C8F2D8\B56B8D] Restoring an earlier board that has the score of 974,60 (2 unrouted).
2026-09-25 13:23:46.768 INFO   [C8F2D8\B56B8D] Auto-router pass #684 on board '82f91a2fdbd93731dc712a43d2d9128c' was completed in 0,20 seconds with the score of 974,92 (2 unrouted), using 11895,94 CPU seconds and 76711 MB memory.
2026-09-25 13:23:46.983 INFO   [C8F2D8\B56B8D] Auto-router pass #685 on board 'ff24ffdb313ba1d3b9baf6b170f0eda3' was completed in 0,19 seconds with the score of 974,71 (2 unrouted), using 11895,94 CPU seconds and 76711 MB memory.
2026-09-25 13:23:47.203 INFO   [C8F2D8\B56B8D] Auto-router pass #686 on board '7310642b6e0299109a1948f920ff21d5' was completed in 0,20 seconds with the score of 974,81 (2 unrouted), using 12048,73 CPU seconds and 77239 MB memory.
2026-09-25 13:23:47.428 INFO   [C8F2D8\B56B8D] Auto-router pass #687 on board '82f91a2fdbd93731dc712a43d2d9128c' was completed in 0,21 seconds with the score of 974,81 (2 unrouted), using 12048,73 CPU seconds and 77239 MB memory.
2026-09-25 13:23:47.669 INFO   [C8F2D8\B56B8D] Restoring an earlier board that has the score of 974,60 (2 unrouted).
2026-09-25 13:23:47.671 INFO   [C8F2D8\B56B8D] Auto-router pass #688 on board '82f91a2fdbd93731dc712a43d2d9128c' was completed in 0,23 seconds with the score of 974,92 (2 unrouted), using 12048,73 CPU seconds and 77239 MB memory.
2026-09-25 13:23:47.844 INFO   [C8F2D8\B56B8D] Auto-router pass #689 on board 'ff24ffdb313ba1d3b9baf6b170f0eda3' was completed in 0,16 seconds with the score of 974,71 (2 unrouted), using 12048,73 CPU seconds and 77239 MB memory.
2026-09-25 13:23:48.015 INFO   [C8F2D8\B56B8D] Auto-router pass #690 on board '391d183f7edaa9afc94b5f9fa3c03513' was completed in 0,16 seconds with the score of 974,81 (2 unrouted), using 12048,73 CPU seconds and 77239 MB memory.
2026-09-25 13:23:48.219 INFO   [C8F2D8\B56B8D] Auto-router pass #691 on board 'e8157728010c5f5fb1833f13394cde87' was completed in 0,19 seconds with the score of 974,81 (2 unrouted), using 12202,50 CPU seconds and 77775 MB memory.
2026-09-25 13:23:48.484 INFO   [C8F2D8\B56B8D] Restoring an earlier board that has the score of 974,49 (2 unrouted).
2026-09-25 13:23:48.484 INFO   [C8F2D8\B56B8D] Auto-router pass #692 on board 'e8157728010c5f5fb1833f13394cde87' was completed in 0,25 seconds with the score of 974,92 (2 unrouted), using 12202,50 CPU seconds and 77775 MB memory.
2026-09-25 13:23:48.695 INFO   [C8F2D8\B56B8D] Auto-router pass #693 on board 'ae0f306e1075f15eb6572e3003402527' was completed in 0,20 seconds with the score of 974,60 (2 unrouted), using 12202,50 CPU seconds and 77775 MB memory.
2026-09-25 13:23:48.919 INFO   [C8F2D8\B56B8D] Auto-router pass #694 on board 'f400009f1cf6b0d30463f1f3628fe9b1' was completed in 0,21 seconds with the score of 974,71 (2 unrouted), using 12202,50 CPU seconds and 77775 MB memory.
2026-09-25 13:23:49.102 INFO   [C8F2D8\B56B8D] Auto-router pass #695 on board '628118002c8e96132d759a62b8c1954b' was completed in 0,17 seconds with the score of 974,81 (2 unrouted), using 12357,27 CPU seconds and 78273 MB memory.
2026-09-25 13:23:49.415 INFO   [C8F2D8\B56B8D] Restoring an earlier board that has the score of 974,49 (2 unrouted).
2026-09-25 13:23:49.415 INFO   [C8F2D8\B56B8D] Auto-router pass #696 on board '42fcc93d1cb9ead59b0251d2a74c6785' was completed in 0,30 seconds with the score of 974,92 (2 unrouted), using 12357,27 CPU seconds and 78273 MB memory.
2026-09-25 13:23:49.633 INFO   [C8F2D8\B56B8D] Auto-router pass #697 on board 'ae0f306e1075f15eb6572e3003402527' was completed in 0,19 seconds with the score of 974,60 (2 unrouted), using 12357,27 CPU seconds and 78273 MB memory.
2026-09-25 13:23:49.858 INFO   [C8F2D8\B56B8D] Auto-router pass #698 on board 'f400009f1cf6b0d30463f1f3628fe9b1' was completed in 0,21 seconds with the score of 974,71 (2 unrouted), using 12357,27 CPU seconds and 78273 MB memory.
2026-09-25 13:23:50.103 INFO   [C8F2D8\B56B8D] Auto-router pass #699 on board '6fce854c5ffd36ed06ecc4b82f9e8346' was completed in 0,22 seconds with the score of 974,81 (2 unrouted), using 12513,02 CPU seconds and 78720 MB memory.
2026-09-25 13:23:50.333 INFO   [C8F2D8\B56B8D] Restoring an earlier board that has the score of 974,38 (2 unrouted).
2026-09-25 13:23:50.334 INFO   [C8F2D8\B56B8D] Auto-router pass #700 on board 'be8ab6b4a993653a53f48970ed03eba5' was completed in 0,22 seconds with the score of 974,92 (2 unrouted), using 12513,02 CPU seconds and 78720 MB memory.
2026-09-25 13:23:50.538 INFO   [C8F2D8\B56B8D] Auto-router pass #701 on board '6378680027ce3519b9d09cfcef61152a' was completed in 0,19 seconds with the score of 974,49 (2 unrouted), using 12513,02 CPU seconds and 78720 MB memory.
2026-09-25 13:23:50.764 INFO   [C8F2D8\B56B8D] Auto-router pass #702 on board '892d277ca63e8f222f72c3bb31940b37' was completed in 0,21 seconds with the score of 974,60 (2 unrouted), using 12513,02 CPU seconds and 78720 MB memory.
2026-09-25 13:23:50.972 INFO   [C8F2D8\B56B8D] Auto-router pass #703 on board 'dd97aed5a101e1547b5b3d2a1c4f3272' was completed in 0,19 seconds with the score of 974,71 (2 unrouted), using 12513,02 CPU seconds and 78720 MB memory.
2026-09-25 13:23:51.203 INFO   [C8F2D8\B56B8D] Restoring an earlier board that has the score of 974,38 (2 unrouted).
2026-09-25 13:23:51.203 INFO   [C8F2D8\B56B8D] Auto-router pass #704 on board '8b57060e133f2400f9c40fc14f94299f' was completed in 0,22 seconds with the score of 974,81 (2 unrouted), using 12669,70 CPU seconds and 79246 MB memory.
2026-09-25 13:23:51.403 INFO   [C8F2D8\B56B8D] Auto-router pass #705 on board '6378680027ce3519b9d09cfcef61152a' was completed in 0,19 seconds with the score of 974,49 (2 unrouted), using 12669,70 CPU seconds and 79246 MB memory.
2026-09-25 13:23:51.662 INFO   [C8F2D8\B56B8D] Auto-router pass #706 on board 'ae0f306e1075f15eb6572e3003402527' was completed in 0,24 seconds with the score of 974,60 (2 unrouted), using 12669,70 CPU seconds and 79246 MB memory.
2026-09-25 13:23:51.902 INFO   [C8F2D8\B56B8D] Auto-router pass #707 on board 'ff24ffdb313ba1d3b9baf6b170f0eda3' was completed in 0,22 seconds with the score of 974,71 (2 unrouted), using 12669,70 CPU seconds and 79246 MB memory.
2026-09-25 13:23:52.138 INFO   [C8F2D8\B56B8D] Restoring an earlier board that has the score of 974,38 (2 unrouted).
2026-09-25 13:23:52.138 INFO   [C8F2D8\B56B8D] Auto-router pass #708 on board '7310642b6e0299109a1948f920ff21d5' was completed in 0,22 seconds with the score of 974,81 (2 unrouted), using 12827,34 CPU seconds and 79709 MB memory.
2026-09-25 13:23:52.341 INFO   [C8F2D8\B56B8D] Auto-router pass #709 on board '6378680027ce3519b9d09cfcef61152a' was completed in 0,19 seconds with the score of 974,49 (2 unrouted), using 12827,34 CPU seconds and 79709 MB memory.
2026-09-25 13:23:52.638 INFO   [C8F2D8\B56B8D] Auto-router pass #710 on board 'ae0f306e1075f15eb6572e3003402527' was completed in 0,27 seconds with the score of 974,60 (2 unrouted), using 12827,34 CPU seconds and 79709 MB memory.
2026-09-25 13:23:52.916 INFO   [C8F2D8\B56B8D] Auto-router pass #711 on board 'ff24ffdb313ba1d3b9baf6b170f0eda3' was completed in 0,25 seconds with the score of 974,71 (2 unrouted), using 12827,34 CPU seconds and 79709 MB memory.
2026-09-25 13:23:53.256 INFO   [C8F2D8\B56B8D] Restoring an earlier board that has the score of 974,27 (2 unrouted).
2026-09-25 13:23:53.257 INFO   [C8F2D8\B56B8D] Auto-router pass #712 on board '391d183f7edaa9afc94b5f9fa3c03513' was completed in 0,32 seconds with the score of 974,81 (2 unrouted), using 12985,95 CPU seconds and 80125 MB memory.
2026-09-25 13:23:53.572 INFO   [C8F2D8\B56B8D] Auto-router pass #713 on board 'c7621fb99aa9f43f0b73af1ea20412e9' was completed in 0,28 seconds with the score of 974,38 (2 unrouted), using 12985,95 CPU seconds and 80125 MB memory.
2026-09-25 13:23:53.845 INFO   [C8F2D8\B56B8D] Auto-router pass #714 on board 'ea1bb02bf6b9211efbb15a760510582e' was completed in 0,23 seconds with the score of 974,49 (2 unrouted), using 12985,95 CPU seconds and 80125 MB memory.
2026-09-25 13:23:54.071 INFO   [C8F2D8\B56B8D] Auto-router pass #715 on board 'c3b087f64a6ab69134b80bbe8cf2695c' was completed in 0,19 seconds with the score of 974,60 (2 unrouted), using 12985,95 CPU seconds and 80125 MB memory.
2026-09-25 13:23:54.344 INFO   [C8F2D8\B56B8D] Restoring an earlier board that has the score of 974,60 (2 unrouted).
2026-09-25 13:23:54.344 INFO   [C8F2D8\B56B8D] Auto-router pass #716 on board 'dcb3ea6b0770b4b52ef08734e1f03765' was completed in 0,22 seconds with the score of 974,71 (2 unrouted), using 13145,52 CPU seconds and 80524 MB memory.
2026-09-25 13:23:54.642 INFO   [C8F2D8\B56B8D] Auto-router pass #717 on board 'dcb3ea6b0770b4b52ef08734e1f03765' was completed in 0,28 seconds with the score of 974,71 (2 unrouted), using 13145,52 CPU seconds and 80524 MB memory.
2026-09-25 13:23:54.879 INFO   [C8F2D8\B56B8D] Auto-router pass #718 on board '5262c6c32b10535cb7e53baa98999fcd' was completed in 0,19 seconds with the score of 974,81 (2 unrouted), using 13145,52 CPU seconds and 80524 MB memory.
2026-09-25 13:23:55.108 INFO   [C8F2D8\B56B8D] Auto-router pass #719 on board '7e9cf17763b2bd7649f4a9704742b315' was completed in 0,19 seconds with the score of 974,81 (2 unrouted), using 13306,06 CPU seconds and 80989 MB memory.
2026-09-25 13:23:55.472 INFO   [C8F2D8\B56B8D] Restoring an earlier board that has the score of 974,81 (2 unrouted).
2026-09-25 13:23:55.474 INFO   [C8F2D8\B56B8D] Auto-router pass #720 on board '7e9cf17763b2bd7649f4a9704742b315' was completed in 0,34 seconds with the score of 974,92 (2 unrouted), using 13306,06 CPU seconds and 80989 MB memory.
2026-09-25 13:23:55.799 INFO   [C8F2D8\B56B8D] Auto-router pass #721 on board '7e9cf17763b2bd7649f4a9704742b315' was completed in 0,29 seconds with the score of 974,81 (2 unrouted), using 13306,06 CPU seconds and 80989 MB memory.
2026-09-25 13:23:56.088 INFO   [C8F2D8\B56B8D] Auto-router pass #722 on board '7e9cf17763b2bd7649f4a9704742b315' was completed in 0,27 seconds with the score of 974,81 (2 unrouted), using 13306,06 CPU seconds and 80989 MB memory.
2026-09-25 13:23:56.302 INFO   [C8F2D8\B56B8D] Auto-router pass #723 on board '7e9cf17763b2bd7649f4a9704742b315' was completed in 0,20 seconds with the score of 974,81 (2 unrouted), using 13467,56 CPU seconds and 81343 MB memory.
2026-09-25 13:23:56.643 INFO   [C8F2D8\B56B8D] Restoring an earlier board that has the score of 974,81 (2 unrouted).
2026-09-25 13:23:56.643 INFO   [C8F2D8\B56B8D] Auto-router pass #724 on board '7e9cf17763b2bd7649f4a9704742b315' was completed in 0,32 seconds with the score of 974,92 (2 unrouted), using 13467,56 CPU seconds and 81343 MB memory.
2026-09-25 13:23:56.849 INFO   [C8F2D8\B56B8D] Auto-router pass #725 on board '7e9cf17763b2bd7649f4a9704742b315' was completed in 0,18 seconds with the score of 974,81 (2 unrouted), using 13467,56 CPU seconds and 81343 MB memory.
2026-09-25 13:23:57.032 INFO   [C8F2D8\B56B8D] Auto-router pass #726 on board '7e9cf17763b2bd7649f4a9704742b315' was completed in 0,16 seconds with the score of 974,81 (2 unrouted), using 13467,56 CPU seconds and 81343 MB memory.
2026-09-25 13:23:57.211 INFO   [C8F2D8\B56B8D] Auto-router pass #727 on board '7e9cf17763b2bd7649f4a9704742b315' was completed in 0,17 seconds with the score of 974,81 (2 unrouted), using 13630,08 CPU seconds and 81822 MB memory.
2026-09-25 13:23:57.513 INFO   [C8F2D8\B56B8D] Restoring an earlier board that has the score of 974,81 (2 unrouted).
2026-09-25 13:23:57.514 INFO   [C8F2D8\B56B8D] Auto-router pass #728 on board '7e9cf17763b2bd7649f4a9704742b315' was completed in 0,29 seconds with the score of 974,92 (2 unrouted), using 13630,08 CPU seconds and 81822 MB memory.
2026-09-25 13:23:57.764 INFO   [C8F2D8\B56B8D] Auto-router pass #729 on board '7e9cf17763b2bd7649f4a9704742b315' was completed in 0,23 seconds with the score of 974,81 (2 unrouted), using 13630,08 CPU seconds and 81822 MB memory.
2026-09-25 13:23:57.956 INFO   [C8F2D8\B56B8D] Auto-router pass #730 on board '7e9cf17763b2bd7649f4a9704742b315' was completed in 0,18 seconds with the score of 974,81 (2 unrouted), using 13630,08 CPU seconds and 81822 MB memory.
2026-09-25 13:23:58.158 INFO   [C8F2D8\B56B8D] Auto-router pass #731 on board '7e9cf17763b2bd7649f4a9704742b315' was completed in 0,18 seconds with the score of 974,81 (2 unrouted), using 13793,56 CPU seconds and 82301 MB memory.
2026-09-25 13:23:58.491 INFO   [C8F2D8\B56B8D] Restoring an earlier board that has the score of 974,81 (2 unrouted).
2026-09-25 13:23:58.493 INFO   [C8F2D8\B56B8D] Auto-router pass #732 on board '7e9cf17763b2bd7649f4a9704742b315' was completed in 0,31 seconds with the score of 974,92 (2 unrouted), using 13793,56 CPU seconds and 82301 MB memory.
2026-09-25 13:23:58.705 INFO   [C8F2D8\B56B8D] Auto-router pass #733 on board '7e9cf17763b2bd7649f4a9704742b315' was completed in 0,20 seconds with the score of 974,81 (2 unrouted), using 13793,56 CPU seconds and 82301 MB memory.
2026-09-25 13:23:58.877 INFO   [C8F2D8\B56B8D] Auto-router pass #734 on board '7e9cf17763b2bd7649f4a9704742b315' was completed in 0,15 seconds with the score of 974,81 (2 unrouted), using 13793,56 CPU seconds and 82301 MB memory.
2026-09-25 13:23:59.192 INFO   [C8F2D8\B56B8D] Auto-router pass #735 on board '7e9cf17763b2bd7649f4a9704742b315' was completed in 0,29 seconds with the score of 974,81 (2 unrouted), using 13958,02 CPU seconds and 82729 MB memory.
2026-09-25 13:23:59.565 INFO   [C8F2D8\B56B8D] Restoring an earlier board that has the score of 974,71 (2 unrouted).
2026-09-25 13:23:59.565 INFO   [C8F2D8\B56B8D] Auto-router pass #736 on board '7e9cf17763b2bd7649f4a9704742b315' was completed in 0,35 seconds with the score of 974,92 (2 unrouted), using 13958,02 CPU seconds and 82729 MB memory.
2026-09-25 13:23:59.746 INFO   [C8F2D8\B56B8D] Auto-router pass #737 on board '5262c6c32b10535cb7e53baa98999fcd' was completed in 0,17 seconds with the score of 974,81 (2 unrouted), using 13958,02 CPU seconds and 82729 MB memory.
2026-09-25 13:23:59.956 INFO   [C8F2D8\B56B8D] Auto-router pass #738 on board '97e47682afa8f4f6feaf693be3565470' was completed in 0,17 seconds with the score of 974,81 (2 unrouted), using 13958,02 CPU seconds and 82729 MB memory.
2026-09-25 13:24:00.157 INFO   [C8F2D8\B56B8D] Auto-router pass #739 on board '97e47682afa8f4f6feaf693be3565470' was completed in 0,18 seconds with the score of 974,81 (2 unrouted), using 14123,45 CPU seconds and 83196 MB memory.
2026-09-25 13:24:00.400 INFO   [C8F2D8\B56B8D] Restoring an earlier board that has the score of 974,81 (2 unrouted).
2026-09-25 13:24:00.401 INFO   [C8F2D8\B56B8D] Auto-router pass #740 on board '97e47682afa8f4f6feaf693be3565470' was completed in 0,23 seconds with the score of 974,92 (2 unrouted), using 14123,45 CPU seconds and 83196 MB memory.
2026-09-25 13:24:00.618 INFO   [C8F2D8\B56B8D] Auto-router pass #741 on board '97e47682afa8f4f6feaf693be3565470' was completed in 0,19 seconds with the score of 974,81 (2 unrouted), using 14123,45 CPU seconds and 83196 MB memory.
2026-09-25 13:24:00.797 INFO   [C8F2D8\B56B8D] Auto-router pass #742 on board '97e47682afa8f4f6feaf693be3565470' was completed in 0,16 seconds with the score of 974,81 (2 unrouted), using 14123,45 CPU seconds and 83196 MB memory.
2026-09-25 13:24:01.012 INFO   [C8F2D8\B56B8D] Auto-router pass #743 on board '97e47682afa8f4f6feaf693be3565470' was completed in 0,18 seconds with the score of 974,81 (2 unrouted), using 14123,45 CPU seconds and 83196 MB memory.
2026-09-25 13:24:01.275 INFO   [C8F2D8\B56B8D] Restoring an earlier board that has the score of 974,81 (2 unrouted).
2026-09-25 13:24:01.275 INFO   [C8F2D8\B56B8D] Auto-router pass #744 on board '97e47682afa8f4f6feaf693be3565470' was completed in 0,24 seconds with the score of 974,92 (2 unrouted), using 14289,84 CPU seconds and 83694 MB memory.
2026-09-25 13:24:01.448 INFO   [C8F2D8\B56B8D] Auto-router pass #745 on board '97e47682afa8f4f6feaf693be3565470' was completed in 0,16 seconds with the score of 974,81 (2 unrouted), using 14289,84 CPU seconds and 83694 MB memory.
2026-09-25 13:24:01.672 INFO   [C8F2D8\B56B8D] Auto-router pass #746 on board '97e47682afa8f4f6feaf693be3565470' was completed in 0,20 seconds with the score of 974,81 (2 unrouted), using 14289,84 CPU seconds and 83694 MB memory.
2026-09-25 13:24:01.832 INFO   [C8F2D8\B56B8D] Auto-router pass #747 on board '97e47682afa8f4f6feaf693be3565470' was completed in 0,15 seconds with the score of 974,81 (2 unrouted), using 14289,84 CPU seconds and 83694 MB memory.
2026-09-25 13:24:02.111 INFO   [C8F2D8\B56B8D] Restoring an earlier board that has the score of 974,81 (2 unrouted).
2026-09-25 13:24:02.112 INFO   [C8F2D8\B56B8D] Auto-router pass #748 on board '97e47682afa8f4f6feaf693be3565470' was completed in 0,27 seconds with the score of 974,92 (2 unrouted), using 14289,84 CPU seconds and 83694 MB memory.
2026-09-25 13:24:02.325 INFO   [C8F2D8\B56B8D] Auto-router pass #749 on board '97e47682afa8f4f6feaf693be3565470' was completed in 0,20 seconds with the score of 974,81 (2 unrouted), using 14457,22 CPU seconds and 84231 MB memory.
2026-09-25 13:24:02.498 INFO   [C8F2D8\B56B8D] Auto-router pass #750 on board '97e47682afa8f4f6feaf693be3565470' was completed in 0,15 seconds with the score of 974,81 (2 unrouted), using 14457,22 CPU seconds and 84231 MB memory.
2026-09-25 13:24:02.698 INFO   [C8F2D8\B56B8D] Auto-router pass #751 on board '97e47682afa8f4f6feaf693be3565470' was completed in 0,19 seconds with the score of 974,81 (2 unrouted), using 14457,22 CPU seconds and 84231 MB memory.
2026-09-25 13:24:02.897 INFO   [C8F2D8\B56B8D] Restoring an earlier board that has the score of 974,81 (2 unrouted).
2026-09-25 13:24:02.898 INFO   [C8F2D8\B56B8D] Auto-router pass #752 on board '97e47682afa8f4f6feaf693be3565470' was completed in 0,19 seconds with the score of 974,92 (2 unrouted), using 14457,22 CPU seconds and 84231 MB memory.
2026-09-25 13:24:03.069 INFO   [C8F2D8\B56B8D] Auto-router pass #753 on board '97e47682afa8f4f6feaf693be3565470' was completed in 0,15 seconds with the score of 974,81 (2 unrouted), using 14457,22 CPU seconds and 84231 MB memory.
2026-09-25 13:24:03.315 INFO   [C8F2D8\B56B8D] Auto-router pass #754 on board '97e47682afa8f4f6feaf693be3565470' was completed in 0,23 seconds with the score of 974,81 (2 unrouted), using 14625,59 CPU seconds and 84799 MB memory.
2026-09-25 13:24:03.579 INFO   [C8F2D8\B56B8D] Auto-router pass #755 on board '97e47682afa8f4f6feaf693be3565470' was completed in 0,24 seconds with the score of 974,81 (2 unrouted), using 14625,59 CPU seconds and 84799 MB memory.
2026-09-25 13:24:03.812 INFO   [C8F2D8\B56B8D] Restoring an earlier board that has the score of 974,71 (2 unrouted).
2026-09-25 13:24:03.812 INFO   [C8F2D8\B56B8D] Auto-router pass #756 on board '97e47682afa8f4f6feaf693be3565470' was completed in 0,22 seconds with the score of 974,92 (2 unrouted), using 14625,59 CPU seconds and 84799 MB memory.
2026-09-25 13:24:04.009 INFO   [C8F2D8\B56B8D] Auto-router pass #757 on board '5262c6c32b10535cb7e53baa98999fcd' was completed in 0,18 seconds with the score of 974,81 (2 unrouted), using 14625,59 CPU seconds and 84799 MB memory.
2026-09-25 13:24:04.178 INFO   [C8F2D8\B56B8D] Auto-router pass #758 on board '97e47682afa8f4f6feaf693be3565470' was completed in 0,15 seconds with the score of 974,81 (2 unrouted), using 14794,94 CPU seconds and 85288 MB memory.
2026-09-25 13:24:04.364 INFO   [C8F2D8\B56B8D] Auto-router pass #759 on board '97e47682afa8f4f6feaf693be3565470' was completed in 0,16 seconds with the score of 974,81 (2 unrouted), using 14794,94 CPU seconds and 85288 MB memory.
2026-09-25 13:24:04.606 INFO   [C8F2D8\B56B8D] Restoring an earlier board that has the score of 974,71 (2 unrouted).
2026-09-25 13:24:04.606 INFO   [C8F2D8\B56B8D] Auto-router pass #760 on board '97e47682afa8f4f6feaf693be3565470' was completed in 0,23 seconds with the score of 974,92 (2 unrouted), using 14794,94 CPU seconds and 85288 MB memory.
2026-09-25 13:24:04.811 INFO   [C8F2D8\B56B8D] Auto-router pass #761 on board '5262c6c32b10535cb7e53baa98999fcd' was completed in 0,19 seconds with the score of 974,81 (2 unrouted), using 14794,94 CPU seconds and 85288 MB memory.
2026-09-25 13:24:05.014 INFO   [C8F2D8\B56B8D] Auto-router pass #762 on board '7e9cf17763b2bd7649f4a9704742b315' was completed in 0,18 seconds with the score of 974,81 (2 unrouted), using 14794,94 CPU seconds and 85288 MB memory.
2026-09-25 13:24:05.232 INFO   [C8F2D8\B56B8D] Auto-router pass #763 on board '7e9cf17763b2bd7649f4a9704742b315' was completed in 0,20 seconds with the score of 974,81 (2 unrouted), using 14965,30 CPU seconds and 85809 MB memory.
2026-09-25 13:24:05.414 INFO   [C8F2D8\B56B8D] Restoring an earlier board that has the score of 974,71 (2 unrouted).
2026-09-25 13:24:05.414 INFO   [C8F2D8\B56B8D] Auto-router pass #764 on board '7e9cf17763b2bd7649f4a9704742b315' was completed in 0,17 seconds with the score of 974,92 (2 unrouted), using 14965,30 CPU seconds and 85809 MB memory.
2026-09-25 13:24:05.608 INFO   [C8F2D8\B56B8D] Auto-router pass #765 on board '5262c6c32b10535cb7e53baa98999fcd' was completed in 0,18 seconds with the score of 974,81 (2 unrouted), using 14965,30 CPU seconds and 85809 MB memory.
2026-09-25 13:24:05.782 INFO   [C8F2D8\B56B8D] Auto-router pass #766 on board '7e9cf17763b2bd7649f4a9704742b315' was completed in 0,16 seconds with the score of 974,81 (2 unrouted), using 14965,30 CPU seconds and 85809 MB memory.
2026-09-25 13:24:05.952 INFO   [C8F2D8\B56B8D] Auto-router pass #767 on board '7e9cf17763b2bd7649f4a9704742b315' was completed in 0,15 seconds with the score of 974,81 (2 unrouted), using 14965,30 CPU seconds and 85809 MB memory.
2026-09-25 13:24:06.221 INFO   [C8F2D8\B56B8D] Restoring an earlier board that has the score of 974,60 (2 unrouted).
2026-09-25 13:24:06.221 INFO   [C8F2D8\B56B8D] Auto-router pass #768 on board '7e9cf17763b2bd7649f4a9704742b315' was completed in 0,26 seconds with the score of 974,92 (2 unrouted), using 15136,62 CPU seconds and 86368 MB memory.
2026-09-25 13:24:06.419 INFO   [C8F2D8\B56B8D] Auto-router pass #769 on board 'dcb3ea6b0770b4b52ef08734e1f03765' was completed in 0,19 seconds with the score of 974,71 (2 unrouted), using 15136,62 CPU seconds and 86368 MB memory.
2026-09-25 13:24:06.602 INFO   [C8F2D8\B56B8D] Auto-router pass #770 on board '3352c7258dc5e2a69bf58c0023498318' was completed in 0,15 seconds with the score of 974,81 (2 unrouted), using 15136,62 CPU seconds and 86368 MB memory.
2026-09-25 13:24:06.829 INFO   [C8F2D8\B56B8D] Auto-router pass #771 on board 'c4721c6f7125439ad788a54a4eef7904' was completed in 0,19 seconds with the score of 974,81 (2 unrouted), using 15136,62 CPU seconds and 86368 MB memory.
2026-09-25 13:24:07.113 INFO   [C8F2D8\B56B8D] Restoring an earlier board that has the score of 974,81 (2 unrouted).
2026-09-25 13:24:07.115 INFO   [C8F2D8\B56B8D] Auto-router pass #772 on board 'c4721c6f7125439ad788a54a4eef7904' was completed in 0,28 seconds with the score of 974,92 (2 unrouted), using 15136,62 CPU seconds and 86368 MB memory.
2026-09-25 13:24:07.308 INFO   [C8F2D8\B56B8D] Auto-router pass #773 on board 'c4721c6f7125439ad788a54a4eef7904' was completed in 0,18 seconds with the score of 974,81 (2 unrouted), using 15308,92 CPU seconds and 86893 MB memory.
2026-09-25 13:24:07.512 INFO   [C8F2D8\B56B8D] Auto-router pass #774 on board 'c4721c6f7125439ad788a54a4eef7904' was completed in 0,19 seconds with the score of 974,81 (2 unrouted), using 15308,92 CPU seconds and 86893 MB memory.
2026-09-25 13:24:07.767 INFO   [C8F2D8\B56B8D] Auto-router pass #775 on board 'c4721c6f7125439ad788a54a4eef7904' was completed in 0,25 seconds with the score of 974,81 (2 unrouted), using 15308,92 CPU seconds and 86893 MB memory.
2026-09-25 13:24:08.023 INFO   [C8F2D8\B56B8D] Restoring an earlier board that has the score of 974,81 (2 unrouted).
2026-09-25 13:24:08.023 INFO   [C8F2D8\B56B8D] Auto-router pass #776 on board 'c4721c6f7125439ad788a54a4eef7904' was completed in 0,22 seconds with the score of 974,92 (2 unrouted), using 15308,92 CPU seconds and 86893 MB memory.
2026-09-25 13:24:08.194 INFO   [C8F2D8\B56B8D] Auto-router pass #777 on board 'c4721c6f7125439ad788a54a4eef7904' was completed in 0,16 seconds with the score of 974,81 (2 unrouted), using 15308,92 CPU seconds and 86893 MB memory.
2026-09-25 13:24:08.430 INFO   [C8F2D8\B56B8D] Auto-router pass #778 on board 'c4721c6f7125439ad788a54a4eef7904' was completed in 0,23 seconds with the score of 974,81 (2 unrouted), using 15482,23 CPU seconds and 87404 MB memory.
2026-09-25 13:24:08.628 INFO   [C8F2D8\B56B8D] Auto-router pass #779 on board 'c4721c6f7125439ad788a54a4eef7904' was completed in 0,19 seconds with the score of 974,81 (2 unrouted), using 15482,23 CPU seconds and 87404 MB memory.
2026-09-25 13:24:08.863 INFO   [C8F2D8\B56B8D] Restoring an earlier board that has the score of 974,81 (2 unrouted).
2026-09-25 13:24:08.864 INFO   [C8F2D8\B56B8D] Auto-router pass #780 on board 'c4721c6f7125439ad788a54a4eef7904' was completed in 0,22 seconds with the score of 974,92 (2 unrouted), using 15482,23 CPU seconds and 87404 MB memory.
2026-09-25 13:24:09.062 INFO   [C8F2D8\B56B8D] Auto-router pass #781 on board 'c4721c6f7125439ad788a54a4eef7904' was completed in 0,17 seconds with the score of 974,81 (2 unrouted), using 15482,23 CPU seconds and 87404 MB memory.
2026-09-25 13:24:09.218 INFO   [C8F2D8\B56B8D] Auto-router pass #782 on board 'c4721c6f7125439ad788a54a4eef7904' was completed in 0,14 seconds with the score of 974,81 (2 unrouted), using 15656,52 CPU seconds and 87945 MB memory.
2026-09-25 13:24:09.422 INFO   [C8F2D8\B56B8D] Auto-router pass #783 on board 'c4721c6f7125439ad788a54a4eef7904' was completed in 0,19 seconds with the score of 974,81 (2 unrouted), using 15656,52 CPU seconds and 87945 MB memory.
2026-09-25 13:24:09.652 INFO   [C8F2D8\B56B8D] Restoring an earlier board that has the score of 974,81 (2 unrouted).
2026-09-25 13:24:09.653 INFO   [C8F2D8\B56B8D] Auto-router pass #784 on board 'c4721c6f7125439ad788a54a4eef7904' was completed in 0,22 seconds with the score of 974,92 (2 unrouted), using 15656,52 CPU seconds and 87945 MB memory.
2026-09-25 13:24:09.856 INFO   [C8F2D8\B56B8D] Auto-router pass #785 on board 'c4721c6f7125439ad788a54a4eef7904' was completed in 0,19 seconds with the score of 974,81 (2 unrouted), using 15656,52 CPU seconds and 87945 MB memory.
2026-09-25 13:24:10.026 INFO   [C8F2D8\B56B8D] Auto-router pass #786 on board 'c4721c6f7125439ad788a54a4eef7904' was completed in 0,16 seconds with the score of 974,81 (2 unrouted), using 15656,52 CPU seconds and 87945 MB memory.
2026-09-25 13:24:10.239 INFO   [C8F2D8\B56B8D] Auto-router pass #787 on board 'c4721c6f7125439ad788a54a4eef7904' was completed in 0,20 seconds with the score of 974,81 (2 unrouted), using 15831,78 CPU seconds and 88488 MB memory.
2026-09-25 13:24:10.475 INFO   [C8F2D8\B56B8D] Restoring an earlier board that has the score of 974,71 (2 unrouted).
2026-09-25 13:24:10.476 INFO   [C8F2D8\B56B8D] Auto-router pass #788 on board 'c4721c6f7125439ad788a54a4eef7904' was completed in 0,21 seconds with the score of 974,92 (2 unrouted), using 15831,78 CPU seconds and 88488 MB memory.
2026-09-25 13:24:10.649 INFO   [C8F2D8\B56B8D] Auto-router pass #789 on board '3352c7258dc5e2a69bf58c0023498318' was completed in 0,16 seconds with the score of 974,81 (2 unrouted), using 15831,78 CPU seconds and 88488 MB memory.
2026-09-25 13:24:10.905 INFO   [C8F2D8\B56B8D] Auto-router pass #790 on board '0227673d7f305acea3e2c9e4d1beba48' was completed in 0,22 seconds with the score of 974,81 (2 unrouted), using 15831,78 CPU seconds and 88488 MB memory.
2026-09-25 13:24:11.087 INFO   [C8F2D8\B56B8D] Auto-router pass #791 on board '0227673d7f305acea3e2c9e4d1beba48' was completed in 0,15 seconds with the score of 974,81 (2 unrouted), using 15831,78 CPU seconds and 88488 MB memory.
2026-09-25 13:24:11.355 INFO   [C8F2D8\B56B8D] Restoring an earlier board that has the score of 974,81 (2 unrouted).
2026-09-25 13:24:11.356 INFO   [C8F2D8\B56B8D] Auto-router pass #792 on board '0227673d7f305acea3e2c9e4d1beba48' was completed in 0,26 seconds with the score of 974,92 (2 unrouted), using 16008,05 CPU seconds and 89026 MB memory.
2026-09-25 13:24:11.575 INFO   [C8F2D8\B56B8D] Auto-router pass #793 on board '0227673d7f305acea3e2c9e4d1beba48' was completed in 0,19 seconds with the score of 974,81 (2 unrouted), using 16008,05 CPU seconds and 89026 MB memory.
2026-09-25 13:24:11.739 INFO   [C8F2D8\B56B8D] Auto-router pass #794 on board '0227673d7f305acea3e2c9e4d1beba48' was completed in 0,15 seconds with the score of 974,81 (2 unrouted), using 16008,05 CPU seconds and 89026 MB memory.
2026-09-25 13:24:11.929 INFO   [C8F2D8\B56B8D] Auto-router pass #795 on board '0227673d7f305acea3e2c9e4d1beba48' was completed in 0,17 seconds with the score of 974,81 (2 unrouted), using 16008,05 CPU seconds and 89026 MB memory.
2026-09-25 13:24:12.204 INFO   [C8F2D8\B56B8D] Restoring an earlier board that has the score of 974,81 (2 unrouted).
2026-09-25 13:24:12.205 INFO   [C8F2D8\B56B8D] Auto-router pass #796 on board '0227673d7f305acea3e2c9e4d1beba48' was completed in 0,27 seconds with the score of 974,92 (2 unrouted), using 16008,05 CPU seconds and 89026 MB memory.
2026-09-25 13:24:12.432 INFO   [C8F2D8\B56B8D] Auto-router pass #797 on board '0227673d7f305acea3e2c9e4d1beba48' was completed in 0,19 seconds with the score of 974,81 (2 unrouted), using 16185,28 CPU seconds and 89511 MB memory.
2026-09-25 13:24:12.613 INFO   [C8F2D8\B56B8D] Auto-router pass #798 on board '0227673d7f305acea3e2c9e4d1beba48' was completed in 0,17 seconds with the score of 974,81 (2 unrouted), using 16185,28 CPU seconds and 89511 MB memory.
2026-09-25 13:24:12.797 INFO   [C8F2D8\B56B8D] Auto-router pass #799 on board '0227673d7f305acea3e2c9e4d1beba48' was completed in 0,17 seconds with the score of 974,81 (2 unrouted), using 16185,28 CPU seconds and 89511 MB memory.
2026-09-25 13:24:13.020 INFO   [C8F2D8\B56B8D] Restoring an earlier board that has the score of 974,81 (2 unrouted).
2026-09-25 13:24:13.021 INFO   [C8F2D8\B56B8D] Auto-router pass #800 on board '0227673d7f305acea3e2c9e4d1beba48' was completed in 0,20 seconds with the score of 974,92 (2 unrouted), using 16185,28 CPU seconds and 89511 MB memory.
2026-09-25 13:24:13.223 INFO   [C8F2D8\B56B8D] Auto-router pass #801 on board '0227673d7f305acea3e2c9e4d1beba48' was completed in 0,18 seconds with the score of 974,81 (2 unrouted), using 16185,28 CPU seconds and 89511 MB memory.
2026-09-25 13:24:13.405 INFO   [C8F2D8\B56B8D] Auto-router pass #802 on board '0227673d7f305acea3e2c9e4d1beba48' was completed in 0,16 seconds with the score of 974,81 (2 unrouted), using 16363,52 CPU seconds and 90057 MB memory.
2026-09-25 13:24:13.582 INFO   [C8F2D8\B56B8D] Auto-router pass #803 on board '0227673d7f305acea3e2c9e4d1beba48' was completed in 0,16 seconds with the score of 974,81 (2 unrouted), using 16363,52 CPU seconds and 90057 MB memory.
2026-09-25 13:24:13.808 INFO   [C8F2D8\B56B8D] Restoring an earlier board that has the score of 974,81 (2 unrouted).
2026-09-25 13:24:13.809 INFO   [C8F2D8\B56B8D] Auto-router pass #804 on board '0227673d7f305acea3e2c9e4d1beba48' was completed in 0,22 seconds with the score of 974,92 (2 unrouted), using 16363,52 CPU seconds and 90057 MB memory.
2026-09-25 13:24:14.060 INFO   [C8F2D8\B56B8D] Auto-router pass #805 on board '0227673d7f305acea3e2c9e4d1beba48' was completed in 0,22 seconds with the score of 974,81 (2 unrouted), using 16363,52 CPU seconds and 90057 MB memory.
2026-09-25 13:24:14.289 INFO   [C8F2D8\B56B8D] Auto-router pass #806 on board '0227673d7f305acea3e2c9e4d1beba48' was completed in 0,21 seconds with the score of 974,81 (2 unrouted), using 16542,72 CPU seconds and 90587 MB memory.
2026-09-25 13:24:14.472 INFO   [C8F2D8\B56B8D] Auto-router pass #807 on board '0227673d7f305acea3e2c9e4d1beba48' was completed in 0,17 seconds with the score of 974,81 (2 unrouted), using 16542,72 CPU seconds and 90587 MB memory.
2026-09-25 13:24:14.702 INFO   [C8F2D8\B56B8D] Restoring an earlier board that has the score of 974,71 (2 unrouted).
2026-09-25 13:24:14.704 INFO   [C8F2D8\B56B8D] Auto-router pass #808 on board '0227673d7f305acea3e2c9e4d1beba48' was completed in 0,22 seconds with the score of 974,92 (2 unrouted), using 16542,72 CPU seconds and 90587 MB memory.
2026-09-25 13:24:14.935 INFO   [C8F2D8\B56B8D] Auto-router pass #809 on board '3352c7258dc5e2a69bf58c0023498318' was completed in 0,21 seconds with the score of 974,81 (2 unrouted), using 16542,72 CPU seconds and 90587 MB memory.
2026-09-25 13:24:15.098 INFO   [C8F2D8\B56B8D] Auto-router pass #810 on board 'c4721c6f7125439ad788a54a4eef7904' was completed in 0,15 seconds with the score of 974,81 (2 unrouted), using 16542,72 CPU seconds and 90587 MB memory.
2026-09-25 13:24:15.291 INFO   [C8F2D8\B56B8D] Auto-router pass #811 on board 'c4721c6f7125439ad788a54a4eef7904' was completed in 0,18 seconds with the score of 974,81 (2 unrouted), using 16722,92 CPU seconds and 91134 MB memory.
2026-09-25 13:24:15.525 INFO   [C8F2D8\B56B8D] Restoring an earlier board that has the score of 974,71 (2 unrouted).
2026-09-25 13:24:15.526 INFO   [C8F2D8\B56B8D] Auto-router pass #812 on board 'c4721c6f7125439ad788a54a4eef7904' was completed in 0,22 seconds with the score of 974,92 (2 unrouted), using 16722,92 CPU seconds and 91134 MB memory.
2026-09-25 13:24:15.716 INFO   [C8F2D8\B56B8D] Auto-router pass #813 on board '3352c7258dc5e2a69bf58c0023498318' was completed in 0,18 seconds with the score of 974,81 (2 unrouted), using 16722,92 CPU seconds and 91134 MB memory.
2026-09-25 13:24:15.894 INFO   [C8F2D8\B56B8D] Auto-router pass #814 on board '0227673d7f305acea3e2c9e4d1beba48' was completed in 0,17 seconds with the score of 974,81 (2 unrouted), using 16722,92 CPU seconds and 91134 MB memory.
2026-09-25 13:24:16.142 INFO   [C8F2D8\B56B8D] Auto-router pass #815 on board '0227673d7f305acea3e2c9e4d1beba48' was completed in 0,22 seconds with the score of 974,81 (2 unrouted), using 16722,92 CPU seconds and 91134 MB memory.
2026-09-25 13:24:16.347 INFO   [C8F2D8\B56B8D] Restoring an earlier board that has the score of 974,71 (2 unrouted).
2026-09-25 13:24:16.348 INFO   [C8F2D8\B56B8D] Auto-router pass #816 on board '0227673d7f305acea3e2c9e4d1beba48' was completed in 0,20 seconds with the score of 974,92 (2 unrouted), using 16904,14 CPU seconds and 91676 MB memory.
2026-09-25 13:24:16.543 INFO   [C8F2D8\B56B8D] Auto-router pass #817 on board '3352c7258dc5e2a69bf58c0023498318' was completed in 0,18 seconds with the score of 974,81 (2 unrouted), using 16904,14 CPU seconds and 91676 MB memory.
2026-09-25 13:24:16.735 INFO   [C8F2D8\B56B8D] Auto-router pass #818 on board '0227673d7f305acea3e2c9e4d1beba48' was completed in 0,18 seconds with the score of 974,81 (2 unrouted), using 16904,14 CPU seconds and 91676 MB memory.
2026-09-25 13:24:16.960 INFO   [C8F2D8\B56B8D] Auto-router pass #819 on board '0227673d7f305acea3e2c9e4d1beba48' was completed in 0,21 seconds with the score of 974,81 (2 unrouted), using 16904,14 CPU seconds and 91676 MB memory.
2026-09-25 13:24:17.243 INFO   [C8F2D8\B56B8D] Restoring an earlier board that has the score of 974,60 (2 unrouted).
2026-09-25 13:24:17.243 INFO   [C8F2D8\B56B8D] Auto-router pass #820 on board '0227673d7f305acea3e2c9e4d1beba48' was completed in 0,27 seconds with the score of 974,92 (2 unrouted), using 16904,14 CPU seconds and 91676 MB memory.
2026-09-25 13:24:17.443 INFO   [C8F2D8\B56B8D] Auto-router pass #821 on board 'dcb3ea6b0770b4b52ef08734e1f03765' was completed in 0,19 seconds with the score of 974,71 (2 unrouted), using 17086,36 CPU seconds and 92186 MB memory.
2026-09-25 13:24:17.627 INFO   [C8F2D8\B56B8D] Auto-router pass #822 on board '5262c6c32b10535cb7e53baa98999fcd' was completed in 0,17 seconds with the score of 974,81 (2 unrouted), using 17086,36 CPU seconds and 92186 MB memory.
2026-09-25 13:24:17.772 INFO   [C8F2D8\B56B8D] Auto-router pass #823 on board '7e9cf17763b2bd7649f4a9704742b315' was completed in 0,13 seconds with the score of 974,81 (2 unrouted), using 17086,36 CPU seconds and 92186 MB memory.
2026-09-25 13:24:18.039 INFO   [C8F2D8\B56B8D] Restoring an earlier board that has the score of 974,60 (2 unrouted).
2026-09-25 13:24:18.039 INFO   [C8F2D8\B56B8D] Auto-router pass #824 on board '7e9cf17763b2bd7649f4a9704742b315' was completed in 0,25 seconds with the score of 974,92 (2 unrouted), using 17086,36 CPU seconds and 92186 MB memory.
2026-09-25 13:24:18.190 INFO   [C8F2D8\B56B8D] Auto-router pass #825 on board 'dcb3ea6b0770b4b52ef08734e1f03765' was completed in 0,14 seconds with the score of 974,71 (2 unrouted), using 17086,36 CPU seconds and 92186 MB memory.
2026-09-25 13:24:18.420 INFO   [C8F2D8\B56B8D] Auto-router pass #826 on board '3352c7258dc5e2a69bf58c0023498318' was completed in 0,22 seconds with the score of 974,81 (2 unrouted), using 17269,59 CPU seconds and 92758 MB memory.
2026-09-25 13:24:18.631 INFO   [C8F2D8\B56B8D] Auto-router pass #827 on board 'c4721c6f7125439ad788a54a4eef7904' was completed in 0,19 seconds with the score of 974,81 (2 unrouted), using 17269,59 CPU seconds and 92758 MB memory.
2026-09-25 13:24:18.845 INFO   [C8F2D8\B56B8D] Restoring an earlier board that has the score of 974,49 (2 unrouted).
2026-09-25 13:24:18.845 INFO   [C8F2D8\B56B8D] Auto-router pass #828 on board 'c4721c6f7125439ad788a54a4eef7904' was completed in 0,20 seconds with the score of 974,92 (2 unrouted), using 17269,59 CPU seconds and 92758 MB memory.
2026-09-25 13:24:19.045 INFO   [C8F2D8\B56B8D] Auto-router pass #829 on board 'c3b087f64a6ab69134b80bbe8cf2695c' was completed in 0,19 seconds with the score of 974,60 (2 unrouted), using 17269,59 CPU seconds and 92758 MB memory.
2026-09-25 13:24:19.296 INFO   [C8F2D8\B56B8D] Auto-router pass #830 on board 'dcb3ea6b0770b4b52ef08734e1f03765' was completed in 0,23 seconds with the score of 974,71 (2 unrouted), using 17269,59 CPU seconds and 92758 MB memory.
2026-09-25 13:24:19.498 INFO   [C8F2D8\B56B8D] Auto-router pass #831 on board '5262c6c32b10535cb7e53baa98999fcd' was completed in 0,18 seconds with the score of 974,81 (2 unrouted), using 17453,81 CPU seconds and 93240 MB memory.
2026-09-25 13:24:19.755 INFO   [C8F2D8\B56B8D] Restoring an earlier board that has the score of 974,49 (2 unrouted).
2026-09-25 13:24:19.755 INFO   [C8F2D8\B56B8D] Auto-router pass #832 on board '7e9cf17763b2bd7649f4a9704742b315' was completed in 0,24 seconds with the score of 974,92 (2 unrouted), using 17453,81 CPU seconds and 93240 MB memory.
2026-09-25 13:24:19.946 INFO   [C8F2D8\B56B8D] Auto-router pass #833 on board 'c3b087f64a6ab69134b80bbe8cf2695c' was completed in 0,18 seconds with the score of 974,60 (2 unrouted), using 17453,81 CPU seconds and 93240 MB memory.
2026-09-25 13:24:20.175 INFO   [C8F2D8\B56B8D] Auto-router pass #834 on board 'dcb3ea6b0770b4b52ef08734e1f03765' was completed in 0,21 seconds with the score of 974,71 (2 unrouted), using 17453,81 CPU seconds and 93240 MB memory.
2026-09-25 13:24:20.394 INFO   [C8F2D8\B56B8D] Auto-router pass #835 on board '3352c7258dc5e2a69bf58c0023498318' was completed in 0,20 seconds with the score of 974,81 (2 unrouted), using 17639,02 CPU seconds and 93742 MB memory.
2026-09-25 13:24:20.701 INFO   [C8F2D8\B56B8D] Restoring an earlier board that has the score of 974,49 (2 unrouted).
2026-09-25 13:24:20.701 INFO   [C8F2D8\B56B8D] Auto-router pass #836 on board '0227673d7f305acea3e2c9e4d1beba48' was completed in 0,29 seconds with the score of 974,92 (2 unrouted), using 17639,02 CPU seconds and 93742 MB memory.
2026-09-25 13:24:20.980 INFO   [C8F2D8\B56B8D] Auto-router pass #837 on board 'c3b087f64a6ab69134b80bbe8cf2695c' was completed in 0,25 seconds with the score of 974,60 (2 unrouted), using 17639,02 CPU seconds and 93742 MB memory.
2026-09-25 13:24:21.174 INFO   [C8F2D8\B56B8D] Auto-router pass #838 on board 'c5c66639bb20696476bcee76024e55d2' was completed in 0,15 seconds with the score of 974,71 (2 unrouted), using 17639,02 CPU seconds and 93742 MB memory.
2026-09-25 13:24:21.393 INFO   [C8F2D8\B56B8D] Auto-router pass #839 on board '2216dfbc821ac0f98c2439f27cc912be' was completed in 0,19 seconds with the score of 974,81 (2 unrouted), using 17825,20 CPU seconds and 94208 MB memory.
2026-09-25 13:24:21.701 INFO   [C8F2D8\B56B8D] Restoring an earlier board that has the score of 974,81 (2 unrouted).
2026-09-25 13:24:21.701 INFO   [C8F2D8\B56B8D] Auto-router pass #840 on board 'cf231a557c69b1bb785162774cc45cbc' was completed in 0,27 seconds with the score of 974,92 (2 unrouted), using 17825,20 CPU seconds and 94208 MB memory.
2026-09-25 13:24:21.883 INFO   [C8F2D8\B56B8D] Auto-router pass #841 on board 'cf231a557c69b1bb785162774cc45cbc' was completed in 0,17 seconds with the score of 974,81 (2 unrouted), using 17825,20 CPU seconds and 94208 MB memory.
2026-09-25 13:24:22.042 INFO   [C8F2D8\B56B8D] Auto-router pass #842 on board 'cf231a557c69b1bb785162774cc45cbc' was completed in 0,15 seconds with the score of 974,81 (2 unrouted), using 17825,20 CPU seconds and 94208 MB memory.
2026-09-25 13:24:22.217 INFO   [C8F2D8\B56B8D] Auto-router pass #843 on board 'cf231a557c69b1bb785162774cc45cbc' was completed in 0,16 seconds with the score of 974,81 (2 unrouted), using 17825,20 CPU seconds and 94208 MB memory.
2026-09-25 13:24:22.490 INFO   [C8F2D8\B56B8D] Restoring an earlier board that has the score of 974,81 (2 unrouted).
2026-09-25 13:24:22.492 INFO   [C8F2D8\B56B8D] Auto-router pass #844 on board 'cf231a557c69b1bb785162774cc45cbc' was completed in 0,25 seconds with the score of 974,92 (2 unrouted), using 18012,38 CPU seconds and 94764 MB memory.
2026-09-25 13:24:22.668 INFO   [C8F2D8\B56B8D] Auto-router pass #845 on board 'cf231a557c69b1bb785162774cc45cbc' was completed in 0,16 seconds with the score of 974,81 (2 unrouted), using 18012,38 CPU seconds and 94764 MB memory.
2026-09-25 13:24:22.854 INFO   [C8F2D8\B56B8D] Auto-router pass #846 on board 'cf231a557c69b1bb785162774cc45cbc' was completed in 0,18 seconds with the score of 974,81 (2 unrouted), using 18012,38 CPU seconds and 94764 MB memory.
2026-09-25 13:24:23.110 INFO   [C8F2D8\B56B8D] Auto-router pass #847 on board 'cf231a557c69b1bb785162774cc45cbc' was completed in 0,23 seconds with the score of 974,81 (2 unrouted), using 18012,38 CPU seconds and 94764 MB memory.
2026-09-25 13:24:23.364 INFO   [C8F2D8\B56B8D] Restoring an earlier board that has the score of 974,81 (2 unrouted).
2026-09-25 13:24:23.364 INFO   [C8F2D8\B56B8D] Auto-router pass #848 on board 'cf231a557c69b1bb785162774cc45cbc' was completed in 0,24 seconds with the score of 974,92 (2 unrouted), using 18012,38 CPU seconds and 94764 MB memory.
2026-09-25 13:24:23.544 INFO   [C8F2D8\B56B8D] Auto-router pass #849 on board 'cf231a557c69b1bb785162774cc45cbc' was completed in 0,17 seconds with the score of 974,81 (2 unrouted), using 18200,53 CPU seconds and 95251 MB memory.
2026-09-25 13:24:23.744 INFO   [C8F2D8\B56B8D] Auto-router pass #850 on board 'cf231a557c69b1bb785162774cc45cbc' was completed in 0,18 seconds with the score of 974,81 (2 unrouted), using 18200,53 CPU seconds and 95251 MB memory.
2026-09-25 13:24:23.898 INFO   [C8F2D8\B56B8D] Auto-router pass #851 on board 'cf231a557c69b1bb785162774cc45cbc' was completed in 0,14 seconds with the score of 974,81 (2 unrouted), using 18200,53 CPU seconds and 95251 MB memory.
2026-09-25 13:24:24.159 INFO   [C8F2D8\B56B8D] Restoring an earlier board that has the score of 974,81 (2 unrouted).
2026-09-25 13:24:24.159 INFO   [C8F2D8\B56B8D] Auto-router pass #852 on board 'cf231a557c69b1bb785162774cc45cbc' was completed in 0,25 seconds with the score of 974,92 (2 unrouted), using 18200,53 CPU seconds and 95251 MB memory.
2026-09-25 13:24:24.368 INFO   [C8F2D8\B56B8D] Auto-router pass #853 on board 'cf231a557c69b1bb785162774cc45cbc' was completed in 0,20 seconds with the score of 974,81 (2 unrouted), using 18200,53 CPU seconds and 95251 MB memory.
2026-09-25 13:24:24.566 INFO   [C8F2D8\B56B8D] Auto-router pass #854 on board 'cf231a557c69b1bb785162774cc45cbc' was completed in 0,19 seconds with the score of 974,81 (2 unrouted), using 18389,69 CPU seconds and 95799 MB memory.
2026-09-25 13:24:24.771 INFO   [C8F2D8\B56B8D] Auto-router pass #855 on board 'cf231a557c69b1bb785162774cc45cbc' was completed in 0,19 seconds with the score of 974,81 (2 unrouted), using 18389,69 CPU seconds and 95799 MB memory.
2026-09-25 13:24:24.984 INFO   [C8F2D8\B56B8D] Restoring an earlier board that has the score of 974,71 (2 unrouted).
2026-09-25 13:24:24.985 INFO   [C8F2D8\B56B8D] Auto-router pass #856 on board 'cf231a557c69b1bb785162774cc45cbc' was completed in 0,20 seconds with the score of 974,92 (2 unrouted), using 18389,69 CPU seconds and 95799 MB memory.
2026-09-25 13:24:25.193 INFO   [C8F2D8\B56B8D] Auto-router pass #857 on board '2216dfbc821ac0f98c2439f27cc912be' was completed in 0,19 seconds with the score of 974,81 (2 unrouted), using 18389,69 CPU seconds and 95799 MB memory.
2026-09-25 13:24:25.370 INFO   [C8F2D8\B56B8D] Auto-router pass #858 on board 'cf231a557c69b1bb785162774cc45cbc' was completed in 0,16 seconds with the score of 974,81 (2 unrouted), using 18389,69 CPU seconds and 95799 MB memory.
2026-09-25 13:24:25.547 INFO   [C8F2D8\B56B8D] Auto-router pass #859 on board 'cf231a557c69b1bb785162774cc45cbc' was completed in 0,17 seconds with the score of 974,81 (2 unrouted), using 18579,84 CPU seconds and 96346 MB memory.
2026-09-25 13:24:25.765 INFO   [C8F2D8\B56B8D] Restoring an earlier board that has the score of 974,71 (2 unrouted).
2026-09-25 13:24:25.765 INFO   [C8F2D8\B56B8D] Auto-router pass #860 on board 'cf231a557c69b1bb785162774cc45cbc' was completed in 0,20 seconds with the score of 974,92 (2 unrouted), using 18579,84 CPU seconds and 96346 MB memory.
2026-09-25 13:24:26.018 INFO   [C8F2D8\B56B8D] Auto-router pass #861 on board '2216dfbc821ac0f98c2439f27cc912be' was completed in 0,24 seconds with the score of 974,81 (2 unrouted), using 18579,84 CPU seconds and 96346 MB memory.
2026-09-25 13:24:26.189 INFO   [C8F2D8\B56B8D] Auto-router pass #862 on board 'd2f02ea4f0664c37b78642501f44636b' was completed in 0,13 seconds with the score of 974,81 (2 unrouted), using 18579,84 CPU seconds and 96346 MB memory.
2026-09-25 13:24:26.391 INFO   [C8F2D8\B56B8D] Auto-router pass #863 on board 'd2f02ea4f0664c37b78642501f44636b' was completed in 0,18 seconds with the score of 974,81 (2 unrouted), using 18579,84 CPU seconds and 96346 MB memory.
2026-09-25 13:24:26.616 INFO   [C8F2D8\B56B8D] Restoring an earlier board that has the score of 974,81 (2 unrouted).
2026-09-25 13:24:26.617 INFO   [C8F2D8\B56B8D] Auto-router pass #864 on board 'd2f02ea4f0664c37b78642501f44636b' was completed in 0,21 seconds with the score of 974,92 (2 unrouted), using 18770,95 CPU seconds and 96890 MB memory.
2026-09-25 13:24:26.803 INFO   [C8F2D8\B56B8D] Auto-router pass #865 on board 'd2f02ea4f0664c37b78642501f44636b' was completed in 0,17 seconds with the score of 974,81 (2 unrouted), using 18770,95 CPU seconds and 96890 MB memory.
2026-09-25 13:24:26.967 INFO   [C8F2D8\B56B8D] Auto-router pass #866 on board 'd2f02ea4f0664c37b78642501f44636b' was completed in 0,15 seconds with the score of 974,81 (2 unrouted), using 18770,95 CPU seconds and 96890 MB memory.
2026-09-25 13:24:27.186 INFO   [C8F2D8\B56B8D] Auto-router pass #867 on board 'd2f02ea4f0664c37b78642501f44636b' was completed in 0,19 seconds with the score of 974,81 (2 unrouted), using 18770,95 CPU seconds and 96890 MB memory.
2026-09-25 13:24:27.408 INFO   [C8F2D8\B56B8D] Restoring an earlier board that has the score of 974,81 (2 unrouted).
2026-09-25 13:24:27.408 INFO   [C8F2D8\B56B8D] Auto-router pass #868 on board 'd2f02ea4f0664c37b78642501f44636b' was completed in 0,21 seconds with the score of 974,92 (2 unrouted), using 18770,95 CPU seconds and 96890 MB memory.
2026-09-25 13:24:27.604 INFO   [C8F2D8\B56B8D] Auto-router pass #869 on board 'd2f02ea4f0664c37b78642501f44636b' was completed in 0,18 seconds with the score of 974,81 (2 unrouted), using 18963,06 CPU seconds and 97454 MB memory.
2026-09-25 13:24:27.784 INFO   [C8F2D8\B56B8D] Auto-router pass #870 on board 'd2f02ea4f0664c37b78642501f44636b' was completed in 0,16 seconds with the score of 974,81 (2 unrouted), using 18963,06 CPU seconds and 97454 MB memory.
2026-09-25 13:24:27.935 INFO   [C8F2D8\B56B8D] Auto-router pass #871 on board 'd2f02ea4f0664c37b78642501f44636b' was completed in 0,14 seconds with the score of 974,81 (2 unrouted), using 18963,06 CPU seconds and 97454 MB memory.
2026-09-25 13:24:28.188 INFO   [C8F2D8\B56B8D] Restoring an earlier board that has the score of 974,81 (2 unrouted).
2026-09-25 13:24:28.188 INFO   [C8F2D8\B56B8D] Auto-router pass #872 on board 'd2f02ea4f0664c37b78642501f44636b' was completed in 0,24 seconds with the score of 974,92 (2 unrouted), using 18963,06 CPU seconds and 97454 MB memory.
2026-09-25 13:24:28.376 INFO   [C8F2D8\B56B8D] Auto-router pass #873 on board 'd2f02ea4f0664c37b78642501f44636b' was completed in 0,17 seconds with the score of 974,81 (2 unrouted), using 18963,06 CPU seconds and 97454 MB memory.
2026-09-25 13:24:28.564 INFO   [C8F2D8\B56B8D] Auto-router pass #874 on board 'd2f02ea4f0664c37b78642501f44636b' was completed in 0,17 seconds with the score of 974,81 (2 unrouted), using 19156,19 CPU seconds and 98028 MB memory.
2026-09-25 13:24:28.798 INFO   [C8F2D8\B56B8D] Auto-router pass #875 on board 'd2f02ea4f0664c37b78642501f44636b' was completed in 0,22 seconds with the score of 974,81 (2 unrouted), using 19156,19 CPU seconds and 98028 MB memory.
2026-09-25 13:24:29.055 INFO   [C8F2D8\B56B8D] Restoring an earlier board that has the score of 974,81 (2 unrouted).
2026-09-25 13:24:29.056 INFO   [C8F2D8\B56B8D] Auto-router pass #876 on board 'd2f02ea4f0664c37b78642501f44636b' was completed in 0,24 seconds with the score of 974,92 (2 unrouted), using 19156,19 CPU seconds and 98028 MB memory.
2026-09-25 13:24:29.221 INFO   [C8F2D8\B56B8D] Auto-router pass #877 on board 'd2f02ea4f0664c37b78642501f44636b' was completed in 0,15 seconds with the score of 974,81 (2 unrouted), using 19156,19 CPU seconds and 98028 MB memory.
2026-09-25 13:24:29.410 INFO   [C8F2D8\B56B8D] Auto-router pass #878 on board 'd2f02ea4f0664c37b78642501f44636b' was completed in 0,17 seconds with the score of 974,81 (2 unrouted), using 19156,19 CPU seconds and 98028 MB memory.
2026-09-25 13:24:29.579 INFO   [C8F2D8\B56B8D] Auto-router pass #879 on board 'd2f02ea4f0664c37b78642501f44636b' was completed in 0,15 seconds with the score of 974,81 (2 unrouted), using 19350,30 CPU seconds and 98543 MB memory.
2026-09-25 13:24:29.830 INFO   [C8F2D8\B56B8D] Restoring an earlier board that has the score of 974,71 (2 unrouted).
2026-09-25 13:24:29.831 INFO   [C8F2D8\B56B8D] Auto-router pass #880 on board 'd2f02ea4f0664c37b78642501f44636b' was completed in 0,24 seconds with the score of 974,92 (2 unrouted), using 19350,30 CPU seconds and 98543 MB memory.
2026-09-25 13:24:30.040 INFO   [C8F2D8\B56B8D] Auto-router pass #881 on board '2216dfbc821ac0f98c2439f27cc912be' was completed in 0,19 seconds with the score of 974,81 (2 unrouted), using 19350,30 CPU seconds and 98543 MB memory.
2026-09-25 13:24:30.227 INFO   [C8F2D8\B56B8D] Auto-router pass #882 on board 'd2f02ea4f0664c37b78642501f44636b' was completed in 0,17 seconds with the score of 974,81 (2 unrouted), using 19350,30 CPU seconds and 98543 MB memory.
2026-09-25 13:24:30.389 INFO   [C8F2D8\B56B8D] Auto-router pass #883 on board 'd2f02ea4f0664c37b78642501f44636b' was completed in 0,15 seconds with the score of 974,81 (2 unrouted), using 19350,30 CPU seconds and 98543 MB memory.
2026-09-25 13:24:30.634 INFO   [C8F2D8\B56B8D] Restoring an earlier board that has the score of 974,71 (2 unrouted).
2026-09-25 13:24:30.635 INFO   [C8F2D8\B56B8D] Auto-router pass #884 on board 'd2f02ea4f0664c37b78642501f44636b' was completed in 0,23 seconds with the score of 974,92 (2 unrouted), using 19545,41 CPU seconds and 99103 MB memory.
2026-09-25 13:24:30.834 INFO   [C8F2D8\B56B8D] Auto-router pass #885 on board '2216dfbc821ac0f98c2439f27cc912be' was completed in 0,19 seconds with the score of 974,81 (2 unrouted), using 19545,41 CPU seconds and 99103 MB memory.
2026-09-25 13:24:30.985 INFO   [C8F2D8\B56B8D] Auto-router pass #886 on board 'cf231a557c69b1bb785162774cc45cbc' was completed in 0,14 seconds with the score of 974,81 (2 unrouted), using 19545,41 CPU seconds and 99103 MB memory.
2026-09-25 13:24:31.216 INFO   [C8F2D8\B56B8D] Auto-router pass #887 on board 'cf231a557c69b1bb785162774cc45cbc' was completed in 0,22 seconds with the score of 974,81 (2 unrouted), using 19545,41 CPU seconds and 99103 MB memory.
2026-09-25 13:24:31.431 INFO   [C8F2D8\B56B8D] Restoring an earlier board that has the score of 974,60 (2 unrouted).
2026-09-25 13:24:31.431 INFO   [C8F2D8\B56B8D] Auto-router pass #888 on board 'cf231a557c69b1bb785162774cc45cbc' was completed in 0,20 seconds with the score of 974,92 (2 unrouted), using 19545,41 CPU seconds and 99103 MB memory.
2026-09-25 13:24:31.645 INFO   [C8F2D8\B56B8D] Auto-router pass #889 on board 'c5c66639bb20696476bcee76024e55d2' was completed in 0,20 seconds with the score of 974,71 (2 unrouted), using 19741,53 CPU seconds and 99654 MB memory.
2026-09-25 13:24:31.808 INFO   [C8F2D8\B56B8D] Auto-router pass #890 on board '2216dfbc821ac0f98c2439f27cc912be' was completed in 0,15 seconds with the score of 974,81 (2 unrouted), using 19741,53 CPU seconds and 99654 MB memory.
2026-09-25 13:24:31.984 INFO   [C8F2D8\B56B8D] Auto-router pass #891 on board 'd2f02ea4f0664c37b78642501f44636b' was completed in 0,17 seconds with the score of 974,81 (2 unrouted), using 19741,53 CPU seconds and 99654 MB memory.
2026-09-25 13:24:32.199 INFO   [C8F2D8\B56B8D] Restoring an earlier board that has the score of 974,60 (2 unrouted).
2026-09-25 13:24:32.199 INFO   [C8F2D8\B56B8D] Auto-router pass #892 on board 'd2f02ea4f0664c37b78642501f44636b' was completed in 0,20 seconds with the score of 974,92 (2 unrouted), using 19741,53 CPU seconds and 99654 MB memory.
2026-09-25 13:24:32.347 INFO   [C8F2D8\B56B8D] Auto-router pass #893 on board 'c5c66639bb20696476bcee76024e55d2' was completed in 0,13 seconds with the score of 974,71 (2 unrouted), using 19741,53 CPU seconds and 99654 MB memory.
2026-09-25 13:24:32.497 INFO   [C8F2D8\B56B8D] Auto-router pass #894 on board '2216dfbc821ac0f98c2439f27cc912be' was completed in 0,14 seconds with the score of 974,81 (2 unrouted), using 19938,64 CPU seconds and 100268 MB memory.
2026-09-25 13:24:32.672 INFO   [C8F2D8\B56B8D] Auto-router pass #895 on board 'cf231a557c69b1bb785162774cc45cbc' was completed in 0,16 seconds with the score of 974,81 (2 unrouted), using 19938,64 CPU seconds and 100268 MB memory.
2026-09-25 13:24:32.917 INFO   [C8F2D8\B56B8D] Restoring an earlier board that has the score of 974,60 (2 unrouted).
2026-09-25 13:24:32.917 INFO   [C8F2D8\B56B8D] Auto-router pass #896 on board 'cf231a557c69b1bb785162774cc45cbc' was completed in 0,23 seconds with the score of 974,92 (2 unrouted), using 19938,64 CPU seconds and 100268 MB memory.
2026-09-25 13:24:33.154 INFO   [C8F2D8\B56B8D] Auto-router pass #897 on board 'c5c66639bb20696476bcee76024e55d2' was completed in 0,22 seconds with the score of 974,71 (2 unrouted), using 19938,64 CPU seconds and 100268 MB memory.
2026-09-25 13:24:33.360 INFO   [C8F2D8\B56B8D] Auto-router pass #898 on board '6f92c29c9239363b5ebaffe4cfa20921' was completed in 0,16 seconds with the score of 974,81 (2 unrouted), using 19938,64 CPU seconds and 100268 MB memory.
2026-09-25 13:24:33.565 INFO   [C8F2D8\B56B8D] Auto-router pass #899 on board 'b601f7e39ac71a5a0b6ae6af01cd8d51' was completed in 0,15 seconds with the score of 974,81 (2 unrouted), using 20136,75 CPU seconds and 100785 MB memory.
2026-09-25 13:24:33.816 INFO   [C8F2D8\B56B8D] Restoring an earlier board that has the score of 974,81 (2 unrouted).
2026-09-25 13:24:33.816 INFO   [C8F2D8\B56B8D] Auto-router pass #900 on board 'b601f7e39ac71a5a0b6ae6af01cd8d51' was completed in 0,22 seconds with the score of 974,92 (2 unrouted), using 20136,75 CPU seconds and 100785 MB memory.
2026-09-25 13:24:34.033 INFO   [C8F2D8\B56B8D] Auto-router pass #901 on board 'b601f7e39ac71a5a0b6ae6af01cd8d51' was completed in 0,20 seconds with the score of 974,81 (2 unrouted), using 20136,75 CPU seconds and 100785 MB memory.
2026-09-25 13:24:34.206 INFO   [C8F2D8\B56B8D] Auto-router pass #902 on board 'b601f7e39ac71a5a0b6ae6af01cd8d51' was completed in 0,16 seconds with the score of 974,81 (2 unrouted), using 20136,75 CPU seconds and 100785 MB memory.
2026-09-25 13:24:34.405 INFO   [C8F2D8\B56B8D] Auto-router pass #903 on board 'b601f7e39ac71a5a0b6ae6af01cd8d51' was completed in 0,19 seconds with the score of 974,81 (2 unrouted), using 20136,75 CPU seconds and 100785 MB memory.
2026-09-25 13:24:34.713 INFO   [C8F2D8\B56B8D] Restoring an earlier board that has the score of 974,81 (2 unrouted).
2026-09-25 13:24:34.714 INFO   [C8F2D8\B56B8D] Auto-router pass #904 on board 'b601f7e39ac71a5a0b6ae6af01cd8d51' was completed in 0,28 seconds with the score of 974,92 (2 unrouted), using 20335,86 CPU seconds and 101314 MB memory.
2026-09-25 13:24:34.928 INFO   [C8F2D8\B56B8D] Auto-router pass #905 on board 'b601f7e39ac71a5a0b6ae6af01cd8d51' was completed in 0,20 seconds with the score of 974,81 (2 unrouted), using 20335,86 CPU seconds and 101314 MB memory.
2026-09-25 13:24:35.087 INFO   [C8F2D8\B56B8D] Auto-router pass #906 on board 'b601f7e39ac71a5a0b6ae6af01cd8d51' was completed in 0,15 seconds with the score of 974,81 (2 unrouted), using 20335,86 CPU seconds and 101314 MB memory.
2026-09-25 13:24:35.286 INFO   [C8F2D8\B56B8D] Auto-router pass #907 on board 'b601f7e39ac71a5a0b6ae6af01cd8d51' was completed in 0,18 seconds with the score of 974,81 (2 unrouted), using 20335,86 CPU seconds and 101314 MB memory.
2026-09-25 13:24:35.511 INFO   [C8F2D8\B56B8D] Restoring an earlier board that has the score of 974,81 (2 unrouted).
2026-09-25 13:24:35.512 INFO   [C8F2D8\B56B8D] Auto-router pass #908 on board 'b601f7e39ac71a5a0b6ae6af01cd8d51' was completed in 0,20 seconds with the score of 974,92 (2 unrouted), using 20535,94 CPU seconds and 101851 MB memory.
2026-09-25 13:24:35.709 INFO   [C8F2D8\B56B8D] Auto-router pass #909 on board 'b601f7e39ac71a5a0b6ae6af01cd8d51' was completed in 0,18 seconds with the score of 974,81 (2 unrouted), using 20535,94 CPU seconds and 101851 MB memory.
2026-09-25 13:24:35.870 INFO   [C8F2D8\B56B8D] Auto-router pass #910 on board 'b601f7e39ac71a5a0b6ae6af01cd8d51' was completed in 0,15 seconds with the score of 974,81 (2 unrouted), using 20535,94 CPU seconds and 101851 MB memory.
2026-09-25 13:24:36.068 INFO   [C8F2D8\B56B8D] Auto-router pass #911 on board 'b601f7e39ac71a5a0b6ae6af01cd8d51' was completed in 0,19 seconds with the score of 974,81 (2 unrouted), using 20535,94 CPU seconds and 101851 MB memory.
2026-09-25 13:24:36.265 INFO   [C8F2D8\B56B8D] Restoring an earlier board that has the score of 974,81 (2 unrouted).
2026-09-25 13:24:36.266 INFO   [C8F2D8\B56B8D] Auto-router pass #912 on board 'b601f7e39ac71a5a0b6ae6af01cd8d51' was completed in 0,19 seconds with the score of 974,92 (2 unrouted), using 20535,94 CPU seconds and 101851 MB memory.
2026-09-25 13:24:36.437 INFO   [C8F2D8\B56B8D] Auto-router pass #913 on board 'b601f7e39ac71a5a0b6ae6af01cd8d51' was completed in 0,16 seconds with the score of 974,81 (2 unrouted), using 20535,94 CPU seconds and 101851 MB memory.
2026-09-25 13:24:36.607 INFO   [C8F2D8\B56B8D] Auto-router pass #914 on board 'b601f7e39ac71a5a0b6ae6af01cd8d51' was completed in 0,15 seconds with the score of 974,81 (2 unrouted), using 20737,03 CPU seconds and 102437 MB memory.
2026-09-25 13:24:36.766 INFO   [C8F2D8\B56B8D] Auto-router pass #915 on board 'b601f7e39ac71a5a0b6ae6af01cd8d51' was completed in 0,15 seconds with the score of 974,81 (2 unrouted), using 20737,03 CPU seconds and 102437 MB memory.
2026-09-25 13:24:36.962 INFO   [C8F2D8\B56B8D] Restoring an earlier board that has the score of 974,71 (2 unrouted).
2026-09-25 13:24:36.963 INFO   [C8F2D8\B56B8D] Auto-router pass #916 on board 'b601f7e39ac71a5a0b6ae6af01cd8d51' was completed in 0,18 seconds with the score of 974,92 (2 unrouted), using 20737,03 CPU seconds and 102437 MB memory.
2026-09-25 13:24:37.112 INFO   [C8F2D8\B56B8D] Auto-router pass #917 on board '6f92c29c9239363b5ebaffe4cfa20921' was completed in 0,14 seconds with the score of 974,81 (2 unrouted), using 20737,03 CPU seconds and 102437 MB memory.
2026-09-25 13:24:37.267 INFO   [C8F2D8\B56B8D] Auto-router pass #918 on board 'b601f7e39ac71a5a0b6ae6af01cd8d51' was completed in 0,15 seconds with the score of 974,81 (2 unrouted), using 20737,03 CPU seconds and 102437 MB memory.
2026-09-25 13:24:37.424 INFO   [C8F2D8\B56B8D] Auto-router pass #919 on board 'b601f7e39ac71a5a0b6ae6af01cd8d51' was completed in 0,15 seconds with the score of 974,81 (2 unrouted), using 20737,03 CPU seconds and 102437 MB memory.
2026-09-25 13:24:37.653 INFO   [C8F2D8\B56B8D] Restoring an earlier board that has the score of 974,71 (2 unrouted).
2026-09-25 13:24:37.654 INFO   [C8F2D8\B56B8D] Auto-router pass #920 on board 'b601f7e39ac71a5a0b6ae6af01cd8d51' was completed in 0,21 seconds with the score of 974,92 (2 unrouted), using 20939,11 CPU seconds and 103103 MB memory.
2026-09-25 13:24:37.874 INFO   [C8F2D8\B56B8D] Auto-router pass #921 on board '6f92c29c9239363b5ebaffe4cfa20921' was completed in 0,19 seconds with the score of 974,81 (2 unrouted), using 20939,11 CPU seconds and 103103 MB memory.
2026-09-25 13:24:38.043 INFO   [C8F2D8\B56B8D] Auto-router pass #922 on board 'b601f7e39ac71a5a0b6ae6af01cd8d51' was completed in 0,16 seconds with the score of 974,81 (2 unrouted), using 20939,11 CPU seconds and 103103 MB memory.
2026-09-25 13:24:38.252 INFO   [C8F2D8\B56B8D] Auto-router pass #923 on board 'b601f7e39ac71a5a0b6ae6af01cd8d51' was completed in 0,20 seconds with the score of 974,81 (2 unrouted), using 20939,11 CPU seconds and 103103 MB memory.
2026-09-25 13:24:38.580 INFO   [C8F2D8\B56B8D] Restoring an earlier board that has the score of 974,71 (2 unrouted).
2026-09-25 13:24:38.580 INFO   [C8F2D8\B56B8D] Auto-router pass #924 on board 'b601f7e39ac71a5a0b6ae6af01cd8d51' was completed in 0,31 seconds with the score of 974,92 (2 unrouted), using 21142,17 CPU seconds and 103582 MB memory.
2026-09-25 13:24:38.796 INFO   [C8F2D8\B56B8D] Auto-router pass #925 on board '6f92c29c9239363b5ebaffe4cfa20921' was completed in 0,20 seconds with the score of 974,81 (2 unrouted), using 21142,17 CPU seconds and 103582 MB memory.
2026-09-25 13:24:39.006 INFO   [C8F2D8\B56B8D] Auto-router pass #926 on board '0c6f8a281eb8203a9fc6209987b62fc5' was completed in 0,17 seconds with the score of 974,81 (2 unrouted), using 21142,17 CPU seconds and 103582 MB memory.
2026-09-25 13:24:39.202 INFO   [C8F2D8\B56B8D] Auto-router pass #927 on board '0c6f8a281eb8203a9fc6209987b62fc5' was completed in 0,18 seconds with the score of 974,81 (2 unrouted), using 21142,17 CPU seconds and 103582 MB memory.
2026-09-25 13:24:39.433 INFO   [C8F2D8\B56B8D] Restoring an earlier board that has the score of 974,81 (2 unrouted).
2026-09-25 13:24:39.433 INFO   [C8F2D8\B56B8D] Auto-router pass #928 on board '0c6f8a281eb8203a9fc6209987b62fc5' was completed in 0,21 seconds with the score of 974,92 (2 unrouted), using 21142,17 CPU seconds and 103582 MB memory.
2026-09-25 13:24:39.608 INFO   [C8F2D8\B56B8D] Auto-router pass #929 on board '0c6f8a281eb8203a9fc6209987b62fc5' was completed in 0,16 seconds with the score of 974,81 (2 unrouted), using 21346,23 CPU seconds and 104114 MB memory.
2026-09-25 13:24:39.776 INFO   [C8F2D8\B56B8D] Auto-router pass #930 on board '0c6f8a281eb8203a9fc6209987b62fc5' was completed in 0,15 seconds with the score of 974,81 (2 unrouted), using 21346,23 CPU seconds and 104114 MB memory.
2026-09-25 13:24:39.921 INFO   [C8F2D8\B56B8D] Auto-router pass #931 on board '0c6f8a281eb8203a9fc6209987b62fc5' was completed in 0,13 seconds with the score of 974,81 (2 unrouted), using 21346,23 CPU seconds and 104114 MB memory.
2026-09-25 13:24:40.145 INFO   [C8F2D8\B56B8D] Restoring an earlier board that has the score of 974,81 (2 unrouted).
2026-09-25 13:24:40.146 INFO   [C8F2D8\B56B8D] Auto-router pass #932 on board '0c6f8a281eb8203a9fc6209987b62fc5' was completed in 0,21 seconds with the score of 974,92 (2 unrouted), using 21346,23 CPU seconds and 104114 MB memory.
2026-09-25 13:24:40.365 INFO   [C8F2D8\B56B8D] Auto-router pass #933 on board '0c6f8a281eb8203a9fc6209987b62fc5' was completed in 0,20 seconds with the score of 974,81 (2 unrouted), using 21346,23 CPU seconds and 104114 MB memory.
2026-09-25 13:24:40.603 INFO   [C8F2D8\B56B8D] Auto-router pass #934 on board '0c6f8a281eb8203a9fc6209987b62fc5' was completed in 0,22 seconds with the score of 974,81 (2 unrouted), using 21551,23 CPU seconds and 104677 MB memory.
2026-09-25 13:24:40.758 INFO   [C8F2D8\B56B8D] Auto-router pass #935 on board '0c6f8a281eb8203a9fc6209987b62fc5' was completed in 0,14 seconds with the score of 974,81 (2 unrouted), using 21551,23 CPU seconds and 104677 MB memory.
2026-09-25 13:24:40.982 INFO   [C8F2D8\B56B8D] Restoring an earlier board that has the score of 974,81 (2 unrouted).
2026-09-25 13:24:40.982 INFO   [C8F2D8\B56B8D] Auto-router pass #936 on board '0c6f8a281eb8203a9fc6209987b62fc5' was completed in 0,21 seconds with the score of 974,92 (2 unrouted), using 21551,23 CPU seconds and 104677 MB memory.
2026-09-25 13:24:41.157 INFO   [C8F2D8\B56B8D] Auto-router pass #937 on board '0c6f8a281eb8203a9fc6209987b62fc5' was completed in 0,16 seconds with the score of 974,81 (2 unrouted), using 21551,23 CPU seconds and 104677 MB memory.
2026-09-25 13:24:41.346 INFO   [C8F2D8\B56B8D] Auto-router pass #938 on board '0c6f8a281eb8203a9fc6209987b62fc5' was completed in 0,17 seconds with the score of 974,81 (2 unrouted), using 21551,23 CPU seconds and 104677 MB memory.
2026-09-25 13:24:41.525 INFO   [C8F2D8\B56B8D] Auto-router pass #939 on board '0c6f8a281eb8203a9fc6209987b62fc5' was completed in 0,16 seconds with the score of 974,81 (2 unrouted), using 21757,22 CPU seconds and 105261 MB memory.
2026-09-25 13:24:41.771 INFO   [C8F2D8\B56B8D] Restoring an earlier board that has the score of 974,81 (2 unrouted).
2026-09-25 13:24:41.771 INFO   [C8F2D8\B56B8D] Auto-router pass #940 on board '0c6f8a281eb8203a9fc6209987b62fc5' was completed in 0,23 seconds with the score of 974,92 (2 unrouted), using 21757,22 CPU seconds and 105261 MB memory.
2026-09-25 13:24:41.964 INFO   [C8F2D8\B56B8D] Auto-router pass #941 on board '0c6f8a281eb8203a9fc6209987b62fc5' was completed in 0,18 seconds with the score of 974,81 (2 unrouted), using 21757,22 CPU seconds and 105261 MB memory.
2026-09-25 13:24:42.135 INFO   [C8F2D8\B56B8D] Auto-router pass #942 on board '0c6f8a281eb8203a9fc6209987b62fc5' was completed in 0,15 seconds with the score of 974,81 (2 unrouted), using 21757,22 CPU seconds and 105261 MB memory.
2026-09-25 13:24:42.307 INFO   [C8F2D8\B56B8D] Auto-router pass #943 on board '0c6f8a281eb8203a9fc6209987b62fc5' was completed in 0,16 seconds with the score of 974,81 (2 unrouted), using 21757,22 CPU seconds and 105261 MB memory.
2026-09-25 13:24:42.520 INFO   [C8F2D8\B56B8D] Restoring an earlier board that has the score of 974,71 (2 unrouted).
2026-09-25 13:24:42.522 INFO   [C8F2D8\B56B8D] Auto-router pass #944 on board '0c6f8a281eb8203a9fc6209987b62fc5' was completed in 0,20 seconds with the score of 974,92 (2 unrouted), using 21757,22 CPU seconds and 105261 MB memory.
2026-09-25 13:24:42.719 INFO   [C8F2D8\B56B8D] Auto-router pass #945 on board '6f92c29c9239363b5ebaffe4cfa20921' was completed in 0,18 seconds with the score of 974,81 (2 unrouted), using 21964,16 CPU seconds and 105830 MB memory.
2026-09-25 13:24:42.893 INFO   [C8F2D8\B56B8D] Auto-router pass #946 on board '0c6f8a281eb8203a9fc6209987b62fc5' was completed in 0,16 seconds with the score of 974,81 (2 unrouted), using 21964,16 CPU seconds and 105830 MB memory.
2026-09-25 13:24:43.060 INFO   [C8F2D8\B56B8D] Auto-router pass #947 on board '0c6f8a281eb8203a9fc6209987b62fc5' was completed in 0,15 seconds with the score of 974,81 (2 unrouted), using 21964,16 CPU seconds and 105830 MB memory.
2026-09-25 13:24:43.330 INFO   [C8F2D8\B56B8D] Restoring an earlier board that has the score of 974,60 (2 unrouted).
2026-09-25 13:24:43.331 INFO   [C8F2D8\B56B8D] Auto-router pass #948 on board '0c6f8a281eb8203a9fc6209987b62fc5' was completed in 0,26 seconds with the score of 974,92 (2 unrouted), using 21964,16 CPU seconds and 105830 MB memory.
2026-09-25 13:24:43.530 INFO   [C8F2D8\B56B8D] Auto-router pass #949 on board 'c5c66639bb20696476bcee76024e55d2' was completed in 0,18 seconds with the score of 974,71 (2 unrouted), using 21964,16 CPU seconds and 105830 MB memory.
2026-09-25 13:24:43.718 INFO   [C8F2D8\B56B8D] Auto-router pass #950 on board '6f92c29c9239363b5ebaffe4cfa20921' was completed in 0,17 seconds with the score of 974,81 (2 unrouted), using 22172,11 CPU seconds and 106372 MB memory.
2026-09-25 13:24:43.898 INFO   [C8F2D8\B56B8D] Auto-router pass #951 on board '0c6f8a281eb8203a9fc6209987b62fc5' was completed in 0,16 seconds with the score of 974,81 (2 unrouted), using 22172,11 CPU seconds and 106372 MB memory.
2026-09-25 13:24:44.126 INFO   [C8F2D8\B56B8D] Restoring an earlier board that has the score of 974,49 (2 unrouted).
2026-09-25 13:24:44.126 INFO   [C8F2D8\B56B8D] Auto-router pass #952 on board '0c6f8a281eb8203a9fc6209987b62fc5' was completed in 0,22 seconds with the score of 974,92 (2 unrouted), using 22172,11 CPU seconds and 106372 MB memory.
2026-09-25 13:24:44.324 INFO   [C8F2D8\B56B8D] Auto-router pass #953 on board 'c3b087f64a6ab69134b80bbe8cf2695c' was completed in 0,18 seconds with the score of 974,60 (2 unrouted), using 22172,11 CPU seconds and 106372 MB memory.
2026-09-25 13:24:44.498 INFO   [C8F2D8\B56B8D] Auto-router pass #954 on board 'c5c66639bb20696476bcee76024e55d2' was completed in 0,16 seconds with the score of 974,71 (2 unrouted), using 22172,11 CPU seconds and 106372 MB memory.
2026-09-25 13:24:44.708 INFO   [C8F2D8\B56B8D] Auto-router pass #955 on board '6f92c29c9239363b5ebaffe4cfa20921' was completed in 0,19 seconds with the score of 974,81 (2 unrouted), using 22381,03 CPU seconds and 106932 MB memory.
2026-09-25 13:24:44.939 INFO   [C8F2D8\B56B8D] Restoring an earlier board that has the score of 974,38 (2 unrouted).
2026-09-25 13:24:44.939 INFO   [C8F2D8\B56B8D] Auto-router pass #956 on board 'b601f7e39ac71a5a0b6ae6af01cd8d51' was completed in 0,22 seconds with the score of 974,92 (2 unrouted), using 22381,03 CPU seconds and 106932 MB memory.
2026-09-25 13:24:45.125 INFO   [C8F2D8\B56B8D] Auto-router pass #957 on board 'ea1bb02bf6b9211efbb15a760510582e' was completed in 0,17 seconds with the score of 974,49 (2 unrouted), using 22381,03 CPU seconds and 106932 MB memory.
2026-09-25 13:24:45.311 INFO   [C8F2D8\B56B8D] Auto-router pass #958 on board '2a5917980446ea8444b65c897a9c6c42' was completed in 0,15 seconds with the score of 974,60 (2 unrouted), using 22381,03 CPU seconds and 106932 MB memory.
2026-09-25 13:24:45.527 INFO   [C8F2D8\B56B8D] Auto-router pass #959 on board '1410d286f8955a764dfb0417a5fb5b33' was completed in 0,17 seconds with the score of 974,71 (2 unrouted), using 22381,03 CPU seconds and 106932 MB memory.
2026-09-25 13:24:45.846 INFO   [C8F2D8\B56B8D] Restoring an earlier board that has the score of 974,71 (2 unrouted).
2026-09-25 13:24:45.847 INFO   [C8F2D8\B56B8D] Auto-router pass #960 on board '8c1b6d18d4f2d940e4607c69e399c9fc' was completed in 0,29 seconds with the score of 974,81 (2 unrouted), using 22590,95 CPU seconds and 107490 MB memory.
2026-09-25 13:24:46.028 INFO   [C8F2D8\B56B8D] Auto-router pass #961 on board '8c1b6d18d4f2d940e4607c69e399c9fc' was completed in 0,16 seconds with the score of 974,81 (2 unrouted), using 22590,95 CPU seconds and 107490 MB memory.
2026-09-25 13:24:46.213 INFO   [C8F2D8\B56B8D] Auto-router pass #962 on board 'a3e00ee149d69df41a5b39c8c8af9e64' was completed in 0,13 seconds with the score of 974,81 (2 unrouted), using 22590,95 CPU seconds and 107490 MB memory.
2026-09-25 13:24:46.404 INFO   [C8F2D8\B56B8D] Auto-router pass #963 on board 'a3e00ee149d69df41a5b39c8c8af9e64' was completed in 0,18 seconds with the score of 974,81 (2 unrouted), using 22590,95 CPU seconds and 107490 MB memory.
2026-09-25 13:24:46.649 INFO   [C8F2D8\B56B8D] Restoring an earlier board that has the score of 974,81 (2 unrouted).
2026-09-25 13:24:46.650 INFO   [C8F2D8\B56B8D] Auto-router pass #964 on board 'a3e00ee149d69df41a5b39c8c8af9e64' was completed in 0,22 seconds with the score of 974,92 (2 unrouted), using 22801,86 CPU seconds and 108013 MB memory.
2026-09-25 13:24:46.844 INFO   [C8F2D8\B56B8D] Auto-router pass #965 on board 'a3e00ee149d69df41a5b39c8c8af9e64' was completed in 0,18 seconds with the score of 974,81 (2 unrouted), using 22801,86 CPU seconds and 108013 MB memory.
2026-09-25 13:24:47.055 INFO   [C8F2D8\B56B8D] Auto-router pass #966 on board 'a3e00ee149d69df41a5b39c8c8af9e64' was completed in 0,19 seconds with the score of 974,81 (2 unrouted), using 22801,86 CPU seconds and 108013 MB memory.
2026-09-25 13:24:47.227 INFO   [C8F2D8\B56B8D] Auto-router pass #967 on board 'a3e00ee149d69df41a5b39c8c8af9e64' was completed in 0,16 seconds with the score of 974,81 (2 unrouted), using 22801,86 CPU seconds and 108013 MB memory.
2026-09-25 13:24:47.446 INFO   [C8F2D8\B56B8D] Restoring an earlier board that has the score of 974,81 (2 unrouted).
2026-09-25 13:24:47.446 INFO   [C8F2D8\B56B8D] Auto-router pass #968 on board 'a3e00ee149d69df41a5b39c8c8af9e64' was completed in 0,20 seconds with the score of 974,92 (2 unrouted), using 22801,86 CPU seconds and 108013 MB memory.
2026-09-25 13:24:47.656 INFO   [C8F2D8\B56B8D] Auto-router pass #969 on board 'a3e00ee149d69df41a5b39c8c8af9e64' was completed in 0,19 seconds with the score of 974,81 (2 unrouted), using 23013,75 CPU seconds and 108560 MB memory.
2026-09-25 13:24:47.806 INFO   [C8F2D8\B56B8D] Auto-router pass #970 on board 'a3e00ee149d69df41a5b39c8c8af9e64' was completed in 0,14 seconds with the score of 974,81 (2 unrouted), using 23013,75 CPU seconds and 108560 MB memory.
2026-09-25 13:24:47.988 INFO   [C8F2D8\B56B8D] Auto-router pass #971 on board 'a3e00ee149d69df41a5b39c8c8af9e64' was completed in 0,17 seconds with the score of 974,81 (2 unrouted), using 23013,75 CPU seconds and 108560 MB memory.
2026-09-25 13:24:48.223 INFO   [C8F2D8\B56B8D] Restoring an earlier board that has the score of 974,81 (2 unrouted).
2026-09-25 13:24:48.224 INFO   [C8F2D8\B56B8D] Auto-router pass #972 on board 'a3e00ee149d69df41a5b39c8c8af9e64' was completed in 0,22 seconds with the score of 974,92 (2 unrouted), using 23013,75 CPU seconds and 108560 MB memory.
2026-09-25 13:24:48.456 INFO   [C8F2D8\B56B8D] Auto-router pass #973 on board 'a3e00ee149d69df41a5b39c8c8af9e64' was completed in 0,22 seconds with the score of 974,81 (2 unrouted), using 23013,75 CPU seconds and 108560 MB memory.
2026-09-25 13:24:48.623 INFO   [C8F2D8\B56B8D] Auto-router pass #974 on board 'a3e00ee149d69df41a5b39c8c8af9e64' was completed in 0,16 seconds with the score of 974,81 (2 unrouted), using 23226,61 CPU seconds and 109126 MB memory.
2026-09-25 13:24:48.798 INFO   [C8F2D8\B56B8D] Auto-router pass #975 on board 'a3e00ee149d69df41a5b39c8c8af9e64' was completed in 0,15 seconds with the score of 974,81 (2 unrouted), using 23226,61 CPU seconds and 109126 MB memory.
2026-09-25 13:24:49.037 INFO   [C8F2D8\B56B8D] Restoring an earlier board that has the score of 974,81 (2 unrouted).
2026-09-25 13:24:49.037 INFO   [C8F2D8\B56B8D] Auto-router pass #976 on board 'a3e00ee149d69df41a5b39c8c8af9e64' was completed in 0,22 seconds with the score of 974,92 (2 unrouted), using 23226,61 CPU seconds and 109126 MB memory.
2026-09-25 13:24:49.294 INFO   [C8F2D8\B56B8D] Auto-router pass #977 on board 'a3e00ee149d69df41a5b39c8c8af9e64' was completed in 0,23 seconds with the score of 974,81 (2 unrouted), using 23226,61 CPU seconds and 109126 MB memory.
2026-09-25 13:24:49.524 INFO   [C8F2D8\B56B8D] Auto-router pass #978 on board 'a3e00ee149d69df41a5b39c8c8af9e64' was completed in 0,21 seconds with the score of 974,81 (2 unrouted), using 23226,61 CPU seconds and 109126 MB memory.
2026-09-25 13:24:49.723 INFO   [C8F2D8\B56B8D] Auto-router pass #979 on board 'a3e00ee149d69df41a5b39c8c8af9e64' was completed in 0,18 seconds with the score of 974,81 (2 unrouted), using 23440,45 CPU seconds and 109618 MB memory.
2026-09-25 13:24:49.979 INFO   [C8F2D8\B56B8D] Restoring an earlier board that has the score of 974,71 (2 unrouted).
2026-09-25 13:24:49.980 INFO   [C8F2D8\B56B8D] Auto-router pass #980 on board 'a3e00ee149d69df41a5b39c8c8af9e64' was completed in 0,24 seconds with the score of 974,92 (2 unrouted), using 23440,45 CPU seconds and 109618 MB memory.
2026-09-25 13:24:50.253 INFO   [C8F2D8\B56B8D] Auto-router pass #981 on board '8c1b6d18d4f2d940e4607c69e399c9fc' was completed in 0,25 seconds with the score of 974,81 (2 unrouted), using 23440,45 CPU seconds and 109618 MB memory.
2026-09-25 13:24:50.420 INFO   [C8F2D8\B56B8D] Auto-router pass #982 on board 'a3e00ee149d69df41a5b39c8c8af9e64' was completed in 0,15 seconds with the score of 974,81 (2 unrouted), using 23440,45 CPU seconds and 109618 MB memory.
2026-09-25 13:24:50.588 INFO   [C8F2D8\B56B8D] Auto-router pass #983 on board 'a3e00ee149d69df41a5b39c8c8af9e64' was completed in 0,16 seconds with the score of 974,81 (2 unrouted), using 23655,30 CPU seconds and 110133 MB memory.
2026-09-25 13:24:50.815 INFO   [C8F2D8\B56B8D] Restoring an earlier board that has the score of 974,71 (2 unrouted).
2026-09-25 13:24:50.815 INFO   [C8F2D8\B56B8D] Auto-router pass #984 on board 'a3e00ee149d69df41a5b39c8c8af9e64' was completed in 0,22 seconds with the score of 974,92 (2 unrouted), using 23655,30 CPU seconds and 110133 MB memory.
2026-09-25 13:24:50.965 INFO   [C8F2D8\B56B8D] Auto-router pass #985 on board '8c1b6d18d4f2d940e4607c69e399c9fc' was completed in 0,14 seconds with the score of 974,81 (2 unrouted), using 23655,30 CPU seconds and 110133 MB memory.
2026-09-25 13:24:51.138 INFO   [C8F2D8\B56B8D] Auto-router pass #986 on board 'a3e00ee149d69df41a5b39c8c8af9e64' was completed in 0,16 seconds with the score of 974,81 (2 unrouted), using 23655,30 CPU seconds and 110133 MB memory.
2026-09-25 13:24:51.316 INFO   [C8F2D8\B56B8D] Auto-router pass #987 on board 'a3e00ee149d69df41a5b39c8c8af9e64' was completed in 0,15 seconds with the score of 974,81 (2 unrouted), using 23655,30 CPU seconds and 110133 MB memory.
2026-09-25 13:24:51.555 INFO   [C8F2D8\B56B8D] Restoring an earlier board that has the score of 974,71 (2 unrouted).
2026-09-25 13:24:51.556 INFO   [C8F2D8\B56B8D] Auto-router pass #988 on board 'a3e00ee149d69df41a5b39c8c8af9e64' was completed in 0,23 seconds with the score of 974,92 (2 unrouted), using 23655,30 CPU seconds and 110133 MB memory.
2026-09-25 13:24:51.813 INFO   [C8F2D8\B56B8D] Auto-router pass #989 on board '8c1b6d18d4f2d940e4607c69e399c9fc' was completed in 0,23 seconds with the score of 974,81 (2 unrouted), using 23871,12 CPU seconds and 110710 MB memory.
2026-09-25 13:24:52.015 INFO   [C8F2D8\B56B8D] Auto-router pass #990 on board '4e36d4973e5cc1f6d1093e67fb0187d5' was completed in 0,18 seconds with the score of 974,81 (2 unrouted), using 23871,12 CPU seconds and 110710 MB memory.
2026-09-25 13:24:52.187 INFO   [C8F2D8\B56B8D] Auto-router pass #991 on board '4e36d4973e5cc1f6d1093e67fb0187d5' was completed in 0,15 seconds with the score of 974,81 (2 unrouted), using 23871,12 CPU seconds and 110710 MB memory.
2026-09-25 13:24:52.424 INFO   [C8F2D8\B56B8D] Restoring an earlier board that has the score of 974,81 (2 unrouted).
2026-09-25 13:24:52.424 INFO   [C8F2D8\B56B8D] Auto-router pass #992 on board '4e36d4973e5cc1f6d1093e67fb0187d5' was completed in 0,23 seconds with the score of 974,92 (2 unrouted), using 23871,12 CPU seconds and 110710 MB memory.
2026-09-25 13:24:52.621 INFO   [C8F2D8\B56B8D] Auto-router pass #993 on board '4e36d4973e5cc1f6d1093e67fb0187d5' was completed in 0,18 seconds with the score of 974,81 (2 unrouted), using 24087,94 CPU seconds and 111243 MB memory.
2026-09-25 13:24:52.869 INFO   [C8F2D8\B56B8D] Auto-router pass #994 on board '4e36d4973e5cc1f6d1093e67fb0187d5' was completed in 0,23 seconds with the score of 974,81 (2 unrouted), using 24087,94 CPU seconds and 111243 MB memory.
2026-09-25 13:24:53.105 INFO   [C8F2D8\B56B8D] Auto-router pass #995 on board '4e36d4973e5cc1f6d1093e67fb0187d5' was completed in 0,21 seconds with the score of 974,81 (2 unrouted), using 24087,94 CPU seconds and 111243 MB memory.
2026-09-25 13:24:53.409 INFO   [C8F2D8\B56B8D] Restoring an earlier board that has the score of 974,81 (2 unrouted).
2026-09-25 13:24:53.409 INFO   [C8F2D8\B56B8D] Auto-router pass #996 on board '4e36d4973e5cc1f6d1093e67fb0187d5' was completed in 0,29 seconds with the score of 974,92 (2 unrouted), using 24087,94 CPU seconds and 111243 MB memory.
2026-09-25 13:24:53.682 INFO   [C8F2D8\B56B8D] Auto-router pass #997 on board '4e36d4973e5cc1f6d1093e67fb0187d5' was completed in 0,25 seconds with the score of 974,81 (2 unrouted), using 24305,70 CPU seconds and 111653 MB memory.
2026-09-25 13:24:53.838 INFO   [C8F2D8\B56B8D] Auto-router pass #998 on board '4e36d4973e5cc1f6d1093e67fb0187d5' was completed in 0,14 seconds with the score of 974,81 (2 unrouted), using 24305,70 CPU seconds and 111653 MB memory.
2026-09-25 13:24:54.030 INFO   [C8F2D8\B56B8D] Auto-router pass #999 on board '4e36d4973e5cc1f6d1093e67fb0187d5' was completed in 0,18 seconds with the score of 974,81 (2 unrouted), using 24305,70 CPU seconds and 111653 MB memory.
{
  "host": "KiCad's Pcbnew,10.0.6",
  "unit": "mm",
  "board": {
    "bounding_box": {
      "x": 1601.0,
      "y": 1.0,
      "width": -1.0,
      "height": -1201.0
    },
    "size": {
      "x": 0.0,
      "y": 0.0,
      "width": 1602.0,
      "height": 1202.0
    }
  },
  "layers": {
    "total_count": 2,
    "signal_count": 2
  },
  "items": {
    "total_count": 3309,
    "trace_count": 150,
    "via_count": 0,
    "conduction_area_count": 0,
    "drill_item_count": 198,
    "pin_count": 0,
    "component_count": 2930,
    "other_count": 31
  },
  "components": {
    "total_count": 73
  },
  "pads": {
    "total_count": 198
  },
  "nets": {
    "total_count": 44,
    "class_count": 2
  },
  "connections": {
    "maximum_count": 240,
    "incomplete_count": 2
  },
  "traces": {
    "total_count": 150,
    "total_segment_count": 248,
    "total_length": 15201.895,
    "total_weighted_length": 4.1035144E7,
    "average_length": 101.34597,
    "total_vertical_length": 6883.366,
    "total_horizontal_length": 8273.53,
    "total_angled_length": 2460.6135
  },
  "bends": {
    "total_count": 98,
    "90_degree_count": 6,
    "45_degree_count": 86,
    "other_angle_count": 6
  },
  "vias": {
    "total_count": 0,
    "through_hole_count": 0,
    "blind_count": 0,
    "buried_count": 0
  },
  "clearance_violations": {
    "total_count": 0
  }
}
