2026-09-24 18:30:51.579 INFO   Freerouting v2.1.0 (build-date: 2025-04-12)
2026-09-24 18:30:51.723 WARN   No default constructor found for field: currentLocale
2026-09-24 18:30:51.724 INFO   Settings were loaded from freerouting.json
2026-09-24 18:30:54.408 INFO   New version available: v2.4.1
2026-09-24 18:30:54.793 INFO   [98210C\3A7670] Job '98210C\3A7670' started at 2026-09-24T16:30:54.793992600Z
2026-09-24 18:31:05.577 INFO   [98210C\3A7670] Auto-router pass #1 on board '1a5e0080ff8e6ed653fe7f0021476460' was completed in 10,22 seconds with the score of 982,74 (2 unrouted), using 42,48 CPU seconds and 3670 MB memory.
2026-09-24 18:31:06.191 INFO   [98210C\3A7670] Auto-router pass #2 on board '170e6ce3e695c5baf9631cc572d932e6' was completed in 0,50 seconds with the score of 982,74 (2 unrouted), using 51,20 CPU seconds and 3938 MB memory.
2026-09-24 18:31:06.594 INFO   [98210C\3A7670] Auto-router pass #3 on board '170e6ce3e695c5baf9631cc572d932e6' was completed in 0,37 seconds with the score of 982,74 (2 unrouted), using 51,20 CPU seconds and 3938 MB memory.
2026-09-24 18:31:07.259 INFO   [98210C\3A7670] Auto-router pass #4 on board '170e6ce3e695c5baf9631cc572d932e6' was completed in 0,64 seconds with the score of 985,09 (1 unrouted), using 60,67 CPU seconds and 4210 MB memory.
2026-09-24 18:31:07.631 INFO   [98210C\3A7670] Auto-router pass #5 on board 'fb049c47633c1638efb58b7367f21d08' was completed in 0,28 seconds with the score of 985,09 (1 unrouted), using 60,67 CPU seconds and 4210 MB memory.
2026-09-24 18:31:07.890 INFO   [98210C\3A7670] Auto-router pass #6 on board 'fb049c47633c1638efb58b7367f21d08' was completed in 0,23 seconds with the score of 985,09 (1 unrouted), using 60,67 CPU seconds and 4210 MB memory.
2026-09-24 18:31:08.215 INFO   [98210C\3A7670] Auto-router pass #7 on board 'fb049c47633c1638efb58b7367f21d08' was completed in 0,30 seconds with the score of 985,09 (1 unrouted), using 70,91 CPU seconds and 4507 MB memory.
2026-09-24 18:31:08.628 INFO   [98210C\3A7670] Auto-router pass #8 on board 'fb049c47633c1638efb58b7367f21d08' was completed in 0,37 seconds with the score of 985,09 (1 unrouted), using 70,91 CPU seconds and 4507 MB memory.
2026-09-24 18:31:08.897 INFO   [98210C\3A7670] Auto-router pass #9 on board 'fb049c47633c1638efb58b7367f21d08' was completed in 0,25 seconds with the score of 985,09 (1 unrouted), using 70,91 CPU seconds and 4507 MB memory.
2026-09-24 18:31:09.181 INFO   [98210C\3A7670] Auto-router pass #10 on board 'fb049c47633c1638efb58b7367f21d08' was completed in 0,26 seconds with the score of 985,09 (1 unrouted), using 81,97 CPU seconds and 4790 MB memory.
2026-09-24 18:31:09.476 INFO   [98210C\3A7670] Auto-router pass #11 on board 'fb049c47633c1638efb58b7367f21d08' was completed in 0,27 seconds with the score of 985,09 (1 unrouted), using 81,97 CPU seconds and 4790 MB memory.
2026-09-24 18:31:09.893 INFO   [98210C\3A7670] Auto-router pass #12 on board 'fb049c47633c1638efb58b7367f21d08' was completed in 0,39 seconds with the score of 985,09 (1 unrouted), using 81,97 CPU seconds and 4790 MB memory.
2026-09-24 18:31:10.164 INFO   [98210C\3A7670] Auto-router pass #13 on board 'fb049c47633c1638efb58b7367f21d08' was completed in 0,25 seconds with the score of 985,09 (1 unrouted), using 93,78 CPU seconds and 5075 MB memory.
2026-09-24 18:31:10.505 INFO   [98210C\3A7670] Auto-router pass #14 on board 'fb049c47633c1638efb58b7367f21d08' was completed in 0,30 seconds with the score of 985,09 (1 unrouted), using 93,78 CPU seconds and 5075 MB memory.
2026-09-24 18:31:10.808 INFO   [98210C\3A7670] Auto-router pass #15 on board 'fb049c47633c1638efb58b7367f21d08' was completed in 0,27 seconds with the score of 985,09 (1 unrouted), using 93,78 CPU seconds and 5075 MB memory.
2026-09-24 18:31:11.232 INFO   [98210C\3A7670] Auto-router pass #16 on board 'fb049c47633c1638efb58b7367f21d08' was completed in 0,40 seconds with the score of 985,09 (1 unrouted), using 106,38 CPU seconds and 5358 MB memory.
2026-09-24 18:31:11.477 INFO   [98210C\3A7670] Auto-router pass #17 on board 'fb049c47633c1638efb58b7367f21d08' was completed in 0,22 seconds with the score of 985,09 (1 unrouted), using 106,38 CPU seconds and 5358 MB memory.
2026-09-24 18:31:11.688 INFO   [98210C\3A7670] Auto-router pass #18 on board 'fb049c47633c1638efb58b7367f21d08' was completed in 0,19 seconds with the score of 985,09 (1 unrouted), using 106,38 CPU seconds and 5358 MB memory.
2026-09-24 18:31:11.915 INFO   [98210C\3A7670] Auto-router pass #19 on board 'fb049c47633c1638efb58b7367f21d08' was completed in 0,21 seconds with the score of 985,09 (1 unrouted), using 106,38 CPU seconds and 5358 MB memory.
2026-09-24 18:31:12.161 INFO   [98210C\3A7670] Auto-router pass #20 on board 'fb049c47633c1638efb58b7367f21d08' was completed in 0,23 seconds with the score of 985,09 (1 unrouted), using 119,78 CPU seconds and 5715 MB memory.
2026-09-24 18:31:12.366 INFO   [98210C\3A7670] Auto-router pass #21 on board 'fb049c47633c1638efb58b7367f21d08' was completed in 0,19 seconds with the score of 985,09 (1 unrouted), using 119,78 CPU seconds and 5715 MB memory.
2026-09-24 18:31:12.592 INFO   [98210C\3A7670] Auto-router pass #22 on board 'fb049c47633c1638efb58b7367f21d08' was completed in 0,21 seconds with the score of 985,09 (1 unrouted), using 119,78 CPU seconds and 5715 MB memory.
2026-09-24 18:31:12.821 INFO   [98210C\3A7670] Auto-router pass #23 on board 'fb049c47633c1638efb58b7367f21d08' was completed in 0,21 seconds with the score of 985,09 (1 unrouted), using 119,78 CPU seconds and 5715 MB memory.
2026-09-24 18:31:13.065 INFO   [98210C\3A7670] Auto-router pass #24 on board 'fb049c47633c1638efb58b7367f21d08' was completed in 0,23 seconds with the score of 985,09 (1 unrouted), using 134,12 CPU seconds and 6128 MB memory.
2026-09-24 18:31:13.247 INFO   [98210C\3A7670] Auto-router pass #25 on board 'fb049c47633c1638efb58b7367f21d08' was completed in 0,16 seconds with the score of 985,09 (1 unrouted), using 134,12 CPU seconds and 6128 MB memory.
2026-09-24 18:31:13.440 INFO   [98210C\3A7670] Auto-router pass #26 on board 'fb049c47633c1638efb58b7367f21d08' was completed in 0,18 seconds with the score of 985,09 (1 unrouted), using 134,12 CPU seconds and 6128 MB memory.
2026-09-24 18:31:13.631 INFO   [98210C\3A7670] Auto-router pass #27 on board 'fb049c47633c1638efb58b7367f21d08' was completed in 0,17 seconds with the score of 985,09 (1 unrouted), using 134,12 CPU seconds and 6128 MB memory.
2026-09-24 18:31:13.902 INFO   [98210C\3A7670] Auto-router pass #28 on board 'fb049c47633c1638efb58b7367f21d08' was completed in 0,26 seconds with the score of 985,09 (1 unrouted), using 134,12 CPU seconds and 6128 MB memory.
2026-09-24 18:31:14.109 INFO   [98210C\3A7670] Auto-router pass #29 on board 'fb049c47633c1638efb58b7367f21d08' was completed in 0,19 seconds with the score of 985,09 (1 unrouted), using 149,45 CPU seconds and 6578 MB memory.
2026-09-24 18:31:14.281 INFO   [98210C\3A7670] Auto-router pass #30 on board 'fb049c47633c1638efb58b7367f21d08' was completed in 0,15 seconds with the score of 985,09 (1 unrouted), using 149,45 CPU seconds and 6578 MB memory.
2026-09-24 18:31:14.457 INFO   [98210C\3A7670] Auto-router pass #31 on board 'fb049c47633c1638efb58b7367f21d08' was completed in 0,16 seconds with the score of 985,09 (1 unrouted), using 149,45 CPU seconds and 6578 MB memory.
2026-09-24 18:31:14.677 INFO   [98210C\3A7670] Auto-router pass #32 on board 'fb049c47633c1638efb58b7367f21d08' was completed in 0,20 seconds with the score of 985,09 (1 unrouted), using 149,45 CPU seconds and 6578 MB memory.
2026-09-24 18:31:14.882 INFO   [98210C\3A7670] Auto-router pass #33 on board 'fb049c47633c1638efb58b7367f21d08' was completed in 0,19 seconds with the score of 985,09 (1 unrouted), using 149,45 CPU seconds and 6578 MB memory.
2026-09-24 18:31:15.067 INFO   [98210C\3A7670] Auto-router pass #34 on board 'fb049c47633c1638efb58b7367f21d08' was completed in 0,17 seconds with the score of 985,09 (1 unrouted), using 165,73 CPU seconds and 7056 MB memory.
2026-09-24 18:31:15.243 INFO   [98210C\3A7670] Auto-router pass #35 on board 'fb049c47633c1638efb58b7367f21d08' was completed in 0,16 seconds with the score of 985,09 (1 unrouted), using 165,73 CPU seconds and 7056 MB memory.
2026-09-24 18:31:15.455 INFO   [98210C\3A7670] Auto-router pass #36 on board 'fb049c47633c1638efb58b7367f21d08' was completed in 0,20 seconds with the score of 985,09 (1 unrouted), using 165,73 CPU seconds and 7056 MB memory.
2026-09-24 18:31:15.627 INFO   [98210C\3A7670] Auto-router pass #37 on board 'fb049c47633c1638efb58b7367f21d08' was completed in 0,15 seconds with the score of 985,09 (1 unrouted), using 165,73 CPU seconds and 7056 MB memory.
2026-09-24 18:31:15.804 INFO   [98210C\3A7670] Auto-router pass #38 on board 'fb049c47633c1638efb58b7367f21d08' was completed in 0,16 seconds with the score of 985,09 (1 unrouted), using 165,73 CPU seconds and 7056 MB memory.
2026-09-24 18:31:15.975 INFO   [98210C\3A7670] Auto-router pass #39 on board 'fb049c47633c1638efb58b7367f21d08' was completed in 0,15 seconds with the score of 985,09 (1 unrouted), using 165,73 CPU seconds and 7056 MB memory.
2026-09-24 18:31:16.226 INFO   [98210C\3A7670] Auto-router pass #40 on board 'fb049c47633c1638efb58b7367f21d08' was completed in 0,24 seconds with the score of 985,09 (1 unrouted), using 183,03 CPU seconds and 7556 MB memory.
2026-09-24 18:31:16.449 INFO   [98210C\3A7670] Auto-router pass #41 on board 'fb049c47633c1638efb58b7367f21d08' was completed in 0,20 seconds with the score of 985,09 (1 unrouted), using 183,03 CPU seconds and 7556 MB memory.
2026-09-24 18:31:16.616 INFO   [98210C\3A7670] Auto-router pass #42 on board 'fb049c47633c1638efb58b7367f21d08' was completed in 0,15 seconds with the score of 985,09 (1 unrouted), using 183,03 CPU seconds and 7556 MB memory.
2026-09-24 18:31:16.789 INFO   [98210C\3A7670] Auto-router pass #43 on board 'fb049c47633c1638efb58b7367f21d08' was completed in 0,15 seconds with the score of 985,09 (1 unrouted), using 183,03 CPU seconds and 7556 MB memory.
2026-09-24 18:31:16.991 INFO   [98210C\3A7670] Auto-router pass #44 on board 'fb049c47633c1638efb58b7367f21d08' was completed in 0,19 seconds with the score of 985,09 (1 unrouted), using 183,03 CPU seconds and 7556 MB memory.
2026-09-24 18:31:17.158 INFO   [98210C\3A7670] Auto-router pass #45 on board 'fb049c47633c1638efb58b7367f21d08' was completed in 0,15 seconds with the score of 985,09 (1 unrouted), using 201,27 CPU seconds and 8029 MB memory.
2026-09-24 18:31:17.309 INFO   [98210C\3A7670] Auto-router pass #46 on board 'fb049c47633c1638efb58b7367f21d08' was completed in 0,14 seconds with the score of 985,09 (1 unrouted), using 201,27 CPU seconds and 8029 MB memory.
2026-09-24 18:31:17.459 INFO   [98210C\3A7670] Auto-router pass #47 on board 'fb049c47633c1638efb58b7367f21d08' was completed in 0,14 seconds with the score of 985,09 (1 unrouted), using 201,27 CPU seconds and 8029 MB memory.
2026-09-24 18:31:17.656 INFO   [98210C\3A7670] Auto-router pass #48 on board 'fb049c47633c1638efb58b7367f21d08' was completed in 0,18 seconds with the score of 985,09 (1 unrouted), using 201,27 CPU seconds and 8029 MB memory.
2026-09-24 18:31:17.811 INFO   [98210C\3A7670] Auto-router pass #49 on board 'fb049c47633c1638efb58b7367f21d08' was completed in 0,14 seconds with the score of 985,09 (1 unrouted), using 201,27 CPU seconds and 8029 MB memory.
2026-09-24 18:31:17.960 INFO   [98210C\3A7670] Auto-router pass #50 on board 'fb049c47633c1638efb58b7367f21d08' was completed in 0,14 seconds with the score of 985,09 (1 unrouted), using 201,27 CPU seconds and 8029 MB memory.
2026-09-24 18:31:18.116 INFO   [98210C\3A7670] Auto-router pass #51 on board 'fb049c47633c1638efb58b7367f21d08' was completed in 0,14 seconds with the score of 985,09 (1 unrouted), using 220,47 CPU seconds and 8591 MB memory.
2026-09-24 18:31:18.311 INFO   [98210C\3A7670] Auto-router pass #52 on board 'fb049c47633c1638efb58b7367f21d08' was completed in 0,18 seconds with the score of 985,09 (1 unrouted), using 220,47 CPU seconds and 8591 MB memory.
2026-09-24 18:31:18.472 INFO   [98210C\3A7670] Auto-router pass #53 on board 'fb049c47633c1638efb58b7367f21d08' was completed in 0,15 seconds with the score of 985,09 (1 unrouted), using 220,47 CPU seconds and 8591 MB memory.
2026-09-24 18:31:18.659 INFO   [98210C\3A7670] Auto-router pass #54 on board 'fb049c47633c1638efb58b7367f21d08' was completed in 0,17 seconds with the score of 985,09 (1 unrouted), using 220,47 CPU seconds and 8591 MB memory.
2026-09-24 18:31:18.881 INFO   [98210C\3A7670] Auto-router pass #55 on board 'fb049c47633c1638efb58b7367f21d08' was completed in 0,20 seconds with the score of 985,09 (1 unrouted), using 220,47 CPU seconds and 8591 MB memory.
2026-09-24 18:31:19.147 INFO   [98210C\3A7670] Auto-router pass #56 on board 'fb049c47633c1638efb58b7367f21d08' was completed in 0,24 seconds with the score of 985,09 (1 unrouted), using 240,62 CPU seconds and 9072 MB memory.
2026-09-24 18:31:19.344 INFO   [98210C\3A7670] Auto-router pass #57 on board 'fb049c47633c1638efb58b7367f21d08' was completed in 0,18 seconds with the score of 985,09 (1 unrouted), using 240,62 CPU seconds and 9072 MB memory.
2026-09-24 18:31:19.527 INFO   [98210C\3A7670] Auto-router pass #58 on board 'fb049c47633c1638efb58b7367f21d08' was completed in 0,16 seconds with the score of 985,09 (1 unrouted), using 240,62 CPU seconds and 9072 MB memory.
2026-09-24 18:31:19.688 INFO   [98210C\3A7670] Auto-router pass #59 on board 'fb049c47633c1638efb58b7367f21d08' was completed in 0,15 seconds with the score of 985,09 (1 unrouted), using 240,62 CPU seconds and 9072 MB memory.
2026-09-24 18:31:19.893 INFO   [98210C\3A7670] Auto-router pass #60 on board 'fb049c47633c1638efb58b7367f21d08' was completed in 0,19 seconds with the score of 985,09 (1 unrouted), using 240,62 CPU seconds and 9072 MB memory.
2026-09-24 18:31:20.045 INFO   [98210C\3A7670] Auto-router pass #61 on board 'fb049c47633c1638efb58b7367f21d08' was completed in 0,14 seconds with the score of 985,09 (1 unrouted), using 240,62 CPU seconds and 9072 MB memory.
2026-09-24 18:31:20.182 INFO   [98210C\3A7670] Auto-router pass #62 on board 'fb049c47633c1638efb58b7367f21d08' was completed in 0,12 seconds with the score of 985,09 (1 unrouted), using 261,75 CPU seconds and 9576 MB memory.
2026-09-24 18:31:20.328 INFO   [98210C\3A7670] Auto-router pass #63 on board 'fb049c47633c1638efb58b7367f21d08' was completed in 0,13 seconds with the score of 985,09 (1 unrouted), using 261,75 CPU seconds and 9576 MB memory.
2026-09-24 18:31:20.506 INFO   [98210C\3A7670] Auto-router pass #64 on board 'fb049c47633c1638efb58b7367f21d08' was completed in 0,17 seconds with the score of 985,09 (1 unrouted), using 261,75 CPU seconds and 9576 MB memory.
2026-09-24 18:31:20.654 INFO   [98210C\3A7670] Auto-router pass #65 on board 'fb049c47633c1638efb58b7367f21d08' was completed in 0,13 seconds with the score of 985,09 (1 unrouted), using 261,75 CPU seconds and 9576 MB memory.
2026-09-24 18:31:20.803 INFO   [98210C\3A7670] Auto-router pass #66 on board 'fb049c47633c1638efb58b7367f21d08' was completed in 0,14 seconds with the score of 985,09 (1 unrouted), using 261,75 CPU seconds and 9576 MB memory.
2026-09-24 18:31:20.960 INFO   [98210C\3A7670] Auto-router pass #67 on board 'fb049c47633c1638efb58b7367f21d08' was completed in 0,14 seconds with the score of 985,09 (1 unrouted), using 261,75 CPU seconds and 9576 MB memory.
2026-09-24 18:31:21.162 INFO   [98210C\3A7670] Auto-router pass #68 on board 'fb049c47633c1638efb58b7367f21d08' was completed in 0,19 seconds with the score of 985,09 (1 unrouted), using 283,81 CPU seconds and 10181 MB memory.
2026-09-24 18:31:21.362 INFO   [98210C\3A7670] Auto-router pass #69 on board 'fb049c47633c1638efb58b7367f21d08' was completed in 0,18 seconds with the score of 985,09 (1 unrouted), using 283,81 CPU seconds and 10181 MB memory.
2026-09-24 18:31:21.525 INFO   [98210C\3A7670] Auto-router pass #70 on board 'fb049c47633c1638efb58b7367f21d08' was completed in 0,15 seconds with the score of 985,09 (1 unrouted), using 283,81 CPU seconds and 10181 MB memory.
2026-09-24 18:31:21.683 INFO   [98210C\3A7670] Auto-router pass #71 on board 'fb049c47633c1638efb58b7367f21d08' was completed in 0,14 seconds with the score of 985,09 (1 unrouted), using 283,81 CPU seconds and 10181 MB memory.
2026-09-24 18:31:21.872 INFO   [98210C\3A7670] Auto-router pass #72 on board 'fb049c47633c1638efb58b7367f21d08' was completed in 0,18 seconds with the score of 985,09 (1 unrouted), using 283,81 CPU seconds and 10181 MB memory.
2026-09-24 18:31:22.030 INFO   [98210C\3A7670] Auto-router pass #73 on board 'fb049c47633c1638efb58b7367f21d08' was completed in 0,15 seconds with the score of 985,09 (1 unrouted), using 283,81 CPU seconds and 10181 MB memory.
2026-09-24 18:31:22.183 INFO   [98210C\3A7670] Auto-router pass #74 on board 'fb049c47633c1638efb58b7367f21d08' was completed in 0,14 seconds with the score of 985,09 (1 unrouted), using 306,88 CPU seconds and 10702 MB memory.
2026-09-24 18:31:22.325 INFO   [98210C\3A7670] Auto-router pass #75 on board 'fb049c47633c1638efb58b7367f21d08' was completed in 0,13 seconds with the score of 985,09 (1 unrouted), using 306,88 CPU seconds and 10702 MB memory.
2026-09-24 18:31:22.507 INFO   [98210C\3A7670] Auto-router pass #76 on board 'fb049c47633c1638efb58b7367f21d08' was completed in 0,17 seconds with the score of 985,09 (1 unrouted), using 306,88 CPU seconds and 10702 MB memory.
2026-09-24 18:31:22.661 INFO   [98210C\3A7670] Auto-router pass #77 on board 'fb049c47633c1638efb58b7367f21d08' was completed in 0,14 seconds with the score of 985,09 (1 unrouted), using 306,88 CPU seconds and 10702 MB memory.
2026-09-24 18:31:22.812 INFO   [98210C\3A7670] Auto-router pass #78 on board 'fb049c47633c1638efb58b7367f21d08' was completed in 0,14 seconds with the score of 985,09 (1 unrouted), using 306,88 CPU seconds and 10702 MB memory.
2026-09-24 18:31:22.970 INFO   [98210C\3A7670] Auto-router pass #79 on board 'fb049c47633c1638efb58b7367f21d08' was completed in 0,14 seconds with the score of 985,09 (1 unrouted), using 306,88 CPU seconds and 10702 MB memory.
2026-09-24 18:31:23.163 INFO   [98210C\3A7670] Auto-router pass #80 on board 'fb049c47633c1638efb58b7367f21d08' was completed in 0,18 seconds with the score of 985,09 (1 unrouted), using 330,91 CPU seconds and 11281 MB memory.
2026-09-24 18:31:23.334 INFO   [98210C\3A7670] Auto-router pass #81 on board 'fb049c47633c1638efb58b7367f21d08' was completed in 0,16 seconds with the score of 985,09 (1 unrouted), using 330,91 CPU seconds and 11281 MB memory.
2026-09-24 18:31:23.549 INFO   [98210C\3A7670] Auto-router pass #82 on board 'fb049c47633c1638efb58b7367f21d08' was completed in 0,20 seconds with the score of 985,09 (1 unrouted), using 330,91 CPU seconds and 11281 MB memory.
2026-09-24 18:31:23.730 INFO   [98210C\3A7670] Auto-router pass #83 on board 'fb049c47633c1638efb58b7367f21d08' was completed in 0,16 seconds with the score of 985,09 (1 unrouted), using 330,91 CPU seconds and 11281 MB memory.
2026-09-24 18:31:23.949 INFO   [98210C\3A7670] Auto-router pass #84 on board 'fb049c47633c1638efb58b7367f21d08' was completed in 0,20 seconds with the score of 985,09 (1 unrouted), using 330,91 CPU seconds and 11281 MB memory.
2026-09-24 18:31:24.100 INFO   [98210C\3A7670] Auto-router pass #85 on board 'fb049c47633c1638efb58b7367f21d08' was completed in 0,14 seconds with the score of 985,09 (1 unrouted), using 355,89 CPU seconds and 11777 MB memory.
2026-09-24 18:31:24.250 INFO   [98210C\3A7670] Auto-router pass #86 on board 'fb049c47633c1638efb58b7367f21d08' was completed in 0,14 seconds with the score of 985,09 (1 unrouted), using 355,89 CPU seconds and 11777 MB memory.
2026-09-24 18:31:24.409 INFO   [98210C\3A7670] Auto-router pass #87 on board 'fb049c47633c1638efb58b7367f21d08' was completed in 0,14 seconds with the score of 985,09 (1 unrouted), using 355,89 CPU seconds and 11777 MB memory.
2026-09-24 18:31:24.592 INFO   [98210C\3A7670] Auto-router pass #88 on board 'fb049c47633c1638efb58b7367f21d08' was completed in 0,17 seconds with the score of 985,09 (1 unrouted), using 355,89 CPU seconds and 11777 MB memory.
2026-09-24 18:31:24.753 INFO   [98210C\3A7670] Auto-router pass #89 on board 'fb049c47633c1638efb58b7367f21d08' was completed in 0,15 seconds with the score of 985,09 (1 unrouted), using 355,89 CPU seconds and 11777 MB memory.
2026-09-24 18:31:24.922 INFO   [98210C\3A7670] Auto-router pass #90 on board 'fb049c47633c1638efb58b7367f21d08' was completed in 0,15 seconds with the score of 985,09 (1 unrouted), using 355,89 CPU seconds and 11777 MB memory.
2026-09-24 18:31:25.077 INFO   [98210C\3A7670] Auto-router pass #91 on board 'fb049c47633c1638efb58b7367f21d08' was completed in 0,14 seconds with the score of 985,09 (1 unrouted), using 355,89 CPU seconds and 11777 MB memory.
2026-09-24 18:31:25.279 INFO   [98210C\3A7670] Auto-router pass #92 on board 'fb049c47633c1638efb58b7367f21d08' was completed in 0,19 seconds with the score of 985,09 (1 unrouted), using 381,84 CPU seconds and 12333 MB memory.
2026-09-24 18:31:25.479 INFO   [98210C\3A7670] Auto-router pass #93 on board 'fb049c47633c1638efb58b7367f21d08' was completed in 0,19 seconds with the score of 985,09 (1 unrouted), using 381,84 CPU seconds and 12333 MB memory.
2026-09-24 18:31:25.710 INFO   [98210C\3A7670] Auto-router pass #94 on board 'fb049c47633c1638efb58b7367f21d08' was completed in 0,21 seconds with the score of 985,09 (1 unrouted), using 381,84 CPU seconds and 12333 MB memory.
2026-09-24 18:31:25.912 INFO   [98210C\3A7670] Auto-router pass #95 on board 'fb049c47633c1638efb58b7367f21d08' was completed in 0,18 seconds with the score of 985,09 (1 unrouted), using 381,84 CPU seconds and 12333 MB memory.
2026-09-24 18:31:26.121 INFO   [98210C\3A7670] Auto-router pass #96 on board 'fb049c47633c1638efb58b7367f21d08' was completed in 0,19 seconds with the score of 985,09 (1 unrouted), using 408,78 CPU seconds and 12792 MB memory.
2026-09-24 18:31:26.267 INFO   [98210C\3A7670] Auto-router pass #97 on board 'fb049c47633c1638efb58b7367f21d08' was completed in 0,14 seconds with the score of 985,09 (1 unrouted), using 408,78 CPU seconds and 12792 MB memory.
2026-09-24 18:31:26.417 INFO   [98210C\3A7670] Auto-router pass #98 on board 'fb049c47633c1638efb58b7367f21d08' was completed in 0,14 seconds with the score of 985,09 (1 unrouted), using 408,78 CPU seconds and 12792 MB memory.
2026-09-24 18:31:26.566 INFO   [98210C\3A7670] Auto-router pass #99 on board 'fb049c47633c1638efb58b7367f21d08' was completed in 0,13 seconds with the score of 985,09 (1 unrouted), using 408,78 CPU seconds and 12792 MB memory.
2026-09-24 18:31:26.745 INFO   [98210C\3A7670] Auto-router pass #100 on board 'fb049c47633c1638efb58b7367f21d08' was completed in 0,17 seconds with the score of 985,09 (1 unrouted), using 408,78 CPU seconds and 12792 MB memory.
2026-09-24 18:31:26.913 INFO   [98210C\3A7670] Auto-router pass #101 on board 'fb049c47633c1638efb58b7367f21d08' was completed in 0,15 seconds with the score of 985,09 (1 unrouted), using 408,78 CPU seconds and 12792 MB memory.
2026-09-24 18:31:27.071 INFO   [98210C\3A7670] Auto-router pass #102 on board 'fb049c47633c1638efb58b7367f21d08' was completed in 0,14 seconds with the score of 985,09 (1 unrouted), using 408,78 CPU seconds and 12792 MB memory.
2026-09-24 18:31:27.231 INFO   [98210C\3A7670] Auto-router pass #103 on board 'fb049c47633c1638efb58b7367f21d08' was completed in 0,15 seconds with the score of 985,09 (1 unrouted), using 436,72 CPU seconds and 13368 MB memory.
2026-09-24 18:31:27.439 INFO   [98210C\3A7670] Auto-router pass #104 on board 'fb049c47633c1638efb58b7367f21d08' was completed in 0,19 seconds with the score of 985,09 (1 unrouted), using 436,72 CPU seconds and 13368 MB memory.
2026-09-24 18:31:27.646 INFO   [98210C\3A7670] Auto-router pass #105 on board 'fb049c47633c1638efb58b7367f21d08' was completed in 0,19 seconds with the score of 985,09 (1 unrouted), using 436,72 CPU seconds and 13368 MB memory.
2026-09-24 18:31:27.863 INFO   [98210C\3A7670] Auto-router pass #106 on board 'fb049c47633c1638efb58b7367f21d08' was completed in 0,20 seconds with the score of 985,09 (1 unrouted), using 436,72 CPU seconds and 13368 MB memory.
2026-09-24 18:31:28.048 INFO   [98210C\3A7670] Auto-router pass #107 on board 'fb049c47633c1638efb58b7367f21d08' was completed in 0,17 seconds with the score of 985,09 (1 unrouted), using 436,72 CPU seconds and 13368 MB memory.
2026-09-24 18:31:28.242 INFO   [98210C\3A7670] Auto-router pass #108 on board 'fb049c47633c1638efb58b7367f21d08' was completed in 0,18 seconds with the score of 985,09 (1 unrouted), using 465,59 CPU seconds and 13836 MB memory.
2026-09-24 18:31:28.398 INFO   [98210C\3A7670] Auto-router pass #109 on board 'fb049c47633c1638efb58b7367f21d08' was completed in 0,14 seconds with the score of 985,09 (1 unrouted), using 465,59 CPU seconds and 13836 MB memory.
2026-09-24 18:31:28.553 INFO   [98210C\3A7670] Auto-router pass #110 on board 'fb049c47633c1638efb58b7367f21d08' was completed in 0,14 seconds with the score of 985,09 (1 unrouted), using 465,59 CPU seconds and 13836 MB memory.
2026-09-24 18:31:28.737 INFO   [98210C\3A7670] Auto-router pass #111 on board 'fb049c47633c1638efb58b7367f21d08' was completed in 0,17 seconds with the score of 985,09 (1 unrouted), using 465,59 CPU seconds and 13836 MB memory.
2026-09-24 18:31:28.947 INFO   [98210C\3A7670] Auto-router pass #112 on board 'fb049c47633c1638efb58b7367f21d08' was completed in 0,20 seconds with the score of 985,09 (1 unrouted), using 465,59 CPU seconds and 13836 MB memory.
2026-09-24 18:31:29.123 INFO   [98210C\3A7670] Auto-router pass #113 on board 'fb049c47633c1638efb58b7367f21d08' was completed in 0,16 seconds with the score of 985,09 (1 unrouted), using 495,48 CPU seconds and 14368 MB memory.
2026-09-24 18:31:29.286 INFO   [98210C\3A7670] Auto-router pass #114 on board 'fb049c47633c1638efb58b7367f21d08' was completed in 0,15 seconds with the score of 985,09 (1 unrouted), using 495,48 CPU seconds and 14368 MB memory.
2026-09-24 18:31:29.440 INFO   [98210C\3A7670] Auto-router pass #115 on board 'fb049c47633c1638efb58b7367f21d08' was completed in 0,14 seconds with the score of 985,09 (1 unrouted), using 495,48 CPU seconds and 14368 MB memory.
2026-09-24 18:31:29.652 INFO   [98210C\3A7670] Auto-router pass #116 on board 'fb049c47633c1638efb58b7367f21d08' was completed in 0,20 seconds with the score of 985,09 (1 unrouted), using 495,48 CPU seconds and 14368 MB memory.
2026-09-24 18:31:29.849 INFO   [98210C\3A7670] Auto-router pass #117 on board 'fb049c47633c1638efb58b7367f21d08' was completed in 0,18 seconds with the score of 985,09 (1 unrouted), using 495,48 CPU seconds and 14368 MB memory.
2026-09-24 18:31:30.001 INFO   [98210C\3A7670] Auto-router pass #118 on board 'fb049c47633c1638efb58b7367f21d08' was completed in 0,14 seconds with the score of 985,09 (1 unrouted), using 495,48 CPU seconds and 14368 MB memory.
2026-09-24 18:31:30.148 INFO   [98210C\3A7670] Auto-router pass #119 on board 'fb049c47633c1638efb58b7367f21d08' was completed in 0,14 seconds with the score of 985,09 (1 unrouted), using 526,36 CPU seconds and 14900 MB memory.
2026-09-24 18:31:30.357 INFO   [98210C\3A7670] Auto-router pass #120 on board 'fb049c47633c1638efb58b7367f21d08' was completed in 0,19 seconds with the score of 985,09 (1 unrouted), using 526,36 CPU seconds and 14900 MB memory.
2026-09-24 18:31:30.502 INFO   [98210C\3A7670] Auto-router pass #121 on board 'fb049c47633c1638efb58b7367f21d08' was completed in 0,13 seconds with the score of 985,09 (1 unrouted), using 526,36 CPU seconds and 14900 MB memory.
2026-09-24 18:31:30.651 INFO   [98210C\3A7670] Auto-router pass #122 on board 'fb049c47633c1638efb58b7367f21d08' was completed in 0,14 seconds with the score of 985,09 (1 unrouted), using 526,36 CPU seconds and 14900 MB memory.
2026-09-24 18:31:30.803 INFO   [98210C\3A7670] Auto-router pass #123 on board 'fb049c47633c1638efb58b7367f21d08' was completed in 0,14 seconds with the score of 985,09 (1 unrouted), using 526,36 CPU seconds and 14900 MB memory.
2026-09-24 18:31:30.976 INFO   [98210C\3A7670] Auto-router pass #124 on board 'fb049c47633c1638efb58b7367f21d08' was completed in 0,16 seconds with the score of 985,09 (1 unrouted), using 526,36 CPU seconds and 14900 MB memory.
2026-09-24 18:31:31.132 INFO   [98210C\3A7670] Auto-router pass #125 on board 'fb049c47633c1638efb58b7367f21d08' was completed in 0,14 seconds with the score of 985,09 (1 unrouted), using 558,19 CPU seconds and 15477 MB memory.
2026-09-24 18:31:31.283 INFO   [98210C\3A7670] Auto-router pass #126 on board 'fb049c47633c1638efb58b7367f21d08' was completed in 0,14 seconds with the score of 985,09 (1 unrouted), using 558,19 CPU seconds and 15477 MB memory.
2026-09-24 18:31:31.430 INFO   [98210C\3A7670] Auto-router pass #127 on board 'fb049c47633c1638efb58b7367f21d08' was completed in 0,13 seconds with the score of 985,09 (1 unrouted), using 558,19 CPU seconds and 15477 MB memory.
2026-09-24 18:31:31.631 INFO   [98210C\3A7670] Auto-router pass #128 on board 'fb049c47633c1638efb58b7367f21d08' was completed in 0,19 seconds with the score of 985,09 (1 unrouted), using 558,19 CPU seconds and 15477 MB memory.
2026-09-24 18:31:31.827 INFO   [98210C\3A7670] Auto-router pass #129 on board 'fb049c47633c1638efb58b7367f21d08' was completed in 0,18 seconds with the score of 985,09 (1 unrouted), using 558,19 CPU seconds and 15477 MB memory.
2026-09-24 18:31:32.044 INFO   [98210C\3A7670] Auto-router pass #130 on board 'fb049c47633c1638efb58b7367f21d08' was completed in 0,20 seconds with the score of 985,09 (1 unrouted), using 558,19 CPU seconds and 15477 MB memory.
2026-09-24 18:31:32.198 INFO   [98210C\3A7670] Auto-router pass #131 on board 'fb049c47633c1638efb58b7367f21d08' was completed in 0,14 seconds with the score of 985,09 (1 unrouted), using 591,02 CPU seconds and 15994 MB memory.
2026-09-24 18:31:32.383 INFO   [98210C\3A7670] Auto-router pass #132 on board 'fb049c47633c1638efb58b7367f21d08' was completed in 0,17 seconds with the score of 985,09 (1 unrouted), using 591,02 CPU seconds and 15994 MB memory.
2026-09-24 18:31:32.527 INFO   [98210C\3A7670] Auto-router pass #133 on board 'fb049c47633c1638efb58b7367f21d08' was completed in 0,13 seconds with the score of 985,09 (1 unrouted), using 591,02 CPU seconds and 15994 MB memory.
2026-09-24 18:31:32.673 INFO   [98210C\3A7670] Auto-router pass #134 on board 'fb049c47633c1638efb58b7367f21d08' was completed in 0,13 seconds with the score of 985,09 (1 unrouted), using 591,02 CPU seconds and 15994 MB memory.
2026-09-24 18:31:32.831 INFO   [98210C\3A7670] Auto-router pass #135 on board 'fb049c47633c1638efb58b7367f21d08' was completed in 0,14 seconds with the score of 985,09 (1 unrouted), using 591,02 CPU seconds and 15994 MB memory.
2026-09-24 18:31:33.011 INFO   [98210C\3A7670] Auto-router pass #136 on board 'fb049c47633c1638efb58b7367f21d08' was completed in 0,16 seconds with the score of 985,09 (1 unrouted), using 591,02 CPU seconds and 15994 MB memory.
2026-09-24 18:31:33.154 INFO   [98210C\3A7670] Auto-router pass #137 on board 'fb049c47633c1638efb58b7367f21d08' was completed in 0,13 seconds with the score of 985,09 (1 unrouted), using 624,83 CPU seconds and 16583 MB memory.
2026-09-24 18:31:33.300 INFO   [98210C\3A7670] Auto-router pass #138 on board 'fb049c47633c1638efb58b7367f21d08' was completed in 0,13 seconds with the score of 985,09 (1 unrouted), using 624,83 CPU seconds and 16583 MB memory.
2026-09-24 18:31:33.454 INFO   [98210C\3A7670] Auto-router pass #139 on board 'fb049c47633c1638efb58b7367f21d08' was completed in 0,14 seconds with the score of 985,09 (1 unrouted), using 624,83 CPU seconds and 16583 MB memory.
2026-09-24 18:31:33.644 INFO   [98210C\3A7670] Auto-router pass #140 on board 'fb049c47633c1638efb58b7367f21d08' was completed in 0,18 seconds with the score of 985,09 (1 unrouted), using 624,83 CPU seconds and 16583 MB memory.
2026-09-24 18:31:33.820 INFO   [98210C\3A7670] Auto-router pass #141 on board 'fb049c47633c1638efb58b7367f21d08' was completed in 0,16 seconds with the score of 985,09 (1 unrouted), using 624,83 CPU seconds and 16583 MB memory.
2026-09-24 18:31:34.014 INFO   [98210C\3A7670] Auto-router pass #142 on board 'fb049c47633c1638efb58b7367f21d08' was completed in 0,18 seconds with the score of 985,09 (1 unrouted), using 624,83 CPU seconds and 16583 MB memory.
2026-09-24 18:31:34.288 INFO   [98210C\3A7670] Auto-router pass #143 on board 'fb049c47633c1638efb58b7367f21d08' was completed in 0,26 seconds with the score of 985,09 (1 unrouted), using 659,56 CPU seconds and 17091 MB memory.
2026-09-24 18:31:34.546 INFO   [98210C\3A7670] Auto-router pass #144 on board 'fb049c47633c1638efb58b7367f21d08' was completed in 0,24 seconds with the score of 985,09 (1 unrouted), using 659,56 CPU seconds and 17091 MB memory.
2026-09-24 18:31:34.761 INFO   [98210C\3A7670] Auto-router pass #145 on board 'fb049c47633c1638efb58b7367f21d08' was completed in 0,20 seconds with the score of 985,09 (1 unrouted), using 659,56 CPU seconds and 17091 MB memory.
2026-09-24 18:31:35.023 INFO   [98210C\3A7670] Auto-router pass #146 on board 'fb049c47633c1638efb58b7367f21d08' was completed in 0,24 seconds with the score of 985,09 (1 unrouted), using 659,56 CPU seconds and 17091 MB memory.
2026-09-24 18:31:35.267 INFO   [98210C\3A7670] Auto-router pass #147 on board 'fb049c47633c1638efb58b7367f21d08' was completed in 0,22 seconds with the score of 985,09 (1 unrouted), using 695,11 CPU seconds and 17464 MB memory.
2026-09-24 18:31:35.572 INFO   [98210C\3A7670] Auto-router pass #148 on board 'fb049c47633c1638efb58b7367f21d08' was completed in 0,28 seconds with the score of 985,09 (1 unrouted), using 695,11 CPU seconds and 17464 MB memory.
2026-09-24 18:31:35.796 INFO   [98210C\3A7670] Auto-router pass #149 on board 'fb049c47633c1638efb58b7367f21d08' was completed in 0,20 seconds with the score of 985,09 (1 unrouted), using 695,11 CPU seconds and 17464 MB memory.
2026-09-24 18:31:35.997 INFO   [98210C\3A7670] Auto-router pass #150 on board 'fb049c47633c1638efb58b7367f21d08' was completed in 0,18 seconds with the score of 985,09 (1 unrouted), using 695,11 CPU seconds and 17464 MB memory.
2026-09-24 18:31:36.190 INFO   [98210C\3A7670] Auto-router pass #151 on board 'fb049c47633c1638efb58b7367f21d08' was completed in 0,18 seconds with the score of 985,09 (1 unrouted), using 731,55 CPU seconds and 17869 MB memory.
2026-09-24 18:31:36.394 INFO   [98210C\3A7670] Auto-router pass #152 on board 'fb049c47633c1638efb58b7367f21d08' was completed in 0,19 seconds with the score of 985,09 (1 unrouted), using 731,55 CPU seconds and 17869 MB memory.
2026-09-24 18:31:36.573 INFO   [98210C\3A7670] Auto-router pass #153 on board 'fb049c47633c1638efb58b7367f21d08' was completed in 0,17 seconds with the score of 985,09 (1 unrouted), using 731,55 CPU seconds and 17869 MB memory.
2026-09-24 18:31:36.789 INFO   [98210C\3A7670] Auto-router pass #154 on board 'fb049c47633c1638efb58b7367f21d08' was completed in 0,20 seconds with the score of 985,09 (1 unrouted), using 731,55 CPU seconds and 17869 MB memory.
2026-09-24 18:31:37.003 INFO   [98210C\3A7670] Auto-router pass #155 on board 'fb049c47633c1638efb58b7367f21d08' was completed in 0,20 seconds with the score of 985,09 (1 unrouted), using 731,55 CPU seconds and 17869 MB memory.
2026-09-24 18:31:37.256 INFO   [98210C\3A7670] Auto-router pass #156 on board 'fb049c47633c1638efb58b7367f21d08' was completed in 0,24 seconds with the score of 985,09 (1 unrouted), using 768,95 CPU seconds and 18315 MB memory.
2026-09-24 18:31:37.422 INFO   [98210C\3A7670] Auto-router pass #157 on board 'fb049c47633c1638efb58b7367f21d08' was completed in 0,15 seconds with the score of 985,09 (1 unrouted), using 768,95 CPU seconds and 18315 MB memory.
2026-09-24 18:31:37.594 INFO   [98210C\3A7670] Auto-router pass #158 on board 'fb049c47633c1638efb58b7367f21d08' was completed in 0,16 seconds with the score of 985,09 (1 unrouted), using 768,95 CPU seconds and 18315 MB memory.
2026-09-24 18:31:37.758 INFO   [98210C\3A7670] Auto-router pass #159 on board 'fb049c47633c1638efb58b7367f21d08' was completed in 0,15 seconds with the score of 985,09 (1 unrouted), using 768,95 CPU seconds and 18315 MB memory.
2026-09-24 18:31:37.963 INFO   [98210C\3A7670] Auto-router pass #160 on board 'fb049c47633c1638efb58b7367f21d08' was completed in 0,19 seconds with the score of 985,09 (1 unrouted), using 768,95 CPU seconds and 18315 MB memory.
2026-09-24 18:31:38.123 INFO   [98210C\3A7670] Auto-router pass #161 on board 'fb049c47633c1638efb58b7367f21d08' was completed in 0,14 seconds with the score of 985,09 (1 unrouted), using 768,95 CPU seconds and 18315 MB memory.
2026-09-24 18:31:38.275 INFO   [98210C\3A7670] Auto-router pass #162 on board 'fb049c47633c1638efb58b7367f21d08' was completed in 0,14 seconds with the score of 985,09 (1 unrouted), using 807,30 CPU seconds and 18844 MB memory.
2026-09-24 18:31:38.416 INFO   [98210C\3A7670] Auto-router pass #163 on board 'fb049c47633c1638efb58b7367f21d08' was completed in 0,13 seconds with the score of 985,09 (1 unrouted), using 807,30 CPU seconds and 18844 MB memory.
2026-09-24 18:31:38.630 INFO   [98210C\3A7670] Auto-router pass #164 on board 'fb049c47633c1638efb58b7367f21d08' was completed in 0,20 seconds with the score of 985,09 (1 unrouted), using 807,30 CPU seconds and 18844 MB memory.
2026-09-24 18:31:38.808 INFO   [98210C\3A7670] Auto-router pass #165 on board 'fb049c47633c1638efb58b7367f21d08' was completed in 0,16 seconds with the score of 985,09 (1 unrouted), using 807,30 CPU seconds and 18844 MB memory.
2026-09-24 18:31:38.980 INFO   [98210C\3A7670] Auto-router pass #166 on board 'fb049c47633c1638efb58b7367f21d08' was completed in 0,16 seconds with the score of 985,09 (1 unrouted), using 807,30 CPU seconds and 18844 MB memory.
2026-09-24 18:31:39.184 INFO   [98210C\3A7670] Auto-router pass #167 on board 'fb049c47633c1638efb58b7367f21d08' was completed in 0,18 seconds with the score of 985,09 (1 unrouted), using 807,30 CPU seconds and 18844 MB memory.
2026-09-24 18:31:39.437 INFO   [98210C\3A7670] Auto-router pass #168 on board 'fb049c47633c1638efb58b7367f21d08' was completed in 0,23 seconds with the score of 985,09 (1 unrouted), using 846,59 CPU seconds and 19351 MB memory.
2026-09-24 18:31:39.618 INFO   [98210C\3A7670] Auto-router pass #169 on board 'fb049c47633c1638efb58b7367f21d08' was completed in 0,16 seconds with the score of 985,09 (1 unrouted), using 846,59 CPU seconds and 19351 MB memory.
2026-09-24 18:31:39.776 INFO   [98210C\3A7670] Auto-router pass #170 on board 'fb049c47633c1638efb58b7367f21d08' was completed in 0,14 seconds with the score of 985,09 (1 unrouted), using 846,59 CPU seconds and 19351 MB memory.
2026-09-24 18:31:39.928 INFO   [98210C\3A7670] Auto-router pass #171 on board 'fb049c47633c1638efb58b7367f21d08' was completed in 0,14 seconds with the score of 985,09 (1 unrouted), using 846,59 CPU seconds and 19351 MB memory.
2026-09-24 18:31:40.106 INFO   [98210C\3A7670] Auto-router pass #172 on board 'fb049c47633c1638efb58b7367f21d08' was completed in 0,16 seconds with the score of 985,09 (1 unrouted), using 846,59 CPU seconds and 19351 MB memory.
2026-09-24 18:31:40.247 INFO   [98210C\3A7670] Auto-router pass #173 on board 'fb049c47633c1638efb58b7367f21d08' was completed in 0,13 seconds with the score of 985,09 (1 unrouted), using 886,86 CPU seconds and 19888 MB memory.
2026-09-24 18:31:40.388 INFO   [98210C\3A7670] Auto-router pass #174 on board 'fb049c47633c1638efb58b7367f21d08' was completed in 0,13 seconds with the score of 985,09 (1 unrouted), using 886,86 CPU seconds and 19888 MB memory.
2026-09-24 18:31:40.546 INFO   [98210C\3A7670] Auto-router pass #175 on board 'fb049c47633c1638efb58b7367f21d08' was completed in 0,14 seconds with the score of 985,09 (1 unrouted), using 886,86 CPU seconds and 19888 MB memory.
2026-09-24 18:31:40.728 INFO   [98210C\3A7670] Auto-router pass #176 on board 'fb049c47633c1638efb58b7367f21d08' was completed in 0,17 seconds with the score of 985,09 (1 unrouted), using 886,86 CPU seconds and 19888 MB memory.
2026-09-24 18:31:40.872 INFO   [98210C\3A7670] Auto-router pass #177 on board 'fb049c47633c1638efb58b7367f21d08' was completed in 0,13 seconds with the score of 985,09 (1 unrouted), using 886,86 CPU seconds and 19888 MB memory.
2026-09-24 18:31:41.010 INFO   [98210C\3A7670] Auto-router pass #178 on board 'fb049c47633c1638efb58b7367f21d08' was completed in 0,13 seconds with the score of 985,09 (1 unrouted), using 886,86 CPU seconds and 19888 MB memory.
2026-09-24 18:31:41.146 INFO   [98210C\3A7670] Auto-router pass #179 on board 'fb049c47633c1638efb58b7367f21d08' was completed in 0,12 seconds with the score of 985,09 (1 unrouted), using 886,86 CPU seconds and 19888 MB memory.
2026-09-24 18:31:41.320 INFO   [98210C\3A7670] Auto-router pass #180 on board 'fb049c47633c1638efb58b7367f21d08' was completed in 0,16 seconds with the score of 985,09 (1 unrouted), using 928,09 CPU seconds and 20497 MB memory.
2026-09-24 18:31:41.505 INFO   [98210C\3A7670] Auto-router pass #181 on board 'fb049c47633c1638efb58b7367f21d08' was completed in 0,17 seconds with the score of 985,09 (1 unrouted), using 928,09 CPU seconds and 20497 MB memory.
2026-09-24 18:31:41.686 INFO   [98210C\3A7670] Auto-router pass #182 on board 'fb049c47633c1638efb58b7367f21d08' was completed in 0,16 seconds with the score of 985,09 (1 unrouted), using 928,09 CPU seconds and 20497 MB memory.
2026-09-24 18:31:41.874 INFO   [98210C\3A7670] Auto-router pass #183 on board 'fb049c47633c1638efb58b7367f21d08' was completed in 0,17 seconds with the score of 985,09 (1 unrouted), using 928,09 CPU seconds and 20497 MB memory.
2026-09-24 18:31:42.063 INFO   [98210C\3A7670] Auto-router pass #184 on board 'fb049c47633c1638efb58b7367f21d08' was completed in 0,18 seconds with the score of 985,09 (1 unrouted), using 928,09 CPU seconds and 20497 MB memory.
2026-09-24 18:31:42.208 INFO   [98210C\3A7670] Auto-router pass #185 on board 'fb049c47633c1638efb58b7367f21d08' was completed in 0,13 seconds with the score of 985,09 (1 unrouted), using 928,09 CPU seconds and 20497 MB memory.
2026-09-24 18:31:42.368 INFO   [98210C\3A7670] Auto-router pass #186 on board 'fb049c47633c1638efb58b7367f21d08' was completed in 0,15 seconds with the score of 985,09 (1 unrouted), using 970,28 CPU seconds and 21024 MB memory.
2026-09-24 18:31:42.526 INFO   [98210C\3A7670] Auto-router pass #187 on board 'fb049c47633c1638efb58b7367f21d08' was completed in 0,15 seconds with the score of 985,09 (1 unrouted), using 970,28 CPU seconds and 21024 MB memory.
2026-09-24 18:31:42.741 INFO   [98210C\3A7670] Auto-router pass #188 on board 'fb049c47633c1638efb58b7367f21d08' was completed in 0,20 seconds with the score of 985,09 (1 unrouted), using 970,28 CPU seconds and 21024 MB memory.
2026-09-24 18:31:42.900 INFO   [98210C\3A7670] Auto-router pass #189 on board 'fb049c47633c1638efb58b7367f21d08' was completed in 0,15 seconds with the score of 985,09 (1 unrouted), using 970,28 CPU seconds and 21024 MB memory.
2026-09-24 18:31:43.073 INFO   [98210C\3A7670] Auto-router pass #190 on board 'fb049c47633c1638efb58b7367f21d08' was completed in 0,16 seconds with the score of 985,09 (1 unrouted), using 970,28 CPU seconds and 21024 MB memory.
2026-09-24 18:31:43.253 INFO   [98210C\3A7670] Auto-router pass #191 on board 'fb049c47633c1638efb58b7367f21d08' was completed in 0,17 seconds with the score of 985,09 (1 unrouted), using 1013,44 CPU seconds and 21548 MB memory.
2026-09-24 18:31:43.454 INFO   [98210C\3A7670] Auto-router pass #192 on board 'fb049c47633c1638efb58b7367f21d08' was completed in 0,19 seconds with the score of 985,09 (1 unrouted), using 1013,44 CPU seconds and 21548 MB memory.
2026-09-24 18:31:43.605 INFO   [98210C\3A7670] Auto-router pass #193 on board 'fb049c47633c1638efb58b7367f21d08' was completed in 0,14 seconds with the score of 985,09 (1 unrouted), using 1013,44 CPU seconds and 21548 MB memory.
2026-09-24 18:31:43.756 INFO   [98210C\3A7670] Auto-router pass #194 on board 'fb049c47633c1638efb58b7367f21d08' was completed in 0,14 seconds with the score of 985,09 (1 unrouted), using 1013,44 CPU seconds and 21548 MB memory.
2026-09-24 18:31:43.915 INFO   [98210C\3A7670] Auto-router pass #195 on board 'fb049c47633c1638efb58b7367f21d08' was completed in 0,15 seconds with the score of 985,09 (1 unrouted), using 1013,44 CPU seconds and 21548 MB memory.
2026-09-24 18:31:44.110 INFO   [98210C\3A7670] Auto-router pass #196 on board 'fb049c47633c1638efb58b7367f21d08' was completed in 0,18 seconds with the score of 985,09 (1 unrouted), using 1013,44 CPU seconds and 21548 MB memory.
2026-09-24 18:31:44.259 INFO   [98210C\3A7670] Auto-router pass #197 on board 'fb049c47633c1638efb58b7367f21d08' was completed in 0,14 seconds with the score of 985,09 (1 unrouted), using 1057,56 CPU seconds and 22104 MB memory.
2026-09-24 18:31:44.431 INFO   [98210C\3A7670] Auto-router pass #198 on board 'fb049c47633c1638efb58b7367f21d08' was completed in 0,16 seconds with the score of 985,09 (1 unrouted), using 1057,56 CPU seconds and 22104 MB memory.
2026-09-24 18:31:44.591 INFO   [98210C\3A7670] Auto-router pass #199 on board 'fb049c47633c1638efb58b7367f21d08' was completed in 0,15 seconds with the score of 985,09 (1 unrouted), using 1057,56 CPU seconds and 22104 MB memory.
2026-09-24 18:31:44.781 INFO   [98210C\3A7670] Auto-router pass #200 on board 'fb049c47633c1638efb58b7367f21d08' was completed in 0,18 seconds with the score of 985,09 (1 unrouted), using 1057,56 CPU seconds and 22104 MB memory.
2026-09-24 18:31:44.948 INFO   [98210C\3A7670] Auto-router pass #201 on board 'fb049c47633c1638efb58b7367f21d08' was completed in 0,15 seconds with the score of 985,09 (1 unrouted), using 1057,56 CPU seconds and 22104 MB memory.
2026-09-24 18:31:45.113 INFO   [98210C\3A7670] Auto-router pass #202 on board 'fb049c47633c1638efb58b7367f21d08' was completed in 0,15 seconds with the score of 985,09 (1 unrouted), using 1057,56 CPU seconds and 22104 MB memory.
2026-09-24 18:31:45.286 INFO   [98210C\3A7670] Auto-router pass #203 on board 'fb049c47633c1638efb58b7367f21d08' was completed in 0,16 seconds with the score of 985,09 (1 unrouted), using 1102,64 CPU seconds and 22643 MB memory.
2026-09-24 18:31:45.540 INFO   [98210C\3A7670] Auto-router pass #204 on board 'fb049c47633c1638efb58b7367f21d08' was completed in 0,24 seconds with the score of 985,09 (1 unrouted), using 1102,64 CPU seconds and 22643 MB memory.
2026-09-24 18:31:45.696 INFO   [98210C\3A7670] Auto-router pass #205 on board 'fb049c47633c1638efb58b7367f21d08' was completed in 0,14 seconds with the score of 985,09 (1 unrouted), using 1102,64 CPU seconds and 22643 MB memory.
2026-09-24 18:31:45.845 INFO   [98210C\3A7670] Auto-router pass #206 on board 'fb049c47633c1638efb58b7367f21d08' was completed in 0,14 seconds with the score of 985,09 (1 unrouted), using 1102,64 CPU seconds and 22643 MB memory.
2026-09-24 18:31:46.006 INFO   [98210C\3A7670] Auto-router pass #207 on board 'fb049c47633c1638efb58b7367f21d08' was completed in 0,15 seconds with the score of 985,09 (1 unrouted), using 1102,64 CPU seconds and 22643 MB memory.
2026-09-24 18:31:46.212 INFO   [98210C\3A7670] Auto-router pass #208 on board 'fb049c47633c1638efb58b7367f21d08' was completed in 0,19 seconds with the score of 985,09 (1 unrouted), using 1102,64 CPU seconds and 22643 MB memory.
2026-09-24 18:31:46.389 INFO   [98210C\3A7670] Auto-router pass #209 on board 'fb049c47633c1638efb58b7367f21d08' was completed in 0,16 seconds with the score of 985,09 (1 unrouted), using 1148,70 CPU seconds and 23153 MB memory.
2026-09-24 18:31:46.565 INFO   [98210C\3A7670] Auto-router pass #210 on board 'fb049c47633c1638efb58b7367f21d08' was completed in 0,16 seconds with the score of 985,09 (1 unrouted), using 1148,70 CPU seconds and 23153 MB memory.
2026-09-24 18:31:46.787 INFO   [98210C\3A7670] Auto-router pass #211 on board 'fb049c47633c1638efb58b7367f21d08' was completed in 0,20 seconds with the score of 985,09 (1 unrouted), using 1148,70 CPU seconds and 23153 MB memory.
2026-09-24 18:31:47.006 INFO   [98210C\3A7670] Auto-router pass #212 on board 'fb049c47633c1638efb58b7367f21d08' was completed in 0,20 seconds with the score of 985,09 (1 unrouted), using 1148,70 CPU seconds and 23153 MB memory.
2026-09-24 18:31:47.189 INFO   [98210C\3A7670] Auto-router pass #213 on board 'fb049c47633c1638efb58b7367f21d08' was completed in 0,17 seconds with the score of 985,09 (1 unrouted), using 1148,70 CPU seconds and 23153 MB memory.
2026-09-24 18:31:47.374 INFO   [98210C\3A7670] Auto-router pass #214 on board 'fb049c47633c1638efb58b7367f21d08' was completed in 0,17 seconds with the score of 985,09 (1 unrouted), using 1195,72 CPU seconds and 23633 MB memory.
2026-09-24 18:31:47.554 INFO   [98210C\3A7670] Auto-router pass #215 on board 'fb049c47633c1638efb58b7367f21d08' was completed in 0,17 seconds with the score of 985,09 (1 unrouted), using 1195,72 CPU seconds and 23633 MB memory.
2026-09-24 18:31:47.794 INFO   [98210C\3A7670] Auto-router pass #216 on board 'fb049c47633c1638efb58b7367f21d08' was completed in 0,23 seconds with the score of 985,09 (1 unrouted), using 1195,72 CPU seconds and 23633 MB memory.
2026-09-24 18:31:47.958 INFO   [98210C\3A7670] Auto-router pass #217 on board 'fb049c47633c1638efb58b7367f21d08' was completed in 0,15 seconds with the score of 985,09 (1 unrouted), using 1195,72 CPU seconds and 23633 MB memory.
2026-09-24 18:31:48.108 INFO   [98210C\3A7670] Auto-router pass #218 on board 'fb049c47633c1638efb58b7367f21d08' was completed in 0,14 seconds with the score of 985,09 (1 unrouted), using 1195,72 CPU seconds and 23633 MB memory.
2026-09-24 18:31:48.261 INFO   [98210C\3A7670] Auto-router pass #219 on board 'fb049c47633c1638efb58b7367f21d08' was completed in 0,14 seconds with the score of 985,09 (1 unrouted), using 1243,72 CPU seconds and 24148 MB memory.
2026-09-24 18:31:48.467 INFO   [98210C\3A7670] Auto-router pass #220 on board 'fb049c47633c1638efb58b7367f21d08' was completed in 0,19 seconds with the score of 985,09 (1 unrouted), using 1243,72 CPU seconds and 24148 MB memory.
2026-09-24 18:31:48.677 INFO   [98210C\3A7670] Auto-router pass #221 on board 'fb049c47633c1638efb58b7367f21d08' was completed in 0,19 seconds with the score of 985,09 (1 unrouted), using 1243,72 CPU seconds and 24148 MB memory.
2026-09-24 18:31:48.896 INFO   [98210C\3A7670] Auto-router pass #222 on board 'fb049c47633c1638efb58b7367f21d08' was completed in 0,20 seconds with the score of 985,09 (1 unrouted), using 1243,72 CPU seconds and 24148 MB memory.
2026-09-24 18:31:49.116 INFO   [98210C\3A7670] Auto-router pass #223 on board 'fb049c47633c1638efb58b7367f21d08' was completed in 0,20 seconds with the score of 985,09 (1 unrouted), using 1243,72 CPU seconds and 24148 MB memory.
2026-09-24 18:31:49.387 INFO   [98210C\3A7670] Auto-router pass #224 on board 'fb049c47633c1638efb58b7367f21d08' was completed in 0,25 seconds with the score of 985,09 (1 unrouted), using 1292,70 CPU seconds and 24580 MB memory.
2026-09-24 18:31:49.571 INFO   [98210C\3A7670] Auto-router pass #225 on board 'fb049c47633c1638efb58b7367f21d08' was completed in 0,17 seconds with the score of 985,09 (1 unrouted), using 1292,70 CPU seconds and 24580 MB memory.
2026-09-24 18:31:49.728 INFO   [98210C\3A7670] Auto-router pass #226 on board 'fb049c47633c1638efb58b7367f21d08' was completed in 0,14 seconds with the score of 985,09 (1 unrouted), using 1292,70 CPU seconds and 24580 MB memory.
2026-09-24 18:31:49.887 INFO   [98210C\3A7670] Auto-router pass #227 on board 'fb049c47633c1638efb58b7367f21d08' was completed in 0,15 seconds with the score of 985,09 (1 unrouted), using 1292,70 CPU seconds and 24580 MB memory.
2026-09-24 18:31:50.106 INFO   [98210C\3A7670] Auto-router pass #228 on board 'fb049c47633c1638efb58b7367f21d08' was completed in 0,20 seconds with the score of 985,09 (1 unrouted), using 1292,70 CPU seconds and 24580 MB memory.
2026-09-24 18:31:50.266 INFO   [98210C\3A7670] Auto-router pass #229 on board 'fb049c47633c1638efb58b7367f21d08' was completed in 0,15 seconds with the score of 985,09 (1 unrouted), using 1342,61 CPU seconds and 25082 MB memory.
2026-09-24 18:31:50.440 INFO   [98210C\3A7670] Auto-router pass #230 on board 'fb049c47633c1638efb58b7367f21d08' was completed in 0,16 seconds with the score of 985,09 (1 unrouted), using 1342,61 CPU seconds and 25082 MB memory.
2026-09-24 18:31:50.596 INFO   [98210C\3A7670] Auto-router pass #231 on board 'fb049c47633c1638efb58b7367f21d08' was completed in 0,14 seconds with the score of 985,09 (1 unrouted), using 1342,61 CPU seconds and 25082 MB memory.
2026-09-24 18:31:50.792 INFO   [98210C\3A7670] Auto-router pass #232 on board 'fb049c47633c1638efb58b7367f21d08' was completed in 0,18 seconds with the score of 985,09 (1 unrouted), using 1342,61 CPU seconds and 25082 MB memory.
2026-09-24 18:31:50.991 INFO   [98210C\3A7670] Auto-router pass #233 on board 'fb049c47633c1638efb58b7367f21d08' was completed in 0,18 seconds with the score of 985,09 (1 unrouted), using 1342,61 CPU seconds and 25082 MB memory.
2026-09-24 18:31:51.196 INFO   [98210C\3A7670] Auto-router pass #234 on board 'fb049c47633c1638efb58b7367f21d08' was completed in 0,19 seconds with the score of 985,09 (1 unrouted), using 1342,61 CPU seconds and 25082 MB memory.
2026-09-24 18:31:51.376 INFO   [98210C\3A7670] Auto-router pass #235 on board 'fb049c47633c1638efb58b7367f21d08' was completed in 0,16 seconds with the score of 985,09 (1 unrouted), using 1393,50 CPU seconds and 25573 MB memory.
2026-09-24 18:31:51.582 INFO   [98210C\3A7670] Auto-router pass #236 on board 'fb049c47633c1638efb58b7367f21d08' was completed in 0,19 seconds with the score of 985,09 (1 unrouted), using 1393,50 CPU seconds and 25573 MB memory.
2026-09-24 18:31:51.747 INFO   [98210C\3A7670] Auto-router pass #237 on board 'fb049c47633c1638efb58b7367f21d08' was completed in 0,15 seconds with the score of 985,09 (1 unrouted), using 1393,50 CPU seconds and 25573 MB memory.
2026-09-24 18:31:51.903 INFO   [98210C\3A7670] Auto-router pass #238 on board 'fb049c47633c1638efb58b7367f21d08' was completed in 0,14 seconds with the score of 985,09 (1 unrouted), using 1393,50 CPU seconds and 25573 MB memory.
2026-09-24 18:31:52.065 INFO   [98210C\3A7670] Auto-router pass #239 on board 'fb049c47633c1638efb58b7367f21d08' was completed in 0,15 seconds with the score of 985,09 (1 unrouted), using 1393,50 CPU seconds and 25573 MB memory.
2026-09-24 18:31:52.260 INFO   [98210C\3A7670] Auto-router pass #240 on board 'fb049c47633c1638efb58b7367f21d08' was completed in 0,18 seconds with the score of 985,09 (1 unrouted), using 1393,50 CPU seconds and 25573 MB memory.
2026-09-24 18:31:52.422 INFO   [98210C\3A7670] Auto-router pass #241 on board 'fb049c47633c1638efb58b7367f21d08' was completed in 0,15 seconds with the score of 985,09 (1 unrouted), using 1445,34 CPU seconds and 26109 MB memory.
2026-09-24 18:31:52.590 INFO   [98210C\3A7670] Auto-router pass #242 on board 'fb049c47633c1638efb58b7367f21d08' was completed in 0,16 seconds with the score of 985,09 (1 unrouted), using 1445,34 CPU seconds and 26109 MB memory.
2026-09-24 18:31:52.763 INFO   [98210C\3A7670] Auto-router pass #243 on board 'fb049c47633c1638efb58b7367f21d08' was completed in 0,16 seconds with the score of 985,09 (1 unrouted), using 1445,34 CPU seconds and 26109 MB memory.
2026-09-24 18:31:52.994 INFO   [98210C\3A7670] Auto-router pass #244 on board 'fb049c47633c1638efb58b7367f21d08' was completed in 0,21 seconds with the score of 985,09 (1 unrouted), using 1445,34 CPU seconds and 26109 MB memory.
2026-09-24 18:31:53.164 INFO   [98210C\3A7670] Auto-router pass #245 on board 'fb049c47633c1638efb58b7367f21d08' was completed in 0,16 seconds with the score of 985,09 (1 unrouted), using 1445,34 CPU seconds and 26109 MB memory.
2026-09-24 18:31:53.320 INFO   [98210C\3A7670] Auto-router pass #246 on board 'fb049c47633c1638efb58b7367f21d08' was completed in 0,14 seconds with the score of 985,09 (1 unrouted), using 1498,14 CPU seconds and 26623 MB memory.
2026-09-24 18:31:53.484 INFO   [98210C\3A7670] Auto-router pass #247 on board 'fb049c47633c1638efb58b7367f21d08' was completed in 0,15 seconds with the score of 985,09 (1 unrouted), using 1498,14 CPU seconds and 26623 MB memory.
2026-09-24 18:31:53.675 INFO   [98210C\3A7670] Auto-router pass #248 on board 'fb049c47633c1638efb58b7367f21d08' was completed in 0,18 seconds with the score of 985,09 (1 unrouted), using 1498,14 CPU seconds and 26623 MB memory.
2026-09-24 18:31:53.843 INFO   [98210C\3A7670] Auto-router pass #249 on board 'fb049c47633c1638efb58b7367f21d08' was completed in 0,16 seconds with the score of 985,09 (1 unrouted), using 1498,14 CPU seconds and 26623 MB memory.
2026-09-24 18:31:53.996 INFO   [98210C\3A7670] Auto-router pass #250 on board 'fb049c47633c1638efb58b7367f21d08' was completed in 0,14 seconds with the score of 985,09 (1 unrouted), using 1498,14 CPU seconds and 26623 MB memory.
2026-09-24 18:31:54.165 INFO   [98210C\3A7670] Auto-router pass #251 on board 'fb049c47633c1638efb58b7367f21d08' was completed in 0,15 seconds with the score of 985,09 (1 unrouted), using 1498,14 CPU seconds and 26623 MB memory.
2026-09-24 18:31:54.440 INFO   [98210C\3A7670] Auto-router pass #252 on board 'fb049c47633c1638efb58b7367f21d08' was completed in 0,26 seconds with the score of 985,09 (1 unrouted), using 1551,88 CPU seconds and 27159 MB memory.
2026-09-24 18:31:54.656 INFO   [98210C\3A7670] Auto-router pass #253 on board 'fb049c47633c1638efb58b7367f21d08' was completed in 0,20 seconds with the score of 985,09 (1 unrouted), using 1551,88 CPU seconds and 27159 MB memory.
2026-09-24 18:31:54.895 INFO   [98210C\3A7670] Auto-router pass #254 on board 'fb049c47633c1638efb58b7367f21d08' was completed in 0,22 seconds with the score of 985,09 (1 unrouted), using 1551,88 CPU seconds and 27159 MB memory.
2026-09-24 18:31:55.248 INFO   [98210C\3A7670] Auto-router pass #255 on board 'fb049c47633c1638efb58b7367f21d08' was completed in 0,28 seconds with the score of 985,09 (1 unrouted), using 1551,88 CPU seconds and 27159 MB memory.
2026-09-24 18:31:55.535 INFO   [98210C\3A7670] Auto-router pass #256 on board 'fb049c47633c1638efb58b7367f21d08' was completed in 0,27 seconds with the score of 985,09 (1 unrouted), using 1606,36 CPU seconds and 27491 MB memory.
2026-09-24 18:31:55.732 INFO   [98210C\3A7670] Auto-router pass #257 on board 'fb049c47633c1638efb58b7367f21d08' was completed in 0,18 seconds with the score of 985,09 (1 unrouted), using 1606,36 CPU seconds and 27491 MB memory.
2026-09-24 18:31:55.917 INFO   [98210C\3A7670] Auto-router pass #258 on board 'fb049c47633c1638efb58b7367f21d08' was completed in 0,16 seconds with the score of 985,09 (1 unrouted), using 1606,36 CPU seconds and 27491 MB memory.
2026-09-24 18:31:56.074 INFO   [98210C\3A7670] Auto-router pass #259 on board 'fb049c47633c1638efb58b7367f21d08' was completed in 0,14 seconds with the score of 985,09 (1 unrouted), using 1606,36 CPU seconds and 27491 MB memory.
2026-09-24 18:31:56.264 INFO   [98210C\3A7670] Auto-router pass #260 on board 'fb049c47633c1638efb58b7367f21d08' was completed in 0,17 seconds with the score of 985,09 (1 unrouted), using 1606,36 CPU seconds and 27491 MB memory.
2026-09-24 18:31:56.431 INFO   [98210C\3A7670] Auto-router pass #261 on board 'fb049c47633c1638efb58b7367f21d08' was completed in 0,15 seconds with the score of 985,09 (1 unrouted), using 1661,77 CPU seconds and 27964 MB memory.
2026-09-24 18:31:56.586 INFO   [98210C\3A7670] Auto-router pass #262 on board 'fb049c47633c1638efb58b7367f21d08' was completed in 0,14 seconds with the score of 985,09 (1 unrouted), using 1661,77 CPU seconds and 27964 MB memory.
2026-09-24 18:31:56.741 INFO   [98210C\3A7670] Auto-router pass #263 on board 'fb049c47633c1638efb58b7367f21d08' was completed in 0,14 seconds with the score of 985,09 (1 unrouted), using 1661,77 CPU seconds and 27964 MB memory.
2026-09-24 18:31:56.977 INFO   [98210C\3A7670] Auto-router pass #264 on board 'fb049c47633c1638efb58b7367f21d08' was completed in 0,22 seconds with the score of 985,09 (1 unrouted), using 1661,77 CPU seconds and 27964 MB memory.
2026-09-24 18:31:57.165 INFO   [98210C\3A7670] Auto-router pass #265 on board 'fb049c47633c1638efb58b7367f21d08' was completed in 0,18 seconds with the score of 985,09 (1 unrouted), using 1661,77 CPU seconds and 27964 MB memory.
2026-09-24 18:31:57.373 INFO   [98210C\3A7670] Auto-router pass #266 on board 'fb049c47633c1638efb58b7367f21d08' was completed in 0,19 seconds with the score of 985,09 (1 unrouted), using 1718,12 CPU seconds and 28465 MB memory.
2026-09-24 18:31:57.545 INFO   [98210C\3A7670] Auto-router pass #267 on board 'fb049c47633c1638efb58b7367f21d08' was completed in 0,15 seconds with the score of 985,09 (1 unrouted), using 1718,12 CPU seconds and 28465 MB memory.
2026-09-24 18:31:57.793 INFO   [98210C\3A7670] Auto-router pass #268 on board 'fb049c47633c1638efb58b7367f21d08' was completed in 0,23 seconds with the score of 985,09 (1 unrouted), using 1718,12 CPU seconds and 28465 MB memory.
2026-09-24 18:31:58.007 INFO   [98210C\3A7670] Auto-router pass #269 on board 'fb049c47633c1638efb58b7367f21d08' was completed in 0,20 seconds with the score of 985,09 (1 unrouted), using 1718,12 CPU seconds and 28465 MB memory.
2026-09-24 18:31:58.226 INFO   [98210C\3A7670] Auto-router pass #270 on board 'fb049c47633c1638efb58b7367f21d08' was completed in 0,20 seconds with the score of 985,09 (1 unrouted), using 1718,12 CPU seconds and 28465 MB memory.
2026-09-24 18:31:58.437 INFO   [98210C\3A7670] Auto-router pass #271 on board 'fb049c47633c1638efb58b7367f21d08' was completed in 0,19 seconds with the score of 985,09 (1 unrouted), using 1775,44 CPU seconds and 28896 MB memory.
2026-09-24 18:31:58.708 INFO   [98210C\3A7670] Auto-router pass #272 on board 'fb049c47633c1638efb58b7367f21d08' was completed in 0,25 seconds with the score of 985,09 (1 unrouted), using 1775,44 CPU seconds and 28896 MB memory.
2026-09-24 18:31:58.916 INFO   [98210C\3A7670] Auto-router pass #273 on board 'fb049c47633c1638efb58b7367f21d08' was completed in 0,19 seconds with the score of 985,09 (1 unrouted), using 1775,44 CPU seconds and 28896 MB memory.
2026-09-24 18:31:59.107 INFO   [98210C\3A7670] Auto-router pass #274 on board 'fb049c47633c1638efb58b7367f21d08' was completed in 0,18 seconds with the score of 985,09 (1 unrouted), using 1775,44 CPU seconds and 28896 MB memory.
2026-09-24 18:31:59.283 INFO   [98210C\3A7670] Auto-router pass #275 on board 'fb049c47633c1638efb58b7367f21d08' was completed in 0,16 seconds with the score of 985,09 (1 unrouted), using 1775,44 CPU seconds and 28896 MB memory.
2026-09-24 18:31:59.504 INFO   [98210C\3A7670] Auto-router pass #276 on board 'fb049c47633c1638efb58b7367f21d08' was completed in 0,21 seconds with the score of 985,09 (1 unrouted), using 1833,70 CPU seconds and 29333 MB memory.
2026-09-24 18:31:59.692 INFO   [98210C\3A7670] Auto-router pass #277 on board 'fb049c47633c1638efb58b7367f21d08' was completed in 0,17 seconds with the score of 985,09 (1 unrouted), using 1833,70 CPU seconds and 29333 MB memory.
2026-09-24 18:31:59.883 INFO   [98210C\3A7670] Auto-router pass #278 on board 'fb049c47633c1638efb58b7367f21d08' was completed in 0,17 seconds with the score of 985,09 (1 unrouted), using 1833,70 CPU seconds and 29333 MB memory.
2026-09-24 18:32:00.041 INFO   [98210C\3A7670] Auto-router pass #279 on board 'fb049c47633c1638efb58b7367f21d08' was completed in 0,14 seconds with the score of 985,09 (1 unrouted), using 1833,70 CPU seconds and 29333 MB memory.
2026-09-24 18:32:00.310 INFO   [98210C\3A7670] Auto-router pass #280 on board 'fb049c47633c1638efb58b7367f21d08' was completed in 0,25 seconds with the score of 985,09 (1 unrouted), using 1833,70 CPU seconds and 29333 MB memory.
2026-09-24 18:32:00.488 INFO   [98210C\3A7670] Auto-router pass #281 on board 'fb049c47633c1638efb58b7367f21d08' was completed in 0,16 seconds with the score of 985,09 (1 unrouted), using 1892,95 CPU seconds and 29798 MB memory.
2026-09-24 18:32:00.677 INFO   [98210C\3A7670] Auto-router pass #282 on board 'fb049c47633c1638efb58b7367f21d08' was completed in 0,17 seconds with the score of 985,09 (1 unrouted), using 1892,95 CPU seconds and 29798 MB memory.
2026-09-24 18:32:00.839 INFO   [98210C\3A7670] Auto-router pass #283 on board 'fb049c47633c1638efb58b7367f21d08' was completed in 0,15 seconds with the score of 985,09 (1 unrouted), using 1892,95 CPU seconds and 29798 MB memory.
2026-09-24 18:32:01.040 INFO   [98210C\3A7670] Auto-router pass #284 on board 'fb049c47633c1638efb58b7367f21d08' was completed in 0,19 seconds with the score of 985,09 (1 unrouted), using 1892,95 CPU seconds and 29798 MB memory.
2026-09-24 18:32:01.197 INFO   [98210C\3A7670] Auto-router pass #285 on board 'fb049c47633c1638efb58b7367f21d08' was completed in 0,14 seconds with the score of 985,09 (1 unrouted), using 1892,95 CPU seconds and 29798 MB memory.
2026-09-24 18:32:01.345 INFO   [98210C\3A7670] Auto-router pass #286 on board 'fb049c47633c1638efb58b7367f21d08' was completed in 0,14 seconds with the score of 985,09 (1 unrouted), using 1953,17 CPU seconds and 30330 MB memory.
2026-09-24 18:32:01.490 INFO   [98210C\3A7670] Auto-router pass #287 on board 'fb049c47633c1638efb58b7367f21d08' was completed in 0,13 seconds with the score of 985,09 (1 unrouted), using 1953,17 CPU seconds and 30330 MB memory.
2026-09-24 18:32:01.691 INFO   [98210C\3A7670] Auto-router pass #288 on board 'fb049c47633c1638efb58b7367f21d08' was completed in 0,19 seconds with the score of 985,09 (1 unrouted), using 1953,17 CPU seconds and 30330 MB memory.
2026-09-24 18:32:01.852 INFO   [98210C\3A7670] Auto-router pass #289 on board 'fb049c47633c1638efb58b7367f21d08' was completed in 0,15 seconds with the score of 985,09 (1 unrouted), using 1953,17 CPU seconds and 30330 MB memory.
2026-09-24 18:32:02.021 INFO   [98210C\3A7670] Auto-router pass #290 on board 'fb049c47633c1638efb58b7367f21d08' was completed in 0,16 seconds with the score of 985,09 (1 unrouted), using 1953,17 CPU seconds and 30330 MB memory.
2026-09-24 18:32:02.214 INFO   [98210C\3A7670] Auto-router pass #291 on board 'fb049c47633c1638efb58b7367f21d08' was completed in 0,18 seconds with the score of 985,09 (1 unrouted), using 1953,17 CPU seconds and 30330 MB memory.
2026-09-24 18:32:02.471 INFO   [98210C\3A7670] Auto-router pass #292 on board 'fb049c47633c1638efb58b7367f21d08' was completed in 0,24 seconds with the score of 985,09 (1 unrouted), using 2014,33 CPU seconds and 30855 MB memory.
2026-09-24 18:32:02.657 INFO   [98210C\3A7670] Auto-router pass #293 on board 'fb049c47633c1638efb58b7367f21d08' was completed in 0,17 seconds with the score of 985,09 (1 unrouted), using 2014,33 CPU seconds and 30855 MB memory.
2026-09-24 18:32:02.839 INFO   [98210C\3A7670] Auto-router pass #294 on board 'fb049c47633c1638efb58b7367f21d08' was completed in 0,17 seconds with the score of 985,09 (1 unrouted), using 2014,33 CPU seconds and 30855 MB memory.
2026-09-24 18:32:03.018 INFO   [98210C\3A7670] Auto-router pass #295 on board 'fb049c47633c1638efb58b7367f21d08' was completed in 0,17 seconds with the score of 985,09 (1 unrouted), using 2014,33 CPU seconds and 30855 MB memory.
2026-09-24 18:32:03.220 INFO   [98210C\3A7670] Auto-router pass #296 on board 'fb049c47633c1638efb58b7367f21d08' was completed in 0,19 seconds with the score of 985,09 (1 unrouted), using 2014,33 CPU seconds and 30855 MB memory.
2026-09-24 18:32:03.405 INFO   [98210C\3A7670] Auto-router pass #297 on board 'fb049c47633c1638efb58b7367f21d08' was completed in 0,17 seconds with the score of 985,09 (1 unrouted), using 2076,41 CPU seconds and 31329 MB memory.
2026-09-24 18:32:03.583 INFO   [98210C\3A7670] Auto-router pass #298 on board 'fb049c47633c1638efb58b7367f21d08' was completed in 0,16 seconds with the score of 985,09 (1 unrouted), using 2076,41 CPU seconds and 31329 MB memory.
2026-09-24 18:32:03.754 INFO   [98210C\3A7670] Auto-router pass #299 on board 'fb049c47633c1638efb58b7367f21d08' was completed in 0,16 seconds with the score of 985,09 (1 unrouted), using 2076,41 CPU seconds and 31329 MB memory.
2026-09-24 18:32:03.963 INFO   [98210C\3A7670] Auto-router pass #300 on board 'fb049c47633c1638efb58b7367f21d08' was completed in 0,20 seconds with the score of 985,09 (1 unrouted), using 2076,41 CPU seconds and 31329 MB memory.
2026-09-24 18:32:04.139 INFO   [98210C\3A7670] Auto-router pass #301 on board 'fb049c47633c1638efb58b7367f21d08' was completed in 0,16 seconds with the score of 985,09 (1 unrouted), using 2076,41 CPU seconds and 31329 MB memory.
2026-09-24 18:32:04.313 INFO   [98210C\3A7670] Auto-router pass #302 on board 'fb049c47633c1638efb58b7367f21d08' was completed in 0,16 seconds with the score of 985,09 (1 unrouted), using 2076,41 CPU seconds and 31329 MB memory.
2026-09-24 18:32:04.504 INFO   [98210C\3A7670] Auto-router pass #303 on board 'fb049c47633c1638efb58b7367f21d08' was completed in 0,18 seconds with the score of 985,09 (1 unrouted), using 2139,44 CPU seconds and 31826 MB memory.
2026-09-24 18:32:04.754 INFO   [98210C\3A7670] Auto-router pass #304 on board 'fb049c47633c1638efb58b7367f21d08' was completed in 0,23 seconds with the score of 985,09 (1 unrouted), using 2139,44 CPU seconds and 31826 MB memory.
2026-09-24 18:32:04.962 INFO   [98210C\3A7670] Auto-router pass #305 on board 'fb049c47633c1638efb58b7367f21d08' was completed in 0,19 seconds with the score of 985,09 (1 unrouted), using 2139,44 CPU seconds and 31826 MB memory.
2026-09-24 18:32:05.150 INFO   [98210C\3A7670] Auto-router pass #306 on board 'fb049c47633c1638efb58b7367f21d08' was completed in 0,17 seconds with the score of 985,09 (1 unrouted), using 2139,44 CPU seconds and 31826 MB memory.
2026-09-24 18:32:05.344 INFO   [98210C\3A7670] Auto-router pass #307 on board 'fb049c47633c1638efb58b7367f21d08' was completed in 0,18 seconds with the score of 985,09 (1 unrouted), using 2203,45 CPU seconds and 32277 MB memory.
2026-09-24 18:32:05.574 INFO   [98210C\3A7670] Auto-router pass #308 on board 'fb049c47633c1638efb58b7367f21d08' was completed in 0,22 seconds with the score of 985,09 (1 unrouted), using 2203,45 CPU seconds and 32277 MB memory.
2026-09-24 18:32:05.762 INFO   [98210C\3A7670] Auto-router pass #309 on board 'fb049c47633c1638efb58b7367f21d08' was completed in 0,17 seconds with the score of 985,09 (1 unrouted), using 2203,45 CPU seconds and 32277 MB memory.
2026-09-24 18:32:05.943 INFO   [98210C\3A7670] Auto-router pass #310 on board 'fb049c47633c1638efb58b7367f21d08' was completed in 0,16 seconds with the score of 985,09 (1 unrouted), using 2203,45 CPU seconds and 32277 MB memory.
2026-09-24 18:32:06.149 INFO   [98210C\3A7670] Auto-router pass #311 on board 'fb049c47633c1638efb58b7367f21d08' was completed in 0,19 seconds with the score of 985,09 (1 unrouted), using 2203,45 CPU seconds and 32277 MB memory.
2026-09-24 18:32:06.390 INFO   [98210C\3A7670] Auto-router pass #312 on board 'fb049c47633c1638efb58b7367f21d08' was completed in 0,22 seconds with the score of 985,09 (1 unrouted), using 2268,41 CPU seconds and 32729 MB memory.
2026-09-24 18:32:06.592 INFO   [98210C\3A7670] Auto-router pass #313 on board 'fb049c47633c1638efb58b7367f21d08' was completed in 0,18 seconds with the score of 985,09 (1 unrouted), using 2268,41 CPU seconds and 32729 MB memory.
2026-09-24 18:32:06.768 INFO   [98210C\3A7670] Auto-router pass #314 on board 'fb049c47633c1638efb58b7367f21d08' was completed in 0,16 seconds with the score of 985,09 (1 unrouted), using 2268,41 CPU seconds and 32729 MB memory.
2026-09-24 18:32:06.948 INFO   [98210C\3A7670] Auto-router pass #315 on board 'fb049c47633c1638efb58b7367f21d08' was completed in 0,17 seconds with the score of 985,09 (1 unrouted), using 2268,41 CPU seconds and 32729 MB memory.
2026-09-24 18:32:07.163 INFO   [98210C\3A7670] Auto-router pass #316 on board 'fb049c47633c1638efb58b7367f21d08' was completed in 0,20 seconds with the score of 985,09 (1 unrouted), using 2268,41 CPU seconds and 32729 MB memory.
2026-09-24 18:32:07.324 INFO   [98210C\3A7670] Auto-router pass #317 on board 'fb049c47633c1638efb58b7367f21d08' was completed in 0,15 seconds with the score of 985,09 (1 unrouted), using 2268,41 CPU seconds and 32729 MB memory.
2026-09-24 18:32:07.477 INFO   [98210C\3A7670] Auto-router pass #318 on board 'fb049c47633c1638efb58b7367f21d08' was completed in 0,14 seconds with the score of 985,09 (1 unrouted), using 2334,33 CPU seconds and 33221 MB memory.
2026-09-24 18:32:07.645 INFO   [98210C\3A7670] Auto-router pass #319 on board 'fb049c47633c1638efb58b7367f21d08' was completed in 0,16 seconds with the score of 985,09 (1 unrouted), using 2334,33 CPU seconds and 33221 MB memory.
2026-09-24 18:32:07.856 INFO   [98210C\3A7670] Auto-router pass #320 on board 'fb049c47633c1638efb58b7367f21d08' was completed in 0,20 seconds with the score of 985,09 (1 unrouted), using 2334,33 CPU seconds and 33221 MB memory.
2026-09-24 18:32:07.999 INFO   [98210C\3A7670] Auto-router pass #321 on board 'fb049c47633c1638efb58b7367f21d08' was completed in 0,13 seconds with the score of 985,09 (1 unrouted), using 2334,33 CPU seconds and 33221 MB memory.
2026-09-24 18:32:08.145 INFO   [98210C\3A7670] Auto-router pass #322 on board 'fb049c47633c1638efb58b7367f21d08' was completed in 0,13 seconds with the score of 985,09 (1 unrouted), using 2334,33 CPU seconds and 33221 MB memory.
2026-09-24 18:32:08.282 INFO   [98210C\3A7670] Auto-router pass #323 on board 'fb049c47633c1638efb58b7367f21d08' was completed in 0,13 seconds with the score of 985,09 (1 unrouted), using 2334,33 CPU seconds and 33221 MB memory.
2026-09-24 18:32:08.449 INFO   [98210C\3A7670] Auto-router pass #324 on board 'fb049c47633c1638efb58b7367f21d08' was completed in 0,15 seconds with the score of 985,09 (1 unrouted), using 2401,20 CPU seconds and 33797 MB memory.
2026-09-24 18:32:08.589 INFO   [98210C\3A7670] Auto-router pass #325 on board 'fb049c47633c1638efb58b7367f21d08' was completed in 0,13 seconds with the score of 985,09 (1 unrouted), using 2401,20 CPU seconds and 33797 MB memory.
2026-09-24 18:32:08.740 INFO   [98210C\3A7670] Auto-router pass #326 on board 'fb049c47633c1638efb58b7367f21d08' was completed in 0,14 seconds with the score of 985,09 (1 unrouted), using 2401,20 CPU seconds and 33797 MB memory.
2026-09-24 18:32:08.899 INFO   [98210C\3A7670] Auto-router pass #327 on board 'fb049c47633c1638efb58b7367f21d08' was completed in 0,15 seconds with the score of 985,09 (1 unrouted), using 2401,20 CPU seconds and 33797 MB memory.
2026-09-24 18:32:09.083 INFO   [98210C\3A7670] Auto-router pass #328 on board 'fb049c47633c1638efb58b7367f21d08' was completed in 0,17 seconds with the score of 985,09 (1 unrouted), using 2401,20 CPU seconds and 33797 MB memory.
2026-09-24 18:32:09.233 INFO   [98210C\3A7670] Auto-router pass #329 on board 'fb049c47633c1638efb58b7367f21d08' was completed in 0,14 seconds with the score of 985,09 (1 unrouted), using 2401,20 CPU seconds and 33797 MB memory.
2026-09-24 18:32:09.375 INFO   [98210C\3A7670] Auto-router pass #330 on board 'fb049c47633c1638efb58b7367f21d08' was completed in 0,13 seconds with the score of 985,09 (1 unrouted), using 2469,06 CPU seconds and 34403 MB memory.
2026-09-24 18:32:09.522 INFO   [98210C\3A7670] Auto-router pass #331 on board 'fb049c47633c1638efb58b7367f21d08' was completed in 0,14 seconds with the score of 985,09 (1 unrouted), using 2469,06 CPU seconds and 34403 MB memory.
2026-09-24 18:32:09.706 INFO   [98210C\3A7670] Auto-router pass #332 on board 'fb049c47633c1638efb58b7367f21d08' was completed in 0,17 seconds with the score of 985,09 (1 unrouted), using 2469,06 CPU seconds and 34403 MB memory.
2026-09-24 18:32:09.883 INFO   [98210C\3A7670] Auto-router pass #333 on board 'fb049c47633c1638efb58b7367f21d08' was completed in 0,17 seconds with the score of 985,09 (1 unrouted), using 2469,06 CPU seconds and 34403 MB memory.
2026-09-24 18:32:10.076 INFO   [98210C\3A7670] Auto-router pass #334 on board 'fb049c47633c1638efb58b7367f21d08' was completed in 0,17 seconds with the score of 985,09 (1 unrouted), using 2469,06 CPU seconds and 34403 MB memory.
2026-09-24 18:32:10.282 INFO   [98210C\3A7670] Auto-router pass #335 on board 'fb049c47633c1638efb58b7367f21d08' was completed in 0,18 seconds with the score of 985,09 (1 unrouted), using 2469,06 CPU seconds and 34403 MB memory.
2026-09-24 18:32:10.509 INFO   [98210C\3A7670] Auto-router pass #336 on board 'fb049c47633c1638efb58b7367f21d08' was completed in 0,21 seconds with the score of 985,09 (1 unrouted), using 2537,84 CPU seconds and 34899 MB memory.
2026-09-24 18:32:10.676 INFO   [98210C\3A7670] Auto-router pass #337 on board 'fb049c47633c1638efb58b7367f21d08' was completed in 0,15 seconds with the score of 985,09 (1 unrouted), using 2537,84 CPU seconds and 34899 MB memory.
2026-09-24 18:32:10.837 INFO   [98210C\3A7670] Auto-router pass #338 on board 'fb049c47633c1638efb58b7367f21d08' was completed in 0,15 seconds with the score of 985,09 (1 unrouted), using 2537,84 CPU seconds and 34899 MB memory.
2026-09-24 18:32:10.980 INFO   [98210C\3A7670] Auto-router pass #339 on board 'fb049c47633c1638efb58b7367f21d08' was completed in 0,13 seconds with the score of 985,09 (1 unrouted), using 2537,84 CPU seconds and 34899 MB memory.
2026-09-24 18:32:11.154 INFO   [98210C\3A7670] Auto-router pass #340 on board 'fb049c47633c1638efb58b7367f21d08' was completed in 0,16 seconds with the score of 985,09 (1 unrouted), using 2537,84 CPU seconds and 34899 MB memory.
2026-09-24 18:32:11.343 INFO   [98210C\3A7670] Auto-router pass #341 on board 'fb049c47633c1638efb58b7367f21d08' was completed in 0,18 seconds with the score of 985,09 (1 unrouted), using 2537,84 CPU seconds and 34899 MB memory.
2026-09-24 18:32:11.547 INFO   [98210C\3A7670] Auto-router pass #342 on board 'fb049c47633c1638efb58b7367f21d08' was completed in 0,18 seconds with the score of 985,09 (1 unrouted), using 2607,58 CPU seconds and 35437 MB memory.
2026-09-24 18:32:11.758 INFO   [98210C\3A7670] Auto-router pass #343 on board 'fb049c47633c1638efb58b7367f21d08' was completed in 0,19 seconds with the score of 985,09 (1 unrouted), using 2607,58 CPU seconds and 35437 MB memory.
2026-09-24 18:32:11.957 INFO   [98210C\3A7670] Auto-router pass #344 on board 'fb049c47633c1638efb58b7367f21d08' was completed in 0,18 seconds with the score of 985,09 (1 unrouted), using 2607,58 CPU seconds and 35437 MB memory.
2026-09-24 18:32:12.115 INFO   [98210C\3A7670] Auto-router pass #345 on board 'fb049c47633c1638efb58b7367f21d08' was completed in 0,15 seconds with the score of 985,09 (1 unrouted), using 2607,58 CPU seconds and 35437 MB memory.
2026-09-24 18:32:12.283 INFO   [98210C\3A7670] Auto-router pass #346 on board 'fb049c47633c1638efb58b7367f21d08' was completed in 0,15 seconds with the score of 985,09 (1 unrouted), using 2607,58 CPU seconds and 35437 MB memory.
2026-09-24 18:32:12.462 INFO   [98210C\3A7670] Auto-router pass #347 on board 'fb049c47633c1638efb58b7367f21d08' was completed in 0,16 seconds with the score of 985,09 (1 unrouted), using 2678,30 CPU seconds and 35933 MB memory.
2026-09-24 18:32:12.664 INFO   [98210C\3A7670] Auto-router pass #348 on board 'fb049c47633c1638efb58b7367f21d08' was completed in 0,19 seconds with the score of 985,09 (1 unrouted), using 2678,30 CPU seconds and 35933 MB memory.
2026-09-24 18:32:12.815 INFO   [98210C\3A7670] Auto-router pass #349 on board 'fb049c47633c1638efb58b7367f21d08' was completed in 0,14 seconds with the score of 985,09 (1 unrouted), using 2678,30 CPU seconds and 35933 MB memory.
2026-09-24 18:32:12.986 INFO   [98210C\3A7670] Auto-router pass #350 on board 'fb049c47633c1638efb58b7367f21d08' was completed in 0,16 seconds with the score of 985,09 (1 unrouted), using 2678,30 CPU seconds and 35933 MB memory.
2026-09-24 18:32:13.158 INFO   [98210C\3A7670] Auto-router pass #351 on board 'fb049c47633c1638efb58b7367f21d08' was completed in 0,16 seconds with the score of 985,09 (1 unrouted), using 2678,30 CPU seconds and 35933 MB memory.
2026-09-24 18:32:13.395 INFO   [98210C\3A7670] Auto-router pass #352 on board 'fb049c47633c1638efb58b7367f21d08' was completed in 0,22 seconds with the score of 985,09 (1 unrouted), using 2749,95 CPU seconds and 36444 MB memory.
2026-09-24 18:32:13.612 INFO   [98210C\3A7670] Auto-router pass #353 on board 'fb049c47633c1638efb58b7367f21d08' was completed in 0,20 seconds with the score of 985,09 (1 unrouted), using 2749,95 CPU seconds and 36444 MB memory.
2026-09-24 18:32:13.815 INFO   [98210C\3A7670] Auto-router pass #354 on board 'fb049c47633c1638efb58b7367f21d08' was completed in 0,18 seconds with the score of 985,09 (1 unrouted), using 2749,95 CPU seconds and 36444 MB memory.
2026-09-24 18:32:13.972 INFO   [98210C\3A7670] Auto-router pass #355 on board 'fb049c47633c1638efb58b7367f21d08' was completed in 0,14 seconds with the score of 985,09 (1 unrouted), using 2749,95 CPU seconds and 36444 MB memory.
2026-09-24 18:32:14.175 INFO   [98210C\3A7670] Auto-router pass #356 on board 'fb049c47633c1638efb58b7367f21d08' was completed in 0,19 seconds with the score of 985,09 (1 unrouted), using 2749,95 CPU seconds and 36444 MB memory.
2026-09-24 18:32:14.342 INFO   [98210C\3A7670] Auto-router pass #357 on board 'fb049c47633c1638efb58b7367f21d08' was completed in 0,15 seconds with the score of 985,09 (1 unrouted), using 2749,95 CPU seconds and 36444 MB memory.
2026-09-24 18:32:14.502 INFO   [98210C\3A7670] Auto-router pass #358 on board 'fb049c47633c1638efb58b7367f21d08' was completed in 0,15 seconds with the score of 985,09 (1 unrouted), using 2822,56 CPU seconds and 36934 MB memory.
2026-09-24 18:32:14.654 INFO   [98210C\3A7670] Auto-router pass #359 on board 'fb049c47633c1638efb58b7367f21d08' was completed in 0,14 seconds with the score of 985,09 (1 unrouted), using 2822,56 CPU seconds and 36934 MB memory.
2026-09-24 18:32:14.849 INFO   [98210C\3A7670] Auto-router pass #360 on board 'fb049c47633c1638efb58b7367f21d08' was completed in 0,18 seconds with the score of 985,09 (1 unrouted), using 2822,56 CPU seconds and 36934 MB memory.
2026-09-24 18:32:15.010 INFO   [98210C\3A7670] Auto-router pass #361 on board 'fb049c47633c1638efb58b7367f21d08' was completed in 0,15 seconds with the score of 985,09 (1 unrouted), using 2822,56 CPU seconds and 36934 MB memory.
2026-09-24 18:32:15.158 INFO   [98210C\3A7670] Auto-router pass #362 on board 'fb049c47633c1638efb58b7367f21d08' was completed in 0,14 seconds with the score of 985,09 (1 unrouted), using 2822,56 CPU seconds and 36934 MB memory.
2026-09-24 18:32:15.295 INFO   [98210C\3A7670] Auto-router pass #363 on board 'fb049c47633c1638efb58b7367f21d08' was completed in 0,13 seconds with the score of 985,09 (1 unrouted), using 2822,56 CPU seconds and 36934 MB memory.
2026-09-24 18:32:15.466 INFO   [98210C\3A7670] Auto-router pass #364 on board 'fb049c47633c1638efb58b7367f21d08' was completed in 0,16 seconds with the score of 985,09 (1 unrouted), using 2896,17 CPU seconds and 37521 MB memory.
2026-09-24 18:32:15.604 INFO   [98210C\3A7670] Auto-router pass #365 on board 'fb049c47633c1638efb58b7367f21d08' was completed in 0,13 seconds with the score of 985,09 (1 unrouted), using 2896,17 CPU seconds and 37521 MB memory.
2026-09-24 18:32:15.798 INFO   [98210C\3A7670] Auto-router pass #366 on board 'fb049c47633c1638efb58b7367f21d08' was completed in 0,18 seconds with the score of 985,09 (1 unrouted), using 2896,17 CPU seconds and 37521 MB memory.
2026-09-24 18:32:15.942 INFO   [98210C\3A7670] Auto-router pass #367 on board 'fb049c47633c1638efb58b7367f21d08' was completed in 0,13 seconds with the score of 985,09 (1 unrouted), using 2896,17 CPU seconds and 37521 MB memory.
2026-09-24 18:32:16.128 INFO   [98210C\3A7670] Auto-router pass #368 on board 'fb049c47633c1638efb58b7367f21d08' was completed in 0,17 seconds with the score of 985,09 (1 unrouted), using 2896,17 CPU seconds and 37521 MB memory.
2026-09-24 18:32:16.277 INFO   [98210C\3A7670] Auto-router pass #369 on board 'fb049c47633c1638efb58b7367f21d08' was completed in 0,14 seconds with the score of 985,09 (1 unrouted), using 2896,17 CPU seconds and 37521 MB memory.
2026-09-24 18:32:16.420 INFO   [98210C\3A7670] Auto-router pass #370 on board 'fb049c47633c1638efb58b7367f21d08' was completed in 0,13 seconds with the score of 985,09 (1 unrouted), using 2970,78 CPU seconds and 38097 MB memory.
2026-09-24 18:32:16.565 INFO   [98210C\3A7670] Auto-router pass #371 on board 'fb049c47633c1638efb58b7367f21d08' was completed in 0,13 seconds with the score of 985,09 (1 unrouted), using 2970,78 CPU seconds and 38097 MB memory.
2026-09-24 18:32:16.733 INFO   [98210C\3A7670] Auto-router pass #372 on board 'fb049c47633c1638efb58b7367f21d08' was completed in 0,16 seconds with the score of 985,09 (1 unrouted), using 2970,78 CPU seconds and 38097 MB memory.
2026-09-24 18:32:16.870 INFO   [98210C\3A7670] Auto-router pass #373 on board 'fb049c47633c1638efb58b7367f21d08' was completed in 0,13 seconds with the score of 985,09 (1 unrouted), using 2970,78 CPU seconds and 38097 MB memory.
2026-09-24 18:32:17.014 INFO   [98210C\3A7670] Auto-router pass #374 on board 'fb049c47633c1638efb58b7367f21d08' was completed in 0,13 seconds with the score of 985,09 (1 unrouted), using 2970,78 CPU seconds and 38097 MB memory.
2026-09-24 18:32:17.153 INFO   [98210C\3A7670] Auto-router pass #375 on board 'fb049c47633c1638efb58b7367f21d08' was completed in 0,13 seconds with the score of 985,09 (1 unrouted), using 2970,78 CPU seconds and 38097 MB memory.
2026-09-24 18:32:17.330 INFO   [98210C\3A7670] Auto-router pass #376 on board 'fb049c47633c1638efb58b7367f21d08' was completed in 0,17 seconds with the score of 985,09 (1 unrouted), using 2970,78 CPU seconds and 38097 MB memory.
2026-09-24 18:32:17.463 INFO   [98210C\3A7670] Auto-router pass #377 on board 'fb049c47633c1638efb58b7367f21d08' was completed in 0,12 seconds with the score of 985,09 (1 unrouted), using 3046,39 CPU seconds and 38720 MB memory.
2026-09-24 18:32:17.629 INFO   [98210C\3A7670] Auto-router pass #378 on board 'fb049c47633c1638efb58b7367f21d08' was completed in 0,15 seconds with the score of 985,09 (1 unrouted), using 3046,39 CPU seconds and 38720 MB memory.
2026-09-24 18:32:17.828 INFO   [98210C\3A7670] Auto-router pass #379 on board 'fb049c47633c1638efb58b7367f21d08' was completed in 0,18 seconds with the score of 985,09 (1 unrouted), using 3046,39 CPU seconds and 38720 MB memory.
2026-09-24 18:32:18.042 INFO   [98210C\3A7670] Auto-router pass #380 on board 'fb049c47633c1638efb58b7367f21d08' was completed in 0,20 seconds with the score of 985,09 (1 unrouted), using 3046,39 CPU seconds and 38720 MB memory.
2026-09-24 18:32:18.202 INFO   [98210C\3A7670] Auto-router pass #381 on board 'fb049c47633c1638efb58b7367f21d08' was completed in 0,14 seconds with the score of 985,09 (1 unrouted), using 3046,39 CPU seconds and 38720 MB memory.
2026-09-24 18:32:18.350 INFO   [98210C\3A7670] Auto-router pass #382 on board 'fb049c47633c1638efb58b7367f21d08' was completed in 0,13 seconds with the score of 985,09 (1 unrouted), using 3046,39 CPU seconds and 38720 MB memory.
2026-09-24 18:32:18.507 INFO   [98210C\3A7670] Auto-router pass #383 on board 'fb049c47633c1638efb58b7367f21d08' was completed in 0,14 seconds with the score of 985,09 (1 unrouted), using 3123,00 CPU seconds and 39248 MB memory.
2026-09-24 18:32:18.679 INFO   [98210C\3A7670] Auto-router pass #384 on board 'fb049c47633c1638efb58b7367f21d08' was completed in 0,16 seconds with the score of 985,09 (1 unrouted), using 3123,00 CPU seconds and 39248 MB memory.
2026-09-24 18:32:18.837 INFO   [98210C\3A7670] Auto-router pass #385 on board 'fb049c47633c1638efb58b7367f21d08' was completed in 0,15 seconds with the score of 985,09 (1 unrouted), using 3123,00 CPU seconds and 39248 MB memory.
2026-09-24 18:32:18.993 INFO   [98210C\3A7670] Auto-router pass #386 on board 'fb049c47633c1638efb58b7367f21d08' was completed in 0,14 seconds with the score of 985,09 (1 unrouted), using 3123,00 CPU seconds and 39248 MB memory.
2026-09-24 18:32:19.163 INFO   [98210C\3A7670] Auto-router pass #387 on board 'fb049c47633c1638efb58b7367f21d08' was completed in 0,16 seconds with the score of 985,09 (1 unrouted), using 3123,00 CPU seconds and 39248 MB memory.
2026-09-24 18:32:19.389 INFO   [98210C\3A7670] Auto-router pass #388 on board 'fb049c47633c1638efb58b7367f21d08' was completed in 0,21 seconds with the score of 985,09 (1 unrouted), using 3123,00 CPU seconds and 39248 MB memory.
2026-09-24 18:32:19.546 INFO   [98210C\3A7670] Auto-router pass #389 on board 'fb049c47633c1638efb58b7367f21d08' was completed in 0,15 seconds with the score of 985,09 (1 unrouted), using 3200,58 CPU seconds and 39797 MB memory.
2026-09-24 18:32:19.708 INFO   [98210C\3A7670] Auto-router pass #390 on board 'fb049c47633c1638efb58b7367f21d08' was completed in 0,15 seconds with the score of 985,09 (1 unrouted), using 3200,58 CPU seconds and 39797 MB memory.
2026-09-24 18:32:19.871 INFO   [98210C\3A7670] Auto-router pass #391 on board 'fb049c47633c1638efb58b7367f21d08' was completed in 0,15 seconds with the score of 985,09 (1 unrouted), using 3200,58 CPU seconds and 39797 MB memory.
2026-09-24 18:32:20.110 INFO   [98210C\3A7670] Auto-router pass #392 on board 'fb049c47633c1638efb58b7367f21d08' was completed in 0,22 seconds with the score of 985,09 (1 unrouted), using 3200,58 CPU seconds and 39797 MB memory.
2026-09-24 18:32:20.306 INFO   [98210C\3A7670] Auto-router pass #393 on board 'fb049c47633c1638efb58b7367f21d08' was completed in 0,18 seconds with the score of 985,09 (1 unrouted), using 3200,58 CPU seconds and 39797 MB memory.
2026-09-24 18:32:20.507 INFO   [98210C\3A7670] Auto-router pass #394 on board 'fb049c47633c1638efb58b7367f21d08' was completed in 0,19 seconds with the score of 985,09 (1 unrouted), using 3279,12 CPU seconds and 40286 MB memory.
2026-09-24 18:32:20.674 INFO   [98210C\3A7670] Auto-router pass #395 on board 'fb049c47633c1638efb58b7367f21d08' was completed in 0,15 seconds with the score of 985,09 (1 unrouted), using 3279,12 CPU seconds and 40286 MB memory.
2026-09-24 18:32:20.871 INFO   [98210C\3A7670] Auto-router pass #396 on board 'fb049c47633c1638efb58b7367f21d08' was completed in 0,18 seconds with the score of 985,09 (1 unrouted), using 3279,12 CPU seconds and 40286 MB memory.
2026-09-24 18:32:21.026 INFO   [98210C\3A7670] Auto-router pass #397 on board 'fb049c47633c1638efb58b7367f21d08' was completed in 0,14 seconds with the score of 985,09 (1 unrouted), using 3279,12 CPU seconds and 40286 MB memory.
2026-09-24 18:32:21.161 INFO   [98210C\3A7670] Auto-router pass #398 on board 'fb049c47633c1638efb58b7367f21d08' was completed in 0,12 seconds with the score of 985,09 (1 unrouted), using 3279,12 CPU seconds and 40286 MB memory.
2026-09-24 18:32:21.307 INFO   [98210C\3A7670] Auto-router pass #399 on board 'fb049c47633c1638efb58b7367f21d08' was completed in 0,13 seconds with the score of 985,09 (1 unrouted), using 3279,12 CPU seconds and 40286 MB memory.
2026-09-24 18:32:21.486 INFO   [98210C\3A7670] Auto-router pass #400 on board 'fb049c47633c1638efb58b7367f21d08' was completed in 0,16 seconds with the score of 985,09 (1 unrouted), using 3358,61 CPU seconds and 40854 MB memory.
2026-09-24 18:32:21.634 INFO   [98210C\3A7670] Auto-router pass #401 on board 'fb049c47633c1638efb58b7367f21d08' was completed in 0,14 seconds with the score of 985,09 (1 unrouted), using 3358,61 CPU seconds and 40854 MB memory.
2026-09-24 18:32:21.782 INFO   [98210C\3A7670] Auto-router pass #402 on board 'fb049c47633c1638efb58b7367f21d08' was completed in 0,14 seconds with the score of 985,09 (1 unrouted), using 3358,61 CPU seconds and 40854 MB memory.
2026-09-24 18:32:21.928 INFO   [98210C\3A7670] Auto-router pass #403 on board 'fb049c47633c1638efb58b7367f21d08' was completed in 0,14 seconds with the score of 985,09 (1 unrouted), using 3358,61 CPU seconds and 40854 MB memory.
2026-09-24 18:32:22.102 INFO   [98210C\3A7670] Auto-router pass #404 on board 'fb049c47633c1638efb58b7367f21d08' was completed in 0,16 seconds with the score of 985,09 (1 unrouted), using 3358,61 CPU seconds and 40854 MB memory.
2026-09-24 18:32:22.248 INFO   [98210C\3A7670] Auto-router pass #405 on board 'fb049c47633c1638efb58b7367f21d08' was completed in 0,13 seconds with the score of 985,09 (1 unrouted), using 3358,61 CPU seconds and 40854 MB memory.
2026-09-24 18:32:22.388 INFO   [98210C\3A7670] Auto-router pass #406 on board 'fb049c47633c1638efb58b7367f21d08' was completed in 0,13 seconds with the score of 985,09 (1 unrouted), using 3358,61 CPU seconds and 40854 MB memory.
2026-09-24 18:32:22.537 INFO   [98210C\3A7670] Auto-router pass #407 on board 'fb049c47633c1638efb58b7367f21d08' was completed in 0,14 seconds with the score of 985,09 (1 unrouted), using 3439,06 CPU seconds and 41464 MB memory.
2026-09-24 18:32:22.722 INFO   [98210C\3A7670] Auto-router pass #408 on board 'fb049c47633c1638efb58b7367f21d08' was completed in 0,17 seconds with the score of 985,09 (1 unrouted), using 3439,06 CPU seconds and 41464 MB memory.
2026-09-24 18:32:22.874 INFO   [98210C\3A7670] Auto-router pass #409 on board 'fb049c47633c1638efb58b7367f21d08' was completed in 0,14 seconds with the score of 985,09 (1 unrouted), using 3439,06 CPU seconds and 41464 MB memory.
2026-09-24 18:32:23.033 INFO   [98210C\3A7670] Auto-router pass #410 on board 'fb049c47633c1638efb58b7367f21d08' was completed in 0,15 seconds with the score of 985,09 (1 unrouted), using 3439,06 CPU seconds and 41464 MB memory.
2026-09-24 18:32:23.178 INFO   [98210C\3A7670] Auto-router pass #411 on board 'fb049c47633c1638efb58b7367f21d08' was completed in 0,13 seconds with the score of 985,09 (1 unrouted), using 3439,06 CPU seconds and 41464 MB memory.
2026-09-24 18:32:23.355 INFO   [98210C\3A7670] Auto-router pass #412 on board 'fb049c47633c1638efb58b7367f21d08' was completed in 0,16 seconds with the score of 985,09 (1 unrouted), using 3439,06 CPU seconds and 41464 MB memory.
2026-09-24 18:32:23.504 INFO   [98210C\3A7670] Auto-router pass #413 on board 'fb049c47633c1638efb58b7367f21d08' was completed in 0,14 seconds with the score of 985,09 (1 unrouted), using 3520,47 CPU seconds and 42044 MB memory.
2026-09-24 18:32:23.669 INFO   [98210C\3A7670] Auto-router pass #414 on board 'fb049c47633c1638efb58b7367f21d08' was completed in 0,15 seconds with the score of 985,09 (1 unrouted), using 3520,47 CPU seconds and 42044 MB memory.
2026-09-24 18:32:23.852 INFO   [98210C\3A7670] Auto-router pass #415 on board 'fb049c47633c1638efb58b7367f21d08' was completed in 0,16 seconds with the score of 985,09 (1 unrouted), using 3520,47 CPU seconds and 42044 MB memory.
2026-09-24 18:32:24.108 INFO   [98210C\3A7670] Auto-router pass #416 on board 'fb049c47633c1638efb58b7367f21d08' was completed in 0,24 seconds with the score of 985,09 (1 unrouted), using 3520,47 CPU seconds and 42044 MB memory.
2026-09-24 18:32:24.277 INFO   [98210C\3A7670] Auto-router pass #417 on board 'fb049c47633c1638efb58b7367f21d08' was completed in 0,15 seconds with the score of 985,09 (1 unrouted), using 3520,47 CPU seconds and 42044 MB memory.
2026-09-24 18:32:24.451 INFO   [98210C\3A7670] Auto-router pass #418 on board 'fb049c47633c1638efb58b7367f21d08' was completed in 0,16 seconds with the score of 985,09 (1 unrouted), using 3520,47 CPU seconds and 42044 MB memory.
2026-09-24 18:32:24.627 INFO   [98210C\3A7670] Auto-router pass #419 on board 'fb049c47633c1638efb58b7367f21d08' was completed in 0,16 seconds with the score of 985,09 (1 unrouted), using 3602,81 CPU seconds and 42533 MB memory.
2026-09-24 18:32:24.832 INFO   [98210C\3A7670] Auto-router pass #420 on board 'fb049c47633c1638efb58b7367f21d08' was completed in 0,19 seconds with the score of 985,09 (1 unrouted), using 3602,81 CPU seconds and 42533 MB memory.
2026-09-24 18:32:24.976 INFO   [98210C\3A7670] Auto-router pass #421 on board 'fb049c47633c1638efb58b7367f21d08' was completed in 0,13 seconds with the score of 985,09 (1 unrouted), using 3602,81 CPU seconds and 42533 MB memory.
2026-09-24 18:32:25.132 INFO   [98210C\3A7670] Auto-router pass #422 on board 'fb049c47633c1638efb58b7367f21d08' was completed in 0,14 seconds with the score of 985,09 (1 unrouted), using 3602,81 CPU seconds and 42533 MB memory.
2026-09-24 18:32:25.294 INFO   [98210C\3A7670] Auto-router pass #423 on board 'fb049c47633c1638efb58b7367f21d08' was completed in 0,15 seconds with the score of 985,09 (1 unrouted), using 3602,81 CPU seconds and 42533 MB memory.
2026-09-24 18:32:25.484 INFO   [98210C\3A7670] Auto-router pass #424 on board 'fb049c47633c1638efb58b7367f21d08' was completed in 0,18 seconds with the score of 985,09 (1 unrouted), using 3686,16 CPU seconds and 43091 MB memory.
2026-09-24 18:32:25.629 INFO   [98210C\3A7670] Auto-router pass #425 on board 'fb049c47633c1638efb58b7367f21d08' was completed in 0,13 seconds with the score of 985,09 (1 unrouted), using 3686,16 CPU seconds and 43091 MB memory.
2026-09-24 18:32:25.814 INFO   [98210C\3A7670] Auto-router pass #426 on board 'fb049c47633c1638efb58b7367f21d08' was completed in 0,17 seconds with the score of 985,09 (1 unrouted), using 3686,16 CPU seconds and 43091 MB memory.
2026-09-24 18:32:25.994 INFO   [98210C\3A7670] Auto-router pass #427 on board 'fb049c47633c1638efb58b7367f21d08' was completed in 0,16 seconds with the score of 985,09 (1 unrouted), using 3686,16 CPU seconds and 43091 MB memory.
2026-09-24 18:32:26.251 INFO   [98210C\3A7670] Auto-router pass #428 on board 'fb049c47633c1638efb58b7367f21d08' was completed in 0,24 seconds with the score of 985,09 (1 unrouted), using 3686,16 CPU seconds and 43091 MB memory.
2026-09-24 18:32:26.462 INFO   [98210C\3A7670] Auto-router pass #429 on board 'fb049c47633c1638efb58b7367f21d08' was completed in 0,20 seconds with the score of 985,09 (1 unrouted), using 3686,16 CPU seconds and 43091 MB memory.
2026-09-24 18:32:26.696 INFO   [98210C\3A7670] Auto-router pass #430 on board 'fb049c47633c1638efb58b7367f21d08' was completed in 0,21 seconds with the score of 985,09 (1 unrouted), using 3770,48 CPU seconds and 43555 MB memory.
2026-09-24 18:32:26.930 INFO   [98210C\3A7670] Auto-router pass #431 on board 'fb049c47633c1638efb58b7367f21d08' was completed in 0,21 seconds with the score of 985,09 (1 unrouted), using 3770,48 CPU seconds and 43555 MB memory.
2026-09-24 18:32:27.222 INFO   [98210C\3A7670] Auto-router pass #432 on board 'fb049c47633c1638efb58b7367f21d08' was completed in 0,27 seconds with the score of 985,09 (1 unrouted), using 3770,48 CPU seconds and 43555 MB memory.
2026-09-24 18:32:27.453 INFO   [98210C\3A7670] Auto-router pass #433 on board 'fb049c47633c1638efb58b7367f21d08' was completed in 0,21 seconds with the score of 985,09 (1 unrouted), using 3770,48 CPU seconds and 43555 MB memory.
2026-09-24 18:32:27.692 INFO   [98210C\3A7670] Auto-router pass #434 on board 'fb049c47633c1638efb58b7367f21d08' was completed in 0,22 seconds with the score of 985,09 (1 unrouted), using 3855,67 CPU seconds and 43927 MB memory.
2026-09-24 18:32:27.910 INFO   [98210C\3A7670] Auto-router pass #435 on board 'fb049c47633c1638efb58b7367f21d08' was completed in 0,20 seconds with the score of 985,09 (1 unrouted), using 3855,67 CPU seconds and 43927 MB memory.
2026-09-24 18:32:28.192 INFO   [98210C\3A7670] Auto-router pass #436 on board 'fb049c47633c1638efb58b7367f21d08' was completed in 0,26 seconds with the score of 985,09 (1 unrouted), using 3855,67 CPU seconds and 43927 MB memory.
2026-09-24 18:32:28.427 INFO   [98210C\3A7670] Auto-router pass #437 on board 'fb049c47633c1638efb58b7367f21d08' was completed in 0,22 seconds with the score of 985,09 (1 unrouted), using 3855,67 CPU seconds and 43927 MB memory.
2026-09-24 18:32:28.650 INFO   [98210C\3A7670] Auto-router pass #438 on board 'fb049c47633c1638efb58b7367f21d08' was completed in 0,20 seconds with the score of 985,09 (1 unrouted), using 3941,81 CPU seconds and 44318 MB memory.
2026-09-24 18:32:28.882 INFO   [98210C\3A7670] Auto-router pass #439 on board 'fb049c47633c1638efb58b7367f21d08' was completed in 0,21 seconds with the score of 985,09 (1 unrouted), using 3941,81 CPU seconds and 44318 MB memory.
2026-09-24 18:32:29.298 INFO   [98210C\3A7670] Auto-router pass #440 on board 'fb049c47633c1638efb58b7367f21d08' was completed in 0,40 seconds with the score of 985,09 (1 unrouted), using 3941,81 CPU seconds and 44318 MB memory.
2026-09-24 18:32:29.522 INFO   [98210C\3A7670] Auto-router pass #441 on board 'fb049c47633c1638efb58b7367f21d08' was completed in 0,21 seconds with the score of 985,09 (1 unrouted), using 4028,72 CPU seconds and 44657 MB memory.
2026-09-24 18:32:29.748 INFO   [98210C\3A7670] Auto-router pass #442 on board 'fb049c47633c1638efb58b7367f21d08' was completed in 0,21 seconds with the score of 985,09 (1 unrouted), using 4028,72 CPU seconds and 44657 MB memory.
2026-09-24 18:32:29.957 INFO   [98210C\3A7670] Auto-router pass #443 on board 'fb049c47633c1638efb58b7367f21d08' was completed in 0,19 seconds with the score of 985,09 (1 unrouted), using 4028,72 CPU seconds and 44657 MB memory.
2026-09-24 18:32:30.175 INFO   [98210C\3A7670] Auto-router pass #444 on board 'fb049c47633c1638efb58b7367f21d08' was completed in 0,20 seconds with the score of 985,09 (1 unrouted), using 4028,72 CPU seconds and 44657 MB memory.
2026-09-24 18:32:30.329 INFO   [98210C\3A7670] Auto-router pass #445 on board 'fb049c47633c1638efb58b7367f21d08' was completed in 0,14 seconds with the score of 985,09 (1 unrouted), using 4028,72 CPU seconds and 44657 MB memory.
2026-09-24 18:32:30.493 INFO   [98210C\3A7670] Auto-router pass #446 on board 'fb049c47633c1638efb58b7367f21d08' was completed in 0,15 seconds with the score of 985,09 (1 unrouted), using 4028,72 CPU seconds and 44657 MB memory.
2026-09-24 18:32:30.652 INFO   [98210C\3A7670] Auto-router pass #447 on board 'fb049c47633c1638efb58b7367f21d08' was completed in 0,14 seconds with the score of 985,09 (1 unrouted), using 4116,53 CPU seconds and 45120 MB memory.
2026-09-24 18:32:30.845 INFO   [98210C\3A7670] Auto-router pass #448 on board 'fb049c47633c1638efb58b7367f21d08' was completed in 0,18 seconds with the score of 985,09 (1 unrouted), using 4116,53 CPU seconds and 45120 MB memory.
2026-09-24 18:32:31.015 INFO   [98210C\3A7670] Auto-router pass #449 on board 'fb049c47633c1638efb58b7367f21d08' was completed in 0,16 seconds with the score of 985,09 (1 unrouted), using 4116,53 CPU seconds and 45120 MB memory.
2026-09-24 18:32:31.167 INFO   [98210C\3A7670] Auto-router pass #450 on board 'fb049c47633c1638efb58b7367f21d08' was completed in 0,14 seconds with the score of 985,09 (1 unrouted), using 4116,53 CPU seconds and 45120 MB memory.
2026-09-24 18:32:31.311 INFO   [98210C\3A7670] Auto-router pass #451 on board 'fb049c47633c1638efb58b7367f21d08' was completed in 0,13 seconds with the score of 985,09 (1 unrouted), using 4116,53 CPU seconds and 45120 MB memory.
2026-09-24 18:32:31.524 INFO   [98210C\3A7670] Auto-router pass #452 on board 'fb049c47633c1638efb58b7367f21d08' was completed in 0,20 seconds with the score of 985,09 (1 unrouted), using 4205,31 CPU seconds and 45677 MB memory.
2026-09-24 18:32:31.708 INFO   [98210C\3A7670] Auto-router pass #453 on board 'fb049c47633c1638efb58b7367f21d08' was completed in 0,17 seconds with the score of 985,09 (1 unrouted), using 4205,31 CPU seconds and 45677 MB memory.
2026-09-24 18:32:31.880 INFO   [98210C\3A7670] Auto-router pass #454 on board 'fb049c47633c1638efb58b7367f21d08' was completed in 0,16 seconds with the score of 985,09 (1 unrouted), using 4205,31 CPU seconds and 45677 MB memory.
2026-09-24 18:32:32.063 INFO   [98210C\3A7670] Auto-router pass #455 on board 'fb049c47633c1638efb58b7367f21d08' was completed in 0,17 seconds with the score of 985,09 (1 unrouted), using 4205,31 CPU seconds and 45677 MB memory.
2026-09-24 18:32:32.299 INFO   [98210C\3A7670] Auto-router pass #456 on board 'fb049c47633c1638efb58b7367f21d08' was completed in 0,22 seconds with the score of 985,09 (1 unrouted), using 4205,31 CPU seconds and 45677 MB memory.
2026-09-24 18:32:32.489 INFO   [98210C\3A7670] Auto-router pass #457 on board 'fb049c47633c1638efb58b7367f21d08' was completed in 0,17 seconds with the score of 985,09 (1 unrouted), using 4205,31 CPU seconds and 45677 MB memory.
2026-09-24 18:32:32.676 INFO   [98210C\3A7670] Auto-router pass #458 on board 'fb049c47633c1638efb58b7367f21d08' was completed in 0,17 seconds with the score of 985,09 (1 unrouted), using 4295,03 CPU seconds and 46145 MB memory.
2026-09-24 18:32:32.851 INFO   [98210C\3A7670] Auto-router pass #459 on board 'fb049c47633c1638efb58b7367f21d08' was completed in 0,16 seconds with the score of 985,09 (1 unrouted), using 4295,03 CPU seconds and 46145 MB memory.
2026-09-24 18:32:33.096 INFO   [98210C\3A7670] Auto-router pass #460 on board 'fb049c47633c1638efb58b7367f21d08' was completed in 0,23 seconds with the score of 985,09 (1 unrouted), using 4295,03 CPU seconds and 46145 MB memory.
2026-09-24 18:32:33.312 INFO   [98210C\3A7670] Auto-router pass #461 on board 'fb049c47633c1638efb58b7367f21d08' was completed in 0,20 seconds with the score of 985,09 (1 unrouted), using 4295,03 CPU seconds and 46145 MB memory.
2026-09-24 18:32:33.529 INFO   [98210C\3A7670] Auto-router pass #462 on board 'fb049c47633c1638efb58b7367f21d08' was completed in 0,20 seconds with the score of 985,09 (1 unrouted), using 4385,75 CPU seconds and 46592 MB memory.
2026-09-24 18:32:33.711 INFO   [98210C\3A7670] Auto-router pass #463 on board 'fb049c47633c1638efb58b7367f21d08' was completed in 0,17 seconds with the score of 985,09 (1 unrouted), using 4385,75 CPU seconds and 46592 MB memory.
2026-09-24 18:32:33.917 INFO   [98210C\3A7670] Auto-router pass #464 on board 'fb049c47633c1638efb58b7367f21d08' was completed in 0,19 seconds with the score of 985,09 (1 unrouted), using 4385,75 CPU seconds and 46592 MB memory.
2026-09-24 18:32:34.077 INFO   [98210C\3A7670] Auto-router pass #465 on board 'fb049c47633c1638efb58b7367f21d08' was completed in 0,15 seconds with the score of 985,09 (1 unrouted), using 4385,75 CPU seconds and 46592 MB memory.
2026-09-24 18:32:34.252 INFO   [98210C\3A7670] Auto-router pass #466 on board 'fb049c47633c1638efb58b7367f21d08' was completed in 0,16 seconds with the score of 985,09 (1 unrouted), using 4385,75 CPU seconds and 46592 MB memory.
2026-09-24 18:32:34.428 INFO   [98210C\3A7670] Auto-router pass #467 on board 'fb049c47633c1638efb58b7367f21d08' was completed in 0,16 seconds with the score of 985,09 (1 unrouted), using 4385,75 CPU seconds and 46592 MB memory.
2026-09-24 18:32:34.667 INFO   [98210C\3A7670] Auto-router pass #468 on board 'fb049c47633c1638efb58b7367f21d08' was completed in 0,23 seconds with the score of 985,09 (1 unrouted), using 4477,41 CPU seconds and 47095 MB memory.
2026-09-24 18:32:34.890 INFO   [98210C\3A7670] Auto-router pass #469 on board 'fb049c47633c1638efb58b7367f21d08' was completed in 0,20 seconds with the score of 985,09 (1 unrouted), using 4477,41 CPU seconds and 47095 MB memory.
2026-09-24 18:32:35.110 INFO   [98210C\3A7670] Auto-router pass #470 on board 'fb049c47633c1638efb58b7367f21d08' was completed in 0,20 seconds with the score of 985,09 (1 unrouted), using 4477,41 CPU seconds and 47095 MB memory.
2026-09-24 18:32:35.330 INFO   [98210C\3A7670] Auto-router pass #471 on board 'fb049c47633c1638efb58b7367f21d08' was completed in 0,20 seconds with the score of 985,09 (1 unrouted), using 4477,41 CPU seconds and 47095 MB memory.
2026-09-24 18:32:35.599 INFO   [98210C\3A7670] Auto-router pass #472 on board 'fb049c47633c1638efb58b7367f21d08' was completed in 0,25 seconds with the score of 985,09 (1 unrouted), using 4570,02 CPU seconds and 47496 MB memory.
2026-09-24 18:32:35.795 INFO   [98210C\3A7670] Auto-router pass #473 on board 'fb049c47633c1638efb58b7367f21d08' was completed in 0,18 seconds with the score of 985,09 (1 unrouted), using 4570,02 CPU seconds and 47496 MB memory.
2026-09-24 18:32:35.993 INFO   [98210C\3A7670] Auto-router pass #474 on board 'fb049c47633c1638efb58b7367f21d08' was completed in 0,18 seconds with the score of 985,09 (1 unrouted), using 4570,02 CPU seconds and 47496 MB memory.
2026-09-24 18:32:36.156 INFO   [98210C\3A7670] Auto-router pass #475 on board 'fb049c47633c1638efb58b7367f21d08' was completed in 0,15 seconds with the score of 985,09 (1 unrouted), using 4570,02 CPU seconds and 47496 MB memory.
2026-09-24 18:32:36.355 INFO   [98210C\3A7670] Auto-router pass #476 on board 'fb049c47633c1638efb58b7367f21d08' was completed in 0,19 seconds with the score of 985,09 (1 unrouted), using 4570,02 CPU seconds and 47496 MB memory.
2026-09-24 18:32:36.516 INFO   [98210C\3A7670] Auto-router pass #477 on board 'fb049c47633c1638efb58b7367f21d08' was completed in 0,15 seconds with the score of 985,09 (1 unrouted), using 4570,02 CPU seconds and 47496 MB memory.
2026-09-24 18:32:36.677 INFO   [98210C\3A7670] Auto-router pass #478 on board 'fb049c47633c1638efb58b7367f21d08' was completed in 0,15 seconds with the score of 985,09 (1 unrouted), using 4663,56 CPU seconds and 47990 MB memory.
2026-09-24 18:32:36.866 INFO   [98210C\3A7670] Auto-router pass #479 on board 'fb049c47633c1638efb58b7367f21d08' was completed in 0,17 seconds with the score of 985,09 (1 unrouted), using 4663,56 CPU seconds and 47990 MB memory.
2026-09-24 18:32:37.110 INFO   [98210C\3A7670] Auto-router pass #480 on board 'fb049c47633c1638efb58b7367f21d08' was completed in 0,23 seconds with the score of 985,09 (1 unrouted), using 4663,56 CPU seconds and 47990 MB memory.
2026-09-24 18:32:37.283 INFO   [98210C\3A7670] Auto-router pass #481 on board 'fb049c47633c1638efb58b7367f21d08' was completed in 0,16 seconds with the score of 985,09 (1 unrouted), using 4663,56 CPU seconds and 47990 MB memory.
2026-09-24 18:32:37.443 INFO   [98210C\3A7670] Auto-router pass #482 on board 'fb049c47633c1638efb58b7367f21d08' was completed in 0,14 seconds with the score of 985,09 (1 unrouted), using 4663,56 CPU seconds and 47990 MB memory.
2026-09-24 18:32:37.619 INFO   [98210C\3A7670] Auto-router pass #483 on board 'fb049c47633c1638efb58b7367f21d08' was completed in 0,16 seconds with the score of 985,09 (1 unrouted), using 4758,06 CPU seconds and 48490 MB memory.
2026-09-24 18:32:37.813 INFO   [98210C\3A7670] Auto-router pass #484 on board 'fb049c47633c1638efb58b7367f21d08' was completed in 0,18 seconds with the score of 985,09 (1 unrouted), using 4758,06 CPU seconds and 48490 MB memory.
2026-09-24 18:32:37.972 INFO   [98210C\3A7670] Auto-router pass #485 on board 'fb049c47633c1638efb58b7367f21d08' was completed in 0,15 seconds with the score of 985,09 (1 unrouted), using 4758,06 CPU seconds and 48490 MB memory.
2026-09-24 18:32:38.139 INFO   [98210C\3A7670] Auto-router pass #486 on board 'fb049c47633c1638efb58b7367f21d08' was completed in 0,15 seconds with the score of 985,09 (1 unrouted), using 4758,06 CPU seconds and 48490 MB memory.
2026-09-24 18:32:38.286 INFO   [98210C\3A7670] Auto-router pass #487 on board 'fb049c47633c1638efb58b7367f21d08' was completed in 0,13 seconds with the score of 985,09 (1 unrouted), using 4758,06 CPU seconds and 48490 MB memory.
2026-09-24 18:32:38.488 INFO   [98210C\3A7670] Auto-router pass #488 on board 'fb049c47633c1638efb58b7367f21d08' was completed in 0,19 seconds with the score of 985,09 (1 unrouted), using 4758,06 CPU seconds and 48490 MB memory.
2026-09-24 18:32:38.634 INFO   [98210C\3A7670] Auto-router pass #489 on board 'fb049c47633c1638efb58b7367f21d08' was completed in 0,13 seconds with the score of 985,09 (1 unrouted), using 4853,56 CPU seconds and 49032 MB memory.
2026-09-24 18:32:38.801 INFO   [98210C\3A7670] Auto-router pass #490 on board 'fb049c47633c1638efb58b7367f21d08' was completed in 0,15 seconds with the score of 985,09 (1 unrouted), using 4853,56 CPU seconds and 49032 MB memory.
2026-09-24 18:32:39.016 INFO   [98210C\3A7670] Auto-router pass #491 on board 'fb049c47633c1638efb58b7367f21d08' was completed in 0,20 seconds with the score of 985,09 (1 unrouted), using 4853,56 CPU seconds and 49032 MB memory.
2026-09-24 18:32:39.287 INFO   [98210C\3A7670] Auto-router pass #492 on board 'fb049c47633c1638efb58b7367f21d08' was completed in 0,25 seconds with the score of 985,09 (1 unrouted), using 4853,56 CPU seconds and 49032 MB memory.
2026-09-24 18:32:39.498 INFO   [98210C\3A7670] Auto-router pass #493 on board 'fb049c47633c1638efb58b7367f21d08' was completed in 0,19 seconds with the score of 985,09 (1 unrouted), using 4853,56 CPU seconds and 49032 MB memory.
2026-09-24 18:32:39.722 INFO   [98210C\3A7670] Auto-router pass #494 on board 'fb049c47633c1638efb58b7367f21d08' was completed in 0,20 seconds with the score of 985,09 (1 unrouted), using 4949,95 CPU seconds and 49483 MB memory.
2026-09-24 18:32:39.948 INFO   [98210C\3A7670] Auto-router pass #495 on board 'fb049c47633c1638efb58b7367f21d08' was completed in 0,21 seconds with the score of 985,09 (1 unrouted), using 4949,95 CPU seconds and 49483 MB memory.
2026-09-24 18:32:40.224 INFO   [98210C\3A7670] Auto-router pass #496 on board 'fb049c47633c1638efb58b7367f21d08' was completed in 0,26 seconds with the score of 985,09 (1 unrouted), using 4949,95 CPU seconds and 49483 MB memory.
2026-09-24 18:32:40.427 INFO   [98210C\3A7670] Auto-router pass #497 on board 'fb049c47633c1638efb58b7367f21d08' was completed in 0,19 seconds with the score of 985,09 (1 unrouted), using 4949,95 CPU seconds and 49483 MB memory.
2026-09-24 18:32:40.644 INFO   [98210C\3A7670] Auto-router pass #498 on board 'fb049c47633c1638efb58b7367f21d08' was completed in 0,20 seconds with the score of 985,09 (1 unrouted), using 5047,27 CPU seconds and 49884 MB memory.
2026-09-24 18:32:40.863 INFO   [98210C\3A7670] Auto-router pass #499 on board 'fb049c47633c1638efb58b7367f21d08' was completed in 0,20 seconds with the score of 985,09 (1 unrouted), using 5047,27 CPU seconds and 49884 MB memory.
2026-09-24 18:32:41.130 INFO   [98210C\3A7670] Auto-router pass #500 on board 'fb049c47633c1638efb58b7367f21d08' was completed in 0,25 seconds with the score of 985,09 (1 unrouted), using 5047,27 CPU seconds and 49884 MB memory.
2026-09-24 18:32:41.341 INFO   [98210C\3A7670] Auto-router pass #501 on board 'fb049c47633c1638efb58b7367f21d08' was completed in 0,19 seconds with the score of 985,09 (1 unrouted), using 5047,27 CPU seconds and 49884 MB memory.
2026-09-24 18:32:41.568 INFO   [98210C\3A7670] Auto-router pass #502 on board 'fb049c47633c1638efb58b7367f21d08' was completed in 0,21 seconds with the score of 985,09 (1 unrouted), using 5145,55 CPU seconds and 50286 MB memory.
2026-09-24 18:32:41.755 INFO   [98210C\3A7670] Auto-router pass #503 on board 'fb049c47633c1638efb58b7367f21d08' was completed in 0,17 seconds with the score of 985,09 (1 unrouted), using 5145,55 CPU seconds and 50286 MB memory.
2026-09-24 18:32:41.990 INFO   [98210C\3A7670] Auto-router pass #504 on board 'fb049c47633c1638efb58b7367f21d08' was completed in 0,21 seconds with the score of 985,09 (1 unrouted), using 5145,55 CPU seconds and 50286 MB memory.
2026-09-24 18:32:42.158 INFO   [98210C\3A7670] Auto-router pass #505 on board 'fb049c47633c1638efb58b7367f21d08' was completed in 0,15 seconds with the score of 985,09 (1 unrouted), using 5145,55 CPU seconds and 50286 MB memory.
2026-09-24 18:32:42.329 INFO   [98210C\3A7670] Auto-router pass #506 on board 'fb049c47633c1638efb58b7367f21d08' was completed in 0,15 seconds with the score of 985,09 (1 unrouted), using 5145,55 CPU seconds and 50286 MB memory.
2026-09-24 18:32:42.484 INFO   [98210C\3A7670] Auto-router pass #507 on board 'fb049c47633c1638efb58b7367f21d08' was completed in 0,14 seconds with the score of 985,09 (1 unrouted), using 5145,55 CPU seconds and 50286 MB memory.
2026-09-24 18:32:42.715 INFO   [98210C\3A7670] Auto-router pass #508 on board 'fb049c47633c1638efb58b7367f21d08' was completed in 0,21 seconds with the score of 985,09 (1 unrouted), using 5244,80 CPU seconds and 50781 MB memory.
2026-09-24 18:32:42.889 INFO   [98210C\3A7670] Auto-router pass #509 on board 'fb049c47633c1638efb58b7367f21d08' was completed in 0,16 seconds with the score of 985,09 (1 unrouted), using 5244,80 CPU seconds and 50781 MB memory.
2026-09-24 18:32:43.043 INFO   [98210C\3A7670] Auto-router pass #510 on board 'fb049c47633c1638efb58b7367f21d08' was completed in 0,14 seconds with the score of 985,09 (1 unrouted), using 5244,80 CPU seconds and 50781 MB memory.
2026-09-24 18:32:43.213 INFO   [98210C\3A7670] Auto-router pass #511 on board 'fb049c47633c1638efb58b7367f21d08' was completed in 0,16 seconds with the score of 985,09 (1 unrouted), using 5244,80 CPU seconds and 50781 MB memory.
2026-09-24 18:32:43.484 INFO   [98210C\3A7670] Auto-router pass #512 on board 'fb049c47633c1638efb58b7367f21d08' was completed in 0,25 seconds with the score of 985,09 (1 unrouted), using 5244,80 CPU seconds and 50781 MB memory.
2026-09-24 18:32:43.677 INFO   [98210C\3A7670] Auto-router pass #513 on board 'fb049c47633c1638efb58b7367f21d08' was completed in 0,17 seconds with the score of 985,09 (1 unrouted), using 5345,05 CPU seconds and 51253 MB memory.
2026-09-24 18:32:43.847 INFO   [98210C\3A7670] Auto-router pass #514 on board 'fb049c47633c1638efb58b7367f21d08' was completed in 0,15 seconds with the score of 985,09 (1 unrouted), using 5345,05 CPU seconds and 51253 MB memory.
2026-09-24 18:32:44.031 INFO   [98210C\3A7670] Auto-router pass #515 on board 'fb049c47633c1638efb58b7367f21d08' was completed in 0,17 seconds with the score of 985,09 (1 unrouted), using 5345,05 CPU seconds and 51253 MB memory.
2026-09-24 18:32:44.251 INFO   [98210C\3A7670] Auto-router pass #516 on board 'fb049c47633c1638efb58b7367f21d08' was completed in 0,20 seconds with the score of 985,09 (1 unrouted), using 5345,05 CPU seconds and 51253 MB memory.
2026-09-24 18:32:44.435 INFO   [98210C\3A7670] Auto-router pass #517 on board 'fb049c47633c1638efb58b7367f21d08' was completed in 0,17 seconds with the score of 985,09 (1 unrouted), using 5345,05 CPU seconds and 51253 MB memory.
2026-09-24 18:32:44.608 INFO   [98210C\3A7670] Auto-router pass #518 on board 'fb049c47633c1638efb58b7367f21d08' was completed in 0,16 seconds with the score of 985,09 (1 unrouted), using 5446,23 CPU seconds and 51749 MB memory.
2026-09-24 18:32:44.761 INFO   [98210C\3A7670] Auto-router pass #519 on board 'fb049c47633c1638efb58b7367f21d08' was completed in 0,14 seconds with the score of 985,09 (1 unrouted), using 5446,23 CPU seconds and 51749 MB memory.
2026-09-24 18:32:44.963 INFO   [98210C\3A7670] Auto-router pass #520 on board 'fb049c47633c1638efb58b7367f21d08' was completed in 0,19 seconds with the score of 985,09 (1 unrouted), using 5446,23 CPU seconds and 51749 MB memory.
2026-09-24 18:32:45.113 INFO   [98210C\3A7670] Auto-router pass #521 on board 'fb049c47633c1638efb58b7367f21d08' was completed in 0,14 seconds with the score of 985,09 (1 unrouted), using 5446,23 CPU seconds and 51749 MB memory.
2026-09-24 18:32:45.268 INFO   [98210C\3A7670] Auto-router pass #522 on board 'fb049c47633c1638efb58b7367f21d08' was completed in 0,14 seconds with the score of 985,09 (1 unrouted), using 5446,23 CPU seconds and 51749 MB memory.
2026-09-24 18:32:45.423 INFO   [98210C\3A7670] Auto-router pass #523 on board 'fb049c47633c1638efb58b7367f21d08' was completed in 0,14 seconds with the score of 985,09 (1 unrouted), using 5446,23 CPU seconds and 51749 MB memory.
2026-09-24 18:32:45.684 INFO   [98210C\3A7670] Auto-router pass #524 on board 'fb049c47633c1638efb58b7367f21d08' was completed in 0,24 seconds with the score of 985,09 (1 unrouted), using 5548,42 CPU seconds and 52296 MB memory.
2026-09-24 18:32:45.920 INFO   [98210C\3A7670] Auto-router pass #525 on board 'fb049c47633c1638efb58b7367f21d08' was completed in 0,22 seconds with the score of 985,09 (1 unrouted), using 5548,42 CPU seconds and 52296 MB memory.
2026-09-24 18:32:46.150 INFO   [98210C\3A7670] Auto-router pass #526 on board 'fb049c47633c1638efb58b7367f21d08' was completed in 0,21 seconds with the score of 985,09 (1 unrouted), using 5548,42 CPU seconds and 52296 MB memory.
2026-09-24 18:32:46.375 INFO   [98210C\3A7670] Auto-router pass #527 on board 'fb049c47633c1638efb58b7367f21d08' was completed in 0,20 seconds with the score of 985,09 (1 unrouted), using 5548,42 CPU seconds and 52296 MB memory.
2026-09-24 18:32:46.608 INFO   [98210C\3A7670] Auto-router pass #528 on board 'fb049c47633c1638efb58b7367f21d08' was completed in 0,21 seconds with the score of 985,09 (1 unrouted), using 5651,50 CPU seconds and 52695 MB memory.
2026-09-24 18:32:46.793 INFO   [98210C\3A7670] Auto-router pass #529 on board 'fb049c47633c1638efb58b7367f21d08' was completed in 0,17 seconds with the score of 985,09 (1 unrouted), using 5651,50 CPU seconds and 52695 MB memory.
2026-09-24 18:32:46.956 INFO   [98210C\3A7670] Auto-router pass #530 on board 'fb049c47633c1638efb58b7367f21d08' was completed in 0,15 seconds with the score of 985,09 (1 unrouted), using 5651,50 CPU seconds and 52695 MB memory.
2026-09-24 18:32:47.126 INFO   [98210C\3A7670] Auto-router pass #531 on board 'fb049c47633c1638efb58b7367f21d08' was completed in 0,15 seconds with the score of 985,09 (1 unrouted), using 5651,50 CPU seconds and 52695 MB memory.
2026-09-24 18:32:47.340 INFO   [98210C\3A7670] Auto-router pass #532 on board 'fb049c47633c1638efb58b7367f21d08' was completed in 0,20 seconds with the score of 985,09 (1 unrouted), using 5651,50 CPU seconds and 52695 MB memory.
2026-09-24 18:32:47.491 INFO   [98210C\3A7670] Auto-router pass #533 on board 'fb049c47633c1638efb58b7367f21d08' was completed in 0,14 seconds with the score of 985,09 (1 unrouted), using 5651,50 CPU seconds and 52695 MB memory.
2026-09-24 18:32:47.704 INFO   [98210C\3A7670] Auto-router pass #534 on board 'fb049c47633c1638efb58b7367f21d08' was completed in 0,20 seconds with the score of 985,09 (1 unrouted), using 5755,58 CPU seconds and 53208 MB memory.
2026-09-24 18:32:47.920 INFO   [98210C\3A7670] Auto-router pass #535 on board 'fb049c47633c1638efb58b7367f21d08' was completed in 0,20 seconds with the score of 985,09 (1 unrouted), using 5755,58 CPU seconds and 53208 MB memory.
2026-09-24 18:32:48.151 INFO   [98210C\3A7670] Auto-router pass #536 on board 'fb049c47633c1638efb58b7367f21d08' was completed in 0,22 seconds with the score of 985,09 (1 unrouted), using 5755,58 CPU seconds and 53208 MB memory.
2026-09-24 18:32:48.318 INFO   [98210C\3A7670] Auto-router pass #537 on board 'fb049c47633c1638efb58b7367f21d08' was completed in 0,15 seconds with the score of 985,09 (1 unrouted), using 5755,58 CPU seconds and 53208 MB memory.
2026-09-24 18:32:48.486 INFO   [98210C\3A7670] Auto-router pass #538 on board 'fb049c47633c1638efb58b7367f21d08' was completed in 0,15 seconds with the score of 985,09 (1 unrouted), using 5755,58 CPU seconds and 53208 MB memory.
2026-09-24 18:32:48.650 INFO   [98210C\3A7670] Auto-router pass #539 on board 'fb049c47633c1638efb58b7367f21d08' was completed in 0,15 seconds with the score of 985,09 (1 unrouted), using 5860,62 CPU seconds and 53676 MB memory.
2026-09-24 18:32:48.863 INFO   [98210C\3A7670] Auto-router pass #540 on board 'fb049c47633c1638efb58b7367f21d08' was completed in 0,20 seconds with the score of 985,09 (1 unrouted), using 5860,62 CPU seconds and 53676 MB memory.
2026-09-24 18:32:49.043 INFO   [98210C\3A7670] Auto-router pass #541 on board 'fb049c47633c1638efb58b7367f21d08' was completed in 0,17 seconds with the score of 985,09 (1 unrouted), using 5860,62 CPU seconds and 53676 MB memory.
2026-09-24 18:32:49.231 INFO   [98210C\3A7670] Auto-router pass #542 on board 'fb049c47633c1638efb58b7367f21d08' was completed in 0,17 seconds with the score of 985,09 (1 unrouted), using 5860,62 CPU seconds and 53676 MB memory.
2026-09-24 18:32:49.434 INFO   [98210C\3A7670] Auto-router pass #543 on board 'fb049c47633c1638efb58b7367f21d08' was completed in 0,19 seconds with the score of 985,09 (1 unrouted), using 5860,62 CPU seconds and 53676 MB memory.
2026-09-24 18:32:49.682 INFO   [98210C\3A7670] Auto-router pass #544 on board 'fb049c47633c1638efb58b7367f21d08' was completed in 0,23 seconds with the score of 985,09 (1 unrouted), using 5966,66 CPU seconds and 54144 MB memory.
2026-09-24 18:32:49.878 INFO   [98210C\3A7670] Auto-router pass #545 on board 'fb049c47633c1638efb58b7367f21d08' was completed in 0,18 seconds with the score of 985,09 (1 unrouted), using 5966,66 CPU seconds and 54144 MB memory.
2026-09-24 18:32:50.088 INFO   [98210C\3A7670] Auto-router pass #546 on board 'fb049c47633c1638efb58b7367f21d08' was completed in 0,19 seconds with the score of 985,09 (1 unrouted), using 5966,66 CPU seconds and 54144 MB memory.
2026-09-24 18:32:50.306 INFO   [98210C\3A7670] Auto-router pass #547 on board 'fb049c47633c1638efb58b7367f21d08' was completed in 0,20 seconds with the score of 985,09 (1 unrouted), using 5966,66 CPU seconds and 54144 MB memory.
2026-09-24 18:32:50.545 INFO   [98210C\3A7670] Auto-router pass #548 on board 'fb049c47633c1638efb58b7367f21d08' was completed in 0,22 seconds with the score of 985,09 (1 unrouted), using 5966,66 CPU seconds and 54144 MB memory.
2026-09-24 18:32:50.689 INFO   [98210C\3A7670] Auto-router pass #549 on board 'fb049c47633c1638efb58b7367f21d08' was completed in 0,13 seconds with the score of 985,09 (1 unrouted), using 6073,66 CPU seconds and 54592 MB memory.
2026-09-24 18:32:50.852 INFO   [98210C\3A7670] Auto-router pass #550 on board 'fb049c47633c1638efb58b7367f21d08' was completed in 0,15 seconds with the score of 985,09 (1 unrouted), using 6073,66 CPU seconds and 54592 MB memory.
2026-09-24 18:32:51.028 INFO   [98210C\3A7670] Auto-router pass #551 on board 'fb049c47633c1638efb58b7367f21d08' was completed in 0,16 seconds with the score of 985,09 (1 unrouted), using 6073,66 CPU seconds and 54592 MB memory.
2026-09-24 18:32:51.230 INFO   [98210C\3A7670] Auto-router pass #552 on board 'fb049c47633c1638efb58b7367f21d08' was completed in 0,19 seconds with the score of 985,09 (1 unrouted), using 6073,66 CPU seconds and 54592 MB memory.
2026-09-24 18:32:51.413 INFO   [98210C\3A7670] Auto-router pass #553 on board 'fb049c47633c1638efb58b7367f21d08' was completed in 0,16 seconds with the score of 985,09 (1 unrouted), using 6073,66 CPU seconds and 54592 MB memory.
2026-09-24 18:32:51.578 INFO   [98210C\3A7670] Auto-router pass #554 on board 'fb049c47633c1638efb58b7367f21d08' was completed in 0,15 seconds with the score of 985,09 (1 unrouted), using 6073,66 CPU seconds and 54592 MB memory.
2026-09-24 18:32:51.745 INFO   [98210C\3A7670] Auto-router pass #555 on board 'fb049c47633c1638efb58b7367f21d08' was completed in 0,15 seconds with the score of 985,09 (1 unrouted), using 6181,61 CPU seconds and 55117 MB memory.
2026-09-24 18:32:51.945 INFO   [98210C\3A7670] Auto-router pass #556 on board 'fb049c47633c1638efb58b7367f21d08' was completed in 0,18 seconds with the score of 985,09 (1 unrouted), using 6181,61 CPU seconds and 55117 MB memory.
2026-09-24 18:32:52.127 INFO   [98210C\3A7670] Auto-router pass #557 on board 'fb049c47633c1638efb58b7367f21d08' was completed in 0,17 seconds with the score of 985,09 (1 unrouted), using 6181,61 CPU seconds and 55117 MB memory.
2026-09-24 18:32:52.332 INFO   [98210C\3A7670] Auto-router pass #558 on board 'fb049c47633c1638efb58b7367f21d08' was completed in 0,19 seconds with the score of 985,09 (1 unrouted), using 6181,61 CPU seconds and 55117 MB memory.
2026-09-24 18:32:52.556 INFO   [98210C\3A7670] Auto-router pass #559 on board 'fb049c47633c1638efb58b7367f21d08' was completed in 0,21 seconds with the score of 985,09 (1 unrouted), using 6181,61 CPU seconds and 55117 MB memory.
2026-09-24 18:32:52.845 INFO   [98210C\3A7670] Auto-router pass #560 on board 'fb049c47633c1638efb58b7367f21d08' was completed in 0,27 seconds with the score of 985,09 (1 unrouted), using 6290,58 CPU seconds and 55575 MB memory.
2026-09-24 18:32:53.032 INFO   [98210C\3A7670] Auto-router pass #561 on board 'fb049c47633c1638efb58b7367f21d08' was completed in 0,17 seconds with the score of 985,09 (1 unrouted), using 6290,58 CPU seconds and 55575 MB memory.
2026-09-24 18:32:53.218 INFO   [98210C\3A7670] Auto-router pass #562 on board 'fb049c47633c1638efb58b7367f21d08' was completed in 0,17 seconds with the score of 985,09 (1 unrouted), using 6290,58 CPU seconds and 55575 MB memory.
2026-09-24 18:32:53.390 INFO   [98210C\3A7670] Auto-router pass #563 on board 'fb049c47633c1638efb58b7367f21d08' was completed in 0,16 seconds with the score of 985,09 (1 unrouted), using 6290,58 CPU seconds and 55575 MB memory.
2026-09-24 18:32:53.606 INFO   [98210C\3A7670] Auto-router pass #564 on board 'fb049c47633c1638efb58b7367f21d08' was completed in 0,20 seconds with the score of 985,09 (1 unrouted), using 6290,58 CPU seconds and 55575 MB memory.
2026-09-24 18:32:53.777 INFO   [98210C\3A7670] Auto-router pass #565 on board 'fb049c47633c1638efb58b7367f21d08' was completed in 0,16 seconds with the score of 985,09 (1 unrouted), using 6400,52 CPU seconds and 56041 MB memory.
2026-09-24 18:32:53.930 INFO   [98210C\3A7670] Auto-router pass #566 on board 'fb049c47633c1638efb58b7367f21d08' was completed in 0,14 seconds with the score of 985,09 (1 unrouted), using 6400,52 CPU seconds and 56041 MB memory.
2026-09-24 18:32:54.109 INFO   [98210C\3A7670] Auto-router pass #567 on board 'fb049c47633c1638efb58b7367f21d08' was completed in 0,16 seconds with the score of 985,09 (1 unrouted), using 6400,52 CPU seconds and 56041 MB memory.
2026-09-24 18:32:54.364 INFO   [98210C\3A7670] Auto-router pass #568 on board 'fb049c47633c1638efb58b7367f21d08' was completed in 0,24 seconds with the score of 985,09 (1 unrouted), using 6400,52 CPU seconds and 56041 MB memory.
2026-09-24 18:32:54.573 INFO   [98210C\3A7670] Auto-router pass #569 on board 'fb049c47633c1638efb58b7367f21d08' was completed in 0,19 seconds with the score of 985,09 (1 unrouted), using 6400,52 CPU seconds and 56041 MB memory.
2026-09-24 18:32:54.793 INFO   [98210C\3A7670] Auto-router pass #570 on board 'fb049c47633c1638efb58b7367f21d08' was completed in 0,20 seconds with the score of 985,09 (1 unrouted), using 6511,42 CPU seconds and 56507 MB memory.
2026-09-24 18:32:55.017 INFO   [98210C\3A7670] Auto-router pass #571 on board 'fb049c47633c1638efb58b7367f21d08' was completed in 0,20 seconds with the score of 985,09 (1 unrouted), using 6511,42 CPU seconds and 56507 MB memory.
2026-09-24 18:32:55.267 INFO   [98210C\3A7670] Auto-router pass #572 on board 'fb049c47633c1638efb58b7367f21d08' was completed in 0,23 seconds with the score of 985,09 (1 unrouted), using 6511,42 CPU seconds and 56507 MB memory.
2026-09-24 18:32:55.458 INFO   [98210C\3A7670] Auto-router pass #573 on board 'fb049c47633c1638efb58b7367f21d08' was completed in 0,17 seconds with the score of 985,09 (1 unrouted), using 6511,42 CPU seconds and 56507 MB memory.
2026-09-24 18:32:55.648 INFO   [98210C\3A7670] Auto-router pass #574 on board 'fb049c47633c1638efb58b7367f21d08' was completed in 0,17 seconds with the score of 985,09 (1 unrouted), using 6511,42 CPU seconds and 56507 MB memory.
2026-09-24 18:32:55.836 INFO   [98210C\3A7670] Auto-router pass #575 on board 'fb049c47633c1638efb58b7367f21d08' was completed in 0,17 seconds with the score of 985,09 (1 unrouted), using 6623,28 CPU seconds and 56937 MB memory.
2026-09-24 18:32:56.077 INFO   [98210C\3A7670] Auto-router pass #576 on board 'fb049c47633c1638efb58b7367f21d08' was completed in 0,23 seconds with the score of 985,09 (1 unrouted), using 6623,28 CPU seconds and 56937 MB memory.
2026-09-24 18:32:56.298 INFO   [98210C\3A7670] Auto-router pass #577 on board 'fb049c47633c1638efb58b7367f21d08' was completed in 0,20 seconds with the score of 985,09 (1 unrouted), using 6623,28 CPU seconds and 56937 MB memory.
2026-09-24 18:32:56.518 INFO   [98210C\3A7670] Auto-router pass #578 on board 'fb049c47633c1638efb58b7367f21d08' was completed in 0,20 seconds with the score of 985,09 (1 unrouted), using 6623,28 CPU seconds and 56937 MB memory.
2026-09-24 18:32:56.679 INFO   [98210C\3A7670] Auto-router pass #579 on board 'fb049c47633c1638efb58b7367f21d08' was completed in 0,15 seconds with the score of 985,09 (1 unrouted), using 6736,12 CPU seconds and 57383 MB memory.
2026-09-24 18:32:56.927 INFO   [98210C\3A7670] Auto-router pass #580 on board 'fb049c47633c1638efb58b7367f21d08' was completed in 0,23 seconds with the score of 985,09 (1 unrouted), using 6736,12 CPU seconds and 57383 MB memory.
2026-09-24 18:32:57.102 INFO   [98210C\3A7670] Auto-router pass #581 on board 'fb049c47633c1638efb58b7367f21d08' was completed in 0,16 seconds with the score of 985,09 (1 unrouted), using 6736,12 CPU seconds and 57383 MB memory.
2026-09-24 18:32:57.282 INFO   [98210C\3A7670] Auto-router pass #582 on board 'fb049c47633c1638efb58b7367f21d08' was completed in 0,17 seconds with the score of 985,09 (1 unrouted), using 6736,12 CPU seconds and 57383 MB memory.
2026-09-24 18:32:57.461 INFO   [98210C\3A7670] Auto-router pass #583 on board 'fb049c47633c1638efb58b7367f21d08' was completed in 0,16 seconds with the score of 985,09 (1 unrouted), using 6736,12 CPU seconds and 57383 MB memory.
2026-09-24 18:32:57.740 INFO   [98210C\3A7670] Auto-router pass #584 on board 'fb049c47633c1638efb58b7367f21d08' was completed in 0,26 seconds with the score of 985,09 (1 unrouted), using 6849,89 CPU seconds and 57836 MB memory.
2026-09-24 18:32:57.959 INFO   [98210C\3A7670] Auto-router pass #585 on board 'fb049c47633c1638efb58b7367f21d08' was completed in 0,20 seconds with the score of 985,09 (1 unrouted), using 6849,89 CPU seconds and 57836 MB memory.
2026-09-24 18:32:58.175 INFO   [98210C\3A7670] Auto-router pass #586 on board 'fb049c47633c1638efb58b7367f21d08' was completed in 0,20 seconds with the score of 985,09 (1 unrouted), using 6849,89 CPU seconds and 57836 MB memory.
2026-09-24 18:32:58.399 INFO   [98210C\3A7670] Auto-router pass #587 on board 'fb049c47633c1638efb58b7367f21d08' was completed in 0,21 seconds with the score of 985,09 (1 unrouted), using 6849,89 CPU seconds and 57836 MB memory.
2026-09-24 18:32:58.652 INFO   [98210C\3A7670] Auto-router pass #588 on board 'fb049c47633c1638efb58b7367f21d08' was completed in 0,23 seconds with the score of 985,09 (1 unrouted), using 6849,89 CPU seconds and 57836 MB memory.
2026-09-24 18:32:58.860 INFO   [98210C\3A7670] Auto-router pass #589 on board 'fb049c47633c1638efb58b7367f21d08' was completed in 0,19 seconds with the score of 985,09 (1 unrouted), using 6964,55 CPU seconds and 58240 MB memory.
2026-09-24 18:32:59.060 INFO   [98210C\3A7670] Auto-router pass #590 on board 'fb049c47633c1638efb58b7367f21d08' was completed in 0,18 seconds with the score of 985,09 (1 unrouted), using 6964,55 CPU seconds and 58240 MB memory.
2026-09-24 18:32:59.261 INFO   [98210C\3A7670] Auto-router pass #591 on board 'fb049c47633c1638efb58b7367f21d08' was completed in 0,18 seconds with the score of 985,09 (1 unrouted), using 6964,55 CPU seconds and 58240 MB memory.
2026-09-24 18:32:59.528 INFO   [98210C\3A7670] Auto-router pass #592 on board 'fb049c47633c1638efb58b7367f21d08' was completed in 0,25 seconds with the score of 985,09 (1 unrouted), using 6964,55 CPU seconds and 58240 MB memory.
2026-09-24 18:32:59.737 INFO   [98210C\3A7670] Auto-router pass #593 on board 'fb049c47633c1638efb58b7367f21d08' was completed in 0,19 seconds with the score of 985,09 (1 unrouted), using 7080,17 CPU seconds and 58664 MB memory.
2026-09-24 18:32:59.959 INFO   [98210C\3A7670] Auto-router pass #594 on board 'fb049c47633c1638efb58b7367f21d08' was completed in 0,20 seconds with the score of 985,09 (1 unrouted), using 7080,17 CPU seconds and 58664 MB memory.
2026-09-24 18:33:00.179 INFO   [98210C\3A7670] Auto-router pass #595 on board 'fb049c47633c1638efb58b7367f21d08' was completed in 0,20 seconds with the score of 985,09 (1 unrouted), using 7080,17 CPU seconds and 58664 MB memory.
2026-09-24 18:33:00.445 INFO   [98210C\3A7670] Auto-router pass #596 on board 'fb049c47633c1638efb58b7367f21d08' was completed in 0,25 seconds with the score of 985,09 (1 unrouted), using 7080,17 CPU seconds and 58664 MB memory.
2026-09-24 18:33:00.627 INFO   [98210C\3A7670] Auto-router pass #597 on board 'fb049c47633c1638efb58b7367f21d08' was completed in 0,17 seconds with the score of 985,09 (1 unrouted), using 7080,17 CPU seconds and 58664 MB memory.
2026-09-24 18:33:00.805 INFO   [98210C\3A7670] Auto-router pass #598 on board 'fb049c47633c1638efb58b7367f21d08' was completed in 0,16 seconds with the score of 985,09 (1 unrouted), using 7196,72 CPU seconds and 59089 MB memory.
2026-09-24 18:33:00.976 INFO   [98210C\3A7670] Auto-router pass #599 on board 'fb049c47633c1638efb58b7367f21d08' was completed in 0,16 seconds with the score of 985,09 (1 unrouted), using 7196,72 CPU seconds and 59089 MB memory.
2026-09-24 18:33:01.189 INFO   [98210C\3A7670] Auto-router pass #600 on board 'fb049c47633c1638efb58b7367f21d08' was completed in 0,20 seconds with the score of 985,09 (1 unrouted), using 7196,72 CPU seconds and 59089 MB memory.
2026-09-24 18:33:01.356 INFO   [98210C\3A7670] Auto-router pass #601 on board 'fb049c47633c1638efb58b7367f21d08' was completed in 0,15 seconds with the score of 985,09 (1 unrouted), using 7196,72 CPU seconds and 59089 MB memory.
2026-09-24 18:33:01.514 INFO   [98210C\3A7670] Auto-router pass #602 on board 'fb049c47633c1638efb58b7367f21d08' was completed in 0,14 seconds with the score of 985,09 (1 unrouted), using 7196,72 CPU seconds and 59089 MB memory.
2026-09-24 18:33:01.680 INFO   [98210C\3A7670] Auto-router pass #603 on board 'fb049c47633c1638efb58b7367f21d08' was completed in 0,15 seconds with the score of 985,09 (1 unrouted), using 7314,23 CPU seconds and 59609 MB memory.
2026-09-24 18:33:01.870 INFO   [98210C\3A7670] Auto-router pass #604 on board 'fb049c47633c1638efb58b7367f21d08' was completed in 0,18 seconds with the score of 985,09 (1 unrouted), using 7314,23 CPU seconds and 59609 MB memory.
2026-09-24 18:33:02.079 INFO   [98210C\3A7670] Auto-router pass #605 on board 'fb049c47633c1638efb58b7367f21d08' was completed in 0,20 seconds with the score of 985,09 (1 unrouted), using 7314,23 CPU seconds and 59609 MB memory.
2026-09-24 18:33:02.294 INFO   [98210C\3A7670] Auto-router pass #606 on board 'fb049c47633c1638efb58b7367f21d08' was completed in 0,20 seconds with the score of 985,09 (1 unrouted), using 7314,23 CPU seconds and 59609 MB memory.
2026-09-24 18:33:02.465 INFO   [98210C\3A7670] Auto-router pass #607 on board 'fb049c47633c1638efb58b7367f21d08' was completed in 0,15 seconds with the score of 985,09 (1 unrouted), using 7314,23 CPU seconds and 59609 MB memory.
2026-09-24 18:33:02.690 INFO   [98210C\3A7670] Auto-router pass #608 on board 'fb049c47633c1638efb58b7367f21d08' was completed in 0,21 seconds with the score of 985,09 (1 unrouted), using 7432,70 CPU seconds and 60082 MB memory.
2026-09-24 18:33:02.875 INFO   [98210C\3A7670] Auto-router pass #609 on board 'fb049c47633c1638efb58b7367f21d08' was completed in 0,17 seconds with the score of 985,09 (1 unrouted), using 7432,70 CPU seconds and 60082 MB memory.
2026-09-24 18:33:03.055 INFO   [98210C\3A7670] Auto-router pass #610 on board 'fb049c47633c1638efb58b7367f21d08' was completed in 0,17 seconds with the score of 985,09 (1 unrouted), using 7432,70 CPU seconds and 60082 MB memory.
2026-09-24 18:33:03.230 INFO   [98210C\3A7670] Auto-router pass #611 on board 'fb049c47633c1638efb58b7367f21d08' was completed in 0,16 seconds with the score of 985,09 (1 unrouted), using 7432,70 CPU seconds and 60082 MB memory.
2026-09-24 18:33:03.425 INFO   [98210C\3A7670] Auto-router pass #612 on board 'fb049c47633c1638efb58b7367f21d08' was completed in 0,18 seconds with the score of 985,09 (1 unrouted), using 7432,70 CPU seconds and 60082 MB memory.
2026-09-24 18:33:03.585 INFO   [98210C\3A7670] Auto-router pass #613 on board 'fb049c47633c1638efb58b7367f21d08' was completed in 0,15 seconds with the score of 985,09 (1 unrouted), using 7432,70 CPU seconds and 60082 MB memory.
2026-09-24 18:33:03.751 INFO   [98210C\3A7670] Auto-router pass #614 on board 'fb049c47633c1638efb58b7367f21d08' was completed in 0,15 seconds with the score of 985,09 (1 unrouted), using 7552,14 CPU seconds and 60592 MB memory.
2026-09-24 18:33:03.910 INFO   [98210C\3A7670] Auto-router pass #615 on board 'fb049c47633c1638efb58b7367f21d08' was completed in 0,14 seconds with the score of 985,09 (1 unrouted), using 7552,14 CPU seconds and 60592 MB memory.
2026-09-24 18:33:04.155 INFO   [98210C\3A7670] Auto-router pass #616 on board 'fb049c47633c1638efb58b7367f21d08' was completed in 0,23 seconds with the score of 985,09 (1 unrouted), using 7552,14 CPU seconds and 60592 MB memory.
2026-09-24 18:33:04.346 INFO   [98210C\3A7670] Auto-router pass #617 on board 'fb049c47633c1638efb58b7367f21d08' was completed in 0,18 seconds with the score of 985,09 (1 unrouted), using 7552,14 CPU seconds and 60592 MB memory.
2026-09-24 18:33:04.529 INFO   [98210C\3A7670] Auto-router pass #618 on board 'fb049c47633c1638efb58b7367f21d08' was completed in 0,17 seconds with the score of 985,09 (1 unrouted), using 7552,14 CPU seconds and 60592 MB memory.
2026-09-24 18:33:04.683 INFO   [98210C\3A7670] Auto-router pass #619 on board 'fb049c47633c1638efb58b7367f21d08' was completed in 0,14 seconds with the score of 985,09 (1 unrouted), using 7552,14 CPU seconds and 60592 MB memory.
2026-09-24 18:33:04.876 INFO   [98210C\3A7670] Auto-router pass #620 on board 'fb049c47633c1638efb58b7367f21d08' was completed in 0,18 seconds with the score of 985,09 (1 unrouted), using 7672,53 CPU seconds and 61090 MB memory.
2026-09-24 18:33:05.024 INFO   [98210C\3A7670] Auto-router pass #621 on board 'fb049c47633c1638efb58b7367f21d08' was completed in 0,14 seconds with the score of 985,09 (1 unrouted), using 7672,53 CPU seconds and 61090 MB memory.
2026-09-24 18:33:05.183 INFO   [98210C\3A7670] Auto-router pass #622 on board 'fb049c47633c1638efb58b7367f21d08' was completed in 0,15 seconds with the score of 985,09 (1 unrouted), using 7672,53 CPU seconds and 61090 MB memory.
2026-09-24 18:33:05.344 INFO   [98210C\3A7670] Auto-router pass #623 on board 'fb049c47633c1638efb58b7367f21d08' was completed in 0,15 seconds with the score of 985,09 (1 unrouted), using 7672,53 CPU seconds and 61090 MB memory.
2026-09-24 18:33:05.713 INFO   [98210C\3A7670] Auto-router pass #624 on board 'fb049c47633c1638efb58b7367f21d08' was completed in 0,35 seconds with the score of 985,09 (1 unrouted), using 7793,77 CPU seconds and 61560 MB memory.
2026-09-24 18:33:05.910 INFO   [98210C\3A7670] Auto-router pass #625 on board 'fb049c47633c1638efb58b7367f21d08' was completed in 0,18 seconds with the score of 985,09 (1 unrouted), using 7793,77 CPU seconds and 61560 MB memory.
2026-09-24 18:33:06.079 INFO   [98210C\3A7670] Auto-router pass #626 on board 'fb049c47633c1638efb58b7367f21d08' was completed in 0,15 seconds with the score of 985,09 (1 unrouted), using 7793,77 CPU seconds and 61560 MB memory.
2026-09-24 18:33:06.230 INFO   [98210C\3A7670] Auto-router pass #627 on board 'fb049c47633c1638efb58b7367f21d08' was completed in 0,14 seconds with the score of 985,09 (1 unrouted), using 7793,77 CPU seconds and 61560 MB memory.
2026-09-24 18:33:06.428 INFO   [98210C\3A7670] Auto-router pass #628 on board 'fb049c47633c1638efb58b7367f21d08' was completed in 0,19 seconds with the score of 985,09 (1 unrouted), using 7793,77 CPU seconds and 61560 MB memory.
2026-09-24 18:33:06.607 INFO   [98210C\3A7670] Auto-router pass #629 on board 'fb049c47633c1638efb58b7367f21d08' was completed in 0,17 seconds with the score of 985,09 (1 unrouted), using 7793,77 CPU seconds and 61560 MB memory.
2026-09-24 18:33:06.801 INFO   [98210C\3A7670] Auto-router pass #630 on board 'fb049c47633c1638efb58b7367f21d08' was completed in 0,18 seconds with the score of 985,09 (1 unrouted), using 7915,95 CPU seconds and 62058 MB memory.
2026-09-24 18:33:07.008 INFO   [98210C\3A7670] Auto-router pass #631 on board 'fb049c47633c1638efb58b7367f21d08' was completed in 0,19 seconds with the score of 985,09 (1 unrouted), using 7915,95 CPU seconds and 62058 MB memory.
2026-09-24 18:33:07.300 INFO   [98210C\3A7670] Auto-router pass #632 on board 'fb049c47633c1638efb58b7367f21d08' was completed in 0,27 seconds with the score of 985,09 (1 unrouted), using 7915,95 CPU seconds and 62058 MB memory.
2026-09-24 18:33:07.545 INFO   [98210C\3A7670] Auto-router pass #633 on board 'fb049c47633c1638efb58b7367f21d08' was completed in 0,23 seconds with the score of 985,09 (1 unrouted), using 7915,95 CPU seconds and 62058 MB memory.
2026-09-24 18:33:07.769 INFO   [98210C\3A7670] Auto-router pass #634 on board 'fb049c47633c1638efb58b7367f21d08' was completed in 0,20 seconds with the score of 985,09 (1 unrouted), using 8039,08 CPU seconds and 62453 MB memory.
2026-09-24 18:33:07.995 INFO   [98210C\3A7670] Auto-router pass #635 on board 'fb049c47633c1638efb58b7367f21d08' was completed in 0,20 seconds with the score of 985,09 (1 unrouted), using 8039,08 CPU seconds and 62453 MB memory.
2026-09-24 18:33:08.257 INFO   [98210C\3A7670] Auto-router pass #636 on board 'fb049c47633c1638efb58b7367f21d08' was completed in 0,24 seconds with the score of 985,09 (1 unrouted), using 8039,08 CPU seconds and 62453 MB memory.
2026-09-24 18:33:08.449 INFO   [98210C\3A7670] Auto-router pass #637 on board 'fb049c47633c1638efb58b7367f21d08' was completed in 0,17 seconds with the score of 985,09 (1 unrouted), using 8039,08 CPU seconds and 62453 MB memory.
2026-09-24 18:33:08.627 INFO   [98210C\3A7670] Auto-router pass #638 on board 'fb049c47633c1638efb58b7367f21d08' was completed in 0,16 seconds with the score of 985,09 (1 unrouted), using 8039,08 CPU seconds and 62453 MB memory.
2026-09-24 18:33:08.807 INFO   [98210C\3A7670] Auto-router pass #639 on board 'fb049c47633c1638efb58b7367f21d08' was completed in 0,17 seconds with the score of 985,09 (1 unrouted), using 8163,17 CPU seconds and 62904 MB memory.
2026-09-24 18:33:09.047 INFO   [98210C\3A7670] Auto-router pass #640 on board 'fb049c47633c1638efb58b7367f21d08' was completed in 0,22 seconds with the score of 985,09 (1 unrouted), using 8163,17 CPU seconds and 62904 MB memory.
2026-09-24 18:33:09.230 INFO   [98210C\3A7670] Auto-router pass #641 on board 'fb049c47633c1638efb58b7367f21d08' was completed in 0,17 seconds with the score of 985,09 (1 unrouted), using 8163,17 CPU seconds and 62904 MB memory.
2026-09-24 18:33:09.438 INFO   [98210C\3A7670] Auto-router pass #642 on board 'fb049c47633c1638efb58b7367f21d08' was completed in 0,19 seconds with the score of 985,09 (1 unrouted), using 8163,17 CPU seconds and 62904 MB memory.
2026-09-24 18:33:09.653 INFO   [98210C\3A7670] Auto-router pass #643 on board 'fb049c47633c1638efb58b7367f21d08' was completed in 0,20 seconds with the score of 985,09 (1 unrouted), using 8163,17 CPU seconds and 62904 MB memory.
2026-09-24 18:33:09.912 INFO   [98210C\3A7670] Auto-router pass #644 on board 'fb049c47633c1638efb58b7367f21d08' was completed in 0,24 seconds with the score of 985,09 (1 unrouted), using 8288,25 CPU seconds and 63332 MB memory.
2026-09-24 18:33:10.070 INFO   [98210C\3A7670] Auto-router pass #645 on board 'fb049c47633c1638efb58b7367f21d08' was completed in 0,14 seconds with the score of 985,09 (1 unrouted), using 8288,25 CPU seconds and 63332 MB memory.
2026-09-24 18:33:10.230 INFO   [98210C\3A7670] Auto-router pass #646 on board 'fb049c47633c1638efb58b7367f21d08' was completed in 0,15 seconds with the score of 985,09 (1 unrouted), using 8288,25 CPU seconds and 63332 MB memory.
2026-09-24 18:33:10.389 INFO   [98210C\3A7670] Auto-router pass #647 on board 'fb049c47633c1638efb58b7367f21d08' was completed in 0,15 seconds with the score of 985,09 (1 unrouted), using 8288,25 CPU seconds and 63332 MB memory.
2026-09-24 18:33:10.586 INFO   [98210C\3A7670] Auto-router pass #648 on board 'fb049c47633c1638efb58b7367f21d08' was completed in 0,18 seconds with the score of 985,09 (1 unrouted), using 8288,25 CPU seconds and 63332 MB memory.
2026-09-24 18:33:10.736 INFO   [98210C\3A7670] Auto-router pass #649 on board 'fb049c47633c1638efb58b7367f21d08' was completed in 0,14 seconds with the score of 985,09 (1 unrouted), using 8414,28 CPU seconds and 63865 MB memory.
2026-09-24 18:33:10.883 INFO   [98210C\3A7670] Auto-router pass #650 on board 'fb049c47633c1638efb58b7367f21d08' was completed in 0,14 seconds with the score of 985,09 (1 unrouted), using 8414,28 CPU seconds and 63865 MB memory.
2026-09-24 18:33:11.047 INFO   [98210C\3A7670] Auto-router pass #651 on board 'fb049c47633c1638efb58b7367f21d08' was completed in 0,15 seconds with the score of 985,09 (1 unrouted), using 8414,28 CPU seconds and 63865 MB memory.
2026-09-24 18:33:11.243 INFO   [98210C\3A7670] Auto-router pass #652 on board 'fb049c47633c1638efb58b7367f21d08' was completed in 0,18 seconds with the score of 985,09 (1 unrouted), using 8414,28 CPU seconds and 63865 MB memory.
2026-09-24 18:33:11.400 INFO   [98210C\3A7670] Auto-router pass #653 on board 'fb049c47633c1638efb58b7367f21d08' was completed in 0,15 seconds with the score of 985,09 (1 unrouted), using 8414,28 CPU seconds and 63865 MB memory.
2026-09-24 18:33:11.560 INFO   [98210C\3A7670] Auto-router pass #654 on board 'fb049c47633c1638efb58b7367f21d08' was completed in 0,14 seconds with the score of 985,09 (1 unrouted), using 8414,28 CPU seconds and 63865 MB memory.
2026-09-24 18:33:11.718 INFO   [98210C\3A7670] Auto-router pass #655 on board 'fb049c47633c1638efb58b7367f21d08' was completed in 0,15 seconds with the score of 985,09 (1 unrouted), using 8414,28 CPU seconds and 63865 MB memory.
2026-09-24 18:33:11.916 INFO   [98210C\3A7670] Auto-router pass #656 on board 'fb049c47633c1638efb58b7367f21d08' was completed in 0,19 seconds with the score of 985,09 (1 unrouted), using 8541,31 CPU seconds and 64421 MB memory.
2026-09-24 18:33:12.072 INFO   [98210C\3A7670] Auto-router pass #657 on board 'fb049c47633c1638efb58b7367f21d08' was completed in 0,14 seconds with the score of 985,09 (1 unrouted), using 8541,31 CPU seconds and 64421 MB memory.
2026-09-24 18:33:12.222 INFO   [98210C\3A7670] Auto-router pass #658 on board 'fb049c47633c1638efb58b7367f21d08' was completed in 0,14 seconds with the score of 985,09 (1 unrouted), using 8541,31 CPU seconds and 64421 MB memory.
2026-09-24 18:33:12.375 INFO   [98210C\3A7670] Auto-router pass #659 on board 'fb049c47633c1638efb58b7367f21d08' was completed in 0,14 seconds with the score of 985,09 (1 unrouted), using 8541,31 CPU seconds and 64421 MB memory.
2026-09-24 18:33:12.582 INFO   [98210C\3A7670] Auto-router pass #660 on board 'fb049c47633c1638efb58b7367f21d08' was completed in 0,20 seconds with the score of 985,09 (1 unrouted), using 8541,31 CPU seconds and 64421 MB memory.
2026-09-24 18:33:12.737 INFO   [98210C\3A7670] Auto-router pass #661 on board 'fb049c47633c1638efb58b7367f21d08' was completed in 0,14 seconds with the score of 985,09 (1 unrouted), using 8541,31 CPU seconds and 64421 MB memory.
2026-09-24 18:33:12.890 INFO   [98210C\3A7670] Auto-router pass #662 on board 'fb049c47633c1638efb58b7367f21d08' was completed in 0,14 seconds with the score of 985,09 (1 unrouted), using 8669,33 CPU seconds and 64978 MB memory.
2026-09-24 18:33:13.030 INFO   [98210C\3A7670] Auto-router pass #663 on board 'fb049c47633c1638efb58b7367f21d08' was completed in 0,13 seconds with the score of 985,09 (1 unrouted), using 8669,33 CPU seconds and 64978 MB memory.
2026-09-24 18:33:13.195 INFO   [98210C\3A7670] Auto-router pass #664 on board 'fb049c47633c1638efb58b7367f21d08' was completed in 0,15 seconds with the score of 985,09 (1 unrouted), using 8669,33 CPU seconds and 64978 MB memory.
2026-09-24 18:33:13.323 INFO   [98210C\3A7670] Auto-router pass #665 on board 'fb049c47633c1638efb58b7367f21d08' was completed in 0,12 seconds with the score of 985,09 (1 unrouted), using 8669,33 CPU seconds and 64978 MB memory.
2026-09-24 18:33:13.440 INFO   [98210C\3A7670] Auto-router pass #666 on board 'fb049c47633c1638efb58b7367f21d08' was completed in 0,10 seconds with the score of 985,09 (1 unrouted), using 8669,33 CPU seconds and 64978 MB memory.
2026-09-24 18:33:13.548 INFO   [98210C\3A7670] Auto-router pass #667 on board 'fb049c47633c1638efb58b7367f21d08' was completed in 0,10 seconds with the score of 985,09 (1 unrouted), using 8669,33 CPU seconds and 64978 MB memory.
2026-09-24 18:33:13.686 INFO   [98210C\3A7670] Auto-router pass #668 on board 'fb049c47633c1638efb58b7367f21d08' was completed in 0,13 seconds with the score of 985,09 (1 unrouted), using 8669,33 CPU seconds and 64978 MB memory.
2026-09-24 18:33:13.796 INFO   [98210C\3A7670] Auto-router pass #669 on board 'fb049c47633c1638efb58b7367f21d08' was completed in 0,10 seconds with the score of 985,09 (1 unrouted), using 8798,31 CPU seconds and 65681 MB memory.
2026-09-24 18:33:13.908 INFO   [98210C\3A7670] Auto-router pass #670 on board 'fb049c47633c1638efb58b7367f21d08' was completed in 0,10 seconds with the score of 985,09 (1 unrouted), using 8798,31 CPU seconds and 65681 MB memory.
2026-09-24 18:33:14.020 INFO   [98210C\3A7670] Auto-router pass #671 on board 'fb049c47633c1638efb58b7367f21d08' was completed in 0,10 seconds with the score of 985,09 (1 unrouted), using 8798,31 CPU seconds and 65681 MB memory.
2026-09-24 18:33:14.159 INFO   [98210C\3A7670] Auto-router pass #672 on board 'fb049c47633c1638efb58b7367f21d08' was completed in 0,13 seconds with the score of 985,09 (1 unrouted), using 8798,31 CPU seconds and 65681 MB memory.
2026-09-24 18:33:14.278 INFO   [98210C\3A7670] Auto-router pass #673 on board 'fb049c47633c1638efb58b7367f21d08' was completed in 0,11 seconds with the score of 985,09 (1 unrouted), using 8798,31 CPU seconds and 65681 MB memory.
2026-09-24 18:33:14.394 INFO   [98210C\3A7670] Auto-router pass #674 on board 'fb049c47633c1638efb58b7367f21d08' was completed in 0,11 seconds with the score of 985,09 (1 unrouted), using 8798,31 CPU seconds and 65681 MB memory.
2026-09-24 18:33:14.508 INFO   [98210C\3A7670] Auto-router pass #675 on board 'fb049c47633c1638efb58b7367f21d08' was completed in 0,10 seconds with the score of 985,09 (1 unrouted), using 8798,31 CPU seconds and 65681 MB memory.
2026-09-24 18:33:14.648 INFO   [98210C\3A7670] Auto-router pass #676 on board 'fb049c47633c1638efb58b7367f21d08' was completed in 0,13 seconds with the score of 985,09 (1 unrouted), using 8798,31 CPU seconds and 65681 MB memory.
2026-09-24 18:33:14.764 INFO   [98210C\3A7670] Auto-router pass #677 on board 'fb049c47633c1638efb58b7367f21d08' was completed in 0,11 seconds with the score of 985,09 (1 unrouted), using 8928,28 CPU seconds and 66451 MB memory.
2026-09-24 18:33:14.883 INFO   [98210C\3A7670] Auto-router pass #678 on board 'fb049c47633c1638efb58b7367f21d08' was completed in 0,11 seconds with the score of 985,09 (1 unrouted), using 8928,28 CPU seconds and 66451 MB memory.
2026-09-24 18:33:14.994 INFO   [98210C\3A7670] Auto-router pass #679 on board 'fb049c47633c1638efb58b7367f21d08' was completed in 0,10 seconds with the score of 985,09 (1 unrouted), using 8928,28 CPU seconds and 66451 MB memory.
2026-09-24 18:33:15.132 INFO   [98210C\3A7670] Auto-router pass #680 on board 'fb049c47633c1638efb58b7367f21d08' was completed in 0,12 seconds with the score of 985,09 (1 unrouted), using 8928,28 CPU seconds and 66451 MB memory.
2026-09-24 18:33:15.243 INFO   [98210C\3A7670] Auto-router pass #681 on board 'fb049c47633c1638efb58b7367f21d08' was completed in 0,10 seconds with the score of 985,09 (1 unrouted), using 8928,28 CPU seconds and 66451 MB memory.
2026-09-24 18:33:15.356 INFO   [98210C\3A7670] Auto-router pass #682 on board 'fb049c47633c1638efb58b7367f21d08' was completed in 0,10 seconds with the score of 985,09 (1 unrouted), using 8928,28 CPU seconds and 66451 MB memory.
2026-09-24 18:33:15.471 INFO   [98210C\3A7670] Auto-router pass #683 on board 'fb049c47633c1638efb58b7367f21d08' was completed in 0,10 seconds with the score of 985,09 (1 unrouted), using 8928,28 CPU seconds and 66451 MB memory.
2026-09-24 18:33:15.639 INFO   [98210C\3A7670] Auto-router pass #684 on board 'fb049c47633c1638efb58b7367f21d08' was completed in 0,15 seconds with the score of 985,09 (1 unrouted), using 8928,28 CPU seconds and 66451 MB memory.
2026-09-24 18:33:15.756 INFO   [98210C\3A7670] Auto-router pass #685 on board 'fb049c47633c1638efb58b7367f21d08' was completed in 0,10 seconds with the score of 985,09 (1 unrouted), using 8928,28 CPU seconds and 66451 MB memory.
2026-09-24 18:33:15.880 INFO   [98210C\3A7670] Auto-router pass #686 on board 'fb049c47633c1638efb58b7367f21d08' was completed in 0,12 seconds with the score of 985,09 (1 unrouted), using 9059,23 CPU seconds and 67197 MB memory.
2026-09-24 18:33:15.983 INFO   [98210C\3A7670] Auto-router pass #687 on board 'fb049c47633c1638efb58b7367f21d08' was completed in 0,10 seconds with the score of 985,09 (1 unrouted), using 9059,23 CPU seconds and 67197 MB memory.
2026-09-24 18:33:16.122 INFO   [98210C\3A7670] Auto-router pass #688 on board 'fb049c47633c1638efb58b7367f21d08' was completed in 0,13 seconds with the score of 985,09 (1 unrouted), using 9059,23 CPU seconds and 67197 MB memory.
2026-09-24 18:33:16.241 INFO   [98210C\3A7670] Auto-router pass #689 on board 'fb049c47633c1638efb58b7367f21d08' was completed in 0,11 seconds with the score of 985,09 (1 unrouted), using 9059,23 CPU seconds and 67197 MB memory.
2026-09-24 18:33:16.358 INFO   [98210C\3A7670] Auto-router pass #690 on board 'fb049c47633c1638efb58b7367f21d08' was completed in 0,11 seconds with the score of 985,09 (1 unrouted), using 9059,23 CPU seconds and 67197 MB memory.
2026-09-24 18:33:16.498 INFO   [98210C\3A7670] Auto-router pass #691 on board 'fb049c47633c1638efb58b7367f21d08' was completed in 0,13 seconds with the score of 985,09 (1 unrouted), using 9059,23 CPU seconds and 67197 MB memory.
2026-09-24 18:33:16.684 INFO   [98210C\3A7670] Auto-router pass #692 on board 'fb049c47633c1638efb58b7367f21d08' was completed in 0,17 seconds with the score of 985,09 (1 unrouted), using 9059,23 CPU seconds and 67197 MB memory.
2026-09-24 18:33:16.875 INFO   [98210C\3A7670] Auto-router pass #693 on board 'fb049c47633c1638efb58b7367f21d08' was completed in 0,17 seconds with the score of 985,09 (1 unrouted), using 9191,20 CPU seconds and 67878 MB memory.
2026-09-24 18:33:17.044 INFO   [98210C\3A7670] Auto-router pass #694 on board 'fb049c47633c1638efb58b7367f21d08' was completed in 0,16 seconds with the score of 985,09 (1 unrouted), using 9191,20 CPU seconds and 67878 MB memory.
2026-09-24 18:33:17.199 INFO   [98210C\3A7670] Auto-router pass #695 on board 'fb049c47633c1638efb58b7367f21d08' was completed in 0,14 seconds with the score of 985,09 (1 unrouted), using 9191,20 CPU seconds and 67878 MB memory.
2026-09-24 18:33:17.402 INFO   [98210C\3A7670] Auto-router pass #696 on board 'fb049c47633c1638efb58b7367f21d08' was completed in 0,19 seconds with the score of 985,09 (1 unrouted), using 9191,20 CPU seconds and 67878 MB memory.
2026-09-24 18:33:17.592 INFO   [98210C\3A7670] Auto-router pass #697 on board 'fb049c47633c1638efb58b7367f21d08' was completed in 0,17 seconds with the score of 985,09 (1 unrouted), using 9191,20 CPU seconds and 67878 MB memory.
2026-09-24 18:33:17.754 INFO   [98210C\3A7670] Auto-router pass #698 on board 'fb049c47633c1638efb58b7367f21d08' was completed in 0,15 seconds with the score of 985,09 (1 unrouted), using 9191,20 CPU seconds and 67878 MB memory.
2026-09-24 18:33:17.926 INFO   [98210C\3A7670] Auto-router pass #699 on board 'fb049c47633c1638efb58b7367f21d08' was completed in 0,16 seconds with the score of 985,09 (1 unrouted), using 9324,16 CPU seconds and 68395 MB memory.
2026-09-24 18:33:18.134 INFO   [98210C\3A7670] Auto-router pass #700 on board 'fb049c47633c1638efb58b7367f21d08' was completed in 0,20 seconds with the score of 985,09 (1 unrouted), using 9324,16 CPU seconds and 68395 MB memory.
2026-09-24 18:33:18.301 INFO   [98210C\3A7670] Auto-router pass #701 on board 'fb049c47633c1638efb58b7367f21d08' was completed in 0,15 seconds with the score of 985,09 (1 unrouted), using 9324,16 CPU seconds and 68395 MB memory.
2026-09-24 18:33:18.452 INFO   [98210C\3A7670] Auto-router pass #702 on board 'fb049c47633c1638efb58b7367f21d08' was completed in 0,14 seconds with the score of 985,09 (1 unrouted), using 9324,16 CPU seconds and 68395 MB memory.
2026-09-24 18:33:18.603 INFO   [98210C\3A7670] Auto-router pass #703 on board 'fb049c47633c1638efb58b7367f21d08' was completed in 0,14 seconds with the score of 985,09 (1 unrouted), using 9324,16 CPU seconds and 68395 MB memory.
2026-09-24 18:33:18.792 INFO   [98210C\3A7670] Auto-router pass #704 on board 'fb049c47633c1638efb58b7367f21d08' was completed in 0,18 seconds with the score of 985,09 (1 unrouted), using 9458,11 CPU seconds and 68947 MB memory.
2026-09-24 18:33:18.941 INFO   [98210C\3A7670] Auto-router pass #705 on board 'fb049c47633c1638efb58b7367f21d08' was completed in 0,14 seconds with the score of 985,09 (1 unrouted), using 9458,11 CPU seconds and 68947 MB memory.
2026-09-24 18:33:19.110 INFO   [98210C\3A7670] Auto-router pass #706 on board 'fb049c47633c1638efb58b7367f21d08' was completed in 0,16 seconds with the score of 985,09 (1 unrouted), using 9458,11 CPU seconds and 68947 MB memory.
2026-09-24 18:33:19.277 INFO   [98210C\3A7670] Auto-router pass #707 on board 'fb049c47633c1638efb58b7367f21d08' was completed in 0,15 seconds with the score of 985,09 (1 unrouted), using 9458,11 CPU seconds and 68947 MB memory.
2026-09-24 18:33:19.485 INFO   [98210C\3A7670] Auto-router pass #708 on board 'fb049c47633c1638efb58b7367f21d08' was completed in 0,19 seconds with the score of 985,09 (1 unrouted), using 9458,11 CPU seconds and 68947 MB memory.
2026-09-24 18:33:19.653 INFO   [98210C\3A7670] Auto-router pass #709 on board 'fb049c47633c1638efb58b7367f21d08' was completed in 0,15 seconds with the score of 985,09 (1 unrouted), using 9458,11 CPU seconds and 68947 MB memory.
2026-09-24 18:33:19.801 INFO   [98210C\3A7670] Auto-router pass #710 on board 'fb049c47633c1638efb58b7367f21d08' was completed in 0,14 seconds with the score of 985,09 (1 unrouted), using 9593,02 CPU seconds and 69493 MB memory.
2026-09-24 18:33:19.961 INFO   [98210C\3A7670] Auto-router pass #711 on board 'fb049c47633c1638efb58b7367f21d08' was completed in 0,15 seconds with the score of 985,09 (1 unrouted), using 9593,02 CPU seconds and 69493 MB memory.
2026-09-24 18:33:20.199 INFO   [98210C\3A7670] Auto-router pass #712 on board 'fb049c47633c1638efb58b7367f21d08' was completed in 0,23 seconds with the score of 985,09 (1 unrouted), using 9593,02 CPU seconds and 69493 MB memory.
2026-09-24 18:33:20.376 INFO   [98210C\3A7670] Auto-router pass #713 on board 'fb049c47633c1638efb58b7367f21d08' was completed in 0,16 seconds with the score of 985,09 (1 unrouted), using 9593,02 CPU seconds and 69493 MB memory.
2026-09-24 18:33:20.539 INFO   [98210C\3A7670] Auto-router pass #714 on board 'fb049c47633c1638efb58b7367f21d08' was completed in 0,14 seconds with the score of 985,09 (1 unrouted), using 9593,02 CPU seconds and 69493 MB memory.
2026-09-24 18:33:20.741 INFO   [98210C\3A7670] Auto-router pass #715 on board 'fb049c47633c1638efb58b7367f21d08' was completed in 0,19 seconds with the score of 985,09 (1 unrouted), using 9593,02 CPU seconds and 69493 MB memory.
2026-09-24 18:33:20.985 INFO   [98210C\3A7670] Auto-router pass #716 on board 'fb049c47633c1638efb58b7367f21d08' was completed in 0,23 seconds with the score of 985,09 (1 unrouted), using 9728,88 CPU seconds and 69980 MB memory.
2026-09-24 18:33:21.163 INFO   [98210C\3A7670] Auto-router pass #717 on board 'fb049c47633c1638efb58b7367f21d08' was completed in 0,16 seconds with the score of 985,09 (1 unrouted), using 9728,88 CPU seconds and 69980 MB memory.
2026-09-24 18:33:21.325 INFO   [98210C\3A7670] Auto-router pass #718 on board 'fb049c47633c1638efb58b7367f21d08' was completed in 0,15 seconds with the score of 985,09 (1 unrouted), using 9728,88 CPU seconds and 69980 MB memory.
2026-09-24 18:33:21.504 INFO   [98210C\3A7670] Auto-router pass #719 on board 'fb049c47633c1638efb58b7367f21d08' was completed in 0,16 seconds with the score of 985,09 (1 unrouted), using 9728,88 CPU seconds and 69980 MB memory.
2026-09-24 18:33:21.719 INFO   [98210C\3A7670] Auto-router pass #720 on board 'fb049c47633c1638efb58b7367f21d08' was completed in 0,20 seconds with the score of 985,09 (1 unrouted), using 9728,88 CPU seconds and 69980 MB memory.
2026-09-24 18:33:21.875 INFO   [98210C\3A7670] Auto-router pass #721 on board 'fb049c47633c1638efb58b7367f21d08' was completed in 0,14 seconds with the score of 985,09 (1 unrouted), using 9865,67 CPU seconds and 70474 MB memory.
2026-09-24 18:33:22.042 INFO   [98210C\3A7670] Auto-router pass #722 on board 'fb049c47633c1638efb58b7367f21d08' was completed in 0,16 seconds with the score of 985,09 (1 unrouted), using 9865,67 CPU seconds and 70474 MB memory.
2026-09-24 18:33:22.204 INFO   [98210C\3A7670] Auto-router pass #723 on board 'fb049c47633c1638efb58b7367f21d08' was completed in 0,15 seconds with the score of 985,09 (1 unrouted), using 9865,67 CPU seconds and 70474 MB memory.
2026-09-24 18:33:22.417 INFO   [98210C\3A7670] Auto-router pass #724 on board 'fb049c47633c1638efb58b7367f21d08' was completed in 0,20 seconds with the score of 985,09 (1 unrouted), using 9865,67 CPU seconds and 70474 MB memory.
2026-09-24 18:33:22.583 INFO   [98210C\3A7670] Auto-router pass #725 on board 'fb049c47633c1638efb58b7367f21d08' was completed in 0,15 seconds with the score of 985,09 (1 unrouted), using 9865,67 CPU seconds and 70474 MB memory.
2026-09-24 18:33:22.747 INFO   [98210C\3A7670] Auto-router pass #726 on board 'fb049c47633c1638efb58b7367f21d08' was completed in 0,15 seconds with the score of 985,09 (1 unrouted), using 9865,67 CPU seconds and 70474 MB memory.
2026-09-24 18:33:22.895 INFO   [98210C\3A7670] Auto-router pass #727 on board 'fb049c47633c1638efb58b7367f21d08' was completed in 0,13 seconds with the score of 985,09 (1 unrouted), using 10003,39 CPU seconds and 71006 MB memory.
2026-09-24 18:33:23.089 INFO   [98210C\3A7670] Auto-router pass #728 on board 'fb049c47633c1638efb58b7367f21d08' was completed in 0,18 seconds with the score of 985,09 (1 unrouted), using 10003,39 CPU seconds and 71006 MB memory.
2026-09-24 18:33:23.245 INFO   [98210C\3A7670] Auto-router pass #729 on board 'fb049c47633c1638efb58b7367f21d08' was completed in 0,14 seconds with the score of 985,09 (1 unrouted), using 10003,39 CPU seconds and 71006 MB memory.
2026-09-24 18:33:23.392 INFO   [98210C\3A7670] Auto-router pass #730 on board 'fb049c47633c1638efb58b7367f21d08' was completed in 0,14 seconds with the score of 985,09 (1 unrouted), using 10003,39 CPU seconds and 71006 MB memory.
2026-09-24 18:33:23.557 INFO   [98210C\3A7670] Auto-router pass #731 on board 'fb049c47633c1638efb58b7367f21d08' was completed in 0,15 seconds with the score of 985,09 (1 unrouted), using 10003,39 CPU seconds and 71006 MB memory.
2026-09-24 18:33:23.827 INFO   [98210C\3A7670] Auto-router pass #732 on board 'fb049c47633c1638efb58b7367f21d08' was completed in 0,25 seconds with the score of 985,09 (1 unrouted), using 10142,05 CPU seconds and 71533 MB memory.
2026-09-24 18:33:24.032 INFO   [98210C\3A7670] Auto-router pass #733 on board 'fb049c47633c1638efb58b7367f21d08' was completed in 0,19 seconds with the score of 985,09 (1 unrouted), using 10142,05 CPU seconds and 71533 MB memory.
2026-09-24 18:33:24.200 INFO   [98210C\3A7670] Auto-router pass #734 on board 'fb049c47633c1638efb58b7367f21d08' was completed in 0,16 seconds with the score of 985,09 (1 unrouted), using 10142,05 CPU seconds and 71533 MB memory.
2026-09-24 18:33:24.368 INFO   [98210C\3A7670] Auto-router pass #735 on board 'fb049c47633c1638efb58b7367f21d08' was completed in 0,15 seconds with the score of 985,09 (1 unrouted), using 10142,05 CPU seconds and 71533 MB memory.
2026-09-24 18:33:24.558 INFO   [98210C\3A7670] Auto-router pass #736 on board 'fb049c47633c1638efb58b7367f21d08' was completed in 0,17 seconds with the score of 985,09 (1 unrouted), using 10142,05 CPU seconds and 71533 MB memory.
2026-09-24 18:33:24.717 INFO   [98210C\3A7670] Auto-router pass #737 on board 'fb049c47633c1638efb58b7367f21d08' was completed in 0,14 seconds with the score of 985,09 (1 unrouted), using 10142,05 CPU seconds and 71533 MB memory.
2026-09-24 18:33:24.862 INFO   [98210C\3A7670] Auto-router pass #738 on board 'fb049c47633c1638efb58b7367f21d08' was completed in 0,13 seconds with the score of 985,09 (1 unrouted), using 10281,67 CPU seconds and 72054 MB memory.
2026-09-24 18:33:25.001 INFO   [98210C\3A7670] Auto-router pass #739 on board 'fb049c47633c1638efb58b7367f21d08' was completed in 0,13 seconds with the score of 985,09 (1 unrouted), using 10281,67 CPU seconds and 72054 MB memory.
2026-09-24 18:33:25.181 INFO   [98210C\3A7670] Auto-router pass #740 on board 'fb049c47633c1638efb58b7367f21d08' was completed in 0,17 seconds with the score of 985,09 (1 unrouted), using 10281,67 CPU seconds and 72054 MB memory.
2026-09-24 18:33:25.322 INFO   [98210C\3A7670] Auto-router pass #741 on board 'fb049c47633c1638efb58b7367f21d08' was completed in 0,13 seconds with the score of 985,09 (1 unrouted), using 10281,67 CPU seconds and 72054 MB memory.
2026-09-24 18:33:25.480 INFO   [98210C\3A7670] Auto-router pass #742 on board 'fb049c47633c1638efb58b7367f21d08' was completed in 0,15 seconds with the score of 985,09 (1 unrouted), using 10281,67 CPU seconds and 72054 MB memory.
2026-09-24 18:33:25.655 INFO   [98210C\3A7670] Auto-router pass #743 on board 'fb049c47633c1638efb58b7367f21d08' was completed in 0,16 seconds with the score of 985,09 (1 unrouted), using 10281,67 CPU seconds and 72054 MB memory.
2026-09-24 18:33:25.862 INFO   [98210C\3A7670] Auto-router pass #744 on board 'fb049c47633c1638efb58b7367f21d08' was completed in 0,19 seconds with the score of 985,09 (1 unrouted), using 10422,23 CPU seconds and 72622 MB memory.
2026-09-24 18:33:26.057 INFO   [98210C\3A7670] Auto-router pass #745 on board 'fb049c47633c1638efb58b7367f21d08' was completed in 0,18 seconds with the score of 985,09 (1 unrouted), using 10422,23 CPU seconds and 72622 MB memory.
2026-09-24 18:33:26.269 INFO   [98210C\3A7670] Auto-router pass #746 on board 'fb049c47633c1638efb58b7367f21d08' was completed in 0,20 seconds with the score of 985,09 (1 unrouted), using 10422,23 CPU seconds and 72622 MB memory.
2026-09-24 18:33:26.488 INFO   [98210C\3A7670] Auto-router pass #747 on board 'fb049c47633c1638efb58b7367f21d08' was completed in 0,20 seconds with the score of 985,09 (1 unrouted), using 10422,23 CPU seconds and 72622 MB memory.
2026-09-24 18:33:26.730 INFO   [98210C\3A7670] Auto-router pass #748 on board 'fb049c47633c1638efb58b7367f21d08' was completed in 0,22 seconds with the score of 985,09 (1 unrouted), using 10422,23 CPU seconds and 72622 MB memory.
2026-09-24 18:33:26.914 INFO   [98210C\3A7670] Auto-router pass #749 on board 'fb049c47633c1638efb58b7367f21d08' was completed in 0,17 seconds with the score of 985,09 (1 unrouted), using 10563,75 CPU seconds and 73062 MB memory.
2026-09-24 18:33:27.119 INFO   [98210C\3A7670] Auto-router pass #750 on board 'fb049c47633c1638efb58b7367f21d08' was completed in 0,19 seconds with the score of 985,09 (1 unrouted), using 10563,75 CPU seconds and 73062 MB memory.
2026-09-24 18:33:27.316 INFO   [98210C\3A7670] Auto-router pass #751 on board 'fb049c47633c1638efb58b7367f21d08' was completed in 0,18 seconds with the score of 985,09 (1 unrouted), using 10563,75 CPU seconds and 73062 MB memory.
2026-09-24 18:33:27.553 INFO   [98210C\3A7670] Auto-router pass #752 on board 'fb049c47633c1638efb58b7367f21d08' was completed in 0,22 seconds with the score of 985,09 (1 unrouted), using 10563,75 CPU seconds and 73062 MB memory.
2026-09-24 18:33:27.728 INFO   [98210C\3A7670] Auto-router pass #753 on board 'fb049c47633c1638efb58b7367f21d08' was completed in 0,16 seconds with the score of 985,09 (1 unrouted), using 10563,75 CPU seconds and 73062 MB memory.
2026-09-24 18:33:27.892 INFO   [98210C\3A7670] Auto-router pass #754 on board 'fb049c47633c1638efb58b7367f21d08' was completed in 0,15 seconds with the score of 985,09 (1 unrouted), using 10706,27 CPU seconds and 73528 MB memory.
2026-09-24 18:33:28.057 INFO   [98210C\3A7670] Auto-router pass #755 on board 'fb049c47633c1638efb58b7367f21d08' was completed in 0,15 seconds with the score of 985,09 (1 unrouted), using 10706,27 CPU seconds and 73528 MB memory.
2026-09-24 18:33:28.269 INFO   [98210C\3A7670] Auto-router pass #756 on board 'fb049c47633c1638efb58b7367f21d08' was completed in 0,20 seconds with the score of 985,09 (1 unrouted), using 10706,27 CPU seconds and 73528 MB memory.
2026-09-24 18:33:28.448 INFO   [98210C\3A7670] Auto-router pass #757 on board 'fb049c47633c1638efb58b7367f21d08' was completed in 0,16 seconds with the score of 985,09 (1 unrouted), using 10706,27 CPU seconds and 73528 MB memory.
2026-09-24 18:33:28.600 INFO   [98210C\3A7670] Auto-router pass #758 on board 'fb049c47633c1638efb58b7367f21d08' was completed in 0,14 seconds with the score of 985,09 (1 unrouted), using 10706,27 CPU seconds and 73528 MB memory.
2026-09-24 18:33:28.803 INFO   [98210C\3A7670] Auto-router pass #759 on board 'fb049c47633c1638efb58b7367f21d08' was completed in 0,19 seconds with the score of 985,09 (1 unrouted), using 10706,27 CPU seconds and 73528 MB memory.
2026-09-24 18:33:29.074 INFO   [98210C\3A7670] Auto-router pass #760 on board 'fb049c47633c1638efb58b7367f21d08' was completed in 0,25 seconds with the score of 985,09 (1 unrouted), using 10849,73 CPU seconds and 74028 MB memory.
2026-09-24 18:33:29.244 INFO   [98210C\3A7670] Auto-router pass #761 on board 'fb049c47633c1638efb58b7367f21d08' was completed in 0,16 seconds with the score of 985,09 (1 unrouted), using 10849,73 CPU seconds and 74028 MB memory.
2026-09-24 18:33:29.421 INFO   [98210C\3A7670] Auto-router pass #762 on board 'fb049c47633c1638efb58b7367f21d08' was completed in 0,16 seconds with the score of 985,09 (1 unrouted), using 10849,73 CPU seconds and 74028 MB memory.
2026-09-24 18:33:29.599 INFO   [98210C\3A7670] Auto-router pass #763 on board 'fb049c47633c1638efb58b7367f21d08' was completed in 0,17 seconds with the score of 985,09 (1 unrouted), using 10849,73 CPU seconds and 74028 MB memory.
2026-09-24 18:33:29.826 INFO   [98210C\3A7670] Auto-router pass #764 on board 'fb049c47633c1638efb58b7367f21d08' was completed in 0,21 seconds with the score of 985,09 (1 unrouted), using 10849,73 CPU seconds and 74028 MB memory.
2026-09-24 18:33:29.996 INFO   [98210C\3A7670] Auto-router pass #765 on board 'fb049c47633c1638efb58b7367f21d08' was completed in 0,15 seconds with the score of 985,09 (1 unrouted), using 10994,19 CPU seconds and 74495 MB memory.
2026-09-24 18:33:30.189 INFO   [98210C\3A7670] Auto-router pass #766 on board 'fb049c47633c1638efb58b7367f21d08' was completed in 0,18 seconds with the score of 985,09 (1 unrouted), using 10994,19 CPU seconds and 74495 MB memory.
2026-09-24 18:33:30.394 INFO   [98210C\3A7670] Auto-router pass #767 on board 'fb049c47633c1638efb58b7367f21d08' was completed in 0,18 seconds with the score of 985,09 (1 unrouted), using 10994,19 CPU seconds and 74495 MB memory.
2026-09-24 18:33:30.613 INFO   [98210C\3A7670] Auto-router pass #768 on board 'fb049c47633c1638efb58b7367f21d08' was completed in 0,20 seconds with the score of 985,09 (1 unrouted), using 10994,19 CPU seconds and 74495 MB memory.
2026-09-24 18:33:30.779 INFO   [98210C\3A7670] Auto-router pass #769 on board 'fb049c47633c1638efb58b7367f21d08' was completed in 0,15 seconds with the score of 985,09 (1 unrouted), using 10994,19 CPU seconds and 74495 MB memory.
2026-09-24 18:33:30.943 INFO   [98210C\3A7670] Auto-router pass #770 on board 'fb049c47633c1638efb58b7367f21d08' was completed in 0,15 seconds with the score of 985,09 (1 unrouted), using 11139,61 CPU seconds and 74982 MB memory.
2026-09-24 18:33:31.103 INFO   [98210C\3A7670] Auto-router pass #771 on board 'fb049c47633c1638efb58b7367f21d08' was completed in 0,15 seconds with the score of 985,09 (1 unrouted), using 11139,61 CPU seconds and 74982 MB memory.
2026-09-24 18:33:31.306 INFO   [98210C\3A7670] Auto-router pass #772 on board 'fb049c47633c1638efb58b7367f21d08' was completed in 0,19 seconds with the score of 985,09 (1 unrouted), using 11139,61 CPU seconds and 74982 MB memory.
2026-09-24 18:33:31.487 INFO   [98210C\3A7670] Auto-router pass #773 on board 'fb049c47633c1638efb58b7367f21d08' was completed in 0,16 seconds with the score of 985,09 (1 unrouted), using 11139,61 CPU seconds and 74982 MB memory.
2026-09-24 18:33:31.641 INFO   [98210C\3A7670] Auto-router pass #774 on board 'fb049c47633c1638efb58b7367f21d08' was completed in 0,14 seconds with the score of 985,09 (1 unrouted), using 11139,61 CPU seconds and 74982 MB memory.
2026-09-24 18:33:31.794 INFO   [98210C\3A7670] Auto-router pass #775 on board 'fb049c47633c1638efb58b7367f21d08' was completed in 0,14 seconds with the score of 985,09 (1 unrouted), using 11139,61 CPU seconds and 74982 MB memory.
2026-09-24 18:33:31.975 INFO   [98210C\3A7670] Auto-router pass #776 on board 'fb049c47633c1638efb58b7367f21d08' was completed in 0,17 seconds with the score of 985,09 (1 unrouted), using 11285,98 CPU seconds and 75533 MB memory.
2026-09-24 18:33:32.129 INFO   [98210C\3A7670] Auto-router pass #777 on board 'fb049c47633c1638efb58b7367f21d08' was completed in 0,14 seconds with the score of 985,09 (1 unrouted), using 11285,98 CPU seconds and 75533 MB memory.
2026-09-24 18:33:32.278 INFO   [98210C\3A7670] Auto-router pass #778 on board 'fb049c47633c1638efb58b7367f21d08' was completed in 0,14 seconds with the score of 985,09 (1 unrouted), using 11285,98 CPU seconds and 75533 MB memory.
2026-09-24 18:33:32.423 INFO   [98210C\3A7670] Auto-router pass #779 on board 'fb049c47633c1638efb58b7367f21d08' was completed in 0,13 seconds with the score of 985,09 (1 unrouted), using 11285,98 CPU seconds and 75533 MB memory.
2026-09-24 18:33:32.611 INFO   [98210C\3A7670] Auto-router pass #780 on board 'fb049c47633c1638efb58b7367f21d08' was completed in 0,18 seconds with the score of 985,09 (1 unrouted), using 11285,98 CPU seconds and 75533 MB memory.
2026-09-24 18:33:32.772 INFO   [98210C\3A7670] Auto-router pass #781 on board 'fb049c47633c1638efb58b7367f21d08' was completed in 0,14 seconds with the score of 985,09 (1 unrouted), using 11285,98 CPU seconds and 75533 MB memory.
2026-09-24 18:33:32.922 INFO   [98210C\3A7670] Auto-router pass #782 on board 'fb049c47633c1638efb58b7367f21d08' was completed in 0,13 seconds with the score of 985,09 (1 unrouted), using 11433,33 CPU seconds and 76114 MB memory.
2026-09-24 18:33:33.070 INFO   [98210C\3A7670] Auto-router pass #783 on board 'fb049c47633c1638efb58b7367f21d08' was completed in 0,14 seconds with the score of 985,09 (1 unrouted), using 11433,33 CPU seconds and 76114 MB memory.
2026-09-24 18:33:33.249 INFO   [98210C\3A7670] Auto-router pass #784 on board 'fb049c47633c1638efb58b7367f21d08' was completed in 0,17 seconds with the score of 985,09 (1 unrouted), using 11433,33 CPU seconds and 76114 MB memory.
2026-09-24 18:33:33.404 INFO   [98210C\3A7670] Auto-router pass #785 on board 'fb049c47633c1638efb58b7367f21d08' was completed in 0,14 seconds with the score of 985,09 (1 unrouted), using 11433,33 CPU seconds and 76114 MB memory.
2026-09-24 18:33:33.560 INFO   [98210C\3A7670] Auto-router pass #786 on board 'fb049c47633c1638efb58b7367f21d08' was completed in 0,14 seconds with the score of 985,09 (1 unrouted), using 11433,33 CPU seconds and 76114 MB memory.
2026-09-24 18:33:33.725 INFO   [98210C\3A7670] Auto-router pass #787 on board 'fb049c47633c1638efb58b7367f21d08' was completed in 0,15 seconds with the score of 985,09 (1 unrouted), using 11433,33 CPU seconds and 76114 MB memory.
2026-09-24 18:33:33.924 INFO   [98210C\3A7670] Auto-router pass #788 on board 'fb049c47633c1638efb58b7367f21d08' was completed in 0,18 seconds with the score of 985,09 (1 unrouted), using 11581,62 CPU seconds and 76674 MB memory.
2026-09-24 18:33:34.070 INFO   [98210C\3A7670] Auto-router pass #789 on board 'fb049c47633c1638efb58b7367f21d08' was completed in 0,13 seconds with the score of 985,09 (1 unrouted), using 11581,62 CPU seconds and 76674 MB memory.
2026-09-24 18:33:34.207 INFO   [98210C\3A7670] Auto-router pass #790 on board 'fb049c47633c1638efb58b7367f21d08' was completed in 0,13 seconds with the score of 985,09 (1 unrouted), using 11581,62 CPU seconds and 76674 MB memory.
2026-09-24 18:33:34.356 INFO   [98210C\3A7670] Auto-router pass #791 on board 'fb049c47633c1638efb58b7367f21d08' was completed in 0,14 seconds with the score of 985,09 (1 unrouted), using 11581,62 CPU seconds and 76674 MB memory.
2026-09-24 18:33:34.543 INFO   [98210C\3A7670] Auto-router pass #792 on board 'fb049c47633c1638efb58b7367f21d08' was completed in 0,17 seconds with the score of 985,09 (1 unrouted), using 11581,62 CPU seconds and 76674 MB memory.
2026-09-24 18:33:34.691 INFO   [98210C\3A7670] Auto-router pass #793 on board 'fb049c47633c1638efb58b7367f21d08' was completed in 0,14 seconds with the score of 985,09 (1 unrouted), using 11581,62 CPU seconds and 76674 MB memory.
2026-09-24 18:33:34.836 INFO   [98210C\3A7670] Auto-router pass #794 on board 'fb049c47633c1638efb58b7367f21d08' was completed in 0,13 seconds with the score of 985,09 (1 unrouted), using 11581,62 CPU seconds and 76674 MB memory.
2026-09-24 18:33:34.986 INFO   [98210C\3A7670] Auto-router pass #795 on board 'fb049c47633c1638efb58b7367f21d08' was completed in 0,14 seconds with the score of 985,09 (1 unrouted), using 11730,89 CPU seconds and 77270 MB memory.
2026-09-24 18:33:35.166 INFO   [98210C\3A7670] Auto-router pass #796 on board 'fb049c47633c1638efb58b7367f21d08' was completed in 0,17 seconds with the score of 985,09 (1 unrouted), using 11730,89 CPU seconds and 77270 MB memory.
2026-09-24 18:33:35.316 INFO   [98210C\3A7670] Auto-router pass #797 on board 'fb049c47633c1638efb58b7367f21d08' was completed in 0,14 seconds with the score of 985,09 (1 unrouted), using 11730,89 CPU seconds and 77270 MB memory.
2026-09-24 18:33:35.472 INFO   [98210C\3A7670] Auto-router pass #798 on board 'fb049c47633c1638efb58b7367f21d08' was completed in 0,14 seconds with the score of 985,09 (1 unrouted), using 11730,89 CPU seconds and 77270 MB memory.
2026-09-24 18:33:35.623 INFO   [98210C\3A7670] Auto-router pass #799 on board 'fb049c47633c1638efb58b7367f21d08' was completed in 0,14 seconds with the score of 985,09 (1 unrouted), using 11730,89 CPU seconds and 77270 MB memory.
2026-09-24 18:33:35.815 INFO   [98210C\3A7670] Auto-router pass #800 on board 'fb049c47633c1638efb58b7367f21d08' was completed in 0,18 seconds with the score of 985,09 (1 unrouted), using 11730,89 CPU seconds and 77270 MB memory.
2026-09-24 18:33:35.976 INFO   [98210C\3A7670] Auto-router pass #801 on board 'fb049c47633c1638efb58b7367f21d08' was completed in 0,14 seconds with the score of 985,09 (1 unrouted), using 11881,09 CPU seconds and 77843 MB memory.
2026-09-24 18:33:36.123 INFO   [98210C\3A7670] Auto-router pass #802 on board 'fb049c47633c1638efb58b7367f21d08' was completed in 0,14 seconds with the score of 985,09 (1 unrouted), using 11881,09 CPU seconds and 77843 MB memory.
2026-09-24 18:33:36.272 INFO   [98210C\3A7670] Auto-router pass #803 on board 'fb049c47633c1638efb58b7367f21d08' was completed in 0,14 seconds with the score of 985,09 (1 unrouted), using 11881,09 CPU seconds and 77843 MB memory.
2026-09-24 18:33:36.453 INFO   [98210C\3A7670] Auto-router pass #804 on board 'fb049c47633c1638efb58b7367f21d08' was completed in 0,17 seconds with the score of 985,09 (1 unrouted), using 11881,09 CPU seconds and 77843 MB memory.
2026-09-24 18:33:36.602 INFO   [98210C\3A7670] Auto-router pass #805 on board 'fb049c47633c1638efb58b7367f21d08' was completed in 0,13 seconds with the score of 985,09 (1 unrouted), using 11881,09 CPU seconds and 77843 MB memory.
2026-09-24 18:33:36.763 INFO   [98210C\3A7670] Auto-router pass #806 on board 'fb049c47633c1638efb58b7367f21d08' was completed in 0,15 seconds with the score of 985,09 (1 unrouted), using 11881,09 CPU seconds and 77843 MB memory.
2026-09-24 18:33:36.932 INFO   [98210C\3A7670] Auto-router pass #807 on board 'fb049c47633c1638efb58b7367f21d08' was completed in 0,15 seconds with the score of 985,09 (1 unrouted), using 12032,30 CPU seconds and 78424 MB memory.
2026-09-24 18:33:37.169 INFO   [98210C\3A7670] Auto-router pass #808 on board 'fb049c47633c1638efb58b7367f21d08' was completed in 0,22 seconds with the score of 985,09 (1 unrouted), using 12032,30 CPU seconds and 78424 MB memory.
2026-09-24 18:33:37.331 INFO   [98210C\3A7670] Auto-router pass #809 on board 'fb049c47633c1638efb58b7367f21d08' was completed in 0,15 seconds with the score of 985,09 (1 unrouted), using 12032,30 CPU seconds and 78424 MB memory.
2026-09-24 18:33:37.496 INFO   [98210C\3A7670] Auto-router pass #810 on board 'fb049c47633c1638efb58b7367f21d08' was completed in 0,15 seconds with the score of 985,09 (1 unrouted), using 12032,30 CPU seconds and 78424 MB memory.
2026-09-24 18:33:37.652 INFO   [98210C\3A7670] Auto-router pass #811 on board 'fb049c47633c1638efb58b7367f21d08' was completed in 0,14 seconds with the score of 985,09 (1 unrouted), using 12032,30 CPU seconds and 78424 MB memory.
2026-09-24 18:33:37.868 INFO   [98210C\3A7670] Auto-router pass #812 on board 'fb049c47633c1638efb58b7367f21d08' was completed in 0,21 seconds with the score of 985,09 (1 unrouted), using 12032,30 CPU seconds and 78424 MB memory.
2026-09-24 18:33:38.057 INFO   [98210C\3A7670] Auto-router pass #813 on board 'fb049c47633c1638efb58b7367f21d08' was completed in 0,17 seconds with the score of 985,09 (1 unrouted), using 12184,42 CPU seconds and 78928 MB memory.
2026-09-24 18:33:38.237 INFO   [98210C\3A7670] Auto-router pass #814 on board 'fb049c47633c1638efb58b7367f21d08' was completed in 0,16 seconds with the score of 985,09 (1 unrouted), using 12184,42 CPU seconds and 78928 MB memory.
2026-09-24 18:33:38.419 INFO   [98210C\3A7670] Auto-router pass #815 on board 'fb049c47633c1638efb58b7367f21d08' was completed in 0,16 seconds with the score of 985,09 (1 unrouted), using 12184,42 CPU seconds and 78928 MB memory.
2026-09-24 18:33:38.618 INFO   [98210C\3A7670] Auto-router pass #816 on board 'fb049c47633c1638efb58b7367f21d08' was completed in 0,18 seconds with the score of 985,09 (1 unrouted), using 12184,42 CPU seconds and 78928 MB memory.
2026-09-24 18:33:38.780 INFO   [98210C\3A7670] Auto-router pass #817 on board 'fb049c47633c1638efb58b7367f21d08' was completed in 0,15 seconds with the score of 985,09 (1 unrouted), using 12184,42 CPU seconds and 78928 MB memory.
2026-09-24 18:33:38.956 INFO   [98210C\3A7670] Auto-router pass #818 on board 'fb049c47633c1638efb58b7367f21d08' was completed in 0,16 seconds with the score of 985,09 (1 unrouted), using 12337,48 CPU seconds and 79438 MB memory.
2026-09-24 18:33:39.130 INFO   [98210C\3A7670] Auto-router pass #819 on board 'fb049c47633c1638efb58b7367f21d08' was completed in 0,16 seconds with the score of 985,09 (1 unrouted), using 12337,48 CPU seconds and 79438 MB memory.
2026-09-24 18:33:39.341 INFO   [98210C\3A7670] Auto-router pass #820 on board 'fb049c47633c1638efb58b7367f21d08' was completed in 0,20 seconds with the score of 985,09 (1 unrouted), using 12337,48 CPU seconds and 79438 MB memory.
2026-09-24 18:33:39.524 INFO   [98210C\3A7670] Auto-router pass #821 on board 'fb049c47633c1638efb58b7367f21d08' was completed in 0,17 seconds with the score of 985,09 (1 unrouted), using 12337,48 CPU seconds and 79438 MB memory.
2026-09-24 18:33:39.681 INFO   [98210C\3A7670] Auto-router pass #822 on board 'fb049c47633c1638efb58b7367f21d08' was completed in 0,14 seconds with the score of 985,09 (1 unrouted), using 12337,48 CPU seconds and 79438 MB memory.
2026-09-24 18:33:39.819 INFO   [98210C\3A7670] Auto-router pass #823 on board 'fb049c47633c1638efb58b7367f21d08' was completed in 0,13 seconds with the score of 985,09 (1 unrouted), using 12337,48 CPU seconds and 79438 MB memory.
2026-09-24 18:33:39.995 INFO   [98210C\3A7670] Auto-router pass #824 on board 'fb049c47633c1638efb58b7367f21d08' was completed in 0,16 seconds with the score of 985,09 (1 unrouted), using 12491,52 CPU seconds and 79973 MB memory.
2026-09-24 18:33:40.137 INFO   [98210C\3A7670] Auto-router pass #825 on board 'fb049c47633c1638efb58b7367f21d08' was completed in 0,13 seconds with the score of 985,09 (1 unrouted), using 12491,52 CPU seconds and 79973 MB memory.
2026-09-24 18:33:40.278 INFO   [98210C\3A7670] Auto-router pass #826 on board 'fb049c47633c1638efb58b7367f21d08' was completed in 0,13 seconds with the score of 985,09 (1 unrouted), using 12491,52 CPU seconds and 79973 MB memory.
2026-09-24 18:33:40.443 INFO   [98210C\3A7670] Auto-router pass #827 on board 'fb049c47633c1638efb58b7367f21d08' was completed in 0,15 seconds with the score of 985,09 (1 unrouted), using 12491,52 CPU seconds and 79973 MB memory.
2026-09-24 18:33:40.622 INFO   [98210C\3A7670] Auto-router pass #828 on board 'fb049c47633c1638efb58b7367f21d08' was completed in 0,17 seconds with the score of 985,09 (1 unrouted), using 12491,52 CPU seconds and 79973 MB memory.
2026-09-24 18:33:40.783 INFO   [98210C\3A7670] Auto-router pass #829 on board 'fb049c47633c1638efb58b7367f21d08' was completed in 0,15 seconds with the score of 985,09 (1 unrouted), using 12491,52 CPU seconds and 79973 MB memory.
2026-09-24 18:33:40.994 INFO   [98210C\3A7670] Auto-router pass #830 on board 'fb049c47633c1638efb58b7367f21d08' was completed in 0,19 seconds with the score of 985,09 (1 unrouted), using 12646,50 CPU seconds and 80543 MB memory.
2026-09-24 18:33:41.200 INFO   [98210C\3A7670] Auto-router pass #831 on board 'fb049c47633c1638efb58b7367f21d08' was completed in 0,19 seconds with the score of 985,09 (1 unrouted), using 12646,50 CPU seconds and 80543 MB memory.
2026-09-24 18:33:41.403 INFO   [98210C\3A7670] Auto-router pass #832 on board 'fb049c47633c1638efb58b7367f21d08' was completed in 0,19 seconds with the score of 985,09 (1 unrouted), using 12646,50 CPU seconds and 80543 MB memory.
2026-09-24 18:33:41.544 INFO   [98210C\3A7670] Auto-router pass #833 on board 'fb049c47633c1638efb58b7367f21d08' was completed in 0,13 seconds with the score of 985,09 (1 unrouted), using 12646,50 CPU seconds and 80543 MB memory.
2026-09-24 18:33:41.785 INFO   [98210C\3A7670] Auto-router pass #834 on board 'fb049c47633c1638efb58b7367f21d08' was completed in 0,23 seconds with the score of 985,09 (1 unrouted), using 12646,50 CPU seconds and 80543 MB memory.
2026-09-24 18:33:41.962 INFO   [98210C\3A7670] Auto-router pass #835 on board 'fb049c47633c1638efb58b7367f21d08' was completed in 0,16 seconds with the score of 985,09 (1 unrouted), using 12802,34 CPU seconds and 81009 MB memory.
2026-09-24 18:33:42.166 INFO   [98210C\3A7670] Auto-router pass #836 on board 'fb049c47633c1638efb58b7367f21d08' was completed in 0,19 seconds with the score of 985,09 (1 unrouted), using 12802,34 CPU seconds and 81009 MB memory.
2026-09-24 18:33:42.316 INFO   [98210C\3A7670] Auto-router pass #837 on board 'fb049c47633c1638efb58b7367f21d08' was completed in 0,14 seconds with the score of 985,09 (1 unrouted), using 12802,34 CPU seconds and 81009 MB memory.
2026-09-24 18:33:42.482 INFO   [98210C\3A7670] Auto-router pass #838 on board 'fb049c47633c1638efb58b7367f21d08' was completed in 0,15 seconds with the score of 985,09 (1 unrouted), using 12802,34 CPU seconds and 81009 MB memory.
2026-09-24 18:33:42.653 INFO   [98210C\3A7670] Auto-router pass #839 on board 'fb049c47633c1638efb58b7367f21d08' was completed in 0,16 seconds with the score of 985,09 (1 unrouted), using 12802,34 CPU seconds and 81009 MB memory.
2026-09-24 18:33:42.861 INFO   [98210C\3A7670] Auto-router pass #840 on board 'fb049c47633c1638efb58b7367f21d08' was completed in 0,19 seconds with the score of 985,09 (1 unrouted), using 12802,34 CPU seconds and 81009 MB memory.
2026-09-24 18:33:43.012 INFO   [98210C\3A7670] Auto-router pass #841 on board 'fb049c47633c1638efb58b7367f21d08' was completed in 0,14 seconds with the score of 985,09 (1 unrouted), using 12959,17 CPU seconds and 81543 MB memory.
2026-09-24 18:33:43.161 INFO   [98210C\3A7670] Auto-router pass #842 on board 'fb049c47633c1638efb58b7367f21d08' was completed in 0,14 seconds with the score of 985,09 (1 unrouted), using 12959,17 CPU seconds and 81543 MB memory.
2026-09-24 18:33:43.325 INFO   [98210C\3A7670] Auto-router pass #843 on board 'fb049c47633c1638efb58b7367f21d08' was completed in 0,15 seconds with the score of 985,09 (1 unrouted), using 12959,17 CPU seconds and 81543 MB memory.
2026-09-24 18:33:43.513 INFO   [98210C\3A7670] Auto-router pass #844 on board 'fb049c47633c1638efb58b7367f21d08' was completed in 0,18 seconds with the score of 985,09 (1 unrouted), using 12959,17 CPU seconds and 81543 MB memory.
2026-09-24 18:33:43.682 INFO   [98210C\3A7670] Auto-router pass #845 on board 'fb049c47633c1638efb58b7367f21d08' was completed in 0,16 seconds with the score of 985,09 (1 unrouted), using 12959,17 CPU seconds and 81543 MB memory.
2026-09-24 18:33:43.850 INFO   [98210C\3A7670] Auto-router pass #846 on board 'fb049c47633c1638efb58b7367f21d08' was completed in 0,15 seconds with the score of 985,09 (1 unrouted), using 12959,17 CPU seconds and 81543 MB memory.
2026-09-24 18:33:44.009 INFO   [98210C\3A7670] Auto-router pass #847 on board 'fb049c47633c1638efb58b7367f21d08' was completed in 0,14 seconds with the score of 985,09 (1 unrouted), using 13116,92 CPU seconds and 82091 MB memory.
2026-09-24 18:33:44.197 INFO   [98210C\3A7670] Auto-router pass #848 on board 'fb049c47633c1638efb58b7367f21d08' was completed in 0,17 seconds with the score of 985,09 (1 unrouted), using 13116,92 CPU seconds and 82091 MB memory.
2026-09-24 18:33:44.351 INFO   [98210C\3A7670] Auto-router pass #849 on board 'fb049c47633c1638efb58b7367f21d08' was completed in 0,14 seconds with the score of 985,09 (1 unrouted), using 13116,92 CPU seconds and 82091 MB memory.
2026-09-24 18:33:44.533 INFO   [98210C\3A7670] Auto-router pass #850 on board 'fb049c47633c1638efb58b7367f21d08' was completed in 0,17 seconds with the score of 985,09 (1 unrouted), using 13116,92 CPU seconds and 82091 MB memory.
2026-09-24 18:33:44.707 INFO   [98210C\3A7670] Auto-router pass #851 on board 'fb049c47633c1638efb58b7367f21d08' was completed in 0,16 seconds with the score of 985,09 (1 unrouted), using 13116,92 CPU seconds and 82091 MB memory.
2026-09-24 18:33:44.920 INFO   [98210C\3A7670] Auto-router pass #852 on board 'fb049c47633c1638efb58b7367f21d08' was completed in 0,20 seconds with the score of 985,09 (1 unrouted), using 13116,92 CPU seconds and 82091 MB memory.
2026-09-24 18:33:45.084 INFO   [98210C\3A7670] Auto-router pass #853 on board 'fb049c47633c1638efb58b7367f21d08' was completed in 0,15 seconds with the score of 985,09 (1 unrouted), using 13275,66 CPU seconds and 82620 MB memory.
2026-09-24 18:33:45.248 INFO   [98210C\3A7670] Auto-router pass #854 on board 'fb049c47633c1638efb58b7367f21d08' was completed in 0,15 seconds with the score of 985,09 (1 unrouted), using 13275,66 CPU seconds and 82620 MB memory.
2026-09-24 18:33:45.412 INFO   [98210C\3A7670] Auto-router pass #855 on board 'fb049c47633c1638efb58b7367f21d08' was completed in 0,15 seconds with the score of 985,09 (1 unrouted), using 13275,66 CPU seconds and 82620 MB memory.
2026-09-24 18:33:45.603 INFO   [98210C\3A7670] Auto-router pass #856 on board 'fb049c47633c1638efb58b7367f21d08' was completed in 0,18 seconds with the score of 985,09 (1 unrouted), using 13275,66 CPU seconds and 82620 MB memory.
2026-09-24 18:33:45.759 INFO   [98210C\3A7670] Auto-router pass #857 on board 'fb049c47633c1638efb58b7367f21d08' was completed in 0,14 seconds with the score of 985,09 (1 unrouted), using 13275,66 CPU seconds and 82620 MB memory.
2026-09-24 18:33:45.915 INFO   [98210C\3A7670] Auto-router pass #858 on board 'fb049c47633c1638efb58b7367f21d08' was completed in 0,15 seconds with the score of 985,09 (1 unrouted), using 13275,66 CPU seconds and 82620 MB memory.
2026-09-24 18:33:46.080 INFO   [98210C\3A7670] Auto-router pass #859 on board 'fb049c47633c1638efb58b7367f21d08' was completed in 0,15 seconds with the score of 985,09 (1 unrouted), using 13435,34 CPU seconds and 83170 MB memory.
2026-09-24 18:33:46.280 INFO   [98210C\3A7670] Auto-router pass #860 on board 'fb049c47633c1638efb58b7367f21d08' was completed in 0,19 seconds with the score of 985,09 (1 unrouted), using 13435,34 CPU seconds and 83170 MB memory.
2026-09-24 18:33:46.443 INFO   [98210C\3A7670] Auto-router pass #861 on board 'fb049c47633c1638efb58b7367f21d08' was completed in 0,15 seconds with the score of 985,09 (1 unrouted), using 13435,34 CPU seconds and 83170 MB memory.
2026-09-24 18:33:46.595 INFO   [98210C\3A7670] Auto-router pass #862 on board 'fb049c47633c1638efb58b7367f21d08' was completed in 0,14 seconds with the score of 985,09 (1 unrouted), using 13435,34 CPU seconds and 83170 MB memory.
2026-09-24 18:33:46.754 INFO   [98210C\3A7670] Auto-router pass #863 on board 'fb049c47633c1638efb58b7367f21d08' was completed in 0,15 seconds with the score of 985,09 (1 unrouted), using 13435,34 CPU seconds and 83170 MB memory.
2026-09-24 18:33:46.950 INFO   [98210C\3A7670] Auto-router pass #864 on board 'fb049c47633c1638efb58b7367f21d08' was completed in 0,18 seconds with the score of 985,09 (1 unrouted), using 13596,03 CPU seconds and 83722 MB memory.
2026-09-24 18:33:47.161 INFO   [98210C\3A7670] Auto-router pass #865 on board 'fb049c47633c1638efb58b7367f21d08' was completed in 0,19 seconds with the score of 985,09 (1 unrouted), using 13596,03 CPU seconds and 83722 MB memory.
2026-09-24 18:33:47.352 INFO   [98210C\3A7670] Auto-router pass #866 on board 'fb049c47633c1638efb58b7367f21d08' was completed in 0,17 seconds with the score of 985,09 (1 unrouted), using 13596,03 CPU seconds and 83722 MB memory.
2026-09-24 18:33:47.535 INFO   [98210C\3A7670] Auto-router pass #867 on board 'fb049c47633c1638efb58b7367f21d08' was completed in 0,17 seconds with the score of 985,09 (1 unrouted), using 13596,03 CPU seconds and 83722 MB memory.
2026-09-24 18:33:47.727 INFO   [98210C\3A7670] Auto-router pass #868 on board 'fb049c47633c1638efb58b7367f21d08' was completed in 0,18 seconds with the score of 985,09 (1 unrouted), using 13596,03 CPU seconds and 83722 MB memory.
2026-09-24 18:33:47.887 INFO   [98210C\3A7670] Auto-router pass #869 on board 'fb049c47633c1638efb58b7367f21d08' was completed in 0,14 seconds with the score of 985,09 (1 unrouted), using 13596,03 CPU seconds and 83722 MB memory.
2026-09-24 18:33:48.060 INFO   [98210C\3A7670] Auto-router pass #870 on board 'fb049c47633c1638efb58b7367f21d08' was completed in 0,16 seconds with the score of 985,09 (1 unrouted), using 13757,67 CPU seconds and 84209 MB memory.
2026-09-24 18:33:48.220 INFO   [98210C\3A7670] Auto-router pass #871 on board 'fb049c47633c1638efb58b7367f21d08' was completed in 0,15 seconds with the score of 985,09 (1 unrouted), using 13757,67 CPU seconds and 84209 MB memory.
2026-09-24 18:33:48.425 INFO   [98210C\3A7670] Auto-router pass #872 on board 'fb049c47633c1638efb58b7367f21d08' was completed in 0,19 seconds with the score of 985,09 (1 unrouted), using 13757,67 CPU seconds and 84209 MB memory.
2026-09-24 18:33:48.570 INFO   [98210C\3A7670] Auto-router pass #873 on board 'fb049c47633c1638efb58b7367f21d08' was completed in 0,13 seconds with the score of 985,09 (1 unrouted), using 13757,67 CPU seconds and 84209 MB memory.
2026-09-24 18:33:48.730 INFO   [98210C\3A7670] Auto-router pass #874 on board 'fb049c47633c1638efb58b7367f21d08' was completed in 0,15 seconds with the score of 985,09 (1 unrouted), using 13757,67 CPU seconds and 84209 MB memory.
2026-09-24 18:33:48.897 INFO   [98210C\3A7670] Auto-router pass #875 on board 'fb049c47633c1638efb58b7367f21d08' was completed in 0,15 seconds with the score of 985,09 (1 unrouted), using 13757,67 CPU seconds and 84209 MB memory.
2026-09-24 18:33:49.091 INFO   [98210C\3A7670] Auto-router pass #876 on board 'fb049c47633c1638efb58b7367f21d08' was completed in 0,18 seconds with the score of 985,09 (1 unrouted), using 13920,33 CPU seconds and 84755 MB memory.
2026-09-24 18:33:49.281 INFO   [98210C\3A7670] Auto-router pass #877 on board 'fb049c47633c1638efb58b7367f21d08' was completed in 0,18 seconds with the score of 985,09 (1 unrouted), using 13920,33 CPU seconds and 84755 MB memory.
2026-09-24 18:33:49.470 INFO   [98210C\3A7670] Auto-router pass #878 on board 'fb049c47633c1638efb58b7367f21d08' was completed in 0,17 seconds with the score of 985,09 (1 unrouted), using 13920,33 CPU seconds and 84755 MB memory.
2026-09-24 18:33:49.621 INFO   [98210C\3A7670] Auto-router pass #879 on board 'fb049c47633c1638efb58b7367f21d08' was completed in 0,14 seconds with the score of 985,09 (1 unrouted), using 13920,33 CPU seconds and 84755 MB memory.
2026-09-24 18:33:49.795 INFO   [98210C\3A7670] Auto-router pass #880 on board 'fb049c47633c1638efb58b7367f21d08' was completed in 0,16 seconds with the score of 985,09 (1 unrouted), using 13920,33 CPU seconds and 84755 MB memory.
2026-09-24 18:33:49.949 INFO   [98210C\3A7670] Auto-router pass #881 on board 'fb049c47633c1638efb58b7367f21d08' was completed in 0,14 seconds with the score of 985,09 (1 unrouted), using 13920,33 CPU seconds and 84755 MB memory.
2026-09-24 18:33:50.092 INFO   [98210C\3A7670] Auto-router pass #882 on board 'fb049c47633c1638efb58b7367f21d08' was completed in 0,13 seconds with the score of 985,09 (1 unrouted), using 14083,95 CPU seconds and 85293 MB memory.
2026-09-24 18:33:50.252 INFO   [98210C\3A7670] Auto-router pass #883 on board 'fb049c47633c1638efb58b7367f21d08' was completed in 0,15 seconds with the score of 985,09 (1 unrouted), using 14083,95 CPU seconds and 85293 MB memory.
2026-09-24 18:33:50.438 INFO   [98210C\3A7670] Auto-router pass #884 on board 'fb049c47633c1638efb58b7367f21d08' was completed in 0,17 seconds with the score of 985,09 (1 unrouted), using 14083,95 CPU seconds and 85293 MB memory.
2026-09-24 18:33:50.600 INFO   [98210C\3A7670] Auto-router pass #885 on board 'fb049c47633c1638efb58b7367f21d08' was completed in 0,15 seconds with the score of 985,09 (1 unrouted), using 14083,95 CPU seconds and 85293 MB memory.
2026-09-24 18:33:50.769 INFO   [98210C\3A7670] Auto-router pass #886 on board 'fb049c47633c1638efb58b7367f21d08' was completed in 0,15 seconds with the score of 985,09 (1 unrouted), using 14083,95 CPU seconds and 85293 MB memory.
2026-09-24 18:33:50.932 INFO   [98210C\3A7670] Auto-router pass #887 on board 'fb049c47633c1638efb58b7367f21d08' was completed in 0,15 seconds with the score of 985,09 (1 unrouted), using 14083,95 CPU seconds and 85293 MB memory.
2026-09-24 18:33:51.127 INFO   [98210C\3A7670] Auto-router pass #888 on board 'fb049c47633c1638efb58b7367f21d08' was completed in 0,18 seconds with the score of 985,09 (1 unrouted), using 14248,55 CPU seconds and 85850 MB memory.
2026-09-24 18:33:51.316 INFO   [98210C\3A7670] Auto-router pass #889 on board 'fb049c47633c1638efb58b7367f21d08' was completed in 0,17 seconds with the score of 985,09 (1 unrouted), using 14248,55 CPU seconds and 85850 MB memory.
2026-09-24 18:33:51.514 INFO   [98210C\3A7670] Auto-router pass #890 on board 'fb049c47633c1638efb58b7367f21d08' was completed in 0,18 seconds with the score of 985,09 (1 unrouted), using 14248,55 CPU seconds and 85850 MB memory.
2026-09-24 18:33:51.672 INFO   [98210C\3A7670] Auto-router pass #891 on board 'fb049c47633c1638efb58b7367f21d08' was completed in 0,14 seconds with the score of 985,09 (1 unrouted), using 14248,55 CPU seconds and 85850 MB memory.
2026-09-24 18:33:51.855 INFO   [98210C\3A7670] Auto-router pass #892 on board 'fb049c47633c1638efb58b7367f21d08' was completed in 0,17 seconds with the score of 985,09 (1 unrouted), using 14248,55 CPU seconds and 85850 MB memory.
2026-09-24 18:33:51.991 INFO   [98210C\3A7670] Auto-router pass #893 on board 'fb049c47633c1638efb58b7367f21d08' was completed in 0,12 seconds with the score of 985,09 (1 unrouted), using 14414,12 CPU seconds and 86390 MB memory.
2026-09-24 18:33:52.148 INFO   [98210C\3A7670] Auto-router pass #894 on board 'fb049c47633c1638efb58b7367f21d08' was completed in 0,14 seconds with the score of 985,09 (1 unrouted), using 14414,12 CPU seconds and 86390 MB memory.
2026-09-24 18:33:52.285 INFO   [98210C\3A7670] Auto-router pass #895 on board 'fb049c47633c1638efb58b7367f21d08' was completed in 0,12 seconds with the score of 985,09 (1 unrouted), using 14414,12 CPU seconds and 86390 MB memory.
2026-09-24 18:33:52.465 INFO   [98210C\3A7670] Auto-router pass #896 on board 'fb049c47633c1638efb58b7367f21d08' was completed in 0,17 seconds with the score of 985,09 (1 unrouted), using 14414,12 CPU seconds and 86390 MB memory.
2026-09-24 18:33:52.624 INFO   [98210C\3A7670] Auto-router pass #897 on board 'fb049c47633c1638efb58b7367f21d08' was completed in 0,15 seconds with the score of 985,09 (1 unrouted), using 14414,12 CPU seconds and 86390 MB memory.
2026-09-24 18:33:52.804 INFO   [98210C\3A7670] Auto-router pass #898 on board 'fb049c47633c1638efb58b7367f21d08' was completed in 0,16 seconds with the score of 985,09 (1 unrouted), using 14414,12 CPU seconds and 86390 MB memory.
2026-09-24 18:33:52.976 INFO   [98210C\3A7670] Auto-router pass #899 on board 'fb049c47633c1638efb58b7367f21d08' was completed in 0,16 seconds with the score of 985,09 (1 unrouted), using 14580,66 CPU seconds and 86943 MB memory.
2026-09-24 18:33:53.173 INFO   [98210C\3A7670] Auto-router pass #900 on board 'fb049c47633c1638efb58b7367f21d08' was completed in 0,18 seconds with the score of 985,09 (1 unrouted), using 14580,66 CPU seconds and 86943 MB memory.
2026-09-24 18:33:53.337 INFO   [98210C\3A7670] Auto-router pass #901 on board 'fb049c47633c1638efb58b7367f21d08' was completed in 0,15 seconds with the score of 985,09 (1 unrouted), using 14580,66 CPU seconds and 86943 MB memory.
2026-09-24 18:33:53.502 INFO   [98210C\3A7670] Auto-router pass #902 on board 'fb049c47633c1638efb58b7367f21d08' was completed in 0,15 seconds with the score of 985,09 (1 unrouted), using 14580,66 CPU seconds and 86943 MB memory.
2026-09-24 18:33:53.659 INFO   [98210C\3A7670] Auto-router pass #903 on board 'fb049c47633c1638efb58b7367f21d08' was completed in 0,14 seconds with the score of 985,09 (1 unrouted), using 14580,66 CPU seconds and 86943 MB memory.
2026-09-24 18:33:53.876 INFO   [98210C\3A7670] Auto-router pass #904 on board 'fb049c47633c1638efb58b7367f21d08' was completed in 0,20 seconds with the score of 985,09 (1 unrouted), using 14580,66 CPU seconds and 86943 MB memory.
2026-09-24 18:33:54.027 INFO   [98210C\3A7670] Auto-router pass #905 on board 'fb049c47633c1638efb58b7367f21d08' was completed in 0,14 seconds with the score of 985,09 (1 unrouted), using 14748,19 CPU seconds and 87480 MB memory.
2026-09-24 18:33:54.204 INFO   [98210C\3A7670] Auto-router pass #906 on board 'fb049c47633c1638efb58b7367f21d08' was completed in 0,16 seconds with the score of 985,09 (1 unrouted), using 14748,19 CPU seconds and 87480 MB memory.
2026-09-24 18:33:54.417 INFO   [98210C\3A7670] Auto-router pass #907 on board 'fb049c47633c1638efb58b7367f21d08' was completed in 0,20 seconds with the score of 985,09 (1 unrouted), using 14748,19 CPU seconds and 87480 MB memory.
2026-09-24 18:33:54.657 INFO   [98210C\3A7670] Auto-router pass #908 on board 'fb049c47633c1638efb58b7367f21d08' was completed in 0,22 seconds with the score of 985,09 (1 unrouted), using 14748,19 CPU seconds and 87480 MB memory.
2026-09-24 18:33:54.813 INFO   [98210C\3A7670] Auto-router pass #909 on board 'fb049c47633c1638efb58b7367f21d08' was completed in 0,14 seconds with the score of 985,09 (1 unrouted), using 14748,19 CPU seconds and 87480 MB memory.
2026-09-24 18:33:54.980 INFO   [98210C\3A7670] Auto-router pass #910 on board 'fb049c47633c1638efb58b7367f21d08' was completed in 0,15 seconds with the score of 985,09 (1 unrouted), using 14748,19 CPU seconds and 87480 MB memory.
2026-09-24 18:33:55.137 INFO   [98210C\3A7670] Auto-router pass #911 on board 'fb049c47633c1638efb58b7367f21d08' was completed in 0,14 seconds with the score of 985,09 (1 unrouted), using 14916,72 CPU seconds and 87967 MB memory.
2026-09-24 18:33:55.361 INFO   [98210C\3A7670] Auto-router pass #912 on board 'fb049c47633c1638efb58b7367f21d08' was completed in 0,21 seconds with the score of 985,09 (1 unrouted), using 14916,72 CPU seconds and 87967 MB memory.
2026-09-24 18:33:55.530 INFO   [98210C\3A7670] Auto-router pass #913 on board 'fb049c47633c1638efb58b7367f21d08' was completed in 0,16 seconds with the score of 985,09 (1 unrouted), using 14916,72 CPU seconds and 87967 MB memory.
2026-09-24 18:33:55.712 INFO   [98210C\3A7670] Auto-router pass #914 on board 'fb049c47633c1638efb58b7367f21d08' was completed in 0,17 seconds with the score of 985,09 (1 unrouted), using 14916,72 CPU seconds and 87967 MB memory.
2026-09-24 18:33:55.877 INFO   [98210C\3A7670] Auto-router pass #915 on board 'fb049c47633c1638efb58b7367f21d08' was completed in 0,15 seconds with the score of 985,09 (1 unrouted), using 14916,72 CPU seconds and 87967 MB memory.
2026-09-24 18:33:56.101 INFO   [98210C\3A7670] Auto-router pass #916 on board 'fb049c47633c1638efb58b7367f21d08' was completed in 0,21 seconds with the score of 985,09 (1 unrouted), using 15086,19 CPU seconds and 88481 MB memory.
2026-09-24 18:33:56.312 INFO   [98210C\3A7670] Auto-router pass #917 on board 'fb049c47633c1638efb58b7367f21d08' was completed in 0,19 seconds with the score of 985,09 (1 unrouted), using 15086,19 CPU seconds and 88481 MB memory.
2026-09-24 18:33:56.478 INFO   [98210C\3A7670] Auto-router pass #918 on board 'fb049c47633c1638efb58b7367f21d08' was completed in 0,15 seconds with the score of 985,09 (1 unrouted), using 15086,19 CPU seconds and 88481 MB memory.
2026-09-24 18:33:56.638 INFO   [98210C\3A7670] Auto-router pass #919 on board 'fb049c47633c1638efb58b7367f21d08' was completed in 0,15 seconds with the score of 985,09 (1 unrouted), using 15086,19 CPU seconds and 88481 MB memory.
2026-09-24 18:33:56.877 INFO   [98210C\3A7670] Auto-router pass #920 on board 'fb049c47633c1638efb58b7367f21d08' was completed in 0,22 seconds with the score of 985,09 (1 unrouted), using 15086,19 CPU seconds and 88481 MB memory.
2026-09-24 18:33:57.042 INFO   [98210C\3A7670] Auto-router pass #921 on board 'fb049c47633c1638efb58b7367f21d08' was completed in 0,15 seconds with the score of 985,09 (1 unrouted), using 15256,64 CPU seconds and 88960 MB memory.
2026-09-24 18:33:57.204 INFO   [98210C\3A7670] Auto-router pass #922 on board 'fb049c47633c1638efb58b7367f21d08' was completed in 0,15 seconds with the score of 985,09 (1 unrouted), using 15256,64 CPU seconds and 88960 MB memory.
2026-09-24 18:33:57.386 INFO   [98210C\3A7670] Auto-router pass #923 on board 'fb049c47633c1638efb58b7367f21d08' was completed in 0,17 seconds with the score of 985,09 (1 unrouted), using 15256,64 CPU seconds and 88960 MB memory.
2026-09-24 18:33:57.608 INFO   [98210C\3A7670] Auto-router pass #924 on board 'fb049c47633c1638efb58b7367f21d08' was completed in 0,20 seconds with the score of 985,09 (1 unrouted), using 15256,64 CPU seconds and 88960 MB memory.
2026-09-24 18:33:57.766 INFO   [98210C\3A7670] Auto-router pass #925 on board 'fb049c47633c1638efb58b7367f21d08' was completed in 0,15 seconds with the score of 985,09 (1 unrouted), using 15256,64 CPU seconds and 88960 MB memory.
2026-09-24 18:33:57.929 INFO   [98210C\3A7670] Auto-router pass #926 on board 'fb049c47633c1638efb58b7367f21d08' was completed in 0,15 seconds with the score of 985,09 (1 unrouted), using 15256,64 CPU seconds and 88960 MB memory.
2026-09-24 18:33:58.088 INFO   [98210C\3A7670] Auto-router pass #927 on board 'fb049c47633c1638efb58b7367f21d08' was completed in 0,14 seconds with the score of 985,09 (1 unrouted), using 15428,08 CPU seconds and 89487 MB memory.
2026-09-24 18:33:58.282 INFO   [98210C\3A7670] Auto-router pass #928 on board 'fb049c47633c1638efb58b7367f21d08' was completed in 0,18 seconds with the score of 985,09 (1 unrouted), using 15428,08 CPU seconds and 89487 MB memory.
2026-09-24 18:33:58.476 INFO   [98210C\3A7670] Auto-router pass #929 on board 'fb049c47633c1638efb58b7367f21d08' was completed in 0,18 seconds with the score of 985,09 (1 unrouted), using 15428,08 CPU seconds and 89487 MB memory.
2026-09-24 18:33:58.688 INFO   [98210C\3A7670] Auto-router pass #930 on board 'fb049c47633c1638efb58b7367f21d08' was completed in 0,20 seconds with the score of 985,09 (1 unrouted), using 15428,08 CPU seconds and 89487 MB memory.
2026-09-24 18:33:58.903 INFO   [98210C\3A7670] Auto-router pass #931 on board 'fb049c47633c1638efb58b7367f21d08' was completed in 0,19 seconds with the score of 985,09 (1 unrouted), using 15428,08 CPU seconds and 89487 MB memory.
2026-09-24 18:33:59.148 INFO   [98210C\3A7670] Auto-router pass #932 on board 'fb049c47633c1638efb58b7367f21d08' was completed in 0,23 seconds with the score of 985,09 (1 unrouted), using 15600,47 CPU seconds and 89945 MB memory.
2026-09-24 18:33:59.339 INFO   [98210C\3A7670] Auto-router pass #933 on board 'fb049c47633c1638efb58b7367f21d08' was completed in 0,18 seconds with the score of 985,09 (1 unrouted), using 15600,47 CPU seconds and 89945 MB memory.
2026-09-24 18:33:59.524 INFO   [98210C\3A7670] Auto-router pass #934 on board 'fb049c47633c1638efb58b7367f21d08' was completed in 0,17 seconds with the score of 985,09 (1 unrouted), using 15600,47 CPU seconds and 89945 MB memory.
2026-09-24 18:33:59.698 INFO   [98210C\3A7670] Auto-router pass #935 on board 'fb049c47633c1638efb58b7367f21d08' was completed in 0,16 seconds with the score of 985,09 (1 unrouted), using 15600,47 CPU seconds and 89945 MB memory.
2026-09-24 18:33:59.894 INFO   [98210C\3A7670] Auto-router pass #936 on board 'fb049c47633c1638efb58b7367f21d08' was completed in 0,18 seconds with the score of 985,09 (1 unrouted), using 15600,47 CPU seconds and 89945 MB memory.
2026-09-24 18:34:00.070 INFO   [98210C\3A7670] Auto-router pass #937 on board 'fb049c47633c1638efb58b7367f21d08' was completed in 0,16 seconds with the score of 985,09 (1 unrouted), using 15773,80 CPU seconds and 90438 MB memory.
2026-09-24 18:34:00.244 INFO   [98210C\3A7670] Auto-router pass #938 on board 'fb049c47633c1638efb58b7367f21d08' was completed in 0,16 seconds with the score of 985,09 (1 unrouted), using 15773,80 CPU seconds and 90438 MB memory.
2026-09-24 18:34:00.409 INFO   [98210C\3A7670] Auto-router pass #939 on board 'fb049c47633c1638efb58b7367f21d08' was completed in 0,15 seconds with the score of 985,09 (1 unrouted), using 15773,80 CPU seconds and 90438 MB memory.
2026-09-24 18:34:00.609 INFO   [98210C\3A7670] Auto-router pass #940 on board 'fb049c47633c1638efb58b7367f21d08' was completed in 0,18 seconds with the score of 985,09 (1 unrouted), using 15773,80 CPU seconds and 90438 MB memory.
2026-09-24 18:34:00.766 INFO   [98210C\3A7670] Auto-router pass #941 on board 'fb049c47633c1638efb58b7367f21d08' was completed in 0,15 seconds with the score of 985,09 (1 unrouted), using 15773,80 CPU seconds and 90438 MB memory.
2026-09-24 18:34:00.922 INFO   [98210C\3A7670] Auto-router pass #942 on board 'fb049c47633c1638efb58b7367f21d08' was completed in 0,14 seconds with the score of 985,09 (1 unrouted), using 15773,80 CPU seconds and 90438 MB memory.
2026-09-24 18:34:01.092 INFO   [98210C\3A7670] Auto-router pass #943 on board 'fb049c47633c1638efb58b7367f21d08' was completed in 0,15 seconds with the score of 985,09 (1 unrouted), using 15948,11 CPU seconds and 90976 MB memory.
2026-09-24 18:34:01.284 INFO   [98210C\3A7670] Auto-router pass #944 on board 'fb049c47633c1638efb58b7367f21d08' was completed in 0,18 seconds with the score of 985,09 (1 unrouted), using 15948,11 CPU seconds and 90976 MB memory.
2026-09-24 18:34:01.436 INFO   [98210C\3A7670] Auto-router pass #945 on board 'fb049c47633c1638efb58b7367f21d08' was completed in 0,14 seconds with the score of 985,09 (1 unrouted), using 15948,11 CPU seconds and 90976 MB memory.
2026-09-24 18:34:01.595 INFO   [98210C\3A7670] Auto-router pass #946 on board 'fb049c47633c1638efb58b7367f21d08' was completed in 0,14 seconds with the score of 985,09 (1 unrouted), using 15948,11 CPU seconds and 90976 MB memory.
2026-09-24 18:34:01.747 INFO   [98210C\3A7670] Auto-router pass #947 on board 'fb049c47633c1638efb58b7367f21d08' was completed in 0,14 seconds with the score of 985,09 (1 unrouted), using 15948,11 CPU seconds and 90976 MB memory.
2026-09-24 18:34:01.934 INFO   [98210C\3A7670] Auto-router pass #948 on board 'fb049c47633c1638efb58b7367f21d08' was completed in 0,17 seconds with the score of 985,09 (1 unrouted), using 15948,11 CPU seconds and 90976 MB memory.
2026-09-24 18:34:02.083 INFO   [98210C\3A7670] Auto-router pass #949 on board 'fb049c47633c1638efb58b7367f21d08' was completed in 0,14 seconds with the score of 985,09 (1 unrouted), using 16123,34 CPU seconds and 91543 MB memory.
2026-09-24 18:34:02.272 INFO   [98210C\3A7670] Auto-router pass #950 on board 'fb049c47633c1638efb58b7367f21d08' was completed in 0,18 seconds with the score of 985,09 (1 unrouted), using 16123,34 CPU seconds and 91543 MB memory.
2026-09-24 18:34:02.467 INFO   [98210C\3A7670] Auto-router pass #951 on board 'fb049c47633c1638efb58b7367f21d08' was completed in 0,18 seconds with the score of 985,09 (1 unrouted), using 16123,34 CPU seconds and 91543 MB memory.
2026-09-24 18:34:02.709 INFO   [98210C\3A7670] Auto-router pass #952 on board 'fb049c47633c1638efb58b7367f21d08' was completed in 0,23 seconds with the score of 985,09 (1 unrouted), using 16123,34 CPU seconds and 91543 MB memory.
2026-09-24 18:34:02.877 INFO   [98210C\3A7670] Auto-router pass #953 on board 'fb049c47633c1638efb58b7367f21d08' was completed in 0,16 seconds with the score of 985,09 (1 unrouted), using 16123,34 CPU seconds and 91543 MB memory.
2026-09-24 18:34:03.038 INFO   [98210C\3A7670] Auto-router pass #954 on board 'fb049c47633c1638efb58b7367f21d08' was completed in 0,15 seconds with the score of 985,09 (1 unrouted), using 16123,34 CPU seconds and 91543 MB memory.
2026-09-24 18:34:03.209 INFO   [98210C\3A7670] Auto-router pass #955 on board 'fb049c47633c1638efb58b7367f21d08' was completed in 0,15 seconds with the score of 985,09 (1 unrouted), using 16299,53 CPU seconds and 92027 MB memory.
2026-09-24 18:34:03.428 INFO   [98210C\3A7670] Auto-router pass #956 on board 'fb049c47633c1638efb58b7367f21d08' was completed in 0,21 seconds with the score of 985,09 (1 unrouted), using 16299,53 CPU seconds and 92027 MB memory.
2026-09-24 18:34:03.593 INFO   [98210C\3A7670] Auto-router pass #957 on board 'fb049c47633c1638efb58b7367f21d08' was completed in 0,15 seconds with the score of 985,09 (1 unrouted), using 16299,53 CPU seconds and 92027 MB memory.
2026-09-24 18:34:03.763 INFO   [98210C\3A7670] Auto-router pass #958 on board 'fb049c47633c1638efb58b7367f21d08' was completed in 0,16 seconds with the score of 985,09 (1 unrouted), using 16299,53 CPU seconds and 92027 MB memory.
2026-09-24 18:34:03.930 INFO   [98210C\3A7670] Auto-router pass #959 on board 'fb049c47633c1638efb58b7367f21d08' was completed in 0,15 seconds with the score of 985,09 (1 unrouted), using 16299,53 CPU seconds and 92027 MB memory.
2026-09-24 18:34:04.140 INFO   [98210C\3A7670] Auto-router pass #960 on board 'fb049c47633c1638efb58b7367f21d08' was completed in 0,20 seconds with the score of 985,09 (1 unrouted), using 16476,66 CPU seconds and 92541 MB memory.
2026-09-24 18:34:04.314 INFO   [98210C\3A7670] Auto-router pass #961 on board 'fb049c47633c1638efb58b7367f21d08' was completed in 0,16 seconds with the score of 985,09 (1 unrouted), using 16476,66 CPU seconds and 92541 MB memory.
2026-09-24 18:34:04.475 INFO   [98210C\3A7670] Auto-router pass #962 on board 'fb049c47633c1638efb58b7367f21d08' was completed in 0,15 seconds with the score of 985,09 (1 unrouted), using 16476,66 CPU seconds and 92541 MB memory.
2026-09-24 18:34:04.643 INFO   [98210C\3A7670] Auto-router pass #963 on board 'fb049c47633c1638efb58b7367f21d08' was completed in 0,15 seconds with the score of 985,09 (1 unrouted), using 16476,66 CPU seconds and 92541 MB memory.
2026-09-24 18:34:04.885 INFO   [98210C\3A7670] Auto-router pass #964 on board 'fb049c47633c1638efb58b7367f21d08' was completed in 0,22 seconds with the score of 985,09 (1 unrouted), using 16476,66 CPU seconds and 92541 MB memory.
2026-09-24 18:34:05.066 INFO   [98210C\3A7670] Auto-router pass #965 on board 'fb049c47633c1638efb58b7367f21d08' was completed in 0,17 seconds with the score of 985,09 (1 unrouted), using 16654,73 CPU seconds and 93038 MB memory.
2026-09-24 18:34:05.248 INFO   [98210C\3A7670] Auto-router pass #966 on board 'fb049c47633c1638efb58b7367f21d08' was completed in 0,17 seconds with the score of 985,09 (1 unrouted), using 16654,73 CPU seconds and 93038 MB memory.
2026-09-24 18:34:05.437 INFO   [98210C\3A7670] Auto-router pass #967 on board 'fb049c47633c1638efb58b7367f21d08' was completed in 0,17 seconds with the score of 985,09 (1 unrouted), using 16654,73 CPU seconds and 93038 MB memory.
2026-09-24 18:34:05.660 INFO   [98210C\3A7670] Auto-router pass #968 on board 'fb049c47633c1638efb58b7367f21d08' was completed in 0,21 seconds with the score of 985,09 (1 unrouted), using 16654,73 CPU seconds and 93038 MB memory.
2026-09-24 18:34:05.826 INFO   [98210C\3A7670] Auto-router pass #969 on board 'fb049c47633c1638efb58b7367f21d08' was completed in 0,15 seconds with the score of 985,09 (1 unrouted), using 16654,73 CPU seconds and 93038 MB memory.
2026-09-24 18:34:06.000 INFO   [98210C\3A7670] Auto-router pass #970 on board 'fb049c47633c1638efb58b7367f21d08' was completed in 0,16 seconds with the score of 985,09 (1 unrouted), using 16654,73 CPU seconds and 93038 MB memory.
2026-09-24 18:34:06.218 INFO   [98210C\3A7670] Auto-router pass #971 on board 'fb049c47633c1638efb58b7367f21d08' was completed in 0,20 seconds with the score of 985,09 (1 unrouted), using 16833,81 CPU seconds and 93525 MB memory.
2026-09-24 18:34:06.510 INFO   [98210C\3A7670] Auto-router pass #972 on board 'fb049c47633c1638efb58b7367f21d08' was completed in 0,27 seconds with the score of 985,09 (1 unrouted), using 16833,81 CPU seconds and 93525 MB memory.
2026-09-24 18:34:06.736 INFO   [98210C\3A7670] Auto-router pass #973 on board 'fb049c47633c1638efb58b7367f21d08' was completed in 0,21 seconds with the score of 985,09 (1 unrouted), using 16833,81 CPU seconds and 93525 MB memory.
2026-09-24 18:34:06.961 INFO   [98210C\3A7670] Auto-router pass #974 on board 'fb049c47633c1638efb58b7367f21d08' was completed in 0,21 seconds with the score of 985,09 (1 unrouted), using 16833,81 CPU seconds and 93525 MB memory.
2026-09-24 18:34:07.187 INFO   [98210C\3A7670] Auto-router pass #975 on board 'fb049c47633c1638efb58b7367f21d08' was completed in 0,20 seconds with the score of 985,09 (1 unrouted), using 17013,88 CPU seconds and 93903 MB memory.
2026-09-24 18:34:07.482 INFO   [98210C\3A7670] Auto-router pass #976 on board 'fb049c47633c1638efb58b7367f21d08' was completed in 0,28 seconds with the score of 985,09 (1 unrouted), using 17013,88 CPU seconds and 93903 MB memory.
2026-09-24 18:34:07.684 INFO   [98210C\3A7670] Auto-router pass #977 on board 'fb049c47633c1638efb58b7367f21d08' was completed in 0,18 seconds with the score of 985,09 (1 unrouted), using 17013,88 CPU seconds and 93903 MB memory.
2026-09-24 18:34:07.887 INFO   [98210C\3A7670] Auto-router pass #978 on board 'fb049c47633c1638efb58b7367f21d08' was completed in 0,18 seconds with the score of 985,09 (1 unrouted), using 17013,88 CPU seconds and 93903 MB memory.
2026-09-24 18:34:08.089 INFO   [98210C\3A7670] Auto-router pass #979 on board 'fb049c47633c1638efb58b7367f21d08' was completed in 0,18 seconds with the score of 985,09 (1 unrouted), using 17194,81 CPU seconds and 94311 MB memory.
2026-09-24 18:34:08.313 INFO   [98210C\3A7670] Auto-router pass #980 on board 'fb049c47633c1638efb58b7367f21d08' was completed in 0,21 seconds with the score of 985,09 (1 unrouted), using 17194,81 CPU seconds and 94311 MB memory.
2026-09-24 18:34:08.490 INFO   [98210C\3A7670] Auto-router pass #981 on board 'fb049c47633c1638efb58b7367f21d08' was completed in 0,16 seconds with the score of 985,09 (1 unrouted), using 17194,81 CPU seconds and 94311 MB memory.
2026-09-24 18:34:08.661 INFO   [98210C\3A7670] Auto-router pass #982 on board 'fb049c47633c1638efb58b7367f21d08' was completed in 0,16 seconds with the score of 985,09 (1 unrouted), using 17194,81 CPU seconds and 94311 MB memory.
2026-09-24 18:34:08.845 INFO   [98210C\3A7670] Auto-router pass #983 on board 'fb049c47633c1638efb58b7367f21d08' was completed in 0,17 seconds with the score of 985,09 (1 unrouted), using 17194,81 CPU seconds and 94311 MB memory.
2026-09-24 18:34:09.077 INFO   [98210C\3A7670] Auto-router pass #984 on board 'fb049c47633c1638efb58b7367f21d08' was completed in 0,21 seconds with the score of 985,09 (1 unrouted), using 17376,73 CPU seconds and 94802 MB memory.
2026-09-24 18:34:09.262 INFO   [98210C\3A7670] Auto-router pass #985 on board 'fb049c47633c1638efb58b7367f21d08' was completed in 0,17 seconds with the score of 985,09 (1 unrouted), using 17376,73 CPU seconds and 94802 MB memory.
2026-09-24 18:34:09.449 INFO   [98210C\3A7670] Auto-router pass #986 on board 'fb049c47633c1638efb58b7367f21d08' was completed in 0,17 seconds with the score of 985,09 (1 unrouted), using 17376,73 CPU seconds and 94802 MB memory.
2026-09-24 18:34:09.628 INFO   [98210C\3A7670] Auto-router pass #987 on board 'fb049c47633c1638efb58b7367f21d08' was completed in 0,16 seconds with the score of 985,09 (1 unrouted), using 17376,73 CPU seconds and 94802 MB memory.
2026-09-24 18:34:09.823 INFO   [98210C\3A7670] Auto-router pass #988 on board 'fb049c47633c1638efb58b7367f21d08' was completed in 0,18 seconds with the score of 985,09 (1 unrouted), using 17376,73 CPU seconds and 94802 MB memory.
2026-09-24 18:34:10.001 INFO   [98210C\3A7670] Auto-router pass #989 on board 'fb049c47633c1638efb58b7367f21d08' was completed in 0,16 seconds with the score of 985,09 (1 unrouted), using 17376,73 CPU seconds and 94802 MB memory.
2026-09-24 18:34:10.233 INFO   [98210C\3A7670] Auto-router pass #990 on board 'fb049c47633c1638efb58b7367f21d08' was completed in 0,22 seconds with the score of 985,09 (1 unrouted), using 17559,62 CPU seconds and 95290 MB memory.
2026-09-24 18:34:10.489 INFO   [98210C\3A7670] Auto-router pass #991 on board 'fb049c47633c1638efb58b7367f21d08' was completed in 0,20 seconds with the score of 985,09 (1 unrouted), using 17559,62 CPU seconds and 95290 MB memory.
2026-09-24 18:34:10.699 INFO   [98210C\3A7670] Auto-router pass #992 on board 'fb049c47633c1638efb58b7367f21d08' was completed in 0,19 seconds with the score of 985,09 (1 unrouted), using 17559,62 CPU seconds and 95290 MB memory.
2026-09-24 18:34:10.868 INFO   [98210C\3A7670] Auto-router pass #993 on board 'fb049c47633c1638efb58b7367f21d08' was completed in 0,16 seconds with the score of 985,09 (1 unrouted), using 17559,62 CPU seconds and 95290 MB memory.
2026-09-24 18:34:11.029 INFO   [98210C\3A7670] Auto-router pass #994 on board 'fb049c47633c1638efb58b7367f21d08' was completed in 0,15 seconds with the score of 985,09 (1 unrouted), using 17559,62 CPU seconds and 95290 MB memory.
2026-09-24 18:34:11.210 INFO   [98210C\3A7670] Auto-router pass #995 on board 'fb049c47633c1638efb58b7367f21d08' was completed in 0,17 seconds with the score of 985,09 (1 unrouted), using 17743,33 CPU seconds and 95748 MB memory.
2026-09-24 18:34:11.456 INFO   [98210C\3A7670] Auto-router pass #996 on board 'fb049c47633c1638efb58b7367f21d08' was completed in 0,24 seconds with the score of 985,09 (1 unrouted), using 17743,33 CPU seconds and 95748 MB memory.
2026-09-24 18:34:11.606 INFO   [98210C\3A7670] Auto-router pass #997 on board 'fb049c47633c1638efb58b7367f21d08' was completed in 0,13 seconds with the score of 985,09 (1 unrouted), using 17743,33 CPU seconds and 95748 MB memory.
2026-09-24 18:34:11.753 INFO   [98210C\3A7670] Auto-router pass #998 on board 'fb049c47633c1638efb58b7367f21d08' was completed in 0,13 seconds with the score of 985,09 (1 unrouted), using 17743,33 CPU seconds and 95748 MB memory.
2026-09-24 18:34:11.876 INFO   [98210C\3A7670] Auto-router pass #999 on board 'fb049c47633c1638efb58b7367f21d08' was completed in 0,11 seconds with the score of 985,09 (1 unrouted), using 17743,33 CPU seconds and 95748 MB memory.
{
  "host": "KiCad's Pcbnew,10.0.6",
  "unit": "mm",
  "board": {
    "bounding_box": {
      "x": 1601.0,
      "y": 1.0,
      "width": -1.0,
      "height": -1201.0
    },
    "size": {
      "x": 0.0,
      "y": 0.0,
      "width": 1602.0,
      "height": 1202.0
    }
  },
  "layers": {
    "total_count": 2,
    "signal_count": 2
  },
  "items": {
    "total_count": 1656,
    "trace_count": 271,
    "via_count": 3,
    "conduction_area_count": 2,
    "drill_item_count": 199,
    "pin_count": 0,
    "component_count": 1154,
    "other_count": 27
  },
  "components": {
    "total_count": 95
  },
  "pads": {
    "total_count": 199
  },
  "nets": {
    "total_count": 35,
    "class_count": 3
  },
  "connections": {
    "maximum_count": 436,
    "incomplete_count": 1
  },
  "traces": {
    "total_count": 271,
    "total_segment_count": 409,
    "total_length": 20467.934,
    "total_weighted_length": 8.028197E7,
    "average_length": 75.52743,
    "total_vertical_length": 7973.043,
    "total_horizontal_length": 6380.523,
    "total_angled_length": 4768.983
  },
  "bends": {
    "total_count": 138,
    "90_degree_count": 0,
    "45_degree_count": 138,
    "other_angle_count": 0
  },
  "vias": {
    "total_count": 3,
    "through_hole_count": 3,
    "blind_count": 0,
    "buried_count": 0
  },
  "clearance_violations": {
    "total_count": 0
  }
}
