2026-09-25 14:18:46.781 INFO   Freerouting v2.1.0 (build-date: 2025-04-12)
2026-09-25 14:18:54.898 WARN   No default constructor found for field: currentLocale
2026-09-25 14:18:54.899 INFO   Settings were loaded from freerouting.json
2026-09-25 14:18:56.873 INFO   New version available: v2.4.1
2026-09-25 14:18:57.561 INFO   [FC9CEA\D38C0B] Job 'FC9CEA\D38C0B' started at 2026-09-25T12:18:57.560666700Z
2026-09-25 14:19:02.035 INFO   [FC9CEA\D38C0B] Auto-router pass #1 on board '7e725cca781ebc31ab7929978e4cfb47' was completed in 4,15 seconds with the score of 968,45 (4 unrouted), using 8,78 CPU seconds and 1714 MB memory.
2026-09-25 14:19:02.532 INFO   [FC9CEA\D38C0B] Auto-router pass #2 on board 'b6430bf62861d2adaa1303bce0ba190c' was completed in 0,43 seconds with the score of 976,16 (2 unrouted), using 8,78 CPU seconds and 1714 MB memory.
2026-09-25 14:19:02.770 INFO   [FC9CEA\D38C0B] Auto-router pass #3 on board '8e4d50a10077b5ec35ecafca02d3b085' was completed in 0,17 seconds with the score of 976,25 (2 unrouted), using 13,27 CPU seconds and 2249 MB memory.
2026-09-25 14:19:03.093 INFO   [FC9CEA\D38C0B] Auto-router pass #4 on board '6a723d32b14959eb210c9f80e8cc5587' was completed in 0,25 seconds with the score of 976,43 (2 unrouted), using 13,27 CPU seconds and 2249 MB memory.
2026-09-25 14:19:03.332 INFO   [FC9CEA\D38C0B] Auto-router pass #5 on board '8a350e3dd0fa99552427619f65f012aa' was completed in 0,18 seconds with the score of 976,52 (2 unrouted), using 13,27 CPU seconds and 2249 MB memory.
2026-09-25 14:19:03.555 INFO   [FC9CEA\D38C0B] Auto-router pass #6 on board '7a430a9628a18afce708235000246208' was completed in 0,17 seconds with the score of 976,61 (2 unrouted), using 13,27 CPU seconds and 2249 MB memory.
2026-09-25 14:19:03.789 INFO   [FC9CEA\D38C0B] Auto-router pass #7 on board '00e84526e4d424a0ea262f6a795a8b74' was completed in 0,19 seconds with the score of 976,69 (2 unrouted), using 18,70 CPU seconds and 2724 MB memory.
2026-09-25 14:19:04.040 INFO   [FC9CEA\D38C0B] Auto-router pass #8 on board '89c5b3ff2caaf677a6392ddf1f68a2b0' was completed in 0,20 seconds with the score of 976,78 (2 unrouted), using 18,70 CPU seconds and 2724 MB memory.
2026-09-25 14:19:04.322 INFO   [FC9CEA\D38C0B] Auto-router pass #9 on board '1d96b68c1b4d6f3648838c825e83622a' was completed in 0,21 seconds with the score of 976,87 (2 unrouted), using 18,70 CPU seconds and 2724 MB memory.
2026-09-25 14:19:04.549 INFO   [FC9CEA\D38C0B] Auto-router pass #10 on board 'a4b209fcd39ef6bbb7c402cbcadf10ed' was completed in 0,18 seconds with the score of 976,95 (2 unrouted), using 18,70 CPU seconds and 2724 MB memory.
2026-09-25 14:19:04.756 INFO   [FC9CEA\D38C0B] Auto-router pass #11 on board '7a29e57d0fb8516e8554854168a4f6b6' was completed in 0,15 seconds with the score of 977,04 (2 unrouted), using 25,06 CPU seconds and 3206 MB memory.
2026-09-25 14:19:05.049 INFO   [FC9CEA\D38C0B] Auto-router pass #12 on board '1754801ce8553cee80f94aed4a43e389' was completed in 0,24 seconds with the score of 977,12 (2 unrouted), using 25,06 CPU seconds and 3206 MB memory.
2026-09-25 14:19:05.310 INFO   [FC9CEA\D38C0B] Auto-router pass #13 on board 'b8d96be4fea9914f822108bd679eaf6e' was completed in 0,21 seconds with the score of 977,20 (2 unrouted), using 25,06 CPU seconds and 3206 MB memory.
2026-09-25 14:19:05.523 INFO   [FC9CEA\D38C0B] Auto-router pass #14 on board '287fe1bc3f8b14e3add459ab0f0a61e5' was completed in 0,17 seconds with the score of 977,29 (2 unrouted), using 25,06 CPU seconds and 3206 MB memory.
2026-09-25 14:19:05.755 INFO   [FC9CEA\D38C0B] Auto-router pass #15 on board '41fb47f349e350132a722ef1067fecca' was completed in 0,18 seconds with the score of 977,37 (2 unrouted), using 32,28 CPU seconds and 3713 MB memory.
2026-09-25 14:19:06.008 INFO   [FC9CEA\D38C0B] Auto-router pass #16 on board '5f45435b073b6d2ae3e2b1f7fceda940' was completed in 0,21 seconds with the score of 977,45 (2 unrouted), using 32,28 CPU seconds and 3713 MB memory.
2026-09-25 14:19:06.257 INFO   [FC9CEA\D38C0B] Auto-router pass #17 on board '3f8a055b941878b75cd3482e06dbf0ae' was completed in 0,19 seconds with the score of 977,53 (2 unrouted), using 32,28 CPU seconds and 3713 MB memory.
2026-09-25 14:19:06.493 INFO   [FC9CEA\D38C0B] Auto-router pass #18 on board '0a5b2cf931195771e92472ddafa9fad6' was completed in 0,20 seconds with the score of 977,61 (2 unrouted), using 32,28 CPU seconds and 3713 MB memory.
2026-09-25 14:19:06.777 INFO   [FC9CEA\D38C0B] Auto-router pass #19 on board '4084da4d49dc8a3bede850c1871ace22' was completed in 0,22 seconds with the score of 977,69 (2 unrouted), using 40,47 CPU seconds and 4203 MB memory.
2026-09-25 14:19:07.083 INFO   [FC9CEA\D38C0B] Auto-router pass #20 on board 'fdb02085af0afc80ed42dc2f87ec1b4f' was completed in 0,25 seconds with the score of 977,77 (2 unrouted), using 40,47 CPU seconds and 4203 MB memory.
2026-09-25 14:19:07.353 INFO   [FC9CEA\D38C0B] Auto-router pass #21 on board '051a9e1359dbe8c4f7f24cebae5a34ee' was completed in 0,22 seconds with the score of 977,77 (2 unrouted), using 40,47 CPU seconds and 4203 MB memory.
2026-09-25 14:19:07.611 INFO   [FC9CEA\D38C0B] Auto-router pass #22 on board '051a9e1359dbe8c4f7f24cebae5a34ee' was completed in 0,24 seconds with the score of 977,77 (2 unrouted), using 40,47 CPU seconds and 4203 MB memory.
2026-09-25 14:19:07.819 INFO   [FC9CEA\D38C0B] Auto-router pass #23 on board '051a9e1359dbe8c4f7f24cebae5a34ee' was completed in 0,19 seconds with the score of 977,77 (2 unrouted), using 49,58 CPU seconds and 4651 MB memory.
2026-09-25 14:19:08.048 INFO   [FC9CEA\D38C0B] Auto-router pass #24 on board '051a9e1359dbe8c4f7f24cebae5a34ee' was completed in 0,21 seconds with the score of 977,85 (2 unrouted), using 49,58 CPU seconds and 4651 MB memory.
2026-09-25 14:19:08.299 INFO   [FC9CEA\D38C0B] Auto-router pass #25 on board '760fe2ca6e7d66aae28c69d2ec3eb30e' was completed in 0,19 seconds with the score of 977,85 (2 unrouted), using 49,58 CPU seconds and 4651 MB memory.
2026-09-25 14:19:08.541 INFO   [FC9CEA\D38C0B] Auto-router pass #26 on board '760fe2ca6e7d66aae28c69d2ec3eb30e' was completed in 0,23 seconds with the score of 977,85 (2 unrouted), using 49,58 CPU seconds and 4651 MB memory.
2026-09-25 14:19:08.760 INFO   [FC9CEA\D38C0B] Auto-router pass #27 on board '760fe2ca6e7d66aae28c69d2ec3eb30e' was completed in 0,20 seconds with the score of 977,85 (2 unrouted), using 59,59 CPU seconds and 5158 MB memory.
2026-09-25 14:19:08.990 INFO   [FC9CEA\D38C0B] Auto-router pass #28 on board '760fe2ca6e7d66aae28c69d2ec3eb30e' was completed in 0,21 seconds with the score of 977,93 (2 unrouted), using 59,59 CPU seconds and 5158 MB memory.
2026-09-25 14:19:09.249 INFO   [FC9CEA\D38C0B] Auto-router pass #29 on board 'b666b2c0e016e3c5c882f086b6675b5a' was completed in 0,21 seconds with the score of 977,93 (2 unrouted), using 59,59 CPU seconds and 5158 MB memory.
2026-09-25 14:19:09.457 INFO   [FC9CEA\D38C0B] Auto-router pass #30 on board 'b666b2c0e016e3c5c882f086b6675b5a' was completed in 0,19 seconds with the score of 977,93 (2 unrouted), using 59,59 CPU seconds and 5158 MB memory.
2026-09-25 14:19:09.706 INFO   [FC9CEA\D38C0B] Auto-router pass #31 on board 'b666b2c0e016e3c5c882f086b6675b5a' was completed in 0,23 seconds with the score of 977,93 (2 unrouted), using 70,59 CPU seconds and 5650 MB memory.
2026-09-25 14:19:09.934 INFO   [FC9CEA\D38C0B] Auto-router pass #32 on board 'b666b2c0e016e3c5c882f086b6675b5a' was completed in 0,20 seconds with the score of 978,01 (2 unrouted), using 70,59 CPU seconds and 5650 MB memory.
2026-09-25 14:19:10.244 INFO   [FC9CEA\D38C0B] Auto-router pass #33 on board 'ed679b55056fe75e6b4400396ede010e' was completed in 0,26 seconds with the score of 978,01 (2 unrouted), using 70,59 CPU seconds and 5650 MB memory.
2026-09-25 14:19:10.511 INFO   [FC9CEA\D38C0B] Auto-router pass #34 on board 'ed679b55056fe75e6b4400396ede010e' was completed in 0,25 seconds with the score of 978,01 (2 unrouted), using 70,59 CPU seconds and 5650 MB memory.
2026-09-25 14:19:10.744 INFO   [FC9CEA\D38C0B] Auto-router pass #35 on board 'ed679b55056fe75e6b4400396ede010e' was completed in 0,21 seconds with the score of 978,01 (2 unrouted), using 82,59 CPU seconds and 6092 MB memory.
2026-09-25 14:19:10.976 INFO   [FC9CEA\D38C0B] Auto-router pass #36 on board 'ed679b55056fe75e6b4400396ede010e' was completed in 0,22 seconds with the score of 978,08 (2 unrouted), using 82,59 CPU seconds and 6092 MB memory.
2026-09-25 14:19:11.249 INFO   [FC9CEA\D38C0B] Auto-router pass #37 on board '4f747c9e8824af42c8feb241a38f09b3' was completed in 0,23 seconds with the score of 978,08 (2 unrouted), using 82,59 CPU seconds and 6092 MB memory.
2026-09-25 14:19:11.440 INFO   [FC9CEA\D38C0B] Auto-router pass #38 on board '4f747c9e8824af42c8feb241a38f09b3' was completed in 0,17 seconds with the score of 978,08 (2 unrouted), using 82,59 CPU seconds and 6092 MB memory.
2026-09-25 14:19:11.681 INFO   [FC9CEA\D38C0B] Auto-router pass #39 on board '4f747c9e8824af42c8feb241a38f09b3' was completed in 0,23 seconds with the score of 978,08 (2 unrouted), using 82,59 CPU seconds and 6092 MB memory.
2026-09-25 14:19:12.052 INFO   [FC9CEA\D38C0B] Auto-router pass #40 on board '4f747c9e8824af42c8feb241a38f09b3' was completed in 0,34 seconds with the score of 978,16 (2 unrouted), using 95,56 CPU seconds and 6587 MB memory.
2026-09-25 14:19:12.356 INFO   [FC9CEA\D38C0B] Auto-router pass #41 on board 'fa3bd074a629e8cf378dbbc9737b84c7' was completed in 0,24 seconds with the score of 978,16 (2 unrouted), using 95,56 CPU seconds and 6587 MB memory.
2026-09-25 14:19:12.597 INFO   [FC9CEA\D38C0B] Auto-router pass #42 on board 'fa3bd074a629e8cf378dbbc9737b84c7' was completed in 0,22 seconds with the score of 978,16 (2 unrouted), using 95,56 CPU seconds and 6587 MB memory.
2026-09-25 14:19:12.840 INFO   [FC9CEA\D38C0B] Auto-router pass #43 on board 'fa3bd074a629e8cf378dbbc9737b84c7' was completed in 0,21 seconds with the score of 978,16 (2 unrouted), using 109,52 CPU seconds and 6995 MB memory.
2026-09-25 14:19:13.121 INFO   [FC9CEA\D38C0B] Auto-router pass #44 on board 'fa3bd074a629e8cf378dbbc9737b84c7' was completed in 0,26 seconds with the score of 978,24 (2 unrouted), using 109,52 CPU seconds and 6995 MB memory.
2026-09-25 14:19:13.383 INFO   [FC9CEA\D38C0B] Auto-router pass #45 on board '4d011964ed87dfd1447fb50482caa9d2' was completed in 0,19 seconds with the score of 978,24 (2 unrouted), using 109,52 CPU seconds and 6995 MB memory.
2026-09-25 14:19:13.599 INFO   [FC9CEA\D38C0B] Auto-router pass #46 on board '4d011964ed87dfd1447fb50482caa9d2' was completed in 0,19 seconds with the score of 978,24 (2 unrouted), using 109,52 CPU seconds and 6995 MB memory.
2026-09-25 14:19:13.864 INFO   [FC9CEA\D38C0B] Auto-router pass #47 on board '4d011964ed87dfd1447fb50482caa9d2' was completed in 0,25 seconds with the score of 978,24 (2 unrouted), using 124,48 CPU seconds and 7466 MB memory.
2026-09-25 14:19:14.123 INFO   [FC9CEA\D38C0B] Auto-router pass #48 on board '4d011964ed87dfd1447fb50482caa9d2' was completed in 0,23 seconds with the score of 978,31 (2 unrouted), using 124,48 CPU seconds and 7466 MB memory.
2026-09-25 14:19:14.368 INFO   [FC9CEA\D38C0B] Auto-router pass #49 on board 'cec72bbddfed5016355c0be165b6360f' was completed in 0,20 seconds with the score of 978,31 (2 unrouted), using 124,48 CPU seconds and 7466 MB memory.
2026-09-25 14:19:14.593 INFO   [FC9CEA\D38C0B] Auto-router pass #50 on board 'cec72bbddfed5016355c0be165b6360f' was completed in 0,20 seconds with the score of 978,31 (2 unrouted), using 124,48 CPU seconds and 7466 MB memory.
2026-09-25 14:19:14.792 INFO   [FC9CEA\D38C0B] Auto-router pass #51 on board 'cec72bbddfed5016355c0be165b6360f' was completed in 0,18 seconds with the score of 978,31 (2 unrouted), using 140,45 CPU seconds and 7968 MB memory.
2026-09-25 14:19:15.043 INFO   [FC9CEA\D38C0B] Auto-router pass #52 on board 'cec72bbddfed5016355c0be165b6360f' was completed in 0,24 seconds with the score of 978,39 (2 unrouted), using 140,45 CPU seconds and 7968 MB memory.
2026-09-25 14:19:15.323 INFO   [FC9CEA\D38C0B] Auto-router pass #53 on board '9045a9a1bd2ce47d62e656e578b746e8' was completed in 0,23 seconds with the score of 978,39 (2 unrouted), using 140,45 CPU seconds and 7968 MB memory.
2026-09-25 14:19:15.518 INFO   [FC9CEA\D38C0B] Auto-router pass #54 on board '9045a9a1bd2ce47d62e656e578b746e8' was completed in 0,18 seconds with the score of 978,39 (2 unrouted), using 140,45 CPU seconds and 7968 MB memory.
2026-09-25 14:19:15.722 INFO   [FC9CEA\D38C0B] Auto-router pass #55 on board '9045a9a1bd2ce47d62e656e578b746e8' was completed in 0,19 seconds with the score of 978,39 (2 unrouted), using 140,45 CPU seconds and 7968 MB memory.
2026-09-25 14:19:15.959 INFO   [FC9CEA\D38C0B] Restoring an earlier board that has the score of 978,39 (2 unrouted).
2026-09-25 14:19:15.959 INFO   [FC9CEA\D38C0B] Auto-router pass #56 on board '9045a9a1bd2ce47d62e656e578b746e8' was completed in 0,22 seconds with the score of 978,39 (2 unrouted), using 157,39 CPU seconds and 8488 MB memory.
2026-09-25 14:19:16.187 INFO   [FC9CEA\D38C0B] Auto-router pass #57 on board '9045a9a1bd2ce47d62e656e578b746e8' was completed in 0,21 seconds with the score of 978,39 (2 unrouted), using 157,39 CPU seconds and 8488 MB memory.
2026-09-25 14:19:16.397 INFO   [FC9CEA\D38C0B] Auto-router pass #58 on board '9045a9a1bd2ce47d62e656e578b746e8' was completed in 0,19 seconds with the score of 978,39 (2 unrouted), using 157,39 CPU seconds and 8488 MB memory.
2026-09-25 14:19:16.607 INFO   [FC9CEA\D38C0B] Auto-router pass #59 on board '9045a9a1bd2ce47d62e656e578b746e8' was completed in 0,20 seconds with the score of 978,39 (2 unrouted), using 157,39 CPU seconds and 8488 MB memory.
2026-09-25 14:19:16.885 INFO   [FC9CEA\D38C0B] Restoring an earlier board that has the score of 978,39 (2 unrouted).
2026-09-25 14:19:16.886 INFO   [FC9CEA\D38C0B] Auto-router pass #60 on board '9045a9a1bd2ce47d62e656e578b746e8' was completed in 0,26 seconds with the score of 978,39 (2 unrouted), using 175,31 CPU seconds and 9029 MB memory.
2026-09-25 14:19:17.114 INFO   [FC9CEA\D38C0B] Auto-router pass #61 on board '9045a9a1bd2ce47d62e656e578b746e8' was completed in 0,21 seconds with the score of 978,39 (2 unrouted), using 175,31 CPU seconds and 9029 MB memory.
2026-09-25 14:19:17.379 INFO   [FC9CEA\D38C0B] Auto-router pass #62 on board '9045a9a1bd2ce47d62e656e578b746e8' was completed in 0,24 seconds with the score of 978,39 (2 unrouted), using 175,31 CPU seconds and 9029 MB memory.
2026-09-25 14:19:17.675 INFO   [FC9CEA\D38C0B] Auto-router pass #63 on board '9045a9a1bd2ce47d62e656e578b746e8' was completed in 0,27 seconds with the score of 978,39 (2 unrouted), using 175,31 CPU seconds and 9029 MB memory.
2026-09-25 14:19:18.091 INFO   [FC9CEA\D38C0B] Restoring an earlier board that has the score of 978,39 (2 unrouted).
2026-09-25 14:19:18.092 INFO   [FC9CEA\D38C0B] Auto-router pass #64 on board '9045a9a1bd2ce47d62e656e578b746e8' was completed in 0,39 seconds with the score of 978,39 (2 unrouted), using 194,25 CPU seconds and 9455 MB memory.
2026-09-25 14:19:18.399 INFO   [FC9CEA\D38C0B] Auto-router pass #65 on board '9045a9a1bd2ce47d62e656e578b746e8' was completed in 0,28 seconds with the score of 978,39 (2 unrouted), using 194,25 CPU seconds and 9455 MB memory.
2026-09-25 14:19:18.736 INFO   [FC9CEA\D38C0B] Auto-router pass #66 on board '9045a9a1bd2ce47d62e656e578b746e8' was completed in 0,31 seconds with the score of 978,39 (2 unrouted), using 194,25 CPU seconds and 9455 MB memory.
2026-09-25 14:19:19.045 INFO   [FC9CEA\D38C0B] Auto-router pass #67 on board '9045a9a1bd2ce47d62e656e578b746e8' was completed in 0,28 seconds with the score of 978,39 (2 unrouted), using 214,14 CPU seconds and 9801 MB memory.
2026-09-25 14:19:19.475 INFO   [FC9CEA\D38C0B] Restoring an earlier board that has the score of 978,39 (2 unrouted).
2026-09-25 14:19:19.476 INFO   [FC9CEA\D38C0B] Auto-router pass #68 on board '9045a9a1bd2ce47d62e656e578b746e8' was completed in 0,41 seconds with the score of 978,39 (2 unrouted), using 214,14 CPU seconds and 9801 MB memory.
2026-09-25 14:19:19.811 INFO   [FC9CEA\D38C0B] Auto-router pass #69 on board '9045a9a1bd2ce47d62e656e578b746e8' was completed in 0,31 seconds with the score of 978,39 (2 unrouted), using 235,02 CPU seconds and 10145 MB memory.
2026-09-25 14:19:20.148 INFO   [FC9CEA\D38C0B] Auto-router pass #70 on board '9045a9a1bd2ce47d62e656e578b746e8' was completed in 0,31 seconds with the score of 978,39 (2 unrouted), using 235,02 CPU seconds and 10145 MB memory.
2026-09-25 14:19:20.481 INFO   [FC9CEA\D38C0B] Auto-router pass #71 on board '9045a9a1bd2ce47d62e656e578b746e8' was completed in 0,30 seconds with the score of 978,39 (2 unrouted), using 235,02 CPU seconds and 10145 MB memory.
2026-09-25 14:19:20.888 INFO   [FC9CEA\D38C0B] Restoring an earlier board that has the score of 978,31 (2 unrouted).
2026-09-25 14:19:20.890 INFO   [FC9CEA\D38C0B] Auto-router pass #72 on board '9045a9a1bd2ce47d62e656e578b746e8' was completed in 0,38 seconds with the score of 978,39 (2 unrouted), using 256,81 CPU seconds and 10495 MB memory.
2026-09-25 14:19:21.219 INFO   [FC9CEA\D38C0B] Auto-router pass #73 on board 'cec72bbddfed5016355c0be165b6360f' was completed in 0,30 seconds with the score of 978,31 (2 unrouted), using 256,81 CPU seconds and 10495 MB memory.
2026-09-25 14:19:21.536 INFO   [FC9CEA\D38C0B] Auto-router pass #74 on board 'cec72bbddfed5016355c0be165b6360f' was completed in 0,29 seconds with the score of 978,31 (2 unrouted), using 256,81 CPU seconds and 10495 MB memory.
2026-09-25 14:19:21.866 INFO   [FC9CEA\D38C0B] Auto-router pass #75 on board 'cec72bbddfed5016355c0be165b6360f' was completed in 0,30 seconds with the score of 978,31 (2 unrouted), using 279,58 CPU seconds and 10835 MB memory.
2026-09-25 14:19:22.274 INFO   [FC9CEA\D38C0B] Restoring an earlier board that has the score of 978,31 (2 unrouted).
2026-09-25 14:19:22.275 INFO   [FC9CEA\D38C0B] Auto-router pass #76 on board 'cec72bbddfed5016355c0be165b6360f' was completed in 0,39 seconds with the score of 978,31 (2 unrouted), using 279,58 CPU seconds and 10835 MB memory.
2026-09-25 14:19:22.578 INFO   [FC9CEA\D38C0B] Auto-router pass #77 on board 'cec72bbddfed5016355c0be165b6360f' was completed in 0,28 seconds with the score of 978,31 (2 unrouted), using 279,58 CPU seconds and 10835 MB memory.
2026-09-25 14:19:22.847 INFO   [FC9CEA\D38C0B] Auto-router pass #78 on board 'cec72bbddfed5016355c0be165b6360f' was completed in 0,24 seconds with the score of 978,31 (2 unrouted), using 303,31 CPU seconds and 11210 MB memory.
2026-09-25 14:19:23.141 INFO   [FC9CEA\D38C0B] Auto-router pass #79 on board 'cec72bbddfed5016355c0be165b6360f' was completed in 0,27 seconds with the score of 978,31 (2 unrouted), using 303,31 CPU seconds and 11210 MB memory.
2026-09-25 14:19:23.512 INFO   [FC9CEA\D38C0B] Restoring an earlier board that has the score of 978,31 (2 unrouted).
2026-09-25 14:19:23.513 INFO   [FC9CEA\D38C0B] Auto-router pass #80 on board 'cec72bbddfed5016355c0be165b6360f' was completed in 0,34 seconds with the score of 978,31 (2 unrouted), using 303,31 CPU seconds and 11210 MB memory.
2026-09-25 14:19:23.754 INFO   [FC9CEA\D38C0B] Auto-router pass #81 on board 'cec72bbddfed5016355c0be165b6360f' was completed in 0,22 seconds with the score of 978,31 (2 unrouted), using 303,31 CPU seconds and 11210 MB memory.
2026-09-25 14:19:23.990 INFO   [FC9CEA\D38C0B] Auto-router pass #82 on board 'cec72bbddfed5016355c0be165b6360f' was completed in 0,22 seconds with the score of 978,31 (2 unrouted), using 328,05 CPU seconds and 11634 MB memory.
2026-09-25 14:19:24.255 INFO   [FC9CEA\D38C0B] Auto-router pass #83 on board 'cec72bbddfed5016355c0be165b6360f' was completed in 0,24 seconds with the score of 978,31 (2 unrouted), using 328,05 CPU seconds and 11634 MB memory.
2026-09-25 14:19:24.595 INFO   [FC9CEA\D38C0B] Restoring an earlier board that has the score of 978,31 (2 unrouted).
2026-09-25 14:19:24.596 INFO   [FC9CEA\D38C0B] Auto-router pass #84 on board 'cec72bbddfed5016355c0be165b6360f' was completed in 0,32 seconds with the score of 978,31 (2 unrouted), using 328,05 CPU seconds and 11634 MB memory.
2026-09-25 14:19:24.886 INFO   [FC9CEA\D38C0B] Auto-router pass #85 on board 'cec72bbddfed5016355c0be165b6360f' was completed in 0,26 seconds with the score of 978,31 (2 unrouted), using 353,78 CPU seconds and 12050 MB memory.
2026-09-25 14:19:25.145 INFO   [FC9CEA\D38C0B] Auto-router pass #86 on board 'cec72bbddfed5016355c0be165b6360f' was completed in 0,24 seconds with the score of 978,31 (2 unrouted), using 353,78 CPU seconds and 12050 MB memory.
2026-09-25 14:19:25.435 INFO   [FC9CEA\D38C0B] Auto-router pass #87 on board 'cec72bbddfed5016355c0be165b6360f' was completed in 0,27 seconds with the score of 978,31 (2 unrouted), using 353,78 CPU seconds and 12050 MB memory.
2026-09-25 14:19:25.760 INFO   [FC9CEA\D38C0B] Restoring an earlier board that has the score of 978,24 (2 unrouted).
2026-09-25 14:19:25.761 INFO   [FC9CEA\D38C0B] Auto-router pass #88 on board 'cec72bbddfed5016355c0be165b6360f' was completed in 0,31 seconds with the score of 978,31 (2 unrouted), using 353,78 CPU seconds and 12050 MB memory.
2026-09-25 14:19:26.024 INFO   [FC9CEA\D38C0B] Auto-router pass #89 on board '4d011964ed87dfd1447fb50482caa9d2' was completed in 0,24 seconds with the score of 978,24 (2 unrouted), using 380,44 CPU seconds and 12462 MB memory.
2026-09-25 14:19:26.323 INFO   [FC9CEA\D38C0B] Auto-router pass #90 on board '4d011964ed87dfd1447fb50482caa9d2' was completed in 0,27 seconds with the score of 978,24 (2 unrouted), using 380,44 CPU seconds and 12462 MB memory.
2026-09-25 14:19:26.590 INFO   [FC9CEA\D38C0B] Auto-router pass #91 on board '4d011964ed87dfd1447fb50482caa9d2' was completed in 0,24 seconds with the score of 978,24 (2 unrouted), using 380,44 CPU seconds and 12462 MB memory.
2026-09-25 14:19:27.027 INFO   [FC9CEA\D38C0B] Restoring an earlier board that has the score of 978,24 (2 unrouted).
2026-09-25 14:19:27.027 INFO   [FC9CEA\D38C0B] Auto-router pass #92 on board '4d011964ed87dfd1447fb50482caa9d2' was completed in 0,42 seconds with the score of 978,24 (2 unrouted), using 408,03 CPU seconds and 12845 MB memory.
2026-09-25 14:19:27.313 INFO   [FC9CEA\D38C0B] Auto-router pass #93 on board '4d011964ed87dfd1447fb50482caa9d2' was completed in 0,26 seconds with the score of 978,24 (2 unrouted), using 408,03 CPU seconds and 12845 MB memory.
2026-09-25 14:19:27.603 INFO   [FC9CEA\D38C0B] Auto-router pass #94 on board '4d011964ed87dfd1447fb50482caa9d2' was completed in 0,27 seconds with the score of 978,24 (2 unrouted), using 408,03 CPU seconds and 12845 MB memory.
2026-09-25 14:19:27.999 INFO   [FC9CEA\D38C0B] Auto-router pass #95 on board '4d011964ed87dfd1447fb50482caa9d2' was completed in 0,37 seconds with the score of 978,24 (2 unrouted), using 436,55 CPU seconds and 13207 MB memory.
2026-09-25 14:19:28.418 INFO   [FC9CEA\D38C0B] Restoring an earlier board that has the score of 978,24 (2 unrouted).
2026-09-25 14:19:28.419 INFO   [FC9CEA\D38C0B] Auto-router pass #96 on board '4d011964ed87dfd1447fb50482caa9d2' was completed in 0,39 seconds with the score of 978,24 (2 unrouted), using 436,55 CPU seconds and 13207 MB memory.
2026-09-25 14:19:28.731 INFO   [FC9CEA\D38C0B] Auto-router pass #97 on board '4d011964ed87dfd1447fb50482caa9d2' was completed in 0,29 seconds with the score of 978,24 (2 unrouted), using 436,55 CPU seconds and 13207 MB memory.
2026-09-25 14:19:28.999 INFO   [FC9CEA\D38C0B] Auto-router pass #98 on board '4d011964ed87dfd1447fb50482caa9d2' was completed in 0,24 seconds with the score of 978,24 (2 unrouted), using 465,91 CPU seconds and 13541 MB memory.
2026-09-25 14:19:29.276 INFO   [FC9CEA\D38C0B] Auto-router pass #99 on board '4d011964ed87dfd1447fb50482caa9d2' was completed in 0,26 seconds with the score of 978,24 (2 unrouted), using 465,91 CPU seconds and 13541 MB memory.
2026-09-25 14:19:29.576 INFO   [FC9CEA\D38C0B] Restoring an earlier board that has the score of 978,24 (2 unrouted).
2026-09-25 14:19:29.576 INFO   [FC9CEA\D38C0B] Auto-router pass #100 on board '4d011964ed87dfd1447fb50482caa9d2' was completed in 0,28 seconds with the score of 978,24 (2 unrouted), using 465,91 CPU seconds and 13541 MB memory.
2026-09-25 14:19:29.812 INFO   [FC9CEA\D38C0B] Auto-router pass #101 on board '4d011964ed87dfd1447fb50482caa9d2' was completed in 0,21 seconds with the score of 978,24 (2 unrouted), using 465,91 CPU seconds and 13541 MB memory.
2026-09-25 14:19:30.091 INFO   [FC9CEA\D38C0B] Auto-router pass #102 on board '4d011964ed87dfd1447fb50482caa9d2' was completed in 0,25 seconds with the score of 978,24 (2 unrouted), using 496,27 CPU seconds and 13978 MB memory.
2026-09-25 14:19:30.285 INFO   [FC9CEA\D38C0B] Auto-router pass #103 on board '4d011964ed87dfd1447fb50482caa9d2' was completed in 0,17 seconds with the score of 978,24 (2 unrouted), using 496,27 CPU seconds and 13978 MB memory.
2026-09-25 14:19:30.581 INFO   [FC9CEA\D38C0B] Restoring an earlier board that has the score of 978,16 (2 unrouted).
2026-09-25 14:19:30.581 INFO   [FC9CEA\D38C0B] Auto-router pass #104 on board '4d011964ed87dfd1447fb50482caa9d2' was completed in 0,28 seconds with the score of 978,24 (2 unrouted), using 496,27 CPU seconds and 13978 MB memory.
2026-09-25 14:19:30.826 INFO   [FC9CEA\D38C0B] Auto-router pass #105 on board 'fa3bd074a629e8cf378dbbc9737b84c7' was completed in 0,23 seconds with the score of 978,16 (2 unrouted), using 496,27 CPU seconds and 13978 MB memory.
2026-09-25 14:19:31.035 INFO   [FC9CEA\D38C0B] Auto-router pass #106 on board 'fa3bd074a629e8cf378dbbc9737b84c7' was completed in 0,19 seconds with the score of 978,16 (2 unrouted), using 527,62 CPU seconds and 14478 MB memory.
2026-09-25 14:19:31.241 INFO   [FC9CEA\D38C0B] Auto-router pass #107 on board 'fa3bd074a629e8cf378dbbc9737b84c7' was completed in 0,19 seconds with the score of 978,16 (2 unrouted), using 527,62 CPU seconds and 14478 MB memory.
2026-09-25 14:19:31.522 INFO   [FC9CEA\D38C0B] Restoring an earlier board that has the score of 978,16 (2 unrouted).
2026-09-25 14:19:31.523 INFO   [FC9CEA\D38C0B] Auto-router pass #108 on board 'fa3bd074a629e8cf378dbbc9737b84c7' was completed in 0,26 seconds with the score of 978,16 (2 unrouted), using 527,62 CPU seconds and 14478 MB memory.
2026-09-25 14:19:31.783 INFO   [FC9CEA\D38C0B] Auto-router pass #109 on board 'fa3bd074a629e8cf378dbbc9737b84c7' was completed in 0,24 seconds with the score of 978,16 (2 unrouted), using 527,62 CPU seconds and 14478 MB memory.
2026-09-25 14:19:32.038 INFO   [FC9CEA\D38C0B] Auto-router pass #110 on board 'fa3bd074a629e8cf378dbbc9737b84c7' was completed in 0,22 seconds with the score of 978,16 (2 unrouted), using 559,95 CPU seconds and 14959 MB memory.
2026-09-25 14:19:32.266 INFO   [FC9CEA\D38C0B] Auto-router pass #111 on board 'fa3bd074a629e8cf378dbbc9737b84c7' was completed in 0,21 seconds with the score of 978,16 (2 unrouted), using 559,95 CPU seconds and 14959 MB memory.
2026-09-25 14:19:32.525 INFO   [FC9CEA\D38C0B] Restoring an earlier board that has the score of 978,16 (2 unrouted).
2026-09-25 14:19:32.525 INFO   [FC9CEA\D38C0B] Auto-router pass #112 on board 'fa3bd074a629e8cf378dbbc9737b84c7' was completed in 0,25 seconds with the score of 978,16 (2 unrouted), using 559,95 CPU seconds and 14959 MB memory.
2026-09-25 14:19:32.724 INFO   [FC9CEA\D38C0B] Auto-router pass #113 on board 'fa3bd074a629e8cf378dbbc9737b84c7' was completed in 0,17 seconds with the score of 978,16 (2 unrouted), using 559,95 CPU seconds and 14959 MB memory.
2026-09-25 14:19:32.959 INFO   [FC9CEA\D38C0B] Auto-router pass #114 on board 'fa3bd074a629e8cf378dbbc9737b84c7' was completed in 0,22 seconds with the score of 978,16 (2 unrouted), using 593,30 CPU seconds and 15477 MB memory.
2026-09-25 14:19:33.199 INFO   [FC9CEA\D38C0B] Auto-router pass #115 on board 'fa3bd074a629e8cf378dbbc9737b84c7' was completed in 0,23 seconds with the score of 978,16 (2 unrouted), using 593,30 CPU seconds and 15477 MB memory.
2026-09-25 14:19:33.461 INFO   [FC9CEA\D38C0B] Restoring an earlier board that has the score of 978,16 (2 unrouted).
2026-09-25 14:19:33.462 INFO   [FC9CEA\D38C0B] Auto-router pass #116 on board 'fa3bd074a629e8cf378dbbc9737b84c7' was completed in 0,24 seconds with the score of 978,16 (2 unrouted), using 593,30 CPU seconds and 15477 MB memory.
2026-09-25 14:19:33.663 INFO   [FC9CEA\D38C0B] Auto-router pass #117 on board 'fa3bd074a629e8cf378dbbc9737b84c7' was completed in 0,19 seconds with the score of 978,16 (2 unrouted), using 593,30 CPU seconds and 15477 MB memory.
2026-09-25 14:19:33.900 INFO   [FC9CEA\D38C0B] Auto-router pass #118 on board 'fa3bd074a629e8cf378dbbc9737b84c7' was completed in 0,22 seconds with the score of 978,16 (2 unrouted), using 593,30 CPU seconds and 15477 MB memory.
2026-09-25 14:19:34.117 INFO   [FC9CEA\D38C0B] Auto-router pass #119 on board 'fa3bd074a629e8cf378dbbc9737b84c7' was completed in 0,20 seconds with the score of 978,16 (2 unrouted), using 627,59 CPU seconds and 15980 MB memory.
2026-09-25 14:19:34.364 INFO   [FC9CEA\D38C0B] Restoring an earlier board that has the score of 978,08 (2 unrouted).
2026-09-25 14:19:34.365 INFO   [FC9CEA\D38C0B] Auto-router pass #120 on board 'fa3bd074a629e8cf378dbbc9737b84c7' was completed in 0,24 seconds with the score of 978,16 (2 unrouted), using 627,59 CPU seconds and 15980 MB memory.
2026-09-25 14:19:34.594 INFO   [FC9CEA\D38C0B] Auto-router pass #121 on board '4f747c9e8824af42c8feb241a38f09b3' was completed in 0,21 seconds with the score of 978,08 (2 unrouted), using 627,59 CPU seconds and 15980 MB memory.
2026-09-25 14:19:34.827 INFO   [FC9CEA\D38C0B] Auto-router pass #122 on board '4f747c9e8824af42c8feb241a38f09b3' was completed in 0,21 seconds with the score of 978,08 (2 unrouted), using 627,59 CPU seconds and 15980 MB memory.
2026-09-25 14:19:35.175 INFO   [FC9CEA\D38C0B] Auto-router pass #123 on board '4f747c9e8824af42c8feb241a38f09b3' was completed in 0,32 seconds with the score of 978,08 (2 unrouted), using 662,91 CPU seconds and 16456 MB memory.
2026-09-25 14:19:35.568 INFO   [FC9CEA\D38C0B] Restoring an earlier board that has the score of 978,08 (2 unrouted).
2026-09-25 14:19:35.569 INFO   [FC9CEA\D38C0B] Auto-router pass #124 on board '4f747c9e8824af42c8feb241a38f09b3' was completed in 0,36 seconds with the score of 978,08 (2 unrouted), using 662,91 CPU seconds and 16456 MB memory.
2026-09-25 14:19:35.842 INFO   [FC9CEA\D38C0B] Auto-router pass #125 on board '4f747c9e8824af42c8feb241a38f09b3' was completed in 0,25 seconds with the score of 978,08 (2 unrouted), using 662,91 CPU seconds and 16456 MB memory.
2026-09-25 14:19:36.059 INFO   [FC9CEA\D38C0B] Auto-router pass #126 on board '4f747c9e8824af42c8feb241a38f09b3' was completed in 0,20 seconds with the score of 978,08 (2 unrouted), using 699,22 CPU seconds and 16844 MB memory.
2026-09-25 14:19:36.261 INFO   [FC9CEA\D38C0B] Auto-router pass #127 on board '4f747c9e8824af42c8feb241a38f09b3' was completed in 0,19 seconds with the score of 978,08 (2 unrouted), using 699,22 CPU seconds and 16844 MB memory.
2026-09-25 14:19:36.493 INFO   [FC9CEA\D38C0B] Restoring an earlier board that has the score of 978,08 (2 unrouted).
2026-09-25 14:19:36.493 INFO   [FC9CEA\D38C0B] Auto-router pass #128 on board '4f747c9e8824af42c8feb241a38f09b3' was completed in 0,22 seconds with the score of 978,08 (2 unrouted), using 699,22 CPU seconds and 16844 MB memory.
2026-09-25 14:19:36.688 INFO   [FC9CEA\D38C0B] Auto-router pass #129 on board '4f747c9e8824af42c8feb241a38f09b3' was completed in 0,18 seconds with the score of 978,08 (2 unrouted), using 699,22 CPU seconds and 16844 MB memory.
2026-09-25 14:19:36.867 INFO   [FC9CEA\D38C0B] Auto-router pass #130 on board '4f747c9e8824af42c8feb241a38f09b3' was completed in 0,17 seconds with the score of 978,08 (2 unrouted), using 699,22 CPU seconds and 16844 MB memory.
2026-09-25 14:19:37.111 INFO   [FC9CEA\D38C0B] Auto-router pass #131 on board '4f747c9e8824af42c8feb241a38f09b3' was completed in 0,23 seconds with the score of 978,08 (2 unrouted), using 736,55 CPU seconds and 17425 MB memory.
2026-09-25 14:19:37.359 INFO   [FC9CEA\D38C0B] Restoring an earlier board that has the score of 978,08 (2 unrouted).
2026-09-25 14:19:37.360 INFO   [FC9CEA\D38C0B] Auto-router pass #132 on board '4f747c9e8824af42c8feb241a38f09b3' was completed in 0,23 seconds with the score of 978,08 (2 unrouted), using 736,55 CPU seconds and 17425 MB memory.
2026-09-25 14:19:37.597 INFO   [FC9CEA\D38C0B] Auto-router pass #133 on board '4f747c9e8824af42c8feb241a38f09b3' was completed in 0,22 seconds with the score of 978,08 (2 unrouted), using 736,55 CPU seconds and 17425 MB memory.
2026-09-25 14:19:37.839 INFO   [FC9CEA\D38C0B] Auto-router pass #134 on board '4f747c9e8824af42c8feb241a38f09b3' was completed in 0,23 seconds with the score of 978,08 (2 unrouted), using 736,55 CPU seconds and 17425 MB memory.
2026-09-25 14:19:38.059 INFO   [FC9CEA\D38C0B] Auto-router pass #135 on board '4f747c9e8824af42c8feb241a38f09b3' was completed in 0,20 seconds with the score of 978,08 (2 unrouted), using 774,84 CPU seconds and 17917 MB memory.
2026-09-25 14:19:38.350 INFO   [FC9CEA\D38C0B] Restoring an earlier board that has the score of 978,01 (2 unrouted).
2026-09-25 14:19:38.352 INFO   [FC9CEA\D38C0B] Auto-router pass #136 on board '4f747c9e8824af42c8feb241a38f09b3' was completed in 0,27 seconds with the score of 978,08 (2 unrouted), using 774,84 CPU seconds and 17917 MB memory.
2026-09-25 14:19:38.512 INFO   [FC9CEA\D38C0B] Auto-router pass #137 on board 'ed679b55056fe75e6b4400396ede010e' was completed in 0,15 seconds with the score of 978,01 (2 unrouted), using 774,84 CPU seconds and 17917 MB memory.
2026-09-25 14:19:38.688 INFO   [FC9CEA\D38C0B] Auto-router pass #138 on board 'ed679b55056fe75e6b4400396ede010e' was completed in 0,16 seconds with the score of 978,01 (2 unrouted), using 774,84 CPU seconds and 17917 MB memory.
2026-09-25 14:19:38.857 INFO   [FC9CEA\D38C0B] Auto-router pass #139 on board 'ed679b55056fe75e6b4400396ede010e' was completed in 0,15 seconds with the score of 978,01 (2 unrouted), using 774,84 CPU seconds and 17917 MB memory.
2026-09-25 14:19:39.174 INFO   [FC9CEA\D38C0B] Restoring an earlier board that has the score of 978,01 (2 unrouted).
2026-09-25 14:19:39.175 INFO   [FC9CEA\D38C0B] Auto-router pass #140 on board 'ed679b55056fe75e6b4400396ede010e' was completed in 0,30 seconds with the score of 978,01 (2 unrouted), using 814,12 CPU seconds and 18485 MB memory.
2026-09-25 14:19:39.429 INFO   [FC9CEA\D38C0B] Auto-router pass #141 on board 'ed679b55056fe75e6b4400396ede010e' was completed in 0,23 seconds with the score of 978,01 (2 unrouted), using 814,12 CPU seconds and 18485 MB memory.
2026-09-25 14:19:39.598 INFO   [FC9CEA\D38C0B] Auto-router pass #142 on board 'ed679b55056fe75e6b4400396ede010e' was completed in 0,15 seconds with the score of 978,01 (2 unrouted), using 814,12 CPU seconds and 18485 MB memory.
2026-09-25 14:19:39.788 INFO   [FC9CEA\D38C0B] Auto-router pass #143 on board 'ed679b55056fe75e6b4400396ede010e' was completed in 0,17 seconds with the score of 978,01 (2 unrouted), using 814,12 CPU seconds and 18485 MB memory.
2026-09-25 14:19:40.045 INFO   [FC9CEA\D38C0B] Restoring an earlier board that has the score of 978,01 (2 unrouted).
2026-09-25 14:19:40.046 INFO   [FC9CEA\D38C0B] Auto-router pass #144 on board 'ed679b55056fe75e6b4400396ede010e' was completed in 0,25 seconds with the score of 978,01 (2 unrouted), using 854,38 CPU seconds and 19008 MB memory.
2026-09-25 14:19:40.273 INFO   [FC9CEA\D38C0B] Auto-router pass #145 on board 'ed679b55056fe75e6b4400396ede010e' was completed in 0,21 seconds with the score of 978,01 (2 unrouted), using 854,38 CPU seconds and 19008 MB memory.
2026-09-25 14:19:40.488 INFO   [FC9CEA\D38C0B] Auto-router pass #146 on board 'ed679b55056fe75e6b4400396ede010e' was completed in 0,20 seconds with the score of 978,01 (2 unrouted), using 854,38 CPU seconds and 19008 MB memory.
2026-09-25 14:19:40.669 INFO   [FC9CEA\D38C0B] Auto-router pass #147 on board 'ed679b55056fe75e6b4400396ede010e' was completed in 0,16 seconds with the score of 978,01 (2 unrouted), using 854,38 CPU seconds and 19008 MB memory.
2026-09-25 14:19:40.936 INFO   [FC9CEA\D38C0B] Restoring an earlier board that has the score of 978,01 (2 unrouted).
2026-09-25 14:19:40.936 INFO   [FC9CEA\D38C0B] Auto-router pass #148 on board 'ed679b55056fe75e6b4400396ede010e' was completed in 0,25 seconds with the score of 978,01 (2 unrouted), using 854,38 CPU seconds and 19008 MB memory.
2026-09-25 14:19:41.141 INFO   [FC9CEA\D38C0B] Auto-router pass #149 on board 'ed679b55056fe75e6b4400396ede010e' was completed in 0,18 seconds with the score of 978,01 (2 unrouted), using 895,58 CPU seconds and 19540 MB memory.
2026-09-25 14:19:41.358 INFO   [FC9CEA\D38C0B] Auto-router pass #150 on board 'ed679b55056fe75e6b4400396ede010e' was completed in 0,20 seconds with the score of 978,01 (2 unrouted), using 895,58 CPU seconds and 19540 MB memory.
2026-09-25 14:19:41.583 INFO   [FC9CEA\D38C0B] Auto-router pass #151 on board 'ed679b55056fe75e6b4400396ede010e' was completed in 0,21 seconds with the score of 978,01 (2 unrouted), using 895,58 CPU seconds and 19540 MB memory.
2026-09-25 14:19:41.855 INFO   [FC9CEA\D38C0B] Restoring an earlier board that has the score of 977,93 (2 unrouted).
2026-09-25 14:19:41.856 INFO   [FC9CEA\D38C0B] Auto-router pass #152 on board 'ed679b55056fe75e6b4400396ede010e' was completed in 0,26 seconds with the score of 978,01 (2 unrouted), using 895,58 CPU seconds and 19540 MB memory.
2026-09-25 14:19:42.059 INFO   [FC9CEA\D38C0B] Auto-router pass #153 on board 'b666b2c0e016e3c5c882f086b6675b5a' was completed in 0,19 seconds with the score of 977,93 (2 unrouted), using 937,77 CPU seconds and 20047 MB memory.
2026-09-25 14:19:42.261 INFO   [FC9CEA\D38C0B] Auto-router pass #154 on board 'b666b2c0e016e3c5c882f086b6675b5a' was completed in 0,18 seconds with the score of 977,93 (2 unrouted), using 937,77 CPU seconds and 20047 MB memory.
2026-09-25 14:19:42.480 INFO   [FC9CEA\D38C0B] Auto-router pass #155 on board 'b666b2c0e016e3c5c882f086b6675b5a' was completed in 0,20 seconds with the score of 977,93 (2 unrouted), using 937,77 CPU seconds and 20047 MB memory.
2026-09-25 14:19:42.751 INFO   [FC9CEA\D38C0B] Restoring an earlier board that has the score of 977,93 (2 unrouted).
2026-09-25 14:19:42.751 INFO   [FC9CEA\D38C0B] Auto-router pass #156 on board 'b666b2c0e016e3c5c882f086b6675b5a' was completed in 0,25 seconds with the score of 977,93 (2 unrouted), using 937,77 CPU seconds and 20047 MB memory.
2026-09-25 14:19:42.957 INFO   [FC9CEA\D38C0B] Auto-router pass #157 on board 'b666b2c0e016e3c5c882f086b6675b5a' was completed in 0,19 seconds with the score of 977,93 (2 unrouted), using 937,77 CPU seconds and 20047 MB memory.
2026-09-25 14:19:43.190 INFO   [FC9CEA\D38C0B] Auto-router pass #158 on board 'b666b2c0e016e3c5c882f086b6675b5a' was completed in 0,22 seconds with the score of 977,93 (2 unrouted), using 980,89 CPU seconds and 20578 MB memory.
2026-09-25 14:19:43.471 INFO   [FC9CEA\D38C0B] Auto-router pass #159 on board 'b666b2c0e016e3c5c882f086b6675b5a' was completed in 0,26 seconds with the score of 977,93 (2 unrouted), using 980,89 CPU seconds and 20578 MB memory.
2026-09-25 14:19:43.895 INFO   [FC9CEA\D38C0B] Restoring an earlier board that has the score of 977,93 (2 unrouted).
2026-09-25 14:19:43.897 INFO   [FC9CEA\D38C0B] Auto-router pass #160 on board 'b666b2c0e016e3c5c882f086b6675b5a' was completed in 0,40 seconds with the score of 977,93 (2 unrouted), using 980,89 CPU seconds and 20578 MB memory.
2026-09-25 14:19:44.263 INFO   [FC9CEA\D38C0B] Auto-router pass #161 on board 'b666b2c0e016e3c5c882f086b6675b5a' was completed in 0,34 seconds with the score of 977,93 (2 unrouted), using 1024,73 CPU seconds and 20930 MB memory.
2026-09-25 14:19:44.566 INFO   [FC9CEA\D38C0B] Auto-router pass #162 on board 'b666b2c0e016e3c5c882f086b6675b5a' was completed in 0,28 seconds with the score of 977,93 (2 unrouted), using 1024,73 CPU seconds and 20930 MB memory.
2026-09-25 14:19:44.823 INFO   [FC9CEA\D38C0B] Auto-router pass #163 on board 'b666b2c0e016e3c5c882f086b6675b5a' was completed in 0,24 seconds with the score of 977,93 (2 unrouted), using 1024,73 CPU seconds and 20930 MB memory.
2026-09-25 14:19:45.206 INFO   [FC9CEA\D38C0B] Restoring an earlier board that has the score of 977,93 (2 unrouted).
2026-09-25 14:19:45.207 INFO   [FC9CEA\D38C0B] Auto-router pass #164 on board 'b666b2c0e016e3c5c882f086b6675b5a' was completed in 0,36 seconds with the score of 977,93 (2 unrouted), using 1069,53 CPU seconds and 21315 MB memory.
2026-09-25 14:19:45.464 INFO   [FC9CEA\D38C0B] Auto-router pass #165 on board 'b666b2c0e016e3c5c882f086b6675b5a' was completed in 0,24 seconds with the score of 977,93 (2 unrouted), using 1069,53 CPU seconds and 21315 MB memory.
2026-09-25 14:19:45.816 INFO   [FC9CEA\D38C0B] Auto-router pass #166 on board 'b666b2c0e016e3c5c882f086b6675b5a' was completed in 0,33 seconds with the score of 977,93 (2 unrouted), using 1069,53 CPU seconds and 21315 MB memory.
2026-09-25 14:19:46.165 INFO   [FC9CEA\D38C0B] Auto-router pass #167 on board 'b666b2c0e016e3c5c882f086b6675b5a' was completed in 0,31 seconds with the score of 977,93 (2 unrouted), using 1115,28 CPU seconds and 21662 MB memory.
2026-09-25 14:19:46.478 INFO   [FC9CEA\D38C0B] Restoring an earlier board that has the score of 977,85 (2 unrouted).
2026-09-25 14:19:46.478 INFO   [FC9CEA\D38C0B] Auto-router pass #168 on board 'b666b2c0e016e3c5c882f086b6675b5a' was completed in 0,29 seconds with the score of 977,93 (2 unrouted), using 1115,28 CPU seconds and 21662 MB memory.
2026-09-25 14:19:46.699 INFO   [FC9CEA\D38C0B] Auto-router pass #169 on board '760fe2ca6e7d66aae28c69d2ec3eb30e' was completed in 0,20 seconds with the score of 977,85 (2 unrouted), using 1115,28 CPU seconds and 21662 MB memory.
2026-09-25 14:19:46.972 INFO   [FC9CEA\D38C0B] Auto-router pass #170 on board '760fe2ca6e7d66aae28c69d2ec3eb30e' was completed in 0,25 seconds with the score of 977,85 (2 unrouted), using 1115,28 CPU seconds and 21662 MB memory.
2026-09-25 14:19:47.260 INFO   [FC9CEA\D38C0B] Auto-router pass #171 on board '760fe2ca6e7d66aae28c69d2ec3eb30e' was completed in 0,26 seconds with the score of 977,85 (2 unrouted), using 1161,98 CPU seconds and 22077 MB memory.
2026-09-25 14:19:47.508 INFO   [FC9CEA\D38C0B] Restoring an earlier board that has the score of 977,85 (2 unrouted).
2026-09-25 14:19:47.509 INFO   [FC9CEA\D38C0B] Auto-router pass #172 on board '760fe2ca6e7d66aae28c69d2ec3eb30e' was completed in 0,23 seconds with the score of 977,85 (2 unrouted), using 1161,98 CPU seconds and 22077 MB memory.
2026-09-25 14:19:47.720 INFO   [FC9CEA\D38C0B] Auto-router pass #173 on board '760fe2ca6e7d66aae28c69d2ec3eb30e' was completed in 0,19 seconds with the score of 977,85 (2 unrouted), using 1161,98 CPU seconds and 22077 MB memory.
2026-09-25 14:19:47.900 INFO   [FC9CEA\D38C0B] Auto-router pass #174 on board '760fe2ca6e7d66aae28c69d2ec3eb30e' was completed in 0,17 seconds with the score of 977,85 (2 unrouted), using 1161,98 CPU seconds and 22077 MB memory.
2026-09-25 14:19:48.087 INFO   [FC9CEA\D38C0B] Auto-router pass #175 on board '760fe2ca6e7d66aae28c69d2ec3eb30e' was completed in 0,17 seconds with the score of 977,85 (2 unrouted), using 1161,98 CPU seconds and 22077 MB memory.
2026-09-25 14:19:48.363 INFO   [FC9CEA\D38C0B] Restoring an earlier board that has the score of 977,85 (2 unrouted).
2026-09-25 14:19:48.363 INFO   [FC9CEA\D38C0B] Auto-router pass #176 on board '760fe2ca6e7d66aae28c69d2ec3eb30e' was completed in 0,25 seconds with the score of 977,85 (2 unrouted), using 1209,67 CPU seconds and 22621 MB memory.
2026-09-25 14:19:48.528 INFO   [FC9CEA\D38C0B] Auto-router pass #177 on board '760fe2ca6e7d66aae28c69d2ec3eb30e' was completed in 0,15 seconds with the score of 977,85 (2 unrouted), using 1209,67 CPU seconds and 22621 MB memory.
2026-09-25 14:19:48.783 INFO   [FC9CEA\D38C0B] Auto-router pass #178 on board '760fe2ca6e7d66aae28c69d2ec3eb30e' was completed in 0,24 seconds with the score of 977,85 (2 unrouted), using 1209,67 CPU seconds and 22621 MB memory.
2026-09-25 14:19:48.970 INFO   [FC9CEA\D38C0B] Auto-router pass #179 on board '760fe2ca6e7d66aae28c69d2ec3eb30e' was completed in 0,17 seconds with the score of 977,85 (2 unrouted), using 1209,67 CPU seconds and 22621 MB memory.
2026-09-25 14:19:49.307 INFO   [FC9CEA\D38C0B] Restoring an earlier board that has the score of 977,85 (2 unrouted).
2026-09-25 14:19:49.308 INFO   [FC9CEA\D38C0B] Auto-router pass #180 on board '760fe2ca6e7d66aae28c69d2ec3eb30e' was completed in 0,31 seconds with the score of 977,85 (2 unrouted), using 1258,33 CPU seconds and 23150 MB memory.
2026-09-25 14:19:49.570 INFO   [FC9CEA\D38C0B] Auto-router pass #181 on board '760fe2ca6e7d66aae28c69d2ec3eb30e' was completed in 0,24 seconds with the score of 977,85 (2 unrouted), using 1258,33 CPU seconds and 23150 MB memory.
2026-09-25 14:19:49.824 INFO   [FC9CEA\D38C0B] Auto-router pass #182 on board '760fe2ca6e7d66aae28c69d2ec3eb30e' was completed in 0,23 seconds with the score of 977,85 (2 unrouted), using 1258,33 CPU seconds and 23150 MB memory.
2026-09-25 14:19:50.053 INFO   [FC9CEA\D38C0B] Auto-router pass #183 on board '760fe2ca6e7d66aae28c69d2ec3eb30e' was completed in 0,21 seconds with the score of 977,85 (2 unrouted), using 1258,33 CPU seconds and 23150 MB memory.
2026-09-25 14:19:50.356 INFO   [FC9CEA\D38C0B] Restoring an earlier board that has the score of 977,77 (2 unrouted).
2026-09-25 14:19:50.357 INFO   [FC9CEA\D38C0B] Auto-router pass #184 on board '760fe2ca6e7d66aae28c69d2ec3eb30e' was completed in 0,28 seconds with the score of 977,85 (2 unrouted), using 1307,97 CPU seconds and 23577 MB memory.
2026-09-25 14:19:50.554 INFO   [FC9CEA\D38C0B] Auto-router pass #185 on board '051a9e1359dbe8c4f7f24cebae5a34ee' was completed in 0,18 seconds with the score of 977,77 (2 unrouted), using 1307,97 CPU seconds and 23577 MB memory.
2026-09-25 14:19:50.739 INFO   [FC9CEA\D38C0B] Auto-router pass #186 on board '051a9e1359dbe8c4f7f24cebae5a34ee' was completed in 0,17 seconds with the score of 977,77 (2 unrouted), using 1307,97 CPU seconds and 23577 MB memory.
2026-09-25 14:19:50.908 INFO   [FC9CEA\D38C0B] Auto-router pass #187 on board '051a9e1359dbe8c4f7f24cebae5a34ee' was completed in 0,15 seconds with the score of 977,77 (2 unrouted), using 1307,97 CPU seconds and 23577 MB memory.
2026-09-25 14:19:51.225 INFO   [FC9CEA\D38C0B] Restoring an earlier board that has the score of 977,77 (2 unrouted).
2026-09-25 14:19:51.225 INFO   [FC9CEA\D38C0B] Auto-router pass #188 on board '051a9e1359dbe8c4f7f24cebae5a34ee' was completed in 0,28 seconds with the score of 977,77 (2 unrouted), using 1358,61 CPU seconds and 24103 MB memory.
2026-09-25 14:19:51.463 INFO   [FC9CEA\D38C0B] Auto-router pass #189 on board '051a9e1359dbe8c4f7f24cebae5a34ee' was completed in 0,22 seconds with the score of 977,77 (2 unrouted), using 1358,61 CPU seconds and 24103 MB memory.
2026-09-25 14:19:51.664 INFO   [FC9CEA\D38C0B] Auto-router pass #190 on board '051a9e1359dbe8c4f7f24cebae5a34ee' was completed in 0,17 seconds with the score of 977,77 (2 unrouted), using 1358,61 CPU seconds and 24103 MB memory.
2026-09-25 14:19:51.871 INFO   [FC9CEA\D38C0B] Auto-router pass #191 on board '051a9e1359dbe8c4f7f24cebae5a34ee' was completed in 0,19 seconds with the score of 977,77 (2 unrouted), using 1358,61 CPU seconds and 24103 MB memory.
2026-09-25 14:19:52.143 INFO   [FC9CEA\D38C0B] Restoring an earlier board that has the score of 977,77 (2 unrouted).
2026-09-25 14:19:52.144 INFO   [FC9CEA\D38C0B] Auto-router pass #192 on board '051a9e1359dbe8c4f7f24cebae5a34ee' was completed in 0,25 seconds with the score of 977,77 (2 unrouted), using 1410,25 CPU seconds and 24604 MB memory.
2026-09-25 14:19:52.390 INFO   [FC9CEA\D38C0B] Auto-router pass #193 on board '051a9e1359dbe8c4f7f24cebae5a34ee' was completed in 0,23 seconds with the score of 977,77 (2 unrouted), using 1410,25 CPU seconds and 24604 MB memory.
2026-09-25 14:19:52.610 INFO   [FC9CEA\D38C0B] Auto-router pass #194 on board '051a9e1359dbe8c4f7f24cebae5a34ee' was completed in 0,20 seconds with the score of 977,77 (2 unrouted), using 1410,25 CPU seconds and 24604 MB memory.
2026-09-25 14:19:52.882 INFO   [FC9CEA\D38C0B] Auto-router pass #195 on board '051a9e1359dbe8c4f7f24cebae5a34ee' was completed in 0,24 seconds with the score of 977,77 (2 unrouted), using 1410,25 CPU seconds and 24604 MB memory.
2026-09-25 14:19:53.221 INFO   [FC9CEA\D38C0B] Restoring an earlier board that has the score of 977,77 (2 unrouted).
2026-09-25 14:19:53.222 INFO   [FC9CEA\D38C0B] Auto-router pass #196 on board '051a9e1359dbe8c4f7f24cebae5a34ee' was completed in 0,32 seconds with the score of 977,77 (2 unrouted), using 1462,91 CPU seconds and 25033 MB memory.
2026-09-25 14:19:53.399 INFO   [FC9CEA\D38C0B] Auto-router pass #197 on board '051a9e1359dbe8c4f7f24cebae5a34ee' was completed in 0,16 seconds with the score of 977,77 (2 unrouted), using 1462,91 CPU seconds and 25033 MB memory.
2026-09-25 14:19:53.619 INFO   [FC9CEA\D38C0B] Auto-router pass #198 on board '051a9e1359dbe8c4f7f24cebae5a34ee' was completed in 0,21 seconds with the score of 977,77 (2 unrouted), using 1462,91 CPU seconds and 25033 MB memory.
2026-09-25 14:19:53.833 INFO   [FC9CEA\D38C0B] Auto-router pass #199 on board '051a9e1359dbe8c4f7f24cebae5a34ee' was completed in 0,20 seconds with the score of 977,77 (2 unrouted), using 1462,91 CPU seconds and 25033 MB memory.
2026-09-25 14:19:54.089 INFO   [FC9CEA\D38C0B] Restoring an earlier board that has the score of 977,69 (2 unrouted).
2026-09-25 14:19:54.089 INFO   [FC9CEA\D38C0B] Auto-router pass #200 on board '051a9e1359dbe8c4f7f24cebae5a34ee' was completed in 0,24 seconds with the score of 977,77 (2 unrouted), using 1462,91 CPU seconds and 25033 MB memory.
2026-09-25 14:19:54.365 INFO   [FC9CEA\D38C0B] Auto-router pass #201 on board 'fdb02085af0afc80ed42dc2f87ec1b4f' was completed in 0,26 seconds with the score of 977,69 (2 unrouted), using 1516,48 CPU seconds and 25563 MB memory.
2026-09-25 14:19:54.627 INFO   [FC9CEA\D38C0B] Auto-router pass #202 on board 'fdb02085af0afc80ed42dc2f87ec1b4f' was completed in 0,23 seconds with the score of 977,69 (2 unrouted), using 1516,48 CPU seconds and 25563 MB memory.
2026-09-25 14:19:54.792 INFO   [FC9CEA\D38C0B] Auto-router pass #203 on board 'fdb02085af0afc80ed42dc2f87ec1b4f' was completed in 0,15 seconds with the score of 977,69 (2 unrouted), using 1516,48 CPU seconds and 25563 MB memory.
2026-09-25 14:19:55.108 INFO   [FC9CEA\D38C0B] Restoring an earlier board that has the score of 977,69 (2 unrouted).
2026-09-25 14:19:55.108 INFO   [FC9CEA\D38C0B] Auto-router pass #204 on board 'fdb02085af0afc80ed42dc2f87ec1b4f' was completed in 0,30 seconds with the score of 977,69 (2 unrouted), using 1516,48 CPU seconds and 25563 MB memory.
2026-09-25 14:19:55.385 INFO   [FC9CEA\D38C0B] Auto-router pass #205 on board 'fdb02085af0afc80ed42dc2f87ec1b4f' was completed in 0,27 seconds with the score of 977,69 (2 unrouted), using 1571,08 CPU seconds and 26022 MB memory.
2026-09-25 14:19:55.583 INFO   [FC9CEA\D38C0B] Auto-router pass #206 on board 'fdb02085af0afc80ed42dc2f87ec1b4f' was completed in 0,18 seconds with the score of 977,69 (2 unrouted), using 1571,08 CPU seconds and 26022 MB memory.
2026-09-25 14:19:55.781 INFO   [FC9CEA\D38C0B] Auto-router pass #207 on board 'fdb02085af0afc80ed42dc2f87ec1b4f' was completed in 0,18 seconds with the score of 977,69 (2 unrouted), using 1571,08 CPU seconds and 26022 MB memory.
2026-09-25 14:19:56.006 INFO   [FC9CEA\D38C0B] Restoring an earlier board that has the score of 977,69 (2 unrouted).
2026-09-25 14:19:56.007 INFO   [FC9CEA\D38C0B] Auto-router pass #208 on board 'fdb02085af0afc80ed42dc2f87ec1b4f' was completed in 0,21 seconds with the score of 977,69 (2 unrouted), using 1571,08 CPU seconds and 26022 MB memory.
2026-09-25 14:19:56.235 INFO   [FC9CEA\D38C0B] Auto-router pass #209 on board 'fdb02085af0afc80ed42dc2f87ec1b4f' was completed in 0,21 seconds with the score of 977,69 (2 unrouted), using 1626,62 CPU seconds and 26539 MB memory.
2026-09-25 14:19:56.461 INFO   [FC9CEA\D38C0B] Auto-router pass #210 on board 'fdb02085af0afc80ed42dc2f87ec1b4f' was completed in 0,20 seconds with the score of 977,69 (2 unrouted), using 1626,62 CPU seconds and 26539 MB memory.
2026-09-25 14:19:56.694 INFO   [FC9CEA\D38C0B] Auto-router pass #211 on board 'fdb02085af0afc80ed42dc2f87ec1b4f' was completed in 0,21 seconds with the score of 977,69 (2 unrouted), using 1626,62 CPU seconds and 26539 MB memory.
2026-09-25 14:19:56.992 INFO   [FC9CEA\D38C0B] Restoring an earlier board that has the score of 977,69 (2 unrouted).
2026-09-25 14:19:56.992 INFO   [FC9CEA\D38C0B] Auto-router pass #212 on board 'fdb02085af0afc80ed42dc2f87ec1b4f' was completed in 0,27 seconds with the score of 977,69 (2 unrouted), using 1626,62 CPU seconds and 26539 MB memory.
2026-09-25 14:19:57.197 INFO   [FC9CEA\D38C0B] Auto-router pass #213 on board 'fdb02085af0afc80ed42dc2f87ec1b4f' was completed in 0,18 seconds with the score of 977,69 (2 unrouted), using 1683,17 CPU seconds and 27030 MB memory.
2026-09-25 14:19:57.431 INFO   [FC9CEA\D38C0B] Auto-router pass #214 on board 'fdb02085af0afc80ed42dc2f87ec1b4f' was completed in 0,22 seconds with the score of 977,69 (2 unrouted), using 1683,17 CPU seconds and 27030 MB memory.
2026-09-25 14:19:57.619 INFO   [FC9CEA\D38C0B] Auto-router pass #215 on board 'fdb02085af0afc80ed42dc2f87ec1b4f' was completed in 0,17 seconds with the score of 977,69 (2 unrouted), using 1683,17 CPU seconds and 27030 MB memory.
2026-09-25 14:19:57.909 INFO   [FC9CEA\D38C0B] Restoring an earlier board that has the score of 977,61 (2 unrouted).
2026-09-25 14:19:57.910 INFO   [FC9CEA\D38C0B] Auto-router pass #216 on board 'fdb02085af0afc80ed42dc2f87ec1b4f' was completed in 0,27 seconds with the score of 977,69 (2 unrouted), using 1683,17 CPU seconds and 27030 MB memory.
2026-09-25 14:19:58.194 INFO   [FC9CEA\D38C0B] Auto-router pass #217 on board '4084da4d49dc8a3bede850c1871ace22' was completed in 0,27 seconds with the score of 977,69 (2 unrouted), using 1683,17 CPU seconds and 27030 MB memory.
2026-09-25 14:19:58.406 INFO   [FC9CEA\D38C0B] Auto-router pass #218 on board 'fdb02085af0afc80ed42dc2f87ec1b4f' was completed in 0,18 seconds with the score of 977,69 (2 unrouted), using 1740,69 CPU seconds and 27496 MB memory.
2026-09-25 14:19:58.624 INFO   [FC9CEA\D38C0B] Auto-router pass #219 on board 'fdb02085af0afc80ed42dc2f87ec1b4f' was completed in 0,21 seconds with the score of 977,69 (2 unrouted), using 1740,69 CPU seconds and 27496 MB memory.
2026-09-25 14:19:58.976 INFO   [FC9CEA\D38C0B] Restoring an earlier board that has the score of 977,61 (2 unrouted).
2026-09-25 14:19:58.977 INFO   [FC9CEA\D38C0B] Auto-router pass #220 on board 'fdb02085af0afc80ed42dc2f87ec1b4f' was completed in 0,34 seconds with the score of 977,69 (2 unrouted), using 1740,69 CPU seconds and 27496 MB memory.
2026-09-25 14:19:59.232 INFO   [FC9CEA\D38C0B] Auto-router pass #221 on board '4084da4d49dc8a3bede850c1871ace22' was completed in 0,24 seconds with the score of 977,69 (2 unrouted), using 1799,20 CPU seconds and 27955 MB memory.
2026-09-25 14:19:59.433 INFO   [FC9CEA\D38C0B] Auto-router pass #222 on board 'fdb02085af0afc80ed42dc2f87ec1b4f' was completed in 0,18 seconds with the score of 977,69 (2 unrouted), using 1799,20 CPU seconds and 27955 MB memory.
2026-09-25 14:19:59.694 INFO   [FC9CEA\D38C0B] Auto-router pass #223 on board 'fdb02085af0afc80ed42dc2f87ec1b4f' was completed in 0,24 seconds with the score of 977,69 (2 unrouted), using 1799,20 CPU seconds and 27955 MB memory.
2026-09-25 14:19:59.972 INFO   [FC9CEA\D38C0B] Restoring an earlier board that has the score of 977,61 (2 unrouted).
2026-09-25 14:19:59.973 INFO   [FC9CEA\D38C0B] Auto-router pass #224 on board 'fdb02085af0afc80ed42dc2f87ec1b4f' was completed in 0,26 seconds with the score of 977,69 (2 unrouted), using 1799,20 CPU seconds and 27955 MB memory.
2026-09-25 14:20:00.167 INFO   [FC9CEA\D38C0B] Auto-router pass #225 on board '4084da4d49dc8a3bede850c1871ace22' was completed in 0,18 seconds with the score of 977,69 (2 unrouted), using 1799,20 CPU seconds and 27955 MB memory.
2026-09-25 14:20:00.389 INFO   [FC9CEA\D38C0B] Auto-router pass #226 on board 'fdb02085af0afc80ed42dc2f87ec1b4f' was completed in 0,20 seconds with the score of 977,69 (2 unrouted), using 1858,66 CPU seconds and 28463 MB memory.
2026-09-25 14:20:00.599 INFO   [FC9CEA\D38C0B] Auto-router pass #227 on board 'fdb02085af0afc80ed42dc2f87ec1b4f' was completed in 0,19 seconds with the score of 977,69 (2 unrouted), using 1858,66 CPU seconds and 28463 MB memory.
2026-09-25 14:20:00.842 INFO   [FC9CEA\D38C0B] Restoring an earlier board that has the score of 977,61 (2 unrouted).
2026-09-25 14:20:00.842 INFO   [FC9CEA\D38C0B] Auto-router pass #228 on board 'fdb02085af0afc80ed42dc2f87ec1b4f' was completed in 0,23 seconds with the score of 977,69 (2 unrouted), using 1858,66 CPU seconds and 28463 MB memory.
2026-09-25 14:20:01.045 INFO   [FC9CEA\D38C0B] Auto-router pass #229 on board '4084da4d49dc8a3bede850c1871ace22' was completed in 0,18 seconds with the score of 977,69 (2 unrouted), using 1858,66 CPU seconds and 28463 MB memory.
2026-09-25 14:20:01.224 INFO   [FC9CEA\D38C0B] Auto-router pass #230 on board 'fdb02085af0afc80ed42dc2f87ec1b4f' was completed in 0,17 seconds with the score of 977,69 (2 unrouted), using 1858,66 CPU seconds and 28463 MB memory.
2026-09-25 14:20:01.414 INFO   [FC9CEA\D38C0B] Auto-router pass #231 on board 'fdb02085af0afc80ed42dc2f87ec1b4f' was completed in 0,17 seconds with the score of 977,69 (2 unrouted), using 1919,05 CPU seconds and 28998 MB memory.
2026-09-25 14:20:01.659 INFO   [FC9CEA\D38C0B] Restoring an earlier board that has the score of 977,53 (2 unrouted).
2026-09-25 14:20:01.659 INFO   [FC9CEA\D38C0B] Auto-router pass #232 on board 'fdb02085af0afc80ed42dc2f87ec1b4f' was completed in 0,23 seconds with the score of 977,69 (2 unrouted), using 1919,05 CPU seconds and 28998 MB memory.
2026-09-25 14:20:01.838 INFO   [FC9CEA\D38C0B] Auto-router pass #233 on board '0a5b2cf931195771e92472ddafa9fad6' was completed in 0,16 seconds with the score of 977,61 (2 unrouted), using 1919,05 CPU seconds and 28998 MB memory.
2026-09-25 14:20:02.083 INFO   [FC9CEA\D38C0B] Auto-router pass #234 on board '4084da4d49dc8a3bede850c1871ace22' was completed in 0,23 seconds with the score of 977,69 (2 unrouted), using 1919,05 CPU seconds and 28998 MB memory.
2026-09-25 14:20:02.330 INFO   [FC9CEA\D38C0B] Auto-router pass #235 on board 'fdb02085af0afc80ed42dc2f87ec1b4f' was completed in 0,23 seconds with the score of 977,69 (2 unrouted), using 1980,42 CPU seconds and 29529 MB memory.
2026-09-25 14:20:02.679 INFO   [FC9CEA\D38C0B] Restoring an earlier board that has the score of 977,53 (2 unrouted).
2026-09-25 14:20:02.680 INFO   [FC9CEA\D38C0B] Auto-router pass #236 on board 'fdb02085af0afc80ed42dc2f87ec1b4f' was completed in 0,33 seconds with the score of 977,69 (2 unrouted), using 1980,42 CPU seconds and 29529 MB memory.
2026-09-25 14:20:02.842 INFO   [FC9CEA\D38C0B] Auto-router pass #237 on board '0a5b2cf931195771e92472ddafa9fad6' was completed in 0,15 seconds with the score of 977,61 (2 unrouted), using 1980,42 CPU seconds and 29529 MB memory.
2026-09-25 14:20:03.033 INFO   [FC9CEA\D38C0B] Auto-router pass #238 on board '4084da4d49dc8a3bede850c1871ace22' was completed in 0,18 seconds with the score of 977,69 (2 unrouted), using 1980,42 CPU seconds and 29529 MB memory.
2026-09-25 14:20:03.292 INFO   [FC9CEA\D38C0B] Auto-router pass #239 on board 'fdb02085af0afc80ed42dc2f87ec1b4f' was completed in 0,24 seconds with the score of 977,69 (2 unrouted), using 2042,77 CPU seconds and 30021 MB memory.
2026-09-25 14:20:03.531 INFO   [FC9CEA\D38C0B] Restoring an earlier board that has the score of 977,53 (2 unrouted).
2026-09-25 14:20:03.532 INFO   [FC9CEA\D38C0B] Auto-router pass #240 on board 'fdb02085af0afc80ed42dc2f87ec1b4f' was completed in 0,22 seconds with the score of 977,69 (2 unrouted), using 2042,77 CPU seconds and 30021 MB memory.
2026-09-25 14:20:03.696 INFO   [FC9CEA\D38C0B] Auto-router pass #241 on board '0a5b2cf931195771e92472ddafa9fad6' was completed in 0,15 seconds with the score of 977,61 (2 unrouted), using 2042,77 CPU seconds and 30021 MB memory.
2026-09-25 14:20:03.902 INFO   [FC9CEA\D38C0B] Auto-router pass #242 on board '4084da4d49dc8a3bede850c1871ace22' was completed in 0,19 seconds with the score of 977,69 (2 unrouted), using 2042,77 CPU seconds and 30021 MB memory.
2026-09-25 14:20:04.103 INFO   [FC9CEA\D38C0B] Auto-router pass #243 on board 'fdb02085af0afc80ed42dc2f87ec1b4f' was completed in 0,19 seconds with the score of 977,69 (2 unrouted), using 2042,77 CPU seconds and 30021 MB memory.
2026-09-25 14:20:04.361 INFO   [FC9CEA\D38C0B] Restoring an earlier board that has the score of 977,53 (2 unrouted).
2026-09-25 14:20:04.361 INFO   [FC9CEA\D38C0B] Auto-router pass #244 on board 'fdb02085af0afc80ed42dc2f87ec1b4f' was completed in 0,25 seconds with the score of 977,69 (2 unrouted), using 2106,09 CPU seconds and 30582 MB memory.
2026-09-25 14:20:04.571 INFO   [FC9CEA\D38C0B] Auto-router pass #245 on board '0a5b2cf931195771e92472ddafa9fad6' was completed in 0,19 seconds with the score of 977,61 (2 unrouted), using 2106,09 CPU seconds and 30582 MB memory.
2026-09-25 14:20:04.820 INFO   [FC9CEA\D38C0B] Auto-router pass #246 on board '4084da4d49dc8a3bede850c1871ace22' was completed in 0,22 seconds with the score of 977,69 (2 unrouted), using 2106,09 CPU seconds and 30582 MB memory.
2026-09-25 14:20:05.051 INFO   [FC9CEA\D38C0B] Auto-router pass #247 on board 'fdb02085af0afc80ed42dc2f87ec1b4f' was completed in 0,20 seconds with the score of 977,69 (2 unrouted), using 2106,09 CPU seconds and 30582 MB memory.
2026-09-25 14:20:05.325 INFO   [FC9CEA\D38C0B] Restoring an earlier board that has the score of 977,45 (2 unrouted).
2026-09-25 14:20:05.325 INFO   [FC9CEA\D38C0B] Auto-router pass #248 on board 'fdb02085af0afc80ed42dc2f87ec1b4f' was completed in 0,25 seconds with the score of 977,69 (2 unrouted), using 2170,44 CPU seconds and 31070 MB memory.
2026-09-25 14:20:05.556 INFO   [FC9CEA\D38C0B] Auto-router pass #249 on board '3f8a055b941878b75cd3482e06dbf0ae' was completed in 0,20 seconds with the score of 977,53 (2 unrouted), using 2170,44 CPU seconds and 31070 MB memory.
2026-09-25 14:20:05.790 INFO   [FC9CEA\D38C0B] Auto-router pass #250 on board '0a5b2cf931195771e92472ddafa9fad6' was completed in 0,21 seconds with the score of 977,61 (2 unrouted), using 2170,44 CPU seconds and 31070 MB memory.
2026-09-25 14:20:05.986 INFO   [FC9CEA\D38C0B] Auto-router pass #251 on board '4084da4d49dc8a3bede850c1871ace22' was completed in 0,18 seconds with the score of 977,69 (2 unrouted), using 2170,44 CPU seconds and 31070 MB memory.
2026-09-25 14:20:06.244 INFO   [FC9CEA\D38C0B] Restoring an earlier board that has the score of 977,45 (2 unrouted).
2026-09-25 14:20:06.244 INFO   [FC9CEA\D38C0B] Auto-router pass #252 on board 'fdb02085af0afc80ed42dc2f87ec1b4f' was completed in 0,24 seconds with the score of 977,69 (2 unrouted), using 2170,44 CPU seconds and 31070 MB memory.
2026-09-25 14:20:06.482 INFO   [FC9CEA\D38C0B] Auto-router pass #253 on board '3f8a055b941878b75cd3482e06dbf0ae' was completed in 0,22 seconds with the score of 977,53 (2 unrouted), using 2235,80 CPU seconds and 31574 MB memory.
2026-09-25 14:20:06.731 INFO   [FC9CEA\D38C0B] Auto-router pass #254 on board '0a5b2cf931195771e92472ddafa9fad6' was completed in 0,23 seconds with the score of 977,61 (2 unrouted), using 2235,80 CPU seconds and 31574 MB memory.
2026-09-25 14:20:06.924 INFO   [FC9CEA\D38C0B] Auto-router pass #255 on board '4084da4d49dc8a3bede850c1871ace22' was completed in 0,18 seconds with the score of 977,69 (2 unrouted), using 2235,80 CPU seconds and 31574 MB memory.
2026-09-25 14:20:07.176 INFO   [FC9CEA\D38C0B] Restoring an earlier board that has the score of 977,45 (2 unrouted).
2026-09-25 14:20:07.176 INFO   [FC9CEA\D38C0B] Auto-router pass #256 on board 'fdb02085af0afc80ed42dc2f87ec1b4f' was completed in 0,24 seconds with the score of 977,69 (2 unrouted), using 2235,80 CPU seconds and 31574 MB memory.
2026-09-25 14:20:07.395 INFO   [FC9CEA\D38C0B] Auto-router pass #257 on board '3f8a055b941878b75cd3482e06dbf0ae' was completed in 0,19 seconds with the score of 977,53 (2 unrouted), using 2302,12 CPU seconds and 32066 MB memory.
2026-09-25 14:20:07.598 INFO   [FC9CEA\D38C0B] Auto-router pass #258 on board '0a5b2cf931195771e92472ddafa9fad6' was completed in 0,18 seconds with the score of 977,61 (2 unrouted), using 2302,12 CPU seconds and 32066 MB memory.
2026-09-25 14:20:07.797 INFO   [FC9CEA\D38C0B] Auto-router pass #259 on board '4084da4d49dc8a3bede850c1871ace22' was completed in 0,18 seconds with the score of 977,69 (2 unrouted), using 2302,12 CPU seconds and 32066 MB memory.
2026-09-25 14:20:08.060 INFO   [FC9CEA\D38C0B] Restoring an earlier board that has the score of 977,45 (2 unrouted).
2026-09-25 14:20:08.060 INFO   [FC9CEA\D38C0B] Auto-router pass #260 on board 'fdb02085af0afc80ed42dc2f87ec1b4f' was completed in 0,25 seconds with the score of 977,69 (2 unrouted), using 2302,12 CPU seconds and 32066 MB memory.
2026-09-25 14:20:08.268 INFO   [FC9CEA\D38C0B] Auto-router pass #261 on board '3f8a055b941878b75cd3482e06dbf0ae' was completed in 0,19 seconds with the score of 977,53 (2 unrouted), using 2302,12 CPU seconds and 32066 MB memory.
2026-09-25 14:20:08.464 INFO   [FC9CEA\D38C0B] Auto-router pass #262 on board '0a5b2cf931195771e92472ddafa9fad6' was completed in 0,18 seconds with the score of 977,61 (2 unrouted), using 2369,47 CPU seconds and 32604 MB memory.
2026-09-25 14:20:08.671 INFO   [FC9CEA\D38C0B] Auto-router pass #263 on board '4084da4d49dc8a3bede850c1871ace22' was completed in 0,19 seconds with the score of 977,69 (2 unrouted), using 2369,47 CPU seconds and 32604 MB memory.
2026-09-25 14:20:08.924 INFO   [FC9CEA\D38C0B] Restoring an earlier board that has the score of 977,37 (2 unrouted).
2026-09-25 14:20:08.925 INFO   [FC9CEA\D38C0B] Auto-router pass #264 on board 'fdb02085af0afc80ed42dc2f87ec1b4f' was completed in 0,24 seconds with the score of 977,69 (2 unrouted), using 2369,47 CPU seconds and 32604 MB memory.
2026-09-25 14:20:09.155 INFO   [FC9CEA\D38C0B] Auto-router pass #265 on board '5f45435b073b6d2ae3e2b1f7fceda940' was completed in 0,21 seconds with the score of 977,45 (2 unrouted), using 2369,47 CPU seconds and 32604 MB memory.
2026-09-25 14:20:09.484 INFO   [FC9CEA\D38C0B] Auto-router pass #266 on board '386c468b545fefd81bafb673064261a9' was completed in 0,27 seconds with the score of 977,53 (2 unrouted), using 2437,78 CPU seconds and 33102 MB memory.
2026-09-25 14:20:09.818 INFO   [FC9CEA\D38C0B] Auto-router pass #267 on board '578f8e4527041dac7e493be6f79d80c4' was completed in 0,26 seconds with the score of 977,61 (2 unrouted), using 2437,78 CPU seconds and 33102 MB memory.
2026-09-25 14:20:10.236 INFO   [FC9CEA\D38C0B] Restoring an earlier board that has the score of 977,61 (2 unrouted).
2026-09-25 14:20:10.237 INFO   [FC9CEA\D38C0B] Auto-router pass #268 on board '6babd7b8faddb7b1ea05e01cc66215d8' was completed in 0,35 seconds with the score of 977,61 (2 unrouted), using 2437,78 CPU seconds and 33102 MB memory.
2026-09-25 14:20:10.526 INFO   [FC9CEA\D38C0B] Auto-router pass #269 on board '6babd7b8faddb7b1ea05e01cc66215d8' was completed in 0,26 seconds with the score of 977,61 (2 unrouted), using 2507,11 CPU seconds and 33458 MB memory.
2026-09-25 14:20:10.835 INFO   [FC9CEA\D38C0B] Auto-router pass #270 on board '6babd7b8faddb7b1ea05e01cc66215d8' was completed in 0,29 seconds with the score of 977,61 (2 unrouted), using 2507,11 CPU seconds and 33458 MB memory.
2026-09-25 14:20:11.147 INFO   [FC9CEA\D38C0B] Auto-router pass #271 on board '6babd7b8faddb7b1ea05e01cc66215d8' was completed in 0,28 seconds with the score of 977,61 (2 unrouted), using 2507,11 CPU seconds and 33458 MB memory.
2026-09-25 14:20:11.487 INFO   [FC9CEA\D38C0B] Restoring an earlier board that has the score of 977,61 (2 unrouted).
2026-09-25 14:20:11.487 INFO   [FC9CEA\D38C0B] Auto-router pass #272 on board '6babd7b8faddb7b1ea05e01cc66215d8' was completed in 0,31 seconds with the score of 977,61 (2 unrouted), using 2577,39 CPU seconds and 33839 MB memory.
2026-09-25 14:20:11.765 INFO   [FC9CEA\D38C0B] Auto-router pass #273 on board '6babd7b8faddb7b1ea05e01cc66215d8' was completed in 0,25 seconds with the score of 977,61 (2 unrouted), using 2577,39 CPU seconds and 33839 MB memory.
2026-09-25 14:20:12.051 INFO   [FC9CEA\D38C0B] Auto-router pass #274 on board '6babd7b8faddb7b1ea05e01cc66215d8' was completed in 0,26 seconds with the score of 977,61 (2 unrouted), using 2577,39 CPU seconds and 33839 MB memory.
2026-09-25 14:20:12.317 INFO   [FC9CEA\D38C0B] Auto-router pass #275 on board '6babd7b8faddb7b1ea05e01cc66215d8' was completed in 0,25 seconds with the score of 977,61 (2 unrouted), using 2577,39 CPU seconds and 33839 MB memory.
2026-09-25 14:20:12.605 INFO   [FC9CEA\D38C0B] Restoring an earlier board that has the score of 977,61 (2 unrouted).
2026-09-25 14:20:12.605 INFO   [FC9CEA\D38C0B] Auto-router pass #276 on board '6babd7b8faddb7b1ea05e01cc66215d8' was completed in 0,27 seconds with the score of 977,61 (2 unrouted), using 2648,58 CPU seconds and 34246 MB memory.
2026-09-25 14:20:12.832 INFO   [FC9CEA\D38C0B] Auto-router pass #277 on board '6babd7b8faddb7b1ea05e01cc66215d8' was completed in 0,21 seconds with the score of 977,61 (2 unrouted), using 2648,58 CPU seconds and 34246 MB memory.
2026-09-25 14:20:13.105 INFO   [FC9CEA\D38C0B] Auto-router pass #278 on board '6babd7b8faddb7b1ea05e01cc66215d8' was completed in 0,25 seconds with the score of 977,61 (2 unrouted), using 2648,58 CPU seconds and 34246 MB memory.
2026-09-25 14:20:13.361 INFO   [FC9CEA\D38C0B] Auto-router pass #279 on board '6babd7b8faddb7b1ea05e01cc66215d8' was completed in 0,24 seconds with the score of 977,61 (2 unrouted), using 2648,58 CPU seconds and 34246 MB memory.
2026-09-25 14:20:13.679 INFO   [FC9CEA\D38C0B] Restoring an earlier board that has the score of 977,61 (2 unrouted).
2026-09-25 14:20:13.680 INFO   [FC9CEA\D38C0B] Auto-router pass #280 on board '6babd7b8faddb7b1ea05e01cc66215d8' was completed in 0,29 seconds with the score of 977,61 (2 unrouted), using 2720,75 CPU seconds and 34676 MB memory.
2026-09-25 14:20:13.927 INFO   [FC9CEA\D38C0B] Auto-router pass #281 on board '6babd7b8faddb7b1ea05e01cc66215d8' was completed in 0,23 seconds with the score of 977,61 (2 unrouted), using 2720,75 CPU seconds and 34676 MB memory.
2026-09-25 14:20:14.162 INFO   [FC9CEA\D38C0B] Auto-router pass #282 on board '6babd7b8faddb7b1ea05e01cc66215d8' was completed in 0,22 seconds with the score of 977,61 (2 unrouted), using 2720,75 CPU seconds and 34676 MB memory.
2026-09-25 14:20:14.411 INFO   [FC9CEA\D38C0B] Auto-router pass #283 on board '6babd7b8faddb7b1ea05e01cc66215d8' was completed in 0,23 seconds with the score of 977,61 (2 unrouted), using 2793,89 CPU seconds and 35131 MB memory.
2026-09-25 14:20:14.800 INFO   [FC9CEA\D38C0B] Restoring an earlier board that has the score of 977,53 (2 unrouted).
2026-09-25 14:20:14.801 INFO   [FC9CEA\D38C0B] Auto-router pass #284 on board '6babd7b8faddb7b1ea05e01cc66215d8' was completed in 0,37 seconds with the score of 977,61 (2 unrouted), using 2793,89 CPU seconds and 35131 MB memory.
2026-09-25 14:20:15.116 INFO   [FC9CEA\D38C0B] Auto-router pass #285 on board '578f8e4527041dac7e493be6f79d80c4' was completed in 0,29 seconds with the score of 977,61 (2 unrouted), using 2793,89 CPU seconds and 35131 MB memory.
2026-09-25 14:20:15.447 INFO   [FC9CEA\D38C0B] Auto-router pass #286 on board '6babd7b8faddb7b1ea05e01cc66215d8' was completed in 0,30 seconds with the score of 977,61 (2 unrouted), using 2867,77 CPU seconds and 35468 MB memory.
2026-09-25 14:20:15.729 INFO   [FC9CEA\D38C0B] Auto-router pass #287 on board '6babd7b8faddb7b1ea05e01cc66215d8' was completed in 0,26 seconds with the score of 977,61 (2 unrouted), using 2867,77 CPU seconds and 35468 MB memory.
2026-09-25 14:20:16.118 INFO   [FC9CEA\D38C0B] Restoring an earlier board that has the score of 977,53 (2 unrouted).
2026-09-25 14:20:16.119 INFO   [FC9CEA\D38C0B] Auto-router pass #288 on board '6babd7b8faddb7b1ea05e01cc66215d8' was completed in 0,36 seconds with the score of 977,61 (2 unrouted), using 2867,77 CPU seconds and 35468 MB memory.
2026-09-25 14:20:16.407 INFO   [FC9CEA\D38C0B] Auto-router pass #289 on board '578f8e4527041dac7e493be6f79d80c4' was completed in 0,26 seconds with the score of 977,61 (2 unrouted), using 2867,77 CPU seconds and 35468 MB memory.
2026-09-25 14:20:16.614 INFO   [FC9CEA\D38C0B] Auto-router pass #290 on board '6babd7b8faddb7b1ea05e01cc66215d8' was completed in 0,19 seconds with the score of 977,61 (2 unrouted), using 2942,61 CPU seconds and 35840 MB memory.
2026-09-25 14:20:16.887 INFO   [FC9CEA\D38C0B] Auto-router pass #291 on board '6babd7b8faddb7b1ea05e01cc66215d8' was completed in 0,26 seconds with the score of 977,61 (2 unrouted), using 2942,61 CPU seconds and 35840 MB memory.
2026-09-25 14:20:17.115 INFO   [FC9CEA\D38C0B] Restoring an earlier board that has the score of 977,53 (2 unrouted).
2026-09-25 14:20:17.116 INFO   [FC9CEA\D38C0B] Auto-router pass #292 on board '6babd7b8faddb7b1ea05e01cc66215d8' was completed in 0,21 seconds with the score of 977,61 (2 unrouted), using 2942,61 CPU seconds and 35840 MB memory.
2026-09-25 14:20:17.304 INFO   [FC9CEA\D38C0B] Auto-router pass #293 on board '578f8e4527041dac7e493be6f79d80c4' was completed in 0,17 seconds with the score of 977,61 (2 unrouted), using 2942,61 CPU seconds and 35840 MB memory.
2026-09-25 14:20:17.583 INFO   [FC9CEA\D38C0B] Auto-router pass #294 on board '6babd7b8faddb7b1ea05e01cc66215d8' was completed in 0,26 seconds with the score of 977,61 (2 unrouted), using 3018,44 CPU seconds and 36343 MB memory.
2026-09-25 14:20:17.821 INFO   [FC9CEA\D38C0B] Auto-router pass #295 on board '6babd7b8faddb7b1ea05e01cc66215d8' was completed in 0,22 seconds with the score of 977,61 (2 unrouted), using 3018,44 CPU seconds and 36343 MB memory.
2026-09-25 14:20:18.102 INFO   [FC9CEA\D38C0B] Restoring an earlier board that has the score of 977,53 (2 unrouted).
2026-09-25 14:20:18.102 INFO   [FC9CEA\D38C0B] Auto-router pass #296 on board '6babd7b8faddb7b1ea05e01cc66215d8' was completed in 0,27 seconds with the score of 977,61 (2 unrouted), using 3018,44 CPU seconds and 36343 MB memory.
2026-09-25 14:20:18.325 INFO   [FC9CEA\D38C0B] Auto-router pass #297 on board '578f8e4527041dac7e493be6f79d80c4' was completed in 0,21 seconds with the score of 977,61 (2 unrouted), using 3018,44 CPU seconds and 36343 MB memory.
2026-09-25 14:20:18.513 INFO   [FC9CEA\D38C0B] Auto-router pass #298 on board '6babd7b8faddb7b1ea05e01cc66215d8' was completed in 0,17 seconds with the score of 977,61 (2 unrouted), using 3095,25 CPU seconds and 36823 MB memory.
2026-09-25 14:20:18.695 INFO   [FC9CEA\D38C0B] Auto-router pass #299 on board '6babd7b8faddb7b1ea05e01cc66215d8' was completed in 0,17 seconds with the score of 977,61 (2 unrouted), using 3095,25 CPU seconds and 36823 MB memory.
2026-09-25 14:20:18.947 INFO   [FC9CEA\D38C0B] Restoring an earlier board that has the score of 977,45 (2 unrouted).
2026-09-25 14:20:18.948 INFO   [FC9CEA\D38C0B] Auto-router pass #300 on board '6babd7b8faddb7b1ea05e01cc66215d8' was completed in 0,23 seconds with the score of 977,61 (2 unrouted), using 3095,25 CPU seconds and 36823 MB memory.
2026-09-25 14:20:19.202 INFO   [FC9CEA\D38C0B] Auto-router pass #301 on board '386c468b545fefd81bafb673064261a9' was completed in 0,24 seconds with the score of 977,53 (2 unrouted), using 3095,25 CPU seconds and 36823 MB memory.
2026-09-25 14:20:19.451 INFO   [FC9CEA\D38C0B] Auto-router pass #302 on board '578f8e4527041dac7e493be6f79d80c4' was completed in 0,23 seconds with the score of 977,61 (2 unrouted), using 3173,06 CPU seconds and 37329 MB memory.
2026-09-25 14:20:19.743 INFO   [FC9CEA\D38C0B] Auto-router pass #303 on board '6babd7b8faddb7b1ea05e01cc66215d8' was completed in 0,26 seconds with the score of 977,61 (2 unrouted), using 3173,06 CPU seconds and 37329 MB memory.
2026-09-25 14:20:20.044 INFO   [FC9CEA\D38C0B] Restoring an earlier board that has the score of 977,45 (2 unrouted).
2026-09-25 14:20:20.044 INFO   [FC9CEA\D38C0B] Auto-router pass #304 on board '6babd7b8faddb7b1ea05e01cc66215d8' was completed in 0,29 seconds with the score of 977,61 (2 unrouted), using 3173,06 CPU seconds and 37329 MB memory.
2026-09-25 14:20:20.270 INFO   [FC9CEA\D38C0B] Auto-router pass #305 on board '386c468b545fefd81bafb673064261a9' was completed in 0,21 seconds with the score of 977,53 (2 unrouted), using 3173,06 CPU seconds and 37329 MB memory.
2026-09-25 14:20:20.473 INFO   [FC9CEA\D38C0B] Auto-router pass #306 on board '578f8e4527041dac7e493be6f79d80c4' was completed in 0,19 seconds with the score of 977,61 (2 unrouted), using 3251,88 CPU seconds and 37789 MB memory.
2026-09-25 14:20:20.683 INFO   [FC9CEA\D38C0B] Auto-router pass #307 on board '6babd7b8faddb7b1ea05e01cc66215d8' was completed in 0,19 seconds with the score of 977,61 (2 unrouted), using 3251,88 CPU seconds and 37789 MB memory.
2026-09-25 14:20:20.931 INFO   [FC9CEA\D38C0B] Restoring an earlier board that has the score of 977,45 (2 unrouted).
2026-09-25 14:20:20.931 INFO   [FC9CEA\D38C0B] Auto-router pass #308 on board '6babd7b8faddb7b1ea05e01cc66215d8' was completed in 0,23 seconds with the score of 977,61 (2 unrouted), using 3251,88 CPU seconds and 37789 MB memory.
2026-09-25 14:20:21.147 INFO   [FC9CEA\D38C0B] Auto-router pass #309 on board '386c468b545fefd81bafb673064261a9' was completed in 0,20 seconds with the score of 977,53 (2 unrouted), using 3251,88 CPU seconds and 37789 MB memory.
2026-09-25 14:20:21.343 INFO   [FC9CEA\D38C0B] Auto-router pass #310 on board '578f8e4527041dac7e493be6f79d80c4' was completed in 0,18 seconds with the score of 977,61 (2 unrouted), using 3251,88 CPU seconds and 37789 MB memory.
2026-09-25 14:20:21.557 INFO   [FC9CEA\D38C0B] Auto-router pass #311 on board '6babd7b8faddb7b1ea05e01cc66215d8' was completed in 0,20 seconds with the score of 977,61 (2 unrouted), using 3331,64 CPU seconds and 38317 MB memory.
2026-09-25 14:20:21.858 INFO   [FC9CEA\D38C0B] Restoring an earlier board that has the score of 977,45 (2 unrouted).
2026-09-25 14:20:21.858 INFO   [FC9CEA\D38C0B] Auto-router pass #312 on board '6babd7b8faddb7b1ea05e01cc66215d8' was completed in 0,28 seconds with the score of 977,61 (2 unrouted), using 3331,64 CPU seconds and 38317 MB memory.
2026-09-25 14:20:22.111 INFO   [FC9CEA\D38C0B] Auto-router pass #313 on board '386c468b545fefd81bafb673064261a9' was completed in 0,23 seconds with the score of 977,53 (2 unrouted), using 3331,64 CPU seconds and 38317 MB memory.
2026-09-25 14:20:22.372 INFO   [FC9CEA\D38C0B] Auto-router pass #314 on board '578f8e4527041dac7e493be6f79d80c4' was completed in 0,24 seconds with the score of 977,61 (2 unrouted), using 3331,64 CPU seconds and 38317 MB memory.
2026-09-25 14:20:22.791 INFO   [FC9CEA\D38C0B] Auto-router pass #315 on board '6babd7b8faddb7b1ea05e01cc66215d8' was completed in 0,39 seconds with the score of 977,61 (2 unrouted), using 3412,33 CPU seconds and 38745 MB memory.
2026-09-25 14:20:23.217 INFO   [FC9CEA\D38C0B] Restoring an earlier board that has the score of 977,37 (2 unrouted).
2026-09-25 14:20:23.218 INFO   [FC9CEA\D38C0B] Auto-router pass #316 on board '6babd7b8faddb7b1ea05e01cc66215d8' was completed in 0,40 seconds with the score of 977,61 (2 unrouted), using 3412,33 CPU seconds and 38745 MB memory.
2026-09-25 14:20:23.554 INFO   [FC9CEA\D38C0B] Auto-router pass #317 on board '5f45435b073b6d2ae3e2b1f7fceda940' was completed in 0,30 seconds with the score of 977,45 (2 unrouted), using 3493,72 CPU seconds and 39039 MB memory.
2026-09-25 14:20:23.960 INFO   [FC9CEA\D38C0B] Auto-router pass #318 on board '386c468b545fefd81bafb673064261a9' was completed in 0,38 seconds with the score of 977,53 (2 unrouted), using 3493,72 CPU seconds and 39039 MB memory.
2026-09-25 14:20:24.250 INFO   [FC9CEA\D38C0B] Auto-router pass #319 on board '578f8e4527041dac7e493be6f79d80c4' was completed in 0,26 seconds with the score of 977,61 (2 unrouted), using 3493,72 CPU seconds and 39039 MB memory.
2026-09-25 14:20:24.681 INFO   [FC9CEA\D38C0B] Restoring an earlier board that has the score of 977,37 (2 unrouted).
2026-09-25 14:20:24.682 INFO   [FC9CEA\D38C0B] Auto-router pass #320 on board '6babd7b8faddb7b1ea05e01cc66215d8' was completed in 0,41 seconds with the score of 977,61 (2 unrouted), using 3575,86 CPU seconds and 39348 MB memory.
2026-09-25 14:20:25.150 INFO   [FC9CEA\D38C0B] Auto-router pass #321 on board '5f45435b073b6d2ae3e2b1f7fceda940' was completed in 0,44 seconds with the score of 977,45 (2 unrouted), using 3575,86 CPU seconds and 39348 MB memory.
2026-09-25 14:20:25.480 INFO   [FC9CEA\D38C0B] Auto-router pass #322 on board '386c468b545fefd81bafb673064261a9' was completed in 0,29 seconds with the score of 977,53 (2 unrouted), using 3575,86 CPU seconds and 39348 MB memory.
2026-09-25 14:20:25.834 INFO   [FC9CEA\D38C0B] Auto-router pass #323 on board '578f8e4527041dac7e493be6f79d80c4' was completed in 0,32 seconds with the score of 977,61 (2 unrouted), using 3658,69 CPU seconds and 39635 MB memory.
2026-09-25 14:20:26.423 INFO   [FC9CEA\D38C0B] Restoring an earlier board that has the score of 977,37 (2 unrouted).
2026-09-25 14:20:26.424 INFO   [FC9CEA\D38C0B] Auto-router pass #324 on board '6babd7b8faddb7b1ea05e01cc66215d8' was completed in 0,56 seconds with the score of 977,61 (2 unrouted), using 3658,69 CPU seconds and 39635 MB memory.
2026-09-25 14:20:26.871 INFO   [FC9CEA\D38C0B] Auto-router pass #325 on board '5f45435b073b6d2ae3e2b1f7fceda940' was completed in 0,43 seconds with the score of 977,45 (2 unrouted), using 3742,28 CPU seconds and 39906 MB memory.
2026-09-25 14:20:27.269 INFO   [FC9CEA\D38C0B] Auto-router pass #326 on board '386c468b545fefd81bafb673064261a9' was completed in 0,36 seconds with the score of 977,53 (2 unrouted), using 3742,28 CPU seconds and 39906 MB memory.
2026-09-25 14:20:27.707 INFO   [FC9CEA\D38C0B] Auto-router pass #327 on board '578f8e4527041dac7e493be6f79d80c4' was completed in 0,41 seconds with the score of 977,61 (2 unrouted), using 3826,59 CPU seconds and 40151 MB memory.
2026-09-25 14:20:28.123 INFO   [FC9CEA\D38C0B] Restoring an earlier board that has the score of 977,29 (2 unrouted).
2026-09-25 14:20:28.125 INFO   [FC9CEA\D38C0B] Auto-router pass #328 on board '6babd7b8faddb7b1ea05e01cc66215d8' was completed in 0,39 seconds with the score of 977,61 (2 unrouted), using 3826,59 CPU seconds and 40151 MB memory.
2026-09-25 14:20:28.453 INFO   [FC9CEA\D38C0B] Auto-router pass #329 on board '41fb47f349e350132a722ef1067fecca' was completed in 0,30 seconds with the score of 977,37 (2 unrouted), using 3826,59 CPU seconds and 40151 MB memory.
2026-09-25 14:20:28.761 INFO   [FC9CEA\D38C0B] Auto-router pass #330 on board '5f45435b073b6d2ae3e2b1f7fceda940' was completed in 0,28 seconds with the score of 977,45 (2 unrouted), using 3911,80 CPU seconds and 40474 MB memory.
2026-09-25 14:20:29.011 INFO   [FC9CEA\D38C0B] Auto-router pass #331 on board '386c468b545fefd81bafb673064261a9' was completed in 0,23 seconds with the score of 977,53 (2 unrouted), using 3911,80 CPU seconds and 40474 MB memory.
2026-09-25 14:20:29.348 INFO   [FC9CEA\D38C0B] Restoring an earlier board that has the score of 977,29 (2 unrouted).
2026-09-25 14:20:29.348 INFO   [FC9CEA\D38C0B] Auto-router pass #332 on board '578f8e4527041dac7e493be6f79d80c4' was completed in 0,32 seconds with the score of 977,53 (2 unrouted), using 3911,80 CPU seconds and 40474 MB memory.
2026-09-25 14:20:29.608 INFO   [FC9CEA\D38C0B] Auto-router pass #333 on board '41fb47f349e350132a722ef1067fecca' was completed in 0,23 seconds with the score of 977,37 (2 unrouted), using 3997,88 CPU seconds and 40877 MB memory.
2026-09-25 14:20:29.853 INFO   [FC9CEA\D38C0B] Auto-router pass #334 on board '5f45435b073b6d2ae3e2b1f7fceda940' was completed in 0,23 seconds with the score of 977,45 (2 unrouted), using 3997,88 CPU seconds and 40877 MB memory.
2026-09-25 14:20:30.162 INFO   [FC9CEA\D38C0B] Auto-router pass #335 on board '386c468b545fefd81bafb673064261a9' was completed in 0,28 seconds with the score of 977,53 (2 unrouted), using 3997,88 CPU seconds and 40877 MB memory.
2026-09-25 14:20:30.460 INFO   [FC9CEA\D38C0B] Restoring an earlier board that has the score of 977,29 (2 unrouted).
2026-09-25 14:20:30.460 INFO   [FC9CEA\D38C0B] Auto-router pass #336 on board '578f8e4527041dac7e493be6f79d80c4' was completed in 0,27 seconds with the score of 977,53 (2 unrouted), using 3997,88 CPU seconds and 40877 MB memory.
2026-09-25 14:20:30.686 INFO   [FC9CEA\D38C0B] Auto-router pass #337 on board '41fb47f349e350132a722ef1067fecca' was completed in 0,21 seconds with the score of 977,37 (2 unrouted), using 4084,97 CPU seconds and 41308 MB memory.
2026-09-25 14:20:30.943 INFO   [FC9CEA\D38C0B] Auto-router pass #338 on board '5f45435b073b6d2ae3e2b1f7fceda940' was completed in 0,24 seconds with the score of 977,45 (2 unrouted), using 4084,97 CPU seconds and 41308 MB memory.
2026-09-25 14:20:31.187 INFO   [FC9CEA\D38C0B] Auto-router pass #339 on board '386c468b545fefd81bafb673064261a9' was completed in 0,22 seconds with the score of 977,53 (2 unrouted), using 4084,97 CPU seconds and 41308 MB memory.
2026-09-25 14:20:31.541 INFO   [FC9CEA\D38C0B] Restoring an earlier board that has the score of 977,29 (2 unrouted).
2026-09-25 14:20:31.542 INFO   [FC9CEA\D38C0B] Auto-router pass #340 on board '578f8e4527041dac7e493be6f79d80c4' was completed in 0,34 seconds with the score of 977,53 (2 unrouted), using 4084,97 CPU seconds and 41308 MB memory.
2026-09-25 14:20:31.816 INFO   [FC9CEA\D38C0B] Auto-router pass #341 on board '41fb47f349e350132a722ef1067fecca' was completed in 0,25 seconds with the score of 977,37 (2 unrouted), using 4173,05 CPU seconds and 41715 MB memory.
2026-09-25 14:20:32.107 INFO   [FC9CEA\D38C0B] Auto-router pass #342 on board '5f45435b073b6d2ae3e2b1f7fceda940' was completed in 0,27 seconds with the score of 977,45 (2 unrouted), using 4173,05 CPU seconds and 41715 MB memory.
2026-09-25 14:20:32.371 INFO   [FC9CEA\D38C0B] Auto-router pass #343 on board '386c468b545fefd81bafb673064261a9' was completed in 0,24 seconds with the score of 977,53 (2 unrouted), using 4173,05 CPU seconds and 41715 MB memory.
2026-09-25 14:20:32.672 INFO   [FC9CEA\D38C0B] Restoring an earlier board that has the score of 977,20 (2 unrouted).
2026-09-25 14:20:32.673 INFO   [FC9CEA\D38C0B] Auto-router pass #344 on board '578f8e4527041dac7e493be6f79d80c4' was completed in 0,28 seconds with the score of 977,53 (2 unrouted), using 4262,09 CPU seconds and 42127 MB memory.
2026-09-25 14:20:32.926 INFO   [FC9CEA\D38C0B] Auto-router pass #345 on board '287fe1bc3f8b14e3add459ab0f0a61e5' was completed in 0,23 seconds with the score of 977,29 (2 unrouted), using 4262,09 CPU seconds and 42127 MB memory.
2026-09-25 14:20:33.200 INFO   [FC9CEA\D38C0B] Auto-router pass #346 on board '41fb47f349e350132a722ef1067fecca' was completed in 0,25 seconds with the score of 977,37 (2 unrouted), using 4262,09 CPU seconds and 42127 MB memory.
2026-09-25 14:20:33.558 INFO   [FC9CEA\D38C0B] Auto-router pass #347 on board '5f45435b073b6d2ae3e2b1f7fceda940' was completed in 0,34 seconds with the score of 977,45 (2 unrouted), using 4262,09 CPU seconds and 42127 MB memory.
2026-09-25 14:20:33.790 INFO   [FC9CEA\D38C0B] Restoring an earlier board that has the score of 977,20 (2 unrouted).
2026-09-25 14:20:33.791 INFO   [FC9CEA\D38C0B] Auto-router pass #348 on board '386c468b545fefd81bafb673064261a9' was completed in 0,21 seconds with the score of 977,45 (2 unrouted), using 4352,12 CPU seconds and 42506 MB memory.
2026-09-25 14:20:33.952 INFO   [FC9CEA\D38C0B] Auto-router pass #349 on board '287fe1bc3f8b14e3add459ab0f0a61e5' was completed in 0,15 seconds with the score of 977,29 (2 unrouted), using 4352,12 CPU seconds and 42506 MB memory.
2026-09-25 14:20:34.129 INFO   [FC9CEA\D38C0B] Auto-router pass #350 on board '41fb47f349e350132a722ef1067fecca' was completed in 0,16 seconds with the score of 977,37 (2 unrouted), using 4352,12 CPU seconds and 42506 MB memory.
2026-09-25 14:20:34.295 INFO   [FC9CEA\D38C0B] Auto-router pass #351 on board '5f45435b073b6d2ae3e2b1f7fceda940' was completed in 0,16 seconds with the score of 977,45 (2 unrouted), using 4352,12 CPU seconds and 42506 MB memory.
2026-09-25 14:20:34.519 INFO   [FC9CEA\D38C0B] Restoring an earlier board that has the score of 977,20 (2 unrouted).
2026-09-25 14:20:34.520 INFO   [FC9CEA\D38C0B] Auto-router pass #352 on board '386c468b545fefd81bafb673064261a9' was completed in 0,21 seconds with the score of 977,45 (2 unrouted), using 4352,12 CPU seconds and 42506 MB memory.
2026-09-25 14:20:34.731 INFO   [FC9CEA\D38C0B] Auto-router pass #353 on board '287fe1bc3f8b14e3add459ab0f0a61e5' was completed in 0,18 seconds with the score of 977,29 (2 unrouted), using 4443,12 CPU seconds and 43109 MB memory.
2026-09-25 14:20:34.955 INFO   [FC9CEA\D38C0B] Auto-router pass #354 on board '41fb47f349e350132a722ef1067fecca' was completed in 0,21 seconds with the score of 977,37 (2 unrouted), using 4443,12 CPU seconds and 43109 MB memory.
2026-09-25 14:20:35.300 INFO   [FC9CEA\D38C0B] Auto-router pass #355 on board '5f45435b073b6d2ae3e2b1f7fceda940' was completed in 0,33 seconds with the score of 977,45 (2 unrouted), using 4443,12 CPU seconds and 43109 MB memory.
2026-09-25 14:20:35.579 INFO   [FC9CEA\D38C0B] Restoring an earlier board that has the score of 977,20 (2 unrouted).
2026-09-25 14:20:35.581 INFO   [FC9CEA\D38C0B] Auto-router pass #356 on board '386c468b545fefd81bafb673064261a9' was completed in 0,26 seconds with the score of 977,45 (2 unrouted), using 4443,12 CPU seconds and 43109 MB memory.
2026-09-25 14:20:35.826 INFO   [FC9CEA\D38C0B] Auto-router pass #357 on board '287fe1bc3f8b14e3add459ab0f0a61e5' was completed in 0,23 seconds with the score of 977,29 (2 unrouted), using 4535,11 CPU seconds and 43549 MB memory.
2026-09-25 14:20:36.097 INFO   [FC9CEA\D38C0B] Auto-router pass #358 on board '41fb47f349e350132a722ef1067fecca' was completed in 0,24 seconds with the score of 977,37 (2 unrouted), using 4535,11 CPU seconds and 43549 MB memory.
2026-09-25 14:20:36.276 INFO   [FC9CEA\D38C0B] Auto-router pass #359 on board '5f45435b073b6d2ae3e2b1f7fceda940' was completed in 0,16 seconds with the score of 977,45 (2 unrouted), using 4535,11 CPU seconds and 43549 MB memory.
2026-09-25 14:20:36.532 INFO   [FC9CEA\D38C0B] Restoring an earlier board that has the score of 977,12 (2 unrouted).
2026-09-25 14:20:36.533 INFO   [FC9CEA\D38C0B] Auto-router pass #360 on board '386c468b545fefd81bafb673064261a9' was completed in 0,25 seconds with the score of 977,45 (2 unrouted), using 4535,11 CPU seconds and 43549 MB memory.
2026-09-25 14:20:36.753 INFO   [FC9CEA\D38C0B] Auto-router pass #361 on board 'b8d96be4fea9914f822108bd679eaf6e' was completed in 0,20 seconds with the score of 977,20 (2 unrouted), using 4628,08 CPU seconds and 44034 MB memory.
2026-09-25 14:20:37.037 INFO   [FC9CEA\D38C0B] Auto-router pass #362 on board '287fe1bc3f8b14e3add459ab0f0a61e5' was completed in 0,26 seconds with the score of 977,29 (2 unrouted), using 4628,08 CPU seconds and 44034 MB memory.
2026-09-25 14:20:37.206 INFO   [FC9CEA\D38C0B] Auto-router pass #363 on board '41fb47f349e350132a722ef1067fecca' was completed in 0,16 seconds with the score of 977,37 (2 unrouted), using 4628,08 CPU seconds and 44034 MB memory.
2026-09-25 14:20:37.561 INFO   [FC9CEA\D38C0B] Restoring an earlier board that has the score of 977,12 (2 unrouted).
2026-09-25 14:20:37.562 INFO   [FC9CEA\D38C0B] Auto-router pass #364 on board '5f45435b073b6d2ae3e2b1f7fceda940' was completed in 0,34 seconds with the score of 977,37 (2 unrouted), using 4628,08 CPU seconds and 44034 MB memory.
2026-09-25 14:20:37.798 INFO   [FC9CEA\D38C0B] Auto-router pass #365 on board 'b8d96be4fea9914f822108bd679eaf6e' was completed in 0,21 seconds with the score of 977,20 (2 unrouted), using 4722,02 CPU seconds and 44468 MB memory.
2026-09-25 14:20:38.022 INFO   [FC9CEA\D38C0B] Auto-router pass #366 on board '287fe1bc3f8b14e3add459ab0f0a61e5' was completed in 0,21 seconds with the score of 977,29 (2 unrouted), using 4722,02 CPU seconds and 44468 MB memory.
2026-09-25 14:20:38.321 INFO   [FC9CEA\D38C0B] Auto-router pass #367 on board '41fb47f349e350132a722ef1067fecca' was completed in 0,27 seconds with the score of 977,37 (2 unrouted), using 4722,02 CPU seconds and 44468 MB memory.
2026-09-25 14:20:38.611 INFO   [FC9CEA\D38C0B] Restoring an earlier board that has the score of 977,12 (2 unrouted).
2026-09-25 14:20:38.611 INFO   [FC9CEA\D38C0B] Auto-router pass #368 on board '5f45435b073b6d2ae3e2b1f7fceda940' was completed in 0,26 seconds with the score of 977,37 (2 unrouted), using 4722,02 CPU seconds and 44468 MB memory.
2026-09-25 14:20:38.828 INFO   [FC9CEA\D38C0B] Auto-router pass #369 on board 'b8d96be4fea9914f822108bd679eaf6e' was completed in 0,20 seconds with the score of 977,20 (2 unrouted), using 4816,95 CPU seconds and 44913 MB memory.
2026-09-25 14:20:39.070 INFO   [FC9CEA\D38C0B] Auto-router pass #370 on board '287fe1bc3f8b14e3add459ab0f0a61e5' was completed in 0,23 seconds with the score of 977,29 (2 unrouted), using 4816,95 CPU seconds and 44913 MB memory.
2026-09-25 14:20:39.362 INFO   [FC9CEA\D38C0B] Auto-router pass #371 on board '41fb47f349e350132a722ef1067fecca' was completed in 0,26 seconds with the score of 977,37 (2 unrouted), using 4816,95 CPU seconds and 44913 MB memory.
2026-09-25 14:20:39.574 INFO   [FC9CEA\D38C0B] Restoring an earlier board that has the score of 977,12 (2 unrouted).
2026-09-25 14:20:39.575 INFO   [FC9CEA\D38C0B] Auto-router pass #372 on board '5f45435b073b6d2ae3e2b1f7fceda940' was completed in 0,19 seconds with the score of 977,37 (2 unrouted), using 4816,95 CPU seconds and 44913 MB memory.
2026-09-25 14:20:39.758 INFO   [FC9CEA\D38C0B] Auto-router pass #373 on board 'b8d96be4fea9914f822108bd679eaf6e' was completed in 0,17 seconds with the score of 977,20 (2 unrouted), using 4912,83 CPU seconds and 45397 MB memory.
2026-09-25 14:20:39.926 INFO   [FC9CEA\D38C0B] Auto-router pass #374 on board '287fe1bc3f8b14e3add459ab0f0a61e5' was completed in 0,15 seconds with the score of 977,29 (2 unrouted), using 4912,83 CPU seconds and 45397 MB memory.
2026-09-25 14:20:40.116 INFO   [FC9CEA\D38C0B] Auto-router pass #375 on board '41fb47f349e350132a722ef1067fecca' was completed in 0,17 seconds with the score of 977,37 (2 unrouted), using 4912,83 CPU seconds and 45397 MB memory.
2026-09-25 14:20:40.396 INFO   [FC9CEA\D38C0B] Restoring an earlier board that has the score of 977,04 (2 unrouted).
2026-09-25 14:20:40.397 INFO   [FC9CEA\D38C0B] Auto-router pass #376 on board '5f45435b073b6d2ae3e2b1f7fceda940' was completed in 0,26 seconds with the score of 977,37 (2 unrouted), using 4912,83 CPU seconds and 45397 MB memory.
2026-09-25 14:20:40.624 INFO   [FC9CEA\D38C0B] Auto-router pass #377 on board '1754801ce8553cee80f94aed4a43e389' was completed in 0,21 seconds with the score of 977,12 (2 unrouted), using 4912,83 CPU seconds and 45397 MB memory.
2026-09-25 14:20:40.843 INFO   [FC9CEA\D38C0B] Auto-router pass #378 on board '8fa684dea112bdb37e3cabcbb6fe7dad' was completed in 0,17 seconds with the score of 977,20 (2 unrouted), using 5009,70 CPU seconds and 45938 MB memory.
2026-09-25 14:20:41.074 INFO   [FC9CEA\D38C0B] Auto-router pass #379 on board 'b4bb842e659341d7f0ad270c7bbf1b37' was completed in 0,18 seconds with the score of 977,29 (2 unrouted), using 5009,70 CPU seconds and 45938 MB memory.
2026-09-25 14:20:41.358 INFO   [FC9CEA\D38C0B] Restoring an earlier board that has the score of 977,29 (2 unrouted).
2026-09-25 14:20:41.358 INFO   [FC9CEA\D38C0B] Auto-router pass #380 on board 'f306a689d0432ff9fb68213a14c5875d' was completed in 0,24 seconds with the score of 977,29 (2 unrouted), using 5009,70 CPU seconds and 45938 MB memory.
2026-09-25 14:20:41.558 INFO   [FC9CEA\D38C0B] Auto-router pass #381 on board 'f306a689d0432ff9fb68213a14c5875d' was completed in 0,18 seconds with the score of 977,37 (2 unrouted), using 5009,70 CPU seconds and 45938 MB memory.
2026-09-25 14:20:41.778 INFO   [FC9CEA\D38C0B] Auto-router pass #382 on board 'f29a02841b3267d4471de6d0137635f9' was completed in 0,18 seconds with the score of 977,45 (2 unrouted), using 5107,58 CPU seconds and 46462 MB memory.
2026-09-25 14:20:42.010 INFO   [FC9CEA\D38C0B] Auto-router pass #383 on board '33b11540eba81d760586548d89c4e2e1' was completed in 0,18 seconds with the score of 977,53 (2 unrouted), using 5107,58 CPU seconds and 46462 MB memory.
2026-09-25 14:20:42.295 INFO   [FC9CEA\D38C0B] Restoring an earlier board that has the score of 977,53 (2 unrouted).
2026-09-25 14:20:42.295 INFO   [FC9CEA\D38C0B] Auto-router pass #384 on board 'ed7be3131af194d01865a06838ed23e2' was completed in 0,24 seconds with the score of 977,53 (2 unrouted), using 5107,58 CPU seconds and 46462 MB memory.
2026-09-25 14:20:42.502 INFO   [FC9CEA\D38C0B] Auto-router pass #385 on board 'ed7be3131af194d01865a06838ed23e2' was completed in 0,19 seconds with the score of 977,53 (2 unrouted), using 5107,58 CPU seconds and 46462 MB memory.
2026-09-25 14:20:42.707 INFO   [FC9CEA\D38C0B] Auto-router pass #386 on board 'ed7be3131af194d01865a06838ed23e2' was completed in 0,19 seconds with the score of 977,53 (2 unrouted), using 5206,39 CPU seconds and 46996 MB memory.
2026-09-25 14:20:42.913 INFO   [FC9CEA\D38C0B] Auto-router pass #387 on board 'ed7be3131af194d01865a06838ed23e2' was completed in 0,19 seconds with the score of 977,53 (2 unrouted), using 5206,39 CPU seconds and 46996 MB memory.
2026-09-25 14:20:43.230 INFO   [FC9CEA\D38C0B] Restoring an earlier board that has the score of 977,53 (2 unrouted).
2026-09-25 14:20:43.231 INFO   [FC9CEA\D38C0B] Auto-router pass #388 on board 'ed7be3131af194d01865a06838ed23e2' was completed in 0,30 seconds with the score of 977,53 (2 unrouted), using 5206,39 CPU seconds and 46996 MB memory.
2026-09-25 14:20:43.523 INFO   [FC9CEA\D38C0B] Auto-router pass #389 on board 'ed7be3131af194d01865a06838ed23e2' was completed in 0,26 seconds with the score of 977,53 (2 unrouted), using 5206,39 CPU seconds and 46996 MB memory.
2026-09-25 14:20:43.838 INFO   [FC9CEA\D38C0B] Auto-router pass #390 on board 'ed7be3131af194d01865a06838ed23e2' was completed in 0,29 seconds with the score of 977,53 (2 unrouted), using 5306,17 CPU seconds and 47429 MB memory.
2026-09-25 14:20:44.137 INFO   [FC9CEA\D38C0B] Auto-router pass #391 on board 'ed7be3131af194d01865a06838ed23e2' was completed in 0,27 seconds with the score of 977,53 (2 unrouted), using 5306,17 CPU seconds and 47429 MB memory.
2026-09-25 14:20:44.526 INFO   [FC9CEA\D38C0B] Restoring an earlier board that has the score of 977,53 (2 unrouted).
2026-09-25 14:20:44.527 INFO   [FC9CEA\D38C0B] Auto-router pass #392 on board 'ed7be3131af194d01865a06838ed23e2' was completed in 0,36 seconds with the score of 977,53 (2 unrouted), using 5306,17 CPU seconds and 47429 MB memory.
2026-09-25 14:20:44.824 INFO   [FC9CEA\D38C0B] Auto-router pass #393 on board 'ed7be3131af194d01865a06838ed23e2' was completed in 0,28 seconds with the score of 977,53 (2 unrouted), using 5406,88 CPU seconds and 47779 MB memory.
2026-09-25 14:20:45.123 INFO   [FC9CEA\D38C0B] Auto-router pass #394 on board 'ed7be3131af194d01865a06838ed23e2' was completed in 0,27 seconds with the score of 977,53 (2 unrouted), using 5406,88 CPU seconds and 47779 MB memory.
2026-09-25 14:20:45.439 INFO   [FC9CEA\D38C0B] Auto-router pass #395 on board 'ed7be3131af194d01865a06838ed23e2' was completed in 0,29 seconds with the score of 977,53 (2 unrouted), using 5406,88 CPU seconds and 47779 MB memory.
2026-09-25 14:20:45.830 INFO   [FC9CEA\D38C0B] Restoring an earlier board that has the score of 977,53 (2 unrouted).
2026-09-25 14:20:45.830 INFO   [FC9CEA\D38C0B] Auto-router pass #396 on board 'ed7be3131af194d01865a06838ed23e2' was completed in 0,37 seconds with the score of 977,53 (2 unrouted), using 5508,56 CPU seconds and 48140 MB memory.
2026-09-25 14:20:46.198 INFO   [FC9CEA\D38C0B] Auto-router pass #397 on board 'ed7be3131af194d01865a06838ed23e2' was completed in 0,34 seconds with the score of 977,53 (2 unrouted), using 5508,56 CPU seconds and 48140 MB memory.
2026-09-25 14:20:46.524 INFO   [FC9CEA\D38C0B] Auto-router pass #398 on board 'ed7be3131af194d01865a06838ed23e2' was completed in 0,30 seconds with the score of 977,53 (2 unrouted), using 5508,56 CPU seconds and 48140 MB memory.
2026-09-25 14:20:46.819 INFO   [FC9CEA\D38C0B] Auto-router pass #399 on board 'ed7be3131af194d01865a06838ed23e2' was completed in 0,26 seconds with the score of 977,53 (2 unrouted), using 5611,05 CPU seconds and 48458 MB memory.
2026-09-25 14:20:47.200 INFO   [FC9CEA\D38C0B] Restoring an earlier board that has the score of 977,45 (2 unrouted).
2026-09-25 14:20:47.200 INFO   [FC9CEA\D38C0B] Auto-router pass #400 on board 'ed7be3131af194d01865a06838ed23e2' was completed in 0,36 seconds with the score of 977,53 (2 unrouted), using 5611,05 CPU seconds and 48458 MB memory.
2026-09-25 14:20:47.525 INFO   [FC9CEA\D38C0B] Auto-router pass #401 on board '33b11540eba81d760586548d89c4e2e1' was completed in 0,30 seconds with the score of 977,53 (2 unrouted), using 5611,05 CPU seconds and 48458 MB memory.
2026-09-25 14:20:47.834 INFO   [FC9CEA\D38C0B] Auto-router pass #402 on board 'ed7be3131af194d01865a06838ed23e2' was completed in 0,29 seconds with the score of 977,53 (2 unrouted), using 5714,44 CPU seconds and 48807 MB memory.
2026-09-25 14:20:48.168 INFO   [FC9CEA\D38C0B] Auto-router pass #403 on board 'ed7be3131af194d01865a06838ed23e2' was completed in 0,31 seconds with the score of 977,53 (2 unrouted), using 5714,44 CPU seconds and 48807 MB memory.
2026-09-25 14:20:48.541 INFO   [FC9CEA\D38C0B] Restoring an earlier board that has the score of 977,45 (2 unrouted).
2026-09-25 14:20:48.542 INFO   [FC9CEA\D38C0B] Auto-router pass #404 on board 'ed7be3131af194d01865a06838ed23e2' was completed in 0,34 seconds with the score of 977,53 (2 unrouted), using 5714,44 CPU seconds and 48807 MB memory.
2026-09-25 14:20:48.840 INFO   [FC9CEA\D38C0B] Auto-router pass #405 on board '33b11540eba81d760586548d89c4e2e1' was completed in 0,27 seconds with the score of 977,53 (2 unrouted), using 5818,75 CPU seconds and 49159 MB memory.
2026-09-25 14:20:49.138 INFO   [FC9CEA\D38C0B] Auto-router pass #406 on board 'ed7be3131af194d01865a06838ed23e2' was completed in 0,28 seconds with the score of 977,53 (2 unrouted), using 5818,75 CPU seconds and 49159 MB memory.
2026-09-25 14:20:49.426 INFO   [FC9CEA\D38C0B] Auto-router pass #407 on board 'ed7be3131af194d01865a06838ed23e2' was completed in 0,27 seconds with the score of 977,53 (2 unrouted), using 5818,75 CPU seconds and 49159 MB memory.
2026-09-25 14:20:49.768 INFO   [FC9CEA\D38C0B] Restoring an earlier board that has the score of 977,45 (2 unrouted).
2026-09-25 14:20:49.769 INFO   [FC9CEA\D38C0B] Auto-router pass #408 on board 'ed7be3131af194d01865a06838ed23e2' was completed in 0,32 seconds with the score of 977,53 (2 unrouted), using 5924,05 CPU seconds and 49548 MB memory.
2026-09-25 14:20:50.034 INFO   [FC9CEA\D38C0B] Auto-router pass #409 on board '33b11540eba81d760586548d89c4e2e1' was completed in 0,25 seconds with the score of 977,53 (2 unrouted), using 5924,05 CPU seconds and 49548 MB memory.
2026-09-25 14:20:50.324 INFO   [FC9CEA\D38C0B] Auto-router pass #410 on board 'ed7be3131af194d01865a06838ed23e2' was completed in 0,26 seconds with the score of 977,53 (2 unrouted), using 5924,05 CPU seconds and 49548 MB memory.
2026-09-25 14:20:50.619 INFO   [FC9CEA\D38C0B] Auto-router pass #411 on board 'ed7be3131af194d01865a06838ed23e2' was completed in 0,27 seconds with the score of 977,53 (2 unrouted), using 5924,05 CPU seconds and 49548 MB memory.
2026-09-25 14:20:50.976 INFO   [FC9CEA\D38C0B] Restoring an earlier board that has the score of 977,45 (2 unrouted).
2026-09-25 14:20:50.977 INFO   [FC9CEA\D38C0B] Auto-router pass #412 on board 'ed7be3131af194d01865a06838ed23e2' was completed in 0,34 seconds with the score of 977,53 (2 unrouted), using 6030,33 CPU seconds and 49928 MB memory.
2026-09-25 14:20:51.209 INFO   [FC9CEA\D38C0B] Auto-router pass #413 on board '33b11540eba81d760586548d89c4e2e1' was completed in 0,21 seconds with the score of 977,53 (2 unrouted), using 6030,33 CPU seconds and 49928 MB memory.
2026-09-25 14:20:51.405 INFO   [FC9CEA\D38C0B] Auto-router pass #414 on board 'ed7be3131af194d01865a06838ed23e2' was completed in 0,18 seconds with the score of 977,53 (2 unrouted), using 6030,33 CPU seconds and 49928 MB memory.
2026-09-25 14:20:51.627 INFO   [FC9CEA\D38C0B] Auto-router pass #415 on board 'ed7be3131af194d01865a06838ed23e2' was completed in 0,20 seconds with the score of 977,53 (2 unrouted), using 6030,33 CPU seconds and 49928 MB memory.
2026-09-25 14:20:51.966 INFO   [FC9CEA\D38C0B] Restoring an earlier board that has the score of 977,37 (2 unrouted).
2026-09-25 14:20:51.967 INFO   [FC9CEA\D38C0B] Auto-router pass #416 on board 'ed7be3131af194d01865a06838ed23e2' was completed in 0,31 seconds with the score of 977,53 (2 unrouted), using 6137,53 CPU seconds and 50385 MB memory.
2026-09-25 14:20:52.233 INFO   [FC9CEA\D38C0B] Auto-router pass #417 on board 'f29a02841b3267d4471de6d0137635f9' was completed in 0,24 seconds with the score of 977,45 (2 unrouted), using 6137,53 CPU seconds and 50385 MB memory.
2026-09-25 14:20:52.627 INFO   [FC9CEA\D38C0B] Auto-router pass #418 on board '33b11540eba81d760586548d89c4e2e1' was completed in 0,37 seconds with the score of 977,53 (2 unrouted), using 6137,53 CPU seconds and 50385 MB memory.
2026-09-25 14:20:52.929 INFO   [FC9CEA\D38C0B] Auto-router pass #419 on board 'ed7be3131af194d01865a06838ed23e2' was completed in 0,26 seconds with the score of 977,53 (2 unrouted), using 6245,55 CPU seconds and 50737 MB memory.
2026-09-25 14:20:53.243 INFO   [FC9CEA\D38C0B] Restoring an earlier board that has the score of 977,37 (2 unrouted).
2026-09-25 14:20:53.244 INFO   [FC9CEA\D38C0B] Auto-router pass #420 on board 'ed7be3131af194d01865a06838ed23e2' was completed in 0,29 seconds with the score of 977,53 (2 unrouted), using 6245,55 CPU seconds and 50737 MB memory.
2026-09-25 14:20:53.491 INFO   [FC9CEA\D38C0B] Auto-router pass #421 on board 'f29a02841b3267d4471de6d0137635f9' was completed in 0,22 seconds with the score of 977,45 (2 unrouted), using 6245,55 CPU seconds and 50737 MB memory.
2026-09-25 14:20:53.779 INFO   [FC9CEA\D38C0B] Auto-router pass #422 on board '33b11540eba81d760586548d89c4e2e1' was completed in 0,27 seconds with the score of 977,53 (2 unrouted), using 6354,56 CPU seconds and 51157 MB memory.
2026-09-25 14:20:53.996 INFO   [FC9CEA\D38C0B] Auto-router pass #423 on board 'ed7be3131af194d01865a06838ed23e2' was completed in 0,19 seconds with the score of 977,53 (2 unrouted), using 6354,56 CPU seconds and 51157 MB memory.
2026-09-25 14:20:54.235 INFO   [FC9CEA\D38C0B] Restoring an earlier board that has the score of 977,37 (2 unrouted).
2026-09-25 14:20:54.236 INFO   [FC9CEA\D38C0B] Auto-router pass #424 on board 'ed7be3131af194d01865a06838ed23e2' was completed in 0,23 seconds with the score of 977,53 (2 unrouted), using 6354,56 CPU seconds and 51157 MB memory.
2026-09-25 14:20:54.461 INFO   [FC9CEA\D38C0B] Auto-router pass #425 on board 'f29a02841b3267d4471de6d0137635f9' was completed in 0,21 seconds with the score of 977,45 (2 unrouted), using 6354,56 CPU seconds and 51157 MB memory.
2026-09-25 14:20:54.707 INFO   [FC9CEA\D38C0B] Auto-router pass #426 on board '33b11540eba81d760586548d89c4e2e1' was completed in 0,22 seconds with the score of 977,53 (2 unrouted), using 6354,56 CPU seconds and 51157 MB memory.
2026-09-25 14:20:54.908 INFO   [FC9CEA\D38C0B] Auto-router pass #427 on board 'ed7be3131af194d01865a06838ed23e2' was completed in 0,18 seconds with the score of 977,53 (2 unrouted), using 6464,58 CPU seconds and 51649 MB memory.
2026-09-25 14:20:55.195 INFO   [FC9CEA\D38C0B] Restoring an earlier board that has the score of 977,37 (2 unrouted).
2026-09-25 14:20:55.197 INFO   [FC9CEA\D38C0B] Auto-router pass #428 on board 'ed7be3131af194d01865a06838ed23e2' was completed in 0,27 seconds with the score of 977,53 (2 unrouted), using 6464,58 CPU seconds and 51649 MB memory.
2026-09-25 14:20:55.422 INFO   [FC9CEA\D38C0B] Auto-router pass #429 on board 'f29a02841b3267d4471de6d0137635f9' was completed in 0,20 seconds with the score of 977,45 (2 unrouted), using 6464,58 CPU seconds and 51649 MB memory.
2026-09-25 14:20:55.591 INFO   [FC9CEA\D38C0B] Auto-router pass #430 on board '33b11540eba81d760586548d89c4e2e1' was completed in 0,15 seconds with the score of 977,53 (2 unrouted), using 6464,58 CPU seconds and 51649 MB memory.
2026-09-25 14:20:55.773 INFO   [FC9CEA\D38C0B] Auto-router pass #431 on board 'ed7be3131af194d01865a06838ed23e2' was completed in 0,17 seconds with the score of 977,53 (2 unrouted), using 6464,58 CPU seconds and 51649 MB memory.
2026-09-25 14:20:56.005 INFO   [FC9CEA\D38C0B] Restoring an earlier board that has the score of 977,29 (2 unrouted).
2026-09-25 14:20:56.005 INFO   [FC9CEA\D38C0B] Auto-router pass #432 on board 'ed7be3131af194d01865a06838ed23e2' was completed in 0,22 seconds with the score of 977,53 (2 unrouted), using 6575,59 CPU seconds and 52192 MB memory.
2026-09-25 14:20:56.225 INFO   [FC9CEA\D38C0B] Auto-router pass #433 on board 'f306a689d0432ff9fb68213a14c5875d' was completed in 0,20 seconds with the score of 977,37 (2 unrouted), using 6575,59 CPU seconds and 52192 MB memory.
2026-09-25 14:20:56.445 INFO   [FC9CEA\D38C0B] Auto-router pass #434 on board 'f29a02841b3267d4471de6d0137635f9' was completed in 0,21 seconds with the score of 977,45 (2 unrouted), using 6575,59 CPU seconds and 52192 MB memory.
2026-09-25 14:20:56.633 INFO   [FC9CEA\D38C0B] Auto-router pass #435 on board '33b11540eba81d760586548d89c4e2e1' was completed in 0,17 seconds with the score of 977,53 (2 unrouted), using 6575,59 CPU seconds and 52192 MB memory.
2026-09-25 14:20:56.886 INFO   [FC9CEA\D38C0B] Restoring an earlier board that has the score of 977,29 (2 unrouted).
2026-09-25 14:20:56.887 INFO   [FC9CEA\D38C0B] Auto-router pass #436 on board 'ed7be3131af194d01865a06838ed23e2' was completed in 0,24 seconds with the score of 977,53 (2 unrouted), using 6687,61 CPU seconds and 52735 MB memory.
2026-09-25 14:20:57.071 INFO   [FC9CEA\D38C0B] Auto-router pass #437 on board 'f306a689d0432ff9fb68213a14c5875d' was completed in 0,17 seconds with the score of 977,37 (2 unrouted), using 6687,61 CPU seconds and 52735 MB memory.
2026-09-25 14:20:57.266 INFO   [FC9CEA\D38C0B] Auto-router pass #438 on board 'f29a02841b3267d4471de6d0137635f9' was completed in 0,18 seconds with the score of 977,45 (2 unrouted), using 6687,61 CPU seconds and 52735 MB memory.
2026-09-25 14:20:57.487 INFO   [FC9CEA\D38C0B] Auto-router pass #439 on board '33b11540eba81d760586548d89c4e2e1' was completed in 0,19 seconds with the score of 977,53 (2 unrouted), using 6687,61 CPU seconds and 52735 MB memory.
2026-09-25 14:20:57.727 INFO   [FC9CEA\D38C0B] Restoring an earlier board that has the score of 977,29 (2 unrouted).
2026-09-25 14:20:57.727 INFO   [FC9CEA\D38C0B] Auto-router pass #440 on board 'ed7be3131af194d01865a06838ed23e2' was completed in 0,22 seconds with the score of 977,53 (2 unrouted), using 6687,61 CPU seconds and 52735 MB memory.
2026-09-25 14:20:57.921 INFO   [FC9CEA\D38C0B] Auto-router pass #441 on board 'f306a689d0432ff9fb68213a14c5875d' was completed in 0,18 seconds with the score of 977,37 (2 unrouted), using 6800,61 CPU seconds and 53289 MB memory.
2026-09-25 14:20:58.102 INFO   [FC9CEA\D38C0B] Auto-router pass #442 on board 'f29a02841b3267d4471de6d0137635f9' was completed in 0,16 seconds with the score of 977,45 (2 unrouted), using 6800,61 CPU seconds and 53289 MB memory.
2026-09-25 14:20:58.334 INFO   [FC9CEA\D38C0B] Auto-router pass #443 on board '33b11540eba81d760586548d89c4e2e1' was completed in 0,21 seconds with the score of 977,53 (2 unrouted), using 6800,61 CPU seconds and 53289 MB memory.
2026-09-25 14:20:58.664 INFO   [FC9CEA\D38C0B] Restoring an earlier board that has the score of 977,20 (2 unrouted).
2026-09-25 14:20:58.666 INFO   [FC9CEA\D38C0B] Auto-router pass #444 on board 'ed7be3131af194d01865a06838ed23e2' was completed in 0,32 seconds with the score of 977,53 (2 unrouted), using 6800,61 CPU seconds and 53289 MB memory.
2026-09-25 14:20:58.856 INFO   [FC9CEA\D38C0B] Auto-router pass #445 on board 'b4bb842e659341d7f0ad270c7bbf1b37' was completed in 0,17 seconds with the score of 977,29 (2 unrouted), using 6914,61 CPU seconds and 53778 MB memory.
2026-09-25 14:20:59.024 INFO   [FC9CEA\D38C0B] Auto-router pass #446 on board 'f306a689d0432ff9fb68213a14c5875d' was completed in 0,15 seconds with the score of 977,37 (2 unrouted), using 6914,61 CPU seconds and 53778 MB memory.
2026-09-25 14:20:59.212 INFO   [FC9CEA\D38C0B] Auto-router pass #447 on board 'f29a02841b3267d4471de6d0137635f9' was completed in 0,18 seconds with the score of 977,45 (2 unrouted), using 6914,61 CPU seconds and 53778 MB memory.
2026-09-25 14:20:59.457 INFO   [FC9CEA\D38C0B] Restoring an earlier board that has the score of 977,20 (2 unrouted).
2026-09-25 14:20:59.457 INFO   [FC9CEA\D38C0B] Auto-router pass #448 on board '33b11540eba81d760586548d89c4e2e1' was completed in 0,22 seconds with the score of 977,45 (2 unrouted), using 6914,61 CPU seconds and 53778 MB memory.
2026-09-25 14:20:59.682 INFO   [FC9CEA\D38C0B] Auto-router pass #449 on board 'b4bb842e659341d7f0ad270c7bbf1b37' was completed in 0,21 seconds with the score of 977,29 (2 unrouted), using 6914,61 CPU seconds and 53778 MB memory.
2026-09-25 14:20:59.828 INFO   [FC9CEA\D38C0B] Auto-router pass #450 on board 'f306a689d0432ff9fb68213a14c5875d' was completed in 0,14 seconds with the score of 977,37 (2 unrouted), using 7029,61 CPU seconds and 54368 MB memory.
2026-09-25 14:21:00.067 INFO   [FC9CEA\D38C0B] Auto-router pass #451 on board 'f29a02841b3267d4471de6d0137635f9' was completed in 0,23 seconds with the score of 977,45 (2 unrouted), using 7029,61 CPU seconds and 54368 MB memory.
2026-09-25 14:21:00.332 INFO   [FC9CEA\D38C0B] Restoring an earlier board that has the score of 977,20 (2 unrouted).
2026-09-25 14:21:00.333 INFO   [FC9CEA\D38C0B] Auto-router pass #452 on board '33b11540eba81d760586548d89c4e2e1' was completed in 0,25 seconds with the score of 977,45 (2 unrouted), using 7029,61 CPU seconds and 54368 MB memory.
2026-09-25 14:21:00.514 INFO   [FC9CEA\D38C0B] Auto-router pass #453 on board 'b4bb842e659341d7f0ad270c7bbf1b37' was completed in 0,17 seconds with the score of 977,29 (2 unrouted), using 7029,61 CPU seconds and 54368 MB memory.
2026-09-25 14:21:00.711 INFO   [FC9CEA\D38C0B] Auto-router pass #454 on board 'f306a689d0432ff9fb68213a14c5875d' was completed in 0,18 seconds with the score of 977,37 (2 unrouted), using 7029,61 CPU seconds and 54368 MB memory.
2026-09-25 14:21:00.925 INFO   [FC9CEA\D38C0B] Auto-router pass #455 on board 'f29a02841b3267d4471de6d0137635f9' was completed in 0,19 seconds with the score of 977,45 (2 unrouted), using 7145,61 CPU seconds and 54881 MB memory.
2026-09-25 14:21:01.190 INFO   [FC9CEA\D38C0B] Restoring an earlier board that has the score of 977,20 (2 unrouted).
2026-09-25 14:21:01.191 INFO   [FC9CEA\D38C0B] Auto-router pass #456 on board '33b11540eba81d760586548d89c4e2e1' was completed in 0,26 seconds with the score of 977,45 (2 unrouted), using 7145,61 CPU seconds and 54881 MB memory.
2026-09-25 14:21:01.413 INFO   [FC9CEA\D38C0B] Auto-router pass #457 on board 'b4bb842e659341d7f0ad270c7bbf1b37' was completed in 0,20 seconds with the score of 977,29 (2 unrouted), using 7145,61 CPU seconds and 54881 MB memory.
2026-09-25 14:21:01.608 INFO   [FC9CEA\D38C0B] Auto-router pass #458 on board 'f306a689d0432ff9fb68213a14c5875d' was completed in 0,18 seconds with the score of 977,37 (2 unrouted), using 7145,61 CPU seconds and 54881 MB memory.
2026-09-25 14:21:01.808 INFO   [FC9CEA\D38C0B] Auto-router pass #459 on board 'f29a02841b3267d4471de6d0137635f9' was completed in 0,18 seconds with the score of 977,45 (2 unrouted), using 7145,61 CPU seconds and 54881 MB memory.
2026-09-25 14:21:02.036 INFO   [FC9CEA\D38C0B] Restoring an earlier board that has the score of 977,12 (2 unrouted).
2026-09-25 14:21:02.036 INFO   [FC9CEA\D38C0B] Auto-router pass #460 on board '33b11540eba81d760586548d89c4e2e1' was completed in 0,21 seconds with the score of 977,45 (2 unrouted), using 7262,53 CPU seconds and 55403 MB memory.
2026-09-25 14:21:02.241 INFO   [FC9CEA\D38C0B] Auto-router pass #461 on board '8fa684dea112bdb37e3cabcbb6fe7dad' was completed in 0,19 seconds with the score of 977,20 (2 unrouted), using 7262,53 CPU seconds and 55403 MB memory.
2026-09-25 14:21:02.438 INFO   [FC9CEA\D38C0B] Auto-router pass #462 on board 'b4bb842e659341d7f0ad270c7bbf1b37' was completed in 0,17 seconds with the score of 977,29 (2 unrouted), using 7262,53 CPU seconds and 55403 MB memory.
2026-09-25 14:21:02.624 INFO   [FC9CEA\D38C0B] Auto-router pass #463 on board 'f306a689d0432ff9fb68213a14c5875d' was completed in 0,17 seconds with the score of 977,37 (2 unrouted), using 7262,53 CPU seconds and 55403 MB memory.
2026-09-25 14:21:02.962 INFO   [FC9CEA\D38C0B] Restoring an earlier board that has the score of 977,12 (2 unrouted).
2026-09-25 14:21:02.963 INFO   [FC9CEA\D38C0B] Auto-router pass #464 on board 'f29a02841b3267d4471de6d0137635f9' was completed in 0,31 seconds with the score of 977,37 (2 unrouted), using 7380,38 CPU seconds and 55943 MB memory.
2026-09-25 14:21:03.183 INFO   [FC9CEA\D38C0B] Auto-router pass #465 on board '8fa684dea112bdb37e3cabcbb6fe7dad' was completed in 0,19 seconds with the score of 977,20 (2 unrouted), using 7380,38 CPU seconds and 55943 MB memory.
2026-09-25 14:21:03.354 INFO   [FC9CEA\D38C0B] Auto-router pass #466 on board 'b4bb842e659341d7f0ad270c7bbf1b37' was completed in 0,14 seconds with the score of 977,29 (2 unrouted), using 7380,38 CPU seconds and 55943 MB memory.
2026-09-25 14:21:03.582 INFO   [FC9CEA\D38C0B] Auto-router pass #467 on board 'f306a689d0432ff9fb68213a14c5875d' was completed in 0,21 seconds with the score of 977,37 (2 unrouted), using 7380,38 CPU seconds and 55943 MB memory.
2026-09-25 14:21:03.807 INFO   [FC9CEA\D38C0B] Restoring an earlier board that has the score of 977,12 (2 unrouted).
2026-09-25 14:21:03.807 INFO   [FC9CEA\D38C0B] Auto-router pass #468 on board 'f29a02841b3267d4471de6d0137635f9' was completed in 0,21 seconds with the score of 977,37 (2 unrouted), using 7380,38 CPU seconds and 55943 MB memory.
2026-09-25 14:21:04.025 INFO   [FC9CEA\D38C0B] Auto-router pass #469 on board '8fa684dea112bdb37e3cabcbb6fe7dad' was completed in 0,20 seconds with the score of 977,20 (2 unrouted), using 7499,23 CPU seconds and 56468 MB memory.
2026-09-25 14:21:04.305 INFO   [FC9CEA\D38C0B] Auto-router pass #470 on board 'b4bb842e659341d7f0ad270c7bbf1b37' was completed in 0,27 seconds with the score of 977,29 (2 unrouted), using 7499,23 CPU seconds and 56468 MB memory.
2026-09-25 14:21:04.511 INFO   [FC9CEA\D38C0B] Auto-router pass #471 on board 'f306a689d0432ff9fb68213a14c5875d' was completed in 0,18 seconds with the score of 977,37 (2 unrouted), using 7499,23 CPU seconds and 56468 MB memory.
2026-09-25 14:21:04.759 INFO   [FC9CEA\D38C0B] Restoring an earlier board that has the score of 977,12 (2 unrouted).
2026-09-25 14:21:04.760 INFO   [FC9CEA\D38C0B] Auto-router pass #472 on board 'f29a02841b3267d4471de6d0137635f9' was completed in 0,23 seconds with the score of 977,37 (2 unrouted), using 7499,23 CPU seconds and 56468 MB memory.
2026-09-25 14:21:04.900 INFO   [FC9CEA\D38C0B] Auto-router pass #473 on board '8fa684dea112bdb37e3cabcbb6fe7dad' was completed in 0,13 seconds with the score of 977,20 (2 unrouted), using 7619,05 CPU seconds and 56957 MB memory.
2026-09-25 14:21:05.074 INFO   [FC9CEA\D38C0B] Auto-router pass #474 on board 'b4bb842e659341d7f0ad270c7bbf1b37' was completed in 0,16 seconds with the score of 977,29 (2 unrouted), using 7619,05 CPU seconds and 56957 MB memory.
2026-09-25 14:21:05.273 INFO   [FC9CEA\D38C0B] Auto-router pass #475 on board 'f306a689d0432ff9fb68213a14c5875d' was completed in 0,19 seconds with the score of 977,37 (2 unrouted), using 7619,05 CPU seconds and 56957 MB memory.
2026-09-25 14:21:05.543 INFO   [FC9CEA\D38C0B] Restoring an earlier board that has the score of 977,04 (2 unrouted).
2026-09-25 14:21:05.543 INFO   [FC9CEA\D38C0B] Auto-router pass #476 on board 'f29a02841b3267d4471de6d0137635f9' was completed in 0,26 seconds with the score of 977,37 (2 unrouted), using 7619,05 CPU seconds and 56957 MB memory.
2026-09-25 14:21:05.785 INFO   [FC9CEA\D38C0B] Auto-router pass #477 on board '1754801ce8553cee80f94aed4a43e389' was completed in 0,23 seconds with the score of 977,12 (2 unrouted), using 7619,05 CPU seconds and 56957 MB memory.
2026-09-25 14:21:05.981 INFO   [FC9CEA\D38C0B] Auto-router pass #478 on board '8fa684dea112bdb37e3cabcbb6fe7dad' was completed in 0,19 seconds with the score of 977,20 (2 unrouted), using 7739,88 CPU seconds and 57513 MB memory.
2026-09-25 14:21:06.222 INFO   [FC9CEA\D38C0B] Auto-router pass #479 on board 'b4bb842e659341d7f0ad270c7bbf1b37' was completed in 0,22 seconds with the score of 977,29 (2 unrouted), using 7739,88 CPU seconds and 57513 MB memory.
2026-09-25 14:21:06.495 INFO   [FC9CEA\D38C0B] Restoring an earlier board that has the score of 977,04 (2 unrouted).
2026-09-25 14:21:06.496 INFO   [FC9CEA\D38C0B] Auto-router pass #480 on board 'f306a689d0432ff9fb68213a14c5875d' was completed in 0,25 seconds with the score of 977,29 (2 unrouted), using 7739,88 CPU seconds and 57513 MB memory.
2026-09-25 14:21:06.706 INFO   [FC9CEA\D38C0B] Auto-router pass #481 on board '1754801ce8553cee80f94aed4a43e389' was completed in 0,19 seconds with the score of 977,12 (2 unrouted), using 7739,88 CPU seconds and 57513 MB memory.
2026-09-25 14:21:06.878 INFO   [FC9CEA\D38C0B] Auto-router pass #482 on board '8fa684dea112bdb37e3cabcbb6fe7dad' was completed in 0,15 seconds with the score of 977,20 (2 unrouted), using 7739,88 CPU seconds and 57513 MB memory.
2026-09-25 14:21:07.025 INFO   [FC9CEA\D38C0B] Auto-router pass #483 on board 'b4bb842e659341d7f0ad270c7bbf1b37' was completed in 0,13 seconds with the score of 977,29 (2 unrouted), using 7861,62 CPU seconds and 58020 MB memory.
2026-09-25 14:21:07.211 INFO   [FC9CEA\D38C0B] Restoring an earlier board that has the score of 977,04 (2 unrouted).
2026-09-25 14:21:07.212 INFO   [FC9CEA\D38C0B] Auto-router pass #484 on board 'f306a689d0432ff9fb68213a14c5875d' was completed in 0,17 seconds with the score of 977,29 (2 unrouted), using 7861,62 CPU seconds and 58020 MB memory.
2026-09-25 14:21:07.374 INFO   [FC9CEA\D38C0B] Auto-router pass #485 on board '1754801ce8553cee80f94aed4a43e389' was completed in 0,15 seconds with the score of 977,12 (2 unrouted), using 7861,62 CPU seconds and 58020 MB memory.
2026-09-25 14:21:07.585 INFO   [FC9CEA\D38C0B] Auto-router pass #486 on board '8fa684dea112bdb37e3cabcbb6fe7dad' was completed in 0,20 seconds with the score of 977,20 (2 unrouted), using 7861,62 CPU seconds and 58020 MB memory.
2026-09-25 14:21:07.752 INFO   [FC9CEA\D38C0B] Auto-router pass #487 on board 'b4bb842e659341d7f0ad270c7bbf1b37' was completed in 0,15 seconds with the score of 977,29 (2 unrouted), using 7861,62 CPU seconds and 58020 MB memory.
2026-09-25 14:21:08.047 INFO   [FC9CEA\D38C0B] Restoring an earlier board that has the score of 976,95 (2 unrouted).
2026-09-25 14:21:08.047 INFO   [FC9CEA\D38C0B] Auto-router pass #488 on board 'f306a689d0432ff9fb68213a14c5875d' was completed in 0,28 seconds with the score of 977,29 (2 unrouted), using 7984,38 CPU seconds and 58648 MB memory.
2026-09-25 14:21:08.227 INFO   [FC9CEA\D38C0B] Auto-router pass #489 on board '7a29e57d0fb8516e8554854168a4f6b6' was completed in 0,16 seconds with the score of 977,04 (2 unrouted), using 7984,38 CPU seconds and 58648 MB memory.
2026-09-25 14:21:08.436 INFO   [FC9CEA\D38C0B] Auto-router pass #490 on board '1754801ce8553cee80f94aed4a43e389' was completed in 0,18 seconds with the score of 977,12 (2 unrouted), using 7984,38 CPU seconds and 58648 MB memory.
2026-09-25 14:21:08.614 INFO   [FC9CEA\D38C0B] Auto-router pass #491 on board '8fa684dea112bdb37e3cabcbb6fe7dad' was completed in 0,16 seconds with the score of 977,20 (2 unrouted), using 7984,38 CPU seconds and 58648 MB memory.
2026-09-25 14:21:08.953 INFO   [FC9CEA\D38C0B] Restoring an earlier board that has the score of 976,95 (2 unrouted).
2026-09-25 14:21:08.953 INFO   [FC9CEA\D38C0B] Auto-router pass #492 on board 'b4bb842e659341d7f0ad270c7bbf1b37' was completed in 0,32 seconds with the score of 977,20 (2 unrouted), using 8108,09 CPU seconds and 59151 MB memory.
2026-09-25 14:21:09.164 INFO   [FC9CEA\D38C0B] Auto-router pass #493 on board '7a29e57d0fb8516e8554854168a4f6b6' was completed in 0,18 seconds with the score of 977,04 (2 unrouted), using 8108,09 CPU seconds and 59151 MB memory.
2026-09-25 14:21:09.347 INFO   [FC9CEA\D38C0B] Auto-router pass #494 on board '1754801ce8553cee80f94aed4a43e389' was completed in 0,16 seconds with the score of 977,12 (2 unrouted), using 8108,09 CPU seconds and 59151 MB memory.
2026-09-25 14:21:09.548 INFO   [FC9CEA\D38C0B] Auto-router pass #495 on board '8fa684dea112bdb37e3cabcbb6fe7dad' was completed in 0,19 seconds with the score of 977,20 (2 unrouted), using 8108,09 CPU seconds and 59151 MB memory.
2026-09-25 14:21:09.822 INFO   [FC9CEA\D38C0B] Restoring an earlier board that has the score of 976,95 (2 unrouted).
2026-09-25 14:21:09.822 INFO   [FC9CEA\D38C0B] Auto-router pass #496 on board 'b4bb842e659341d7f0ad270c7bbf1b37' was completed in 0,26 seconds with the score of 977,20 (2 unrouted), using 8108,09 CPU seconds and 59151 MB memory.
2026-09-25 14:21:10.002 INFO   [FC9CEA\D38C0B] Auto-router pass #497 on board '7a29e57d0fb8516e8554854168a4f6b6' was completed in 0,17 seconds with the score of 977,04 (2 unrouted), using 8232,81 CPU seconds and 59678 MB memory.
2026-09-25 14:21:10.204 INFO   [FC9CEA\D38C0B] Auto-router pass #498 on board '1754801ce8553cee80f94aed4a43e389' was completed in 0,18 seconds with the score of 977,12 (2 unrouted), using 8232,81 CPU seconds and 59678 MB memory.
2026-09-25 14:21:10.379 INFO   [FC9CEA\D38C0B] Auto-router pass #499 on board '8fa684dea112bdb37e3cabcbb6fe7dad' was completed in 0,16 seconds with the score of 977,20 (2 unrouted), using 8232,81 CPU seconds and 59678 MB memory.
2026-09-25 14:21:10.627 INFO   [FC9CEA\D38C0B] Restoring an earlier board that has the score of 976,95 (2 unrouted).
2026-09-25 14:21:10.627 INFO   [FC9CEA\D38C0B] Auto-router pass #500 on board 'b4bb842e659341d7f0ad270c7bbf1b37' was completed in 0,23 seconds with the score of 977,20 (2 unrouted), using 8232,81 CPU seconds and 59678 MB memory.
2026-09-25 14:21:10.792 INFO   [FC9CEA\D38C0B] Auto-router pass #501 on board '7a29e57d0fb8516e8554854168a4f6b6' was completed in 0,15 seconds with the score of 977,04 (2 unrouted), using 8232,81 CPU seconds and 59678 MB memory.
2026-09-25 14:21:10.997 INFO   [FC9CEA\D38C0B] Auto-router pass #502 on board '1754801ce8553cee80f94aed4a43e389' was completed in 0,19 seconds with the score of 977,12 (2 unrouted), using 8358,53 CPU seconds and 60245 MB memory.
2026-09-25 14:21:11.212 INFO   [FC9CEA\D38C0B] Auto-router pass #503 on board '8fa684dea112bdb37e3cabcbb6fe7dad' was completed in 0,19 seconds with the score of 977,20 (2 unrouted), using 8358,53 CPU seconds and 60245 MB memory.
2026-09-25 14:21:11.478 INFO   [FC9CEA\D38C0B] Restoring an earlier board that has the score of 976,87 (2 unrouted).
2026-09-25 14:21:11.478 INFO   [FC9CEA\D38C0B] Auto-router pass #504 on board 'b4bb842e659341d7f0ad270c7bbf1b37' was completed in 0,25 seconds with the score of 977,20 (2 unrouted), using 8358,53 CPU seconds and 60245 MB memory.
2026-09-25 14:21:11.729 INFO   [FC9CEA\D38C0B] Auto-router pass #505 on board 'a4b209fcd39ef6bbb7c402cbcadf10ed' was completed in 0,23 seconds with the score of 976,95 (2 unrouted), using 8358,53 CPU seconds and 60245 MB memory.
2026-09-25 14:21:11.911 INFO   [FC9CEA\D38C0B] Auto-router pass #506 on board '7a29e57d0fb8516e8554854168a4f6b6' was completed in 0,17 seconds with the score of 977,04 (2 unrouted), using 8358,53 CPU seconds and 60245 MB memory.
2026-09-25 14:21:12.154 INFO   [FC9CEA\D38C0B] Auto-router pass #507 on board '1754801ce8553cee80f94aed4a43e389' was completed in 0,23 seconds with the score of 977,12 (2 unrouted), using 8485,22 CPU seconds and 60745 MB memory.
2026-09-25 14:21:12.434 INFO   [FC9CEA\D38C0B] Restoring an earlier board that has the score of 976,87 (2 unrouted).
2026-09-25 14:21:12.434 INFO   [FC9CEA\D38C0B] Auto-router pass #508 on board '8fa684dea112bdb37e3cabcbb6fe7dad' was completed in 0,26 seconds with the score of 977,12 (2 unrouted), using 8485,22 CPU seconds and 60745 MB memory.
2026-09-25 14:21:12.636 INFO   [FC9CEA\D38C0B] Auto-router pass #509 on board 'a4b209fcd39ef6bbb7c402cbcadf10ed' was completed in 0,19 seconds with the score of 976,95 (2 unrouted), using 8485,22 CPU seconds and 60745 MB memory.
2026-09-25 14:21:12.843 INFO   [FC9CEA\D38C0B] Auto-router pass #510 on board '7a29e57d0fb8516e8554854168a4f6b6' was completed in 0,20 seconds with the score of 977,04 (2 unrouted), using 8485,22 CPU seconds and 60745 MB memory.
2026-09-25 14:21:13.040 INFO   [FC9CEA\D38C0B] Auto-router pass #511 on board '1754801ce8553cee80f94aed4a43e389' was completed in 0,18 seconds with the score of 977,12 (2 unrouted), using 8612,88 CPU seconds and 61235 MB memory.
2026-09-25 14:21:13.283 INFO   [FC9CEA\D38C0B] Restoring an earlier board that has the score of 976,87 (2 unrouted).
2026-09-25 14:21:13.284 INFO   [FC9CEA\D38C0B] Auto-router pass #512 on board '8fa684dea112bdb37e3cabcbb6fe7dad' was completed in 0,23 seconds with the score of 977,12 (2 unrouted), using 8612,88 CPU seconds and 61235 MB memory.
2026-09-25 14:21:13.491 INFO   [FC9CEA\D38C0B] Auto-router pass #513 on board 'a4b209fcd39ef6bbb7c402cbcadf10ed' was completed in 0,19 seconds with the score of 976,95 (2 unrouted), using 8612,88 CPU seconds and 61235 MB memory.
2026-09-25 14:21:13.665 INFO   [FC9CEA\D38C0B] Auto-router pass #514 on board '7a29e57d0fb8516e8554854168a4f6b6' was completed in 0,16 seconds with the score of 977,04 (2 unrouted), using 8612,88 CPU seconds and 61235 MB memory.
2026-09-25 14:21:13.847 INFO   [FC9CEA\D38C0B] Auto-router pass #515 on board '1754801ce8553cee80f94aed4a43e389' was completed in 0,16 seconds with the score of 977,12 (2 unrouted), using 8612,88 CPU seconds and 61235 MB memory.
2026-09-25 14:21:14.095 INFO   [FC9CEA\D38C0B] Restoring an earlier board that has the score of 976,87 (2 unrouted).
2026-09-25 14:21:14.096 INFO   [FC9CEA\D38C0B] Auto-router pass #516 on board '8fa684dea112bdb37e3cabcbb6fe7dad' was completed in 0,23 seconds with the score of 977,12 (2 unrouted), using 8741,50 CPU seconds and 61800 MB memory.
2026-09-25 14:21:14.358 INFO   [FC9CEA\D38C0B] Auto-router pass #517 on board 'a4b209fcd39ef6bbb7c402cbcadf10ed' was completed in 0,25 seconds with the score of 976,95 (2 unrouted), using 8741,50 CPU seconds and 61800 MB memory.
2026-09-25 14:21:14.550 INFO   [FC9CEA\D38C0B] Auto-router pass #518 on board '7a29e57d0fb8516e8554854168a4f6b6' was completed in 0,17 seconds with the score of 977,04 (2 unrouted), using 8741,50 CPU seconds and 61800 MB memory.
2026-09-25 14:21:14.729 INFO   [FC9CEA\D38C0B] Auto-router pass #519 on board '1754801ce8553cee80f94aed4a43e389' was completed in 0,17 seconds with the score of 977,12 (2 unrouted), using 8741,50 CPU seconds and 61800 MB memory.
2026-09-25 14:21:15.012 INFO   [FC9CEA\D38C0B] Restoring an earlier board that has the score of 976,78 (2 unrouted).
2026-09-25 14:21:15.012 INFO   [FC9CEA\D38C0B] Auto-router pass #520 on board '8fa684dea112bdb37e3cabcbb6fe7dad' was completed in 0,27 seconds with the score of 977,12 (2 unrouted), using 8871,12 CPU seconds and 62303 MB memory.
2026-09-25 14:21:15.219 INFO   [FC9CEA\D38C0B] Auto-router pass #521 on board '1d96b68c1b4d6f3648838c825e83622a' was completed in 0,18 seconds with the score of 976,87 (2 unrouted), using 8871,12 CPU seconds and 62303 MB memory.
2026-09-25 14:21:15.411 INFO   [FC9CEA\D38C0B] Auto-router pass #522 on board 'a4b209fcd39ef6bbb7c402cbcadf10ed' was completed in 0,17 seconds with the score of 976,95 (2 unrouted), using 8871,12 CPU seconds and 62303 MB memory.
2026-09-25 14:21:15.610 INFO   [FC9CEA\D38C0B] Auto-router pass #523 on board '7a29e57d0fb8516e8554854168a4f6b6' was completed in 0,18 seconds with the score of 977,04 (2 unrouted), using 8871,12 CPU seconds and 62303 MB memory.
2026-09-25 14:21:15.902 INFO   [FC9CEA\D38C0B] Restoring an earlier board that has the score of 976,78 (2 unrouted).
2026-09-25 14:21:15.903 INFO   [FC9CEA\D38C0B] Auto-router pass #524 on board '1754801ce8553cee80f94aed4a43e389' was completed in 0,28 seconds with the score of 977,04 (2 unrouted), using 8871,12 CPU seconds and 62303 MB memory.
2026-09-25 14:21:16.143 INFO   [FC9CEA\D38C0B] Auto-router pass #525 on board '1d96b68c1b4d6f3648838c825e83622a' was completed in 0,22 seconds with the score of 976,87 (2 unrouted), using 9001,73 CPU seconds and 62798 MB memory.
2026-09-25 14:21:16.291 INFO   [FC9CEA\D38C0B] Auto-router pass #526 on board 'a4b209fcd39ef6bbb7c402cbcadf10ed' was completed in 0,13 seconds with the score of 976,95 (2 unrouted), using 9001,73 CPU seconds and 62798 MB memory.
2026-09-25 14:21:16.460 INFO   [FC9CEA\D38C0B] Auto-router pass #527 on board '7a29e57d0fb8516e8554854168a4f6b6' was completed in 0,16 seconds with the score of 977,04 (2 unrouted), using 9001,73 CPU seconds and 62798 MB memory.
2026-09-25 14:21:16.686 INFO   [FC9CEA\D38C0B] Restoring an earlier board that has the score of 976,78 (2 unrouted).
2026-09-25 14:21:16.686 INFO   [FC9CEA\D38C0B] Auto-router pass #528 on board '1754801ce8553cee80f94aed4a43e389' was completed in 0,21 seconds with the score of 977,04 (2 unrouted), using 9001,73 CPU seconds and 62798 MB memory.
2026-09-25 14:21:16.861 INFO   [FC9CEA\D38C0B] Auto-router pass #529 on board '1d96b68c1b4d6f3648838c825e83622a' was completed in 0,16 seconds with the score of 976,87 (2 unrouted), using 9001,73 CPU seconds and 62798 MB memory.
2026-09-25 14:21:17.098 INFO   [FC9CEA\D38C0B] Auto-router pass #530 on board 'a4b209fcd39ef6bbb7c402cbcadf10ed' was completed in 0,22 seconds with the score of 976,95 (2 unrouted), using 9133,34 CPU seconds and 63386 MB memory.
2026-09-25 14:21:17.326 INFO   [FC9CEA\D38C0B] Auto-router pass #531 on board '7a29e57d0fb8516e8554854168a4f6b6' was completed in 0,21 seconds with the score of 977,04 (2 unrouted), using 9133,34 CPU seconds and 63386 MB memory.
2026-09-25 14:21:17.527 INFO   [FC9CEA\D38C0B] Restoring an earlier board that has the score of 976,78 (2 unrouted).
2026-09-25 14:21:17.528 INFO   [FC9CEA\D38C0B] Auto-router pass #532 on board '1754801ce8553cee80f94aed4a43e389' was completed in 0,18 seconds with the score of 977,04 (2 unrouted), using 9133,34 CPU seconds and 63386 MB memory.
2026-09-25 14:21:17.681 INFO   [FC9CEA\D38C0B] Auto-router pass #533 on board '1d96b68c1b4d6f3648838c825e83622a' was completed in 0,14 seconds with the score of 976,87 (2 unrouted), using 9133,34 CPU seconds and 63386 MB memory.
2026-09-25 14:21:17.850 INFO   [FC9CEA\D38C0B] Auto-router pass #534 on board 'a4b209fcd39ef6bbb7c402cbcadf10ed' was completed in 0,15 seconds with the score of 976,95 (2 unrouted), using 9133,34 CPU seconds and 63386 MB memory.
2026-09-25 14:21:18.044 INFO   [FC9CEA\D38C0B] Auto-router pass #535 on board '7a29e57d0fb8516e8554854168a4f6b6' was completed in 0,17 seconds with the score of 977,04 (2 unrouted), using 9265,94 CPU seconds and 63975 MB memory.
2026-09-25 14:21:18.249 INFO   [FC9CEA\D38C0B] Restoring an earlier board that has the score of 976,69 (2 unrouted).
2026-09-25 14:21:18.250 INFO   [FC9CEA\D38C0B] Auto-router pass #536 on board '1754801ce8553cee80f94aed4a43e389' was completed in 0,19 seconds with the score of 977,04 (2 unrouted), using 9265,94 CPU seconds and 63975 MB memory.
2026-09-25 14:21:18.458 INFO   [FC9CEA\D38C0B] Auto-router pass #537 on board '89c5b3ff2caaf677a6392ddf1f68a2b0' was completed in 0,20 seconds with the score of 976,78 (2 unrouted), using 9265,94 CPU seconds and 63975 MB memory.
2026-09-25 14:21:18.710 INFO   [FC9CEA\D38C0B] Auto-router pass #538 on board '4e46f3853a1195721300b63539080a7a' was completed in 0,20 seconds with the score of 976,87 (2 unrouted), using 9265,94 CPU seconds and 63975 MB memory.
2026-09-25 14:21:19.013 INFO   [FC9CEA\D38C0B] Auto-router pass #539 on board '62c6cd45b312b57df6fbc528e4b123dd' was completed in 0,25 seconds with the score of 976,95 (2 unrouted), using 9399,55 CPU seconds and 64467 MB memory.
2026-09-25 14:21:19.332 INFO   [FC9CEA\D38C0B] Restoring an earlier board that has the score of 976,95 (2 unrouted).
2026-09-25 14:21:19.333 INFO   [FC9CEA\D38C0B] Auto-router pass #540 on board '5faf85a7ce35b0b579f757df9fb9ce32' was completed in 0,27 seconds with the score of 976,95 (2 unrouted), using 9399,55 CPU seconds and 64467 MB memory.
2026-09-25 14:21:19.513 INFO   [FC9CEA\D38C0B] Auto-router pass #541 on board '5faf85a7ce35b0b579f757df9fb9ce32' was completed in 0,17 seconds with the score of 977,04 (2 unrouted), using 9399,55 CPU seconds and 64467 MB memory.
2026-09-25 14:21:19.741 INFO   [FC9CEA\D38C0B] Auto-router pass #542 on board '91e6260ec82d45fb8a7faa71a6e45af6' was completed in 0,16 seconds with the score of 977,12 (2 unrouted), using 9399,55 CPU seconds and 64467 MB memory.
2026-09-25 14:21:19.969 INFO   [FC9CEA\D38C0B] Auto-router pass #543 on board '4f2cbbf13afe72a4cdb1a60fb4ac15b6' was completed in 0,18 seconds with the score of 977,20 (2 unrouted), using 9399,55 CPU seconds and 64467 MB memory.
2026-09-25 14:21:20.201 INFO   [FC9CEA\D38C0B] Restoring an earlier board that has the score of 977,20 (2 unrouted).
2026-09-25 14:21:20.201 INFO   [FC9CEA\D38C0B] Auto-router pass #544 on board 'f136957e455153558407081e158c7550' was completed in 0,20 seconds with the score of 977,20 (2 unrouted), using 9534,14 CPU seconds and 64989 MB memory.
2026-09-25 14:21:20.354 INFO   [FC9CEA\D38C0B] Auto-router pass #545 on board 'f136957e455153558407081e158c7550' was completed in 0,14 seconds with the score of 977,29 (2 unrouted), using 9534,14 CPU seconds and 64989 MB memory.
2026-09-25 14:21:20.598 INFO   [FC9CEA\D38C0B] Auto-router pass #546 on board 'cb3bfc1242fb1a16531e561f7229999e' was completed in 0,19 seconds with the score of 977,37 (2 unrouted), using 9534,14 CPU seconds and 64989 MB memory.
2026-09-25 14:21:20.840 INFO   [FC9CEA\D38C0B] Auto-router pass #547 on board '295f727191c51e9698bf99f19b7754b1' was completed in 0,20 seconds with the score of 977,45 (2 unrouted), using 9534,14 CPU seconds and 64989 MB memory.
2026-09-25 14:21:21.182 INFO   [FC9CEA\D38C0B] Restoring an earlier board that has the score of 977,45 (2 unrouted).
2026-09-25 14:21:21.183 INFO   [FC9CEA\D38C0B] Auto-router pass #548 on board '73d8f443b0a877c1b0245dcf9a836741' was completed in 0,30 seconds with the score of 977,45 (2 unrouted), using 9669,67 CPU seconds and 65543 MB memory.
2026-09-25 14:21:21.396 INFO   [FC9CEA\D38C0B] Auto-router pass #549 on board '73d8f443b0a877c1b0245dcf9a836741' was completed in 0,19 seconds with the score of 977,45 (2 unrouted), using 9669,67 CPU seconds and 65543 MB memory.
2026-09-25 14:21:21.571 INFO   [FC9CEA\D38C0B] Auto-router pass #550 on board '73d8f443b0a877c1b0245dcf9a836741' was completed in 0,16 seconds with the score of 977,45 (2 unrouted), using 9669,67 CPU seconds and 65543 MB memory.
2026-09-25 14:21:21.740 INFO   [FC9CEA\D38C0B] Auto-router pass #551 on board '73d8f443b0a877c1b0245dcf9a836741' was completed in 0,15 seconds with the score of 977,45 (2 unrouted), using 9669,67 CPU seconds and 65543 MB memory.
2026-09-25 14:21:21.964 INFO   [FC9CEA\D38C0B] Restoring an earlier board that has the score of 977,45 (2 unrouted).
2026-09-25 14:21:21.964 INFO   [FC9CEA\D38C0B] Auto-router pass #552 on board '73d8f443b0a877c1b0245dcf9a836741' was completed in 0,21 seconds with the score of 977,45 (2 unrouted), using 9669,67 CPU seconds and 65543 MB memory.
2026-09-25 14:21:22.173 INFO   [FC9CEA\D38C0B] Auto-router pass #553 on board '73d8f443b0a877c1b0245dcf9a836741' was completed in 0,19 seconds with the score of 977,45 (2 unrouted), using 9806,12 CPU seconds and 66099 MB memory.
2026-09-25 14:21:22.394 INFO   [FC9CEA\D38C0B] Auto-router pass #554 on board '73d8f443b0a877c1b0245dcf9a836741' was completed in 0,20 seconds with the score of 977,45 (2 unrouted), using 9806,12 CPU seconds and 66099 MB memory.
2026-09-25 14:21:22.598 INFO   [FC9CEA\D38C0B] Auto-router pass #555 on board '73d8f443b0a877c1b0245dcf9a836741' was completed in 0,19 seconds with the score of 977,45 (2 unrouted), using 9806,12 CPU seconds and 66099 MB memory.
2026-09-25 14:21:22.849 INFO   [FC9CEA\D38C0B] Restoring an earlier board that has the score of 977,45 (2 unrouted).
2026-09-25 14:21:22.849 INFO   [FC9CEA\D38C0B] Auto-router pass #556 on board '73d8f443b0a877c1b0245dcf9a836741' was completed in 0,23 seconds with the score of 977,45 (2 unrouted), using 9806,12 CPU seconds and 66099 MB memory.
2026-09-25 14:21:23.051 INFO   [FC9CEA\D38C0B] Auto-router pass #557 on board '73d8f443b0a877c1b0245dcf9a836741' was completed in 0,18 seconds with the score of 977,45 (2 unrouted), using 9943,52 CPU seconds and 66629 MB memory.
2026-09-25 14:21:23.251 INFO   [FC9CEA\D38C0B] Auto-router pass #558 on board '73d8f443b0a877c1b0245dcf9a836741' was completed in 0,18 seconds with the score of 977,45 (2 unrouted), using 9943,52 CPU seconds and 66629 MB memory.
2026-09-25 14:21:23.455 INFO   [FC9CEA\D38C0B] Auto-router pass #559 on board '73d8f443b0a877c1b0245dcf9a836741' was completed in 0,19 seconds with the score of 977,45 (2 unrouted), using 9943,52 CPU seconds and 66629 MB memory.
2026-09-25 14:21:23.705 INFO   [FC9CEA\D38C0B] Restoring an earlier board that has the score of 977,45 (2 unrouted).
2026-09-25 14:21:23.705 INFO   [FC9CEA\D38C0B] Auto-router pass #560 on board '73d8f443b0a877c1b0245dcf9a836741' was completed in 0,23 seconds with the score of 977,45 (2 unrouted), using 9943,52 CPU seconds and 66629 MB memory.
2026-09-25 14:21:23.909 INFO   [FC9CEA\D38C0B] Auto-router pass #561 on board '73d8f443b0a877c1b0245dcf9a836741' was completed in 0,18 seconds with the score of 977,45 (2 unrouted), using 9943,52 CPU seconds and 66629 MB memory.
2026-09-25 14:21:24.112 INFO   [FC9CEA\D38C0B] Auto-router pass #562 on board '73d8f443b0a877c1b0245dcf9a836741' was completed in 0,19 seconds with the score of 977,45 (2 unrouted), using 10081,88 CPU seconds and 67159 MB memory.
2026-09-25 14:21:24.314 INFO   [FC9CEA\D38C0B] Auto-router pass #563 on board '73d8f443b0a877c1b0245dcf9a836741' was completed in 0,18 seconds with the score of 977,45 (2 unrouted), using 10081,88 CPU seconds and 67159 MB memory.
2026-09-25 14:21:24.623 INFO   [FC9CEA\D38C0B] Restoring an earlier board that has the score of 977,37 (2 unrouted).
2026-09-25 14:21:24.624 INFO   [FC9CEA\D38C0B] Auto-router pass #564 on board '73d8f443b0a877c1b0245dcf9a836741' was completed in 0,29 seconds with the score of 977,45 (2 unrouted), using 10081,88 CPU seconds and 67159 MB memory.
2026-09-25 14:21:24.928 INFO   [FC9CEA\D38C0B] Auto-router pass #565 on board '295f727191c51e9698bf99f19b7754b1' was completed in 0,28 seconds with the score of 977,45 (2 unrouted), using 10081,88 CPU seconds and 67159 MB memory.
2026-09-25 14:21:25.218 INFO   [FC9CEA\D38C0B] Auto-router pass #566 on board '73d8f443b0a877c1b0245dcf9a836741' was completed in 0,27 seconds with the score of 977,45 (2 unrouted), using 10221,20 CPU seconds and 67592 MB memory.
2026-09-25 14:21:25.513 INFO   [FC9CEA\D38C0B] Auto-router pass #567 on board '73d8f443b0a877c1b0245dcf9a836741' was completed in 0,27 seconds with the score of 977,45 (2 unrouted), using 10221,20 CPU seconds and 67592 MB memory.
2026-09-25 14:21:25.897 INFO   [FC9CEA\D38C0B] Restoring an earlier board that has the score of 977,37 (2 unrouted).
2026-09-25 14:21:25.898 INFO   [FC9CEA\D38C0B] Auto-router pass #568 on board '73d8f443b0a877c1b0245dcf9a836741' was completed in 0,36 seconds with the score of 977,45 (2 unrouted), using 10221,20 CPU seconds and 67592 MB memory.
2026-09-25 14:21:26.198 INFO   [FC9CEA\D38C0B] Auto-router pass #569 on board '295f727191c51e9698bf99f19b7754b1' was completed in 0,27 seconds with the score of 977,45 (2 unrouted), using 10361,55 CPU seconds and 67959 MB memory.
2026-09-25 14:21:26.498 INFO   [FC9CEA\D38C0B] Auto-router pass #570 on board '73d8f443b0a877c1b0245dcf9a836741' was completed in 0,28 seconds with the score of 977,45 (2 unrouted), using 10361,55 CPU seconds and 67959 MB memory.
2026-09-25 14:21:26.761 INFO   [FC9CEA\D38C0B] Auto-router pass #571 on board '73d8f443b0a877c1b0245dcf9a836741' was completed in 0,24 seconds with the score of 977,45 (2 unrouted), using 10361,55 CPU seconds and 67959 MB memory.
2026-09-25 14:21:27.089 INFO   [FC9CEA\D38C0B] Restoring an earlier board that has the score of 977,37 (2 unrouted).
2026-09-25 14:21:27.090 INFO   [FC9CEA\D38C0B] Auto-router pass #572 on board '73d8f443b0a877c1b0245dcf9a836741' was completed in 0,30 seconds with the score of 977,45 (2 unrouted), using 10502,88 CPU seconds and 68349 MB memory.
2026-09-25 14:21:27.385 INFO   [FC9CEA\D38C0B] Auto-router pass #573 on board '295f727191c51e9698bf99f19b7754b1' was completed in 0,27 seconds with the score of 977,45 (2 unrouted), using 10502,88 CPU seconds and 68349 MB memory.
2026-09-25 14:21:27.654 INFO   [FC9CEA\D38C0B] Auto-router pass #574 on board '73d8f443b0a877c1b0245dcf9a836741' was completed in 0,25 seconds with the score of 977,45 (2 unrouted), using 10502,88 CPU seconds and 68349 MB memory.
2026-09-25 14:21:27.915 INFO   [FC9CEA\D38C0B] Auto-router pass #575 on board '73d8f443b0a877c1b0245dcf9a836741' was completed in 0,24 seconds with the score of 977,45 (2 unrouted), using 10502,88 CPU seconds and 68349 MB memory.
2026-09-25 14:21:28.210 INFO   [FC9CEA\D38C0B] Restoring an earlier board that has the score of 977,37 (2 unrouted).
2026-09-25 14:21:28.211 INFO   [FC9CEA\D38C0B] Auto-router pass #576 on board '73d8f443b0a877c1b0245dcf9a836741' was completed in 0,28 seconds with the score of 977,45 (2 unrouted), using 10645,20 CPU seconds and 68760 MB memory.
2026-09-25 14:21:28.466 INFO   [FC9CEA\D38C0B] Auto-router pass #577 on board '295f727191c51e9698bf99f19b7754b1' was completed in 0,23 seconds with the score of 977,45 (2 unrouted), using 10645,20 CPU seconds and 68760 MB memory.
2026-09-25 14:21:28.703 INFO   [FC9CEA\D38C0B] Auto-router pass #578 on board '73d8f443b0a877c1b0245dcf9a836741' was completed in 0,21 seconds with the score of 977,45 (2 unrouted), using 10645,20 CPU seconds and 68760 MB memory.
2026-09-25 14:21:28.970 INFO   [FC9CEA\D38C0B] Auto-router pass #579 on board '73d8f443b0a877c1b0245dcf9a836741' was completed in 0,25 seconds with the score of 977,45 (2 unrouted), using 10645,20 CPU seconds and 68760 MB memory.
2026-09-25 14:21:29.354 INFO   [FC9CEA\D38C0B] Restoring an earlier board that has the score of 977,29 (2 unrouted).
2026-09-25 14:21:29.354 INFO   [FC9CEA\D38C0B] Auto-router pass #580 on board '73d8f443b0a877c1b0245dcf9a836741' was completed in 0,35 seconds with the score of 977,45 (2 unrouted), using 10788,52 CPU seconds and 69177 MB memory.
2026-09-25 14:21:29.557 INFO   [FC9CEA\D38C0B] Auto-router pass #581 on board 'cb3bfc1242fb1a16531e561f7229999e' was completed in 0,18 seconds with the score of 977,37 (2 unrouted), using 10788,52 CPU seconds and 69177 MB memory.
2026-09-25 14:21:29.780 INFO   [FC9CEA\D38C0B] Auto-router pass #582 on board '295f727191c51e9698bf99f19b7754b1' was completed in 0,20 seconds with the score of 977,45 (2 unrouted), using 10788,52 CPU seconds and 69177 MB memory.
2026-09-25 14:21:30.041 INFO   [FC9CEA\D38C0B] Auto-router pass #583 on board '73d8f443b0a877c1b0245dcf9a836741' was completed in 0,24 seconds with the score of 977,45 (2 unrouted), using 10788,52 CPU seconds and 69177 MB memory.
2026-09-25 14:21:30.386 INFO   [FC9CEA\D38C0B] Restoring an earlier board that has the score of 977,29 (2 unrouted).
2026-09-25 14:21:30.387 INFO   [FC9CEA\D38C0B] Auto-router pass #584 on board '73d8f443b0a877c1b0245dcf9a836741' was completed in 0,33 seconds with the score of 977,45 (2 unrouted), using 10932,69 CPU seconds and 69617 MB memory.
2026-09-25 14:21:30.677 INFO   [FC9CEA\D38C0B] Auto-router pass #585 on board 'cb3bfc1242fb1a16531e561f7229999e' was completed in 0,27 seconds with the score of 977,37 (2 unrouted), using 10932,69 CPU seconds and 69617 MB memory.
2026-09-25 14:21:30.945 INFO   [FC9CEA\D38C0B] Auto-router pass #586 on board '295f727191c51e9698bf99f19b7754b1' was completed in 0,24 seconds with the score of 977,45 (2 unrouted), using 10932,69 CPU seconds and 69617 MB memory.
2026-09-25 14:21:31.209 INFO   [FC9CEA\D38C0B] Auto-router pass #587 on board '73d8f443b0a877c1b0245dcf9a836741' was completed in 0,24 seconds with the score of 977,45 (2 unrouted), using 11077,80 CPU seconds and 70009 MB memory.
2026-09-25 14:21:31.515 INFO   [FC9CEA\D38C0B] Restoring an earlier board that has the score of 977,29 (2 unrouted).
2026-09-25 14:21:31.515 INFO   [FC9CEA\D38C0B] Auto-router pass #588 on board '73d8f443b0a877c1b0245dcf9a836741' was completed in 0,28 seconds with the score of 977,45 (2 unrouted), using 11077,80 CPU seconds and 70009 MB memory.
2026-09-25 14:21:31.699 INFO   [FC9CEA\D38C0B] Auto-router pass #589 on board 'cb3bfc1242fb1a16531e561f7229999e' was completed in 0,16 seconds with the score of 977,37 (2 unrouted), using 11077,80 CPU seconds and 70009 MB memory.
2026-09-25 14:21:31.931 INFO   [FC9CEA\D38C0B] Auto-router pass #590 on board '295f727191c51e9698bf99f19b7754b1' was completed in 0,21 seconds with the score of 977,45 (2 unrouted), using 11077,80 CPU seconds and 70009 MB memory.
2026-09-25 14:21:32.125 INFO   [FC9CEA\D38C0B] Auto-router pass #591 on board '73d8f443b0a877c1b0245dcf9a836741' was completed in 0,18 seconds with the score of 977,45 (2 unrouted), using 11223,91 CPU seconds and 70507 MB memory.
2026-09-25 14:21:32.370 INFO   [FC9CEA\D38C0B] Restoring an earlier board that has the score of 977,29 (2 unrouted).
2026-09-25 14:21:32.370 INFO   [FC9CEA\D38C0B] Auto-router pass #592 on board '73d8f443b0a877c1b0245dcf9a836741' was completed in 0,23 seconds with the score of 977,45 (2 unrouted), using 11223,91 CPU seconds and 70507 MB memory.
2026-09-25 14:21:32.545 INFO   [FC9CEA\D38C0B] Auto-router pass #593 on board 'cb3bfc1242fb1a16531e561f7229999e' was completed in 0,16 seconds with the score of 977,37 (2 unrouted), using 11223,91 CPU seconds and 70507 MB memory.
2026-09-25 14:21:32.777 INFO   [FC9CEA\D38C0B] Auto-router pass #594 on board '295f727191c51e9698bf99f19b7754b1' was completed in 0,21 seconds with the score of 977,45 (2 unrouted), using 11223,91 CPU seconds and 70507 MB memory.
2026-09-25 14:21:32.956 INFO   [FC9CEA\D38C0B] Auto-router pass #595 on board '73d8f443b0a877c1b0245dcf9a836741' was completed in 0,17 seconds with the score of 977,45 (2 unrouted), using 11223,91 CPU seconds and 70507 MB memory.
2026-09-25 14:21:33.210 INFO   [FC9CEA\D38C0B] Restoring an earlier board that has the score of 977,20 (2 unrouted).
2026-09-25 14:21:33.211 INFO   [FC9CEA\D38C0B] Auto-router pass #596 on board '73d8f443b0a877c1b0245dcf9a836741' was completed in 0,24 seconds with the score of 977,45 (2 unrouted), using 11371,00 CPU seconds and 71067 MB memory.
2026-09-25 14:21:33.428 INFO   [FC9CEA\D38C0B] Auto-router pass #597 on board 'f136957e455153558407081e158c7550' was completed in 0,20 seconds with the score of 977,29 (2 unrouted), using 11371,00 CPU seconds and 71067 MB memory.
2026-09-25 14:21:33.597 INFO   [FC9CEA\D38C0B] Auto-router pass #598 on board 'cb3bfc1242fb1a16531e561f7229999e' was completed in 0,15 seconds with the score of 977,37 (2 unrouted), using 11371,00 CPU seconds and 71067 MB memory.
2026-09-25 14:21:33.829 INFO   [FC9CEA\D38C0B] Auto-router pass #599 on board '295f727191c51e9698bf99f19b7754b1' was completed in 0,22 seconds with the score of 977,45 (2 unrouted), using 11371,00 CPU seconds and 71067 MB memory.
2026-09-25 14:21:34.012 INFO   [FC9CEA\D38C0B] Restoring an earlier board that has the score of 977,20 (2 unrouted).
2026-09-25 14:21:34.012 INFO   [FC9CEA\D38C0B] Auto-router pass #600 on board '73d8f443b0a877c1b0245dcf9a836741' was completed in 0,17 seconds with the score of 977,45 (2 unrouted), using 11371,00 CPU seconds and 71067 MB memory.
2026-09-25 14:21:34.214 INFO   [FC9CEA\D38C0B] Auto-router pass #601 on board 'f136957e455153558407081e158c7550' was completed in 0,19 seconds with the score of 977,29 (2 unrouted), using 11519,08 CPU seconds and 71630 MB memory.
2026-09-25 14:21:34.371 INFO   [FC9CEA\D38C0B] Auto-router pass #602 on board 'cb3bfc1242fb1a16531e561f7229999e' was completed in 0,15 seconds with the score of 977,37 (2 unrouted), using 11519,08 CPU seconds and 71630 MB memory.
2026-09-25 14:21:34.575 INFO   [FC9CEA\D38C0B] Auto-router pass #603 on board '295f727191c51e9698bf99f19b7754b1' was completed in 0,18 seconds with the score of 977,45 (2 unrouted), using 11519,08 CPU seconds and 71630 MB memory.
2026-09-25 14:21:34.878 INFO   [FC9CEA\D38C0B] Restoring an earlier board that has the score of 977,20 (2 unrouted).
2026-09-25 14:21:34.878 INFO   [FC9CEA\D38C0B] Auto-router pass #604 on board '73d8f443b0a877c1b0245dcf9a836741' was completed in 0,29 seconds with the score of 977,45 (2 unrouted), using 11519,08 CPU seconds and 71630 MB memory.
2026-09-25 14:21:35.067 INFO   [FC9CEA\D38C0B] Auto-router pass #605 on board 'f136957e455153558407081e158c7550' was completed in 0,17 seconds with the score of 977,29 (2 unrouted), using 11519,08 CPU seconds and 71630 MB memory.
2026-09-25 14:21:35.290 INFO   [FC9CEA\D38C0B] Auto-router pass #606 on board 'cb3bfc1242fb1a16531e561f7229999e' was completed in 0,20 seconds with the score of 977,37 (2 unrouted), using 11668,12 CPU seconds and 72165 MB memory.
2026-09-25 14:21:35.457 INFO   [FC9CEA\D38C0B] Auto-router pass #607 on board '295f727191c51e9698bf99f19b7754b1' was completed in 0,16 seconds with the score of 977,45 (2 unrouted), using 11668,12 CPU seconds and 72165 MB memory.
2026-09-25 14:21:35.717 INFO   [FC9CEA\D38C0B] Restoring an earlier board that has the score of 977,12 (2 unrouted).
2026-09-25 14:21:35.718 INFO   [FC9CEA\D38C0B] Auto-router pass #608 on board '73d8f443b0a877c1b0245dcf9a836741' was completed in 0,25 seconds with the score of 977,45 (2 unrouted), using 11668,12 CPU seconds and 72165 MB memory.
2026-09-25 14:21:35.888 INFO   [FC9CEA\D38C0B] Auto-router pass #609 on board '4f2cbbf13afe72a4cdb1a60fb4ac15b6' was completed in 0,16 seconds with the score of 977,20 (2 unrouted), using 11668,12 CPU seconds and 72165 MB memory.
2026-09-25 14:21:36.073 INFO   [FC9CEA\D38C0B] Auto-router pass #610 on board 'f136957e455153558407081e158c7550' was completed in 0,17 seconds with the score of 977,29 (2 unrouted), using 11668,12 CPU seconds and 72165 MB memory.
2026-09-25 14:21:36.310 INFO   [FC9CEA\D38C0B] Auto-router pass #611 on board 'cb3bfc1242fb1a16531e561f7229999e' was completed in 0,22 seconds with the score of 977,37 (2 unrouted), using 11818,19 CPU seconds and 72756 MB memory.
2026-09-25 14:21:36.562 INFO   [FC9CEA\D38C0B] Restoring an earlier board that has the score of 977,12 (2 unrouted).
2026-09-25 14:21:36.562 INFO   [FC9CEA\D38C0B] Auto-router pass #612 on board '295f727191c51e9698bf99f19b7754b1' was completed in 0,23 seconds with the score of 977,37 (2 unrouted), using 11818,19 CPU seconds and 72756 MB memory.
2026-09-25 14:21:36.758 INFO   [FC9CEA\D38C0B] Auto-router pass #613 on board '4f2cbbf13afe72a4cdb1a60fb4ac15b6' was completed in 0,18 seconds with the score of 977,20 (2 unrouted), using 11818,19 CPU seconds and 72756 MB memory.
2026-09-25 14:21:36.974 INFO   [FC9CEA\D38C0B] Auto-router pass #614 on board 'f136957e455153558407081e158c7550' was completed in 0,20 seconds with the score of 977,29 (2 unrouted), using 11818,19 CPU seconds and 72756 MB memory.
2026-09-25 14:21:37.161 INFO   [FC9CEA\D38C0B] Auto-router pass #615 on board 'cb3bfc1242fb1a16531e561f7229999e' was completed in 0,17 seconds with the score of 977,37 (2 unrouted), using 11818,19 CPU seconds and 72756 MB memory.
2026-09-25 14:21:37.396 INFO   [FC9CEA\D38C0B] Restoring an earlier board that has the score of 977,12 (2 unrouted).
2026-09-25 14:21:37.397 INFO   [FC9CEA\D38C0B] Auto-router pass #616 on board '295f727191c51e9698bf99f19b7754b1' was completed in 0,22 seconds with the score of 977,37 (2 unrouted), using 11969,27 CPU seconds and 73265 MB memory.
2026-09-25 14:21:37.594 INFO   [FC9CEA\D38C0B] Auto-router pass #617 on board '4f2cbbf13afe72a4cdb1a60fb4ac15b6' was completed in 0,17 seconds with the score of 977,20 (2 unrouted), using 11969,27 CPU seconds and 73265 MB memory.
2026-09-25 14:21:37.765 INFO   [FC9CEA\D38C0B] Auto-router pass #618 on board 'f136957e455153558407081e158c7550' was completed in 0,16 seconds with the score of 977,29 (2 unrouted), using 11969,27 CPU seconds and 73265 MB memory.
2026-09-25 14:21:37.964 INFO   [FC9CEA\D38C0B] Auto-router pass #619 on board 'cb3bfc1242fb1a16531e561f7229999e' was completed in 0,18 seconds with the score of 977,37 (2 unrouted), using 11969,27 CPU seconds and 73265 MB memory.
2026-09-25 14:21:38.212 INFO   [FC9CEA\D38C0B] Restoring an earlier board that has the score of 977,12 (2 unrouted).
2026-09-25 14:21:38.214 INFO   [FC9CEA\D38C0B] Auto-router pass #620 on board '295f727191c51e9698bf99f19b7754b1' was completed in 0,23 seconds with the score of 977,37 (2 unrouted), using 12121,31 CPU seconds and 73837 MB memory.
2026-09-25 14:21:38.398 INFO   [FC9CEA\D38C0B] Auto-router pass #621 on board '4f2cbbf13afe72a4cdb1a60fb4ac15b6' was completed in 0,17 seconds with the score of 977,20 (2 unrouted), using 12121,31 CPU seconds and 73837 MB memory.
2026-09-25 14:21:38.612 INFO   [FC9CEA\D38C0B] Auto-router pass #622 on board 'f136957e455153558407081e158c7550' was completed in 0,20 seconds with the score of 977,29 (2 unrouted), using 12121,31 CPU seconds and 73837 MB memory.
2026-09-25 14:21:38.930 INFO   [FC9CEA\D38C0B] Auto-router pass #623 on board 'cb3bfc1242fb1a16531e561f7229999e' was completed in 0,29 seconds with the score of 977,37 (2 unrouted), using 12121,31 CPU seconds and 73837 MB memory.
2026-09-25 14:21:39.268 INFO   [FC9CEA\D38C0B] Restoring an earlier board that has the score of 977,04 (2 unrouted).
2026-09-25 14:21:39.269 INFO   [FC9CEA\D38C0B] Auto-router pass #624 on board '295f727191c51e9698bf99f19b7754b1' was completed in 0,32 seconds with the score of 977,37 (2 unrouted), using 12274,33 CPU seconds and 74275 MB memory.
2026-09-25 14:21:39.483 INFO   [FC9CEA\D38C0B] Auto-router pass #625 on board '91e6260ec82d45fb8a7faa71a6e45af6' was completed in 0,20 seconds with the score of 977,12 (2 unrouted), using 12274,33 CPU seconds and 74275 MB memory.
2026-09-25 14:21:39.728 INFO   [FC9CEA\D38C0B] Auto-router pass #626 on board '4f2cbbf13afe72a4cdb1a60fb4ac15b6' was completed in 0,21 seconds with the score of 977,20 (2 unrouted), using 12274,33 CPU seconds and 74275 MB memory.
2026-09-25 14:21:39.909 INFO   [FC9CEA\D38C0B] Auto-router pass #627 on board 'f136957e455153558407081e158c7550' was completed in 0,17 seconds with the score of 977,29 (2 unrouted), using 12274,33 CPU seconds and 74275 MB memory.
2026-09-25 14:21:40.152 INFO   [FC9CEA\D38C0B] Restoring an earlier board that has the score of 977,04 (2 unrouted).
2026-09-25 14:21:40.153 INFO   [FC9CEA\D38C0B] Auto-router pass #628 on board 'cb3bfc1242fb1a16531e561f7229999e' was completed in 0,23 seconds with the score of 977,29 (2 unrouted), using 12274,33 CPU seconds and 74275 MB memory.
2026-09-25 14:21:40.332 INFO   [FC9CEA\D38C0B] Auto-router pass #629 on board '91e6260ec82d45fb8a7faa71a6e45af6' was completed in 0,16 seconds with the score of 977,12 (2 unrouted), using 12428,28 CPU seconds and 74794 MB memory.
2026-09-25 14:21:40.761 INFO   [FC9CEA\D38C0B] Auto-router pass #630 on board '4f2cbbf13afe72a4cdb1a60fb4ac15b6' was completed in 0,41 seconds with the score of 977,20 (2 unrouted), using 12428,28 CPU seconds and 74794 MB memory.
2026-09-25 14:21:40.972 INFO   [FC9CEA\D38C0B] Auto-router pass #631 on board 'f136957e455153558407081e158c7550' was completed in 0,20 seconds with the score of 977,29 (2 unrouted), using 12428,28 CPU seconds and 74794 MB memory.
2026-09-25 14:21:41.335 INFO   [FC9CEA\D38C0B] Restoring an earlier board that has the score of 977,04 (2 unrouted).
2026-09-25 14:21:41.335 INFO   [FC9CEA\D38C0B] Auto-router pass #632 on board 'cb3bfc1242fb1a16531e561f7229999e' was completed in 0,34 seconds with the score of 977,29 (2 unrouted), using 12582,80 CPU seconds and 75157 MB memory.
2026-09-25 14:21:41.560 INFO   [FC9CEA\D38C0B] Auto-router pass #633 on board '91e6260ec82d45fb8a7faa71a6e45af6' was completed in 0,21 seconds with the score of 977,12 (2 unrouted), using 12582,80 CPU seconds and 75157 MB memory.
2026-09-25 14:21:41.811 INFO   [FC9CEA\D38C0B] Auto-router pass #634 on board '4f2cbbf13afe72a4cdb1a60fb4ac15b6' was completed in 0,24 seconds with the score of 977,20 (2 unrouted), using 12582,80 CPU seconds and 75157 MB memory.
2026-09-25 14:21:42.082 INFO   [FC9CEA\D38C0B] Auto-router pass #635 on board 'f136957e455153558407081e158c7550' was completed in 0,25 seconds with the score of 977,29 (2 unrouted), using 12582,80 CPU seconds and 75157 MB memory.
2026-09-25 14:21:42.418 INFO   [FC9CEA\D38C0B] Restoring an earlier board that has the score of 977,04 (2 unrouted).
2026-09-25 14:21:42.418 INFO   [FC9CEA\D38C0B] Auto-router pass #636 on board 'cb3bfc1242fb1a16531e561f7229999e' was completed in 0,32 seconds with the score of 977,29 (2 unrouted), using 12738,25 CPU seconds and 75601 MB memory.
2026-09-25 14:21:42.709 INFO   [FC9CEA\D38C0B] Auto-router pass #637 on board '91e6260ec82d45fb8a7faa71a6e45af6' was completed in 0,26 seconds with the score of 977,12 (2 unrouted), using 12738,25 CPU seconds and 75601 MB memory.
2026-09-25 14:21:42.998 INFO   [FC9CEA\D38C0B] Auto-router pass #638 on board '4f2cbbf13afe72a4cdb1a60fb4ac15b6' was completed in 0,27 seconds with the score of 977,20 (2 unrouted), using 12738,25 CPU seconds and 75601 MB memory.
2026-09-25 14:21:43.270 INFO   [FC9CEA\D38C0B] Auto-router pass #639 on board 'f136957e455153558407081e158c7550' was completed in 0,25 seconds with the score of 977,29 (2 unrouted), using 12894,64 CPU seconds and 75993 MB memory.
2026-09-25 14:21:43.594 INFO   [FC9CEA\D38C0B] Restoring an earlier board that has the score of 976,95 (2 unrouted).
2026-09-25 14:21:43.595 INFO   [FC9CEA\D38C0B] Auto-router pass #640 on board 'cb3bfc1242fb1a16531e561f7229999e' was completed in 0,30 seconds with the score of 977,29 (2 unrouted), using 12894,64 CPU seconds and 75993 MB memory.
2026-09-25 14:21:43.867 INFO   [FC9CEA\D38C0B] Auto-router pass #641 on board '5faf85a7ce35b0b579f757df9fb9ce32' was completed in 0,25 seconds with the score of 977,04 (2 unrouted), using 12894,64 CPU seconds and 75993 MB memory.
2026-09-25 14:21:44.098 INFO   [FC9CEA\D38C0B] Auto-router pass #642 on board '91e6260ec82d45fb8a7faa71a6e45af6' was completed in 0,20 seconds with the score of 977,12 (2 unrouted), using 12894,64 CPU seconds and 75993 MB memory.
2026-09-25 14:21:44.283 INFO   [FC9CEA\D38C0B] Auto-router pass #643 on board '4f2cbbf13afe72a4cdb1a60fb4ac15b6' was completed in 0,17 seconds with the score of 977,20 (2 unrouted), using 13051,98 CPU seconds and 76434 MB memory.
2026-09-25 14:21:44.571 INFO   [FC9CEA\D38C0B] Restoring an earlier board that has the score of 976,95 (2 unrouted).
2026-09-25 14:21:44.572 INFO   [FC9CEA\D38C0B] Auto-router pass #644 on board 'f136957e455153558407081e158c7550' was completed in 0,27 seconds with the score of 977,20 (2 unrouted), using 13051,98 CPU seconds and 76434 MB memory.
2026-09-25 14:21:44.786 INFO   [FC9CEA\D38C0B] Auto-router pass #645 on board '5faf85a7ce35b0b579f757df9fb9ce32' was completed in 0,19 seconds with the score of 977,04 (2 unrouted), using 13051,98 CPU seconds and 76434 MB memory.
2026-09-25 14:21:45.022 INFO   [FC9CEA\D38C0B] Auto-router pass #646 on board '91e6260ec82d45fb8a7faa71a6e45af6' was completed in 0,21 seconds with the score of 977,12 (2 unrouted), using 13051,98 CPU seconds and 76434 MB memory.
2026-09-25 14:21:45.290 INFO   [FC9CEA\D38C0B] Auto-router pass #647 on board '4f2cbbf13afe72a4cdb1a60fb4ac15b6' was completed in 0,24 seconds with the score of 977,20 (2 unrouted), using 13210,33 CPU seconds and 76899 MB memory.
2026-09-25 14:21:45.617 INFO   [FC9CEA\D38C0B] Restoring an earlier board that has the score of 976,95 (2 unrouted).
2026-09-25 14:21:45.619 INFO   [FC9CEA\D38C0B] Auto-router pass #648 on board 'f136957e455153558407081e158c7550' was completed in 0,30 seconds with the score of 977,20 (2 unrouted), using 13210,33 CPU seconds and 76899 MB memory.
2026-09-25 14:21:45.930 INFO   [FC9CEA\D38C0B] Auto-router pass #649 on board '5faf85a7ce35b0b579f757df9fb9ce32' was completed in 0,28 seconds with the score of 977,04 (2 unrouted), using 13210,33 CPU seconds and 76899 MB memory.
2026-09-25 14:21:46.214 INFO   [FC9CEA\D38C0B] Auto-router pass #650 on board '91e6260ec82d45fb8a7faa71a6e45af6' was completed in 0,26 seconds with the score of 977,12 (2 unrouted), using 13210,33 CPU seconds and 76899 MB memory.
2026-09-25 14:21:46.469 INFO   [FC9CEA\D38C0B] Auto-router pass #651 on board '4f2cbbf13afe72a4cdb1a60fb4ac15b6' was completed in 0,23 seconds with the score of 977,20 (2 unrouted), using 13369,56 CPU seconds and 77281 MB memory.
2026-09-25 14:21:46.810 INFO   [FC9CEA\D38C0B] Restoring an earlier board that has the score of 976,87 (2 unrouted).
2026-09-25 14:21:46.811 INFO   [FC9CEA\D38C0B] Auto-router pass #652 on board 'f136957e455153558407081e158c7550' was completed in 0,32 seconds with the score of 977,20 (2 unrouted), using 13369,56 CPU seconds and 77281 MB memory.
2026-09-25 14:21:47.137 INFO   [FC9CEA\D38C0B] Auto-router pass #653 on board '62c6cd45b312b57df6fbc528e4b123dd' was completed in 0,30 seconds with the score of 976,95 (2 unrouted), using 13369,56 CPU seconds and 77281 MB memory.
2026-09-25 14:21:47.414 INFO   [FC9CEA\D38C0B] Auto-router pass #654 on board '5faf85a7ce35b0b579f757df9fb9ce32' was completed in 0,26 seconds with the score of 977,04 (2 unrouted), using 13529,73 CPU seconds and 77665 MB memory.
2026-09-25 14:21:47.652 INFO   [FC9CEA\D38C0B] Auto-router pass #655 on board '91e6260ec82d45fb8a7faa71a6e45af6' was completed in 0,21 seconds with the score of 977,12 (2 unrouted), using 13529,73 CPU seconds and 77665 MB memory.
2026-09-25 14:21:47.911 INFO   [FC9CEA\D38C0B] Restoring an earlier board that has the score of 976,87 (2 unrouted).
2026-09-25 14:21:47.912 INFO   [FC9CEA\D38C0B] Auto-router pass #656 on board '4f2cbbf13afe72a4cdb1a60fb4ac15b6' was completed in 0,24 seconds with the score of 977,12 (2 unrouted), using 13529,73 CPU seconds and 77665 MB memory.
2026-09-25 14:21:48.123 INFO   [FC9CEA\D38C0B] Auto-router pass #657 on board '62c6cd45b312b57df6fbc528e4b123dd' was completed in 0,20 seconds with the score of 976,95 (2 unrouted), using 13529,73 CPU seconds and 77665 MB memory.
2026-09-25 14:21:48.334 INFO   [FC9CEA\D38C0B] Auto-router pass #658 on board '5faf85a7ce35b0b579f757df9fb9ce32' was completed in 0,20 seconds with the score of 977,04 (2 unrouted), using 13690,88 CPU seconds and 78152 MB memory.
2026-09-25 14:21:48.569 INFO   [FC9CEA\D38C0B] Auto-router pass #659 on board '91e6260ec82d45fb8a7faa71a6e45af6' was completed in 0,21 seconds with the score of 977,12 (2 unrouted), using 13690,88 CPU seconds and 78152 MB memory.
2026-09-25 14:21:49.021 INFO   [FC9CEA\D38C0B] Restoring an earlier board that has the score of 976,87 (2 unrouted).
2026-09-25 14:21:49.021 INFO   [FC9CEA\D38C0B] Auto-router pass #660 on board '4f2cbbf13afe72a4cdb1a60fb4ac15b6' was completed in 0,44 seconds with the score of 977,12 (2 unrouted), using 13690,88 CPU seconds and 78152 MB memory.
2026-09-25 14:21:49.382 INFO   [FC9CEA\D38C0B] Auto-router pass #661 on board '62c6cd45b312b57df6fbc528e4b123dd' was completed in 0,32 seconds with the score of 976,95 (2 unrouted), using 13852,78 CPU seconds and 78483 MB memory.
2026-09-25 14:21:49.909 INFO   [FC9CEA\D38C0B] Auto-router pass #662 on board '5faf85a7ce35b0b579f757df9fb9ce32' was completed in 0,45 seconds with the score of 977,04 (2 unrouted), using 13852,78 CPU seconds and 78483 MB memory.
2026-09-25 14:21:50.180 INFO   [FC9CEA\D38C0B] Auto-router pass #663 on board '91e6260ec82d45fb8a7faa71a6e45af6' was completed in 0,23 seconds with the score of 977,12 (2 unrouted), using 13852,78 CPU seconds and 78483 MB memory.
2026-09-25 14:21:50.576 INFO   [FC9CEA\D38C0B] Restoring an earlier board that has the score of 976,87 (2 unrouted).
2026-09-25 14:21:50.577 INFO   [FC9CEA\D38C0B] Auto-router pass #664 on board '4f2cbbf13afe72a4cdb1a60fb4ac15b6' was completed in 0,38 seconds with the score of 977,12 (2 unrouted), using 14015,42 CPU seconds and 78764 MB memory.
2026-09-25 14:21:50.787 INFO   [FC9CEA\D38C0B] Auto-router pass #665 on board '62c6cd45b312b57df6fbc528e4b123dd' was completed in 0,19 seconds with the score of 976,95 (2 unrouted), using 14015,42 CPU seconds and 78764 MB memory.
2026-09-25 14:21:50.973 INFO   [FC9CEA\D38C0B] Auto-router pass #666 on board '5faf85a7ce35b0b579f757df9fb9ce32' was completed in 0,17 seconds with the score of 977,04 (2 unrouted), using 14015,42 CPU seconds and 78764 MB memory.
2026-09-25 14:21:51.139 INFO   [FC9CEA\D38C0B] Auto-router pass #667 on board '91e6260ec82d45fb8a7faa71a6e45af6' was completed in 0,15 seconds with the score of 977,12 (2 unrouted), using 14015,42 CPU seconds and 78764 MB memory.
2026-09-25 14:21:51.368 INFO   [FC9CEA\D38C0B] Restoring an earlier board that has the score of 976,78 (2 unrouted).
2026-09-25 14:21:51.368 INFO   [FC9CEA\D38C0B] Auto-router pass #668 on board '4f2cbbf13afe72a4cdb1a60fb4ac15b6' was completed in 0,22 seconds with the score of 977,12 (2 unrouted), using 14178,97 CPU seconds and 79286 MB memory.
2026-09-25 14:21:51.527 INFO   [FC9CEA\D38C0B] Auto-router pass #669 on board '4e46f3853a1195721300b63539080a7a' was completed in 0,15 seconds with the score of 976,87 (2 unrouted), using 14178,97 CPU seconds and 79286 MB memory.
2026-09-25 14:21:51.678 INFO   [FC9CEA\D38C0B] Auto-router pass #670 on board '62c6cd45b312b57df6fbc528e4b123dd' was completed in 0,14 seconds with the score of 976,95 (2 unrouted), using 14178,97 CPU seconds and 79286 MB memory.
2026-09-25 14:21:51.855 INFO   [FC9CEA\D38C0B] Auto-router pass #671 on board '5faf85a7ce35b0b579f757df9fb9ce32' was completed in 0,16 seconds with the score of 977,04 (2 unrouted), using 14178,97 CPU seconds and 79286 MB memory.
2026-09-25 14:21:52.155 INFO   [FC9CEA\D38C0B] Restoring an earlier board that has the score of 976,78 (2 unrouted).
2026-09-25 14:21:52.156 INFO   [FC9CEA\D38C0B] Auto-router pass #672 on board '91e6260ec82d45fb8a7faa71a6e45af6' was completed in 0,28 seconds with the score of 977,04 (2 unrouted), using 14178,97 CPU seconds and 79286 MB memory.
2026-09-25 14:21:52.396 INFO   [FC9CEA\D38C0B] Auto-router pass #673 on board '4e46f3853a1195721300b63539080a7a' was completed in 0,21 seconds with the score of 976,87 (2 unrouted), using 14343,52 CPU seconds and 79833 MB memory.
2026-09-25 14:21:52.633 INFO   [FC9CEA\D38C0B] Auto-router pass #674 on board '62c6cd45b312b57df6fbc528e4b123dd' was completed in 0,22 seconds with the score of 976,95 (2 unrouted), using 14343,52 CPU seconds and 79833 MB memory.
2026-09-25 14:21:52.823 INFO   [FC9CEA\D38C0B] Auto-router pass #675 on board '5faf85a7ce35b0b579f757df9fb9ce32' was completed in 0,17 seconds with the score of 977,04 (2 unrouted), using 14343,52 CPU seconds and 79833 MB memory.
2026-09-25 14:21:53.089 INFO   [FC9CEA\D38C0B] Restoring an earlier board that has the score of 976,78 (2 unrouted).
2026-09-25 14:21:53.089 INFO   [FC9CEA\D38C0B] Auto-router pass #676 on board '91e6260ec82d45fb8a7faa71a6e45af6' was completed in 0,26 seconds with the score of 977,04 (2 unrouted), using 14343,52 CPU seconds and 79833 MB memory.
2026-09-25 14:21:53.314 INFO   [FC9CEA\D38C0B] Auto-router pass #677 on board '4e46f3853a1195721300b63539080a7a' was completed in 0,20 seconds with the score of 976,87 (2 unrouted), using 14343,52 CPU seconds and 79833 MB memory.
2026-09-25 14:21:53.538 INFO   [FC9CEA\D38C0B] Auto-router pass #678 on board '62c6cd45b312b57df6fbc528e4b123dd' was completed in 0,21 seconds with the score of 976,95 (2 unrouted), using 14509,06 CPU seconds and 80325 MB memory.
2026-09-25 14:21:53.795 INFO   [FC9CEA\D38C0B] Auto-router pass #679 on board '5faf85a7ce35b0b579f757df9fb9ce32' was completed in 0,24 seconds with the score of 977,04 (2 unrouted), using 14509,06 CPU seconds and 80325 MB memory.
2026-09-25 14:21:54.140 INFO   [FC9CEA\D38C0B] Restoring an earlier board that has the score of 976,78 (2 unrouted).
2026-09-25 14:21:54.140 INFO   [FC9CEA\D38C0B] Auto-router pass #680 on board '91e6260ec82d45fb8a7faa71a6e45af6' was completed in 0,32 seconds with the score of 977,04 (2 unrouted), using 14509,06 CPU seconds and 80325 MB memory.
2026-09-25 14:21:54.402 INFO   [FC9CEA\D38C0B] Auto-router pass #681 on board '4e46f3853a1195721300b63539080a7a' was completed in 0,25 seconds with the score of 976,87 (2 unrouted), using 14675,55 CPU seconds and 80739 MB memory.
2026-09-25 14:21:54.668 INFO   [FC9CEA\D38C0B] Auto-router pass #682 on board '62c6cd45b312b57df6fbc528e4b123dd' was completed in 0,24 seconds with the score of 976,95 (2 unrouted), using 14675,55 CPU seconds and 80739 MB memory.
2026-09-25 14:21:54.959 INFO   [FC9CEA\D38C0B] Auto-router pass #683 on board '5faf85a7ce35b0b579f757df9fb9ce32' was completed in 0,26 seconds with the score of 977,04 (2 unrouted), using 14675,55 CPU seconds and 80739 MB memory.
2026-09-25 14:21:55.266 INFO   [FC9CEA\D38C0B] Restoring an earlier board that has the score of 976,69 (2 unrouted).
2026-09-25 14:21:55.267 INFO   [FC9CEA\D38C0B] Auto-router pass #684 on board '91e6260ec82d45fb8a7faa71a6e45af6' was completed in 0,29 seconds with the score of 977,04 (2 unrouted), using 14675,55 CPU seconds and 80739 MB memory.
2026-09-25 14:21:55.440 INFO   [FC9CEA\D38C0B] Auto-router pass #685 on board '89c5b3ff2caaf677a6392ddf1f68a2b0' was completed in 0,16 seconds with the score of 976,78 (2 unrouted), using 14843,00 CPU seconds and 81183 MB memory.
2026-09-25 14:21:55.613 INFO   [FC9CEA\D38C0B] Auto-router pass #686 on board '4e46f3853a1195721300b63539080a7a' was completed in 0,16 seconds with the score of 976,87 (2 unrouted), using 14843,00 CPU seconds and 81183 MB memory.
2026-09-25 14:21:55.834 INFO   [FC9CEA\D38C0B] Auto-router pass #687 on board '62c6cd45b312b57df6fbc528e4b123dd' was completed in 0,20 seconds with the score of 976,95 (2 unrouted), using 14843,00 CPU seconds and 81183 MB memory.
2026-09-25 14:21:56.110 INFO   [FC9CEA\D38C0B] Restoring an earlier board that has the score of 976,69 (2 unrouted).
2026-09-25 14:21:56.111 INFO   [FC9CEA\D38C0B] Auto-router pass #688 on board '5faf85a7ce35b0b579f757df9fb9ce32' was completed in 0,25 seconds with the score of 976,95 (2 unrouted), using 14843,00 CPU seconds and 81183 MB memory.
2026-09-25 14:21:56.288 INFO   [FC9CEA\D38C0B] Auto-router pass #689 on board '89c5b3ff2caaf677a6392ddf1f68a2b0' was completed in 0,16 seconds with the score of 976,78 (2 unrouted), using 14843,00 CPU seconds and 81183 MB memory.
2026-09-25 14:21:56.470 INFO   [FC9CEA\D38C0B] Auto-router pass #690 on board '4e46f3853a1195721300b63539080a7a' was completed in 0,16 seconds with the score of 976,87 (2 unrouted), using 15011,45 CPU seconds and 81722 MB memory.
2026-09-25 14:21:56.634 INFO   [FC9CEA\D38C0B] Auto-router pass #691 on board '62c6cd45b312b57df6fbc528e4b123dd' was completed in 0,14 seconds with the score of 976,95 (2 unrouted), using 15011,45 CPU seconds and 81722 MB memory.
2026-09-25 14:21:56.903 INFO   [FC9CEA\D38C0B] Restoring an earlier board that has the score of 976,69 (2 unrouted).
2026-09-25 14:21:56.903 INFO   [FC9CEA\D38C0B] Auto-router pass #692 on board '5faf85a7ce35b0b579f757df9fb9ce32' was completed in 0,25 seconds with the score of 976,95 (2 unrouted), using 15011,45 CPU seconds and 81722 MB memory.
2026-09-25 14:21:57.157 INFO   [FC9CEA\D38C0B] Auto-router pass #693 on board '89c5b3ff2caaf677a6392ddf1f68a2b0' was completed in 0,23 seconds with the score of 976,78 (2 unrouted), using 15011,45 CPU seconds and 81722 MB memory.
2026-09-25 14:21:57.388 INFO   [FC9CEA\D38C0B] Auto-router pass #694 on board '4e46f3853a1195721300b63539080a7a' was completed in 0,21 seconds with the score of 976,87 (2 unrouted), using 15011,45 CPU seconds and 81722 MB memory.
2026-09-25 14:21:57.595 INFO   [FC9CEA\D38C0B] Auto-router pass #695 on board '62c6cd45b312b57df6fbc528e4b123dd' was completed in 0,19 seconds with the score of 976,95 (2 unrouted), using 15180,86 CPU seconds and 82225 MB memory.
2026-09-25 14:21:57.848 INFO   [FC9CEA\D38C0B] Restoring an earlier board that has the score of 976,61 (2 unrouted).
2026-09-25 14:21:57.850 INFO   [FC9CEA\D38C0B] Auto-router pass #696 on board '5faf85a7ce35b0b579f757df9fb9ce32' was completed in 0,24 seconds with the score of 976,95 (2 unrouted), using 15180,86 CPU seconds and 82225 MB memory.
2026-09-25 14:21:58.028 INFO   [FC9CEA\D38C0B] Auto-router pass #697 on board '00e84526e4d424a0ea262f6a795a8b74' was completed in 0,16 seconds with the score of 976,69 (2 unrouted), using 15180,86 CPU seconds and 82225 MB memory.
2026-09-25 14:21:58.235 INFO   [FC9CEA\D38C0B] Auto-router pass #698 on board '89c5b3ff2caaf677a6392ddf1f68a2b0' was completed in 0,19 seconds with the score of 976,78 (2 unrouted), using 15180,86 CPU seconds and 82225 MB memory.
2026-09-25 14:21:58.466 INFO   [FC9CEA\D38C0B] Auto-router pass #699 on board '4e46f3853a1195721300b63539080a7a' was completed in 0,22 seconds with the score of 976,87 (2 unrouted), using 15351,25 CPU seconds and 82733 MB memory.
2026-09-25 14:21:58.758 INFO   [FC9CEA\D38C0B] Restoring an earlier board that has the score of 976,61 (2 unrouted).
2026-09-25 14:21:58.758 INFO   [FC9CEA\D38C0B] Auto-router pass #700 on board '62c6cd45b312b57df6fbc528e4b123dd' was completed in 0,28 seconds with the score of 976,87 (2 unrouted), using 15351,25 CPU seconds and 82733 MB memory.
2026-09-25 14:21:58.978 INFO   [FC9CEA\D38C0B] Auto-router pass #701 on board '00e84526e4d424a0ea262f6a795a8b74' was completed in 0,20 seconds with the score of 976,69 (2 unrouted), using 15351,25 CPU seconds and 82733 MB memory.
2026-09-25 14:21:59.181 INFO   [FC9CEA\D38C0B] Auto-router pass #702 on board '89c5b3ff2caaf677a6392ddf1f68a2b0' was completed in 0,18 seconds with the score of 976,78 (2 unrouted), using 15351,25 CPU seconds and 82733 MB memory.
2026-09-25 14:21:59.397 INFO   [FC9CEA\D38C0B] Auto-router pass #703 on board '4e46f3853a1195721300b63539080a7a' was completed in 0,20 seconds with the score of 976,87 (2 unrouted), using 15522,62 CPU seconds and 83229 MB memory.
2026-09-25 14:21:59.698 INFO   [FC9CEA\D38C0B] Restoring an earlier board that has the score of 976,61 (2 unrouted).
2026-09-25 14:21:59.699 INFO   [FC9CEA\D38C0B] Auto-router pass #704 on board '62c6cd45b312b57df6fbc528e4b123dd' was completed in 0,29 seconds with the score of 976,87 (2 unrouted), using 15522,62 CPU seconds and 83229 MB memory.
2026-09-25 14:21:59.882 INFO   [FC9CEA\D38C0B] Auto-router pass #705 on board '00e84526e4d424a0ea262f6a795a8b74' was completed in 0,17 seconds with the score of 976,69 (2 unrouted), using 15522,62 CPU seconds and 83229 MB memory.
2026-09-25 14:22:00.053 INFO   [FC9CEA\D38C0B] Auto-router pass #706 on board '89c5b3ff2caaf677a6392ddf1f68a2b0' was completed in 0,16 seconds with the score of 976,78 (2 unrouted), using 15522,62 CPU seconds and 83229 MB memory.
2026-09-25 14:22:00.250 INFO   [FC9CEA\D38C0B] Auto-router pass #707 on board '4e46f3853a1195721300b63539080a7a' was completed in 0,18 seconds with the score of 976,87 (2 unrouted), using 15522,62 CPU seconds and 83229 MB memory.
2026-09-25 14:22:00.479 INFO   [FC9CEA\D38C0B] Restoring an earlier board that has the score of 976,61 (2 unrouted).
2026-09-25 14:22:00.481 INFO   [FC9CEA\D38C0B] Auto-router pass #708 on board '62c6cd45b312b57df6fbc528e4b123dd' was completed in 0,22 seconds with the score of 976,87 (2 unrouted), using 15694,97 CPU seconds and 83770 MB memory.
2026-09-25 14:22:00.720 INFO   [FC9CEA\D38C0B] Auto-router pass #709 on board '00e84526e4d424a0ea262f6a795a8b74' was completed in 0,21 seconds with the score of 976,69 (2 unrouted), using 15694,97 CPU seconds and 83770 MB memory.
2026-09-25 14:22:00.882 INFO   [FC9CEA\D38C0B] Auto-router pass #710 on board '89c5b3ff2caaf677a6392ddf1f68a2b0' was completed in 0,15 seconds with the score of 976,78 (2 unrouted), using 15694,97 CPU seconds and 83770 MB memory.
2026-09-25 14:22:01.063 INFO   [FC9CEA\D38C0B] Auto-router pass #711 on board '4e46f3853a1195721300b63539080a7a' was completed in 0,16 seconds with the score of 976,87 (2 unrouted), using 15694,97 CPU seconds and 83770 MB memory.
2026-09-25 14:22:01.344 INFO   [FC9CEA\D38C0B] Restoring an earlier board that has the score of 976,52 (2 unrouted).
2026-09-25 14:22:01.345 INFO   [FC9CEA\D38C0B] Auto-router pass #712 on board '62c6cd45b312b57df6fbc528e4b123dd' was completed in 0,26 seconds with the score of 976,87 (2 unrouted), using 15694,97 CPU seconds and 83770 MB memory.
2026-09-25 14:22:01.528 INFO   [FC9CEA\D38C0B] Auto-router pass #713 on board '7a430a9628a18afce708235000246208' was completed in 0,16 seconds with the score of 976,61 (2 unrouted), using 15868,31 CPU seconds and 84293 MB memory.
2026-09-25 14:22:01.739 INFO   [FC9CEA\D38C0B] Auto-router pass #714 on board '00e84526e4d424a0ea262f6a795a8b74' was completed in 0,20 seconds with the score of 976,69 (2 unrouted), using 15868,31 CPU seconds and 84293 MB memory.
2026-09-25 14:22:01.901 INFO   [FC9CEA\D38C0B] Auto-router pass #715 on board '89c5b3ff2caaf677a6392ddf1f68a2b0' was completed in 0,15 seconds with the score of 976,78 (2 unrouted), using 15868,31 CPU seconds and 84293 MB memory.
2026-09-25 14:22:02.155 INFO   [FC9CEA\D38C0B] Restoring an earlier board that has the score of 976,52 (2 unrouted).
2026-09-25 14:22:02.156 INFO   [FC9CEA\D38C0B] Auto-router pass #716 on board '4e46f3853a1195721300b63539080a7a' was completed in 0,24 seconds with the score of 976,78 (2 unrouted), using 15868,31 CPU seconds and 84293 MB memory.
2026-09-25 14:22:02.377 INFO   [FC9CEA\D38C0B] Auto-router pass #717 on board '7a430a9628a18afce708235000246208' was completed in 0,21 seconds with the score of 976,61 (2 unrouted), using 15868,31 CPU seconds and 84293 MB memory.
2026-09-25 14:22:02.593 INFO   [FC9CEA\D38C0B] Auto-router pass #718 on board '00e84526e4d424a0ea262f6a795a8b74' was completed in 0,20 seconds with the score of 976,69 (2 unrouted), using 16042,66 CPU seconds and 84842 MB memory.
2026-09-25 14:22:02.814 INFO   [FC9CEA\D38C0B] Auto-router pass #719 on board '89c5b3ff2caaf677a6392ddf1f68a2b0' was completed in 0,20 seconds with the score of 976,78 (2 unrouted), using 16042,66 CPU seconds and 84842 MB memory.
2026-09-25 14:22:03.034 INFO   [FC9CEA\D38C0B] Restoring an earlier board that has the score of 976,52 (2 unrouted).
2026-09-25 14:22:03.035 INFO   [FC9CEA\D38C0B] Auto-router pass #720 on board '4e46f3853a1195721300b63539080a7a' was completed in 0,20 seconds with the score of 976,78 (2 unrouted), using 16042,66 CPU seconds and 84842 MB memory.
2026-09-25 14:22:03.248 INFO   [FC9CEA\D38C0B] Auto-router pass #721 on board '7a430a9628a18afce708235000246208' was completed in 0,19 seconds with the score of 976,61 (2 unrouted), using 16042,66 CPU seconds and 84842 MB memory.
2026-09-25 14:22:03.462 INFO   [FC9CEA\D38C0B] Auto-router pass #722 on board '00e84526e4d424a0ea262f6a795a8b74' was completed in 0,20 seconds with the score of 976,69 (2 unrouted), using 16217,97 CPU seconds and 85363 MB memory.
2026-09-25 14:22:03.671 INFO   [FC9CEA\D38C0B] Auto-router pass #723 on board '89c5b3ff2caaf677a6392ddf1f68a2b0' was completed in 0,18 seconds with the score of 976,78 (2 unrouted), using 16217,97 CPU seconds and 85363 MB memory.
2026-09-25 14:22:03.999 INFO   [FC9CEA\D38C0B] Restoring an earlier board that has the score of 976,52 (2 unrouted).
2026-09-25 14:22:04.000 INFO   [FC9CEA\D38C0B] Auto-router pass #724 on board '4e46f3853a1195721300b63539080a7a' was completed in 0,32 seconds with the score of 976,78 (2 unrouted), using 16217,97 CPU seconds and 85363 MB memory.
2026-09-25 14:22:04.181 INFO   [FC9CEA\D38C0B] Auto-router pass #725 on board '7a430a9628a18afce708235000246208' was completed in 0,17 seconds with the score of 976,61 (2 unrouted), using 16217,97 CPU seconds and 85363 MB memory.
2026-09-25 14:22:04.398 INFO   [FC9CEA\D38C0B] Auto-router pass #726 on board '00e84526e4d424a0ea262f6a795a8b74' was completed in 0,20 seconds with the score of 976,69 (2 unrouted), using 16217,97 CPU seconds and 85363 MB memory.
2026-09-25 14:22:04.608 INFO   [FC9CEA\D38C0B] Auto-router pass #727 on board '89c5b3ff2caaf677a6392ddf1f68a2b0' was completed in 0,19 seconds with the score of 976,78 (2 unrouted), using 16394,27 CPU seconds and 85839 MB memory.
2026-09-25 14:22:04.939 INFO   [FC9CEA\D38C0B] Restoring an earlier board that has the score of 976,43 (2 unrouted).
2026-09-25 14:22:04.940 INFO   [FC9CEA\D38C0B] Auto-router pass #728 on board '4e46f3853a1195721300b63539080a7a' was completed in 0,31 seconds with the score of 976,78 (2 unrouted), using 16394,27 CPU seconds and 85839 MB memory.
2026-09-25 14:22:05.253 INFO   [FC9CEA\D38C0B] Auto-router pass #729 on board '8a350e3dd0fa99552427619f65f012aa' was completed in 0,30 seconds with the score of 976,52 (2 unrouted), using 16394,27 CPU seconds and 85839 MB memory.
2026-09-25 14:22:05.497 INFO   [FC9CEA\D38C0B] Auto-router pass #730 on board '7a430a9628a18afce708235000246208' was completed in 0,22 seconds with the score of 976,61 (2 unrouted), using 16571,52 CPU seconds and 86237 MB memory.
2026-09-25 14:22:05.681 INFO   [FC9CEA\D38C0B] Auto-router pass #731 on board '00e84526e4d424a0ea262f6a795a8b74' was completed in 0,17 seconds with the score of 976,69 (2 unrouted), using 16571,52 CPU seconds and 86237 MB memory.
2026-09-25 14:22:05.933 INFO   [FC9CEA\D38C0B] Restoring an earlier board that has the score of 976,43 (2 unrouted).
2026-09-25 14:22:05.933 INFO   [FC9CEA\D38C0B] Auto-router pass #732 on board '89c5b3ff2caaf677a6392ddf1f68a2b0' was completed in 0,23 seconds with the score of 976,69 (2 unrouted), using 16571,52 CPU seconds and 86237 MB memory.
2026-09-25 14:22:06.180 INFO   [FC9CEA\D38C0B] Auto-router pass #733 on board '8a350e3dd0fa99552427619f65f012aa' was completed in 0,23 seconds with the score of 976,52 (2 unrouted), using 16571,52 CPU seconds and 86237 MB memory.
2026-09-25 14:22:06.385 INFO   [FC9CEA\D38C0B] Auto-router pass #734 on board '7a430a9628a18afce708235000246208' was completed in 0,18 seconds with the score of 976,61 (2 unrouted), using 16571,52 CPU seconds and 86237 MB memory.
2026-09-25 14:22:06.572 INFO   [FC9CEA\D38C0B] Auto-router pass #735 on board '00e84526e4d424a0ea262f6a795a8b74' was completed in 0,17 seconds with the score of 976,69 (2 unrouted), using 16749,75 CPU seconds and 86765 MB memory.
2026-09-25 14:22:06.825 INFO   [FC9CEA\D38C0B] Restoring an earlier board that has the score of 976,43 (2 unrouted).
2026-09-25 14:22:06.826 INFO   [FC9CEA\D38C0B] Auto-router pass #736 on board '89c5b3ff2caaf677a6392ddf1f68a2b0' was completed in 0,24 seconds with the score of 976,69 (2 unrouted), using 16749,75 CPU seconds and 86765 MB memory.
2026-09-25 14:22:07.072 INFO   [FC9CEA\D38C0B] Auto-router pass #737 on board '8a350e3dd0fa99552427619f65f012aa' was completed in 0,21 seconds with the score of 976,52 (2 unrouted), using 16749,75 CPU seconds and 86765 MB memory.
2026-09-25 14:22:07.344 INFO   [FC9CEA\D38C0B] Auto-router pass #738 on board '7a430a9628a18afce708235000246208' was completed in 0,25 seconds with the score of 976,61 (2 unrouted), using 16749,75 CPU seconds and 86765 MB memory.
2026-09-25 14:22:07.538 INFO   [FC9CEA\D38C0B] Auto-router pass #739 on board '00e84526e4d424a0ea262f6a795a8b74' was completed in 0,18 seconds with the score of 976,69 (2 unrouted), using 16928,97 CPU seconds and 87219 MB memory.
2026-09-25 14:22:07.766 INFO   [FC9CEA\D38C0B] Restoring an earlier board that has the score of 976,43 (2 unrouted).
2026-09-25 14:22:07.767 INFO   [FC9CEA\D38C0B] Auto-router pass #740 on board '89c5b3ff2caaf677a6392ddf1f68a2b0' was completed in 0,21 seconds with the score of 976,69 (2 unrouted), using 16928,97 CPU seconds and 87219 MB memory.
2026-09-25 14:22:08.034 INFO   [FC9CEA\D38C0B] Auto-router pass #741 on board '8a350e3dd0fa99552427619f65f012aa' was completed in 0,25 seconds with the score of 976,52 (2 unrouted), using 16928,97 CPU seconds and 87219 MB memory.
2026-09-25 14:22:08.207 INFO   [FC9CEA\D38C0B] Auto-router pass #742 on board '7a430a9628a18afce708235000246208' was completed in 0,16 seconds with the score of 976,61 (2 unrouted), using 16928,97 CPU seconds and 87219 MB memory.
2026-09-25 14:22:08.399 INFO   [FC9CEA\D38C0B] Auto-router pass #743 on board '00e84526e4d424a0ea262f6a795a8b74' was completed in 0,18 seconds with the score of 976,69 (2 unrouted), using 16928,97 CPU seconds and 87219 MB memory.
2026-09-25 14:22:08.671 INFO   [FC9CEA\D38C0B] Restoring an earlier board that has the score of 976,25 (2 unrouted).
2026-09-25 14:22:08.671 INFO   [FC9CEA\D38C0B] Auto-router pass #744 on board '89c5b3ff2caaf677a6392ddf1f68a2b0' was completed in 0,25 seconds with the score of 976,69 (2 unrouted), using 17109,16 CPU seconds and 87747 MB memory.
2026-09-25 14:22:08.927 INFO   [FC9CEA\D38C0B] Auto-router pass #745 on board '6a723d32b14959eb210c9f80e8cc5587' was completed in 0,22 seconds with the score of 976,34 (2 unrouted), using 17109,16 CPU seconds and 87747 MB memory.
2026-09-25 14:22:09.217 INFO   [FC9CEA\D38C0B] Auto-router pass #746 on board 'f7dc3d5f88a4a8b4c97c0eb6e826e12f' was completed in 0,23 seconds with the score of 976,43 (2 unrouted), using 17109,16 CPU seconds and 87747 MB memory.
2026-09-25 14:22:09.434 INFO   [FC9CEA\D38C0B] Auto-router pass #747 on board 'f9f15a46bae5508b91ad71aab0799ad8' was completed in 0,17 seconds with the score of 976,52 (2 unrouted), using 17109,16 CPU seconds and 87747 MB memory.
2026-09-25 14:22:09.679 INFO   [FC9CEA\D38C0B] Restoring an earlier board that has the score of 976,52 (2 unrouted).
2026-09-25 14:22:09.680 INFO   [FC9CEA\D38C0B] Auto-router pass #748 on board 'f6022efdcbd0c498164b6c66545055a1' was completed in 0,20 seconds with the score of 976,61 (2 unrouted), using 17290,34 CPU seconds and 88199 MB memory.
2026-09-25 14:22:09.820 INFO   [FC9CEA\D38C0B] Auto-router pass #749 on board 'f6022efdcbd0c498164b6c66545055a1' was completed in 0,13 seconds with the score of 976,61 (2 unrouted), using 17290,34 CPU seconds and 88199 MB memory.
2026-09-25 14:22:09.976 INFO   [FC9CEA\D38C0B] Auto-router pass #750 on board '867b0f64a41c16793db9d291a3d6a740' was completed in 0,13 seconds with the score of 976,69 (2 unrouted), using 17290,34 CPU seconds and 88199 MB memory.
2026-09-25 14:22:10.122 INFO   [FC9CEA\D38C0B] Auto-router pass #751 on board 'cb9d2be3757ed690daf53c550e45d40f' was completed in 0,11 seconds with the score of 976,78 (2 unrouted), using 17290,34 CPU seconds and 88199 MB memory.
2026-09-25 14:22:10.339 INFO   [FC9CEA\D38C0B] Restoring an earlier board that has the score of 976,78 (2 unrouted).
2026-09-25 14:22:10.339 INFO   [FC9CEA\D38C0B] Auto-router pass #752 on board '9466392153f8c94bf08a01b073b0bfa0' was completed in 0,18 seconds with the score of 976,87 (2 unrouted), using 17290,34 CPU seconds and 88199 MB memory.
2026-09-25 14:22:10.477 INFO   [FC9CEA\D38C0B] Auto-router pass #753 on board '9466392153f8c94bf08a01b073b0bfa0' was completed in 0,13 seconds with the score of 976,87 (2 unrouted), using 17290,34 CPU seconds and 88199 MB memory.
2026-09-25 14:22:10.656 INFO   [FC9CEA\D38C0B] Auto-router pass #754 on board 'b00c50734aa1e11d4570b4fd4c6c9cdf' was completed in 0,14 seconds with the score of 976,95 (2 unrouted), using 17472,47 CPU seconds and 88913 MB memory.
2026-09-25 14:22:10.804 INFO   [FC9CEA\D38C0B] Auto-router pass #755 on board '457bb28ad4ac4bcf786d8d3e55a29cac' was completed in 0,12 seconds with the score of 977,04 (2 unrouted), using 17472,47 CPU seconds and 88913 MB memory.
2026-09-25 14:22:11.020 INFO   [FC9CEA\D38C0B] Restoring an earlier board that has the score of 977,04 (2 unrouted).
2026-09-25 14:22:11.021 INFO   [FC9CEA\D38C0B] Auto-router pass #756 on board 'e6c5224ebf071253a25d13e87a41c123' was completed in 0,19 seconds with the score of 977,12 (2 unrouted), using 17472,47 CPU seconds and 88913 MB memory.
2026-09-25 14:22:11.173 INFO   [FC9CEA\D38C0B] Auto-router pass #757 on board 'e6c5224ebf071253a25d13e87a41c123' was completed in 0,14 seconds with the score of 977,12 (2 unrouted), using 17472,47 CPU seconds and 88913 MB memory.
2026-09-25 14:22:11.329 INFO   [FC9CEA\D38C0B] Auto-router pass #758 on board 'aec6ee7ab5768000d15d0e7a67da77ab' was completed in 0,13 seconds with the score of 977,20 (2 unrouted), using 17472,47 CPU seconds and 88913 MB memory.
2026-09-25 14:22:11.484 INFO   [FC9CEA\D38C0B] Auto-router pass #759 on board 'eb138156594d913d9d799f9ed6f562bd' was completed in 0,12 seconds with the score of 977,29 (2 unrouted), using 17472,47 CPU seconds and 88913 MB memory.
2026-09-25 14:22:11.684 INFO   [FC9CEA\D38C0B] Restoring an earlier board that has the score of 977,29 (2 unrouted).
2026-09-25 14:22:11.685 INFO   [FC9CEA\D38C0B] Auto-router pass #760 on board 'ff060fead2a6d7ac8f78c678c5dcbbd5' was completed in 0,16 seconds with the score of 977,37 (2 unrouted), using 17655,52 CPU seconds and 89643 MB memory.
2026-09-25 14:22:11.814 INFO   [FC9CEA\D38C0B] Auto-router pass #761 on board 'ff060fead2a6d7ac8f78c678c5dcbbd5' was completed in 0,12 seconds with the score of 977,37 (2 unrouted), using 17655,52 CPU seconds and 89643 MB memory.
2026-09-25 14:22:11.949 INFO   [FC9CEA\D38C0B] Auto-router pass #762 on board '09a7e7a3ee68d94c2d95b6069b77297f' was completed in 0,11 seconds with the score of 977,37 (2 unrouted), using 17655,52 CPU seconds and 89643 MB memory.
2026-09-25 14:22:12.079 INFO   [FC9CEA\D38C0B] Auto-router pass #763 on board '09a7e7a3ee68d94c2d95b6069b77297f' was completed in 0,12 seconds with the score of 977,37 (2 unrouted), using 17655,52 CPU seconds and 89643 MB memory.
2026-09-25 14:22:12.238 INFO   [FC9CEA\D38C0B] Restoring an earlier board that has the score of 977,37 (2 unrouted).
2026-09-25 14:22:12.238 INFO   [FC9CEA\D38C0B] Auto-router pass #764 on board '09a7e7a3ee68d94c2d95b6069b77297f' was completed in 0,15 seconds with the score of 977,45 (2 unrouted), using 17655,52 CPU seconds and 89643 MB memory.
2026-09-25 14:22:12.372 INFO   [FC9CEA\D38C0B] Auto-router pass #765 on board '09a7e7a3ee68d94c2d95b6069b77297f' was completed in 0,12 seconds with the score of 977,37 (2 unrouted), using 17655,52 CPU seconds and 89643 MB memory.
2026-09-25 14:22:12.491 INFO   [FC9CEA\D38C0B] Auto-router pass #766 on board '09a7e7a3ee68d94c2d95b6069b77297f' was completed in 0,11 seconds with the score of 977,37 (2 unrouted), using 17655,52 CPU seconds and 89643 MB memory.
2026-09-25 14:22:12.618 INFO   [FC9CEA\D38C0B] Auto-router pass #767 on board '09a7e7a3ee68d94c2d95b6069b77297f' was completed in 0,12 seconds with the score of 977,37 (2 unrouted), using 17839,50 CPU seconds and 90471 MB memory.
2026-09-25 14:22:12.786 INFO   [FC9CEA\D38C0B] Restoring an earlier board that has the score of 977,37 (2 unrouted).
2026-09-25 14:22:12.786 INFO   [FC9CEA\D38C0B] Auto-router pass #768 on board '09a7e7a3ee68d94c2d95b6069b77297f' was completed in 0,16 seconds with the score of 977,45 (2 unrouted), using 17839,50 CPU seconds and 90471 MB memory.
2026-09-25 14:22:12.923 INFO   [FC9CEA\D38C0B] Auto-router pass #769 on board '09a7e7a3ee68d94c2d95b6069b77297f' was completed in 0,13 seconds with the score of 977,37 (2 unrouted), using 17839,50 CPU seconds and 90471 MB memory.
2026-09-25 14:22:13.048 INFO   [FC9CEA\D38C0B] Auto-router pass #770 on board '09a7e7a3ee68d94c2d95b6069b77297f' was completed in 0,12 seconds with the score of 977,37 (2 unrouted), using 17839,50 CPU seconds and 90471 MB memory.
2026-09-25 14:22:13.188 INFO   [FC9CEA\D38C0B] Auto-router pass #771 on board '09a7e7a3ee68d94c2d95b6069b77297f' was completed in 0,13 seconds with the score of 977,37 (2 unrouted), using 17839,50 CPU seconds and 90471 MB memory.
2026-09-25 14:22:13.346 INFO   [FC9CEA\D38C0B] Restoring an earlier board that has the score of 977,37 (2 unrouted).
2026-09-25 14:22:13.348 INFO   [FC9CEA\D38C0B] Auto-router pass #772 on board '09a7e7a3ee68d94c2d95b6069b77297f' was completed in 0,15 seconds with the score of 977,45 (2 unrouted), using 17839,50 CPU seconds and 90471 MB memory.
2026-09-25 14:22:13.500 INFO   [FC9CEA\D38C0B] Auto-router pass #773 on board '09a7e7a3ee68d94c2d95b6069b77297f' was completed in 0,14 seconds with the score of 977,37 (2 unrouted), using 17839,50 CPU seconds and 90471 MB memory.
2026-09-25 14:22:13.632 INFO   [FC9CEA\D38C0B] Auto-router pass #774 on board '09a7e7a3ee68d94c2d95b6069b77297f' was completed in 0,12 seconds with the score of 977,37 (2 unrouted), using 18024,44 CPU seconds and 91278 MB memory.
2026-09-25 14:22:13.757 INFO   [FC9CEA\D38C0B] Auto-router pass #775 on board '09a7e7a3ee68d94c2d95b6069b77297f' was completed in 0,11 seconds with the score of 977,37 (2 unrouted), using 18024,44 CPU seconds and 91278 MB memory.
2026-09-25 14:22:13.950 INFO   [FC9CEA\D38C0B] Restoring an earlier board that has the score of 977,37 (2 unrouted).
2026-09-25 14:22:13.950 INFO   [FC9CEA\D38C0B] Auto-router pass #776 on board '09a7e7a3ee68d94c2d95b6069b77297f' was completed in 0,18 seconds with the score of 977,45 (2 unrouted), using 18024,44 CPU seconds and 91278 MB memory.
2026-09-25 14:22:14.071 INFO   [FC9CEA\D38C0B] Auto-router pass #777 on board '09a7e7a3ee68d94c2d95b6069b77297f' was completed in 0,11 seconds with the score of 977,37 (2 unrouted), using 18024,44 CPU seconds and 91278 MB memory.
2026-09-25 14:22:14.193 INFO   [FC9CEA\D38C0B] Auto-router pass #778 on board '09a7e7a3ee68d94c2d95b6069b77297f' was completed in 0,11 seconds with the score of 977,37 (2 unrouted), using 18024,44 CPU seconds and 91278 MB memory.
2026-09-25 14:22:14.315 INFO   [FC9CEA\D38C0B] Auto-router pass #779 on board '09a7e7a3ee68d94c2d95b6069b77297f' was completed in 0,11 seconds with the score of 977,37 (2 unrouted), using 18024,44 CPU seconds and 91278 MB memory.
2026-09-25 14:22:14.460 INFO   [FC9CEA\D38C0B] Restoring an earlier board that has the score of 977,29 (2 unrouted).
2026-09-25 14:22:14.460 INFO   [FC9CEA\D38C0B] Auto-router pass #780 on board '09a7e7a3ee68d94c2d95b6069b77297f' was completed in 0,14 seconds with the score of 977,45 (2 unrouted), using 18024,44 CPU seconds and 91278 MB memory.
2026-09-25 14:22:14.582 INFO   [FC9CEA\D38C0B] Auto-router pass #781 on board 'ff060fead2a6d7ac8f78c678c5dcbbd5' was completed in 0,11 seconds with the score of 977,37 (2 unrouted), using 18210,38 CPU seconds and 92138 MB memory.
2026-09-25 14:22:14.719 INFO   [FC9CEA\D38C0B] Auto-router pass #782 on board '6d72ccd1f0cfc238870a30c52cd18d25' was completed in 0,11 seconds with the score of 977,37 (2 unrouted), using 18210,38 CPU seconds and 92138 MB memory.
2026-09-25 14:22:14.839 INFO   [FC9CEA\D38C0B] Auto-router pass #783 on board '6d72ccd1f0cfc238870a30c52cd18d25' was completed in 0,11 seconds with the score of 977,37 (2 unrouted), using 18210,38 CPU seconds and 92138 MB memory.
2026-09-25 14:22:14.999 INFO   [FC9CEA\D38C0B] Restoring an earlier board that has the score of 977,37 (2 unrouted).
2026-09-25 14:22:15.000 INFO   [FC9CEA\D38C0B] Auto-router pass #784 on board '6d72ccd1f0cfc238870a30c52cd18d25' was completed in 0,15 seconds with the score of 977,45 (2 unrouted), using 18210,38 CPU seconds and 92138 MB memory.
2026-09-25 14:22:15.156 INFO   [FC9CEA\D38C0B] Auto-router pass #785 on board '6d72ccd1f0cfc238870a30c52cd18d25' was completed in 0,14 seconds with the score of 977,37 (2 unrouted), using 18210,38 CPU seconds and 92138 MB memory.
2026-09-25 14:22:15.310 INFO   [FC9CEA\D38C0B] Auto-router pass #786 on board '6d72ccd1f0cfc238870a30c52cd18d25' was completed in 0,14 seconds with the score of 977,37 (2 unrouted), using 18210,38 CPU seconds and 92138 MB memory.
2026-09-25 14:22:15.477 INFO   [FC9CEA\D38C0B] Auto-router pass #787 on board '6d72ccd1f0cfc238870a30c52cd18d25' was completed in 0,16 seconds with the score of 977,37 (2 unrouted), using 18210,38 CPU seconds and 92138 MB memory.
2026-09-25 14:22:15.664 INFO   [FC9CEA\D38C0B] Restoring an earlier board that has the score of 977,37 (2 unrouted).
2026-09-25 14:22:15.664 INFO   [FC9CEA\D38C0B] Auto-router pass #788 on board '6d72ccd1f0cfc238870a30c52cd18d25' was completed in 0,18 seconds with the score of 977,45 (2 unrouted), using 18397,33 CPU seconds and 92918 MB memory.
2026-09-25 14:22:15.807 INFO   [FC9CEA\D38C0B] Auto-router pass #789 on board '6d72ccd1f0cfc238870a30c52cd18d25' was completed in 0,13 seconds with the score of 977,37 (2 unrouted), using 18397,33 CPU seconds and 92918 MB memory.
2026-09-25 14:22:15.946 INFO   [FC9CEA\D38C0B] Auto-router pass #790 on board '6d72ccd1f0cfc238870a30c52cd18d25' was completed in 0,13 seconds with the score of 977,37 (2 unrouted), using 18397,33 CPU seconds and 92918 MB memory.
2026-09-25 14:22:16.102 INFO   [FC9CEA\D38C0B] Auto-router pass #791 on board '6d72ccd1f0cfc238870a30c52cd18d25' was completed in 0,14 seconds with the score of 977,37 (2 unrouted), using 18397,33 CPU seconds and 92918 MB memory.
2026-09-25 14:22:16.323 INFO   [FC9CEA\D38C0B] Restoring an earlier board that has the score of 977,37 (2 unrouted).
2026-09-25 14:22:16.324 INFO   [FC9CEA\D38C0B] Auto-router pass #792 on board '6d72ccd1f0cfc238870a30c52cd18d25' was completed in 0,21 seconds with the score of 977,45 (2 unrouted), using 18397,33 CPU seconds and 92918 MB memory.
2026-09-25 14:22:16.508 INFO   [FC9CEA\D38C0B] Auto-router pass #793 on board '6d72ccd1f0cfc238870a30c52cd18d25' was completed in 0,16 seconds with the score of 977,37 (2 unrouted), using 18397,33 CPU seconds and 92918 MB memory.
2026-09-25 14:22:16.708 INFO   [FC9CEA\D38C0B] Auto-router pass #794 on board '6d72ccd1f0cfc238870a30c52cd18d25' was completed in 0,19 seconds with the score of 977,37 (2 unrouted), using 18585,28 CPU seconds and 93587 MB memory.
2026-09-25 14:22:16.880 INFO   [FC9CEA\D38C0B] Auto-router pass #795 on board '6d72ccd1f0cfc238870a30c52cd18d25' was completed in 0,15 seconds with the score of 977,37 (2 unrouted), using 18585,28 CPU seconds and 93587 MB memory.
2026-09-25 14:22:17.146 INFO   [FC9CEA\D38C0B] Restoring an earlier board that has the score of 977,37 (2 unrouted).
2026-09-25 14:22:17.146 INFO   [FC9CEA\D38C0B] Auto-router pass #796 on board '6d72ccd1f0cfc238870a30c52cd18d25' was completed in 0,25 seconds with the score of 977,45 (2 unrouted), using 18585,28 CPU seconds and 93587 MB memory.
2026-09-25 14:22:17.554 INFO   [FC9CEA\D38C0B] Auto-router pass #797 on board '6d72ccd1f0cfc238870a30c52cd18d25' was completed in 0,39 seconds with the score of 977,37 (2 unrouted), using 18585,28 CPU seconds and 93587 MB memory.
2026-09-25 14:22:17.774 INFO   [FC9CEA\D38C0B] Auto-router pass #798 on board '6d72ccd1f0cfc238870a30c52cd18d25' was completed in 0,20 seconds with the score of 977,37 (2 unrouted), using 18774,06 CPU seconds and 94030 MB memory.
2026-09-25 14:22:17.973 INFO   [FC9CEA\D38C0B] Auto-router pass #799 on board '6d72ccd1f0cfc238870a30c52cd18d25' was completed in 0,18 seconds with the score of 977,37 (2 unrouted), using 18774,06 CPU seconds and 94030 MB memory.
2026-09-25 14:22:18.191 INFO   [FC9CEA\D38C0B] Restoring an earlier board that has the score of 977,29 (2 unrouted).
2026-09-25 14:22:18.191 INFO   [FC9CEA\D38C0B] Auto-router pass #800 on board '6d72ccd1f0cfc238870a30c52cd18d25' was completed in 0,20 seconds with the score of 977,45 (2 unrouted), using 18774,06 CPU seconds and 94030 MB memory.
2026-09-25 14:22:18.372 INFO   [FC9CEA\D38C0B] Auto-router pass #801 on board 'ff060fead2a6d7ac8f78c678c5dcbbd5' was completed in 0,17 seconds with the score of 977,37 (2 unrouted), using 18774,06 CPU seconds and 94030 MB memory.
2026-09-25 14:22:18.535 INFO   [FC9CEA\D38C0B] Auto-router pass #802 on board '09a7e7a3ee68d94c2d95b6069b77297f' was completed in 0,15 seconds with the score of 977,37 (2 unrouted), using 18774,06 CPU seconds and 94030 MB memory.
2026-09-25 14:22:18.689 INFO   [FC9CEA\D38C0B] Auto-router pass #803 on board '09a7e7a3ee68d94c2d95b6069b77297f' was completed in 0,14 seconds with the score of 977,37 (2 unrouted), using 18963,86 CPU seconds and 94622 MB memory.
2026-09-25 14:22:18.867 INFO   [FC9CEA\D38C0B] Restoring an earlier board that has the score of 977,29 (2 unrouted).
2026-09-25 14:22:18.867 INFO   [FC9CEA\D38C0B] Auto-router pass #804 on board '09a7e7a3ee68d94c2d95b6069b77297f' was completed in 0,17 seconds with the score of 977,45 (2 unrouted), using 18963,86 CPU seconds and 94622 MB memory.
2026-09-25 14:22:19.028 INFO   [FC9CEA\D38C0B] Auto-router pass #805 on board 'ff060fead2a6d7ac8f78c678c5dcbbd5' was completed in 0,15 seconds with the score of 977,37 (2 unrouted), using 18963,86 CPU seconds and 94622 MB memory.
2026-09-25 14:22:19.190 INFO   [FC9CEA\D38C0B] Auto-router pass #806 on board '6d72ccd1f0cfc238870a30c52cd18d25' was completed in 0,15 seconds with the score of 977,37 (2 unrouted), using 18963,86 CPU seconds and 94622 MB memory.
2026-09-25 14:22:19.365 INFO   [FC9CEA\D38C0B] Auto-router pass #807 on board '6d72ccd1f0cfc238870a30c52cd18d25' was completed in 0,16 seconds with the score of 977,37 (2 unrouted), using 18963,86 CPU seconds and 94622 MB memory.
2026-09-25 14:22:19.564 INFO   [FC9CEA\D38C0B] Restoring an earlier board that has the score of 977,20 (2 unrouted).
2026-09-25 14:22:19.564 INFO   [FC9CEA\D38C0B] Auto-router pass #808 on board '6d72ccd1f0cfc238870a30c52cd18d25' was completed in 0,19 seconds with the score of 977,45 (2 unrouted), using 18963,86 CPU seconds and 94622 MB memory.
2026-09-25 14:22:19.726 INFO   [FC9CEA\D38C0B] Auto-router pass #809 on board 'eb138156594d913d9d799f9ed6f562bd' was completed in 0,14 seconds with the score of 977,29 (2 unrouted), using 19154,66 CPU seconds and 95299 MB memory.
2026-09-25 14:22:19.876 INFO   [FC9CEA\D38C0B] Auto-router pass #810 on board 'ff060fead2a6d7ac8f78c678c5dcbbd5' was completed in 0,14 seconds with the score of 977,37 (2 unrouted), using 19154,66 CPU seconds and 95299 MB memory.
2026-09-25 14:22:20.054 INFO   [FC9CEA\D38C0B] Auto-router pass #811 on board '6d72ccd1f0cfc238870a30c52cd18d25' was completed in 0,17 seconds with the score of 977,37 (2 unrouted), using 19154,66 CPU seconds and 95299 MB memory.
2026-09-25 14:22:20.243 INFO   [FC9CEA\D38C0B] Restoring an earlier board that has the score of 977,20 (2 unrouted).
2026-09-25 14:22:20.243 INFO   [FC9CEA\D38C0B] Auto-router pass #812 on board '6d72ccd1f0cfc238870a30c52cd18d25' was completed in 0,18 seconds with the score of 977,45 (2 unrouted), using 19154,66 CPU seconds and 95299 MB memory.
2026-09-25 14:22:20.400 INFO   [FC9CEA\D38C0B] Auto-router pass #813 on board 'eb138156594d913d9d799f9ed6f562bd' was completed in 0,14 seconds with the score of 977,29 (2 unrouted), using 19154,66 CPU seconds and 95299 MB memory.
2026-09-25 14:22:20.555 INFO   [FC9CEA\D38C0B] Auto-router pass #814 on board 'ff060fead2a6d7ac8f78c678c5dcbbd5' was completed in 0,14 seconds with the score of 977,37 (2 unrouted), using 19154,66 CPU seconds and 95299 MB memory.
2026-09-25 14:22:20.693 INFO   [FC9CEA\D38C0B] Auto-router pass #815 on board '09a7e7a3ee68d94c2d95b6069b77297f' was completed in 0,13 seconds with the score of 977,37 (2 unrouted), using 19346,41 CPU seconds and 95998 MB memory.
2026-09-25 14:22:20.921 INFO   [FC9CEA\D38C0B] Restoring an earlier board that has the score of 977,20 (2 unrouted).
2026-09-25 14:22:20.922 INFO   [FC9CEA\D38C0B] Auto-router pass #816 on board '09a7e7a3ee68d94c2d95b6069b77297f' was completed in 0,22 seconds with the score of 977,45 (2 unrouted), using 19346,41 CPU seconds and 95998 MB memory.
2026-09-25 14:22:21.094 INFO   [FC9CEA\D38C0B] Auto-router pass #817 on board 'eb138156594d913d9d799f9ed6f562bd' was completed in 0,16 seconds with the score of 977,29 (2 unrouted), using 19346,41 CPU seconds and 95998 MB memory.
2026-09-25 14:22:21.282 INFO   [FC9CEA\D38C0B] Auto-router pass #818 on board 'c991e13126d4270ee7e3c8d64641e57f' was completed in 0,15 seconds with the score of 977,37 (2 unrouted), using 19346,41 CPU seconds and 95998 MB memory.
2026-09-25 14:22:21.470 INFO   [FC9CEA\D38C0B] Auto-router pass #819 on board 'ec456513fe375f5be29f3daa0234d283' was completed in 0,14 seconds with the score of 977,37 (2 unrouted), using 19346,41 CPU seconds and 95998 MB memory.
2026-09-25 14:22:21.688 INFO   [FC9CEA\D38C0B] Restoring an earlier board that has the score of 977,37 (2 unrouted).
2026-09-25 14:22:21.689 INFO   [FC9CEA\D38C0B] Auto-router pass #820 on board 'ec456513fe375f5be29f3daa0234d283' was completed in 0,21 seconds with the score of 977,45 (2 unrouted), using 19539,14 CPU seconds and 96639 MB memory.
2026-09-25 14:22:21.857 INFO   [FC9CEA\D38C0B] Auto-router pass #821 on board 'ec456513fe375f5be29f3daa0234d283' was completed in 0,15 seconds with the score of 977,37 (2 unrouted), using 19539,14 CPU seconds and 96639 MB memory.
2026-09-25 14:22:22.025 INFO   [FC9CEA\D38C0B] Auto-router pass #822 on board 'ec456513fe375f5be29f3daa0234d283' was completed in 0,15 seconds with the score of 977,37 (2 unrouted), using 19539,14 CPU seconds and 96639 MB memory.
2026-09-25 14:22:22.210 INFO   [FC9CEA\D38C0B] Auto-router pass #823 on board 'ec456513fe375f5be29f3daa0234d283' was completed in 0,17 seconds with the score of 977,37 (2 unrouted), using 19539,14 CPU seconds and 96639 MB memory.
2026-09-25 14:22:22.408 INFO   [FC9CEA\D38C0B] Restoring an earlier board that has the score of 977,37 (2 unrouted).
2026-09-25 14:22:22.409 INFO   [FC9CEA\D38C0B] Auto-router pass #824 on board 'ec456513fe375f5be29f3daa0234d283' was completed in 0,19 seconds with the score of 977,45 (2 unrouted), using 19539,14 CPU seconds and 96639 MB memory.
2026-09-25 14:22:22.578 INFO   [FC9CEA\D38C0B] Auto-router pass #825 on board 'ec456513fe375f5be29f3daa0234d283' was completed in 0,16 seconds with the score of 977,37 (2 unrouted), using 19539,14 CPU seconds and 96639 MB memory.
2026-09-25 14:22:22.726 INFO   [FC9CEA\D38C0B] Auto-router pass #826 on board 'ec456513fe375f5be29f3daa0234d283' was completed in 0,14 seconds with the score of 977,37 (2 unrouted), using 19732,83 CPU seconds and 97285 MB memory.
2026-09-25 14:22:22.878 INFO   [FC9CEA\D38C0B] Auto-router pass #827 on board 'ec456513fe375f5be29f3daa0234d283' was completed in 0,14 seconds with the score of 977,37 (2 unrouted), using 19732,83 CPU seconds and 97285 MB memory.
2026-09-25 14:22:23.064 INFO   [FC9CEA\D38C0B] Restoring an earlier board that has the score of 977,37 (2 unrouted).
2026-09-25 14:22:23.065 INFO   [FC9CEA\D38C0B] Auto-router pass #828 on board 'ec456513fe375f5be29f3daa0234d283' was completed in 0,17 seconds with the score of 977,45 (2 unrouted), using 19732,83 CPU seconds and 97285 MB memory.
2026-09-25 14:22:23.211 INFO   [FC9CEA\D38C0B] Auto-router pass #829 on board 'ec456513fe375f5be29f3daa0234d283' was completed in 0,13 seconds with the score of 977,37 (2 unrouted), using 19732,83 CPU seconds and 97285 MB memory.
2026-09-25 14:22:23.356 INFO   [FC9CEA\D38C0B] Auto-router pass #830 on board 'ec456513fe375f5be29f3daa0234d283' was completed in 0,13 seconds with the score of 977,37 (2 unrouted), using 19732,83 CPU seconds and 97285 MB memory.
2026-09-25 14:22:23.497 INFO   [FC9CEA\D38C0B] Auto-router pass #831 on board 'ec456513fe375f5be29f3daa0234d283' was completed in 0,13 seconds with the score of 977,37 (2 unrouted), using 19732,83 CPU seconds and 97285 MB memory.
2026-09-25 14:22:23.682 INFO   [FC9CEA\D38C0B] Restoring an earlier board that has the score of 977,37 (2 unrouted).
2026-09-25 14:22:23.683 INFO   [FC9CEA\D38C0B] Auto-router pass #832 on board 'ec456513fe375f5be29f3daa0234d283' was completed in 0,17 seconds with the score of 977,45 (2 unrouted), using 19927,53 CPU seconds and 98019 MB memory.
2026-09-25 14:22:23.834 INFO   [FC9CEA\D38C0B] Auto-router pass #833 on board 'ec456513fe375f5be29f3daa0234d283' was completed in 0,14 seconds with the score of 977,37 (2 unrouted), using 19927,53 CPU seconds and 98019 MB memory.
2026-09-25 14:22:23.992 INFO   [FC9CEA\D38C0B] Auto-router pass #834 on board 'ec456513fe375f5be29f3daa0234d283' was completed in 0,15 seconds with the score of 977,37 (2 unrouted), using 19927,53 CPU seconds and 98019 MB memory.
2026-09-25 14:22:24.148 INFO   [FC9CEA\D38C0B] Auto-router pass #835 on board 'ec456513fe375f5be29f3daa0234d283' was completed in 0,14 seconds with the score of 977,37 (2 unrouted), using 19927,53 CPU seconds and 98019 MB memory.
2026-09-25 14:22:24.349 INFO   [FC9CEA\D38C0B] Restoring an earlier board that has the score of 977,29 (2 unrouted).
2026-09-25 14:22:24.350 INFO   [FC9CEA\D38C0B] Auto-router pass #836 on board 'ec456513fe375f5be29f3daa0234d283' was completed in 0,19 seconds with the score of 977,45 (2 unrouted), using 19927,53 CPU seconds and 98019 MB memory.
2026-09-25 14:22:24.523 INFO   [FC9CEA\D38C0B] Auto-router pass #837 on board 'c991e13126d4270ee7e3c8d64641e57f' was completed in 0,16 seconds with the score of 977,37 (2 unrouted), using 19927,53 CPU seconds and 98019 MB memory.
2026-09-25 14:22:24.704 INFO   [FC9CEA\D38C0B] Auto-router pass #838 on board 'a0e3a257d1a09c5ab3bbdbb2cce90a64' was completed in 0,15 seconds with the score of 977,37 (2 unrouted), using 20123,23 CPU seconds and 98691 MB memory.
2026-09-25 14:22:24.838 INFO   [FC9CEA\D38C0B] Auto-router pass #839 on board 'a0e3a257d1a09c5ab3bbdbb2cce90a64' was completed in 0,12 seconds with the score of 977,37 (2 unrouted), using 20123,23 CPU seconds and 98691 MB memory.
2026-09-25 14:22:25.033 INFO   [FC9CEA\D38C0B] Restoring an earlier board that has the score of 977,37 (2 unrouted).
2026-09-25 14:22:25.034 INFO   [FC9CEA\D38C0B] Auto-router pass #840 on board 'a0e3a257d1a09c5ab3bbdbb2cce90a64' was completed in 0,18 seconds with the score of 977,45 (2 unrouted), using 20123,23 CPU seconds and 98691 MB memory.
2026-09-25 14:22:25.178 INFO   [FC9CEA\D38C0B] Auto-router pass #841 on board 'a0e3a257d1a09c5ab3bbdbb2cce90a64' was completed in 0,13 seconds with the score of 977,37 (2 unrouted), using 20123,23 CPU seconds and 98691 MB memory.
2026-09-25 14:22:25.341 INFO   [FC9CEA\D38C0B] Auto-router pass #842 on board 'a0e3a257d1a09c5ab3bbdbb2cce90a64' was completed in 0,15 seconds with the score of 977,37 (2 unrouted), using 20123,23 CPU seconds and 98691 MB memory.
2026-09-25 14:22:25.621 INFO   [FC9CEA\D38C0B] Auto-router pass #843 on board 'a0e3a257d1a09c5ab3bbdbb2cce90a64' was completed in 0,26 seconds with the score of 977,37 (2 unrouted), using 20123,23 CPU seconds and 98691 MB memory.
2026-09-25 14:22:25.936 INFO   [FC9CEA\D38C0B] Restoring an earlier board that has the score of 977,37 (2 unrouted).
2026-09-25 14:22:25.937 INFO   [FC9CEA\D38C0B] Auto-router pass #844 on board 'a0e3a257d1a09c5ab3bbdbb2cce90a64' was completed in 0,29 seconds with the score of 977,45 (2 unrouted), using 20319,94 CPU seconds and 99317 MB memory.
2026-09-25 14:22:26.176 INFO   [FC9CEA\D38C0B] Auto-router pass #845 on board 'a0e3a257d1a09c5ab3bbdbb2cce90a64' was completed in 0,22 seconds with the score of 977,37 (2 unrouted), using 20319,94 CPU seconds and 99317 MB memory.
2026-09-25 14:22:26.483 INFO   [FC9CEA\D38C0B] Auto-router pass #846 on board 'a0e3a257d1a09c5ab3bbdbb2cce90a64' was completed in 0,28 seconds with the score of 977,37 (2 unrouted), using 20319,94 CPU seconds and 99317 MB memory.
2026-09-25 14:22:26.757 INFO   [FC9CEA\D38C0B] Auto-router pass #847 on board 'a0e3a257d1a09c5ab3bbdbb2cce90a64' was completed in 0,25 seconds with the score of 977,37 (2 unrouted), using 20517,66 CPU seconds and 99727 MB memory.
2026-09-25 14:22:26.980 INFO   [FC9CEA\D38C0B] Restoring an earlier board that has the score of 977,37 (2 unrouted).
2026-09-25 14:22:26.981 INFO   [FC9CEA\D38C0B] Auto-router pass #848 on board 'a0e3a257d1a09c5ab3bbdbb2cce90a64' was completed in 0,21 seconds with the score of 977,45 (2 unrouted), using 20517,66 CPU seconds and 99727 MB memory.
2026-09-25 14:22:27.189 INFO   [FC9CEA\D38C0B] Auto-router pass #849 on board 'a0e3a257d1a09c5ab3bbdbb2cce90a64' was completed in 0,19 seconds with the score of 977,37 (2 unrouted), using 20517,66 CPU seconds and 99727 MB memory.
2026-09-25 14:22:27.403 INFO   [FC9CEA\D38C0B] Auto-router pass #850 on board 'a0e3a257d1a09c5ab3bbdbb2cce90a64' was completed in 0,20 seconds with the score of 977,37 (2 unrouted), using 20517,66 CPU seconds and 99727 MB memory.
2026-09-25 14:22:27.597 INFO   [FC9CEA\D38C0B] Auto-router pass #851 on board 'a0e3a257d1a09c5ab3bbdbb2cce90a64' was completed in 0,18 seconds with the score of 977,37 (2 unrouted), using 20517,66 CPU seconds and 99727 MB memory.
2026-09-25 14:22:27.870 INFO   [FC9CEA\D38C0B] Restoring an earlier board that has the score of 977,37 (2 unrouted).
2026-09-25 14:22:27.870 INFO   [FC9CEA\D38C0B] Auto-router pass #852 on board 'a0e3a257d1a09c5ab3bbdbb2cce90a64' was completed in 0,26 seconds with the score of 977,45 (2 unrouted), using 20716,36 CPU seconds and 100260 MB memory.
2026-09-25 14:22:28.136 INFO   [FC9CEA\D38C0B] Auto-router pass #853 on board 'a0e3a257d1a09c5ab3bbdbb2cce90a64' was completed in 0,25 seconds with the score of 977,37 (2 unrouted), using 20716,36 CPU seconds and 100260 MB memory.
2026-09-25 14:22:28.372 INFO   [FC9CEA\D38C0B] Auto-router pass #854 on board 'a0e3a257d1a09c5ab3bbdbb2cce90a64' was completed in 0,22 seconds with the score of 977,37 (2 unrouted), using 20716,36 CPU seconds and 100260 MB memory.
2026-09-25 14:22:28.628 INFO   [FC9CEA\D38C0B] Auto-router pass #855 on board 'a0e3a257d1a09c5ab3bbdbb2cce90a64' was completed in 0,23 seconds with the score of 977,37 (2 unrouted), using 20716,36 CPU seconds and 100260 MB memory.
2026-09-25 14:22:28.867 INFO   [FC9CEA\D38C0B] Restoring an earlier board that has the score of 977,29 (2 unrouted).
2026-09-25 14:22:28.868 INFO   [FC9CEA\D38C0B] Auto-router pass #856 on board 'a0e3a257d1a09c5ab3bbdbb2cce90a64' was completed in 0,22 seconds with the score of 977,45 (2 unrouted), using 20916,05 CPU seconds and 100699 MB memory.
2026-09-25 14:22:29.090 INFO   [FC9CEA\D38C0B] Auto-router pass #857 on board 'c991e13126d4270ee7e3c8d64641e57f' was completed in 0,21 seconds with the score of 977,37 (2 unrouted), using 20916,05 CPU seconds and 100699 MB memory.
2026-09-25 14:22:29.327 INFO   [FC9CEA\D38C0B] Auto-router pass #858 on board 'ec456513fe375f5be29f3daa0234d283' was completed in 0,23 seconds with the score of 977,37 (2 unrouted), using 20916,05 CPU seconds and 100699 MB memory.
2026-09-25 14:22:29.506 INFO   [FC9CEA\D38C0B] Auto-router pass #859 on board 'ec456513fe375f5be29f3daa0234d283' was completed in 0,17 seconds with the score of 977,37 (2 unrouted), using 20916,05 CPU seconds and 100699 MB memory.
2026-09-25 14:22:29.831 INFO   [FC9CEA\D38C0B] Restoring an earlier board that has the score of 977,29 (2 unrouted).
2026-09-25 14:22:29.832 INFO   [FC9CEA\D38C0B] Auto-router pass #860 on board 'ec456513fe375f5be29f3daa0234d283' was completed in 0,30 seconds with the score of 977,45 (2 unrouted), using 21116,72 CPU seconds and 101222 MB memory.
2026-09-25 14:22:30.093 INFO   [FC9CEA\D38C0B] Auto-router pass #861 on board 'c991e13126d4270ee7e3c8d64641e57f' was completed in 0,23 seconds with the score of 977,37 (2 unrouted), using 21116,72 CPU seconds and 101222 MB memory.
2026-09-25 14:22:30.346 INFO   [FC9CEA\D38C0B] Auto-router pass #862 on board 'ec456513fe375f5be29f3daa0234d283' was completed in 0,24 seconds with the score of 977,37 (2 unrouted), using 21116,72 CPU seconds and 101222 MB memory.
2026-09-25 14:22:30.511 INFO   [FC9CEA\D38C0B] Auto-router pass #863 on board 'ec456513fe375f5be29f3daa0234d283' was completed in 0,15 seconds with the score of 977,37 (2 unrouted), using 21116,72 CPU seconds and 101222 MB memory.
2026-09-25 14:22:30.754 INFO   [FC9CEA\D38C0B] Restoring an earlier board that has the score of 977,29 (2 unrouted).
2026-09-25 14:22:30.754 INFO   [FC9CEA\D38C0B] Auto-router pass #864 on board 'ec456513fe375f5be29f3daa0234d283' was completed in 0,23 seconds with the score of 977,45 (2 unrouted), using 21318,39 CPU seconds and 101693 MB memory.
2026-09-25 14:22:30.996 INFO   [FC9CEA\D38C0B] Auto-router pass #865 on board 'c991e13126d4270ee7e3c8d64641e57f' was completed in 0,23 seconds with the score of 977,37 (2 unrouted), using 21318,39 CPU seconds and 101693 MB memory.
2026-09-25 14:22:31.201 INFO   [FC9CEA\D38C0B] Auto-router pass #866 on board 'ec456513fe375f5be29f3daa0234d283' was completed in 0,18 seconds with the score of 977,37 (2 unrouted), using 21318,39 CPU seconds and 101693 MB memory.
2026-09-25 14:22:31.517 INFO   [FC9CEA\D38C0B] Auto-router pass #867 on board 'ec456513fe375f5be29f3daa0234d283' was completed in 0,30 seconds with the score of 977,37 (2 unrouted), using 21318,39 CPU seconds and 101693 MB memory.
2026-09-25 14:22:31.815 INFO   [FC9CEA\D38C0B] Restoring an earlier board that has the score of 977,20 (2 unrouted).
2026-09-25 14:22:31.816 INFO   [FC9CEA\D38C0B] Auto-router pass #868 on board 'ec456513fe375f5be29f3daa0234d283' was completed in 0,29 seconds with the score of 977,45 (2 unrouted), using 21521,06 CPU seconds and 102148 MB memory.
2026-09-25 14:22:32.024 INFO   [FC9CEA\D38C0B] Auto-router pass #869 on board 'eb138156594d913d9d799f9ed6f562bd' was completed in 0,19 seconds with the score of 977,29 (2 unrouted), using 21521,06 CPU seconds and 102148 MB memory.
2026-09-25 14:22:32.227 INFO   [FC9CEA\D38C0B] Auto-router pass #870 on board 'ff060fead2a6d7ac8f78c678c5dcbbd5' was completed in 0,18 seconds with the score of 977,37 (2 unrouted), using 21521,06 CPU seconds and 102148 MB memory.
2026-09-25 14:22:32.415 INFO   [FC9CEA\D38C0B] Auto-router pass #871 on board '6d72ccd1f0cfc238870a30c52cd18d25' was completed in 0,18 seconds with the score of 977,37 (2 unrouted), using 21521,06 CPU seconds and 102148 MB memory.
2026-09-25 14:22:32.722 INFO   [FC9CEA\D38C0B] Restoring an earlier board that has the score of 977,12 (2 unrouted).
2026-09-25 14:22:32.723 INFO   [FC9CEA\D38C0B] Auto-router pass #872 on board '6d72ccd1f0cfc238870a30c52cd18d25' was completed in 0,29 seconds with the score of 977,45 (2 unrouted), using 21724,50 CPU seconds and 102635 MB memory.
2026-09-25 14:22:32.969 INFO   [FC9CEA\D38C0B] Auto-router pass #873 on board 'aec6ee7ab5768000d15d0e7a67da77ab' was completed in 0,23 seconds with the score of 977,20 (2 unrouted), using 21724,50 CPU seconds and 102635 MB memory.
2026-09-25 14:22:33.262 INFO   [FC9CEA\D38C0B] Auto-router pass #874 on board 'efed8bf521fa833809956c571f8289c8' was completed in 0,23 seconds with the score of 977,29 (2 unrouted), using 21724,50 CPU seconds and 102635 MB memory.
2026-09-25 14:22:33.473 INFO   [FC9CEA\D38C0B] Auto-router pass #875 on board 'b6e7549156a50c6934d002b39f957ec5' was completed in 0,17 seconds with the score of 977,37 (2 unrouted), using 21724,50 CPU seconds and 102635 MB memory.
2026-09-25 14:22:33.770 INFO   [FC9CEA\D38C0B] Restoring an earlier board that has the score of 977,37 (2 unrouted).
2026-09-25 14:22:33.771 INFO   [FC9CEA\D38C0B] Auto-router pass #876 on board '9c55b0273d4b04da5519136a5d833708' was completed in 0,24 seconds with the score of 977,45 (2 unrouted), using 21928,70 CPU seconds and 103108 MB memory.
2026-09-25 14:22:34.032 INFO   [FC9CEA\D38C0B] Auto-router pass #877 on board '9c55b0273d4b04da5519136a5d833708' was completed in 0,23 seconds with the score of 977,37 (2 unrouted), using 21928,70 CPU seconds and 103108 MB memory.
2026-09-25 14:22:34.291 INFO   [FC9CEA\D38C0B] Auto-router pass #878 on board '9c55b0273d4b04da5519136a5d833708' was completed in 0,24 seconds with the score of 977,37 (2 unrouted), using 21928,70 CPU seconds and 103108 MB memory.
2026-09-25 14:22:34.542 INFO   [FC9CEA\D38C0B] Auto-router pass #879 on board '9c55b0273d4b04da5519136a5d833708' was completed in 0,23 seconds with the score of 977,37 (2 unrouted), using 21928,70 CPU seconds and 103108 MB memory.
2026-09-25 14:22:34.881 INFO   [FC9CEA\D38C0B] Restoring an earlier board that has the score of 977,37 (2 unrouted).
2026-09-25 14:22:34.881 INFO   [FC9CEA\D38C0B] Auto-router pass #880 on board '9c55b0273d4b04da5519136a5d833708' was completed in 0,31 seconds with the score of 977,45 (2 unrouted), using 22133,86 CPU seconds and 103528 MB memory.
2026-09-25 14:22:35.209 INFO   [FC9CEA\D38C0B] Auto-router pass #881 on board '9c55b0273d4b04da5519136a5d833708' was completed in 0,30 seconds with the score of 977,37 (2 unrouted), using 22133,86 CPU seconds and 103528 MB memory.
2026-09-25 14:22:35.487 INFO   [FC9CEA\D38C0B] Auto-router pass #882 on board '9c55b0273d4b04da5519136a5d833708' was completed in 0,25 seconds with the score of 977,37 (2 unrouted), using 22133,86 CPU seconds and 103528 MB memory.
2026-09-25 14:22:35.703 INFO   [FC9CEA\D38C0B] Auto-router pass #883 on board '9c55b0273d4b04da5519136a5d833708' was completed in 0,20 seconds with the score of 977,37 (2 unrouted), using 22133,86 CPU seconds and 103528 MB memory.
2026-09-25 14:22:35.957 INFO   [FC9CEA\D38C0B] Restoring an earlier board that has the score of 977,37 (2 unrouted).
2026-09-25 14:22:35.958 INFO   [FC9CEA\D38C0B] Auto-router pass #884 on board '9c55b0273d4b04da5519136a5d833708' was completed in 0,24 seconds with the score of 977,45 (2 unrouted), using 22339,98 CPU seconds and 103926 MB memory.
2026-09-25 14:22:36.175 INFO   [FC9CEA\D38C0B] Auto-router pass #885 on board '9c55b0273d4b04da5519136a5d833708' was completed in 0,19 seconds with the score of 977,37 (2 unrouted), using 22339,98 CPU seconds and 103926 MB memory.
2026-09-25 14:22:36.427 INFO   [FC9CEA\D38C0B] Auto-router pass #886 on board '9c55b0273d4b04da5519136a5d833708' was completed in 0,22 seconds with the score of 977,37 (2 unrouted), using 22339,98 CPU seconds and 103926 MB memory.
2026-09-25 14:22:36.659 INFO   [FC9CEA\D38C0B] Auto-router pass #887 on board '9c55b0273d4b04da5519136a5d833708' was completed in 0,22 seconds with the score of 977,37 (2 unrouted), using 22339,98 CPU seconds and 103926 MB memory.
2026-09-25 14:22:36.965 INFO   [FC9CEA\D38C0B] Restoring an earlier board that has the score of 977,37 (2 unrouted).
2026-09-25 14:22:36.966 INFO   [FC9CEA\D38C0B] Auto-router pass #888 on board '9c55b0273d4b04da5519136a5d833708' was completed in 0,29 seconds with the score of 977,45 (2 unrouted), using 22547,09 CPU seconds and 104411 MB memory.
2026-09-25 14:22:37.236 INFO   [FC9CEA\D38C0B] Auto-router pass #889 on board '9c55b0273d4b04da5519136a5d833708' was completed in 0,25 seconds with the score of 977,37 (2 unrouted), using 22547,09 CPU seconds and 104411 MB memory.
2026-09-25 14:22:37.465 INFO   [FC9CEA\D38C0B] Auto-router pass #890 on board '9c55b0273d4b04da5519136a5d833708' was completed in 0,21 seconds with the score of 977,37 (2 unrouted), using 22547,09 CPU seconds and 104411 MB memory.
2026-09-25 14:22:37.699 INFO   [FC9CEA\D38C0B] Auto-router pass #891 on board '9c55b0273d4b04da5519136a5d833708' was completed in 0,21 seconds with the score of 977,37 (2 unrouted), using 22547,09 CPU seconds and 104411 MB memory.
2026-09-25 14:22:38.041 INFO   [FC9CEA\D38C0B] Restoring an earlier board that has the score of 977,29 (2 unrouted).
2026-09-25 14:22:38.041 INFO   [FC9CEA\D38C0B] Auto-router pass #892 on board '9c55b0273d4b04da5519136a5d833708' was completed in 0,32 seconds with the score of 977,45 (2 unrouted), using 22755,14 CPU seconds and 104848 MB memory.
2026-09-25 14:22:38.322 INFO   [FC9CEA\D38C0B] Auto-router pass #893 on board 'b6e7549156a50c6934d002b39f957ec5' was completed in 0,26 seconds with the score of 977,37 (2 unrouted), using 22755,14 CPU seconds and 104848 MB memory.
2026-09-25 14:22:38.563 INFO   [FC9CEA\D38C0B] Auto-router pass #894 on board '4aa31c75d326f8b84a7f069a70a076cd' was completed in 0,18 seconds with the score of 977,37 (2 unrouted), using 22755,14 CPU seconds and 104848 MB memory.
2026-09-25 14:22:38.738 INFO   [FC9CEA\D38C0B] Auto-router pass #895 on board '4aa31c75d326f8b84a7f069a70a076cd' was completed in 0,17 seconds with the score of 977,37 (2 unrouted), using 22755,14 CPU seconds and 104848 MB memory.
2026-09-25 14:22:38.981 INFO   [FC9CEA\D38C0B] Restoring an earlier board that has the score of 977,37 (2 unrouted).
2026-09-25 14:22:38.983 INFO   [FC9CEA\D38C0B] Auto-router pass #896 on board '4aa31c75d326f8b84a7f069a70a076cd' was completed in 0,23 seconds with the score of 977,45 (2 unrouted), using 22964,19 CPU seconds and 105309 MB memory.
2026-09-25 14:22:39.217 INFO   [FC9CEA\D38C0B] Auto-router pass #897 on board '4aa31c75d326f8b84a7f069a70a076cd' was completed in 0,22 seconds with the score of 977,37 (2 unrouted), using 22964,19 CPU seconds and 105309 MB memory.
2026-09-25 14:22:39.419 INFO   [FC9CEA\D38C0B] Auto-router pass #898 on board '4aa31c75d326f8b84a7f069a70a076cd' was completed in 0,18 seconds with the score of 977,37 (2 unrouted), using 22964,19 CPU seconds and 105309 MB memory.
2026-09-25 14:22:39.617 INFO   [FC9CEA\D38C0B] Auto-router pass #899 on board '4aa31c75d326f8b84a7f069a70a076cd' was completed in 0,18 seconds with the score of 977,37 (2 unrouted), using 22964,19 CPU seconds and 105309 MB memory.
2026-09-25 14:22:39.896 INFO   [FC9CEA\D38C0B] Restoring an earlier board that has the score of 977,37 (2 unrouted).
2026-09-25 14:22:39.897 INFO   [FC9CEA\D38C0B] Auto-router pass #900 on board '4aa31c75d326f8b84a7f069a70a076cd' was completed in 0,26 seconds with the score of 977,45 (2 unrouted), using 23174,23 CPU seconds and 105844 MB memory.
2026-09-25 14:22:40.070 INFO   [FC9CEA\D38C0B] Auto-router pass #901 on board '4aa31c75d326f8b84a7f069a70a076cd' was completed in 0,16 seconds with the score of 977,37 (2 unrouted), using 23174,23 CPU seconds and 105844 MB memory.
2026-09-25 14:22:40.258 INFO   [FC9CEA\D38C0B] Auto-router pass #902 on board '4aa31c75d326f8b84a7f069a70a076cd' was completed in 0,17 seconds with the score of 977,37 (2 unrouted), using 23174,23 CPU seconds and 105844 MB memory.
2026-09-25 14:22:40.453 INFO   [FC9CEA\D38C0B] Auto-router pass #903 on board '4aa31c75d326f8b84a7f069a70a076cd' was completed in 0,18 seconds with the score of 977,37 (2 unrouted), using 23174,23 CPU seconds and 105844 MB memory.
2026-09-25 14:22:40.705 INFO   [FC9CEA\D38C0B] Restoring an earlier board that has the score of 977,37 (2 unrouted).
2026-09-25 14:22:40.706 INFO   [FC9CEA\D38C0B] Auto-router pass #904 on board '4aa31c75d326f8b84a7f069a70a076cd' was completed in 0,24 seconds with the score of 977,45 (2 unrouted), using 23174,23 CPU seconds and 105844 MB memory.
2026-09-25 14:22:40.944 INFO   [FC9CEA\D38C0B] Auto-router pass #905 on board '4aa31c75d326f8b84a7f069a70a076cd' was completed in 0,21 seconds with the score of 977,37 (2 unrouted), using 23385,28 CPU seconds and 106382 MB memory.
2026-09-25 14:22:41.196 INFO   [FC9CEA\D38C0B] Auto-router pass #906 on board '4aa31c75d326f8b84a7f069a70a076cd' was completed in 0,23 seconds with the score of 977,37 (2 unrouted), using 23385,28 CPU seconds and 106382 MB memory.
2026-09-25 14:22:41.441 INFO   [FC9CEA\D38C0B] Auto-router pass #907 on board '4aa31c75d326f8b84a7f069a70a076cd' was completed in 0,23 seconds with the score of 977,37 (2 unrouted), using 23385,28 CPU seconds and 106382 MB memory.
2026-09-25 14:22:41.739 INFO   [FC9CEA\D38C0B] Restoring an earlier board that has the score of 977,37 (2 unrouted).
2026-09-25 14:22:41.740 INFO   [FC9CEA\D38C0B] Auto-router pass #908 on board '4aa31c75d326f8b84a7f069a70a076cd' was completed in 0,27 seconds with the score of 977,45 (2 unrouted), using 23385,28 CPU seconds and 106382 MB memory.
2026-09-25 14:22:41.943 INFO   [FC9CEA\D38C0B] Auto-router pass #909 on board '4aa31c75d326f8b84a7f069a70a076cd' was completed in 0,18 seconds with the score of 977,37 (2 unrouted), using 23597,33 CPU seconds and 106840 MB memory.
2026-09-25 14:22:42.204 INFO   [FC9CEA\D38C0B] Auto-router pass #910 on board '4aa31c75d326f8b84a7f069a70a076cd' was completed in 0,24 seconds with the score of 977,37 (2 unrouted), using 23597,33 CPU seconds and 106840 MB memory.
2026-09-25 14:22:42.453 INFO   [FC9CEA\D38C0B] Auto-router pass #911 on board '4aa31c75d326f8b84a7f069a70a076cd' was completed in 0,24 seconds with the score of 977,37 (2 unrouted), using 23597,33 CPU seconds and 106840 MB memory.
2026-09-25 14:22:42.703 INFO   [FC9CEA\D38C0B] Restoring an earlier board that has the score of 977,29 (2 unrouted).
2026-09-25 14:22:42.704 INFO   [FC9CEA\D38C0B] Auto-router pass #912 on board '4aa31c75d326f8b84a7f069a70a076cd' was completed in 0,23 seconds with the score of 977,45 (2 unrouted), using 23597,33 CPU seconds and 106840 MB memory.
2026-09-25 14:22:42.905 INFO   [FC9CEA\D38C0B] Auto-router pass #913 on board 'b6e7549156a50c6934d002b39f957ec5' was completed in 0,16 seconds with the score of 977,37 (2 unrouted), using 23810,33 CPU seconds and 107301 MB memory.
2026-09-25 14:22:43.073 INFO   [FC9CEA\D38C0B] Auto-router pass #914 on board '4aa31c75d326f8b84a7f069a70a076cd' was completed in 0,16 seconds with the score of 977,37 (2 unrouted), using 23810,33 CPU seconds and 107301 MB memory.
2026-09-25 14:22:43.289 INFO   [FC9CEA\D38C0B] Auto-router pass #915 on board '4aa31c75d326f8b84a7f069a70a076cd' was completed in 0,20 seconds with the score of 977,37 (2 unrouted), using 23810,33 CPU seconds and 107301 MB memory.
2026-09-25 14:22:43.595 INFO   [FC9CEA\D38C0B] Restoring an earlier board that has the score of 977,29 (2 unrouted).
2026-09-25 14:22:43.595 INFO   [FC9CEA\D38C0B] Auto-router pass #916 on board '4aa31c75d326f8b84a7f069a70a076cd' was completed in 0,30 seconds with the score of 977,45 (2 unrouted), using 23810,33 CPU seconds and 107301 MB memory.
2026-09-25 14:22:43.771 INFO   [FC9CEA\D38C0B] Auto-router pass #917 on board 'b6e7549156a50c6934d002b39f957ec5' was completed in 0,16 seconds with the score of 977,37 (2 unrouted), using 23810,33 CPU seconds and 107301 MB memory.
2026-09-25 14:22:44.006 INFO   [FC9CEA\D38C0B] Auto-router pass #918 on board '4aa31c75d326f8b84a7f069a70a076cd' was completed in 0,22 seconds with the score of 977,37 (2 unrouted), using 24024,33 CPU seconds and 107846 MB memory.
2026-09-25 14:22:44.236 INFO   [FC9CEA\D38C0B] Auto-router pass #919 on board '4aa31c75d326f8b84a7f069a70a076cd' was completed in 0,21 seconds with the score of 977,37 (2 unrouted), using 24024,33 CPU seconds and 107846 MB memory.
2026-09-25 14:22:44.469 INFO   [FC9CEA\D38C0B] Restoring an earlier board that has the score of 977,29 (2 unrouted).
2026-09-25 14:22:44.470 INFO   [FC9CEA\D38C0B] Auto-router pass #920 on board '4aa31c75d326f8b84a7f069a70a076cd' was completed in 0,22 seconds with the score of 977,45 (2 unrouted), using 24024,33 CPU seconds and 107846 MB memory.
2026-09-25 14:22:44.773 INFO   [FC9CEA\D38C0B] Auto-router pass #921 on board 'b6e7549156a50c6934d002b39f957ec5' was completed in 0,28 seconds with the score of 977,37 (2 unrouted), using 24024,33 CPU seconds and 107846 MB memory.
2026-09-25 14:22:45.012 INFO   [FC9CEA\D38C0B] Auto-router pass #922 on board '4aa31c75d326f8b84a7f069a70a076cd' was completed in 0,22 seconds with the score of 977,37 (2 unrouted), using 24239,33 CPU seconds and 108306 MB memory.
2026-09-25 14:22:45.266 INFO   [FC9CEA\D38C0B] Auto-router pass #923 on board '4aa31c75d326f8b84a7f069a70a076cd' was completed in 0,23 seconds with the score of 977,37 (2 unrouted), using 24239,33 CPU seconds and 108306 MB memory.
2026-09-25 14:22:45.563 INFO   [FC9CEA\D38C0B] Restoring an earlier board that has the score of 977,20 (2 unrouted).
2026-09-25 14:22:45.564 INFO   [FC9CEA\D38C0B] Auto-router pass #924 on board '4aa31c75d326f8b84a7f069a70a076cd' was completed in 0,26 seconds with the score of 977,45 (2 unrouted), using 24239,33 CPU seconds and 108306 MB memory.
2026-09-25 14:22:45.803 INFO   [FC9CEA\D38C0B] Auto-router pass #925 on board 'efed8bf521fa833809956c571f8289c8' was completed in 0,21 seconds with the score of 977,29 (2 unrouted), using 24239,33 CPU seconds and 108306 MB memory.
2026-09-25 14:22:46.002 INFO   [FC9CEA\D38C0B] Auto-router pass #926 on board 'b6e7549156a50c6934d002b39f957ec5' was completed in 0,17 seconds with the score of 977,37 (2 unrouted), using 24455,31 CPU seconds and 108755 MB memory.
2026-09-25 14:22:46.192 INFO   [FC9CEA\D38C0B] Auto-router pass #927 on board '4aa31c75d326f8b84a7f069a70a076cd' was completed in 0,17 seconds with the score of 977,37 (2 unrouted), using 24455,31 CPU seconds and 108755 MB memory.
2026-09-25 14:22:46.403 INFO   [FC9CEA\D38C0B] Restoring an earlier board that has the score of 977,20 (2 unrouted).
2026-09-25 14:22:46.404 INFO   [FC9CEA\D38C0B] Auto-router pass #928 on board '4aa31c75d326f8b84a7f069a70a076cd' was completed in 0,20 seconds with the score of 977,45 (2 unrouted), using 24455,31 CPU seconds and 108755 MB memory.
2026-09-25 14:22:46.643 INFO   [FC9CEA\D38C0B] Auto-router pass #929 on board 'efed8bf521fa833809956c571f8289c8' was completed in 0,22 seconds with the score of 977,29 (2 unrouted), using 24455,31 CPU seconds and 108755 MB memory.
2026-09-25 14:22:46.883 INFO   [FC9CEA\D38C0B] Auto-router pass #930 on board 'b6e7549156a50c6934d002b39f957ec5' was completed in 0,22 seconds with the score of 977,37 (2 unrouted), using 24672,25 CPU seconds and 109294 MB memory.
2026-09-25 14:22:47.194 INFO   [FC9CEA\D38C0B] Auto-router pass #931 on board '9c55b0273d4b04da5519136a5d833708' was completed in 0,29 seconds with the score of 977,37 (2 unrouted), using 24672,25 CPU seconds and 109294 MB memory.
2026-09-25 14:22:47.606 INFO   [FC9CEA\D38C0B] Restoring an earlier board that has the score of 977,20 (2 unrouted).
2026-09-25 14:22:47.607 INFO   [FC9CEA\D38C0B] Auto-router pass #932 on board '9c55b0273d4b04da5519136a5d833708' was completed in 0,40 seconds with the score of 977,45 (2 unrouted), using 24672,25 CPU seconds and 109294 MB memory.
2026-09-25 14:22:47.887 INFO   [FC9CEA\D38C0B] Auto-router pass #933 on board 'efed8bf521fa833809956c571f8289c8' was completed in 0,24 seconds with the score of 977,29 (2 unrouted), using 24890,17 CPU seconds and 109656 MB memory.
2026-09-25 14:22:48.181 INFO   [FC9CEA\D38C0B] Auto-router pass #934 on board 'e091149ec2e1b44c4bb973a7d5691407' was completed in 0,21 seconds with the score of 977,37 (2 unrouted), using 24890,17 CPU seconds and 109656 MB memory.
2026-09-25 14:22:48.450 INFO   [FC9CEA\D38C0B] Auto-router pass #935 on board 'e751eb8a598a719fe3f12f8e538d6cbf' was completed in 0,21 seconds with the score of 977,37 (2 unrouted), using 24890,17 CPU seconds and 109656 MB memory.
2026-09-25 14:22:48.759 INFO   [FC9CEA\D38C0B] Restoring an earlier board that has the score of 977,37 (2 unrouted).
2026-09-25 14:22:48.759 INFO   [FC9CEA\D38C0B] Auto-router pass #936 on board 'e751eb8a598a719fe3f12f8e538d6cbf' was completed in 0,30 seconds with the score of 977,45 (2 unrouted), using 24890,17 CPU seconds and 109656 MB memory.
2026-09-25 14:22:48.961 INFO   [FC9CEA\D38C0B] Auto-router pass #937 on board 'e751eb8a598a719fe3f12f8e538d6cbf' was completed in 0,19 seconds with the score of 977,37 (2 unrouted), using 25109,11 CPU seconds and 110092 MB memory.
2026-09-25 14:22:49.166 INFO   [FC9CEA\D38C0B] Auto-router pass #938 on board 'e751eb8a598a719fe3f12f8e538d6cbf' was completed in 0,19 seconds with the score of 977,37 (2 unrouted), using 25109,11 CPU seconds and 110092 MB memory.
2026-09-25 14:22:49.369 INFO   [FC9CEA\D38C0B] Auto-router pass #939 on board 'e751eb8a598a719fe3f12f8e538d6cbf' was completed in 0,18 seconds with the score of 977,37 (2 unrouted), using 25109,11 CPU seconds and 110092 MB memory.
2026-09-25 14:22:49.644 INFO   [FC9CEA\D38C0B] Restoring an earlier board that has the score of 977,37 (2 unrouted).
2026-09-25 14:22:49.644 INFO   [FC9CEA\D38C0B] Auto-router pass #940 on board 'e751eb8a598a719fe3f12f8e538d6cbf' was completed in 0,26 seconds with the score of 977,45 (2 unrouted), using 25109,11 CPU seconds and 110092 MB memory.
2026-09-25 14:22:49.834 INFO   [FC9CEA\D38C0B] Auto-router pass #941 on board 'e751eb8a598a719fe3f12f8e538d6cbf' was completed in 0,17 seconds with the score of 977,37 (2 unrouted), using 25109,11 CPU seconds and 110092 MB memory.
2026-09-25 14:22:50.028 INFO   [FC9CEA\D38C0B] Auto-router pass #942 on board 'e751eb8a598a719fe3f12f8e538d6cbf' was completed in 0,18 seconds with the score of 977,37 (2 unrouted), using 25329,03 CPU seconds and 110613 MB memory.
2026-09-25 14:22:50.237 INFO   [FC9CEA\D38C0B] Auto-router pass #943 on board 'e751eb8a598a719fe3f12f8e538d6cbf' was completed in 0,18 seconds with the score of 977,37 (2 unrouted), using 25329,03 CPU seconds and 110613 MB memory.
2026-09-25 14:22:50.509 INFO   [FC9CEA\D38C0B] Restoring an earlier board that has the score of 977,37 (2 unrouted).
2026-09-25 14:22:50.510 INFO   [FC9CEA\D38C0B] Auto-router pass #944 on board 'e751eb8a598a719fe3f12f8e538d6cbf' was completed in 0,26 seconds with the score of 977,45 (2 unrouted), using 25329,03 CPU seconds and 110613 MB memory.
2026-09-25 14:22:50.794 INFO   [FC9CEA\D38C0B] Auto-router pass #945 on board 'e751eb8a598a719fe3f12f8e538d6cbf' was completed in 0,27 seconds with the score of 977,37 (2 unrouted), using 25329,03 CPU seconds and 110613 MB memory.
2026-09-25 14:22:51.036 INFO   [FC9CEA\D38C0B] Auto-router pass #946 on board 'e751eb8a598a719fe3f12f8e538d6cbf' was completed in 0,22 seconds with the score of 977,37 (2 unrouted), using 25549,95 CPU seconds and 111103 MB memory.
2026-09-25 14:22:51.253 INFO   [FC9CEA\D38C0B] Auto-router pass #947 on board 'e751eb8a598a719fe3f12f8e538d6cbf' was completed in 0,19 seconds with the score of 977,37 (2 unrouted), using 25549,95 CPU seconds and 111103 MB memory.
2026-09-25 14:22:51.479 INFO   [FC9CEA\D38C0B] Restoring an earlier board that has the score of 977,37 (2 unrouted).
2026-09-25 14:22:51.480 INFO   [FC9CEA\D38C0B] Auto-router pass #948 on board 'e751eb8a598a719fe3f12f8e538d6cbf' was completed in 0,21 seconds with the score of 977,45 (2 unrouted), using 25549,95 CPU seconds and 111103 MB memory.
2026-09-25 14:22:51.677 INFO   [FC9CEA\D38C0B] Auto-router pass #949 on board 'e751eb8a598a719fe3f12f8e538d6cbf' was completed in 0,18 seconds with the score of 977,37 (2 unrouted), using 25549,95 CPU seconds and 111103 MB memory.
2026-09-25 14:22:51.852 INFO   [FC9CEA\D38C0B] Auto-router pass #950 on board 'e751eb8a598a719fe3f12f8e538d6cbf' was completed in 0,16 seconds with the score of 977,37 (2 unrouted), using 25549,95 CPU seconds and 111103 MB memory.
2026-09-25 14:22:52.045 INFO   [FC9CEA\D38C0B] Auto-router pass #951 on board 'e751eb8a598a719fe3f12f8e538d6cbf' was completed in 0,18 seconds with the score of 977,37 (2 unrouted), using 25771,88 CPU seconds and 111643 MB memory.
2026-09-25 14:22:52.271 INFO   [FC9CEA\D38C0B] Restoring an earlier board that has the score of 977,29 (2 unrouted).
2026-09-25 14:22:52.271 INFO   [FC9CEA\D38C0B] Auto-router pass #952 on board 'e751eb8a598a719fe3f12f8e538d6cbf' was completed in 0,21 seconds with the score of 977,45 (2 unrouted), using 25771,88 CPU seconds and 111643 MB memory.
2026-09-25 14:22:52.477 INFO   [FC9CEA\D38C0B] Auto-router pass #953 on board 'e091149ec2e1b44c4bb973a7d5691407' was completed in 0,19 seconds with the score of 977,37 (2 unrouted), using 25771,88 CPU seconds and 111643 MB memory.
2026-09-25 14:22:52.684 INFO   [FC9CEA\D38C0B] Auto-router pass #954 on board 'c48589c9349793404222f32818effa80' was completed in 0,16 seconds with the score of 977,37 (2 unrouted), using 25771,88 CPU seconds and 111643 MB memory.
2026-09-25 14:22:52.877 INFO   [FC9CEA\D38C0B] Auto-router pass #955 on board 'c48589c9349793404222f32818effa80' was completed in 0,17 seconds with the score of 977,37 (2 unrouted), using 25771,88 CPU seconds and 111643 MB memory.
2026-09-25 14:22:53.166 INFO   [FC9CEA\D38C0B] Restoring an earlier board that has the score of 977,37 (2 unrouted).
2026-09-25 14:22:53.167 INFO   [FC9CEA\D38C0B] Auto-router pass #956 on board 'c48589c9349793404222f32818effa80' was completed in 0,28 seconds with the score of 977,45 (2 unrouted), using 25994,78 CPU seconds and 112211 MB memory.
2026-09-25 14:22:53.438 INFO   [FC9CEA\D38C0B] Auto-router pass #957 on board 'c48589c9349793404222f32818effa80' was completed in 0,24 seconds with the score of 977,37 (2 unrouted), using 25994,78 CPU seconds and 112211 MB memory.
2026-09-25 14:22:53.659 INFO   [FC9CEA\D38C0B] Auto-router pass #958 on board 'c48589c9349793404222f32818effa80' was completed in 0,20 seconds with the score of 977,37 (2 unrouted), using 25994,78 CPU seconds and 112211 MB memory.
2026-09-25 14:22:53.852 INFO   [FC9CEA\D38C0B] Auto-router pass #959 on board 'c48589c9349793404222f32818effa80' was completed in 0,18 seconds with the score of 977,37 (2 unrouted), using 25994,78 CPU seconds and 112211 MB memory.
2026-09-25 14:22:54.093 INFO   [FC9CEA\D38C0B] Restoring an earlier board that has the score of 977,37 (2 unrouted).
2026-09-25 14:22:54.095 INFO   [FC9CEA\D38C0B] Auto-router pass #960 on board 'c48589c9349793404222f32818effa80' was completed in 0,22 seconds with the score of 977,45 (2 unrouted), using 26218,67 CPU seconds and 112695 MB memory.
2026-09-25 14:22:54.316 INFO   [FC9CEA\D38C0B] Auto-router pass #961 on board 'c48589c9349793404222f32818effa80' was completed in 0,20 seconds with the score of 977,37 (2 unrouted), using 26218,67 CPU seconds and 112695 MB memory.
2026-09-25 14:22:54.486 INFO   [FC9CEA\D38C0B] Auto-router pass #962 on board 'c48589c9349793404222f32818effa80' was completed in 0,16 seconds with the score of 977,37 (2 unrouted), using 26218,67 CPU seconds and 112695 MB memory.
2026-09-25 14:22:54.691 INFO   [FC9CEA\D38C0B] Auto-router pass #963 on board 'c48589c9349793404222f32818effa80' was completed in 0,19 seconds with the score of 977,37 (2 unrouted), using 26218,67 CPU seconds and 112695 MB memory.
2026-09-25 14:22:54.976 INFO   [FC9CEA\D38C0B] Restoring an earlier board that has the score of 977,37 (2 unrouted).
2026-09-25 14:22:54.977 INFO   [FC9CEA\D38C0B] Auto-router pass #964 on board 'c48589c9349793404222f32818effa80' was completed in 0,27 seconds with the score of 977,45 (2 unrouted), using 26443,53 CPU seconds and 113236 MB memory.
2026-09-25 14:22:55.166 INFO   [FC9CEA\D38C0B] Auto-router pass #965 on board 'c48589c9349793404222f32818effa80' was completed in 0,16 seconds with the score of 977,37 (2 unrouted), using 26443,53 CPU seconds and 113236 MB memory.
2026-09-25 14:22:55.353 INFO   [FC9CEA\D38C0B] Auto-router pass #966 on board 'c48589c9349793404222f32818effa80' was completed in 0,17 seconds with the score of 977,37 (2 unrouted), using 26443,53 CPU seconds and 113236 MB memory.
2026-09-25 14:22:55.534 INFO   [FC9CEA\D38C0B] Auto-router pass #967 on board 'c48589c9349793404222f32818effa80' was completed in 0,17 seconds with the score of 977,37 (2 unrouted), using 26443,53 CPU seconds and 113236 MB memory.
2026-09-25 14:22:55.810 INFO   [FC9CEA\D38C0B] Restoring an earlier board that has the score of 977,37 (2 unrouted).
2026-09-25 14:22:55.810 INFO   [FC9CEA\D38C0B] Auto-router pass #968 on board 'c48589c9349793404222f32818effa80' was completed in 0,26 seconds with the score of 977,45 (2 unrouted), using 26443,53 CPU seconds and 113236 MB memory.
2026-09-25 14:22:56.033 INFO   [FC9CEA\D38C0B] Auto-router pass #969 on board 'c48589c9349793404222f32818effa80' was completed in 0,21 seconds with the score of 977,37 (2 unrouted), using 26669,38 CPU seconds and 113765 MB memory.
2026-09-25 14:22:56.263 INFO   [FC9CEA\D38C0B] Auto-router pass #970 on board 'c48589c9349793404222f32818effa80' was completed in 0,21 seconds with the score of 977,37 (2 unrouted), using 26669,38 CPU seconds and 113765 MB memory.
2026-09-25 14:22:56.435 INFO   [FC9CEA\D38C0B] Auto-router pass #971 on board 'c48589c9349793404222f32818effa80' was completed in 0,15 seconds with the score of 977,37 (2 unrouted), using 26669,38 CPU seconds and 113765 MB memory.
2026-09-25 14:22:56.697 INFO   [FC9CEA\D38C0B] Restoring an earlier board that has the score of 977,29 (2 unrouted).
2026-09-25 14:22:56.697 INFO   [FC9CEA\D38C0B] Auto-router pass #972 on board 'c48589c9349793404222f32818effa80' was completed in 0,25 seconds with the score of 977,45 (2 unrouted), using 26669,38 CPU seconds and 113765 MB memory.
2026-09-25 14:22:56.995 INFO   [FC9CEA\D38C0B] Auto-router pass #973 on board 'e091149ec2e1b44c4bb973a7d5691407' was completed in 0,28 seconds with the score of 977,37 (2 unrouted), using 26896,22 CPU seconds and 114254 MB memory.
2026-09-25 14:22:57.237 INFO   [FC9CEA\D38C0B] Auto-router pass #974 on board 'c48589c9349793404222f32818effa80' was completed in 0,22 seconds with the score of 977,37 (2 unrouted), using 26896,22 CPU seconds and 114254 MB memory.
2026-09-25 14:22:57.408 INFO   [FC9CEA\D38C0B] Auto-router pass #975 on board 'c48589c9349793404222f32818effa80' was completed in 0,15 seconds with the score of 977,37 (2 unrouted), using 26896,22 CPU seconds and 114254 MB memory.
2026-09-25 14:22:57.623 INFO   [FC9CEA\D38C0B] Restoring an earlier board that has the score of 977,29 (2 unrouted).
2026-09-25 14:22:57.623 INFO   [FC9CEA\D38C0B] Auto-router pass #976 on board 'c48589c9349793404222f32818effa80' was completed in 0,20 seconds with the score of 977,45 (2 unrouted), using 26896,22 CPU seconds and 114254 MB memory.
2026-09-25 14:22:57.822 INFO   [FC9CEA\D38C0B] Auto-router pass #977 on board 'e091149ec2e1b44c4bb973a7d5691407' was completed in 0,19 seconds with the score of 977,37 (2 unrouted), using 26896,22 CPU seconds and 114254 MB memory.
2026-09-25 14:22:58.046 INFO   [FC9CEA\D38C0B] Auto-router pass #978 on board 'e751eb8a598a719fe3f12f8e538d6cbf' was completed in 0,20 seconds with the score of 977,37 (2 unrouted), using 27124,03 CPU seconds and 114801 MB memory.
2026-09-25 14:22:58.232 INFO   [FC9CEA\D38C0B] Auto-router pass #979 on board 'e751eb8a598a719fe3f12f8e538d6cbf' was completed in 0,17 seconds with the score of 977,37 (2 unrouted), using 27124,03 CPU seconds and 114801 MB memory.
2026-09-25 14:22:58.476 INFO   [FC9CEA\D38C0B] Restoring an earlier board that has the score of 977,29 (2 unrouted).
2026-09-25 14:22:58.476 INFO   [FC9CEA\D38C0B] Auto-router pass #980 on board 'e751eb8a598a719fe3f12f8e538d6cbf' was completed in 0,22 seconds with the score of 977,45 (2 unrouted), using 27124,03 CPU seconds and 114801 MB memory.
2026-09-25 14:22:58.673 INFO   [FC9CEA\D38C0B] Auto-router pass #981 on board 'e091149ec2e1b44c4bb973a7d5691407' was completed in 0,18 seconds with the score of 977,37 (2 unrouted), using 27124,03 CPU seconds and 114801 MB memory.
2026-09-25 14:22:58.915 INFO   [FC9CEA\D38C0B] Auto-router pass #982 on board 'c48589c9349793404222f32818effa80' was completed in 0,23 seconds with the score of 977,37 (2 unrouted), using 27124,03 CPU seconds and 114801 MB memory.
2026-09-25 14:22:59.186 INFO   [FC9CEA\D38C0B] Auto-router pass #983 on board 'c48589c9349793404222f32818effa80' was completed in 0,25 seconds with the score of 977,37 (2 unrouted), using 27352,84 CPU seconds and 115315 MB memory.
2026-09-25 14:22:59.433 INFO   [FC9CEA\D38C0B] Restoring an earlier board that has the score of 977,20 (2 unrouted).
2026-09-25 14:22:59.434 INFO   [FC9CEA\D38C0B] Auto-router pass #984 on board 'c48589c9349793404222f32818effa80' was completed in 0,23 seconds with the score of 977,45 (2 unrouted), using 27352,84 CPU seconds and 115315 MB memory.
2026-09-25 14:22:59.663 INFO   [FC9CEA\D38C0B] Auto-router pass #985 on board 'efed8bf521fa833809956c571f8289c8' was completed in 0,21 seconds with the score of 977,29 (2 unrouted), using 27352,84 CPU seconds and 115315 MB memory.
2026-09-25 14:22:59.877 INFO   [FC9CEA\D38C0B] Auto-router pass #986 on board 'e091149ec2e1b44c4bb973a7d5691407' was completed in 0,20 seconds with the score of 977,37 (2 unrouted), using 27352,84 CPU seconds and 115315 MB memory.
2026-09-25 14:23:00.063 INFO   [FC9CEA\D38C0B] Auto-router pass #987 on board 'c48589c9349793404222f32818effa80' was completed in 0,17 seconds with the score of 977,37 (2 unrouted), using 27582,62 CPU seconds and 115811 MB memory.
2026-09-25 14:23:00.317 INFO   [FC9CEA\D38C0B] Restoring an earlier board that has the score of 977,12 (2 unrouted).
2026-09-25 14:23:00.318 INFO   [FC9CEA\D38C0B] Auto-router pass #988 on board 'c48589c9349793404222f32818effa80' was completed in 0,24 seconds with the score of 977,45 (2 unrouted), using 27582,62 CPU seconds and 115811 MB memory.
2026-09-25 14:23:00.598 INFO   [FC9CEA\D38C0B] Auto-router pass #989 on board 'aec6ee7ab5768000d15d0e7a67da77ab' was completed in 0,27 seconds with the score of 977,20 (2 unrouted), using 27582,62 CPU seconds and 115811 MB memory.
2026-09-25 14:23:00.802 INFO   [FC9CEA\D38C0B] Auto-router pass #990 on board 'efed8bf521fa833809956c571f8289c8' was completed in 0,19 seconds with the score of 977,29 (2 unrouted), using 27582,62 CPU seconds and 115811 MB memory.
2026-09-25 14:23:00.966 INFO   [FC9CEA\D38C0B] Auto-router pass #991 on board 'e091149ec2e1b44c4bb973a7d5691407' was completed in 0,15 seconds with the score of 977,37 (2 unrouted), using 27582,62 CPU seconds and 115811 MB memory.
2026-09-25 14:23:01.221 INFO   [FC9CEA\D38C0B] Restoring an earlier board that has the score of 977,12 (2 unrouted).
2026-09-25 14:23:01.222 INFO   [FC9CEA\D38C0B] Auto-router pass #992 on board 'e751eb8a598a719fe3f12f8e538d6cbf' was completed in 0,25 seconds with the score of 977,45 (2 unrouted), using 27813,34 CPU seconds and 116331 MB memory.
2026-09-25 14:23:01.404 INFO   [FC9CEA\D38C0B] Auto-router pass #993 on board 'aec6ee7ab5768000d15d0e7a67da77ab' was completed in 0,16 seconds with the score of 977,20 (2 unrouted), using 27813,34 CPU seconds and 116331 MB memory.
2026-09-25 14:23:01.619 INFO   [FC9CEA\D38C0B] Auto-router pass #994 on board 'eb138156594d913d9d799f9ed6f562bd' was completed in 0,20 seconds with the score of 977,29 (2 unrouted), using 27813,34 CPU seconds and 116331 MB memory.
2026-09-25 14:23:01.860 INFO   [FC9CEA\D38C0B] Auto-router pass #995 on board 'c991e13126d4270ee7e3c8d64641e57f' was completed in 0,22 seconds with the score of 977,37 (2 unrouted), using 27813,34 CPU seconds and 116331 MB memory.
2026-09-25 14:23:02.134 INFO   [FC9CEA\D38C0B] Restoring an earlier board that has the score of 977,12 (2 unrouted).
2026-09-25 14:23:02.135 INFO   [FC9CEA\D38C0B] Auto-router pass #996 on board 'ec456513fe375f5be29f3daa0234d283' was completed in 0,26 seconds with the score of 977,45 (2 unrouted), using 28045,06 CPU seconds and 116844 MB memory.
2026-09-25 14:23:02.326 INFO   [FC9CEA\D38C0B] Auto-router pass #997 on board 'aec6ee7ab5768000d15d0e7a67da77ab' was completed in 0,18 seconds with the score of 977,20 (2 unrouted), using 28045,06 CPU seconds and 116844 MB memory.
2026-09-25 14:23:02.522 INFO   [FC9CEA\D38C0B] Auto-router pass #998 on board 'eb138156594d913d9d799f9ed6f562bd' was completed in 0,18 seconds with the score of 977,29 (2 unrouted), using 28045,06 CPU seconds and 116844 MB memory.
2026-09-25 14:23:02.718 INFO   [FC9CEA\D38C0B] Auto-router pass #999 on board 'c991e13126d4270ee7e3c8d64641e57f' was completed in 0,18 seconds with the score of 977,37 (2 unrouted), using 28045,06 CPU seconds and 116844 MB memory.
{
  "host": "KiCad's Pcbnew,10.0.6",
  "unit": "mm",
  "board": {
    "bounding_box": {
      "x": 1601.0,
      "y": 1.0,
      "width": -1.0,
      "height": -1201.0
    },
    "size": {
      "x": 0.0,
      "y": 0.0,
      "width": 1602.0,
      "height": 1202.0
    }
  },
  "layers": {
    "total_count": 2,
    "signal_count": 2
  },
  "items": {
    "total_count": 3365,
    "trace_count": 182,
    "via_count": 1,
    "conduction_area_count": 0,
    "drill_item_count": 204,
    "pin_count": 0,
    "component_count": 2947,
    "other_count": 31
  },
  "components": {
    "total_count": 76
  },
  "pads": {
    "total_count": 204
  },
  "nets": {
    "total_count": 47,
    "class_count": 2
  },
  "connections": {
    "maximum_count": 276,
    "incomplete_count": 2
  },
  "traces": {
    "total_count": 182,
    "total_segment_count": 263,
    "total_length": 16124.753,
    "total_weighted_length": 4.5730664E7,
    "average_length": 88.59755,
    "total_vertical_length": 7008.903,
    "total_horizontal_length": 8795.984,
    "total_angled_length": 2591.8352
  },
  "bends": {
    "total_count": 81,
    "90_degree_count": 0,
    "45_degree_count": 81,
    "other_angle_count": 0
  },
  "vias": {
    "total_count": 1,
    "through_hole_count": 1,
    "blind_count": 0,
    "buried_count": 0
  },
  "clearance_violations": {
    "total_count": 0
  }
}
